family	protein_a	protein_b	before	after	source_family	cell	search_support	graph_support	shortest_path_edges	direct_weight	direct_row	path
APP	B0V0E5	F1LRS5	FP	TN	Family0093283	p0_c0_r0	both_directions	direct_edge	1	1.1678259571196277	18214667	tr|B0V0E5|B0V0E5_DANRE,tr|F1LRS5|F1LRS5_RAT
APP	B0V0E5	F1LRS5	FP	TN	Family0093283	p0_c0_r1	both_directions	direct_edge	1	1.1678259571196277	18214667	tr|B0V0E5|B0V0E5_DANRE,tr|F1LRS5|F1LRS5_RAT
APP	B0V0E5	F1MIL3	FP	TN	Family0093283	p0_c0_r0	both_directions	direct_edge	1	1.1766155237918687	18214668	tr|B0V0E5|B0V0E5_DANRE,tr|F1MIL3|F1MIL3_BOVIN
APP	B0V0E5	F1MIL3	FP	TN	Family0093283	p0_c0_r1	both_directions	direct_edge	1	1.1766155237918687	18214668	tr|B0V0E5|B0V0E5_DANRE,tr|F1MIL3|F1MIL3_BOVIN
APP	B0V0E5	F1P0A7	FP	TN	Family0093283	p0_c0_r0	both_directions	direct_edge	1	2.3896297724072944	18214669	tr|B0V0E5|B0V0E5_DANRE,tr|F1P0A7|F1P0A7_CHICK
APP	B0V0E5	F1P0A7	FP	TN	Family0093283	p0_c0_r1	both_directions	direct_edge	1	2.3896297724072944	18214669	tr|B0V0E5|B0V0E5_DANRE,tr|F1P0A7|F1P0A7_CHICK
APP	B0V0E5	F6TDQ9	FP	TN	Family0093283	p0_c0_r0	both_directions	direct_edge	1	0.9809954005540485	18214671	tr|B0V0E5|B0V0E5_DANRE,tr|F6TDQ9|F6TDQ9_MONDO
APP	B0V0E5	F6TDQ9	FP	TN	Family0093283	p0_c0_r1	both_directions	direct_edge	1	0.9809954005540485	18214671	tr|B0V0E5|B0V0E5_DANRE,tr|F6TDQ9|F6TDQ9_MONDO
APP	B0V0E5	F6YNC0	FP	TN	Family0093283	p0_c0_r0	no_direct_hit	indirect_path	2			tr|B0V0E5|B0V0E5_DANRE,sp|Q06335|APLP2_MOUSE,tr|F6YNC0|F6YNC0_XENTR
APP	B0V0E5	F6YNC0	FP	TN	Family0093283	p0_c0_r1	no_direct_hit	indirect_path	2			tr|B0V0E5|B0V0E5_DANRE,sp|Q06335|APLP2_MOUSE,tr|F6YNC0|F6YNC0_XENTR
APP	B0V0E5	F7DF67	FP	TN	Family0093283	p0_c0_r0	both_directions	direct_edge	1	2.334452132354679	18214672	tr|B0V0E5|B0V0E5_DANRE,tr|F7DF67|F7DF67_XENTR
APP	B0V0E5	F7DF67	FP	TN	Family0093283	p0_c0_r1	both_directions	direct_edge	1	2.334452132354679	18214672	tr|B0V0E5|B0V0E5_DANRE,tr|F7DF67|F7DF67_XENTR
APP	B0V0E5	G3R2X8	FP	TN	Family0093283	p0_c0_r0	both_directions	direct_edge	1	2.347956514266833	18214674	tr|B0V0E5|B0V0E5_DANRE,tr|G3R2X8|G3R2X8_GORGO
APP	B0V0E5	G3R2X8	FP	TN	Family0093283	p0_c0_r1	both_directions	direct_edge	1	2.347956514266833	18214674	tr|B0V0E5|B0V0E5_DANRE,tr|G3R2X8|G3R2X8_GORGO
APP	B0V0E5	H2LQ91	FP	TN	Family0093283	p0_c0_r0	both_directions	direct_edge	1	1.6407187665949252	18214675	tr|B0V0E5|B0V0E5_DANRE,tr|H2LQ91|H2LQ91_ORYLA
APP	B0V0E5	H2LQ91	FP	TN	Family0093283	p0_c0_r1	both_directions	direct_edge	1	1.6407187665949252	18214675	tr|B0V0E5|B0V0E5_DANRE,tr|H2LQ91|H2LQ91_ORYLA
APP	B0V0E5	H2Q546	FP	TN	Family0093283	p0_c0_r0	both_directions	direct_edge	1	2.347934949868122	18214677	tr|B0V0E5|B0V0E5_DANRE,tr|H2Q546|H2Q546_PANTR
APP	B0V0E5	H2Q546	FP	TN	Family0093283	p0_c0_r1	both_directions	direct_edge	1	2.347934949868122	18214677	tr|B0V0E5|B0V0E5_DANRE,tr|H2Q546|H2Q546_PANTR
APP	B0V0E5	P15943	FP	TN	Family0093283	p0_c0_r0	both_directions	direct_edge	1	2.385325989328905	1846233	tr|B0V0E5|B0V0E5_DANRE,sp|P15943|APLP2_RAT
APP	B0V0E5	P15943	FP	TN	Family0093283	p0_c0_r1	both_directions	direct_edge	1	2.385325989328905	1846233	tr|B0V0E5|B0V0E5_DANRE,sp|P15943|APLP2_RAT
APP	B0V0E5	P51693	FP	TN	Family0093283	p0_c0_r0	both_directions	direct_edge	1	1.2022717408858554	2861232	tr|B0V0E5|B0V0E5_DANRE,sp|P51693|APLP1_HUMAN
APP	B0V0E5	P51693	FP	TN	Family0093283	p0_c0_r1	both_directions	direct_edge	1	1.2022717408858554	2861232	tr|B0V0E5|B0V0E5_DANRE,sp|P51693|APLP1_HUMAN
APP	B0V0E5	Q03157	FP	TN	Family0093283	p0_c0_r0	both_directions	direct_edge	1	1.1852269915224647	3517839	tr|B0V0E5|B0V0E5_DANRE,sp|Q03157|APLP1_MOUSE
APP	B0V0E5	Q03157	FP	TN	Family0093283	p0_c0_r1	both_directions	direct_edge	1	1.1852269915224647	3517839	tr|B0V0E5|B0V0E5_DANRE,sp|Q03157|APLP1_MOUSE
APP	B0V0E5	Q06335	FP	TN	Family0093283	p0_c0_r0	both_directions	direct_edge	1	1.9322929947466059	3585599	tr|B0V0E5|B0V0E5_DANRE,sp|Q06335|APLP2_MOUSE
APP	B0V0E5	Q06335	FP	TN	Family0093283	p0_c0_r1	both_directions	direct_edge	1	1.9322929947466059	3585599	tr|B0V0E5|B0V0E5_DANRE,sp|Q06335|APLP2_MOUSE
APP	B0V0E5	Q06481	FP	TN	Family0093283	p0_c0_r0	both_directions	direct_edge	1	2.3659924169353546	3587772	tr|B0V0E5|B0V0E5_DANRE,sp|Q06481|APLP2_HUMAN
APP	B0V0E5	Q06481	FP	TN	Family0093283	p0_c0_r1	both_directions	direct_edge	1	2.3659924169353546	3587772	tr|B0V0E5|B0V0E5_DANRE,sp|Q06481|APLP2_HUMAN
APP	E1C440	F1LRS5	FP	TN	Family0093283	p0_c0_r0	both_directions	direct_edge	1	1.1418421904593639	20806474	tr|E1C440|E1C440_CHICK,tr|F1LRS5|F1LRS5_RAT
APP	E1C440	F1LRS5	FP	TN	Family0093283	p0_c0_r1	both_directions	direct_edge	1	1.1418421904593639	20806474	tr|E1C440|E1C440_CHICK,tr|F1LRS5|F1LRS5_RAT
APP	E1C440	F1MIL3	FP	TN	Family0093283	p0_c0_r0	both_directions	direct_edge	1	1.137731045037425	20806475	tr|E1C440|E1C440_CHICK,tr|F1MIL3|F1MIL3_BOVIN
APP	E1C440	F1MIL3	FP	TN	Family0093283	p0_c0_r1	both_directions	direct_edge	1	1.137731045037425	20806475	tr|E1C440|E1C440_CHICK,tr|F1MIL3|F1MIL3_BOVIN
APP	E1C440	F6TDQ9	FP	TN	Family0093283	p0_c0_r0	both_directions	direct_edge	1	0.9946203366728548	20806478	tr|E1C440|E1C440_CHICK,tr|F6TDQ9|F6TDQ9_MONDO
APP	E1C440	F6TDQ9	FP	TN	Family0093283	p0_c0_r1	both_directions	direct_edge	1	0.9946203366728548	20806478	tr|E1C440|E1C440_CHICK,tr|F6TDQ9|F6TDQ9_MONDO
APP	E1C440	F6YNC0	FP	TN	Family0093283	p0_c0_r0	no_direct_hit	indirect_path	2			tr|E1C440|E1C440_CHICK,sp|Q06335|APLP2_MOUSE,tr|F6YNC0|F6YNC0_XENTR
APP	E1C440	F6YNC0	FP	TN	Family0093283	p0_c0_r1	no_direct_hit	indirect_path	2			tr|E1C440|E1C440_CHICK,sp|Q06335|APLP2_MOUSE,tr|F6YNC0|F6YNC0_XENTR
APP	E1C440	F7DF67	FP	TN	Family0093283	p0_c0_r0	both_directions	direct_edge	1	2.4923826631961834	20806480	tr|E1C440|E1C440_CHICK,tr|F7DF67|F7DF67_XENTR
APP	E1C440	F7DF67	FP	TN	Family0093283	p0_c0_r1	both_directions	direct_edge	1	2.4923826631961834	20806480	tr|E1C440|E1C440_CHICK,tr|F7DF67|F7DF67_XENTR
APP	E1C440	G3R2X8	FP	TN	Family0093283	p0_c0_r0	both_directions	direct_edge	1	2.4533642141216854	20806482	tr|E1C440|E1C440_CHICK,tr|G3R2X8|G3R2X8_GORGO
APP	E1C440	G3R2X8	FP	TN	Family0093283	p0_c0_r1	both_directions	direct_edge	1	2.4533642141216854	20806482	tr|E1C440|E1C440_CHICK,tr|G3R2X8|G3R2X8_GORGO
APP	E1C440	H2LQ91	FP	TN	Family0093283	p0_c0_r0	both_directions	direct_edge	1	1.7424900899210145	20806483	tr|E1C440|E1C440_CHICK,tr|H2LQ91|H2LQ91_ORYLA
APP	E1C440	H2LQ91	FP	TN	Family0093283	p0_c0_r1	both_directions	direct_edge	1	1.7424900899210145	20806483	tr|E1C440|E1C440_CHICK,tr|H2LQ91|H2LQ91_ORYLA
APP	E1C440	H2Q546	FP	TN	Family0093283	p0_c0_r0	both_directions	direct_edge	1	2.439206787355953	20806485	tr|E1C440|E1C440_CHICK,tr|H2Q546|H2Q546_PANTR
APP	E1C440	H2Q546	FP	TN	Family0093283	p0_c0_r1	both_directions	direct_edge	1	2.439206787355953	20806485	tr|E1C440|E1C440_CHICK,tr|H2Q546|H2Q546_PANTR
APP	E1C440	P15943	FP	TN	Family0093283	p0_c0_r0	both_directions	direct_edge	1	2.500106609390639	1846238	tr|E1C440|E1C440_CHICK,sp|P15943|APLP2_RAT
APP	E1C440	P15943	FP	TN	Family0093283	p0_c0_r1	both_directions	direct_edge	1	2.500106609390639	1846238	tr|E1C440|E1C440_CHICK,sp|P15943|APLP2_RAT
APP	E1C440	P51693	FP	TN	Family0093283	p0_c0_r0	both_directions	direct_edge	1	1.1979779132398345	2861233	tr|E1C440|E1C440_CHICK,sp|P51693|APLP1_HUMAN
APP	E1C440	P51693	FP	TN	Family0093283	p0_c0_r1	both_directions	direct_edge	1	1.1979779132398345	2861233	tr|E1C440|E1C440_CHICK,sp|P51693|APLP1_HUMAN
APP	E1C440	Q03157	FP	TN	Family0093283	p0_c0_r0	both_directions	direct_edge	1	1.1909389288310068	3517840	tr|E1C440|E1C440_CHICK,sp|Q03157|APLP1_MOUSE
APP	E1C440	Q03157	FP	TN	Family0093283	p0_c0_r1	both_directions	direct_edge	1	1.1909389288310068	3517840	tr|E1C440|E1C440_CHICK,sp|Q03157|APLP1_MOUSE
APP	E1C440	Q06335	FP	TN	Family0093283	p0_c0_r0	both_directions	direct_edge	1	2.059923142837113	3585602	tr|E1C440|E1C440_CHICK,sp|Q06335|APLP2_MOUSE
APP	E1C440	Q06335	FP	TN	Family0093283	p0_c0_r1	both_directions	direct_edge	1	2.059923142837113	3585602	tr|E1C440|E1C440_CHICK,sp|Q06335|APLP2_MOUSE
APP	E1C440	Q06481	FP	TN	Family0093283	p0_c0_r0	both_directions	direct_edge	1	2.4677129172726087	3587777	tr|E1C440|E1C440_CHICK,sp|Q06481|APLP2_HUMAN
APP	E1C440	Q06481	FP	TN	Family0093283	p0_c0_r1	both_directions	direct_edge	1	2.4677129172726087	3587777	tr|E1C440|E1C440_CHICK,sp|Q06481|APLP2_HUMAN
APP	F1LRS5	F1P0A7	FP	TN	Family0093283	p0_c0_r0	both_directions	direct_edge	1	1.2888120905526492	21300635	tr|F1LRS5|F1LRS5_RAT,tr|F1P0A7|F1P0A7_CHICK
APP	F1LRS5	F1P0A7	FP	TN	Family0093283	p0_c0_r1	both_directions	direct_edge	1	1.2888120905526492	21300635	tr|F1LRS5|F1LRS5_RAT,tr|F1P0A7|F1P0A7_CHICK
APP	F1LRS5	F1P603	FP	TN	Family0093283	p0_c0_r0	both_directions	direct_edge	1	1.0407036277492838	21300636	tr|F1LRS5|F1LRS5_RAT,tr|F1P603|F1P603_CANLF
APP	F1LRS5	F1P603	FP	TN	Family0093283	p0_c0_r1	both_directions	direct_edge	1	1.0407036277492838	21300636	tr|F1LRS5|F1LRS5_RAT,tr|F1P603|F1P603_CANLF
APP	F1LRS5	F7DF67	FP	TN	Family0093283	p0_c0_r0	both_directions	direct_edge	1	1.2358957449175363	21300638	tr|F1LRS5|F1LRS5_RAT,tr|F7DF67|F7DF67_XENTR
APP	F1LRS5	F7DF67	FP	TN	Family0093283	p0_c0_r1	both_directions	direct_edge	1	1.2358957449175363	21300638	tr|F1LRS5|F1LRS5_RAT,tr|F7DF67|F7DF67_XENTR
APP	F1LRS5	G3R2X8	FP	TN	Family0093283	p0_c0_r0	both_directions	direct_edge	1	1.244142265335118	21300639	tr|F1LRS5|F1LRS5_RAT,tr|G3R2X8|G3R2X8_GORGO
APP	F1LRS5	G3R2X8	FP	TN	Family0093283	p0_c0_r1	both_directions	direct_edge	1	1.244142265335118	21300639	tr|F1LRS5|F1LRS5_RAT,tr|G3R2X8|G3R2X8_GORGO
APP	F1LRS5	H2LYH0	FP	TN	Family0093283	p0_c0_r0	both_directions	direct_edge	1	1.2101032122686535	21300641	tr|F1LRS5|F1LRS5_RAT,tr|H2LYH0|H2LYH0_ORYLA
APP	F1LRS5	H2LYH0	FP	TN	Family0093283	p0_c0_r1	both_directions	direct_edge	1	1.2101032122686535	21300641	tr|F1LRS5|F1LRS5_RAT,tr|H2LYH0|H2LYH0_ORYLA
APP	F1LRS5	H2Q546	FP	TN	Family0093283	p0_c0_r0	both_directions	direct_edge	1	1.2576414305031942	21300642	tr|F1LRS5|F1LRS5_RAT,tr|H2Q546|H2Q546_PANTR
APP	F1LRS5	H2Q546	FP	TN	Family0093283	p0_c0_r1	both_directions	direct_edge	1	1.2576414305031942	21300642	tr|F1LRS5|F1LRS5_RAT,tr|H2Q546|H2Q546_PANTR
APP	F1LRS5	P05067	FP	TN	Family0093283	p0_c0_r0	both_directions	direct_edge	1	1.0578110846437925	1354326	tr|F1LRS5|F1LRS5_RAT,sp|P05067|A4_HUMAN
APP	F1LRS5	P05067	FP	TN	Family0093283	p0_c0_r1	both_directions	direct_edge	1	1.0578110846437925	1354326	tr|F1LRS5|F1LRS5_RAT,sp|P05067|A4_HUMAN
APP	F1LRS5	P12023	FP	TN	Family0093283	p0_c0_r0	both_directions	direct_edge	1	1.0578110846437925	1745153	tr|F1LRS5|F1LRS5_RAT,sp|P12023|A4_MOUSE
APP	F1LRS5	P12023	FP	TN	Family0093283	p0_c0_r1	both_directions	direct_edge	1	1.0578110846437925	1745153	tr|F1LRS5|F1LRS5_RAT,sp|P12023|A4_MOUSE
APP	F1LRS5	Q06335	FP	TN	Family0093283	p0_c0_r0	both_directions	direct_edge	1	1.5844898875276896	3585605	tr|F1LRS5|F1LRS5_RAT,sp|Q06335|APLP2_MOUSE
APP	F1LRS5	Q06335	FP	TN	Family0093283	p0_c0_r1	both_directions	direct_edge	1	1.5844898875276896	3585605	tr|F1LRS5|F1LRS5_RAT,sp|Q06335|APLP2_MOUSE
APP	F1LRS5	Q06481	FP	TN	Family0093283	p0_c0_r0	both_directions	direct_edge	1	1.2502634798827537	3587779	tr|F1LRS5|F1LRS5_RAT,sp|Q06481|APLP2_HUMAN
APP	F1LRS5	Q06481	FP	TN	Family0093283	p0_c0_r1	both_directions	direct_edge	1	1.2502634798827537	3587779	tr|F1LRS5|F1LRS5_RAT,sp|Q06481|APLP2_HUMAN
APP	F1LRS5	Q5IS80	FP	TN	Family0093283	p0_c0_r0	both_directions	direct_edge	1	1.0578110846437925	5011975	tr|F1LRS5|F1LRS5_RAT,sp|Q5IS80|A4_PANTR
APP	F1LRS5	Q5IS80	FP	TN	Family0093283	p0_c0_r1	both_directions	direct_edge	1	1.0578110846437925	5011975	tr|F1LRS5|F1LRS5_RAT,sp|Q5IS80|A4_PANTR
APP	F1MIL3	F1P0A7	FP	TN	Family0093283	p0_c0_r0	both_directions	direct_edge	1	1.3102476059328998	21390726	tr|F1MIL3|F1MIL3_BOVIN,tr|F1P0A7|F1P0A7_CHICK
APP	F1MIL3	F1P0A7	FP	TN	Family0093283	p0_c0_r1	both_directions	direct_edge	1	1.3102476059328998	21390726	tr|F1MIL3|F1MIL3_BOVIN,tr|F1P0A7|F1P0A7_CHICK
APP	F1MIL3	F1P603	FP	TN	Family0093283	p0_c0_r0	both_directions	direct_edge	1	1.0496475228955051	21390727	tr|F1MIL3|F1MIL3_BOVIN,tr|F1P603|F1P603_CANLF
APP	F1MIL3	F1P603	FP	TN	Family0093283	p0_c0_r1	both_directions	direct_edge	1	1.0496475228955051	21390727	tr|F1MIL3|F1MIL3_BOVIN,tr|F1P603|F1P603_CANLF
APP	F1MIL3	F7DF67	FP	TN	Family0093283	p0_c0_r0	both_directions	direct_edge	1	1.2330047567595577	21390729	tr|F1MIL3|F1MIL3_BOVIN,tr|F7DF67|F7DF67_XENTR
APP	F1MIL3	F7DF67	FP	TN	Family0093283	p0_c0_r1	both_directions	direct_edge	1	1.2330047567595577	21390729	tr|F1MIL3|F1MIL3_BOVIN,tr|F7DF67|F7DF67_XENTR
APP	F1MIL3	G3R2X8	FP	TN	Family0093283	p0_c0_r0	both_directions	direct_edge	1	1.238381856190188	21390730	tr|F1MIL3|F1MIL3_BOVIN,tr|G3R2X8|G3R2X8_GORGO
APP	F1MIL3	G3R2X8	FP	TN	Family0093283	p0_c0_r1	both_directions	direct_edge	1	1.238381856190188	21390730	tr|F1MIL3|F1MIL3_BOVIN,tr|G3R2X8|G3R2X8_GORGO
APP	F1MIL3	H2LYH0	FP	TN	Family0093283	p0_c0_r0	both_directions	direct_edge	1	1.2406868401840794	21390732	tr|F1MIL3|F1MIL3_BOVIN,tr|H2LYH0|H2LYH0_ORYLA
APP	F1MIL3	H2LYH0	FP	TN	Family0093283	p0_c0_r1	both_directions	direct_edge	1	1.2406868401840794	21390732	tr|F1MIL3|F1MIL3_BOVIN,tr|H2LYH0|H2LYH0_ORYLA
APP	F1MIL3	H2Q546	FP	TN	Family0093283	p0_c0_r0	both_directions	direct_edge	1	1.2661449532835432	21390733	tr|F1MIL3|F1MIL3_BOVIN,tr|H2Q546|H2Q546_PANTR
APP	F1MIL3	H2Q546	FP	TN	Family0093283	p0_c0_r1	both_directions	direct_edge	1	1.2661449532835432	21390733	tr|F1MIL3|F1MIL3_BOVIN,tr|H2Q546|H2Q546_PANTR
APP	F1MIL3	P05067	FP	TN	Family0093283	p0_c0_r0	both_directions	direct_edge	1	1.0425360898135572	1354327	tr|F1MIL3|F1MIL3_BOVIN,sp|P05067|A4_HUMAN
APP	F1MIL3	P05067	FP	TN	Family0093283	p0_c0_r1	both_directions	direct_edge	1	1.0425360898135572	1354327	tr|F1MIL3|F1MIL3_BOVIN,sp|P05067|A4_HUMAN
APP	F1MIL3	P08592	FP	TN	Family0093283	p0_c0_r0	both_directions	direct_edge	1	1.046802949662726	1466548	tr|F1MIL3|F1MIL3_BOVIN,sp|P08592|A4_RAT
APP	F1MIL3	P08592	FP	TN	Family0093283	p0_c0_r1	both_directions	direct_edge	1	1.046802949662726	1466548	tr|F1MIL3|F1MIL3_BOVIN,sp|P08592|A4_RAT
APP	F1MIL3	P12023	FP	TN	Family0093283	p0_c0_r0	both_directions	direct_edge	1	1.0496475228955051	1745155	tr|F1MIL3|F1MIL3_BOVIN,sp|P12023|A4_MOUSE
APP	F1MIL3	P12023	FP	TN	Family0093283	p0_c0_r1	both_directions	direct_edge	1	1.0496475228955051	1745155	tr|F1MIL3|F1MIL3_BOVIN,sp|P12023|A4_MOUSE
APP	F1MIL3	P15943	FP	TN	Family0093283	p0_c0_r0	both_directions	direct_edge	1	1.2885151187658814	1846241	tr|F1MIL3|F1MIL3_BOVIN,sp|P15943|APLP2_RAT
APP	F1MIL3	P15943	FP	TN	Family0093283	p0_c0_r1	both_directions	direct_edge	1	1.2885151187658814	1846241	tr|F1MIL3|F1MIL3_BOVIN,sp|P15943|APLP2_RAT
APP	F1MIL3	Q06335	FP	TN	Family0093283	p0_c0_r0	both_directions	direct_edge	1	1.6312498002069393	3585606	tr|F1MIL3|F1MIL3_BOVIN,sp|Q06335|APLP2_MOUSE
APP	F1MIL3	Q06335	FP	TN	Family0093283	p0_c0_r1	both_directions	direct_edge	1	1.6312498002069393	3585606	tr|F1MIL3|F1MIL3_BOVIN,sp|Q06335|APLP2_MOUSE
APP	F1MIL3	Q06481	FP	TN	Family0093283	p0_c0_r0	both_directions	direct_edge	1	1.2587692507123587	3587780	tr|F1MIL3|F1MIL3_BOVIN,sp|Q06481|APLP2_HUMAN
APP	F1MIL3	Q06481	FP	TN	Family0093283	p0_c0_r1	both_directions	direct_edge	1	1.2587692507123587	3587780	tr|F1MIL3|F1MIL3_BOVIN,sp|Q06481|APLP2_HUMAN
APP	F1MIL3	Q5IS80	FP	TN	Family0093283	p0_c0_r0	both_directions	direct_edge	1	1.0425360898135572	5011976	tr|F1MIL3|F1MIL3_BOVIN,sp|Q5IS80|A4_PANTR
APP	F1MIL3	Q5IS80	FP	TN	Family0093283	p0_c0_r1	both_directions	direct_edge	1	1.0425360898135572	5011976	tr|F1MIL3|F1MIL3_BOVIN,sp|Q5IS80|A4_PANTR
APP	F1P0A7	F1P603	FP	TN	Family0093283	p0_c0_r0	both_directions	direct_edge	1	2.412494353937105	21580362	tr|F1P0A7|F1P0A7_CHICK,tr|F1P603|F1P603_CANLF
APP	F1P0A7	F1P603	FP	TN	Family0093283	p0_c0_r1	both_directions	direct_edge	1	2.412494353937105	21580362	tr|F1P0A7|F1P0A7_CHICK,tr|F1P603|F1P603_CANLF
APP	F1P0A7	F6TDQ9	FP	TN	Family0093283	p0_c0_r0	both_directions	direct_edge	1	1.1202956604004826	21580363	tr|F1P0A7|F1P0A7_CHICK,tr|F6TDQ9|F6TDQ9_MONDO
APP	F1P0A7	F6TDQ9	FP	TN	Family0093283	p0_c0_r1	both_directions	direct_edge	1	1.1202956604004826	21580363	tr|F1P0A7|F1P0A7_CHICK,tr|F6TDQ9|F6TDQ9_MONDO
APP	F1P0A7	F6YNC0	FP	TN	Family0093283	p0_c0_r0	no_direct_hit	indirect_path	2			tr|F1P0A7|F1P0A7_CHICK,sp|Q06335|APLP2_MOUSE,tr|F6YNC0|F6YNC0_XENTR
APP	F1P0A7	F6YNC0	FP	TN	Family0093283	p0_c0_r1	no_direct_hit	indirect_path	2			tr|F1P0A7|F1P0A7_CHICK,sp|Q06335|APLP2_MOUSE,tr|F6YNC0|F6YNC0_XENTR
APP	F1P0A7	H2LQ91	FP	TN	Family0093283	p0_c0_r0	both_directions	direct_edge	1	1.8527982506468166	21580366	tr|F1P0A7|F1P0A7_CHICK,tr|H2LQ91|H2LQ91_ORYLA
APP	F1P0A7	H2LQ91	FP	TN	Family0093283	p0_c0_r1	both_directions	direct_edge	1	1.8527982506468166	21580366	tr|F1P0A7|F1P0A7_CHICK,tr|H2LQ91|H2LQ91_ORYLA
APP	F1P0A7	H2LYH0	FP	TN	Family0093283	p0_c0_r0	both_directions	direct_edge	1	2.4146091169864388	21580367	tr|F1P0A7|F1P0A7_CHICK,tr|H2LYH0|H2LYH0_ORYLA
APP	F1P0A7	H2LYH0	FP	TN	Family0093283	p0_c0_r1	both_directions	direct_edge	1	2.4146091169864388	21580367	tr|F1P0A7|F1P0A7_CHICK,tr|H2LYH0|H2LYH0_ORYLA
APP	F1P0A7	P05067	FP	TN	Family0093283	p0_c0_r0	both_directions	direct_edge	1	2.419060751198774	1354328	tr|F1P0A7|F1P0A7_CHICK,sp|P05067|A4_HUMAN
APP	F1P0A7	P05067	FP	TN	Family0093283	p0_c0_r1	both_directions	direct_edge	1	2.419060751198774	1354328	tr|F1P0A7|F1P0A7_CHICK,sp|P05067|A4_HUMAN
APP	F1P0A7	P08592	FP	TN	Family0093283	p0_c0_r0	both_directions	direct_edge	1	2.4597724142211206	1466549	tr|F1P0A7|F1P0A7_CHICK,sp|P08592|A4_RAT
APP	F1P0A7	P08592	FP	TN	Family0093283	p0_c0_r1	both_directions	direct_edge	1	2.4597724142211206	1466549	tr|F1P0A7|F1P0A7_CHICK,sp|P08592|A4_RAT
APP	F1P0A7	P12023	FP	TN	Family0093283	p0_c0_r0	both_directions	direct_edge	1	2.4650255320304555	1745156	tr|F1P0A7|F1P0A7_CHICK,sp|P12023|A4_MOUSE
APP	F1P0A7	P12023	FP	TN	Family0093283	p0_c0_r1	both_directions	direct_edge	1	2.4650255320304555	1745156	tr|F1P0A7|F1P0A7_CHICK,sp|P12023|A4_MOUSE
APP	F1P0A7	P51693	FP	TN	Family0093283	p0_c0_r0	both_directions	direct_edge	1	1.3664814038661721	2861237	tr|F1P0A7|F1P0A7_CHICK,sp|P51693|APLP1_HUMAN
APP	F1P0A7	P51693	FP	TN	Family0093283	p0_c0_r1	both_directions	direct_edge	1	1.3664814038661721	2861237	tr|F1P0A7|F1P0A7_CHICK,sp|P51693|APLP1_HUMAN
APP	F1P0A7	Q03157	FP	TN	Family0093283	p0_c0_r0	both_directions	direct_edge	1	1.3276866922895254	3517844	tr|F1P0A7|F1P0A7_CHICK,sp|Q03157|APLP1_MOUSE
APP	F1P0A7	Q03157	FP	TN	Family0093283	p0_c0_r1	both_directions	direct_edge	1	1.3276866922895254	3517844	tr|F1P0A7|F1P0A7_CHICK,sp|Q03157|APLP1_MOUSE
APP	F1P0A7	Q5IS80	FP	TN	Family0093283	p0_c0_r0	both_directions	direct_edge	1	2.4216873101034415	5011977	tr|F1P0A7|F1P0A7_CHICK,sp|Q5IS80|A4_PANTR
APP	F1P0A7	Q5IS80	FP	TN	Family0093283	p0_c0_r1	both_directions	direct_edge	1	2.4216873101034415	5011977	tr|F1P0A7|F1P0A7_CHICK,sp|Q5IS80|A4_PANTR
APP	F1P603	F6TDQ9	FP	TN	Family0093283	p0_c0_r0	both_directions	direct_edge	1	0.9374197777331518	21595682	tr|F1P603|F1P603_CANLF,tr|F6TDQ9|F6TDQ9_MONDO
APP	F1P603	F6TDQ9	FP	TN	Family0093283	p0_c0_r1	both_directions	direct_edge	1	0.9374197777331518	21595682	tr|F1P603|F1P603_CANLF,tr|F6TDQ9|F6TDQ9_MONDO
APP	F1P603	F6YNC0	FP	TN	Family0093283	p0_c0_r0	no_direct_hit	indirect_path	2			tr|F1P603|F1P603_CANLF,sp|Q06335|APLP2_MOUSE,tr|F6YNC0|F6YNC0_XENTR
APP	F1P603	F6YNC0	FP	TN	Family0093283	p0_c0_r1	no_direct_hit	indirect_path	2			tr|F1P603|F1P603_CANLF,sp|Q06335|APLP2_MOUSE,tr|F6YNC0|F6YNC0_XENTR
APP	F1P603	F7DF67	FP	TN	Family0093283	p0_c0_r0	both_directions	direct_edge	1	2.371004108468555	21595684	tr|F1P603|F1P603_CANLF,tr|F7DF67|F7DF67_XENTR
APP	F1P603	F7DF67	FP	TN	Family0093283	p0_c0_r1	both_directions	direct_edge	1	2.371004108468555	21595684	tr|F1P603|F1P603_CANLF,tr|F7DF67|F7DF67_XENTR
APP	F1P603	G3R2X8	FP	TN	Family0093283	p0_c0_r0	both_directions	direct_edge	1	2.3305184276219815	21595686	tr|F1P603|F1P603_CANLF,tr|G3R2X8|G3R2X8_GORGO
APP	F1P603	G3R2X8	FP	TN	Family0093283	p0_c0_r1	both_directions	direct_edge	1	2.3305184276219815	21595686	tr|F1P603|F1P603_CANLF,tr|G3R2X8|G3R2X8_GORGO
APP	F1P603	H2LQ91	FP	TN	Family0093283	p0_c0_r0	both_directions	direct_edge	1	1.636648266190846	21595687	tr|F1P603|F1P603_CANLF,tr|H2LQ91|H2LQ91_ORYLA
APP	F1P603	H2LQ91	FP	TN	Family0093283	p0_c0_r1	both_directions	direct_edge	1	1.636648266190846	21595687	tr|F1P603|F1P603_CANLF,tr|H2LQ91|H2LQ91_ORYLA
APP	F1P603	H2Q546	FP	TN	Family0093283	p0_c0_r0	both_directions	direct_edge	1	2.3096414749596375	21595689	tr|F1P603|F1P603_CANLF,tr|H2Q546|H2Q546_PANTR
APP	F1P603	H2Q546	FP	TN	Family0093283	p0_c0_r1	both_directions	direct_edge	1	2.3096414749596375	21595689	tr|F1P603|F1P603_CANLF,tr|H2Q546|H2Q546_PANTR
APP	F1P603	P15943	FP	TN	Family0093283	p0_c0_r0	both_directions	direct_edge	1	2.3648333926071654	1846243	tr|F1P603|F1P603_CANLF,sp|P15943|APLP2_RAT
APP	F1P603	P15943	FP	TN	Family0093283	p0_c0_r1	both_directions	direct_edge	1	2.3648333926071654	1846243	tr|F1P603|F1P603_CANLF,sp|P15943|APLP2_RAT
APP	F1P603	P51693	FP	TN	Family0093283	p0_c0_r0	both_directions	direct_edge	1	1.1096029836021446	2861238	tr|F1P603|F1P603_CANLF,sp|P51693|APLP1_HUMAN
APP	F1P603	P51693	FP	TN	Family0093283	p0_c0_r1	both_directions	direct_edge	1	1.1096029836021446	2861238	tr|F1P603|F1P603_CANLF,sp|P51693|APLP1_HUMAN
APP	F1P603	Q03157	FP	TN	Family0093283	p0_c0_r0	both_directions	direct_edge	1	1.0830768340666674	3517845	tr|F1P603|F1P603_CANLF,sp|Q03157|APLP1_MOUSE
APP	F1P603	Q03157	FP	TN	Family0093283	p0_c0_r1	both_directions	direct_edge	1	1.0830768340666674	3517845	tr|F1P603|F1P603_CANLF,sp|Q03157|APLP1_MOUSE
APP	F1P603	Q06335	FP	TN	Family0093283	p0_c0_r0	both_directions	direct_edge	1	1.988268556256278	3585608	tr|F1P603|F1P603_CANLF,sp|Q06335|APLP2_MOUSE
APP	F1P603	Q06335	FP	TN	Family0093283	p0_c0_r1	both_directions	direct_edge	1	1.988268556256278	3585608	tr|F1P603|F1P603_CANLF,sp|Q06335|APLP2_MOUSE
APP	F1P603	Q06481	FP	TN	Family0093283	p0_c0_r0	both_directions	direct_edge	1	2.3379239166833825	3587782	tr|F1P603|F1P603_CANLF,sp|Q06481|APLP2_HUMAN
APP	F1P603	Q06481	FP	TN	Family0093283	p0_c0_r1	both_directions	direct_edge	1	2.3379239166833825	3587782	tr|F1P603|F1P603_CANLF,sp|Q06481|APLP2_HUMAN
APP	F6TDQ9	F7DF67	FP	TN	Family0093283	p0_c0_r0	both_directions	direct_edge	1	1.1105263056809898	22200744	tr|F6TDQ9|F6TDQ9_MONDO,tr|F7DF67|F7DF67_XENTR
APP	F6TDQ9	F7DF67	FP	TN	Family0093283	p0_c0_r1	both_directions	direct_edge	1	1.1105263056809898	22200744	tr|F6TDQ9|F6TDQ9_MONDO,tr|F7DF67|F7DF67_XENTR
APP	F6TDQ9	G3R2X8	FP	TN	Family0093283	p0_c0_r0	both_directions	direct_edge	1	1.0216417362749561	22200745	tr|F6TDQ9|F6TDQ9_MONDO,tr|G3R2X8|G3R2X8_GORGO
APP	F6TDQ9	G3R2X8	FP	TN	Family0093283	p0_c0_r1	both_directions	direct_edge	1	1.0216417362749561	22200745	tr|F6TDQ9|F6TDQ9_MONDO,tr|G3R2X8|G3R2X8_GORGO
APP	F6TDQ9	H2LYH0	FP	TN	Family0093283	p0_c0_r0	both_directions	direct_edge	1	1.0659557473063879	22200747	tr|F6TDQ9|F6TDQ9_MONDO,tr|H2LYH0|H2LYH0_ORYLA
APP	F6TDQ9	H2LYH0	FP	TN	Family0093283	p0_c0_r1	both_directions	direct_edge	1	1.0659557473063879	22200747	tr|F6TDQ9|F6TDQ9_MONDO,tr|H2LYH0|H2LYH0_ORYLA
APP	F6TDQ9	H2Q546	FP	TN	Family0093283	p0_c0_r0	both_directions	direct_edge	1	1.0346847392682061	22200748	tr|F6TDQ9|F6TDQ9_MONDO,tr|H2Q546|H2Q546_PANTR
APP	F6TDQ9	H2Q546	FP	TN	Family0093283	p0_c0_r1	both_directions	direct_edge	1	1.0346847392682061	22200748	tr|F6TDQ9|F6TDQ9_MONDO,tr|H2Q546|H2Q546_PANTR
APP	F6TDQ9	P05067	FP	TN	Family0093283	p0_c0_r0	both_directions	direct_edge	1	0.9344296030035404	1354330	tr|F6TDQ9|F6TDQ9_MONDO,sp|P05067|A4_HUMAN
APP	F6TDQ9	P05067	FP	TN	Family0093283	p0_c0_r1	both_directions	direct_edge	1	0.9344296030035404	1354330	tr|F6TDQ9|F6TDQ9_MONDO,sp|P05067|A4_HUMAN
APP	F6TDQ9	P08592	FP	TN	Family0093283	p0_c0_r0	both_directions	direct_edge	1	0.9434001271923744	1466551	tr|F6TDQ9|F6TDQ9_MONDO,sp|P08592|A4_RAT
APP	F6TDQ9	P08592	FP	TN	Family0093283	p0_c0_r1	both_directions	direct_edge	1	0.9434001271923744	1466551	tr|F6TDQ9|F6TDQ9_MONDO,sp|P08592|A4_RAT
APP	F6TDQ9	P12023	FP	TN	Family0093283	p0_c0_r0	both_directions	direct_edge	1	0.9448952145571801	1745160	tr|F6TDQ9|F6TDQ9_MONDO,sp|P12023|A4_MOUSE
APP	F6TDQ9	P12023	FP	TN	Family0093283	p0_c0_r1	both_directions	direct_edge	1	0.9448952145571801	1745160	tr|F6TDQ9|F6TDQ9_MONDO,sp|P12023|A4_MOUSE
APP	F6TDQ9	P15943	FP	TN	Family0093283	p0_c0_r0	both_directions	direct_edge	1	1.090474783062209	1846245	tr|F6TDQ9|F6TDQ9_MONDO,sp|P15943|APLP2_RAT
APP	F6TDQ9	P15943	FP	TN	Family0093283	p0_c0_r1	both_directions	direct_edge	1	1.090474783062209	1846245	tr|F6TDQ9|F6TDQ9_MONDO,sp|P15943|APLP2_RAT
APP	F6TDQ9	Q06335	FP	TN	Family0093283	p0_c0_r0	both_directions	direct_edge	1	1.3933290302162693	3585610	tr|F6TDQ9|F6TDQ9_MONDO,sp|Q06335|APLP2_MOUSE
APP	F6TDQ9	Q06335	FP	TN	Family0093283	p0_c0_r1	both_directions	direct_edge	1	1.3933290302162693	3585610	tr|F6TDQ9|F6TDQ9_MONDO,sp|Q06335|APLP2_MOUSE
APP	F6TDQ9	Q06481	FP	TN	Family0093283	p0_c0_r0	both_directions	direct_edge	1	1.0288219853748861	3587784	tr|F6TDQ9|F6TDQ9_MONDO,sp|Q06481|APLP2_HUMAN
APP	F6TDQ9	Q06481	FP	TN	Family0093283	p0_c0_r1	both_directions	direct_edge	1	1.0288219853748861	3587784	tr|F6TDQ9|F6TDQ9_MONDO,sp|Q06481|APLP2_HUMAN
APP	F6TDQ9	Q5IS80	FP	TN	Family0093283	p0_c0_r0	both_directions	direct_edge	1	0.9344296030035404	5011979	tr|F6TDQ9|F6TDQ9_MONDO,sp|Q5IS80|A4_PANTR
APP	F6TDQ9	Q5IS80	FP	TN	Family0093283	p0_c0_r1	both_directions	direct_edge	1	0.9344296030035404	5011979	tr|F6TDQ9|F6TDQ9_MONDO,sp|Q5IS80|A4_PANTR
APP	F6YNC0	G3R2X8	FP	TN	Family0093283	p0_c0_r0	no_direct_hit	indirect_path	2			tr|F6YNC0|F6YNC0_XENTR,sp|Q06335|APLP2_MOUSE,tr|G3R2X8|G3R2X8_GORGO
APP	F6YNC0	G3R2X8	FP	TN	Family0093283	p0_c0_r1	no_direct_hit	indirect_path	2			tr|F6YNC0|F6YNC0_XENTR,sp|Q06335|APLP2_MOUSE,tr|G3R2X8|G3R2X8_GORGO
APP	F6YNC0	H2LYH0	FP	TN	Family0093283	p0_c0_r0	no_direct_hit	indirect_path	2			tr|F6YNC0|F6YNC0_XENTR,sp|Q06335|APLP2_MOUSE,tr|H2LYH0|H2LYH0_ORYLA
APP	F6YNC0	H2LYH0	FP	TN	Family0093283	p0_c0_r1	no_direct_hit	indirect_path	2			tr|F6YNC0|F6YNC0_XENTR,sp|Q06335|APLP2_MOUSE,tr|H2LYH0|H2LYH0_ORYLA
APP	F6YNC0	H2Q546	FP	TN	Family0093283	p0_c0_r0	no_direct_hit	indirect_path	2			tr|F6YNC0|F6YNC0_XENTR,sp|Q06335|APLP2_MOUSE,tr|H2Q546|H2Q546_PANTR
APP	F6YNC0	H2Q546	FP	TN	Family0093283	p0_c0_r1	no_direct_hit	indirect_path	2			tr|F6YNC0|F6YNC0_XENTR,sp|Q06335|APLP2_MOUSE,tr|H2Q546|H2Q546_PANTR
APP	F6YNC0	P05067	FP	TN	Family0093283	p0_c0_r0	no_direct_hit	indirect_path	2			tr|F6YNC0|F6YNC0_XENTR,sp|Q06335|APLP2_MOUSE,sp|P05067|A4_HUMAN
APP	F6YNC0	P05067	FP	TN	Family0093283	p0_c0_r1	no_direct_hit	indirect_path	2			tr|F6YNC0|F6YNC0_XENTR,sp|Q06335|APLP2_MOUSE,sp|P05067|A4_HUMAN
APP	F6YNC0	P08592	FP	TN	Family0093283	p0_c0_r0	no_direct_hit	indirect_path	2			tr|F6YNC0|F6YNC0_XENTR,sp|Q06335|APLP2_MOUSE,sp|P08592|A4_RAT
APP	F6YNC0	P08592	FP	TN	Family0093283	p0_c0_r1	no_direct_hit	indirect_path	2			tr|F6YNC0|F6YNC0_XENTR,sp|Q06335|APLP2_MOUSE,sp|P08592|A4_RAT
APP	F6YNC0	P12023	FP	TN	Family0093283	p0_c0_r0	no_direct_hit	indirect_path	2			tr|F6YNC0|F6YNC0_XENTR,sp|Q06335|APLP2_MOUSE,sp|P12023|A4_MOUSE
APP	F6YNC0	P12023	FP	TN	Family0093283	p0_c0_r1	no_direct_hit	indirect_path	2			tr|F6YNC0|F6YNC0_XENTR,sp|Q06335|APLP2_MOUSE,sp|P12023|A4_MOUSE
APP	F6YNC0	P15943	FP	TN	Family0093283	p0_c0_r0	no_direct_hit	indirect_path	2			tr|F6YNC0|F6YNC0_XENTR,sp|Q06335|APLP2_MOUSE,sp|P15943|APLP2_RAT
APP	F6YNC0	P15943	FP	TN	Family0093283	p0_c0_r1	no_direct_hit	indirect_path	2			tr|F6YNC0|F6YNC0_XENTR,sp|Q06335|APLP2_MOUSE,sp|P15943|APLP2_RAT
APP	F6YNC0	Q06335	FP	TN	Family0093283	p0_c0_r0	both_directions	direct_edge	1	1.6238162362374888	3585611	tr|F6YNC0|F6YNC0_XENTR,sp|Q06335|APLP2_MOUSE
APP	F6YNC0	Q06335	FP	TN	Family0093283	p0_c0_r1	both_directions	direct_edge	1	1.6238162362374888	3585611	tr|F6YNC0|F6YNC0_XENTR,sp|Q06335|APLP2_MOUSE
APP	F6YNC0	Q06481	FP	TN	Family0093283	p0_c0_r0	both_directions	direct_edge	1	1.3422029421187005	3587785	tr|F6YNC0|F6YNC0_XENTR,sp|Q06481|APLP2_HUMAN
APP	F6YNC0	Q06481	FP	TN	Family0093283	p0_c0_r1	both_directions	direct_edge	1	1.3422029421187005	3587785	tr|F6YNC0|F6YNC0_XENTR,sp|Q06481|APLP2_HUMAN
APP	F6YNC0	Q5IS80	FP	TN	Family0093283	p0_c0_r0	no_direct_hit	indirect_path	2			tr|F6YNC0|F6YNC0_XENTR,sp|Q06335|APLP2_MOUSE,sp|Q5IS80|A4_PANTR
APP	F6YNC0	Q5IS80	FP	TN	Family0093283	p0_c0_r1	no_direct_hit	indirect_path	2			tr|F6YNC0|F6YNC0_XENTR,sp|Q06335|APLP2_MOUSE,sp|Q5IS80|A4_PANTR
APP	F7DF67	H2LQ91	FP	TN	Family0093283	p0_c0_r0	both_directions	direct_edge	1	1.835411082398189	22611516	tr|F7DF67|F7DF67_XENTR,tr|H2LQ91|H2LQ91_ORYLA
APP	F7DF67	H2LQ91	FP	TN	Family0093283	p0_c0_r1	both_directions	direct_edge	1	1.835411082398189	22611516	tr|F7DF67|F7DF67_XENTR,tr|H2LQ91|H2LQ91_ORYLA
APP	F7DF67	H2LYH0	FP	TN	Family0093283	p0_c0_r0	both_directions	direct_edge	1	2.3736662616060085	22611517	tr|F7DF67|F7DF67_XENTR,tr|H2LYH0|H2LYH0_ORYLA
APP	F7DF67	H2LYH0	FP	TN	Family0093283	p0_c0_r1	both_directions	direct_edge	1	2.3736662616060085	22611517	tr|F7DF67|F7DF67_XENTR,tr|H2LYH0|H2LYH0_ORYLA
APP	F7DF67	P05067	FP	TN	Family0093283	p0_c0_r0	both_directions	direct_edge	1	2.3644507527237555	1354332	tr|F7DF67|F7DF67_XENTR,sp|P05067|A4_HUMAN
APP	F7DF67	P05067	FP	TN	Family0093283	p0_c0_r1	both_directions	direct_edge	1	2.3644507527237555	1354332	tr|F7DF67|F7DF67_XENTR,sp|P05067|A4_HUMAN
APP	F7DF67	P08592	FP	TN	Family0093283	p0_c0_r0	both_directions	direct_edge	1	2.3945961891498344	1466553	tr|F7DF67|F7DF67_XENTR,sp|P08592|A4_RAT
APP	F7DF67	P08592	FP	TN	Family0093283	p0_c0_r1	both_directions	direct_edge	1	2.3945961891498344	1466553	tr|F7DF67|F7DF67_XENTR,sp|P08592|A4_RAT
APP	F7DF67	P12023	FP	TN	Family0093283	p0_c0_r0	both_directions	direct_edge	1	2.3985282025967143	1745162	tr|F7DF67|F7DF67_XENTR,sp|P12023|A4_MOUSE
APP	F7DF67	P12023	FP	TN	Family0093283	p0_c0_r1	both_directions	direct_edge	1	2.3985282025967143	1745162	tr|F7DF67|F7DF67_XENTR,sp|P12023|A4_MOUSE
APP	F7DF67	P51693	FP	TN	Family0093283	p0_c0_r0	both_directions	direct_edge	1	1.2952937573330296	2861240	tr|F7DF67|F7DF67_XENTR,sp|P51693|APLP1_HUMAN
APP	F7DF67	P51693	FP	TN	Family0093283	p0_c0_r1	both_directions	direct_edge	1	1.2952937573330296	2861240	tr|F7DF67|F7DF67_XENTR,sp|P51693|APLP1_HUMAN
APP	F7DF67	Q03157	FP	TN	Family0093283	p0_c0_r0	both_directions	direct_edge	1	1.2951614339239712	3517847	tr|F7DF67|F7DF67_XENTR,sp|Q03157|APLP1_MOUSE
APP	F7DF67	Q03157	FP	TN	Family0093283	p0_c0_r1	both_directions	direct_edge	1	1.2951614339239712	3517847	tr|F7DF67|F7DF67_XENTR,sp|Q03157|APLP1_MOUSE
APP	F7DF67	Q5IS80	FP	TN	Family0093283	p0_c0_r0	both_directions	direct_edge	1	2.3670720950216753	5011981	tr|F7DF67|F7DF67_XENTR,sp|Q5IS80|A4_PANTR
APP	F7DF67	Q5IS80	FP	TN	Family0093283	p0_c0_r1	both_directions	direct_edge	1	2.3670720950216753	5011981	tr|F7DF67|F7DF67_XENTR,sp|Q5IS80|A4_PANTR
APP	G3R2X8	H2LQ91	FP	TN	Family0093283	p0_c0_r0	both_directions	direct_edge	1	1.7840978922700186	22914880	tr|G3R2X8|G3R2X8_GORGO,tr|H2LQ91|H2LQ91_ORYLA
APP	G3R2X8	H2LQ91	FP	TN	Family0093283	p0_c0_r1	both_directions	direct_edge	1	1.7840978922700186	22914880	tr|G3R2X8|G3R2X8_GORGO,tr|H2LQ91|H2LQ91_ORYLA
APP	G3R2X8	H2LYH0	FP	TN	Family0093283	p0_c0_r0	both_directions	direct_edge	1	2.323354956993039	22914881	tr|G3R2X8|G3R2X8_GORGO,tr|H2LYH0|H2LYH0_ORYLA
APP	G3R2X8	H2LYH0	FP	TN	Family0093283	p0_c0_r1	both_directions	direct_edge	1	2.323354956993039	22914881	tr|G3R2X8|G3R2X8_GORGO,tr|H2LYH0|H2LYH0_ORYLA
APP	G3R2X8	P05067	FP	TN	Family0093283	p0_c0_r0	both_directions	direct_edge	1	2.3474345301117	1354334	tr|G3R2X8|G3R2X8_GORGO,sp|P05067|A4_HUMAN
APP	G3R2X8	P05067	FP	TN	Family0093283	p0_c0_r1	both_directions	direct_edge	1	2.3474345301117	1354334	tr|G3R2X8|G3R2X8_GORGO,sp|P05067|A4_HUMAN
APP	G3R2X8	P08592	FP	TN	Family0093283	p0_c0_r0	both_directions	direct_edge	1	2.3643506326014183	1466554	tr|G3R2X8|G3R2X8_GORGO,sp|P08592|A4_RAT
APP	G3R2X8	P08592	FP	TN	Family0093283	p0_c0_r1	both_directions	direct_edge	1	2.3643506326014183	1466554	tr|G3R2X8|G3R2X8_GORGO,sp|P08592|A4_RAT
APP	G3R2X8	P12023	FP	TN	Family0093283	p0_c0_r0	both_directions	direct_edge	1	2.3734593031728055	1745163	tr|G3R2X8|G3R2X8_GORGO,sp|P12023|A4_MOUSE
APP	G3R2X8	P12023	FP	TN	Family0093283	p0_c0_r1	both_directions	direct_edge	1	2.3734593031728055	1745163	tr|G3R2X8|G3R2X8_GORGO,sp|P12023|A4_MOUSE
APP	G3R2X8	P51693	FP	TN	Family0093283	p0_c0_r0	both_directions	direct_edge	1	1.2675604354138452	2861241	tr|G3R2X8|G3R2X8_GORGO,sp|P51693|APLP1_HUMAN
APP	G3R2X8	P51693	FP	TN	Family0093283	p0_c0_r1	both_directions	direct_edge	1	1.2675604354138452	2861241	tr|G3R2X8|G3R2X8_GORGO,sp|P51693|APLP1_HUMAN
APP	G3R2X8	Q03157	FP	TN	Family0093283	p0_c0_r0	both_directions	direct_edge	1	1.2886665798549415	3517848	tr|G3R2X8|G3R2X8_GORGO,sp|Q03157|APLP1_MOUSE
APP	G3R2X8	Q03157	FP	TN	Family0093283	p0_c0_r1	both_directions	direct_edge	1	1.2886665798549415	3517848	tr|G3R2X8|G3R2X8_GORGO,sp|Q03157|APLP1_MOUSE
APP	G3R2X8	Q5IS80	FP	TN	Family0093283	p0_c0_r0	both_directions	direct_edge	1	2.3500370074178107	5011983	tr|G3R2X8|G3R2X8_GORGO,sp|Q5IS80|A4_PANTR
APP	G3R2X8	Q5IS80	FP	TN	Family0093283	p0_c0_r1	both_directions	direct_edge	1	2.3500370074178107	5011983	tr|G3R2X8|G3R2X8_GORGO,sp|Q5IS80|A4_PANTR
APP	H2LQ91	H2Q546	FP	TN	Family0093283	p0_c0_r0	both_directions	direct_edge	1	1.7733564321589812	23254175	tr|H2LQ91|H2LQ91_ORYLA,tr|H2Q546|H2Q546_PANTR
APP	H2LQ91	H2Q546	FP	TN	Family0093283	p0_c0_r1	both_directions	direct_edge	1	1.7733564321589812	23254175	tr|H2LQ91|H2LQ91_ORYLA,tr|H2Q546|H2Q546_PANTR
APP	H2LQ91	P05067	FP	TN	Family0093283	p0_c0_r0	both_directions	direct_edge	1	1.6380064805196348	1354335	tr|H2LQ91|H2LQ91_ORYLA,sp|P05067|A4_HUMAN
APP	H2LQ91	P05067	FP	TN	Family0093283	p0_c0_r1	both_directions	direct_edge	1	1.6380064805196348	1354335	tr|H2LQ91|H2LQ91_ORYLA,sp|P05067|A4_HUMAN
APP	H2LQ91	P08592	FP	TN	Family0093283	p0_c0_r0	both_directions	direct_edge	1	1.6352900518620568	1466555	tr|H2LQ91|H2LQ91_ORYLA,sp|P08592|A4_RAT
APP	H2LQ91	P08592	FP	TN	Family0093283	p0_c0_r1	both_directions	direct_edge	1	1.6352900518620568	1466555	tr|H2LQ91|H2LQ91_ORYLA,sp|P08592|A4_RAT
APP	H2LQ91	P12023	FP	TN	Family0093283	p0_c0_r0	both_directions	direct_edge	1	1.639364694848424	1745164	tr|H2LQ91|H2LQ91_ORYLA,sp|P12023|A4_MOUSE
APP	H2LQ91	P12023	FP	TN	Family0093283	p0_c0_r1	both_directions	direct_edge	1	1.639364694848424	1745164	tr|H2LQ91|H2LQ91_ORYLA,sp|P12023|A4_MOUSE
APP	H2LQ91	P15943	FP	TN	Family0093283	p0_c0_r0	both_directions	direct_edge	1	1.7755273584136466	1846249	tr|H2LQ91|H2LQ91_ORYLA,sp|P15943|APLP2_RAT
APP	H2LQ91	P15943	FP	TN	Family0093283	p0_c0_r1	both_directions	direct_edge	1	1.7755273584136466	1846249	tr|H2LQ91|H2LQ91_ORYLA,sp|P15943|APLP2_RAT
APP	H2LQ91	Q06335	FP	TN	Family0093283	p0_c0_r0	both_directions	direct_edge	1	1.8795223205039278	3585615	tr|H2LQ91|H2LQ91_ORYLA,sp|Q06335|APLP2_MOUSE
APP	H2LQ91	Q06335	FP	TN	Family0093283	p0_c0_r1	both_directions	direct_edge	1	1.8795223205039278	3585615	tr|H2LQ91|H2LQ91_ORYLA,sp|Q06335|APLP2_MOUSE
APP	H2LQ91	Q06481	FP	TN	Family0093283	p0_c0_r0	both_directions	direct_edge	1	1.7955904658173343	3587789	tr|H2LQ91|H2LQ91_ORYLA,sp|Q06481|APLP2_HUMAN
APP	H2LQ91	Q06481	FP	TN	Family0093283	p0_c0_r1	both_directions	direct_edge	1	1.7955904658173343	3587789	tr|H2LQ91|H2LQ91_ORYLA,sp|Q06481|APLP2_HUMAN
APP	H2LQ91	Q5IS80	FP	TN	Family0093283	p0_c0_r0	both_directions	direct_edge	1	1.6380064805196348	5011984	tr|H2LQ91|H2LQ91_ORYLA,sp|Q5IS80|A4_PANTR
APP	H2LQ91	Q5IS80	FP	TN	Family0093283	p0_c0_r1	both_directions	direct_edge	1	1.6380064805196348	5011984	tr|H2LQ91|H2LQ91_ORYLA,sp|Q5IS80|A4_PANTR
APP	H2LYH0	H2Q546	FP	TN	Family0093283	p0_c0_r0	both_directions	direct_edge	1	2.3271585413920324	23283941	tr|H2LYH0|H2LYH0_ORYLA,tr|H2Q546|H2Q546_PANTR
APP	H2LYH0	H2Q546	FP	TN	Family0093283	p0_c0_r1	both_directions	direct_edge	1	2.3271585413920324	23283941	tr|H2LYH0|H2LYH0_ORYLA,tr|H2Q546|H2Q546_PANTR
APP	H2LYH0	P15943	FP	TN	Family0093283	p0_c0_r0	both_directions	direct_edge	1	2.347684227884874	1846250	tr|H2LYH0|H2LYH0_ORYLA,sp|P15943|APLP2_RAT
APP	H2LYH0	P15943	FP	TN	Family0093283	p0_c0_r1	both_directions	direct_edge	1	2.347684227884874	1846250	tr|H2LYH0|H2LYH0_ORYLA,sp|P15943|APLP2_RAT
APP	H2LYH0	P51693	FP	TN	Family0093283	p0_c0_r0	both_directions	direct_edge	1	1.2763430144420054	2861243	tr|H2LYH0|H2LYH0_ORYLA,sp|P51693|APLP1_HUMAN
APP	H2LYH0	P51693	FP	TN	Family0093283	p0_c0_r1	both_directions	direct_edge	1	1.2763430144420054	2861243	tr|H2LYH0|H2LYH0_ORYLA,sp|P51693|APLP1_HUMAN
APP	H2LYH0	Q03157	FP	TN	Family0093283	p0_c0_r0	both_directions	direct_edge	1	1.2431571271395407	3517850	tr|H2LYH0|H2LYH0_ORYLA,sp|Q03157|APLP1_MOUSE
APP	H2LYH0	Q03157	FP	TN	Family0093283	p0_c0_r1	both_directions	direct_edge	1	1.2431571271395407	3517850	tr|H2LYH0|H2LYH0_ORYLA,sp|Q03157|APLP1_MOUSE
APP	H2LYH0	Q06335	FP	TN	Family0093283	p0_c0_r0	both_directions	direct_edge	1	1.9810787791841695	3585616	tr|H2LYH0|H2LYH0_ORYLA,sp|Q06335|APLP2_MOUSE
APP	H2LYH0	Q06335	FP	TN	Family0093283	p0_c0_r1	both_directions	direct_edge	1	1.9810787791841695	3585616	tr|H2LYH0|H2LYH0_ORYLA,sp|Q06335|APLP2_MOUSE
APP	H2LYH0	Q06481	FP	TN	Family0093283	p0_c0_r0	both_directions	direct_edge	1	2.340098087561938	3587790	tr|H2LYH0|H2LYH0_ORYLA,sp|Q06481|APLP2_HUMAN
APP	H2LYH0	Q06481	FP	TN	Family0093283	p0_c0_r1	both_directions	direct_edge	1	2.340098087561938	3587790	tr|H2LYH0|H2LYH0_ORYLA,sp|Q06481|APLP2_HUMAN
APP	H2Q546	P05067	FP	TN	Family0093283	p0_c0_r0	both_directions	direct_edge	1	2.3344622826656516	1354337	tr|H2Q546|H2Q546_PANTR,sp|P05067|A4_HUMAN
APP	H2Q546	P05067	FP	TN	Family0093283	p0_c0_r1	both_directions	direct_edge	1	2.3344622826656516	1354337	tr|H2Q546|H2Q546_PANTR,sp|P05067|A4_HUMAN
APP	H2Q546	P08592	FP	TN	Family0093283	p0_c0_r0	both_directions	direct_edge	1	2.351444940569767	1466557	tr|H2Q546|H2Q546_PANTR,sp|P08592|A4_RAT
APP	H2Q546	P08592	FP	TN	Family0093283	p0_c0_r1	both_directions	direct_edge	1	2.351444940569767	1466557	tr|H2Q546|H2Q546_PANTR,sp|P08592|A4_RAT
APP	H2Q546	P12023	FP	TN	Family0093283	p0_c0_r0	both_directions	direct_edge	1	2.355364015470716	1745166	tr|H2Q546|H2Q546_PANTR,sp|P12023|A4_MOUSE
APP	H2Q546	P12023	FP	TN	Family0093283	p0_c0_r1	both_directions	direct_edge	1	2.355364015470716	1745166	tr|H2Q546|H2Q546_PANTR,sp|P12023|A4_MOUSE
APP	H2Q546	P51693	FP	TN	Family0093283	p0_c0_r0	both_directions	direct_edge	1	1.2967188724724494	2861244	tr|H2Q546|H2Q546_PANTR,sp|P51693|APLP1_HUMAN
APP	H2Q546	P51693	FP	TN	Family0093283	p0_c0_r1	both_directions	direct_edge	1	1.2967188724724494	2861244	tr|H2Q546|H2Q546_PANTR,sp|P51693|APLP1_HUMAN
APP	H2Q546	Q03157	FP	TN	Family0093283	p0_c0_r0	both_directions	direct_edge	1	1.3022481891031763	3517851	tr|H2Q546|H2Q546_PANTR,sp|Q03157|APLP1_MOUSE
APP	H2Q546	Q03157	FP	TN	Family0093283	p0_c0_r1	both_directions	direct_edge	1	1.3022481891031763	3517851	tr|H2Q546|H2Q546_PANTR,sp|Q03157|APLP1_MOUSE
APP	P05067	P15943	FP	TN	Family0093283	p0_c0_r0	both_directions	direct_edge	1	2.349198130507283	1354294	sp|P05067|A4_HUMAN,sp|P15943|APLP2_RAT
APP	P05067	P15943	FP	TN	Family0093283	p0_c0_r1	both_directions	direct_edge	1	2.349198130507283	1354294	sp|P05067|A4_HUMAN,sp|P15943|APLP2_RAT
APP	P05067	Q03157	FP	TN	Family0093283	p0_c0_r0	both_directions	direct_edge	1	1.0957691407158863	1354297	sp|P05067|A4_HUMAN,sp|Q03157|APLP1_MOUSE
APP	P05067	Q03157	FP	TN	Family0093283	p0_c0_r1	both_directions	direct_edge	1	1.0957691407158863	1354297	sp|P05067|A4_HUMAN,sp|Q03157|APLP1_MOUSE
APP	P05067	Q06335	FP	TN	Family0093283	p0_c0_r0	both_directions	direct_edge	1	1.9760705896534787	1354298	sp|P05067|A4_HUMAN,sp|Q06335|APLP2_MOUSE
APP	P05067	Q06335	FP	TN	Family0093283	p0_c0_r1	both_directions	direct_edge	1	1.9760705896534787	1354298	sp|P05067|A4_HUMAN,sp|Q06335|APLP2_MOUSE
APP	P08592	P51693	FP	TN	Family0093283	p0_c0_r0	both_directions	direct_edge	1	1.1096029836021446	1466514	sp|P08592|A4_RAT,sp|P51693|APLP1_HUMAN
APP	P08592	P51693	FP	TN	Family0093283	p0_c0_r1	both_directions	direct_edge	1	1.1096029836021446	1466514	sp|P08592|A4_RAT,sp|P51693|APLP1_HUMAN
APP	P08592	Q03157	FP	TN	Family0093283	p0_c0_r0	both_directions	direct_edge	1	1.0985896533046016	1466515	sp|P08592|A4_RAT,sp|Q03157|APLP1_MOUSE
APP	P08592	Q03157	FP	TN	Family0093283	p0_c0_r1	both_directions	direct_edge	1	1.0985896533046016	1466515	sp|P08592|A4_RAT,sp|Q03157|APLP1_MOUSE
APP	P08592	Q06335	FP	TN	Family0093283	p0_c0_r0	both_directions	direct_edge	1	2.024862456064676	1466516	sp|P08592|A4_RAT,sp|Q06335|APLP2_MOUSE
APP	P08592	Q06335	FP	TN	Family0093283	p0_c0_r1	both_directions	direct_edge	1	2.024862456064676	1466516	sp|P08592|A4_RAT,sp|Q06335|APLP2_MOUSE
APP	P08592	Q06481	FP	TN	Family0093283	p0_c0_r0	both_directions	direct_edge	1	2.371844687795976	1466517	sp|P08592|A4_RAT,sp|Q06481|APLP2_HUMAN
APP	P08592	Q06481	FP	TN	Family0093283	p0_c0_r1	both_directions	direct_edge	1	2.371844687795976	1466517	sp|P08592|A4_RAT,sp|Q06481|APLP2_HUMAN
APP	P12023	P15943	FP	TN	Family0093283	p0_c0_r0	both_directions	direct_edge	1	2.3987097938235764	1745121	sp|P12023|A4_MOUSE,sp|P15943|APLP2_RAT
APP	P12023	P15943	FP	TN	Family0093283	p0_c0_r1	both_directions	direct_edge	1	2.3987097938235764	1745121	sp|P12023|A4_MOUSE,sp|P15943|APLP2_RAT
APP	P12023	P51693	FP	TN	Family0093283	p0_c0_r0	both_directions	direct_edge	1	1.1124299975731053	1745122	sp|P12023|A4_MOUSE,sp|P51693|APLP1_HUMAN
APP	P12023	P51693	FP	TN	Family0093283	p0_c0_r1	both_directions	direct_edge	1	1.1124299975731053	1745122	sp|P12023|A4_MOUSE,sp|P51693|APLP1_HUMAN
APP	P12023	Q06481	FP	TN	Family0093283	p0_c0_r0	both_directions	direct_edge	1	2.3796725580527283	1745125	sp|P12023|A4_MOUSE,sp|Q06481|APLP2_HUMAN
APP	P12023	Q06481	FP	TN	Family0093283	p0_c0_r1	both_directions	direct_edge	1	2.3796725580527283	1745125	sp|P12023|A4_MOUSE,sp|Q06481|APLP2_HUMAN
APP	P15943	P51693	FP	TN	Family0093283	p0_c0_r0	both_directions	direct_edge	1	1.3145960961175878	1846208	sp|P15943|APLP2_RAT,sp|P51693|APLP1_HUMAN
APP	P15943	P51693	FP	TN	Family0093283	p0_c0_r1	both_directions	direct_edge	1	1.3145960961175878	1846208	sp|P15943|APLP2_RAT,sp|P51693|APLP1_HUMAN
APP	P15943	Q03157	FP	TN	Family0093283	p0_c0_r0	both_directions	direct_edge	1	1.3016688715201292	1846210	sp|P15943|APLP2_RAT,sp|Q03157|APLP1_MOUSE
APP	P15943	Q03157	FP	TN	Family0093283	p0_c0_r1	both_directions	direct_edge	1	1.3016688715201292	1846210	sp|P15943|APLP2_RAT,sp|Q03157|APLP1_MOUSE
APP	P15943	Q5IS80	FP	TN	Family0093283	p0_c0_r0	both_directions	direct_edge	1	2.3518040075239304	1846214	sp|P15943|APLP2_RAT,sp|Q5IS80|A4_PANTR
APP	P15943	Q5IS80	FP	TN	Family0093283	p0_c0_r1	both_directions	direct_edge	1	2.3518040075239304	1846214	sp|P15943|APLP2_RAT,sp|Q5IS80|A4_PANTR
APP	P51693	Q06335	FP	TN	Family0093283	p0_c0_r0	both_directions	direct_edge	1	1.6477328037182288	2861213	sp|P51693|APLP1_HUMAN,sp|Q06335|APLP2_MOUSE
APP	P51693	Q06335	FP	TN	Family0093283	p0_c0_r1	both_directions	direct_edge	1	1.6477328037182288	2861213	sp|P51693|APLP1_HUMAN,sp|Q06335|APLP2_MOUSE
APP	P51693	Q5IS80	FP	TN	Family0093283	p0_c0_r0	both_directions	direct_edge	1	1.111016490587625	2861216	sp|P51693|APLP1_HUMAN,sp|Q5IS80|A4_PANTR
APP	P51693	Q5IS80	FP	TN	Family0093283	p0_c0_r1	both_directions	direct_edge	1	1.111016490587625	2861216	sp|P51693|APLP1_HUMAN,sp|Q5IS80|A4_PANTR
APP	Q03157	Q06481	FP	TN	Family0093283	p0_c0_r0	both_directions	direct_edge	1	1.2948734795296326	3517820	sp|Q03157|APLP1_MOUSE,sp|Q06481|APLP2_HUMAN
APP	Q03157	Q06481	FP	TN	Family0093283	p0_c0_r1	both_directions	direct_edge	1	1.2948734795296326	3517820	sp|Q03157|APLP1_MOUSE,sp|Q06481|APLP2_HUMAN
APP	Q03157	Q5IS80	FP	TN	Family0093283	p0_c0_r0	both_directions	direct_edge	1	1.0957691407158863	3517822	sp|Q03157|APLP1_MOUSE,sp|Q5IS80|A4_PANTR
APP	Q03157	Q5IS80	FP	TN	Family0093283	p0_c0_r1	both_directions	direct_edge	1	1.0957691407158863	3517822	sp|Q03157|APLP1_MOUSE,sp|Q5IS80|A4_PANTR
APP	Q06335	Q5IS80	FP	TN	Family0093283	p0_c0_r0	both_directions	direct_edge	1	1.977425919276012	3585577	sp|Q06335|APLP2_MOUSE,sp|Q5IS80|A4_PANTR
APP	Q06335	Q5IS80	FP	TN	Family0093283	p0_c0_r1	both_directions	direct_edge	1	1.977425919276012	3585577	sp|Q06335|APLP2_MOUSE,sp|Q5IS80|A4_PANTR
APP	Q06481	Q5IS80	FP	TN	Family0093283	p0_c0_r0	both_directions	direct_edge	1	2.3653214625820156	3587756	sp|Q06481|APLP2_HUMAN,sp|Q5IS80|A4_PANTR
APP	Q06481	Q5IS80	FP	TN	Family0093283	p0_c0_r1	both_directions	direct_edge	1	2.3653214625820156	3587756	sp|Q06481|APLP2_HUMAN,sp|Q5IS80|A4_PANTR
BAMBI	H2LI24	Q6GQM7	FP	TN	Family0106289	p0_c0_r0	both_directions	direct_edge	1	3.622568093385214	23233253	tr|H2LI24|H2LI24_ORYLA,tr|Q6GQM7|Q6GQM7_DANRE
BAMBI	H2LI24	Q6GQM7	FP	TN	Family0106289	p0_c0_r1	both_directions	direct_edge	1	3.622568093385214	23233253	tr|H2LI24|H2LI24_ORYLA,tr|Q6GQM7|Q6GQM7_DANRE
BAR	A4FUG5	E7FD40	FP	TN	Family0066745	p0_c0_r0	no_direct_hit	indirect_path	2			tr|A4FUG5|A4FUG5_BOVIN,sp|Q5ZKL7|BIN2_CHICK,tr|E7FD40|E7FD40_DANRE
BAR	A4FUG5	E7FD40	FP	TN	Family0066745	p0_c0_r1	no_direct_hit	indirect_path	2			tr|A4FUG5|A4FUG5_BOVIN,sp|Q5ZKL7|BIN2_CHICK,tr|E7FD40|E7FD40_DANRE
BAR	A4FUG5	F1NZ04	FP	TN	Family0066745	p0_c0_r0	no_direct_hit	indirect_path	2			tr|A4FUG5|A4FUG5_BOVIN,sp|O08539|BIN1_MOUSE,tr|F1NZ04|F1NZ04_CHICK
BAR	A4FUG5	F1NZ04	FP	TN	Family0066745	p0_c0_r1	no_direct_hit	indirect_path	2			tr|A4FUG5|A4FUG5_BOVIN,sp|O08539|BIN1_MOUSE,tr|F1NZ04|F1NZ04_CHICK
BAR	A4FUG5	F1QK94	FP	TN	Family0066745	p0_c0_r0	no_direct_hit	indirect_path	2			tr|A4FUG5|A4FUG5_BOVIN,sp|O08539|BIN1_MOUSE,tr|F1QK94|F1QK94_DANRE
BAR	A4FUG5	F1QK94	FP	TN	Family0066745	p0_c0_r1	no_direct_hit	indirect_path	2			tr|A4FUG5|A4FUG5_BOVIN,sp|O08539|BIN1_MOUSE,tr|F1QK94|F1QK94_DANRE
BAR	A4FUG5	G3R5Y4	FP	TN	Family0066745	p0_c0_r0	no_direct_hit	indirect_path	2			tr|A4FUG5|A4FUG5_BOVIN,sp|O08539|BIN1_MOUSE,tr|G3R5Y4|G3R5Y4_GORGO
BAR	A4FUG5	G3R5Y4	FP	TN	Family0066745	p0_c0_r1	no_direct_hit	indirect_path	2			tr|A4FUG5|A4FUG5_BOVIN,sp|O08539|BIN1_MOUSE,tr|G3R5Y4|G3R5Y4_GORGO
BAR	A4FUG5	G3RIZ8	FP	TN	Family0066745	p0_c0_r0	no_direct_hit	indirect_path	2			tr|A4FUG5|A4FUG5_BOVIN,sp|O08539|BIN1_MOUSE,tr|G3RIZ8|G3RIZ8_GORGO
BAR	A4FUG5	G3RIZ8	FP	TN	Family0066745	p0_c0_r1	no_direct_hit	indirect_path	2			tr|A4FUG5|A4FUG5_BOVIN,sp|O08539|BIN1_MOUSE,tr|G3RIZ8|G3RIZ8_GORGO
BAR	A4FUG5	H2QIN5	FP	TN	Family0066745	p0_c0_r0	no_direct_hit	indirect_path	2			tr|A4FUG5|A4FUG5_BOVIN,sp|O08539|BIN1_MOUSE,tr|H2QIN5|H2QIN5_PANTR
BAR	A4FUG5	H2QIN5	FP	TN	Family0066745	p0_c0_r1	no_direct_hit	indirect_path	2			tr|A4FUG5|A4FUG5_BOVIN,sp|O08539|BIN1_MOUSE,tr|H2QIN5|H2QIN5_PANTR
BAR	A4FUG5	H2R019	FP	TN	Family0066745	p0_c0_r0	no_direct_hit	indirect_path	2			tr|A4FUG5|A4FUG5_BOVIN,sp|O08539|BIN1_MOUSE,tr|H2R019|H2R019_PANTR
BAR	A4FUG5	H2R019	FP	TN	Family0066745	p0_c0_r1	no_direct_hit	indirect_path	2			tr|A4FUG5|A4FUG5_BOVIN,sp|O08539|BIN1_MOUSE,tr|H2R019|H2R019_PANTR
BAR	A4FUG5	O00499	FP	TN	Family0066745	p0_c0_r0	no_direct_hit	indirect_path	2			tr|A4FUG5|A4FUG5_BOVIN,sp|O08539|BIN1_MOUSE,sp|O00499|BIN1_HUMAN
BAR	A4FUG5	O00499	FP	TN	Family0066745	p0_c0_r1	no_direct_hit	indirect_path	2			tr|A4FUG5|A4FUG5_BOVIN,sp|O08539|BIN1_MOUSE,sp|O00499|BIN1_HUMAN
BAR	A4FUG5	O08539	FP	TN	Family0066745	p0_c0_r0	both_directions	direct_edge	1	1.254471770095014	593385	tr|A4FUG5|A4FUG5_BOVIN,sp|O08539|BIN1_MOUSE
BAR	A4FUG5	O08539	FP	TN	Family0066745	p0_c0_r1	both_directions	direct_edge	1	1.254471770095014	593385	tr|A4FUG5|A4FUG5_BOVIN,sp|O08539|BIN1_MOUSE
BAR	A4FUG5	O08839	FP	TN	Family0066745	p0_c0_r0	both_directions	direct_edge	1	1.2454207472227556	606316	tr|A4FUG5|A4FUG5_BOVIN,sp|O08839|BIN1_RAT
BAR	A4FUG5	O08839	FP	TN	Family0066745	p0_c0_r1	both_directions	direct_edge	1	1.2454207472227556	606316	tr|A4FUG5|A4FUG5_BOVIN,sp|O08839|BIN1_RAT
BAR	A4FUG5	P49418	FP	TN	Family0066745	p0_c0_r0	no_direct_hit	indirect_path	2			tr|A4FUG5|A4FUG5_BOVIN,sp|O08539|BIN1_MOUSE,sp|P49418|AMPH_HUMAN
BAR	A4FUG5	P49418	FP	TN	Family0066745	p0_c0_r1	no_direct_hit	indirect_path	2			tr|A4FUG5|A4FUG5_BOVIN,sp|O08539|BIN1_MOUSE,sp|P49418|AMPH_HUMAN
BAR	A4FUG5	Q7TQF7	FP	TN	Family0066745	p0_c0_r0	no_direct_hit	indirect_path	2			tr|A4FUG5|A4FUG5_BOVIN,sp|O08539|BIN1_MOUSE,sp|Q7TQF7|AMPH_MOUSE
BAR	A4FUG5	Q7TQF7	FP	TN	Family0066745	p0_c0_r1	no_direct_hit	indirect_path	2			tr|A4FUG5|A4FUG5_BOVIN,sp|O08539|BIN1_MOUSE,sp|Q7TQF7|AMPH_MOUSE
BAR	D3Z6Q9	E7FD40	FP	TN	Family0066745	p0_c0_r0	no_direct_hit	indirect_path	2			sp|D3Z6Q9|BIN2_MOUSE,sp|Q5ZKL7|BIN2_CHICK,tr|E7FD40|E7FD40_DANRE
BAR	D3Z6Q9	E7FD40	FP	TN	Family0066745	p0_c0_r1	no_direct_hit	indirect_path	2			sp|D3Z6Q9|BIN2_MOUSE,sp|Q5ZKL7|BIN2_CHICK,tr|E7FD40|E7FD40_DANRE
BAR	D3Z6Q9	F1NZ04	FP	TN	Family0066745	p0_c0_r0	no_direct_hit	indirect_path	2			sp|D3Z6Q9|BIN2_MOUSE,tr|A0A2I2YY02|A0A2I2YY02_GORGO,tr|F1NZ04|F1NZ04_CHICK
BAR	D3Z6Q9	F1NZ04	FP	TN	Family0066745	p0_c0_r1	no_direct_hit	indirect_path	2			sp|D3Z6Q9|BIN2_MOUSE,tr|A0A2I2YY02|A0A2I2YY02_GORGO,tr|F1NZ04|F1NZ04_CHICK
BAR	D3Z6Q9	F1QK94	FP	TN	Family0066745	p0_c0_r0	no_direct_hit	indirect_path	2			sp|D3Z6Q9|BIN2_MOUSE,tr|A0A3B3IIJ6|A0A3B3IIJ6_ORYLA,tr|F1QK94|F1QK94_DANRE
BAR	D3Z6Q9	F1QK94	FP	TN	Family0066745	p0_c0_r1	no_direct_hit	indirect_path	2			sp|D3Z6Q9|BIN2_MOUSE,tr|A0A3B3IIJ6|A0A3B3IIJ6_ORYLA,tr|F1QK94|F1QK94_DANRE
BAR	D3Z6Q9	G3R5Y4	FP	TN	Family0066745	p0_c0_r0	no_direct_hit	indirect_path	2			sp|D3Z6Q9|BIN2_MOUSE,tr|A0A6I8SU98|A0A6I8SU98_XENTR,tr|G3R5Y4|G3R5Y4_GORGO
BAR	D3Z6Q9	G3R5Y4	FP	TN	Family0066745	p0_c0_r1	no_direct_hit	indirect_path	2			sp|D3Z6Q9|BIN2_MOUSE,tr|A0A6I8SU98|A0A6I8SU98_XENTR,tr|G3R5Y4|G3R5Y4_GORGO
BAR	D3Z6Q9	G3RIZ8	FP	TN	Family0066745	p0_c0_r0	no_direct_hit	indirect_path	2			sp|D3Z6Q9|BIN2_MOUSE,tr|A0A2I2YY02|A0A2I2YY02_GORGO,tr|G3RIZ8|G3RIZ8_GORGO
BAR	D3Z6Q9	G3RIZ8	FP	TN	Family0066745	p0_c0_r1	no_direct_hit	indirect_path	2			sp|D3Z6Q9|BIN2_MOUSE,tr|A0A2I2YY02|A0A2I2YY02_GORGO,tr|G3RIZ8|G3RIZ8_GORGO
BAR	D3Z6Q9	H2QIN5	FP	TN	Family0066745	p0_c0_r0	no_direct_hit	indirect_path	2			sp|D3Z6Q9|BIN2_MOUSE,sp|Q9UBW5|BIN2_HUMAN,tr|H2QIN5|H2QIN5_PANTR
BAR	D3Z6Q9	H2QIN5	FP	TN	Family0066745	p0_c0_r1	no_direct_hit	indirect_path	2			sp|D3Z6Q9|BIN2_MOUSE,sp|Q9UBW5|BIN2_HUMAN,tr|H2QIN5|H2QIN5_PANTR
BAR	D3Z6Q9	H2R019	FP	TN	Family0066745	p0_c0_r0	no_direct_hit	indirect_path	2			sp|D3Z6Q9|BIN2_MOUSE,tr|A0A6I8SU98|A0A6I8SU98_XENTR,tr|H2R019|H2R019_PANTR
BAR	D3Z6Q9	H2R019	FP	TN	Family0066745	p0_c0_r1	no_direct_hit	indirect_path	2			sp|D3Z6Q9|BIN2_MOUSE,tr|A0A6I8SU98|A0A6I8SU98_XENTR,tr|H2R019|H2R019_PANTR
BAR	D3Z6Q9	O00499	FP	TN	Family0066745	p0_c0_r0	no_direct_hit	indirect_path	2			sp|D3Z6Q9|BIN2_MOUSE,tr|A0A2I2YY02|A0A2I2YY02_GORGO,sp|O00499|BIN1_HUMAN
BAR	D3Z6Q9	O00499	FP	TN	Family0066745	p0_c0_r1	no_direct_hit	indirect_path	2			sp|D3Z6Q9|BIN2_MOUSE,tr|A0A2I2YY02|A0A2I2YY02_GORGO,sp|O00499|BIN1_HUMAN
BAR	D3Z6Q9	O08839	FP	TN	Family0066745	p0_c0_r0	no_direct_hit	indirect_path	2			sp|D3Z6Q9|BIN2_MOUSE,tr|A0A2I2YY02|A0A2I2YY02_GORGO,sp|O08839|BIN1_RAT
BAR	D3Z6Q9	O08839	FP	TN	Family0066745	p0_c0_r1	no_direct_hit	indirect_path	2			sp|D3Z6Q9|BIN2_MOUSE,tr|A0A2I2YY02|A0A2I2YY02_GORGO,sp|O08839|BIN1_RAT
BAR	D3Z6Q9	P49418	FP	TN	Family0066745	p0_c0_r0	no_direct_hit	indirect_path	2			sp|D3Z6Q9|BIN2_MOUSE,tr|A0A6I8SU98|A0A6I8SU98_XENTR,sp|P49418|AMPH_HUMAN
BAR	D3Z6Q9	P49418	FP	TN	Family0066745	p0_c0_r1	no_direct_hit	indirect_path	2			sp|D3Z6Q9|BIN2_MOUSE,tr|A0A6I8SU98|A0A6I8SU98_XENTR,sp|P49418|AMPH_HUMAN
BAR	E7FD40	F1PZH8	FP	TN	Family0066745	p0_c0_r0	no_direct_hit	indirect_path	2			tr|E7FD40|E7FD40_DANRE,sp|Q68FR2|BIN2_RAT,tr|F1PZH8|F1PZH8_CANLF
BAR	E7FD40	F1PZH8	FP	TN	Family0066745	p0_c0_r1	no_direct_hit	indirect_path	2			tr|E7FD40|E7FD40_DANRE,sp|Q68FR2|BIN2_RAT,tr|F1PZH8|F1PZH8_CANLF
BAR	E7FD40	G3R5Y4	FP	TN	Family0066745	p0_c0_r0	no_direct_hit	indirect_path	2			tr|E7FD40|E7FD40_DANRE,sp|O00499|BIN1_HUMAN,tr|G3R5Y4|G3R5Y4_GORGO
BAR	E7FD40	G3R5Y4	FP	TN	Family0066745	p0_c0_r1	no_direct_hit	indirect_path	2			tr|E7FD40|E7FD40_DANRE,sp|O00499|BIN1_HUMAN,tr|G3R5Y4|G3R5Y4_GORGO
BAR	E7FD40	H2Q5Y0	FP	TN	Family0066745	p0_c0_r0	no_direct_hit	indirect_path	2			tr|E7FD40|E7FD40_DANRE,sp|O00499|BIN1_HUMAN,tr|H2Q5Y0|H2Q5Y0_PANTR
BAR	E7FD40	H2Q5Y0	FP	TN	Family0066745	p0_c0_r1	no_direct_hit	indirect_path	2			tr|E7FD40|E7FD40_DANRE,sp|O00499|BIN1_HUMAN,tr|H2Q5Y0|H2Q5Y0_PANTR
BAR	E7FD40	H2R019	FP	TN	Family0066745	p0_c0_r0	no_direct_hit	indirect_path	2			tr|E7FD40|E7FD40_DANRE,sp|O00499|BIN1_HUMAN,tr|H2R019|H2R019_PANTR
BAR	E7FD40	H2R019	FP	TN	Family0066745	p0_c0_r1	no_direct_hit	indirect_path	2			tr|E7FD40|E7FD40_DANRE,sp|O00499|BIN1_HUMAN,tr|H2R019|H2R019_PANTR
BAR	E7FD40	P49418	FP	TN	Family0066745	p0_c0_r0	no_direct_hit	indirect_path	2			tr|E7FD40|E7FD40_DANRE,sp|O00499|BIN1_HUMAN,sp|P49418|AMPH_HUMAN
BAR	E7FD40	P49418	FP	TN	Family0066745	p0_c0_r1	no_direct_hit	indirect_path	2			tr|E7FD40|E7FD40_DANRE,sp|O00499|BIN1_HUMAN,sp|P49418|AMPH_HUMAN
BAR	E7FD40	Q5ZKL7	FP	TN	Family0066745	p0_c0_r0	one_direction	direct_edge	1	1.1194101264592708	5175329	tr|E7FD40|E7FD40_DANRE,sp|Q5ZKL7|BIN2_CHICK
BAR	E7FD40	Q5ZKL7	FP	TN	Family0066745	p0_c0_r1	one_direction	direct_edge	1	1.1194101264592708	5175329	tr|E7FD40|E7FD40_DANRE,sp|Q5ZKL7|BIN2_CHICK
BAR	E7FD40	Q68FR2	FP	TN	Family0066745	p0_c0_r0	both_directions	direct_edge	1	1.1141753870676778	5353911	tr|E7FD40|E7FD40_DANRE,sp|Q68FR2|BIN2_RAT
BAR	E7FD40	Q68FR2	FP	TN	Family0066745	p0_c0_r1	both_directions	direct_edge	1	1.1141753870676778	5353911	tr|E7FD40|E7FD40_DANRE,sp|Q68FR2|BIN2_RAT
BAR	E7FD40	Q7TQF7	FP	TN	Family0066745	p0_c0_r0	no_direct_hit	indirect_path	2			tr|E7FD40|E7FD40_DANRE,sp|O00499|BIN1_HUMAN,sp|Q7TQF7|AMPH_MOUSE
BAR	E7FD40	Q7TQF7	FP	TN	Family0066745	p0_c0_r1	no_direct_hit	indirect_path	2			tr|E7FD40|E7FD40_DANRE,sp|O00499|BIN1_HUMAN,sp|Q7TQF7|AMPH_MOUSE
BAR	E7FD40	Q9UBW5	FP	TN	Family0066745	p0_c0_r0	no_direct_hit	indirect_path	2			tr|E7FD40|E7FD40_DANRE,sp|Q68FR2|BIN2_RAT,sp|Q9UBW5|BIN2_HUMAN
BAR	E7FD40	Q9UBW5	FP	TN	Family0066745	p0_c0_r1	no_direct_hit	indirect_path	2			tr|E7FD40|E7FD40_DANRE,sp|Q68FR2|BIN2_RAT,sp|Q9UBW5|BIN2_HUMAN
BAR	F1NZ04	F1PZH8	FP	TN	Family0066745	p0_c0_r0	no_direct_hit	indirect_path	2			tr|F1NZ04|F1NZ04_CHICK,sp|O08839|BIN1_RAT,tr|F1PZH8|F1PZH8_CANLF
BAR	F1NZ04	F1PZH8	FP	TN	Family0066745	p0_c0_r1	no_direct_hit	indirect_path	2			tr|F1NZ04|F1NZ04_CHICK,sp|O08839|BIN1_RAT,tr|F1PZH8|F1PZH8_CANLF
BAR	F1NZ04	F1QJB5	FP	TN	Family0066745	p0_c0_r0	both_directions	direct_edge	1	1.5542641135987487	21576669	tr|F1NZ04|F1NZ04_CHICK,tr|F1QJB5|F1QJB5_DANRE
BAR	F1NZ04	F1QJB5	FP	TN	Family0066745	p0_c0_r1	both_directions	direct_edge	1	1.5542641135987487	21576669	tr|F1NZ04|F1NZ04_CHICK,tr|F1QJB5|F1QJB5_DANRE
BAR	F1NZ04	F1QK94	FP	TN	Family0066745	p0_c0_r0	both_directions	direct_edge	1	0.7763311886735851	21576670	tr|F1NZ04|F1NZ04_CHICK,tr|F1QK94|F1QK94_DANRE
BAR	F1NZ04	F1QK94	FP	TN	Family0066745	p0_c0_r1	both_directions	direct_edge	1	0.7763311886735851	21576670	tr|F1NZ04|F1NZ04_CHICK,tr|F1QK94|F1QK94_DANRE
BAR	F1NZ04	G3R5Y4	FP	TN	Family0066745	p0_c0_r0	both_directions	direct_edge	1	1.0951791171950795	21576671	tr|F1NZ04|F1NZ04_CHICK,tr|G3R5Y4|G3R5Y4_GORGO
BAR	F1NZ04	G3R5Y4	FP	TN	Family0066745	p0_c0_r1	both_directions	direct_edge	1	1.0951791171950795	21576671	tr|F1NZ04|F1NZ04_CHICK,tr|G3R5Y4|G3R5Y4_GORGO
BAR	F1NZ04	H2Q5Y0	FP	TN	Family0066745	p0_c0_r0	both_directions	direct_edge	1	1.5417958819135915	21576673	tr|F1NZ04|F1NZ04_CHICK,tr|H2Q5Y0|H2Q5Y0_PANTR
BAR	F1NZ04	H2Q5Y0	FP	TN	Family0066745	p0_c0_r1	both_directions	direct_edge	1	1.5417958819135915	21576673	tr|F1NZ04|F1NZ04_CHICK,tr|H2Q5Y0|H2Q5Y0_PANTR
BAR	F1NZ04	H2R019	FP	TN	Family0066745	p0_c0_r0	both_directions	direct_edge	1	1.1842998487128829	21576675	tr|F1NZ04|F1NZ04_CHICK,tr|H2R019|H2R019_PANTR
BAR	F1NZ04	H2R019	FP	TN	Family0066745	p0_c0_r1	both_directions	direct_edge	1	1.1842998487128829	21576675	tr|F1NZ04|F1NZ04_CHICK,tr|H2R019|H2R019_PANTR
BAR	F1NZ04	P49418	FP	TN	Family0066745	p0_c0_r0	both_directions	direct_edge	1	1.0951791171950795	2793846	tr|F1NZ04|F1NZ04_CHICK,sp|P49418|AMPH_HUMAN
BAR	F1NZ04	P49418	FP	TN	Family0066745	p0_c0_r1	both_directions	direct_edge	1	1.0951791171950795	2793846	tr|F1NZ04|F1NZ04_CHICK,sp|P49418|AMPH_HUMAN
BAR	F1NZ04	Q68FR2	FP	TN	Family0066745	p0_c0_r0	no_direct_hit	indirect_path	2			tr|F1NZ04|F1NZ04_CHICK,sp|P50478|AMPH_CHICK,sp|Q68FR2|BIN2_RAT
BAR	F1NZ04	Q68FR2	FP	TN	Family0066745	p0_c0_r1	no_direct_hit	indirect_path	2			tr|F1NZ04|F1NZ04_CHICK,sp|P50478|AMPH_CHICK,sp|Q68FR2|BIN2_RAT
BAR	F1NZ04	Q7TQF7	FP	TN	Family0066745	p0_c0_r0	both_directions	direct_edge	1	1.116868193754524	5819004	tr|F1NZ04|F1NZ04_CHICK,sp|Q7TQF7|AMPH_MOUSE
BAR	F1NZ04	Q7TQF7	FP	TN	Family0066745	p0_c0_r1	both_directions	direct_edge	1	1.116868193754524	5819004	tr|F1NZ04|F1NZ04_CHICK,sp|Q7TQF7|AMPH_MOUSE
BAR	F1NZ04	Q9UBW5	FP	TN	Family0066745	p0_c0_r0	no_direct_hit	indirect_path	2			tr|F1NZ04|F1NZ04_CHICK,sp|P50478|AMPH_CHICK,sp|Q9UBW5|BIN2_HUMAN
BAR	F1NZ04	Q9UBW5	FP	TN	Family0066745	p0_c0_r1	no_direct_hit	indirect_path	2			tr|F1NZ04|F1NZ04_CHICK,sp|P50478|AMPH_CHICK,sp|Q9UBW5|BIN2_HUMAN
BAR	F1PZH8	F1QK94	FP	TN	Family0066745	p0_c0_r0	no_direct_hit	indirect_path	2			tr|F1PZH8|F1PZH8_CANLF,sp|O08839|BIN1_RAT,tr|F1QK94|F1QK94_DANRE
BAR	F1PZH8	F1QK94	FP	TN	Family0066745	p0_c0_r1	no_direct_hit	indirect_path	2			tr|F1PZH8|F1PZH8_CANLF,sp|O08839|BIN1_RAT,tr|F1QK94|F1QK94_DANRE
BAR	F1PZH8	G3R5Y4	FP	TN	Family0066745	p0_c0_r0	no_direct_hit	indirect_path	2			tr|F1PZH8|F1PZH8_CANLF,sp|O08839|BIN1_RAT,tr|G3R5Y4|G3R5Y4_GORGO
BAR	F1PZH8	G3R5Y4	FP	TN	Family0066745	p0_c0_r1	no_direct_hit	indirect_path	2			tr|F1PZH8|F1PZH8_CANLF,sp|O08839|BIN1_RAT,tr|G3R5Y4|G3R5Y4_GORGO
BAR	F1PZH8	G3RIZ8	FP	TN	Family0066745	p0_c0_r0	no_direct_hit	indirect_path	2			tr|F1PZH8|F1PZH8_CANLF,sp|O08839|BIN1_RAT,tr|G3RIZ8|G3RIZ8_GORGO
BAR	F1PZH8	G3RIZ8	FP	TN	Family0066745	p0_c0_r1	no_direct_hit	indirect_path	2			tr|F1PZH8|F1PZH8_CANLF,sp|O08839|BIN1_RAT,tr|G3RIZ8|G3RIZ8_GORGO
BAR	F1PZH8	H2QIN5	FP	TN	Family0066745	p0_c0_r0	no_direct_hit	indirect_path	2			tr|F1PZH8|F1PZH8_CANLF,sp|O08839|BIN1_RAT,tr|H2QIN5|H2QIN5_PANTR
BAR	F1PZH8	H2QIN5	FP	TN	Family0066745	p0_c0_r1	no_direct_hit	indirect_path	2			tr|F1PZH8|F1PZH8_CANLF,sp|O08839|BIN1_RAT,tr|H2QIN5|H2QIN5_PANTR
BAR	F1PZH8	H2R019	FP	TN	Family0066745	p0_c0_r0	no_direct_hit	indirect_path	2			tr|F1PZH8|F1PZH8_CANLF,sp|O08839|BIN1_RAT,tr|H2R019|H2R019_PANTR
BAR	F1PZH8	H2R019	FP	TN	Family0066745	p0_c0_r1	no_direct_hit	indirect_path	2			tr|F1PZH8|F1PZH8_CANLF,sp|O08839|BIN1_RAT,tr|H2R019|H2R019_PANTR
BAR	F1PZH8	O00499	FP	TN	Family0066745	p0_c0_r0	no_direct_hit	indirect_path	2			tr|F1PZH8|F1PZH8_CANLF,sp|O08839|BIN1_RAT,sp|O00499|BIN1_HUMAN
BAR	F1PZH8	O00499	FP	TN	Family0066745	p0_c0_r1	no_direct_hit	indirect_path	2			tr|F1PZH8|F1PZH8_CANLF,sp|O08839|BIN1_RAT,sp|O00499|BIN1_HUMAN
BAR	F1PZH8	O08539	FP	TN	Family0066745	p0_c0_r0	no_direct_hit	indirect_path	2			tr|F1PZH8|F1PZH8_CANLF,sp|O08839|BIN1_RAT,sp|O08539|BIN1_MOUSE
BAR	F1PZH8	O08539	FP	TN	Family0066745	p0_c0_r1	no_direct_hit	indirect_path	2			tr|F1PZH8|F1PZH8_CANLF,sp|O08839|BIN1_RAT,sp|O08539|BIN1_MOUSE
BAR	F1PZH8	O08839	FP	TN	Family0066745	p0_c0_r0	one_direction	direct_edge	1	1.1334722573970524	606320	tr|F1PZH8|F1PZH8_CANLF,sp|O08839|BIN1_RAT
BAR	F1PZH8	O08839	FP	TN	Family0066745	p0_c0_r1	one_direction	direct_edge	1	1.1334722573970524	606320	tr|F1PZH8|F1PZH8_CANLF,sp|O08839|BIN1_RAT
BAR	F1PZH8	P49418	FP	TN	Family0066745	p0_c0_r0	no_direct_hit	indirect_path	2			tr|F1PZH8|F1PZH8_CANLF,sp|O08839|BIN1_RAT,sp|P49418|AMPH_HUMAN
BAR	F1PZH8	P49418	FP	TN	Family0066745	p0_c0_r1	no_direct_hit	indirect_path	2			tr|F1PZH8|F1PZH8_CANLF,sp|O08839|BIN1_RAT,sp|P49418|AMPH_HUMAN
BAR	F1PZH8	Q7TQF7	FP	TN	Family0066745	p0_c0_r0	no_direct_hit	indirect_path	2			tr|F1PZH8|F1PZH8_CANLF,sp|O08839|BIN1_RAT,sp|Q7TQF7|AMPH_MOUSE
BAR	F1PZH8	Q7TQF7	FP	TN	Family0066745	p0_c0_r1	no_direct_hit	indirect_path	2			tr|F1PZH8|F1PZH8_CANLF,sp|O08839|BIN1_RAT,sp|Q7TQF7|AMPH_MOUSE
BAR	F1QJB5	G3R5Y4	FP	TN	Family0066745	p0_c0_r0	both_directions	direct_edge	1	1.0191006298152963	21763011	tr|F1QJB5|F1QJB5_DANRE,tr|G3R5Y4|G3R5Y4_GORGO
BAR	F1QJB5	G3R5Y4	FP	TN	Family0066745	p0_c0_r1	both_directions	direct_edge	1	1.0191006298152963	21763011	tr|F1QJB5|F1QJB5_DANRE,tr|G3R5Y4|G3R5Y4_GORGO
BAR	F1QJB5	G3RIZ8	FP	TN	Family0066745	p0_c0_r0	both_directions	direct_edge	1	1.1606767647005127	21763012	tr|F1QJB5|F1QJB5_DANRE,tr|G3RIZ8|G3RIZ8_GORGO
BAR	F1QJB5	G3RIZ8	FP	TN	Family0066745	p0_c0_r1	both_directions	direct_edge	1	1.1606767647005127	21763012	tr|F1QJB5|F1QJB5_DANRE,tr|G3RIZ8|G3RIZ8_GORGO
BAR	F1QJB5	H2QIN5	FP	TN	Family0066745	p0_c0_r0	both_directions	direct_edge	1	1.1567818652450277	21763014	tr|F1QJB5|F1QJB5_DANRE,tr|H2QIN5|H2QIN5_PANTR
BAR	F1QJB5	H2QIN5	FP	TN	Family0066745	p0_c0_r1	both_directions	direct_edge	1	1.1567818652450277	21763014	tr|F1QJB5|F1QJB5_DANRE,tr|H2QIN5|H2QIN5_PANTR
BAR	F1QJB5	H2R019	FP	TN	Family0066745	p0_c0_r0	both_directions	direct_edge	1	1.1586317180602042	21763015	tr|F1QJB5|F1QJB5_DANRE,tr|H2R019|H2R019_PANTR
BAR	F1QJB5	H2R019	FP	TN	Family0066745	p0_c0_r1	both_directions	direct_edge	1	1.1586317180602042	21763015	tr|F1QJB5|F1QJB5_DANRE,tr|H2R019|H2R019_PANTR
BAR	F1QJB5	O00499	FP	TN	Family0066745	p0_c0_r0	both_directions	direct_edge	1	1.1606767647005127	549720	tr|F1QJB5|F1QJB5_DANRE,sp|O00499|BIN1_HUMAN
BAR	F1QJB5	O00499	FP	TN	Family0066745	p0_c0_r1	both_directions	direct_edge	1	1.1606767647005127	549720	tr|F1QJB5|F1QJB5_DANRE,sp|O00499|BIN1_HUMAN
BAR	F1QJB5	O08539	FP	TN	Family0066745	p0_c0_r0	both_directions	direct_edge	1	1.1692042633076842	593391	tr|F1QJB5|F1QJB5_DANRE,sp|O08539|BIN1_MOUSE
BAR	F1QJB5	O08539	FP	TN	Family0066745	p0_c0_r1	both_directions	direct_edge	1	1.1692042633076842	593391	tr|F1QJB5|F1QJB5_DANRE,sp|O08539|BIN1_MOUSE
BAR	F1QJB5	O08839	FP	TN	Family0066745	p0_c0_r0	both_directions	direct_edge	1	1.1710058107087746	606321	tr|F1QJB5|F1QJB5_DANRE,sp|O08839|BIN1_RAT
BAR	F1QJB5	O08839	FP	TN	Family0066745	p0_c0_r1	both_directions	direct_edge	1	1.1710058107087746	606321	tr|F1QJB5|F1QJB5_DANRE,sp|O08839|BIN1_RAT
BAR	F1QJB5	P49418	FP	TN	Family0066745	p0_c0_r0	both_directions	direct_edge	1	1.0191006298152963	2793848	tr|F1QJB5|F1QJB5_DANRE,sp|P49418|AMPH_HUMAN
BAR	F1QJB5	P49418	FP	TN	Family0066745	p0_c0_r1	both_directions	direct_edge	1	1.0191006298152963	2793848	tr|F1QJB5|F1QJB5_DANRE,sp|P49418|AMPH_HUMAN
BAR	F1QJB5	Q7TQF7	FP	TN	Family0066745	p0_c0_r0	both_directions	direct_edge	1	1.0657937197637875	5819006	tr|F1QJB5|F1QJB5_DANRE,sp|Q7TQF7|AMPH_MOUSE
BAR	F1QJB5	Q7TQF7	FP	TN	Family0066745	p0_c0_r1	both_directions	direct_edge	1	1.0657937197637875	5819006	tr|F1QJB5|F1QJB5_DANRE,sp|Q7TQF7|AMPH_MOUSE
BAR	F1QK94	G3RIZ8	FP	TN	Family0066745	p0_c0_r0	both_directions	direct_edge	1	0.8359676616809172	21765812	tr|F1QK94|F1QK94_DANRE,tr|G3RIZ8|G3RIZ8_GORGO
BAR	F1QK94	G3RIZ8	FP	TN	Family0066745	p0_c0_r1	both_directions	direct_edge	1	0.8359676616809172	21765812	tr|F1QK94|F1QK94_DANRE,tr|G3RIZ8|G3RIZ8_GORGO
BAR	F1QK94	H2Q5Y0	FP	TN	Family0066745	p0_c0_r0	no_direct_hit	indirect_path	2			tr|F1QK94|F1QK94_DANRE,sp|O00499|BIN1_HUMAN,tr|H2Q5Y0|H2Q5Y0_PANTR
BAR	F1QK94	H2Q5Y0	FP	TN	Family0066745	p0_c0_r1	no_direct_hit	indirect_path	2			tr|F1QK94|F1QK94_DANRE,sp|O00499|BIN1_HUMAN,tr|H2Q5Y0|H2Q5Y0_PANTR
BAR	F1QK94	H2QIN5	FP	TN	Family0066745	p0_c0_r0	both_directions	direct_edge	1	0.8331623931605948	21765814	tr|F1QK94|F1QK94_DANRE,tr|H2QIN5|H2QIN5_PANTR
BAR	F1QK94	H2QIN5	FP	TN	Family0066745	p0_c0_r1	both_directions	direct_edge	1	0.8331623931605948	21765814	tr|F1QK94|F1QK94_DANRE,tr|H2QIN5|H2QIN5_PANTR
BAR	F1QK94	O00499	FP	TN	Family0066745	p0_c0_r0	both_directions	direct_edge	1	0.8359676616809172	549721	tr|F1QK94|F1QK94_DANRE,sp|O00499|BIN1_HUMAN
BAR	F1QK94	O00499	FP	TN	Family0066745	p0_c0_r1	both_directions	direct_edge	1	0.8359676616809172	549721	tr|F1QK94|F1QK94_DANRE,sp|O00499|BIN1_HUMAN
BAR	F1QK94	O08539	FP	TN	Family0066745	p0_c0_r0	both_directions	direct_edge	1	0.8350959250778515	593392	tr|F1QK94|F1QK94_DANRE,sp|O08539|BIN1_MOUSE
BAR	F1QK94	O08539	FP	TN	Family0066745	p0_c0_r1	both_directions	direct_edge	1	0.8350959250778515	593392	tr|F1QK94|F1QK94_DANRE,sp|O08539|BIN1_MOUSE
BAR	F1QK94	O08839	FP	TN	Family0066745	p0_c0_r0	both_directions	direct_edge	1	0.8350959250778515	606322	tr|F1QK94|F1QK94_DANRE,sp|O08839|BIN1_RAT
BAR	F1QK94	O08839	FP	TN	Family0066745	p0_c0_r1	both_directions	direct_edge	1	0.8350959250778515	606322	tr|F1QK94|F1QK94_DANRE,sp|O08839|BIN1_RAT
BAR	F1QK94	Q5ZKL7	FP	TN	Family0066745	p0_c0_r0	no_direct_hit	indirect_path	2			tr|F1QK94|F1QK94_DANRE,tr|A0A5F8HE31|A0A5F8HE31_MONDO,sp|Q5ZKL7|BIN2_CHICK
BAR	F1QK94	Q5ZKL7	FP	TN	Family0066745	p0_c0_r1	no_direct_hit	indirect_path	2			tr|F1QK94|F1QK94_DANRE,tr|A0A5F8HE31|A0A5F8HE31_MONDO,sp|Q5ZKL7|BIN2_CHICK
BAR	F1QK94	Q68FR2	FP	TN	Family0066745	p0_c0_r0	no_direct_hit	indirect_path	2			tr|F1QK94|F1QK94_DANRE,sp|P50478|AMPH_CHICK,sp|Q68FR2|BIN2_RAT
BAR	F1QK94	Q68FR2	FP	TN	Family0066745	p0_c0_r1	no_direct_hit	indirect_path	2			tr|F1QK94|F1QK94_DANRE,sp|P50478|AMPH_CHICK,sp|Q68FR2|BIN2_RAT
BAR	F1QK94	Q9UBW5	FP	TN	Family0066745	p0_c0_r0	no_direct_hit	indirect_path	2			tr|F1QK94|F1QK94_DANRE,sp|P50478|AMPH_CHICK,sp|Q9UBW5|BIN2_HUMAN
BAR	F1QK94	Q9UBW5	FP	TN	Family0066745	p0_c0_r1	no_direct_hit	indirect_path	2			tr|F1QK94|F1QK94_DANRE,sp|P50478|AMPH_CHICK,sp|Q9UBW5|BIN2_HUMAN
BAR	G3R5Y4	H2Q5Y0	FP	TN	Family0066745	p0_c0_r0	no_direct_hit	indirect_path	2			tr|G3R5Y4|G3R5Y4_GORGO,sp|O00499|BIN1_HUMAN,tr|H2Q5Y0|H2Q5Y0_PANTR
BAR	G3R5Y4	H2Q5Y0	FP	TN	Family0066745	p0_c0_r1	no_direct_hit	indirect_path	2			tr|G3R5Y4|G3R5Y4_GORGO,sp|O00499|BIN1_HUMAN,tr|H2Q5Y0|H2Q5Y0_PANTR
BAR	G3R5Y4	H2QIN5	FP	TN	Family0066745	p0_c0_r0	both_directions	direct_edge	1	0.9501055484130901	22928940	tr|G3R5Y4|G3R5Y4_GORGO,tr|H2QIN5|H2QIN5_PANTR
BAR	G3R5Y4	H2QIN5	FP	TN	Family0066745	p0_c0_r1	both_directions	direct_edge	1	0.9501055484130901	22928940	tr|G3R5Y4|G3R5Y4_GORGO,tr|H2QIN5|H2QIN5_PANTR
BAR	G3R5Y4	O00499	FP	TN	Family0066745	p0_c0_r0	both_directions	direct_edge	1	0.9533045660449784	549723	tr|G3R5Y4|G3R5Y4_GORGO,sp|O00499|BIN1_HUMAN
BAR	G3R5Y4	O00499	FP	TN	Family0066745	p0_c0_r1	both_directions	direct_edge	1	0.9533045660449784	549723	tr|G3R5Y4|G3R5Y4_GORGO,sp|O00499|BIN1_HUMAN
BAR	G3R5Y4	O08539	FP	TN	Family0066745	p0_c0_r0	both_directions	direct_edge	1	0.9526562637355261	593393	tr|G3R5Y4|G3R5Y4_GORGO,sp|O08539|BIN1_MOUSE
BAR	G3R5Y4	O08539	FP	TN	Family0066745	p0_c0_r1	both_directions	direct_edge	1	0.9526562637355261	593393	tr|G3R5Y4|G3R5Y4_GORGO,sp|O08539|BIN1_MOUSE
BAR	G3R5Y4	O08839	FP	TN	Family0066745	p0_c0_r0	both_directions	direct_edge	1	0.9526562637355261	606323	tr|G3R5Y4|G3R5Y4_GORGO,sp|O08839|BIN1_RAT
BAR	G3R5Y4	O08839	FP	TN	Family0066745	p0_c0_r1	both_directions	direct_edge	1	0.9526562637355261	606323	tr|G3R5Y4|G3R5Y4_GORGO,sp|O08839|BIN1_RAT
BAR	G3R5Y4	Q5ZKL7	FP	TN	Family0066745	p0_c0_r0	no_direct_hit	indirect_path	2			tr|G3R5Y4|G3R5Y4_GORGO,tr|A0A5F8HE31|A0A5F8HE31_MONDO,sp|Q5ZKL7|BIN2_CHICK
BAR	G3R5Y4	Q5ZKL7	FP	TN	Family0066745	p0_c0_r1	no_direct_hit	indirect_path	2			tr|G3R5Y4|G3R5Y4_GORGO,tr|A0A5F8HE31|A0A5F8HE31_MONDO,sp|Q5ZKL7|BIN2_CHICK
BAR	G3R5Y4	Q68FR2	FP	TN	Family0066745	p0_c0_r0	no_direct_hit	indirect_path	2			tr|G3R5Y4|G3R5Y4_GORGO,sp|P50478|AMPH_CHICK,sp|Q68FR2|BIN2_RAT
BAR	G3R5Y4	Q68FR2	FP	TN	Family0066745	p0_c0_r1	no_direct_hit	indirect_path	2			tr|G3R5Y4|G3R5Y4_GORGO,sp|P50478|AMPH_CHICK,sp|Q68FR2|BIN2_RAT
BAR	G3R5Y4	Q9UBW5	FP	TN	Family0066745	p0_c0_r0	no_direct_hit	indirect_path	2			tr|G3R5Y4|G3R5Y4_GORGO,sp|P50478|AMPH_CHICK,sp|Q9UBW5|BIN2_HUMAN
BAR	G3R5Y4	Q9UBW5	FP	TN	Family0066745	p0_c0_r1	no_direct_hit	indirect_path	2			tr|G3R5Y4|G3R5Y4_GORGO,sp|P50478|AMPH_CHICK,sp|Q9UBW5|BIN2_HUMAN
BAR	G3RIZ8	H2Q5Y0	FP	TN	Family0066745	p0_c0_r0	both_directions	direct_edge	1	1.1630317804396053	22994709	tr|G3RIZ8|G3RIZ8_GORGO,tr|H2Q5Y0|H2Q5Y0_PANTR
BAR	G3RIZ8	H2Q5Y0	FP	TN	Family0066745	p0_c0_r1	both_directions	direct_edge	1	1.1630317804396053	22994709	tr|G3RIZ8|G3RIZ8_GORGO,tr|H2Q5Y0|H2Q5Y0_PANTR
BAR	G3RIZ8	H2R019	FP	TN	Family0066745	p0_c0_r0	both_directions	direct_edge	1	1.1907507338219978	22994711	tr|G3RIZ8|G3RIZ8_GORGO,tr|H2R019|H2R019_PANTR
BAR	G3RIZ8	H2R019	FP	TN	Family0066745	p0_c0_r1	both_directions	direct_edge	1	1.1907507338219978	22994711	tr|G3RIZ8|G3RIZ8_GORGO,tr|H2R019|H2R019_PANTR
BAR	G3RIZ8	P49418	FP	TN	Family0066745	p0_c0_r0	both_directions	direct_edge	1	0.9533045660449784	2793852	tr|G3RIZ8|G3RIZ8_GORGO,sp|P49418|AMPH_HUMAN
BAR	G3RIZ8	P49418	FP	TN	Family0066745	p0_c0_r1	both_directions	direct_edge	1	0.9533045660449784	2793852	tr|G3RIZ8|G3RIZ8_GORGO,sp|P49418|AMPH_HUMAN
BAR	G3RIZ8	Q5ZKL7	FP	TN	Family0066745	p0_c0_r0	no_direct_hit	indirect_path	2			tr|G3RIZ8|G3RIZ8_GORGO,tr|A0A5F8HE31|A0A5F8HE31_MONDO,sp|Q5ZKL7|BIN2_CHICK
BAR	G3RIZ8	Q5ZKL7	FP	TN	Family0066745	p0_c0_r1	no_direct_hit	indirect_path	2			tr|G3RIZ8|G3RIZ8_GORGO,tr|A0A5F8HE31|A0A5F8HE31_MONDO,sp|Q5ZKL7|BIN2_CHICK
BAR	G3RIZ8	Q68FR2	FP	TN	Family0066745	p0_c0_r0	no_direct_hit	indirect_path	2			tr|G3RIZ8|G3RIZ8_GORGO,sp|P50478|AMPH_CHICK,sp|Q68FR2|BIN2_RAT
BAR	G3RIZ8	Q68FR2	FP	TN	Family0066745	p0_c0_r1	no_direct_hit	indirect_path	2			tr|G3RIZ8|G3RIZ8_GORGO,sp|P50478|AMPH_CHICK,sp|Q68FR2|BIN2_RAT
BAR	G3RIZ8	Q7TQF7	FP	TN	Family0066745	p0_c0_r0	both_directions	direct_edge	1	1.0410669868427112	5819010	tr|G3RIZ8|G3RIZ8_GORGO,sp|Q7TQF7|AMPH_MOUSE
BAR	G3RIZ8	Q7TQF7	FP	TN	Family0066745	p0_c0_r1	both_directions	direct_edge	1	1.0410669868427112	5819010	tr|G3RIZ8|G3RIZ8_GORGO,sp|Q7TQF7|AMPH_MOUSE
BAR	G3RIZ8	Q9UBW5	FP	TN	Family0066745	p0_c0_r0	no_direct_hit	indirect_path	2			tr|G3RIZ8|G3RIZ8_GORGO,sp|P50478|AMPH_CHICK,sp|Q9UBW5|BIN2_HUMAN
BAR	G3RIZ8	Q9UBW5	FP	TN	Family0066745	p0_c0_r1	no_direct_hit	indirect_path	2			tr|G3RIZ8|G3RIZ8_GORGO,sp|P50478|AMPH_CHICK,sp|Q9UBW5|BIN2_HUMAN
BAR	H2Q5Y0	O00499	FP	TN	Family0066745	p0_c0_r0	both_directions	direct_edge	1	1.1630317804396053	549725	tr|H2Q5Y0|H2Q5Y0_PANTR,sp|O00499|BIN1_HUMAN
BAR	H2Q5Y0	O00499	FP	TN	Family0066745	p0_c0_r1	both_directions	direct_edge	1	1.1630317804396053	549725	tr|H2Q5Y0|H2Q5Y0_PANTR,sp|O00499|BIN1_HUMAN
BAR	H2Q5Y0	O08539	FP	TN	Family0066745	p0_c0_r0	both_directions	direct_edge	1	1.188219924585401	593395	tr|H2Q5Y0|H2Q5Y0_PANTR,sp|O08539|BIN1_MOUSE
BAR	H2Q5Y0	O08539	FP	TN	Family0066745	p0_c0_r1	both_directions	direct_edge	1	1.188219924585401	593395	tr|H2Q5Y0|H2Q5Y0_PANTR,sp|O08539|BIN1_MOUSE
BAR	H2Q5Y0	O08839	FP	TN	Family0066745	p0_c0_r0	both_directions	direct_edge	1	1.1932833617640322	606325	tr|H2Q5Y0|H2Q5Y0_PANTR,sp|O08839|BIN1_RAT
BAR	H2Q5Y0	O08839	FP	TN	Family0066745	p0_c0_r1	both_directions	direct_edge	1	1.1932833617640322	606325	tr|H2Q5Y0|H2Q5Y0_PANTR,sp|O08839|BIN1_RAT
BAR	H2Q5Y0	P49418	FP	TN	Family0066745	p0_c0_r0	no_direct_hit	indirect_path	2			tr|H2Q5Y0|H2Q5Y0_PANTR,sp|O00499|BIN1_HUMAN,sp|P49418|AMPH_HUMAN
BAR	H2Q5Y0	P49418	FP	TN	Family0066745	p0_c0_r1	no_direct_hit	indirect_path	2			tr|H2Q5Y0|H2Q5Y0_PANTR,sp|O00499|BIN1_HUMAN,sp|P49418|AMPH_HUMAN
BAR	H2Q5Y0	Q7TQF7	FP	TN	Family0066745	p0_c0_r0	no_direct_hit	indirect_path	2			tr|H2Q5Y0|H2Q5Y0_PANTR,sp|O00499|BIN1_HUMAN,sp|Q7TQF7|AMPH_MOUSE
BAR	H2Q5Y0	Q7TQF7	FP	TN	Family0066745	p0_c0_r1	no_direct_hit	indirect_path	2			tr|H2Q5Y0|H2Q5Y0_PANTR,sp|O00499|BIN1_HUMAN,sp|Q7TQF7|AMPH_MOUSE
BAR	H2Q5Y0	Q9UBW5	TP	FN	Family0066745	p0_c0_r0	both_directions	direct_edge	1	4.788390928716943	7779215	tr|H2Q5Y0|H2Q5Y0_PANTR,sp|Q9UBW5|BIN2_HUMAN
BAR	H2Q5Y0	Q9UBW5	TP	FN	Family0066745	p0_c0_r1	both_directions	direct_edge	1	4.788390928716943	7779215	tr|H2Q5Y0|H2Q5Y0_PANTR,sp|Q9UBW5|BIN2_HUMAN
BAR	H2QIN5	P49418	FP	TN	Family0066745	p0_c0_r0	both_directions	direct_edge	1	0.9501055484130901	2793854	tr|H2QIN5|H2QIN5_PANTR,sp|P49418|AMPH_HUMAN
BAR	H2QIN5	P49418	FP	TN	Family0066745	p0_c0_r1	both_directions	direct_edge	1	0.9501055484130901	2793854	tr|H2QIN5|H2QIN5_PANTR,sp|P49418|AMPH_HUMAN
BAR	H2QIN5	Q5ZKL7	FP	TN	Family0066745	p0_c0_r0	no_direct_hit	indirect_path	2			tr|H2QIN5|H2QIN5_PANTR,tr|A0A5F8HE31|A0A5F8HE31_MONDO,sp|Q5ZKL7|BIN2_CHICK
BAR	H2QIN5	Q5ZKL7	FP	TN	Family0066745	p0_c0_r1	no_direct_hit	indirect_path	2			tr|H2QIN5|H2QIN5_PANTR,tr|A0A5F8HE31|A0A5F8HE31_MONDO,sp|Q5ZKL7|BIN2_CHICK
BAR	H2QIN5	Q68FR2	FP	TN	Family0066745	p0_c0_r0	no_direct_hit	indirect_path	2			tr|H2QIN5|H2QIN5_PANTR,sp|P50478|AMPH_CHICK,sp|Q68FR2|BIN2_RAT
BAR	H2QIN5	Q68FR2	FP	TN	Family0066745	p0_c0_r1	no_direct_hit	indirect_path	2			tr|H2QIN5|H2QIN5_PANTR,sp|P50478|AMPH_CHICK,sp|Q68FR2|BIN2_RAT
BAR	H2QIN5	Q7TQF7	FP	TN	Family0066745	p0_c0_r0	both_directions	direct_edge	1	1.0610126231821215	5819012	tr|H2QIN5|H2QIN5_PANTR,sp|Q7TQF7|AMPH_MOUSE
BAR	H2QIN5	Q7TQF7	FP	TN	Family0066745	p0_c0_r1	both_directions	direct_edge	1	1.0610126231821215	5819012	tr|H2QIN5|H2QIN5_PANTR,sp|Q7TQF7|AMPH_MOUSE
BAR	H2QIN5	Q9UBW5	FP	TN	Family0066745	p0_c0_r0	both_directions	direct_edge	1	1.2001109231627864	7779216	tr|H2QIN5|H2QIN5_PANTR,sp|Q9UBW5|BIN2_HUMAN
BAR	H2QIN5	Q9UBW5	FP	TN	Family0066745	p0_c0_r1	both_directions	direct_edge	1	1.2001109231627864	7779216	tr|H2QIN5|H2QIN5_PANTR,sp|Q9UBW5|BIN2_HUMAN
BAR	H2R019	O00499	FP	TN	Family0066745	p0_c0_r0	both_directions	direct_edge	1	1.189163066176902	549727	tr|H2R019|H2R019_PANTR,sp|O00499|BIN1_HUMAN
BAR	H2R019	O00499	FP	TN	Family0066745	p0_c0_r1	both_directions	direct_edge	1	1.189163066176902	549727	tr|H2R019|H2R019_PANTR,sp|O00499|BIN1_HUMAN
BAR	H2R019	O08539	FP	TN	Family0066745	p0_c0_r0	both_directions	direct_edge	1	1.1415930085967056	593397	tr|H2R019|H2R019_PANTR,sp|O08539|BIN1_MOUSE
BAR	H2R019	O08539	FP	TN	Family0066745	p0_c0_r1	both_directions	direct_edge	1	1.1415930085967056	593397	tr|H2R019|H2R019_PANTR,sp|O08539|BIN1_MOUSE
BAR	H2R019	O08839	FP	TN	Family0066745	p0_c0_r0	both_directions	direct_edge	1	1.139998604953414	606327	tr|H2R019|H2R019_PANTR,sp|O08839|BIN1_RAT
BAR	H2R019	O08839	FP	TN	Family0066745	p0_c0_r1	both_directions	direct_edge	1	1.139998604953414	606327	tr|H2R019|H2R019_PANTR,sp|O08839|BIN1_RAT
BAR	H2R019	Q5ZKL7	FP	TN	Family0066745	p0_c0_r0	no_direct_hit	indirect_path	2			tr|H2R019|H2R019_PANTR,tr|A0A5F8HE31|A0A5F8HE31_MONDO,sp|Q5ZKL7|BIN2_CHICK
BAR	H2R019	Q5ZKL7	FP	TN	Family0066745	p0_c0_r1	no_direct_hit	indirect_path	2			tr|H2R019|H2R019_PANTR,tr|A0A5F8HE31|A0A5F8HE31_MONDO,sp|Q5ZKL7|BIN2_CHICK
BAR	H2R019	Q68FR2	FP	TN	Family0066745	p0_c0_r0	no_direct_hit	indirect_path	2			tr|H2R019|H2R019_PANTR,sp|P50478|AMPH_CHICK,sp|Q68FR2|BIN2_RAT
BAR	H2R019	Q68FR2	FP	TN	Family0066745	p0_c0_r1	no_direct_hit	indirect_path	2			tr|H2R019|H2R019_PANTR,sp|P50478|AMPH_CHICK,sp|Q68FR2|BIN2_RAT
BAR	H2R019	Q9UBW5	FP	TN	Family0066745	p0_c0_r0	no_direct_hit	indirect_path	2			tr|H2R019|H2R019_PANTR,sp|P50478|AMPH_CHICK,sp|Q9UBW5|BIN2_HUMAN
BAR	H2R019	Q9UBW5	FP	TN	Family0066745	p0_c0_r1	no_direct_hit	indirect_path	2			tr|H2R019|H2R019_PANTR,sp|P50478|AMPH_CHICK,sp|Q9UBW5|BIN2_HUMAN
BAR	O00499	Q5ZKL7	FP	TN	Family0066745	p0_c0_r0	no_direct_hit	indirect_path	2			sp|O00499|BIN1_HUMAN,tr|A0A5F8HE31|A0A5F8HE31_MONDO,sp|Q5ZKL7|BIN2_CHICK
BAR	O00499	Q5ZKL7	FP	TN	Family0066745	p0_c0_r1	no_direct_hit	indirect_path	2			sp|O00499|BIN1_HUMAN,tr|A0A5F8HE31|A0A5F8HE31_MONDO,sp|Q5ZKL7|BIN2_CHICK
BAR	O00499	Q68FR2	FP	TN	Family0066745	p0_c0_r0	no_direct_hit	indirect_path	2			sp|O00499|BIN1_HUMAN,sp|P50478|AMPH_CHICK,sp|Q68FR2|BIN2_RAT
BAR	O00499	Q68FR2	FP	TN	Family0066745	p0_c0_r1	no_direct_hit	indirect_path	2			sp|O00499|BIN1_HUMAN,sp|P50478|AMPH_CHICK,sp|Q68FR2|BIN2_RAT
BAR	O00499	Q7TQF7	FP	TN	Family0066745	p0_c0_r0	both_directions	direct_edge	1	1.0347954989701647	549704	sp|O00499|BIN1_HUMAN,sp|Q7TQF7|AMPH_MOUSE
BAR	O00499	Q7TQF7	FP	TN	Family0066745	p0_c0_r1	both_directions	direct_edge	1	1.0347954989701647	549704	sp|O00499|BIN1_HUMAN,sp|Q7TQF7|AMPH_MOUSE
BAR	O08539	P49418	FP	TN	Family0066745	p0_c0_r0	both_directions	direct_edge	1	0.9526562637355261	593372	sp|O08539|BIN1_MOUSE,sp|P49418|AMPH_HUMAN
BAR	O08539	P49418	FP	TN	Family0066745	p0_c0_r1	both_directions	direct_edge	1	0.9526562637355261	593372	sp|O08539|BIN1_MOUSE,sp|P49418|AMPH_HUMAN
BAR	O08539	Q5ZKL7	FP	TN	Family0066745	p0_c0_r0	no_direct_hit	indirect_path	2			sp|O08539|BIN1_MOUSE,tr|A0A5F8HE31|A0A5F8HE31_MONDO,sp|Q5ZKL7|BIN2_CHICK
BAR	O08539	Q5ZKL7	FP	TN	Family0066745	p0_c0_r1	no_direct_hit	indirect_path	2			sp|O08539|BIN1_MOUSE,tr|A0A5F8HE31|A0A5F8HE31_MONDO,sp|Q5ZKL7|BIN2_CHICK
BAR	O08539	Q68FR2	FP	TN	Family0066745	p0_c0_r0	no_direct_hit	indirect_path	2			sp|O08539|BIN1_MOUSE,sp|P50478|AMPH_CHICK,sp|Q68FR2|BIN2_RAT
BAR	O08539	Q68FR2	FP	TN	Family0066745	p0_c0_r1	no_direct_hit	indirect_path	2			sp|O08539|BIN1_MOUSE,sp|P50478|AMPH_CHICK,sp|Q68FR2|BIN2_RAT
BAR	O08539	Q9UBW5	FP	TN	Family0066745	p0_c0_r0	no_direct_hit	indirect_path	2			sp|O08539|BIN1_MOUSE,sp|P50478|AMPH_CHICK,sp|Q9UBW5|BIN2_HUMAN
BAR	O08539	Q9UBW5	FP	TN	Family0066745	p0_c0_r1	no_direct_hit	indirect_path	2			sp|O08539|BIN1_MOUSE,sp|P50478|AMPH_CHICK,sp|Q9UBW5|BIN2_HUMAN
BAR	O08839	P49418	FP	TN	Family0066745	p0_c0_r0	both_directions	direct_edge	1	0.9526562637355261	606303	sp|O08839|BIN1_RAT,sp|P49418|AMPH_HUMAN
BAR	O08839	P49418	FP	TN	Family0066745	p0_c0_r1	both_directions	direct_edge	1	0.9526562637355261	606303	sp|O08839|BIN1_RAT,sp|P49418|AMPH_HUMAN
BAR	O08839	Q5ZKL7	FP	TN	Family0066745	p0_c0_r0	no_direct_hit	indirect_path	2			sp|O08839|BIN1_RAT,tr|A0A5F8HE31|A0A5F8HE31_MONDO,sp|Q5ZKL7|BIN2_CHICK
BAR	O08839	Q5ZKL7	FP	TN	Family0066745	p0_c0_r1	no_direct_hit	indirect_path	2			sp|O08839|BIN1_RAT,tr|A0A5F8HE31|A0A5F8HE31_MONDO,sp|Q5ZKL7|BIN2_CHICK
BAR	O08839	Q7TQF7	FP	TN	Family0066745	p0_c0_r0	both_directions	direct_edge	1	1.0045462987328024	606305	sp|O08839|BIN1_RAT,sp|Q7TQF7|AMPH_MOUSE
BAR	O08839	Q7TQF7	FP	TN	Family0066745	p0_c0_r1	both_directions	direct_edge	1	1.0045462987328024	606305	sp|O08839|BIN1_RAT,sp|Q7TQF7|AMPH_MOUSE
BAR	O08839	Q9UBW5	FP	TN	Family0066745	p0_c0_r0	no_direct_hit	indirect_path	2			sp|O08839|BIN1_RAT,sp|P50478|AMPH_CHICK,sp|Q9UBW5|BIN2_HUMAN
BAR	O08839	Q9UBW5	FP	TN	Family0066745	p0_c0_r1	no_direct_hit	indirect_path	2			sp|O08839|BIN1_RAT,sp|P50478|AMPH_CHICK,sp|Q9UBW5|BIN2_HUMAN
BAR	P49418	Q5ZKL7	FP	TN	Family0066745	p0_c0_r0	no_direct_hit	indirect_path	2			sp|P49418|AMPH_HUMAN,tr|A0A5F8HE31|A0A5F8HE31_MONDO,sp|Q5ZKL7|BIN2_CHICK
BAR	P49418	Q5ZKL7	FP	TN	Family0066745	p0_c0_r1	no_direct_hit	indirect_path	2			sp|P49418|AMPH_HUMAN,tr|A0A5F8HE31|A0A5F8HE31_MONDO,sp|Q5ZKL7|BIN2_CHICK
BAR	P49418	Q68FR2	FP	TN	Family0066745	p0_c0_r0	no_direct_hit	indirect_path	2			sp|P49418|AMPH_HUMAN,sp|P50478|AMPH_CHICK,sp|Q68FR2|BIN2_RAT
BAR	P49418	Q68FR2	FP	TN	Family0066745	p0_c0_r1	no_direct_hit	indirect_path	2			sp|P49418|AMPH_HUMAN,sp|P50478|AMPH_CHICK,sp|Q68FR2|BIN2_RAT
BAR	Q5ZKL7	Q7TQF7	FP	TN	Family0066745	p0_c0_r0	no_direct_hit	indirect_path	2			sp|Q5ZKL7|BIN2_CHICK,tr|A0A5F8HE31|A0A5F8HE31_MONDO,sp|Q7TQF7|AMPH_MOUSE
BAR	Q5ZKL7	Q7TQF7	FP	TN	Family0066745	p0_c0_r1	no_direct_hit	indirect_path	2			sp|Q5ZKL7|BIN2_CHICK,tr|A0A5F8HE31|A0A5F8HE31_MONDO,sp|Q7TQF7|AMPH_MOUSE
BAR	Q68FR2	Q7TQF7	FP	TN	Family0066745	p0_c0_r0	no_direct_hit	indirect_path	2			sp|Q68FR2|BIN2_RAT,sp|P50478|AMPH_CHICK,sp|Q7TQF7|AMPH_MOUSE
BAR	Q68FR2	Q7TQF7	FP	TN	Family0066745	p0_c0_r1	no_direct_hit	indirect_path	2			sp|Q68FR2|BIN2_RAT,sp|P50478|AMPH_CHICK,sp|Q7TQF7|AMPH_MOUSE
BAR	Q7TQF7	Q9UBW5	FP	TN	Family0066745	p0_c0_r0	no_direct_hit	indirect_path	2			sp|Q7TQF7|AMPH_MOUSE,sp|P50478|AMPH_CHICK,sp|Q9UBW5|BIN2_HUMAN
BAR	Q7TQF7	Q9UBW5	FP	TN	Family0066745	p0_c0_r1	no_direct_hit	indirect_path	2			sp|Q7TQF7|AMPH_MOUSE,sp|P50478|AMPH_CHICK,sp|Q9UBW5|BIN2_HUMAN
CASP	Q67X40	Q9CAX3	FP	TN	Family0061565	p0_c0_r0	both_directions	indirect_path	2			sp|Q67X40|CASP3_ORYSJ,sp|B6U045|CASP2_MAIZE,sp|Q9CAX3|CASP2_ARATH
CASP	Q67X40	Q9CAX3	FP	TN	Family0061565	p0_c0_r1	both_directions	indirect_path	2			sp|Q67X40|CASP3_ORYSJ,sp|B6U045|CASP2_MAIZE,sp|Q9CAX3|CASP2_ARATH
CASP	Q67X40	Q9FFZ7	FP	TN	Family0061565	p0_c0_r0	both_directions	indirect_path	2			sp|Q67X40|CASP3_ORYSJ,sp|B6U045|CASP2_MAIZE,sp|Q9FFZ7|CASP4_ARATH
CASP	Q67X40	Q9FFZ7	FP	TN	Family0061565	p0_c0_r1	both_directions	indirect_path	2			sp|Q67X40|CASP3_ORYSJ,sp|B6U045|CASP2_MAIZE,sp|Q9FFZ7|CASP4_ARATH
CASP	Q67X40	Q9SIH4	FP	TN	Family0061565	p0_c0_r0	both_directions	indirect_path	2			sp|Q67X40|CASP3_ORYSJ,sp|B6U045|CASP2_MAIZE,sp|Q9SIH4|CASP1_ARATH
CASP	Q67X40	Q9SIH4	FP	TN	Family0061565	p0_c0_r1	both_directions	indirect_path	2			sp|Q67X40|CASP3_ORYSJ,sp|B6U045|CASP2_MAIZE,sp|Q9SIH4|CASP1_ARATH
CASP	Q67X40	Q9ZQI2	FP	TN	Family0061565	p0_c0_r0	no_direct_hit	indirect_path	2			sp|Q67X40|CASP3_ORYSJ,sp|B6U045|CASP2_MAIZE,sp|Q9ZQI2|CASP3_ARATH
CASP	Q67X40	Q9ZQI2	FP	TN	Family0061565	p0_c0_r1	no_direct_hit	indirect_path	2			sp|Q67X40|CASP3_ORYSJ,sp|B6U045|CASP2_MAIZE,sp|Q9ZQI2|CASP3_ARATH
CASP	Q6EP58	Q9CAX3	FP	TN	Family0061565	p0_c0_r0	both_directions	direct_edge	1	1.9605476152128836	5450697	sp|Q6EP58|CASP7_ORYSJ,sp|Q9CAX3|CASP2_ARATH
CASP	Q6EP58	Q9CAX3	FP	TN	Family0061565	p0_c0_r1	both_directions	direct_edge	1	1.9605476152128836	5450697	sp|Q6EP58|CASP7_ORYSJ,sp|Q9CAX3|CASP2_ARATH
CASP	Q6EP58	Q9FFZ7	FP	TN	Family0061565	p0_c0_r0	no_direct_hit	indirect_path	2			sp|Q6EP58|CASP7_ORYSJ,sp|B6U045|CASP2_MAIZE,sp|Q9FFZ7|CASP4_ARATH
CASP	Q6EP58	Q9FFZ7	FP	TN	Family0061565	p0_c0_r1	no_direct_hit	indirect_path	2			sp|Q6EP58|CASP7_ORYSJ,sp|B6U045|CASP2_MAIZE,sp|Q9FFZ7|CASP4_ARATH
CASP	Q6EP58	Q9SIH4	FP	TN	Family0061565	p0_c0_r0	both_directions	direct_edge	1	1.9264353020537912	5450700	sp|Q6EP58|CASP7_ORYSJ,sp|Q9SIH4|CASP1_ARATH
CASP	Q6EP58	Q9SIH4	FP	TN	Family0061565	p0_c0_r1	both_directions	direct_edge	1	1.9264353020537912	5450700	sp|Q6EP58|CASP7_ORYSJ,sp|Q9SIH4|CASP1_ARATH
CASP	Q6EP58	Q9ZQI2	FP	TN	Family0061565	p0_c0_r0	both_directions	direct_edge	1	1.897867224610612	5450703	sp|Q6EP58|CASP7_ORYSJ,sp|Q9ZQI2|CASP3_ARATH
CASP	Q6EP58	Q9ZQI2	FP	TN	Family0061565	p0_c0_r1	both_directions	direct_edge	1	1.897867224610612	5450703	sp|Q6EP58|CASP7_ORYSJ,sp|Q9ZQI2|CASP3_ARATH
CASP	Q6Z1Y7	Q9LXF3	FP	TN	Family0061565	p0_c0_r0	no_direct_hit	indirect_path	2			sp|Q6Z1Y7|CASP2_ORYSJ,sp|B6U045|CASP2_MAIZE,sp|Q9LXF3|CASP5_ARATH
CASP	Q6Z1Y7	Q9LXF3	FP	TN	Family0061565	p0_c0_r1	no_direct_hit	indirect_path	2			sp|Q6Z1Y7|CASP2_ORYSJ,sp|B6U045|CASP2_MAIZE,sp|Q9LXF3|CASP5_ARATH
CASP	Q6Z1Y7	Q9XI72	FP	TN	Family0061565	p0_c0_r0	no_direct_hit	indirect_path	2			sp|Q6Z1Y7|CASP2_ORYSJ,sp|Q7XPU9|CASP1_ORYSJ,sp|Q9XI72|CSPL2_ARATH
CASP	Q6Z1Y7	Q9XI72	FP	TN	Family0061565	p0_c0_r1	no_direct_hit	indirect_path	2			sp|Q6Z1Y7|CASP2_ORYSJ,sp|Q7XPU9|CASP1_ORYSJ,sp|Q9XI72|CSPL2_ARATH
CASP	Q6Z2U5	Q9CAX3	FP	TN	Family0061565	p0_c0_r0	both_directions	indirect_path	2			sp|Q6Z2U5|CASP4_ORYSJ,sp|B6U045|CASP2_MAIZE,sp|Q9CAX3|CASP2_ARATH
CASP	Q6Z2U5	Q9CAX3	FP	TN	Family0061565	p0_c0_r1	both_directions	indirect_path	2			sp|Q6Z2U5|CASP4_ORYSJ,sp|B6U045|CASP2_MAIZE,sp|Q9CAX3|CASP2_ARATH
CASP	Q6Z2U5	Q9FFZ7	FP	TN	Family0061565	p0_c0_r0	both_directions	indirect_path	2			sp|Q6Z2U5|CASP4_ORYSJ,sp|B6U045|CASP2_MAIZE,sp|Q9FFZ7|CASP4_ARATH
CASP	Q6Z2U5	Q9FFZ7	FP	TN	Family0061565	p0_c0_r1	both_directions	indirect_path	2			sp|Q6Z2U5|CASP4_ORYSJ,sp|B6U045|CASP2_MAIZE,sp|Q9FFZ7|CASP4_ARATH
CASP	Q6Z2U5	Q9SIH4	FP	TN	Family0061565	p0_c0_r0	both_directions	indirect_path	2			sp|Q6Z2U5|CASP4_ORYSJ,sp|B6U045|CASP2_MAIZE,sp|Q9SIH4|CASP1_ARATH
CASP	Q6Z2U5	Q9SIH4	FP	TN	Family0061565	p0_c0_r1	both_directions	indirect_path	2			sp|Q6Z2U5|CASP4_ORYSJ,sp|B6U045|CASP2_MAIZE,sp|Q9SIH4|CASP1_ARATH
CASP	Q6Z2U5	Q9ZQI2	FP	TN	Family0061565	p0_c0_r0	no_direct_hit	indirect_path	2			sp|Q6Z2U5|CASP4_ORYSJ,sp|B6U045|CASP2_MAIZE,sp|Q9ZQI2|CASP3_ARATH
CASP	Q6Z2U5	Q9ZQI2	FP	TN	Family0061565	p0_c0_r1	no_direct_hit	indirect_path	2			sp|Q6Z2U5|CASP4_ORYSJ,sp|B6U045|CASP2_MAIZE,sp|Q9ZQI2|CASP3_ARATH
CASP	Q7XPU9	Q9LXF3	FP	TN	Family0061565	p0_c0_r0	both_directions	direct_edge	1	2.15473455814	5842226	sp|Q7XPU9|CASP1_ORYSJ,sp|Q9LXF3|CASP5_ARATH
CASP	Q7XPU9	Q9LXF3	FP	TN	Family0061565	p0_c0_r1	both_directions	direct_edge	1	2.15473455814	5842226	sp|Q7XPU9|CASP1_ORYSJ,sp|Q9LXF3|CASP5_ARATH
CASP	Q7XPU9	Q9XI72	FP	TN	Family0061565	p0_c0_r0	both_directions	direct_edge	1	1.63608592995546	5842229	sp|Q7XPU9|CASP1_ORYSJ,sp|Q9XI72|CSPL2_ARATH
CASP	Q7XPU9	Q9XI72	FP	TN	Family0061565	p0_c0_r1	both_directions	direct_edge	1	1.63608592995546	5842229	sp|Q7XPU9|CASP1_ORYSJ,sp|Q9XI72|CSPL2_ARATH
CASP	Q7XUV7	Q9CAX3	FP	TN	Family0061565	p0_c0_r0	no_direct_hit	indirect_path	2			sp|Q7XUV7|CASP5_ORYSJ,sp|B6U045|CASP2_MAIZE,sp|Q9CAX3|CASP2_ARATH
CASP	Q7XUV7	Q9CAX3	FP	TN	Family0061565	p0_c0_r1	no_direct_hit	indirect_path	2			sp|Q7XUV7|CASP5_ORYSJ,sp|B6U045|CASP2_MAIZE,sp|Q9CAX3|CASP2_ARATH
CASP	Q7XUV7	Q9FFZ7	FP	TN	Family0061565	p0_c0_r0	no_direct_hit	indirect_path	2			sp|Q7XUV7|CASP5_ORYSJ,sp|B6U045|CASP2_MAIZE,sp|Q9FFZ7|CASP4_ARATH
CASP	Q7XUV7	Q9FFZ7	FP	TN	Family0061565	p0_c0_r1	no_direct_hit	indirect_path	2			sp|Q7XUV7|CASP5_ORYSJ,sp|B6U045|CASP2_MAIZE,sp|Q9FFZ7|CASP4_ARATH
CASP	Q7XUV7	Q9SIH4	FP	TN	Family0061565	p0_c0_r0	both_directions	indirect_path	2			sp|Q7XUV7|CASP5_ORYSJ,sp|B6U045|CASP2_MAIZE,sp|Q9SIH4|CASP1_ARATH
CASP	Q7XUV7	Q9SIH4	FP	TN	Family0061565	p0_c0_r1	both_directions	indirect_path	2			sp|Q7XUV7|CASP5_ORYSJ,sp|B6U045|CASP2_MAIZE,sp|Q9SIH4|CASP1_ARATH
CASP	Q7XUV7	Q9ZQI2	FP	TN	Family0061565	p0_c0_r0	both_directions	indirect_path	2			sp|Q7XUV7|CASP5_ORYSJ,sp|B6U045|CASP2_MAIZE,sp|Q9ZQI2|CASP3_ARATH
CASP	Q7XUV7	Q9ZQI2	FP	TN	Family0061565	p0_c0_r1	both_directions	indirect_path	2			sp|Q7XUV7|CASP5_ORYSJ,sp|B6U045|CASP2_MAIZE,sp|Q9ZQI2|CASP3_ARATH
CITE	F1R408	F6VBX1	FP	TN	Family0085958	p0_c0_r0	both_directions	direct_edge	1	0.8140915784106943	21821263	tr|F1R408|F1R408_DANRE,tr|F6VBX1|F6VBX1_MONDO
CITE	F1R408	F6VBX1	FP	TN	Family0085958	p0_c0_r1	both_directions	direct_edge	1	0.8140915784106943	21821263	tr|F1R408|F1R408_DANRE,tr|F6VBX1|F6VBX1_MONDO
CITE	F1R408	H2LW29	FP	TN	Family0085958	p0_c0_r0	both_directions	direct_edge	1	1.0832665941307142	21821266	tr|F1R408|F1R408_DANRE,tr|H2LW29|H2LW29_ORYLA
CITE	F1R408	H2LW29	FP	TN	Family0085958	p0_c0_r1	both_directions	direct_edge	1	1.0832665941307142	21821266	tr|F1R408|F1R408_DANRE,tr|H2LW29|H2LW29_ORYLA
CITE	F1R408	H2MGS0	FP	TN	Family0085958	p0_c0_r0	both_directions	direct_edge	1	1.3940568684207584	21821267	tr|F1R408|F1R408_DANRE,tr|H2MGS0|H2MGS0_ORYLA
CITE	F1R408	H2MGS0	FP	TN	Family0085958	p0_c0_r1	both_directions	direct_edge	1	1.3940568684207584	21821267	tr|F1R408|F1R408_DANRE,tr|H2MGS0|H2MGS0_ORYLA
CITE	F1R408	H2PYS8	FP	TN	Family0085958	p0_c0_r0	no_direct_hit	indirect_path	2			tr|F1R408|F1R408_DANRE,sp|O35740|CITE2_MOUSE,tr|H2PYS8|H2PYS8_PANTR
CITE	F1R408	H2PYS8	FP	TN	Family0085958	p0_c0_r1	no_direct_hit	indirect_path	2			tr|F1R408|F1R408_DANRE,sp|O35740|CITE2_MOUSE,tr|H2PYS8|H2PYS8_PANTR
CITE	F1R408	Q2HJ78	FP	TN	Family0085958	p0_c0_r0	no_direct_hit	indirect_path	2			tr|F1R408|F1R408_DANRE,sp|Q9I8K7|CITE3_CHICK,sp|Q2HJ78|CITE4_BOVIN
CITE	F1R408	Q2HJ78	FP	TN	Family0085958	p0_c0_r1	no_direct_hit	indirect_path	2			tr|F1R408|F1R408_DANRE,sp|Q9I8K7|CITE3_CHICK,sp|Q2HJ78|CITE4_BOVIN
CITE	F1R408	Q96RK1	FP	TN	Family0085958	p0_c0_r0	no_direct_hit	indirect_path	2			tr|F1R408|F1R408_DANRE,sp|O35740|CITE2_MOUSE,sp|Q96RK1|CITE4_HUMAN
CITE	F1R408	Q96RK1	FP	TN	Family0085958	p0_c0_r1	no_direct_hit	indirect_path	2			tr|F1R408|F1R408_DANRE,sp|O35740|CITE2_MOUSE,sp|Q96RK1|CITE4_HUMAN
CITE	F1R408	Q99MA0	FP	TN	Family0085958	p0_c0_r0	no_direct_hit	indirect_path	2			tr|F1R408|F1R408_DANRE,sp|O35740|CITE2_MOUSE,sp|Q99MA0|CITE4_RAT
CITE	F1R408	Q99MA0	FP	TN	Family0085958	p0_c0_r1	no_direct_hit	indirect_path	2			tr|F1R408|F1R408_DANRE,sp|O35740|CITE2_MOUSE,sp|Q99MA0|CITE4_RAT
CITE	F1R408	Q9I8K7	FP	TN	Family0085958	p0_c0_r0	both_directions	direct_edge	1	1.2356136037681917	7300789	tr|F1R408|F1R408_DANRE,sp|Q9I8K7|CITE3_CHICK
CITE	F1R408	Q9I8K7	FP	TN	Family0085958	p0_c0_r1	both_directions	direct_edge	1	1.2356136037681917	7300789	tr|F1R408|F1R408_DANRE,sp|Q9I8K7|CITE3_CHICK
CITE	F1R408	Q9WUL8	FP	TN	Family0085958	p0_c0_r0	no_direct_hit	indirect_path	2			tr|F1R408|F1R408_DANRE,sp|O35740|CITE2_MOUSE,sp|Q9WUL8|CITE4_MOUSE
CITE	F1R408	Q9WUL8	FP	TN	Family0085958	p0_c0_r1	no_direct_hit	indirect_path	2			tr|F1R408|F1R408_DANRE,sp|O35740|CITE2_MOUSE,sp|Q9WUL8|CITE4_MOUSE
CITE	F6VBX1	H2LW29	TP	FN	Family0085958	p0_c0_r0	both_directions	direct_edge	1	1.0286770152700344	22278594	tr|F6VBX1|F6VBX1_MONDO,tr|H2LW29|H2LW29_ORYLA
CITE	F6VBX1	H2LW29	TP	FN	Family0085958	p0_c0_r1	both_directions	direct_edge	1	1.0286770152700344	22278594	tr|F6VBX1|F6VBX1_MONDO,tr|H2LW29|H2LW29_ORYLA
CITE	F6VBX1	H2MGS0	TP	FN	Family0085958	p0_c0_r0	both_directions	direct_edge	1	1.103037535593009	22278596	tr|F6VBX1|F6VBX1_MONDO,tr|H2MGS0|H2MGS0_ORYLA
CITE	F6VBX1	H2MGS0	TP	FN	Family0085958	p0_c0_r1	both_directions	direct_edge	1	1.103037535593009	22278596	tr|F6VBX1|F6VBX1_MONDO,tr|H2MGS0|H2MGS0_ORYLA
CITE	F6VBX1	J9JHR0	FP	TN	Family0085958	p0_c0_r0	both_directions	direct_edge	1	0.5886877603760722	22278598	tr|F6VBX1|F6VBX1_MONDO,tr|J9JHR0|J9JHR0_CANLF
CITE	F6VBX1	J9JHR0	FP	TN	Family0085958	p0_c0_r1	both_directions	direct_edge	1	0.5886877603760722	22278598	tr|F6VBX1|F6VBX1_MONDO,tr|J9JHR0|J9JHR0_CANLF
CITE	F6VBX1	O35740	FP	TN	Family0085958	p0_c0_r0	both_directions	direct_edge	1	0.7160616293184374	808624	tr|F6VBX1|F6VBX1_MONDO,sp|O35740|CITE2_MOUSE
CITE	F6VBX1	O35740	FP	TN	Family0085958	p0_c0_r1	both_directions	direct_edge	1	0.7160616293184374	808624	tr|F6VBX1|F6VBX1_MONDO,sp|O35740|CITE2_MOUSE
CITE	F6VBX1	Q0VCT9	FP	TN	Family0085958	p0_c0_r0	both_directions	direct_edge	1	0.723798771998268	3755970	tr|F6VBX1|F6VBX1_MONDO,sp|Q0VCT9|CITE2_BOVIN
CITE	F6VBX1	Q0VCT9	FP	TN	Family0085958	p0_c0_r1	both_directions	direct_edge	1	0.723798771998268	3755970	tr|F6VBX1|F6VBX1_MONDO,sp|Q0VCT9|CITE2_BOVIN
CITE	F6VBX1	Q1L8S4	TP	FN	Family0085958	p0_c0_r0	both_directions	direct_edge	1	0.9984603532054125	22278599	tr|F6VBX1|F6VBX1_MONDO,tr|Q1L8S4|Q1L8S4_DANRE
CITE	F6VBX1	Q1L8S4	TP	FN	Family0085958	p0_c0_r1	both_directions	direct_edge	1	0.9984603532054125	22278599	tr|F6VBX1|F6VBX1_MONDO,tr|Q1L8S4|Q1L8S4_DANRE
CITE	F6VBX1	Q6NX30	FP	TN	Family0085958	p0_c0_r0	both_directions	direct_edge	1	0.8020486589241649	5522662	tr|F6VBX1|F6VBX1_MONDO,sp|Q6NX30|CITE2_XENTR
CITE	F6VBX1	Q6NX30	FP	TN	Family0085958	p0_c0_r1	both_directions	direct_edge	1	0.8020486589241649	5522662	tr|F6VBX1|F6VBX1_MONDO,sp|Q6NX30|CITE2_XENTR
CITE	F6VBX1	Q99967	FP	TN	Family0085958	p0_c0_r0	both_directions	direct_edge	1	0.7147343591702707	6893681	tr|F6VBX1|F6VBX1_MONDO,sp|Q99967|CITE2_HUMAN
CITE	F6VBX1	Q99967	FP	TN	Family0085958	p0_c0_r1	both_directions	direct_edge	1	0.7147343591702707	6893681	tr|F6VBX1|F6VBX1_MONDO,sp|Q99967|CITE2_HUMAN
CITE	F6VBX1	Q99MA1	FP	TN	Family0085958	p0_c0_r0	both_directions	direct_edge	1	0.7160616293184374	22278601	tr|F6VBX1|F6VBX1_MONDO,tr|Q99MA1|Q99MA1_RAT
CITE	F6VBX1	Q99MA1	FP	TN	Family0085958	p0_c0_r1	both_directions	direct_edge	1	0.7160616293184374	22278601	tr|F6VBX1|F6VBX1_MONDO,tr|Q99MA1|Q99MA1_RAT
CITE	F6VBX1	Q9DDW4	FP	TN	Family0085958	p0_c0_r0	both_directions	direct_edge	1	0.8111028756187635	22278602	tr|F6VBX1|F6VBX1_MONDO,tr|Q9DDW4|Q9DDW4_CHICK
CITE	F6VBX1	Q9DDW4	FP	TN	Family0085958	p0_c0_r1	both_directions	direct_edge	1	0.8111028756187635	22278602	tr|F6VBX1|F6VBX1_MONDO,tr|Q9DDW4|Q9DDW4_CHICK
CITE	F6VSF3	H2LW29	FP	TN	Family0085958	p0_c0_r0	both_directions	direct_edge	1	1.0021062055230097	22295335	tr|F6VSF3|F6VSF3_MONDO,tr|H2LW29|H2LW29_ORYLA
CITE	F6VSF3	H2LW29	FP	TN	Family0085958	p0_c0_r1	both_directions	direct_edge	1	1.0021062055230097	22295335	tr|F6VSF3|F6VSF3_MONDO,tr|H2LW29|H2LW29_ORYLA
CITE	F6VSF3	H2MGS0	FP	TN	Family0085958	p0_c0_r0	both_directions	direct_edge	1	1.0267038693440287	22295336	tr|F6VSF3|F6VSF3_MONDO,tr|H2MGS0|H2MGS0_ORYLA
CITE	F6VSF3	H2MGS0	FP	TN	Family0085958	p0_c0_r1	both_directions	direct_edge	1	1.0267038693440287	22295336	tr|F6VSF3|F6VSF3_MONDO,tr|H2MGS0|H2MGS0_ORYLA
CITE	F6VSF3	H2PYS8	FP	TN	Family0085958	p0_c0_r0	both_directions	direct_edge	1	0.6721397380760074	22295337	tr|F6VSF3|F6VSF3_MONDO,tr|H2PYS8|H2PYS8_PANTR
CITE	F6VSF3	H2PYS8	FP	TN	Family0085958	p0_c0_r1	both_directions	direct_edge	1	0.6721397380760074	22295337	tr|F6VSF3|F6VSF3_MONDO,tr|H2PYS8|H2PYS8_PANTR
CITE	F6VSF3	Q1L8S4	FP	TN	Family0085958	p0_c0_r0	both_directions	direct_edge	1	1.0206539165379092	22295339	tr|F6VSF3|F6VSF3_MONDO,tr|Q1L8S4|Q1L8S4_DANRE
CITE	F6VSF3	Q1L8S4	FP	TN	Family0085958	p0_c0_r1	both_directions	direct_edge	1	1.0206539165379092	22295339	tr|F6VSF3|F6VSF3_MONDO,tr|Q1L8S4|Q1L8S4_DANRE
CITE	F6VSF3	Q2HJ78	FP	TN	Family0085958	p0_c0_r0	both_directions	indirect_path	2			tr|F6VSF3|F6VSF3_MONDO,sp|Q99MA0|CITE4_RAT,sp|Q2HJ78|CITE4_BOVIN
CITE	F6VSF3	Q2HJ78	FP	TN	Family0085958	p0_c0_r1	both_directions	indirect_path	2			tr|F6VSF3|F6VSF3_MONDO,sp|Q99MA0|CITE4_RAT,sp|Q2HJ78|CITE4_BOVIN
CITE	F6VSF3	Q96RK1	FP	TN	Family0085958	p0_c0_r0	both_directions	indirect_path	2			tr|F6VSF3|F6VSF3_MONDO,sp|O35740|CITE2_MOUSE,sp|Q96RK1|CITE4_HUMAN
CITE	F6VSF3	Q96RK1	FP	TN	Family0085958	p0_c0_r1	both_directions	indirect_path	2			tr|F6VSF3|F6VSF3_MONDO,sp|O35740|CITE2_MOUSE,sp|Q96RK1|CITE4_HUMAN
CITE	F6VSF3	Q99MA0	FP	TN	Family0085958	p0_c0_r0	both_directions	direct_edge	1	0.7195862865941057	6908453	tr|F6VSF3|F6VSF3_MONDO,sp|Q99MA0|CITE4_RAT
CITE	F6VSF3	Q99MA0	FP	TN	Family0085958	p0_c0_r1	both_directions	direct_edge	1	0.7195862865941057	6908453	tr|F6VSF3|F6VSF3_MONDO,sp|Q99MA0|CITE4_RAT
CITE	F6VSF3	Q9I8K7	FP	TN	Family0085958	p0_c0_r0	both_directions	direct_edge	1	1.0998981439331386	7300791	tr|F6VSF3|F6VSF3_MONDO,sp|Q9I8K7|CITE3_CHICK
CITE	F6VSF3	Q9I8K7	FP	TN	Family0085958	p0_c0_r1	both_directions	direct_edge	1	1.0998981439331386	7300791	tr|F6VSF3|F6VSF3_MONDO,sp|Q9I8K7|CITE3_CHICK
CITE	F6VSF3	Q9WUL8	FP	TN	Family0085958	p0_c0_r0	both_directions	indirect_path	2			tr|F6VSF3|F6VSF3_MONDO,sp|O35740|CITE2_MOUSE,sp|Q9WUL8|CITE4_MOUSE
CITE	F6VSF3	Q9WUL8	FP	TN	Family0085958	p0_c0_r1	both_directions	indirect_path	2			tr|F6VSF3|F6VSF3_MONDO,sp|O35740|CITE2_MOUSE,sp|Q9WUL8|CITE4_MOUSE
CITE	H2LW29	H2PYS8	TP	FN	Family0085958	p0_c0_r0	both_directions	direct_edge	1	0.8737765602134354	23275044	tr|H2LW29|H2LW29_ORYLA,tr|H2PYS8|H2PYS8_PANTR
CITE	H2LW29	H2PYS8	TP	FN	Family0085958	p0_c0_r1	both_directions	direct_edge	1	0.8737765602134354	23275044	tr|H2LW29|H2LW29_ORYLA,tr|H2PYS8|H2PYS8_PANTR
CITE	H2LW29	J9JHR0	FP	TN	Family0085958	p0_c0_r0	both_directions	direct_edge	1	0.7329524483062578	23275045	tr|H2LW29|H2LW29_ORYLA,tr|J9JHR0|J9JHR0_CANLF
CITE	H2LW29	J9JHR0	FP	TN	Family0085958	p0_c0_r1	both_directions	direct_edge	1	0.7329524483062578	23275045	tr|H2LW29|H2LW29_ORYLA,tr|J9JHR0|J9JHR0_CANLF
CITE	H2LW29	O35740	FP	TN	Family0085958	p0_c0_r0	both_directions	direct_edge	1	0.9033232216152098	808628	tr|H2LW29|H2LW29_ORYLA,sp|O35740|CITE2_MOUSE
CITE	H2LW29	O35740	FP	TN	Family0085958	p0_c0_r1	both_directions	direct_edge	1	0.9033232216152098	808628	tr|H2LW29|H2LW29_ORYLA,sp|O35740|CITE2_MOUSE
CITE	H2LW29	Q0VCT9	FP	TN	Family0085958	p0_c0_r0	both_directions	direct_edge	1	0.8888838224793425	3755974	tr|H2LW29|H2LW29_ORYLA,sp|Q0VCT9|CITE2_BOVIN
CITE	H2LW29	Q0VCT9	FP	TN	Family0085958	p0_c0_r1	both_directions	direct_edge	1	0.8888838224793425	3755974	tr|H2LW29|H2LW29_ORYLA,sp|Q0VCT9|CITE2_BOVIN
CITE	H2LW29	Q1L8S4	TP	FN	Family0085958	p0_c0_r0	both_directions	direct_edge	1	2.6943925173115364	23275049	tr|H2LW29|H2LW29_ORYLA,tr|Q1L8S4|Q1L8S4_DANRE
CITE	H2LW29	Q1L8S4	TP	FN	Family0085958	p0_c0_r1	both_directions	direct_edge	1	2.6943925173115364	23275049	tr|H2LW29|H2LW29_ORYLA,tr|Q1L8S4|Q1L8S4_DANRE
CITE	H2LW29	Q2HJ78	TP	FN	Family0085958	p0_c0_r0	both_directions	direct_edge	1	0.8856196031127117	4114361	tr|H2LW29|H2LW29_ORYLA,sp|Q2HJ78|CITE4_BOVIN
CITE	H2LW29	Q2HJ78	TP	FN	Family0085958	p0_c0_r1	both_directions	direct_edge	1	0.8856196031127117	4114361	tr|H2LW29|H2LW29_ORYLA,sp|Q2HJ78|CITE4_BOVIN
CITE	H2LW29	Q6NX30	FP	TN	Family0085958	p0_c0_r0	both_directions	direct_edge	1	0.9834124496386017	5522665	tr|H2LW29|H2LW29_ORYLA,sp|Q6NX30|CITE2_XENTR
CITE	H2LW29	Q6NX30	FP	TN	Family0085958	p0_c0_r1	both_directions	direct_edge	1	0.9834124496386017	5522665	tr|H2LW29|H2LW29_ORYLA,sp|Q6NX30|CITE2_XENTR
CITE	H2LW29	Q96RK1	TP	FN	Family0085958	p0_c0_r0	both_directions	direct_edge	1	0.8975204884801048	6849160	tr|H2LW29|H2LW29_ORYLA,sp|Q96RK1|CITE4_HUMAN
CITE	H2LW29	Q96RK1	TP	FN	Family0085958	p0_c0_r1	both_directions	direct_edge	1	0.8975204884801048	6849160	tr|H2LW29|H2LW29_ORYLA,sp|Q96RK1|CITE4_HUMAN
CITE	H2LW29	Q99967	FP	TN	Family0085958	p0_c0_r0	both_directions	direct_edge	1	0.9251701233743826	6893685	tr|H2LW29|H2LW29_ORYLA,sp|Q99967|CITE2_HUMAN
CITE	H2LW29	Q99967	FP	TN	Family0085958	p0_c0_r1	both_directions	direct_edge	1	0.9251701233743826	6893685	tr|H2LW29|H2LW29_ORYLA,sp|Q99967|CITE2_HUMAN
CITE	H2LW29	Q99MA0	TP	FN	Family0085958	p0_c0_r0	both_directions	direct_edge	1	0.8329349132951748	6908455	tr|H2LW29|H2LW29_ORYLA,sp|Q99MA0|CITE4_RAT
CITE	H2LW29	Q99MA0	TP	FN	Family0085958	p0_c0_r1	both_directions	direct_edge	1	0.8329349132951748	6908455	tr|H2LW29|H2LW29_ORYLA,sp|Q99MA0|CITE4_RAT
CITE	H2LW29	Q99MA1	FP	TN	Family0085958	p0_c0_r0	both_directions	direct_edge	1	0.9033232216152098	23275072	tr|H2LW29|H2LW29_ORYLA,tr|Q99MA1|Q99MA1_RAT
CITE	H2LW29	Q99MA1	FP	TN	Family0085958	p0_c0_r1	both_directions	direct_edge	1	0.9033232216152098	23275072	tr|H2LW29|H2LW29_ORYLA,tr|Q99MA1|Q99MA1_RAT
CITE	H2LW29	Q9DDW4	FP	TN	Family0085958	p0_c0_r0	both_directions	direct_edge	1	1.0650480310910109	23275073	tr|H2LW29|H2LW29_ORYLA,tr|Q9DDW4|Q9DDW4_CHICK
CITE	H2LW29	Q9DDW4	FP	TN	Family0085958	p0_c0_r1	both_directions	direct_edge	1	1.0650480310910109	23275073	tr|H2LW29|H2LW29_ORYLA,tr|Q9DDW4|Q9DDW4_CHICK
CITE	H2LW29	Q9I8K7	TP	FN	Family0085958	p0_c0_r0	both_directions	direct_edge	1	1.894072698047068	7300793	tr|H2LW29|H2LW29_ORYLA,sp|Q9I8K7|CITE3_CHICK
CITE	H2LW29	Q9I8K7	TP	FN	Family0085958	p0_c0_r1	both_directions	direct_edge	1	1.894072698047068	7300793	tr|H2LW29|H2LW29_ORYLA,sp|Q9I8K7|CITE3_CHICK
CITE	H2LW29	Q9WUL8	TP	FN	Family0085958	p0_c0_r0	both_directions	direct_edge	1	0.8164919271333947	7956762	tr|H2LW29|H2LW29_ORYLA,sp|Q9WUL8|CITE4_MOUSE
CITE	H2LW29	Q9WUL8	TP	FN	Family0085958	p0_c0_r1	both_directions	direct_edge	1	0.8164919271333947	7956762	tr|H2LW29|H2LW29_ORYLA,sp|Q9WUL8|CITE4_MOUSE
CITE	H2MGS0	H2PYS8	TP	FN	Family0085958	p0_c0_r0	both_directions	direct_edge	1	0.9910081668184008	23339096	tr|H2MGS0|H2MGS0_ORYLA,tr|H2PYS8|H2PYS8_PANTR
CITE	H2MGS0	H2PYS8	TP	FN	Family0085958	p0_c0_r1	both_directions	direct_edge	1	0.9910081668184008	23339096	tr|H2MGS0|H2MGS0_ORYLA,tr|H2PYS8|H2PYS8_PANTR
CITE	H2MGS0	J9JHR0	FP	TN	Family0085958	p0_c0_r0	both_directions	direct_edge	1	0.8001625610775366	23339097	tr|H2MGS0|H2MGS0_ORYLA,tr|J9JHR0|J9JHR0_CANLF
CITE	H2MGS0	J9JHR0	FP	TN	Family0085958	p0_c0_r1	both_directions	direct_edge	1	0.8001625610775366	23339097	tr|H2MGS0|H2MGS0_ORYLA,tr|J9JHR0|J9JHR0_CANLF
CITE	H2MGS0	O35740	FP	TN	Family0085958	p0_c0_r0	both_directions	direct_edge	1	0.9732930523963434	808629	tr|H2MGS0|H2MGS0_ORYLA,sp|O35740|CITE2_MOUSE
CITE	H2MGS0	O35740	FP	TN	Family0085958	p0_c0_r1	both_directions	direct_edge	1	0.9732930523963434	808629	tr|H2MGS0|H2MGS0_ORYLA,sp|O35740|CITE2_MOUSE
CITE	H2MGS0	Q0VCT9	FP	TN	Family0085958	p0_c0_r0	both_directions	direct_edge	1	0.9703738290452584	3755975	tr|H2MGS0|H2MGS0_ORYLA,sp|Q0VCT9|CITE2_BOVIN
CITE	H2MGS0	Q0VCT9	FP	TN	Family0085958	p0_c0_r1	both_directions	direct_edge	1	0.9703738290452584	3755975	tr|H2MGS0|H2MGS0_ORYLA,sp|Q0VCT9|CITE2_BOVIN
CITE	H2MGS0	Q1L8S4	FP	TN	Family0085958	p0_c0_r0	both_directions	direct_edge	1	2.3681574978536633	23339098	tr|H2MGS0|H2MGS0_ORYLA,tr|Q1L8S4|Q1L8S4_DANRE
CITE	H2MGS0	Q1L8S4	FP	TN	Family0085958	p0_c0_r1	both_directions	direct_edge	1	2.3681574978536633	23339098	tr|H2MGS0|H2MGS0_ORYLA,tr|Q1L8S4|Q1L8S4_DANRE
CITE	H2MGS0	Q2HJ78	TP	FN	Family0085958	p0_c0_r0	both_directions	direct_edge	1	0.9625884772718696	4114362	tr|H2MGS0|H2MGS0_ORYLA,sp|Q2HJ78|CITE4_BOVIN
CITE	H2MGS0	Q2HJ78	TP	FN	Family0085958	p0_c0_r1	both_directions	direct_edge	1	0.9625884772718696	4114362	tr|H2MGS0|H2MGS0_ORYLA,sp|Q2HJ78|CITE4_BOVIN
CITE	H2MGS0	Q6NX30	FP	TN	Family0085958	p0_c0_r0	both_directions	direct_edge	1	1.2975928778659558	5522666	tr|H2MGS0|H2MGS0_ORYLA,sp|Q6NX30|CITE2_XENTR
CITE	H2MGS0	Q6NX30	FP	TN	Family0085958	p0_c0_r1	both_directions	direct_edge	1	1.2975928778659558	5522666	tr|H2MGS0|H2MGS0_ORYLA,sp|Q6NX30|CITE2_XENTR
CITE	H2MGS0	Q96RK1	TP	FN	Family0085958	p0_c0_r0	both_directions	direct_edge	1	0.980685165080709	6849161	tr|H2MGS0|H2MGS0_ORYLA,sp|Q96RK1|CITE4_HUMAN
CITE	H2MGS0	Q96RK1	TP	FN	Family0085958	p0_c0_r1	both_directions	direct_edge	1	0.980685165080709	6849161	tr|H2MGS0|H2MGS0_ORYLA,sp|Q96RK1|CITE4_HUMAN
CITE	H2MGS0	Q99967	FP	TN	Family0085958	p0_c0_r0	both_directions	direct_edge	1	0.9714889858733359	6893686	tr|H2MGS0|H2MGS0_ORYLA,sp|Q99967|CITE2_HUMAN
CITE	H2MGS0	Q99967	FP	TN	Family0085958	p0_c0_r1	both_directions	direct_edge	1	0.9714889858733359	6893686	tr|H2MGS0|H2MGS0_ORYLA,sp|Q99967|CITE2_HUMAN
CITE	H2MGS0	Q99MA0	TP	FN	Family0085958	p0_c0_r0	both_directions	direct_edge	1	0.9000918880563811	6908456	tr|H2MGS0|H2MGS0_ORYLA,sp|Q99MA0|CITE4_RAT
CITE	H2MGS0	Q99MA0	TP	FN	Family0085958	p0_c0_r1	both_directions	direct_edge	1	0.9000918880563811	6908456	tr|H2MGS0|H2MGS0_ORYLA,sp|Q99MA0|CITE4_RAT
CITE	H2MGS0	Q99MA1	FP	TN	Family0085958	p0_c0_r0	both_directions	direct_edge	1	0.9732930523963434	23339100	tr|H2MGS0|H2MGS0_ORYLA,tr|Q99MA1|Q99MA1_RAT
CITE	H2MGS0	Q99MA1	FP	TN	Family0085958	p0_c0_r1	both_directions	direct_edge	1	0.9732930523963434	23339100	tr|H2MGS0|H2MGS0_ORYLA,tr|Q99MA1|Q99MA1_RAT
CITE	H2MGS0	Q9DDW4	FP	TN	Family0085958	p0_c0_r0	both_directions	direct_edge	1	1.1576109639691687	23339101	tr|H2MGS0|H2MGS0_ORYLA,tr|Q9DDW4|Q9DDW4_CHICK
CITE	H2MGS0	Q9DDW4	FP	TN	Family0085958	p0_c0_r1	both_directions	direct_edge	1	1.1576109639691687	23339101	tr|H2MGS0|H2MGS0_ORYLA,tr|Q9DDW4|Q9DDW4_CHICK
CITE	H2MGS0	Q9I8K7	TP	FN	Family0085958	p0_c0_r0	both_directions	direct_edge	1	2.4058751617899143	7300795	tr|H2MGS0|H2MGS0_ORYLA,sp|Q9I8K7|CITE3_CHICK
CITE	H2MGS0	Q9I8K7	TP	FN	Family0085958	p0_c0_r1	both_directions	direct_edge	1	2.4058751617899143	7300795	tr|H2MGS0|H2MGS0_ORYLA,sp|Q9I8K7|CITE3_CHICK
CITE	H2MGS0	Q9WUL8	TP	FN	Family0085958	p0_c0_r0	both_directions	direct_edge	1	0.8926427236611241	7956763	tr|H2MGS0|H2MGS0_ORYLA,sp|Q9WUL8|CITE4_MOUSE
CITE	H2MGS0	Q9WUL8	TP	FN	Family0085958	p0_c0_r1	both_directions	direct_edge	1	0.8926427236611241	7956763	tr|H2MGS0|H2MGS0_ORYLA,sp|Q9WUL8|CITE4_MOUSE
CITE	H2PYS8	J9JHR0	FP	TN	Family0085958	p0_c0_r0	both_directions	indirect_path	2			tr|H2PYS8|H2PYS8_PANTR,sp|O35740|CITE2_MOUSE,tr|J9JHR0|J9JHR0_CANLF
CITE	H2PYS8	J9JHR0	FP	TN	Family0085958	p0_c0_r1	both_directions	indirect_path	2			tr|H2PYS8|H2PYS8_PANTR,sp|O35740|CITE2_MOUSE,tr|J9JHR0|J9JHR0_CANLF
CITE	H2PYS8	O35740	FP	TN	Family0085958	p0_c0_r0	both_directions	direct_edge	1	0.6742271045127699	808630	tr|H2PYS8|H2PYS8_PANTR,sp|O35740|CITE2_MOUSE
CITE	H2PYS8	O35740	FP	TN	Family0085958	p0_c0_r1	both_directions	direct_edge	1	0.6742271045127699	808630	tr|H2PYS8|H2PYS8_PANTR,sp|O35740|CITE2_MOUSE
CITE	H2PYS8	Q0VCT9	FP	TN	Family0085958	p0_c0_r0	both_directions	direct_edge	1	0.651422298749078	3755976	tr|H2PYS8|H2PYS8_PANTR,sp|Q0VCT9|CITE2_BOVIN
CITE	H2PYS8	Q0VCT9	FP	TN	Family0085958	p0_c0_r1	both_directions	direct_edge	1	0.651422298749078	3755976	tr|H2PYS8|H2PYS8_PANTR,sp|Q0VCT9|CITE2_BOVIN
CITE	H2PYS8	Q1L8S4	TP	FN	Family0085958	p0_c0_r0	both_directions	direct_edge	1	0.8851123731162491	23398235	tr|H2PYS8|H2PYS8_PANTR,tr|Q1L8S4|Q1L8S4_DANRE
CITE	H2PYS8	Q1L8S4	TP	FN	Family0085958	p0_c0_r1	both_directions	direct_edge	1	0.8851123731162491	23398235	tr|H2PYS8|H2PYS8_PANTR,tr|Q1L8S4|Q1L8S4_DANRE
CITE	H2PYS8	Q6NX30	FP	TN	Family0085958	p0_c0_r0	both_directions	direct_edge	1	0.7126361214153362	5522667	tr|H2PYS8|H2PYS8_PANTR,sp|Q6NX30|CITE2_XENTR
CITE	H2PYS8	Q6NX30	FP	TN	Family0085958	p0_c0_r1	both_directions	direct_edge	1	0.7126361214153362	5522667	tr|H2PYS8|H2PYS8_PANTR,sp|Q6NX30|CITE2_XENTR
CITE	H2PYS8	Q99967	FP	TN	Family0085958	p0_c0_r0	both_directions	direct_edge	1	0.6684908617222222	6893687	tr|H2PYS8|H2PYS8_PANTR,sp|Q99967|CITE2_HUMAN
CITE	H2PYS8	Q99967	FP	TN	Family0085958	p0_c0_r1	both_directions	direct_edge	1	0.6684908617222222	6893687	tr|H2PYS8|H2PYS8_PANTR,sp|Q99967|CITE2_HUMAN
CITE	H2PYS8	Q99MA1	FP	TN	Family0085958	p0_c0_r0	both_directions	direct_edge	1	0.6742271045127699	23398248	tr|H2PYS8|H2PYS8_PANTR,tr|Q99MA1|Q99MA1_RAT
CITE	H2PYS8	Q99MA1	FP	TN	Family0085958	p0_c0_r1	both_directions	direct_edge	1	0.6742271045127699	23398248	tr|H2PYS8|H2PYS8_PANTR,tr|Q99MA1|Q99MA1_RAT
CITE	H2PYS8	Q9DDW4	FP	TN	Family0085958	p0_c0_r0	both_directions	direct_edge	1	0.7054275581473002	23398249	tr|H2PYS8|H2PYS8_PANTR,tr|Q9DDW4|Q9DDW4_CHICK
CITE	H2PYS8	Q9DDW4	FP	TN	Family0085958	p0_c0_r1	both_directions	direct_edge	1	0.7054275581473002	23398249	tr|H2PYS8|H2PYS8_PANTR,tr|Q9DDW4|Q9DDW4_CHICK
CITE	J9JHR0	Q1L8S4	FP	TN	Family0085958	p0_c0_r0	both_directions	indirect_path	2			tr|J9JHR0|J9JHR0_CANLF,sp|O35740|CITE2_MOUSE,tr|Q1L8S4|Q1L8S4_DANRE
CITE	J9JHR0	Q1L8S4	FP	TN	Family0085958	p0_c0_r1	both_directions	indirect_path	2			tr|J9JHR0|J9JHR0_CANLF,sp|O35740|CITE2_MOUSE,tr|Q1L8S4|Q1L8S4_DANRE
CITE	J9JHR0	Q2HJ78	FP	TN	Family0085958	p0_c0_r0	both_directions	indirect_path	2			tr|J9JHR0|J9JHR0_CANLF,sp|Q9I8K7|CITE3_CHICK,sp|Q2HJ78|CITE4_BOVIN
CITE	J9JHR0	Q2HJ78	FP	TN	Family0085958	p0_c0_r1	both_directions	indirect_path	2			tr|J9JHR0|J9JHR0_CANLF,sp|Q9I8K7|CITE3_CHICK,sp|Q2HJ78|CITE4_BOVIN
CITE	J9JHR0	Q96RK1	FP	TN	Family0085958	p0_c0_r0	both_directions	indirect_path	2			tr|J9JHR0|J9JHR0_CANLF,sp|O35740|CITE2_MOUSE,sp|Q96RK1|CITE4_HUMAN
CITE	J9JHR0	Q96RK1	FP	TN	Family0085958	p0_c0_r1	both_directions	indirect_path	2			tr|J9JHR0|J9JHR0_CANLF,sp|O35740|CITE2_MOUSE,sp|Q96RK1|CITE4_HUMAN
CITE	J9JHR0	Q99MA0	FP	TN	Family0085958	p0_c0_r0	both_directions	indirect_path	2			tr|J9JHR0|J9JHR0_CANLF,sp|O35740|CITE2_MOUSE,sp|Q99MA0|CITE4_RAT
CITE	J9JHR0	Q99MA0	FP	TN	Family0085958	p0_c0_r1	both_directions	indirect_path	2			tr|J9JHR0|J9JHR0_CANLF,sp|O35740|CITE2_MOUSE,sp|Q99MA0|CITE4_RAT
CITE	J9JHR0	Q9I8K7	FP	TN	Family0085958	p0_c0_r0	both_directions	direct_edge	1	0.8752286833691983	7300797	tr|J9JHR0|J9JHR0_CANLF,sp|Q9I8K7|CITE3_CHICK
CITE	J9JHR0	Q9I8K7	FP	TN	Family0085958	p0_c0_r1	both_directions	direct_edge	1	0.8752286833691983	7300797	tr|J9JHR0|J9JHR0_CANLF,sp|Q9I8K7|CITE3_CHICK
CITE	J9JHR0	Q9WUL8	FP	TN	Family0085958	p0_c0_r0	both_directions	indirect_path	2			tr|J9JHR0|J9JHR0_CANLF,sp|O35740|CITE2_MOUSE,sp|Q9WUL8|CITE4_MOUSE
CITE	J9JHR0	Q9WUL8	FP	TN	Family0085958	p0_c0_r1	both_directions	indirect_path	2			tr|J9JHR0|J9JHR0_CANLF,sp|O35740|CITE2_MOUSE,sp|Q9WUL8|CITE4_MOUSE
CITE	O35740	Q1L8S4	FP	TN	Family0085958	p0_c0_r0	both_directions	direct_edge	1	0.9170101868440245	808632	sp|O35740|CITE2_MOUSE,tr|Q1L8S4|Q1L8S4_DANRE
CITE	O35740	Q1L8S4	FP	TN	Family0085958	p0_c0_r1	both_directions	direct_edge	1	0.9170101868440245	808632	sp|O35740|CITE2_MOUSE,tr|Q1L8S4|Q1L8S4_DANRE
CITE	O35740	Q2HJ78	FP	TN	Family0085958	p0_c0_r0	no_direct_hit	indirect_path	2			sp|O35740|CITE2_MOUSE,sp|Q96RK1|CITE4_HUMAN,sp|Q2HJ78|CITE4_BOVIN
CITE	O35740	Q2HJ78	FP	TN	Family0085958	p0_c0_r1	no_direct_hit	indirect_path	2			sp|O35740|CITE2_MOUSE,sp|Q96RK1|CITE4_HUMAN,sp|Q2HJ78|CITE4_BOVIN
CITE	O35740	Q96RK1	FP	TN	Family0085958	p0_c0_r0	both_directions	direct_edge	1	0.6652374097859329	808590	sp|O35740|CITE2_MOUSE,sp|Q96RK1|CITE4_HUMAN
CITE	O35740	Q96RK1	FP	TN	Family0085958	p0_c0_r1	both_directions	direct_edge	1	0.6652374097859329	808590	sp|O35740|CITE2_MOUSE,sp|Q96RK1|CITE4_HUMAN
CITE	O35740	Q99MA0	FP	TN	Family0085958	p0_c0_r0	both_directions	direct_edge	1	0.706364789585692	808592	sp|O35740|CITE2_MOUSE,sp|Q99MA0|CITE4_RAT
CITE	O35740	Q99MA0	FP	TN	Family0085958	p0_c0_r1	both_directions	direct_edge	1	0.706364789585692	808592	sp|O35740|CITE2_MOUSE,sp|Q99MA0|CITE4_RAT
CITE	O35740	Q9I8K7	FP	TN	Family0085958	p0_c0_r0	both_directions	direct_edge	1	1.1029268096184361	808593	sp|O35740|CITE2_MOUSE,sp|Q9I8K7|CITE3_CHICK
CITE	O35740	Q9I8K7	FP	TN	Family0085958	p0_c0_r1	both_directions	direct_edge	1	1.1029268096184361	808593	sp|O35740|CITE2_MOUSE,sp|Q9I8K7|CITE3_CHICK
CITE	Q0VCT9	Q1L8S4	FP	TN	Family0085958	p0_c0_r0	both_directions	direct_edge	1	0.9102673734055786	3755979	sp|Q0VCT9|CITE2_BOVIN,tr|Q1L8S4|Q1L8S4_DANRE
CITE	Q0VCT9	Q1L8S4	FP	TN	Family0085958	p0_c0_r1	both_directions	direct_edge	1	0.9102673734055786	3755979	sp|Q0VCT9|CITE2_BOVIN,tr|Q1L8S4|Q1L8S4_DANRE
CITE	Q0VCT9	Q96RK1	FP	TN	Family0085958	p0_c0_r0	both_directions	indirect_path	2			sp|Q0VCT9|CITE2_BOVIN,sp|O35740|CITE2_MOUSE,sp|Q96RK1|CITE4_HUMAN
CITE	Q0VCT9	Q96RK1	FP	TN	Family0085958	p0_c0_r1	both_directions	indirect_path	2			sp|Q0VCT9|CITE2_BOVIN,sp|O35740|CITE2_MOUSE,sp|Q96RK1|CITE4_HUMAN
CITE	Q0VCT9	Q99MA0	FP	TN	Family0085958	p0_c0_r0	both_directions	direct_edge	1	0.6785524455244974	3755948	sp|Q0VCT9|CITE2_BOVIN,sp|Q99MA0|CITE4_RAT
CITE	Q0VCT9	Q99MA0	FP	TN	Family0085958	p0_c0_r1	both_directions	direct_edge	1	0.6785524455244974	3755948	sp|Q0VCT9|CITE2_BOVIN,sp|Q99MA0|CITE4_RAT
CITE	Q0VCT9	Q9I8K7	FP	TN	Family0085958	p0_c0_r0	both_directions	direct_edge	1	1.0483189267314141	3755950	sp|Q0VCT9|CITE2_BOVIN,sp|Q9I8K7|CITE3_CHICK
CITE	Q0VCT9	Q9I8K7	FP	TN	Family0085958	p0_c0_r1	both_directions	direct_edge	1	1.0483189267314141	3755950	sp|Q0VCT9|CITE2_BOVIN,sp|Q9I8K7|CITE3_CHICK
CITE	Q0VCT9	Q9WUL8	FP	TN	Family0085958	p0_c0_r0	both_directions	direct_edge	1	0.7402304167751362	3755952	sp|Q0VCT9|CITE2_BOVIN,sp|Q9WUL8|CITE4_MOUSE
CITE	Q0VCT9	Q9WUL8	FP	TN	Family0085958	p0_c0_r1	both_directions	direct_edge	1	0.7402304167751362	3755952	sp|Q0VCT9|CITE2_BOVIN,sp|Q9WUL8|CITE4_MOUSE
CITE	Q1L8S4	Q2HJ78	TP	FN	Family0085958	p0_c0_r0	both_directions	indirect_path	2			tr|Q1L8S4|Q1L8S4_DANRE,sp|Q96RK1|CITE4_HUMAN,sp|Q2HJ78|CITE4_BOVIN
CITE	Q1L8S4	Q2HJ78	TP	FN	Family0085958	p0_c0_r1	both_directions	indirect_path	2			tr|Q1L8S4|Q1L8S4_DANRE,sp|Q96RK1|CITE4_HUMAN,sp|Q2HJ78|CITE4_BOVIN
CITE	Q1L8S4	Q6NX30	FP	TN	Family0085958	p0_c0_r0	both_directions	indirect_path	2			tr|Q1L8S4|Q1L8S4_DANRE,sp|O35740|CITE2_MOUSE,sp|Q6NX30|CITE2_XENTR
CITE	Q1L8S4	Q6NX30	FP	TN	Family0085958	p0_c0_r1	both_directions	indirect_path	2			tr|Q1L8S4|Q1L8S4_DANRE,sp|O35740|CITE2_MOUSE,sp|Q6NX30|CITE2_XENTR
CITE	Q1L8S4	Q96RK1	TP	FN	Family0085958	p0_c0_r0	both_directions	direct_edge	1	0.8613190297529091	6849169	tr|Q1L8S4|Q1L8S4_DANRE,sp|Q96RK1|CITE4_HUMAN
CITE	Q1L8S4	Q96RK1	TP	FN	Family0085958	p0_c0_r1	both_directions	direct_edge	1	0.8613190297529091	6849169	tr|Q1L8S4|Q1L8S4_DANRE,sp|Q96RK1|CITE4_HUMAN
CITE	Q1L8S4	Q99967	FP	TN	Family0085958	p0_c0_r0	both_directions	direct_edge	1	0.9153104445359198	6893689	tr|Q1L8S4|Q1L8S4_DANRE,sp|Q99967|CITE2_HUMAN
CITE	Q1L8S4	Q99967	FP	TN	Family0085958	p0_c0_r1	both_directions	direct_edge	1	0.9153104445359198	6893689	tr|Q1L8S4|Q1L8S4_DANRE,sp|Q99967|CITE2_HUMAN
CITE	Q1L8S4	Q99MA0	TP	FN	Family0085958	p0_c0_r0	both_directions	direct_edge	1	0.8394930633137806	6908462	tr|Q1L8S4|Q1L8S4_DANRE,sp|Q99MA0|CITE4_RAT
CITE	Q1L8S4	Q99MA0	TP	FN	Family0085958	p0_c0_r1	both_directions	direct_edge	1	0.8394930633137806	6908462	tr|Q1L8S4|Q1L8S4_DANRE,sp|Q99MA0|CITE4_RAT
CITE	Q1L8S4	Q99MA1	FP	TN	Family0085958	p0_c0_r0	both_directions	direct_edge	1	0.9170101868440245	24331484	tr|Q1L8S4|Q1L8S4_DANRE,tr|Q99MA1|Q99MA1_RAT
CITE	Q1L8S4	Q99MA1	FP	TN	Family0085958	p0_c0_r1	both_directions	direct_edge	1	0.9170101868440245	24331484	tr|Q1L8S4|Q1L8S4_DANRE,tr|Q99MA1|Q99MA1_RAT
CITE	Q1L8S4	Q9DDW4	FP	TN	Family0085958	p0_c0_r0	both_directions	indirect_path	2			tr|Q1L8S4|Q1L8S4_DANRE,sp|O35740|CITE2_MOUSE,tr|Q9DDW4|Q9DDW4_CHICK
CITE	Q1L8S4	Q9DDW4	FP	TN	Family0085958	p0_c0_r1	both_directions	indirect_path	2			tr|Q1L8S4|Q1L8S4_DANRE,sp|O35740|CITE2_MOUSE,tr|Q9DDW4|Q9DDW4_CHICK
CITE	Q1L8S4	Q9I8K7	TP	FN	Family0085958	p0_c0_r0	both_directions	direct_edge	1	2.0197399816550483	7300798	tr|Q1L8S4|Q1L8S4_DANRE,sp|Q9I8K7|CITE3_CHICK
CITE	Q1L8S4	Q9I8K7	TP	FN	Family0085958	p0_c0_r1	both_directions	direct_edge	1	2.0197399816550483	7300798	tr|Q1L8S4|Q1L8S4_DANRE,sp|Q9I8K7|CITE3_CHICK
CITE	Q1L8S4	Q9WUL8	TP	FN	Family0085958	p0_c0_r0	both_directions	direct_edge	1	0.8756081089389022	7956768	tr|Q1L8S4|Q1L8S4_DANRE,sp|Q9WUL8|CITE4_MOUSE
CITE	Q1L8S4	Q9WUL8	TP	FN	Family0085958	p0_c0_r1	both_directions	direct_edge	1	0.8756081089389022	7956768	tr|Q1L8S4|Q1L8S4_DANRE,sp|Q9WUL8|CITE4_MOUSE
CITE	Q2HJ78	Q6NX30	FP	TN	Family0085958	p0_c0_r0	no_direct_hit	indirect_path	2			sp|Q2HJ78|CITE4_BOVIN,sp|Q96RK1|CITE4_HUMAN,sp|Q6NX30|CITE2_XENTR
CITE	Q2HJ78	Q6NX30	FP	TN	Family0085958	p0_c0_r1	no_direct_hit	indirect_path	2			sp|Q2HJ78|CITE4_BOVIN,sp|Q96RK1|CITE4_HUMAN,sp|Q6NX30|CITE2_XENTR
CITE	Q2HJ78	Q99967	FP	TN	Family0085958	p0_c0_r0	one_direction	indirect_path	2			sp|Q2HJ78|CITE4_BOVIN,sp|Q96RK1|CITE4_HUMAN,sp|Q99967|CITE2_HUMAN
CITE	Q2HJ78	Q99967	FP	TN	Family0085958	p0_c0_r1	one_direction	indirect_path	2			sp|Q2HJ78|CITE4_BOVIN,sp|Q96RK1|CITE4_HUMAN,sp|Q99967|CITE2_HUMAN
CITE	Q2HJ78	Q99MA1	FP	TN	Family0085958	p0_c0_r0	one_direction	direct_edge	1	0.6365409386069811	4114371	sp|Q2HJ78|CITE4_BOVIN,tr|Q99MA1|Q99MA1_RAT
CITE	Q2HJ78	Q99MA1	FP	TN	Family0085958	p0_c0_r1	one_direction	direct_edge	1	0.6365409386069811	4114371	sp|Q2HJ78|CITE4_BOVIN,tr|Q99MA1|Q99MA1_RAT
CITE	Q2HJ78	Q9DDW4	FP	TN	Family0085958	p0_c0_r0	both_directions	indirect_path	2			sp|Q2HJ78|CITE4_BOVIN,sp|Q96RK1|CITE4_HUMAN,tr|Q9DDW4|Q9DDW4_CHICK
CITE	Q2HJ78	Q9DDW4	FP	TN	Family0085958	p0_c0_r1	both_directions	indirect_path	2			sp|Q2HJ78|CITE4_BOVIN,sp|Q96RK1|CITE4_HUMAN,tr|Q9DDW4|Q9DDW4_CHICK
CITE	Q6NX30	Q96RK1	FP	TN	Family0085958	p0_c0_r0	both_directions	direct_edge	1	0.7470392445181454	5522652	sp|Q6NX30|CITE2_XENTR,sp|Q96RK1|CITE4_HUMAN
CITE	Q6NX30	Q96RK1	FP	TN	Family0085958	p0_c0_r1	both_directions	direct_edge	1	0.7470392445181454	5522652	sp|Q6NX30|CITE2_XENTR,sp|Q96RK1|CITE4_HUMAN
CITE	Q6NX30	Q99MA0	FP	TN	Family0085958	p0_c0_r0	both_directions	direct_edge	1	0.7175376890418584	5522654	sp|Q6NX30|CITE2_XENTR,sp|Q99MA0|CITE4_RAT
CITE	Q6NX30	Q99MA0	FP	TN	Family0085958	p0_c0_r1	both_directions	direct_edge	1	0.7175376890418584	5522654	sp|Q6NX30|CITE2_XENTR,sp|Q99MA0|CITE4_RAT
CITE	Q6NX30	Q9I8K7	FP	TN	Family0085958	p0_c0_r0	both_directions	direct_edge	1	1.2245811185826605	5522655	sp|Q6NX30|CITE2_XENTR,sp|Q9I8K7|CITE3_CHICK
CITE	Q6NX30	Q9I8K7	FP	TN	Family0085958	p0_c0_r1	both_directions	direct_edge	1	1.2245811185826605	5522655	sp|Q6NX30|CITE2_XENTR,sp|Q9I8K7|CITE3_CHICK
CITE	Q6NX30	Q9WUL8	FP	TN	Family0085958	p0_c0_r0	both_directions	direct_edge	1	0.7412493166611012	5522656	sp|Q6NX30|CITE2_XENTR,sp|Q9WUL8|CITE4_MOUSE
CITE	Q6NX30	Q9WUL8	FP	TN	Family0085958	p0_c0_r1	both_directions	direct_edge	1	0.7412493166611012	5522656	sp|Q6NX30|CITE2_XENTR,sp|Q9WUL8|CITE4_MOUSE
CITE	Q96RK1	Q99MA1	FP	TN	Family0085958	p0_c0_r0	both_directions	direct_edge	1	0.6652374097859329	6849179	sp|Q96RK1|CITE4_HUMAN,tr|Q99MA1|Q99MA1_RAT
CITE	Q96RK1	Q99MA1	FP	TN	Family0085958	p0_c0_r1	both_directions	direct_edge	1	0.6652374097859329	6849179	sp|Q96RK1|CITE4_HUMAN,tr|Q99MA1|Q99MA1_RAT
CITE	Q96RK1	Q9DDW4	FP	TN	Family0085958	p0_c0_r0	both_directions	direct_edge	1	0.700628731221128	6849180	sp|Q96RK1|CITE4_HUMAN,tr|Q9DDW4|Q9DDW4_CHICK
CITE	Q96RK1	Q9DDW4	FP	TN	Family0085958	p0_c0_r1	both_directions	direct_edge	1	0.700628731221128	6849180	sp|Q96RK1|CITE4_HUMAN,tr|Q9DDW4|Q9DDW4_CHICK
CITE	Q99967	Q99MA0	FP	TN	Family0085958	p0_c0_r0	both_directions	direct_edge	1	0.6868605127361268	6893665	sp|Q99967|CITE2_HUMAN,sp|Q99MA0|CITE4_RAT
CITE	Q99967	Q99MA0	FP	TN	Family0085958	p0_c0_r1	both_directions	direct_edge	1	0.6868605127361268	6893665	sp|Q99967|CITE2_HUMAN,sp|Q99MA0|CITE4_RAT
CITE	Q99967	Q9I8K7	FP	TN	Family0085958	p0_c0_r0	both_directions	direct_edge	1	1.0413752980034525	6893666	sp|Q99967|CITE2_HUMAN,sp|Q9I8K7|CITE3_CHICK
CITE	Q99967	Q9I8K7	FP	TN	Family0085958	p0_c0_r1	both_directions	direct_edge	1	1.0413752980034525	6893666	sp|Q99967|CITE2_HUMAN,sp|Q9I8K7|CITE3_CHICK
CITE	Q99967	Q9WUL8	FP	TN	Family0085958	p0_c0_r0	both_directions	direct_edge	1	0.7353092483300415	6893667	sp|Q99967|CITE2_HUMAN,sp|Q9WUL8|CITE4_MOUSE
CITE	Q99967	Q9WUL8	FP	TN	Family0085958	p0_c0_r1	both_directions	direct_edge	1	0.7353092483300415	6893667	sp|Q99967|CITE2_HUMAN,sp|Q9WUL8|CITE4_MOUSE
CITE	Q99MA0	Q9DDW4	FP	TN	Family0085958	p0_c0_r0	both_directions	direct_edge	1	0.7152120415435582	6908469	sp|Q99MA0|CITE4_RAT,tr|Q9DDW4|Q9DDW4_CHICK
CITE	Q99MA0	Q9DDW4	FP	TN	Family0085958	p0_c0_r1	both_directions	direct_edge	1	0.7152120415435582	6908469	sp|Q99MA0|CITE4_RAT,tr|Q9DDW4|Q9DDW4_CHICK
CITE	Q99MA1	Q9I8K7	FP	TN	Family0085958	p0_c0_r0	both_directions	direct_edge	1	1.1029268096184361	7300800	tr|Q99MA1|Q99MA1_RAT,sp|Q9I8K7|CITE3_CHICK
CITE	Q99MA1	Q9I8K7	FP	TN	Family0085958	p0_c0_r1	both_directions	direct_edge	1	1.1029268096184361	7300800	tr|Q99MA1|Q99MA1_RAT,sp|Q9I8K7|CITE3_CHICK
CITE	Q99MA1	Q9WUL8	FP	TN	Family0085958	p0_c0_r0	both_directions	direct_edge	1	0.7276357725936149	7956773	tr|Q99MA1|Q99MA1_RAT,sp|Q9WUL8|CITE4_MOUSE
CITE	Q99MA1	Q9WUL8	FP	TN	Family0085958	p0_c0_r1	both_directions	direct_edge	1	0.7276357725936149	7956773	tr|Q99MA1|Q99MA1_RAT,sp|Q9WUL8|CITE4_MOUSE
CITE	Q9DDW4	Q9WUL8	FP	TN	Family0085958	p0_c0_r0	no_direct_hit	indirect_path	2			tr|Q9DDW4|Q9DDW4_CHICK,sp|O35740|CITE2_MOUSE,sp|Q9WUL8|CITE4_MOUSE
CITE	Q9DDW4	Q9WUL8	FP	TN	Family0085958	p0_c0_r1	no_direct_hit	indirect_path	2			tr|Q9DDW4|Q9DDW4_CHICK,sp|O35740|CITE2_MOUSE,sp|Q9WUL8|CITE4_MOUSE
Clusterin	A5PMY8	F1MWI1	FP	TN	Family0093302	p0_c0_r0	no_direct_hit	indirect_path	3			tr|A5PMY8|A5PMY8_DANRE,sp|Q06890|CLUS_MOUSE,sp|P17697|CLUS_BOVIN,tr|F1MWI1|F1MWI1_BOVIN
Clusterin	A5PMY8	F1MWI1	FP	TN	Family0093302	p0_c0_r1	no_direct_hit	indirect_path	3			tr|A5PMY8|A5PMY8_DANRE,sp|Q06890|CLUS_MOUSE,sp|P17697|CLUS_BOVIN,tr|F1MWI1|F1MWI1_BOVIN
Clusterin	A5PMY8	F6UX07	FP	TN	Family0093302	p0_c0_r0	both_directions	direct_edge	1	0.7138123523340679	16489479	tr|A5PMY8|A5PMY8_DANRE,tr|F6UX07|F6UX07_MONDO
Clusterin	A5PMY8	F6UX07	FP	TN	Family0093302	p0_c0_r1	both_directions	direct_edge	1	0.7138123523340679	16489479	tr|A5PMY8|A5PMY8_DANRE,tr|F6UX07|F6UX07_MONDO
Clusterin	A5PMY8	G3RL83	FP	TN	Family0093302	p0_c0_r0	no_direct_hit	indirect_path	2			tr|A5PMY8|A5PMY8_DANRE,sp|Q06890|CLUS_MOUSE,tr|G3RL83|G3RL83_GORGO
Clusterin	A5PMY8	G3RL83	FP	TN	Family0093302	p0_c0_r1	no_direct_hit	indirect_path	2			tr|A5PMY8|A5PMY8_DANRE,sp|Q06890|CLUS_MOUSE,tr|G3RL83|G3RL83_GORGO
Clusterin	A5PMY8	H2MTZ0	FP	TN	Family0093302	p0_c0_r0	no_direct_hit	indirect_path	2			tr|A5PMY8|A5PMY8_DANRE,tr|F1N8T1|F1N8T1_CHICK,tr|H2MTZ0|H2MTZ0_ORYLA
Clusterin	A5PMY8	H2MTZ0	FP	TN	Family0093302	p0_c0_r1	no_direct_hit	indirect_path	2			tr|A5PMY8|A5PMY8_DANRE,tr|F1N8T1|F1N8T1_CHICK,tr|H2MTZ0|H2MTZ0_ORYLA
Clusterin	A5PMY8	P05371	FP	TN	Family0093302	p0_c0_r0	no_direct_hit	indirect_path	2			tr|A5PMY8|A5PMY8_DANRE,sp|Q06890|CLUS_MOUSE,sp|P05371|CLUS_RAT
Clusterin	A5PMY8	P05371	FP	TN	Family0093302	p0_c0_r1	no_direct_hit	indirect_path	2			tr|A5PMY8|A5PMY8_DANRE,sp|Q06890|CLUS_MOUSE,sp|P05371|CLUS_RAT
Clusterin	A5PMY8	P10909	FP	TN	Family0093302	p0_c0_r0	no_direct_hit	indirect_path	2			tr|A5PMY8|A5PMY8_DANRE,sp|Q06890|CLUS_MOUSE,sp|P10909|CLUS_HUMAN
Clusterin	A5PMY8	P10909	FP	TN	Family0093302	p0_c0_r1	no_direct_hit	indirect_path	2			tr|A5PMY8|A5PMY8_DANRE,sp|Q06890|CLUS_MOUSE,sp|P10909|CLUS_HUMAN
Clusterin	A5PMY8	P17697	FP	TN	Family0093302	p0_c0_r0	no_direct_hit	indirect_path	2			tr|A5PMY8|A5PMY8_DANRE,sp|Q06890|CLUS_MOUSE,sp|P17697|CLUS_BOVIN
Clusterin	A5PMY8	P17697	FP	TN	Family0093302	p0_c0_r1	no_direct_hit	indirect_path	2			tr|A5PMY8|A5PMY8_DANRE,sp|Q06890|CLUS_MOUSE,sp|P17697|CLUS_BOVIN
Clusterin	A5PMY8	Q06890	FP	TN	Family0093302	p0_c0_r0	one_direction	direct_edge	1	0.7156749021755087	3596083	tr|A5PMY8|A5PMY8_DANRE,sp|Q06890|CLUS_MOUSE
Clusterin	A5PMY8	Q06890	FP	TN	Family0093302	p0_c0_r1	one_direction	direct_edge	1	0.7156749021755087	3596083	tr|A5PMY8|A5PMY8_DANRE,sp|Q06890|CLUS_MOUSE
Clusterin	F1MWI1	F1N8T1	FP	TN	Family0093302	p0_c0_r0	no_direct_hit	indirect_path	2			tr|F1MWI1|F1MWI1_BOVIN,tr|H2MTZ0|H2MTZ0_ORYLA,tr|F1N8T1|F1N8T1_CHICK
Clusterin	F1MWI1	F1N8T1	FP	TN	Family0093302	p0_c0_r1	no_direct_hit	indirect_path	2			tr|F1MWI1|F1MWI1_BOVIN,tr|H2MTZ0|H2MTZ0_ORYLA,tr|F1N8T1|F1N8T1_CHICK
Clusterin	F1MWI1	F7G367	FP	TN	Family0093302	p0_c0_r0	no_direct_hit	indirect_path	3			tr|F1MWI1|F1MWI1_BOVIN,sp|P17697|CLUS_BOVIN,sp|P10909|CLUS_HUMAN,tr|F7G367|F7G367_MONDO
Clusterin	F1MWI1	F7G367	FP	TN	Family0093302	p0_c0_r1	no_direct_hit	indirect_path	3			tr|F1MWI1|F1MWI1_BOVIN,sp|P17697|CLUS_BOVIN,sp|P10909|CLUS_HUMAN,tr|F7G367|F7G367_MONDO
Clusterin	F1MWI1	Q15846	FP	TN	Family0093302	p0_c0_r0	no_direct_hit	indirect_path	3			tr|F1MWI1|F1MWI1_BOVIN,sp|P17697|CLUS_BOVIN,sp|P05371|CLUS_RAT,sp|Q15846|CLUL1_HUMAN
Clusterin	F1MWI1	Q15846	FP	TN	Family0093302	p0_c0_r1	no_direct_hit	indirect_path	3			tr|F1MWI1|F1MWI1_BOVIN,sp|P17697|CLUS_BOVIN,sp|P05371|CLUS_RAT,sp|Q15846|CLUL1_HUMAN
Clusterin	F1MWI1	Q3ZRW6	FP	TN	Family0093302	p0_c0_r0	no_direct_hit	indirect_path	3			tr|F1MWI1|F1MWI1_BOVIN,sp|P17697|CLUS_BOVIN,sp|P05371|CLUS_RAT,sp|Q3ZRW6|CLUL1_MOUSE
Clusterin	F1MWI1	Q3ZRW6	FP	TN	Family0093302	p0_c0_r1	no_direct_hit	indirect_path	3			tr|F1MWI1|F1MWI1_BOVIN,sp|P17697|CLUS_BOVIN,sp|P05371|CLUS_RAT,sp|Q3ZRW6|CLUL1_MOUSE
Clusterin	F1MWI1	Q3ZRW7	FP	TN	Family0093302	p0_c0_r0	no_direct_hit	indirect_path	2			tr|F1MWI1|F1MWI1_BOVIN,sp|P17697|CLUS_BOVIN,sp|Q3ZRW7|CLUL1_RAT
Clusterin	F1MWI1	Q3ZRW7	FP	TN	Family0093302	p0_c0_r1	no_direct_hit	indirect_path	2			tr|F1MWI1|F1MWI1_BOVIN,sp|P17697|CLUS_BOVIN,sp|Q3ZRW7|CLUL1_RAT
Clusterin	F1MWI1	Q95KN1	FP	TN	Family0093302	p0_c0_r0	no_direct_hit	indirect_path	3			tr|F1MWI1|F1MWI1_BOVIN,sp|P17697|CLUS_BOVIN,sp|Q3ZRW7|CLUL1_RAT,sp|Q95KN1|CLUL1_CANLF
Clusterin	F1MWI1	Q95KN1	FP	TN	Family0093302	p0_c0_r1	no_direct_hit	indirect_path	3			tr|F1MWI1|F1MWI1_BOVIN,sp|P17697|CLUS_BOVIN,sp|Q3ZRW7|CLUL1_RAT,sp|Q95KN1|CLUL1_CANLF
Clusterin	F1N8T1	F6UX07	FP	TN	Family0093302	p0_c0_r0	both_directions	direct_edge	1	0.8319924913782754	21504087	tr|F1N8T1|F1N8T1_CHICK,tr|F6UX07|F6UX07_MONDO
Clusterin	F1N8T1	F6UX07	FP	TN	Family0093302	p0_c0_r1	both_directions	direct_edge	1	0.8319924913782754	21504087	tr|F1N8T1|F1N8T1_CHICK,tr|F6UX07|F6UX07_MONDO
Clusterin	F1N8T1	G3RL83	FP	TN	Family0093302	p0_c0_r0	no_direct_hit	indirect_path	2			tr|F1N8T1|F1N8T1_CHICK,sp|Q15846|CLUL1_HUMAN,tr|G3RL83|G3RL83_GORGO
Clusterin	F1N8T1	G3RL83	FP	TN	Family0093302	p0_c0_r1	no_direct_hit	indirect_path	2			tr|F1N8T1|F1N8T1_CHICK,sp|Q15846|CLUL1_HUMAN,tr|G3RL83|G3RL83_GORGO
Clusterin	F1N8T1	H2MTZ0	FP	TN	Family0093302	p0_c0_r0	one_direction	direct_edge	1	0.7930286736209697	21504089	tr|F1N8T1|F1N8T1_CHICK,tr|H2MTZ0|H2MTZ0_ORYLA
Clusterin	F1N8T1	H2MTZ0	FP	TN	Family0093302	p0_c0_r1	one_direction	direct_edge	1	0.7930286736209697	21504089	tr|F1N8T1|F1N8T1_CHICK,tr|H2MTZ0|H2MTZ0_ORYLA
Clusterin	F1N8T1	P05371	FP	TN	Family0093302	p0_c0_r0	no_direct_hit	indirect_path	2			tr|F1N8T1|F1N8T1_CHICK,sp|Q15846|CLUL1_HUMAN,sp|P05371|CLUS_RAT
Clusterin	F1N8T1	P05371	FP	TN	Family0093302	p0_c0_r1	no_direct_hit	indirect_path	2			tr|F1N8T1|F1N8T1_CHICK,sp|Q15846|CLUL1_HUMAN,sp|P05371|CLUS_RAT
Clusterin	F1N8T1	P10909	FP	TN	Family0093302	p0_c0_r0	no_direct_hit	indirect_path	2			tr|F1N8T1|F1N8T1_CHICK,sp|Q15846|CLUL1_HUMAN,sp|P10909|CLUS_HUMAN
Clusterin	F1N8T1	P10909	FP	TN	Family0093302	p0_c0_r1	no_direct_hit	indirect_path	2			tr|F1N8T1|F1N8T1_CHICK,sp|Q15846|CLUL1_HUMAN,sp|P10909|CLUS_HUMAN
Clusterin	F1N8T1	P17697	FP	TN	Family0093302	p0_c0_r0	no_direct_hit	indirect_path	2			tr|F1N8T1|F1N8T1_CHICK,sp|Q3ZRW7|CLUL1_RAT,sp|P17697|CLUS_BOVIN
Clusterin	F1N8T1	P17697	FP	TN	Family0093302	p0_c0_r1	no_direct_hit	indirect_path	2			tr|F1N8T1|F1N8T1_CHICK,sp|Q3ZRW7|CLUL1_RAT,sp|P17697|CLUS_BOVIN
Clusterin	F1N8T1	Q06890	FP	TN	Family0093302	p0_c0_r0	no_direct_hit	indirect_path	2			tr|F1N8T1|F1N8T1_CHICK,sp|Q15846|CLUL1_HUMAN,sp|Q06890|CLUS_MOUSE
Clusterin	F1N8T1	Q06890	FP	TN	Family0093302	p0_c0_r1	no_direct_hit	indirect_path	2			tr|F1N8T1|F1N8T1_CHICK,sp|Q15846|CLUL1_HUMAN,sp|Q06890|CLUS_MOUSE
Clusterin	F1N8T1	Q5SPR2	FP	TN	Family0093302	p0_c0_r0	no_direct_hit	indirect_path	2			tr|F1N8T1|F1N8T1_CHICK,sp|Q15846|CLUL1_HUMAN,tr|Q5SPR2|Q5SPR2_DANRE
Clusterin	F1N8T1	Q5SPR2	FP	TN	Family0093302	p0_c0_r1	no_direct_hit	indirect_path	2			tr|F1N8T1|F1N8T1_CHICK,sp|Q15846|CLUL1_HUMAN,tr|Q5SPR2|Q5SPR2_DANRE
Clusterin	F6UX07	Q15846	FP	TN	Family0093302	p0_c0_r0	no_direct_hit	indirect_path	2			tr|F6UX07|F6UX07_MONDO,sp|Q3ZRW6|CLUL1_MOUSE,sp|Q15846|CLUL1_HUMAN
Clusterin	F6UX07	Q15846	FP	TN	Family0093302	p0_c0_r1	no_direct_hit	indirect_path	2			tr|F6UX07|F6UX07_MONDO,sp|Q3ZRW6|CLUL1_MOUSE,sp|Q15846|CLUL1_HUMAN
Clusterin	F6UX07	Q3ZRW6	FP	TN	Family0093302	p0_c0_r0	both_directions	direct_edge	1	0.618281069157684	4331037	tr|F6UX07|F6UX07_MONDO,sp|Q3ZRW6|CLUL1_MOUSE
Clusterin	F6UX07	Q3ZRW6	FP	TN	Family0093302	p0_c0_r1	both_directions	direct_edge	1	0.618281069157684	4331037	tr|F6UX07|F6UX07_MONDO,sp|Q3ZRW6|CLUL1_MOUSE
Clusterin	F6UX07	Q3ZRW7	FP	TN	Family0093302	p0_c0_r0	both_directions	direct_edge	1	0.6203912434551505	4331051	tr|F6UX07|F6UX07_MONDO,sp|Q3ZRW7|CLUL1_RAT
Clusterin	F6UX07	Q3ZRW7	FP	TN	Family0093302	p0_c0_r1	both_directions	direct_edge	1	0.6203912434551505	4331051	tr|F6UX07|F6UX07_MONDO,sp|Q3ZRW7|CLUL1_RAT
Clusterin	F6UX07	Q3ZRW9	FP	TN	Family0093302	p0_c0_r0	no_direct_hit	indirect_path	2			tr|F6UX07|F6UX07_MONDO,sp|Q3ZRW6|CLUL1_MOUSE,sp|Q3ZRW9|CLUL1_BOVIN
Clusterin	F6UX07	Q3ZRW9	FP	TN	Family0093302	p0_c0_r1	no_direct_hit	indirect_path	2			tr|F6UX07|F6UX07_MONDO,sp|Q3ZRW6|CLUL1_MOUSE,sp|Q3ZRW9|CLUL1_BOVIN
Clusterin	F6UX07	Q95KN1	FP	TN	Family0093302	p0_c0_r0	one_direction	direct_edge	1	0.7082557680700752	6759644	tr|F6UX07|F6UX07_MONDO,sp|Q95KN1|CLUL1_CANLF
Clusterin	F6UX07	Q95KN1	FP	TN	Family0093302	p0_c0_r1	one_direction	direct_edge	1	0.7082557680700752	6759644	tr|F6UX07|F6UX07_MONDO,sp|Q95KN1|CLUL1_CANLF
Clusterin	F7G367	G3RL83	FP	TN	Family0093302	p0_c0_r0	both_directions	direct_edge	1	0.8167585230160789	22703805	tr|F7G367|F7G367_MONDO,tr|G3RL83|G3RL83_GORGO
Clusterin	F7G367	G3RL83	FP	TN	Family0093302	p0_c0_r1	both_directions	direct_edge	1	0.8167585230160789	22703805	tr|F7G367|F7G367_MONDO,tr|G3RL83|G3RL83_GORGO
Clusterin	F7G367	H2MTZ0	FP	TN	Family0093302	p0_c0_r0	no_direct_hit	indirect_path	2			tr|F7G367|F7G367_MONDO,tr|F1N8T1|F1N8T1_CHICK,tr|H2MTZ0|H2MTZ0_ORYLA
Clusterin	F7G367	H2MTZ0	FP	TN	Family0093302	p0_c0_r1	no_direct_hit	indirect_path	2			tr|F7G367|F7G367_MONDO,tr|F1N8T1|F1N8T1_CHICK,tr|H2MTZ0|H2MTZ0_ORYLA
Clusterin	F7G367	P05371	FP	TN	Family0093302	p0_c0_r0	no_direct_hit	indirect_path	2			tr|F7G367|F7G367_MONDO,sp|P10909|CLUS_HUMAN,sp|P05371|CLUS_RAT
Clusterin	F7G367	P05371	FP	TN	Family0093302	p0_c0_r1	no_direct_hit	indirect_path	2			tr|F7G367|F7G367_MONDO,sp|P10909|CLUS_HUMAN,sp|P05371|CLUS_RAT
Clusterin	F7G367	P10909	FP	TN	Family0093302	p0_c0_r0	both_directions	direct_edge	1	0.8037251423296521	1711717	tr|F7G367|F7G367_MONDO,sp|P10909|CLUS_HUMAN
Clusterin	F7G367	P10909	FP	TN	Family0093302	p0_c0_r1	both_directions	direct_edge	1	0.8037251423296521	1711717	tr|F7G367|F7G367_MONDO,sp|P10909|CLUS_HUMAN
Clusterin	F7G367	P17697	FP	TN	Family0093302	p0_c0_r0	no_direct_hit	indirect_path	2			tr|F7G367|F7G367_MONDO,sp|P10909|CLUS_HUMAN,sp|P17697|CLUS_BOVIN
Clusterin	F7G367	P17697	FP	TN	Family0093302	p0_c0_r1	no_direct_hit	indirect_path	2			tr|F7G367|F7G367_MONDO,sp|P10909|CLUS_HUMAN,sp|P17697|CLUS_BOVIN
Clusterin	F7G367	Q06890	FP	TN	Family0093302	p0_c0_r0	no_direct_hit	indirect_path	2			tr|F7G367|F7G367_MONDO,sp|P10909|CLUS_HUMAN,sp|Q06890|CLUS_MOUSE
Clusterin	F7G367	Q06890	FP	TN	Family0093302	p0_c0_r1	no_direct_hit	indirect_path	2			tr|F7G367|F7G367_MONDO,sp|P10909|CLUS_HUMAN,sp|Q06890|CLUS_MOUSE
Clusterin	F7G367	Q5SPR2	FP	TN	Family0093302	p0_c0_r0	both_directions	direct_edge	1	0.9405756395371333	22703807	tr|F7G367|F7G367_MONDO,tr|Q5SPR2|Q5SPR2_DANRE
Clusterin	F7G367	Q5SPR2	FP	TN	Family0093302	p0_c0_r1	both_directions	direct_edge	1	0.9405756395371333	22703807	tr|F7G367|F7G367_MONDO,tr|Q5SPR2|Q5SPR2_DANRE
Clusterin	G3RL83	Q15846	FP	TN	Family0093302	p0_c0_r0	both_directions	direct_edge	1	0.7432976986926103	3925578	tr|G3RL83|G3RL83_GORGO,sp|Q15846|CLUL1_HUMAN
Clusterin	G3RL83	Q15846	FP	TN	Family0093302	p0_c0_r1	both_directions	direct_edge	1	0.7432976986926103	3925578	tr|G3RL83|G3RL83_GORGO,sp|Q15846|CLUL1_HUMAN
Clusterin	G3RL83	Q3ZRW6	FP	TN	Family0093302	p0_c0_r0	no_direct_hit	indirect_path	2			tr|G3RL83|G3RL83_GORGO,sp|P05371|CLUS_RAT,sp|Q3ZRW6|CLUL1_MOUSE
Clusterin	G3RL83	Q3ZRW6	FP	TN	Family0093302	p0_c0_r1	no_direct_hit	indirect_path	2			tr|G3RL83|G3RL83_GORGO,sp|P05371|CLUS_RAT,sp|Q3ZRW6|CLUL1_MOUSE
Clusterin	G3RL83	Q3ZRW7	FP	TN	Family0093302	p0_c0_r0	no_direct_hit	indirect_path	2			tr|G3RL83|G3RL83_GORGO,sp|P05371|CLUS_RAT,sp|Q3ZRW7|CLUL1_RAT
Clusterin	G3RL83	Q3ZRW7	FP	TN	Family0093302	p0_c0_r1	no_direct_hit	indirect_path	2			tr|G3RL83|G3RL83_GORGO,sp|P05371|CLUS_RAT,sp|Q3ZRW7|CLUL1_RAT
Clusterin	G3RL83	Q3ZRW9	FP	TN	Family0093302	p0_c0_r0	no_direct_hit	indirect_path	2			tr|G3RL83|G3RL83_GORGO,sp|Q06890|CLUS_MOUSE,sp|Q3ZRW9|CLUL1_BOVIN
Clusterin	G3RL83	Q3ZRW9	FP	TN	Family0093302	p0_c0_r1	no_direct_hit	indirect_path	2			tr|G3RL83|G3RL83_GORGO,sp|Q06890|CLUS_MOUSE,sp|Q3ZRW9|CLUL1_BOVIN
Clusterin	G3RL83	Q95KN1	FP	TN	Family0093302	p0_c0_r0	no_direct_hit	indirect_path	2			tr|G3RL83|G3RL83_GORGO,sp|Q15846|CLUL1_HUMAN,sp|Q95KN1|CLUL1_CANLF
Clusterin	G3RL83	Q95KN1	FP	TN	Family0093302	p0_c0_r1	no_direct_hit	indirect_path	2			tr|G3RL83|G3RL83_GORGO,sp|Q15846|CLUL1_HUMAN,sp|Q95KN1|CLUL1_CANLF
Clusterin	H2MTZ0	Q15846	FP	TN	Family0093302	p0_c0_r0	no_direct_hit	indirect_path	2			tr|H2MTZ0|H2MTZ0_ORYLA,tr|F1N8T1|F1N8T1_CHICK,sp|Q15846|CLUL1_HUMAN
Clusterin	H2MTZ0	Q15846	FP	TN	Family0093302	p0_c0_r1	no_direct_hit	indirect_path	2			tr|H2MTZ0|H2MTZ0_ORYLA,tr|F1N8T1|F1N8T1_CHICK,sp|Q15846|CLUL1_HUMAN
Clusterin	H2MTZ0	Q3ZRW6	FP	TN	Family0093302	p0_c0_r0	no_direct_hit	indirect_path	2			tr|H2MTZ0|H2MTZ0_ORYLA,tr|F1N8T1|F1N8T1_CHICK,sp|Q3ZRW6|CLUL1_MOUSE
Clusterin	H2MTZ0	Q3ZRW6	FP	TN	Family0093302	p0_c0_r1	no_direct_hit	indirect_path	2			tr|H2MTZ0|H2MTZ0_ORYLA,tr|F1N8T1|F1N8T1_CHICK,sp|Q3ZRW6|CLUL1_MOUSE
Clusterin	H2MTZ0	Q3ZRW7	FP	TN	Family0093302	p0_c0_r0	no_direct_hit	indirect_path	2			tr|H2MTZ0|H2MTZ0_ORYLA,sp|P17697|CLUS_BOVIN,sp|Q3ZRW7|CLUL1_RAT
Clusterin	H2MTZ0	Q3ZRW7	FP	TN	Family0093302	p0_c0_r1	no_direct_hit	indirect_path	2			tr|H2MTZ0|H2MTZ0_ORYLA,sp|P17697|CLUS_BOVIN,sp|Q3ZRW7|CLUL1_RAT
Clusterin	H2MTZ0	Q3ZRW9	FP	TN	Family0093302	p0_c0_r0	no_direct_hit	indirect_path	2			tr|H2MTZ0|H2MTZ0_ORYLA,tr|A0A6I8QY31|A0A6I8QY31_XENTR,sp|Q3ZRW9|CLUL1_BOVIN
Clusterin	H2MTZ0	Q3ZRW9	FP	TN	Family0093302	p0_c0_r1	no_direct_hit	indirect_path	2			tr|H2MTZ0|H2MTZ0_ORYLA,tr|A0A6I8QY31|A0A6I8QY31_XENTR,sp|Q3ZRW9|CLUL1_BOVIN
Clusterin	H2MTZ0	Q95KN1	FP	TN	Family0093302	p0_c0_r0	no_direct_hit	indirect_path	2			tr|H2MTZ0|H2MTZ0_ORYLA,tr|F6UX07|F6UX07_MONDO,sp|Q95KN1|CLUL1_CANLF
Clusterin	H2MTZ0	Q95KN1	FP	TN	Family0093302	p0_c0_r1	no_direct_hit	indirect_path	2			tr|H2MTZ0|H2MTZ0_ORYLA,tr|F6UX07|F6UX07_MONDO,sp|Q95KN1|CLUL1_CANLF
Clusterin	P05371	Q15846	FP	TN	Family0093302	p0_c0_r0	both_directions	direct_edge	1	0.631023841023163	1373001	sp|P05371|CLUS_RAT,sp|Q15846|CLUL1_HUMAN
Clusterin	P05371	Q15846	FP	TN	Family0093302	p0_c0_r1	both_directions	direct_edge	1	0.631023841023163	1373001	sp|P05371|CLUS_RAT,sp|Q15846|CLUL1_HUMAN
Clusterin	P05371	Q3ZRW6	FP	TN	Family0093302	p0_c0_r0	both_directions	direct_edge	1	0.5709007271030072	1373002	sp|P05371|CLUS_RAT,sp|Q3ZRW6|CLUL1_MOUSE
Clusterin	P05371	Q3ZRW6	FP	TN	Family0093302	p0_c0_r1	both_directions	direct_edge	1	0.5709007271030072	1373002	sp|P05371|CLUS_RAT,sp|Q3ZRW6|CLUL1_MOUSE
Clusterin	P05371	Q3ZRW9	FP	TN	Family0093302	p0_c0_r0	no_direct_hit	indirect_path	2			sp|P05371|CLUS_RAT,sp|Q06890|CLUS_MOUSE,sp|Q3ZRW9|CLUL1_BOVIN
Clusterin	P05371	Q3ZRW9	FP	TN	Family0093302	p0_c0_r1	no_direct_hit	indirect_path	2			sp|P05371|CLUS_RAT,sp|Q06890|CLUS_MOUSE,sp|Q3ZRW9|CLUL1_BOVIN
Clusterin	P05371	Q95KN1	FP	TN	Family0093302	p0_c0_r0	no_direct_hit	indirect_path	2			sp|P05371|CLUS_RAT,sp|Q15846|CLUL1_HUMAN,sp|Q95KN1|CLUL1_CANLF
Clusterin	P05371	Q95KN1	FP	TN	Family0093302	p0_c0_r1	no_direct_hit	indirect_path	2			sp|P05371|CLUS_RAT,sp|Q15846|CLUL1_HUMAN,sp|Q95KN1|CLUL1_CANLF
Clusterin	P10909	Q3ZRW6	FP	TN	Family0093302	p0_c0_r0	no_direct_hit	indirect_path	2			sp|P10909|CLUS_HUMAN,sp|P05371|CLUS_RAT,sp|Q3ZRW6|CLUL1_MOUSE
Clusterin	P10909	Q3ZRW6	FP	TN	Family0093302	p0_c0_r1	no_direct_hit	indirect_path	2			sp|P10909|CLUS_HUMAN,sp|P05371|CLUS_RAT,sp|Q3ZRW6|CLUL1_MOUSE
Clusterin	P10909	Q3ZRW7	FP	TN	Family0093302	p0_c0_r0	no_direct_hit	indirect_path	2			sp|P10909|CLUS_HUMAN,sp|P05371|CLUS_RAT,sp|Q3ZRW7|CLUL1_RAT
Clusterin	P10909	Q3ZRW7	FP	TN	Family0093302	p0_c0_r1	no_direct_hit	indirect_path	2			sp|P10909|CLUS_HUMAN,sp|P05371|CLUS_RAT,sp|Q3ZRW7|CLUL1_RAT
Clusterin	P10909	Q3ZRW9	FP	TN	Family0093302	p0_c0_r0	no_direct_hit	indirect_path	2			sp|P10909|CLUS_HUMAN,sp|Q06890|CLUS_MOUSE,sp|Q3ZRW9|CLUL1_BOVIN
Clusterin	P10909	Q3ZRW9	FP	TN	Family0093302	p0_c0_r1	no_direct_hit	indirect_path	2			sp|P10909|CLUS_HUMAN,sp|Q06890|CLUS_MOUSE,sp|Q3ZRW9|CLUL1_BOVIN
Clusterin	P10909	Q95KN1	FP	TN	Family0093302	p0_c0_r0	no_direct_hit	indirect_path	2			sp|P10909|CLUS_HUMAN,sp|Q15846|CLUL1_HUMAN,sp|Q95KN1|CLUL1_CANLF
Clusterin	P10909	Q95KN1	FP	TN	Family0093302	p0_c0_r1	no_direct_hit	indirect_path	2			sp|P10909|CLUS_HUMAN,sp|Q15846|CLUL1_HUMAN,sp|Q95KN1|CLUL1_CANLF
Clusterin	P17697	Q15846	FP	TN	Family0093302	p0_c0_r0	no_direct_hit	indirect_path	2			sp|P17697|CLUS_BOVIN,sp|P05371|CLUS_RAT,sp|Q15846|CLUL1_HUMAN
Clusterin	P17697	Q15846	FP	TN	Family0093302	p0_c0_r1	no_direct_hit	indirect_path	2			sp|P17697|CLUS_BOVIN,sp|P05371|CLUS_RAT,sp|Q15846|CLUL1_HUMAN
Clusterin	P17697	Q3ZRW6	FP	TN	Family0093302	p0_c0_r0	both_directions	indirect_path	2			sp|P17697|CLUS_BOVIN,sp|P05371|CLUS_RAT,sp|Q3ZRW6|CLUL1_MOUSE
Clusterin	P17697	Q3ZRW6	FP	TN	Family0093302	p0_c0_r1	both_directions	indirect_path	2			sp|P17697|CLUS_BOVIN,sp|P05371|CLUS_RAT,sp|Q3ZRW6|CLUL1_MOUSE
Clusterin	P17697	Q3ZRW7	FP	TN	Family0093302	p0_c0_r0	both_directions	direct_edge	1	0.5738633822831096	1908071	sp|P17697|CLUS_BOVIN,sp|Q3ZRW7|CLUL1_RAT
Clusterin	P17697	Q3ZRW7	FP	TN	Family0093302	p0_c0_r1	both_directions	direct_edge	1	0.5738633822831096	1908071	sp|P17697|CLUS_BOVIN,sp|Q3ZRW7|CLUL1_RAT
Clusterin	P17697	Q95KN1	FP	TN	Family0093302	p0_c0_r0	one_direction	indirect_path	2			sp|P17697|CLUS_BOVIN,sp|Q3ZRW7|CLUL1_RAT,sp|Q95KN1|CLUL1_CANLF
Clusterin	P17697	Q95KN1	FP	TN	Family0093302	p0_c0_r1	one_direction	indirect_path	2			sp|P17697|CLUS_BOVIN,sp|Q3ZRW7|CLUL1_RAT,sp|Q95KN1|CLUL1_CANLF
Clusterin	Q06890	Q15846	FP	TN	Family0093302	p0_c0_r0	both_directions	direct_edge	1	0.6806571699589701	3596076	sp|Q06890|CLUS_MOUSE,sp|Q15846|CLUL1_HUMAN
Clusterin	Q06890	Q15846	FP	TN	Family0093302	p0_c0_r1	both_directions	direct_edge	1	0.6806571699589701	3596076	sp|Q06890|CLUS_MOUSE,sp|Q15846|CLUL1_HUMAN
Clusterin	Q06890	Q3ZRW7	FP	TN	Family0093302	p0_c0_r0	both_directions	direct_edge	1	0.6360628057488843	3596078	sp|Q06890|CLUS_MOUSE,sp|Q3ZRW7|CLUL1_RAT
Clusterin	Q06890	Q3ZRW7	FP	TN	Family0093302	p0_c0_r1	both_directions	direct_edge	1	0.6360628057488843	3596078	sp|Q06890|CLUS_MOUSE,sp|Q3ZRW7|CLUL1_RAT
Clusterin	Q06890	Q3ZRW9	FP	TN	Family0093302	p0_c0_r0	one_direction	direct_edge	1	0.6660519439295173	3596079	sp|Q06890|CLUS_MOUSE,sp|Q3ZRW9|CLUL1_BOVIN
Clusterin	Q06890	Q3ZRW9	FP	TN	Family0093302	p0_c0_r1	one_direction	direct_edge	1	0.6660519439295173	3596079	sp|Q06890|CLUS_MOUSE,sp|Q3ZRW9|CLUL1_BOVIN
Clusterin	Q06890	Q95KN1	FP	TN	Family0093302	p0_c0_r0	no_direct_hit	indirect_path	2			sp|Q06890|CLUS_MOUSE,sp|Q15846|CLUL1_HUMAN,sp|Q95KN1|CLUL1_CANLF
Clusterin	Q06890	Q95KN1	FP	TN	Family0093302	p0_c0_r1	no_direct_hit	indirect_path	2			sp|Q06890|CLUS_MOUSE,sp|Q15846|CLUL1_HUMAN,sp|Q95KN1|CLUL1_CANLF
Clusterin	Q15846	Q5SPR2	FP	TN	Family0093302	p0_c0_r0	both_directions	direct_edge	1	0.7432976986926103	3925581	sp|Q15846|CLUL1_HUMAN,tr|Q5SPR2|Q5SPR2_DANRE
Clusterin	Q15846	Q5SPR2	FP	TN	Family0093302	p0_c0_r1	both_directions	direct_edge	1	0.7432976986926103	3925581	sp|Q15846|CLUL1_HUMAN,tr|Q5SPR2|Q5SPR2_DANRE
Clusterin	Q3ZRW6	Q5SPR2	FP	TN	Family0093302	p0_c0_r0	one_direction	direct_edge	1	0.6353541004527617	4331040	sp|Q3ZRW6|CLUL1_MOUSE,tr|Q5SPR2|Q5SPR2_DANRE
Clusterin	Q3ZRW6	Q5SPR2	FP	TN	Family0093302	p0_c0_r1	one_direction	direct_edge	1	0.6353541004527617	4331040	sp|Q3ZRW6|CLUL1_MOUSE,tr|Q5SPR2|Q5SPR2_DANRE
Clusterin	Q3ZRW7	Q5SPR2	FP	TN	Family0093302	p0_c0_r0	one_direction	direct_edge	1	0.6397358528696774	4331054	sp|Q3ZRW7|CLUL1_RAT,tr|Q5SPR2|Q5SPR2_DANRE
Clusterin	Q3ZRW7	Q5SPR2	FP	TN	Family0093302	p0_c0_r1	one_direction	direct_edge	1	0.6397358528696774	4331054	sp|Q3ZRW7|CLUL1_RAT,tr|Q5SPR2|Q5SPR2_DANRE
Clusterin	Q3ZRW9	Q5SPR2	FP	TN	Family0093302	p0_c0_r0	no_direct_hit	indirect_path	2			sp|Q3ZRW9|CLUL1_BOVIN,sp|Q06890|CLUS_MOUSE,tr|Q5SPR2|Q5SPR2_DANRE
Clusterin	Q3ZRW9	Q5SPR2	FP	TN	Family0093302	p0_c0_r1	no_direct_hit	indirect_path	2			sp|Q3ZRW9|CLUL1_BOVIN,sp|Q06890|CLUS_MOUSE,tr|Q5SPR2|Q5SPR2_DANRE
Clusterin	Q5SPR2	Q95KN1	FP	TN	Family0093302	p0_c0_r0	no_direct_hit	indirect_path	2			tr|Q5SPR2|Q5SPR2_DANRE,sp|Q15846|CLUL1_HUMAN,sp|Q95KN1|CLUL1_CANLF
Clusterin	Q5SPR2	Q95KN1	FP	TN	Family0093302	p0_c0_r1	no_direct_hit	indirect_path	2			tr|Q5SPR2|Q5SPR2_DANRE,sp|Q15846|CLUL1_HUMAN,sp|Q95KN1|CLUL1_CANLF
GH14	O23553	Q10RZ1	FP	TN	Family0083694	p0_c0_r0	both_directions	direct_edge	1	2.7403623894002576	718707	sp|O23553|BAM3_ARATH,sp|Q10RZ1|BAMY2_ORYSJ
GH14	O23553	Q10RZ1	FP	TN	Family0083694	p0_c0_r1	both_directions	direct_edge	1	2.7403623894002576	718707	sp|O23553|BAM3_ARATH,sp|Q10RZ1|BAMY2_ORYSJ
GH14	O23553	Q5NB81	FP	TN	Family0083694	p0_c0_r0	both_directions	indirect_path	3			sp|O23553|BAM3_ARATH,sp|Q10RZ1|BAMY2_ORYSJ,sp|Q9LIR6|BAM1_ARATH,tr|Q5NB81|Q5NB81_ORYSJ
GH14	O23553	Q5NB81	FP	TN	Family0083694	p0_c0_r1	both_directions	indirect_path	3			sp|O23553|BAM3_ARATH,sp|Q10RZ1|BAMY2_ORYSJ,sp|Q9LIR6|BAM1_ARATH,tr|Q5NB81|Q5NB81_ORYSJ
GH14	O23553	Q9AV88	FP	TN	Family0083694	p0_c0_r0	both_directions	direct_edge	1	2.7776701133526376	718708	sp|O23553|BAM3_ARATH,sp|Q9AV88|BAMY1_ORYSJ
GH14	O23553	Q9AV88	FP	TN	Family0083694	p0_c0_r1	both_directions	direct_edge	1	2.7776701133526376	718708	sp|O23553|BAM3_ARATH,sp|Q9AV88|BAMY1_ORYSJ
GH14	O65258	Q10RZ1	FP	TN	Family0083694	p0_c0_r0	both_directions	direct_edge	1	1.8873459587380672	972634	sp|O65258|BAM2_ARATH,sp|Q10RZ1|BAMY2_ORYSJ
GH14	O65258	Q10RZ1	FP	TN	Family0083694	p0_c0_r1	both_directions	direct_edge	1	1.8873459587380672	972634	sp|O65258|BAM2_ARATH,sp|Q10RZ1|BAMY2_ORYSJ
GH14	O65258	Q5NB81	FP	TN	Family0083694	p0_c0_r0	both_directions	indirect_path	2			sp|O65258|BAM2_ARATH,sp|Q9LIR6|BAM1_ARATH,tr|Q5NB81|Q5NB81_ORYSJ
GH14	O65258	Q5NB81	FP	TN	Family0083694	p0_c0_r1	both_directions	indirect_path	2			sp|O65258|BAM2_ARATH,sp|Q9LIR6|BAM1_ARATH,tr|Q5NB81|Q5NB81_ORYSJ
GH14	O65258	Q9AV88	FP	TN	Family0083694	p0_c0_r0	no_direct_hit	indirect_path	2			sp|O65258|BAM2_ARATH,sp|Q10RZ1|BAMY2_ORYSJ,sp|Q9AV88|BAMY1_ORYSJ
GH14	O65258	Q9AV88	FP	TN	Family0083694	p0_c0_r1	no_direct_hit	indirect_path	2			sp|O65258|BAM2_ARATH,sp|Q10RZ1|BAMY2_ORYSJ,sp|Q9AV88|BAMY1_ORYSJ
GH14	O80831	Q652P5	TP	FN	Family0090752	p0_c0_r0	no_direct_hit	indirect_path	2			sp|O80831|BAM7_ARATH,tr|A0A1D6I096|A0A1D6I096_MAIZE,tr|Q652P5|Q652P5_ORYSJ
GH14	O80831	Q652P5	TP	FN	Family0090752	p0_c0_r1	no_direct_hit	indirect_path	2			sp|O80831|BAM7_ARATH,tr|A0A1D6I096|A0A1D6I096_MAIZE,tr|Q652P5|Q652P5_ORYSJ
GH14	Q10RZ1	Q9FM68	FP	TN	Family0083694	p0_c0_r0	no_direct_hit	indirect_path	2			sp|Q10RZ1|BAMY2_ORYSJ,sp|O65258|BAM2_ARATH,sp|Q9FM68|BAM4_ARATH
GH14	Q10RZ1	Q9FM68	FP	TN	Family0083694	p0_c0_r1	no_direct_hit	indirect_path	2			sp|Q10RZ1|BAMY2_ORYSJ,sp|O65258|BAM2_ARATH,sp|Q9FM68|BAM4_ARATH
GH14	Q5NB81	Q9FM68	FP	TN	Family0083694	p0_c0_r0	no_direct_hit	indirect_path	3			tr|Q5NB81|Q5NB81_ORYSJ,sp|Q9LIR6|BAM1_ARATH,sp|O65258|BAM2_ARATH,sp|Q9FM68|BAM4_ARATH
GH14	Q5NB81	Q9FM68	FP	TN	Family0083694	p0_c0_r1	no_direct_hit	indirect_path	3			tr|Q5NB81|Q5NB81_ORYSJ,sp|Q9LIR6|BAM1_ARATH,sp|O65258|BAM2_ARATH,sp|Q9FM68|BAM4_ARATH
GH14	Q5NB81	Q9LIR6	FP	TN	Family0083694	p0_c0_r0	both_directions	direct_edge	1	2.0035680263920153	7372585	tr|Q5NB81|Q5NB81_ORYSJ,sp|Q9LIR6|BAM1_ARATH
GH14	Q5NB81	Q9LIR6	FP	TN	Family0083694	p0_c0_r1	both_directions	direct_edge	1	2.0035680263920153	7372585	tr|Q5NB81|Q5NB81_ORYSJ,sp|Q9LIR6|BAM1_ARATH
GH14	Q652P5	Q8L762	FP	TN	Family0090752	p0_c0_r0	no_direct_hit	indirect_path	2			tr|Q652P5|Q652P5_ORYSJ,tr|C0P5G0|C0P5G0_MAIZE,sp|Q8L762|BAM6_ARATH
GH14	Q652P5	Q8L762	FP	TN	Family0090752	p0_c0_r1	no_direct_hit	indirect_path	2			tr|Q652P5|Q652P5_ORYSJ,tr|C0P5G0|C0P5G0_MAIZE,sp|Q8L762|BAM6_ARATH
GH14	Q9AV88	Q9FM68	FP	TN	Family0083694	p0_c0_r0	no_direct_hit	indirect_path	3			sp|Q9AV88|BAMY1_ORYSJ,sp|Q10RZ1|BAMY2_ORYSJ,sp|O65258|BAM2_ARATH,sp|Q9FM68|BAM4_ARATH
GH14	Q9AV88	Q9FM68	FP	TN	Family0083694	p0_c0_r1	no_direct_hit	indirect_path	3			sp|Q9AV88|BAMY1_ORYSJ,sp|Q10RZ1|BAMY2_ORYSJ,sp|O65258|BAM2_ARATH,sp|Q9FM68|BAM4_ARATH
HOX	A0A6I8Q068	E1BQM6	FP	TN	Family0061221	p0_c0_r0	both_directions	direct_edge	1	1.926251719828137	14366048	tr|A0A6I8Q068|A0A6I8Q068_XENTR,tr|E1BQM6|E1BQM6_CHICK
HOX	A0A6I8Q068	E1BQM6	FP	TN	Family0061221	p0_c0_r1	both_directions	direct_edge	1	1.926251719828137	14366048	tr|A0A6I8Q068|A0A6I8Q068_XENTR,tr|E1BQM6|E1BQM6_CHICK
HOX	A0A6I8Q068	P17482	FP	TN	Family0061221	p0_c0_r0	no_direct_hit	indirect_path	2			tr|A0A6I8Q068|A0A6I8Q068_XENTR,sp|B5DFK3|HXD9_RAT,sp|P17482|HXB9_HUMAN
HOX	A0A6I8Q068	P17482	FP	TN	Family0061221	p0_c0_r1	no_direct_hit	indirect_path	2			tr|A0A6I8Q068|A0A6I8Q068_XENTR,sp|B5DFK3|HXD9_RAT,sp|P17482|HXB9_HUMAN
HOX	A0A6I8Q068	P28356	FP	TN	Family0061221	p0_c0_r0	no_direct_hit	indirect_path	2			tr|A0A6I8Q068|A0A6I8Q068_XENTR,sp|B5DFK3|HXD9_RAT,sp|P28356|HXD9_HUMAN
HOX	A0A6I8Q068	P28356	FP	TN	Family0061221	p0_c0_r1	no_direct_hit	indirect_path	2			tr|A0A6I8Q068|A0A6I8Q068_XENTR,sp|B5DFK3|HXD9_RAT,sp|P28356|HXD9_HUMAN
HOX	A0A6I8Q068	P31269	FP	TN	Family0061221	p0_c0_r0	both_directions	indirect_path	2			tr|A0A6I8Q068|A0A6I8Q068_XENTR,sp|B5DFK3|HXD9_RAT,sp|P31269|HXA9_HUMAN
HOX	A0A6I8Q068	P31269	FP	TN	Family0061221	p0_c0_r1	both_directions	indirect_path	2			tr|A0A6I8Q068|A0A6I8Q068_XENTR,sp|B5DFK3|HXD9_RAT,sp|P31269|HXA9_HUMAN
HOX	A0A6I8Q068	Q98924	FP	TN	Family0061221	p0_c0_r0	no_direct_hit	indirect_path	2			tr|A0A6I8Q068|A0A6I8Q068_XENTR,sp|P09631|HXA9_MOUSE,sp|Q98924|HXA9_CHICK
HOX	A0A6I8Q068	Q98924	FP	TN	Family0061221	p0_c0_r1	no_direct_hit	indirect_path	2			tr|A0A6I8Q068|A0A6I8Q068_XENTR,sp|P09631|HXA9_MOUSE,sp|Q98924|HXA9_CHICK
HOX	A0A6I8Q068	Q9PWL6	FP	TN	Family0061221	p0_c0_r0	no_direct_hit	indirect_path	2			tr|A0A6I8Q068|A0A6I8Q068_XENTR,sp|B5DFK3|HXD9_RAT,sp|Q9PWL6|HXA9A_DANRE
HOX	A0A6I8Q068	Q9PWL6	FP	TN	Family0061221	p0_c0_r1	no_direct_hit	indirect_path	2			tr|A0A6I8Q068|A0A6I8Q068_XENTR,sp|B5DFK3|HXD9_RAT,sp|Q9PWL6|HXA9A_DANRE
HOX	A0A6I8Q068	Q9PWM2	FP	TN	Family0061221	p0_c0_r0	no_direct_hit	indirect_path	2			tr|A0A6I8Q068|A0A6I8Q068_XENTR,sp|B5DFK3|HXD9_RAT,sp|Q9PWM2|HXB9A_DANRE
HOX	A0A6I8Q068	Q9PWM2	FP	TN	Family0061221	p0_c0_r1	no_direct_hit	indirect_path	2			tr|A0A6I8Q068|A0A6I8Q068_XENTR,sp|B5DFK3|HXD9_RAT,sp|Q9PWM2|HXB9A_DANRE
HOX	A0A6I8Q068	Q9PWM6	FP	TN	Family0061221	p0_c0_r0	no_direct_hit	indirect_path	2			tr|A0A6I8Q068|A0A6I8Q068_XENTR,sp|B5DFK3|HXD9_RAT,sp|Q9PWM6|HXD9A_DANRE
HOX	A0A6I8Q068	Q9PWM6	FP	TN	Family0061221	p0_c0_r1	no_direct_hit	indirect_path	2			tr|A0A6I8Q068|A0A6I8Q068_XENTR,sp|B5DFK3|HXD9_RAT,sp|Q9PWM6|HXD9A_DANRE
HOX	A0A6I8Q068	Q9YGT5	FP	TN	Family0061221	p0_c0_r0	no_direct_hit	indirect_path	2			tr|A0A6I8Q068|A0A6I8Q068_XENTR,sp|B5DFK3|HXD9_RAT,sp|Q9YGT5|HXA9B_DANRE
HOX	A0A6I8Q068	Q9YGT5	FP	TN	Family0061221	p0_c0_r1	no_direct_hit	indirect_path	2			tr|A0A6I8Q068|A0A6I8Q068_XENTR,sp|B5DFK3|HXD9_RAT,sp|Q9YGT5|HXA9B_DANRE
HOX	A2BE68	P24343	FP	TN	Family0096552	p0_c0_r0	both_directions	indirect_path	2			tr|A2BE68|A2BE68_DANRE,sp|P23812|HXD12_MOUSE,sp|P24343|HXD12_CHICK
HOX	A2BE68	P24343	FP	TN	Family0096552	p0_c0_r1	both_directions	indirect_path	2			tr|A2BE68|A2BE68_DANRE,sp|P23812|HXD12_MOUSE,sp|P24343|HXD12_CHICK
HOX	A2BE68	P35452	FP	TN	Family0096552	p0_c0_r0	both_directions	indirect_path	2			tr|A2BE68|A2BE68_DANRE,sp|P23812|HXD12_MOUSE,sp|P35452|HXD12_HUMAN
HOX	A2BE68	P35452	FP	TN	Family0096552	p0_c0_r1	both_directions	indirect_path	2			tr|A2BE68|A2BE68_DANRE,sp|P23812|HXD12_MOUSE,sp|P35452|HXD12_HUMAN
HOX	E1BQM6	F7D5I9	FP	TN	Family0061221	p0_c0_r0	both_directions	direct_edge	1	2.1541020175990893	20763564	tr|E1BQM6|E1BQM6_CHICK,tr|F7D5I9|F7D5I9_XENTR
HOX	E1BQM6	F7D5I9	FP	TN	Family0061221	p0_c0_r1	both_directions	direct_edge	1	2.1541020175990893	20763564	tr|E1BQM6|E1BQM6_CHICK,tr|F7D5I9|F7D5I9_XENTR
HOX	E1BQM6	P28356	FP	TN	Family0061221	p0_c0_r0	no_direct_hit	indirect_path	2			tr|E1BQM6|E1BQM6_CHICK,sp|B5DFK3|HXD9_RAT,sp|P28356|HXD9_HUMAN
HOX	E1BQM6	P28356	FP	TN	Family0061221	p0_c0_r1	no_direct_hit	indirect_path	2			tr|E1BQM6|E1BQM6_CHICK,sp|B5DFK3|HXD9_RAT,sp|P28356|HXD9_HUMAN
HOX	E1BQM6	P31269	FP	TN	Family0061221	p0_c0_r0	both_directions	direct_edge	1	1.7394524694115536	2267160	tr|E1BQM6|E1BQM6_CHICK,sp|P31269|HXA9_HUMAN
HOX	E1BQM6	P31269	FP	TN	Family0061221	p0_c0_r1	both_directions	direct_edge	1	1.7394524694115536	2267160	tr|E1BQM6|E1BQM6_CHICK,sp|P31269|HXA9_HUMAN
HOX	E1BQM6	P31274	FP	TN	Family0061221	p0_c0_r0	both_directions	direct_edge	1	1.933032836801902	2267723	tr|E1BQM6|E1BQM6_CHICK,sp|P31274|HXC9_HUMAN
HOX	E1BQM6	P31274	FP	TN	Family0061221	p0_c0_r1	both_directions	direct_edge	1	1.933032836801902	2267723	tr|E1BQM6|E1BQM6_CHICK,sp|P31274|HXC9_HUMAN
HOX	E1BQM6	Q9PWL6	FP	TN	Family0061221	p0_c0_r0	both_directions	direct_edge	1	1.4201119493610173	7577038	tr|E1BQM6|E1BQM6_CHICK,sp|Q9PWL6|HXA9A_DANRE
HOX	E1BQM6	Q9PWL6	FP	TN	Family0061221	p0_c0_r1	both_directions	direct_edge	1	1.4201119493610173	7577038	tr|E1BQM6|E1BQM6_CHICK,sp|Q9PWL6|HXA9A_DANRE
HOX	E1BQM6	Q9PWM6	FP	TN	Family0061221	p0_c0_r0	both_directions	direct_edge	1	2.1462480976013074	7577410	tr|E1BQM6|E1BQM6_CHICK,sp|Q9PWM6|HXD9A_DANRE
HOX	E1BQM6	Q9PWM6	FP	TN	Family0061221	p0_c0_r1	both_directions	direct_edge	1	2.1462480976013074	7577410	tr|E1BQM6|E1BQM6_CHICK,sp|Q9PWM6|HXD9A_DANRE
HOX	E1BQM6	Q9YGT5	FP	TN	Family0061221	p0_c0_r0	both_directions	direct_edge	1	1.6285540799490899	8067386	tr|E1BQM6|E1BQM6_CHICK,sp|Q9YGT5|HXA9B_DANRE
HOX	E1BQM6	Q9YGT5	FP	TN	Family0061221	p0_c0_r1	both_directions	direct_edge	1	1.6285540799490899	8067386	tr|E1BQM6|E1BQM6_CHICK,sp|Q9YGT5|HXA9B_DANRE
HOX	E1BRT6	F7BEF0	FP	TN	Family0029528	p0_c0_r0	both_directions	direct_edge	1	2.0901711903104503	20766127	tr|E1BRT6|E1BRT6_CHICK,tr|F7BEF0|F7BEF0_XENTR
HOX	E1BRT6	F7BEF0	FP	TN	Family0029528	p0_c0_r1	both_directions	direct_edge	1	2.0901711903104503	20766127	tr|E1BRT6|E1BRT6_CHICK,tr|F7BEF0|F7BEF0_XENTR
HOX	E1BRT6	P31260	FP	TN	Family0029528	p0_c0_r0	both_directions	direct_edge	1	1.3599288334752737	2266717	tr|E1BRT6|E1BRT6_CHICK,sp|P31260|HXA10_HUMAN
HOX	E1BRT6	P31260	FP	TN	Family0029528	p0_c0_r1	both_directions	direct_edge	1	1.3599288334752737	2266717	tr|E1BRT6|E1BRT6_CHICK,sp|P31260|HXA10_HUMAN
HOX	E1BRT6	Q8AWY2	FP	TN	Family0029528	p0_c0_r0	both_directions	direct_edge	1	1.949354283373347	6018220	tr|E1BRT6|E1BRT6_CHICK,sp|Q8AWY2|HXAAB_DANRE
HOX	E1BRT6	Q8AWY2	FP	TN	Family0029528	p0_c0_r1	both_directions	direct_edge	1	1.949354283373347	6018220	tr|E1BRT6|E1BRT6_CHICK,sp|Q8AWY2|HXAAB_DANRE
HOX	E1BRT6	Q9NYD6	FP	TN	Family0029528	p0_c0_r0	both_directions	direct_edge	1	2.088125988628923	7527169	tr|E1BRT6|E1BRT6_CHICK,sp|Q9NYD6|HXC10_HUMAN
HOX	E1BRT6	Q9NYD6	FP	TN	Family0029528	p0_c0_r1	both_directions	direct_edge	1	2.088125988628923	7527169	tr|E1BRT6|E1BRT6_CHICK,sp|Q9NYD6|HXC10_HUMAN
HOX	F6PXE7	P31260	FP	TN	Family0029528	p0_c0_r0	both_directions	direct_edge	1	1.3780566989607446	2266726	tr|F6PXE7|F6PXE7_XENTR,sp|P31260|HXA10_HUMAN
HOX	F6PXE7	P31260	FP	TN	Family0029528	p0_c0_r1	both_directions	direct_edge	1	1.3780566989607446	2266726	tr|F6PXE7|F6PXE7_XENTR,sp|P31260|HXA10_HUMAN
HOX	F6PXE7	Q8AWY2	FP	TN	Family0029528	p0_c0_r0	both_directions	direct_edge	1	1.9791838541952564	6018226	tr|F6PXE7|F6PXE7_XENTR,sp|Q8AWY2|HXAAB_DANRE
HOX	F6PXE7	Q8AWY2	FP	TN	Family0029528	p0_c0_r1	both_directions	direct_edge	1	1.9791838541952564	6018226	tr|F6PXE7|F6PXE7_XENTR,sp|Q8AWY2|HXAAB_DANRE
HOX	F6PXE7	Q9NYD6	FP	TN	Family0029528	p0_c0_r0	both_directions	direct_edge	1	2.1500371981971877	7527176	tr|F6PXE7|F6PXE7_XENTR,sp|Q9NYD6|HXC10_HUMAN
HOX	F6PXE7	Q9NYD6	FP	TN	Family0029528	p0_c0_r1	both_directions	direct_edge	1	2.1500371981971877	7527176	tr|F6PXE7|F6PXE7_XENTR,sp|Q9NYD6|HXC10_HUMAN
HOX	F6PXR2	P31271	FP	TN	Family0096640	p0_c0_r0	no_direct_hit	indirect_path	2			tr|F6PXR2|F6PXR2_XENTR,sp|P24344|HXD13_CHICK,sp|P31271|HXA13_HUMAN
HOX	F6PXR2	P31271	FP	TN	Family0096640	p0_c0_r1	no_direct_hit	indirect_path	2			tr|F6PXR2|F6PXR2_XENTR,sp|P24344|HXD13_CHICK,sp|P31271|HXA13_HUMAN
HOX	F6PXR2	P31276	FP	TN	Family0096640	p0_c0_r0	no_direct_hit	indirect_path	2			tr|F6PXR2|F6PXR2_XENTR,sp|P24344|HXD13_CHICK,sp|P31276|HXC13_HUMAN
HOX	F6PXR2	P31276	FP	TN	Family0096640	p0_c0_r1	no_direct_hit	indirect_path	2			tr|F6PXR2|F6PXR2_XENTR,sp|P24344|HXD13_CHICK,sp|P31276|HXC13_HUMAN
HOX	F6PXR2	P79724	FP	TN	Family0096640	p0_c0_r0	both_directions	indirect_path	2			tr|F6PXR2|F6PXR2_XENTR,sp|P50207|HXC13_MOUSE,sp|P79724|HXADB_DANRE
HOX	F6PXR2	P79724	FP	TN	Family0096640	p0_c0_r1	both_directions	indirect_path	2			tr|F6PXR2|F6PXR2_XENTR,sp|P50207|HXC13_MOUSE,sp|P79724|HXADB_DANRE
HOX	F6PXR2	Q1ECY2	FP	TN	Family0096640	p0_c0_r0	both_directions	direct_edge	1	2.2122993529002093	3974560	tr|F6PXR2|F6PXR2_XENTR,sp|Q1ECY2|HXBDA_DANRE
HOX	F6PXR2	Q1ECY2	FP	TN	Family0096640	p0_c0_r1	both_directions	direct_edge	1	2.2122993529002093	3974560	tr|F6PXR2|F6PXR2_XENTR,sp|Q1ECY2|HXBDA_DANRE
HOX	F6PXR2	Q6JIY4	FP	TN	Family0096640	p0_c0_r0	no_direct_hit	indirect_path	2			tr|F6PXR2|F6PXR2_XENTR,sp|P50207|HXC13_MOUSE,sp|Q6JIY4|HXCDB_DANRE
HOX	F6PXR2	Q6JIY4	FP	TN	Family0096640	p0_c0_r1	no_direct_hit	indirect_path	2			tr|F6PXR2|F6PXR2_XENTR,sp|P50207|HXC13_MOUSE,sp|Q6JIY4|HXCDB_DANRE
HOX	F6PXR2	Q6JIY5	FP	TN	Family0096640	p0_c0_r0	both_directions	direct_edge	1	2.0991127911105494	5482942	tr|F6PXR2|F6PXR2_XENTR,sp|Q6JIY5|HXCDA_DANRE
HOX	F6PXR2	Q6JIY5	FP	TN	Family0096640	p0_c0_r1	both_directions	direct_edge	1	2.0991127911105494	5482942	tr|F6PXR2|F6PXR2_XENTR,sp|Q6JIY5|HXCDA_DANRE
HOX	F6PXR2	Q6W990	FP	TN	Family0096640	p0_c0_r0	both_directions	direct_edge	1	2.072409641077291	5627661	tr|F6PXR2|F6PXR2_XENTR,sp|Q6W990|HXADA_DANRE
HOX	F6PXR2	Q6W990	FP	TN	Family0096640	p0_c0_r1	both_directions	direct_edge	1	2.072409641077291	5627661	tr|F6PXR2|F6PXR2_XENTR,sp|Q6W990|HXADA_DANRE
HOX	F6PXR2	Q90X25	FP	TN	Family0096640	p0_c0_r0	no_direct_hit	indirect_path	2			tr|F6PXR2|F6PXR2_XENTR,sp|Q1ECY2|HXBDA_DANRE,sp|Q90X25|HXA13_CHICK
HOX	F6PXR2	Q90X25	FP	TN	Family0096640	p0_c0_r1	no_direct_hit	indirect_path	2			tr|F6PXR2|F6PXR2_XENTR,sp|Q1ECY2|HXBDA_DANRE,sp|Q90X25|HXA13_CHICK
HOX	F6PXR2	Q92826	FP	TN	Family0096640	p0_c0_r0	no_direct_hit	indirect_path	2			tr|F6PXR2|F6PXR2_XENTR,sp|Q1ECY2|HXBDA_DANRE,sp|Q92826|HXB13_HUMAN
HOX	F6PXR2	Q92826	FP	TN	Family0096640	p0_c0_r1	no_direct_hit	indirect_path	2			tr|F6PXR2|F6PXR2_XENTR,sp|Q1ECY2|HXBDA_DANRE,sp|Q92826|HXB13_HUMAN
HOX	F7BEF0	P28358	FP	TN	Family0029528	p0_c0_r0	both_directions	indirect_path	2			tr|F7BEF0|F7BEF0_XENTR,sp|P31310|HXA10_MOUSE,sp|P28358|HXD10_HUMAN
HOX	F7BEF0	P28358	FP	TN	Family0029528	p0_c0_r1	both_directions	indirect_path	2			tr|F7BEF0|F7BEF0_XENTR,sp|P31310|HXA10_MOUSE,sp|P28358|HXD10_HUMAN
HOX	F7BEF0	P31260	FP	TN	Family0029528	p0_c0_r0	both_directions	indirect_path	2			tr|F7BEF0|F7BEF0_XENTR,sp|P31310|HXA10_MOUSE,sp|P31260|HXA10_HUMAN
HOX	F7BEF0	P31260	FP	TN	Family0029528	p0_c0_r1	both_directions	indirect_path	2			tr|F7BEF0|F7BEF0_XENTR,sp|P31310|HXA10_MOUSE,sp|P31260|HXA10_HUMAN
HOX	F7BEF0	Q8AWY2	FP	TN	Family0029528	p0_c0_r0	both_directions	indirect_path	2			tr|F7BEF0|F7BEF0_XENTR,sp|P31310|HXA10_MOUSE,sp|Q8AWY2|HXAAB_DANRE
HOX	F7BEF0	Q8AWY2	FP	TN	Family0029528	p0_c0_r1	both_directions	indirect_path	2			tr|F7BEF0|F7BEF0_XENTR,sp|P31310|HXA10_MOUSE,sp|Q8AWY2|HXAAB_DANRE
HOX	F7BEF0	Q90469	FP	TN	Family0029528	p0_c0_r0	both_directions	direct_edge	1	2.0183506637977096	6625153	tr|F7BEF0|F7BEF0_XENTR,sp|Q90469|HXDAA_DANRE
HOX	F7BEF0	Q90469	FP	TN	Family0029528	p0_c0_r1	both_directions	direct_edge	1	2.0183506637977096	6625153	tr|F7BEF0|F7BEF0_XENTR,sp|Q90469|HXDAA_DANRE
HOX	F7BEI0	P24343	FP	TN	Family0096552	p0_c0_r0	both_directions	direct_edge	1	1.761843076452667	2093408	tr|F7BEI0|F7BEI0_XENTR,sp|P24343|HXD12_CHICK
HOX	F7BEI0	P24343	FP	TN	Family0096552	p0_c0_r1	both_directions	direct_edge	1	1.761843076452667	2093408	tr|F7BEI0|F7BEI0_XENTR,sp|P24343|HXD12_CHICK
HOX	F7BEI0	P35452	FP	TN	Family0096552	p0_c0_r0	both_directions	direct_edge	1	1.5010675448214588	2412537	tr|F7BEI0|F7BEI0_XENTR,sp|P35452|HXD12_HUMAN
HOX	F7BEI0	P35452	FP	TN	Family0096552	p0_c0_r1	both_directions	direct_edge	1	1.5010675448214588	2412537	tr|F7BEI0|F7BEI0_XENTR,sp|P35452|HXD12_HUMAN
HOX	F7BEI0	Q90471	FP	TN	Family0096552	p0_c0_r0	both_directions	direct_edge	1	1.760003192752452	6625232	tr|F7BEI0|F7BEI0_XENTR,sp|Q90471|HXDCA_DANRE
HOX	F7BEI0	Q90471	FP	TN	Family0096552	p0_c0_r1	both_directions	direct_edge	1	1.760003192752452	6625232	tr|F7BEI0|F7BEI0_XENTR,sp|Q90471|HXDCA_DANRE
HOX	F7D5A4	O43248	FP	TN	Family0086773	p0_c0_r0	both_directions	direct_edge	1	2.3151708019671653	843581	tr|F7D5A4|F7D5A4_XENTR,sp|O43248|HXC11_HUMAN
HOX	F7D5A4	O43248	FP	TN	Family0086773	p0_c0_r1	both_directions	direct_edge	1	2.3151708019671653	843581	tr|F7D5A4|F7D5A4_XENTR,sp|O43248|HXC11_HUMAN
HOX	F7D5A4	P24342	FP	TN	Family0086773	p0_c0_r0	both_directions	direct_edge	1	2.4987550650871357	2093361	tr|F7D5A4|F7D5A4_XENTR,sp|P24342|HXD11_CHICK
HOX	F7D5A4	P24342	FP	TN	Family0086773	p0_c0_r1	both_directions	direct_edge	1	2.4987550650871357	2093361	tr|F7D5A4|F7D5A4_XENTR,sp|P24342|HXD11_CHICK
HOX	F7D5A4	P31277	FP	TN	Family0086773	p0_c0_r0	both_directions	indirect_path	2			tr|F7D5A4|F7D5A4_XENTR,sp|P23813|HXD11_MOUSE,sp|P31277|HXD11_HUMAN
HOX	F7D5A4	P31277	FP	TN	Family0086773	p0_c0_r1	both_directions	indirect_path	2			tr|F7D5A4|F7D5A4_XENTR,sp|P23813|HXD11_MOUSE,sp|P31277|HXD11_HUMAN
HOX	F7D5A4	Q58EL0	FP	TN	Family0086773	p0_c0_r0	both_directions	direct_edge	1	2.651417148813172	4848404	tr|F7D5A4|F7D5A4_XENTR,sp|Q58EL0|HXCBA_DANRE
HOX	F7D5A4	Q58EL0	FP	TN	Family0086773	p0_c0_r1	both_directions	direct_edge	1	2.651417148813172	4848404	tr|F7D5A4|F7D5A4_XENTR,sp|Q58EL0|HXCBA_DANRE
HOX	F7D5A4	Q90470	FP	TN	Family0086773	p0_c0_r0	both_directions	direct_edge	1	2.6212282568528393	6625194	tr|F7D5A4|F7D5A4_XENTR,sp|Q90470|HXDBA_DANRE
HOX	F7D5A4	Q90470	FP	TN	Family0086773	p0_c0_r1	both_directions	direct_edge	1	2.6212282568528393	6625194	tr|F7D5A4|F7D5A4_XENTR,sp|Q90470|HXDBA_DANRE
HOX	F7D5I9	P17482	FP	TN	Family0061221	p0_c0_r0	both_directions	direct_edge	1	2.2549256429364615	1899324	tr|F7D5I9|F7D5I9_XENTR,sp|P17482|HXB9_HUMAN
HOX	F7D5I9	P17482	FP	TN	Family0061221	p0_c0_r1	both_directions	direct_edge	1	2.2549256429364615	1899324	tr|F7D5I9|F7D5I9_XENTR,sp|P17482|HXB9_HUMAN
HOX	F7D5I9	P28356	FP	TN	Family0061221	p0_c0_r0	one_direction	direct_edge	1	1.3031833128068078	2200034	tr|F7D5I9|F7D5I9_XENTR,sp|P28356|HXD9_HUMAN
HOX	F7D5I9	P28356	FP	TN	Family0061221	p0_c0_r1	one_direction	direct_edge	1	1.3031833128068078	2200034	tr|F7D5I9|F7D5I9_XENTR,sp|P28356|HXD9_HUMAN
HOX	F7D5I9	P31274	FP	TN	Family0061221	p0_c0_r0	both_directions	direct_edge	1	2.4299468944432356	2267736	tr|F7D5I9|F7D5I9_XENTR,sp|P31274|HXC9_HUMAN
HOX	F7D5I9	P31274	FP	TN	Family0061221	p0_c0_r1	both_directions	direct_edge	1	2.4299468944432356	2267736	tr|F7D5I9|F7D5I9_XENTR,sp|P31274|HXC9_HUMAN
HOX	F7D5I9	Q9PWM2	FP	TN	Family0061221	p0_c0_r0	both_directions	indirect_path	2			tr|F7D5I9|F7D5I9_XENTR,sp|B5DFK3|HXD9_RAT,sp|Q9PWM2|HXB9A_DANRE
HOX	F7D5I9	Q9PWM2	FP	TN	Family0061221	p0_c0_r1	both_directions	indirect_path	2			tr|F7D5I9|F7D5I9_XENTR,sp|B5DFK3|HXD9_RAT,sp|Q9PWM2|HXB9A_DANRE
HOX	F7D5I9	Q9PWM6	FP	TN	Family0061221	p0_c0_r0	both_directions	direct_edge	1	2.5315533847520713	7577420	tr|F7D5I9|F7D5I9_XENTR,sp|Q9PWM6|HXD9A_DANRE
HOX	F7D5I9	Q9PWM6	FP	TN	Family0061221	p0_c0_r1	both_directions	direct_edge	1	2.5315533847520713	7577420	tr|F7D5I9|F7D5I9_XENTR,sp|Q9PWM6|HXD9A_DANRE
HOX	O43248	P24342	FP	TN	Family0086773	p0_c0_r0	both_directions	direct_edge	1	2.1285104793968608	843548	sp|O43248|HXC11_HUMAN,sp|P24342|HXD11_CHICK
HOX	O43248	P24342	FP	TN	Family0086773	p0_c0_r1	both_directions	direct_edge	1	2.1285104793968608	843548	sp|O43248|HXC11_HUMAN,sp|P24342|HXD11_CHICK
HOX	O43248	P31258	FP	TN	Family0086773	p0_c0_r0	both_directions	direct_edge	1	2.3562330383010717	843549	sp|O43248|HXC11_HUMAN,sp|P31258|HXA11_CHICK
HOX	O43248	P31258	FP	TN	Family0086773	p0_c0_r1	both_directions	direct_edge	1	2.3562330383010717	843549	sp|O43248|HXC11_HUMAN,sp|P31258|HXA11_CHICK
HOX	O43248	Q90470	FP	TN	Family0086773	p0_c0_r0	both_directions	direct_edge	1	2.1542358889978193	843558	sp|O43248|HXC11_HUMAN,sp|Q90470|HXDBA_DANRE
HOX	O43248	Q90470	FP	TN	Family0086773	p0_c0_r1	both_directions	direct_edge	1	2.1542358889978193	843558	sp|O43248|HXC11_HUMAN,sp|Q90470|HXDBA_DANRE
HOX	O43248	Q9DDU0	FP	TN	Family0086773	p0_c0_r0	both_directions	direct_edge	1	2.2325843574810538	843559	sp|O43248|HXC11_HUMAN,sp|Q9DDU0|HXABA_DANRE
HOX	O43248	Q9DDU0	FP	TN	Family0086773	p0_c0_r1	both_directions	direct_edge	1	2.2325843574810538	843559	sp|O43248|HXC11_HUMAN,sp|Q9DDU0|HXABA_DANRE
HOX	O43248	Q9DDU1	FP	TN	Family0086773	p0_c0_r0	both_directions	indirect_path	2			sp|O43248|HXC11_HUMAN,sp|P23813|HXD11_MOUSE,sp|Q9DDU1|HXABB_DANRE
HOX	O43248	Q9DDU1	FP	TN	Family0086773	p0_c0_r1	both_directions	indirect_path	2			sp|O43248|HXC11_HUMAN,sp|P23813|HXD11_MOUSE,sp|Q9DDU1|HXABB_DANRE
HOX	P17482	Q98924	FP	TN	Family0061221	p0_c0_r0	no_direct_hit	indirect_path	2			sp|P17482|HXB9_HUMAN,sp|P09631|HXA9_MOUSE,sp|Q98924|HXA9_CHICK
HOX	P17482	Q98924	FP	TN	Family0061221	p0_c0_r1	no_direct_hit	indirect_path	2			sp|P17482|HXB9_HUMAN,sp|P09631|HXA9_MOUSE,sp|Q98924|HXA9_CHICK
HOX	P17482	Q9PWL6	FP	TN	Family0061221	p0_c0_r0	both_directions	indirect_path	2			sp|P17482|HXB9_HUMAN,sp|B5DFK3|HXD9_RAT,sp|Q9PWL6|HXA9A_DANRE
HOX	P17482	Q9PWL6	FP	TN	Family0061221	p0_c0_r1	both_directions	indirect_path	2			sp|P17482|HXB9_HUMAN,sp|B5DFK3|HXD9_RAT,sp|Q9PWL6|HXA9A_DANRE
HOX	P17482	Q9PWM6	FP	TN	Family0061221	p0_c0_r0	both_directions	direct_edge	1	2.227174295719006	1899295	sp|P17482|HXB9_HUMAN,sp|Q9PWM6|HXD9A_DANRE
HOX	P17482	Q9PWM6	FP	TN	Family0061221	p0_c0_r1	both_directions	direct_edge	1	2.227174295719006	1899295	sp|P17482|HXB9_HUMAN,sp|Q9PWM6|HXD9A_DANRE
HOX	P17482	Q9YGT5	FP	TN	Family0061221	p0_c0_r0	both_directions	direct_edge	1	1.8847253707954796	1899297	sp|P17482|HXB9_HUMAN,sp|Q9YGT5|HXA9B_DANRE
HOX	P17482	Q9YGT5	FP	TN	Family0061221	p0_c0_r1	both_directions	direct_edge	1	1.8847253707954796	1899297	sp|P17482|HXB9_HUMAN,sp|Q9YGT5|HXA9B_DANRE
HOX	P24342	P31270	FP	TN	Family0086773	p0_c0_r0	both_directions	direct_edge	1	2.2496919004025084	2093336	sp|P24342|HXD11_CHICK,sp|P31270|HXA11_HUMAN
HOX	P24342	P31270	FP	TN	Family0086773	p0_c0_r1	both_directions	direct_edge	1	2.2496919004025084	2093336	sp|P24342|HXD11_CHICK,sp|P31270|HXA11_HUMAN
HOX	P24342	Q58EL0	FP	TN	Family0086773	p0_c0_r0	both_directions	indirect_path	2			sp|P24342|HXD11_CHICK,sp|O43248|HXC11_HUMAN,sp|Q58EL0|HXCBA_DANRE
HOX	P24342	Q58EL0	FP	TN	Family0086773	p0_c0_r1	both_directions	indirect_path	2			sp|P24342|HXD11_CHICK,sp|O43248|HXC11_HUMAN,sp|Q58EL0|HXCBA_DANRE
HOX	P24342	Q9DDU0	FP	TN	Family0086773	p0_c0_r0	both_directions	indirect_path	2			sp|P24342|HXD11_CHICK,sp|O43248|HXC11_HUMAN,sp|Q9DDU0|HXABA_DANRE
HOX	P24342	Q9DDU0	FP	TN	Family0086773	p0_c0_r1	both_directions	indirect_path	2			sp|P24342|HXD11_CHICK,sp|O43248|HXC11_HUMAN,sp|Q9DDU0|HXABA_DANRE
HOX	P24342	Q9DDU1	FP	TN	Family0086773	p0_c0_r0	both_directions	direct_edge	1	2.5186858467760773	2093340	sp|P24342|HXD11_CHICK,sp|Q9DDU1|HXABB_DANRE
HOX	P24342	Q9DDU1	FP	TN	Family0086773	p0_c0_r1	both_directions	direct_edge	1	2.5186858467760773	2093340	sp|P24342|HXD11_CHICK,sp|Q9DDU1|HXABB_DANRE
HOX	P24343	P31275	FP	TN	Family0096552	p0_c0_r0	both_directions	direct_edge	1	1.4933373779188166	2093381	sp|P24343|HXD12_CHICK,sp|P31275|HXC12_HUMAN
HOX	P24343	P31275	FP	TN	Family0096552	p0_c0_r1	both_directions	direct_edge	1	1.4933373779188166	2093381	sp|P24343|HXD12_CHICK,sp|P31275|HXC12_HUMAN
HOX	P24343	Q9YGT0	FP	TN	Family0096552	p0_c0_r0	both_directions	indirect_path	2			sp|P24343|HXD12_CHICK,sp|P23812|HXD12_MOUSE,sp|Q9YGT0|HXCCB_DANRE
HOX	P24343	Q9YGT0	FP	TN	Family0096552	p0_c0_r1	both_directions	indirect_path	2			sp|P24343|HXD12_CHICK,sp|P23812|HXD12_MOUSE,sp|Q9YGT0|HXCCB_DANRE
HOX	P24344	P31271	FP	TN	Family0096640	p0_c0_r0	both_directions	direct_edge	1	1.703036178686061	2093423	sp|P24344|HXD13_CHICK,sp|P31271|HXA13_HUMAN
HOX	P24344	P31271	FP	TN	Family0096640	p0_c0_r1	both_directions	direct_edge	1	1.703036178686061	2093423	sp|P24344|HXD13_CHICK,sp|P31271|HXA13_HUMAN
HOX	P24344	P31276	FP	TN	Family0096640	p0_c0_r0	both_directions	direct_edge	1	1.9101007430198147	2093424	sp|P24344|HXD13_CHICK,sp|P31276|HXC13_HUMAN
HOX	P24344	P31276	FP	TN	Family0096640	p0_c0_r1	both_directions	direct_edge	1	1.9101007430198147	2093424	sp|P24344|HXD13_CHICK,sp|P31276|HXC13_HUMAN
HOX	P24344	P79724	FP	TN	Family0096640	p0_c0_r0	both_directions	indirect_path	2			sp|P24344|HXD13_CHICK,sp|P31271|HXA13_HUMAN,sp|P79724|HXADB_DANRE
HOX	P24344	P79724	FP	TN	Family0096640	p0_c0_r1	both_directions	indirect_path	2			sp|P24344|HXD13_CHICK,sp|P31271|HXA13_HUMAN,sp|P79724|HXADB_DANRE
HOX	P24344	Q1ECY2	FP	TN	Family0096640	p0_c0_r0	both_directions	indirect_path	2			sp|P24344|HXD13_CHICK,sp|P31271|HXA13_HUMAN,sp|Q1ECY2|HXBDA_DANRE
HOX	P24344	Q1ECY2	FP	TN	Family0096640	p0_c0_r1	both_directions	indirect_path	2			sp|P24344|HXD13_CHICK,sp|P31271|HXA13_HUMAN,sp|Q1ECY2|HXBDA_DANRE
HOX	P24344	Q6JIY4	FP	TN	Family0096640	p0_c0_r0	no_direct_hit	indirect_path	2			sp|P24344|HXD13_CHICK,sp|P31271|HXA13_HUMAN,sp|Q6JIY4|HXCDB_DANRE
HOX	P24344	Q6JIY4	FP	TN	Family0096640	p0_c0_r1	no_direct_hit	indirect_path	2			sp|P24344|HXD13_CHICK,sp|P31271|HXA13_HUMAN,sp|Q6JIY4|HXCDB_DANRE
HOX	P24344	Q6JIY5	FP	TN	Family0096640	p0_c0_r0	both_directions	indirect_path	2			sp|P24344|HXD13_CHICK,sp|P31271|HXA13_HUMAN,sp|Q6JIY5|HXCDA_DANRE
HOX	P24344	Q6JIY5	FP	TN	Family0096640	p0_c0_r1	both_directions	indirect_path	2			sp|P24344|HXD13_CHICK,sp|P31271|HXA13_HUMAN,sp|Q6JIY5|HXCDA_DANRE
HOX	P24344	Q6W990	FP	TN	Family0096640	p0_c0_r0	both_directions	indirect_path	2			sp|P24344|HXD13_CHICK,sp|P31271|HXA13_HUMAN,sp|Q6W990|HXADA_DANRE
HOX	P24344	Q6W990	FP	TN	Family0096640	p0_c0_r1	both_directions	indirect_path	2			sp|P24344|HXD13_CHICK,sp|P31271|HXA13_HUMAN,sp|Q6W990|HXADA_DANRE
HOX	P24344	Q92826	FP	TN	Family0096640	p0_c0_r0	no_direct_hit	indirect_path	2			sp|P24344|HXD13_CHICK,tr|A0A2I2ZQ85|A0A2I2ZQ85_GORGO,sp|Q92826|HXB13_HUMAN
HOX	P24344	Q92826	FP	TN	Family0096640	p0_c0_r1	no_direct_hit	indirect_path	2			sp|P24344|HXD13_CHICK,tr|A0A2I2ZQ85|A0A2I2ZQ85_GORGO,sp|Q92826|HXB13_HUMAN
HOX	P28356	Q98924	FP	TN	Family0061221	p0_c0_r0	no_direct_hit	indirect_path	2			sp|P28356|HXD9_HUMAN,sp|Q9PWM6|HXD9A_DANRE,sp|Q98924|HXA9_CHICK
HOX	P28356	Q98924	FP	TN	Family0061221	p0_c0_r1	no_direct_hit	indirect_path	2			sp|P28356|HXD9_HUMAN,sp|Q9PWM6|HXD9A_DANRE,sp|Q98924|HXA9_CHICK
HOX	P28356	Q9PWL6	FP	TN	Family0061221	p0_c0_r0	no_direct_hit	indirect_path	2			sp|P28356|HXD9_HUMAN,sp|B5DFK3|HXD9_RAT,sp|Q9PWL6|HXA9A_DANRE
HOX	P28356	Q9PWL6	FP	TN	Family0061221	p0_c0_r1	no_direct_hit	indirect_path	2			sp|P28356|HXD9_HUMAN,sp|B5DFK3|HXD9_RAT,sp|Q9PWL6|HXA9A_DANRE
HOX	P28356	Q9PWM2	FP	TN	Family0061221	p0_c0_r0	no_direct_hit	indirect_path	2			sp|P28356|HXD9_HUMAN,sp|B5DFK3|HXD9_RAT,sp|Q9PWM2|HXB9A_DANRE
HOX	P28356	Q9PWM2	FP	TN	Family0061221	p0_c0_r1	no_direct_hit	indirect_path	2			sp|P28356|HXD9_HUMAN,sp|B5DFK3|HXD9_RAT,sp|Q9PWM2|HXB9A_DANRE
HOX	P28356	Q9YGT5	FP	TN	Family0061221	p0_c0_r0	no_direct_hit	indirect_path	2			sp|P28356|HXD9_HUMAN,sp|B5DFK3|HXD9_RAT,sp|Q9YGT5|HXA9B_DANRE
HOX	P28356	Q9YGT5	FP	TN	Family0061221	p0_c0_r1	no_direct_hit	indirect_path	2			sp|P28356|HXD9_HUMAN,sp|B5DFK3|HXD9_RAT,sp|Q9YGT5|HXA9B_DANRE
HOX	P28358	Q8AWY2	FP	TN	Family0029528	p0_c0_r0	both_directions	indirect_path	2			sp|P28358|HXD10_HUMAN,sp|P31310|HXA10_MOUSE,sp|Q8AWY2|HXAAB_DANRE
HOX	P28358	Q8AWY2	FP	TN	Family0029528	p0_c0_r1	both_directions	indirect_path	2			sp|P28358|HXD10_HUMAN,sp|P31310|HXA10_MOUSE,sp|Q8AWY2|HXAAB_DANRE
HOX	P31258	P31277	FP	TN	Family0086773	p0_c0_r0	both_directions	indirect_path	2			sp|P31258|HXA11_CHICK,sp|P23813|HXD11_MOUSE,sp|P31277|HXD11_HUMAN
HOX	P31258	P31277	FP	TN	Family0086773	p0_c0_r1	both_directions	indirect_path	2			sp|P31258|HXA11_CHICK,sp|P23813|HXD11_MOUSE,sp|P31277|HXD11_HUMAN
HOX	P31258	Q58EL0	FP	TN	Family0086773	p0_c0_r0	both_directions	direct_edge	1	2.5044249038335096	2266581	sp|P31258|HXA11_CHICK,sp|Q58EL0|HXCBA_DANRE
HOX	P31258	Q58EL0	FP	TN	Family0086773	p0_c0_r1	both_directions	direct_edge	1	2.5044249038335096	2266581	sp|P31258|HXA11_CHICK,sp|Q58EL0|HXCBA_DANRE
HOX	P31258	Q90470	FP	TN	Family0086773	p0_c0_r0	both_directions	direct_edge	1	2.6789376029183414	2266582	sp|P31258|HXA11_CHICK,sp|Q90470|HXDBA_DANRE
HOX	P31258	Q90470	FP	TN	Family0086773	p0_c0_r1	both_directions	direct_edge	1	2.6789376029183414	2266582	sp|P31258|HXA11_CHICK,sp|Q90470|HXDBA_DANRE
HOX	P31260	Q90469	FP	TN	Family0029528	p0_c0_r0	both_directions	direct_edge	1	1.3443758622523536	2266698	sp|P31260|HXA10_HUMAN,sp|Q90469|HXDAA_DANRE
HOX	P31260	Q90469	FP	TN	Family0029528	p0_c0_r1	both_directions	direct_edge	1	1.3443758622523536	2266698	sp|P31260|HXA10_HUMAN,sp|Q90469|HXDAA_DANRE
HOX	P31269	Q9PWM2	FP	TN	Family0061221	p0_c0_r0	both_directions	indirect_path	2			sp|P31269|HXA9_HUMAN,sp|B5DFK3|HXD9_RAT,sp|Q9PWM2|HXB9A_DANRE
HOX	P31269	Q9PWM2	FP	TN	Family0061221	p0_c0_r1	both_directions	indirect_path	2			sp|P31269|HXA9_HUMAN,sp|B5DFK3|HXD9_RAT,sp|Q9PWM2|HXB9A_DANRE
HOX	P31269	Q9PWM6	FP	TN	Family0061221	p0_c0_r0	both_directions	indirect_path	2			sp|P31269|HXA9_HUMAN,sp|B5DFK3|HXD9_RAT,sp|Q9PWM6|HXD9A_DANRE
HOX	P31269	Q9PWM6	FP	TN	Family0061221	p0_c0_r1	both_directions	indirect_path	2			sp|P31269|HXA9_HUMAN,sp|B5DFK3|HXD9_RAT,sp|Q9PWM6|HXD9A_DANRE
HOX	P31270	Q58EL0	FP	TN	Family0086773	p0_c0_r0	both_directions	direct_edge	1	2.2650882956187353	2267214	sp|P31270|HXA11_HUMAN,sp|Q58EL0|HXCBA_DANRE
HOX	P31270	Q58EL0	FP	TN	Family0086773	p0_c0_r1	both_directions	direct_edge	1	2.2650882956187353	2267214	sp|P31270|HXA11_HUMAN,sp|Q58EL0|HXCBA_DANRE
HOX	P31270	Q90470	FP	TN	Family0086773	p0_c0_r0	both_directions	direct_edge	1	2.3441883975938103	2267217	sp|P31270|HXA11_HUMAN,sp|Q90470|HXDBA_DANRE
HOX	P31270	Q90470	FP	TN	Family0086773	p0_c0_r1	both_directions	direct_edge	1	2.3441883975938103	2267217	sp|P31270|HXA11_HUMAN,sp|Q90470|HXDBA_DANRE
HOX	P31271	Q1ECY2	FP	TN	Family0096640	p0_c0_r0	both_directions	direct_edge	1	2.070719015543244	2267289	sp|P31271|HXA13_HUMAN,sp|Q1ECY2|HXBDA_DANRE
HOX	P31271	Q1ECY2	FP	TN	Family0096640	p0_c0_r1	both_directions	direct_edge	1	2.070719015543244	2267289	sp|P31271|HXA13_HUMAN,sp|Q1ECY2|HXBDA_DANRE
HOX	P31271	Q6JIY4	FP	TN	Family0096640	p0_c0_r0	both_directions	direct_edge	1	1.8036028584542962	2267295	sp|P31271|HXA13_HUMAN,sp|Q6JIY4|HXCDB_DANRE
HOX	P31271	Q6JIY4	FP	TN	Family0096640	p0_c0_r1	both_directions	direct_edge	1	1.8036028584542962	2267295	sp|P31271|HXA13_HUMAN,sp|Q6JIY4|HXCDB_DANRE
HOX	P31271	Q6JIY5	FP	TN	Family0096640	p0_c0_r0	both_directions	direct_edge	1	1.7703260459612595	2267296	sp|P31271|HXA13_HUMAN,sp|Q6JIY5|HXCDA_DANRE
HOX	P31271	Q6JIY5	FP	TN	Family0096640	p0_c0_r1	both_directions	direct_edge	1	1.7703260459612595	2267296	sp|P31271|HXA13_HUMAN,sp|Q6JIY5|HXCDA_DANRE
HOX	P31274	Q98924	FP	TN	Family0061221	p0_c0_r0	no_direct_hit	indirect_path	2			sp|P31274|HXC9_HUMAN,sp|P09631|HXA9_MOUSE,sp|Q98924|HXA9_CHICK
HOX	P31274	Q98924	FP	TN	Family0061221	p0_c0_r1	no_direct_hit	indirect_path	2			sp|P31274|HXC9_HUMAN,sp|P09631|HXA9_MOUSE,sp|Q98924|HXA9_CHICK
HOX	P31274	Q9PWL6	FP	TN	Family0061221	p0_c0_r0	both_directions	direct_edge	1	1.7140550211077283	2267687	sp|P31274|HXC9_HUMAN,sp|Q9PWL6|HXA9A_DANRE
HOX	P31274	Q9PWL6	FP	TN	Family0061221	p0_c0_r1	both_directions	direct_edge	1	1.7140550211077283	2267687	sp|P31274|HXC9_HUMAN,sp|Q9PWL6|HXA9A_DANRE
HOX	P31274	Q9PWM2	FP	TN	Family0061221	p0_c0_r0	both_directions	direct_edge	1	2.122303118846814	2267688	sp|P31274|HXC9_HUMAN,sp|Q9PWM2|HXB9A_DANRE
HOX	P31274	Q9PWM2	FP	TN	Family0061221	p0_c0_r1	both_directions	direct_edge	1	2.122303118846814	2267688	sp|P31274|HXC9_HUMAN,sp|Q9PWM2|HXB9A_DANRE
HOX	P31274	Q9PWM6	FP	TN	Family0061221	p0_c0_r0	both_directions	direct_edge	1	2.6475290111619585	2267689	sp|P31274|HXC9_HUMAN,sp|Q9PWM6|HXD9A_DANRE
HOX	P31274	Q9PWM6	FP	TN	Family0061221	p0_c0_r1	both_directions	direct_edge	1	2.6475290111619585	2267689	sp|P31274|HXC9_HUMAN,sp|Q9PWM6|HXD9A_DANRE
HOX	P31274	Q9YGT5	FP	TN	Family0061221	p0_c0_r0	no_direct_hit	indirect_path	2			sp|P31274|HXC9_HUMAN,sp|B5DFK3|HXD9_RAT,sp|Q9YGT5|HXA9B_DANRE
HOX	P31274	Q9YGT5	FP	TN	Family0061221	p0_c0_r1	no_direct_hit	indirect_path	2			sp|P31274|HXC9_HUMAN,sp|B5DFK3|HXD9_RAT,sp|Q9YGT5|HXA9B_DANRE
HOX	P31275	Q90471	FP	TN	Family0096552	p0_c0_r0	both_directions	direct_edge	1	1.438472479782176	2267771	sp|P31275|HXC12_HUMAN,sp|Q90471|HXDCA_DANRE
HOX	P31275	Q90471	FP	TN	Family0096552	p0_c0_r1	both_directions	direct_edge	1	1.438472479782176	2267771	sp|P31275|HXC12_HUMAN,sp|Q90471|HXDCA_DANRE
HOX	P31276	P79724	FP	TN	Family0096640	p0_c0_r0	both_directions	direct_edge	1	2.1112599260658444	2267812	sp|P31276|HXC13_HUMAN,sp|P79724|HXADB_DANRE
HOX	P31276	P79724	FP	TN	Family0096640	p0_c0_r1	both_directions	direct_edge	1	2.1112599260658444	2267812	sp|P31276|HXC13_HUMAN,sp|P79724|HXADB_DANRE
HOX	P31276	Q1ECY2	FP	TN	Family0096640	p0_c0_r0	both_directions	direct_edge	1	2.0966949260589383	2267814	sp|P31276|HXC13_HUMAN,sp|Q1ECY2|HXBDA_DANRE
HOX	P31276	Q1ECY2	FP	TN	Family0096640	p0_c0_r1	both_directions	direct_edge	1	2.0966949260589383	2267814	sp|P31276|HXC13_HUMAN,sp|Q1ECY2|HXBDA_DANRE
HOX	P31276	Q6W990	FP	TN	Family0096640	p0_c0_r0	both_directions	direct_edge	1	2.101026142255227	2267818	sp|P31276|HXC13_HUMAN,sp|Q6W990|HXADA_DANRE
HOX	P31276	Q6W990	FP	TN	Family0096640	p0_c0_r1	both_directions	direct_edge	1	2.101026142255227	2267818	sp|P31276|HXC13_HUMAN,sp|Q6W990|HXADA_DANRE
HOX	P31276	Q90X25	FP	TN	Family0096640	p0_c0_r0	no_direct_hit	indirect_path	2			sp|P31276|HXC13_HUMAN,sp|P31271|HXA13_HUMAN,sp|Q90X25|HXA13_CHICK
HOX	P31276	Q90X25	FP	TN	Family0096640	p0_c0_r1	no_direct_hit	indirect_path	2			sp|P31276|HXC13_HUMAN,sp|P31271|HXA13_HUMAN,sp|Q90X25|HXA13_CHICK
HOX	P31277	Q58EL0	FP	TN	Family0086773	p0_c0_r0	both_directions	indirect_path	2			sp|P31277|HXD11_HUMAN,sp|P23813|HXD11_MOUSE,sp|Q58EL0|HXCBA_DANRE
HOX	P31277	Q58EL0	FP	TN	Family0086773	p0_c0_r1	both_directions	indirect_path	2			sp|P31277|HXD11_HUMAN,sp|P23813|HXD11_MOUSE,sp|Q58EL0|HXCBA_DANRE
HOX	P31277	Q9DDU0	FP	TN	Family0086773	p0_c0_r0	both_directions	indirect_path	2			sp|P31277|HXD11_HUMAN,sp|P23813|HXD11_MOUSE,sp|Q9DDU0|HXABA_DANRE
HOX	P31277	Q9DDU0	FP	TN	Family0086773	p0_c0_r1	both_directions	indirect_path	2			sp|P31277|HXD11_HUMAN,sp|P23813|HXD11_MOUSE,sp|Q9DDU0|HXABA_DANRE
HOX	P31277	Q9DDU1	FP	TN	Family0086773	p0_c0_r0	both_directions	indirect_path	2			sp|P31277|HXD11_HUMAN,sp|P23813|HXD11_MOUSE,sp|Q9DDU1|HXABB_DANRE
HOX	P31277	Q9DDU1	FP	TN	Family0086773	p0_c0_r1	both_directions	indirect_path	2			sp|P31277|HXD11_HUMAN,sp|P23813|HXD11_MOUSE,sp|Q9DDU1|HXABB_DANRE
HOX	P35452	Q9YGT0	FP	TN	Family0096552	p0_c0_r0	both_directions	indirect_path	2			sp|P35452|HXD12_HUMAN,sp|P23812|HXD12_MOUSE,sp|Q9YGT0|HXCCB_DANRE
HOX	P35452	Q9YGT0	FP	TN	Family0096552	p0_c0_r1	both_directions	indirect_path	2			sp|P35452|HXD12_HUMAN,sp|P23812|HXD12_MOUSE,sp|Q9YGT0|HXCCB_DANRE
HOX	P35453	P79724	FP	TN	Family0096640	p0_c0_r0	both_directions	indirect_path	2			sp|P35453|HXD13_HUMAN,sp|P31271|HXA13_HUMAN,sp|P79724|HXADB_DANRE
HOX	P35453	P79724	FP	TN	Family0096640	p0_c0_r1	both_directions	indirect_path	2			sp|P35453|HXD13_HUMAN,sp|P31271|HXA13_HUMAN,sp|P79724|HXADB_DANRE
HOX	P35453	Q1ECY2	FP	TN	Family0096640	p0_c0_r0	both_directions	direct_edge	1	1.904583409161998	2412558	sp|P35453|HXD13_HUMAN,sp|Q1ECY2|HXBDA_DANRE
HOX	P35453	Q1ECY2	FP	TN	Family0096640	p0_c0_r1	both_directions	direct_edge	1	1.904583409161998	2412558	sp|P35453|HXD13_HUMAN,sp|Q1ECY2|HXBDA_DANRE
HOX	P35453	Q6JIY4	FP	TN	Family0096640	p0_c0_r0	no_direct_hit	indirect_path	2			sp|P35453|HXD13_HUMAN,sp|P31271|HXA13_HUMAN,sp|Q6JIY4|HXCDB_DANRE
HOX	P35453	Q6JIY4	FP	TN	Family0096640	p0_c0_r1	no_direct_hit	indirect_path	2			sp|P35453|HXD13_HUMAN,sp|P31271|HXA13_HUMAN,sp|Q6JIY4|HXCDB_DANRE
HOX	P35453	Q6JIY5	FP	TN	Family0096640	p0_c0_r0	no_direct_hit	indirect_path	2			sp|P35453|HXD13_HUMAN,sp|P31271|HXA13_HUMAN,sp|Q6JIY5|HXCDA_DANRE
HOX	P35453	Q6JIY5	FP	TN	Family0096640	p0_c0_r1	no_direct_hit	indirect_path	2			sp|P35453|HXD13_HUMAN,sp|P31271|HXA13_HUMAN,sp|Q6JIY5|HXCDA_DANRE
HOX	P35453	Q6W990	FP	TN	Family0096640	p0_c0_r0	both_directions	indirect_path	2			sp|P35453|HXD13_HUMAN,sp|P31271|HXA13_HUMAN,sp|Q6W990|HXADA_DANRE
HOX	P35453	Q6W990	FP	TN	Family0096640	p0_c0_r1	both_directions	indirect_path	2			sp|P35453|HXD13_HUMAN,sp|P31271|HXA13_HUMAN,sp|Q6W990|HXADA_DANRE
HOX	P35453	Q90X25	FP	TN	Family0096640	p0_c0_r0	no_direct_hit	indirect_path	2			sp|P35453|HXD13_HUMAN,sp|P31271|HXA13_HUMAN,sp|Q90X25|HXA13_CHICK
HOX	P35453	Q90X25	FP	TN	Family0096640	p0_c0_r1	no_direct_hit	indirect_path	2			sp|P35453|HXD13_HUMAN,sp|P31271|HXA13_HUMAN,sp|Q90X25|HXA13_CHICK
HOX	P79724	Q92826	FP	TN	Family0096640	p0_c0_r0	no_direct_hit	indirect_path	2			sp|P79724|HXADB_DANRE,sp|Q1ECY2|HXBDA_DANRE,sp|Q92826|HXB13_HUMAN
HOX	P79724	Q92826	FP	TN	Family0096640	p0_c0_r1	no_direct_hit	indirect_path	2			sp|P79724|HXADB_DANRE,sp|Q1ECY2|HXBDA_DANRE,sp|Q92826|HXB13_HUMAN
HOX	Q1ECY2	Q90X25	FP	TN	Family0096640	p0_c0_r0	both_directions	direct_edge	1	2.968672975077885	3974540	sp|Q1ECY2|HXBDA_DANRE,sp|Q90X25|HXA13_CHICK
HOX	Q1ECY2	Q90X25	FP	TN	Family0096640	p0_c0_r1	both_directions	direct_edge	1	2.968672975077885	3974540	sp|Q1ECY2|HXBDA_DANRE,sp|Q90X25|HXA13_CHICK
HOX	Q6JIY4	Q90X25	FP	TN	Family0096640	p0_c0_r0	no_direct_hit	indirect_path	2			sp|Q6JIY4|HXCDB_DANRE,sp|P31271|HXA13_HUMAN,sp|Q90X25|HXA13_CHICK
HOX	Q6JIY4	Q90X25	FP	TN	Family0096640	p0_c0_r1	no_direct_hit	indirect_path	2			sp|Q6JIY4|HXCDB_DANRE,sp|P31271|HXA13_HUMAN,sp|Q90X25|HXA13_CHICK
HOX	Q6JIY4	Q92826	FP	TN	Family0096640	p0_c0_r0	no_direct_hit	indirect_path	2			sp|Q6JIY4|HXCDB_DANRE,tr|A0A6I8QS07|A0A6I8QS07_XENTR,sp|Q92826|HXB13_HUMAN
HOX	Q6JIY4	Q92826	FP	TN	Family0096640	p0_c0_r1	no_direct_hit	indirect_path	2			sp|Q6JIY4|HXCDB_DANRE,tr|A0A6I8QS07|A0A6I8QS07_XENTR,sp|Q92826|HXB13_HUMAN
HOX	Q6JIY5	Q90X25	FP	TN	Family0096640	p0_c0_r0	no_direct_hit	indirect_path	2			sp|Q6JIY5|HXCDA_DANRE,sp|P31271|HXA13_HUMAN,sp|Q90X25|HXA13_CHICK
HOX	Q6JIY5	Q90X25	FP	TN	Family0096640	p0_c0_r1	no_direct_hit	indirect_path	2			sp|Q6JIY5|HXCDA_DANRE,sp|P31271|HXA13_HUMAN,sp|Q90X25|HXA13_CHICK
HOX	Q6JIY5	Q92826	FP	TN	Family0096640	p0_c0_r0	both_directions	indirect_path	2			sp|Q6JIY5|HXCDA_DANRE,sp|P70321|HXB13_MOUSE,sp|Q92826|HXB13_HUMAN
HOX	Q6JIY5	Q92826	FP	TN	Family0096640	p0_c0_r1	both_directions	indirect_path	2			sp|Q6JIY5|HXCDA_DANRE,sp|P70321|HXB13_MOUSE,sp|Q92826|HXB13_HUMAN
HOX	Q6W990	Q92826	FP	TN	Family0096640	p0_c0_r0	both_directions	indirect_path	2			sp|Q6W990|HXADA_DANRE,sp|Q1ECY2|HXBDA_DANRE,sp|Q92826|HXB13_HUMAN
HOX	Q6W990	Q92826	FP	TN	Family0096640	p0_c0_r1	both_directions	indirect_path	2			sp|Q6W990|HXADA_DANRE,sp|Q1ECY2|HXBDA_DANRE,sp|Q92826|HXB13_HUMAN
HOX	Q8AWY2	Q9NYD6	FP	TN	Family0029528	p0_c0_r0	both_directions	indirect_path	2			sp|Q8AWY2|HXAAB_DANRE,sp|P31310|HXA10_MOUSE,sp|Q9NYD6|HXC10_HUMAN
HOX	Q8AWY2	Q9NYD6	FP	TN	Family0029528	p0_c0_r1	both_directions	indirect_path	2			sp|Q8AWY2|HXAAB_DANRE,sp|P31310|HXA10_MOUSE,sp|Q9NYD6|HXC10_HUMAN
HOX	Q90469	Q9NYD6	FP	TN	Family0029528	p0_c0_r0	both_directions	direct_edge	1	1.9616402526458296	6625103	sp|Q90469|HXDAA_DANRE,sp|Q9NYD6|HXC10_HUMAN
HOX	Q90469	Q9NYD6	FP	TN	Family0029528	p0_c0_r1	both_directions	direct_edge	1	1.9616402526458296	6625103	sp|Q90469|HXDAA_DANRE,sp|Q9NYD6|HXC10_HUMAN
HOX	Q90X25	Q92826	FP	TN	Family0096640	p0_c0_r0	both_directions	direct_edge	1	2.543692978318257	6635750	sp|Q90X25|HXA13_CHICK,sp|Q92826|HXB13_HUMAN
HOX	Q90X25	Q92826	FP	TN	Family0096640	p0_c0_r1	both_directions	direct_edge	1	2.543692978318257	6635750	sp|Q90X25|HXA13_CHICK,sp|Q92826|HXB13_HUMAN
HOX	Q98924	Q9PWM2	FP	TN	Family0061221	p0_c0_r0	no_direct_hit	indirect_path	2			sp|Q98924|HXA9_CHICK,sp|P09631|HXA9_MOUSE,sp|Q9PWM2|HXB9A_DANRE
HOX	Q98924	Q9PWM2	FP	TN	Family0061221	p0_c0_r1	no_direct_hit	indirect_path	2			sp|Q98924|HXA9_CHICK,sp|P09631|HXA9_MOUSE,sp|Q9PWM2|HXB9A_DANRE
HOX	Q98924	Q9PWM6	FP	TN	Family0061221	p0_c0_r0	one_direction	direct_edge	1	1.9674619551623016	6874238	sp|Q98924|HXA9_CHICK,sp|Q9PWM6|HXD9A_DANRE
HOX	Q98924	Q9PWM6	FP	TN	Family0061221	p0_c0_r1	one_direction	direct_edge	1	1.9674619551623016	6874238	sp|Q98924|HXA9_CHICK,sp|Q9PWM6|HXD9A_DANRE
MAPT	F1MEW3	P10636	FP	TN	Family0095766	p0_c0_r0	both_directions	direct_edge	1	0.28774772322412695	1703920	tr|F1MEW3|F1MEW3_BOVIN,sp|P10636|TAU_HUMAN
MAPT	F1MEW3	P10636	FP	TN	Family0095766	p0_c0_r1	both_directions	direct_edge	1	0.28774772322412695	1703920	tr|F1MEW3|F1MEW3_BOVIN,sp|P10636|TAU_HUMAN
MAPT	F1MEW3	Q5YCW0	FP	TN	Family0095766	p0_c0_r0	both_directions	indirect_path	2			tr|F1MEW3|F1MEW3_BOVIN,sp|P10636|TAU_HUMAN,sp|Q5YCW0|TAU_GORGO
MAPT	F1MEW3	Q5YCW0	FP	TN	Family0095766	p0_c0_r1	both_directions	indirect_path	2			tr|F1MEW3|F1MEW3_BOVIN,sp|P10636|TAU_HUMAN,sp|Q5YCW0|TAU_GORGO
MAPT	F1MEW3	Q5YCW1	FP	TN	Family0095766	p0_c0_r0	both_directions	indirect_path	2			tr|F1MEW3|F1MEW3_BOVIN,sp|P10636|TAU_HUMAN,sp|Q5YCW1|TAU_PANTR
MAPT	F1MEW3	Q5YCW1	FP	TN	Family0095766	p0_c0_r1	both_directions	indirect_path	2			tr|F1MEW3|F1MEW3_BOVIN,sp|P10636|TAU_HUMAN,sp|Q5YCW1|TAU_PANTR
MAPT	H2R011	P10636	FP	TN	Family0095766	p0_c0_r0	both_directions	direct_edge	1	0.3322560371582739	1703928	tr|H2R011|H2R011_PANTR,sp|P10636|TAU_HUMAN
MAPT	H2R011	P10636	FP	TN	Family0095766	p0_c0_r1	both_directions	direct_edge	1	0.3322560371582739	1703928	tr|H2R011|H2R011_PANTR,sp|P10636|TAU_HUMAN
MAPT	H2R011	P29172	FP	TN	Family0095766	p0_c0_r0	one_direction	indirect_path	2			tr|H2R011|H2R011_PANTR,sp|P10636|TAU_HUMAN,sp|P29172|TAU_BOVIN
MAPT	H2R011	P29172	FP	TN	Family0095766	p0_c0_r1	one_direction	indirect_path	2			tr|H2R011|H2R011_PANTR,sp|P10636|TAU_HUMAN,sp|P29172|TAU_BOVIN
MAPT	H2R011	Q5YCW0	FP	TN	Family0095766	p0_c0_r0	both_directions	indirect_path	2			tr|H2R011|H2R011_PANTR,sp|P10636|TAU_HUMAN,sp|Q5YCW0|TAU_GORGO
MAPT	H2R011	Q5YCW0	FP	TN	Family0095766	p0_c0_r1	both_directions	indirect_path	2			tr|H2R011|H2R011_PANTR,sp|P10636|TAU_HUMAN,sp|Q5YCW0|TAU_GORGO
MAPT	P10636	P20357	FP	TN	Family0095766	p0_c0_r0	both_directions	direct_edge	1	0.33301467229121406	1703901	sp|P10636|TAU_HUMAN,sp|P20357|MTAP2_MOUSE
MAPT	P10636	P20357	FP	TN	Family0095766	p0_c0_r1	both_directions	direct_edge	1	0.33301467229121406	1703901	sp|P10636|TAU_HUMAN,sp|P20357|MTAP2_MOUSE
MAPT	P11137	P29172	FP	TN	Family0095766	p0_c0_r0	one_direction	direct_edge	1	0.3315988181733069	1718836	sp|P11137|MTAP2_HUMAN,sp|P29172|TAU_BOVIN
MAPT	P11137	P29172	FP	TN	Family0095766	p0_c0_r1	one_direction	direct_edge	1	0.3315988181733069	1718836	sp|P11137|MTAP2_HUMAN,sp|P29172|TAU_BOVIN
MAPT	P11137	Q5YCW0	FP	TN	Family0095766	p0_c0_r0	both_directions	direct_edge	1	0.3283799429613868	1718837	sp|P11137|MTAP2_HUMAN,sp|Q5YCW0|TAU_GORGO
MAPT	P11137	Q5YCW0	FP	TN	Family0095766	p0_c0_r1	both_directions	direct_edge	1	0.3283799429613868	1718837	sp|P11137|MTAP2_HUMAN,sp|Q5YCW0|TAU_GORGO
MAPT	P11137	Q5YCW1	FP	TN	Family0095766	p0_c0_r0	both_directions	direct_edge	1	0.3283799429613868	1718838	sp|P11137|MTAP2_HUMAN,sp|Q5YCW1|TAU_PANTR
MAPT	P11137	Q5YCW1	FP	TN	Family0095766	p0_c0_r1	both_directions	direct_edge	1	0.3283799429613868	1718838	sp|P11137|MTAP2_HUMAN,sp|Q5YCW1|TAU_PANTR
MAPT	P20357	P29172	FP	TN	Family0095766	p0_c0_r0	one_direction	indirect_path	2			sp|P20357|MTAP2_MOUSE,sp|P10636|TAU_HUMAN,sp|P29172|TAU_BOVIN
MAPT	P20357	P29172	FP	TN	Family0095766	p0_c0_r1	one_direction	indirect_path	2			sp|P20357|MTAP2_MOUSE,sp|P10636|TAU_HUMAN,sp|P29172|TAU_BOVIN
MAPT	P20357	Q5YCW0	FP	TN	Family0095766	p0_c0_r0	both_directions	indirect_path	2			sp|P20357|MTAP2_MOUSE,sp|P10636|TAU_HUMAN,sp|Q5YCW0|TAU_GORGO
MAPT	P20357	Q5YCW0	FP	TN	Family0095766	p0_c0_r1	both_directions	indirect_path	2			sp|P20357|MTAP2_MOUSE,sp|P10636|TAU_HUMAN,sp|Q5YCW0|TAU_GORGO
MAPT	P20357	Q5YCW1	FP	TN	Family0095766	p0_c0_r0	both_directions	indirect_path	2			sp|P20357|MTAP2_MOUSE,sp|P10636|TAU_HUMAN,sp|Q5YCW1|TAU_PANTR
MAPT	P20357	Q5YCW1	FP	TN	Family0095766	p0_c0_r1	both_directions	indirect_path	2			sp|P20357|MTAP2_MOUSE,sp|P10636|TAU_HUMAN,sp|Q5YCW1|TAU_PANTR
NOX	A0A3B3IDP9	A0A3Q2U7E3	FP	TN	Family0087148	p0_c0_r0	both_directions	direct_edge	1	0.9749523065313753	12958119	tr|A0A3B3IDP9|A0A3B3IDP9_ORYLA,tr|A0A3Q2U7E3|A0A3Q2U7E3_CHICK
NOX	A0A3B3IDP9	A0A3Q2U7E3	FP	TN	Family0087148	p0_c0_r1	both_directions	direct_edge	1	0.9749523065313753	12958119	tr|A0A3B3IDP9|A0A3B3IDP9_ORYLA,tr|A0A3Q2U7E3|A0A3Q2U7E3_CHICK
NOX	A0A3B3IDP9	A0A5F4CEF0	FP	TN	Family0087148	p0_c0_r0	both_directions	direct_edge	1	2.922460701434763	12958121	tr|A0A3B3IDP9|A0A3B3IDP9_ORYLA,tr|A0A5F4CEF0|A0A5F4CEF0_CANLF
NOX	A0A3B3IDP9	A0A5F4CEF0	FP	TN	Family0087148	p0_c0_r1	both_directions	direct_edge	1	2.922460701434763	12958121	tr|A0A3B3IDP9|A0A3B3IDP9_ORYLA,tr|A0A5F4CEF0|A0A5F4CEF0_CANLF
NOX	A0A3B3IDP9	A7E3L1	FP	TN	Family0087148	p0_c0_r0	both_directions	direct_edge	1	2.552545073790107	12958122	tr|A0A3B3IDP9|A0A3B3IDP9_ORYLA,tr|A7E3L1|A7E3L1_CANLF
NOX	A0A3B3IDP9	A7E3L1	FP	TN	Family0087148	p0_c0_r1	both_directions	direct_edge	1	2.552545073790107	12958122	tr|A0A3B3IDP9|A0A3B3IDP9_ORYLA,tr|A7E3L1|A7E3L1_CANLF
NOX	A0A3B3IDP9	A7RPH5	FP	TN	Family0087148	p0_c0_r0	both_directions	direct_edge	1	1.072114849343423	12958125	tr|A0A3B3IDP9|A0A3B3IDP9_ORYLA,tr|A7RPH5|A7RPH5_NEMVE
NOX	A0A3B3IDP9	A7RPH5	FP	TN	Family0087148	p0_c0_r1	both_directions	direct_edge	1	1.072114849343423	12958125	tr|A0A3B3IDP9|A0A3B3IDP9_ORYLA,tr|A7RPH5|A7RPH5_NEMVE
NOX	A0A3B3IDP9	E1BFF3	FP	TN	Family0087148	p0_c0_r0	both_directions	direct_edge	1	2.549549390224787	12958133	tr|A0A3B3IDP9|A0A3B3IDP9_ORYLA,tr|E1BFF3|E1BFF3_BOVIN
NOX	A0A3B3IDP9	E1BFF3	FP	TN	Family0087148	p0_c0_r1	both_directions	direct_edge	1	2.549549390224787	12958133	tr|A0A3B3IDP9|A0A3B3IDP9_ORYLA,tr|E1BFF3|E1BFF3_BOVIN
NOX	A0A3B3IDP9	F1MQX5	FP	TN	Family0087148	p0_c0_r0	both_directions	direct_edge	1	1.0857146926462757	12958137	tr|A0A3B3IDP9|A0A3B3IDP9_ORYLA,tr|F1MQX5|F1MQX5_BOVIN
NOX	A0A3B3IDP9	F1MQX5	FP	TN	Family0087148	p0_c0_r1	both_directions	direct_edge	1	1.0857146926462757	12958137	tr|A0A3B3IDP9|A0A3B3IDP9_ORYLA,tr|F1MQX5|F1MQX5_BOVIN
NOX	A0A3B3IDP9	F1NVG4	FP	TN	Family0087148	p0_c0_r0	both_directions	direct_edge	1	2.6044472696887637	12958138	tr|A0A3B3IDP9|A0A3B3IDP9_ORYLA,tr|F1NVG4|F1NVG4_CHICK
NOX	A0A3B3IDP9	F1NVG4	FP	TN	Family0087148	p0_c0_r1	both_directions	direct_edge	1	2.6044472696887637	12958138	tr|A0A3B3IDP9|A0A3B3IDP9_ORYLA,tr|F1NVG4|F1NVG4_CHICK
NOX	A0A3B3IDP9	F1PSM8	FP	TN	Family0087148	p0_c0_r0	no_direct_hit	indirect_path	2			tr|A0A3B3IDP9|A0A3B3IDP9_ORYLA,sp|Q924V1|NOX4_RAT,tr|F1PSM8|F1PSM8_CANLF
NOX	A0A3B3IDP9	F1PSM8	FP	TN	Family0087148	p0_c0_r1	no_direct_hit	indirect_path	2			tr|A0A3B3IDP9|A0A3B3IDP9_ORYLA,sp|Q924V1|NOX4_RAT,tr|F1PSM8|F1PSM8_CANLF
NOX	A0A3B3IDP9	F6U2X4	FP	TN	Family0087148	p0_c0_r0	both_directions	direct_edge	1	2.9287133684520326	12958143	tr|A0A3B3IDP9|A0A3B3IDP9_ORYLA,tr|F6U2X4|F6U2X4_MONDO
NOX	A0A3B3IDP9	F6U2X4	FP	TN	Family0087148	p0_c0_r1	both_directions	direct_edge	1	2.9287133684520326	12958143	tr|A0A3B3IDP9|A0A3B3IDP9_ORYLA,tr|F6U2X4|F6U2X4_MONDO
NOX	A0A3B3IDP9	F6Z703	FP	TN	Family0087148	p0_c0_r0	both_directions	direct_edge	1	1.068398668840115	12958147	tr|A0A3B3IDP9|A0A3B3IDP9_ORYLA,tr|F6Z703|F6Z703_MONDO
NOX	A0A3B3IDP9	F6Z703	FP	TN	Family0087148	p0_c0_r1	both_directions	direct_edge	1	1.068398668840115	12958147	tr|A0A3B3IDP9|A0A3B3IDP9_ORYLA,tr|F6Z703|F6Z703_MONDO
NOX	A0A3B3IDP9	F7CLH6	FP	TN	Family0087148	p0_c0_r0	no_direct_hit	indirect_path	2			tr|A0A3B3IDP9|A0A3B3IDP9_ORYLA,sp|Q8CIZ9|NOX1_MOUSE,tr|F7CLH6|F7CLH6_XENTR
NOX	A0A3B3IDP9	F7CLH6	FP	TN	Family0087148	p0_c0_r1	no_direct_hit	indirect_path	2			tr|A0A3B3IDP9|A0A3B3IDP9_ORYLA,sp|Q8CIZ9|NOX1_MOUSE,tr|F7CLH6|F7CLH6_XENTR
NOX	A0A3B3IDP9	F7ELK5	FP	TN	Family0087148	p0_c0_r0	both_directions	direct_edge	1	2.5660181349247444	12958149	tr|A0A3B3IDP9|A0A3B3IDP9_ORYLA,tr|F7ELK5|F7ELK5_MONDO
NOX	A0A3B3IDP9	F7ELK5	FP	TN	Family0087148	p0_c0_r1	both_directions	direct_edge	1	2.5660181349247444	12958149	tr|A0A3B3IDP9|A0A3B3IDP9_ORYLA,tr|F7ELK5|F7ELK5_MONDO
NOX	A0A3B3IDP9	G3QXY3	FP	TN	Family0087148	p0_c0_r0	both_directions	direct_edge	1	2.9416415294274736	12958152	tr|A0A3B3IDP9|A0A3B3IDP9_ORYLA,tr|G3QXY3|G3QXY3_GORGO
NOX	A0A3B3IDP9	G3QXY3	FP	TN	Family0087148	p0_c0_r1	both_directions	direct_edge	1	2.9416415294274736	12958152	tr|A0A3B3IDP9|A0A3B3IDP9_ORYLA,tr|G3QXY3|G3QXY3_GORGO
NOX	A0A3B3IDP9	G3RI51	FP	TN	Family0087148	p0_c0_r0	both_directions	direct_edge	1	2.597460154277124	12958153	tr|A0A3B3IDP9|A0A3B3IDP9_ORYLA,tr|G3RI51|G3RI51_GORGO
NOX	A0A3B3IDP9	G3RI51	FP	TN	Family0087148	p0_c0_r1	both_directions	direct_edge	1	2.597460154277124	12958153	tr|A0A3B3IDP9|A0A3B3IDP9_ORYLA,tr|G3RI51|G3RI51_GORGO
NOX	A0A3B3IDP9	H2QTY3	FP	TN	Family0087148	p0_c0_r0	both_directions	direct_edge	1	2.6027004908358538	12958155	tr|A0A3B3IDP9|A0A3B3IDP9_ORYLA,tr|H2QTY3|H2QTY3_PANTR
NOX	A0A3B3IDP9	H2QTY3	FP	TN	Family0087148	p0_c0_r1	both_directions	direct_edge	1	2.6027004908358538	12958155	tr|A0A3B3IDP9|A0A3B3IDP9_ORYLA,tr|H2QTY3|H2QTY3_PANTR
NOX	A0A3B3IDP9	H2R4R9	FP	TN	Family0087148	p0_c0_r0	both_directions	direct_edge	1	2.9416415294274736	12958156	tr|A0A3B3IDP9|A0A3B3IDP9_ORYLA,tr|H2R4R9|H2R4R9_PANTR
NOX	A0A3B3IDP9	H2R4R9	FP	TN	Family0087148	p0_c0_r1	both_directions	direct_edge	1	2.9416415294274736	12958156	tr|A0A3B3IDP9|A0A3B3IDP9_ORYLA,tr|H2R4R9|H2R4R9_PANTR
NOX	A0A3B3IDP9	H2R516	FP	TN	Family0087148	p0_c0_r0	both_directions	direct_edge	1	1.1030307164524364	12958157	tr|A0A3B3IDP9|A0A3B3IDP9_ORYLA,tr|H2R516|H2R516_PANTR
NOX	A0A3B3IDP9	H2R516	FP	TN	Family0087148	p0_c0_r1	both_directions	direct_edge	1	1.1030307164524364	12958157	tr|A0A3B3IDP9|A0A3B3IDP9_ORYLA,tr|H2R516|H2R516_PANTR
NOX	A0A3B3IDP9	O46522	FP	TN	Family0087148	p0_c0_r0	both_directions	direct_edge	1	2.9486163759702775	869723	tr|A0A3B3IDP9|A0A3B3IDP9_ORYLA,sp|O46522|CY24B_BOVIN
NOX	A0A3B3IDP9	O46522	FP	TN	Family0087148	p0_c0_r1	both_directions	direct_edge	1	2.9486163759702775	869723	tr|A0A3B3IDP9|A0A3B3IDP9_ORYLA,sp|O46522|CY24B_BOVIN
NOX	A0A3B3IDP9	P04839	FP	TN	Family0087148	p0_c0_r0	both_directions	direct_edge	1	2.9416415294274736	1346760	tr|A0A3B3IDP9|A0A3B3IDP9_ORYLA,sp|P04839|CY24B_HUMAN
NOX	A0A3B3IDP9	P04839	FP	TN	Family0087148	p0_c0_r1	both_directions	direct_edge	1	2.9416415294274736	1346760	tr|A0A3B3IDP9|A0A3B3IDP9_ORYLA,sp|P04839|CY24B_HUMAN
NOX	A0A3B3IDP9	Q505H9	FP	TN	Family0087148	p0_c0_r0	both_directions	direct_edge	1	2.8736367756351373	12958171	tr|A0A3B3IDP9|A0A3B3IDP9_ORYLA,tr|Q505H9|Q505H9_XENTR
NOX	A0A3B3IDP9	Q505H9	FP	TN	Family0087148	p0_c0_r1	both_directions	direct_edge	1	2.8736367756351373	12958171	tr|A0A3B3IDP9|A0A3B3IDP9_ORYLA,tr|Q505H9|Q505H9_XENTR
NOX	A0A3B3IDP9	Q61093	FP	TN	Family0087148	p0_c0_r0	both_directions	direct_edge	1	2.959078645784483	5213502	tr|A0A3B3IDP9|A0A3B3IDP9_ORYLA,sp|Q61093|CY24B_MOUSE
NOX	A0A3B3IDP9	Q61093	FP	TN	Family0087148	p0_c0_r1	both_directions	direct_edge	1	2.959078645784483	5213502	tr|A0A3B3IDP9|A0A3B3IDP9_ORYLA,sp|Q61093|CY24B_MOUSE
NOX	A0A3B3IDP9	Q672J9	FP	TN	Family0087148	p0_c0_r0	both_directions	direct_edge	1	2.487413086543796	5340279	tr|A0A3B3IDP9|A0A3B3IDP9_ORYLA,sp|Q672J9|NOX3_MOUSE
NOX	A0A3B3IDP9	Q672J9	FP	TN	Family0087148	p0_c0_r1	both_directions	direct_edge	1	2.487413086543796	5340279	tr|A0A3B3IDP9|A0A3B3IDP9_ORYLA,sp|Q672J9|NOX3_MOUSE
NOX	A0A3B3IDP9	Q672K1	FP	TN	Family0087148	p0_c0_r0	both_directions	direct_edge	1	2.5153615481903553	5340386	tr|A0A3B3IDP9|A0A3B3IDP9_ORYLA,sp|Q672K1|NOX3_RAT
NOX	A0A3B3IDP9	Q672K1	FP	TN	Family0087148	p0_c0_r1	both_directions	direct_edge	1	2.5153615481903553	5340386	tr|A0A3B3IDP9|A0A3B3IDP9_ORYLA,sp|Q672K1|NOX3_RAT
NOX	A0A3B3IDP9	Q924V1	FP	TN	Family0087148	p0_c0_r0	both_directions	direct_edge	1	1.1030307164524364	6689867	tr|A0A3B3IDP9|A0A3B3IDP9_ORYLA,sp|Q924V1|NOX4_RAT
NOX	A0A3B3IDP9	Q924V1	FP	TN	Family0087148	p0_c0_r1	both_directions	direct_edge	1	1.1030307164524364	6689867	tr|A0A3B3IDP9|A0A3B3IDP9_ORYLA,sp|Q924V1|NOX4_RAT
NOX	A0A3B3IDP9	Q9ERL1	FP	TN	Family0087148	p0_c0_r0	both_directions	direct_edge	1	2.960822357420184	12958178	tr|A0A3B3IDP9|A0A3B3IDP9_ORYLA,tr|Q9ERL1|Q9ERL1_RAT
NOX	A0A3B3IDP9	Q9ERL1	FP	TN	Family0087148	p0_c0_r1	both_directions	direct_edge	1	2.960822357420184	12958178	tr|A0A3B3IDP9|A0A3B3IDP9_ORYLA,tr|Q9ERL1|Q9ERL1_RAT
NOX	A0A3B3IDP9	Q9HBY0	FP	TN	Family0087148	p0_c0_r0	both_directions	direct_edge	1	2.6184215005120435	7245723	tr|A0A3B3IDP9|A0A3B3IDP9_ORYLA,sp|Q9HBY0|NOX3_HUMAN
NOX	A0A3B3IDP9	Q9HBY0	FP	TN	Family0087148	p0_c0_r1	both_directions	direct_edge	1	2.6184215005120435	7245723	tr|A0A3B3IDP9|A0A3B3IDP9_ORYLA,sp|Q9HBY0|NOX3_HUMAN
NOX	A0A3B3IDP9	Q9JHI8	FP	TN	Family0087148	p0_c0_r0	both_directions	direct_edge	1	1.0874462950268917	7304863	tr|A0A3B3IDP9|A0A3B3IDP9_ORYLA,sp|Q9JHI8|NOX4_MOUSE
NOX	A0A3B3IDP9	Q9JHI8	FP	TN	Family0087148	p0_c0_r1	both_directions	direct_edge	1	1.0874462950268917	7304863	tr|A0A3B3IDP9|A0A3B3IDP9_ORYLA,sp|Q9JHI8|NOX4_MOUSE
NOX	A0A3B3IDP9	Q9NPH5	FP	TN	Family0087148	p0_c0_r0	both_directions	direct_edge	1	1.0874462950268917	7495447	tr|A0A3B3IDP9|A0A3B3IDP9_ORYLA,sp|Q9NPH5|NOX4_HUMAN
NOX	A0A3B3IDP9	Q9NPH5	FP	TN	Family0087148	p0_c0_r1	both_directions	direct_edge	1	1.0874462950268917	7495447	tr|A0A3B3IDP9|A0A3B3IDP9_ORYLA,sp|Q9NPH5|NOX4_HUMAN
NOX	A0A3Q2U7E3	A0A5F4CEF0	FP	TN	Family0087148	p0_c0_r0	no_direct_hit	indirect_path	2			tr|A0A3Q2U7E3|A0A3Q2U7E3_CHICK,sp|Q924V1|NOX4_RAT,tr|A0A5F4CEF0|A0A5F4CEF0_CANLF
NOX	A0A3Q2U7E3	A0A5F4CEF0	FP	TN	Family0087148	p0_c0_r1	no_direct_hit	indirect_path	2			tr|A0A3Q2U7E3|A0A3Q2U7E3_CHICK,sp|Q924V1|NOX4_RAT,tr|A0A5F4CEF0|A0A5F4CEF0_CANLF
NOX	A0A3Q2U7E3	A7E3L1	FP	TN	Family0087148	p0_c0_r0	no_direct_hit	indirect_path	2			tr|A0A3Q2U7E3|A0A3Q2U7E3_CHICK,sp|Q924V1|NOX4_RAT,tr|A7E3L1|A7E3L1_CANLF
NOX	A0A3Q2U7E3	A7E3L1	FP	TN	Family0087148	p0_c0_r1	no_direct_hit	indirect_path	2			tr|A0A3Q2U7E3|A0A3Q2U7E3_CHICK,sp|Q924V1|NOX4_RAT,tr|A7E3L1|A7E3L1_CANLF
NOX	A0A3Q2U7E3	A7SCJ4	FP	TN	Family0087148	p0_c0_r0	no_direct_hit	indirect_path	2			tr|A0A3Q2U7E3|A0A3Q2U7E3_CHICK,sp|Q9XYS3|NOXA_DICDI,tr|A7SCJ4|A7SCJ4_NEMVE
NOX	A0A3Q2U7E3	A7SCJ4	FP	TN	Family0087148	p0_c0_r1	no_direct_hit	indirect_path	2			tr|A0A3Q2U7E3|A0A3Q2U7E3_CHICK,sp|Q9XYS3|NOXA_DICDI,tr|A7SCJ4|A7SCJ4_NEMVE
NOX	A0A3Q2U7E3	A7SD95	FP	TN	Family0087148	p0_c0_r0	both_directions	direct_edge	1	1.0780480228878158	13433466	tr|A0A3Q2U7E3|A0A3Q2U7E3_CHICK,tr|A7SD95|A7SD95_NEMVE
NOX	A0A3Q2U7E3	A7SD95	FP	TN	Family0087148	p0_c0_r1	both_directions	direct_edge	1	1.0780480228878158	13433466	tr|A0A3Q2U7E3|A0A3Q2U7E3_CHICK,tr|A7SD95|A7SD95_NEMVE
NOX	A0A3Q2U7E3	C3XUP1	FP	TN	Family0087148	p0_c0_r0	no_direct_hit	indirect_path	2			tr|A0A3Q2U7E3|A0A3Q2U7E3_CHICK,sp|Q9XYS3|NOXA_DICDI,tr|C3XUP1|C3XUP1_BRAFL
NOX	A0A3Q2U7E3	C3XUP1	FP	TN	Family0087148	p0_c0_r1	no_direct_hit	indirect_path	2			tr|A0A3Q2U7E3|A0A3Q2U7E3_CHICK,sp|Q9XYS3|NOXA_DICDI,tr|C3XUP1|C3XUP1_BRAFL
NOX	A0A3Q2U7E3	E1BFF3	FP	TN	Family0087148	p0_c0_r0	no_direct_hit	indirect_path	2			tr|A0A3Q2U7E3|A0A3Q2U7E3_CHICK,sp|Q9XYS3|NOXA_DICDI,tr|E1BFF3|E1BFF3_BOVIN
NOX	A0A3Q2U7E3	E1BFF3	FP	TN	Family0087148	p0_c0_r1	no_direct_hit	indirect_path	2			tr|A0A3Q2U7E3|A0A3Q2U7E3_CHICK,sp|Q9XYS3|NOXA_DICDI,tr|E1BFF3|E1BFF3_BOVIN
NOX	A0A3Q2U7E3	E1BPJ7	FP	TN	Family0087148	p0_c0_r0	no_direct_hit	indirect_path	2			tr|A0A3Q2U7E3|A0A3Q2U7E3_CHICK,sp|Q9XYS3|NOXA_DICDI,tr|E1BPJ7|E1BPJ7_BOVIN
NOX	A0A3Q2U7E3	E1BPJ7	FP	TN	Family0087148	p0_c0_r1	no_direct_hit	indirect_path	2			tr|A0A3Q2U7E3|A0A3Q2U7E3_CHICK,sp|Q9XYS3|NOXA_DICDI,tr|E1BPJ7|E1BPJ7_BOVIN
NOX	A0A3Q2U7E3	F1PL03	FP	TN	Family0087148	p0_c0_r0	no_direct_hit	indirect_path	2			tr|A0A3Q2U7E3|A0A3Q2U7E3_CHICK,sp|Q924V1|NOX4_RAT,tr|F1PL03|F1PL03_CANLF
NOX	A0A3Q2U7E3	F1PL03	FP	TN	Family0087148	p0_c0_r1	no_direct_hit	indirect_path	2			tr|A0A3Q2U7E3|A0A3Q2U7E3_CHICK,sp|Q924V1|NOX4_RAT,tr|F1PL03|F1PL03_CANLF
NOX	A0A3Q2U7E3	F6U2X4	FP	TN	Family0087148	p0_c0_r0	no_direct_hit	indirect_path	2			tr|A0A3Q2U7E3|A0A3Q2U7E3_CHICK,sp|Q9XYS3|NOXA_DICDI,tr|F6U2X4|F6U2X4_MONDO
NOX	A0A3Q2U7E3	F6U2X4	FP	TN	Family0087148	p0_c0_r1	no_direct_hit	indirect_path	2			tr|A0A3Q2U7E3|A0A3Q2U7E3_CHICK,sp|Q9XYS3|NOXA_DICDI,tr|F6U2X4|F6U2X4_MONDO
NOX	A0A3Q2U7E3	F7AMC8	FP	TN	Family0087148	p0_c0_r0	no_direct_hit	indirect_path	2			tr|A0A3Q2U7E3|A0A3Q2U7E3_CHICK,sp|Q924V1|NOX4_RAT,tr|F7AMC8|F7AMC8_XENTR
NOX	A0A3Q2U7E3	F7AMC8	FP	TN	Family0087148	p0_c0_r1	no_direct_hit	indirect_path	2			tr|A0A3Q2U7E3|A0A3Q2U7E3_CHICK,sp|Q924V1|NOX4_RAT,tr|F7AMC8|F7AMC8_XENTR
NOX	A0A3Q2U7E3	F7ELK5	FP	TN	Family0087148	p0_c0_r0	no_direct_hit	indirect_path	2			tr|A0A3Q2U7E3|A0A3Q2U7E3_CHICK,sp|Q924V1|NOX4_RAT,tr|F7ELK5|F7ELK5_MONDO
NOX	A0A3Q2U7E3	F7ELK5	FP	TN	Family0087148	p0_c0_r1	no_direct_hit	indirect_path	2			tr|A0A3Q2U7E3|A0A3Q2U7E3_CHICK,sp|Q924V1|NOX4_RAT,tr|F7ELK5|F7ELK5_MONDO
NOX	A0A3Q2U7E3	G3QVH2	FP	TN	Family0087148	p0_c0_r0	no_direct_hit	indirect_path	2			tr|A0A3Q2U7E3|A0A3Q2U7E3_CHICK,sp|Q924V1|NOX4_RAT,tr|G3QVH2|G3QVH2_GORGO
NOX	A0A3Q2U7E3	G3QVH2	FP	TN	Family0087148	p0_c0_r1	no_direct_hit	indirect_path	2			tr|A0A3Q2U7E3|A0A3Q2U7E3_CHICK,sp|Q924V1|NOX4_RAT,tr|G3QVH2|G3QVH2_GORGO
NOX	A0A3Q2U7E3	G3QXY3	FP	TN	Family0087148	p0_c0_r0	no_direct_hit	indirect_path	2			tr|A0A3Q2U7E3|A0A3Q2U7E3_CHICK,sp|Q924V1|NOX4_RAT,tr|G3QXY3|G3QXY3_GORGO
NOX	A0A3Q2U7E3	G3QXY3	FP	TN	Family0087148	p0_c0_r1	no_direct_hit	indirect_path	2			tr|A0A3Q2U7E3|A0A3Q2U7E3_CHICK,sp|Q924V1|NOX4_RAT,tr|G3QXY3|G3QXY3_GORGO
NOX	A0A3Q2U7E3	G3RI51	FP	TN	Family0087148	p0_c0_r0	no_direct_hit	indirect_path	2			tr|A0A3Q2U7E3|A0A3Q2U7E3_CHICK,sp|Q924V1|NOX4_RAT,tr|G3RI51|G3RI51_GORGO
NOX	A0A3Q2U7E3	G3RI51	FP	TN	Family0087148	p0_c0_r1	no_direct_hit	indirect_path	2			tr|A0A3Q2U7E3|A0A3Q2U7E3_CHICK,sp|Q924V1|NOX4_RAT,tr|G3RI51|G3RI51_GORGO
NOX	A0A3Q2U7E3	H2L879	FP	TN	Family0087148	p0_c0_r0	no_direct_hit	indirect_path	2			tr|A0A3Q2U7E3|A0A3Q2U7E3_CHICK,sp|Q9XYS3|NOXA_DICDI,tr|H2L879|H2L879_ORYLA
NOX	A0A3Q2U7E3	H2L879	FP	TN	Family0087148	p0_c0_r1	no_direct_hit	indirect_path	2			tr|A0A3Q2U7E3|A0A3Q2U7E3_CHICK,sp|Q9XYS3|NOXA_DICDI,tr|H2L879|H2L879_ORYLA
NOX	A0A3Q2U7E3	H2QTY3	FP	TN	Family0087148	p0_c0_r0	no_direct_hit	indirect_path	2			tr|A0A3Q2U7E3|A0A3Q2U7E3_CHICK,sp|Q924V1|NOX4_RAT,tr|H2QTY3|H2QTY3_PANTR
NOX	A0A3Q2U7E3	H2QTY3	FP	TN	Family0087148	p0_c0_r1	no_direct_hit	indirect_path	2			tr|A0A3Q2U7E3|A0A3Q2U7E3_CHICK,sp|Q924V1|NOX4_RAT,tr|H2QTY3|H2QTY3_PANTR
NOX	A0A3Q2U7E3	H2R4R9	FP	TN	Family0087148	p0_c0_r0	no_direct_hit	indirect_path	2			tr|A0A3Q2U7E3|A0A3Q2U7E3_CHICK,sp|Q924V1|NOX4_RAT,tr|H2R4R9|H2R4R9_PANTR
NOX	A0A3Q2U7E3	H2R4R9	FP	TN	Family0087148	p0_c0_r1	no_direct_hit	indirect_path	2			tr|A0A3Q2U7E3|A0A3Q2U7E3_CHICK,sp|Q924V1|NOX4_RAT,tr|H2R4R9|H2R4R9_PANTR
NOX	A0A3Q2U7E3	O46522	FP	TN	Family0087148	p0_c0_r0	no_direct_hit	indirect_path	2			tr|A0A3Q2U7E3|A0A3Q2U7E3_CHICK,sp|Q924V1|NOX4_RAT,sp|O46522|CY24B_BOVIN
NOX	A0A3Q2U7E3	O46522	FP	TN	Family0087148	p0_c0_r1	no_direct_hit	indirect_path	2			tr|A0A3Q2U7E3|A0A3Q2U7E3_CHICK,sp|Q924V1|NOX4_RAT,sp|O46522|CY24B_BOVIN
NOX	A0A3Q2U7E3	P04839	FP	TN	Family0087148	p0_c0_r0	no_direct_hit	indirect_path	2			tr|A0A3Q2U7E3|A0A3Q2U7E3_CHICK,sp|Q924V1|NOX4_RAT,sp|P04839|CY24B_HUMAN
NOX	A0A3Q2U7E3	P04839	FP	TN	Family0087148	p0_c0_r1	no_direct_hit	indirect_path	2			tr|A0A3Q2U7E3|A0A3Q2U7E3_CHICK,sp|Q924V1|NOX4_RAT,sp|P04839|CY24B_HUMAN
NOX	A0A3Q2U7E3	Q505H9	FP	TN	Family0087148	p0_c0_r0	no_direct_hit	indirect_path	2			tr|A0A3Q2U7E3|A0A3Q2U7E3_CHICK,sp|Q924V1|NOX4_RAT,tr|Q505H9|Q505H9_XENTR
NOX	A0A3Q2U7E3	Q505H9	FP	TN	Family0087148	p0_c0_r1	no_direct_hit	indirect_path	2			tr|A0A3Q2U7E3|A0A3Q2U7E3_CHICK,sp|Q924V1|NOX4_RAT,tr|Q505H9|Q505H9_XENTR
NOX	A0A3Q2U7E3	Q61093	FP	TN	Family0087148	p0_c0_r0	no_direct_hit	indirect_path	2			tr|A0A3Q2U7E3|A0A3Q2U7E3_CHICK,sp|Q924V1|NOX4_RAT,sp|Q61093|CY24B_MOUSE
NOX	A0A3Q2U7E3	Q61093	FP	TN	Family0087148	p0_c0_r1	no_direct_hit	indirect_path	2			tr|A0A3Q2U7E3|A0A3Q2U7E3_CHICK,sp|Q924V1|NOX4_RAT,sp|Q61093|CY24B_MOUSE
NOX	A0A3Q2U7E3	Q672J9	FP	TN	Family0087148	p0_c0_r0	no_direct_hit	indirect_path	2			tr|A0A3Q2U7E3|A0A3Q2U7E3_CHICK,sp|Q924V1|NOX4_RAT,sp|Q672J9|NOX3_MOUSE
NOX	A0A3Q2U7E3	Q672J9	FP	TN	Family0087148	p0_c0_r1	no_direct_hit	indirect_path	2			tr|A0A3Q2U7E3|A0A3Q2U7E3_CHICK,sp|Q924V1|NOX4_RAT,sp|Q672J9|NOX3_MOUSE
NOX	A0A3Q2U7E3	Q672K1	FP	TN	Family0087148	p0_c0_r0	no_direct_hit	indirect_path	2			tr|A0A3Q2U7E3|A0A3Q2U7E3_CHICK,sp|Q924V1|NOX4_RAT,sp|Q672K1|NOX3_RAT
NOX	A0A3Q2U7E3	Q672K1	FP	TN	Family0087148	p0_c0_r1	no_direct_hit	indirect_path	2			tr|A0A3Q2U7E3|A0A3Q2U7E3_CHICK,sp|Q924V1|NOX4_RAT,sp|Q672K1|NOX3_RAT
NOX	A0A3Q2U7E3	Q8CIZ9	FP	TN	Family0087148	p0_c0_r0	no_direct_hit	indirect_path	2			tr|A0A3Q2U7E3|A0A3Q2U7E3_CHICK,sp|Q924V1|NOX4_RAT,sp|Q8CIZ9|NOX1_MOUSE
NOX	A0A3Q2U7E3	Q8CIZ9	FP	TN	Family0087148	p0_c0_r1	no_direct_hit	indirect_path	2			tr|A0A3Q2U7E3|A0A3Q2U7E3_CHICK,sp|Q924V1|NOX4_RAT,sp|Q8CIZ9|NOX1_MOUSE
NOX	A0A3Q2U7E3	Q9ERL1	FP	TN	Family0087148	p0_c0_r0	no_direct_hit	indirect_path	2			tr|A0A3Q2U7E3|A0A3Q2U7E3_CHICK,sp|Q924V1|NOX4_RAT,tr|Q9ERL1|Q9ERL1_RAT
NOX	A0A3Q2U7E3	Q9ERL1	FP	TN	Family0087148	p0_c0_r1	no_direct_hit	indirect_path	2			tr|A0A3Q2U7E3|A0A3Q2U7E3_CHICK,sp|Q924V1|NOX4_RAT,tr|Q9ERL1|Q9ERL1_RAT
NOX	A0A3Q2U7E3	Q9HBY0	FP	TN	Family0087148	p0_c0_r0	no_direct_hit	indirect_path	2			tr|A0A3Q2U7E3|A0A3Q2U7E3_CHICK,sp|Q924V1|NOX4_RAT,sp|Q9HBY0|NOX3_HUMAN
NOX	A0A3Q2U7E3	Q9HBY0	FP	TN	Family0087148	p0_c0_r1	no_direct_hit	indirect_path	2			tr|A0A3Q2U7E3|A0A3Q2U7E3_CHICK,sp|Q924V1|NOX4_RAT,sp|Q9HBY0|NOX3_HUMAN
NOX	A0A3Q2U7E3	Q9WV87	FP	TN	Family0087148	p0_c0_r0	no_direct_hit	indirect_path	2			tr|A0A3Q2U7E3|A0A3Q2U7E3_CHICK,sp|Q924V1|NOX4_RAT,sp|Q9WV87|NOX1_RAT
NOX	A0A3Q2U7E3	Q9WV87	FP	TN	Family0087148	p0_c0_r1	no_direct_hit	indirect_path	2			tr|A0A3Q2U7E3|A0A3Q2U7E3_CHICK,sp|Q924V1|NOX4_RAT,sp|Q9WV87|NOX1_RAT
NOX	A0A3Q2U7E3	Q9Y5S8	FP	TN	Family0087148	p0_c0_r0	no_direct_hit	indirect_path	2			tr|A0A3Q2U7E3|A0A3Q2U7E3_CHICK,sp|Q924V1|NOX4_RAT,sp|Q9Y5S8|NOX1_HUMAN
NOX	A0A3Q2U7E3	Q9Y5S8	FP	TN	Family0087148	p0_c0_r1	no_direct_hit	indirect_path	2			tr|A0A3Q2U7E3|A0A3Q2U7E3_CHICK,sp|Q924V1|NOX4_RAT,sp|Q9Y5S8|NOX1_HUMAN
NOX	A0A3Q2UE93	A0A5F4CEF0	FP	TN	Family0087148	p0_c0_r0	both_directions	direct_edge	1	2.968295516870907	13467520	tr|A0A3Q2UE93|A0A3Q2UE93_CHICK,tr|A0A5F4CEF0|A0A5F4CEF0_CANLF
NOX	A0A3Q2UE93	A0A5F4CEF0	FP	TN	Family0087148	p0_c0_r1	both_directions	direct_edge	1	2.968295516870907	13467520	tr|A0A3Q2UE93|A0A3Q2UE93_CHICK,tr|A0A5F4CEF0|A0A5F4CEF0_CANLF
NOX	A0A3Q2UE93	A7E3L1	FP	TN	Family0087148	p0_c0_r0	both_directions	direct_edge	1	2.9054036781449315	13467522	tr|A0A3Q2UE93|A0A3Q2UE93_CHICK,tr|A7E3L1|A7E3L1_CANLF
NOX	A0A3Q2UE93	A7E3L1	FP	TN	Family0087148	p0_c0_r1	both_directions	direct_edge	1	2.9054036781449315	13467522	tr|A0A3Q2UE93|A0A3Q2UE93_CHICK,tr|A7E3L1|A7E3L1_CANLF
NOX	A0A3Q2UE93	A7RPH5	FP	TN	Family0087148	p0_c0_r0	both_directions	direct_edge	1	1.1634895614366279	13467525	tr|A0A3Q2UE93|A0A3Q2UE93_CHICK,tr|A7RPH5|A7RPH5_NEMVE
NOX	A0A3Q2UE93	A7RPH5	FP	TN	Family0087148	p0_c0_r1	both_directions	direct_edge	1	1.1634895614366279	13467525	tr|A0A3Q2UE93|A0A3Q2UE93_CHICK,tr|A7RPH5|A7RPH5_NEMVE
NOX	A0A3Q2UE93	E1BFF3	FP	TN	Family0087148	p0_c0_r0	both_directions	direct_edge	1	2.8584115567605846	13467534	tr|A0A3Q2UE93|A0A3Q2UE93_CHICK,tr|E1BFF3|E1BFF3_BOVIN
NOX	A0A3Q2UE93	E1BFF3	FP	TN	Family0087148	p0_c0_r1	both_directions	direct_edge	1	2.8584115567605846	13467534	tr|A0A3Q2UE93|A0A3Q2UE93_CHICK,tr|E1BFF3|E1BFF3_BOVIN
NOX	A0A3Q2UE93	F1MQX5	FP	TN	Family0087148	p0_c0_r0	both_directions	direct_edge	1	1.287312148879203	13467538	tr|A0A3Q2UE93|A0A3Q2UE93_CHICK,tr|F1MQX5|F1MQX5_BOVIN
NOX	A0A3Q2UE93	F1MQX5	FP	TN	Family0087148	p0_c0_r1	both_directions	direct_edge	1	1.287312148879203	13467538	tr|A0A3Q2UE93|A0A3Q2UE93_CHICK,tr|F1MQX5|F1MQX5_BOVIN
NOX	A0A3Q2UE93	F1PSM8	FP	TN	Family0087148	p0_c0_r0	no_direct_hit	indirect_path	2			tr|A0A3Q2UE93|A0A3Q2UE93_CHICK,sp|Q924V1|NOX4_RAT,tr|F1PSM8|F1PSM8_CANLF
NOX	A0A3Q2UE93	F1PSM8	FP	TN	Family0087148	p0_c0_r1	no_direct_hit	indirect_path	2			tr|A0A3Q2UE93|A0A3Q2UE93_CHICK,sp|Q924V1|NOX4_RAT,tr|F1PSM8|F1PSM8_CANLF
NOX	A0A3Q2UE93	F6U2X4	FP	TN	Family0087148	p0_c0_r0	both_directions	direct_edge	1	3.0062507339377196	13467545	tr|A0A3Q2UE93|A0A3Q2UE93_CHICK,tr|F6U2X4|F6U2X4_MONDO
NOX	A0A3Q2UE93	F6U2X4	FP	TN	Family0087148	p0_c0_r1	both_directions	direct_edge	1	3.0062507339377196	13467545	tr|A0A3Q2UE93|A0A3Q2UE93_CHICK,tr|F6U2X4|F6U2X4_MONDO
NOX	A0A3Q2UE93	F6Z703	FP	TN	Family0087148	p0_c0_r0	both_directions	direct_edge	1	1.31008093518591	13467549	tr|A0A3Q2UE93|A0A3Q2UE93_CHICK,tr|F6Z703|F6Z703_MONDO
NOX	A0A3Q2UE93	F6Z703	FP	TN	Family0087148	p0_c0_r1	both_directions	direct_edge	1	1.31008093518591	13467549	tr|A0A3Q2UE93|A0A3Q2UE93_CHICK,tr|F6Z703|F6Z703_MONDO
NOX	A0A3Q2UE93	F7CLH6	FP	TN	Family0087148	p0_c0_r0	both_directions	direct_edge	1	1.2085354809983009	13467551	tr|A0A3Q2UE93|A0A3Q2UE93_CHICK,tr|F7CLH6|F7CLH6_XENTR
NOX	A0A3Q2UE93	F7CLH6	FP	TN	Family0087148	p0_c0_r1	both_directions	direct_edge	1	1.2085354809983009	13467551	tr|A0A3Q2UE93|A0A3Q2UE93_CHICK,tr|F7CLH6|F7CLH6_XENTR
NOX	A0A3Q2UE93	F7ELK5	FP	TN	Family0087148	p0_c0_r0	both_directions	direct_edge	1	2.7703353166100486	13467552	tr|A0A3Q2UE93|A0A3Q2UE93_CHICK,tr|F7ELK5|F7ELK5_MONDO
NOX	A0A3Q2UE93	F7ELK5	FP	TN	Family0087148	p0_c0_r1	both_directions	direct_edge	1	2.7703353166100486	13467552	tr|A0A3Q2UE93|A0A3Q2UE93_CHICK,tr|F7ELK5|F7ELK5_MONDO
NOX	A0A3Q2UE93	G3QXY3	FP	TN	Family0087148	p0_c0_r0	both_directions	direct_edge	1	3.03531585533858	13467555	tr|A0A3Q2UE93|A0A3Q2UE93_CHICK,tr|G3QXY3|G3QXY3_GORGO
NOX	A0A3Q2UE93	G3QXY3	FP	TN	Family0087148	p0_c0_r1	both_directions	direct_edge	1	3.03531585533858	13467555	tr|A0A3Q2UE93|A0A3Q2UE93_CHICK,tr|G3QXY3|G3QXY3_GORGO
NOX	A0A3Q2UE93	G3RI51	FP	TN	Family0087148	p0_c0_r0	both_directions	direct_edge	1	2.885177022974623	13467557	tr|A0A3Q2UE93|A0A3Q2UE93_CHICK,tr|G3RI51|G3RI51_GORGO
NOX	A0A3Q2UE93	G3RI51	FP	TN	Family0087148	p0_c0_r1	both_directions	direct_edge	1	2.885177022974623	13467557	tr|A0A3Q2UE93|A0A3Q2UE93_CHICK,tr|G3RI51|G3RI51_GORGO
NOX	A0A3Q2UE93	H2L879	FP	TN	Family0087148	p0_c0_r0	both_directions	direct_edge	1	3.0239161551828113	13467558	tr|A0A3Q2UE93|A0A3Q2UE93_CHICK,tr|H2L879|H2L879_ORYLA
NOX	A0A3Q2UE93	H2L879	FP	TN	Family0087148	p0_c0_r1	both_directions	direct_edge	1	3.0239161551828113	13467558	tr|A0A3Q2UE93|A0A3Q2UE93_CHICK,tr|H2L879|H2L879_ORYLA
NOX	A0A3Q2UE93	H2M5R6	FP	TN	Family0087148	p0_c0_r0	both_directions	direct_edge	1	1.473251869149518	13467559	tr|A0A3Q2UE93|A0A3Q2UE93_CHICK,tr|H2M5R6|H2M5R6_ORYLA
NOX	A0A3Q2UE93	H2M5R6	FP	TN	Family0087148	p0_c0_r1	both_directions	direct_edge	1	1.473251869149518	13467559	tr|A0A3Q2UE93|A0A3Q2UE93_CHICK,tr|H2M5R6|H2M5R6_ORYLA
NOX	A0A3Q2UE93	H2QTY3	FP	TN	Family0087148	p0_c0_r0	both_directions	direct_edge	1	2.894011000387283	13467560	tr|A0A3Q2UE93|A0A3Q2UE93_CHICK,tr|H2QTY3|H2QTY3_PANTR
NOX	A0A3Q2UE93	H2QTY3	FP	TN	Family0087148	p0_c0_r1	both_directions	direct_edge	1	2.894011000387283	13467560	tr|A0A3Q2UE93|A0A3Q2UE93_CHICK,tr|H2QTY3|H2QTY3_PANTR
NOX	A0A3Q2UE93	H2R4R9	FP	TN	Family0087148	p0_c0_r0	both_directions	direct_edge	1	3.03531585533858	13467561	tr|A0A3Q2UE93|A0A3Q2UE93_CHICK,tr|H2R4R9|H2R4R9_PANTR
NOX	A0A3Q2UE93	H2R4R9	FP	TN	Family0087148	p0_c0_r1	both_directions	direct_edge	1	3.03531585533858	13467561	tr|A0A3Q2UE93|A0A3Q2UE93_CHICK,tr|H2R4R9|H2R4R9_PANTR
NOX	A0A3Q2UE93	H2R516	FP	TN	Family0087148	p0_c0_r0	both_directions	direct_edge	1	1.31008093518591	13467562	tr|A0A3Q2UE93|A0A3Q2UE93_CHICK,tr|H2R516|H2R516_PANTR
NOX	A0A3Q2UE93	H2R516	FP	TN	Family0087148	p0_c0_r1	both_directions	direct_edge	1	1.31008093518591	13467562	tr|A0A3Q2UE93|A0A3Q2UE93_CHICK,tr|H2R516|H2R516_PANTR
NOX	A0A3Q2UE93	O46522	FP	TN	Family0087148	p0_c0_r0	both_directions	direct_edge	1	3.0652986383372762	869724	tr|A0A3Q2UE93|A0A3Q2UE93_CHICK,sp|O46522|CY24B_BOVIN
NOX	A0A3Q2UE93	O46522	FP	TN	Family0087148	p0_c0_r1	both_directions	direct_edge	1	3.0652986383372762	869724	tr|A0A3Q2UE93|A0A3Q2UE93_CHICK,sp|O46522|CY24B_BOVIN
NOX	A0A3Q2UE93	P04839	FP	TN	Family0087148	p0_c0_r0	both_directions	direct_edge	1	3.03531585533858	1346761	tr|A0A3Q2UE93|A0A3Q2UE93_CHICK,sp|P04839|CY24B_HUMAN
NOX	A0A3Q2UE93	P04839	FP	TN	Family0087148	p0_c0_r1	both_directions	direct_edge	1	3.03531585533858	1346761	tr|A0A3Q2UE93|A0A3Q2UE93_CHICK,sp|P04839|CY24B_HUMAN
NOX	A0A3Q2UE93	Q505H9	FP	TN	Family0087148	p0_c0_r0	both_directions	direct_edge	1	3.135846363040091	13467578	tr|A0A3Q2UE93|A0A3Q2UE93_CHICK,tr|Q505H9|Q505H9_XENTR
NOX	A0A3Q2UE93	Q505H9	FP	TN	Family0087148	p0_c0_r1	both_directions	direct_edge	1	3.135846363040091	13467578	tr|A0A3Q2UE93|A0A3Q2UE93_CHICK,tr|Q505H9|Q505H9_XENTR
NOX	A0A3Q2UE93	Q61093	FP	TN	Family0087148	p0_c0_r0	both_directions	direct_edge	1	3.047661707161573	5213503	tr|A0A3Q2UE93|A0A3Q2UE93_CHICK,sp|Q61093|CY24B_MOUSE
NOX	A0A3Q2UE93	Q61093	FP	TN	Family0087148	p0_c0_r1	both_directions	direct_edge	1	3.047661707161573	5213503	tr|A0A3Q2UE93|A0A3Q2UE93_CHICK,sp|Q61093|CY24B_MOUSE
NOX	A0A3Q2UE93	Q672J9	FP	TN	Family0087148	p0_c0_r0	both_directions	direct_edge	1	2.7880032714353677	5340280	tr|A0A3Q2UE93|A0A3Q2UE93_CHICK,sp|Q672J9|NOX3_MOUSE
NOX	A0A3Q2UE93	Q672J9	FP	TN	Family0087148	p0_c0_r1	both_directions	direct_edge	1	2.7880032714353677	5340280	tr|A0A3Q2UE93|A0A3Q2UE93_CHICK,sp|Q672J9|NOX3_MOUSE
NOX	A0A3Q2UE93	Q672K1	FP	TN	Family0087148	p0_c0_r0	both_directions	direct_edge	1	2.7897700669178995	5340387	tr|A0A3Q2UE93|A0A3Q2UE93_CHICK,sp|Q672K1|NOX3_RAT
NOX	A0A3Q2UE93	Q672K1	FP	TN	Family0087148	p0_c0_r1	both_directions	direct_edge	1	2.7897700669178995	5340387	tr|A0A3Q2UE93|A0A3Q2UE93_CHICK,sp|Q672K1|NOX3_RAT
NOX	A0A3Q2UE93	Q924V1	FP	TN	Family0087148	p0_c0_r0	both_directions	direct_edge	1	1.2855607037786871	6689869	tr|A0A3Q2UE93|A0A3Q2UE93_CHICK,sp|Q924V1|NOX4_RAT
NOX	A0A3Q2UE93	Q924V1	FP	TN	Family0087148	p0_c0_r1	both_directions	direct_edge	1	1.2855607037786871	6689869	tr|A0A3Q2UE93|A0A3Q2UE93_CHICK,sp|Q924V1|NOX4_RAT
NOX	A0A3Q2UE93	Q9ERL1	FP	TN	Family0087148	p0_c0_r0	both_directions	direct_edge	1	3.0652986383372762	13467585	tr|A0A3Q2UE93|A0A3Q2UE93_CHICK,tr|Q9ERL1|Q9ERL1_RAT
NOX	A0A3Q2UE93	Q9ERL1	FP	TN	Family0087148	p0_c0_r1	both_directions	direct_edge	1	3.0652986383372762	13467585	tr|A0A3Q2UE93|A0A3Q2UE93_CHICK,tr|Q9ERL1|Q9ERL1_RAT
NOX	A0A3Q2UE93	Q9HBY0	FP	TN	Family0087148	p0_c0_r0	both_directions	direct_edge	1	2.9222797281077937	7245724	tr|A0A3Q2UE93|A0A3Q2UE93_CHICK,sp|Q9HBY0|NOX3_HUMAN
NOX	A0A3Q2UE93	Q9HBY0	FP	TN	Family0087148	p0_c0_r1	both_directions	direct_edge	1	2.9222797281077937	7245724	tr|A0A3Q2UE93|A0A3Q2UE93_CHICK,sp|Q9HBY0|NOX3_HUMAN
NOX	A0A3Q2UE93	Q9JHI8	FP	TN	Family0087148	p0_c0_r0	both_directions	direct_edge	1	1.287312148879203	7304865	tr|A0A3Q2UE93|A0A3Q2UE93_CHICK,sp|Q9JHI8|NOX4_MOUSE
NOX	A0A3Q2UE93	Q9JHI8	FP	TN	Family0087148	p0_c0_r1	both_directions	direct_edge	1	1.287312148879203	7304865	tr|A0A3Q2UE93|A0A3Q2UE93_CHICK,sp|Q9JHI8|NOX4_MOUSE
NOX	A0A3Q2UE93	Q9NPH5	FP	TN	Family0087148	p0_c0_r0	both_directions	direct_edge	1	1.2978208194822987	7495449	tr|A0A3Q2UE93|A0A3Q2UE93_CHICK,sp|Q9NPH5|NOX4_HUMAN
NOX	A0A3Q2UE93	Q9NPH5	FP	TN	Family0087148	p0_c0_r1	both_directions	direct_edge	1	1.2978208194822987	7495449	tr|A0A3Q2UE93|A0A3Q2UE93_CHICK,sp|Q9NPH5|NOX4_HUMAN
NOX	A0A5F4CEF0	A7RPH5	FP	TN	Family0087148	p0_c0_r0	no_direct_hit	indirect_path	2			tr|A0A5F4CEF0|A0A5F4CEF0_CANLF,sp|Q924V1|NOX4_RAT,tr|A7RPH5|A7RPH5_NEMVE
NOX	A0A5F4CEF0	A7RPH5	FP	TN	Family0087148	p0_c0_r1	no_direct_hit	indirect_path	2			tr|A0A5F4CEF0|A0A5F4CEF0_CANLF,sp|Q924V1|NOX4_RAT,tr|A7RPH5|A7RPH5_NEMVE
NOX	A0A5F4CEF0	E1BFF3	FP	TN	Family0087148	p0_c0_r0	both_directions	direct_edge	1	3.0757232923330307	13688624	tr|A0A5F4CEF0|A0A5F4CEF0_CANLF,tr|E1BFF3|E1BFF3_BOVIN
NOX	A0A5F4CEF0	E1BFF3	FP	TN	Family0087148	p0_c0_r1	both_directions	direct_edge	1	3.0757232923330307	13688624	tr|A0A5F4CEF0|A0A5F4CEF0_CANLF,tr|E1BFF3|E1BFF3_BOVIN
NOX	A0A5F4CEF0	E1BPJ7	FP	TN	Family0087148	p0_c0_r0	both_directions	direct_edge	1	2.861275385575123	13688625	tr|A0A5F4CEF0|A0A5F4CEF0_CANLF,tr|E1BPJ7|E1BPJ7_BOVIN
NOX	A0A5F4CEF0	E1BPJ7	FP	TN	Family0087148	p0_c0_r1	both_directions	direct_edge	1	2.861275385575123	13688625	tr|A0A5F4CEF0|A0A5F4CEF0_CANLF,tr|E1BPJ7|E1BPJ7_BOVIN
NOX	A0A5F4CEF0	F1MQX5	FP	TN	Family0087148	p0_c0_r0	both_directions	direct_edge	1	1.3101363413965808	13688628	tr|A0A5F4CEF0|A0A5F4CEF0_CANLF,tr|F1MQX5|F1MQX5_BOVIN
NOX	A0A5F4CEF0	F1MQX5	FP	TN	Family0087148	p0_c0_r1	both_directions	direct_edge	1	1.3101363413965808	13688628	tr|A0A5F4CEF0|A0A5F4CEF0_CANLF,tr|F1MQX5|F1MQX5_BOVIN
NOX	A0A5F4CEF0	F1NVG4	FP	TN	Family0087148	p0_c0_r0	both_directions	direct_edge	1	3.1792667728188815	13688629	tr|A0A5F4CEF0|A0A5F4CEF0_CANLF,tr|F1NVG4|F1NVG4_CHICK
NOX	A0A5F4CEF0	F1NVG4	FP	TN	Family0087148	p0_c0_r1	both_directions	direct_edge	1	3.1792667728188815	13688629	tr|A0A5F4CEF0|A0A5F4CEF0_CANLF,tr|F1NVG4|F1NVG4_CHICK
NOX	A0A5F4CEF0	F6Z703	FP	TN	Family0087148	p0_c0_r0	both_directions	direct_edge	1	1.2909721129984923	13688639	tr|A0A5F4CEF0|A0A5F4CEF0_CANLF,tr|F6Z703|F6Z703_MONDO
NOX	A0A5F4CEF0	F6Z703	FP	TN	Family0087148	p0_c0_r1	both_directions	direct_edge	1	1.2909721129984923	13688639	tr|A0A5F4CEF0|A0A5F4CEF0_CANLF,tr|F6Z703|F6Z703_MONDO
NOX	A0A5F4CEF0	F7AMC8	FP	TN	Family0087148	p0_c0_r0	both_directions	direct_edge	1	2.899212331700397	13688640	tr|A0A5F4CEF0|A0A5F4CEF0_CANLF,tr|F7AMC8|F7AMC8_XENTR
NOX	A0A5F4CEF0	F7AMC8	FP	TN	Family0087148	p0_c0_r1	both_directions	direct_edge	1	2.899212331700397	13688640	tr|A0A5F4CEF0|A0A5F4CEF0_CANLF,tr|F7AMC8|F7AMC8_XENTR
NOX	A0A5F4CEF0	F7CLH6	FP	TN	Family0087148	p0_c0_r0	no_direct_hit	indirect_path	2			tr|A0A5F4CEF0|A0A5F4CEF0_CANLF,sp|Q8CIZ9|NOX1_MOUSE,tr|F7CLH6|F7CLH6_XENTR
NOX	A0A5F4CEF0	F7CLH6	FP	TN	Family0087148	p0_c0_r1	no_direct_hit	indirect_path	2			tr|A0A5F4CEF0|A0A5F4CEF0_CANLF,sp|Q8CIZ9|NOX1_MOUSE,tr|F7CLH6|F7CLH6_XENTR
NOX	A0A5F4CEF0	F7ELK5	FP	TN	Family0087148	p0_c0_r0	both_directions	direct_edge	1	3.0843632870630944	13688641	tr|A0A5F4CEF0|A0A5F4CEF0_CANLF,tr|F7ELK5|F7ELK5_MONDO
NOX	A0A5F4CEF0	F7ELK5	FP	TN	Family0087148	p0_c0_r1	both_directions	direct_edge	1	3.0843632870630944	13688641	tr|A0A5F4CEF0|A0A5F4CEF0_CANLF,tr|F7ELK5|F7ELK5_MONDO
NOX	A0A5F4CEF0	G3QVH2	FP	TN	Family0087148	p0_c0_r0	both_directions	direct_edge	1	3.0000419929871733	13688643	tr|A0A5F4CEF0|A0A5F4CEF0_CANLF,tr|G3QVH2|G3QVH2_GORGO
NOX	A0A5F4CEF0	G3QVH2	FP	TN	Family0087148	p0_c0_r1	both_directions	direct_edge	1	3.0000419929871733	13688643	tr|A0A5F4CEF0|A0A5F4CEF0_CANLF,tr|G3QVH2|G3QVH2_GORGO
NOX	A0A5F4CEF0	G3RI51	FP	TN	Family0087148	p0_c0_r0	both_directions	direct_edge	1	3.115997782315023	13688646	tr|A0A5F4CEF0|A0A5F4CEF0_CANLF,tr|G3RI51|G3RI51_GORGO
NOX	A0A5F4CEF0	G3RI51	FP	TN	Family0087148	p0_c0_r1	both_directions	direct_edge	1	3.115997782315023	13688646	tr|A0A5F4CEF0|A0A5F4CEF0_CANLF,tr|G3RI51|G3RI51_GORGO
NOX	A0A5F4CEF0	H2M5R6	FP	TN	Family0087148	p0_c0_r0	both_directions	direct_edge	1	1.4708064074080927	13688649	tr|A0A5F4CEF0|A0A5F4CEF0_CANLF,tr|H2M5R6|H2M5R6_ORYLA
NOX	A0A5F4CEF0	H2M5R6	FP	TN	Family0087148	p0_c0_r1	both_directions	direct_edge	1	1.4708064074080927	13688649	tr|A0A5F4CEF0|A0A5F4CEF0_CANLF,tr|H2M5R6|H2M5R6_ORYLA
NOX	A0A5F4CEF0	H2QTY3	FP	TN	Family0087148	p0_c0_r0	both_directions	direct_edge	1	3.1142403103565828	13688650	tr|A0A5F4CEF0|A0A5F4CEF0_CANLF,tr|H2QTY3|H2QTY3_PANTR
NOX	A0A5F4CEF0	H2QTY3	FP	TN	Family0087148	p0_c0_r1	both_directions	direct_edge	1	3.1142403103565828	13688650	tr|A0A5F4CEF0|A0A5F4CEF0_CANLF,tr|H2QTY3|H2QTY3_PANTR
NOX	A0A5F4CEF0	H2R516	FP	TN	Family0087148	p0_c0_r0	both_directions	direct_edge	1	1.3240739620497357	13688652	tr|A0A5F4CEF0|A0A5F4CEF0_CANLF,tr|H2R516|H2R516_PANTR
NOX	A0A5F4CEF0	H2R516	FP	TN	Family0087148	p0_c0_r1	both_directions	direct_edge	1	1.3240739620497357	13688652	tr|A0A5F4CEF0|A0A5F4CEF0_CANLF,tr|H2R516|H2R516_PANTR
NOX	A0A5F4CEF0	Q672J9	FP	TN	Family0087148	p0_c0_r0	both_directions	direct_edge	1	3.0070345208917115	5340281	tr|A0A5F4CEF0|A0A5F4CEF0_CANLF,sp|Q672J9|NOX3_MOUSE
NOX	A0A5F4CEF0	Q672J9	FP	TN	Family0087148	p0_c0_r1	both_directions	direct_edge	1	3.0070345208917115	5340281	tr|A0A5F4CEF0|A0A5F4CEF0_CANLF,sp|Q672J9|NOX3_MOUSE
NOX	A0A5F4CEF0	Q672K1	FP	TN	Family0087148	p0_c0_r0	both_directions	direct_edge	1	3.0474563759358433	5340388	tr|A0A5F4CEF0|A0A5F4CEF0_CANLF,sp|Q672K1|NOX3_RAT
NOX	A0A5F4CEF0	Q672K1	FP	TN	Family0087148	p0_c0_r1	both_directions	direct_edge	1	3.0474563759358433	5340388	tr|A0A5F4CEF0|A0A5F4CEF0_CANLF,sp|Q672K1|NOX3_RAT
NOX	A0A5F4CEF0	Q8CIZ9	FP	TN	Family0087148	p0_c0_r0	both_directions	direct_edge	1	2.703284630941709	6132814	tr|A0A5F4CEF0|A0A5F4CEF0_CANLF,sp|Q8CIZ9|NOX1_MOUSE
NOX	A0A5F4CEF0	Q8CIZ9	FP	TN	Family0087148	p0_c0_r1	both_directions	direct_edge	1	2.703284630941709	6132814	tr|A0A5F4CEF0|A0A5F4CEF0_CANLF,sp|Q8CIZ9|NOX1_MOUSE
NOX	A0A5F4CEF0	Q924V1	FP	TN	Family0087148	p0_c0_r0	both_directions	direct_edge	1	1.320589556886447	6689870	tr|A0A5F4CEF0|A0A5F4CEF0_CANLF,sp|Q924V1|NOX4_RAT
NOX	A0A5F4CEF0	Q924V1	FP	TN	Family0087148	p0_c0_r1	both_directions	direct_edge	1	1.320589556886447	6689870	tr|A0A5F4CEF0|A0A5F4CEF0_CANLF,sp|Q924V1|NOX4_RAT
NOX	A0A5F4CEF0	Q9HBY0	FP	TN	Family0087148	p0_c0_r0	both_directions	direct_edge	1	3.1406023897331905	7245725	tr|A0A5F4CEF0|A0A5F4CEF0_CANLF,sp|Q9HBY0|NOX3_HUMAN
NOX	A0A5F4CEF0	Q9HBY0	FP	TN	Family0087148	p0_c0_r1	both_directions	direct_edge	1	3.1406023897331905	7245725	tr|A0A5F4CEF0|A0A5F4CEF0_CANLF,sp|Q9HBY0|NOX3_HUMAN
NOX	A0A5F4CEF0	Q9JHI8	FP	TN	Family0087148	p0_c0_r0	both_directions	direct_edge	1	1.2996831259067143	7304866	tr|A0A5F4CEF0|A0A5F4CEF0_CANLF,sp|Q9JHI8|NOX4_MOUSE
NOX	A0A5F4CEF0	Q9JHI8	FP	TN	Family0087148	p0_c0_r1	both_directions	direct_edge	1	1.2996831259067143	7304866	tr|A0A5F4CEF0|A0A5F4CEF0_CANLF,sp|Q9JHI8|NOX4_MOUSE
NOX	A0A5F4CEF0	Q9NPH5	FP	TN	Family0087148	p0_c0_r0	both_directions	direct_edge	1	1.3397537852845351	7495450	tr|A0A5F4CEF0|A0A5F4CEF0_CANLF,sp|Q9NPH5|NOX4_HUMAN
NOX	A0A5F4CEF0	Q9NPH5	FP	TN	Family0087148	p0_c0_r1	both_directions	direct_edge	1	1.3397537852845351	7495450	tr|A0A5F4CEF0|A0A5F4CEF0_CANLF,sp|Q9NPH5|NOX4_HUMAN
NOX	A0A5F4CEF0	Q9WV87	FP	TN	Family0087148	p0_c0_r0	both_directions	direct_edge	1	2.7749867669073973	7962266	tr|A0A5F4CEF0|A0A5F4CEF0_CANLF,sp|Q9WV87|NOX1_RAT
NOX	A0A5F4CEF0	Q9WV87	FP	TN	Family0087148	p0_c0_r1	both_directions	direct_edge	1	2.7749867669073973	7962266	tr|A0A5F4CEF0|A0A5F4CEF0_CANLF,sp|Q9WV87|NOX1_RAT
NOX	A0A5F4CEF0	Q9Y5S8	FP	TN	Family0087148	p0_c0_r0	both_directions	direct_edge	1	2.987696141164181	8050074	tr|A0A5F4CEF0|A0A5F4CEF0_CANLF,sp|Q9Y5S8|NOX1_HUMAN
NOX	A0A5F4CEF0	Q9Y5S8	FP	TN	Family0087148	p0_c0_r1	both_directions	direct_edge	1	2.987696141164181	8050074	tr|A0A5F4CEF0|A0A5F4CEF0_CANLF,sp|Q9Y5S8|NOX1_HUMAN
NOX	A7E3L1	A7RPH5	FP	TN	Family0087148	p0_c0_r0	both_directions	direct_edge	1	1.2340284818522536	16520279	tr|A7E3L1|A7E3L1_CANLF,tr|A7RPH5|A7RPH5_NEMVE
NOX	A7E3L1	A7RPH5	FP	TN	Family0087148	p0_c0_r1	both_directions	direct_edge	1	1.2340284818522536	16520279	tr|A7E3L1|A7E3L1_CANLF,tr|A7RPH5|A7RPH5_NEMVE
NOX	A7E3L1	E1BPJ7	FP	TN	Family0087148	p0_c0_r0	both_directions	direct_edge	1	2.874154135182756	16520291	tr|A7E3L1|A7E3L1_CANLF,tr|E1BPJ7|E1BPJ7_BOVIN
NOX	A7E3L1	E1BPJ7	FP	TN	Family0087148	p0_c0_r1	both_directions	direct_edge	1	2.874154135182756	16520291	tr|A7E3L1|A7E3L1_CANLF,tr|E1BPJ7|E1BPJ7_BOVIN
NOX	A7E3L1	F1MQX5	FP	TN	Family0087148	p0_c0_r0	both_directions	direct_edge	1	1.2996232940055146	16520293	tr|A7E3L1|A7E3L1_CANLF,tr|F1MQX5|F1MQX5_BOVIN
NOX	A7E3L1	F1MQX5	FP	TN	Family0087148	p0_c0_r1	both_directions	direct_edge	1	1.2996232940055146	16520293	tr|A7E3L1|A7E3L1_CANLF,tr|F1MQX5|F1MQX5_BOVIN
NOX	A7E3L1	F6U2X4	FP	TN	Family0087148	p0_c0_r0	both_directions	direct_edge	1	3.075481193478654	16520299	tr|A7E3L1|A7E3L1_CANLF,tr|F6U2X4|F6U2X4_MONDO
NOX	A7E3L1	F6U2X4	FP	TN	Family0087148	p0_c0_r1	both_directions	direct_edge	1	3.075481193478654	16520299	tr|A7E3L1|A7E3L1_CANLF,tr|F6U2X4|F6U2X4_MONDO
NOX	A7E3L1	F6Z703	FP	TN	Family0087148	p0_c0_r0	both_directions	direct_edge	1	1.318838154535166	16520303	tr|A7E3L1|A7E3L1_CANLF,tr|F6Z703|F6Z703_MONDO
NOX	A7E3L1	F6Z703	FP	TN	Family0087148	p0_c0_r1	both_directions	direct_edge	1	1.318838154535166	16520303	tr|A7E3L1|A7E3L1_CANLF,tr|F6Z703|F6Z703_MONDO
NOX	A7E3L1	F7AMC8	FP	TN	Family0087148	p0_c0_r0	both_directions	direct_edge	1	2.8998421666051404	16520304	tr|A7E3L1|A7E3L1_CANLF,tr|F7AMC8|F7AMC8_XENTR
NOX	A7E3L1	F7AMC8	FP	TN	Family0087148	p0_c0_r1	both_directions	direct_edge	1	2.8998421666051404	16520304	tr|A7E3L1|A7E3L1_CANLF,tr|F7AMC8|F7AMC8_XENTR
NOX	A7E3L1	F7CLH6	FP	TN	Family0087148	p0_c0_r0	no_direct_hit	indirect_path	2			tr|A7E3L1|A7E3L1_CANLF,sp|Q8CIZ9|NOX1_MOUSE,tr|F7CLH6|F7CLH6_XENTR
NOX	A7E3L1	F7CLH6	FP	TN	Family0087148	p0_c0_r1	no_direct_hit	indirect_path	2			tr|A7E3L1|A7E3L1_CANLF,sp|Q8CIZ9|NOX1_MOUSE,tr|F7CLH6|F7CLH6_XENTR
NOX	A7E3L1	G3QVH2	FP	TN	Family0087148	p0_c0_r0	both_directions	direct_edge	1	2.916013795046252	16520307	tr|A7E3L1|A7E3L1_CANLF,tr|G3QVH2|G3QVH2_GORGO
NOX	A7E3L1	G3QVH2	FP	TN	Family0087148	p0_c0_r1	both_directions	direct_edge	1	2.916013795046252	16520307	tr|A7E3L1|A7E3L1_CANLF,tr|G3QVH2|G3QVH2_GORGO
NOX	A7E3L1	G3QXY3	FP	TN	Family0087148	p0_c0_r0	both_directions	direct_edge	1	3.189105208276509	16520308	tr|A7E3L1|A7E3L1_CANLF,tr|G3QXY3|G3QXY3_GORGO
NOX	A7E3L1	G3QXY3	FP	TN	Family0087148	p0_c0_r1	both_directions	direct_edge	1	3.189105208276509	16520308	tr|A7E3L1|A7E3L1_CANLF,tr|G3QXY3|G3QXY3_GORGO
NOX	A7E3L1	H2L879	FP	TN	Family0087148	p0_c0_r0	both_directions	direct_edge	1	2.929333193908464	16520311	tr|A7E3L1|A7E3L1_CANLF,tr|H2L879|H2L879_ORYLA
NOX	A7E3L1	H2L879	FP	TN	Family0087148	p0_c0_r1	both_directions	direct_edge	1	2.929333193908464	16520311	tr|A7E3L1|A7E3L1_CANLF,tr|H2L879|H2L879_ORYLA
NOX	A7E3L1	H2M5R6	FP	TN	Family0087148	p0_c0_r0	no_direct_hit	indirect_path	2			tr|A7E3L1|A7E3L1_CANLF,sp|O46522|CY24B_BOVIN,tr|H2M5R6|H2M5R6_ORYLA
NOX	A7E3L1	H2M5R6	FP	TN	Family0087148	p0_c0_r1	no_direct_hit	indirect_path	2			tr|A7E3L1|A7E3L1_CANLF,sp|O46522|CY24B_BOVIN,tr|H2M5R6|H2M5R6_ORYLA
NOX	A7E3L1	H2R4R9	FP	TN	Family0087148	p0_c0_r0	both_directions	direct_edge	1	3.189105208276509	16520313	tr|A7E3L1|A7E3L1_CANLF,tr|H2R4R9|H2R4R9_PANTR
NOX	A7E3L1	H2R4R9	FP	TN	Family0087148	p0_c0_r1	both_directions	direct_edge	1	3.189105208276509	16520313	tr|A7E3L1|A7E3L1_CANLF,tr|H2R4R9|H2R4R9_PANTR
NOX	A7E3L1	H2R516	FP	TN	Family0087148	p0_c0_r0	both_directions	direct_edge	1	1.3048637105136014	16520314	tr|A7E3L1|A7E3L1_CANLF,tr|H2R516|H2R516_PANTR
NOX	A7E3L1	H2R516	FP	TN	Family0087148	p0_c0_r1	both_directions	direct_edge	1	1.3048637105136014	16520314	tr|A7E3L1|A7E3L1_CANLF,tr|H2R516|H2R516_PANTR
NOX	A7E3L1	O46522	FP	TN	Family0087148	p0_c0_r0	both_directions	direct_edge	1	3.1609608710826733	869727	tr|A7E3L1|A7E3L1_CANLF,sp|O46522|CY24B_BOVIN
NOX	A7E3L1	O46522	FP	TN	Family0087148	p0_c0_r1	both_directions	direct_edge	1	3.1609608710826733	869727	tr|A7E3L1|A7E3L1_CANLF,sp|O46522|CY24B_BOVIN
NOX	A7E3L1	P04839	FP	TN	Family0087148	p0_c0_r0	both_directions	direct_edge	1	3.189105208276509	1346764	tr|A7E3L1|A7E3L1_CANLF,sp|P04839|CY24B_HUMAN
NOX	A7E3L1	P04839	FP	TN	Family0087148	p0_c0_r1	both_directions	direct_edge	1	3.189105208276509	1346764	tr|A7E3L1|A7E3L1_CANLF,sp|P04839|CY24B_HUMAN
NOX	A7E3L1	Q505H9	FP	TN	Family0087148	p0_c0_r0	both_directions	direct_edge	1	3.157442828933444	16520327	tr|A7E3L1|A7E3L1_CANLF,tr|Q505H9|Q505H9_XENTR
NOX	A7E3L1	Q505H9	FP	TN	Family0087148	p0_c0_r1	both_directions	direct_edge	1	3.157442828933444	16520327	tr|A7E3L1|A7E3L1_CANLF,tr|Q505H9|Q505H9_XENTR
NOX	A7E3L1	Q61093	FP	TN	Family0087148	p0_c0_r0	both_directions	direct_edge	1	3.171514997530362	5213506	tr|A7E3L1|A7E3L1_CANLF,sp|Q61093|CY24B_MOUSE
NOX	A7E3L1	Q61093	FP	TN	Family0087148	p0_c0_r1	both_directions	direct_edge	1	3.171514997530362	5213506	tr|A7E3L1|A7E3L1_CANLF,sp|Q61093|CY24B_MOUSE
NOX	A7E3L1	Q8CIZ9	FP	TN	Family0087148	p0_c0_r0	both_directions	direct_edge	1	2.798528568101987	6132816	tr|A7E3L1|A7E3L1_CANLF,sp|Q8CIZ9|NOX1_MOUSE
NOX	A7E3L1	Q8CIZ9	FP	TN	Family0087148	p0_c0_r1	both_directions	direct_edge	1	2.798528568101987	6132816	tr|A7E3L1|A7E3L1_CANLF,sp|Q8CIZ9|NOX1_MOUSE
NOX	A7E3L1	Q924V1	FP	TN	Family0087148	p0_c0_r0	both_directions	direct_edge	1	1.2996232940055146	6689871	tr|A7E3L1|A7E3L1_CANLF,sp|Q924V1|NOX4_RAT
NOX	A7E3L1	Q924V1	FP	TN	Family0087148	p0_c0_r1	both_directions	direct_edge	1	1.2996232940055146	6689871	tr|A7E3L1|A7E3L1_CANLF,sp|Q924V1|NOX4_RAT
NOX	A7E3L1	Q9ERL1	FP	TN	Family0087148	p0_c0_r0	both_directions	direct_edge	1	3.1803101029034355	16520333	tr|A7E3L1|A7E3L1_CANLF,tr|Q9ERL1|Q9ERL1_RAT
NOX	A7E3L1	Q9ERL1	FP	TN	Family0087148	p0_c0_r1	both_directions	direct_edge	1	3.1803101029034355	16520333	tr|A7E3L1|A7E3L1_CANLF,tr|Q9ERL1|Q9ERL1_RAT
NOX	A7E3L1	Q9JHI8	FP	TN	Family0087148	p0_c0_r0	both_directions	direct_edge	1	1.2873956554866455	7304867	tr|A7E3L1|A7E3L1_CANLF,sp|Q9JHI8|NOX4_MOUSE
NOX	A7E3L1	Q9JHI8	FP	TN	Family0087148	p0_c0_r1	both_directions	direct_edge	1	1.2873956554866455	7304867	tr|A7E3L1|A7E3L1_CANLF,sp|Q9JHI8|NOX4_MOUSE
NOX	A7E3L1	Q9NPH5	FP	TN	Family0087148	p0_c0_r0	both_directions	direct_edge	1	1.3066105160162969	7495451	tr|A7E3L1|A7E3L1_CANLF,sp|Q9NPH5|NOX4_HUMAN
NOX	A7E3L1	Q9NPH5	FP	TN	Family0087148	p0_c0_r1	both_directions	direct_edge	1	1.3066105160162969	7495451	tr|A7E3L1|A7E3L1_CANLF,sp|Q9NPH5|NOX4_HUMAN
NOX	A7E3L1	Q9WV87	FP	TN	Family0087148	p0_c0_r0	both_directions	direct_edge	1	2.8531152204505172	7962268	tr|A7E3L1|A7E3L1_CANLF,sp|Q9WV87|NOX1_RAT
NOX	A7E3L1	Q9WV87	FP	TN	Family0087148	p0_c0_r1	both_directions	direct_edge	1	2.8531152204505172	7962268	tr|A7E3L1|A7E3L1_CANLF,sp|Q9WV87|NOX1_RAT
NOX	A7E3L1	Q9Y5S8	FP	TN	Family0087148	p0_c0_r0	both_directions	direct_edge	1	2.9248555591306857	8050076	tr|A7E3L1|A7E3L1_CANLF,sp|Q9Y5S8|NOX1_HUMAN
NOX	A7E3L1	Q9Y5S8	FP	TN	Family0087148	p0_c0_r1	both_directions	direct_edge	1	2.9248555591306857	8050076	tr|A7E3L1|A7E3L1_CANLF,sp|Q9Y5S8|NOX1_HUMAN
NOX	A7RPH5	C3XUP1	FP	TN	Family0087148	p0_c0_r0	both_directions	direct_edge	1	1.1961877663928182	16898596	tr|A7RPH5|A7RPH5_NEMVE,tr|C3XUP1|C3XUP1_BRAFL
NOX	A7RPH5	C3XUP1	FP	TN	Family0087148	p0_c0_r1	both_directions	direct_edge	1	1.1961877663928182	16898596	tr|A7RPH5|A7RPH5_NEMVE,tr|C3XUP1|C3XUP1_BRAFL
NOX	A7RPH5	E1BFF3	FP	TN	Family0087148	p0_c0_r0	no_direct_hit	indirect_path	2			tr|A7RPH5|A7RPH5_NEMVE,sp|Q9XYS3|NOXA_DICDI,tr|E1BFF3|E1BFF3_BOVIN
NOX	A7RPH5	E1BFF3	FP	TN	Family0087148	p0_c0_r1	no_direct_hit	indirect_path	2			tr|A7RPH5|A7RPH5_NEMVE,sp|Q9XYS3|NOXA_DICDI,tr|E1BFF3|E1BFF3_BOVIN
NOX	A7RPH5	E1BPJ7	FP	TN	Family0087148	p0_c0_r0	no_direct_hit	indirect_path	2			tr|A7RPH5|A7RPH5_NEMVE,sp|Q9XYS3|NOXA_DICDI,tr|E1BPJ7|E1BPJ7_BOVIN
NOX	A7RPH5	E1BPJ7	FP	TN	Family0087148	p0_c0_r1	no_direct_hit	indirect_path	2			tr|A7RPH5|A7RPH5_NEMVE,sp|Q9XYS3|NOXA_DICDI,tr|E1BPJ7|E1BPJ7_BOVIN
NOX	A7RPH5	F1NVG4	FP	TN	Family0087148	p0_c0_r0	no_direct_hit	indirect_path	2			tr|A7RPH5|A7RPH5_NEMVE,sp|Q924V1|NOX4_RAT,tr|F1NVG4|F1NVG4_CHICK
NOX	A7RPH5	F1NVG4	FP	TN	Family0087148	p0_c0_r1	no_direct_hit	indirect_path	2			tr|A7RPH5|A7RPH5_NEMVE,sp|Q924V1|NOX4_RAT,tr|F1NVG4|F1NVG4_CHICK
NOX	A7RPH5	F1PL03	FP	TN	Family0087148	p0_c0_r0	both_directions	direct_edge	1	1.1845800066590442	16898601	tr|A7RPH5|A7RPH5_NEMVE,tr|F1PL03|F1PL03_CANLF
NOX	A7RPH5	F1PL03	FP	TN	Family0087148	p0_c0_r1	both_directions	direct_edge	1	1.1845800066590442	16898601	tr|A7RPH5|A7RPH5_NEMVE,tr|F1PL03|F1PL03_CANLF
NOX	A7RPH5	F6U2X4	FP	TN	Family0087148	p0_c0_r0	both_directions	direct_edge	1	1.210113799052009	16898604	tr|A7RPH5|A7RPH5_NEMVE,tr|F6U2X4|F6U2X4_MONDO
NOX	A7RPH5	F6U2X4	FP	TN	Family0087148	p0_c0_r1	both_directions	direct_edge	1	1.210113799052009	16898604	tr|A7RPH5|A7RPH5_NEMVE,tr|F6U2X4|F6U2X4_MONDO
NOX	A7RPH5	F7AMC8	FP	TN	Family0087148	p0_c0_r0	no_direct_hit	indirect_path	2			tr|A7RPH5|A7RPH5_NEMVE,sp|Q924V1|NOX4_RAT,tr|F7AMC8|F7AMC8_XENTR
NOX	A7RPH5	F7AMC8	FP	TN	Family0087148	p0_c0_r1	no_direct_hit	indirect_path	2			tr|A7RPH5|A7RPH5_NEMVE,sp|Q924V1|NOX4_RAT,tr|F7AMC8|F7AMC8_XENTR
NOX	A7RPH5	F7ELK5	FP	TN	Family0087148	p0_c0_r0	no_direct_hit	indirect_path	2			tr|A7RPH5|A7RPH5_NEMVE,sp|Q924V1|NOX4_RAT,tr|F7ELK5|F7ELK5_MONDO
NOX	A7RPH5	F7ELK5	FP	TN	Family0087148	p0_c0_r1	no_direct_hit	indirect_path	2			tr|A7RPH5|A7RPH5_NEMVE,sp|Q924V1|NOX4_RAT,tr|F7ELK5|F7ELK5_MONDO
NOX	A7RPH5	G3QVH2	FP	TN	Family0087148	p0_c0_r0	both_directions	direct_edge	1	1.2162156744926684	16898608	tr|A7RPH5|A7RPH5_NEMVE,tr|G3QVH2|G3QVH2_GORGO
NOX	A7RPH5	G3QVH2	FP	TN	Family0087148	p0_c0_r1	both_directions	direct_edge	1	1.2162156744926684	16898608	tr|A7RPH5|A7RPH5_NEMVE,tr|G3QVH2|G3QVH2_GORGO
NOX	A7RPH5	G3QXY3	FP	TN	Family0087148	p0_c0_r0	no_direct_hit	indirect_path	2			tr|A7RPH5|A7RPH5_NEMVE,sp|Q924V1|NOX4_RAT,tr|G3QXY3|G3QXY3_GORGO
NOX	A7RPH5	G3QXY3	FP	TN	Family0087148	p0_c0_r1	no_direct_hit	indirect_path	2			tr|A7RPH5|A7RPH5_NEMVE,sp|Q924V1|NOX4_RAT,tr|G3QXY3|G3QXY3_GORGO
NOX	A7RPH5	G3RI51	FP	TN	Family0087148	p0_c0_r0	no_direct_hit	indirect_path	2			tr|A7RPH5|A7RPH5_NEMVE,sp|Q924V1|NOX4_RAT,tr|G3RI51|G3RI51_GORGO
NOX	A7RPH5	G3RI51	FP	TN	Family0087148	p0_c0_r1	no_direct_hit	indirect_path	2			tr|A7RPH5|A7RPH5_NEMVE,sp|Q924V1|NOX4_RAT,tr|G3RI51|G3RI51_GORGO
NOX	A7RPH5	H2L879	FP	TN	Family0087148	p0_c0_r0	no_direct_hit	indirect_path	2			tr|A7RPH5|A7RPH5_NEMVE,sp|Q9XYS3|NOXA_DICDI,tr|H2L879|H2L879_ORYLA
NOX	A7RPH5	H2L879	FP	TN	Family0087148	p0_c0_r1	no_direct_hit	indirect_path	2			tr|A7RPH5|A7RPH5_NEMVE,sp|Q9XYS3|NOXA_DICDI,tr|H2L879|H2L879_ORYLA
NOX	A7RPH5	H2QTY3	FP	TN	Family0087148	p0_c0_r0	no_direct_hit	indirect_path	2			tr|A7RPH5|A7RPH5_NEMVE,sp|Q924V1|NOX4_RAT,tr|H2QTY3|H2QTY3_PANTR
NOX	A7RPH5	H2QTY3	FP	TN	Family0087148	p0_c0_r1	no_direct_hit	indirect_path	2			tr|A7RPH5|A7RPH5_NEMVE,sp|Q924V1|NOX4_RAT,tr|H2QTY3|H2QTY3_PANTR
NOX	A7RPH5	H2R4R9	FP	TN	Family0087148	p0_c0_r0	no_direct_hit	indirect_path	2			tr|A7RPH5|A7RPH5_NEMVE,sp|Q924V1|NOX4_RAT,tr|H2R4R9|H2R4R9_PANTR
NOX	A7RPH5	H2R4R9	FP	TN	Family0087148	p0_c0_r1	no_direct_hit	indirect_path	2			tr|A7RPH5|A7RPH5_NEMVE,sp|Q924V1|NOX4_RAT,tr|H2R4R9|H2R4R9_PANTR
NOX	A7RPH5	O46522	FP	TN	Family0087148	p0_c0_r0	no_direct_hit	indirect_path	2			tr|A7RPH5|A7RPH5_NEMVE,sp|Q924V1|NOX4_RAT,sp|O46522|CY24B_BOVIN
NOX	A7RPH5	O46522	FP	TN	Family0087148	p0_c0_r1	no_direct_hit	indirect_path	2			tr|A7RPH5|A7RPH5_NEMVE,sp|Q924V1|NOX4_RAT,sp|O46522|CY24B_BOVIN
NOX	A7RPH5	P04839	FP	TN	Family0087148	p0_c0_r0	no_direct_hit	indirect_path	2			tr|A7RPH5|A7RPH5_NEMVE,sp|Q924V1|NOX4_RAT,sp|P04839|CY24B_HUMAN
NOX	A7RPH5	P04839	FP	TN	Family0087148	p0_c0_r1	no_direct_hit	indirect_path	2			tr|A7RPH5|A7RPH5_NEMVE,sp|Q924V1|NOX4_RAT,sp|P04839|CY24B_HUMAN
NOX	A7RPH5	Q505H9	FP	TN	Family0087148	p0_c0_r0	no_direct_hit	indirect_path	2			tr|A7RPH5|A7RPH5_NEMVE,sp|Q924V1|NOX4_RAT,tr|Q505H9|Q505H9_XENTR
NOX	A7RPH5	Q505H9	FP	TN	Family0087148	p0_c0_r1	no_direct_hit	indirect_path	2			tr|A7RPH5|A7RPH5_NEMVE,sp|Q924V1|NOX4_RAT,tr|Q505H9|Q505H9_XENTR
NOX	A7RPH5	Q61093	FP	TN	Family0087148	p0_c0_r0	no_direct_hit	indirect_path	2			tr|A7RPH5|A7RPH5_NEMVE,sp|Q924V1|NOX4_RAT,sp|Q61093|CY24B_MOUSE
NOX	A7RPH5	Q61093	FP	TN	Family0087148	p0_c0_r1	no_direct_hit	indirect_path	2			tr|A7RPH5|A7RPH5_NEMVE,sp|Q924V1|NOX4_RAT,sp|Q61093|CY24B_MOUSE
NOX	A7RPH5	Q672J9	FP	TN	Family0087148	p0_c0_r0	no_direct_hit	indirect_path	2			tr|A7RPH5|A7RPH5_NEMVE,sp|Q924V1|NOX4_RAT,sp|Q672J9|NOX3_MOUSE
NOX	A7RPH5	Q672J9	FP	TN	Family0087148	p0_c0_r1	no_direct_hit	indirect_path	2			tr|A7RPH5|A7RPH5_NEMVE,sp|Q924V1|NOX4_RAT,sp|Q672J9|NOX3_MOUSE
NOX	A7RPH5	Q672K1	FP	TN	Family0087148	p0_c0_r0	no_direct_hit	indirect_path	2			tr|A7RPH5|A7RPH5_NEMVE,sp|Q924V1|NOX4_RAT,sp|Q672K1|NOX3_RAT
NOX	A7RPH5	Q672K1	FP	TN	Family0087148	p0_c0_r1	no_direct_hit	indirect_path	2			tr|A7RPH5|A7RPH5_NEMVE,sp|Q924V1|NOX4_RAT,sp|Q672K1|NOX3_RAT
NOX	A7RPH5	Q8CIZ9	FP	TN	Family0087148	p0_c0_r0	no_direct_hit	indirect_path	2			tr|A7RPH5|A7RPH5_NEMVE,sp|Q924V1|NOX4_RAT,sp|Q8CIZ9|NOX1_MOUSE
NOX	A7RPH5	Q8CIZ9	FP	TN	Family0087148	p0_c0_r1	no_direct_hit	indirect_path	2			tr|A7RPH5|A7RPH5_NEMVE,sp|Q924V1|NOX4_RAT,sp|Q8CIZ9|NOX1_MOUSE
NOX	A7RPH5	Q9ERL1	FP	TN	Family0087148	p0_c0_r0	no_direct_hit	indirect_path	2			tr|A7RPH5|A7RPH5_NEMVE,sp|Q924V1|NOX4_RAT,tr|Q9ERL1|Q9ERL1_RAT
NOX	A7RPH5	Q9ERL1	FP	TN	Family0087148	p0_c0_r1	no_direct_hit	indirect_path	2			tr|A7RPH5|A7RPH5_NEMVE,sp|Q924V1|NOX4_RAT,tr|Q9ERL1|Q9ERL1_RAT
NOX	A7RPH5	Q9HBY0	FP	TN	Family0087148	p0_c0_r0	no_direct_hit	indirect_path	2			tr|A7RPH5|A7RPH5_NEMVE,sp|Q924V1|NOX4_RAT,sp|Q9HBY0|NOX3_HUMAN
NOX	A7RPH5	Q9HBY0	FP	TN	Family0087148	p0_c0_r1	no_direct_hit	indirect_path	2			tr|A7RPH5|A7RPH5_NEMVE,sp|Q924V1|NOX4_RAT,sp|Q9HBY0|NOX3_HUMAN
NOX	A7RPH5	Q9WV87	FP	TN	Family0087148	p0_c0_r0	no_direct_hit	indirect_path	2			tr|A7RPH5|A7RPH5_NEMVE,sp|Q924V1|NOX4_RAT,sp|Q9WV87|NOX1_RAT
NOX	A7RPH5	Q9WV87	FP	TN	Family0087148	p0_c0_r1	no_direct_hit	indirect_path	2			tr|A7RPH5|A7RPH5_NEMVE,sp|Q924V1|NOX4_RAT,sp|Q9WV87|NOX1_RAT
NOX	A7RPH5	Q9Y5S8	FP	TN	Family0087148	p0_c0_r0	both_directions	direct_edge	1	1.2197307486964044	8050079	tr|A7RPH5|A7RPH5_NEMVE,sp|Q9Y5S8|NOX1_HUMAN
NOX	A7RPH5	Q9Y5S8	FP	TN	Family0087148	p0_c0_r1	both_directions	direct_edge	1	1.2197307486964044	8050079	tr|A7RPH5|A7RPH5_NEMVE,sp|Q9Y5S8|NOX1_HUMAN
NOX	A7SCJ4	F1MQX5	FP	TN	Family0087148	p0_c0_r0	no_direct_hit	indirect_path	2			tr|A7SCJ4|A7SCJ4_NEMVE,sp|O46522|CY24B_BOVIN,tr|F1MQX5|F1MQX5_BOVIN
NOX	A7SCJ4	F1MQX5	FP	TN	Family0087148	p0_c0_r1	no_direct_hit	indirect_path	2			tr|A7SCJ4|A7SCJ4_NEMVE,sp|O46522|CY24B_BOVIN,tr|F1MQX5|F1MQX5_BOVIN
NOX	A7SCJ4	F1PSM8	FP	TN	Family0087148	p0_c0_r0	no_direct_hit	indirect_path	2			tr|A7SCJ4|A7SCJ4_NEMVE,tr|A0A2I3RY76|A0A2I3RY76_PANTR,tr|F1PSM8|F1PSM8_CANLF
NOX	A7SCJ4	F1PSM8	FP	TN	Family0087148	p0_c0_r1	no_direct_hit	indirect_path	2			tr|A7SCJ4|A7SCJ4_NEMVE,tr|A0A2I3RY76|A0A2I3RY76_PANTR,tr|F1PSM8|F1PSM8_CANLF
NOX	A7SCJ4	F6Z703	FP	TN	Family0087148	p0_c0_r0	no_direct_hit	indirect_path	2			tr|A7SCJ4|A7SCJ4_NEMVE,sp|O46522|CY24B_BOVIN,tr|F6Z703|F6Z703_MONDO
NOX	A7SCJ4	F6Z703	FP	TN	Family0087148	p0_c0_r1	no_direct_hit	indirect_path	2			tr|A7SCJ4|A7SCJ4_NEMVE,sp|O46522|CY24B_BOVIN,tr|F6Z703|F6Z703_MONDO
NOX	A7SCJ4	F7CLH6	FP	TN	Family0087148	p0_c0_r0	no_direct_hit	indirect_path	2			tr|A7SCJ4|A7SCJ4_NEMVE,sp|Q8CIZ9|NOX1_MOUSE,tr|F7CLH6|F7CLH6_XENTR
NOX	A7SCJ4	F7CLH6	FP	TN	Family0087148	p0_c0_r1	no_direct_hit	indirect_path	2			tr|A7SCJ4|A7SCJ4_NEMVE,sp|Q8CIZ9|NOX1_MOUSE,tr|F7CLH6|F7CLH6_XENTR
NOX	A7SCJ4	H2M5R6	FP	TN	Family0087148	p0_c0_r0	both_directions	direct_edge	1	1.602885337143553	17153192	tr|A7SCJ4|A7SCJ4_NEMVE,tr|H2M5R6|H2M5R6_ORYLA
NOX	A7SCJ4	H2M5R6	FP	TN	Family0087148	p0_c0_r1	both_directions	direct_edge	1	1.602885337143553	17153192	tr|A7SCJ4|A7SCJ4_NEMVE,tr|H2M5R6|H2M5R6_ORYLA
NOX	A7SCJ4	H2R516	FP	TN	Family0087148	p0_c0_r0	no_direct_hit	indirect_path	2			tr|A7SCJ4|A7SCJ4_NEMVE,sp|O46522|CY24B_BOVIN,tr|H2R516|H2R516_PANTR
NOX	A7SCJ4	H2R516	FP	TN	Family0087148	p0_c0_r1	no_direct_hit	indirect_path	2			tr|A7SCJ4|A7SCJ4_NEMVE,sp|O46522|CY24B_BOVIN,tr|H2R516|H2R516_PANTR
NOX	A7SCJ4	Q924V1	FP	TN	Family0087148	p0_c0_r0	no_direct_hit	indirect_path	2			tr|A7SCJ4|A7SCJ4_NEMVE,sp|O46522|CY24B_BOVIN,sp|Q924V1|NOX4_RAT
NOX	A7SCJ4	Q924V1	FP	TN	Family0087148	p0_c0_r1	no_direct_hit	indirect_path	2			tr|A7SCJ4|A7SCJ4_NEMVE,sp|O46522|CY24B_BOVIN,sp|Q924V1|NOX4_RAT
NOX	A7SCJ4	Q9JHI8	FP	TN	Family0087148	p0_c0_r0	no_direct_hit	indirect_path	2			tr|A7SCJ4|A7SCJ4_NEMVE,sp|O46522|CY24B_BOVIN,sp|Q9JHI8|NOX4_MOUSE
NOX	A7SCJ4	Q9JHI8	FP	TN	Family0087148	p0_c0_r1	no_direct_hit	indirect_path	2			tr|A7SCJ4|A7SCJ4_NEMVE,sp|O46522|CY24B_BOVIN,sp|Q9JHI8|NOX4_MOUSE
NOX	A7SCJ4	Q9NPH5	FP	TN	Family0087148	p0_c0_r0	no_direct_hit	indirect_path	2			tr|A7SCJ4|A7SCJ4_NEMVE,sp|O46522|CY24B_BOVIN,sp|Q9NPH5|NOX4_HUMAN
NOX	A7SCJ4	Q9NPH5	FP	TN	Family0087148	p0_c0_r1	no_direct_hit	indirect_path	2			tr|A7SCJ4|A7SCJ4_NEMVE,sp|O46522|CY24B_BOVIN,sp|Q9NPH5|NOX4_HUMAN
NOX	A7SD95	F1MQX5	FP	TN	Family0087148	p0_c0_r0	both_directions	direct_edge	1	1.2217875171466577	17165731	tr|A7SD95|A7SD95_NEMVE,tr|F1MQX5|F1MQX5_BOVIN
NOX	A7SD95	F1MQX5	FP	TN	Family0087148	p0_c0_r1	both_directions	direct_edge	1	1.2217875171466577	17165731	tr|A7SD95|A7SD95_NEMVE,tr|F1MQX5|F1MQX5_BOVIN
NOX	A7SD95	F1PSM8	FP	TN	Family0087148	p0_c0_r0	no_direct_hit	indirect_path	2			tr|A7SD95|A7SD95_NEMVE,sp|Q924V1|NOX4_RAT,tr|F1PSM8|F1PSM8_CANLF
NOX	A7SD95	F1PSM8	FP	TN	Family0087148	p0_c0_r1	no_direct_hit	indirect_path	2			tr|A7SD95|A7SD95_NEMVE,sp|Q924V1|NOX4_RAT,tr|F1PSM8|F1PSM8_CANLF
NOX	A7SD95	F6Z703	FP	TN	Family0087148	p0_c0_r0	both_directions	direct_edge	1	1.220021928249047	17165741	tr|A7SD95|A7SD95_NEMVE,tr|F6Z703|F6Z703_MONDO
NOX	A7SD95	F6Z703	FP	TN	Family0087148	p0_c0_r1	both_directions	direct_edge	1	1.220021928249047	17165741	tr|A7SD95|A7SD95_NEMVE,tr|F6Z703|F6Z703_MONDO
NOX	A7SD95	F7CLH6	FP	TN	Family0087148	p0_c0_r0	both_directions	direct_edge	1	1.179618978694884	17165743	tr|A7SD95|A7SD95_NEMVE,tr|F7CLH6|F7CLH6_XENTR
NOX	A7SD95	F7CLH6	FP	TN	Family0087148	p0_c0_r1	both_directions	direct_edge	1	1.179618978694884	17165743	tr|A7SD95|A7SD95_NEMVE,tr|F7CLH6|F7CLH6_XENTR
NOX	A7SD95	H2M5R6	FP	TN	Family0087148	p0_c0_r0	both_directions	direct_edge	1	1.4131418865684748	17165751	tr|A7SD95|A7SD95_NEMVE,tr|H2M5R6|H2M5R6_ORYLA
NOX	A7SD95	H2M5R6	FP	TN	Family0087148	p0_c0_r1	both_directions	direct_edge	1	1.4131418865684748	17165751	tr|A7SD95|A7SD95_NEMVE,tr|H2M5R6|H2M5R6_ORYLA
NOX	A7SD95	H2R516	FP	TN	Family0087148	p0_c0_r0	both_directions	direct_edge	1	1.211193983760993	17165754	tr|A7SD95|A7SD95_NEMVE,tr|H2R516|H2R516_PANTR
NOX	A7SD95	H2R516	FP	TN	Family0087148	p0_c0_r1	both_directions	direct_edge	1	1.211193983760993	17165754	tr|A7SD95|A7SD95_NEMVE,tr|H2R516|H2R516_PANTR
NOX	A7SD95	Q924V1	FP	TN	Family0087148	p0_c0_r0	both_directions	direct_edge	1	1.179413383603999	6689874	tr|A7SD95|A7SD95_NEMVE,sp|Q924V1|NOX4_RAT
NOX	A7SD95	Q924V1	FP	TN	Family0087148	p0_c0_r1	both_directions	direct_edge	1	1.179413383603999	6689874	tr|A7SD95|A7SD95_NEMVE,sp|Q924V1|NOX4_RAT
NOX	A7SD95	Q9JHI8	FP	TN	Family0087148	p0_c0_r0	both_directions	direct_edge	1	1.195303683682496	7304870	tr|A7SD95|A7SD95_NEMVE,sp|Q9JHI8|NOX4_MOUSE
NOX	A7SD95	Q9JHI8	FP	TN	Family0087148	p0_c0_r1	both_directions	direct_edge	1	1.195303683682496	7304870	tr|A7SD95|A7SD95_NEMVE,sp|Q9JHI8|NOX4_MOUSE
NOX	A7SD95	Q9NPH5	FP	TN	Family0087148	p0_c0_r0	both_directions	direct_edge	1	1.228849872737101	7495454	tr|A7SD95|A7SD95_NEMVE,sp|Q9NPH5|NOX4_HUMAN
NOX	A7SD95	Q9NPH5	FP	TN	Family0087148	p0_c0_r1	both_directions	direct_edge	1	1.228849872737101	7495454	tr|A7SD95|A7SD95_NEMVE,sp|Q9NPH5|NOX4_HUMAN
NOX	C3XUP1	F1MQX5	FP	TN	Family0087148	p0_c0_r0	no_direct_hit	indirect_path	2			tr|C3XUP1|C3XUP1_BRAFL,sp|O46522|CY24B_BOVIN,tr|F1MQX5|F1MQX5_BOVIN
NOX	C3XUP1	F1MQX5	FP	TN	Family0087148	p0_c0_r1	no_direct_hit	indirect_path	2			tr|C3XUP1|C3XUP1_BRAFL,sp|O46522|CY24B_BOVIN,tr|F1MQX5|F1MQX5_BOVIN
NOX	C3XUP1	F1PSM8	FP	TN	Family0087148	p0_c0_r0	no_direct_hit	indirect_path	2			tr|C3XUP1|C3XUP1_BRAFL,tr|A0A2R8QS53|A0A2R8QS53_DANRE,tr|F1PSM8|F1PSM8_CANLF
NOX	C3XUP1	F1PSM8	FP	TN	Family0087148	p0_c0_r1	no_direct_hit	indirect_path	2			tr|C3XUP1|C3XUP1_BRAFL,tr|A0A2R8QS53|A0A2R8QS53_DANRE,tr|F1PSM8|F1PSM8_CANLF
NOX	C3XUP1	F6Z703	FP	TN	Family0087148	p0_c0_r0	no_direct_hit	indirect_path	2			tr|C3XUP1|C3XUP1_BRAFL,sp|O46522|CY24B_BOVIN,tr|F6Z703|F6Z703_MONDO
NOX	C3XUP1	F6Z703	FP	TN	Family0087148	p0_c0_r1	no_direct_hit	indirect_path	2			tr|C3XUP1|C3XUP1_BRAFL,sp|O46522|CY24B_BOVIN,tr|F6Z703|F6Z703_MONDO
NOX	C3XUP1	F7CLH6	FP	TN	Family0087148	p0_c0_r0	no_direct_hit	indirect_path	2			tr|C3XUP1|C3XUP1_BRAFL,sp|Q8CIZ9|NOX1_MOUSE,tr|F7CLH6|F7CLH6_XENTR
NOX	C3XUP1	F7CLH6	FP	TN	Family0087148	p0_c0_r1	no_direct_hit	indirect_path	2			tr|C3XUP1|C3XUP1_BRAFL,sp|Q8CIZ9|NOX1_MOUSE,tr|F7CLH6|F7CLH6_XENTR
NOX	C3XUP1	H2M5R6	FP	TN	Family0087148	p0_c0_r0	both_directions	direct_edge	1	1.5452643707645966	19241854	tr|C3XUP1|C3XUP1_BRAFL,tr|H2M5R6|H2M5R6_ORYLA
NOX	C3XUP1	H2M5R6	FP	TN	Family0087148	p0_c0_r1	both_directions	direct_edge	1	1.5452643707645966	19241854	tr|C3XUP1|C3XUP1_BRAFL,tr|H2M5R6|H2M5R6_ORYLA
NOX	C3XUP1	H2R516	FP	TN	Family0087148	p0_c0_r0	no_direct_hit	indirect_path	2			tr|C3XUP1|C3XUP1_BRAFL,sp|O46522|CY24B_BOVIN,tr|H2R516|H2R516_PANTR
NOX	C3XUP1	H2R516	FP	TN	Family0087148	p0_c0_r1	no_direct_hit	indirect_path	2			tr|C3XUP1|C3XUP1_BRAFL,sp|O46522|CY24B_BOVIN,tr|H2R516|H2R516_PANTR
NOX	C3XUP1	Q924V1	FP	TN	Family0087148	p0_c0_r0	no_direct_hit	indirect_path	2			tr|C3XUP1|C3XUP1_BRAFL,sp|O46522|CY24B_BOVIN,sp|Q924V1|NOX4_RAT
NOX	C3XUP1	Q924V1	FP	TN	Family0087148	p0_c0_r1	no_direct_hit	indirect_path	2			tr|C3XUP1|C3XUP1_BRAFL,sp|O46522|CY24B_BOVIN,sp|Q924V1|NOX4_RAT
NOX	C3XUP1	Q9JHI8	FP	TN	Family0087148	p0_c0_r0	no_direct_hit	indirect_path	2			tr|C3XUP1|C3XUP1_BRAFL,sp|O46522|CY24B_BOVIN,sp|Q9JHI8|NOX4_MOUSE
NOX	C3XUP1	Q9JHI8	FP	TN	Family0087148	p0_c0_r1	no_direct_hit	indirect_path	2			tr|C3XUP1|C3XUP1_BRAFL,sp|O46522|CY24B_BOVIN,sp|Q9JHI8|NOX4_MOUSE
NOX	C3XUP1	Q9NPH5	FP	TN	Family0087148	p0_c0_r0	no_direct_hit	indirect_path	2			tr|C3XUP1|C3XUP1_BRAFL,sp|O46522|CY24B_BOVIN,sp|Q9NPH5|NOX4_HUMAN
NOX	C3XUP1	Q9NPH5	FP	TN	Family0087148	p0_c0_r1	no_direct_hit	indirect_path	2			tr|C3XUP1|C3XUP1_BRAFL,sp|O46522|CY24B_BOVIN,sp|Q9NPH5|NOX4_HUMAN
NOX	E1BFF3	F1PL03	FP	TN	Family0087148	p0_c0_r0	both_directions	direct_edge	1	2.844252242547529	20699479	tr|E1BFF3|E1BFF3_BOVIN,tr|F1PL03|F1PL03_CANLF
NOX	E1BFF3	F1PL03	FP	TN	Family0087148	p0_c0_r1	both_directions	direct_edge	1	2.844252242547529	20699479	tr|E1BFF3|E1BFF3_BOVIN,tr|F1PL03|F1PL03_CANLF
NOX	E1BFF3	F1PSM8	FP	TN	Family0087148	p0_c0_r0	no_direct_hit	indirect_path	2			tr|E1BFF3|E1BFF3_BOVIN,tr|H2M5R6|H2M5R6_ORYLA,tr|F1PSM8|F1PSM8_CANLF
NOX	E1BFF3	F1PSM8	FP	TN	Family0087148	p0_c0_r1	no_direct_hit	indirect_path	2			tr|E1BFF3|E1BFF3_BOVIN,tr|H2M5R6|H2M5R6_ORYLA,tr|F1PSM8|F1PSM8_CANLF
NOX	E1BFF3	F6U2X4	FP	TN	Family0087148	p0_c0_r0	both_directions	direct_edge	1	3.0746849318650886	20699484	tr|E1BFF3|E1BFF3_BOVIN,tr|F6U2X4|F6U2X4_MONDO
NOX	E1BFF3	F6U2X4	FP	TN	Family0087148	p0_c0_r1	both_directions	direct_edge	1	3.0746849318650886	20699484	tr|E1BFF3|E1BFF3_BOVIN,tr|F6U2X4|F6U2X4_MONDO
NOX	E1BFF3	F6Z703	FP	TN	Family0087148	p0_c0_r0	no_direct_hit	indirect_path	2			tr|E1BFF3|E1BFF3_BOVIN,sp|O46522|CY24B_BOVIN,tr|F6Z703|F6Z703_MONDO
NOX	E1BFF3	F6Z703	FP	TN	Family0087148	p0_c0_r1	no_direct_hit	indirect_path	2			tr|E1BFF3|E1BFF3_BOVIN,sp|O46522|CY24B_BOVIN,tr|F6Z703|F6Z703_MONDO
NOX	E1BFF3	F7AMC8	FP	TN	Family0087148	p0_c0_r0	both_directions	direct_edge	1	2.8777762866973884	20699488	tr|E1BFF3|E1BFF3_BOVIN,tr|F7AMC8|F7AMC8_XENTR
NOX	E1BFF3	F7AMC8	FP	TN	Family0087148	p0_c0_r1	both_directions	direct_edge	1	2.8777762866973884	20699488	tr|E1BFF3|E1BFF3_BOVIN,tr|F7AMC8|F7AMC8_XENTR
NOX	E1BFF3	F7CLH6	FP	TN	Family0087148	p0_c0_r0	no_direct_hit	indirect_path	2			tr|E1BFF3|E1BFF3_BOVIN,sp|Q8CIZ9|NOX1_MOUSE,tr|F7CLH6|F7CLH6_XENTR
NOX	E1BFF3	F7CLH6	FP	TN	Family0087148	p0_c0_r1	no_direct_hit	indirect_path	2			tr|E1BFF3|E1BFF3_BOVIN,sp|Q8CIZ9|NOX1_MOUSE,tr|F7CLH6|F7CLH6_XENTR
NOX	E1BFF3	G3QVH2	FP	TN	Family0087148	p0_c0_r0	both_directions	direct_edge	1	2.874340785250272	20699491	tr|E1BFF3|E1BFF3_BOVIN,tr|G3QVH2|G3QVH2_GORGO
NOX	E1BFF3	G3QVH2	FP	TN	Family0087148	p0_c0_r1	both_directions	direct_edge	1	2.874340785250272	20699491	tr|E1BFF3|E1BFF3_BOVIN,tr|G3QVH2|G3QVH2_GORGO
NOX	E1BFF3	G3QXY3	FP	TN	Family0087148	p0_c0_r0	both_directions	direct_edge	1	3.1602308584646766	20699492	tr|E1BFF3|E1BFF3_BOVIN,tr|G3QXY3|G3QXY3_GORGO
NOX	E1BFF3	G3QXY3	FP	TN	Family0087148	p0_c0_r1	both_directions	direct_edge	1	3.1602308584646766	20699492	tr|E1BFF3|E1BFF3_BOVIN,tr|G3QXY3|G3QXY3_GORGO
NOX	E1BFF3	H2L879	FP	TN	Family0087148	p0_c0_r0	both_directions	direct_edge	1	2.8824060780490655	20699495	tr|E1BFF3|E1BFF3_BOVIN,tr|H2L879|H2L879_ORYLA
NOX	E1BFF3	H2L879	FP	TN	Family0087148	p0_c0_r1	both_directions	direct_edge	1	2.8824060780490655	20699495	tr|E1BFF3|E1BFF3_BOVIN,tr|H2L879|H2L879_ORYLA
NOX	E1BFF3	H2M5R6	FP	TN	Family0087148	p0_c0_r0	both_directions	direct_edge	1	1.4724292491798732	20699497	tr|E1BFF3|E1BFF3_BOVIN,tr|H2M5R6|H2M5R6_ORYLA
NOX	E1BFF3	H2M5R6	FP	TN	Family0087148	p0_c0_r1	both_directions	direct_edge	1	1.4724292491798732	20699497	tr|E1BFF3|E1BFF3_BOVIN,tr|H2M5R6|H2M5R6_ORYLA
NOX	E1BFF3	H2R4R9	FP	TN	Family0087148	p0_c0_r0	both_directions	direct_edge	1	3.1602308584646766	20699499	tr|E1BFF3|E1BFF3_BOVIN,tr|H2R4R9|H2R4R9_PANTR
NOX	E1BFF3	H2R4R9	FP	TN	Family0087148	p0_c0_r1	both_directions	direct_edge	1	3.1602308584646766	20699499	tr|E1BFF3|E1BFF3_BOVIN,tr|H2R4R9|H2R4R9_PANTR
NOX	E1BFF3	H2R516	FP	TN	Family0087148	p0_c0_r0	no_direct_hit	indirect_path	2			tr|E1BFF3|E1BFF3_BOVIN,sp|O46522|CY24B_BOVIN,tr|H2R516|H2R516_PANTR
NOX	E1BFF3	H2R516	FP	TN	Family0087148	p0_c0_r1	no_direct_hit	indirect_path	2			tr|E1BFF3|E1BFF3_BOVIN,sp|O46522|CY24B_BOVIN,tr|H2R516|H2R516_PANTR
NOX	E1BFF3	P04839	FP	TN	Family0087148	p0_c0_r0	both_directions	direct_edge	1	3.1602308584646766	1346776	tr|E1BFF3|E1BFF3_BOVIN,sp|P04839|CY24B_HUMAN
NOX	E1BFF3	P04839	FP	TN	Family0087148	p0_c0_r1	both_directions	direct_edge	1	3.1602308584646766	1346776	tr|E1BFF3|E1BFF3_BOVIN,sp|P04839|CY24B_HUMAN
NOX	E1BFF3	Q505H9	FP	TN	Family0087148	p0_c0_r0	both_directions	direct_edge	1	3.1338222440485373	20699510	tr|E1BFF3|E1BFF3_BOVIN,tr|Q505H9|Q505H9_XENTR
NOX	E1BFF3	Q505H9	FP	TN	Family0087148	p0_c0_r1	both_directions	direct_edge	1	3.1338222440485373	20699510	tr|E1BFF3|E1BFF3_BOVIN,tr|Q505H9|Q505H9_XENTR
NOX	E1BFF3	Q61093	FP	TN	Family0087148	p0_c0_r0	both_directions	direct_edge	1	3.1655125813479046	5213518	tr|E1BFF3|E1BFF3_BOVIN,sp|Q61093|CY24B_MOUSE
NOX	E1BFF3	Q61093	FP	TN	Family0087148	p0_c0_r1	both_directions	direct_edge	1	3.1655125813479046	5213518	tr|E1BFF3|E1BFF3_BOVIN,sp|Q61093|CY24B_MOUSE
NOX	E1BFF3	Q8CIZ9	FP	TN	Family0087148	p0_c0_r0	both_directions	direct_edge	1	2.757774371852796	6132824	tr|E1BFF3|E1BFF3_BOVIN,sp|Q8CIZ9|NOX1_MOUSE
NOX	E1BFF3	Q8CIZ9	FP	TN	Family0087148	p0_c0_r1	both_directions	direct_edge	1	2.757774371852796	6132824	tr|E1BFF3|E1BFF3_BOVIN,sp|Q8CIZ9|NOX1_MOUSE
NOX	E1BFF3	Q924V1	FP	TN	Family0087148	p0_c0_r0	no_direct_hit	indirect_path	2			tr|E1BFF3|E1BFF3_BOVIN,sp|O46522|CY24B_BOVIN,sp|Q924V1|NOX4_RAT
NOX	E1BFF3	Q924V1	FP	TN	Family0087148	p0_c0_r1	no_direct_hit	indirect_path	2			tr|E1BFF3|E1BFF3_BOVIN,sp|O46522|CY24B_BOVIN,sp|Q924V1|NOX4_RAT
NOX	E1BFF3	Q9ERL1	FP	TN	Family0087148	p0_c0_r0	both_directions	direct_edge	1	3.1602308584646766	20699512	tr|E1BFF3|E1BFF3_BOVIN,tr|Q9ERL1|Q9ERL1_RAT
NOX	E1BFF3	Q9ERL1	FP	TN	Family0087148	p0_c0_r1	both_directions	direct_edge	1	3.1602308584646766	20699512	tr|E1BFF3|E1BFF3_BOVIN,tr|Q9ERL1|Q9ERL1_RAT
NOX	E1BFF3	Q9JHI8	FP	TN	Family0087148	p0_c0_r0	no_direct_hit	indirect_path	2			tr|E1BFF3|E1BFF3_BOVIN,sp|O46522|CY24B_BOVIN,sp|Q9JHI8|NOX4_MOUSE
NOX	E1BFF3	Q9JHI8	FP	TN	Family0087148	p0_c0_r1	no_direct_hit	indirect_path	2			tr|E1BFF3|E1BFF3_BOVIN,sp|O46522|CY24B_BOVIN,sp|Q9JHI8|NOX4_MOUSE
NOX	E1BFF3	Q9NPH5	FP	TN	Family0087148	p0_c0_r0	no_direct_hit	indirect_path	2			tr|E1BFF3|E1BFF3_BOVIN,sp|O46522|CY24B_BOVIN,sp|Q9NPH5|NOX4_HUMAN
NOX	E1BFF3	Q9NPH5	FP	TN	Family0087148	p0_c0_r1	no_direct_hit	indirect_path	2			tr|E1BFF3|E1BFF3_BOVIN,sp|O46522|CY24B_BOVIN,sp|Q9NPH5|NOX4_HUMAN
NOX	E1BFF3	Q9WV87	FP	TN	Family0087148	p0_c0_r0	both_directions	direct_edge	1	2.804261450242697	7962277	tr|E1BFF3|E1BFF3_BOVIN,sp|Q9WV87|NOX1_RAT
NOX	E1BFF3	Q9WV87	FP	TN	Family0087148	p0_c0_r1	both_directions	direct_edge	1	2.804261450242697	7962277	tr|E1BFF3|E1BFF3_BOVIN,sp|Q9WV87|NOX1_RAT
NOX	E1BFF3	Q9Y5S8	FP	TN	Family0087148	p0_c0_r0	both_directions	direct_edge	1	2.879650528080168	8050090	tr|E1BFF3|E1BFF3_BOVIN,sp|Q9Y5S8|NOX1_HUMAN
NOX	E1BFF3	Q9Y5S8	FP	TN	Family0087148	p0_c0_r1	both_directions	direct_edge	1	2.879650528080168	8050090	tr|E1BFF3|E1BFF3_BOVIN,sp|Q9Y5S8|NOX1_HUMAN
NOX	E1BPJ7	F1NVG4	FP	TN	Family0087148	p0_c0_r0	both_directions	direct_edge	1	2.8787090083000098	20758063	tr|E1BPJ7|E1BPJ7_BOVIN,tr|F1NVG4|F1NVG4_CHICK
NOX	E1BPJ7	F1NVG4	FP	TN	Family0087148	p0_c0_r1	both_directions	direct_edge	1	2.8787090083000098	20758063	tr|E1BPJ7|E1BPJ7_BOVIN,tr|F1NVG4|F1NVG4_CHICK
NOX	E1BPJ7	F1PSM8	FP	TN	Family0087148	p0_c0_r0	no_direct_hit	indirect_path	2			tr|E1BPJ7|E1BPJ7_BOVIN,tr|T1FYK3|T1FYK3_HELRO,tr|F1PSM8|F1PSM8_CANLF
NOX	E1BPJ7	F1PSM8	FP	TN	Family0087148	p0_c0_r1	no_direct_hit	indirect_path	2			tr|E1BPJ7|E1BPJ7_BOVIN,tr|T1FYK3|T1FYK3_HELRO,tr|F1PSM8|F1PSM8_CANLF
NOX	E1BPJ7	F6U2X4	FP	TN	Family0087148	p0_c0_r0	both_directions	direct_edge	1	2.8837593482871635	20758068	tr|E1BPJ7|E1BPJ7_BOVIN,tr|F6U2X4|F6U2X4_MONDO
NOX	E1BPJ7	F6U2X4	FP	TN	Family0087148	p0_c0_r1	both_directions	direct_edge	1	2.8837593482871635	20758068	tr|E1BPJ7|E1BPJ7_BOVIN,tr|F6U2X4|F6U2X4_MONDO
NOX	E1BPJ7	F6Z703	FP	TN	Family0087148	p0_c0_r0	no_direct_hit	indirect_path	2			tr|E1BPJ7|E1BPJ7_BOVIN,sp|O46522|CY24B_BOVIN,tr|F6Z703|F6Z703_MONDO
NOX	E1BPJ7	F6Z703	FP	TN	Family0087148	p0_c0_r1	no_direct_hit	indirect_path	2			tr|E1BPJ7|E1BPJ7_BOVIN,sp|O46522|CY24B_BOVIN,tr|F6Z703|F6Z703_MONDO
NOX	E1BPJ7	F7CLH6	FP	TN	Family0087148	p0_c0_r0	no_direct_hit	indirect_path	2			tr|E1BPJ7|E1BPJ7_BOVIN,sp|Q8CIZ9|NOX1_MOUSE,tr|F7CLH6|F7CLH6_XENTR
NOX	E1BPJ7	F7CLH6	FP	TN	Family0087148	p0_c0_r1	no_direct_hit	indirect_path	2			tr|E1BPJ7|E1BPJ7_BOVIN,sp|Q8CIZ9|NOX1_MOUSE,tr|F7CLH6|F7CLH6_XENTR
NOX	E1BPJ7	F7ELK5	FP	TN	Family0087148	p0_c0_r0	both_directions	direct_edge	1	2.8007624259214245	20758073	tr|E1BPJ7|E1BPJ7_BOVIN,tr|F7ELK5|F7ELK5_MONDO
NOX	E1BPJ7	F7ELK5	FP	TN	Family0087148	p0_c0_r1	both_directions	direct_edge	1	2.8007624259214245	20758073	tr|E1BPJ7|E1BPJ7_BOVIN,tr|F7ELK5|F7ELK5_MONDO
NOX	E1BPJ7	G3QXY3	FP	TN	Family0087148	p0_c0_r0	both_directions	direct_edge	1	2.9408535019848143	20758076	tr|E1BPJ7|E1BPJ7_BOVIN,tr|G3QXY3|G3QXY3_GORGO
NOX	E1BPJ7	G3QXY3	FP	TN	Family0087148	p0_c0_r1	both_directions	direct_edge	1	2.9408535019848143	20758076	tr|E1BPJ7|E1BPJ7_BOVIN,tr|G3QXY3|G3QXY3_GORGO
NOX	E1BPJ7	G3RI51	FP	TN	Family0087148	p0_c0_r0	both_directions	direct_edge	1	2.8787090083000098	20758078	tr|E1BPJ7|E1BPJ7_BOVIN,tr|G3RI51|G3RI51_GORGO
NOX	E1BPJ7	G3RI51	FP	TN	Family0087148	p0_c0_r1	both_directions	direct_edge	1	2.8787090083000098	20758078	tr|E1BPJ7|E1BPJ7_BOVIN,tr|G3RI51|G3RI51_GORGO
NOX	E1BPJ7	H2L879	FP	TN	Family0087148	p0_c0_r0	both_directions	direct_edge	1	2.9431802049379616	20758079	tr|E1BPJ7|E1BPJ7_BOVIN,tr|H2L879|H2L879_ORYLA
NOX	E1BPJ7	H2L879	FP	TN	Family0087148	p0_c0_r1	both_directions	direct_edge	1	2.9431802049379616	20758079	tr|E1BPJ7|E1BPJ7_BOVIN,tr|H2L879|H2L879_ORYLA
NOX	E1BPJ7	H2M5R6	FP	TN	Family0087148	p0_c0_r0	no_direct_hit	indirect_path	2			tr|E1BPJ7|E1BPJ7_BOVIN,sp|O46522|CY24B_BOVIN,tr|H2M5R6|H2M5R6_ORYLA
NOX	E1BPJ7	H2M5R6	FP	TN	Family0087148	p0_c0_r1	no_direct_hit	indirect_path	2			tr|E1BPJ7|E1BPJ7_BOVIN,sp|O46522|CY24B_BOVIN,tr|H2M5R6|H2M5R6_ORYLA
NOX	E1BPJ7	H2QTY3	FP	TN	Family0087148	p0_c0_r0	both_directions	direct_edge	1	2.8822520347717635	20758080	tr|E1BPJ7|E1BPJ7_BOVIN,tr|H2QTY3|H2QTY3_PANTR
NOX	E1BPJ7	H2QTY3	FP	TN	Family0087148	p0_c0_r1	both_directions	direct_edge	1	2.8822520347717635	20758080	tr|E1BPJ7|E1BPJ7_BOVIN,tr|H2QTY3|H2QTY3_PANTR
NOX	E1BPJ7	H2R4R9	FP	TN	Family0087148	p0_c0_r0	both_directions	direct_edge	1	2.9408535019848143	20758081	tr|E1BPJ7|E1BPJ7_BOVIN,tr|H2R4R9|H2R4R9_PANTR
NOX	E1BPJ7	H2R4R9	FP	TN	Family0087148	p0_c0_r1	both_directions	direct_edge	1	2.9408535019848143	20758081	tr|E1BPJ7|E1BPJ7_BOVIN,tr|H2R4R9|H2R4R9_PANTR
NOX	E1BPJ7	H2R516	FP	TN	Family0087148	p0_c0_r0	no_direct_hit	indirect_path	2			tr|E1BPJ7|E1BPJ7_BOVIN,sp|O46522|CY24B_BOVIN,tr|H2R516|H2R516_PANTR
NOX	E1BPJ7	H2R516	FP	TN	Family0087148	p0_c0_r1	no_direct_hit	indirect_path	2			tr|E1BPJ7|E1BPJ7_BOVIN,sp|O46522|CY24B_BOVIN,tr|H2R516|H2R516_PANTR
NOX	E1BPJ7	P04839	FP	TN	Family0087148	p0_c0_r0	both_directions	direct_edge	1	2.9408535019848143	1346777	tr|E1BPJ7|E1BPJ7_BOVIN,sp|P04839|CY24B_HUMAN
NOX	E1BPJ7	P04839	FP	TN	Family0087148	p0_c0_r1	both_directions	direct_edge	1	2.9408535019848143	1346777	tr|E1BPJ7|E1BPJ7_BOVIN,sp|P04839|CY24B_HUMAN
NOX	E1BPJ7	Q505H9	FP	TN	Family0087148	p0_c0_r0	both_directions	direct_edge	1	3.0080528002863316	20758096	tr|E1BPJ7|E1BPJ7_BOVIN,tr|Q505H9|Q505H9_XENTR
NOX	E1BPJ7	Q505H9	FP	TN	Family0087148	p0_c0_r1	both_directions	direct_edge	1	3.0080528002863316	20758096	tr|E1BPJ7|E1BPJ7_BOVIN,tr|Q505H9|Q505H9_XENTR
NOX	E1BPJ7	Q61093	FP	TN	Family0087148	p0_c0_r0	both_directions	direct_edge	1	2.9479271123323425	5213519	tr|E1BPJ7|E1BPJ7_BOVIN,sp|Q61093|CY24B_MOUSE
NOX	E1BPJ7	Q61093	FP	TN	Family0087148	p0_c0_r1	both_directions	direct_edge	1	2.9479271123323425	5213519	tr|E1BPJ7|E1BPJ7_BOVIN,sp|Q61093|CY24B_MOUSE
NOX	E1BPJ7	Q672J9	FP	TN	Family0087148	p0_c0_r0	both_directions	direct_edge	1	2.740530975901609	5340295	tr|E1BPJ7|E1BPJ7_BOVIN,sp|Q672J9|NOX3_MOUSE
NOX	E1BPJ7	Q672J9	FP	TN	Family0087148	p0_c0_r1	both_directions	direct_edge	1	2.740530975901609	5340295	tr|E1BPJ7|E1BPJ7_BOVIN,sp|Q672J9|NOX3_MOUSE
NOX	E1BPJ7	Q672K1	FP	TN	Family0087148	p0_c0_r0	both_directions	direct_edge	1	2.770646700911517	5340402	tr|E1BPJ7|E1BPJ7_BOVIN,sp|Q672K1|NOX3_RAT
NOX	E1BPJ7	Q672K1	FP	TN	Family0087148	p0_c0_r1	both_directions	direct_edge	1	2.770646700911517	5340402	tr|E1BPJ7|E1BPJ7_BOVIN,sp|Q672K1|NOX3_RAT
NOX	E1BPJ7	Q924V1	FP	TN	Family0087148	p0_c0_r0	no_direct_hit	indirect_path	2			tr|E1BPJ7|E1BPJ7_BOVIN,sp|O46522|CY24B_BOVIN,sp|Q924V1|NOX4_RAT
NOX	E1BPJ7	Q924V1	FP	TN	Family0087148	p0_c0_r1	no_direct_hit	indirect_path	2			tr|E1BPJ7|E1BPJ7_BOVIN,sp|O46522|CY24B_BOVIN,sp|Q924V1|NOX4_RAT
NOX	E1BPJ7	Q9ERL1	FP	TN	Family0087148	p0_c0_r0	both_directions	direct_edge	1	2.9585375278536348	20758103	tr|E1BPJ7|E1BPJ7_BOVIN,tr|Q9ERL1|Q9ERL1_RAT
NOX	E1BPJ7	Q9ERL1	FP	TN	Family0087148	p0_c0_r1	both_directions	direct_edge	1	2.9585375278536348	20758103	tr|E1BPJ7|E1BPJ7_BOVIN,tr|Q9ERL1|Q9ERL1_RAT
NOX	E1BPJ7	Q9HBY0	FP	TN	Family0087148	p0_c0_r0	both_directions	direct_edge	1	2.9088247333099173	7245736	tr|E1BPJ7|E1BPJ7_BOVIN,sp|Q9HBY0|NOX3_HUMAN
NOX	E1BPJ7	Q9HBY0	FP	TN	Family0087148	p0_c0_r1	both_directions	direct_edge	1	2.9088247333099173	7245736	tr|E1BPJ7|E1BPJ7_BOVIN,sp|Q9HBY0|NOX3_HUMAN
NOX	E1BPJ7	Q9JHI8	FP	TN	Family0087148	p0_c0_r0	no_direct_hit	indirect_path	2			tr|E1BPJ7|E1BPJ7_BOVIN,sp|O46522|CY24B_BOVIN,sp|Q9JHI8|NOX4_MOUSE
NOX	E1BPJ7	Q9JHI8	FP	TN	Family0087148	p0_c0_r1	no_direct_hit	indirect_path	2			tr|E1BPJ7|E1BPJ7_BOVIN,sp|O46522|CY24B_BOVIN,sp|Q9JHI8|NOX4_MOUSE
NOX	E1BPJ7	Q9NPH5	FP	TN	Family0087148	p0_c0_r0	no_direct_hit	indirect_path	2			tr|E1BPJ7|E1BPJ7_BOVIN,sp|O46522|CY24B_BOVIN,sp|Q9NPH5|NOX4_HUMAN
NOX	E1BPJ7	Q9NPH5	FP	TN	Family0087148	p0_c0_r1	no_direct_hit	indirect_path	2			tr|E1BPJ7|E1BPJ7_BOVIN,sp|O46522|CY24B_BOVIN,sp|Q9NPH5|NOX4_HUMAN
NOX	F1MQX5	F1NVG4	FP	TN	Family0087148	p0_c0_r0	both_directions	direct_edge	1	1.3141861597352522	21423923	tr|F1MQX5|F1MQX5_BOVIN,tr|F1NVG4|F1NVG4_CHICK
NOX	F1MQX5	F1NVG4	FP	TN	Family0087148	p0_c0_r1	both_directions	direct_edge	1	1.3141861597352522	21423923	tr|F1MQX5|F1MQX5_BOVIN,tr|F1NVG4|F1NVG4_CHICK
NOX	F1MQX5	F1PL03	FP	TN	Family0087148	p0_c0_r0	both_directions	direct_edge	1	1.2277630154616617	21423924	tr|F1MQX5|F1MQX5_BOVIN,tr|F1PL03|F1PL03_CANLF
NOX	F1MQX5	F1PL03	FP	TN	Family0087148	p0_c0_r1	both_directions	direct_edge	1	1.2277630154616617	21423924	tr|F1MQX5|F1MQX5_BOVIN,tr|F1PL03|F1PL03_CANLF
NOX	F1MQX5	F6U2X4	FP	TN	Family0087148	p0_c0_r0	no_direct_hit	indirect_path	2			tr|F1MQX5|F1MQX5_BOVIN,sp|O46522|CY24B_BOVIN,tr|F6U2X4|F6U2X4_MONDO
NOX	F1MQX5	F6U2X4	FP	TN	Family0087148	p0_c0_r1	no_direct_hit	indirect_path	2			tr|F1MQX5|F1MQX5_BOVIN,sp|O46522|CY24B_BOVIN,tr|F6U2X4|F6U2X4_MONDO
NOX	F1MQX5	F7AMC8	FP	TN	Family0087148	p0_c0_r0	both_directions	direct_edge	1	1.4290952765216516	21423928	tr|F1MQX5|F1MQX5_BOVIN,tr|F7AMC8|F7AMC8_XENTR
NOX	F1MQX5	F7AMC8	FP	TN	Family0087148	p0_c0_r1	both_directions	direct_edge	1	1.4290952765216516	21423928	tr|F1MQX5|F1MQX5_BOVIN,tr|F7AMC8|F7AMC8_XENTR
NOX	F1MQX5	F7ELK5	FP	TN	Family0087148	p0_c0_r0	both_directions	direct_edge	1	1.2810260839916006	21423930	tr|F1MQX5|F1MQX5_BOVIN,tr|F7ELK5|F7ELK5_MONDO
NOX	F1MQX5	F7ELK5	FP	TN	Family0087148	p0_c0_r1	both_directions	direct_edge	1	1.2810260839916006	21423930	tr|F1MQX5|F1MQX5_BOVIN,tr|F7ELK5|F7ELK5_MONDO
NOX	F1MQX5	G3QVH2	FP	TN	Family0087148	p0_c0_r0	both_directions	direct_edge	1	1.2610404723714643	21423932	tr|F1MQX5|F1MQX5_BOVIN,tr|G3QVH2|G3QVH2_GORGO
NOX	F1MQX5	G3QVH2	FP	TN	Family0087148	p0_c0_r1	both_directions	direct_edge	1	1.2610404723714643	21423932	tr|F1MQX5|F1MQX5_BOVIN,tr|G3QVH2|G3QVH2_GORGO
NOX	F1MQX5	G3QXY3	FP	TN	Family0087148	p0_c0_r0	both_directions	direct_edge	1	1.3589180136826235	21423933	tr|F1MQX5|F1MQX5_BOVIN,tr|G3QXY3|G3QXY3_GORGO
NOX	F1MQX5	G3QXY3	FP	TN	Family0087148	p0_c0_r1	both_directions	direct_edge	1	1.3589180136826235	21423933	tr|F1MQX5|F1MQX5_BOVIN,tr|G3QXY3|G3QXY3_GORGO
NOX	F1MQX5	G3RI51	FP	TN	Family0087148	p0_c0_r0	both_directions	direct_edge	1	1.284516618280406	21423934	tr|F1MQX5|F1MQX5_BOVIN,tr|G3RI51|G3RI51_GORGO
NOX	F1MQX5	G3RI51	FP	TN	Family0087148	p0_c0_r1	both_directions	direct_edge	1	1.284516618280406	21423934	tr|F1MQX5|F1MQX5_BOVIN,tr|G3RI51|G3RI51_GORGO
NOX	F1MQX5	H2L879	FP	TN	Family0087148	p0_c0_r0	no_direct_hit	indirect_path	2			tr|F1MQX5|F1MQX5_BOVIN,sp|O46522|CY24B_BOVIN,tr|H2L879|H2L879_ORYLA
NOX	F1MQX5	H2L879	FP	TN	Family0087148	p0_c0_r1	no_direct_hit	indirect_path	2			tr|F1MQX5|F1MQX5_BOVIN,sp|O46522|CY24B_BOVIN,tr|H2L879|H2L879_ORYLA
NOX	F1MQX5	H2QTY3	FP	TN	Family0087148	p0_c0_r0	both_directions	direct_edge	1	1.3141861597352522	21423936	tr|F1MQX5|F1MQX5_BOVIN,tr|H2QTY3|H2QTY3_PANTR
NOX	F1MQX5	H2QTY3	FP	TN	Family0087148	p0_c0_r1	both_directions	direct_edge	1	1.3141861597352522	21423936	tr|F1MQX5|F1MQX5_BOVIN,tr|H2QTY3|H2QTY3_PANTR
NOX	F1MQX5	H2R4R9	FP	TN	Family0087148	p0_c0_r0	both_directions	direct_edge	1	1.3589180136826235	21423937	tr|F1MQX5|F1MQX5_BOVIN,tr|H2R4R9|H2R4R9_PANTR
NOX	F1MQX5	H2R4R9	FP	TN	Family0087148	p0_c0_r1	both_directions	direct_edge	1	1.3589180136826235	21423937	tr|F1MQX5|F1MQX5_BOVIN,tr|H2R4R9|H2R4R9_PANTR
NOX	F1MQX5	P04839	FP	TN	Family0087148	p0_c0_r0	both_directions	direct_edge	1	1.3589180136826235	1346780	tr|F1MQX5|F1MQX5_BOVIN,sp|P04839|CY24B_HUMAN
NOX	F1MQX5	P04839	FP	TN	Family0087148	p0_c0_r1	both_directions	direct_edge	1	1.3589180136826235	1346780	tr|F1MQX5|F1MQX5_BOVIN,sp|P04839|CY24B_HUMAN
NOX	F1MQX5	Q505H9	FP	TN	Family0087148	p0_c0_r0	both_directions	direct_edge	1	1.4024730782237333	21423949	tr|F1MQX5|F1MQX5_BOVIN,tr|Q505H9|Q505H9_XENTR
NOX	F1MQX5	Q505H9	FP	TN	Family0087148	p0_c0_r1	both_directions	direct_edge	1	1.4024730782237333	21423949	tr|F1MQX5|F1MQX5_BOVIN,tr|Q505H9|Q505H9_XENTR
NOX	F1MQX5	Q61093	FP	TN	Family0087148	p0_c0_r0	both_directions	direct_edge	1	1.4181529014585328	5213522	tr|F1MQX5|F1MQX5_BOVIN,sp|Q61093|CY24B_MOUSE
NOX	F1MQX5	Q61093	FP	TN	Family0087148	p0_c0_r1	both_directions	direct_edge	1	1.4181529014585328	5213522	tr|F1MQX5|F1MQX5_BOVIN,sp|Q61093|CY24B_MOUSE
NOX	F1MQX5	Q672J9	FP	TN	Family0087148	p0_c0_r0	both_directions	direct_edge	1	1.2792808168471979	5340298	tr|F1MQX5|F1MQX5_BOVIN,sp|Q672J9|NOX3_MOUSE
NOX	F1MQX5	Q672J9	FP	TN	Family0087148	p0_c0_r1	both_directions	direct_edge	1	1.2792808168471979	5340298	tr|F1MQX5|F1MQX5_BOVIN,sp|Q672J9|NOX3_MOUSE
NOX	F1MQX5	Q672K1	FP	TN	Family0087148	p0_c0_r0	both_directions	direct_edge	1	1.2967334882912251	5340404	tr|F1MQX5|F1MQX5_BOVIN,sp|Q672K1|NOX3_RAT
NOX	F1MQX5	Q672K1	FP	TN	Family0087148	p0_c0_r1	both_directions	direct_edge	1	1.2967334882912251	5340404	tr|F1MQX5|F1MQX5_BOVIN,sp|Q672K1|NOX3_RAT
NOX	F1MQX5	Q8CIZ9	FP	TN	Family0087148	p0_c0_r0	both_directions	direct_edge	1	1.225054366614163	6132828	tr|F1MQX5|F1MQX5_BOVIN,sp|Q8CIZ9|NOX1_MOUSE
NOX	F1MQX5	Q8CIZ9	FP	TN	Family0087148	p0_c0_r1	both_directions	direct_edge	1	1.225054366614163	6132828	tr|F1MQX5|F1MQX5_BOVIN,sp|Q8CIZ9|NOX1_MOUSE
NOX	F1MQX5	Q9ERL1	FP	TN	Family0087148	p0_c0_r0	both_directions	direct_edge	1	1.4024730782237333	21423954	tr|F1MQX5|F1MQX5_BOVIN,tr|Q9ERL1|Q9ERL1_RAT
NOX	F1MQX5	Q9ERL1	FP	TN	Family0087148	p0_c0_r1	both_directions	direct_edge	1	1.4024730782237333	21423954	tr|F1MQX5|F1MQX5_BOVIN,tr|Q9ERL1|Q9ERL1_RAT
NOX	F1MQX5	Q9HBY0	FP	TN	Family0087148	p0_c0_r0	both_directions	direct_edge	1	1.3019692897244333	7245738	tr|F1MQX5|F1MQX5_BOVIN,sp|Q9HBY0|NOX3_HUMAN
NOX	F1MQX5	Q9HBY0	FP	TN	Family0087148	p0_c0_r1	both_directions	direct_edge	1	1.3019692897244333	7245738	tr|F1MQX5|F1MQX5_BOVIN,sp|Q9HBY0|NOX3_HUMAN
NOX	F1MQX5	Q9WV87	FP	TN	Family0087148	p0_c0_r0	both_directions	direct_edge	1	1.2411239064651824	7962281	tr|F1MQX5|F1MQX5_BOVIN,sp|Q9WV87|NOX1_RAT
NOX	F1MQX5	Q9WV87	FP	TN	Family0087148	p0_c0_r1	both_directions	direct_edge	1	1.2411239064651824	7962281	tr|F1MQX5|F1MQX5_BOVIN,sp|Q9WV87|NOX1_RAT
NOX	F1MQX5	Q9Y5S8	FP	TN	Family0087148	p0_c0_r0	both_directions	direct_edge	1	1.269797697874044	8050094	tr|F1MQX5|F1MQX5_BOVIN,sp|Q9Y5S8|NOX1_HUMAN
NOX	F1MQX5	Q9Y5S8	FP	TN	Family0087148	p0_c0_r1	both_directions	direct_edge	1	1.269797697874044	8050094	tr|F1MQX5|F1MQX5_BOVIN,sp|Q9Y5S8|NOX1_HUMAN
NOX	F1NVG4	F1PL03	FP	TN	Family0087148	p0_c0_r0	both_directions	direct_edge	1	2.8975445913523465	21566323	tr|F1NVG4|F1NVG4_CHICK,tr|F1PL03|F1PL03_CANLF
NOX	F1NVG4	F1PL03	FP	TN	Family0087148	p0_c0_r1	both_directions	direct_edge	1	2.8975445913523465	21566323	tr|F1NVG4|F1NVG4_CHICK,tr|F1PL03|F1PL03_CANLF
NOX	F1NVG4	F1PSM8	FP	TN	Family0087148	p0_c0_r0	no_direct_hit	indirect_path	2			tr|F1NVG4|F1NVG4_CHICK,sp|Q924V1|NOX4_RAT,tr|F1PSM8|F1PSM8_CANLF
NOX	F1NVG4	F1PSM8	FP	TN	Family0087148	p0_c0_r1	no_direct_hit	indirect_path	2			tr|F1NVG4|F1NVG4_CHICK,sp|Q924V1|NOX4_RAT,tr|F1PSM8|F1PSM8_CANLF
NOX	F1NVG4	F6U2X4	FP	TN	Family0087148	p0_c0_r0	both_directions	direct_edge	1	3.1867089496298853	21566328	tr|F1NVG4|F1NVG4_CHICK,tr|F6U2X4|F6U2X4_MONDO
NOX	F1NVG4	F6U2X4	FP	TN	Family0087148	p0_c0_r1	both_directions	direct_edge	1	3.1867089496298853	21566328	tr|F1NVG4|F1NVG4_CHICK,tr|F6U2X4|F6U2X4_MONDO
NOX	F1NVG4	F6Z703	FP	TN	Family0087148	p0_c0_r0	both_directions	direct_edge	1	1.3072050911576414	21566332	tr|F1NVG4|F1NVG4_CHICK,tr|F6Z703|F6Z703_MONDO
NOX	F1NVG4	F6Z703	FP	TN	Family0087148	p0_c0_r1	both_directions	direct_edge	1	1.3072050911576414	21566332	tr|F1NVG4|F1NVG4_CHICK,tr|F6Z703|F6Z703_MONDO
NOX	F1NVG4	F7AMC8	FP	TN	Family0087148	p0_c0_r0	both_directions	direct_edge	1	2.8709493789853178	21566333	tr|F1NVG4|F1NVG4_CHICK,tr|F7AMC8|F7AMC8_XENTR
NOX	F1NVG4	F7AMC8	FP	TN	Family0087148	p0_c0_r1	both_directions	direct_edge	1	2.8709493789853178	21566333	tr|F1NVG4|F1NVG4_CHICK,tr|F7AMC8|F7AMC8_XENTR
NOX	F1NVG4	F7CLH6	FP	TN	Family0087148	p0_c0_r0	no_direct_hit	indirect_path	2			tr|F1NVG4|F1NVG4_CHICK,sp|Q8CIZ9|NOX1_MOUSE,tr|F7CLH6|F7CLH6_XENTR
NOX	F1NVG4	F7CLH6	FP	TN	Family0087148	p0_c0_r1	no_direct_hit	indirect_path	2			tr|F1NVG4|F1NVG4_CHICK,sp|Q8CIZ9|NOX1_MOUSE,tr|F7CLH6|F7CLH6_XENTR
NOX	F1NVG4	G3QVH2	FP	TN	Family0087148	p0_c0_r0	both_directions	direct_edge	1	2.9205129326252615	21566336	tr|F1NVG4|F1NVG4_CHICK,tr|G3QVH2|G3QVH2_GORGO
NOX	F1NVG4	G3QVH2	FP	TN	Family0087148	p0_c0_r1	both_directions	direct_edge	1	2.9205129326252615	21566336	tr|F1NVG4|F1NVG4_CHICK,tr|G3QVH2|G3QVH2_GORGO
NOX	F1NVG4	G3QXY3	FP	TN	Family0087148	p0_c0_r0	both_directions	direct_edge	1	3.274170258574669	21566337	tr|F1NVG4|F1NVG4_CHICK,tr|G3QXY3|G3QXY3_GORGO
NOX	F1NVG4	G3QXY3	FP	TN	Family0087148	p0_c0_r1	both_directions	direct_edge	1	3.274170258574669	21566337	tr|F1NVG4|F1NVG4_CHICK,tr|G3QXY3|G3QXY3_GORGO
NOX	F1NVG4	H2L879	FP	TN	Family0087148	p0_c0_r0	both_directions	direct_edge	1	2.98677128221425	21566340	tr|F1NVG4|F1NVG4_CHICK,tr|H2L879|H2L879_ORYLA
NOX	F1NVG4	H2L879	FP	TN	Family0087148	p0_c0_r1	both_directions	direct_edge	1	2.98677128221425	21566340	tr|F1NVG4|F1NVG4_CHICK,tr|H2L879|H2L879_ORYLA
NOX	F1NVG4	H2M5R6	FP	TN	Family0087148	p0_c0_r0	both_directions	direct_edge	1	1.4289070587378636	21566342	tr|F1NVG4|F1NVG4_CHICK,tr|H2M5R6|H2M5R6_ORYLA
NOX	F1NVG4	H2M5R6	FP	TN	Family0087148	p0_c0_r1	both_directions	direct_edge	1	1.4289070587378636	21566342	tr|F1NVG4|F1NVG4_CHICK,tr|H2M5R6|H2M5R6_ORYLA
NOX	F1NVG4	H2R4R9	FP	TN	Family0087148	p0_c0_r0	both_directions	direct_edge	1	3.274170258574669	21566344	tr|F1NVG4|F1NVG4_CHICK,tr|H2R4R9|H2R4R9_PANTR
NOX	F1NVG4	H2R4R9	FP	TN	Family0087148	p0_c0_r1	both_directions	direct_edge	1	3.274170258574669	21566344	tr|F1NVG4|F1NVG4_CHICK,tr|H2R4R9|H2R4R9_PANTR
NOX	F1NVG4	H2R516	FP	TN	Family0087148	p0_c0_r0	both_directions	direct_edge	1	1.3194219611684606	21566345	tr|F1NVG4|F1NVG4_CHICK,tr|H2R516|H2R516_PANTR
NOX	F1NVG4	H2R516	FP	TN	Family0087148	p0_c0_r1	both_directions	direct_edge	1	1.3194219611684606	21566345	tr|F1NVG4|F1NVG4_CHICK,tr|H2R516|H2R516_PANTR
NOX	F1NVG4	O46522	FP	TN	Family0087148	p0_c0_r0	both_directions	direct_edge	1	3.274170258574669	869744	tr|F1NVG4|F1NVG4_CHICK,sp|O46522|CY24B_BOVIN
NOX	F1NVG4	O46522	FP	TN	Family0087148	p0_c0_r1	both_directions	direct_edge	1	3.274170258574669	869744	tr|F1NVG4|F1NVG4_CHICK,sp|O46522|CY24B_BOVIN
NOX	F1NVG4	P04839	FP	TN	Family0087148	p0_c0_r0	both_directions	direct_edge	1	3.274170258574669	1346781	tr|F1NVG4|F1NVG4_CHICK,sp|P04839|CY24B_HUMAN
NOX	F1NVG4	P04839	FP	TN	Family0087148	p0_c0_r1	both_directions	direct_edge	1	3.274170258574669	1346781	tr|F1NVG4|F1NVG4_CHICK,sp|P04839|CY24B_HUMAN
NOX	F1NVG4	Q505H9	FP	TN	Family0087148	p0_c0_r0	both_directions	direct_edge	1	3.293502450117515	21566358	tr|F1NVG4|F1NVG4_CHICK,tr|Q505H9|Q505H9_XENTR
NOX	F1NVG4	Q505H9	FP	TN	Family0087148	p0_c0_r1	both_directions	direct_edge	1	3.293502450117515	21566358	tr|F1NVG4|F1NVG4_CHICK,tr|Q505H9|Q505H9_XENTR
NOX	F1NVG4	Q61093	FP	TN	Family0087148	p0_c0_r0	both_directions	direct_edge	1	3.2372633474474184	5213523	tr|F1NVG4|F1NVG4_CHICK,sp|Q61093|CY24B_MOUSE
NOX	F1NVG4	Q61093	FP	TN	Family0087148	p0_c0_r1	both_directions	direct_edge	1	3.2372633474474184	5213523	tr|F1NVG4|F1NVG4_CHICK,sp|Q61093|CY24B_MOUSE
NOX	F1NVG4	Q8CIZ9	FP	TN	Family0087148	p0_c0_r0	both_directions	direct_edge	1	2.802967851106765	6132829	tr|F1NVG4|F1NVG4_CHICK,sp|Q8CIZ9|NOX1_MOUSE
NOX	F1NVG4	Q8CIZ9	FP	TN	Family0087148	p0_c0_r1	both_directions	direct_edge	1	2.802967851106765	6132829	tr|F1NVG4|F1NVG4_CHICK,sp|Q8CIZ9|NOX1_MOUSE
NOX	F1NVG4	Q924V1	FP	TN	Family0087148	p0_c0_r0	both_directions	direct_edge	1	1.3072050911576414	6689882	tr|F1NVG4|F1NVG4_CHICK,sp|Q924V1|NOX4_RAT
NOX	F1NVG4	Q924V1	FP	TN	Family0087148	p0_c0_r1	both_directions	direct_edge	1	1.3072050911576414	6689882	tr|F1NVG4|F1NVG4_CHICK,sp|Q924V1|NOX4_RAT
NOX	F1NVG4	Q9ERL1	FP	TN	Family0087148	p0_c0_r0	both_directions	direct_edge	1	3.256595538990264	21566367	tr|F1NVG4|F1NVG4_CHICK,tr|Q9ERL1|Q9ERL1_RAT
NOX	F1NVG4	Q9ERL1	FP	TN	Family0087148	p0_c0_r1	both_directions	direct_edge	1	3.256595538990264	21566367	tr|F1NVG4|F1NVG4_CHICK,tr|Q9ERL1|Q9ERL1_RAT
NOX	F1NVG4	Q9JHI8	FP	TN	Family0087148	p0_c0_r0	both_directions	direct_edge	1	1.3002240225800306	7304878	tr|F1NVG4|F1NVG4_CHICK,sp|Q9JHI8|NOX4_MOUSE
NOX	F1NVG4	Q9JHI8	FP	TN	Family0087148	p0_c0_r1	both_directions	direct_edge	1	1.3002240225800306	7304878	tr|F1NVG4|F1NVG4_CHICK,sp|Q9JHI8|NOX4_MOUSE
NOX	F1NVG4	Q9NPH5	FP	TN	Family0087148	p0_c0_r0	both_directions	direct_edge	1	1.322912495457266	7495463	tr|F1NVG4|F1NVG4_CHICK,sp|Q9NPH5|NOX4_HUMAN
NOX	F1NVG4	Q9NPH5	FP	TN	Family0087148	p0_c0_r1	both_directions	direct_edge	1	1.322912495457266	7495463	tr|F1NVG4|F1NVG4_CHICK,sp|Q9NPH5|NOX4_HUMAN
NOX	F1NVG4	Q9WV87	FP	TN	Family0087148	p0_c0_r0	both_directions	direct_edge	1	2.811698563670854	7962282	tr|F1NVG4|F1NVG4_CHICK,sp|Q9WV87|NOX1_RAT
NOX	F1NVG4	Q9WV87	FP	TN	Family0087148	p0_c0_r1	both_directions	direct_edge	1	2.811698563670854	7962282	tr|F1NVG4|F1NVG4_CHICK,sp|Q9WV87|NOX1_RAT
NOX	F1NVG4	Q9Y5S8	FP	TN	Family0087148	p0_c0_r0	both_directions	direct_edge	1	2.9258133190728572	8050095	tr|F1NVG4|F1NVG4_CHICK,sp|Q9Y5S8|NOX1_HUMAN
NOX	F1NVG4	Q9Y5S8	FP	TN	Family0087148	p0_c0_r1	both_directions	direct_edge	1	2.9258133190728572	8050095	tr|F1NVG4|F1NVG4_CHICK,sp|Q9Y5S8|NOX1_HUMAN
NOX	F1PL03	F6U2X4	FP	TN	Family0087148	p0_c0_r0	both_directions	direct_edge	1	3.0414321351540767	21648566	tr|F1PL03|F1PL03_CANLF,tr|F6U2X4|F6U2X4_MONDO
NOX	F1PL03	F6U2X4	FP	TN	Family0087148	p0_c0_r1	both_directions	direct_edge	1	3.0414321351540767	21648566	tr|F1PL03|F1PL03_CANLF,tr|F6U2X4|F6U2X4_MONDO
NOX	F1PL03	F6Z703	FP	TN	Family0087148	p0_c0_r0	both_directions	direct_edge	1	1.2365202409642413	21648570	tr|F1PL03|F1PL03_CANLF,tr|F6Z703|F6Z703_MONDO
NOX	F1PL03	F6Z703	FP	TN	Family0087148	p0_c0_r1	both_directions	direct_edge	1	1.2365202409642413	21648570	tr|F1PL03|F1PL03_CANLF,tr|F6Z703|F6Z703_MONDO
NOX	F1PL03	F7CLH6	FP	TN	Family0087148	p0_c0_r0	both_directions	direct_edge	1	1.2085354809983009	21648572	tr|F1PL03|F1PL03_CANLF,tr|F7CLH6|F7CLH6_XENTR
NOX	F1PL03	F7CLH6	FP	TN	Family0087148	p0_c0_r1	both_directions	direct_edge	1	1.2085354809983009	21648572	tr|F1PL03|F1PL03_CANLF,tr|F7CLH6|F7CLH6_XENTR
NOX	F1PL03	F7ELK5	FP	TN	Family0087148	p0_c0_r0	both_directions	direct_edge	1	2.8339399539811976	21648573	tr|F1PL03|F1PL03_CANLF,tr|F7ELK5|F7ELK5_MONDO
NOX	F1PL03	F7ELK5	FP	TN	Family0087148	p0_c0_r1	both_directions	direct_edge	1	2.8339399539811976	21648573	tr|F1PL03|F1PL03_CANLF,tr|F7ELK5|F7ELK5_MONDO
NOX	F1PL03	G3QXY3	FP	TN	Family0087148	p0_c0_r0	both_directions	direct_edge	1	2.9912235273993217	21648576	tr|F1PL03|F1PL03_CANLF,tr|G3QXY3|G3QXY3_GORGO
NOX	F1PL03	G3QXY3	FP	TN	Family0087148	p0_c0_r1	both_directions	direct_edge	1	2.9912235273993217	21648576	tr|F1PL03|F1PL03_CANLF,tr|G3QXY3|G3QXY3_GORGO
NOX	F1PL03	G3RI51	FP	TN	Family0087148	p0_c0_r0	both_directions	direct_edge	1	2.9258133190728572	21648578	tr|F1PL03|F1PL03_CANLF,tr|G3RI51|G3RI51_GORGO
NOX	F1PL03	G3RI51	FP	TN	Family0087148	p0_c0_r1	both_directions	direct_edge	1	2.9258133190728572	21648578	tr|F1PL03|F1PL03_CANLF,tr|G3RI51|G3RI51_GORGO
NOX	F1PL03	H2L879	FP	TN	Family0087148	p0_c0_r0	both_directions	direct_edge	1	3.0310020747028648	21648579	tr|F1PL03|F1PL03_CANLF,tr|H2L879|H2L879_ORYLA
NOX	F1PL03	H2L879	FP	TN	Family0087148	p0_c0_r1	both_directions	direct_edge	1	3.0310020747028648	21648579	tr|F1PL03|F1PL03_CANLF,tr|H2L879|H2L879_ORYLA
NOX	F1PL03	H2M5R6	FP	TN	Family0087148	p0_c0_r0	both_directions	direct_edge	1	1.423250593590504	21648580	tr|F1PL03|F1PL03_CANLF,tr|H2M5R6|H2M5R6_ORYLA
NOX	F1PL03	H2M5R6	FP	TN	Family0087148	p0_c0_r1	both_directions	direct_edge	1	1.423250593590504	21648580	tr|F1PL03|F1PL03_CANLF,tr|H2M5R6|H2M5R6_ORYLA
NOX	F1PL03	H2QTY3	FP	TN	Family0087148	p0_c0_r0	both_directions	direct_edge	1	2.9187461371427297	21648581	tr|F1PL03|F1PL03_CANLF,tr|H2QTY3|H2QTY3_PANTR
NOX	F1PL03	H2QTY3	FP	TN	Family0087148	p0_c0_r1	both_directions	direct_edge	1	2.9187461371427297	21648581	tr|F1PL03|F1PL03_CANLF,tr|H2QTY3|H2QTY3_PANTR
NOX	F1PL03	H2R4R9	FP	TN	Family0087148	p0_c0_r0	both_directions	direct_edge	1	2.9912235273993217	21648582	tr|F1PL03|F1PL03_CANLF,tr|H2R4R9|H2R4R9_PANTR
NOX	F1PL03	H2R4R9	FP	TN	Family0087148	p0_c0_r1	both_directions	direct_edge	1	2.9912235273993217	21648582	tr|F1PL03|F1PL03_CANLF,tr|H2R4R9|H2R4R9_PANTR
NOX	F1PL03	H2R516	FP	TN	Family0087148	p0_c0_r0	both_directions	direct_edge	1	1.2487803566678528	21648583	tr|F1PL03|F1PL03_CANLF,tr|H2R516|H2R516_PANTR
NOX	F1PL03	H2R516	FP	TN	Family0087148	p0_c0_r1	both_directions	direct_edge	1	1.2487803566678528	21648583	tr|F1PL03|F1PL03_CANLF,tr|H2R516|H2R516_PANTR
NOX	F1PL03	O46522	FP	TN	Family0087148	p0_c0_r0	both_directions	direct_edge	1	3.0652986383372762	869745	tr|F1PL03|F1PL03_CANLF,sp|O46522|CY24B_BOVIN
NOX	F1PL03	O46522	FP	TN	Family0087148	p0_c0_r1	both_directions	direct_edge	1	3.0652986383372762	869745	tr|F1PL03|F1PL03_CANLF,sp|O46522|CY24B_BOVIN
NOX	F1PL03	P04839	FP	TN	Family0087148	p0_c0_r0	both_directions	direct_edge	1	2.9912235273993217	1346782	tr|F1PL03|F1PL03_CANLF,sp|P04839|CY24B_HUMAN
NOX	F1PL03	P04839	FP	TN	Family0087148	p0_c0_r1	both_directions	direct_edge	1	2.9912235273993217	1346782	tr|F1PL03|F1PL03_CANLF,sp|P04839|CY24B_HUMAN
NOX	F1PL03	Q505H9	FP	TN	Family0087148	p0_c0_r0	both_directions	direct_edge	1	3.0952814213359723	21648602	tr|F1PL03|F1PL03_CANLF,tr|Q505H9|Q505H9_XENTR
NOX	F1PL03	Q505H9	FP	TN	Family0087148	p0_c0_r1	both_directions	direct_edge	1	3.0952814213359723	21648602	tr|F1PL03|F1PL03_CANLF,tr|Q505H9|Q505H9_XENTR
NOX	F1PL03	Q61093	FP	TN	Family0087148	p0_c0_r0	both_directions	direct_edge	1	3.03531585533858	5213524	tr|F1PL03|F1PL03_CANLF,sp|Q61093|CY24B_MOUSE
NOX	F1PL03	Q61093	FP	TN	Family0087148	p0_c0_r1	both_directions	direct_edge	1	3.03531585533858	5213524	tr|F1PL03|F1PL03_CANLF,sp|Q61093|CY24B_MOUSE
NOX	F1PL03	Q672J9	FP	TN	Family0087148	p0_c0_r0	both_directions	direct_edge	1	2.779169294022708	5340300	tr|F1PL03|F1PL03_CANLF,sp|Q672J9|NOX3_MOUSE
NOX	F1PL03	Q672J9	FP	TN	Family0087148	p0_c0_r1	both_directions	direct_edge	1	2.779169294022708	5340300	tr|F1PL03|F1PL03_CANLF,sp|Q672J9|NOX3_MOUSE
NOX	F1PL03	Q672K1	FP	TN	Family0087148	p0_c0_r0	both_directions	direct_edge	1	2.7703353166100486	5340406	tr|F1PL03|F1PL03_CANLF,sp|Q672K1|NOX3_RAT
NOX	F1PL03	Q672K1	FP	TN	Family0087148	p0_c0_r1	both_directions	direct_edge	1	2.7703353166100486	5340406	tr|F1PL03|F1PL03_CANLF,sp|Q672K1|NOX3_RAT
NOX	F1PL03	Q924V1	FP	TN	Family0087148	p0_c0_r0	both_directions	direct_edge	1	1.2172543448585662	6689883	tr|F1PL03|F1PL03_CANLF,sp|Q924V1|NOX4_RAT
NOX	F1PL03	Q924V1	FP	TN	Family0087148	p0_c0_r1	both_directions	direct_edge	1	1.2172543448585662	6689883	tr|F1PL03|F1PL03_CANLF,sp|Q924V1|NOX4_RAT
NOX	F1PL03	Q9ERL1	FP	TN	Family0087148	p0_c0_r0	both_directions	direct_edge	1	3.0511890933967134	21648609	tr|F1PL03|F1PL03_CANLF,tr|Q9ERL1|Q9ERL1_RAT
NOX	F1PL03	Q9ERL1	FP	TN	Family0087148	p0_c0_r1	both_directions	direct_edge	1	3.0511890933967134	21648609	tr|F1PL03|F1PL03_CANLF,tr|Q9ERL1|Q9ERL1_RAT
NOX	F1PL03	Q9HBY0	FP	TN	Family0087148	p0_c0_r0	both_directions	direct_edge	1	2.9328805010029853	7245740	tr|F1PL03|F1PL03_CANLF,sp|Q9HBY0|NOX3_HUMAN
NOX	F1PL03	Q9HBY0	FP	TN	Family0087148	p0_c0_r1	both_directions	direct_edge	1	2.9328805010029853	7245740	tr|F1PL03|F1PL03_CANLF,sp|Q9HBY0|NOX3_HUMAN
NOX	F1PL03	Q9JHI8	FP	TN	Family0087148	p0_c0_r0	both_directions	direct_edge	1	1.222508680160114	7304879	tr|F1PL03|F1PL03_CANLF,sp|Q9JHI8|NOX4_MOUSE
NOX	F1PL03	Q9JHI8	FP	TN	Family0087148	p0_c0_r1	both_directions	direct_edge	1	1.222508680160114	7304879	tr|F1PL03|F1PL03_CANLF,sp|Q9JHI8|NOX4_MOUSE
NOX	F1PL03	Q9NPH5	FP	TN	Family0087148	p0_c0_r0	both_directions	direct_edge	1	1.2400231311652732	7495464	tr|F1PL03|F1PL03_CANLF,sp|Q9NPH5|NOX4_HUMAN
NOX	F1PL03	Q9NPH5	FP	TN	Family0087148	p0_c0_r1	both_directions	direct_edge	1	1.2400231311652732	7495464	tr|F1PL03|F1PL03_CANLF,sp|Q9NPH5|NOX4_HUMAN
NOX	F1PSM8	F6U2X4	FP	TN	Family0087148	p0_c0_r0	no_direct_hit	indirect_path	2			tr|F1PSM8|F1PSM8_CANLF,tr|A7RPH5|A7RPH5_NEMVE,tr|F6U2X4|F6U2X4_MONDO
NOX	F1PSM8	F6U2X4	FP	TN	Family0087148	p0_c0_r1	no_direct_hit	indirect_path	2			tr|F1PSM8|F1PSM8_CANLF,tr|A7RPH5|A7RPH5_NEMVE,tr|F6U2X4|F6U2X4_MONDO
NOX	F1PSM8	F7AMC8	FP	TN	Family0087148	p0_c0_r0	no_direct_hit	indirect_path	2			tr|F1PSM8|F1PSM8_CANLF,sp|Q924V1|NOX4_RAT,tr|F7AMC8|F7AMC8_XENTR
NOX	F1PSM8	F7AMC8	FP	TN	Family0087148	p0_c0_r1	no_direct_hit	indirect_path	2			tr|F1PSM8|F1PSM8_CANLF,sp|Q924V1|NOX4_RAT,tr|F7AMC8|F7AMC8_XENTR
NOX	F1PSM8	F7ELK5	FP	TN	Family0087148	p0_c0_r0	no_direct_hit	indirect_path	2			tr|F1PSM8|F1PSM8_CANLF,sp|Q924V1|NOX4_RAT,tr|F7ELK5|F7ELK5_MONDO
NOX	F1PSM8	F7ELK5	FP	TN	Family0087148	p0_c0_r1	no_direct_hit	indirect_path	2			tr|F1PSM8|F1PSM8_CANLF,sp|Q924V1|NOX4_RAT,tr|F7ELK5|F7ELK5_MONDO
NOX	F1PSM8	G3QVH2	FP	TN	Family0087148	p0_c0_r0	no_direct_hit	indirect_path	2			tr|F1PSM8|F1PSM8_CANLF,sp|Q924V1|NOX4_RAT,tr|G3QVH2|G3QVH2_GORGO
NOX	F1PSM8	G3QVH2	FP	TN	Family0087148	p0_c0_r1	no_direct_hit	indirect_path	2			tr|F1PSM8|F1PSM8_CANLF,sp|Q924V1|NOX4_RAT,tr|G3QVH2|G3QVH2_GORGO
NOX	F1PSM8	G3QXY3	FP	TN	Family0087148	p0_c0_r0	no_direct_hit	indirect_path	2			tr|F1PSM8|F1PSM8_CANLF,sp|Q924V1|NOX4_RAT,tr|G3QXY3|G3QXY3_GORGO
NOX	F1PSM8	G3QXY3	FP	TN	Family0087148	p0_c0_r1	no_direct_hit	indirect_path	2			tr|F1PSM8|F1PSM8_CANLF,sp|Q924V1|NOX4_RAT,tr|G3QXY3|G3QXY3_GORGO
NOX	F1PSM8	G3RI51	FP	TN	Family0087148	p0_c0_r0	no_direct_hit	indirect_path	2			tr|F1PSM8|F1PSM8_CANLF,sp|Q924V1|NOX4_RAT,tr|G3RI51|G3RI51_GORGO
NOX	F1PSM8	G3RI51	FP	TN	Family0087148	p0_c0_r1	no_direct_hit	indirect_path	2			tr|F1PSM8|F1PSM8_CANLF,sp|Q924V1|NOX4_RAT,tr|G3RI51|G3RI51_GORGO
NOX	F1PSM8	H2L879	FP	TN	Family0087148	p0_c0_r0	no_direct_hit	indirect_path	2			tr|F1PSM8|F1PSM8_CANLF,tr|H2M5R6|H2M5R6_ORYLA,tr|H2L879|H2L879_ORYLA
NOX	F1PSM8	H2L879	FP	TN	Family0087148	p0_c0_r1	no_direct_hit	indirect_path	2			tr|F1PSM8|F1PSM8_CANLF,tr|H2M5R6|H2M5R6_ORYLA,tr|H2L879|H2L879_ORYLA
NOX	F1PSM8	H2QTY3	FP	TN	Family0087148	p0_c0_r0	no_direct_hit	indirect_path	2			tr|F1PSM8|F1PSM8_CANLF,sp|Q924V1|NOX4_RAT,tr|H2QTY3|H2QTY3_PANTR
NOX	F1PSM8	H2QTY3	FP	TN	Family0087148	p0_c0_r1	no_direct_hit	indirect_path	2			tr|F1PSM8|F1PSM8_CANLF,sp|Q924V1|NOX4_RAT,tr|H2QTY3|H2QTY3_PANTR
NOX	F1PSM8	H2R4R9	FP	TN	Family0087148	p0_c0_r0	no_direct_hit	indirect_path	2			tr|F1PSM8|F1PSM8_CANLF,sp|Q924V1|NOX4_RAT,tr|H2R4R9|H2R4R9_PANTR
NOX	F1PSM8	H2R4R9	FP	TN	Family0087148	p0_c0_r1	no_direct_hit	indirect_path	2			tr|F1PSM8|F1PSM8_CANLF,sp|Q924V1|NOX4_RAT,tr|H2R4R9|H2R4R9_PANTR
NOX	F1PSM8	O46522	FP	TN	Family0087148	p0_c0_r0	no_direct_hit	indirect_path	2			tr|F1PSM8|F1PSM8_CANLF,sp|Q924V1|NOX4_RAT,sp|O46522|CY24B_BOVIN
NOX	F1PSM8	O46522	FP	TN	Family0087148	p0_c0_r1	no_direct_hit	indirect_path	2			tr|F1PSM8|F1PSM8_CANLF,sp|Q924V1|NOX4_RAT,sp|O46522|CY24B_BOVIN
NOX	F1PSM8	P04839	FP	TN	Family0087148	p0_c0_r0	no_direct_hit	indirect_path	2			tr|F1PSM8|F1PSM8_CANLF,sp|Q924V1|NOX4_RAT,sp|P04839|CY24B_HUMAN
NOX	F1PSM8	P04839	FP	TN	Family0087148	p0_c0_r1	no_direct_hit	indirect_path	2			tr|F1PSM8|F1PSM8_CANLF,sp|Q924V1|NOX4_RAT,sp|P04839|CY24B_HUMAN
NOX	F1PSM8	Q505H9	FP	TN	Family0087148	p0_c0_r0	no_direct_hit	indirect_path	2			tr|F1PSM8|F1PSM8_CANLF,sp|Q924V1|NOX4_RAT,tr|Q505H9|Q505H9_XENTR
NOX	F1PSM8	Q505H9	FP	TN	Family0087148	p0_c0_r1	no_direct_hit	indirect_path	2			tr|F1PSM8|F1PSM8_CANLF,sp|Q924V1|NOX4_RAT,tr|Q505H9|Q505H9_XENTR
NOX	F1PSM8	Q61093	FP	TN	Family0087148	p0_c0_r0	no_direct_hit	indirect_path	2			tr|F1PSM8|F1PSM8_CANLF,sp|Q924V1|NOX4_RAT,sp|Q61093|CY24B_MOUSE
NOX	F1PSM8	Q61093	FP	TN	Family0087148	p0_c0_r1	no_direct_hit	indirect_path	2			tr|F1PSM8|F1PSM8_CANLF,sp|Q924V1|NOX4_RAT,sp|Q61093|CY24B_MOUSE
NOX	F1PSM8	Q672J9	FP	TN	Family0087148	p0_c0_r0	no_direct_hit	indirect_path	2			tr|F1PSM8|F1PSM8_CANLF,sp|Q924V1|NOX4_RAT,sp|Q672J9|NOX3_MOUSE
NOX	F1PSM8	Q672J9	FP	TN	Family0087148	p0_c0_r1	no_direct_hit	indirect_path	2			tr|F1PSM8|F1PSM8_CANLF,sp|Q924V1|NOX4_RAT,sp|Q672J9|NOX3_MOUSE
NOX	F1PSM8	Q672K1	FP	TN	Family0087148	p0_c0_r0	no_direct_hit	indirect_path	2			tr|F1PSM8|F1PSM8_CANLF,sp|Q924V1|NOX4_RAT,sp|Q672K1|NOX3_RAT
NOX	F1PSM8	Q672K1	FP	TN	Family0087148	p0_c0_r1	no_direct_hit	indirect_path	2			tr|F1PSM8|F1PSM8_CANLF,sp|Q924V1|NOX4_RAT,sp|Q672K1|NOX3_RAT
NOX	F1PSM8	Q8CIZ9	FP	TN	Family0087148	p0_c0_r0	no_direct_hit	indirect_path	2			tr|F1PSM8|F1PSM8_CANLF,sp|Q924V1|NOX4_RAT,sp|Q8CIZ9|NOX1_MOUSE
NOX	F1PSM8	Q8CIZ9	FP	TN	Family0087148	p0_c0_r1	no_direct_hit	indirect_path	2			tr|F1PSM8|F1PSM8_CANLF,sp|Q924V1|NOX4_RAT,sp|Q8CIZ9|NOX1_MOUSE
NOX	F1PSM8	Q9ERL1	FP	TN	Family0087148	p0_c0_r0	no_direct_hit	indirect_path	2			tr|F1PSM8|F1PSM8_CANLF,sp|Q924V1|NOX4_RAT,tr|Q9ERL1|Q9ERL1_RAT
NOX	F1PSM8	Q9ERL1	FP	TN	Family0087148	p0_c0_r1	no_direct_hit	indirect_path	2			tr|F1PSM8|F1PSM8_CANLF,sp|Q924V1|NOX4_RAT,tr|Q9ERL1|Q9ERL1_RAT
NOX	F1PSM8	Q9HBY0	FP	TN	Family0087148	p0_c0_r0	no_direct_hit	indirect_path	2			tr|F1PSM8|F1PSM8_CANLF,sp|Q924V1|NOX4_RAT,sp|Q9HBY0|NOX3_HUMAN
NOX	F1PSM8	Q9HBY0	FP	TN	Family0087148	p0_c0_r1	no_direct_hit	indirect_path	2			tr|F1PSM8|F1PSM8_CANLF,sp|Q924V1|NOX4_RAT,sp|Q9HBY0|NOX3_HUMAN
NOX	F1PSM8	Q9WV87	FP	TN	Family0087148	p0_c0_r0	no_direct_hit	indirect_path	2			tr|F1PSM8|F1PSM8_CANLF,sp|Q924V1|NOX4_RAT,sp|Q9WV87|NOX1_RAT
NOX	F1PSM8	Q9WV87	FP	TN	Family0087148	p0_c0_r1	no_direct_hit	indirect_path	2			tr|F1PSM8|F1PSM8_CANLF,sp|Q924V1|NOX4_RAT,sp|Q9WV87|NOX1_RAT
NOX	F1PSM8	Q9Y5S8	FP	TN	Family0087148	p0_c0_r0	no_direct_hit	indirect_path	2			tr|F1PSM8|F1PSM8_CANLF,sp|Q924V1|NOX4_RAT,sp|Q9Y5S8|NOX1_HUMAN
NOX	F1PSM8	Q9Y5S8	FP	TN	Family0087148	p0_c0_r1	no_direct_hit	indirect_path	2			tr|F1PSM8|F1PSM8_CANLF,sp|Q924V1|NOX4_RAT,sp|Q9Y5S8|NOX1_HUMAN
NOX	F6U2X4	F7AMC8	FP	TN	Family0087148	p0_c0_r0	both_directions	direct_edge	1	2.9440604431492567	22226287	tr|F6U2X4|F6U2X4_MONDO,tr|F7AMC8|F7AMC8_XENTR
NOX	F6U2X4	F7AMC8	FP	TN	Family0087148	p0_c0_r1	both_directions	direct_edge	1	2.9440604431492567	22226287	tr|F6U2X4|F6U2X4_MONDO,tr|F7AMC8|F7AMC8_XENTR
NOX	F6U2X4	F7CLH6	FP	TN	Family0087148	p0_c0_r0	no_direct_hit	indirect_path	2			tr|F6U2X4|F6U2X4_MONDO,sp|Q8CIZ9|NOX1_MOUSE,tr|F7CLH6|F7CLH6_XENTR
NOX	F6U2X4	F7CLH6	FP	TN	Family0087148	p0_c0_r1	no_direct_hit	indirect_path	2			tr|F6U2X4|F6U2X4_MONDO,sp|Q8CIZ9|NOX1_MOUSE,tr|F7CLH6|F7CLH6_XENTR
NOX	F6U2X4	G3QVH2	FP	TN	Family0087148	p0_c0_r0	both_directions	direct_edge	1	3.0431912052148946	22226290	tr|F6U2X4|F6U2X4_MONDO,tr|G3QVH2|G3QVH2_GORGO
NOX	F6U2X4	G3QVH2	FP	TN	Family0087148	p0_c0_r1	both_directions	direct_edge	1	3.0431912052148946	22226290	tr|F6U2X4|F6U2X4_MONDO,tr|G3QVH2|G3QVH2_GORGO
NOX	F6U2X4	G3RI51	FP	TN	Family0087148	p0_c0_r0	both_directions	direct_edge	1	3.1060771500242885	22226293	tr|F6U2X4|F6U2X4_MONDO,tr|G3RI51|G3RI51_GORGO
NOX	F6U2X4	G3RI51	FP	TN	Family0087148	p0_c0_r1	both_directions	direct_edge	1	3.1060771500242885	22226293	tr|F6U2X4|F6U2X4_MONDO,tr|G3RI51|G3RI51_GORGO
NOX	F6U2X4	H2M5R6	FP	TN	Family0087148	p0_c0_r0	both_directions	direct_edge	1	1.4846678764215973	22226295	tr|F6U2X4|F6U2X4_MONDO,tr|H2M5R6|H2M5R6_ORYLA
NOX	F6U2X4	H2M5R6	FP	TN	Family0087148	p0_c0_r1	both_directions	direct_edge	1	1.4846678764215973	22226295	tr|F6U2X4|F6U2X4_MONDO,tr|H2M5R6|H2M5R6_ORYLA
NOX	F6U2X4	H2QTY3	FP	TN	Family0087148	p0_c0_r0	both_directions	direct_edge	1	3.09205422835375	22226296	tr|F6U2X4|F6U2X4_MONDO,tr|H2QTY3|H2QTY3_PANTR
NOX	F6U2X4	H2QTY3	FP	TN	Family0087148	p0_c0_r1	both_directions	direct_edge	1	3.09205422835375	22226296	tr|F6U2X4|F6U2X4_MONDO,tr|H2QTY3|H2QTY3_PANTR
NOX	F6U2X4	H2R516	FP	TN	Family0087148	p0_c0_r0	no_direct_hit	indirect_path	2			tr|F6U2X4|F6U2X4_MONDO,sp|O46522|CY24B_BOVIN,tr|H2R516|H2R516_PANTR
NOX	F6U2X4	H2R516	FP	TN	Family0087148	p0_c0_r1	no_direct_hit	indirect_path	2			tr|F6U2X4|F6U2X4_MONDO,sp|O46522|CY24B_BOVIN,tr|H2R516|H2R516_PANTR
NOX	F6U2X4	Q672J9	FP	TN	Family0087148	p0_c0_r0	both_directions	direct_edge	1	2.9395549551866433	5340305	tr|F6U2X4|F6U2X4_MONDO,sp|Q672J9|NOX3_MOUSE
NOX	F6U2X4	Q672J9	FP	TN	Family0087148	p0_c0_r1	both_directions	direct_edge	1	2.9395549551866433	5340305	tr|F6U2X4|F6U2X4_MONDO,sp|Q672J9|NOX3_MOUSE
NOX	F6U2X4	Q672K1	FP	TN	Family0087148	p0_c0_r0	both_directions	direct_edge	1	2.9798708549894415	5340411	tr|F6U2X4|F6U2X4_MONDO,sp|Q672K1|NOX3_RAT
NOX	F6U2X4	Q672K1	FP	TN	Family0087148	p0_c0_r1	both_directions	direct_edge	1	2.9798708549894415	5340411	tr|F6U2X4|F6U2X4_MONDO,sp|Q672K1|NOX3_RAT
NOX	F6U2X4	Q8CIZ9	FP	TN	Family0087148	p0_c0_r0	both_directions	direct_edge	1	2.88866155863784	6132834	tr|F6U2X4|F6U2X4_MONDO,sp|Q8CIZ9|NOX1_MOUSE
NOX	F6U2X4	Q8CIZ9	FP	TN	Family0087148	p0_c0_r1	both_directions	direct_edge	1	2.88866155863784	6132834	tr|F6U2X4|F6U2X4_MONDO,sp|Q8CIZ9|NOX1_MOUSE
NOX	F6U2X4	Q924V1	FP	TN	Family0087148	p0_c0_r0	no_direct_hit	indirect_path	2			tr|F6U2X4|F6U2X4_MONDO,sp|O46522|CY24B_BOVIN,sp|Q924V1|NOX4_RAT
NOX	F6U2X4	Q924V1	FP	TN	Family0087148	p0_c0_r1	no_direct_hit	indirect_path	2			tr|F6U2X4|F6U2X4_MONDO,sp|O46522|CY24B_BOVIN,sp|Q924V1|NOX4_RAT
NOX	F6U2X4	Q9HBY0	FP	TN	Family0087148	p0_c0_r0	both_directions	direct_edge	1	3.1218529369036445	7245745	tr|F6U2X4|F6U2X4_MONDO,sp|Q9HBY0|NOX3_HUMAN
NOX	F6U2X4	Q9HBY0	FP	TN	Family0087148	p0_c0_r1	both_directions	direct_edge	1	3.1218529369036445	7245745	tr|F6U2X4|F6U2X4_MONDO,sp|Q9HBY0|NOX3_HUMAN
NOX	F6U2X4	Q9JHI8	FP	TN	Family0087148	p0_c0_r0	no_direct_hit	indirect_path	2			tr|F6U2X4|F6U2X4_MONDO,sp|O46522|CY24B_BOVIN,sp|Q9JHI8|NOX4_MOUSE
NOX	F6U2X4	Q9JHI8	FP	TN	Family0087148	p0_c0_r1	no_direct_hit	indirect_path	2			tr|F6U2X4|F6U2X4_MONDO,sp|O46522|CY24B_BOVIN,sp|Q9JHI8|NOX4_MOUSE
NOX	F6U2X4	Q9NPH5	FP	TN	Family0087148	p0_c0_r0	no_direct_hit	indirect_path	2			tr|F6U2X4|F6U2X4_MONDO,sp|O46522|CY24B_BOVIN,sp|Q9NPH5|NOX4_HUMAN
NOX	F6U2X4	Q9NPH5	FP	TN	Family0087148	p0_c0_r1	no_direct_hit	indirect_path	2			tr|F6U2X4|F6U2X4_MONDO,sp|O46522|CY24B_BOVIN,sp|Q9NPH5|NOX4_HUMAN
NOX	F6U2X4	Q9WV87	FP	TN	Family0087148	p0_c0_r0	both_directions	direct_edge	1	2.93673350364501	7962287	tr|F6U2X4|F6U2X4_MONDO,sp|Q9WV87|NOX1_RAT
NOX	F6U2X4	Q9WV87	FP	TN	Family0087148	p0_c0_r1	both_directions	direct_edge	1	2.93673350364501	7962287	tr|F6U2X4|F6U2X4_MONDO,sp|Q9WV87|NOX1_RAT
NOX	F6U2X4	Q9Y5S8	FP	TN	Family0087148	p0_c0_r0	both_directions	direct_edge	1	3.062540975883891	8050100	tr|F6U2X4|F6U2X4_MONDO,sp|Q9Y5S8|NOX1_HUMAN
NOX	F6U2X4	Q9Y5S8	FP	TN	Family0087148	p0_c0_r1	both_directions	direct_edge	1	3.062540975883891	8050100	tr|F6U2X4|F6U2X4_MONDO,sp|Q9Y5S8|NOX1_HUMAN
NOX	F6Z703	F7AMC8	FP	TN	Family0087148	p0_c0_r0	both_directions	direct_edge	1	1.4151698657881886	22437254	tr|F6Z703|F6Z703_MONDO,tr|F7AMC8|F7AMC8_XENTR
NOX	F6Z703	F7AMC8	FP	TN	Family0087148	p0_c0_r1	both_directions	direct_edge	1	1.4151698657881886	22437254	tr|F6Z703|F6Z703_MONDO,tr|F7AMC8|F7AMC8_XENTR
NOX	F6Z703	G3QVH2	FP	TN	Family0087148	p0_c0_r0	both_directions	direct_edge	1	1.2505318017683686	22437258	tr|F6Z703|F6Z703_MONDO,tr|G3QVH2|G3QVH2_GORGO
NOX	F6Z703	G3QVH2	FP	TN	Family0087148	p0_c0_r1	both_directions	direct_edge	1	1.2505318017683686	22437258	tr|F6Z703|F6Z703_MONDO,tr|G3QVH2|G3QVH2_GORGO
NOX	F6Z703	G3QXY3	FP	TN	Family0087148	p0_c0_r0	both_directions	direct_edge	1	1.351949203356046	22437259	tr|F6Z703|F6Z703_MONDO,tr|G3QXY3|G3QXY3_GORGO
NOX	F6Z703	G3QXY3	FP	TN	Family0087148	p0_c0_r1	both_directions	direct_edge	1	1.351949203356046	22437259	tr|F6Z703|F6Z703_MONDO,tr|G3QXY3|G3QXY3_GORGO
NOX	F6Z703	G3RI51	FP	TN	Family0087148	p0_c0_r0	both_directions	direct_edge	1	1.284516618280406	22437260	tr|F6Z703|F6Z703_MONDO,tr|G3RI51|G3RI51_GORGO
NOX	F6Z703	G3RI51	FP	TN	Family0087148	p0_c0_r1	both_directions	direct_edge	1	1.284516618280406	22437260	tr|F6Z703|F6Z703_MONDO,tr|G3RI51|G3RI51_GORGO
NOX	F6Z703	H2L879	FP	TN	Family0087148	p0_c0_r0	no_direct_hit	indirect_path	2			tr|F6Z703|F6Z703_MONDO,sp|O46522|CY24B_BOVIN,tr|H2L879|H2L879_ORYLA
NOX	F6Z703	H2L879	FP	TN	Family0087148	p0_c0_r1	no_direct_hit	indirect_path	2			tr|F6Z703|F6Z703_MONDO,sp|O46522|CY24B_BOVIN,tr|H2L879|H2L879_ORYLA
NOX	F6Z703	H2QTY3	FP	TN	Family0087148	p0_c0_r0	both_directions	direct_edge	1	1.3054598240132387	22437262	tr|F6Z703|F6Z703_MONDO,tr|H2QTY3|H2QTY3_PANTR
NOX	F6Z703	H2QTY3	FP	TN	Family0087148	p0_c0_r1	both_directions	direct_edge	1	1.3054598240132387	22437262	tr|F6Z703|F6Z703_MONDO,tr|H2QTY3|H2QTY3_PANTR
NOX	F6Z703	H2R4R9	FP	TN	Family0087148	p0_c0_r0	both_directions	direct_edge	1	1.351949203356046	22437263	tr|F6Z703|F6Z703_MONDO,tr|H2R4R9|H2R4R9_PANTR
NOX	F6Z703	H2R4R9	FP	TN	Family0087148	p0_c0_r1	both_directions	direct_edge	1	1.351949203356046	22437263	tr|F6Z703|F6Z703_MONDO,tr|H2R4R9|H2R4R9_PANTR
NOX	F6Z703	O46522	FP	TN	Family0087148	p0_c0_r0	both_directions	direct_edge	1	1.2961987207434256	869754	tr|F6Z703|F6Z703_MONDO,sp|O46522|CY24B_BOVIN
NOX	F6Z703	O46522	FP	TN	Family0087148	p0_c0_r1	both_directions	direct_edge	1	1.2961987207434256	869754	tr|F6Z703|F6Z703_MONDO,sp|O46522|CY24B_BOVIN
NOX	F6Z703	P04839	FP	TN	Family0087148	p0_c0_r0	both_directions	direct_edge	1	1.351949203356046	1346791	tr|F6Z703|F6Z703_MONDO,sp|P04839|CY24B_HUMAN
NOX	F6Z703	P04839	FP	TN	Family0087148	p0_c0_r1	both_directions	direct_edge	1	1.351949203356046	1346791	tr|F6Z703|F6Z703_MONDO,sp|P04839|CY24B_HUMAN
NOX	F6Z703	Q505H9	FP	TN	Family0087148	p0_c0_r0	both_directions	direct_edge	1	1.383308849825645	22437275	tr|F6Z703|F6Z703_MONDO,tr|Q505H9|Q505H9_XENTR
NOX	F6Z703	Q505H9	FP	TN	Family0087148	p0_c0_r1	both_directions	direct_edge	1	1.383308849825645	22437275	tr|F6Z703|F6Z703_MONDO,tr|Q505H9|Q505H9_XENTR
NOX	F6Z703	Q61093	FP	TN	Family0087148	p0_c0_r0	both_directions	direct_edge	1	1.414668496295244	5213533	tr|F6Z703|F6Z703_MONDO,sp|Q61093|CY24B_MOUSE
NOX	F6Z703	Q61093	FP	TN	Family0087148	p0_c0_r1	both_directions	direct_edge	1	1.414668496295244	5213533	tr|F6Z703|F6Z703_MONDO,sp|Q61093|CY24B_MOUSE
NOX	F6Z703	Q672J9	FP	TN	Family0087148	p0_c0_r0	both_directions	direct_edge	1	1.2600828782587679	5340309	tr|F6Z703|F6Z703_MONDO,sp|Q672J9|NOX3_MOUSE
NOX	F6Z703	Q672J9	FP	TN	Family0087148	p0_c0_r1	both_directions	direct_edge	1	1.2600828782587679	5340309	tr|F6Z703|F6Z703_MONDO,sp|Q672J9|NOX3_MOUSE
NOX	F6Z703	Q672K1	FP	TN	Family0087148	p0_c0_r0	both_directions	direct_edge	1	1.2740450154139897	5340415	tr|F6Z703|F6Z703_MONDO,sp|Q672K1|NOX3_RAT
NOX	F6Z703	Q672K1	FP	TN	Family0087148	p0_c0_r1	both_directions	direct_edge	1	1.2740450154139897	5340415	tr|F6Z703|F6Z703_MONDO,sp|Q672K1|NOX3_RAT
NOX	F6Z703	Q8CIZ9	FP	TN	Family0087148	p0_c0_r0	both_directions	direct_edge	1	1.2096556385421973	6132838	tr|F6Z703|F6Z703_MONDO,sp|Q8CIZ9|NOX1_MOUSE
NOX	F6Z703	Q8CIZ9	FP	TN	Family0087148	p0_c0_r1	both_directions	direct_edge	1	1.2096556385421973	6132838	tr|F6Z703|F6Z703_MONDO,sp|Q8CIZ9|NOX1_MOUSE
NOX	F6Z703	Q9ERL1	FP	TN	Family0087148	p0_c0_r0	both_directions	direct_edge	1	1.3937620653155114	22437280	tr|F6Z703|F6Z703_MONDO,tr|Q9ERL1|Q9ERL1_RAT
NOX	F6Z703	Q9ERL1	FP	TN	Family0087148	p0_c0_r1	both_directions	direct_edge	1	1.3937620653155114	22437280	tr|F6Z703|F6Z703_MONDO,tr|Q9ERL1|Q9ERL1_RAT
NOX	F6Z703	Q9HBY0	FP	TN	Family0087148	p0_c0_r0	both_directions	direct_edge	1	1.2949882211468224	7245749	tr|F6Z703|F6Z703_MONDO,sp|Q9HBY0|NOX3_HUMAN
NOX	F6Z703	Q9HBY0	FP	TN	Family0087148	p0_c0_r1	both_directions	direct_edge	1	1.2949882211468224	7245749	tr|F6Z703|F6Z703_MONDO,sp|Q9HBY0|NOX3_HUMAN
NOX	F6Z703	Q9WV87	FP	TN	Family0087148	p0_c0_r0	both_directions	direct_edge	1	1.2148289084468524	7962291	tr|F6Z703|F6Z703_MONDO,sp|Q9WV87|NOX1_RAT
NOX	F6Z703	Q9WV87	FP	TN	Family0087148	p0_c0_r1	both_directions	direct_edge	1	1.2148289084468524	7962291	tr|F6Z703|F6Z703_MONDO,sp|Q9WV87|NOX1_RAT
NOX	F6Z703	Q9Y5S8	FP	TN	Family0087148	p0_c0_r0	both_directions	direct_edge	1	1.2592890272709483	8050104	tr|F6Z703|F6Z703_MONDO,sp|Q9Y5S8|NOX1_HUMAN
NOX	F6Z703	Q9Y5S8	FP	TN	Family0087148	p0_c0_r1	both_directions	direct_edge	1	1.2592890272709483	8050104	tr|F6Z703|F6Z703_MONDO,sp|Q9Y5S8|NOX1_HUMAN
NOX	F7AMC8	F7ELK5	FP	TN	Family0087148	p0_c0_r0	both_directions	direct_edge	1	2.828807002780029	22506116	tr|F7AMC8|F7AMC8_XENTR,tr|F7ELK5|F7ELK5_MONDO
NOX	F7AMC8	F7ELK5	FP	TN	Family0087148	p0_c0_r1	both_directions	direct_edge	1	2.828807002780029	22506116	tr|F7AMC8|F7AMC8_XENTR,tr|F7ELK5|F7ELK5_MONDO
NOX	F7AMC8	G3QXY3	FP	TN	Family0087148	p0_c0_r0	both_directions	direct_edge	1	2.9377750108403053	22506119	tr|F7AMC8|F7AMC8_XENTR,tr|G3QXY3|G3QXY3_GORGO
NOX	F7AMC8	G3QXY3	FP	TN	Family0087148	p0_c0_r1	both_directions	direct_edge	1	2.9377750108403053	22506119	tr|F7AMC8|F7AMC8_XENTR,tr|G3QXY3|G3QXY3_GORGO
NOX	F7AMC8	G3RI51	FP	TN	Family0087148	p0_c0_r0	both_directions	direct_edge	1	2.869193446643431	22506121	tr|F7AMC8|F7AMC8_XENTR,tr|G3RI51|G3RI51_GORGO
NOX	F7AMC8	G3RI51	FP	TN	Family0087148	p0_c0_r1	both_directions	direct_edge	1	2.869193446643431	22506121	tr|F7AMC8|F7AMC8_XENTR,tr|G3RI51|G3RI51_GORGO
NOX	F7AMC8	H2L879	FP	TN	Family0087148	p0_c0_r0	both_directions	direct_edge	1	2.9929994935021953	22506122	tr|F7AMC8|F7AMC8_XENTR,tr|H2L879|H2L879_ORYLA
NOX	F7AMC8	H2L879	FP	TN	Family0087148	p0_c0_r1	both_directions	direct_edge	1	2.9929994935021953	22506122	tr|F7AMC8|F7AMC8_XENTR,tr|H2L879|H2L879_ORYLA
NOX	F7AMC8	H2M5R6	FP	TN	Family0087148	p0_c0_r0	both_directions	direct_edge	1	1.5689056069881007	22506123	tr|F7AMC8|F7AMC8_XENTR,tr|H2M5R6|H2M5R6_ORYLA
NOX	F7AMC8	H2M5R6	FP	TN	Family0087148	p0_c0_r1	both_directions	direct_edge	1	1.5689056069881007	22506123	tr|F7AMC8|F7AMC8_XENTR,tr|H2M5R6|H2M5R6_ORYLA
NOX	F7AMC8	H2QTY3	FP	TN	Family0087148	p0_c0_r0	both_directions	direct_edge	1	2.883240905378527	22506124	tr|F7AMC8|F7AMC8_XENTR,tr|H2QTY3|H2QTY3_PANTR
NOX	F7AMC8	H2QTY3	FP	TN	Family0087148	p0_c0_r1	both_directions	direct_edge	1	2.883240905378527	22506124	tr|F7AMC8|F7AMC8_XENTR,tr|H2QTY3|H2QTY3_PANTR
NOX	F7AMC8	H2R4R9	FP	TN	Family0087148	p0_c0_r0	both_directions	direct_edge	1	2.9377750108403053	22506125	tr|F7AMC8|F7AMC8_XENTR,tr|H2R4R9|H2R4R9_PANTR
NOX	F7AMC8	H2R4R9	FP	TN	Family0087148	p0_c0_r1	both_directions	direct_edge	1	2.9377750108403053	22506125	tr|F7AMC8|F7AMC8_XENTR,tr|H2R4R9|H2R4R9_PANTR
NOX	F7AMC8	H2R516	FP	TN	Family0087148	p0_c0_r0	both_directions	direct_edge	1	1.455205421646895	22506126	tr|F7AMC8|F7AMC8_XENTR,tr|H2R516|H2R516_PANTR
NOX	F7AMC8	H2R516	FP	TN	Family0087148	p0_c0_r1	both_directions	direct_edge	1	1.455205421646895	22506126	tr|F7AMC8|F7AMC8_XENTR,tr|H2R516|H2R516_PANTR
NOX	F7AMC8	O46522	FP	TN	Family0087148	p0_c0_r0	both_directions	direct_edge	1	2.9465392560993755	869755	tr|F7AMC8|F7AMC8_XENTR,sp|O46522|CY24B_BOVIN
NOX	F7AMC8	O46522	FP	TN	Family0087148	p0_c0_r1	both_directions	direct_edge	1	2.9465392560993755	869755	tr|F7AMC8|F7AMC8_XENTR,sp|O46522|CY24B_BOVIN
NOX	F7AMC8	P04839	FP	TN	Family0087148	p0_c0_r0	both_directions	direct_edge	1	2.9377750108403053	1346792	tr|F7AMC8|F7AMC8_XENTR,sp|P04839|CY24B_HUMAN
NOX	F7AMC8	P04839	FP	TN	Family0087148	p0_c0_r1	both_directions	direct_edge	1	2.9377750108403053	1346792	tr|F7AMC8|F7AMC8_XENTR,sp|P04839|CY24B_HUMAN
NOX	F7AMC8	Q61093	FP	TN	Family0087148	p0_c0_r0	both_directions	direct_edge	1	2.986854784291098	5213534	tr|F7AMC8|F7AMC8_XENTR,sp|Q61093|CY24B_MOUSE
NOX	F7AMC8	Q61093	FP	TN	Family0087148	p0_c0_r1	both_directions	direct_edge	1	2.986854784291098	5213534	tr|F7AMC8|F7AMC8_XENTR,sp|Q61093|CY24B_MOUSE
NOX	F7AMC8	Q672J9	FP	TN	Family0087148	p0_c0_r0	both_directions	direct_edge	1	2.790176491258514	5340310	tr|F7AMC8|F7AMC8_XENTR,sp|Q672J9|NOX3_MOUSE
NOX	F7AMC8	Q672J9	FP	TN	Family0087148	p0_c0_r1	both_directions	direct_edge	1	2.790176491258514	5340310	tr|F7AMC8|F7AMC8_XENTR,sp|Q672J9|NOX3_MOUSE
NOX	F7AMC8	Q672K1	FP	TN	Family0087148	p0_c0_r0	both_directions	direct_edge	1	2.8007120853098364	5340416	tr|F7AMC8|F7AMC8_XENTR,sp|Q672K1|NOX3_RAT
NOX	F7AMC8	Q672K1	FP	TN	Family0087148	p0_c0_r1	both_directions	direct_edge	1	2.8007120853098364	5340416	tr|F7AMC8|F7AMC8_XENTR,sp|Q672K1|NOX3_RAT
NOX	F7AMC8	Q924V1	FP	TN	Family0087148	p0_c0_r0	both_directions	direct_edge	1	1.3838376916378965	6689887	tr|F7AMC8|F7AMC8_XENTR,sp|Q924V1|NOX4_RAT
NOX	F7AMC8	Q924V1	FP	TN	Family0087148	p0_c0_r1	both_directions	direct_edge	1	1.3838376916378965	6689887	tr|F7AMC8|F7AMC8_XENTR,sp|Q924V1|NOX4_RAT
NOX	F7AMC8	Q9ERL1	FP	TN	Family0087148	p0_c0_r0	both_directions	direct_edge	1	2.9675734447211437	22506152	tr|F7AMC8|F7AMC8_XENTR,tr|Q9ERL1|Q9ERL1_RAT
NOX	F7AMC8	Q9ERL1	FP	TN	Family0087148	p0_c0_r1	both_directions	direct_edge	1	2.9675734447211437	22506152	tr|F7AMC8|F7AMC8_XENTR,tr|Q9ERL1|Q9ERL1_RAT
NOX	F7AMC8	Q9HBY0	FP	TN	Family0087148	p0_c0_r0	both_directions	direct_edge	1	2.9060680258230587	7245750	tr|F7AMC8|F7AMC8_XENTR,sp|Q9HBY0|NOX3_HUMAN
NOX	F7AMC8	Q9HBY0	FP	TN	Family0087148	p0_c0_r1	both_directions	direct_edge	1	2.9060680258230587	7245750	tr|F7AMC8|F7AMC8_XENTR,sp|Q9HBY0|NOX3_HUMAN
NOX	F7AMC8	Q9JHI8	FP	TN	Family0087148	p0_c0_r0	both_directions	direct_edge	1	1.3890597206629451	7304883	tr|F7AMC8|F7AMC8_XENTR,sp|Q9JHI8|NOX4_MOUSE
NOX	F7AMC8	Q9JHI8	FP	TN	Family0087148	p0_c0_r1	both_directions	direct_edge	1	1.3890597206629451	7304883	tr|F7AMC8|F7AMC8_XENTR,sp|Q9JHI8|NOX4_MOUSE
NOX	F7AMC8	Q9NPH5	FP	TN	Family0087148	p0_c0_r0	both_directions	direct_edge	1	1.4465020399384805	7495468	tr|F7AMC8|F7AMC8_XENTR,sp|Q9NPH5|NOX4_HUMAN
NOX	F7AMC8	Q9NPH5	FP	TN	Family0087148	p0_c0_r1	both_directions	direct_edge	1	1.4465020399384805	7495468	tr|F7AMC8|F7AMC8_XENTR,sp|Q9NPH5|NOX4_HUMAN
NOX	F7CLH6	F7ELK5	FP	TN	Family0087148	p0_c0_r0	no_direct_hit	indirect_path	2			tr|F7CLH6|F7CLH6_XENTR,sp|Q8CIZ9|NOX1_MOUSE,tr|F7ELK5|F7ELK5_MONDO
NOX	F7CLH6	F7ELK5	FP	TN	Family0087148	p0_c0_r1	no_direct_hit	indirect_path	2			tr|F7CLH6|F7CLH6_XENTR,sp|Q8CIZ9|NOX1_MOUSE,tr|F7ELK5|F7ELK5_MONDO
NOX	F7CLH6	G3QVH2	FP	TN	Family0087148	p0_c0_r0	both_directions	direct_edge	1	1.2294625023142887	22585477	tr|F7CLH6|F7CLH6_XENTR,tr|G3QVH2|G3QVH2_GORGO
NOX	F7CLH6	G3QVH2	FP	TN	Family0087148	p0_c0_r1	both_directions	direct_edge	1	1.2294625023142887	22585477	tr|F7CLH6|F7CLH6_XENTR,tr|G3QVH2|G3QVH2_GORGO
NOX	F7CLH6	G3QXY3	FP	TN	Family0087148	p0_c0_r0	no_direct_hit	indirect_path	2			tr|F7CLH6|F7CLH6_XENTR,sp|Q8CIZ9|NOX1_MOUSE,tr|G3QXY3|G3QXY3_GORGO
NOX	F7CLH6	G3QXY3	FP	TN	Family0087148	p0_c0_r1	no_direct_hit	indirect_path	2			tr|F7CLH6|F7CLH6_XENTR,sp|Q8CIZ9|NOX1_MOUSE,tr|G3QXY3|G3QXY3_GORGO
NOX	F7CLH6	G3RI51	FP	TN	Family0087148	p0_c0_r0	no_direct_hit	indirect_path	2			tr|F7CLH6|F7CLH6_XENTR,sp|Q8CIZ9|NOX1_MOUSE,tr|G3RI51|G3RI51_GORGO
NOX	F7CLH6	G3RI51	FP	TN	Family0087148	p0_c0_r1	no_direct_hit	indirect_path	2			tr|F7CLH6|F7CLH6_XENTR,sp|Q8CIZ9|NOX1_MOUSE,tr|G3RI51|G3RI51_GORGO
NOX	F7CLH6	H2L879	FP	TN	Family0087148	p0_c0_r0	no_direct_hit	indirect_path	2			tr|F7CLH6|F7CLH6_XENTR,sp|Q8CIZ9|NOX1_MOUSE,tr|H2L879|H2L879_ORYLA
NOX	F7CLH6	H2L879	FP	TN	Family0087148	p0_c0_r1	no_direct_hit	indirect_path	2			tr|F7CLH6|F7CLH6_XENTR,sp|Q8CIZ9|NOX1_MOUSE,tr|H2L879|H2L879_ORYLA
NOX	F7CLH6	H2QTY3	FP	TN	Family0087148	p0_c0_r0	no_direct_hit	indirect_path	2			tr|F7CLH6|F7CLH6_XENTR,sp|Q8CIZ9|NOX1_MOUSE,tr|H2QTY3|H2QTY3_PANTR
NOX	F7CLH6	H2QTY3	FP	TN	Family0087148	p0_c0_r1	no_direct_hit	indirect_path	2			tr|F7CLH6|F7CLH6_XENTR,sp|Q8CIZ9|NOX1_MOUSE,tr|H2QTY3|H2QTY3_PANTR
NOX	F7CLH6	H2R4R9	FP	TN	Family0087148	p0_c0_r0	no_direct_hit	indirect_path	2			tr|F7CLH6|F7CLH6_XENTR,sp|Q8CIZ9|NOX1_MOUSE,tr|H2R4R9|H2R4R9_PANTR
NOX	F7CLH6	H2R4R9	FP	TN	Family0087148	p0_c0_r1	no_direct_hit	indirect_path	2			tr|F7CLH6|F7CLH6_XENTR,sp|Q8CIZ9|NOX1_MOUSE,tr|H2R4R9|H2R4R9_PANTR
NOX	F7CLH6	O46522	FP	TN	Family0087148	p0_c0_r0	no_direct_hit	indirect_path	2			tr|F7CLH6|F7CLH6_XENTR,sp|Q8CIZ9|NOX1_MOUSE,sp|O46522|CY24B_BOVIN
NOX	F7CLH6	O46522	FP	TN	Family0087148	p0_c0_r1	no_direct_hit	indirect_path	2			tr|F7CLH6|F7CLH6_XENTR,sp|Q8CIZ9|NOX1_MOUSE,sp|O46522|CY24B_BOVIN
NOX	F7CLH6	P04839	FP	TN	Family0087148	p0_c0_r0	no_direct_hit	indirect_path	2			tr|F7CLH6|F7CLH6_XENTR,sp|Q8CIZ9|NOX1_MOUSE,sp|P04839|CY24B_HUMAN
NOX	F7CLH6	P04839	FP	TN	Family0087148	p0_c0_r1	no_direct_hit	indirect_path	2			tr|F7CLH6|F7CLH6_XENTR,sp|Q8CIZ9|NOX1_MOUSE,sp|P04839|CY24B_HUMAN
NOX	F7CLH6	Q61093	FP	TN	Family0087148	p0_c0_r0	no_direct_hit	indirect_path	2			tr|F7CLH6|F7CLH6_XENTR,sp|Q8CIZ9|NOX1_MOUSE,sp|Q61093|CY24B_MOUSE
NOX	F7CLH6	Q61093	FP	TN	Family0087148	p0_c0_r1	no_direct_hit	indirect_path	2			tr|F7CLH6|F7CLH6_XENTR,sp|Q8CIZ9|NOX1_MOUSE,sp|Q61093|CY24B_MOUSE
NOX	F7CLH6	Q672J9	FP	TN	Family0087148	p0_c0_r0	no_direct_hit	indirect_path	2			tr|F7CLH6|F7CLH6_XENTR,sp|Q8CIZ9|NOX1_MOUSE,sp|Q672J9|NOX3_MOUSE
NOX	F7CLH6	Q672J9	FP	TN	Family0087148	p0_c0_r1	no_direct_hit	indirect_path	2			tr|F7CLH6|F7CLH6_XENTR,sp|Q8CIZ9|NOX1_MOUSE,sp|Q672J9|NOX3_MOUSE
NOX	F7CLH6	Q672K1	FP	TN	Family0087148	p0_c0_r0	no_direct_hit	indirect_path	2			tr|F7CLH6|F7CLH6_XENTR,sp|Q8CIZ9|NOX1_MOUSE,sp|Q672K1|NOX3_RAT
NOX	F7CLH6	Q672K1	FP	TN	Family0087148	p0_c0_r1	no_direct_hit	indirect_path	2			tr|F7CLH6|F7CLH6_XENTR,sp|Q8CIZ9|NOX1_MOUSE,sp|Q672K1|NOX3_RAT
NOX	F7CLH6	Q8CIZ9	FP	TN	Family0087148	p0_c0_r0	both_directions	direct_edge	1	1.1925319467692297	6132840	tr|F7CLH6|F7CLH6_XENTR,sp|Q8CIZ9|NOX1_MOUSE
NOX	F7CLH6	Q8CIZ9	FP	TN	Family0087148	p0_c0_r1	both_directions	direct_edge	1	1.1925319467692297	6132840	tr|F7CLH6|F7CLH6_XENTR,sp|Q8CIZ9|NOX1_MOUSE
NOX	F7CLH6	Q9ERL1	FP	TN	Family0087148	p0_c0_r0	no_direct_hit	indirect_path	2			tr|F7CLH6|F7CLH6_XENTR,sp|Q8CIZ9|NOX1_MOUSE,tr|Q9ERL1|Q9ERL1_RAT
NOX	F7CLH6	Q9ERL1	FP	TN	Family0087148	p0_c0_r1	no_direct_hit	indirect_path	2			tr|F7CLH6|F7CLH6_XENTR,sp|Q8CIZ9|NOX1_MOUSE,tr|Q9ERL1|Q9ERL1_RAT
NOX	F7CLH6	Q9HBY0	FP	TN	Family0087148	p0_c0_r0	no_direct_hit	indirect_path	2			tr|F7CLH6|F7CLH6_XENTR,sp|Q8CIZ9|NOX1_MOUSE,sp|Q9HBY0|NOX3_HUMAN
NOX	F7CLH6	Q9HBY0	FP	TN	Family0087148	p0_c0_r1	no_direct_hit	indirect_path	2			tr|F7CLH6|F7CLH6_XENTR,sp|Q8CIZ9|NOX1_MOUSE,sp|Q9HBY0|NOX3_HUMAN
NOX	F7CLH6	Q9WV87	FP	TN	Family0087148	p0_c0_r0	both_directions	direct_edge	1	1.2200811037128407	7962293	tr|F7CLH6|F7CLH6_XENTR,sp|Q9WV87|NOX1_RAT
NOX	F7CLH6	Q9WV87	FP	TN	Family0087148	p0_c0_r1	both_directions	direct_edge	1	1.2200811037128407	7962293	tr|F7CLH6|F7CLH6_XENTR,sp|Q9WV87|NOX1_RAT
NOX	F7CLH6	Q9Y5S8	FP	TN	Family0087148	p0_c0_r0	both_directions	direct_edge	1	1.2538773605162747	8050106	tr|F7CLH6|F7CLH6_XENTR,sp|Q9Y5S8|NOX1_HUMAN
NOX	F7CLH6	Q9Y5S8	FP	TN	Family0087148	p0_c0_r1	both_directions	direct_edge	1	1.2538773605162747	8050106	tr|F7CLH6|F7CLH6_XENTR,sp|Q9Y5S8|NOX1_HUMAN
NOX	F7ELK5	G3QVH2	FP	TN	Family0087148	p0_c0_r0	both_directions	direct_edge	1	2.844540726876389	22657047	tr|F7ELK5|F7ELK5_MONDO,tr|G3QVH2|G3QVH2_GORGO
NOX	F7ELK5	G3QVH2	FP	TN	Family0087148	p0_c0_r1	both_directions	direct_edge	1	2.844540726876389	22657047	tr|F7ELK5|F7ELK5_MONDO,tr|G3QVH2|G3QVH2_GORGO
NOX	F7ELK5	G3QXY3	FP	TN	Family0087148	p0_c0_r0	both_directions	direct_edge	1	3.177509300860441	22657048	tr|F7ELK5|F7ELK5_MONDO,tr|G3QXY3|G3QXY3_GORGO
NOX	F7ELK5	G3QXY3	FP	TN	Family0087148	p0_c0_r1	both_directions	direct_edge	1	3.177509300860441	22657048	tr|F7ELK5|F7ELK5_MONDO,tr|G3QXY3|G3QXY3_GORGO
NOX	F7ELK5	H2L879	FP	TN	Family0087148	p0_c0_r0	both_directions	direct_edge	1	2.988536513468514	22657051	tr|F7ELK5|F7ELK5_MONDO,tr|H2L879|H2L879_ORYLA
NOX	F7ELK5	H2L879	FP	TN	Family0087148	p0_c0_r1	both_directions	direct_edge	1	2.988536513468514	22657051	tr|F7ELK5|F7ELK5_MONDO,tr|H2L879|H2L879_ORYLA
NOX	F7ELK5	H2M5R6	FP	TN	Family0087148	p0_c0_r0	both_directions	direct_edge	1	1.4342454412736216	22657053	tr|F7ELK5|F7ELK5_MONDO,tr|H2M5R6|H2M5R6_ORYLA
NOX	F7ELK5	H2M5R6	FP	TN	Family0087148	p0_c0_r1	both_directions	direct_edge	1	1.4342454412736216	22657053	tr|F7ELK5|F7ELK5_MONDO,tr|H2M5R6|H2M5R6_ORYLA
NOX	F7ELK5	H2R4R9	FP	TN	Family0087148	p0_c0_r0	both_directions	direct_edge	1	3.177509300860441	22657055	tr|F7ELK5|F7ELK5_MONDO,tr|H2R4R9|H2R4R9_PANTR
NOX	F7ELK5	H2R4R9	FP	TN	Family0087148	p0_c0_r1	both_directions	direct_edge	1	3.177509300860441	22657055	tr|F7ELK5|F7ELK5_MONDO,tr|H2R4R9|H2R4R9_PANTR
NOX	F7ELK5	H2R516	FP	TN	Family0087148	p0_c0_r0	both_directions	direct_edge	1	1.3141861597352522	22657056	tr|F7ELK5|F7ELK5_MONDO,tr|H2R516|H2R516_PANTR
NOX	F7ELK5	H2R516	FP	TN	Family0087148	p0_c0_r1	both_directions	direct_edge	1	1.3141861597352522	22657056	tr|F7ELK5|F7ELK5_MONDO,tr|H2R516|H2R516_PANTR
NOX	F7ELK5	O46522	FP	TN	Family0087148	p0_c0_r0	both_directions	direct_edge	1	3.1687219410682386	869756	tr|F7ELK5|F7ELK5_MONDO,sp|O46522|CY24B_BOVIN
NOX	F7ELK5	O46522	FP	TN	Family0087148	p0_c0_r1	both_directions	direct_edge	1	3.1687219410682386	869756	tr|F7ELK5|F7ELK5_MONDO,sp|O46522|CY24B_BOVIN
NOX	F7ELK5	P04839	FP	TN	Family0087148	p0_c0_r0	both_directions	direct_edge	1	3.177509300860441	1346793	tr|F7ELK5|F7ELK5_MONDO,sp|P04839|CY24B_HUMAN
NOX	F7ELK5	P04839	FP	TN	Family0087148	p0_c0_r1	both_directions	direct_edge	1	3.177509300860441	1346793	tr|F7ELK5|F7ELK5_MONDO,sp|P04839|CY24B_HUMAN
NOX	F7ELK5	Q505H9	FP	TN	Family0087148	p0_c0_r0	both_directions	direct_edge	1	3.1687219410682386	22657069	tr|F7ELK5|F7ELK5_MONDO,tr|Q505H9|Q505H9_XENTR
NOX	F7ELK5	Q505H9	FP	TN	Family0087148	p0_c0_r1	both_directions	direct_edge	1	3.1687219410682386	22657069	tr|F7ELK5|F7ELK5_MONDO,tr|Q505H9|Q505H9_XENTR
NOX	F7ELK5	Q61093	FP	TN	Family0087148	p0_c0_r0	both_directions	direct_edge	1	3.1511472214838334	5213535	tr|F7ELK5|F7ELK5_MONDO,sp|Q61093|CY24B_MOUSE
NOX	F7ELK5	Q61093	FP	TN	Family0087148	p0_c0_r1	both_directions	direct_edge	1	3.1511472214838334	5213535	tr|F7ELK5|F7ELK5_MONDO,sp|Q61093|CY24B_MOUSE
NOX	F7ELK5	Q8CIZ9	FP	TN	Family0087148	p0_c0_r0	both_directions	direct_edge	1	2.770174508021156	6132841	tr|F7ELK5|F7ELK5_MONDO,sp|Q8CIZ9|NOX1_MOUSE
NOX	F7ELK5	Q8CIZ9	FP	TN	Family0087148	p0_c0_r1	both_directions	direct_edge	1	2.770174508021156	6132841	tr|F7ELK5|F7ELK5_MONDO,sp|Q8CIZ9|NOX1_MOUSE
NOX	F7ELK5	Q924V1	FP	TN	Family0087148	p0_c0_r0	both_directions	direct_edge	1	1.2740450154139897	6689889	tr|F7ELK5|F7ELK5_MONDO,sp|Q924V1|NOX4_RAT
NOX	F7ELK5	Q924V1	FP	TN	Family0087148	p0_c0_r1	both_directions	direct_edge	1	1.2740450154139897	6689889	tr|F7ELK5|F7ELK5_MONDO,sp|Q924V1|NOX4_RAT
NOX	F7ELK5	Q9ERL1	FP	TN	Family0087148	p0_c0_r0	both_directions	direct_edge	1	3.1476322775669523	22657073	tr|F7ELK5|F7ELK5_MONDO,tr|Q9ERL1|Q9ERL1_RAT
NOX	F7ELK5	Q9ERL1	FP	TN	Family0087148	p0_c0_r1	both_directions	direct_edge	1	3.1476322775669523	22657073	tr|F7ELK5|F7ELK5_MONDO,tr|Q9ERL1|Q9ERL1_RAT
NOX	F7ELK5	Q9JHI8	FP	TN	Family0087148	p0_c0_r0	both_directions	direct_edge	1	1.2792808168471979	7304885	tr|F7ELK5|F7ELK5_MONDO,sp|Q9JHI8|NOX4_MOUSE
NOX	F7ELK5	Q9JHI8	FP	TN	Family0087148	p0_c0_r1	both_directions	direct_edge	1	1.2792808168471979	7304885	tr|F7ELK5|F7ELK5_MONDO,sp|Q9JHI8|NOX4_MOUSE
NOX	F7ELK5	Q9NPH5	FP	TN	Family0087148	p0_c0_r0	both_directions	direct_edge	1	1.3211672283128633	7495470	tr|F7ELK5|F7ELK5_MONDO,sp|Q9NPH5|NOX4_HUMAN
NOX	F7ELK5	Q9NPH5	FP	TN	Family0087148	p0_c0_r1	both_directions	direct_edge	1	1.3211672283128633	7495470	tr|F7ELK5|F7ELK5_MONDO,sp|Q9NPH5|NOX4_HUMAN
NOX	F7ELK5	Q9WV87	FP	TN	Family0087148	p0_c0_r0	both_directions	direct_edge	1	2.8134669275473763	7962294	tr|F7ELK5|F7ELK5_MONDO,sp|Q9WV87|NOX1_RAT
NOX	F7ELK5	Q9WV87	FP	TN	Family0087148	p0_c0_r1	both_directions	direct_edge	1	2.8134669275473763	7962294	tr|F7ELK5|F7ELK5_MONDO,sp|Q9WV87|NOX1_RAT
NOX	F7ELK5	Q9Y5S8	FP	TN	Family0087148	p0_c0_r0	both_directions	direct_edge	1	2.8604418862191765	8050107	tr|F7ELK5|F7ELK5_MONDO,sp|Q9Y5S8|NOX1_HUMAN
NOX	F7ELK5	Q9Y5S8	FP	TN	Family0087148	p0_c0_r1	both_directions	direct_edge	1	2.8604418862191765	8050107	tr|F7ELK5|F7ELK5_MONDO,sp|Q9Y5S8|NOX1_HUMAN
NOX	G3QVH2	H2L879	FP	TN	Family0087148	p0_c0_r0	both_directions	direct_edge	1	3.0434024338629584	22877587	tr|G3QVH2|G3QVH2_GORGO,tr|H2L879|H2L879_ORYLA
NOX	G3QVH2	H2L879	FP	TN	Family0087148	p0_c0_r1	both_directions	direct_edge	1	3.0434024338629584	22877587	tr|G3QVH2|G3QVH2_GORGO,tr|H2L879|H2L879_ORYLA
NOX	G3QVH2	H2M5R6	FP	TN	Family0087148	p0_c0_r0	both_directions	direct_edge	1	1.423250593590504	22877588	tr|G3QVH2|G3QVH2_GORGO,tr|H2M5R6|H2M5R6_ORYLA
NOX	G3QVH2	H2M5R6	FP	TN	Family0087148	p0_c0_r1	both_directions	direct_edge	1	1.423250593590504	22877588	tr|G3QVH2|G3QVH2_GORGO,tr|H2M5R6|H2M5R6_ORYLA
NOX	G3QVH2	H2QTY3	FP	TN	Family0087148	p0_c0_r0	both_directions	direct_edge	1	2.9558488422759	22877589	tr|G3QVH2|G3QVH2_GORGO,tr|H2QTY3|H2QTY3_PANTR
NOX	G3QVH2	H2QTY3	FP	TN	Family0087148	p0_c0_r1	both_directions	direct_edge	1	2.9558488422759	22877589	tr|G3QVH2|G3QVH2_GORGO,tr|H2QTY3|H2QTY3_PANTR
NOX	G3QVH2	H2R4R9	FP	TN	Family0087148	p0_c0_r0	both_directions	direct_edge	1	3.0300247759858694	22877590	tr|G3QVH2|G3QVH2_GORGO,tr|H2R4R9|H2R4R9_PANTR
NOX	G3QVH2	H2R4R9	FP	TN	Family0087148	p0_c0_r1	both_directions	direct_edge	1	3.0300247759858694	22877590	tr|G3QVH2|G3QVH2_GORGO,tr|H2R4R9|H2R4R9_PANTR
NOX	G3QVH2	H2R516	FP	TN	Family0087148	p0_c0_r0	both_directions	direct_edge	1	1.287312148879203	22877591	tr|G3QVH2|G3QVH2_GORGO,tr|H2R516|H2R516_PANTR
NOX	G3QVH2	H2R516	FP	TN	Family0087148	p0_c0_r1	both_directions	direct_edge	1	1.287312148879203	22877591	tr|G3QVH2|G3QVH2_GORGO,tr|H2R516|H2R516_PANTR
NOX	G3QVH2	O46522	FP	TN	Family0087148	p0_c0_r0	both_directions	direct_edge	1	3.0864629557481207	869758	tr|G3QVH2|G3QVH2_GORGO,sp|O46522|CY24B_BOVIN
NOX	G3QVH2	O46522	FP	TN	Family0087148	p0_c0_r1	both_directions	direct_edge	1	3.0864629557481207	869758	tr|G3QVH2|G3QVH2_GORGO,sp|O46522|CY24B_BOVIN
NOX	G3QVH2	P04839	FP	TN	Family0087148	p0_c0_r0	both_directions	direct_edge	1	3.0300247759858694	1346795	tr|G3QVH2|G3QVH2_GORGO,sp|P04839|CY24B_HUMAN
NOX	G3QVH2	P04839	FP	TN	Family0087148	p0_c0_r1	both_directions	direct_edge	1	3.0300247759858694	1346795	tr|G3QVH2|G3QVH2_GORGO,sp|P04839|CY24B_HUMAN
NOX	G3QVH2	Q505H9	FP	TN	Family0087148	p0_c0_r0	both_directions	direct_edge	1	3.052952786514284	22877610	tr|G3QVH2|G3QVH2_GORGO,tr|Q505H9|Q505H9_XENTR
NOX	G3QVH2	Q505H9	FP	TN	Family0087148	p0_c0_r1	both_directions	direct_edge	1	3.052952786514284	22877610	tr|G3QVH2|G3QVH2_GORGO,tr|Q505H9|Q505H9_XENTR
NOX	G3QVH2	Q61093	FP	TN	Family0087148	p0_c0_r0	both_directions	direct_edge	1	3.061771252102136	5213537	tr|G3QVH2|G3QVH2_GORGO,sp|Q61093|CY24B_MOUSE
NOX	G3QVH2	Q61093	FP	TN	Family0087148	p0_c0_r1	both_directions	direct_edge	1	3.061771252102136	5213537	tr|G3QVH2|G3QVH2_GORGO,sp|Q61093|CY24B_MOUSE
NOX	G3QVH2	Q672J9	FP	TN	Family0087148	p0_c0_r0	both_directions	direct_edge	1	2.7880032714353677	5340313	tr|G3QVH2|G3QVH2_GORGO,sp|Q672J9|NOX3_MOUSE
NOX	G3QVH2	Q672J9	FP	TN	Family0087148	p0_c0_r1	both_directions	direct_edge	1	2.7880032714353677	5340313	tr|G3QVH2|G3QVH2_GORGO,sp|Q672J9|NOX3_MOUSE
NOX	G3QVH2	Q672K1	FP	TN	Family0087148	p0_c0_r0	both_directions	direct_edge	1	2.8074380217432187	5340419	tr|G3QVH2|G3QVH2_GORGO,sp|Q672K1|NOX3_RAT
NOX	G3QVH2	Q672K1	FP	TN	Family0087148	p0_c0_r1	both_directions	direct_edge	1	2.8074380217432187	5340419	tr|G3QVH2|G3QVH2_GORGO,sp|Q672K1|NOX3_RAT
NOX	G3QVH2	Q924V1	FP	TN	Family0087148	p0_c0_r0	both_directions	direct_edge	1	1.2557861370699164	6689891	tr|G3QVH2|G3QVH2_GORGO,sp|Q924V1|NOX4_RAT
NOX	G3QVH2	Q924V1	FP	TN	Family0087148	p0_c0_r1	both_directions	direct_edge	1	1.2557861370699164	6689891	tr|G3QVH2|G3QVH2_GORGO,sp|Q924V1|NOX4_RAT
NOX	G3QVH2	Q9ERL1	FP	TN	Family0087148	p0_c0_r0	both_directions	direct_edge	1	3.0652986383372762	22877619	tr|G3QVH2|G3QVH2_GORGO,tr|Q9ERL1|Q9ERL1_RAT
NOX	G3QVH2	Q9ERL1	FP	TN	Family0087148	p0_c0_r1	both_directions	direct_edge	1	3.0652986383372762	22877619	tr|G3QVH2|G3QVH2_GORGO,tr|Q9ERL1|Q9ERL1_RAT
NOX	G3QVH2	Q9HBY0	FP	TN	Family0087148	p0_c0_r0	both_directions	direct_edge	1	2.9682164106536235	7245753	tr|G3QVH2|G3QVH2_GORGO,sp|Q9HBY0|NOX3_HUMAN
NOX	G3QVH2	Q9HBY0	FP	TN	Family0087148	p0_c0_r1	both_directions	direct_edge	1	2.9682164106536235	7245753	tr|G3QVH2|G3QVH2_GORGO,sp|Q9HBY0|NOX3_HUMAN
NOX	G3QVH2	Q9JHI8	FP	TN	Family0087148	p0_c0_r0	both_directions	direct_edge	1	1.2768034782761075	7304887	tr|G3QVH2|G3QVH2_GORGO,sp|Q9JHI8|NOX4_MOUSE
NOX	G3QVH2	Q9JHI8	FP	TN	Family0087148	p0_c0_r1	both_directions	direct_edge	1	1.2768034782761075	7304887	tr|G3QVH2|G3QVH2_GORGO,sp|Q9JHI8|NOX4_MOUSE
NOX	G3QVH2	Q9NPH5	FP	TN	Family0087148	p0_c0_r0	both_directions	direct_edge	1	1.2768034782761075	7495472	tr|G3QVH2|G3QVH2_GORGO,sp|Q9NPH5|NOX4_HUMAN
NOX	G3QVH2	Q9NPH5	FP	TN	Family0087148	p0_c0_r1	both_directions	direct_edge	1	1.2768034782761075	7495472	tr|G3QVH2|G3QVH2_GORGO,sp|Q9NPH5|NOX4_HUMAN
NOX	G3QXY3	H2M5R6	FP	TN	Family0087148	p0_c0_r0	both_directions	direct_edge	1	1.4672537349264305	22889624	tr|G3QXY3|G3QXY3_GORGO,tr|H2M5R6|H2M5R6_ORYLA
NOX	G3QXY3	H2M5R6	FP	TN	Family0087148	p0_c0_r1	both_directions	direct_edge	1	1.4672537349264305	22889624	tr|G3QXY3|G3QXY3_GORGO,tr|H2M5R6|H2M5R6_ORYLA
NOX	G3QXY3	H2QTY3	FP	TN	Family0087148	p0_c0_r0	both_directions	direct_edge	1	3.203871380237049	22889625	tr|G3QXY3|G3QXY3_GORGO,tr|H2QTY3|H2QTY3_PANTR
NOX	G3QXY3	H2QTY3	FP	TN	Family0087148	p0_c0_r1	both_directions	direct_edge	1	3.203871380237049	22889625	tr|G3QXY3|G3QXY3_GORGO,tr|H2QTY3|H2QTY3_PANTR
NOX	G3QXY3	H2R516	FP	TN	Family0087148	p0_c0_r0	both_directions	direct_edge	1	1.3763400394990675	22889627	tr|G3QXY3|G3QXY3_GORGO,tr|H2R516|H2R516_PANTR
NOX	G3QXY3	H2R516	FP	TN	Family0087148	p0_c0_r1	both_directions	direct_edge	1	1.3763400394990675	22889627	tr|G3QXY3|G3QXY3_GORGO,tr|H2R516|H2R516_PANTR
NOX	G3QXY3	Q672J9	FP	TN	Family0087148	p0_c0_r0	both_directions	direct_edge	1	3.063273623561808	5340314	tr|G3QXY3|G3QXY3_GORGO,sp|Q672J9|NOX3_MOUSE
NOX	G3QXY3	Q672J9	FP	TN	Family0087148	p0_c0_r1	both_directions	direct_edge	1	3.063273623561808	5340314	tr|G3QXY3|G3QXY3_GORGO,sp|Q672J9|NOX3_MOUSE
NOX	G3QXY3	Q672K1	FP	TN	Family0087148	p0_c0_r0	both_directions	direct_edge	1	3.1107253664397017	5340420	tr|G3QXY3|G3QXY3_GORGO,sp|Q672K1|NOX3_RAT
NOX	G3QXY3	Q672K1	FP	TN	Family0087148	p0_c0_r1	both_directions	direct_edge	1	3.1107253664397017	5340420	tr|G3QXY3|G3QXY3_GORGO,sp|Q672K1|NOX3_RAT
NOX	G3QXY3	Q8CIZ9	FP	TN	Family0087148	p0_c0_r0	both_directions	direct_edge	1	2.8152753900310725	6132844	tr|G3QXY3|G3QXY3_GORGO,sp|Q8CIZ9|NOX1_MOUSE
NOX	G3QXY3	Q8CIZ9	FP	TN	Family0087148	p0_c0_r1	both_directions	direct_edge	1	2.8152753900310725	6132844	tr|G3QXY3|G3QXY3_GORGO,sp|Q8CIZ9|NOX1_MOUSE
NOX	G3QXY3	Q924V1	FP	TN	Family0087148	p0_c0_r0	both_directions	direct_edge	1	1.351949203356046	6689892	tr|G3QXY3|G3QXY3_GORGO,sp|Q924V1|NOX4_RAT
NOX	G3QXY3	Q924V1	FP	TN	Family0087148	p0_c0_r1	both_directions	direct_edge	1	1.351949203356046	6689892	tr|G3QXY3|G3QXY3_GORGO,sp|Q924V1|NOX4_RAT
NOX	G3QXY3	Q9HBY0	FP	TN	Family0087148	p0_c0_r0	both_directions	direct_edge	1	3.2302334596136566	7245754	tr|G3QXY3|G3QXY3_GORGO,sp|Q9HBY0|NOX3_HUMAN
NOX	G3QXY3	Q9HBY0	FP	TN	Family0087148	p0_c0_r1	both_directions	direct_edge	1	3.2302334596136566	7245754	tr|G3QXY3|G3QXY3_GORGO,sp|Q9HBY0|NOX3_HUMAN
NOX	G3QXY3	Q9JHI8	FP	TN	Family0087148	p0_c0_r0	both_directions	direct_edge	1	1.343238190447824	7304888	tr|G3QXY3|G3QXY3_GORGO,sp|Q9JHI8|NOX4_MOUSE
NOX	G3QXY3	Q9JHI8	FP	TN	Family0087148	p0_c0_r1	both_directions	direct_edge	1	1.343238190447824	7304888	tr|G3QXY3|G3QXY3_GORGO,sp|Q9JHI8|NOX4_MOUSE
NOX	G3QXY3	Q9NPH5	FP	TN	Family0087148	p0_c0_r0	both_directions	direct_edge	1	1.4007308756420889	7495473	tr|G3QXY3|G3QXY3_GORGO,sp|Q9NPH5|NOX4_HUMAN
NOX	G3QXY3	Q9NPH5	FP	TN	Family0087148	p0_c0_r1	both_directions	direct_edge	1	1.4007308756420889	7495473	tr|G3QXY3|G3QXY3_GORGO,sp|Q9NPH5|NOX4_HUMAN
NOX	G3QXY3	Q9WV87	FP	TN	Family0087148	p0_c0_r0	both_directions	direct_edge	1	2.866780222301281	7962297	tr|G3QXY3|G3QXY3_GORGO,sp|Q9WV87|NOX1_RAT
NOX	G3QXY3	Q9WV87	FP	TN	Family0087148	p0_c0_r1	both_directions	direct_edge	1	2.866780222301281	7962297	tr|G3QXY3|G3QXY3_GORGO,sp|Q9WV87|NOX1_RAT
NOX	G3QXY3	Q9Y5S8	FP	TN	Family0087148	p0_c0_r0	both_directions	direct_edge	1	3.044134320926432	8050110	tr|G3QXY3|G3QXY3_GORGO,sp|Q9Y5S8|NOX1_HUMAN
NOX	G3QXY3	Q9Y5S8	FP	TN	Family0087148	p0_c0_r1	both_directions	direct_edge	1	3.044134320926432	8050110	tr|G3QXY3|G3QXY3_GORGO,sp|Q9Y5S8|NOX1_HUMAN
NOX	G3RI51	H2L879	FP	TN	Family0087148	p0_c0_r0	both_directions	direct_edge	1	2.9708842009258762	22991195	tr|G3RI51|G3RI51_GORGO,tr|H2L879|H2L879_ORYLA
NOX	G3RI51	H2L879	FP	TN	Family0087148	p0_c0_r1	both_directions	direct_edge	1	2.9708842009258762	22991195	tr|G3RI51|G3RI51_GORGO,tr|H2L879|H2L879_ORYLA
NOX	G3RI51	H2M5R6	FP	TN	Family0087148	p0_c0_r0	both_directions	direct_edge	1	1.4306865195831162	22991197	tr|G3RI51|G3RI51_GORGO,tr|H2M5R6|H2M5R6_ORYLA
NOX	G3RI51	H2M5R6	FP	TN	Family0087148	p0_c0_r1	both_directions	direct_edge	1	1.4306865195831162	22991197	tr|G3RI51|G3RI51_GORGO,tr|H2M5R6|H2M5R6_ORYLA
NOX	G3RI51	H2R4R9	FP	TN	Family0087148	p0_c0_r0	both_directions	direct_edge	1	3.203871380237049	22991199	tr|G3RI51|G3RI51_GORGO,tr|H2R4R9|H2R4R9_PANTR
NOX	G3RI51	H2R4R9	FP	TN	Family0087148	p0_c0_r1	both_directions	direct_edge	1	3.203871380237049	22991199	tr|G3RI51|G3RI51_GORGO,tr|H2R4R9|H2R4R9_PANTR
NOX	G3RI51	H2R516	FP	TN	Family0087148	p0_c0_r0	both_directions	direct_edge	1	1.3019692897244333	22991200	tr|G3RI51|G3RI51_GORGO,tr|H2R516|H2R516_PANTR
NOX	G3RI51	H2R516	FP	TN	Family0087148	p0_c0_r1	both_directions	direct_edge	1	1.3019692897244333	22991200	tr|G3RI51|G3RI51_GORGO,tr|H2R516|H2R516_PANTR
NOX	G3RI51	O46522	FP	TN	Family0087148	p0_c0_r0	both_directions	direct_edge	1	3.1722368849851197	869761	tr|G3RI51|G3RI51_GORGO,sp|O46522|CY24B_BOVIN
NOX	G3RI51	O46522	FP	TN	Family0087148	p0_c0_r1	both_directions	direct_edge	1	3.1722368849851197	869761	tr|G3RI51|G3RI51_GORGO,sp|O46522|CY24B_BOVIN
NOX	G3RI51	P04839	FP	TN	Family0087148	p0_c0_r0	both_directions	direct_edge	1	3.203871380237049	1346798	tr|G3RI51|G3RI51_GORGO,sp|P04839|CY24B_HUMAN
NOX	G3RI51	P04839	FP	TN	Family0087148	p0_c0_r1	both_directions	direct_edge	1	3.203871380237049	1346798	tr|G3RI51|G3RI51_GORGO,sp|P04839|CY24B_HUMAN
NOX	G3RI51	Q505H9	FP	TN	Family0087148	p0_c0_r0	both_directions	direct_edge	1	3.193326548486406	22991213	tr|G3RI51|G3RI51_GORGO,tr|Q505H9|Q505H9_XENTR
NOX	G3RI51	Q505H9	FP	TN	Family0087148	p0_c0_r1	both_directions	direct_edge	1	3.193326548486406	22991213	tr|G3RI51|G3RI51_GORGO,tr|Q505H9|Q505H9_XENTR
NOX	G3RI51	Q61093	FP	TN	Family0087148	p0_c0_r0	both_directions	direct_edge	1	3.1968414924032866	5213540	tr|G3RI51|G3RI51_GORGO,sp|Q61093|CY24B_MOUSE
NOX	G3RI51	Q61093	FP	TN	Family0087148	p0_c0_r1	both_directions	direct_edge	1	3.1968414924032866	5213540	tr|G3RI51|G3RI51_GORGO,sp|Q61093|CY24B_MOUSE
NOX	G3RI51	Q8CIZ9	FP	TN	Family0087148	p0_c0_r0	both_directions	direct_edge	1	2.861650675575749	6132846	tr|G3RI51|G3RI51_GORGO,sp|Q8CIZ9|NOX1_MOUSE
NOX	G3RI51	Q8CIZ9	FP	TN	Family0087148	p0_c0_r1	both_directions	direct_edge	1	2.861650675575749	6132846	tr|G3RI51|G3RI51_GORGO,sp|Q8CIZ9|NOX1_MOUSE
NOX	G3RI51	Q924V1	FP	TN	Family0087148	p0_c0_r0	both_directions	direct_edge	1	1.2757902825583924	6689893	tr|G3RI51|G3RI51_GORGO,sp|Q924V1|NOX4_RAT
NOX	G3RI51	Q924V1	FP	TN	Family0087148	p0_c0_r1	both_directions	direct_edge	1	1.2757902825583924	6689893	tr|G3RI51|G3RI51_GORGO,sp|Q924V1|NOX4_RAT
NOX	G3RI51	Q9ERL1	FP	TN	Family0087148	p0_c0_r0	both_directions	direct_edge	1	3.2109012680708107	22991216	tr|G3RI51|G3RI51_GORGO,tr|Q9ERL1|Q9ERL1_RAT
NOX	G3RI51	Q9ERL1	FP	TN	Family0087148	p0_c0_r1	both_directions	direct_edge	1	3.2109012680708107	22991216	tr|G3RI51|G3RI51_GORGO,tr|Q9ERL1|Q9ERL1_RAT
NOX	G3RI51	Q9JHI8	FP	TN	Family0087148	p0_c0_r0	both_directions	direct_edge	1	1.2792808168471979	7304889	tr|G3RI51|G3RI51_GORGO,sp|Q9JHI8|NOX4_MOUSE
NOX	G3RI51	Q9JHI8	FP	TN	Family0087148	p0_c0_r1	both_directions	direct_edge	1	1.2792808168471979	7304889	tr|G3RI51|G3RI51_GORGO,sp|Q9JHI8|NOX4_MOUSE
NOX	G3RI51	Q9NPH5	FP	TN	Family0087148	p0_c0_r0	both_directions	direct_edge	1	1.303714556868836	7495474	tr|G3RI51|G3RI51_GORGO,sp|Q9NPH5|NOX4_HUMAN
NOX	G3RI51	Q9NPH5	FP	TN	Family0087148	p0_c0_r1	both_directions	direct_edge	1	1.303714556868836	7495474	tr|G3RI51|G3RI51_GORGO,sp|Q9NPH5|NOX4_HUMAN
NOX	G3RI51	Q9WV87	FP	TN	Family0087148	p0_c0_r0	both_directions	direct_edge	1	2.9001167574969813	7962299	tr|G3RI51|G3RI51_GORGO,sp|Q9WV87|NOX1_RAT
NOX	G3RI51	Q9WV87	FP	TN	Family0087148	p0_c0_r1	both_directions	direct_edge	1	2.9001167574969813	7962299	tr|G3RI51|G3RI51_GORGO,sp|Q9WV87|NOX1_RAT
NOX	G3RI51	Q9Y5S8	FP	TN	Family0087148	p0_c0_r0	both_directions	direct_edge	1	2.957615637758432	8050112	tr|G3RI51|G3RI51_GORGO,sp|Q9Y5S8|NOX1_HUMAN
NOX	G3RI51	Q9Y5S8	FP	TN	Family0087148	p0_c0_r1	both_directions	direct_edge	1	2.957615637758432	8050112	tr|G3RI51|G3RI51_GORGO,sp|Q9Y5S8|NOX1_HUMAN
NOX	H2L879	H2QTY3	FP	TN	Family0087148	p0_c0_r0	both_directions	direct_edge	1	2.9532318883832387	23204491	tr|H2L879|H2L879_ORYLA,tr|H2QTY3|H2QTY3_PANTR
NOX	H2L879	H2QTY3	FP	TN	Family0087148	p0_c0_r1	both_directions	direct_edge	1	2.9532318883832387	23204491	tr|H2L879|H2L879_ORYLA,tr|H2QTY3|H2QTY3_PANTR
NOX	H2L879	H2R516	FP	TN	Family0087148	p0_c0_r0	no_direct_hit	indirect_path	2			tr|H2L879|H2L879_ORYLA,sp|O46522|CY24B_BOVIN,tr|H2R516|H2R516_PANTR
NOX	H2L879	H2R516	FP	TN	Family0087148	p0_c0_r1	no_direct_hit	indirect_path	2			tr|H2L879|H2L879_ORYLA,sp|O46522|CY24B_BOVIN,tr|H2R516|H2R516_PANTR
NOX	H2L879	Q672J9	FP	TN	Family0087148	p0_c0_r0	both_directions	direct_edge	1	2.806717694279348	5340317	tr|H2L879|H2L879_ORYLA,sp|Q672J9|NOX3_MOUSE
NOX	H2L879	Q672J9	FP	TN	Family0087148	p0_c0_r1	both_directions	direct_edge	1	2.806717694279348	5340317	tr|H2L879|H2L879_ORYLA,sp|Q672J9|NOX3_MOUSE
NOX	H2L879	Q672K1	FP	TN	Family0087148	p0_c0_r0	both_directions	direct_edge	1	2.872031250687107	5340423	tr|H2L879|H2L879_ORYLA,sp|Q672K1|NOX3_RAT
NOX	H2L879	Q672K1	FP	TN	Family0087148	p0_c0_r1	both_directions	direct_edge	1	2.872031250687107	5340423	tr|H2L879|H2L879_ORYLA,sp|Q672K1|NOX3_RAT
NOX	H2L879	Q8CIZ9	FP	TN	Family0087148	p0_c0_r0	both_directions	direct_edge	1	2.8450103380704252	6132847	tr|H2L879|H2L879_ORYLA,sp|Q8CIZ9|NOX1_MOUSE
NOX	H2L879	Q8CIZ9	FP	TN	Family0087148	p0_c0_r1	both_directions	direct_edge	1	2.8450103380704252	6132847	tr|H2L879|H2L879_ORYLA,sp|Q8CIZ9|NOX1_MOUSE
NOX	H2L879	Q924V1	FP	TN	Family0087148	p0_c0_r0	no_direct_hit	indirect_path	2			tr|H2L879|H2L879_ORYLA,sp|O46522|CY24B_BOVIN,sp|Q924V1|NOX4_RAT
NOX	H2L879	Q924V1	FP	TN	Family0087148	p0_c0_r1	no_direct_hit	indirect_path	2			tr|H2L879|H2L879_ORYLA,sp|O46522|CY24B_BOVIN,sp|Q924V1|NOX4_RAT
NOX	H2L879	Q9HBY0	FP	TN	Family0087148	p0_c0_r0	both_directions	direct_edge	1	2.9814755884514588	7245757	tr|H2L879|H2L879_ORYLA,sp|Q9HBY0|NOX3_HUMAN
NOX	H2L879	Q9HBY0	FP	TN	Family0087148	p0_c0_r1	both_directions	direct_edge	1	2.9814755884514588	7245757	tr|H2L879|H2L879_ORYLA,sp|Q9HBY0|NOX3_HUMAN
NOX	H2L879	Q9JHI8	FP	TN	Family0087148	p0_c0_r0	no_direct_hit	indirect_path	2			tr|H2L879|H2L879_ORYLA,sp|O46522|CY24B_BOVIN,sp|Q9JHI8|NOX4_MOUSE
NOX	H2L879	Q9JHI8	FP	TN	Family0087148	p0_c0_r1	no_direct_hit	indirect_path	2			tr|H2L879|H2L879_ORYLA,sp|O46522|CY24B_BOVIN,sp|Q9JHI8|NOX4_MOUSE
NOX	H2L879	Q9NPH5	FP	TN	Family0087148	p0_c0_r0	no_direct_hit	indirect_path	2			tr|H2L879|H2L879_ORYLA,sp|O46522|CY24B_BOVIN,sp|Q9NPH5|NOX4_HUMAN
NOX	H2L879	Q9NPH5	FP	TN	Family0087148	p0_c0_r1	no_direct_hit	indirect_path	2			tr|H2L879|H2L879_ORYLA,sp|O46522|CY24B_BOVIN,sp|Q9NPH5|NOX4_HUMAN
NOX	H2L879	Q9WV87	FP	TN	Family0087148	p0_c0_r0	both_directions	direct_edge	1	2.900713779356011	7962300	tr|H2L879|H2L879_ORYLA,sp|Q9WV87|NOX1_RAT
NOX	H2L879	Q9WV87	FP	TN	Family0087148	p0_c0_r1	both_directions	direct_edge	1	2.900713779356011	7962300	tr|H2L879|H2L879_ORYLA,sp|Q9WV87|NOX1_RAT
NOX	H2L879	Q9Y5S8	FP	TN	Family0087148	p0_c0_r0	both_directions	direct_edge	1	3.0345450344628917	8050113	tr|H2L879|H2L879_ORYLA,sp|Q9Y5S8|NOX1_HUMAN
NOX	H2L879	Q9Y5S8	FP	TN	Family0087148	p0_c0_r1	both_directions	direct_edge	1	3.0345450344628917	8050113	tr|H2L879|H2L879_ORYLA,sp|Q9Y5S8|NOX1_HUMAN
NOX	H2M5R6	H2QTY3	FP	TN	Family0087148	p0_c0_r0	both_directions	direct_edge	1	1.4591578931071585	23305676	tr|H2M5R6|H2M5R6_ORYLA,tr|H2QTY3|H2QTY3_PANTR
NOX	H2M5R6	H2QTY3	FP	TN	Family0087148	p0_c0_r1	both_directions	direct_edge	1	1.4591578931071585	23305676	tr|H2M5R6|H2M5R6_ORYLA,tr|H2QTY3|H2QTY3_PANTR
NOX	H2M5R6	H2R4R9	FP	TN	Family0087148	p0_c0_r0	both_directions	direct_edge	1	1.4672537349264305	23305677	tr|H2M5R6|H2M5R6_ORYLA,tr|H2R4R9|H2R4R9_PANTR
NOX	H2M5R6	H2R4R9	FP	TN	Family0087148	p0_c0_r1	both_directions	direct_edge	1	1.4672537349264305	23305677	tr|H2M5R6|H2M5R6_ORYLA,tr|H2R4R9|H2R4R9_PANTR
NOX	H2M5R6	O46522	FP	TN	Family0087148	p0_c0_r0	both_directions	direct_edge	1	1.493898778538896	869764	tr|H2M5R6|H2M5R6_ORYLA,sp|O46522|CY24B_BOVIN
NOX	H2M5R6	O46522	FP	TN	Family0087148	p0_c0_r1	both_directions	direct_edge	1	1.493898778538896	869764	tr|H2M5R6|H2M5R6_ORYLA,sp|O46522|CY24B_BOVIN
NOX	H2M5R6	P04839	FP	TN	Family0087148	p0_c0_r0	both_directions	direct_edge	1	1.4672537349264305	1346801	tr|H2M5R6|H2M5R6_ORYLA,sp|P04839|CY24B_HUMAN
NOX	H2M5R6	P04839	FP	TN	Family0087148	p0_c0_r1	both_directions	direct_edge	1	1.4672537349264305	1346801	tr|H2M5R6|H2M5R6_ORYLA,sp|P04839|CY24B_HUMAN
NOX	H2M5R6	Q505H9	FP	TN	Family0087148	p0_c0_r0	both_directions	direct_edge	1	1.4850170973347407	23305686	tr|H2M5R6|H2M5R6_ORYLA,tr|Q505H9|Q505H9_XENTR
NOX	H2M5R6	Q505H9	FP	TN	Family0087148	p0_c0_r1	both_directions	direct_edge	1	1.4850170973347407	23305686	tr|H2M5R6|H2M5R6_ORYLA,tr|Q505H9|Q505H9_XENTR
NOX	H2M5R6	Q61093	FP	TN	Family0087148	p0_c0_r0	both_directions	direct_edge	1	1.50100412350222	5213542	tr|H2M5R6|H2M5R6_ORYLA,sp|Q61093|CY24B_MOUSE
NOX	H2M5R6	Q61093	FP	TN	Family0087148	p0_c0_r1	both_directions	direct_edge	1	1.50100412350222	5213542	tr|H2M5R6|H2M5R6_ORYLA,sp|Q61093|CY24B_MOUSE
NOX	H2M5R6	Q672J9	FP	TN	Family0087148	p0_c0_r0	both_directions	direct_edge	1	1.466275736488169	5340319	tr|H2M5R6|H2M5R6_ORYLA,sp|Q672J9|NOX3_MOUSE
NOX	H2M5R6	Q672J9	FP	TN	Family0087148	p0_c0_r1	both_directions	direct_edge	1	1.466275736488169	5340319	tr|H2M5R6|H2M5R6_ORYLA,sp|Q672J9|NOX3_MOUSE
NOX	H2M5R6	Q672K1	FP	TN	Family0087148	p0_c0_r0	both_directions	direct_edge	1	1.4644962756429163	5340425	tr|H2M5R6|H2M5R6_ORYLA,sp|Q672K1|NOX3_RAT
NOX	H2M5R6	Q672K1	FP	TN	Family0087148	p0_c0_r1	both_directions	direct_edge	1	1.4644962756429163	5340425	tr|H2M5R6|H2M5R6_ORYLA,sp|Q672K1|NOX3_RAT
NOX	H2M5R6	Q8CIZ9	FP	TN	Family0087148	p0_c0_r0	both_directions	direct_edge	1	1.4078046601772611	6132848	tr|H2M5R6|H2M5R6_ORYLA,sp|Q8CIZ9|NOX1_MOUSE
NOX	H2M5R6	Q8CIZ9	FP	TN	Family0087148	p0_c0_r1	both_directions	direct_edge	1	1.4078046601772611	6132848	tr|H2M5R6|H2M5R6_ORYLA,sp|Q8CIZ9|NOX1_MOUSE
NOX	H2M5R6	Q9ERL1	FP	TN	Family0087148	p0_c0_r0	both_directions	direct_edge	1	1.5081094684655443	23305693	tr|H2M5R6|H2M5R6_ORYLA,tr|Q9ERL1|Q9ERL1_RAT
NOX	H2M5R6	Q9ERL1	FP	TN	Family0087148	p0_c0_r1	both_directions	direct_edge	1	1.5081094684655443	23305693	tr|H2M5R6|H2M5R6_ORYLA,tr|Q9ERL1|Q9ERL1_RAT
NOX	H2M5R6	Q9HBY0	FP	TN	Family0087148	p0_c0_r0	both_directions	direct_edge	1	1.4520400497261479	7245759	tr|H2M5R6|H2M5R6_ORYLA,sp|Q9HBY0|NOX3_HUMAN
NOX	H2M5R6	Q9HBY0	FP	TN	Family0087148	p0_c0_r1	both_directions	direct_edge	1	1.4520400497261479	7245759	tr|H2M5R6|H2M5R6_ORYLA,sp|Q9HBY0|NOX3_HUMAN
NOX	H2M5R6	Q9WV87	FP	TN	Family0087148	p0_c0_r0	both_directions	direct_edge	1	1.4370254363996584	7962301	tr|H2M5R6|H2M5R6_ORYLA,sp|Q9WV87|NOX1_RAT
NOX	H2M5R6	Q9WV87	FP	TN	Family0087148	p0_c0_r1	both_directions	direct_edge	1	1.4370254363996584	7962301	tr|H2M5R6|H2M5R6_ORYLA,sp|Q9WV87|NOX1_RAT
NOX	H2M5R6	Q9Y5S8	FP	TN	Family0087148	p0_c0_r0	both_directions	direct_edge	1	1.4482512313700109	8050114	tr|H2M5R6|H2M5R6_ORYLA,sp|Q9Y5S8|NOX1_HUMAN
NOX	H2M5R6	Q9Y5S8	FP	TN	Family0087148	p0_c0_r1	both_directions	direct_edge	1	1.4482512313700109	8050114	tr|H2M5R6|H2M5R6_ORYLA,sp|Q9Y5S8|NOX1_HUMAN
NOX	H2QTY3	O46522	FP	TN	Family0087148	p0_c0_r0	both_directions	direct_edge	1	3.1616920532344768	869765	tr|H2QTY3|H2QTY3_PANTR,sp|O46522|CY24B_BOVIN
NOX	H2QTY3	O46522	FP	TN	Family0087148	p0_c0_r1	both_directions	direct_edge	1	3.1616920532344768	869765	tr|H2QTY3|H2QTY3_PANTR,sp|O46522|CY24B_BOVIN
NOX	H2QTY3	P04839	FP	TN	Family0087148	p0_c0_r0	both_directions	direct_edge	1	3.203871380237049	1346802	tr|H2QTY3|H2QTY3_PANTR,sp|P04839|CY24B_HUMAN
NOX	H2QTY3	P04839	FP	TN	Family0087148	p0_c0_r1	both_directions	direct_edge	1	3.203871380237049	1346802	tr|H2QTY3|H2QTY3_PANTR,sp|P04839|CY24B_HUMAN
NOX	H2QTY3	Q505H9	FP	TN	Family0087148	p0_c0_r0	both_directions	direct_edge	1	3.1950840204448463	23509055	tr|H2QTY3|H2QTY3_PANTR,tr|Q505H9|Q505H9_XENTR
NOX	H2QTY3	Q505H9	FP	TN	Family0087148	p0_c0_r1	both_directions	direct_edge	1	3.1950840204448463	23509055	tr|H2QTY3|H2QTY3_PANTR,tr|Q505H9|Q505H9_XENTR
NOX	H2QTY3	Q61093	FP	TN	Family0087148	p0_c0_r0	both_directions	direct_edge	1	3.1950840204448463	5213543	tr|H2QTY3|H2QTY3_PANTR,sp|Q61093|CY24B_MOUSE
NOX	H2QTY3	Q61093	FP	TN	Family0087148	p0_c0_r1	both_directions	direct_edge	1	3.1950840204448463	5213543	tr|H2QTY3|H2QTY3_PANTR,sp|Q61093|CY24B_MOUSE
NOX	H2QTY3	Q8CIZ9	FP	TN	Family0087148	p0_c0_r0	both_directions	direct_edge	1	2.8789103298313323	6132849	tr|H2QTY3|H2QTY3_PANTR,sp|Q8CIZ9|NOX1_MOUSE
NOX	H2QTY3	Q8CIZ9	FP	TN	Family0087148	p0_c0_r1	both_directions	direct_edge	1	2.8789103298313323	6132849	tr|H2QTY3|H2QTY3_PANTR,sp|Q8CIZ9|NOX1_MOUSE
NOX	H2QTY3	Q924V1	FP	TN	Family0087148	p0_c0_r0	both_directions	direct_edge	1	1.3002240225800306	6689895	tr|H2QTY3|H2QTY3_PANTR,sp|Q924V1|NOX4_RAT
NOX	H2QTY3	Q924V1	FP	TN	Family0087148	p0_c0_r1	both_directions	direct_edge	1	1.3002240225800306	6689895	tr|H2QTY3|H2QTY3_PANTR,sp|Q924V1|NOX4_RAT
NOX	H2QTY3	Q9ERL1	FP	TN	Family0087148	p0_c0_r0	both_directions	direct_edge	1	3.2109012680708107	23509061	tr|H2QTY3|H2QTY3_PANTR,tr|Q9ERL1|Q9ERL1_RAT
NOX	H2QTY3	Q9ERL1	FP	TN	Family0087148	p0_c0_r1	both_directions	direct_edge	1	3.2109012680708107	23509061	tr|H2QTY3|H2QTY3_PANTR,tr|Q9ERL1|Q9ERL1_RAT
NOX	H2QTY3	Q9JHI8	FP	TN	Family0087148	p0_c0_r0	both_directions	direct_edge	1	1.3072050911576414	7304891	tr|H2QTY3|H2QTY3_PANTR,sp|Q9JHI8|NOX4_MOUSE
NOX	H2QTY3	Q9JHI8	FP	TN	Family0087148	p0_c0_r1	both_directions	direct_edge	1	1.3072050911576414	7304891	tr|H2QTY3|H2QTY3_PANTR,sp|Q9JHI8|NOX4_MOUSE
NOX	H2QTY3	Q9NPH5	FP	TN	Family0087148	p0_c0_r0	both_directions	direct_edge	1	1.328148296890474	7495476	tr|H2QTY3|H2QTY3_PANTR,sp|Q9NPH5|NOX4_HUMAN
NOX	H2QTY3	Q9NPH5	FP	TN	Family0087148	p0_c0_r1	both_directions	direct_edge	1	1.328148296890474	7495476	tr|H2QTY3|H2QTY3_PANTR,sp|Q9NPH5|NOX4_HUMAN
NOX	H2QTY3	Q9WV87	FP	TN	Family0087148	p0_c0_r0	both_directions	direct_edge	1	2.9178003962622068	7962302	tr|H2QTY3|H2QTY3_PANTR,sp|Q9WV87|NOX1_RAT
NOX	H2QTY3	Q9WV87	FP	TN	Family0087148	p0_c0_r1	both_directions	direct_edge	1	2.9178003962622068	7962302	tr|H2QTY3|H2QTY3_PANTR,sp|Q9WV87|NOX1_RAT
NOX	H2QTY3	Q9Y5S8	FP	TN	Family0087148	p0_c0_r0	both_directions	direct_edge	1	2.9646828196885595	8050115	tr|H2QTY3|H2QTY3_PANTR,sp|Q9Y5S8|NOX1_HUMAN
NOX	H2QTY3	Q9Y5S8	FP	TN	Family0087148	p0_c0_r1	both_directions	direct_edge	1	2.9646828196885595	8050115	tr|H2QTY3|H2QTY3_PANTR,sp|Q9Y5S8|NOX1_HUMAN
NOX	H2R4R9	Q672J9	FP	TN	Family0087148	p0_c0_r0	both_directions	direct_edge	1	3.063273623561808	5340321	tr|H2R4R9|H2R4R9_PANTR,sp|Q672J9|NOX3_MOUSE
NOX	H2R4R9	Q672J9	FP	TN	Family0087148	p0_c0_r1	both_directions	direct_edge	1	3.063273623561808	5340321	tr|H2R4R9|H2R4R9_PANTR,sp|Q672J9|NOX3_MOUSE
NOX	H2R4R9	Q672K1	FP	TN	Family0087148	p0_c0_r0	both_directions	direct_edge	1	3.1107253664397017	5340427	tr|H2R4R9|H2R4R9_PANTR,sp|Q672K1|NOX3_RAT
NOX	H2R4R9	Q672K1	FP	TN	Family0087148	p0_c0_r1	both_directions	direct_edge	1	3.1107253664397017	5340427	tr|H2R4R9|H2R4R9_PANTR,sp|Q672K1|NOX3_RAT
NOX	H2R4R9	Q8CIZ9	FP	TN	Family0087148	p0_c0_r0	both_directions	direct_edge	1	2.8152753900310725	6132850	tr|H2R4R9|H2R4R9_PANTR,sp|Q8CIZ9|NOX1_MOUSE
NOX	H2R4R9	Q8CIZ9	FP	TN	Family0087148	p0_c0_r1	both_directions	direct_edge	1	2.8152753900310725	6132850	tr|H2R4R9|H2R4R9_PANTR,sp|Q8CIZ9|NOX1_MOUSE
NOX	H2R4R9	Q924V1	FP	TN	Family0087148	p0_c0_r0	both_directions	direct_edge	1	1.351949203356046	6689896	tr|H2R4R9|H2R4R9_PANTR,sp|Q924V1|NOX4_RAT
NOX	H2R4R9	Q924V1	FP	TN	Family0087148	p0_c0_r1	both_directions	direct_edge	1	1.351949203356046	6689896	tr|H2R4R9|H2R4R9_PANTR,sp|Q924V1|NOX4_RAT
NOX	H2R4R9	Q9HBY0	FP	TN	Family0087148	p0_c0_r0	both_directions	direct_edge	1	3.2302334596136566	7245761	tr|H2R4R9|H2R4R9_PANTR,sp|Q9HBY0|NOX3_HUMAN
NOX	H2R4R9	Q9HBY0	FP	TN	Family0087148	p0_c0_r1	both_directions	direct_edge	1	3.2302334596136566	7245761	tr|H2R4R9|H2R4R9_PANTR,sp|Q9HBY0|NOX3_HUMAN
NOX	H2R4R9	Q9JHI8	FP	TN	Family0087148	p0_c0_r0	both_directions	direct_edge	1	1.343238190447824	7304892	tr|H2R4R9|H2R4R9_PANTR,sp|Q9JHI8|NOX4_MOUSE
NOX	H2R4R9	Q9JHI8	FP	TN	Family0087148	p0_c0_r1	both_directions	direct_edge	1	1.343238190447824	7304892	tr|H2R4R9|H2R4R9_PANTR,sp|Q9JHI8|NOX4_MOUSE
NOX	H2R4R9	Q9NPH5	FP	TN	Family0087148	p0_c0_r0	both_directions	direct_edge	1	1.4007308756420889	7495477	tr|H2R4R9|H2R4R9_PANTR,sp|Q9NPH5|NOX4_HUMAN
NOX	H2R4R9	Q9NPH5	FP	TN	Family0087148	p0_c0_r1	both_directions	direct_edge	1	1.4007308756420889	7495477	tr|H2R4R9|H2R4R9_PANTR,sp|Q9NPH5|NOX4_HUMAN
NOX	H2R4R9	Q9WV87	FP	TN	Family0087148	p0_c0_r0	both_directions	direct_edge	1	2.866780222301281	7962303	tr|H2R4R9|H2R4R9_PANTR,sp|Q9WV87|NOX1_RAT
NOX	H2R4R9	Q9WV87	FP	TN	Family0087148	p0_c0_r1	both_directions	direct_edge	1	2.866780222301281	7962303	tr|H2R4R9|H2R4R9_PANTR,sp|Q9WV87|NOX1_RAT
NOX	H2R4R9	Q9Y5S8	FP	TN	Family0087148	p0_c0_r0	both_directions	direct_edge	1	3.044134320926432	8050116	tr|H2R4R9|H2R4R9_PANTR,sp|Q9Y5S8|NOX1_HUMAN
NOX	H2R4R9	Q9Y5S8	FP	TN	Family0087148	p0_c0_r1	both_directions	direct_edge	1	3.044134320926432	8050116	tr|H2R4R9|H2R4R9_PANTR,sp|Q9Y5S8|NOX1_HUMAN
NOX	H2R516	O46522	FP	TN	Family0087148	p0_c0_r0	both_directions	direct_edge	1	1.338011582702891	869767	tr|H2R516|H2R516_PANTR,sp|O46522|CY24B_BOVIN
NOX	H2R516	O46522	FP	TN	Family0087148	p0_c0_r1	both_directions	direct_edge	1	1.338011582702891	869767	tr|H2R516|H2R516_PANTR,sp|O46522|CY24B_BOVIN
NOX	H2R516	P04839	FP	TN	Family0087148	p0_c0_r0	both_directions	direct_edge	1	1.3763400394990675	1346804	tr|H2R516|H2R516_PANTR,sp|P04839|CY24B_HUMAN
NOX	H2R516	P04839	FP	TN	Family0087148	p0_c0_r1	both_directions	direct_edge	1	1.3763400394990675	1346804	tr|H2R516|H2R516_PANTR,sp|P04839|CY24B_HUMAN
NOX	H2R516	Q505H9	FP	TN	Family0087148	p0_c0_r0	both_directions	direct_edge	1	1.3989886730604444	23546166	tr|H2R516|H2R516_PANTR,tr|Q505H9|Q505H9_XENTR
NOX	H2R516	Q505H9	FP	TN	Family0087148	p0_c0_r1	both_directions	direct_edge	1	1.3989886730604444	23546166	tr|H2R516|H2R516_PANTR,tr|Q505H9|Q505H9_XENTR
NOX	H2R516	Q61093	FP	TN	Family0087148	p0_c0_r0	both_directions	direct_edge	1	1.4129262937135996	5213545	tr|H2R516|H2R516_PANTR,sp|Q61093|CY24B_MOUSE
NOX	H2R516	Q61093	FP	TN	Family0087148	p0_c0_r1	both_directions	direct_edge	1	1.4129262937135996	5213545	tr|H2R516|H2R516_PANTR,sp|Q61093|CY24B_MOUSE
NOX	H2R516	Q672J9	FP	TN	Family0087148	p0_c0_r0	both_directions	direct_edge	1	1.2862618854248087	5340322	tr|H2R516|H2R516_PANTR,sp|Q672J9|NOX3_MOUSE
NOX	H2R516	Q672J9	FP	TN	Family0087148	p0_c0_r1	both_directions	direct_edge	1	1.2862618854248087	5340322	tr|H2R516|H2R516_PANTR,sp|Q672J9|NOX3_MOUSE
NOX	H2R516	Q672K1	FP	TN	Family0087148	p0_c0_r0	both_directions	direct_edge	1	1.3141861597352522	5340428	tr|H2R516|H2R516_PANTR,sp|Q672K1|NOX3_RAT
NOX	H2R516	Q672K1	FP	TN	Family0087148	p0_c0_r1	both_directions	direct_edge	1	1.3141861597352522	5340428	tr|H2R516|H2R516_PANTR,sp|Q672K1|NOX3_RAT
NOX	H2R516	Q8CIZ9	FP	TN	Family0087148	p0_c0_r0	both_directions	direct_edge	1	1.2421640644719028	6132851	tr|H2R516|H2R516_PANTR,sp|Q8CIZ9|NOX1_MOUSE
NOX	H2R516	Q8CIZ9	FP	TN	Family0087148	p0_c0_r1	both_directions	direct_edge	1	1.2421640644719028	6132851	tr|H2R516|H2R516_PANTR,sp|Q8CIZ9|NOX1_MOUSE
NOX	H2R516	Q9ERL1	FP	TN	Family0087148	p0_c0_r0	both_directions	direct_edge	1	1.3885354575705782	23546170	tr|H2R516|H2R516_PANTR,tr|Q9ERL1|Q9ERL1_RAT
NOX	H2R516	Q9ERL1	FP	TN	Family0087148	p0_c0_r1	both_directions	direct_edge	1	1.3885354575705782	23546170	tr|H2R516|H2R516_PANTR,tr|Q9ERL1|Q9ERL1_RAT
NOX	H2R516	Q9HBY0	FP	TN	Family0087148	p0_c0_r0	both_directions	direct_edge	1	1.3194219611684606	7245762	tr|H2R516|H2R516_PANTR,sp|Q9HBY0|NOX3_HUMAN
NOX	H2R516	Q9HBY0	FP	TN	Family0087148	p0_c0_r1	both_directions	direct_edge	1	1.3194219611684606	7245762	tr|H2R516|H2R516_PANTR,sp|Q9HBY0|NOX3_HUMAN
NOX	H2R516	Q9NPH5	TP	FN	Family0087148	p0_c0_r0	both_directions	direct_edge	1	5.366782006920415	7495478	tr|H2R516|H2R516_PANTR,sp|Q9NPH5|NOX4_HUMAN
NOX	H2R516	Q9NPH5	TP	FN	Family0087148	p0_c0_r1	both_directions	direct_edge	1	5.366782006920415	7495478	tr|H2R516|H2R516_PANTR,sp|Q9NPH5|NOX4_HUMAN
NOX	H2R516	Q9WV87	FP	TN	Family0087148	p0_c0_r0	both_directions	direct_edge	1	1.2586539051440693	7962304	tr|H2R516|H2R516_PANTR,sp|Q9WV87|NOX1_RAT
NOX	H2R516	Q9WV87	FP	TN	Family0087148	p0_c0_r1	both_directions	direct_edge	1	1.2586539051440693	7962304	tr|H2R516|H2R516_PANTR,sp|Q9WV87|NOX1_RAT
NOX	H2R516	Q9Y5S8	FP	TN	Family0087148	p0_c0_r0	both_directions	direct_edge	1	1.2943179292812668	8050117	tr|H2R516|H2R516_PANTR,sp|Q9Y5S8|NOX1_HUMAN
NOX	H2R516	Q9Y5S8	FP	TN	Family0087148	p0_c0_r1	both_directions	direct_edge	1	1.2943179292812668	8050117	tr|H2R516|H2R516_PANTR,sp|Q9Y5S8|NOX1_HUMAN
NOX	O46522	Q672J9	FP	TN	Family0087148	p0_c0_r0	both_directions	direct_edge	1	3.0263667124345575	869686	sp|O46522|CY24B_BOVIN,sp|Q672J9|NOX3_MOUSE
NOX	O46522	Q672J9	FP	TN	Family0087148	p0_c0_r1	both_directions	direct_edge	1	3.0263667124345575	869686	sp|O46522|CY24B_BOVIN,sp|Q672J9|NOX3_MOUSE
NOX	O46522	Q672K1	FP	TN	Family0087148	p0_c0_r0	both_directions	direct_edge	1	3.077333399229332	869687	sp|O46522|CY24B_BOVIN,sp|Q672K1|NOX3_RAT
NOX	O46522	Q672K1	FP	TN	Family0087148	p0_c0_r1	both_directions	direct_edge	1	3.077333399229332	869687	sp|O46522|CY24B_BOVIN,sp|Q672K1|NOX3_RAT
NOX	O46522	Q8CIZ9	FP	TN	Family0087148	p0_c0_r0	both_directions	direct_edge	1	2.8497340851354918	869689	sp|O46522|CY24B_BOVIN,sp|Q8CIZ9|NOX1_MOUSE
NOX	O46522	Q8CIZ9	FP	TN	Family0087148	p0_c0_r1	both_directions	direct_edge	1	2.8497340851354918	869689	sp|O46522|CY24B_BOVIN,sp|Q8CIZ9|NOX1_MOUSE
NOX	O46522	Q924V1	FP	TN	Family0087148	p0_c0_r0	both_directions	direct_edge	1	1.3066519362332918	869690	sp|O46522|CY24B_BOVIN,sp|Q924V1|NOX4_RAT
NOX	O46522	Q924V1	FP	TN	Family0087148	p0_c0_r1	both_directions	direct_edge	1	1.3066519362332918	869690	sp|O46522|CY24B_BOVIN,sp|Q924V1|NOX4_RAT
NOX	O46522	Q9HBY0	FP	TN	Family0087148	p0_c0_r0	both_directions	direct_edge	1	3.188054132611084	869695	sp|O46522|CY24B_BOVIN,sp|Q9HBY0|NOX3_HUMAN
NOX	O46522	Q9HBY0	FP	TN	Family0087148	p0_c0_r1	both_directions	direct_edge	1	3.188054132611084	869695	sp|O46522|CY24B_BOVIN,sp|Q9HBY0|NOX3_HUMAN
NOX	O46522	Q9JHI8	FP	TN	Family0087148	p0_c0_r0	both_directions	direct_edge	1	1.3014253284883588	869696	sp|O46522|CY24B_BOVIN,sp|Q9JHI8|NOX4_MOUSE
NOX	O46522	Q9JHI8	FP	TN	Family0087148	p0_c0_r1	both_directions	direct_edge	1	1.3014253284883588	869696	sp|O46522|CY24B_BOVIN,sp|Q9JHI8|NOX4_MOUSE
NOX	O46522	Q9NPH5	FP	TN	Family0087148	p0_c0_r0	both_directions	direct_edge	1	1.357175811100979	869698	sp|O46522|CY24B_BOVIN,sp|Q9NPH5|NOX4_HUMAN
NOX	O46522	Q9NPH5	FP	TN	Family0087148	p0_c0_r1	both_directions	direct_edge	1	1.357175811100979	869698	sp|O46522|CY24B_BOVIN,sp|Q9NPH5|NOX4_HUMAN
NOX	O46522	Q9WV87	FP	TN	Family0087148	p0_c0_r0	both_directions	direct_edge	1	2.925033761301245	869701	sp|O46522|CY24B_BOVIN,sp|Q9WV87|NOX1_RAT
NOX	O46522	Q9WV87	FP	TN	Family0087148	p0_c0_r1	both_directions	direct_edge	1	2.925033761301245	869701	sp|O46522|CY24B_BOVIN,sp|Q9WV87|NOX1_RAT
NOX	O46522	Q9Y5S8	FP	TN	Family0087148	p0_c0_r0	both_directions	direct_edge	1	3.1005725006886835	869703	sp|O46522|CY24B_BOVIN,sp|Q9Y5S8|NOX1_HUMAN
NOX	O46522	Q9Y5S8	FP	TN	Family0087148	p0_c0_r1	both_directions	direct_edge	1	3.1005725006886835	869703	sp|O46522|CY24B_BOVIN,sp|Q9Y5S8|NOX1_HUMAN
NOX	P04839	Q672J9	FP	TN	Family0087148	p0_c0_r0	both_directions	direct_edge	1	3.063273623561808	1346723	sp|P04839|CY24B_HUMAN,sp|Q672J9|NOX3_MOUSE
NOX	P04839	Q672J9	FP	TN	Family0087148	p0_c0_r1	both_directions	direct_edge	1	3.063273623561808	1346723	sp|P04839|CY24B_HUMAN,sp|Q672J9|NOX3_MOUSE
NOX	P04839	Q672K1	FP	TN	Family0087148	p0_c0_r0	both_directions	direct_edge	1	3.1107253664397017	1346724	sp|P04839|CY24B_HUMAN,sp|Q672K1|NOX3_RAT
NOX	P04839	Q672K1	FP	TN	Family0087148	p0_c0_r1	both_directions	direct_edge	1	3.1107253664397017	1346724	sp|P04839|CY24B_HUMAN,sp|Q672K1|NOX3_RAT
NOX	P04839	Q8CIZ9	FP	TN	Family0087148	p0_c0_r0	both_directions	direct_edge	1	2.8152753900310725	1346726	sp|P04839|CY24B_HUMAN,sp|Q8CIZ9|NOX1_MOUSE
NOX	P04839	Q8CIZ9	FP	TN	Family0087148	p0_c0_r1	both_directions	direct_edge	1	2.8152753900310725	1346726	sp|P04839|CY24B_HUMAN,sp|Q8CIZ9|NOX1_MOUSE
NOX	P04839	Q924V1	FP	TN	Family0087148	p0_c0_r0	both_directions	direct_edge	1	1.351949203356046	1346727	sp|P04839|CY24B_HUMAN,sp|Q924V1|NOX4_RAT
NOX	P04839	Q924V1	FP	TN	Family0087148	p0_c0_r1	both_directions	direct_edge	1	1.351949203356046	1346727	sp|P04839|CY24B_HUMAN,sp|Q924V1|NOX4_RAT
NOX	P04839	Q9JHI8	FP	TN	Family0087148	p0_c0_r0	both_directions	direct_edge	1	1.343238190447824	1346733	sp|P04839|CY24B_HUMAN,sp|Q9JHI8|NOX4_MOUSE
NOX	P04839	Q9JHI8	FP	TN	Family0087148	p0_c0_r1	both_directions	direct_edge	1	1.343238190447824	1346733	sp|P04839|CY24B_HUMAN,sp|Q9JHI8|NOX4_MOUSE
NOX	P04839	Q9WV87	FP	TN	Family0087148	p0_c0_r0	both_directions	direct_edge	1	2.866780222301281	1346738	sp|P04839|CY24B_HUMAN,sp|Q9WV87|NOX1_RAT
NOX	P04839	Q9WV87	FP	TN	Family0087148	p0_c0_r1	both_directions	direct_edge	1	2.866780222301281	1346738	sp|P04839|CY24B_HUMAN,sp|Q9WV87|NOX1_RAT
NOX	Q505H9	Q672J9	FP	TN	Family0087148	p0_c0_r0	both_directions	direct_edge	1	3.07030351139557	5340336	tr|Q505H9|Q505H9_XENTR,sp|Q672J9|NOX3_MOUSE
NOX	Q505H9	Q672J9	FP	TN	Family0087148	p0_c0_r1	both_directions	direct_edge	1	3.07030351139557	5340336	tr|Q505H9|Q505H9_XENTR,sp|Q672J9|NOX3_MOUSE
NOX	Q505H9	Q672K1	FP	TN	Family0087148	p0_c0_r0	both_directions	direct_edge	1	3.0861207590215347	5340442	tr|Q505H9|Q505H9_XENTR,sp|Q672K1|NOX3_RAT
NOX	Q505H9	Q672K1	FP	TN	Family0087148	p0_c0_r1	both_directions	direct_edge	1	3.0861207590215347	5340442	tr|Q505H9|Q505H9_XENTR,sp|Q672K1|NOX3_RAT
NOX	Q505H9	Q8CIZ9	FP	TN	Family0087148	p0_c0_r0	both_directions	direct_edge	1	2.8996991930369003	6132865	tr|Q505H9|Q505H9_XENTR,sp|Q8CIZ9|NOX1_MOUSE
NOX	Q505H9	Q8CIZ9	FP	TN	Family0087148	p0_c0_r1	both_directions	direct_edge	1	2.8996991930369003	6132865	tr|Q505H9|Q505H9_XENTR,sp|Q8CIZ9|NOX1_MOUSE
NOX	Q505H9	Q924V1	FP	TN	Family0087148	p0_c0_r0	both_directions	direct_edge	1	1.365886824009201	6689907	tr|Q505H9|Q505H9_XENTR,sp|Q924V1|NOX4_RAT
NOX	Q505H9	Q924V1	FP	TN	Family0087148	p0_c0_r1	both_directions	direct_edge	1	1.365886824009201	6689907	tr|Q505H9|Q505H9_XENTR,sp|Q924V1|NOX4_RAT
NOX	Q505H9	Q9HBY0	FP	TN	Family0087148	p0_c0_r0	both_directions	direct_edge	1	3.2126587400292514	7245775	tr|Q505H9|Q505H9_XENTR,sp|Q9HBY0|NOX3_HUMAN
NOX	Q505H9	Q9HBY0	FP	TN	Family0087148	p0_c0_r1	both_directions	direct_edge	1	3.2126587400292514	7245775	tr|Q505H9|Q505H9_XENTR,sp|Q9HBY0|NOX3_HUMAN
NOX	Q505H9	Q9JHI8	FP	TN	Family0087148	p0_c0_r0	both_directions	direct_edge	1	1.3693712291724898	7304902	tr|Q505H9|Q505H9_XENTR,sp|Q9JHI8|NOX4_MOUSE
NOX	Q505H9	Q9JHI8	FP	TN	Family0087148	p0_c0_r1	both_directions	direct_edge	1	1.3693712291724898	7304902	tr|Q505H9|Q505H9_XENTR,sp|Q9JHI8|NOX4_MOUSE
NOX	Q505H9	Q9NPH5	FP	TN	Family0087148	p0_c0_r0	both_directions	direct_edge	1	1.4024730782237333	7495487	tr|Q505H9|Q505H9_XENTR,sp|Q9NPH5|NOX4_HUMAN
NOX	Q505H9	Q9NPH5	FP	TN	Family0087148	p0_c0_r1	both_directions	direct_edge	1	1.4024730782237333	7495487	tr|Q505H9|Q505H9_XENTR,sp|Q9NPH5|NOX4_HUMAN
NOX	Q505H9	Q9WV87	FP	TN	Family0087148	p0_c0_r0	both_directions	direct_edge	1	2.9409210901194176	7962320	tr|Q505H9|Q505H9_XENTR,sp|Q9WV87|NOX1_RAT
NOX	Q505H9	Q9WV87	FP	TN	Family0087148	p0_c0_r1	both_directions	direct_edge	1	2.9409210901194176	7962320	tr|Q505H9|Q505H9_XENTR,sp|Q9WV87|NOX1_RAT
NOX	Q505H9	Q9Y5S8	FP	TN	Family0087148	p0_c0_r0	both_directions	direct_edge	1	3.058243865866995	8050136	tr|Q505H9|Q505H9_XENTR,sp|Q9Y5S8|NOX1_HUMAN
NOX	Q505H9	Q9Y5S8	FP	TN	Family0087148	p0_c0_r1	both_directions	direct_edge	1	3.058243865866995	8050136	tr|Q505H9|Q505H9_XENTR,sp|Q9Y5S8|NOX1_HUMAN
NOX	Q61093	Q672K1	FP	TN	Family0087148	p0_c0_r0	both_directions	direct_edge	1	3.0843632870630944	5213469	sp|Q61093|CY24B_MOUSE,sp|Q672K1|NOX3_RAT
NOX	Q61093	Q672K1	FP	TN	Family0087148	p0_c0_r1	both_directions	direct_edge	1	3.0843632870630944	5213469	sp|Q61093|CY24B_MOUSE,sp|Q672K1|NOX3_RAT
NOX	Q61093	Q924V1	FP	TN	Family0087148	p0_c0_r0	both_directions	direct_edge	1	1.4076996859686663	5213472	sp|Q61093|CY24B_MOUSE,sp|Q924V1|NOX4_RAT
NOX	Q61093	Q924V1	FP	TN	Family0087148	p0_c0_r1	both_directions	direct_edge	1	1.4076996859686663	5213472	sp|Q61093|CY24B_MOUSE,sp|Q924V1|NOX4_RAT
NOX	Q61093	Q9HBY0	FP	TN	Family0087148	p0_c0_r0	both_directions	direct_edge	1	3.2232035717798944	5213476	sp|Q61093|CY24B_MOUSE,sp|Q9HBY0|NOX3_HUMAN
NOX	Q61093	Q9HBY0	FP	TN	Family0087148	p0_c0_r1	both_directions	direct_edge	1	3.2232035717798944	5213476	sp|Q61093|CY24B_MOUSE,sp|Q9HBY0|NOX3_HUMAN
NOX	Q61093	Q9NPH5	FP	TN	Family0087148	p0_c0_r0	both_directions	direct_edge	1	1.428606116948399	5213479	sp|Q61093|CY24B_MOUSE,sp|Q9NPH5|NOX4_HUMAN
NOX	Q61093	Q9NPH5	FP	TN	Family0087148	p0_c0_r1	both_directions	direct_edge	1	1.428606116948399	5213479	sp|Q61093|CY24B_MOUSE,sp|Q9NPH5|NOX4_HUMAN
NOX	Q61093	Q9WV87	FP	TN	Family0087148	p0_c0_r0	both_directions	direct_edge	1	2.8897285861497517	5213482	sp|Q61093|CY24B_MOUSE,sp|Q9WV87|NOX1_RAT
NOX	Q61093	Q9WV87	FP	TN	Family0087148	p0_c0_r1	both_directions	direct_edge	1	2.8897285861497517	5213482	sp|Q61093|CY24B_MOUSE,sp|Q9WV87|NOX1_RAT
NOX	Q61093	Q9Y5S8	FP	TN	Family0087148	p0_c0_r0	both_directions	direct_edge	1	3.0811718763954095	5213484	sp|Q61093|CY24B_MOUSE,sp|Q9Y5S8|NOX1_HUMAN
NOX	Q61093	Q9Y5S8	FP	TN	Family0087148	p0_c0_r1	both_directions	direct_edge	1	3.0811718763954095	5213484	sp|Q61093|CY24B_MOUSE,sp|Q9Y5S8|NOX1_HUMAN
NOX	Q672J9	Q924V1	FP	TN	Family0087148	p0_c0_r0	both_directions	direct_edge	1	1.2600828782587679	5340252	sp|Q672J9|NOX3_MOUSE,sp|Q924V1|NOX4_RAT
NOX	Q672J9	Q924V1	FP	TN	Family0087148	p0_c0_r1	both_directions	direct_edge	1	1.2600828782587679	5340252	sp|Q672J9|NOX3_MOUSE,sp|Q924V1|NOX4_RAT
NOX	Q672J9	Q9ERL1	FP	TN	Family0087148	p0_c0_r0	both_directions	direct_edge	1	3.0439414320189626	5340345	sp|Q672J9|NOX3_MOUSE,tr|Q9ERL1|Q9ERL1_RAT
NOX	Q672J9	Q9ERL1	FP	TN	Family0087148	p0_c0_r1	both_directions	direct_edge	1	3.0439414320189626	5340345	sp|Q672J9|NOX3_MOUSE,tr|Q9ERL1|Q9ERL1_RAT
NOX	Q672J9	Q9NPH5	FP	TN	Family0087148	p0_c0_r0	both_directions	direct_edge	1	1.2880071525692114	5340256	sp|Q672J9|NOX3_MOUSE,sp|Q9NPH5|NOX4_HUMAN
NOX	Q672J9	Q9NPH5	FP	TN	Family0087148	p0_c0_r1	both_directions	direct_edge	1	1.2880071525692114	5340256	sp|Q672J9|NOX3_MOUSE,sp|Q9NPH5|NOX4_HUMAN
NOX	Q672J9	Q9WV87	FP	TN	Family0087148	p0_c0_r0	both_directions	direct_edge	1	2.719743642091681	5340259	sp|Q672J9|NOX3_MOUSE,sp|Q9WV87|NOX1_RAT
NOX	Q672J9	Q9WV87	FP	TN	Family0087148	p0_c0_r1	both_directions	direct_edge	1	2.719743642091681	5340259	sp|Q672J9|NOX3_MOUSE,sp|Q9WV87|NOX1_RAT
NOX	Q672J9	Q9Y5S8	FP	TN	Family0087148	p0_c0_r0	both_directions	direct_edge	1	2.7933036578829635	5340261	sp|Q672J9|NOX3_MOUSE,sp|Q9Y5S8|NOX1_HUMAN
NOX	Q672J9	Q9Y5S8	FP	TN	Family0087148	p0_c0_r1	both_directions	direct_edge	1	2.7933036578829635	5340261	sp|Q672J9|NOX3_MOUSE,sp|Q9Y5S8|NOX1_HUMAN
NOX	Q672K1	Q8CIZ9	FP	TN	Family0087148	p0_c0_r0	both_directions	direct_edge	1	2.6925060638710305	5340353	sp|Q672K1|NOX3_RAT,sp|Q8CIZ9|NOX1_MOUSE
NOX	Q672K1	Q8CIZ9	FP	TN	Family0087148	p0_c0_r1	both_directions	direct_edge	1	2.6925060638710305	5340353	sp|Q672K1|NOX3_RAT,sp|Q8CIZ9|NOX1_MOUSE
NOX	Q672K1	Q9JHI8	FP	TN	Family0087148	p0_c0_r0	both_directions	direct_edge	1	1.2880071525692114	5340357	sp|Q672K1|NOX3_RAT,sp|Q9JHI8|NOX4_MOUSE
NOX	Q672K1	Q9JHI8	FP	TN	Family0087148	p0_c0_r1	both_directions	direct_edge	1	1.2880071525692114	5340357	sp|Q672K1|NOX3_RAT,sp|Q9JHI8|NOX4_MOUSE
NOX	Q672K1	Q9NPH5	FP	TN	Family0087148	p0_c0_r0	both_directions	direct_edge	1	1.3194219611684606	5340359	sp|Q672K1|NOX3_RAT,sp|Q9NPH5|NOX4_HUMAN
NOX	Q672K1	Q9NPH5	FP	TN	Family0087148	p0_c0_r1	both_directions	direct_edge	1	1.3194219611684606	5340359	sp|Q672K1|NOX3_RAT,sp|Q9NPH5|NOX4_HUMAN
NOX	Q672K1	Q9Y5S8	FP	TN	Family0087148	p0_c0_r0	both_directions	direct_edge	1	2.8162719991558784	5340365	sp|Q672K1|NOX3_RAT,sp|Q9Y5S8|NOX1_HUMAN
NOX	Q672K1	Q9Y5S8	FP	TN	Family0087148	p0_c0_r1	both_directions	direct_edge	1	2.8162719991558784	5340365	sp|Q672K1|NOX3_RAT,sp|Q9Y5S8|NOX1_HUMAN
NOX	Q8CIZ9	Q924V1	FP	TN	Family0087148	p0_c0_r0	both_directions	direct_edge	1	1.2387421249003547	6132790	sp|Q8CIZ9|NOX1_MOUSE,sp|Q924V1|NOX4_RAT
NOX	Q8CIZ9	Q924V1	FP	TN	Family0087148	p0_c0_r1	both_directions	direct_edge	1	1.2387421249003547	6132790	sp|Q8CIZ9|NOX1_MOUSE,sp|Q924V1|NOX4_RAT
NOX	Q8CIZ9	Q9ERL1	FP	TN	Family0087148	p0_c0_r0	both_directions	direct_edge	1	2.835950607093724	6132873	sp|Q8CIZ9|NOX1_MOUSE,tr|Q9ERL1|Q9ERL1_RAT
NOX	Q8CIZ9	Q9ERL1	FP	TN	Family0087148	p0_c0_r1	both_directions	direct_edge	1	2.835950607093724	6132873	sp|Q8CIZ9|NOX1_MOUSE,tr|Q9ERL1|Q9ERL1_RAT
NOX	Q8CIZ9	Q9HBY0	FP	TN	Family0087148	p0_c0_r0	both_directions	direct_edge	1	2.877184364405774	6132793	sp|Q8CIZ9|NOX1_MOUSE,sp|Q9HBY0|NOX3_HUMAN
NOX	Q8CIZ9	Q9HBY0	FP	TN	Family0087148	p0_c0_r1	both_directions	direct_edge	1	2.877184364405774	6132793	sp|Q8CIZ9|NOX1_MOUSE,sp|Q9HBY0|NOX3_HUMAN
NOX	Q8CIZ9	Q9NPH5	FP	TN	Family0087148	p0_c0_r0	both_directions	direct_edge	1	1.2353201853288067	6132795	sp|Q8CIZ9|NOX1_MOUSE,sp|Q9NPH5|NOX4_HUMAN
NOX	Q8CIZ9	Q9NPH5	FP	TN	Family0087148	p0_c0_r1	both_directions	direct_edge	1	1.2353201853288067	6132795	sp|Q8CIZ9|NOX1_MOUSE,sp|Q9NPH5|NOX4_HUMAN
NOX	Q924V1	Q9HBY0	FP	TN	Family0087148	p0_c0_r0	both_directions	direct_edge	1	1.289752419713614	6689837	sp|Q924V1|NOX4_RAT,sp|Q9HBY0|NOX3_HUMAN
NOX	Q924V1	Q9HBY0	FP	TN	Family0087148	p0_c0_r1	both_directions	direct_edge	1	1.289752419713614	6689837	sp|Q924V1|NOX4_RAT,sp|Q9HBY0|NOX3_HUMAN
NOX	Q924V1	Q9Y5S8	FP	TN	Family0087148	p0_c0_r0	both_directions	direct_edge	1	1.2820578135776552	6689847	sp|Q924V1|NOX4_RAT,sp|Q9Y5S8|NOX1_HUMAN
NOX	Q924V1	Q9Y5S8	FP	TN	Family0087148	p0_c0_r1	both_directions	direct_edge	1	1.2820578135776552	6689847	sp|Q924V1|NOX4_RAT,sp|Q9Y5S8|NOX1_HUMAN
NOX	Q9ERL1	Q9HBY0	FP	TN	Family0087148	p0_c0_r0	both_directions	direct_edge	1	3.2372633474474184	7245781	tr|Q9ERL1|Q9ERL1_RAT,sp|Q9HBY0|NOX3_HUMAN
NOX	Q9ERL1	Q9HBY0	FP	TN	Family0087148	p0_c0_r1	both_directions	direct_edge	1	3.2372633474474184	7245781	tr|Q9ERL1|Q9ERL1_RAT,sp|Q9HBY0|NOX3_HUMAN
NOX	Q9ERL1	Q9JHI8	FP	TN	Family0087148	p0_c0_r0	both_directions	direct_edge	1	1.3798244446623562	7304905	tr|Q9ERL1|Q9ERL1_RAT,sp|Q9JHI8|NOX4_MOUSE
NOX	Q9ERL1	Q9JHI8	FP	TN	Family0087148	p0_c0_r1	both_directions	direct_edge	1	1.3798244446623562	7304905	tr|Q9ERL1|Q9ERL1_RAT,sp|Q9JHI8|NOX4_MOUSE
NOX	Q9ERL1	Q9NPH5	FP	TN	Family0087148	p0_c0_r0	both_directions	direct_edge	1	1.4129262937135996	7495492	tr|Q9ERL1|Q9ERL1_RAT,sp|Q9NPH5|NOX4_HUMAN
NOX	Q9ERL1	Q9NPH5	FP	TN	Family0087148	p0_c0_r1	both_directions	direct_edge	1	1.4129262937135996	7495492	tr|Q9ERL1|Q9ERL1_RAT,sp|Q9NPH5|NOX4_HUMAN
NOX	Q9ERL1	Q9Y5S8	FP	TN	Family0087148	p0_c0_r0	both_directions	direct_edge	1	3.077644490160269	8050145	tr|Q9ERL1|Q9ERL1_RAT,sp|Q9Y5S8|NOX1_HUMAN
NOX	Q9ERL1	Q9Y5S8	FP	TN	Family0087148	p0_c0_r1	both_directions	direct_edge	1	3.077644490160269	8050145	tr|Q9ERL1|Q9ERL1_RAT,sp|Q9Y5S8|NOX1_HUMAN
NOX	Q9HBY0	Q9JHI8	FP	TN	Family0087148	p0_c0_r0	both_directions	direct_edge	1	1.2967334882912251	7245706	sp|Q9HBY0|NOX3_HUMAN,sp|Q9JHI8|NOX4_MOUSE
NOX	Q9HBY0	Q9JHI8	FP	TN	Family0087148	p0_c0_r1	both_directions	direct_edge	1	1.2967334882912251	7245706	sp|Q9HBY0|NOX3_HUMAN,sp|Q9JHI8|NOX4_MOUSE
NOX	Q9HBY0	Q9WV87	FP	TN	Family0087148	p0_c0_r0	both_directions	direct_edge	1	2.908958576879594	7245709	sp|Q9HBY0|NOX3_HUMAN,sp|Q9WV87|NOX1_RAT
NOX	Q9HBY0	Q9WV87	FP	TN	Family0087148	p0_c0_r1	both_directions	direct_edge	1	2.908958576879594	7245709	sp|Q9HBY0|NOX3_HUMAN,sp|Q9WV87|NOX1_RAT
NOX	Q9JHI8	Q9WV87	FP	TN	Family0087148	p0_c0_r0	both_directions	direct_edge	1	1.2428769063330711	7304848	sp|Q9JHI8|NOX4_MOUSE,sp|Q9WV87|NOX1_RAT
NOX	Q9JHI8	Q9WV87	FP	TN	Family0087148	p0_c0_r1	both_directions	direct_edge	1	1.2428769063330711	7304848	sp|Q9JHI8|NOX4_MOUSE,sp|Q9WV87|NOX1_RAT
NOX	Q9JHI8	Q9Y5S8	FP	TN	Family0087148	p0_c0_r0	both_directions	direct_edge	1	1.2978208194822987	7304850	sp|Q9JHI8|NOX4_MOUSE,sp|Q9Y5S8|NOX1_HUMAN
NOX	Q9JHI8	Q9Y5S8	FP	TN	Family0087148	p0_c0_r1	both_directions	direct_edge	1	1.2978208194822987	7304850	sp|Q9JHI8|NOX4_MOUSE,sp|Q9Y5S8|NOX1_HUMAN
NOX	Q9NPH5	Q9WV87	FP	TN	Family0087148	p0_c0_r0	both_directions	direct_edge	1	1.2498889058046259	7495425	sp|Q9NPH5|NOX4_HUMAN,sp|Q9WV87|NOX1_RAT
NOX	Q9NPH5	Q9WV87	FP	TN	Family0087148	p0_c0_r1	both_directions	direct_edge	1	1.2498889058046259	7495425	sp|Q9NPH5|NOX4_HUMAN,sp|Q9WV87|NOX1_RAT
POP	A0A2J8M3H2	B1H1F6	FP	TN	Family0112928	p0_c0_r0	both_directions	direct_edge	1	2.3887165963303123	11262033	tr|A0A2J8M3H2|A0A2J8M3H2_PANTR,tr|B1H1F6|B1H1F6_XENTR
POP	A0A2J8M3H2	B1H1F6	FP	TN	Family0112928	p0_c0_r1	both_directions	direct_edge	1	2.3887165963303123	11262033	tr|A0A2J8M3H2|A0A2J8M3H2_PANTR,tr|B1H1F6|B1H1F6_XENTR
POP	A0A2J8M3H2	F1R6V1	FP	TN	Family0112928	p0_c0_r0	no_direct_hit	indirect_path	2			tr|A0A2J8M3H2|A0A2J8M3H2_PANTR,sp|Q6JWV8|POPD2_DANRE,tr|F1R6V1|F1R6V1_DANRE
POP	A0A2J8M3H2	F1R6V1	FP	TN	Family0112928	p0_c0_r1	no_direct_hit	indirect_path	2			tr|A0A2J8M3H2|A0A2J8M3H2_PANTR,sp|Q6JWV8|POPD2_DANRE,tr|F1R6V1|F1R6V1_DANRE
POP	A0A2J8M3H2	F6ZWH6	FP	TN	Family0112928	p0_c0_r0	both_directions	direct_edge	1	2.3867166652573975	11262036	tr|A0A2J8M3H2|A0A2J8M3H2_PANTR,tr|F6ZWH6|F6ZWH6_MONDO
POP	A0A2J8M3H2	F6ZWH6	FP	TN	Family0112928	p0_c0_r1	both_directions	direct_edge	1	2.3867166652573975	11262036	tr|A0A2J8M3H2|A0A2J8M3H2_PANTR,tr|F6ZWH6|F6ZWH6_MONDO
POP	A0A2J8M3H2	G3N3W7	FP	TN	Family0112928	p0_c0_r0	both_directions	direct_edge	1	2.2918746425057814	11262037	tr|A0A2J8M3H2|A0A2J8M3H2_PANTR,tr|G3N3W7|G3N3W7_BOVIN
POP	A0A2J8M3H2	G3N3W7	FP	TN	Family0112928	p0_c0_r1	both_directions	direct_edge	1	2.2918746425057814	11262037	tr|A0A2J8M3H2|A0A2J8M3H2_PANTR,tr|G3N3W7|G3N3W7_BOVIN
POP	A0A2J8M3H2	G3RLV4	FP	TN	Family0112928	p0_c0_r0	both_directions	direct_edge	1	2.337712135355897	11262039	tr|A0A2J8M3H2|A0A2J8M3H2_PANTR,tr|G3RLV4|G3RLV4_GORGO
POP	A0A2J8M3H2	G3RLV4	FP	TN	Family0112928	p0_c0_r1	both_directions	direct_edge	1	2.337712135355897	11262039	tr|A0A2J8M3H2|A0A2J8M3H2_PANTR,tr|G3RLV4|G3RLV4_GORGO
POP	A0A2J8M3H2	H2MZF5	FP	TN	Family0112928	p0_c0_r0	no_direct_hit	indirect_path	2			tr|A0A2J8M3H2|A0A2J8M3H2_PANTR,tr|F6ZWH6|F6ZWH6_MONDO,tr|H2MZF5|H2MZF5_ORYLA
POP	A0A2J8M3H2	H2MZF5	FP	TN	Family0112928	p0_c0_r1	no_direct_hit	indirect_path	2			tr|A0A2J8M3H2|A0A2J8M3H2_PANTR,tr|F6ZWH6|F6ZWH6_MONDO,tr|H2MZF5|H2MZF5_ORYLA
POP	A0A2J8M3H2	J9NU29	FP	TN	Family0112928	p0_c0_r0	both_directions	direct_edge	1	2.359102965352618	11262042	tr|A0A2J8M3H2|A0A2J8M3H2_PANTR,tr|J9NU29|J9NU29_CANLF
POP	A0A2J8M3H2	J9NU29	FP	TN	Family0112928	p0_c0_r1	both_directions	direct_edge	1	2.359102965352618	11262042	tr|A0A2J8M3H2|A0A2J8M3H2_PANTR,tr|J9NU29|J9NU29_CANLF
POP	A0A2J8M3H2	Q9ES81	FP	TN	Family0112928	p0_c0_r0	both_directions	direct_edge	1	2.288818809649107	7114038	tr|A0A2J8M3H2|A0A2J8M3H2_PANTR,sp|Q9ES81|POPD3_MOUSE
POP	A0A2J8M3H2	Q9ES81	FP	TN	Family0112928	p0_c0_r1	both_directions	direct_edge	1	2.288818809649107	7114038	tr|A0A2J8M3H2|A0A2J8M3H2_PANTR,sp|Q9ES81|POPD3_MOUSE
POP	A0A2J8M3H2	Q9HBV1	FP	TN	Family0112928	p0_c0_r0	both_directions	direct_edge	1	2.337712135355897	7245218	tr|A0A2J8M3H2|A0A2J8M3H2_PANTR,sp|Q9HBV1|POPD3_HUMAN
POP	A0A2J8M3H2	Q9HBV1	FP	TN	Family0112928	p0_c0_r1	both_directions	direct_edge	1	2.337712135355897	7245218	tr|A0A2J8M3H2|A0A2J8M3H2_PANTR,sp|Q9HBV1|POPD3_HUMAN
POP	A5PJG2	B1H1F6	FP	TN	Family0112928	p0_c0_r0	both_directions	direct_edge	1	2.36111910035217	16481126	tr|A5PJG2|A5PJG2_BOVIN,tr|B1H1F6|B1H1F6_XENTR
POP	A5PJG2	B1H1F6	FP	TN	Family0112928	p0_c0_r1	both_directions	direct_edge	1	2.36111910035217	16481126	tr|A5PJG2|A5PJG2_BOVIN,tr|B1H1F6|B1H1F6_XENTR
POP	A5PJG2	F1R6V1	FP	TN	Family0112928	p0_c0_r0	no_direct_hit	indirect_path	2			tr|A5PJG2|A5PJG2_BOVIN,sp|Q6JWV8|POPD2_DANRE,tr|F1R6V1|F1R6V1_DANRE
POP	A5PJG2	F1R6V1	FP	TN	Family0112928	p0_c0_r1	no_direct_hit	indirect_path	2			tr|A5PJG2|A5PJG2_BOVIN,sp|Q6JWV8|POPD2_DANRE,tr|F1R6V1|F1R6V1_DANRE
POP	A5PJG2	F6ZWH6	FP	TN	Family0112928	p0_c0_r0	both_directions	direct_edge	1	2.4389356913955904	16481129	tr|A5PJG2|A5PJG2_BOVIN,tr|F6ZWH6|F6ZWH6_MONDO
POP	A5PJG2	F6ZWH6	FP	TN	Family0112928	p0_c0_r1	both_directions	direct_edge	1	2.4389356913955904	16481129	tr|A5PJG2|A5PJG2_BOVIN,tr|F6ZWH6|F6ZWH6_MONDO
POP	A5PJG2	G3RLV4	FP	TN	Family0112928	p0_c0_r0	both_directions	direct_edge	1	2.3499354667825947	16481132	tr|A5PJG2|A5PJG2_BOVIN,tr|G3RLV4|G3RLV4_GORGO
POP	A5PJG2	G3RLV4	FP	TN	Family0112928	p0_c0_r1	both_directions	direct_edge	1	2.3499354667825947	16481132	tr|A5PJG2|A5PJG2_BOVIN,tr|G3RLV4|G3RLV4_GORGO
POP	A5PJG2	H2MZF5	FP	TN	Family0112928	p0_c0_r0	no_direct_hit	indirect_path	2			tr|A5PJG2|A5PJG2_BOVIN,tr|F6ZWH6|F6ZWH6_MONDO,tr|H2MZF5|H2MZF5_ORYLA
POP	A5PJG2	H2MZF5	FP	TN	Family0112928	p0_c0_r1	no_direct_hit	indirect_path	2			tr|A5PJG2|A5PJG2_BOVIN,tr|F6ZWH6|F6ZWH6_MONDO,tr|H2MZF5|H2MZF5_ORYLA
POP	A5PJG2	H2QTG9	FP	TN	Family0112928	p0_c0_r0	both_directions	direct_edge	1	2.3499354667825947	16481134	tr|A5PJG2|A5PJG2_BOVIN,tr|H2QTG9|H2QTG9_PANTR
POP	A5PJG2	H2QTG9	FP	TN	Family0112928	p0_c0_r1	both_directions	direct_edge	1	2.3499354667825947	16481134	tr|A5PJG2|A5PJG2_BOVIN,tr|H2QTG9|H2QTG9_PANTR
POP	A5PJG2	J9NU29	FP	TN	Family0112928	p0_c0_r0	both_directions	direct_edge	1	2.371326296779315	16481135	tr|A5PJG2|A5PJG2_BOVIN,tr|J9NU29|J9NU29_CANLF
POP	A5PJG2	J9NU29	FP	TN	Family0112928	p0_c0_r1	both_directions	direct_edge	1	2.371326296779315	16481135	tr|A5PJG2|A5PJG2_BOVIN,tr|J9NU29|J9NU29_CANLF
POP	A5PJG2	Q9ES81	FP	TN	Family0112928	p0_c0_r0	both_directions	direct_edge	1	2.313265472502502	7114039	tr|A5PJG2|A5PJG2_BOVIN,sp|Q9ES81|POPD3_MOUSE
POP	A5PJG2	Q9ES81	FP	TN	Family0112928	p0_c0_r1	both_directions	direct_edge	1	2.313265472502502	7114039	tr|A5PJG2|A5PJG2_BOVIN,sp|Q9ES81|POPD3_MOUSE
POP	A5PJG2	Q9HBV1	FP	TN	Family0112928	p0_c0_r0	both_directions	direct_edge	1	2.3499354667825947	7245219	tr|A5PJG2|A5PJG2_BOVIN,sp|Q9HBV1|POPD3_HUMAN
POP	A5PJG2	Q9HBV1	FP	TN	Family0112928	p0_c0_r1	both_directions	direct_edge	1	2.3499354667825947	7245219	tr|A5PJG2|A5PJG2_BOVIN,sp|Q9HBV1|POPD3_HUMAN
POP	B1H1F6	F1NPM0	FP	TN	Family0112928	p0_c0_r0	both_directions	direct_edge	1	2.5471125528388123	18224954	tr|B1H1F6|B1H1F6_XENTR,tr|F1NPM0|F1NPM0_CHICK
POP	B1H1F6	F1NPM0	FP	TN	Family0112928	p0_c0_r1	both_directions	direct_edge	1	2.5471125528388123	18224954	tr|B1H1F6|B1H1F6_XENTR,tr|F1NPM0|F1NPM0_CHICK
POP	B1H1F6	F6PGY0	FP	TN	Family0112928	p0_c0_r0	both_directions	direct_edge	1	2.4545105027045584	18224955	tr|B1H1F6|B1H1F6_XENTR,tr|F6PGY0|F6PGY0_MONDO
POP	B1H1F6	F6PGY0	FP	TN	Family0112928	p0_c0_r1	both_directions	direct_edge	1	2.4545105027045584	18224955	tr|B1H1F6|B1H1F6_XENTR,tr|F6PGY0|F6PGY0_MONDO
POP	B1H1F6	G3QNZ3	FP	TN	Family0112928	p0_c0_r0	both_directions	direct_edge	1	2.3887165963303123	18224958	tr|B1H1F6|B1H1F6_XENTR,tr|G3QNZ3|G3QNZ3_GORGO
POP	B1H1F6	G3QNZ3	FP	TN	Family0112928	p0_c0_r1	both_directions	direct_edge	1	2.3887165963303123	18224958	tr|B1H1F6|B1H1F6_XENTR,tr|G3QNZ3|G3QNZ3_GORGO
POP	B1H1F6	H2LXG3	FP	TN	Family0112928	p0_c0_r0	both_directions	direct_edge	1	2.142287278404103	18224960	tr|B1H1F6|B1H1F6_XENTR,tr|H2LXG3|H2LXG3_ORYLA
POP	B1H1F6	H2LXG3	FP	TN	Family0112928	p0_c0_r1	both_directions	direct_edge	1	2.142287278404103	18224960	tr|B1H1F6|B1H1F6_XENTR,tr|H2LXG3|H2LXG3_ORYLA
POP	B1H1F6	J9NZA1	FP	TN	Family0112928	p0_c0_r0	both_directions	direct_edge	1	1.829623059986667	18224963	tr|B1H1F6|B1H1F6_XENTR,tr|J9NZA1|J9NZA1_CANLF
POP	B1H1F6	J9NZA1	FP	TN	Family0112928	p0_c0_r1	both_directions	direct_edge	1	1.829623059986667	18224963	tr|B1H1F6|B1H1F6_XENTR,tr|J9NZA1|J9NZA1_CANLF
POP	B1H1F6	Q6JWV8	FP	TN	Family0112928	p0_c0_r0	no_direct_hit	indirect_path	2			tr|B1H1F6|B1H1F6_XENTR,sp|Q9ES82|POPD2_MOUSE,sp|Q6JWV8|POPD2_DANRE
POP	B1H1F6	Q6JWV8	FP	TN	Family0112928	p0_c0_r1	no_direct_hit	indirect_path	2			tr|B1H1F6|B1H1F6_XENTR,sp|Q9ES82|POPD2_MOUSE,sp|Q6JWV8|POPD2_DANRE
POP	B1H1F6	Q6P722	FP	TN	Family0112928	p0_c0_r0	both_directions	direct_edge	1	2.3672518772362015	18224964	tr|B1H1F6|B1H1F6_XENTR,tr|Q6P722|Q6P722_RAT
POP	B1H1F6	Q6P722	FP	TN	Family0112928	p0_c0_r1	both_directions	direct_edge	1	2.3672518772362015	18224964	tr|B1H1F6|B1H1F6_XENTR,tr|Q6P722|Q6P722_RAT
POP	B1H1F6	Q9ES82	FP	TN	Family0112928	p0_c0_r0	both_directions	direct_edge	1	2.321345810204363	7114058	tr|B1H1F6|B1H1F6_XENTR,sp|Q9ES82|POPD2_MOUSE
POP	B1H1F6	Q9ES82	FP	TN	Family0112928	p0_c0_r1	both_directions	direct_edge	1	2.321345810204363	7114058	tr|B1H1F6|B1H1F6_XENTR,sp|Q9ES82|POPD2_MOUSE
POP	B1H1F6	Q9HBU9	FP	TN	Family0112928	p0_c0_r0	both_directions	direct_edge	1	2.3956391709792073	7245205	tr|B1H1F6|B1H1F6_XENTR,sp|Q9HBU9|POPD2_HUMAN
POP	B1H1F6	Q9HBU9	FP	TN	Family0112928	p0_c0_r1	both_directions	direct_edge	1	2.3956391709792073	7245205	tr|B1H1F6|B1H1F6_XENTR,sp|Q9HBU9|POPD2_HUMAN
POP	F1NPM0	F1R6V1	FP	TN	Family0112928	p0_c0_r0	no_direct_hit	indirect_path	2			tr|F1NPM0|F1NPM0_CHICK,sp|Q6JWV8|POPD2_DANRE,tr|F1R6V1|F1R6V1_DANRE
POP	F1NPM0	F1R6V1	FP	TN	Family0112928	p0_c0_r1	no_direct_hit	indirect_path	2			tr|F1NPM0|F1NPM0_CHICK,sp|Q6JWV8|POPD2_DANRE,tr|F1R6V1|F1R6V1_DANRE
POP	F1NPM0	F6ZWH6	FP	TN	Family0112928	p0_c0_r0	both_directions	direct_edge	1	2.4890698172070898	21550719	tr|F1NPM0|F1NPM0_CHICK,tr|F6ZWH6|F6ZWH6_MONDO
POP	F1NPM0	F6ZWH6	FP	TN	Family0112928	p0_c0_r1	both_directions	direct_edge	1	2.4890698172070898	21550719	tr|F1NPM0|F1NPM0_CHICK,tr|F6ZWH6|F6ZWH6_MONDO
POP	F1NPM0	G3N3W7	FP	TN	Family0112928	p0_c0_r0	both_directions	direct_edge	1	2.3985336009490585	21550720	tr|F1NPM0|F1NPM0_CHICK,tr|G3N3W7|G3N3W7_BOVIN
POP	F1NPM0	G3N3W7	FP	TN	Family0112928	p0_c0_r1	both_directions	direct_edge	1	2.3985336009490585	21550720	tr|F1NPM0|F1NPM0_CHICK,tr|G3N3W7|G3N3W7_BOVIN
POP	F1NPM0	G3RLV4	FP	TN	Family0112928	p0_c0_r0	both_directions	direct_edge	1	2.407854327377617	21550722	tr|F1NPM0|F1NPM0_CHICK,tr|G3RLV4|G3RLV4_GORGO
POP	F1NPM0	G3RLV4	FP	TN	Family0112928	p0_c0_r1	both_directions	direct_edge	1	2.407854327377617	21550722	tr|F1NPM0|F1NPM0_CHICK,tr|G3RLV4|G3RLV4_GORGO
POP	F1NPM0	H2MZF5	FP	TN	Family0112928	p0_c0_r0	no_direct_hit	indirect_path	2			tr|F1NPM0|F1NPM0_CHICK,tr|F6ZWH6|F6ZWH6_MONDO,tr|H2MZF5|H2MZF5_ORYLA
POP	F1NPM0	H2MZF5	FP	TN	Family0112928	p0_c0_r1	no_direct_hit	indirect_path	2			tr|F1NPM0|F1NPM0_CHICK,tr|F6ZWH6|F6ZWH6_MONDO,tr|H2MZF5|H2MZF5_ORYLA
POP	F1NPM0	H2QTG9	FP	TN	Family0112928	p0_c0_r0	both_directions	direct_edge	1	2.407854327377617	21550724	tr|F1NPM0|F1NPM0_CHICK,tr|H2QTG9|H2QTG9_PANTR
POP	F1NPM0	H2QTG9	FP	TN	Family0112928	p0_c0_r1	both_directions	direct_edge	1	2.407854327377617	21550724	tr|F1NPM0|F1NPM0_CHICK,tr|H2QTG9|H2QTG9_PANTR
POP	F1NPM0	J9NU29	FP	TN	Family0112928	p0_c0_r0	both_directions	direct_edge	1	2.4420303242823316	21550725	tr|F1NPM0|F1NPM0_CHICK,tr|J9NU29|J9NU29_CANLF
POP	F1NPM0	J9NU29	FP	TN	Family0112928	p0_c0_r1	both_directions	direct_edge	1	2.4420303242823316	21550725	tr|F1NPM0|F1NPM0_CHICK,tr|J9NU29|J9NU29_CANLF
POP	F1NPM0	Q9ES81	FP	TN	Family0112928	p0_c0_r0	both_directions	direct_edge	1	2.4047474185680975	7114041	tr|F1NPM0|F1NPM0_CHICK,sp|Q9ES81|POPD3_MOUSE
POP	F1NPM0	Q9ES81	FP	TN	Family0112928	p0_c0_r1	both_directions	direct_edge	1	2.4047474185680975	7114041	tr|F1NPM0|F1NPM0_CHICK,sp|Q9ES81|POPD3_MOUSE
POP	F1NPM0	Q9HBV1	FP	TN	Family0112928	p0_c0_r0	both_directions	direct_edge	1	2.407854327377617	7245221	tr|F1NPM0|F1NPM0_CHICK,sp|Q9HBV1|POPD3_HUMAN
POP	F1NPM0	Q9HBV1	FP	TN	Family0112928	p0_c0_r1	both_directions	direct_edge	1	2.407854327377617	7245221	tr|F1NPM0|F1NPM0_CHICK,sp|Q9HBV1|POPD3_HUMAN
POP	F1R6V1	F6PGY0	FP	TN	Family0112928	p0_c0_r0	no_direct_hit	indirect_path	2			tr|F1R6V1|F1R6V1_DANRE,sp|Q6JWV8|POPD2_DANRE,tr|F6PGY0|F6PGY0_MONDO
POP	F1R6V1	F6PGY0	FP	TN	Family0112928	p0_c0_r1	no_direct_hit	indirect_path	2			tr|F1R6V1|F1R6V1_DANRE,sp|Q6JWV8|POPD2_DANRE,tr|F6PGY0|F6PGY0_MONDO
POP	F1R6V1	G3QNZ3	FP	TN	Family0112928	p0_c0_r0	no_direct_hit	indirect_path	2			tr|F1R6V1|F1R6V1_DANRE,sp|Q6JWV8|POPD2_DANRE,tr|G3QNZ3|G3QNZ3_GORGO
POP	F1R6V1	G3QNZ3	FP	TN	Family0112928	p0_c0_r1	no_direct_hit	indirect_path	2			tr|F1R6V1|F1R6V1_DANRE,sp|Q6JWV8|POPD2_DANRE,tr|G3QNZ3|G3QNZ3_GORGO
POP	F1R6V1	H2LXG3	FP	TN	Family0112928	p0_c0_r0	both_directions	indirect_path	2			tr|F1R6V1|F1R6V1_DANRE,sp|Q6JWV8|POPD2_DANRE,tr|H2LXG3|H2LXG3_ORYLA
POP	F1R6V1	H2LXG3	FP	TN	Family0112928	p0_c0_r1	both_directions	indirect_path	2			tr|F1R6V1|F1R6V1_DANRE,sp|Q6JWV8|POPD2_DANRE,tr|H2LXG3|H2LXG3_ORYLA
POP	F1R6V1	J9NZA1	FP	TN	Family0112928	p0_c0_r0	no_direct_hit	indirect_path	2			tr|F1R6V1|F1R6V1_DANRE,sp|Q9HBV1|POPD3_HUMAN,tr|J9NZA1|J9NZA1_CANLF
POP	F1R6V1	J9NZA1	FP	TN	Family0112928	p0_c0_r1	no_direct_hit	indirect_path	2			tr|F1R6V1|F1R6V1_DANRE,sp|Q9HBV1|POPD3_HUMAN,tr|J9NZA1|J9NZA1_CANLF
POP	F1R6V1	Q6P722	FP	TN	Family0112928	p0_c0_r0	no_direct_hit	indirect_path	2			tr|F1R6V1|F1R6V1_DANRE,sp|Q6JWV8|POPD2_DANRE,tr|Q6P722|Q6P722_RAT
POP	F1R6V1	Q6P722	FP	TN	Family0112928	p0_c0_r1	no_direct_hit	indirect_path	2			tr|F1R6V1|F1R6V1_DANRE,sp|Q6JWV8|POPD2_DANRE,tr|Q6P722|Q6P722_RAT
POP	F1R6V1	Q9ES82	FP	TN	Family0112928	p0_c0_r0	no_direct_hit	indirect_path	2			tr|F1R6V1|F1R6V1_DANRE,sp|Q6JWV8|POPD2_DANRE,sp|Q9ES82|POPD2_MOUSE
POP	F1R6V1	Q9ES82	FP	TN	Family0112928	p0_c0_r1	no_direct_hit	indirect_path	2			tr|F1R6V1|F1R6V1_DANRE,sp|Q6JWV8|POPD2_DANRE,sp|Q9ES82|POPD2_MOUSE
POP	F1R6V1	Q9HBU9	FP	TN	Family0112928	p0_c0_r0	no_direct_hit	indirect_path	2			tr|F1R6V1|F1R6V1_DANRE,sp|Q6JWV8|POPD2_DANRE,sp|Q9HBU9|POPD2_HUMAN
POP	F1R6V1	Q9HBU9	FP	TN	Family0112928	p0_c0_r1	no_direct_hit	indirect_path	2			tr|F1R6V1|F1R6V1_DANRE,sp|Q6JWV8|POPD2_DANRE,sp|Q9HBU9|POPD2_HUMAN
POP	F6PGY0	G3N3W7	FP	TN	Family0112928	p0_c0_r0	both_directions	direct_edge	1	2.3414497929293456	22051291	tr|F6PGY0|F6PGY0_MONDO,tr|G3N3W7|G3N3W7_BOVIN
POP	F6PGY0	G3N3W7	FP	TN	Family0112928	p0_c0_r1	both_directions	direct_edge	1	2.3414497929293456	22051291	tr|F6PGY0|F6PGY0_MONDO,tr|G3N3W7|G3N3W7_BOVIN
POP	F6PGY0	G3RLV4	FP	TN	Family0112928	p0_c0_r0	both_directions	direct_edge	1	2.381448278222488	22051293	tr|F6PGY0|F6PGY0_MONDO,tr|G3RLV4|G3RLV4_GORGO
POP	F6PGY0	G3RLV4	FP	TN	Family0112928	p0_c0_r1	both_directions	direct_edge	1	2.381448278222488	22051293	tr|F6PGY0|F6PGY0_MONDO,tr|G3RLV4|G3RLV4_GORGO
POP	F6PGY0	H2MZF5	FP	TN	Family0112928	p0_c0_r0	no_direct_hit	indirect_path	2			tr|F6PGY0|F6PGY0_MONDO,tr|F6ZWH6|F6ZWH6_MONDO,tr|H2MZF5|H2MZF5_ORYLA
POP	F6PGY0	H2MZF5	FP	TN	Family0112928	p0_c0_r1	no_direct_hit	indirect_path	2			tr|F6PGY0|F6PGY0_MONDO,tr|F6ZWH6|F6ZWH6_MONDO,tr|H2MZF5|H2MZF5_ORYLA
POP	F6PGY0	H2QTG9	FP	TN	Family0112928	p0_c0_r0	both_directions	direct_edge	1	2.381448278222488	22051295	tr|F6PGY0|F6PGY0_MONDO,tr|H2QTG9|H2QTG9_PANTR
POP	F6PGY0	H2QTG9	FP	TN	Family0112928	p0_c0_r1	both_directions	direct_edge	1	2.381448278222488	22051295	tr|F6PGY0|F6PGY0_MONDO,tr|H2QTG9|H2QTG9_PANTR
POP	F6PGY0	J9NU29	FP	TN	Family0112928	p0_c0_r0	both_directions	direct_edge	1	2.390678697905521	22051296	tr|F6PGY0|F6PGY0_MONDO,tr|J9NU29|J9NU29_CANLF
POP	F6PGY0	J9NU29	FP	TN	Family0112928	p0_c0_r1	both_directions	direct_edge	1	2.390678697905521	22051296	tr|F6PGY0|F6PGY0_MONDO,tr|J9NU29|J9NU29_CANLF
POP	F6PGY0	Q9ES81	FP	TN	Family0112928	p0_c0_r0	both_directions	direct_edge	1	2.366064245417433	7114043	tr|F6PGY0|F6PGY0_MONDO,sp|Q9ES81|POPD3_MOUSE
POP	F6PGY0	Q9ES81	FP	TN	Family0112928	p0_c0_r1	both_directions	direct_edge	1	2.366064245417433	7114043	tr|F6PGY0|F6PGY0_MONDO,sp|Q9ES81|POPD3_MOUSE
POP	F6PGY0	Q9HBV1	FP	TN	Family0112928	p0_c0_r0	both_directions	direct_edge	1	2.381448278222488	7245223	tr|F6PGY0|F6PGY0_MONDO,sp|Q9HBV1|POPD3_HUMAN
POP	F6PGY0	Q9HBV1	FP	TN	Family0112928	p0_c0_r1	both_directions	direct_edge	1	2.381448278222488	7245223	tr|F6PGY0|F6PGY0_MONDO,sp|Q9HBV1|POPD3_HUMAN
POP	F6ZWH6	G3QNZ3	FP	TN	Family0112928	p0_c0_r0	both_directions	direct_edge	1	2.3867166652573975	22470492	tr|F6ZWH6|F6ZWH6_MONDO,tr|G3QNZ3|G3QNZ3_GORGO
POP	F6ZWH6	G3QNZ3	FP	TN	Family0112928	p0_c0_r1	both_directions	direct_edge	1	2.3867166652573975	22470492	tr|F6ZWH6|F6ZWH6_MONDO,tr|G3QNZ3|G3QNZ3_GORGO
POP	F6ZWH6	H2LXG3	FP	TN	Family0112928	p0_c0_r0	both_directions	direct_edge	1	2.0582260181610863	22470494	tr|F6ZWH6|F6ZWH6_MONDO,tr|H2LXG3|H2LXG3_ORYLA
POP	F6ZWH6	H2LXG3	FP	TN	Family0112928	p0_c0_r1	both_directions	direct_edge	1	2.0582260181610863	22470494	tr|F6ZWH6|F6ZWH6_MONDO,tr|H2LXG3|H2LXG3_ORYLA
POP	F6ZWH6	J9NZA1	FP	TN	Family0112928	p0_c0_r0	both_directions	direct_edge	1	1.8557476794015946	22470498	tr|F6ZWH6|F6ZWH6_MONDO,tr|J9NZA1|J9NZA1_CANLF
POP	F6ZWH6	J9NZA1	FP	TN	Family0112928	p0_c0_r1	both_directions	direct_edge	1	1.8557476794015946	22470498	tr|F6ZWH6|F6ZWH6_MONDO,tr|J9NZA1|J9NZA1_CANLF
POP	F6ZWH6	Q6JWV8	FP	TN	Family0112928	p0_c0_r0	no_direct_hit	indirect_path	2			tr|F6ZWH6|F6ZWH6_MONDO,sp|Q9ES82|POPD2_MOUSE,sp|Q6JWV8|POPD2_DANRE
POP	F6ZWH6	Q6JWV8	FP	TN	Family0112928	p0_c0_r1	no_direct_hit	indirect_path	2			tr|F6ZWH6|F6ZWH6_MONDO,sp|Q9ES82|POPD2_MOUSE,sp|Q6JWV8|POPD2_DANRE
POP	F6ZWH6	Q6P722	FP	TN	Family0112928	p0_c0_r0	both_directions	direct_edge	1	2.429720569135909	22470499	tr|F6ZWH6|F6ZWH6_MONDO,tr|Q6P722|Q6P722_RAT
POP	F6ZWH6	Q6P722	FP	TN	Family0112928	p0_c0_r1	both_directions	direct_edge	1	2.429720569135909	22470499	tr|F6ZWH6|F6ZWH6_MONDO,tr|Q6P722|Q6P722_RAT
POP	F6ZWH6	Q9ES82	FP	TN	Family0112928	p0_c0_r0	both_directions	direct_edge	1	2.414573226510693	7114062	tr|F6ZWH6|F6ZWH6_MONDO,sp|Q9ES82|POPD2_MOUSE
POP	F6ZWH6	Q9ES82	FP	TN	Family0112928	p0_c0_r1	both_directions	direct_edge	1	2.414573226510693	7114062	tr|F6ZWH6|F6ZWH6_MONDO,sp|Q9ES82|POPD2_MOUSE
POP	F6ZWH6	Q9HBU9	FP	TN	Family0112928	p0_c0_r0	both_directions	direct_edge	1	2.393617585051473	7245208	tr|F6ZWH6|F6ZWH6_MONDO,sp|Q9HBU9|POPD2_HUMAN
POP	F6ZWH6	Q9HBU9	FP	TN	Family0112928	p0_c0_r1	both_directions	direct_edge	1	2.393617585051473	7245208	tr|F6ZWH6|F6ZWH6_MONDO,sp|Q9HBU9|POPD2_HUMAN
POP	G3N3W7	G3QNZ3	FP	TN	Family0112928	p0_c0_r0	both_directions	direct_edge	1	2.2918746425057814	22777644	tr|G3N3W7|G3N3W7_BOVIN,tr|G3QNZ3|G3QNZ3_GORGO
POP	G3N3W7	G3QNZ3	FP	TN	Family0112928	p0_c0_r1	both_directions	direct_edge	1	2.2918746425057814	22777644	tr|G3N3W7|G3N3W7_BOVIN,tr|G3QNZ3|G3QNZ3_GORGO
POP	G3N3W7	H2LXG3	FP	TN	Family0112928	p0_c0_r0	both_directions	direct_edge	1	2.0265109966933568	22777646	tr|G3N3W7|G3N3W7_BOVIN,tr|H2LXG3|H2LXG3_ORYLA
POP	G3N3W7	H2LXG3	FP	TN	Family0112928	p0_c0_r1	both_directions	direct_edge	1	2.0265109966933568	22777646	tr|G3N3W7|G3N3W7_BOVIN,tr|H2LXG3|H2LXG3_ORYLA
POP	G3N3W7	J9NZA1	FP	TN	Family0112928	p0_c0_r0	both_directions	indirect_path	2			tr|G3N3W7|G3N3W7_BOVIN,sp|Q9DG25|POPD3_CHICK,tr|J9NZA1|J9NZA1_CANLF
POP	G3N3W7	J9NZA1	FP	TN	Family0112928	p0_c0_r1	both_directions	indirect_path	2			tr|G3N3W7|G3N3W7_BOVIN,sp|Q9DG25|POPD3_CHICK,tr|J9NZA1|J9NZA1_CANLF
POP	G3N3W7	Q6JWV8	FP	TN	Family0112928	p0_c0_r0	no_direct_hit	indirect_path	2			tr|G3N3W7|G3N3W7_BOVIN,sp|Q9ES82|POPD2_MOUSE,sp|Q6JWV8|POPD2_DANRE
POP	G3N3W7	Q6JWV8	FP	TN	Family0112928	p0_c0_r1	no_direct_hit	indirect_path	2			tr|G3N3W7|G3N3W7_BOVIN,sp|Q9ES82|POPD2_MOUSE,sp|Q6JWV8|POPD2_DANRE
POP	G3N3W7	Q6P722	FP	TN	Family0112928	p0_c0_r0	both_directions	direct_edge	1	2.359102965352618	22777649	tr|G3N3W7|G3N3W7_BOVIN,tr|Q6P722|Q6P722_RAT
POP	G3N3W7	Q6P722	FP	TN	Family0112928	p0_c0_r1	both_directions	direct_edge	1	2.359102965352618	22777649	tr|G3N3W7|G3N3W7_BOVIN,tr|Q6P722|Q6P722_RAT
POP	G3N3W7	Q9ES82	FP	TN	Family0112928	p0_c0_r0	both_directions	direct_edge	1	2.328654889539587	7114063	tr|G3N3W7|G3N3W7_BOVIN,sp|Q9ES82|POPD2_MOUSE
POP	G3N3W7	Q9ES82	FP	TN	Family0112928	p0_c0_r1	both_directions	direct_edge	1	2.328654889539587	7114063	tr|G3N3W7|G3N3W7_BOVIN,sp|Q9ES82|POPD2_MOUSE
POP	G3N3W7	Q9HBU9	FP	TN	Family0112928	p0_c0_r0	both_directions	direct_edge	1	2.3013603764604222	7245209	tr|G3N3W7|G3N3W7_BOVIN,sp|Q9HBU9|POPD2_HUMAN
POP	G3N3W7	Q9HBU9	FP	TN	Family0112928	p0_c0_r1	both_directions	direct_edge	1	2.3013603764604222	7245209	tr|G3N3W7|G3N3W7_BOVIN,sp|Q9HBU9|POPD2_HUMAN
POP	G3QNZ3	H2MZF5	FP	TN	Family0112928	p0_c0_r0	no_direct_hit	indirect_path	2			tr|G3QNZ3|G3QNZ3_GORGO,tr|F6ZWH6|F6ZWH6_MONDO,tr|H2MZF5|H2MZF5_ORYLA
POP	G3QNZ3	H2MZF5	FP	TN	Family0112928	p0_c0_r1	no_direct_hit	indirect_path	2			tr|G3QNZ3|G3QNZ3_GORGO,tr|F6ZWH6|F6ZWH6_MONDO,tr|H2MZF5|H2MZF5_ORYLA
POP	G3QNZ3	H2QTG9	FP	TN	Family0112928	p0_c0_r0	both_directions	direct_edge	1	2.337712135355897	22838843	tr|G3QNZ3|G3QNZ3_GORGO,tr|H2QTG9|H2QTG9_PANTR
POP	G3QNZ3	H2QTG9	FP	TN	Family0112928	p0_c0_r1	both_directions	direct_edge	1	2.337712135355897	22838843	tr|G3QNZ3|G3QNZ3_GORGO,tr|H2QTG9|H2QTG9_PANTR
POP	G3QNZ3	J9NU29	FP	TN	Family0112928	p0_c0_r0	both_directions	direct_edge	1	2.359102965352618	22838844	tr|G3QNZ3|G3QNZ3_GORGO,tr|J9NU29|J9NU29_CANLF
POP	G3QNZ3	J9NU29	FP	TN	Family0112928	p0_c0_r1	both_directions	direct_edge	1	2.359102965352618	22838844	tr|G3QNZ3|G3QNZ3_GORGO,tr|J9NU29|J9NU29_CANLF
POP	G3QNZ3	Q9ES81	FP	TN	Family0112928	p0_c0_r0	both_directions	direct_edge	1	2.288818809649107	7114046	tr|G3QNZ3|G3QNZ3_GORGO,sp|Q9ES81|POPD3_MOUSE
POP	G3QNZ3	Q9ES81	FP	TN	Family0112928	p0_c0_r1	both_directions	direct_edge	1	2.288818809649107	7114046	tr|G3QNZ3|G3QNZ3_GORGO,sp|Q9ES81|POPD3_MOUSE
POP	G3QNZ3	Q9HBV1	FP	TN	Family0112928	p0_c0_r0	both_directions	direct_edge	1	2.337712135355897	7245226	tr|G3QNZ3|G3QNZ3_GORGO,sp|Q9HBV1|POPD3_HUMAN
POP	G3QNZ3	Q9HBV1	FP	TN	Family0112928	p0_c0_r1	both_directions	direct_edge	1	2.337712135355897	7245226	tr|G3QNZ3|G3QNZ3_GORGO,sp|Q9HBV1|POPD3_HUMAN
POP	G3RLV4	H2LXG3	FP	TN	Family0112928	p0_c0_r0	both_directions	direct_edge	1	2.0506002804579135	23010362	tr|G3RLV4|G3RLV4_GORGO,tr|H2LXG3|H2LXG3_ORYLA
POP	G3RLV4	H2LXG3	FP	TN	Family0112928	p0_c0_r1	both_directions	direct_edge	1	2.0506002804579135	23010362	tr|G3RLV4|G3RLV4_GORGO,tr|H2LXG3|H2LXG3_ORYLA
POP	G3RLV4	J9NZA1	FP	TN	Family0112928	p0_c0_r0	both_directions	direct_edge	1	1.7972307606747175	23010365	tr|G3RLV4|G3RLV4_GORGO,tr|J9NZA1|J9NZA1_CANLF
POP	G3RLV4	J9NZA1	FP	TN	Family0112928	p0_c0_r1	both_directions	direct_edge	1	1.7972307606747175	23010365	tr|G3RLV4|G3RLV4_GORGO,tr|J9NZA1|J9NZA1_CANLF
POP	G3RLV4	Q6JWV8	FP	TN	Family0112928	p0_c0_r0	no_direct_hit	indirect_path	2			tr|G3RLV4|G3RLV4_GORGO,sp|Q9ES82|POPD2_MOUSE,sp|Q6JWV8|POPD2_DANRE
POP	G3RLV4	Q6JWV8	FP	TN	Family0112928	p0_c0_r1	no_direct_hit	indirect_path	2			tr|G3RLV4|G3RLV4_GORGO,sp|Q9ES82|POPD2_MOUSE,sp|Q6JWV8|POPD2_DANRE
POP	G3RLV4	Q6P722	FP	TN	Family0112928	p0_c0_r0	both_directions	direct_edge	1	2.3652146310659665	23010366	tr|G3RLV4|G3RLV4_GORGO,tr|Q6P722|Q6P722_RAT
POP	G3RLV4	Q6P722	FP	TN	Family0112928	p0_c0_r1	both_directions	direct_edge	1	2.3652146310659665	23010366	tr|G3RLV4|G3RLV4_GORGO,tr|Q6P722|Q6P722_RAT
POP	G3RLV4	Q9ES82	FP	TN	Family0112928	p0_c0_r0	both_directions	direct_edge	1	2.3561948291005024	7114065	tr|G3RLV4|G3RLV4_GORGO,sp|Q9ES82|POPD2_MOUSE
POP	G3RLV4	Q9ES82	FP	TN	Family0112928	p0_c0_r1	both_directions	direct_edge	1	2.3561948291005024	7114065	tr|G3RLV4|G3RLV4_GORGO,sp|Q9ES82|POPD2_MOUSE
POP	G3RLV4	Q9HBU9	FP	TN	Family0112928	p0_c0_r0	both_directions	direct_edge	1	2.3443764582634206	7245211	tr|G3RLV4|G3RLV4_GORGO,sp|Q9HBU9|POPD2_HUMAN
POP	G3RLV4	Q9HBU9	FP	TN	Family0112928	p0_c0_r1	both_directions	direct_edge	1	2.3443764582634206	7245211	tr|G3RLV4|G3RLV4_GORGO,sp|Q9HBU9|POPD2_HUMAN
POP	H2LXG3	H2QTG9	FP	TN	Family0112928	p0_c0_r0	both_directions	direct_edge	1	2.0506002804579135	23279229	tr|H2LXG3|H2LXG3_ORYLA,tr|H2QTG9|H2QTG9_PANTR
POP	H2LXG3	H2QTG9	FP	TN	Family0112928	p0_c0_r1	both_directions	direct_edge	1	2.0506002804579135	23279229	tr|H2LXG3|H2LXG3_ORYLA,tr|H2QTG9|H2QTG9_PANTR
POP	H2LXG3	J9NU29	FP	TN	Family0112928	p0_c0_r0	both_directions	direct_edge	1	2.0445779595167743	23279230	tr|H2LXG3|H2LXG3_ORYLA,tr|J9NU29|J9NU29_CANLF
POP	H2LXG3	J9NU29	FP	TN	Family0112928	p0_c0_r1	both_directions	direct_edge	1	2.0445779595167743	23279230	tr|H2LXG3|H2LXG3_ORYLA,tr|J9NU29|J9NU29_CANLF
POP	H2LXG3	Q9ES81	FP	TN	Family0112928	p0_c0_r0	both_directions	direct_edge	1	2.0777007246930403	7114048	tr|H2LXG3|H2LXG3_ORYLA,sp|Q9ES81|POPD3_MOUSE
POP	H2LXG3	Q9ES81	FP	TN	Family0112928	p0_c0_r1	both_directions	direct_edge	1	2.0777007246930403	7114048	tr|H2LXG3|H2LXG3_ORYLA,sp|Q9ES81|POPD3_MOUSE
POP	H2LXG3	Q9HBV1	FP	TN	Family0112928	p0_c0_r0	both_directions	direct_edge	1	2.0506002804579135	7245228	tr|H2LXG3|H2LXG3_ORYLA,sp|Q9HBV1|POPD3_HUMAN
POP	H2LXG3	Q9HBV1	FP	TN	Family0112928	p0_c0_r1	both_directions	direct_edge	1	2.0506002804579135	7245228	tr|H2LXG3|H2LXG3_ORYLA,sp|Q9HBV1|POPD3_HUMAN
POP	H2MZF5	J9NZA1	FP	TN	Family0112928	p0_c0_r0	no_direct_hit	indirect_path	2			tr|H2MZF5|H2MZF5_ORYLA,tr|F6ZWH6|F6ZWH6_MONDO,tr|J9NZA1|J9NZA1_CANLF
POP	H2MZF5	J9NZA1	FP	TN	Family0112928	p0_c0_r1	no_direct_hit	indirect_path	2			tr|H2MZF5|H2MZF5_ORYLA,tr|F6ZWH6|F6ZWH6_MONDO,tr|J9NZA1|J9NZA1_CANLF
POP	H2MZF5	Q6JWV8	FP	TN	Family0112928	p0_c0_r0	no_direct_hit	indirect_path	2			tr|H2MZF5|H2MZF5_ORYLA,tr|F1R6V1|F1R6V1_DANRE,sp|Q6JWV8|POPD2_DANRE
POP	H2MZF5	Q6JWV8	FP	TN	Family0112928	p0_c0_r1	no_direct_hit	indirect_path	2			tr|H2MZF5|H2MZF5_ORYLA,tr|F1R6V1|F1R6V1_DANRE,sp|Q6JWV8|POPD2_DANRE
POP	H2MZF5	Q6P722	FP	TN	Family0112928	p0_c0_r0	no_direct_hit	indirect_path	2			tr|H2MZF5|H2MZF5_ORYLA,tr|F6ZWH6|F6ZWH6_MONDO,tr|Q6P722|Q6P722_RAT
POP	H2MZF5	Q6P722	FP	TN	Family0112928	p0_c0_r1	no_direct_hit	indirect_path	2			tr|H2MZF5|H2MZF5_ORYLA,tr|F6ZWH6|F6ZWH6_MONDO,tr|Q6P722|Q6P722_RAT
POP	H2MZF5	Q9ES82	FP	TN	Family0112928	p0_c0_r0	no_direct_hit	indirect_path	2			tr|H2MZF5|H2MZF5_ORYLA,tr|F6ZWH6|F6ZWH6_MONDO,sp|Q9ES82|POPD2_MOUSE
POP	H2MZF5	Q9ES82	FP	TN	Family0112928	p0_c0_r1	no_direct_hit	indirect_path	2			tr|H2MZF5|H2MZF5_ORYLA,tr|F6ZWH6|F6ZWH6_MONDO,sp|Q9ES82|POPD2_MOUSE
POP	H2MZF5	Q9HBU9	FP	TN	Family0112928	p0_c0_r0	no_direct_hit	indirect_path	2			tr|H2MZF5|H2MZF5_ORYLA,tr|F6ZWH6|F6ZWH6_MONDO,sp|Q9HBU9|POPD2_HUMAN
POP	H2MZF5	Q9HBU9	FP	TN	Family0112928	p0_c0_r1	no_direct_hit	indirect_path	2			tr|H2MZF5|H2MZF5_ORYLA,tr|F6ZWH6|F6ZWH6_MONDO,sp|Q9HBU9|POPD2_HUMAN
POP	H2QTG9	J9NZA1	FP	TN	Family0112928	p0_c0_r0	both_directions	direct_edge	1	1.7972307606747175	23507324	tr|H2QTG9|H2QTG9_PANTR,tr|J9NZA1|J9NZA1_CANLF
POP	H2QTG9	J9NZA1	FP	TN	Family0112928	p0_c0_r1	both_directions	direct_edge	1	1.7972307606747175	23507324	tr|H2QTG9|H2QTG9_PANTR,tr|J9NZA1|J9NZA1_CANLF
POP	H2QTG9	Q6JWV8	FP	TN	Family0112928	p0_c0_r0	no_direct_hit	indirect_path	2			tr|H2QTG9|H2QTG9_PANTR,sp|Q9ES82|POPD2_MOUSE,sp|Q6JWV8|POPD2_DANRE
POP	H2QTG9	Q6JWV8	FP	TN	Family0112928	p0_c0_r1	no_direct_hit	indirect_path	2			tr|H2QTG9|H2QTG9_PANTR,sp|Q9ES82|POPD2_MOUSE,sp|Q6JWV8|POPD2_DANRE
POP	H2QTG9	Q6P722	FP	TN	Family0112928	p0_c0_r0	both_directions	direct_edge	1	2.3652146310659665	23507325	tr|H2QTG9|H2QTG9_PANTR,tr|Q6P722|Q6P722_RAT
POP	H2QTG9	Q6P722	FP	TN	Family0112928	p0_c0_r1	both_directions	direct_edge	1	2.3652146310659665	23507325	tr|H2QTG9|H2QTG9_PANTR,tr|Q6P722|Q6P722_RAT
POP	H2QTG9	Q9ES82	FP	TN	Family0112928	p0_c0_r0	both_directions	direct_edge	1	2.3561948291005024	7114067	tr|H2QTG9|H2QTG9_PANTR,sp|Q9ES82|POPD2_MOUSE
POP	H2QTG9	Q9ES82	FP	TN	Family0112928	p0_c0_r1	both_directions	direct_edge	1	2.3561948291005024	7114067	tr|H2QTG9|H2QTG9_PANTR,sp|Q9ES82|POPD2_MOUSE
POP	H2QTG9	Q9HBU9	FP	TN	Family0112928	p0_c0_r0	both_directions	direct_edge	1	2.3443764582634206	7245213	tr|H2QTG9|H2QTG9_PANTR,sp|Q9HBU9|POPD2_HUMAN
POP	H2QTG9	Q9HBU9	FP	TN	Family0112928	p0_c0_r1	both_directions	direct_edge	1	2.3443764582634206	7245213	tr|H2QTG9|H2QTG9_PANTR,sp|Q9HBU9|POPD2_HUMAN
POP	J9NU29	Q6JWV8	FP	TN	Family0112928	p0_c0_r0	no_direct_hit	indirect_path	2			tr|J9NU29|J9NU29_CANLF,sp|Q9ES82|POPD2_MOUSE,sp|Q6JWV8|POPD2_DANRE
POP	J9NU29	Q6JWV8	FP	TN	Family0112928	p0_c0_r1	no_direct_hit	indirect_path	2			tr|J9NU29|J9NU29_CANLF,sp|Q9ES82|POPD2_MOUSE,sp|Q6JWV8|POPD2_DANRE
POP	J9NU29	Q6P722	FP	TN	Family0112928	p0_c0_r0	both_directions	direct_edge	1	2.3896612939193616	23855445	tr|J9NU29|J9NU29_CANLF,tr|Q6P722|Q6P722_RAT
POP	J9NU29	Q6P722	FP	TN	Family0112928	p0_c0_r1	both_directions	direct_edge	1	2.3896612939193616	23855445	tr|J9NU29|J9NU29_CANLF,tr|Q6P722|Q6P722_RAT
POP	J9NU29	Q9ES82	FP	TN	Family0112928	p0_c0_r0	both_directions	direct_edge	1	2.380674775376871	7114068	tr|J9NU29|J9NU29_CANLF,sp|Q9ES82|POPD2_MOUSE
POP	J9NU29	Q9ES82	FP	TN	Family0112928	p0_c0_r1	both_directions	direct_edge	1	2.380674775376871	7114068	tr|J9NU29|J9NU29_CANLF,sp|Q9ES82|POPD2_MOUSE
POP	J9NU29	Q9HBU9	FP	TN	Family0112928	p0_c0_r0	both_directions	direct_edge	1	2.36588449916492	7245214	tr|J9NU29|J9NU29_CANLF,sp|Q9HBU9|POPD2_HUMAN
POP	J9NU29	Q9HBU9	FP	TN	Family0112928	p0_c0_r1	both_directions	direct_edge	1	2.36588449916492	7245214	tr|J9NU29|J9NU29_CANLF,sp|Q9HBU9|POPD2_HUMAN
POP	J9NZA1	Q9ES81	FP	TN	Family0112928	p0_c0_r0	both_directions	indirect_path	2			tr|J9NZA1|J9NZA1_CANLF,sp|Q9DG25|POPD3_CHICK,sp|Q9ES81|POPD3_MOUSE
POP	J9NZA1	Q9ES81	FP	TN	Family0112928	p0_c0_r1	both_directions	indirect_path	2			tr|J9NZA1|J9NZA1_CANLF,sp|Q9DG25|POPD3_CHICK,sp|Q9ES81|POPD3_MOUSE
POP	J9NZA1	Q9HBV1	FP	TN	Family0112928	p0_c0_r0	both_directions	direct_edge	1	1.7972307606747175	7245231	tr|J9NZA1|J9NZA1_CANLF,sp|Q9HBV1|POPD3_HUMAN
POP	J9NZA1	Q9HBV1	FP	TN	Family0112928	p0_c0_r1	both_directions	direct_edge	1	1.7972307606747175	7245231	tr|J9NZA1|J9NZA1_CANLF,sp|Q9HBV1|POPD3_HUMAN
POP	Q6JWV8	Q9ES81	FP	TN	Family0112928	p0_c0_r0	no_direct_hit	indirect_path	2			sp|Q6JWV8|POPD2_DANRE,sp|Q9ES82|POPD2_MOUSE,sp|Q9ES81|POPD3_MOUSE
POP	Q6JWV8	Q9ES81	FP	TN	Family0112928	p0_c0_r1	no_direct_hit	indirect_path	2			sp|Q6JWV8|POPD2_DANRE,sp|Q9ES82|POPD2_MOUSE,sp|Q9ES81|POPD3_MOUSE
POP	Q6JWV8	Q9HBV1	FP	TN	Family0112928	p0_c0_r0	no_direct_hit	indirect_path	2			sp|Q6JWV8|POPD2_DANRE,sp|Q9ES82|POPD2_MOUSE,sp|Q9HBV1|POPD3_HUMAN
POP	Q6JWV8	Q9HBV1	FP	TN	Family0112928	p0_c0_r1	no_direct_hit	indirect_path	2			sp|Q6JWV8|POPD2_DANRE,sp|Q9ES82|POPD2_MOUSE,sp|Q9HBV1|POPD3_HUMAN
POP	Q6P722	Q9ES81	FP	TN	Family0112928	p0_c0_r0	both_directions	direct_edge	1	2.3163213053591765	7114051	tr|Q6P722|Q6P722_RAT,sp|Q9ES81|POPD3_MOUSE
POP	Q6P722	Q9ES81	FP	TN	Family0112928	p0_c0_r1	both_directions	direct_edge	1	2.3163213053591765	7114051	tr|Q6P722|Q6P722_RAT,sp|Q9ES81|POPD3_MOUSE
POP	Q6P722	Q9HBV1	FP	TN	Family0112928	p0_c0_r0	both_directions	direct_edge	1	2.3652146310659665	7245232	tr|Q6P722|Q6P722_RAT,sp|Q9HBV1|POPD3_HUMAN
POP	Q6P722	Q9HBV1	FP	TN	Family0112928	p0_c0_r1	both_directions	direct_edge	1	2.3652146310659665	7245232	tr|Q6P722|Q6P722_RAT,sp|Q9HBV1|POPD3_HUMAN
POP	Q9ES81	Q9HBU9	FP	TN	Family0112928	p0_c0_r0	both_directions	direct_edge	1	2.295215221917137	7114035	sp|Q9ES81|POPD3_MOUSE,sp|Q9HBU9|POPD2_HUMAN
POP	Q9ES81	Q9HBU9	FP	TN	Family0112928	p0_c0_r1	both_directions	direct_edge	1	2.295215221917137	7114035	sp|Q9ES81|POPD3_MOUSE,sp|Q9HBU9|POPD2_HUMAN
POP	Q9ES82	Q9HBV1	FP	TN	Family0112928	p0_c0_r0	both_directions	direct_edge	1	2.3561948291005024	7114053	sp|Q9ES82|POPD2_MOUSE,sp|Q9HBV1|POPD3_HUMAN
POP	Q9ES82	Q9HBV1	FP	TN	Family0112928	p0_c0_r1	both_directions	direct_edge	1	2.3561948291005024	7114053	sp|Q9ES82|POPD2_MOUSE,sp|Q9HBV1|POPD3_HUMAN
PSEN	A9S846	A9VBA9	TP	FN	Family0077302	p0_c0_r0	both_directions	direct_edge	1	0.43309279302430015	17743112	tr|A9S846|A9S846_PHYPA,tr|A9VBA9|A9VBA9_MONBE
PSEN	A9S846	A9VBA9	TP	FN	Family0077302	p0_c0_r1	both_directions	direct_edge	1	0.43309279302430015	17743112	tr|A9S846|A9S846_PHYPA,tr|A9VBA9|A9VBA9_MONBE
PSEN	A9S846	C3Z2C5	TP	FN	Family0077302	p0_c0_r0	both_directions	direct_edge	1	0.4518752204488468	17743119	tr|A9S846|A9S846_PHYPA,tr|C3Z2C5|C3Z2C5_BRAFL
PSEN	A9S846	C3Z2C5	TP	FN	Family0077302	p0_c0_r1	both_directions	direct_edge	1	0.4518752204488468	17743119	tr|A9S846|A9S846_PHYPA,tr|C3Z2C5|C3Z2C5_BRAFL
PSEN	A9S846	F1NGP7	TP	FN	Family0077302	p0_c0_r0	both_directions	direct_edge	1	0.4636485044995322	17743122	tr|A9S846|A9S846_PHYPA,tr|F1NGP7|F1NGP7_CHICK
PSEN	A9S846	F1NGP7	TP	FN	Family0077302	p0_c0_r1	both_directions	direct_edge	1	0.4636485044995322	17743122	tr|A9S846|A9S846_PHYPA,tr|F1NGP7|F1NGP7_CHICK
PSEN	A9S846	F6RA92	TP	FN	Family0077302	p0_c0_r0	both_directions	direct_edge	1	0.6696880057175439	17743123	tr|A9S846|A9S846_PHYPA,tr|F6RA92|F6RA92_CIOIN
PSEN	A9S846	F6RA92	TP	FN	Family0077302	p0_c0_r1	both_directions	direct_edge	1	0.6696880057175439	17743123	tr|A9S846|A9S846_PHYPA,tr|F6RA92|F6RA92_CIOIN
PSEN	A9S846	F7C949	TP	FN	Family0077302	p0_c0_r0	both_directions	direct_edge	1	0.4764801504765702	17743124	tr|A9S846|A9S846_PHYPA,tr|F7C949|F7C949_XENTR
PSEN	A9S846	F7C949	TP	FN	Family0077302	p0_c0_r1	both_directions	direct_edge	1	0.4764801504765702	17743124	tr|A9S846|A9S846_PHYPA,tr|F7C949|F7C949_XENTR
PSEN	A9S846	G3QI95	TP	FN	Family0077302	p0_c0_r0	no_direct_hit	indirect_path	2			tr|A9S846|A9S846_PHYPA,sp|P49768|PSN1_HUMAN,tr|G3QI95|G3QI95_GORGO
PSEN	A9S846	G3QI95	TP	FN	Family0077302	p0_c0_r1	no_direct_hit	indirect_path	2			tr|A9S846|A9S846_PHYPA,sp|P49768|PSN1_HUMAN,tr|G3QI95|G3QI95_GORGO
PSEN	A9S846	G3QLC6	TP	FN	Family0077302	p0_c0_r0	both_directions	direct_edge	1	0.45094338802004386	17743125	tr|A9S846|A9S846_PHYPA,tr|G3QLC6|G3QLC6_GORGO
PSEN	A9S846	G3QLC6	TP	FN	Family0077302	p0_c0_r1	both_directions	direct_edge	1	0.45094338802004386	17743125	tr|A9S846|A9S846_PHYPA,tr|G3QLC6|G3QLC6_GORGO
PSEN	A9S846	H2N0U7	TP	FN	Family0077302	p0_c0_r0	both_directions	direct_edge	1	0.5065538491252143	17743126	tr|A9S846|A9S846_PHYPA,tr|H2N0U7|H2N0U7_ORYLA
PSEN	A9S846	H2N0U7	TP	FN	Family0077302	p0_c0_r1	both_directions	direct_edge	1	0.5065538491252143	17743126	tr|A9S846|A9S846_PHYPA,tr|H2N0U7|H2N0U7_ORYLA
PSEN	A9S846	H2Q8K1	TP	FN	Family0077302	p0_c0_r0	both_directions	direct_edge	1	0.4576527974202124	17743127	tr|A9S846|A9S846_PHYPA,tr|H2Q8K1|H2Q8K1_PANTR
PSEN	A9S846	H2Q8K1	TP	FN	Family0077302	p0_c0_r1	both_directions	direct_edge	1	0.4576527974202124	17743127	tr|A9S846|A9S846_PHYPA,tr|H2Q8K1|H2Q8K1_PANTR
PSEN	A9S846	H2R821	TP	FN	Family0077302	p0_c0_r0	both_directions	direct_edge	1	0.4490799776191158	17743128	tr|A9S846|A9S846_PHYPA,tr|H2R821|H2R821_PANTR
PSEN	A9S846	H2R821	TP	FN	Family0077302	p0_c0_r1	both_directions	direct_edge	1	0.4490799776191158	17743128	tr|A9S846|A9S846_PHYPA,tr|H2R821|H2R821_PANTR
PSEN	A9S846	O02194	TP	FN	Family0077302	p0_c0_r0	both_directions	direct_edge	1	0.7834751929047475	561541	tr|A9S846|A9S846_PHYPA,sp|O02194|PSN_DROME
PSEN	A9S846	O02194	TP	FN	Family0077302	p0_c0_r1	both_directions	direct_edge	1	0.7834751929047475	561541	tr|A9S846|A9S846_PHYPA,sp|O02194|PSN_DROME
PSEN	A9S846	O88777	TP	FN	Family0077302	p0_c0_r0	both_directions	direct_edge	1	0.4715831695831416	1168947	tr|A9S846|A9S846_PHYPA,sp|O88777|PSN2_RAT
PSEN	A9S846	O88777	TP	FN	Family0077302	p0_c0_r1	both_directions	direct_edge	1	0.4715831695831416	1168947	tr|A9S846|A9S846_PHYPA,sp|O88777|PSN2_RAT
PSEN	A9S846	P49768	TP	FN	Family0077302	p0_c0_r0	both_directions	direct_edge	1	0.4576527974202124	2805033	tr|A9S846|A9S846_PHYPA,sp|P49768|PSN1_HUMAN
PSEN	A9S846	P49768	TP	FN	Family0077302	p0_c0_r1	both_directions	direct_edge	1	0.4576527974202124	2805033	tr|A9S846|A9S846_PHYPA,sp|P49768|PSN1_HUMAN
PSEN	A9S846	P49769	TP	FN	Family0077302	p0_c0_r0	both_directions	direct_edge	1	0.46189032332225144	2805082	tr|A9S846|A9S846_PHYPA,sp|P49769|PSN1_MOUSE
PSEN	A9S846	P49769	TP	FN	Family0077302	p0_c0_r1	both_directions	direct_edge	1	0.46189032332225144	2805082	tr|A9S846|A9S846_PHYPA,sp|P49769|PSN1_MOUSE
PSEN	A9S846	P49810	TP	FN	Family0077302	p0_c0_r0	both_directions	direct_edge	1	0.46725671848604855	2806011	tr|A9S846|A9S846_PHYPA,sp|P49810|PSN2_HUMAN
PSEN	A9S846	P49810	TP	FN	Family0077302	p0_c0_r1	both_directions	direct_edge	1	0.46725671848604855	2806011	tr|A9S846|A9S846_PHYPA,sp|P49810|PSN2_HUMAN
PSEN	A9S846	P97887	TP	FN	Family0077302	p0_c0_r0	both_directions	direct_edge	1	0.4635130849703378	3364687	tr|A9S846|A9S846_PHYPA,sp|P97887|PSN1_RAT
PSEN	A9S846	P97887	TP	FN	Family0077302	p0_c0_r1	both_directions	direct_edge	1	0.4635130849703378	3364687	tr|A9S846|A9S846_PHYPA,sp|P97887|PSN1_RAT
PSEN	A9S846	Q4JIM4	TP	FN	Family0077302	p0_c0_r0	both_directions	direct_edge	1	0.45293059444590084	4371645	tr|A9S846|A9S846_PHYPA,sp|Q4JIM4|PSN1_CHICK
PSEN	A9S846	Q4JIM4	TP	FN	Family0077302	p0_c0_r1	both_directions	direct_edge	1	0.45293059444590084	4371645	tr|A9S846|A9S846_PHYPA,sp|Q4JIM4|PSN1_CHICK
PSEN	A9S846	Q7PR98	TP	FN	Family0077302	p0_c0_r0	both_directions	direct_edge	1	0.4604874537256166	17743132	tr|A9S846|A9S846_PHYPA,tr|Q7PR98|Q7PR98_ANOGA
PSEN	A9S846	Q7PR98	TP	FN	Family0077302	p0_c0_r1	both_directions	direct_edge	1	0.4604874537256166	17743132	tr|A9S846|A9S846_PHYPA,tr|Q7PR98|Q7PR98_ANOGA
PSEN	A9S846	Q90ZE4	TP	FN	Family0077302	p0_c0_r0	both_directions	direct_edge	1	0.47749148420258564	6637878	tr|A9S846|A9S846_PHYPA,sp|Q90ZE4|PSN2_DANRE
PSEN	A9S846	Q90ZE4	TP	FN	Family0077302	p0_c0_r1	both_directions	direct_edge	1	0.47749148420258564	6637878	tr|A9S846|A9S846_PHYPA,sp|Q90ZE4|PSN2_DANRE
PSEN	A9S846	Q9XT96	TP	FN	Family0077302	p0_c0_r0	both_directions	direct_edge	1	0.4667360980252278	8005127	tr|A9S846|A9S846_PHYPA,sp|Q9XT96|PSN2_BOVIN
PSEN	A9S846	Q9XT96	TP	FN	Family0077302	p0_c0_r1	both_directions	direct_edge	1	0.4667360980252278	8005127	tr|A9S846|A9S846_PHYPA,sp|Q9XT96|PSN2_BOVIN
PSEN	A9S846	Q9XT97	TP	FN	Family0077302	p0_c0_r0	both_directions	direct_edge	1	0.45235626893801867	8005163	tr|A9S846|A9S846_PHYPA,sp|Q9XT97|PSN1_BOVIN
PSEN	A9S846	Q9XT97	TP	FN	Family0077302	p0_c0_r1	both_directions	direct_edge	1	0.45235626893801867	8005163	tr|A9S846|A9S846_PHYPA,sp|Q9XT97|PSN1_BOVIN
PSEN	A9VBA9	B8C3Y7	TP	FN	Family0077302	p0_c0_r0	both_directions	direct_edge	1	0.47767989536343175	18054778	tr|A9VBA9|A9VBA9_MONBE,tr|B8C3Y7|B8C3Y7_THAPS
PSEN	A9VBA9	B8C3Y7	TP	FN	Family0077302	p0_c0_r1	both_directions	direct_edge	1	0.47767989536343175	18054778	tr|A9VBA9|A9VBA9_MONBE,tr|B8C3Y7|B8C3Y7_THAPS
PSEN	A9VBA9	C7J054	TP	FN	Family0077302	p0_c0_r0	both_directions	direct_edge	1	0.4282957879282518	18054780	tr|A9VBA9|A9VBA9_MONBE,tr|C7J054|C7J054_ORYSJ
PSEN	A9VBA9	C7J054	TP	FN	Family0077302	p0_c0_r1	both_directions	direct_edge	1	0.4282957879282518	18054780	tr|A9VBA9|A9VBA9_MONBE,tr|C7J054|C7J054_ORYSJ
PSEN	A9VBA9	H3GE34	TP	FN	Family0077302	p0_c0_r0	both_directions	direct_edge	1	0.375167347857842	18054789	tr|A9VBA9|A9VBA9_MONBE,tr|H3GE34|H3GE34_PHYRM
PSEN	A9VBA9	H3GE34	TP	FN	Family0077302	p0_c0_r1	both_directions	direct_edge	1	0.375167347857842	18054789	tr|A9VBA9|A9VBA9_MONBE,tr|H3GE34|H3GE34_PHYRM
PSEN	A9VBA9	H3GSQ0	TP	FN	Family0077302	p0_c0_r0	both_directions	direct_edge	1	0.43039436929001634	18054790	tr|A9VBA9|A9VBA9_MONBE,tr|H3GSQ0|H3GSQ0_PHYRM
PSEN	A9VBA9	H3GSQ0	TP	FN	Family0077302	p0_c0_r1	both_directions	direct_edge	1	0.43039436929001634	18054790	tr|A9VBA9|A9VBA9_MONBE,tr|H3GSQ0|H3GSQ0_PHYRM
PSEN	A9VBA9	O64668	TP	FN	Family0077302	p0_c0_r0	both_directions	direct_edge	1	0.48240178323832056	964842	tr|A9VBA9|A9VBA9_MONBE,sp|O64668|PSNA_ARATH
PSEN	A9VBA9	O64668	TP	FN	Family0077302	p0_c0_r1	both_directions	direct_edge	1	0.48240178323832056	964842	tr|A9VBA9|A9VBA9_MONBE,sp|O64668|PSNA_ARATH
PSEN	A9VBA9	Q4QF26	TP	FN	Family0077302	p0_c0_r0	both_directions	direct_edge	1	0.5257058181616028	18054791	tr|A9VBA9|A9VBA9_MONBE,tr|Q4QF26|Q4QF26_LEIMA
PSEN	A9VBA9	Q4QF26	TP	FN	Family0077302	p0_c0_r1	both_directions	direct_edge	1	0.5257058181616028	18054791	tr|A9VBA9|A9VBA9_MONBE,tr|Q4QF26|Q4QF26_LEIMA
PSEN	A9VBA9	Q54DE8	TP	FN	Family0077302	p0_c0_r0	both_directions	direct_edge	1	0.6969874950190347	4509838	tr|A9VBA9|A9VBA9_MONBE,sp|Q54DE8|PSNB_DICDI
PSEN	A9VBA9	Q54DE8	TP	FN	Family0077302	p0_c0_r1	both_directions	direct_edge	1	0.6969874950190347	4509838	tr|A9VBA9|A9VBA9_MONBE,sp|Q54DE8|PSNB_DICDI
PSEN	A9VBA9	Q54ET2	TP	FN	Family0077302	p0_c0_r0	both_directions	direct_edge	1	0.742325833489446	4519550	tr|A9VBA9|A9VBA9_MONBE,sp|Q54ET2|PSNA_DICDI
PSEN	A9VBA9	Q54ET2	TP	FN	Family0077302	p0_c0_r1	both_directions	direct_edge	1	0.742325833489446	4519550	tr|A9VBA9|A9VBA9_MONBE,sp|Q54ET2|PSNA_DICDI
PSEN	A9VBA9	Q9SIK7	TP	FN	Family0077302	p0_c0_r0	both_directions	direct_edge	1	0.6370282373825094	7678765	tr|A9VBA9|A9VBA9_MONBE,sp|Q9SIK7|PSNB_ARATH
PSEN	A9VBA9	Q9SIK7	TP	FN	Family0077302	p0_c0_r1	both_directions	direct_edge	1	0.6370282373825094	7678765	tr|A9VBA9|A9VBA9_MONBE,sp|Q9SIK7|PSNB_ARATH
PSEN	B8C3Y7	C3Z2C5	TP	FN	Family0077302	p0_c0_r0	both_directions	direct_edge	1	0.8956174022353155	19001832	tr|B8C3Y7|B8C3Y7_THAPS,tr|C3Z2C5|C3Z2C5_BRAFL
PSEN	B8C3Y7	C3Z2C5	TP	FN	Family0077302	p0_c0_r1	both_directions	direct_edge	1	0.8956174022353155	19001832	tr|B8C3Y7|B8C3Y7_THAPS,tr|C3Z2C5|C3Z2C5_BRAFL
PSEN	B8C3Y7	F1NGP7	TP	FN	Family0077302	p0_c0_r0	both_directions	direct_edge	1	0.7614400441049516	19001835	tr|B8C3Y7|B8C3Y7_THAPS,tr|F1NGP7|F1NGP7_CHICK
PSEN	B8C3Y7	F1NGP7	TP	FN	Family0077302	p0_c0_r1	both_directions	direct_edge	1	0.7614400441049516	19001835	tr|B8C3Y7|B8C3Y7_THAPS,tr|F1NGP7|F1NGP7_CHICK
PSEN	B8C3Y7	F6RA92	TP	FN	Family0077302	p0_c0_r0	both_directions	direct_edge	1	1.0769942858527664	19001836	tr|B8C3Y7|B8C3Y7_THAPS,tr|F6RA92|F6RA92_CIOIN
PSEN	B8C3Y7	F6RA92	TP	FN	Family0077302	p0_c0_r1	both_directions	direct_edge	1	1.0769942858527664	19001836	tr|B8C3Y7|B8C3Y7_THAPS,tr|F6RA92|F6RA92_CIOIN
PSEN	B8C3Y7	F7C949	TP	FN	Family0077302	p0_c0_r0	both_directions	direct_edge	1	0.779517134762023	19001837	tr|B8C3Y7|B8C3Y7_THAPS,tr|F7C949|F7C949_XENTR
PSEN	B8C3Y7	F7C949	TP	FN	Family0077302	p0_c0_r1	both_directions	direct_edge	1	0.779517134762023	19001837	tr|B8C3Y7|B8C3Y7_THAPS,tr|F7C949|F7C949_XENTR
PSEN	B8C3Y7	G3QI95	TP	FN	Family0077302	p0_c0_r0	no_direct_hit	indirect_path	2			tr|B8C3Y7|B8C3Y7_THAPS,sp|P49768|PSN1_HUMAN,tr|G3QI95|G3QI95_GORGO
PSEN	B8C3Y7	G3QI95	TP	FN	Family0077302	p0_c0_r1	no_direct_hit	indirect_path	2			tr|B8C3Y7|B8C3Y7_THAPS,sp|P49768|PSN1_HUMAN,tr|G3QI95|G3QI95_GORGO
PSEN	B8C3Y7	G3QLC6	TP	FN	Family0077302	p0_c0_r0	both_directions	direct_edge	1	0.607651037910683	19001838	tr|B8C3Y7|B8C3Y7_THAPS,tr|G3QLC6|G3QLC6_GORGO
PSEN	B8C3Y7	G3QLC6	TP	FN	Family0077302	p0_c0_r1	both_directions	direct_edge	1	0.607651037910683	19001838	tr|B8C3Y7|B8C3Y7_THAPS,tr|G3QLC6|G3QLC6_GORGO
PSEN	B8C3Y7	H2N0U7	TP	FN	Family0077302	p0_c0_r0	both_directions	direct_edge	1	0.8930760286504544	19001839	tr|B8C3Y7|B8C3Y7_THAPS,tr|H2N0U7|H2N0U7_ORYLA
PSEN	B8C3Y7	H2N0U7	TP	FN	Family0077302	p0_c0_r1	both_directions	direct_edge	1	0.8930760286504544	19001839	tr|B8C3Y7|B8C3Y7_THAPS,tr|H2N0U7|H2N0U7_ORYLA
PSEN	B8C3Y7	H2Q8K1	TP	FN	Family0077302	p0_c0_r0	both_directions	direct_edge	1	1.069575254846285	19001840	tr|B8C3Y7|B8C3Y7_THAPS,tr|H2Q8K1|H2Q8K1_PANTR
PSEN	B8C3Y7	H2Q8K1	TP	FN	Family0077302	p0_c0_r1	both_directions	direct_edge	1	1.069575254846285	19001840	tr|B8C3Y7|B8C3Y7_THAPS,tr|H2Q8K1|H2Q8K1_PANTR
PSEN	B8C3Y7	H2R821	TP	FN	Family0077302	p0_c0_r0	both_directions	direct_edge	1	0.6075039008755153	19001841	tr|B8C3Y7|B8C3Y7_THAPS,tr|H2R821|H2R821_PANTR
PSEN	B8C3Y7	H2R821	TP	FN	Family0077302	p0_c0_r1	both_directions	direct_edge	1	0.6075039008755153	19001841	tr|B8C3Y7|B8C3Y7_THAPS,tr|H2R821|H2R821_PANTR
PSEN	B8C3Y7	H3GE34	TP	FN	Family0077302	p0_c0_r0	both_directions	direct_edge	1	0.9641261822982269	19001842	tr|B8C3Y7|B8C3Y7_THAPS,tr|H3GE34|H3GE34_PHYRM
PSEN	B8C3Y7	H3GE34	TP	FN	Family0077302	p0_c0_r1	both_directions	direct_edge	1	0.9641261822982269	19001842	tr|B8C3Y7|B8C3Y7_THAPS,tr|H3GE34|H3GE34_PHYRM
PSEN	B8C3Y7	O02194	TP	FN	Family0077302	p0_c0_r0	both_directions	direct_edge	1	0.6893486046843333	561547	tr|B8C3Y7|B8C3Y7_THAPS,sp|O02194|PSN_DROME
PSEN	B8C3Y7	O02194	TP	FN	Family0077302	p0_c0_r1	both_directions	direct_edge	1	0.6893486046843333	561547	tr|B8C3Y7|B8C3Y7_THAPS,sp|O02194|PSN_DROME
PSEN	B8C3Y7	O88777	TP	FN	Family0077302	p0_c0_r0	both_directions	direct_edge	1	0.8559079373463852	1168953	tr|B8C3Y7|B8C3Y7_THAPS,sp|O88777|PSN2_RAT
PSEN	B8C3Y7	O88777	TP	FN	Family0077302	p0_c0_r1	both_directions	direct_edge	1	0.8559079373463852	1168953	tr|B8C3Y7|B8C3Y7_THAPS,sp|O88777|PSN2_RAT
PSEN	B8C3Y7	P49768	TP	FN	Family0077302	p0_c0_r0	both_directions	direct_edge	1	1.069575254846285	2805038	tr|B8C3Y7|B8C3Y7_THAPS,sp|P49768|PSN1_HUMAN
PSEN	B8C3Y7	P49768	TP	FN	Family0077302	p0_c0_r1	both_directions	direct_edge	1	1.069575254846285	2805038	tr|B8C3Y7|B8C3Y7_THAPS,sp|P49768|PSN1_HUMAN
PSEN	B8C3Y7	P49769	TP	FN	Family0077302	p0_c0_r0	both_directions	direct_edge	1	1.0454857220794769	2805087	tr|B8C3Y7|B8C3Y7_THAPS,sp|P49769|PSN1_MOUSE
PSEN	B8C3Y7	P49769	TP	FN	Family0077302	p0_c0_r1	both_directions	direct_edge	1	1.0454857220794769	2805087	tr|B8C3Y7|B8C3Y7_THAPS,sp|P49769|PSN1_MOUSE
PSEN	B8C3Y7	P49810	TP	FN	Family0077302	p0_c0_r0	both_directions	direct_edge	1	0.8559079373463852	2806017	tr|B8C3Y7|B8C3Y7_THAPS,sp|P49810|PSN2_HUMAN
PSEN	B8C3Y7	P49810	TP	FN	Family0077302	p0_c0_r1	both_directions	direct_edge	1	0.8559079373463852	2806017	tr|B8C3Y7|B8C3Y7_THAPS,sp|P49810|PSN2_HUMAN
PSEN	B8C3Y7	P97887	TP	FN	Family0077302	p0_c0_r0	both_directions	direct_edge	1	1.0491809093075308	3364692	tr|B8C3Y7|B8C3Y7_THAPS,sp|P97887|PSN1_RAT
PSEN	B8C3Y7	P97887	TP	FN	Family0077302	p0_c0_r1	both_directions	direct_edge	1	1.0491809093075308	3364692	tr|B8C3Y7|B8C3Y7_THAPS,sp|P97887|PSN1_RAT
PSEN	B8C3Y7	Q4JIM4	TP	FN	Family0077302	p0_c0_r0	both_directions	direct_edge	1	1.0588064222369578	4371650	tr|B8C3Y7|B8C3Y7_THAPS,sp|Q4JIM4|PSN1_CHICK
PSEN	B8C3Y7	Q4JIM4	TP	FN	Family0077302	p0_c0_r1	both_directions	direct_edge	1	1.0588064222369578	4371650	tr|B8C3Y7|B8C3Y7_THAPS,sp|Q4JIM4|PSN1_CHICK
PSEN	B8C3Y7	Q7PR98	TP	FN	Family0077302	p0_c0_r0	both_directions	direct_edge	1	0.776229871295248	19001845	tr|B8C3Y7|B8C3Y7_THAPS,tr|Q7PR98|Q7PR98_ANOGA
PSEN	B8C3Y7	Q7PR98	TP	FN	Family0077302	p0_c0_r1	both_directions	direct_edge	1	0.776229871295248	19001845	tr|B8C3Y7|B8C3Y7_THAPS,tr|Q7PR98|Q7PR98_ANOGA
PSEN	B8C3Y7	Q90ZE4	TP	FN	Family0077302	p0_c0_r0	both_directions	direct_edge	1	0.7783898608416239	6637884	tr|B8C3Y7|B8C3Y7_THAPS,sp|Q90ZE4|PSN2_DANRE
PSEN	B8C3Y7	Q90ZE4	TP	FN	Family0077302	p0_c0_r1	both_directions	direct_edge	1	0.7783898608416239	6637884	tr|B8C3Y7|B8C3Y7_THAPS,sp|Q90ZE4|PSN2_DANRE
PSEN	B8C3Y7	Q9XT96	TP	FN	Family0077302	p0_c0_r0	both_directions	direct_edge	1	0.8500407488412068	8005133	tr|B8C3Y7|B8C3Y7_THAPS,sp|Q9XT96|PSN2_BOVIN
PSEN	B8C3Y7	Q9XT96	TP	FN	Family0077302	p0_c0_r1	both_directions	direct_edge	1	0.8500407488412068	8005133	tr|B8C3Y7|B8C3Y7_THAPS,sp|Q9XT96|PSN2_BOVIN
PSEN	B8C3Y7	Q9XT97	TP	FN	Family0077302	p0_c0_r0	both_directions	direct_edge	1	0.9667159901693478	8005168	tr|B8C3Y7|B8C3Y7_THAPS,sp|Q9XT97|PSN1_BOVIN
PSEN	B8C3Y7	Q9XT97	TP	FN	Family0077302	p0_c0_r1	both_directions	direct_edge	1	0.9667159901693478	8005168	tr|B8C3Y7|B8C3Y7_THAPS,sp|Q9XT97|PSN1_BOVIN
PSEN	C3Z2C5	C7J054	TP	FN	Family0077302	p0_c0_r0	both_directions	direct_edge	1	0.8362255733373553	19713231	tr|C3Z2C5|C3Z2C5_BRAFL,tr|C7J054|C7J054_ORYSJ
PSEN	C3Z2C5	C7J054	TP	FN	Family0077302	p0_c0_r1	both_directions	direct_edge	1	0.8362255733373553	19713231	tr|C3Z2C5|C3Z2C5_BRAFL,tr|C7J054|C7J054_ORYSJ
PSEN	C3Z2C5	H3GE34	TP	FN	Family0077302	p0_c0_r0	both_directions	direct_edge	1	0.5190127275926834	19713240	tr|C3Z2C5|C3Z2C5_BRAFL,tr|H3GE34|H3GE34_PHYRM
PSEN	C3Z2C5	H3GE34	TP	FN	Family0077302	p0_c0_r1	both_directions	direct_edge	1	0.5190127275926834	19713240	tr|C3Z2C5|C3Z2C5_BRAFL,tr|H3GE34|H3GE34_PHYRM
PSEN	C3Z2C5	H3GSQ0	TP	FN	Family0077302	p0_c0_r0	both_directions	direct_edge	1	0.7221366589396828	19713241	tr|C3Z2C5|C3Z2C5_BRAFL,tr|H3GSQ0|H3GSQ0_PHYRM
PSEN	C3Z2C5	H3GSQ0	TP	FN	Family0077302	p0_c0_r1	both_directions	direct_edge	1	0.7221366589396828	19713241	tr|C3Z2C5|C3Z2C5_BRAFL,tr|H3GSQ0|H3GSQ0_PHYRM
PSEN	C3Z2C5	O64668	TP	FN	Family0077302	p0_c0_r0	both_directions	direct_edge	1	0.8542774617122814	964847	tr|C3Z2C5|C3Z2C5_BRAFL,sp|O64668|PSNA_ARATH
PSEN	C3Z2C5	O64668	TP	FN	Family0077302	p0_c0_r1	both_directions	direct_edge	1	0.8542774617122814	964847	tr|C3Z2C5|C3Z2C5_BRAFL,sp|O64668|PSNA_ARATH
PSEN	C3Z2C5	Q4QF26	TP	FN	Family0077302	p0_c0_r0	both_directions	direct_edge	1	0.7606037149127386	19713242	tr|C3Z2C5|C3Z2C5_BRAFL,tr|Q4QF26|Q4QF26_LEIMA
PSEN	C3Z2C5	Q4QF26	TP	FN	Family0077302	p0_c0_r1	both_directions	direct_edge	1	0.7606037149127386	19713242	tr|C3Z2C5|C3Z2C5_BRAFL,tr|Q4QF26|Q4QF26_LEIMA
PSEN	C3Z2C5	Q54DE8	TP	FN	Family0077302	p0_c0_r0	both_directions	direct_edge	1	0.46809031293019515	4509845	tr|C3Z2C5|C3Z2C5_BRAFL,sp|Q54DE8|PSNB_DICDI
PSEN	C3Z2C5	Q54DE8	TP	FN	Family0077302	p0_c0_r1	both_directions	direct_edge	1	0.46809031293019515	4509845	tr|C3Z2C5|C3Z2C5_BRAFL,sp|Q54DE8|PSNB_DICDI
PSEN	C3Z2C5	Q54ET2	TP	FN	Family0077302	p0_c0_r0	both_directions	direct_edge	1	0.9696800239147338	4519559	tr|C3Z2C5|C3Z2C5_BRAFL,sp|Q54ET2|PSNA_DICDI
PSEN	C3Z2C5	Q54ET2	TP	FN	Family0077302	p0_c0_r1	both_directions	direct_edge	1	0.9696800239147338	4519559	tr|C3Z2C5|C3Z2C5_BRAFL,sp|Q54ET2|PSNA_DICDI
PSEN	C3Z2C5	Q9SIK7	TP	FN	Family0077302	p0_c0_r0	both_directions	direct_edge	1	0.8679187876025831	7678771	tr|C3Z2C5|C3Z2C5_BRAFL,sp|Q9SIK7|PSNB_ARATH
PSEN	C3Z2C5	Q9SIK7	TP	FN	Family0077302	p0_c0_r1	both_directions	direct_edge	1	0.8679187876025831	7678771	tr|C3Z2C5|C3Z2C5_BRAFL,sp|Q9SIK7|PSNB_ARATH
PSEN	C7J054	F1NGP7	TP	FN	Family0077302	p0_c0_r0	both_directions	direct_edge	1	0.5492393953720175	20088621	tr|C7J054|C7J054_ORYSJ,tr|F1NGP7|F1NGP7_CHICK
PSEN	C7J054	F1NGP7	TP	FN	Family0077302	p0_c0_r1	both_directions	direct_edge	1	0.5492393953720175	20088621	tr|C7J054|C7J054_ORYSJ,tr|F1NGP7|F1NGP7_CHICK
PSEN	C7J054	F6RA92	TP	FN	Family0077302	p0_c0_r0	both_directions	direct_edge	1	0.6624815683862798	20088622	tr|C7J054|C7J054_ORYSJ,tr|F6RA92|F6RA92_CIOIN
PSEN	C7J054	F6RA92	TP	FN	Family0077302	p0_c0_r1	both_directions	direct_edge	1	0.6624815683862798	20088622	tr|C7J054|C7J054_ORYSJ,tr|F6RA92|F6RA92_CIOIN
PSEN	C7J054	F7C949	TP	FN	Family0077302	p0_c0_r0	both_directions	direct_edge	1	0.49012883036544097	20088623	tr|C7J054|C7J054_ORYSJ,tr|F7C949|F7C949_XENTR
PSEN	C7J054	F7C949	TP	FN	Family0077302	p0_c0_r1	both_directions	direct_edge	1	0.49012883036544097	20088623	tr|C7J054|C7J054_ORYSJ,tr|F7C949|F7C949_XENTR
PSEN	C7J054	G3QI95	TP	FN	Family0077302	p0_c0_r0	no_direct_hit	indirect_path	2			tr|C7J054|C7J054_ORYSJ,sp|P49768|PSN1_HUMAN,tr|G3QI95|G3QI95_GORGO
PSEN	C7J054	G3QI95	TP	FN	Family0077302	p0_c0_r1	no_direct_hit	indirect_path	2			tr|C7J054|C7J054_ORYSJ,sp|P49768|PSN1_HUMAN,tr|G3QI95|G3QI95_GORGO
PSEN	C7J054	G3QLC6	TP	FN	Family0077302	p0_c0_r0	both_directions	direct_edge	1	0.4703416005641232	20088624	tr|C7J054|C7J054_ORYSJ,tr|G3QLC6|G3QLC6_GORGO
PSEN	C7J054	G3QLC6	TP	FN	Family0077302	p0_c0_r1	both_directions	direct_edge	1	0.4703416005641232	20088624	tr|C7J054|C7J054_ORYSJ,tr|G3QLC6|G3QLC6_GORGO
PSEN	C7J054	H2N0U7	TP	FN	Family0077302	p0_c0_r0	both_directions	direct_edge	1	0.5118410662221219	20088625	tr|C7J054|C7J054_ORYSJ,tr|H2N0U7|H2N0U7_ORYLA
PSEN	C7J054	H2N0U7	TP	FN	Family0077302	p0_c0_r1	both_directions	direct_edge	1	0.5118410662221219	20088625	tr|C7J054|C7J054_ORYSJ,tr|H2N0U7|H2N0U7_ORYLA
PSEN	C7J054	H2Q8K1	TP	FN	Family0077302	p0_c0_r0	both_directions	direct_edge	1	0.6846907791165895	20088626	tr|C7J054|C7J054_ORYSJ,tr|H2Q8K1|H2Q8K1_PANTR
PSEN	C7J054	H2Q8K1	TP	FN	Family0077302	p0_c0_r1	both_directions	direct_edge	1	0.6846907791165895	20088626	tr|C7J054|C7J054_ORYSJ,tr|H2Q8K1|H2Q8K1_PANTR
PSEN	C7J054	H2R821	TP	FN	Family0077302	p0_c0_r0	both_directions	indirect_path	2			tr|C7J054|C7J054_ORYSJ,sp|O02194|PSN_DROME,tr|H2R821|H2R821_PANTR
PSEN	C7J054	H2R821	TP	FN	Family0077302	p0_c0_r1	both_directions	indirect_path	2			tr|C7J054|C7J054_ORYSJ,sp|O02194|PSN_DROME,tr|H2R821|H2R821_PANTR
PSEN	C7J054	O02194	TP	FN	Family0077302	p0_c0_r0	both_directions	direct_edge	1	0.870933015513216	561549	tr|C7J054|C7J054_ORYSJ,sp|O02194|PSN_DROME
PSEN	C7J054	O02194	TP	FN	Family0077302	p0_c0_r1	both_directions	direct_edge	1	0.870933015513216	561549	tr|C7J054|C7J054_ORYSJ,sp|O02194|PSN_DROME
PSEN	C7J054	O64668	FP	TN	Family0077302	p0_c0_r0	both_directions	direct_edge	1	1.6206491083790373	964848	tr|C7J054|C7J054_ORYSJ,sp|O64668|PSNA_ARATH
PSEN	C7J054	O64668	FP	TN	Family0077302	p0_c0_r1	both_directions	direct_edge	1	1.6206491083790373	964848	tr|C7J054|C7J054_ORYSJ,sp|O64668|PSNA_ARATH
PSEN	C7J054	O88777	TP	FN	Family0077302	p0_c0_r0	both_directions	direct_edge	1	0.5667450994767314	1168955	tr|C7J054|C7J054_ORYSJ,sp|O88777|PSN2_RAT
PSEN	C7J054	O88777	TP	FN	Family0077302	p0_c0_r1	both_directions	direct_edge	1	0.5667450994767314	1168955	tr|C7J054|C7J054_ORYSJ,sp|O88777|PSN2_RAT
PSEN	C7J054	P49768	TP	FN	Family0077302	p0_c0_r0	both_directions	direct_edge	1	0.6846907791165895	2805040	tr|C7J054|C7J054_ORYSJ,sp|P49768|PSN1_HUMAN
PSEN	C7J054	P49768	TP	FN	Family0077302	p0_c0_r1	both_directions	direct_edge	1	0.6846907791165895	2805040	tr|C7J054|C7J054_ORYSJ,sp|P49768|PSN1_HUMAN
PSEN	C7J054	P49769	TP	FN	Family0077302	p0_c0_r0	both_directions	direct_edge	1	0.667411516552133	2805089	tr|C7J054|C7J054_ORYSJ,sp|P49769|PSN1_MOUSE
PSEN	C7J054	P49769	TP	FN	Family0077302	p0_c0_r1	both_directions	direct_edge	1	0.667411516552133	2805089	tr|C7J054|C7J054_ORYSJ,sp|P49769|PSN1_MOUSE
PSEN	C7J054	P49810	TP	FN	Family0077302	p0_c0_r0	both_directions	direct_edge	1	0.5579241640763153	2806019	tr|C7J054|C7J054_ORYSJ,sp|P49810|PSN2_HUMAN
PSEN	C7J054	P49810	TP	FN	Family0077302	p0_c0_r1	both_directions	direct_edge	1	0.5579241640763153	2806019	tr|C7J054|C7J054_ORYSJ,sp|P49810|PSN2_HUMAN
PSEN	C7J054	P97887	TP	FN	Family0077302	p0_c0_r0	both_directions	direct_edge	1	0.6688556877444205	3364694	tr|C7J054|C7J054_ORYSJ,sp|P97887|PSN1_RAT
PSEN	C7J054	P97887	TP	FN	Family0077302	p0_c0_r1	both_directions	direct_edge	1	0.6688556877444205	3364694	tr|C7J054|C7J054_ORYSJ,sp|P97887|PSN1_RAT
PSEN	C7J054	Q4JIM4	TP	FN	Family0077302	p0_c0_r0	both_directions	direct_edge	1	0.6969044746498317	4371652	tr|C7J054|C7J054_ORYSJ,sp|Q4JIM4|PSN1_CHICK
PSEN	C7J054	Q4JIM4	TP	FN	Family0077302	p0_c0_r1	both_directions	direct_edge	1	0.6969044746498317	4371652	tr|C7J054|C7J054_ORYSJ,sp|Q4JIM4|PSN1_CHICK
PSEN	C7J054	Q7PR98	TP	FN	Family0077302	p0_c0_r0	both_directions	direct_edge	1	0.8633426184816427	20088630	tr|C7J054|C7J054_ORYSJ,tr|Q7PR98|Q7PR98_ANOGA
PSEN	C7J054	Q7PR98	TP	FN	Family0077302	p0_c0_r1	both_directions	direct_edge	1	0.8633426184816427	20088630	tr|C7J054|C7J054_ORYSJ,tr|Q7PR98|Q7PR98_ANOGA
PSEN	C7J054	Q90ZE4	TP	FN	Family0077302	p0_c0_r0	both_directions	direct_edge	1	0.5178813644103591	6637886	tr|C7J054|C7J054_ORYSJ,sp|Q90ZE4|PSN2_DANRE
PSEN	C7J054	Q90ZE4	TP	FN	Family0077302	p0_c0_r1	both_directions	direct_edge	1	0.5178813644103591	6637886	tr|C7J054|C7J054_ORYSJ,sp|Q90ZE4|PSN2_DANRE
PSEN	C7J054	Q9XT96	TP	FN	Family0077302	p0_c0_r0	both_directions	direct_edge	1	0.5506941910678109	8005135	tr|C7J054|C7J054_ORYSJ,sp|Q9XT96|PSN2_BOVIN
PSEN	C7J054	Q9XT96	TP	FN	Family0077302	p0_c0_r1	both_directions	direct_edge	1	0.5506941910678109	8005135	tr|C7J054|C7J054_ORYSJ,sp|Q9XT96|PSN2_BOVIN
PSEN	C7J054	Q9XT97	TP	FN	Family0077302	p0_c0_r0	both_directions	direct_edge	1	0.7066554336428571	8005170	tr|C7J054|C7J054_ORYSJ,sp|Q9XT97|PSN1_BOVIN
PSEN	C7J054	Q9XT97	TP	FN	Family0077302	p0_c0_r1	both_directions	direct_edge	1	0.7066554336428571	8005170	tr|C7J054|C7J054_ORYSJ,sp|Q9XT97|PSN1_BOVIN
PSEN	F1NGP7	G3QI95	FP	TN	Family0077302	p0_c0_r0	no_direct_hit	indirect_path	2			tr|F1NGP7|F1NGP7_CHICK,sp|P49768|PSN1_HUMAN,tr|G3QI95|G3QI95_GORGO
PSEN	F1NGP7	G3QI95	FP	TN	Family0077302	p0_c0_r1	no_direct_hit	indirect_path	2			tr|F1NGP7|F1NGP7_CHICK,sp|P49768|PSN1_HUMAN,tr|G3QI95|G3QI95_GORGO
PSEN	F1NGP7	H2Q8K1	FP	TN	Family0077302	p0_c0_r0	both_directions	direct_edge	1	2.9959153625309414	21526669	tr|F1NGP7|F1NGP7_CHICK,tr|H2Q8K1|H2Q8K1_PANTR
PSEN	F1NGP7	H2Q8K1	FP	TN	Family0077302	p0_c0_r1	both_directions	direct_edge	1	2.9959153625309414	21526669	tr|F1NGP7|F1NGP7_CHICK,tr|H2Q8K1|H2Q8K1_PANTR
PSEN	F1NGP7	H3GE34	TP	FN	Family0077302	p0_c0_r0	both_directions	direct_edge	1	0.4252619471630004	21526671	tr|F1NGP7|F1NGP7_CHICK,tr|H3GE34|H3GE34_PHYRM
PSEN	F1NGP7	H3GE34	TP	FN	Family0077302	p0_c0_r1	both_directions	direct_edge	1	0.4252619471630004	21526671	tr|F1NGP7|F1NGP7_CHICK,tr|H3GE34|H3GE34_PHYRM
PSEN	F1NGP7	H3GSQ0	TP	FN	Family0077302	p0_c0_r0	both_directions	direct_edge	1	0.42876249921336484	21526672	tr|F1NGP7|F1NGP7_CHICK,tr|H3GSQ0|H3GSQ0_PHYRM
PSEN	F1NGP7	H3GSQ0	TP	FN	Family0077302	p0_c0_r1	both_directions	direct_edge	1	0.42876249921336484	21526672	tr|F1NGP7|F1NGP7_CHICK,tr|H3GSQ0|H3GSQ0_PHYRM
PSEN	F1NGP7	O64668	TP	FN	Family0077302	p0_c0_r0	both_directions	direct_edge	1	0.5088118069738015	964850	tr|F1NGP7|F1NGP7_CHICK,sp|O64668|PSNA_ARATH
PSEN	F1NGP7	O64668	TP	FN	Family0077302	p0_c0_r1	both_directions	direct_edge	1	0.5088118069738015	964850	tr|F1NGP7|F1NGP7_CHICK,sp|O64668|PSNA_ARATH
PSEN	F1NGP7	P49768	FP	TN	Family0077302	p0_c0_r0	both_directions	direct_edge	1	2.9959153625309414	2805042	tr|F1NGP7|F1NGP7_CHICK,sp|P49768|PSN1_HUMAN
PSEN	F1NGP7	P49768	FP	TN	Family0077302	p0_c0_r1	both_directions	direct_edge	1	2.9959153625309414	2805042	tr|F1NGP7|F1NGP7_CHICK,sp|P49768|PSN1_HUMAN
PSEN	F1NGP7	P49769	FP	TN	Family0077302	p0_c0_r0	both_directions	direct_edge	1	2.978560313363492	2805091	tr|F1NGP7|F1NGP7_CHICK,sp|P49769|PSN1_MOUSE
PSEN	F1NGP7	P49769	FP	TN	Family0077302	p0_c0_r1	both_directions	direct_edge	1	2.978560313363492	2805091	tr|F1NGP7|F1NGP7_CHICK,sp|P49769|PSN1_MOUSE
PSEN	F1NGP7	P97887	FP	TN	Family0077302	p0_c0_r0	both_directions	direct_edge	1	2.977543451274312	3364696	tr|F1NGP7|F1NGP7_CHICK,sp|P97887|PSN1_RAT
PSEN	F1NGP7	P97887	FP	TN	Family0077302	p0_c0_r1	both_directions	direct_edge	1	2.977543451274312	3364696	tr|F1NGP7|F1NGP7_CHICK,sp|P97887|PSN1_RAT
PSEN	F1NGP7	Q4QF26	TP	FN	Family0077302	p0_c0_r0	both_directions	direct_edge	1	0.9170415937760319	21526673	tr|F1NGP7|F1NGP7_CHICK,tr|Q4QF26|Q4QF26_LEIMA
PSEN	F1NGP7	Q4QF26	TP	FN	Family0077302	p0_c0_r1	both_directions	direct_edge	1	0.9170415937760319	21526673	tr|F1NGP7|F1NGP7_CHICK,tr|Q4QF26|Q4QF26_LEIMA
PSEN	F1NGP7	Q54DE8	TP	FN	Family0077302	p0_c0_r0	both_directions	direct_edge	1	0.4957829272141085	4509849	tr|F1NGP7|F1NGP7_CHICK,sp|Q54DE8|PSNB_DICDI
PSEN	F1NGP7	Q54DE8	TP	FN	Family0077302	p0_c0_r1	both_directions	direct_edge	1	0.4957829272141085	4509849	tr|F1NGP7|F1NGP7_CHICK,sp|Q54DE8|PSNB_DICDI
PSEN	F1NGP7	Q54ET2	TP	FN	Family0077302	p0_c0_r0	both_directions	direct_edge	1	0.821448888480588	4519566	tr|F1NGP7|F1NGP7_CHICK,sp|Q54ET2|PSNA_DICDI
PSEN	F1NGP7	Q54ET2	TP	FN	Family0077302	p0_c0_r1	both_directions	direct_edge	1	0.821448888480588	4519566	tr|F1NGP7|F1NGP7_CHICK,sp|Q54ET2|PSNA_DICDI
PSEN	F1NGP7	Q9SIK7	TP	FN	Family0077302	p0_c0_r0	both_directions	direct_edge	1	1.0258539559928659	7678774	tr|F1NGP7|F1NGP7_CHICK,sp|Q9SIK7|PSNB_ARATH
PSEN	F1NGP7	Q9SIK7	TP	FN	Family0077302	p0_c0_r1	both_directions	direct_edge	1	1.0258539559928659	7678774	tr|F1NGP7|F1NGP7_CHICK,sp|Q9SIK7|PSNB_ARATH
PSEN	F1NGP7	Q9XT97	FP	TN	Family0077302	p0_c0_r0	both_directions	direct_edge	1	2.877616196361496	8005172	tr|F1NGP7|F1NGP7_CHICK,sp|Q9XT97|PSN1_BOVIN
PSEN	F1NGP7	Q9XT97	FP	TN	Family0077302	p0_c0_r1	both_directions	direct_edge	1	2.877616196361496	8005172	tr|F1NGP7|F1NGP7_CHICK,sp|Q9XT97|PSN1_BOVIN
PSEN	F6RA92	H3GE34	TP	FN	Family0077302	p0_c0_r0	both_directions	direct_edge	1	0.5415036535485737	22117476	tr|F6RA92|F6RA92_CIOIN,tr|H3GE34|H3GE34_PHYRM
PSEN	F6RA92	H3GE34	TP	FN	Family0077302	p0_c0_r1	both_directions	direct_edge	1	0.5415036535485737	22117476	tr|F6RA92|F6RA92_CIOIN,tr|H3GE34|H3GE34_PHYRM
PSEN	F6RA92	H3GSQ0	TP	FN	Family0077302	p0_c0_r0	both_directions	direct_edge	1	0.6392451072828261	22117477	tr|F6RA92|F6RA92_CIOIN,tr|H3GSQ0|H3GSQ0_PHYRM
PSEN	F6RA92	H3GSQ0	TP	FN	Family0077302	p0_c0_r1	both_directions	direct_edge	1	0.6392451072828261	22117477	tr|F6RA92|F6RA92_CIOIN,tr|H3GSQ0|H3GSQ0_PHYRM
PSEN	F6RA92	O64668	TP	FN	Family0077302	p0_c0_r0	both_directions	direct_edge	1	0.836393693737025	964851	tr|F6RA92|F6RA92_CIOIN,sp|O64668|PSNA_ARATH
PSEN	F6RA92	O64668	TP	FN	Family0077302	p0_c0_r1	both_directions	direct_edge	1	0.836393693737025	964851	tr|F6RA92|F6RA92_CIOIN,sp|O64668|PSNA_ARATH
PSEN	F6RA92	Q4QF26	TP	FN	Family0077302	p0_c0_r0	both_directions	direct_edge	1	0.7949658792415238	22117478	tr|F6RA92|F6RA92_CIOIN,tr|Q4QF26|Q4QF26_LEIMA
PSEN	F6RA92	Q4QF26	TP	FN	Family0077302	p0_c0_r1	both_directions	direct_edge	1	0.7949658792415238	22117478	tr|F6RA92|F6RA92_CIOIN,tr|Q4QF26|Q4QF26_LEIMA
PSEN	F6RA92	Q54DE8	TP	FN	Family0077302	p0_c0_r0	both_directions	direct_edge	1	0.48226311815839146	4509851	tr|F6RA92|F6RA92_CIOIN,sp|Q54DE8|PSNB_DICDI
PSEN	F6RA92	Q54DE8	TP	FN	Family0077302	p0_c0_r1	both_directions	direct_edge	1	0.48226311815839146	4509851	tr|F6RA92|F6RA92_CIOIN,sp|Q54DE8|PSNB_DICDI
PSEN	F6RA92	Q54ET2	TP	FN	Family0077302	p0_c0_r0	both_directions	direct_edge	1	0.9201980599052446	4519567	tr|F6RA92|F6RA92_CIOIN,sp|Q54ET2|PSNA_DICDI
PSEN	F6RA92	Q54ET2	TP	FN	Family0077302	p0_c0_r1	both_directions	direct_edge	1	0.9201980599052446	4519567	tr|F6RA92|F6RA92_CIOIN,sp|Q54ET2|PSNA_DICDI
PSEN	F6RA92	Q9SIK7	TP	FN	Family0077302	p0_c0_r0	both_directions	direct_edge	1	1.0383202614745424	7678775	tr|F6RA92|F6RA92_CIOIN,sp|Q9SIK7|PSNB_ARATH
PSEN	F6RA92	Q9SIK7	TP	FN	Family0077302	p0_c0_r1	both_directions	direct_edge	1	1.0383202614745424	7678775	tr|F6RA92|F6RA92_CIOIN,sp|Q9SIK7|PSNB_ARATH
PSEN	F7C949	G3QI95	FP	TN	Family0077302	p0_c0_r0	no_direct_hit	indirect_path	2			tr|F7C949|F7C949_XENTR,sp|P49768|PSN1_HUMAN,tr|G3QI95|G3QI95_GORGO
PSEN	F7C949	G3QI95	FP	TN	Family0077302	p0_c0_r1	no_direct_hit	indirect_path	2			tr|F7C949|F7C949_XENTR,sp|P49768|PSN1_HUMAN,tr|G3QI95|G3QI95_GORGO
PSEN	F7C949	H2Q8K1	FP	TN	Family0077302	p0_c0_r0	both_directions	direct_edge	1	2.985202907470651	22570666	tr|F7C949|F7C949_XENTR,tr|H2Q8K1|H2Q8K1_PANTR
PSEN	F7C949	H2Q8K1	FP	TN	Family0077302	p0_c0_r1	both_directions	direct_edge	1	2.985202907470651	22570666	tr|F7C949|F7C949_XENTR,tr|H2Q8K1|H2Q8K1_PANTR
PSEN	F7C949	H3GE34	TP	FN	Family0077302	p0_c0_r0	both_directions	direct_edge	1	0.4231886126218775	22570668	tr|F7C949|F7C949_XENTR,tr|H3GE34|H3GE34_PHYRM
PSEN	F7C949	H3GE34	TP	FN	Family0077302	p0_c0_r1	both_directions	direct_edge	1	0.4231886126218775	22570668	tr|F7C949|F7C949_XENTR,tr|H3GE34|H3GE34_PHYRM
PSEN	F7C949	H3GSQ0	TP	FN	Family0077302	p0_c0_r0	both_directions	direct_edge	1	0.4542281282983282	22570669	tr|F7C949|F7C949_XENTR,tr|H3GSQ0|H3GSQ0_PHYRM
PSEN	F7C949	H3GSQ0	TP	FN	Family0077302	p0_c0_r1	both_directions	direct_edge	1	0.4542281282983282	22570669	tr|F7C949|F7C949_XENTR,tr|H3GSQ0|H3GSQ0_PHYRM
PSEN	F7C949	O64668	TP	FN	Family0077302	p0_c0_r0	both_directions	direct_edge	1	0.5088508028512059	964852	tr|F7C949|F7C949_XENTR,sp|O64668|PSNA_ARATH
PSEN	F7C949	O64668	TP	FN	Family0077302	p0_c0_r1	both_directions	direct_edge	1	0.5088508028512059	964852	tr|F7C949|F7C949_XENTR,sp|O64668|PSNA_ARATH
PSEN	F7C949	P49768	FP	TN	Family0077302	p0_c0_r0	both_directions	direct_edge	1	2.985202907470651	2805044	tr|F7C949|F7C949_XENTR,sp|P49768|PSN1_HUMAN
PSEN	F7C949	P49768	FP	TN	Family0077302	p0_c0_r1	both_directions	direct_edge	1	2.985202907470651	2805044	tr|F7C949|F7C949_XENTR,sp|P49768|PSN1_HUMAN
PSEN	F7C949	P49769	FP	TN	Family0077302	p0_c0_r0	both_directions	direct_edge	1	3.000455769041669	2805093	tr|F7C949|F7C949_XENTR,sp|P49769|PSN1_MOUSE
PSEN	F7C949	P49769	FP	TN	Family0077302	p0_c0_r1	both_directions	direct_edge	1	3.000455769041669	2805093	tr|F7C949|F7C949_XENTR,sp|P49769|PSN1_MOUSE
PSEN	F7C949	P97887	FP	TN	Family0077302	p0_c0_r0	both_directions	direct_edge	1	3.0037783926982247	3364698	tr|F7C949|F7C949_XENTR,sp|P97887|PSN1_RAT
PSEN	F7C949	P97887	FP	TN	Family0077302	p0_c0_r1	both_directions	direct_edge	1	3.0037783926982247	3364698	tr|F7C949|F7C949_XENTR,sp|P97887|PSN1_RAT
PSEN	F7C949	Q4JIM4	FP	TN	Family0077302	p0_c0_r0	both_directions	direct_edge	1	3.0995510371030957	4371656	tr|F7C949|F7C949_XENTR,sp|Q4JIM4|PSN1_CHICK
PSEN	F7C949	Q4JIM4	FP	TN	Family0077302	p0_c0_r1	both_directions	direct_edge	1	3.0995510371030957	4371656	tr|F7C949|F7C949_XENTR,sp|Q4JIM4|PSN1_CHICK
PSEN	F7C949	Q4QF26	TP	FN	Family0077302	p0_c0_r0	both_directions	direct_edge	1	0.9712954679764912	22570670	tr|F7C949|F7C949_XENTR,tr|Q4QF26|Q4QF26_LEIMA
PSEN	F7C949	Q4QF26	TP	FN	Family0077302	p0_c0_r1	both_directions	direct_edge	1	0.9712954679764912	22570670	tr|F7C949|F7C949_XENTR,tr|Q4QF26|Q4QF26_LEIMA
PSEN	F7C949	Q54DE8	TP	FN	Family0077302	p0_c0_r0	both_directions	direct_edge	1	0.4936464358015243	4509852	tr|F7C949|F7C949_XENTR,sp|Q54DE8|PSNB_DICDI
PSEN	F7C949	Q54DE8	TP	FN	Family0077302	p0_c0_r1	both_directions	direct_edge	1	0.4936464358015243	4509852	tr|F7C949|F7C949_XENTR,sp|Q54DE8|PSNB_DICDI
PSEN	F7C949	Q54ET2	TP	FN	Family0077302	p0_c0_r0	both_directions	direct_edge	1	0.8194194461076866	4519568	tr|F7C949|F7C949_XENTR,sp|Q54ET2|PSNA_DICDI
PSEN	F7C949	Q54ET2	TP	FN	Family0077302	p0_c0_r1	both_directions	direct_edge	1	0.8194194461076866	4519568	tr|F7C949|F7C949_XENTR,sp|Q54ET2|PSNA_DICDI
PSEN	F7C949	Q9SIK7	TP	FN	Family0077302	p0_c0_r0	both_directions	direct_edge	1	0.9571312563258723	7678776	tr|F7C949|F7C949_XENTR,sp|Q9SIK7|PSNB_ARATH
PSEN	F7C949	Q9SIK7	TP	FN	Family0077302	p0_c0_r1	both_directions	direct_edge	1	0.9571312563258723	7678776	tr|F7C949|F7C949_XENTR,sp|Q9SIK7|PSNB_ARATH
PSEN	F7C949	Q9XT97	FP	TN	Family0077302	p0_c0_r0	both_directions	direct_edge	1	2.8925028359254665	8005174	tr|F7C949|F7C949_XENTR,sp|Q9XT97|PSN1_BOVIN
PSEN	F7C949	Q9XT97	FP	TN	Family0077302	p0_c0_r1	both_directions	direct_edge	1	2.8925028359254665	8005174	tr|F7C949|F7C949_XENTR,sp|Q9XT97|PSN1_BOVIN
PSEN	G3QI95	H2N0U7	FP	TN	Family0077302	p0_c0_r0	no_direct_hit	indirect_path	2			tr|G3QI95|G3QI95_GORGO,sp|P49768|PSN1_HUMAN,tr|H2N0U7|H2N0U7_ORYLA
PSEN	G3QI95	H2N0U7	FP	TN	Family0077302	p0_c0_r1	no_direct_hit	indirect_path	2			tr|G3QI95|G3QI95_GORGO,sp|P49768|PSN1_HUMAN,tr|H2N0U7|H2N0U7_ORYLA
PSEN	G3QI95	H2R821	FP	TN	Family0077302	p0_c0_r0	both_directions	direct_edge	1	2.250394179602433	22806761	tr|G3QI95|G3QI95_GORGO,tr|H2R821|H2R821_PANTR
PSEN	G3QI95	H2R821	FP	TN	Family0077302	p0_c0_r1	both_directions	direct_edge	1	2.250394179602433	22806761	tr|G3QI95|G3QI95_GORGO,tr|H2R821|H2R821_PANTR
PSEN	G3QI95	H3GE34	TP	FN	Family0077302	p0_c0_r0	no_direct_hit	indirect_path	2			tr|G3QI95|G3QI95_GORGO,sp|P49768|PSN1_HUMAN,tr|H3GE34|H3GE34_PHYRM
PSEN	G3QI95	H3GE34	TP	FN	Family0077302	p0_c0_r1	no_direct_hit	indirect_path	2			tr|G3QI95|G3QI95_GORGO,sp|P49768|PSN1_HUMAN,tr|H3GE34|H3GE34_PHYRM
PSEN	G3QI95	H3GSQ0	TP	FN	Family0077302	p0_c0_r0	no_direct_hit	indirect_path	2			tr|G3QI95|G3QI95_GORGO,sp|P49768|PSN1_HUMAN,tr|H3GSQ0|H3GSQ0_PHYRM
PSEN	G3QI95	H3GSQ0	TP	FN	Family0077302	p0_c0_r1	no_direct_hit	indirect_path	2			tr|G3QI95|G3QI95_GORGO,sp|P49768|PSN1_HUMAN,tr|H3GSQ0|H3GSQ0_PHYRM
PSEN	G3QI95	O64668	TP	FN	Family0077302	p0_c0_r0	no_direct_hit	indirect_path	2			tr|G3QI95|G3QI95_GORGO,sp|P49768|PSN1_HUMAN,sp|O64668|PSNA_ARATH
PSEN	G3QI95	O64668	TP	FN	Family0077302	p0_c0_r1	no_direct_hit	indirect_path	2			tr|G3QI95|G3QI95_GORGO,sp|P49768|PSN1_HUMAN,sp|O64668|PSNA_ARATH
PSEN	G3QI95	O88777	FP	TN	Family0077302	p0_c0_r0	no_direct_hit	indirect_path	2			tr|G3QI95|G3QI95_GORGO,sp|P49768|PSN1_HUMAN,sp|O88777|PSN2_RAT
PSEN	G3QI95	O88777	FP	TN	Family0077302	p0_c0_r1	no_direct_hit	indirect_path	2			tr|G3QI95|G3QI95_GORGO,sp|P49768|PSN1_HUMAN,sp|O88777|PSN2_RAT
PSEN	G3QI95	P49810	FP	TN	Family0077302	p0_c0_r0	no_direct_hit	indirect_path	2			tr|G3QI95|G3QI95_GORGO,sp|P49768|PSN1_HUMAN,sp|P49810|PSN2_HUMAN
PSEN	G3QI95	P49810	FP	TN	Family0077302	p0_c0_r1	no_direct_hit	indirect_path	2			tr|G3QI95|G3QI95_GORGO,sp|P49768|PSN1_HUMAN,sp|P49810|PSN2_HUMAN
PSEN	G3QI95	Q4QF26	TP	FN	Family0077302	p0_c0_r0	both_directions	direct_edge	1	0.8850964879812542	22806762	tr|G3QI95|G3QI95_GORGO,tr|Q4QF26|Q4QF26_LEIMA
PSEN	G3QI95	Q4QF26	TP	FN	Family0077302	p0_c0_r1	both_directions	direct_edge	1	0.8850964879812542	22806762	tr|G3QI95|G3QI95_GORGO,tr|Q4QF26|Q4QF26_LEIMA
PSEN	G3QI95	Q54DE8	TP	FN	Family0077302	p0_c0_r0	no_direct_hit	indirect_path	2			tr|G3QI95|G3QI95_GORGO,sp|P49768|PSN1_HUMAN,sp|Q54DE8|PSNB_DICDI
PSEN	G3QI95	Q54DE8	TP	FN	Family0077302	p0_c0_r1	no_direct_hit	indirect_path	2			tr|G3QI95|G3QI95_GORGO,sp|P49768|PSN1_HUMAN,sp|Q54DE8|PSNB_DICDI
PSEN	G3QI95	Q54ET2	TP	FN	Family0077302	p0_c0_r0	both_directions	direct_edge	1	0.9098369319825834	4519569	tr|G3QI95|G3QI95_GORGO,sp|Q54ET2|PSNA_DICDI
PSEN	G3QI95	Q54ET2	TP	FN	Family0077302	p0_c0_r1	both_directions	direct_edge	1	0.9098369319825834	4519569	tr|G3QI95|G3QI95_GORGO,sp|Q54ET2|PSNA_DICDI
PSEN	G3QI95	Q90ZE4	FP	TN	Family0077302	p0_c0_r0	one_direction	direct_edge	1	2.497512874869507	6637891	tr|G3QI95|G3QI95_GORGO,sp|Q90ZE4|PSN2_DANRE
PSEN	G3QI95	Q90ZE4	FP	TN	Family0077302	p0_c0_r1	one_direction	direct_edge	1	2.497512874869507	6637891	tr|G3QI95|G3QI95_GORGO,sp|Q90ZE4|PSN2_DANRE
PSEN	G3QI95	Q9SIK7	TP	FN	Family0077302	p0_c0_r0	no_direct_hit	indirect_path	2			tr|G3QI95|G3QI95_GORGO,sp|P49768|PSN1_HUMAN,sp|Q9SIK7|PSNB_ARATH
PSEN	G3QI95	Q9SIK7	TP	FN	Family0077302	p0_c0_r1	no_direct_hit	indirect_path	2			tr|G3QI95|G3QI95_GORGO,sp|P49768|PSN1_HUMAN,sp|Q9SIK7|PSNB_ARATH
PSEN	G3QI95	Q9XT96	FP	TN	Family0077302	p0_c0_r0	no_direct_hit	indirect_path	2			tr|G3QI95|G3QI95_GORGO,sp|P49768|PSN1_HUMAN,sp|Q9XT96|PSN2_BOVIN
PSEN	G3QI95	Q9XT96	FP	TN	Family0077302	p0_c0_r1	no_direct_hit	indirect_path	2			tr|G3QI95|G3QI95_GORGO,sp|P49768|PSN1_HUMAN,sp|Q9XT96|PSN2_BOVIN
PSEN	G3QLC6	H2Q8K1	FP	TN	Family0077302	p0_c0_r0	both_directions	direct_edge	1	2.888500650380327	22824365	tr|G3QLC6|G3QLC6_GORGO,tr|H2Q8K1|H2Q8K1_PANTR
PSEN	G3QLC6	H2Q8K1	FP	TN	Family0077302	p0_c0_r1	both_directions	direct_edge	1	2.888500650380327	22824365	tr|G3QLC6|G3QLC6_GORGO,tr|H2Q8K1|H2Q8K1_PANTR
PSEN	G3QLC6	H3GE34	TP	FN	Family0077302	p0_c0_r0	both_directions	direct_edge	1	0.40786415183632696	22824367	tr|G3QLC6|G3QLC6_GORGO,tr|H3GE34|H3GE34_PHYRM
PSEN	G3QLC6	H3GE34	TP	FN	Family0077302	p0_c0_r1	both_directions	direct_edge	1	0.40786415183632696	22824367	tr|G3QLC6|G3QLC6_GORGO,tr|H3GE34|H3GE34_PHYRM
PSEN	G3QLC6	H3GSQ0	TP	FN	Family0077302	p0_c0_r0	both_directions	direct_edge	1	0.4107892658307103	22824368	tr|G3QLC6|G3QLC6_GORGO,tr|H3GSQ0|H3GSQ0_PHYRM
PSEN	G3QLC6	H3GSQ0	TP	FN	Family0077302	p0_c0_r1	both_directions	direct_edge	1	0.4107892658307103	22824368	tr|G3QLC6|G3QLC6_GORGO,tr|H3GSQ0|H3GSQ0_PHYRM
PSEN	G3QLC6	O64668	TP	FN	Family0077302	p0_c0_r0	both_directions	direct_edge	1	0.49486910423453784	964853	tr|G3QLC6|G3QLC6_GORGO,sp|O64668|PSNA_ARATH
PSEN	G3QLC6	O64668	TP	FN	Family0077302	p0_c0_r1	both_directions	direct_edge	1	0.49486910423453784	964853	tr|G3QLC6|G3QLC6_GORGO,sp|O64668|PSNA_ARATH
PSEN	G3QLC6	P49768	FP	TN	Family0077302	p0_c0_r0	both_directions	direct_edge	1	2.888500650380327	2805046	tr|G3QLC6|G3QLC6_GORGO,sp|P49768|PSN1_HUMAN
PSEN	G3QLC6	P49768	FP	TN	Family0077302	p0_c0_r1	both_directions	direct_edge	1	2.888500650380327	2805046	tr|G3QLC6|G3QLC6_GORGO,sp|P49768|PSN1_HUMAN
PSEN	G3QLC6	P49769	FP	TN	Family0077302	p0_c0_r0	both_directions	direct_edge	1	2.8779509767120275	2805095	tr|G3QLC6|G3QLC6_GORGO,sp|P49769|PSN1_MOUSE
PSEN	G3QLC6	P49769	FP	TN	Family0077302	p0_c0_r1	both_directions	direct_edge	1	2.8779509767120275	2805095	tr|G3QLC6|G3QLC6_GORGO,sp|P49769|PSN1_MOUSE
PSEN	G3QLC6	P97887	FP	TN	Family0077302	p0_c0_r0	both_directions	direct_edge	1	2.862228522572759	3364700	tr|G3QLC6|G3QLC6_GORGO,sp|P97887|PSN1_RAT
PSEN	G3QLC6	P97887	FP	TN	Family0077302	p0_c0_r1	both_directions	direct_edge	1	2.862228522572759	3364700	tr|G3QLC6|G3QLC6_GORGO,sp|P97887|PSN1_RAT
PSEN	G3QLC6	Q4JIM4	FP	TN	Family0077302	p0_c0_r0	both_directions	direct_edge	1	2.923351222981161	4371658	tr|G3QLC6|G3QLC6_GORGO,sp|Q4JIM4|PSN1_CHICK
PSEN	G3QLC6	Q4JIM4	FP	TN	Family0077302	p0_c0_r1	both_directions	direct_edge	1	2.923351222981161	4371658	tr|G3QLC6|G3QLC6_GORGO,sp|Q4JIM4|PSN1_CHICK
PSEN	G3QLC6	Q4QF26	TP	FN	Family0077302	p0_c0_r0	both_directions	direct_edge	1	0.8676095948042581	22824369	tr|G3QLC6|G3QLC6_GORGO,tr|Q4QF26|Q4QF26_LEIMA
PSEN	G3QLC6	Q4QF26	TP	FN	Family0077302	p0_c0_r1	both_directions	direct_edge	1	0.8676095948042581	22824369	tr|G3QLC6|G3QLC6_GORGO,tr|Q4QF26|Q4QF26_LEIMA
PSEN	G3QLC6	Q54DE8	TP	FN	Family0077302	p0_c0_r0	both_directions	direct_edge	1	0.8407004193821294	4509853	tr|G3QLC6|G3QLC6_GORGO,sp|Q54DE8|PSNB_DICDI
PSEN	G3QLC6	Q54DE8	TP	FN	Family0077302	p0_c0_r1	both_directions	direct_edge	1	0.8407004193821294	4509853	tr|G3QLC6|G3QLC6_GORGO,sp|Q54DE8|PSNB_DICDI
PSEN	G3QLC6	Q54ET2	TP	FN	Family0077302	p0_c0_r0	both_directions	direct_edge	1	0.7934544478164272	4519570	tr|G3QLC6|G3QLC6_GORGO,sp|Q54ET2|PSNA_DICDI
PSEN	G3QLC6	Q54ET2	TP	FN	Family0077302	p0_c0_r1	both_directions	direct_edge	1	0.7934544478164272	4519570	tr|G3QLC6|G3QLC6_GORGO,sp|Q54ET2|PSNA_DICDI
PSEN	G3QLC6	Q9SIK7	TP	FN	Family0077302	p0_c0_r0	both_directions	direct_edge	1	0.8512853279443735	7678777	tr|G3QLC6|G3QLC6_GORGO,sp|Q9SIK7|PSNB_ARATH
PSEN	G3QLC6	Q9SIK7	TP	FN	Family0077302	p0_c0_r1	both_directions	direct_edge	1	0.8512853279443735	7678777	tr|G3QLC6|G3QLC6_GORGO,sp|Q9SIK7|PSNB_ARATH
PSEN	G3QLC6	Q9XT97	FP	TN	Family0077302	p0_c0_r0	both_directions	direct_edge	1	2.763308619966284	8005176	tr|G3QLC6|G3QLC6_GORGO,sp|Q9XT97|PSN1_BOVIN
PSEN	G3QLC6	Q9XT97	FP	TN	Family0077302	p0_c0_r1	both_directions	direct_edge	1	2.763308619966284	8005176	tr|G3QLC6|G3QLC6_GORGO,sp|Q9XT97|PSN1_BOVIN
PSEN	H2N0U7	H2Q8K1	FP	TN	Family0077302	p0_c0_r0	both_directions	direct_edge	1	2.91607733028299	23389488	tr|H2N0U7|H2N0U7_ORYLA,tr|H2Q8K1|H2Q8K1_PANTR
PSEN	H2N0U7	H2Q8K1	FP	TN	Family0077302	p0_c0_r1	both_directions	direct_edge	1	2.91607733028299	23389488	tr|H2N0U7|H2N0U7_ORYLA,tr|H2Q8K1|H2Q8K1_PANTR
PSEN	H2N0U7	H3GE34	TP	FN	Family0077302	p0_c0_r0	both_directions	direct_edge	1	0.4768956309190682	23389490	tr|H2N0U7|H2N0U7_ORYLA,tr|H3GE34|H3GE34_PHYRM
PSEN	H2N0U7	H3GE34	TP	FN	Family0077302	p0_c0_r1	both_directions	direct_edge	1	0.4768956309190682	23389490	tr|H2N0U7|H2N0U7_ORYLA,tr|H3GE34|H3GE34_PHYRM
PSEN	H2N0U7	H3GSQ0	TP	FN	Family0077302	p0_c0_r0	both_directions	direct_edge	1	0.503397719650911	23389491	tr|H2N0U7|H2N0U7_ORYLA,tr|H3GSQ0|H3GSQ0_PHYRM
PSEN	H2N0U7	H3GSQ0	TP	FN	Family0077302	p0_c0_r1	both_directions	direct_edge	1	0.503397719650911	23389491	tr|H2N0U7|H2N0U7_ORYLA,tr|H3GSQ0|H3GSQ0_PHYRM
PSEN	H2N0U7	O64668	TP	FN	Family0077302	p0_c0_r0	both_directions	direct_edge	1	0.5426979700155614	964854	tr|H2N0U7|H2N0U7_ORYLA,sp|O64668|PSNA_ARATH
PSEN	H2N0U7	O64668	TP	FN	Family0077302	p0_c0_r1	both_directions	direct_edge	1	0.5426979700155614	964854	tr|H2N0U7|H2N0U7_ORYLA,sp|O64668|PSNA_ARATH
PSEN	H2N0U7	P49768	FP	TN	Family0077302	p0_c0_r0	both_directions	direct_edge	1	2.91607733028299	2805047	tr|H2N0U7|H2N0U7_ORYLA,sp|P49768|PSN1_HUMAN
PSEN	H2N0U7	P49768	FP	TN	Family0077302	p0_c0_r1	both_directions	direct_edge	1	2.91607733028299	2805047	tr|H2N0U7|H2N0U7_ORYLA,sp|P49768|PSN1_HUMAN
PSEN	H2N0U7	P49769	FP	TN	Family0077302	p0_c0_r0	both_directions	direct_edge	1	2.8867586873644444	2805096	tr|H2N0U7|H2N0U7_ORYLA,sp|P49769|PSN1_MOUSE
PSEN	H2N0U7	P49769	FP	TN	Family0077302	p0_c0_r1	both_directions	direct_edge	1	2.8867586873644444	2805096	tr|H2N0U7|H2N0U7_ORYLA,sp|P49769|PSN1_MOUSE
PSEN	H2N0U7	P97887	FP	TN	Family0077302	p0_c0_r0	both_directions	direct_edge	1	2.8926843719867565	3364701	tr|H2N0U7|H2N0U7_ORYLA,sp|P97887|PSN1_RAT
PSEN	H2N0U7	P97887	FP	TN	Family0077302	p0_c0_r1	both_directions	direct_edge	1	2.8926843719867565	3364701	tr|H2N0U7|H2N0U7_ORYLA,sp|P97887|PSN1_RAT
PSEN	H2N0U7	Q4JIM4	FP	TN	Family0077302	p0_c0_r0	both_directions	direct_edge	1	2.912960197024047	4371659	tr|H2N0U7|H2N0U7_ORYLA,sp|Q4JIM4|PSN1_CHICK
PSEN	H2N0U7	Q4JIM4	FP	TN	Family0077302	p0_c0_r1	both_directions	direct_edge	1	2.912960197024047	4371659	tr|H2N0U7|H2N0U7_ORYLA,sp|Q4JIM4|PSN1_CHICK
PSEN	H2N0U7	Q4QF26	TP	FN	Family0077302	p0_c0_r0	both_directions	direct_edge	1	1.0598582468174738	23389492	tr|H2N0U7|H2N0U7_ORYLA,tr|Q4QF26|Q4QF26_LEIMA
PSEN	H2N0U7	Q4QF26	TP	FN	Family0077302	p0_c0_r1	both_directions	direct_edge	1	1.0598582468174738	23389492	tr|H2N0U7|H2N0U7_ORYLA,tr|Q4QF26|Q4QF26_LEIMA
PSEN	H2N0U7	Q54DE8	TP	FN	Family0077302	p0_c0_r0	both_directions	direct_edge	1	0.5647144783750854	4509854	tr|H2N0U7|H2N0U7_ORYLA,sp|Q54DE8|PSNB_DICDI
PSEN	H2N0U7	Q54DE8	TP	FN	Family0077302	p0_c0_r1	both_directions	direct_edge	1	0.5647144783750854	4509854	tr|H2N0U7|H2N0U7_ORYLA,sp|Q54DE8|PSNB_DICDI
PSEN	H2N0U7	Q54ET2	TP	FN	Family0077302	p0_c0_r0	both_directions	direct_edge	1	0.8207540796851359	4519571	tr|H2N0U7|H2N0U7_ORYLA,sp|Q54ET2|PSNA_DICDI
PSEN	H2N0U7	Q54ET2	TP	FN	Family0077302	p0_c0_r1	both_directions	direct_edge	1	0.8207540796851359	4519571	tr|H2N0U7|H2N0U7_ORYLA,sp|Q54ET2|PSNA_DICDI
PSEN	H2N0U7	Q9SIK7	TP	FN	Family0077302	p0_c0_r0	both_directions	direct_edge	1	0.9955386099575989	7678778	tr|H2N0U7|H2N0U7_ORYLA,sp|Q9SIK7|PSNB_ARATH
PSEN	H2N0U7	Q9SIK7	TP	FN	Family0077302	p0_c0_r1	both_directions	direct_edge	1	0.9955386099575989	7678778	tr|H2N0U7|H2N0U7_ORYLA,sp|Q9SIK7|PSNB_ARATH
PSEN	H2N0U7	Q9XT97	FP	TN	Family0077302	p0_c0_r0	both_directions	direct_edge	1	2.7842449598092793	8005177	tr|H2N0U7|H2N0U7_ORYLA,sp|Q9XT97|PSN1_BOVIN
PSEN	H2N0U7	Q9XT97	FP	TN	Family0077302	p0_c0_r1	both_directions	direct_edge	1	2.7842449598092793	8005177	tr|H2N0U7|H2N0U7_ORYLA,sp|Q9XT97|PSN1_BOVIN
PSEN	H2Q8K1	H3GE34	TP	FN	Family0077302	p0_c0_r0	both_directions	direct_edge	1	0.499439806429851	23435545	tr|H2Q8K1|H2Q8K1_PANTR,tr|H3GE34|H3GE34_PHYRM
PSEN	H2Q8K1	H3GE34	TP	FN	Family0077302	p0_c0_r1	both_directions	direct_edge	1	0.499439806429851	23435545	tr|H2Q8K1|H2Q8K1_PANTR,tr|H3GE34|H3GE34_PHYRM
PSEN	H2Q8K1	H3GSQ0	TP	FN	Family0077302	p0_c0_r0	both_directions	direct_edge	1	0.48006809204873396	23435546	tr|H2Q8K1|H2Q8K1_PANTR,tr|H3GSQ0|H3GSQ0_PHYRM
PSEN	H2Q8K1	H3GSQ0	TP	FN	Family0077302	p0_c0_r1	both_directions	direct_edge	1	0.48006809204873396	23435546	tr|H2Q8K1|H2Q8K1_PANTR,tr|H3GSQ0|H3GSQ0_PHYRM
PSEN	H2Q8K1	O64668	TP	FN	Family0077302	p0_c0_r0	both_directions	direct_edge	1	0.6696427561315207	964855	tr|H2Q8K1|H2Q8K1_PANTR,sp|O64668|PSNA_ARATH
PSEN	H2Q8K1	O64668	TP	FN	Family0077302	p0_c0_r1	both_directions	direct_edge	1	0.6696427561315207	964855	tr|H2Q8K1|H2Q8K1_PANTR,sp|O64668|PSNA_ARATH
PSEN	H2Q8K1	O88777	FP	TN	Family0077302	p0_c0_r0	both_directions	direct_edge	1	2.9864362744399746	1168963	tr|H2Q8K1|H2Q8K1_PANTR,sp|O88777|PSN2_RAT
PSEN	H2Q8K1	O88777	FP	TN	Family0077302	p0_c0_r1	both_directions	direct_edge	1	2.9864362744399746	1168963	tr|H2Q8K1|H2Q8K1_PANTR,sp|O88777|PSN2_RAT
PSEN	H2Q8K1	P49810	FP	TN	Family0077302	p0_c0_r0	both_directions	direct_edge	1	2.992995065672273	2806026	tr|H2Q8K1|H2Q8K1_PANTR,sp|P49810|PSN2_HUMAN
PSEN	H2Q8K1	P49810	FP	TN	Family0077302	p0_c0_r1	both_directions	direct_edge	1	2.992995065672273	2806026	tr|H2Q8K1|H2Q8K1_PANTR,sp|P49810|PSN2_HUMAN
PSEN	H2Q8K1	Q4QF26	TP	FN	Family0077302	p0_c0_r0	both_directions	direct_edge	1	0.7941930819095127	23435547	tr|H2Q8K1|H2Q8K1_PANTR,tr|Q4QF26|Q4QF26_LEIMA
PSEN	H2Q8K1	Q4QF26	TP	FN	Family0077302	p0_c0_r1	both_directions	direct_edge	1	0.7941930819095127	23435547	tr|H2Q8K1|H2Q8K1_PANTR,tr|Q4QF26|Q4QF26_LEIMA
PSEN	H2Q8K1	Q54DE8	TP	FN	Family0077302	p0_c0_r0	both_directions	direct_edge	1	0.4638392362961699	4509855	tr|H2Q8K1|H2Q8K1_PANTR,sp|Q54DE8|PSNB_DICDI
PSEN	H2Q8K1	Q54DE8	TP	FN	Family0077302	p0_c0_r1	both_directions	direct_edge	1	0.4638392362961699	4509855	tr|H2Q8K1|H2Q8K1_PANTR,sp|Q54DE8|PSNB_DICDI
PSEN	H2Q8K1	Q54ET2	TP	FN	Family0077302	p0_c0_r0	both_directions	direct_edge	1	0.864633949764992	4519572	tr|H2Q8K1|H2Q8K1_PANTR,sp|Q54ET2|PSNA_DICDI
PSEN	H2Q8K1	Q54ET2	TP	FN	Family0077302	p0_c0_r1	both_directions	direct_edge	1	0.864633949764992	4519572	tr|H2Q8K1|H2Q8K1_PANTR,sp|Q54ET2|PSNA_DICDI
PSEN	H2Q8K1	Q90ZE4	FP	TN	Family0077302	p0_c0_r0	both_directions	direct_edge	1	2.9108852308505213	6637894	tr|H2Q8K1|H2Q8K1_PANTR,sp|Q90ZE4|PSN2_DANRE
PSEN	H2Q8K1	Q90ZE4	FP	TN	Family0077302	p0_c0_r1	both_directions	direct_edge	1	2.9108852308505213	6637894	tr|H2Q8K1|H2Q8K1_PANTR,sp|Q90ZE4|PSN2_DANRE
PSEN	H2Q8K1	Q9SIK7	TP	FN	Family0077302	p0_c0_r0	both_directions	direct_edge	1	1.077616634968684	7678779	tr|H2Q8K1|H2Q8K1_PANTR,sp|Q9SIK7|PSNB_ARATH
PSEN	H2Q8K1	Q9SIK7	TP	FN	Family0077302	p0_c0_r1	both_directions	direct_edge	1	1.077616634968684	7678779	tr|H2Q8K1|H2Q8K1_PANTR,sp|Q9SIK7|PSNB_ARATH
PSEN	H2Q8K1	Q9XT96	FP	TN	Family0077302	p0_c0_r0	both_directions	direct_edge	1	2.9634543176544637	8005142	tr|H2Q8K1|H2Q8K1_PANTR,sp|Q9XT96|PSN2_BOVIN
PSEN	H2Q8K1	Q9XT96	FP	TN	Family0077302	p0_c0_r1	both_directions	direct_edge	1	2.9634543176544637	8005142	tr|H2Q8K1|H2Q8K1_PANTR,sp|Q9XT96|PSN2_BOVIN
PSEN	H2R821	H3GE34	TP	FN	Family0077302	p0_c0_r0	both_directions	indirect_path	2			tr|H2R821|H2R821_PANTR,sp|O02194|PSN_DROME,tr|H3GE34|H3GE34_PHYRM
PSEN	H2R821	H3GE34	TP	FN	Family0077302	p0_c0_r1	both_directions	indirect_path	2			tr|H2R821|H2R821_PANTR,sp|O02194|PSN_DROME,tr|H3GE34|H3GE34_PHYRM
PSEN	H2R821	H3GSQ0	TP	FN	Family0077302	p0_c0_r0	both_directions	direct_edge	1	0.40909178226431525	23559808	tr|H2R821|H2R821_PANTR,tr|H3GSQ0|H3GSQ0_PHYRM
PSEN	H2R821	H3GSQ0	TP	FN	Family0077302	p0_c0_r1	both_directions	direct_edge	1	0.40909178226431525	23559808	tr|H2R821|H2R821_PANTR,tr|H3GSQ0|H3GSQ0_PHYRM
PSEN	H2R821	O64668	TP	FN	Family0077302	p0_c0_r0	both_directions	indirect_path	2			tr|H2R821|H2R821_PANTR,sp|O02194|PSN_DROME,sp|O64668|PSNA_ARATH
PSEN	H2R821	O64668	TP	FN	Family0077302	p0_c0_r1	both_directions	indirect_path	2			tr|H2R821|H2R821_PANTR,sp|O02194|PSN_DROME,sp|O64668|PSNA_ARATH
PSEN	H2R821	P49768	FP	TN	Family0077302	p0_c0_r0	both_directions	direct_edge	1	2.735783177048799	2805049	tr|H2R821|H2R821_PANTR,sp|P49768|PSN1_HUMAN
PSEN	H2R821	P49768	FP	TN	Family0077302	p0_c0_r1	both_directions	direct_edge	1	2.735783177048799	2805049	tr|H2R821|H2R821_PANTR,sp|P49768|PSN1_HUMAN
PSEN	H2R821	P49769	FP	TN	Family0077302	p0_c0_r0	both_directions	direct_edge	1	2.756795336626747	2805098	tr|H2R821|H2R821_PANTR,sp|P49769|PSN1_MOUSE
PSEN	H2R821	P49769	FP	TN	Family0077302	p0_c0_r1	both_directions	direct_edge	1	2.756795336626747	2805098	tr|H2R821|H2R821_PANTR,sp|P49769|PSN1_MOUSE
PSEN	H2R821	P97887	FP	TN	Family0077302	p0_c0_r0	both_directions	direct_edge	1	2.730759798886388	3364703	tr|H2R821|H2R821_PANTR,sp|P97887|PSN1_RAT
PSEN	H2R821	P97887	FP	TN	Family0077302	p0_c0_r1	both_directions	direct_edge	1	2.730759798886388	3364703	tr|H2R821|H2R821_PANTR,sp|P97887|PSN1_RAT
PSEN	H2R821	Q4JIM4	FP	TN	Family0077302	p0_c0_r0	both_directions	direct_edge	1	2.7811350757297957	4371661	tr|H2R821|H2R821_PANTR,sp|Q4JIM4|PSN1_CHICK
PSEN	H2R821	Q4JIM4	FP	TN	Family0077302	p0_c0_r1	both_directions	direct_edge	1	2.7811350757297957	4371661	tr|H2R821|H2R821_PANTR,sp|Q4JIM4|PSN1_CHICK
PSEN	H2R821	Q4QF26	TP	FN	Family0077302	p0_c0_r0	both_directions	direct_edge	1	0.8349815783454118	23559809	tr|H2R821|H2R821_PANTR,tr|Q4QF26|Q4QF26_LEIMA
PSEN	H2R821	Q4QF26	TP	FN	Family0077302	p0_c0_r1	both_directions	direct_edge	1	0.8349815783454118	23559809	tr|H2R821|H2R821_PANTR,tr|Q4QF26|Q4QF26_LEIMA
PSEN	H2R821	Q54DE8	TP	FN	Family0077302	p0_c0_r0	both_directions	direct_edge	1	0.8184358175854788	4509856	tr|H2R821|H2R821_PANTR,sp|Q54DE8|PSNB_DICDI
PSEN	H2R821	Q54DE8	TP	FN	Family0077302	p0_c0_r1	both_directions	direct_edge	1	0.8184358175854788	4509856	tr|H2R821|H2R821_PANTR,sp|Q54DE8|PSNB_DICDI
PSEN	H2R821	Q54ET2	TP	FN	Family0077302	p0_c0_r0	both_directions	direct_edge	1	0.7883550150751538	4519573	tr|H2R821|H2R821_PANTR,sp|Q54ET2|PSNA_DICDI
PSEN	H2R821	Q54ET2	TP	FN	Family0077302	p0_c0_r1	both_directions	direct_edge	1	0.7883550150751538	4519573	tr|H2R821|H2R821_PANTR,sp|Q54ET2|PSNA_DICDI
PSEN	H2R821	Q9SIK7	TP	FN	Family0077302	p0_c0_r0	both_directions	direct_edge	1	0.8181413176608737	7678780	tr|H2R821|H2R821_PANTR,sp|Q9SIK7|PSNB_ARATH
PSEN	H2R821	Q9SIK7	TP	FN	Family0077302	p0_c0_r1	both_directions	direct_edge	1	0.8181413176608737	7678780	tr|H2R821|H2R821_PANTR,sp|Q9SIK7|PSNB_ARATH
PSEN	H2R821	Q9XT97	FP	TN	Family0077302	p0_c0_r0	both_directions	direct_edge	1	2.6438912409095723	8005179	tr|H2R821|H2R821_PANTR,sp|Q9XT97|PSN1_BOVIN
PSEN	H2R821	Q9XT97	FP	TN	Family0077302	p0_c0_r1	both_directions	direct_edge	1	2.6438912409095723	8005179	tr|H2R821|H2R821_PANTR,sp|Q9XT97|PSN1_BOVIN
PSEN	H3GE34	O02194	TP	FN	Family0077302	p0_c0_r0	both_directions	direct_edge	1	0.545276499787479	561558	tr|H3GE34|H3GE34_PHYRM,sp|O02194|PSN_DROME
PSEN	H3GE34	O02194	TP	FN	Family0077302	p0_c0_r1	both_directions	direct_edge	1	0.545276499787479	561558	tr|H3GE34|H3GE34_PHYRM,sp|O02194|PSN_DROME
PSEN	H3GE34	O88777	TP	FN	Family0077302	p0_c0_r0	both_directions	direct_edge	1	0.4583333333333333	1168965	tr|H3GE34|H3GE34_PHYRM,sp|O88777|PSN2_RAT
PSEN	H3GE34	O88777	TP	FN	Family0077302	p0_c0_r1	both_directions	direct_edge	1	0.4583333333333333	1168965	tr|H3GE34|H3GE34_PHYRM,sp|O88777|PSN2_RAT
PSEN	H3GE34	P49768	TP	FN	Family0077302	p0_c0_r0	both_directions	direct_edge	1	0.499439806429851	2805050	tr|H3GE34|H3GE34_PHYRM,sp|P49768|PSN1_HUMAN
PSEN	H3GE34	P49768	TP	FN	Family0077302	p0_c0_r1	both_directions	direct_edge	1	0.499439806429851	2805050	tr|H3GE34|H3GE34_PHYRM,sp|P49768|PSN1_HUMAN
PSEN	H3GE34	P49769	TP	FN	Family0077302	p0_c0_r0	both_directions	direct_edge	1	0.4877797331279867	2805099	tr|H3GE34|H3GE34_PHYRM,sp|P49769|PSN1_MOUSE
PSEN	H3GE34	P49769	TP	FN	Family0077302	p0_c0_r1	both_directions	direct_edge	1	0.4877797331279867	2805099	tr|H3GE34|H3GE34_PHYRM,sp|P49769|PSN1_MOUSE
PSEN	H3GE34	P49810	TP	FN	Family0077302	p0_c0_r0	both_directions	direct_edge	1	0.4781746031746032	2806028	tr|H3GE34|H3GE34_PHYRM,sp|P49810|PSN2_HUMAN
PSEN	H3GE34	P49810	TP	FN	Family0077302	p0_c0_r1	both_directions	direct_edge	1	0.4781746031746032	2806028	tr|H3GE34|H3GE34_PHYRM,sp|P49810|PSN2_HUMAN
PSEN	H3GE34	P97887	TP	FN	Family0077302	p0_c0_r0	both_directions	direct_edge	1	0.47561071295716667	3364704	tr|H3GE34|H3GE34_PHYRM,sp|P97887|PSN1_RAT
PSEN	H3GE34	P97887	TP	FN	Family0077302	p0_c0_r1	both_directions	direct_edge	1	0.47561071295716667	3364704	tr|H3GE34|H3GE34_PHYRM,sp|P97887|PSN1_RAT
PSEN	H3GE34	Q4JIM4	TP	FN	Family0077302	p0_c0_r0	both_directions	direct_edge	1	0.4891995904702286	4371662	tr|H3GE34|H3GE34_PHYRM,sp|Q4JIM4|PSN1_CHICK
PSEN	H3GE34	Q4JIM4	TP	FN	Family0077302	p0_c0_r1	both_directions	direct_edge	1	0.4891995904702286	4371662	tr|H3GE34|H3GE34_PHYRM,sp|Q4JIM4|PSN1_CHICK
PSEN	H3GE34	Q7PR98	TP	FN	Family0077302	p0_c0_r0	both_directions	direct_edge	1	0.5068351287194164	23681623	tr|H3GE34|H3GE34_PHYRM,tr|Q7PR98|Q7PR98_ANOGA
PSEN	H3GE34	Q7PR98	TP	FN	Family0077302	p0_c0_r1	both_directions	direct_edge	1	0.5068351287194164	23681623	tr|H3GE34|H3GE34_PHYRM,tr|Q7PR98|Q7PR98_ANOGA
PSEN	H3GE34	Q90ZE4	TP	FN	Family0077302	p0_c0_r0	both_directions	direct_edge	1	0.45395733001637345	6637896	tr|H3GE34|H3GE34_PHYRM,sp|Q90ZE4|PSN2_DANRE
PSEN	H3GE34	Q90ZE4	TP	FN	Family0077302	p0_c0_r1	both_directions	direct_edge	1	0.45395733001637345	6637896	tr|H3GE34|H3GE34_PHYRM,sp|Q90ZE4|PSN2_DANRE
PSEN	H3GE34	Q9XT96	TP	FN	Family0077302	p0_c0_r0	both_directions	direct_edge	1	0.4637684041370083	8005144	tr|H3GE34|H3GE34_PHYRM,sp|Q9XT96|PSN2_BOVIN
PSEN	H3GE34	Q9XT96	TP	FN	Family0077302	p0_c0_r1	both_directions	direct_edge	1	0.4637684041370083	8005144	tr|H3GE34|H3GE34_PHYRM,sp|Q9XT96|PSN2_BOVIN
PSEN	H3GE34	Q9XT97	TP	FN	Family0077302	p0_c0_r0	both_directions	direct_edge	1	0.4917388118720556	8005180	tr|H3GE34|H3GE34_PHYRM,sp|Q9XT97|PSN1_BOVIN
PSEN	H3GE34	Q9XT97	TP	FN	Family0077302	p0_c0_r1	both_directions	direct_edge	1	0.4917388118720556	8005180	tr|H3GE34|H3GE34_PHYRM,sp|Q9XT97|PSN1_BOVIN
PSEN	H3GSQ0	O02194	TP	FN	Family0077302	p0_c0_r0	both_directions	direct_edge	1	0.743380900507681	561559	tr|H3GSQ0|H3GSQ0_PHYRM,sp|O02194|PSN_DROME
PSEN	H3GSQ0	O02194	TP	FN	Family0077302	p0_c0_r1	both_directions	direct_edge	1	0.743380900507681	561559	tr|H3GSQ0|H3GSQ0_PHYRM,sp|O02194|PSN_DROME
PSEN	H3GSQ0	O88777	TP	FN	Family0077302	p0_c0_r0	both_directions	direct_edge	1	0.4428479595655081	1168966	tr|H3GSQ0|H3GSQ0_PHYRM,sp|O88777|PSN2_RAT
PSEN	H3GSQ0	O88777	TP	FN	Family0077302	p0_c0_r1	both_directions	direct_edge	1	0.4428479595655081	1168966	tr|H3GSQ0|H3GSQ0_PHYRM,sp|O88777|PSN2_RAT
PSEN	H3GSQ0	P49768	TP	FN	Family0077302	p0_c0_r0	both_directions	direct_edge	1	0.48006809204873396	2805051	tr|H3GSQ0|H3GSQ0_PHYRM,sp|P49768|PSN1_HUMAN
PSEN	H3GSQ0	P49768	TP	FN	Family0077302	p0_c0_r1	both_directions	direct_edge	1	0.48006809204873396	2805051	tr|H3GSQ0|H3GSQ0_PHYRM,sp|P49768|PSN1_HUMAN
PSEN	H3GSQ0	P49769	TP	FN	Family0077302	p0_c0_r0	both_directions	direct_edge	1	0.4421679795185708	2805100	tr|H3GSQ0|H3GSQ0_PHYRM,sp|P49769|PSN1_MOUSE
PSEN	H3GSQ0	P49769	TP	FN	Family0077302	p0_c0_r1	both_directions	direct_edge	1	0.4421679795185708	2805100	tr|H3GSQ0|H3GSQ0_PHYRM,sp|P49769|PSN1_MOUSE
PSEN	H3GSQ0	P49810	TP	FN	Family0077302	p0_c0_r0	both_directions	direct_edge	1	0.44069821218897653	2806029	tr|H3GSQ0|H3GSQ0_PHYRM,sp|P49810|PSN2_HUMAN
PSEN	H3GSQ0	P49810	TP	FN	Family0077302	p0_c0_r1	both_directions	direct_edge	1	0.44069821218897653	2806029	tr|H3GSQ0|H3GSQ0_PHYRM,sp|P49810|PSN2_HUMAN
PSEN	H3GSQ0	P97887	TP	FN	Family0077302	p0_c0_r0	both_directions	direct_edge	1	0.44379863628218286	3364705	tr|H3GSQ0|H3GSQ0_PHYRM,sp|P97887|PSN1_RAT
PSEN	H3GSQ0	P97887	TP	FN	Family0077302	p0_c0_r1	both_directions	direct_edge	1	0.44379863628218286	3364705	tr|H3GSQ0|H3GSQ0_PHYRM,sp|P97887|PSN1_RAT
PSEN	H3GSQ0	Q4JIM4	TP	FN	Family0077302	p0_c0_r0	both_directions	direct_edge	1	0.506897968455005	4371663	tr|H3GSQ0|H3GSQ0_PHYRM,sp|Q4JIM4|PSN1_CHICK
PSEN	H3GSQ0	Q4JIM4	TP	FN	Family0077302	p0_c0_r1	both_directions	direct_edge	1	0.506897968455005	4371663	tr|H3GSQ0|H3GSQ0_PHYRM,sp|Q4JIM4|PSN1_CHICK
PSEN	H3GSQ0	Q7PR98	TP	FN	Family0077302	p0_c0_r0	both_directions	direct_edge	1	0.7560650918802582	23741600	tr|H3GSQ0|H3GSQ0_PHYRM,tr|Q7PR98|Q7PR98_ANOGA
PSEN	H3GSQ0	Q7PR98	TP	FN	Family0077302	p0_c0_r1	both_directions	direct_edge	1	0.7560650918802582	23741600	tr|H3GSQ0|H3GSQ0_PHYRM,tr|Q7PR98|Q7PR98_ANOGA
PSEN	H3GSQ0	Q90ZE4	TP	FN	Family0077302	p0_c0_r0	both_directions	direct_edge	1	0.4766831721072563	6637897	tr|H3GSQ0|H3GSQ0_PHYRM,sp|Q90ZE4|PSN2_DANRE
PSEN	H3GSQ0	Q90ZE4	TP	FN	Family0077302	p0_c0_r1	both_directions	direct_edge	1	0.4766831721072563	6637897	tr|H3GSQ0|H3GSQ0_PHYRM,sp|Q90ZE4|PSN2_DANRE
PSEN	H3GSQ0	Q9XT96	TP	FN	Family0077302	p0_c0_r0	both_directions	direct_edge	1	0.4380598312737285	8005145	tr|H3GSQ0|H3GSQ0_PHYRM,sp|Q9XT96|PSN2_BOVIN
PSEN	H3GSQ0	Q9XT96	TP	FN	Family0077302	p0_c0_r1	both_directions	direct_edge	1	0.4380598312737285	8005145	tr|H3GSQ0|H3GSQ0_PHYRM,sp|Q9XT96|PSN2_BOVIN
PSEN	H3GSQ0	Q9XT97	TP	FN	Family0077302	p0_c0_r0	both_directions	direct_edge	1	0.5244607927749092	8005181	tr|H3GSQ0|H3GSQ0_PHYRM,sp|Q9XT97|PSN1_BOVIN
PSEN	H3GSQ0	Q9XT97	TP	FN	Family0077302	p0_c0_r1	both_directions	direct_edge	1	0.5244607927749092	8005181	tr|H3GSQ0|H3GSQ0_PHYRM,sp|Q9XT97|PSN1_BOVIN
PSEN	O02194	O64668	TP	FN	Family0077302	p0_c0_r0	both_directions	direct_edge	1	0.896881852421691	561513	sp|O02194|PSN_DROME,sp|O64668|PSNA_ARATH
PSEN	O02194	O64668	TP	FN	Family0077302	p0_c0_r1	both_directions	direct_edge	1	0.896881852421691	561513	sp|O02194|PSN_DROME,sp|O64668|PSNA_ARATH
PSEN	O02194	Q4QF26	TP	FN	Family0077302	p0_c0_r0	both_directions	direct_edge	1	0.7103816417686025	561560	sp|O02194|PSN_DROME,tr|Q4QF26|Q4QF26_LEIMA
PSEN	O02194	Q4QF26	TP	FN	Family0077302	p0_c0_r1	both_directions	direct_edge	1	0.7103816417686025	561560	sp|O02194|PSN_DROME,tr|Q4QF26|Q4QF26_LEIMA
PSEN	O02194	Q54DE8	TP	FN	Family0077302	p0_c0_r0	both_directions	direct_edge	1	0.4250198923848978	561522	sp|O02194|PSN_DROME,sp|Q54DE8|PSNB_DICDI
PSEN	O02194	Q54DE8	TP	FN	Family0077302	p0_c0_r1	both_directions	direct_edge	1	0.4250198923848978	561522	sp|O02194|PSN_DROME,sp|Q54DE8|PSNB_DICDI
PSEN	O02194	Q54ET2	TP	FN	Family0077302	p0_c0_r0	both_directions	direct_edge	1	0.9584753907845137	561523	sp|O02194|PSN_DROME,sp|Q54ET2|PSNA_DICDI
PSEN	O02194	Q54ET2	TP	FN	Family0077302	p0_c0_r1	both_directions	direct_edge	1	0.9584753907845137	561523	sp|O02194|PSN_DROME,sp|Q54ET2|PSNA_DICDI
PSEN	O02194	Q9SIK7	TP	FN	Family0077302	p0_c0_r0	both_directions	direct_edge	1	0.7724833735409955	561527	sp|O02194|PSN_DROME,sp|Q9SIK7|PSNB_ARATH
PSEN	O02194	Q9SIK7	TP	FN	Family0077302	p0_c0_r1	both_directions	direct_edge	1	0.7724833735409955	561527	sp|O02194|PSN_DROME,sp|Q9SIK7|PSNB_ARATH
PSEN	O64668	O88777	TP	FN	Family0077302	p0_c0_r0	both_directions	direct_edge	1	0.5172110716643257	964817	sp|O64668|PSNA_ARATH,sp|O88777|PSN2_RAT
PSEN	O64668	O88777	TP	FN	Family0077302	p0_c0_r1	both_directions	direct_edge	1	0.5172110716643257	964817	sp|O64668|PSNA_ARATH,sp|O88777|PSN2_RAT
PSEN	O64668	P49768	TP	FN	Family0077302	p0_c0_r0	both_directions	direct_edge	1	0.6696427561315207	964818	sp|O64668|PSNA_ARATH,sp|P49768|PSN1_HUMAN
PSEN	O64668	P49768	TP	FN	Family0077302	p0_c0_r1	both_directions	direct_edge	1	0.6696427561315207	964818	sp|O64668|PSNA_ARATH,sp|P49768|PSN1_HUMAN
PSEN	O64668	P49769	TP	FN	Family0077302	p0_c0_r0	both_directions	direct_edge	1	0.6457269434125379	964819	sp|O64668|PSNA_ARATH,sp|P49769|PSN1_MOUSE
PSEN	O64668	P49769	TP	FN	Family0077302	p0_c0_r1	both_directions	direct_edge	1	0.6457269434125379	964819	sp|O64668|PSNA_ARATH,sp|P49769|PSN1_MOUSE
PSEN	O64668	P49810	TP	FN	Family0077302	p0_c0_r0	both_directions	direct_edge	1	0.5127714916500395	964820	sp|O64668|PSNA_ARATH,sp|P49810|PSN2_HUMAN
PSEN	O64668	P49810	TP	FN	Family0077302	p0_c0_r1	both_directions	direct_edge	1	0.5127714916500395	964820	sp|O64668|PSNA_ARATH,sp|P49810|PSN2_HUMAN
PSEN	O64668	P97887	TP	FN	Family0077302	p0_c0_r0	both_directions	direct_edge	1	0.6515522174545652	964822	sp|O64668|PSNA_ARATH,sp|P97887|PSN1_RAT
PSEN	O64668	P97887	TP	FN	Family0077302	p0_c0_r1	both_directions	direct_edge	1	0.6515522174545652	964822	sp|O64668|PSNA_ARATH,sp|P97887|PSN1_RAT
PSEN	O64668	Q4JIM4	TP	FN	Family0077302	p0_c0_r0	both_directions	direct_edge	1	0.5972561993333514	964823	sp|O64668|PSNA_ARATH,sp|Q4JIM4|PSN1_CHICK
PSEN	O64668	Q4JIM4	TP	FN	Family0077302	p0_c0_r1	both_directions	direct_edge	1	0.5972561993333514	964823	sp|O64668|PSNA_ARATH,sp|Q4JIM4|PSN1_CHICK
PSEN	O64668	Q7PR98	TP	FN	Family0077302	p0_c0_r0	both_directions	direct_edge	1	0.7355006844326166	964859	sp|O64668|PSNA_ARATH,tr|Q7PR98|Q7PR98_ANOGA
PSEN	O64668	Q7PR98	TP	FN	Family0077302	p0_c0_r1	both_directions	direct_edge	1	0.7355006844326166	964859	sp|O64668|PSNA_ARATH,tr|Q7PR98|Q7PR98_ANOGA
PSEN	O64668	Q90ZE4	TP	FN	Family0077302	p0_c0_r0	both_directions	direct_edge	1	0.5257744364176705	964828	sp|O64668|PSNA_ARATH,sp|Q90ZE4|PSN2_DANRE
PSEN	O64668	Q90ZE4	TP	FN	Family0077302	p0_c0_r1	both_directions	direct_edge	1	0.5257744364176705	964828	sp|O64668|PSNA_ARATH,sp|Q90ZE4|PSN2_DANRE
PSEN	O64668	Q9XT96	TP	FN	Family0077302	p0_c0_r0	both_directions	direct_edge	1	0.5122001583342908	964831	sp|O64668|PSNA_ARATH,sp|Q9XT96|PSN2_BOVIN
PSEN	O64668	Q9XT96	TP	FN	Family0077302	p0_c0_r1	both_directions	direct_edge	1	0.5122001583342908	964831	sp|O64668|PSNA_ARATH,sp|Q9XT96|PSN2_BOVIN
PSEN	O64668	Q9XT97	TP	FN	Family0077302	p0_c0_r0	both_directions	direct_edge	1	0.7542999295492678	964832	sp|O64668|PSNA_ARATH,sp|Q9XT97|PSN1_BOVIN
PSEN	O64668	Q9XT97	TP	FN	Family0077302	p0_c0_r1	both_directions	direct_edge	1	0.7542999295492678	964832	sp|O64668|PSNA_ARATH,sp|Q9XT97|PSN1_BOVIN
PSEN	O88777	P49768	FP	TN	Family0077302	p0_c0_r0	both_directions	direct_edge	1	2.9864362744399746	1168920	sp|O88777|PSN2_RAT,sp|P49768|PSN1_HUMAN
PSEN	O88777	P49768	FP	TN	Family0077302	p0_c0_r1	both_directions	direct_edge	1	2.9864362744399746	1168920	sp|O88777|PSN2_RAT,sp|P49768|PSN1_HUMAN
PSEN	O88777	P49769	FP	TN	Family0077302	p0_c0_r0	both_directions	direct_edge	1	2.9776912194635763	1168921	sp|O88777|PSN2_RAT,sp|P49769|PSN1_MOUSE
PSEN	O88777	P49769	FP	TN	Family0077302	p0_c0_r1	both_directions	direct_edge	1	2.9776912194635763	1168921	sp|O88777|PSN2_RAT,sp|P49769|PSN1_MOUSE
PSEN	O88777	Q4JIM4	FP	TN	Family0077302	p0_c0_r0	both_directions	direct_edge	1	3.0291063927777095	1168925	sp|O88777|PSN2_RAT,sp|Q4JIM4|PSN1_CHICK
PSEN	O88777	Q4JIM4	FP	TN	Family0077302	p0_c0_r1	both_directions	direct_edge	1	3.0291063927777095	1168925	sp|O88777|PSN2_RAT,sp|Q4JIM4|PSN1_CHICK
PSEN	O88777	Q4QF26	TP	FN	Family0077302	p0_c0_r0	both_directions	direct_edge	1	0.9418055892046632	1168967	sp|O88777|PSN2_RAT,tr|Q4QF26|Q4QF26_LEIMA
PSEN	O88777	Q4QF26	TP	FN	Family0077302	p0_c0_r1	both_directions	direct_edge	1	0.9418055892046632	1168967	sp|O88777|PSN2_RAT,tr|Q4QF26|Q4QF26_LEIMA
PSEN	O88777	Q54DE8	TP	FN	Family0077302	p0_c0_r0	both_directions	direct_edge	1	0.5083306307929474	1168926	sp|O88777|PSN2_RAT,sp|Q54DE8|PSNB_DICDI
PSEN	O88777	Q54DE8	TP	FN	Family0077302	p0_c0_r1	both_directions	direct_edge	1	0.5083306307929474	1168926	sp|O88777|PSN2_RAT,sp|Q54DE8|PSNB_DICDI
PSEN	O88777	Q54ET2	TP	FN	Family0077302	p0_c0_r0	both_directions	direct_edge	1	0.8145809629213546	1168927	sp|O88777|PSN2_RAT,sp|Q54ET2|PSNA_DICDI
PSEN	O88777	Q54ET2	TP	FN	Family0077302	p0_c0_r1	both_directions	direct_edge	1	0.8145809629213546	1168927	sp|O88777|PSN2_RAT,sp|Q54ET2|PSNA_DICDI
PSEN	O88777	Q9SIK7	TP	FN	Family0077302	p0_c0_r0	both_directions	direct_edge	1	0.993527202761376	1168932	sp|O88777|PSN2_RAT,sp|Q9SIK7|PSNB_ARATH
PSEN	O88777	Q9SIK7	TP	FN	Family0077302	p0_c0_r1	both_directions	direct_edge	1	0.993527202761376	1168932	sp|O88777|PSN2_RAT,sp|Q9SIK7|PSNB_ARATH
PSEN	O88777	Q9XT97	FP	TN	Family0077302	p0_c0_r0	both_directions	direct_edge	1	2.8762398571364027	1168935	sp|O88777|PSN2_RAT,sp|Q9XT97|PSN1_BOVIN
PSEN	O88777	Q9XT97	FP	TN	Family0077302	p0_c0_r1	both_directions	direct_edge	1	2.8762398571364027	1168935	sp|O88777|PSN2_RAT,sp|Q9XT97|PSN1_BOVIN
PSEN	P49768	Q4QF26	TP	FN	Family0077302	p0_c0_r0	both_directions	direct_edge	1	0.7941930819095127	2805052	sp|P49768|PSN1_HUMAN,tr|Q4QF26|Q4QF26_LEIMA
PSEN	P49768	Q4QF26	TP	FN	Family0077302	p0_c0_r1	both_directions	direct_edge	1	0.7941930819095127	2805052	sp|P49768|PSN1_HUMAN,tr|Q4QF26|Q4QF26_LEIMA
PSEN	P49768	Q54DE8	TP	FN	Family0077302	p0_c0_r0	both_directions	direct_edge	1	0.4638392362961699	2805013	sp|P49768|PSN1_HUMAN,sp|Q54DE8|PSNB_DICDI
PSEN	P49768	Q54DE8	TP	FN	Family0077302	p0_c0_r1	both_directions	direct_edge	1	0.4638392362961699	2805013	sp|P49768|PSN1_HUMAN,sp|Q54DE8|PSNB_DICDI
PSEN	P49768	Q54ET2	TP	FN	Family0077302	p0_c0_r0	both_directions	direct_edge	1	0.864633949764992	2805014	sp|P49768|PSN1_HUMAN,sp|Q54ET2|PSNA_DICDI
PSEN	P49768	Q54ET2	TP	FN	Family0077302	p0_c0_r1	both_directions	direct_edge	1	0.864633949764992	2805014	sp|P49768|PSN1_HUMAN,sp|Q54ET2|PSNA_DICDI
PSEN	P49768	Q90ZE4	FP	TN	Family0077302	p0_c0_r0	both_directions	direct_edge	1	2.9108852308505213	2805017	sp|P49768|PSN1_HUMAN,sp|Q90ZE4|PSN2_DANRE
PSEN	P49768	Q90ZE4	FP	TN	Family0077302	p0_c0_r1	both_directions	direct_edge	1	2.9108852308505213	2805017	sp|P49768|PSN1_HUMAN,sp|Q90ZE4|PSN2_DANRE
PSEN	P49768	Q9SIK7	TP	FN	Family0077302	p0_c0_r0	both_directions	direct_edge	1	1.077616634968684	2805018	sp|P49768|PSN1_HUMAN,sp|Q9SIK7|PSNB_ARATH
PSEN	P49768	Q9SIK7	TP	FN	Family0077302	p0_c0_r1	both_directions	direct_edge	1	1.077616634968684	2805018	sp|P49768|PSN1_HUMAN,sp|Q9SIK7|PSNB_ARATH
PSEN	P49768	Q9XT96	FP	TN	Family0077302	p0_c0_r0	both_directions	direct_edge	1	2.9634543176544637	2805020	sp|P49768|PSN1_HUMAN,sp|Q9XT96|PSN2_BOVIN
PSEN	P49768	Q9XT96	FP	TN	Family0077302	p0_c0_r1	both_directions	direct_edge	1	2.9634543176544637	2805020	sp|P49768|PSN1_HUMAN,sp|Q9XT96|PSN2_BOVIN
PSEN	P49769	P49810	FP	TN	Family0077302	p0_c0_r0	both_directions	direct_edge	1	2.9820637469517757	2805058	sp|P49769|PSN1_MOUSE,sp|P49810|PSN2_HUMAN
PSEN	P49769	P49810	FP	TN	Family0077302	p0_c0_r1	both_directions	direct_edge	1	2.9820637469517757	2805058	sp|P49769|PSN1_MOUSE,sp|P49810|PSN2_HUMAN
PSEN	P49769	Q4QF26	TP	FN	Family0077302	p0_c0_r0	both_directions	direct_edge	1	0.7966595200520887	2805101	sp|P49769|PSN1_MOUSE,tr|Q4QF26|Q4QF26_LEIMA
PSEN	P49769	Q4QF26	TP	FN	Family0077302	p0_c0_r1	both_directions	direct_edge	1	0.7966595200520887	2805101	sp|P49769|PSN1_MOUSE,tr|Q4QF26|Q4QF26_LEIMA
PSEN	P49769	Q54DE8	TP	FN	Family0077302	p0_c0_r0	both_directions	direct_edge	1	0.4638392362961699	2805062	sp|P49769|PSN1_MOUSE,sp|Q54DE8|PSNB_DICDI
PSEN	P49769	Q54DE8	TP	FN	Family0077302	p0_c0_r1	both_directions	direct_edge	1	0.4638392362961699	2805062	sp|P49769|PSN1_MOUSE,sp|Q54DE8|PSNB_DICDI
PSEN	P49769	Q54ET2	TP	FN	Family0077302	p0_c0_r0	both_directions	direct_edge	1	0.8590676367836723	2805063	sp|P49769|PSN1_MOUSE,sp|Q54ET2|PSNA_DICDI
PSEN	P49769	Q54ET2	TP	FN	Family0077302	p0_c0_r1	both_directions	direct_edge	1	0.8590676367836723	2805063	sp|P49769|PSN1_MOUSE,sp|Q54ET2|PSNA_DICDI
PSEN	P49769	Q90ZE4	FP	TN	Family0077302	p0_c0_r0	both_directions	direct_edge	1	2.9329206981544615	2805066	sp|P49769|PSN1_MOUSE,sp|Q90ZE4|PSN2_DANRE
PSEN	P49769	Q90ZE4	FP	TN	Family0077302	p0_c0_r1	both_directions	direct_edge	1	2.9329206981544615	2805066	sp|P49769|PSN1_MOUSE,sp|Q90ZE4|PSN2_DANRE
PSEN	P49769	Q9SIK7	TP	FN	Family0077302	p0_c0_r0	both_directions	direct_edge	1	1.0613594874583805	2805067	sp|P49769|PSN1_MOUSE,sp|Q9SIK7|PSNB_ARATH
PSEN	P49769	Q9SIK7	TP	FN	Family0077302	p0_c0_r1	both_directions	direct_edge	1	1.0613594874583805	2805067	sp|P49769|PSN1_MOUSE,sp|Q9SIK7|PSNB_ARATH
PSEN	P49769	Q9XT96	FP	TN	Family0077302	p0_c0_r0	both_directions	direct_edge	1	2.9525351786800553	2805069	sp|P49769|PSN1_MOUSE,sp|Q9XT96|PSN2_BOVIN
PSEN	P49769	Q9XT96	FP	TN	Family0077302	p0_c0_r1	both_directions	direct_edge	1	2.9525351786800553	2805069	sp|P49769|PSN1_MOUSE,sp|Q9XT96|PSN2_BOVIN
PSEN	P49810	P97887	FP	TN	Family0077302	p0_c0_r0	both_directions	direct_edge	1	2.9657725172257603	2805988	sp|P49810|PSN2_HUMAN,sp|P97887|PSN1_RAT
PSEN	P49810	P97887	FP	TN	Family0077302	p0_c0_r1	both_directions	direct_edge	1	2.9657725172257603	2805988	sp|P49810|PSN2_HUMAN,sp|P97887|PSN1_RAT
PSEN	P49810	Q4JIM4	FP	TN	Family0077302	p0_c0_r0	both_directions	direct_edge	1	3.0291063927777095	2805989	sp|P49810|PSN2_HUMAN,sp|Q4JIM4|PSN1_CHICK
PSEN	P49810	Q4JIM4	FP	TN	Family0077302	p0_c0_r1	both_directions	direct_edge	1	3.0291063927777095	2805989	sp|P49810|PSN2_HUMAN,sp|Q4JIM4|PSN1_CHICK
PSEN	P49810	Q4QF26	TP	FN	Family0077302	p0_c0_r0	both_directions	direct_edge	1	0.9367691956795046	2806030	sp|P49810|PSN2_HUMAN,tr|Q4QF26|Q4QF26_LEIMA
PSEN	P49810	Q4QF26	TP	FN	Family0077302	p0_c0_r1	both_directions	direct_edge	1	0.9367691956795046	2806030	sp|P49810|PSN2_HUMAN,tr|Q4QF26|Q4QF26_LEIMA
PSEN	P49810	Q54DE8	TP	FN	Family0077302	p0_c0_r0	both_directions	direct_edge	1	0.4996412183007602	2805990	sp|P49810|PSN2_HUMAN,sp|Q54DE8|PSNB_DICDI
PSEN	P49810	Q54DE8	TP	FN	Family0077302	p0_c0_r1	both_directions	direct_edge	1	0.4996412183007602	2805990	sp|P49810|PSN2_HUMAN,sp|Q54DE8|PSNB_DICDI
PSEN	P49810	Q54ET2	TP	FN	Family0077302	p0_c0_r0	both_directions	direct_edge	1	0.8221584602508556	2805991	sp|P49810|PSN2_HUMAN,sp|Q54ET2|PSNA_DICDI
PSEN	P49810	Q54ET2	TP	FN	Family0077302	p0_c0_r1	both_directions	direct_edge	1	0.8221584602508556	2805991	sp|P49810|PSN2_HUMAN,sp|Q54ET2|PSNA_DICDI
PSEN	P49810	Q9SIK7	TP	FN	Family0077302	p0_c0_r0	both_directions	direct_edge	1	1.012496695892858	2805996	sp|P49810|PSN2_HUMAN,sp|Q9SIK7|PSNB_ARATH
PSEN	P49810	Q9SIK7	TP	FN	Family0077302	p0_c0_r1	both_directions	direct_edge	1	1.012496695892858	2805996	sp|P49810|PSN2_HUMAN,sp|Q9SIK7|PSNB_ARATH
PSEN	P49810	Q9XT97	FP	TN	Family0077302	p0_c0_r0	both_directions	direct_edge	1	2.863274087682745	2805999	sp|P49810|PSN2_HUMAN,sp|Q9XT97|PSN1_BOVIN
PSEN	P49810	Q9XT97	FP	TN	Family0077302	p0_c0_r1	both_directions	direct_edge	1	2.863274087682745	2805999	sp|P49810|PSN2_HUMAN,sp|Q9XT97|PSN1_BOVIN
PSEN	P97887	Q4QF26	TP	FN	Family0077302	p0_c0_r0	both_directions	direct_edge	1	0.8081269411850796	3364706	sp|P97887|PSN1_RAT,tr|Q4QF26|Q4QF26_LEIMA
PSEN	P97887	Q4QF26	TP	FN	Family0077302	p0_c0_r1	both_directions	direct_edge	1	0.8081269411850796	3364706	sp|P97887|PSN1_RAT,tr|Q4QF26|Q4QF26_LEIMA
PSEN	P97887	Q54DE8	TP	FN	Family0077302	p0_c0_r0	both_directions	direct_edge	1	0.46546884507022934	3364667	sp|P97887|PSN1_RAT,sp|Q54DE8|PSNB_DICDI
PSEN	P97887	Q54DE8	TP	FN	Family0077302	p0_c0_r1	both_directions	direct_edge	1	0.46546884507022934	3364667	sp|P97887|PSN1_RAT,sp|Q54DE8|PSNB_DICDI
PSEN	P97887	Q54ET2	TP	FN	Family0077302	p0_c0_r0	both_directions	direct_edge	1	0.8655631558539932	3364668	sp|P97887|PSN1_RAT,sp|Q54ET2|PSNA_DICDI
PSEN	P97887	Q54ET2	TP	FN	Family0077302	p0_c0_r1	both_directions	direct_edge	1	0.8655631558539932	3364668	sp|P97887|PSN1_RAT,sp|Q54ET2|PSNA_DICDI
PSEN	P97887	Q90ZE4	FP	TN	Family0077302	p0_c0_r0	both_directions	direct_edge	1	2.905572456417867	3364671	sp|P97887|PSN1_RAT,sp|Q90ZE4|PSN2_DANRE
PSEN	P97887	Q90ZE4	FP	TN	Family0077302	p0_c0_r1	both_directions	direct_edge	1	2.905572456417867	3364671	sp|P97887|PSN1_RAT,sp|Q90ZE4|PSN2_DANRE
PSEN	P97887	Q9SIK7	TP	FN	Family0077302	p0_c0_r0	both_directions	direct_edge	1	1.071824785340794	3364672	sp|P97887|PSN1_RAT,sp|Q9SIK7|PSNB_ARATH
PSEN	P97887	Q9SIK7	TP	FN	Family0077302	p0_c0_r1	both_directions	direct_edge	1	1.071824785340794	3364672	sp|P97887|PSN1_RAT,sp|Q9SIK7|PSNB_ARATH
PSEN	P97887	Q9XT96	FP	TN	Family0077302	p0_c0_r0	both_directions	direct_edge	1	2.9362901135120008	3364674	sp|P97887|PSN1_RAT,sp|Q9XT96|PSN2_BOVIN
PSEN	P97887	Q9XT96	FP	TN	Family0077302	p0_c0_r1	both_directions	direct_edge	1	2.9362901135120008	3364674	sp|P97887|PSN1_RAT,sp|Q9XT96|PSN2_BOVIN
PSEN	Q4JIM4	Q4QF26	TP	FN	Family0077302	p0_c0_r0	both_directions	direct_edge	1	0.7834889246855344	4371664	sp|Q4JIM4|PSN1_CHICK,tr|Q4QF26|Q4QF26_LEIMA
PSEN	Q4JIM4	Q4QF26	TP	FN	Family0077302	p0_c0_r1	both_directions	direct_edge	1	0.7834889246855344	4371664	sp|Q4JIM4|PSN1_CHICK,tr|Q4QF26|Q4QF26_LEIMA
PSEN	Q4JIM4	Q54DE8	TP	FN	Family0077302	p0_c0_r0	both_directions	direct_edge	1	0.48247227320064867	4371626	sp|Q4JIM4|PSN1_CHICK,sp|Q54DE8|PSNB_DICDI
PSEN	Q4JIM4	Q54DE8	TP	FN	Family0077302	p0_c0_r1	both_directions	direct_edge	1	0.48247227320064867	4371626	sp|Q4JIM4|PSN1_CHICK,sp|Q54DE8|PSNB_DICDI
PSEN	Q4JIM4	Q54ET2	TP	FN	Family0077302	p0_c0_r0	both_directions	direct_edge	1	0.9193133304145196	4371627	sp|Q4JIM4|PSN1_CHICK,sp|Q54ET2|PSNA_DICDI
PSEN	Q4JIM4	Q54ET2	TP	FN	Family0077302	p0_c0_r1	both_directions	direct_edge	1	0.9193133304145196	4371627	sp|Q4JIM4|PSN1_CHICK,sp|Q54ET2|PSNA_DICDI
PSEN	Q4JIM4	Q90ZE4	FP	TN	Family0077302	p0_c0_r0	both_directions	direct_edge	1	2.973809385318589	4371630	sp|Q4JIM4|PSN1_CHICK,sp|Q90ZE4|PSN2_DANRE
PSEN	Q4JIM4	Q90ZE4	FP	TN	Family0077302	p0_c0_r1	both_directions	direct_edge	1	2.973809385318589	4371630	sp|Q4JIM4|PSN1_CHICK,sp|Q90ZE4|PSN2_DANRE
PSEN	Q4JIM4	Q9SIK7	TP	FN	Family0077302	p0_c0_r0	both_directions	direct_edge	1	1.0231054769162125	4371631	sp|Q4JIM4|PSN1_CHICK,sp|Q9SIK7|PSNB_ARATH
PSEN	Q4JIM4	Q9SIK7	TP	FN	Family0077302	p0_c0_r1	both_directions	direct_edge	1	1.0231054769162125	4371631	sp|Q4JIM4|PSN1_CHICK,sp|Q9SIK7|PSNB_ARATH
PSEN	Q4JIM4	Q9XT96	FP	TN	Family0077302	p0_c0_r0	both_directions	direct_edge	1	3.012642382436904	4371633	sp|Q4JIM4|PSN1_CHICK,sp|Q9XT96|PSN2_BOVIN
PSEN	Q4JIM4	Q9XT96	FP	TN	Family0077302	p0_c0_r1	both_directions	direct_edge	1	3.012642382436904	4371633	sp|Q4JIM4|PSN1_CHICK,sp|Q9XT96|PSN2_BOVIN
PSEN	Q4QF26	Q7PR98	TP	FN	Family0077302	p0_c0_r0	both_directions	direct_edge	1	0.7108495014642452	24443278	tr|Q4QF26|Q4QF26_LEIMA,tr|Q7PR98|Q7PR98_ANOGA
PSEN	Q4QF26	Q7PR98	TP	FN	Family0077302	p0_c0_r1	both_directions	direct_edge	1	0.7108495014642452	24443278	tr|Q4QF26|Q4QF26_LEIMA,tr|Q7PR98|Q7PR98_ANOGA
PSEN	Q4QF26	Q90ZE4	TP	FN	Family0077302	p0_c0_r0	both_directions	direct_edge	1	0.9644794311325234	6637898	tr|Q4QF26|Q4QF26_LEIMA,sp|Q90ZE4|PSN2_DANRE
PSEN	Q4QF26	Q90ZE4	TP	FN	Family0077302	p0_c0_r1	both_directions	direct_edge	1	0.9644794311325234	6637898	tr|Q4QF26|Q4QF26_LEIMA,sp|Q90ZE4|PSN2_DANRE
PSEN	Q4QF26	Q9XT96	TP	FN	Family0077302	p0_c0_r0	both_directions	direct_edge	1	0.9306946594340207	8005146	tr|Q4QF26|Q4QF26_LEIMA,sp|Q9XT96|PSN2_BOVIN
PSEN	Q4QF26	Q9XT96	TP	FN	Family0077302	p0_c0_r1	both_directions	direct_edge	1	0.9306946594340207	8005146	tr|Q4QF26|Q4QF26_LEIMA,sp|Q9XT96|PSN2_BOVIN
PSEN	Q4QF26	Q9XT97	TP	FN	Family0077302	p0_c0_r0	both_directions	direct_edge	1	0.7850016898708169	8005182	tr|Q4QF26|Q4QF26_LEIMA,sp|Q9XT97|PSN1_BOVIN
PSEN	Q4QF26	Q9XT97	TP	FN	Family0077302	p0_c0_r1	both_directions	direct_edge	1	0.7850016898708169	8005182	tr|Q4QF26|Q4QF26_LEIMA,sp|Q9XT97|PSN1_BOVIN
PSEN	Q54DE8	Q7PR98	TP	FN	Family0077302	p0_c0_r0	both_directions	direct_edge	1	0.4925889548308708	4509866	sp|Q54DE8|PSNB_DICDI,tr|Q7PR98|Q7PR98_ANOGA
PSEN	Q54DE8	Q7PR98	TP	FN	Family0077302	p0_c0_r1	both_directions	direct_edge	1	0.4925889548308708	4509866	sp|Q54DE8|PSNB_DICDI,tr|Q7PR98|Q7PR98_ANOGA
PSEN	Q54DE8	Q90ZE4	TP	FN	Family0077302	p0_c0_r0	both_directions	direct_edge	1	0.5145386434278579	4509816	sp|Q54DE8|PSNB_DICDI,sp|Q90ZE4|PSN2_DANRE
PSEN	Q54DE8	Q90ZE4	TP	FN	Family0077302	p0_c0_r1	both_directions	direct_edge	1	0.5145386434278579	4509816	sp|Q54DE8|PSNB_DICDI,sp|Q90ZE4|PSN2_DANRE
PSEN	Q54DE8	Q9XT96	TP	FN	Family0077302	p0_c0_r0	both_directions	direct_edge	1	0.49908451482058436	4509820	sp|Q54DE8|PSNB_DICDI,sp|Q9XT96|PSN2_BOVIN
PSEN	Q54DE8	Q9XT96	TP	FN	Family0077302	p0_c0_r1	both_directions	direct_edge	1	0.49908451482058436	4509820	sp|Q54DE8|PSNB_DICDI,sp|Q9XT96|PSN2_BOVIN
PSEN	Q54DE8	Q9XT97	TP	FN	Family0077302	p0_c0_r0	both_directions	direct_edge	1	0.4605741891231328	4509821	sp|Q54DE8|PSNB_DICDI,sp|Q9XT97|PSN1_BOVIN
PSEN	Q54DE8	Q9XT97	TP	FN	Family0077302	p0_c0_r1	both_directions	direct_edge	1	0.4605741891231328	4509821	sp|Q54DE8|PSNB_DICDI,sp|Q9XT97|PSN1_BOVIN
PSEN	Q54ET2	Q7PR98	TP	FN	Family0077302	p0_c0_r0	both_directions	direct_edge	1	0.9187243988128858	4519606	sp|Q54ET2|PSNA_DICDI,tr|Q7PR98|Q7PR98_ANOGA
PSEN	Q54ET2	Q7PR98	TP	FN	Family0077302	p0_c0_r1	both_directions	direct_edge	1	0.9187243988128858	4519606	sp|Q54ET2|PSNA_DICDI,tr|Q7PR98|Q7PR98_ANOGA
PSEN	Q54ET2	Q90ZE4	TP	FN	Family0077302	p0_c0_r0	both_directions	direct_edge	1	0.8343858873265271	4519507	sp|Q54ET2|PSNA_DICDI,sp|Q90ZE4|PSN2_DANRE
PSEN	Q54ET2	Q90ZE4	TP	FN	Family0077302	p0_c0_r1	both_directions	direct_edge	1	0.8343858873265271	4519507	sp|Q54ET2|PSNA_DICDI,sp|Q90ZE4|PSN2_DANRE
PSEN	Q54ET2	Q9XT96	TP	FN	Family0077302	p0_c0_r0	both_directions	direct_edge	1	0.8155656151469894	4519512	sp|Q54ET2|PSNA_DICDI,sp|Q9XT96|PSN2_BOVIN
PSEN	Q54ET2	Q9XT96	TP	FN	Family0077302	p0_c0_r1	both_directions	direct_edge	1	0.8155656151469894	4519512	sp|Q54ET2|PSNA_DICDI,sp|Q9XT96|PSN2_BOVIN
PSEN	Q54ET2	Q9XT97	TP	FN	Family0077302	p0_c0_r0	both_directions	direct_edge	1	0.9133141833795146	4519513	sp|Q54ET2|PSNA_DICDI,sp|Q9XT97|PSN1_BOVIN
PSEN	Q54ET2	Q9XT97	TP	FN	Family0077302	p0_c0_r1	both_directions	direct_edge	1	0.9133141833795146	4519513	sp|Q54ET2|PSNA_DICDI,sp|Q9XT97|PSN1_BOVIN
PSEN	Q7PR98	Q9SIK7	TP	FN	Family0077302	p0_c0_r0	both_directions	direct_edge	1	0.8295559869970252	7678784	tr|Q7PR98|Q7PR98_ANOGA,sp|Q9SIK7|PSNB_ARATH
PSEN	Q7PR98	Q9SIK7	TP	FN	Family0077302	p0_c0_r1	both_directions	direct_edge	1	0.8295559869970252	7678784	tr|Q7PR98|Q7PR98_ANOGA,sp|Q9SIK7|PSNB_ARATH
PSEN	Q90ZE4	Q9SIK7	TP	FN	Family0077302	p0_c0_r0	both_directions	direct_edge	1	1.0324504043557623	6637863	sp|Q90ZE4|PSN2_DANRE,sp|Q9SIK7|PSNB_ARATH
PSEN	Q90ZE4	Q9SIK7	TP	FN	Family0077302	p0_c0_r1	both_directions	direct_edge	1	1.0324504043557623	6637863	sp|Q90ZE4|PSN2_DANRE,sp|Q9SIK7|PSNB_ARATH
PSEN	Q90ZE4	Q9XT97	FP	TN	Family0077302	p0_c0_r0	both_directions	direct_edge	1	2.8379920377690087	6637866	sp|Q90ZE4|PSN2_DANRE,sp|Q9XT97|PSN1_BOVIN
PSEN	Q90ZE4	Q9XT97	FP	TN	Family0077302	p0_c0_r1	both_directions	direct_edge	1	2.8379920377690087	6637866	sp|Q90ZE4|PSN2_DANRE,sp|Q9XT97|PSN1_BOVIN
PSEN	Q9SIK7	Q9XT96	TP	FN	Family0077302	p0_c0_r0	both_directions	direct_edge	1	0.990051663669901	7678751	sp|Q9SIK7|PSNB_ARATH,sp|Q9XT96|PSN2_BOVIN
PSEN	Q9SIK7	Q9XT96	TP	FN	Family0077302	p0_c0_r1	both_directions	direct_edge	1	0.990051663669901	7678751	sp|Q9SIK7|PSNB_ARATH,sp|Q9XT96|PSN2_BOVIN
PSEN	Q9SIK7	Q9XT97	TP	FN	Family0077302	p0_c0_r0	both_directions	direct_edge	1	0.9893912574063283	7678752	sp|Q9SIK7|PSNB_ARATH,sp|Q9XT97|PSN1_BOVIN
PSEN	Q9SIK7	Q9XT97	TP	FN	Family0077302	p0_c0_r1	both_directions	direct_edge	1	0.9893912574063283	7678752	sp|Q9SIK7|PSNB_ARATH,sp|Q9XT97|PSN1_BOVIN
RPS	A8IWQ1	P35686	TP	FN	Family0021204	p0_c0_r0	no_direct_hit	indirect_path	2			tr|A8IWQ1|A8IWQ1_CHLRE,sp|O74893|RS20_SCHPO,sp|P35686|RS20_ORYSJ
RPS	A8IWQ1	P35686	TP	FN	Family0021204	p0_c0_r1	no_direct_hit	indirect_path	2			tr|A8IWQ1|A8IWQ1_CHLRE,sp|O74893|RS20_SCHPO,sp|P35686|RS20_ORYSJ
RPS	A8IWQ1	Q10P27	TP	FN	Family0021204	p0_c0_r0	no_direct_hit	indirect_path	2			tr|A8IWQ1|A8IWQ1_CHLRE,sp|O74893|RS20_SCHPO,tr|Q10P27|Q10P27_ORYSJ
RPS	A8IWQ1	Q10P27	TP	FN	Family0021204	p0_c0_r1	no_direct_hit	indirect_path	2			tr|A8IWQ1|A8IWQ1_CHLRE,sp|O74893|RS20_SCHPO,tr|Q10P27|Q10P27_ORYSJ
RPS	A8IWQ1	Q8IK02	TP	FN	Family0021204	p0_c0_r0	no_direct_hit	indirect_path	2			tr|A8IWQ1|A8IWQ1_CHLRE,sp|O74893|RS20_SCHPO,tr|Q8IK02|Q8IK02_PLAF7
RPS	A8IWQ1	Q8IK02	TP	FN	Family0021204	p0_c0_r1	no_direct_hit	indirect_path	2			tr|A8IWQ1|A8IWQ1_CHLRE,sp|O74893|RS20_SCHPO,tr|Q8IK02|Q8IK02_PLAF7
RPS	A8IWQ1	Q8LNL2	TP	FN	Family0021204	p0_c0_r0	no_direct_hit	indirect_path	2			tr|A8IWQ1|A8IWQ1_CHLRE,sp|O74893|RS20_SCHPO,tr|Q8LNL2|Q8LNL2_ORYSJ
RPS	A8IWQ1	Q8LNL2	TP	FN	Family0021204	p0_c0_r1	no_direct_hit	indirect_path	2			tr|A8IWQ1|A8IWQ1_CHLRE,sp|O74893|RS20_SCHPO,tr|Q8LNL2|Q8LNL2_ORYSJ
RPS	O66430	P35686	TP	FN	Family0021204	p0_c0_r0	no_direct_hit	indirect_path	2			sp|O66430|RS10_AQUAE,sp|B1L712|RS10_KORCO,sp|P35686|RS20_ORYSJ
RPS	O66430	P35686	TP	FN	Family0021204	p0_c0_r1	no_direct_hit	indirect_path	2			sp|O66430|RS10_AQUAE,sp|B1L712|RS10_KORCO,sp|P35686|RS20_ORYSJ
RPS	O66430	Q10P27	TP	FN	Family0021204	p0_c0_r0	no_direct_hit	indirect_path	2			sp|O66430|RS10_AQUAE,sp|B1L712|RS10_KORCO,tr|Q10P27|Q10P27_ORYSJ
RPS	O66430	Q10P27	TP	FN	Family0021204	p0_c0_r1	no_direct_hit	indirect_path	2			sp|O66430|RS10_AQUAE,sp|B1L712|RS10_KORCO,tr|Q10P27|Q10P27_ORYSJ
RPS	O66430	Q8IK02	TP	FN	Family0021204	p0_c0_r0	no_direct_hit	indirect_path	2			sp|O66430|RS10_AQUAE,sp|P54029|RS10_METJA,tr|Q8IK02|Q8IK02_PLAF7
RPS	O66430	Q8IK02	TP	FN	Family0021204	p0_c0_r1	no_direct_hit	indirect_path	2			sp|O66430|RS10_AQUAE,sp|P54029|RS10_METJA,tr|Q8IK02|Q8IK02_PLAF7
RPS	O66430	Q8LNL2	TP	FN	Family0021204	p0_c0_r0	no_direct_hit	indirect_path	2			sp|O66430|RS10_AQUAE,sp|B1L712|RS10_KORCO,tr|Q8LNL2|Q8LNL2_ORYSJ
RPS	O66430	Q8LNL2	TP	FN	Family0021204	p0_c0_r1	no_direct_hit	indirect_path	2			sp|O66430|RS10_AQUAE,sp|B1L712|RS10_KORCO,tr|Q8LNL2|Q8LNL2_ORYSJ
RPS	P21471	P35686	TP	FN	Family0021204	p0_c0_r0	no_direct_hit	indirect_path	2			sp|P21471|RS10_BACSU,sp|B1L712|RS10_KORCO,sp|P35686|RS20_ORYSJ
RPS	P21471	P35686	TP	FN	Family0021204	p0_c0_r1	no_direct_hit	indirect_path	2			sp|P21471|RS10_BACSU,sp|B1L712|RS10_KORCO,sp|P35686|RS20_ORYSJ
RPS	P21471	Q10P27	TP	FN	Family0021204	p0_c0_r0	no_direct_hit	indirect_path	2			sp|P21471|RS10_BACSU,sp|B1L712|RS10_KORCO,tr|Q10P27|Q10P27_ORYSJ
RPS	P21471	Q10P27	TP	FN	Family0021204	p0_c0_r1	no_direct_hit	indirect_path	2			sp|P21471|RS10_BACSU,sp|B1L712|RS10_KORCO,tr|Q10P27|Q10P27_ORYSJ
RPS	P21471	Q8IK02	TP	FN	Family0021204	p0_c0_r0	no_direct_hit	indirect_path	2			sp|P21471|RS10_BACSU,sp|P48854|RS10_HALSA,tr|Q8IK02|Q8IK02_PLAF7
RPS	P21471	Q8IK02	TP	FN	Family0021204	p0_c0_r1	no_direct_hit	indirect_path	2			sp|P21471|RS10_BACSU,sp|P48854|RS10_HALSA,tr|Q8IK02|Q8IK02_PLAF7
RPS	P21471	Q8LNL2	TP	FN	Family0021204	p0_c0_r0	no_direct_hit	indirect_path	2			sp|P21471|RS10_BACSU,sp|B1L712|RS10_KORCO,tr|Q8LNL2|Q8LNL2_ORYSJ
RPS	P21471	Q8LNL2	TP	FN	Family0021204	p0_c0_r1	no_direct_hit	indirect_path	2			sp|P21471|RS10_BACSU,sp|B1L712|RS10_KORCO,tr|Q8LNL2|Q8LNL2_ORYSJ
RPS	P35027	P35686	TP	FN	Family0021204	p0_c0_r0	both_directions	direct_edge	1	1.4615423377042351	2389254	sp|P35027|RS10_SACS2,sp|P35686|RS20_ORYSJ
RPS	P35027	P35686	TP	FN	Family0021204	p0_c0_r1	both_directions	direct_edge	1	1.4615423377042351	2389254	sp|P35027|RS10_SACS2,sp|P35686|RS20_ORYSJ
RPS	P35027	Q10P27	TP	FN	Family0021204	p0_c0_r0	no_direct_hit	indirect_path	2			sp|P35027|RS10_SACS2,sp|A9A3J7|RS10_NITMS,tr|Q10P27|Q10P27_ORYSJ
RPS	P35027	Q10P27	TP	FN	Family0021204	p0_c0_r1	no_direct_hit	indirect_path	2			sp|P35027|RS10_SACS2,sp|A9A3J7|RS10_NITMS,tr|Q10P27|Q10P27_ORYSJ
RPS	P35027	Q8IK02	TP	FN	Family0021204	p0_c0_r0	no_direct_hit	indirect_path	2			sp|P35027|RS10_SACS2,sp|A9A3J7|RS10_NITMS,tr|Q8IK02|Q8IK02_PLAF7
RPS	P35027	Q8IK02	TP	FN	Family0021204	p0_c0_r1	no_direct_hit	indirect_path	2			sp|P35027|RS10_SACS2,sp|A9A3J7|RS10_NITMS,tr|Q8IK02|Q8IK02_PLAF7
RPS	P35027	Q8LNL2	TP	FN	Family0021204	p0_c0_r0	no_direct_hit	indirect_path	2			sp|P35027|RS10_SACS2,sp|A9A3J7|RS10_NITMS,tr|Q8LNL2|Q8LNL2_ORYSJ
RPS	P35027	Q8LNL2	TP	FN	Family0021204	p0_c0_r1	no_direct_hit	indirect_path	2			sp|P35027|RS10_SACS2,sp|A9A3J7|RS10_NITMS,tr|Q8LNL2|Q8LNL2_ORYSJ
RPS	P35686	P54029	TP	FN	Family0021204	p0_c0_r0	one_direction	direct_edge	1	1.8381485856078874	2423394	sp|P35686|RS20_ORYSJ,sp|P54029|RS10_METJA
RPS	P35686	P54029	TP	FN	Family0021204	p0_c0_r1	one_direction	direct_edge	1	1.8381485856078874	2423394	sp|P35686|RS20_ORYSJ,sp|P54029|RS10_METJA
RPS	P35686	P61929	TP	FN	Family0021204	p0_c0_r0	one_direction	direct_edge	1	1.881626362912638	2423399	sp|P35686|RS20_ORYSJ,sp|P61929|RS10_METAC
RPS	P35686	P61929	TP	FN	Family0021204	p0_c0_r1	one_direction	direct_edge	1	1.881626362912638	2423399	sp|P35686|RS20_ORYSJ,sp|P61929|RS10_METAC
RPS	P35686	Q7NEF1	TP	FN	Family0021204	p0_c0_r0	no_direct_hit	indirect_path	2			sp|P35686|RS20_ORYSJ,sp|B1L712|RS10_KORCO,sp|Q7NEF1|RS10_GLOVI
RPS	P35686	Q7NEF1	TP	FN	Family0021204	p0_c0_r1	no_direct_hit	indirect_path	2			sp|P35686|RS20_ORYSJ,sp|B1L712|RS10_KORCO,sp|Q7NEF1|RS10_GLOVI
RPS	P54029	Q10P27	TP	FN	Family0021204	p0_c0_r0	both_directions	direct_edge	1	1.8188826193585443	2940690	sp|P54029|RS10_METJA,tr|Q10P27|Q10P27_ORYSJ
RPS	P54029	Q10P27	TP	FN	Family0021204	p0_c0_r1	both_directions	direct_edge	1	1.8188826193585443	2940690	sp|P54029|RS10_METJA,tr|Q10P27|Q10P27_ORYSJ
RPS	P54029	Q8IK02	TP	FN	Family0021204	p0_c0_r0	both_directions	direct_edge	1	1.8686522015912512	2940697	sp|P54029|RS10_METJA,tr|Q8IK02|Q8IK02_PLAF7
RPS	P54029	Q8IK02	TP	FN	Family0021204	p0_c0_r1	both_directions	direct_edge	1	1.8686522015912512	2940697	sp|P54029|RS10_METJA,tr|Q8IK02|Q8IK02_PLAF7
RPS	P54029	Q8LNL2	TP	FN	Family0021204	p0_c0_r0	both_directions	direct_edge	1	1.7977730151957538	2940698	sp|P54029|RS10_METJA,tr|Q8LNL2|Q8LNL2_ORYSJ
RPS	P54029	Q8LNL2	TP	FN	Family0021204	p0_c0_r1	both_directions	direct_edge	1	1.7977730151957538	2940698	sp|P54029|RS10_METJA,tr|Q8LNL2|Q8LNL2_ORYSJ
RPS	P61929	Q10P27	TP	FN	Family0021204	p0_c0_r0	no_direct_hit	indirect_path	2			sp|P61929|RS10_METAC,sp|A9A3J7|RS10_NITMS,tr|Q10P27|Q10P27_ORYSJ
RPS	P61929	Q10P27	TP	FN	Family0021204	p0_c0_r1	no_direct_hit	indirect_path	2			sp|P61929|RS10_METAC,sp|A9A3J7|RS10_NITMS,tr|Q10P27|Q10P27_ORYSJ
RPS	P61929	Q8IK02	TP	FN	Family0021204	p0_c0_r0	both_directions	direct_edge	1	1.8776996738397542	3102019	sp|P61929|RS10_METAC,tr|Q8IK02|Q8IK02_PLAF7
RPS	P61929	Q8IK02	TP	FN	Family0021204	p0_c0_r1	both_directions	direct_edge	1	1.8776996738397542	3102019	sp|P61929|RS10_METAC,tr|Q8IK02|Q8IK02_PLAF7
RPS	P61929	Q8LNL2	TP	FN	Family0021204	p0_c0_r0	no_direct_hit	indirect_path	2			sp|P61929|RS10_METAC,sp|A9A3J7|RS10_NITMS,tr|Q8LNL2|Q8LNL2_ORYSJ
RPS	P61929	Q8LNL2	TP	FN	Family0021204	p0_c0_r1	no_direct_hit	indirect_path	2			sp|P61929|RS10_METAC,sp|A9A3J7|RS10_NITMS,tr|Q8LNL2|Q8LNL2_ORYSJ
RPS	Q10P27	Q7NEF1	TP	FN	Family0021204	p0_c0_r0	no_direct_hit	indirect_path	2			tr|Q10P27|Q10P27_ORYSJ,sp|B1L712|RS10_KORCO,sp|Q7NEF1|RS10_GLOVI
RPS	Q10P27	Q7NEF1	TP	FN	Family0021204	p0_c0_r1	no_direct_hit	indirect_path	2			tr|Q10P27|Q10P27_ORYSJ,sp|B1L712|RS10_KORCO,sp|Q7NEF1|RS10_GLOVI
RPS	Q7NEF1	Q8IK02	TP	FN	Family0021204	p0_c0_r0	no_direct_hit	indirect_path	2			sp|Q7NEF1|RS10_GLOVI,sp|P54029|RS10_METJA,tr|Q8IK02|Q8IK02_PLAF7
RPS	Q7NEF1	Q8IK02	TP	FN	Family0021204	p0_c0_r1	no_direct_hit	indirect_path	2			sp|Q7NEF1|RS10_GLOVI,sp|P54029|RS10_METJA,tr|Q8IK02|Q8IK02_PLAF7
RPS	Q7NEF1	Q8LNL2	TP	FN	Family0021204	p0_c0_r0	no_direct_hit	indirect_path	2			sp|Q7NEF1|RS10_GLOVI,sp|B1L712|RS10_KORCO,tr|Q8LNL2|Q8LNL2_ORYSJ
RPS	Q7NEF1	Q8LNL2	TP	FN	Family0021204	p0_c0_r1	no_direct_hit	indirect_path	2			sp|Q7NEF1|RS10_GLOVI,sp|B1L712|RS10_KORCO,tr|Q8LNL2|Q8LNL2_ORYSJ
SERC	A0A6I8Q293	B7Q347	TP	FN	Family0038727	p0_c0_r0	no_direct_hit	indirect_path	2			tr|A0A6I8Q293|A0A6I8Q293_XENTR,sp|Q54UF8|SERIC_DICDI,tr|B7Q347|B7Q347_IXOSC
SERC	A0A6I8Q293	B7Q347	TP	FN	Family0038727	p0_c0_r1	no_direct_hit	indirect_path	2			tr|A0A6I8Q293|A0A6I8Q293_XENTR,sp|Q54UF8|SERIC_DICDI,tr|B7Q347|B7Q347_IXOSC
SERC	A0A6I8Q293	C3YMU1	FP	TN	Family0038727	p0_c0_r0	no_direct_hit	indirect_path	2			tr|A0A6I8Q293|A0A6I8Q293_XENTR,sp|Q54UF8|SERIC_DICDI,tr|C3YMU1|C3YMU1_BRAFL
SERC	A0A6I8Q293	C3YMU1	FP	TN	Family0038727	p0_c0_r1	no_direct_hit	indirect_path	2			tr|A0A6I8Q293|A0A6I8Q293_XENTR,sp|Q54UF8|SERIC_DICDI,tr|C3YMU1|C3YMU1_BRAFL
SERC	A0A6I8Q293	O45719	TP	FN	Family0038727	p0_c0_r0	both_directions	direct_edge	1	1.1777425874567797	14377197	tr|A0A6I8Q293|A0A6I8Q293_XENTR,tr|O45719|O45719_CAEEL
SERC	A0A6I8Q293	O45719	TP	FN	Family0038727	p0_c0_r1	both_directions	direct_edge	1	1.1777425874567797	14377197	tr|A0A6I8Q293|A0A6I8Q293_XENTR,tr|O45719|O45719_CAEEL
SERC	A0A6I8Q293	Q13530	FP	TN	Family0038727	p0_c0_r0	no_direct_hit	indirect_path	2			tr|A0A6I8Q293|A0A6I8Q293_XENTR,sp|Q54UF8|SERIC_DICDI,sp|Q13530|SERC3_HUMAN
SERC	A0A6I8Q293	Q13530	FP	TN	Family0038727	p0_c0_r1	no_direct_hit	indirect_path	2			tr|A0A6I8Q293|A0A6I8Q293_XENTR,sp|Q54UF8|SERIC_DICDI,sp|Q13530|SERC3_HUMAN
SERC	A0A6I8Q293	Q4FZV1	FP	TN	Family0038727	p0_c0_r0	no_direct_hit	indirect_path	2			tr|A0A6I8Q293|A0A6I8Q293_XENTR,sp|Q54UF8|SERIC_DICDI,tr|Q4FZV1|Q4FZV1_RAT
SERC	A0A6I8Q293	Q4FZV1	FP	TN	Family0038727	p0_c0_r1	no_direct_hit	indirect_path	2			tr|A0A6I8Q293|A0A6I8Q293_XENTR,sp|Q54UF8|SERIC_DICDI,tr|Q4FZV1|Q4FZV1_RAT
SERC	A0A6I8Q293	Q5U2V2	FP	TN	Family0038727	p0_c0_r0	no_direct_hit	indirect_path	2			tr|A0A6I8Q293|A0A6I8Q293_XENTR,sp|Q54UF8|SERIC_DICDI,tr|Q5U2V2|Q5U2V2_RAT
SERC	A0A6I8Q293	Q5U2V2	FP	TN	Family0038727	p0_c0_r1	no_direct_hit	indirect_path	2			tr|A0A6I8Q293|A0A6I8Q293_XENTR,sp|Q54UF8|SERIC_DICDI,tr|Q5U2V2|Q5U2V2_RAT
SERC	A0A6I8Q293	Q5ZME5	FP	TN	Family0038727	p0_c0_r0	no_direct_hit	indirect_path	2			tr|A0A6I8Q293|A0A6I8Q293_XENTR,sp|Q54UF8|SERIC_DICDI,tr|Q5ZME5|Q5ZME5_CHICK
SERC	A0A6I8Q293	Q5ZME5	FP	TN	Family0038727	p0_c0_r1	no_direct_hit	indirect_path	2			tr|A0A6I8Q293|A0A6I8Q293_XENTR,sp|Q54UF8|SERIC_DICDI,tr|Q5ZME5|Q5ZME5_CHICK
SERC	A0A6I8Q293	Q63175	FP	TN	Family0038727	p0_c0_r0	no_direct_hit	indirect_path	2			tr|A0A6I8Q293|A0A6I8Q293_XENTR,sp|Q54UF8|SERIC_DICDI,sp|Q63175|SERC5_RAT
SERC	A0A6I8Q293	Q63175	FP	TN	Family0038727	p0_c0_r1	no_direct_hit	indirect_path	2			tr|A0A6I8Q293|A0A6I8Q293_XENTR,sp|Q54UF8|SERIC_DICDI,sp|Q63175|SERC5_RAT
SERC	A0A6I8Q293	Q7QCD1	TP	FN	Family0038727	p0_c0_r0	one_direction	direct_edge	1	1.343037705739723	14377199	tr|A0A6I8Q293|A0A6I8Q293_XENTR,tr|Q7QCD1|Q7QCD1_ANOGA
SERC	A0A6I8Q293	Q7QCD1	TP	FN	Family0038727	p0_c0_r1	one_direction	direct_edge	1	1.343037705739723	14377199	tr|A0A6I8Q293|A0A6I8Q293_XENTR,tr|Q7QCD1|Q7QCD1_ANOGA
SERC	A0A6I8Q293	Q7SZW7	FP	TN	Family0038727	p0_c0_r0	no_direct_hit	indirect_path	2			tr|A0A6I8Q293|A0A6I8Q293_XENTR,sp|Q54UF8|SERIC_DICDI,tr|Q7SZW7|Q7SZW7_DANRE
SERC	A0A6I8Q293	Q7SZW7	FP	TN	Family0038727	p0_c0_r1	no_direct_hit	indirect_path	2			tr|A0A6I8Q293|A0A6I8Q293_XENTR,sp|Q54UF8|SERIC_DICDI,tr|Q7SZW7|Q7SZW7_DANRE
SERC	A0A6I8Q293	Q7TNK0	FP	TN	Family0038727	p0_c0_r0	no_direct_hit	indirect_path	2			tr|A0A6I8Q293|A0A6I8Q293_XENTR,sp|Q54UF8|SERIC_DICDI,sp|Q7TNK0|SERC1_RAT
SERC	A0A6I8Q293	Q7TNK0	FP	TN	Family0038727	p0_c0_r1	no_direct_hit	indirect_path	2			tr|A0A6I8Q293|A0A6I8Q293_XENTR,sp|Q54UF8|SERIC_DICDI,sp|Q7TNK0|SERC1_RAT
SERC	A0A6I8Q293	Q803X0	FP	TN	Family0038727	p0_c0_r0	no_direct_hit	indirect_path	2			tr|A0A6I8Q293|A0A6I8Q293_XENTR,sp|Q54UF8|SERIC_DICDI,sp|Q803X0|SERC5_DANRE
SERC	A0A6I8Q293	Q803X0	FP	TN	Family0038727	p0_c0_r1	no_direct_hit	indirect_path	2			tr|A0A6I8Q293|A0A6I8Q293_XENTR,sp|Q54UF8|SERIC_DICDI,sp|Q803X0|SERC5_DANRE
SERC	A0A6I8Q293	Q86VE9	FP	TN	Family0038727	p0_c0_r0	no_direct_hit	indirect_path	2			tr|A0A6I8Q293|A0A6I8Q293_XENTR,tr|O45719|O45719_CAEEL,sp|Q86VE9|SERC5_HUMAN
SERC	A0A6I8Q293	Q86VE9	FP	TN	Family0038727	p0_c0_r1	no_direct_hit	indirect_path	2			tr|A0A6I8Q293|A0A6I8Q293_XENTR,tr|O45719|O45719_CAEEL,sp|Q86VE9|SERC5_HUMAN
SERC	A0A6I8Q293	Q8BHJ6	FP	TN	Family0038727	p0_c0_r0	no_direct_hit	indirect_path	2			tr|A0A6I8Q293|A0A6I8Q293_XENTR,sp|Q54UF8|SERIC_DICDI,sp|Q8BHJ6|SERC5_MOUSE
SERC	A0A6I8Q293	Q8BHJ6	FP	TN	Family0038727	p0_c0_r1	no_direct_hit	indirect_path	2			tr|A0A6I8Q293|A0A6I8Q293_XENTR,sp|Q54UF8|SERIC_DICDI,sp|Q8BHJ6|SERC5_MOUSE
SERC	A0A6I8Q293	Q95XV3	TP	FN	Family0038727	p0_c0_r0	no_direct_hit	indirect_path	2			tr|A0A6I8Q293|A0A6I8Q293_XENTR,sp|Q54UF8|SERIC_DICDI,tr|Q95XV3|Q95XV3_CAEEL
SERC	A0A6I8Q293	Q95XV3	TP	FN	Family0038727	p0_c0_r1	no_direct_hit	indirect_path	2			tr|A0A6I8Q293|A0A6I8Q293_XENTR,sp|Q54UF8|SERIC_DICDI,tr|Q95XV3|Q95XV3_CAEEL
SERC	A0A6I8Q293	Q96SA4	FP	TN	Family0038727	p0_c0_r0	no_direct_hit	indirect_path	2			tr|A0A6I8Q293|A0A6I8Q293_XENTR,sp|Q54UF8|SERIC_DICDI,sp|Q96SA4|SERC2_HUMAN
SERC	A0A6I8Q293	Q96SA4	FP	TN	Family0038727	p0_c0_r1	no_direct_hit	indirect_path	2			tr|A0A6I8Q293|A0A6I8Q293_XENTR,sp|Q54UF8|SERIC_DICDI,sp|Q96SA4|SERC2_HUMAN
SERC	A0A6I8Q293	Q9NRX5	FP	TN	Family0038727	p0_c0_r0	no_direct_hit	indirect_path	2			tr|A0A6I8Q293|A0A6I8Q293_XENTR,sp|Q54UF8|SERIC_DICDI,sp|Q9NRX5|SERC1_HUMAN
SERC	A0A6I8Q293	Q9NRX5	FP	TN	Family0038727	p0_c0_r1	no_direct_hit	indirect_path	2			tr|A0A6I8Q293|A0A6I8Q293_XENTR,sp|Q54UF8|SERIC_DICDI,sp|Q9NRX5|SERC1_HUMAN
SERC	A0A6I8Q293	Q9QZI8	FP	TN	Family0038727	p0_c0_r0	no_direct_hit	indirect_path	2			tr|A0A6I8Q293|A0A6I8Q293_XENTR,sp|Q54UF8|SERIC_DICDI,sp|Q9QZI8|SERC1_MOUSE
SERC	A0A6I8Q293	Q9QZI8	FP	TN	Family0038727	p0_c0_r1	no_direct_hit	indirect_path	2			tr|A0A6I8Q293|A0A6I8Q293_XENTR,sp|Q54UF8|SERIC_DICDI,sp|Q9QZI8|SERC1_MOUSE
SERC	A6NH21	B7Q347	TP	FN	Family0038727	p0_c0_r0	no_direct_hit	indirect_path	2			sp|A6NH21|SERC4_HUMAN,sp|A8WCG0|SERC4_RAT,tr|B7Q347|B7Q347_IXOSC
SERC	A6NH21	B7Q347	TP	FN	Family0038727	p0_c0_r1	no_direct_hit	indirect_path	2			sp|A6NH21|SERC4_HUMAN,sp|A8WCG0|SERC4_RAT,tr|B7Q347|B7Q347_IXOSC
SERC	A6NH21	C3YMU1	FP	TN	Family0038727	p0_c0_r0	both_directions	direct_edge	1	1.2415183842822286	180245	sp|A6NH21|SERC4_HUMAN,tr|C3YMU1|C3YMU1_BRAFL
SERC	A6NH21	C3YMU1	FP	TN	Family0038727	p0_c0_r1	both_directions	direct_edge	1	1.2415183842822286	180245	sp|A6NH21|SERC4_HUMAN,tr|C3YMU1|C3YMU1_BRAFL
SERC	A6NH21	O45719	TP	FN	Family0038727	p0_c0_r0	both_directions	direct_edge	1	0.9279123512539138	180258	sp|A6NH21|SERC4_HUMAN,tr|O45719|O45719_CAEEL
SERC	A6NH21	O45719	TP	FN	Family0038727	p0_c0_r1	both_directions	direct_edge	1	0.9279123512539138	180258	sp|A6NH21|SERC4_HUMAN,tr|O45719|O45719_CAEEL
SERC	A6NH21	Q4FZV1	FP	TN	Family0038727	p0_c0_r0	no_direct_hit	indirect_path	2			sp|A6NH21|SERC4_HUMAN,sp|Q13530|SERC3_HUMAN,tr|Q4FZV1|Q4FZV1_RAT
SERC	A6NH21	Q4FZV1	FP	TN	Family0038727	p0_c0_r1	no_direct_hit	indirect_path	2			sp|A6NH21|SERC4_HUMAN,sp|Q13530|SERC3_HUMAN,tr|Q4FZV1|Q4FZV1_RAT
SERC	A6NH21	Q5U2V2	FP	TN	Family0038727	p0_c0_r0	no_direct_hit	indirect_path	2			sp|A6NH21|SERC4_HUMAN,sp|Q13530|SERC3_HUMAN,tr|Q5U2V2|Q5U2V2_RAT
SERC	A6NH21	Q5U2V2	FP	TN	Family0038727	p0_c0_r1	no_direct_hit	indirect_path	2			sp|A6NH21|SERC4_HUMAN,sp|Q13530|SERC3_HUMAN,tr|Q5U2V2|Q5U2V2_RAT
SERC	A6NH21	Q5ZME5	FP	TN	Family0038727	p0_c0_r0	no_direct_hit	indirect_path	2			sp|A6NH21|SERC4_HUMAN,sp|Q13530|SERC3_HUMAN,tr|Q5ZME5|Q5ZME5_CHICK
SERC	A6NH21	Q5ZME5	FP	TN	Family0038727	p0_c0_r1	no_direct_hit	indirect_path	2			sp|A6NH21|SERC4_HUMAN,sp|Q13530|SERC3_HUMAN,tr|Q5ZME5|Q5ZME5_CHICK
SERC	A6NH21	Q63175	FP	TN	Family0038727	p0_c0_r0	no_direct_hit	indirect_path	2			sp|A6NH21|SERC4_HUMAN,sp|Q13530|SERC3_HUMAN,sp|Q63175|SERC5_RAT
SERC	A6NH21	Q63175	FP	TN	Family0038727	p0_c0_r1	no_direct_hit	indirect_path	2			sp|A6NH21|SERC4_HUMAN,sp|Q13530|SERC3_HUMAN,sp|Q63175|SERC5_RAT
SERC	A6NH21	Q7QCD1	TP	FN	Family0038727	p0_c0_r0	no_direct_hit	indirect_path	2			sp|A6NH21|SERC4_HUMAN,sp|Q13530|SERC3_HUMAN,tr|Q7QCD1|Q7QCD1_ANOGA
SERC	A6NH21	Q7QCD1	TP	FN	Family0038727	p0_c0_r1	no_direct_hit	indirect_path	2			sp|A6NH21|SERC4_HUMAN,sp|Q13530|SERC3_HUMAN,tr|Q7QCD1|Q7QCD1_ANOGA
SERC	A6NH21	Q7SZW7	FP	TN	Family0038727	p0_c0_r0	no_direct_hit	indirect_path	2			sp|A6NH21|SERC4_HUMAN,sp|A8WCG0|SERC4_RAT,tr|Q7SZW7|Q7SZW7_DANRE
SERC	A6NH21	Q7SZW7	FP	TN	Family0038727	p0_c0_r1	no_direct_hit	indirect_path	2			sp|A6NH21|SERC4_HUMAN,sp|A8WCG0|SERC4_RAT,tr|Q7SZW7|Q7SZW7_DANRE
SERC	A6NH21	Q7TNK0	FP	TN	Family0038727	p0_c0_r0	no_direct_hit	indirect_path	2			sp|A6NH21|SERC4_HUMAN,sp|Q13530|SERC3_HUMAN,sp|Q7TNK0|SERC1_RAT
SERC	A6NH21	Q7TNK0	FP	TN	Family0038727	p0_c0_r1	no_direct_hit	indirect_path	2			sp|A6NH21|SERC4_HUMAN,sp|Q13530|SERC3_HUMAN,sp|Q7TNK0|SERC1_RAT
SERC	A6NH21	Q803X0	FP	TN	Family0038727	p0_c0_r0	no_direct_hit	indirect_path	2			sp|A6NH21|SERC4_HUMAN,sp|Q13530|SERC3_HUMAN,sp|Q803X0|SERC5_DANRE
SERC	A6NH21	Q803X0	FP	TN	Family0038727	p0_c0_r1	no_direct_hit	indirect_path	2			sp|A6NH21|SERC4_HUMAN,sp|Q13530|SERC3_HUMAN,sp|Q803X0|SERC5_DANRE
SERC	A6NH21	Q8BHJ6	FP	TN	Family0038727	p0_c0_r0	no_direct_hit	indirect_path	2			sp|A6NH21|SERC4_HUMAN,sp|Q13530|SERC3_HUMAN,sp|Q8BHJ6|SERC5_MOUSE
SERC	A6NH21	Q8BHJ6	FP	TN	Family0038727	p0_c0_r1	no_direct_hit	indirect_path	2			sp|A6NH21|SERC4_HUMAN,sp|Q13530|SERC3_HUMAN,sp|Q8BHJ6|SERC5_MOUSE
SERC	A6NH21	Q95XV3	TP	FN	Family0038727	p0_c0_r0	no_direct_hit	indirect_path	2			sp|A6NH21|SERC4_HUMAN,sp|A8WCG0|SERC4_RAT,tr|Q95XV3|Q95XV3_CAEEL
SERC	A6NH21	Q95XV3	TP	FN	Family0038727	p0_c0_r1	no_direct_hit	indirect_path	2			sp|A6NH21|SERC4_HUMAN,sp|A8WCG0|SERC4_RAT,tr|Q95XV3|Q95XV3_CAEEL
SERC	A6NH21	Q9QZI8	FP	TN	Family0038727	p0_c0_r0	no_direct_hit	indirect_path	2			sp|A6NH21|SERC4_HUMAN,sp|Q13530|SERC3_HUMAN,sp|Q9QZI8|SERC1_MOUSE
SERC	A6NH21	Q9QZI8	FP	TN	Family0038727	p0_c0_r1	no_direct_hit	indirect_path	2			sp|A6NH21|SERC4_HUMAN,sp|Q13530|SERC3_HUMAN,sp|Q9QZI8|SERC1_MOUSE
SERC	A8WCG0	B7Q347	TP	FN	Family0038727	p0_c0_r0	one_direction	direct_edge	1	0.9998850726235814	261945	sp|A8WCG0|SERC4_RAT,tr|B7Q347|B7Q347_IXOSC
SERC	A8WCG0	B7Q347	TP	FN	Family0038727	p0_c0_r1	one_direction	direct_edge	1	0.9998850726235814	261945	sp|A8WCG0|SERC4_RAT,tr|B7Q347|B7Q347_IXOSC
SERC	A8WCG0	C3YMU1	FP	TN	Family0038727	p0_c0_r0	no_direct_hit	indirect_path	2			sp|A8WCG0|SERC4_RAT,sp|A6NH21|SERC4_HUMAN,tr|C3YMU1|C3YMU1_BRAFL
SERC	A8WCG0	C3YMU1	FP	TN	Family0038727	p0_c0_r1	no_direct_hit	indirect_path	2			sp|A8WCG0|SERC4_RAT,sp|A6NH21|SERC4_HUMAN,tr|C3YMU1|C3YMU1_BRAFL
SERC	A8WCG0	O45719	TP	FN	Family0038727	p0_c0_r0	no_direct_hit	indirect_path	2			sp|A8WCG0|SERC4_RAT,sp|A6NH21|SERC4_HUMAN,tr|O45719|O45719_CAEEL
SERC	A8WCG0	O45719	TP	FN	Family0038727	p0_c0_r1	no_direct_hit	indirect_path	2			sp|A8WCG0|SERC4_RAT,sp|A6NH21|SERC4_HUMAN,tr|O45719|O45719_CAEEL
SERC	A8WCG0	Q13530	FP	TN	Family0038727	p0_c0_r0	no_direct_hit	indirect_path	2			sp|A8WCG0|SERC4_RAT,sp|A6NH21|SERC4_HUMAN,sp|Q13530|SERC3_HUMAN
SERC	A8WCG0	Q13530	FP	TN	Family0038727	p0_c0_r1	no_direct_hit	indirect_path	2			sp|A8WCG0|SERC4_RAT,sp|A6NH21|SERC4_HUMAN,sp|Q13530|SERC3_HUMAN
SERC	A8WCG0	Q5ZME5	FP	TN	Family0038727	p0_c0_r0	no_direct_hit	indirect_path	2			sp|A8WCG0|SERC4_RAT,sp|A7S4N4|SERIC_NEMVE,tr|Q5ZME5|Q5ZME5_CHICK
SERC	A8WCG0	Q5ZME5	FP	TN	Family0038727	p0_c0_r1	no_direct_hit	indirect_path	2			sp|A8WCG0|SERC4_RAT,sp|A7S4N4|SERIC_NEMVE,tr|Q5ZME5|Q5ZME5_CHICK
SERC	A8WCG0	Q7QCD1	TP	FN	Family0038727	p0_c0_r0	no_direct_hit	indirect_path	2			sp|A8WCG0|SERC4_RAT,sp|A7S4N4|SERIC_NEMVE,tr|Q7QCD1|Q7QCD1_ANOGA
SERC	A8WCG0	Q7QCD1	TP	FN	Family0038727	p0_c0_r1	no_direct_hit	indirect_path	2			sp|A8WCG0|SERC4_RAT,sp|A7S4N4|SERIC_NEMVE,tr|Q7QCD1|Q7QCD1_ANOGA
SERC	A8WCG0	Q7SZW7	FP	TN	Family0038727	p0_c0_r0	both_directions	direct_edge	1	1.228920964283014	261952	sp|A8WCG0|SERC4_RAT,tr|Q7SZW7|Q7SZW7_DANRE
SERC	A8WCG0	Q7SZW7	FP	TN	Family0038727	p0_c0_r1	both_directions	direct_edge	1	1.228920964283014	261952	sp|A8WCG0|SERC4_RAT,tr|Q7SZW7|Q7SZW7_DANRE
SERC	A8WCG0	Q803X0	FP	TN	Family0038727	p0_c0_r0	no_direct_hit	indirect_path	2			sp|A8WCG0|SERC4_RAT,sp|A7S4N4|SERIC_NEMVE,sp|Q803X0|SERC5_DANRE
SERC	A8WCG0	Q803X0	FP	TN	Family0038727	p0_c0_r1	no_direct_hit	indirect_path	2			sp|A8WCG0|SERC4_RAT,sp|A7S4N4|SERIC_NEMVE,sp|Q803X0|SERC5_DANRE
SERC	A8WCG0	Q86VE9	FP	TN	Family0038727	p0_c0_r0	no_direct_hit	indirect_path	2			sp|A8WCG0|SERC4_RAT,sp|A7S4N4|SERIC_NEMVE,sp|Q86VE9|SERC5_HUMAN
SERC	A8WCG0	Q86VE9	FP	TN	Family0038727	p0_c0_r1	no_direct_hit	indirect_path	2			sp|A8WCG0|SERC4_RAT,sp|A7S4N4|SERIC_NEMVE,sp|Q86VE9|SERC5_HUMAN
SERC	A8WCG0	Q8BHJ6	FP	TN	Family0038727	p0_c0_r0	no_direct_hit	indirect_path	2			sp|A8WCG0|SERC4_RAT,sp|A7S4N4|SERIC_NEMVE,sp|Q8BHJ6|SERC5_MOUSE
SERC	A8WCG0	Q8BHJ6	FP	TN	Family0038727	p0_c0_r1	no_direct_hit	indirect_path	2			sp|A8WCG0|SERC4_RAT,sp|A7S4N4|SERIC_NEMVE,sp|Q8BHJ6|SERC5_MOUSE
SERC	A8WCG0	Q95XV3	TP	FN	Family0038727	p0_c0_r0	both_directions	direct_edge	1	0.9048561894549588	261953	sp|A8WCG0|SERC4_RAT,tr|Q95XV3|Q95XV3_CAEEL
SERC	A8WCG0	Q95XV3	TP	FN	Family0038727	p0_c0_r1	both_directions	direct_edge	1	0.9048561894549588	261953	sp|A8WCG0|SERC4_RAT,tr|Q95XV3|Q95XV3_CAEEL
SERC	A8WCG0	Q96SA4	FP	TN	Family0038727	p0_c0_r0	no_direct_hit	indirect_path	2			sp|A8WCG0|SERC4_RAT,sp|A7S4N4|SERIC_NEMVE,sp|Q96SA4|SERC2_HUMAN
SERC	A8WCG0	Q96SA4	FP	TN	Family0038727	p0_c0_r1	no_direct_hit	indirect_path	2			sp|A8WCG0|SERC4_RAT,sp|A7S4N4|SERIC_NEMVE,sp|Q96SA4|SERC2_HUMAN
SERC	A8WCG0	Q9NRX5	FP	TN	Family0038727	p0_c0_r0	no_direct_hit	indirect_path	2			sp|A8WCG0|SERC4_RAT,sp|A7S4N4|SERIC_NEMVE,sp|Q9NRX5|SERC1_HUMAN
SERC	A8WCG0	Q9NRX5	FP	TN	Family0038727	p0_c0_r1	no_direct_hit	indirect_path	2			sp|A8WCG0|SERC4_RAT,sp|A7S4N4|SERIC_NEMVE,sp|Q9NRX5|SERC1_HUMAN
SERC	A8WCG0	Q9QZI8	FP	TN	Family0038727	p0_c0_r0	no_direct_hit	indirect_path	2			sp|A8WCG0|SERC4_RAT,sp|A7S4N4|SERIC_NEMVE,sp|Q9QZI8|SERC1_MOUSE
SERC	A8WCG0	Q9QZI8	FP	TN	Family0038727	p0_c0_r1	no_direct_hit	indirect_path	2			sp|A8WCG0|SERC4_RAT,sp|A7S4N4|SERIC_NEMVE,sp|Q9QZI8|SERC1_MOUSE
SERC	B7Q347	C3Y299	TP	FN	Family0038727	p0_c0_r0	both_directions	direct_edge	1	1.7847603230731375	18766444	tr|B7Q347|B7Q347_IXOSC,tr|C3Y299|C3Y299_BRAFL
SERC	B7Q347	C3Y299	TP	FN	Family0038727	p0_c0_r1	both_directions	direct_edge	1	1.7847603230731375	18766444	tr|B7Q347|B7Q347_IXOSC,tr|C3Y299|C3Y299_BRAFL
SERC	B7Q347	E7F5D2	TP	FN	Family0038727	p0_c0_r0	both_directions	direct_edge	1	1.4327381724759523	18766450	tr|B7Q347|B7Q347_IXOSC,tr|E7F5D2|E7F5D2_DANRE
SERC	B7Q347	E7F5D2	TP	FN	Family0038727	p0_c0_r1	both_directions	direct_edge	1	1.4327381724759523	18766450	tr|B7Q347|B7Q347_IXOSC,tr|E7F5D2|E7F5D2_DANRE
SERC	B7Q347	F7A8J9	TP	FN	Family0038727	p0_c0_r0	both_directions	direct_edge	1	1.8685333822395311	18766461	tr|B7Q347|B7Q347_IXOSC,tr|F7A8J9|F7A8J9_CIOIN
SERC	B7Q347	F7A8J9	TP	FN	Family0038727	p0_c0_r1	both_directions	direct_edge	1	1.8685333822395311	18766461	tr|B7Q347|B7Q347_IXOSC,tr|F7A8J9|F7A8J9_CIOIN
SERC	B7Q347	Q5XK03	TP	FN	Family0038727	p0_c0_r0	both_directions	direct_edge	1	0.9956392761368571	5152114	tr|B7Q347|B7Q347_IXOSC,sp|Q5XK03|SERC4_MOUSE
SERC	B7Q347	Q5XK03	TP	FN	Family0038727	p0_c0_r1	both_directions	direct_edge	1	0.9956392761368571	5152114	tr|B7Q347|B7Q347_IXOSC,sp|Q5XK03|SERC4_MOUSE
SERC	B7Q347	Q63175	TP	FN	Family0038727	p0_c0_r0	both_directions	direct_edge	1	1.5829532102083914	5270396	tr|B7Q347|B7Q347_IXOSC,sp|Q63175|SERC5_RAT
SERC	B7Q347	Q63175	TP	FN	Family0038727	p0_c0_r1	both_directions	direct_edge	1	1.5829532102083914	5270396	tr|B7Q347|B7Q347_IXOSC,sp|Q63175|SERC5_RAT
SERC	B7Q347	Q803X0	TP	FN	Family0038727	p0_c0_r0	both_directions	direct_edge	1	1.8025028926228701	5886865	tr|B7Q347|B7Q347_IXOSC,sp|Q803X0|SERC5_DANRE
SERC	B7Q347	Q803X0	TP	FN	Family0038727	p0_c0_r1	both_directions	direct_edge	1	1.8025028926228701	5886865	tr|B7Q347|B7Q347_IXOSC,sp|Q803X0|SERC5_DANRE
SERC	B7Q347	Q86VE9	TP	FN	Family0038727	p0_c0_r0	both_directions	direct_edge	1	1.5270996558896572	5980852	tr|B7Q347|B7Q347_IXOSC,sp|Q86VE9|SERC5_HUMAN
SERC	B7Q347	Q86VE9	TP	FN	Family0038727	p0_c0_r1	both_directions	direct_edge	1	1.5270996558896572	5980852	tr|B7Q347|B7Q347_IXOSC,sp|Q86VE9|SERC5_HUMAN
SERC	B7Q347	Q8BHJ6	TP	FN	Family0038727	p0_c0_r0	both_directions	direct_edge	1	1.6163252379231625	6036461	tr|B7Q347|B7Q347_IXOSC,sp|Q8BHJ6|SERC5_MOUSE
SERC	B7Q347	Q8BHJ6	TP	FN	Family0038727	p0_c0_r1	both_directions	direct_edge	1	1.6163252379231625	6036461	tr|B7Q347|B7Q347_IXOSC,sp|Q8BHJ6|SERC5_MOUSE
SERC	C3Y299	O45719	TP	FN	Family0038727	p0_c0_r0	both_directions	direct_edge	1	1.5986979603076736	19328336	tr|C3Y299|C3Y299_BRAFL,tr|O45719|O45719_CAEEL
SERC	C3Y299	O45719	TP	FN	Family0038727	p0_c0_r1	both_directions	direct_edge	1	1.5986979603076736	19328336	tr|C3Y299|C3Y299_BRAFL,tr|O45719|O45719_CAEEL
SERC	C3Y299	Q13530	FP	TN	Family0038727	p0_c0_r0	both_directions	direct_edge	1	1.5953506319461215	3859916	tr|C3Y299|C3Y299_BRAFL,sp|Q13530|SERC3_HUMAN
SERC	C3Y299	Q13530	FP	TN	Family0038727	p0_c0_r1	both_directions	direct_edge	1	1.5953506319461215	3859916	tr|C3Y299|C3Y299_BRAFL,sp|Q13530|SERC3_HUMAN
SERC	C3Y299	Q4FZV1	FP	TN	Family0038727	p0_c0_r0	both_directions	direct_edge	1	1.6892392997336716	19328340	tr|C3Y299|C3Y299_BRAFL,tr|Q4FZV1|Q4FZV1_RAT
SERC	C3Y299	Q4FZV1	FP	TN	Family0038727	p0_c0_r1	both_directions	direct_edge	1	1.6892392997336716	19328340	tr|C3Y299|C3Y299_BRAFL,tr|Q4FZV1|Q4FZV1_RAT
SERC	C3Y299	Q5U2V2	FP	TN	Family0038727	p0_c0_r0	both_directions	direct_edge	1	1.5684786596892162	19328343	tr|C3Y299|C3Y299_BRAFL,tr|Q5U2V2|Q5U2V2_RAT
SERC	C3Y299	Q5U2V2	FP	TN	Family0038727	p0_c0_r1	both_directions	direct_edge	1	1.5684786596892162	19328343	tr|C3Y299|C3Y299_BRAFL,tr|Q5U2V2|Q5U2V2_RAT
SERC	C3Y299	Q5ZME5	FP	TN	Family0038727	p0_c0_r0	both_directions	direct_edge	1	1.6617390548302031	19328345	tr|C3Y299|C3Y299_BRAFL,tr|Q5ZME5|Q5ZME5_CHICK
SERC	C3Y299	Q5ZME5	FP	TN	Family0038727	p0_c0_r1	both_directions	direct_edge	1	1.6617390548302031	19328345	tr|C3Y299|C3Y299_BRAFL,tr|Q5ZME5|Q5ZME5_CHICK
SERC	C3Y299	Q7QCD1	TP	FN	Family0038727	p0_c0_r0	both_directions	direct_edge	1	1.5957512084047305	19328347	tr|C3Y299|C3Y299_BRAFL,tr|Q7QCD1|Q7QCD1_ANOGA
SERC	C3Y299	Q7QCD1	TP	FN	Family0038727	p0_c0_r1	both_directions	direct_edge	1	1.5957512084047305	19328347	tr|C3Y299|C3Y299_BRAFL,tr|Q7QCD1|Q7QCD1_ANOGA
SERC	C3Y299	Q7SZW7	FP	TN	Family0038727	p0_c0_r0	both_directions	direct_edge	1	1.7087995218307368	19328349	tr|C3Y299|C3Y299_BRAFL,tr|Q7SZW7|Q7SZW7_DANRE
SERC	C3Y299	Q7SZW7	FP	TN	Family0038727	p0_c0_r1	both_directions	direct_edge	1	1.7087995218307368	19328349	tr|C3Y299|C3Y299_BRAFL,tr|Q7SZW7|Q7SZW7_DANRE
SERC	C3Y299	Q7TNK0	FP	TN	Family0038727	p0_c0_r0	both_directions	direct_edge	1	1.671489051053199	5812696	tr|C3Y299|C3Y299_BRAFL,sp|Q7TNK0|SERC1_RAT
SERC	C3Y299	Q7TNK0	FP	TN	Family0038727	p0_c0_r1	both_directions	direct_edge	1	1.671489051053199	5812696	tr|C3Y299|C3Y299_BRAFL,sp|Q7TNK0|SERC1_RAT
SERC	C3Y299	Q95XV3	TP	FN	Family0038727	p0_c0_r0	both_directions	direct_edge	1	1.5591588857382146	19328350	tr|C3Y299|C3Y299_BRAFL,tr|Q95XV3|Q95XV3_CAEEL
SERC	C3Y299	Q95XV3	TP	FN	Family0038727	p0_c0_r1	both_directions	direct_edge	1	1.5591588857382146	19328350	tr|C3Y299|C3Y299_BRAFL,tr|Q95XV3|Q95XV3_CAEEL
SERC	C3Y299	Q96SA4	FP	TN	Family0038727	p0_c0_r0	both_directions	direct_edge	1	1.6508423915538364	6851946	tr|C3Y299|C3Y299_BRAFL,sp|Q96SA4|SERC2_HUMAN
SERC	C3Y299	Q96SA4	FP	TN	Family0038727	p0_c0_r1	both_directions	direct_edge	1	1.6508423915538364	6851946	tr|C3Y299|C3Y299_BRAFL,sp|Q96SA4|SERC2_HUMAN
SERC	C3Y299	Q9NRX5	FP	TN	Family0038727	p0_c0_r0	both_directions	direct_edge	1	1.6666300712536257	7508720	tr|C3Y299|C3Y299_BRAFL,sp|Q9NRX5|SERC1_HUMAN
SERC	C3Y299	Q9NRX5	FP	TN	Family0038727	p0_c0_r1	both_directions	direct_edge	1	1.6666300712536257	7508720	tr|C3Y299|C3Y299_BRAFL,sp|Q9NRX5|SERC1_HUMAN
SERC	C3Y299	Q9QZI8	FP	TN	Family0038727	p0_c0_r0	both_directions	direct_edge	1	1.6666300712536257	7600849	tr|C3Y299|C3Y299_BRAFL,sp|Q9QZI8|SERC1_MOUSE
SERC	C3Y299	Q9QZI8	FP	TN	Family0038727	p0_c0_r1	both_directions	direct_edge	1	1.6666300712536257	7600849	tr|C3Y299|C3Y299_BRAFL,sp|Q9QZI8|SERC1_MOUSE
SERC	C3YMU1	E7F5D2	FP	TN	Family0038727	p0_c0_r0	both_directions	direct_edge	1	1.6005948676731032	19550728	tr|C3YMU1|C3YMU1_BRAFL,tr|E7F5D2|E7F5D2_DANRE
SERC	C3YMU1	E7F5D2	FP	TN	Family0038727	p0_c0_r1	both_directions	direct_edge	1	1.6005948676731032	19550728	tr|C3YMU1|C3YMU1_BRAFL,tr|E7F5D2|E7F5D2_DANRE
SERC	C3YMU1	F7A8J9	FP	TN	Family0038727	p0_c0_r0	both_directions	direct_edge	1	1.9115361230725276	19550737	tr|C3YMU1|C3YMU1_BRAFL,tr|F7A8J9|F7A8J9_CIOIN
SERC	C3YMU1	F7A8J9	FP	TN	Family0038727	p0_c0_r1	both_directions	direct_edge	1	1.9115361230725276	19550737	tr|C3YMU1|C3YMU1_BRAFL,tr|F7A8J9|F7A8J9_CIOIN
SERC	C3YMU1	Q5XK03	FP	TN	Family0038727	p0_c0_r0	no_direct_hit	indirect_path	2			tr|C3YMU1|C3YMU1_BRAFL,sp|A6NH21|SERC4_HUMAN,sp|Q5XK03|SERC4_MOUSE
SERC	C3YMU1	Q5XK03	FP	TN	Family0038727	p0_c0_r1	no_direct_hit	indirect_path	2			tr|C3YMU1|C3YMU1_BRAFL,sp|A6NH21|SERC4_HUMAN,sp|Q5XK03|SERC4_MOUSE
SERC	C3YMU1	Q63175	FP	TN	Family0038727	p0_c0_r0	both_directions	direct_edge	1	1.56992620430851	5270398	tr|C3YMU1|C3YMU1_BRAFL,sp|Q63175|SERC5_RAT
SERC	C3YMU1	Q63175	FP	TN	Family0038727	p0_c0_r1	both_directions	direct_edge	1	1.56992620430851	5270398	tr|C3YMU1|C3YMU1_BRAFL,sp|Q63175|SERC5_RAT
SERC	C3YMU1	Q803X0	FP	TN	Family0038727	p0_c0_r0	both_directions	direct_edge	1	1.7629846970005023	5886866	tr|C3YMU1|C3YMU1_BRAFL,sp|Q803X0|SERC5_DANRE
SERC	C3YMU1	Q803X0	FP	TN	Family0038727	p0_c0_r1	both_directions	direct_edge	1	1.7629846970005023	5886866	tr|C3YMU1|C3YMU1_BRAFL,sp|Q803X0|SERC5_DANRE
SERC	C3YMU1	Q86VE9	FP	TN	Family0038727	p0_c0_r0	no_direct_hit	indirect_path	2			tr|C3YMU1|C3YMU1_BRAFL,sp|A7S4N4|SERIC_NEMVE,sp|Q86VE9|SERC5_HUMAN
SERC	C3YMU1	Q86VE9	FP	TN	Family0038727	p0_c0_r1	no_direct_hit	indirect_path	2			tr|C3YMU1|C3YMU1_BRAFL,sp|A7S4N4|SERIC_NEMVE,sp|Q86VE9|SERC5_HUMAN
SERC	C3YMU1	Q8BHJ6	FP	TN	Family0038727	p0_c0_r0	both_directions	direct_edge	1	1.633918349100797	6036463	tr|C3YMU1|C3YMU1_BRAFL,sp|Q8BHJ6|SERC5_MOUSE
SERC	C3YMU1	Q8BHJ6	FP	TN	Family0038727	p0_c0_r1	both_directions	direct_edge	1	1.633918349100797	6036463	tr|C3YMU1|C3YMU1_BRAFL,sp|Q8BHJ6|SERC5_MOUSE
SERC	E7F5D2	O45719	TP	FN	Family0038727	p0_c0_r0	no_direct_hit	indirect_path	2			tr|E7F5D2|E7F5D2_DANRE,sp|A6NH21|SERC4_HUMAN,tr|O45719|O45719_CAEEL
SERC	E7F5D2	O45719	TP	FN	Family0038727	p0_c0_r1	no_direct_hit	indirect_path	2			tr|E7F5D2|E7F5D2_DANRE,sp|A6NH21|SERC4_HUMAN,tr|O45719|O45719_CAEEL
SERC	E7F5D2	Q13530	FP	TN	Family0038727	p0_c0_r0	both_directions	direct_edge	1	1.3763573953496724	3859922	tr|E7F5D2|E7F5D2_DANRE,sp|Q13530|SERC3_HUMAN
SERC	E7F5D2	Q13530	FP	TN	Family0038727	p0_c0_r1	both_directions	direct_edge	1	1.3763573953496724	3859922	tr|E7F5D2|E7F5D2_DANRE,sp|Q13530|SERC3_HUMAN
SERC	E7F5D2	Q4FZV1	FP	TN	Family0038727	p0_c0_r0	no_direct_hit	indirect_path	2			tr|E7F5D2|E7F5D2_DANRE,sp|A7S4N4|SERIC_NEMVE,tr|Q4FZV1|Q4FZV1_RAT
SERC	E7F5D2	Q4FZV1	FP	TN	Family0038727	p0_c0_r1	no_direct_hit	indirect_path	2			tr|E7F5D2|E7F5D2_DANRE,sp|A7S4N4|SERIC_NEMVE,tr|Q4FZV1|Q4FZV1_RAT
SERC	E7F5D2	Q5U2V2	FP	TN	Family0038727	p0_c0_r0	no_direct_hit	indirect_path	2			tr|E7F5D2|E7F5D2_DANRE,sp|A7S4N4|SERIC_NEMVE,tr|Q5U2V2|Q5U2V2_RAT
SERC	E7F5D2	Q5U2V2	FP	TN	Family0038727	p0_c0_r1	no_direct_hit	indirect_path	2			tr|E7F5D2|E7F5D2_DANRE,sp|A7S4N4|SERIC_NEMVE,tr|Q5U2V2|Q5U2V2_RAT
SERC	E7F5D2	Q5ZME5	FP	TN	Family0038727	p0_c0_r0	no_direct_hit	indirect_path	2			tr|E7F5D2|E7F5D2_DANRE,sp|A7S4N4|SERIC_NEMVE,tr|Q5ZME5|Q5ZME5_CHICK
SERC	E7F5D2	Q5ZME5	FP	TN	Family0038727	p0_c0_r1	no_direct_hit	indirect_path	2			tr|E7F5D2|E7F5D2_DANRE,sp|A7S4N4|SERIC_NEMVE,tr|Q5ZME5|Q5ZME5_CHICK
SERC	E7F5D2	Q63175	FP	TN	Family0038727	p0_c0_r0	no_direct_hit	indirect_path	2			tr|E7F5D2|E7F5D2_DANRE,sp|A7S4N4|SERIC_NEMVE,sp|Q63175|SERC5_RAT
SERC	E7F5D2	Q63175	FP	TN	Family0038727	p0_c0_r1	no_direct_hit	indirect_path	2			tr|E7F5D2|E7F5D2_DANRE,sp|A7S4N4|SERIC_NEMVE,sp|Q63175|SERC5_RAT
SERC	E7F5D2	Q7QCD1	TP	FN	Family0038727	p0_c0_r0	no_direct_hit	indirect_path	2			tr|E7F5D2|E7F5D2_DANRE,sp|A7S4N4|SERIC_NEMVE,tr|Q7QCD1|Q7QCD1_ANOGA
SERC	E7F5D2	Q7QCD1	TP	FN	Family0038727	p0_c0_r1	no_direct_hit	indirect_path	2			tr|E7F5D2|E7F5D2_DANRE,sp|A7S4N4|SERIC_NEMVE,tr|Q7QCD1|Q7QCD1_ANOGA
SERC	E7F5D2	Q7TNK0	FP	TN	Family0038727	p0_c0_r0	no_direct_hit	indirect_path	2			tr|E7F5D2|E7F5D2_DANRE,sp|A7S4N4|SERIC_NEMVE,sp|Q7TNK0|SERC1_RAT
SERC	E7F5D2	Q7TNK0	FP	TN	Family0038727	p0_c0_r1	no_direct_hit	indirect_path	2			tr|E7F5D2|E7F5D2_DANRE,sp|A7S4N4|SERIC_NEMVE,sp|Q7TNK0|SERC1_RAT
SERC	E7F5D2	Q86VE9	FP	TN	Family0038727	p0_c0_r0	no_direct_hit	indirect_path	2			tr|E7F5D2|E7F5D2_DANRE,sp|A7S4N4|SERIC_NEMVE,sp|Q86VE9|SERC5_HUMAN
SERC	E7F5D2	Q86VE9	FP	TN	Family0038727	p0_c0_r1	no_direct_hit	indirect_path	2			tr|E7F5D2|E7F5D2_DANRE,sp|A7S4N4|SERIC_NEMVE,sp|Q86VE9|SERC5_HUMAN
SERC	E7F5D2	Q8BHJ6	FP	TN	Family0038727	p0_c0_r0	no_direct_hit	indirect_path	2			tr|E7F5D2|E7F5D2_DANRE,sp|A7S4N4|SERIC_NEMVE,sp|Q8BHJ6|SERC5_MOUSE
SERC	E7F5D2	Q8BHJ6	FP	TN	Family0038727	p0_c0_r1	no_direct_hit	indirect_path	2			tr|E7F5D2|E7F5D2_DANRE,sp|A7S4N4|SERIC_NEMVE,sp|Q8BHJ6|SERC5_MOUSE
SERC	E7F5D2	Q95XV3	TP	FN	Family0038727	p0_c0_r0	no_direct_hit	indirect_path	2			tr|E7F5D2|E7F5D2_DANRE,sp|A7S4N4|SERIC_NEMVE,tr|Q95XV3|Q95XV3_CAEEL
SERC	E7F5D2	Q95XV3	TP	FN	Family0038727	p0_c0_r1	no_direct_hit	indirect_path	2			tr|E7F5D2|E7F5D2_DANRE,sp|A7S4N4|SERIC_NEMVE,tr|Q95XV3|Q95XV3_CAEEL
SERC	E7F5D2	Q96SA4	FP	TN	Family0038727	p0_c0_r0	no_direct_hit	indirect_path	2			tr|E7F5D2|E7F5D2_DANRE,sp|A7S4N4|SERIC_NEMVE,sp|Q96SA4|SERC2_HUMAN
SERC	E7F5D2	Q96SA4	FP	TN	Family0038727	p0_c0_r1	no_direct_hit	indirect_path	2			tr|E7F5D2|E7F5D2_DANRE,sp|A7S4N4|SERIC_NEMVE,sp|Q96SA4|SERC2_HUMAN
SERC	E7F5D2	Q9NRX5	FP	TN	Family0038727	p0_c0_r0	no_direct_hit	indirect_path	2			tr|E7F5D2|E7F5D2_DANRE,sp|A7S4N4|SERIC_NEMVE,sp|Q9NRX5|SERC1_HUMAN
SERC	E7F5D2	Q9NRX5	FP	TN	Family0038727	p0_c0_r1	no_direct_hit	indirect_path	2			tr|E7F5D2|E7F5D2_DANRE,sp|A7S4N4|SERIC_NEMVE,sp|Q9NRX5|SERC1_HUMAN
SERC	E7F5D2	Q9QZI8	FP	TN	Family0038727	p0_c0_r0	no_direct_hit	indirect_path	2			tr|E7F5D2|E7F5D2_DANRE,sp|A7S4N4|SERIC_NEMVE,sp|Q9QZI8|SERC1_MOUSE
SERC	E7F5D2	Q9QZI8	FP	TN	Family0038727	p0_c0_r1	no_direct_hit	indirect_path	2			tr|E7F5D2|E7F5D2_DANRE,sp|A7S4N4|SERIC_NEMVE,sp|Q9QZI8|SERC1_MOUSE
SERC	F7A8J9	O45719	TP	FN	Family0038727	p0_c0_r0	both_directions	direct_edge	1	1.767833233658221	22486876	tr|F7A8J9|F7A8J9_CIOIN,tr|O45719|O45719_CAEEL
SERC	F7A8J9	O45719	TP	FN	Family0038727	p0_c0_r1	both_directions	direct_edge	1	1.767833233658221	22486876	tr|F7A8J9|F7A8J9_CIOIN,tr|O45719|O45719_CAEEL
SERC	F7A8J9	Q13530	FP	TN	Family0038727	p0_c0_r0	no_direct_hit	indirect_path	2			tr|F7A8J9|F7A8J9_CIOIN,sp|A4FUZ5|SERC3_BOVIN,sp|Q13530|SERC3_HUMAN
SERC	F7A8J9	Q13530	FP	TN	Family0038727	p0_c0_r1	no_direct_hit	indirect_path	2			tr|F7A8J9|F7A8J9_CIOIN,sp|A4FUZ5|SERC3_BOVIN,sp|Q13530|SERC3_HUMAN
SERC	F7A8J9	Q4FZV1	FP	TN	Family0038727	p0_c0_r0	one_direction	direct_edge	1	1.6488578545867565	22486878	tr|F7A8J9|F7A8J9_CIOIN,tr|Q4FZV1|Q4FZV1_RAT
SERC	F7A8J9	Q4FZV1	FP	TN	Family0038727	p0_c0_r1	one_direction	direct_edge	1	1.6488578545867565	22486878	tr|F7A8J9|F7A8J9_CIOIN,tr|Q4FZV1|Q4FZV1_RAT
SERC	F7A8J9	Q5U2V2	FP	TN	Family0038727	p0_c0_r0	both_directions	direct_edge	1	1.584247302714662	22486881	tr|F7A8J9|F7A8J9_CIOIN,tr|Q5U2V2|Q5U2V2_RAT
SERC	F7A8J9	Q5U2V2	FP	TN	Family0038727	p0_c0_r1	both_directions	direct_edge	1	1.584247302714662	22486881	tr|F7A8J9|F7A8J9_CIOIN,tr|Q5U2V2|Q5U2V2_RAT
SERC	F7A8J9	Q5ZME5	FP	TN	Family0038727	p0_c0_r0	no_direct_hit	indirect_path	2			tr|F7A8J9|F7A8J9_CIOIN,sp|A4FUZ5|SERC3_BOVIN,tr|Q5ZME5|Q5ZME5_CHICK
SERC	F7A8J9	Q5ZME5	FP	TN	Family0038727	p0_c0_r1	no_direct_hit	indirect_path	2			tr|F7A8J9|F7A8J9_CIOIN,sp|A4FUZ5|SERC3_BOVIN,tr|Q5ZME5|Q5ZME5_CHICK
SERC	F7A8J9	Q7QCD1	TP	FN	Family0038727	p0_c0_r0	both_directions	direct_edge	1	1.6934208231223442	22486882	tr|F7A8J9|F7A8J9_CIOIN,tr|Q7QCD1|Q7QCD1_ANOGA
SERC	F7A8J9	Q7QCD1	TP	FN	Family0038727	p0_c0_r1	both_directions	direct_edge	1	1.6934208231223442	22486882	tr|F7A8J9|F7A8J9_CIOIN,tr|Q7QCD1|Q7QCD1_ANOGA
SERC	F7A8J9	Q7SZW7	FP	TN	Family0038727	p0_c0_r0	both_directions	direct_edge	1	1.8086999260445724	22486884	tr|F7A8J9|F7A8J9_CIOIN,tr|Q7SZW7|Q7SZW7_DANRE
SERC	F7A8J9	Q7SZW7	FP	TN	Family0038727	p0_c0_r1	both_directions	direct_edge	1	1.8086999260445724	22486884	tr|F7A8J9|F7A8J9_CIOIN,tr|Q7SZW7|Q7SZW7_DANRE
SERC	F7A8J9	Q7TNK0	FP	TN	Family0038727	p0_c0_r0	no_direct_hit	indirect_path	2			tr|F7A8J9|F7A8J9_CIOIN,sp|A4FUZ5|SERC3_BOVIN,sp|Q7TNK0|SERC1_RAT
SERC	F7A8J9	Q7TNK0	FP	TN	Family0038727	p0_c0_r1	no_direct_hit	indirect_path	2			tr|F7A8J9|F7A8J9_CIOIN,sp|A4FUZ5|SERC3_BOVIN,sp|Q7TNK0|SERC1_RAT
SERC	F7A8J9	Q95XV3	TP	FN	Family0038727	p0_c0_r0	both_directions	direct_edge	1	1.8239173533069666	22486885	tr|F7A8J9|F7A8J9_CIOIN,tr|Q95XV3|Q95XV3_CAEEL
SERC	F7A8J9	Q95XV3	TP	FN	Family0038727	p0_c0_r1	both_directions	direct_edge	1	1.8239173533069666	22486885	tr|F7A8J9|F7A8J9_CIOIN,tr|Q95XV3|Q95XV3_CAEEL
SERC	F7A8J9	Q96SA4	FP	TN	Family0038727	p0_c0_r0	one_direction	direct_edge	1	1.6244889984883324	6851960	tr|F7A8J9|F7A8J9_CIOIN,sp|Q96SA4|SERC2_HUMAN
SERC	F7A8J9	Q96SA4	FP	TN	Family0038727	p0_c0_r1	one_direction	direct_edge	1	1.6244889984883324	6851960	tr|F7A8J9|F7A8J9_CIOIN,sp|Q96SA4|SERC2_HUMAN
SERC	F7A8J9	Q9NRX5	FP	TN	Family0038727	p0_c0_r0	no_direct_hit	indirect_path	2			tr|F7A8J9|F7A8J9_CIOIN,sp|A4FUZ5|SERC3_BOVIN,sp|Q9NRX5|SERC1_HUMAN
SERC	F7A8J9	Q9NRX5	FP	TN	Family0038727	p0_c0_r1	no_direct_hit	indirect_path	2			tr|F7A8J9|F7A8J9_CIOIN,sp|A4FUZ5|SERC3_BOVIN,sp|Q9NRX5|SERC1_HUMAN
SERC	F7A8J9	Q9QZI8	FP	TN	Family0038727	p0_c0_r0	no_direct_hit	indirect_path	2			tr|F7A8J9|F7A8J9_CIOIN,sp|A4FUZ5|SERC3_BOVIN,sp|Q9QZI8|SERC1_MOUSE
SERC	F7A8J9	Q9QZI8	FP	TN	Family0038727	p0_c0_r1	no_direct_hit	indirect_path	2			tr|F7A8J9|F7A8J9_CIOIN,sp|A4FUZ5|SERC3_BOVIN,sp|Q9QZI8|SERC1_MOUSE
SERC	O45719	Q5XK03	TP	FN	Family0038727	p0_c0_r0	no_direct_hit	indirect_path	2			tr|O45719|O45719_CAEEL,sp|A6NH21|SERC4_HUMAN,sp|Q5XK03|SERC4_MOUSE
SERC	O45719	Q5XK03	TP	FN	Family0038727	p0_c0_r1	no_direct_hit	indirect_path	2			tr|O45719|O45719_CAEEL,sp|A6NH21|SERC4_HUMAN,sp|Q5XK03|SERC4_MOUSE
SERC	O45719	Q63175	TP	FN	Family0038727	p0_c0_r0	both_directions	direct_edge	1	1.4991898920686526	5270417	tr|O45719|O45719_CAEEL,sp|Q63175|SERC5_RAT
SERC	O45719	Q63175	TP	FN	Family0038727	p0_c0_r1	both_directions	direct_edge	1	1.4991898920686526	5270417	tr|O45719|O45719_CAEEL,sp|Q63175|SERC5_RAT
SERC	O45719	Q803X0	TP	FN	Family0038727	p0_c0_r0	both_directions	direct_edge	1	1.6322540836723793	5886893	tr|O45719|O45719_CAEEL,sp|Q803X0|SERC5_DANRE
SERC	O45719	Q803X0	TP	FN	Family0038727	p0_c0_r1	both_directions	direct_edge	1	1.6322540836723793	5886893	tr|O45719|O45719_CAEEL,sp|Q803X0|SERC5_DANRE
SERC	O45719	Q86VE9	TP	FN	Family0038727	p0_c0_r0	both_directions	direct_edge	1	1.413057686771418	5980860	tr|O45719|O45719_CAEEL,sp|Q86VE9|SERC5_HUMAN
SERC	O45719	Q86VE9	TP	FN	Family0038727	p0_c0_r1	both_directions	direct_edge	1	1.413057686771418	5980860	tr|O45719|O45719_CAEEL,sp|Q86VE9|SERC5_HUMAN
SERC	O45719	Q8BHJ6	TP	FN	Family0038727	p0_c0_r0	both_directions	direct_edge	1	1.4665483717816319	6036485	tr|O45719|O45719_CAEEL,sp|Q8BHJ6|SERC5_MOUSE
SERC	O45719	Q8BHJ6	TP	FN	Family0038727	p0_c0_r1	both_directions	direct_edge	1	1.4665483717816319	6036485	tr|O45719|O45719_CAEEL,sp|Q8BHJ6|SERC5_MOUSE
SERC	Q0JBW5	Q8VZI4	FP	TN	Family0145356	p0_c0_r0	no_direct_hit	indirect_path	3			tr|Q0JBW5|Q0JBW5_ORYSJ,tr|A0A1D6FFD5|A0A1D6FFD5_MAIZE,tr|A0A1P8B544|A0A1P8B544_ARATH,tr|Q8VZI4|Q8VZI4_ARATH
SERC	Q0JBW5	Q8VZI4	FP	TN	Family0145356	p0_c0_r1	no_direct_hit	indirect_path	3			tr|Q0JBW5|Q0JBW5_ORYSJ,tr|A0A1D6FFD5|A0A1D6FFD5_MAIZE,tr|A0A1P8B544|A0A1P8B544_ARATH,tr|Q8VZI4|Q8VZI4_ARATH
SERC	Q13530	Q4FZV1	FP	TN	Family0038727	p0_c0_r0	both_directions	direct_edge	1	2.375602244278471	3859951	sp|Q13530|SERC3_HUMAN,tr|Q4FZV1|Q4FZV1_RAT
SERC	Q13530	Q4FZV1	FP	TN	Family0038727	p0_c0_r1	both_directions	direct_edge	1	2.375602244278471	3859951	sp|Q13530|SERC3_HUMAN,tr|Q4FZV1|Q4FZV1_RAT
SERC	Q13530	Q5XK03	FP	TN	Family0038727	p0_c0_r0	no_direct_hit	indirect_path	2			sp|Q13530|SERC3_HUMAN,sp|A6NH21|SERC4_HUMAN,sp|Q5XK03|SERC4_MOUSE
SERC	Q13530	Q5XK03	FP	TN	Family0038727	p0_c0_r1	no_direct_hit	indirect_path	2			sp|Q13530|SERC3_HUMAN,sp|A6NH21|SERC4_HUMAN,sp|Q5XK03|SERC4_MOUSE
SERC	Q13530	Q5ZME5	FP	TN	Family0038727	p0_c0_r0	both_directions	direct_edge	1	3.2593696659405045	3859956	sp|Q13530|SERC3_HUMAN,tr|Q5ZME5|Q5ZME5_CHICK
SERC	Q13530	Q5ZME5	FP	TN	Family0038727	p0_c0_r1	both_directions	direct_edge	1	3.2593696659405045	3859956	sp|Q13530|SERC3_HUMAN,tr|Q5ZME5|Q5ZME5_CHICK
SERC	Q13530	Q63175	FP	TN	Family0038727	p0_c0_r0	both_directions	direct_edge	1	1.5156884025954325	3859885	sp|Q13530|SERC3_HUMAN,sp|Q63175|SERC5_RAT
SERC	Q13530	Q63175	FP	TN	Family0038727	p0_c0_r1	both_directions	direct_edge	1	1.5156884025954325	3859885	sp|Q13530|SERC3_HUMAN,sp|Q63175|SERC5_RAT
SERC	Q13530	Q7SZW7	FP	TN	Family0038727	p0_c0_r0	both_directions	direct_edge	1	3.2664629706652097	3859959	sp|Q13530|SERC3_HUMAN,tr|Q7SZW7|Q7SZW7_DANRE
SERC	Q13530	Q7SZW7	FP	TN	Family0038727	p0_c0_r1	both_directions	direct_edge	1	3.2664629706652097	3859959	sp|Q13530|SERC3_HUMAN,tr|Q7SZW7|Q7SZW7_DANRE
SERC	Q13530	Q7TNK0	FP	TN	Family0038727	p0_c0_r0	both_directions	direct_edge	1	2.966134674479469	3859886	sp|Q13530|SERC3_HUMAN,sp|Q7TNK0|SERC1_RAT
SERC	Q13530	Q7TNK0	FP	TN	Family0038727	p0_c0_r1	both_directions	direct_edge	1	2.966134674479469	3859886	sp|Q13530|SERC3_HUMAN,sp|Q7TNK0|SERC1_RAT
SERC	Q13530	Q803X0	FP	TN	Family0038727	p0_c0_r0	both_directions	direct_edge	1	1.588578651093657	3859887	sp|Q13530|SERC3_HUMAN,sp|Q803X0|SERC5_DANRE
SERC	Q13530	Q803X0	FP	TN	Family0038727	p0_c0_r1	both_directions	direct_edge	1	1.588578651093657	3859887	sp|Q13530|SERC3_HUMAN,sp|Q803X0|SERC5_DANRE
SERC	Q13530	Q8BHJ6	FP	TN	Family0038727	p0_c0_r0	both_directions	direct_edge	1	1.5076190833259628	3859888	sp|Q13530|SERC3_HUMAN,sp|Q8BHJ6|SERC5_MOUSE
SERC	Q13530	Q8BHJ6	FP	TN	Family0038727	p0_c0_r1	both_directions	direct_edge	1	1.5076190833259628	3859888	sp|Q13530|SERC3_HUMAN,sp|Q8BHJ6|SERC5_MOUSE
SERC	Q13530	Q9QZI8	FP	TN	Family0038727	p0_c0_r0	both_directions	direct_edge	1	2.9682950056334962	3859893	sp|Q13530|SERC3_HUMAN,sp|Q9QZI8|SERC1_MOUSE
SERC	Q13530	Q9QZI8	FP	TN	Family0038727	p0_c0_r1	both_directions	direct_edge	1	2.9682950056334962	3859893	sp|Q13530|SERC3_HUMAN,sp|Q9QZI8|SERC1_MOUSE
SERC	Q494Q0	Q6K688	FP	TN	Family0038727	p0_c0_r0	both_directions	direct_edge	1	3.380378302300194	24410307	tr|Q494Q0|Q494Q0_ARATH,tr|Q6K688|Q6K688_ORYSJ
SERC	Q494Q0	Q6K688	FP	TN	Family0038727	p0_c0_r1	both_directions	direct_edge	1	3.380378302300194	24410307	tr|Q494Q0|Q494Q0_ARATH,tr|Q6K688|Q6K688_ORYSJ
SERC	Q4FZV1	Q5XK03	FP	TN	Family0038727	p0_c0_r0	no_direct_hit	indirect_path	2			tr|Q4FZV1|Q4FZV1_RAT,sp|A7S4N4|SERIC_NEMVE,sp|Q5XK03|SERC4_MOUSE
SERC	Q4FZV1	Q5XK03	FP	TN	Family0038727	p0_c0_r1	no_direct_hit	indirect_path	2			tr|Q4FZV1|Q4FZV1_RAT,sp|A7S4N4|SERIC_NEMVE,sp|Q5XK03|SERC4_MOUSE
SERC	Q4FZV1	Q5ZME5	FP	TN	Family0038727	p0_c0_r0	both_directions	direct_edge	1	2.8388458135561603	24411916	tr|Q4FZV1|Q4FZV1_RAT,tr|Q5ZME5|Q5ZME5_CHICK
SERC	Q4FZV1	Q5ZME5	FP	TN	Family0038727	p0_c0_r1	both_directions	direct_edge	1	2.8388458135561603	24411916	tr|Q4FZV1|Q4FZV1_RAT,tr|Q5ZME5|Q5ZME5_CHICK
SERC	Q4FZV1	Q7SZW7	FP	TN	Family0038727	p0_c0_r0	both_directions	direct_edge	1	2.864826891012511	24411921	tr|Q4FZV1|Q4FZV1_RAT,tr|Q7SZW7|Q7SZW7_DANRE
SERC	Q4FZV1	Q7SZW7	FP	TN	Family0038727	p0_c0_r1	both_directions	direct_edge	1	2.864826891012511	24411921	tr|Q4FZV1|Q4FZV1_RAT,tr|Q7SZW7|Q7SZW7_DANRE
SERC	Q4FZV1	Q803X0	FP	TN	Family0038727	p0_c0_r0	both_directions	direct_edge	1	1.6308677041989132	5886895	tr|Q4FZV1|Q4FZV1_RAT,sp|Q803X0|SERC5_DANRE
SERC	Q4FZV1	Q803X0	FP	TN	Family0038727	p0_c0_r1	both_directions	direct_edge	1	1.6308677041989132	5886895	tr|Q4FZV1|Q4FZV1_RAT,sp|Q803X0|SERC5_DANRE
SERC	Q4FZV1	Q86VE9	FP	TN	Family0038727	p0_c0_r0	no_direct_hit	indirect_path	2			tr|Q4FZV1|Q4FZV1_RAT,sp|A7S4N4|SERIC_NEMVE,sp|Q86VE9|SERC5_HUMAN
SERC	Q4FZV1	Q86VE9	FP	TN	Family0038727	p0_c0_r1	no_direct_hit	indirect_path	2			tr|Q4FZV1|Q4FZV1_RAT,sp|A7S4N4|SERIC_NEMVE,sp|Q86VE9|SERC5_HUMAN
SERC	Q4FZV1	Q8BHJ6	FP	TN	Family0038727	p0_c0_r0	no_direct_hit	indirect_path	2			tr|Q4FZV1|Q4FZV1_RAT,sp|A4FUZ5|SERC3_BOVIN,sp|Q8BHJ6|SERC5_MOUSE
SERC	Q4FZV1	Q8BHJ6	FP	TN	Family0038727	p0_c0_r1	no_direct_hit	indirect_path	2			tr|Q4FZV1|Q4FZV1_RAT,sp|A4FUZ5|SERC3_BOVIN,sp|Q8BHJ6|SERC5_MOUSE
SERC	Q4FZV1	Q9NRX5	FP	TN	Family0038727	p0_c0_r0	both_directions	direct_edge	1	2.8172912953448046	7508752	tr|Q4FZV1|Q4FZV1_RAT,sp|Q9NRX5|SERC1_HUMAN
SERC	Q4FZV1	Q9NRX5	FP	TN	Family0038727	p0_c0_r1	both_directions	direct_edge	1	2.8172912953448046	7508752	tr|Q4FZV1|Q4FZV1_RAT,sp|Q9NRX5|SERC1_HUMAN
SERC	Q4FZV1	Q9QZI8	FP	TN	Family0038727	p0_c0_r0	both_directions	direct_edge	1	2.7995724821665355	7600881	tr|Q4FZV1|Q4FZV1_RAT,sp|Q9QZI8|SERC1_MOUSE
SERC	Q4FZV1	Q9QZI8	FP	TN	Family0038727	p0_c0_r1	both_directions	direct_edge	1	2.7995724821665355	7600881	tr|Q4FZV1|Q4FZV1_RAT,sp|Q9QZI8|SERC1_MOUSE
SERC	Q5U2V2	Q5XK03	FP	TN	Family0038727	p0_c0_r0	no_direct_hit	indirect_path	2			tr|Q5U2V2|Q5U2V2_RAT,sp|A7S4N4|SERIC_NEMVE,sp|Q5XK03|SERC4_MOUSE
SERC	Q5U2V2	Q5XK03	FP	TN	Family0038727	p0_c0_r1	no_direct_hit	indirect_path	2			tr|Q5U2V2|Q5U2V2_RAT,sp|A7S4N4|SERIC_NEMVE,sp|Q5XK03|SERC4_MOUSE
SERC	Q5U2V2	Q5ZME5	FP	TN	Family0038727	p0_c0_r0	both_directions	direct_edge	1	3.104181453762964	24848626	tr|Q5U2V2|Q5U2V2_RAT,tr|Q5ZME5|Q5ZME5_CHICK
SERC	Q5U2V2	Q5ZME5	FP	TN	Family0038727	p0_c0_r1	both_directions	direct_edge	1	3.104181453762964	24848626	tr|Q5U2V2|Q5U2V2_RAT,tr|Q5ZME5|Q5ZME5_CHICK
SERC	Q5U2V2	Q7SZW7	FP	TN	Family0038727	p0_c0_r0	both_directions	direct_edge	1	3.173241703301779	24848630	tr|Q5U2V2|Q5U2V2_RAT,tr|Q7SZW7|Q7SZW7_DANRE
SERC	Q5U2V2	Q7SZW7	FP	TN	Family0038727	p0_c0_r1	both_directions	direct_edge	1	3.173241703301779	24848630	tr|Q5U2V2|Q5U2V2_RAT,tr|Q7SZW7|Q7SZW7_DANRE
SERC	Q5U2V2	Q803X0	FP	TN	Family0038727	p0_c0_r0	both_directions	direct_edge	1	1.51085485326015	5886896	tr|Q5U2V2|Q5U2V2_RAT,sp|Q803X0|SERC5_DANRE
SERC	Q5U2V2	Q803X0	FP	TN	Family0038727	p0_c0_r1	both_directions	direct_edge	1	1.51085485326015	5886896	tr|Q5U2V2|Q5U2V2_RAT,sp|Q803X0|SERC5_DANRE
SERC	Q5U2V2	Q86VE9	FP	TN	Family0038727	p0_c0_r0	no_direct_hit	indirect_path	2			tr|Q5U2V2|Q5U2V2_RAT,sp|A7S4N4|SERIC_NEMVE,sp|Q86VE9|SERC5_HUMAN
SERC	Q5U2V2	Q86VE9	FP	TN	Family0038727	p0_c0_r1	no_direct_hit	indirect_path	2			tr|Q5U2V2|Q5U2V2_RAT,sp|A7S4N4|SERIC_NEMVE,sp|Q86VE9|SERC5_HUMAN
SERC	Q5U2V2	Q8BHJ6	FP	TN	Family0038727	p0_c0_r0	both_directions	direct_edge	1	1.4491896842153065	6036490	tr|Q5U2V2|Q5U2V2_RAT,sp|Q8BHJ6|SERC5_MOUSE
SERC	Q5U2V2	Q8BHJ6	FP	TN	Family0038727	p0_c0_r1	both_directions	direct_edge	1	1.4491896842153065	6036490	tr|Q5U2V2|Q5U2V2_RAT,sp|Q8BHJ6|SERC5_MOUSE
SERC	Q5U2V2	Q96SA4	FP	TN	Family0038727	p0_c0_r0	both_directions	direct_edge	1	2.548432881373587	6851980	tr|Q5U2V2|Q5U2V2_RAT,sp|Q96SA4|SERC2_HUMAN
SERC	Q5U2V2	Q96SA4	FP	TN	Family0038727	p0_c0_r1	both_directions	direct_edge	1	2.548432881373587	6851980	tr|Q5U2V2|Q5U2V2_RAT,sp|Q96SA4|SERC2_HUMAN
SERC	Q5U2V2	Q9NRX5	FP	TN	Family0038727	p0_c0_r0	both_directions	direct_edge	1	2.977925577531065	7508754	tr|Q5U2V2|Q5U2V2_RAT,sp|Q9NRX5|SERC1_HUMAN
SERC	Q5U2V2	Q9NRX5	FP	TN	Family0038727	p0_c0_r1	both_directions	direct_edge	1	2.977925577531065	7508754	tr|Q5U2V2|Q5U2V2_RAT,sp|Q9NRX5|SERC1_HUMAN
SERC	Q5U2V2	Q9QZI8	FP	TN	Family0038727	p0_c0_r0	both_directions	direct_edge	1	2.977925577531065	7600883	tr|Q5U2V2|Q5U2V2_RAT,sp|Q9QZI8|SERC1_MOUSE
SERC	Q5U2V2	Q9QZI8	FP	TN	Family0038727	p0_c0_r1	both_directions	direct_edge	1	2.977925577531065	7600883	tr|Q5U2V2|Q5U2V2_RAT,sp|Q9QZI8|SERC1_MOUSE
SERC	Q5XK03	Q5ZME5	FP	TN	Family0038727	p0_c0_r0	no_direct_hit	indirect_path	2			sp|Q5XK03|SERC4_MOUSE,sp|A7S4N4|SERIC_NEMVE,tr|Q5ZME5|Q5ZME5_CHICK
SERC	Q5XK03	Q5ZME5	FP	TN	Family0038727	p0_c0_r1	no_direct_hit	indirect_path	2			sp|Q5XK03|SERC4_MOUSE,sp|A7S4N4|SERIC_NEMVE,tr|Q5ZME5|Q5ZME5_CHICK
SERC	Q5XK03	Q63175	FP	TN	Family0038727	p0_c0_r0	no_direct_hit	indirect_path	2			sp|Q5XK03|SERC4_MOUSE,sp|A7S4N4|SERIC_NEMVE,sp|Q63175|SERC5_RAT
SERC	Q5XK03	Q63175	FP	TN	Family0038727	p0_c0_r1	no_direct_hit	indirect_path	2			sp|Q5XK03|SERC4_MOUSE,sp|A7S4N4|SERIC_NEMVE,sp|Q63175|SERC5_RAT
SERC	Q5XK03	Q7QCD1	TP	FN	Family0038727	p0_c0_r0	no_direct_hit	indirect_path	2			sp|Q5XK03|SERC4_MOUSE,sp|A7S4N4|SERIC_NEMVE,tr|Q7QCD1|Q7QCD1_ANOGA
SERC	Q5XK03	Q7QCD1	TP	FN	Family0038727	p0_c0_r1	no_direct_hit	indirect_path	2			sp|Q5XK03|SERC4_MOUSE,sp|A7S4N4|SERIC_NEMVE,tr|Q7QCD1|Q7QCD1_ANOGA
SERC	Q5XK03	Q7SZW7	FP	TN	Family0038727	p0_c0_r0	both_directions	direct_edge	1	1.1973562134880735	5152121	sp|Q5XK03|SERC4_MOUSE,tr|Q7SZW7|Q7SZW7_DANRE
SERC	Q5XK03	Q7SZW7	FP	TN	Family0038727	p0_c0_r1	both_directions	direct_edge	1	1.1973562134880735	5152121	sp|Q5XK03|SERC4_MOUSE,tr|Q7SZW7|Q7SZW7_DANRE
SERC	Q5XK03	Q7TNK0	FP	TN	Family0038727	p0_c0_r0	no_direct_hit	indirect_path	2			sp|Q5XK03|SERC4_MOUSE,sp|A7S4N4|SERIC_NEMVE,sp|Q7TNK0|SERC1_RAT
SERC	Q5XK03	Q7TNK0	FP	TN	Family0038727	p0_c0_r1	no_direct_hit	indirect_path	2			sp|Q5XK03|SERC4_MOUSE,sp|A7S4N4|SERIC_NEMVE,sp|Q7TNK0|SERC1_RAT
SERC	Q5XK03	Q803X0	FP	TN	Family0038727	p0_c0_r0	no_direct_hit	indirect_path	2			sp|Q5XK03|SERC4_MOUSE,sp|A7S4N4|SERIC_NEMVE,sp|Q803X0|SERC5_DANRE
SERC	Q5XK03	Q803X0	FP	TN	Family0038727	p0_c0_r1	no_direct_hit	indirect_path	2			sp|Q5XK03|SERC4_MOUSE,sp|A7S4N4|SERIC_NEMVE,sp|Q803X0|SERC5_DANRE
SERC	Q5XK03	Q86VE9	FP	TN	Family0038727	p0_c0_r0	no_direct_hit	indirect_path	2			sp|Q5XK03|SERC4_MOUSE,sp|A7S4N4|SERIC_NEMVE,sp|Q86VE9|SERC5_HUMAN
SERC	Q5XK03	Q86VE9	FP	TN	Family0038727	p0_c0_r1	no_direct_hit	indirect_path	2			sp|Q5XK03|SERC4_MOUSE,sp|A7S4N4|SERIC_NEMVE,sp|Q86VE9|SERC5_HUMAN
SERC	Q5XK03	Q95XV3	TP	FN	Family0038727	p0_c0_r0	both_directions	direct_edge	1	0.9048561894549588	5152122	sp|Q5XK03|SERC4_MOUSE,tr|Q95XV3|Q95XV3_CAEEL
SERC	Q5XK03	Q95XV3	TP	FN	Family0038727	p0_c0_r1	both_directions	direct_edge	1	0.9048561894549588	5152122	sp|Q5XK03|SERC4_MOUSE,tr|Q95XV3|Q95XV3_CAEEL
SERC	Q5XK03	Q96SA4	FP	TN	Family0038727	p0_c0_r0	no_direct_hit	indirect_path	2			sp|Q5XK03|SERC4_MOUSE,sp|A7S4N4|SERIC_NEMVE,sp|Q96SA4|SERC2_HUMAN
SERC	Q5XK03	Q96SA4	FP	TN	Family0038727	p0_c0_r1	no_direct_hit	indirect_path	2			sp|Q5XK03|SERC4_MOUSE,sp|A7S4N4|SERIC_NEMVE,sp|Q96SA4|SERC2_HUMAN
SERC	Q5XK03	Q9NRX5	FP	TN	Family0038727	p0_c0_r0	no_direct_hit	indirect_path	2			sp|Q5XK03|SERC4_MOUSE,sp|A7S4N4|SERIC_NEMVE,sp|Q9NRX5|SERC1_HUMAN
SERC	Q5XK03	Q9NRX5	FP	TN	Family0038727	p0_c0_r1	no_direct_hit	indirect_path	2			sp|Q5XK03|SERC4_MOUSE,sp|A7S4N4|SERIC_NEMVE,sp|Q9NRX5|SERC1_HUMAN
SERC	Q5ZME5	Q63175	FP	TN	Family0038727	p0_c0_r0	no_direct_hit	indirect_path	2			tr|Q5ZME5|Q5ZME5_CHICK,sp|A4FUZ5|SERC3_BOVIN,sp|Q63175|SERC5_RAT
SERC	Q5ZME5	Q63175	FP	TN	Family0038727	p0_c0_r1	no_direct_hit	indirect_path	2			tr|Q5ZME5|Q5ZME5_CHICK,sp|A4FUZ5|SERC3_BOVIN,sp|Q63175|SERC5_RAT
SERC	Q5ZME5	Q803X0	FP	TN	Family0038727	p0_c0_r0	both_directions	direct_edge	1	1.7415862600291505	5886898	tr|Q5ZME5|Q5ZME5_CHICK,sp|Q803X0|SERC5_DANRE
SERC	Q5ZME5	Q803X0	FP	TN	Family0038727	p0_c0_r1	both_directions	direct_edge	1	1.7415862600291505	5886898	tr|Q5ZME5|Q5ZME5_CHICK,sp|Q803X0|SERC5_DANRE
SERC	Q5ZME5	Q86VE9	FP	TN	Family0038727	p0_c0_r0	no_direct_hit	indirect_path	2			tr|Q5ZME5|Q5ZME5_CHICK,sp|A7S4N4|SERIC_NEMVE,sp|Q86VE9|SERC5_HUMAN
SERC	Q5ZME5	Q86VE9	FP	TN	Family0038727	p0_c0_r1	no_direct_hit	indirect_path	2			tr|Q5ZME5|Q5ZME5_CHICK,sp|A7S4N4|SERIC_NEMVE,sp|Q86VE9|SERC5_HUMAN
SERC	Q5ZME5	Q8BHJ6	FP	TN	Family0038727	p0_c0_r0	both_directions	direct_edge	1	1.6919739696312364	6036491	tr|Q5ZME5|Q5ZME5_CHICK,sp|Q8BHJ6|SERC5_MOUSE
SERC	Q5ZME5	Q8BHJ6	FP	TN	Family0038727	p0_c0_r1	both_directions	direct_edge	1	1.6919739696312364	6036491	tr|Q5ZME5|Q5ZME5_CHICK,sp|Q8BHJ6|SERC5_MOUSE
SERC	Q5ZME5	Q96SA4	FP	TN	Family0038727	p0_c0_r0	both_directions	direct_edge	1	3.067751401715198	6851981	tr|Q5ZME5|Q5ZME5_CHICK,sp|Q96SA4|SERC2_HUMAN
SERC	Q5ZME5	Q96SA4	FP	TN	Family0038727	p0_c0_r1	both_directions	direct_edge	1	3.067751401715198	6851981	tr|Q5ZME5|Q5ZME5_CHICK,sp|Q96SA4|SERC2_HUMAN
SERC	Q63175	Q7QCD1	TP	FN	Family0038727	p0_c0_r0	no_direct_hit	indirect_path	2			sp|Q63175|SERC5_RAT,sp|A4FUZ5|SERC3_BOVIN,tr|Q7QCD1|Q7QCD1_ANOGA
SERC	Q63175	Q7QCD1	TP	FN	Family0038727	p0_c0_r1	no_direct_hit	indirect_path	2			sp|Q63175|SERC5_RAT,sp|A4FUZ5|SERC3_BOVIN,tr|Q7QCD1|Q7QCD1_ANOGA
SERC	Q63175	Q7SZW7	FP	TN	Family0038727	p0_c0_r0	both_directions	direct_edge	1	1.6822643256465926	5270426	sp|Q63175|SERC5_RAT,tr|Q7SZW7|Q7SZW7_DANRE
SERC	Q63175	Q7SZW7	FP	TN	Family0038727	p0_c0_r1	both_directions	direct_edge	1	1.6822643256465926	5270426	sp|Q63175|SERC5_RAT,tr|Q7SZW7|Q7SZW7_DANRE
SERC	Q63175	Q95XV3	TP	FN	Family0038727	p0_c0_r0	no_direct_hit	indirect_path	2			sp|Q63175|SERC5_RAT,sp|A4FUZ5|SERC3_BOVIN,tr|Q95XV3|Q95XV3_CAEEL
SERC	Q63175	Q95XV3	TP	FN	Family0038727	p0_c0_r1	no_direct_hit	indirect_path	2			sp|Q63175|SERC5_RAT,sp|A4FUZ5|SERC3_BOVIN,tr|Q95XV3|Q95XV3_CAEEL
SERC	Q63175	Q96SA4	FP	TN	Family0038727	p0_c0_r0	no_direct_hit	indirect_path	2			sp|Q63175|SERC5_RAT,sp|A4FUZ5|SERC3_BOVIN,sp|Q96SA4|SERC2_HUMAN
SERC	Q63175	Q96SA4	FP	TN	Family0038727	p0_c0_r1	no_direct_hit	indirect_path	2			sp|Q63175|SERC5_RAT,sp|A4FUZ5|SERC3_BOVIN,sp|Q96SA4|SERC2_HUMAN
SERC	Q63175	Q9NRX5	FP	TN	Family0038727	p0_c0_r0	both_directions	direct_edge	1	1.6626994726720283	5270378	sp|Q63175|SERC5_RAT,sp|Q9NRX5|SERC1_HUMAN
SERC	Q63175	Q9NRX5	FP	TN	Family0038727	p0_c0_r1	both_directions	direct_edge	1	1.6626994726720283	5270378	sp|Q63175|SERC5_RAT,sp|Q9NRX5|SERC1_HUMAN
SERC	Q63175	Q9QZI8	FP	TN	Family0038727	p0_c0_r0	both_directions	direct_edge	1	1.6407930237567183	5270379	sp|Q63175|SERC5_RAT,sp|Q9QZI8|SERC1_MOUSE
SERC	Q63175	Q9QZI8	FP	TN	Family0038727	p0_c0_r1	both_directions	direct_edge	1	1.6407930237567183	5270379	sp|Q63175|SERC5_RAT,sp|Q9QZI8|SERC1_MOUSE
SERC	Q7QCD1	Q803X0	TP	FN	Family0038727	p0_c0_r0	one_direction	direct_edge	1	1.5383328644848224	5886901	tr|Q7QCD1|Q7QCD1_ANOGA,sp|Q803X0|SERC5_DANRE
SERC	Q7QCD1	Q803X0	TP	FN	Family0038727	p0_c0_r1	one_direction	direct_edge	1	1.5383328644848224	5886901	tr|Q7QCD1|Q7QCD1_ANOGA,sp|Q803X0|SERC5_DANRE
SERC	Q7QCD1	Q86VE9	TP	FN	Family0038727	p0_c0_r0	both_directions	direct_edge	1	1.3760180852655124	5980865	tr|Q7QCD1|Q7QCD1_ANOGA,sp|Q86VE9|SERC5_HUMAN
SERC	Q7QCD1	Q86VE9	TP	FN	Family0038727	p0_c0_r1	both_directions	direct_edge	1	1.3760180852655124	5980865	tr|Q7QCD1|Q7QCD1_ANOGA,sp|Q86VE9|SERC5_HUMAN
SERC	Q7QCD1	Q8BHJ6	TP	FN	Family0038727	p0_c0_r0	no_direct_hit	indirect_path	2			tr|Q7QCD1|Q7QCD1_ANOGA,sp|A4FUZ5|SERC3_BOVIN,sp|Q8BHJ6|SERC5_MOUSE
SERC	Q7QCD1	Q8BHJ6	TP	FN	Family0038727	p0_c0_r1	no_direct_hit	indirect_path	2			tr|Q7QCD1|Q7QCD1_ANOGA,sp|A4FUZ5|SERC3_BOVIN,sp|Q8BHJ6|SERC5_MOUSE
SERC	Q7SZW7	Q86VE9	FP	TN	Family0038727	p0_c0_r0	both_directions	direct_edge	1	1.6045116964872401	5980866	tr|Q7SZW7|Q7SZW7_DANRE,sp|Q86VE9|SERC5_HUMAN
SERC	Q7SZW7	Q86VE9	FP	TN	Family0038727	p0_c0_r1	both_directions	direct_edge	1	1.6045116964872401	5980866	tr|Q7SZW7|Q7SZW7_DANRE,sp|Q86VE9|SERC5_HUMAN
SERC	Q7SZW7	Q8BHJ6	FP	TN	Family0038727	p0_c0_r0	both_directions	direct_edge	1	1.7652215624377317	6036495	tr|Q7SZW7|Q7SZW7_DANRE,sp|Q8BHJ6|SERC5_MOUSE
SERC	Q7SZW7	Q8BHJ6	FP	TN	Family0038727	p0_c0_r1	both_directions	direct_edge	1	1.7652215624377317	6036495	tr|Q7SZW7|Q7SZW7_DANRE,sp|Q8BHJ6|SERC5_MOUSE
SERC	Q7SZW7	Q96SA4	FP	TN	Family0038727	p0_c0_r0	both_directions	direct_edge	1	2.9978405245404938	6851986	tr|Q7SZW7|Q7SZW7_DANRE,sp|Q96SA4|SERC2_HUMAN
SERC	Q7SZW7	Q96SA4	FP	TN	Family0038727	p0_c0_r1	both_directions	direct_edge	1	2.9978405245404938	6851986	tr|Q7SZW7|Q7SZW7_DANRE,sp|Q96SA4|SERC2_HUMAN
SERC	Q7TNK0	Q803X0	FP	TN	Family0038727	p0_c0_r0	both_directions	direct_edge	1	1.7437533336586752	5812667	sp|Q7TNK0|SERC1_RAT,sp|Q803X0|SERC5_DANRE
SERC	Q7TNK0	Q803X0	FP	TN	Family0038727	p0_c0_r1	both_directions	direct_edge	1	1.7437533336586752	5812667	sp|Q7TNK0|SERC1_RAT,sp|Q803X0|SERC5_DANRE
SERC	Q7TNK0	Q86VE9	FP	TN	Family0038727	p0_c0_r0	both_directions	direct_edge	1	1.5991115324237517	5812668	sp|Q7TNK0|SERC1_RAT,sp|Q86VE9|SERC5_HUMAN
SERC	Q7TNK0	Q86VE9	FP	TN	Family0038727	p0_c0_r1	both_directions	direct_edge	1	1.5991115324237517	5812668	sp|Q7TNK0|SERC1_RAT,sp|Q86VE9|SERC5_HUMAN
SERC	Q7TNK0	Q8BHJ6	FP	TN	Family0038727	p0_c0_r0	no_direct_hit	indirect_path	2			sp|Q7TNK0|SERC1_RAT,sp|A4FUZ5|SERC3_BOVIN,sp|Q8BHJ6|SERC5_MOUSE
SERC	Q7TNK0	Q8BHJ6	FP	TN	Family0038727	p0_c0_r1	no_direct_hit	indirect_path	2			sp|Q7TNK0|SERC1_RAT,sp|A4FUZ5|SERC3_BOVIN,sp|Q8BHJ6|SERC5_MOUSE
SERC	Q7TNK0	Q96SA4	FP	TN	Family0038727	p0_c0_r0	both_directions	direct_edge	1	2.951549010151056	5812670	sp|Q7TNK0|SERC1_RAT,sp|Q96SA4|SERC2_HUMAN
SERC	Q7TNK0	Q96SA4	FP	TN	Family0038727	p0_c0_r1	both_directions	direct_edge	1	2.951549010151056	5812670	sp|Q7TNK0|SERC1_RAT,sp|Q96SA4|SERC2_HUMAN
SERC	Q803X0	Q95XV3	TP	FN	Family0038727	p0_c0_r0	both_directions	direct_edge	1	1.5125144971854876	5886904	sp|Q803X0|SERC5_DANRE,tr|Q95XV3|Q95XV3_CAEEL
SERC	Q803X0	Q95XV3	TP	FN	Family0038727	p0_c0_r1	both_directions	direct_edge	1	1.5125144971854876	5886904	sp|Q803X0|SERC5_DANRE,tr|Q95XV3|Q95XV3_CAEEL
SERC	Q803X0	Q96SA4	FP	TN	Family0038727	p0_c0_r0	both_directions	direct_edge	1	1.6524836886145424	5886839	sp|Q803X0|SERC5_DANRE,sp|Q96SA4|SERC2_HUMAN
SERC	Q803X0	Q96SA4	FP	TN	Family0038727	p0_c0_r1	both_directions	direct_edge	1	1.6524836886145424	5886839	sp|Q803X0|SERC5_DANRE,sp|Q96SA4|SERC2_HUMAN
SERC	Q803X0	Q9NRX5	FP	TN	Family0038727	p0_c0_r0	both_directions	direct_edge	1	1.7481346234417372	5886841	sp|Q803X0|SERC5_DANRE,sp|Q9NRX5|SERC1_HUMAN
SERC	Q803X0	Q9NRX5	FP	TN	Family0038727	p0_c0_r1	both_directions	direct_edge	1	1.7481346234417372	5886841	sp|Q803X0|SERC5_DANRE,sp|Q9NRX5|SERC1_HUMAN
SERC	Q803X0	Q9QZI8	FP	TN	Family0038727	p0_c0_r0	both_directions	direct_edge	1	1.7459439785502062	5886842	sp|Q803X0|SERC5_DANRE,sp|Q9QZI8|SERC1_MOUSE
SERC	Q803X0	Q9QZI8	FP	TN	Family0038727	p0_c0_r1	both_directions	direct_edge	1	1.7459439785502062	5886842	sp|Q803X0|SERC5_DANRE,sp|Q9QZI8|SERC1_MOUSE
SERC	Q84SS3	Q9S9L9	FP	TN	Family0038727	p0_c0_r0	both_directions	direct_edge	1	3.5344430570062215	25207151	tr|Q84SS3|Q84SS3_ORYSJ,tr|Q9S9L9|Q9S9L9_ARATH
SERC	Q84SS3	Q9S9L9	FP	TN	Family0038727	p0_c0_r1	both_directions	direct_edge	1	3.5344430570062215	25207151	tr|Q84SS3|Q84SS3_ORYSJ,tr|Q9S9L9|Q9S9L9_ARATH
SERC	Q86VE9	Q95XV3	TP	FN	Family0038727	p0_c0_r0	one_direction	direct_edge	1	1.373026274928968	5980868	sp|Q86VE9|SERC5_HUMAN,tr|Q95XV3|Q95XV3_CAEEL
SERC	Q86VE9	Q95XV3	TP	FN	Family0038727	p0_c0_r1	one_direction	direct_edge	1	1.373026274928968	5980868	sp|Q86VE9|SERC5_HUMAN,tr|Q95XV3|Q95XV3_CAEEL
SERC	Q86VE9	Q9QZI8	FP	TN	Family0038727	p0_c0_r0	both_directions	direct_edge	1	1.5899737522384731	5980843	sp|Q86VE9|SERC5_HUMAN,sp|Q9QZI8|SERC1_MOUSE
SERC	Q86VE9	Q9QZI8	FP	TN	Family0038727	p0_c0_r1	both_directions	direct_edge	1	1.5899737522384731	5980843	sp|Q86VE9|SERC5_HUMAN,sp|Q9QZI8|SERC1_MOUSE
SERC	Q8BHJ6	Q95XV3	TP	FN	Family0038727	p0_c0_r0	both_directions	direct_edge	1	1.519568808059082	6036496	sp|Q8BHJ6|SERC5_MOUSE,tr|Q95XV3|Q95XV3_CAEEL
SERC	Q8BHJ6	Q95XV3	TP	FN	Family0038727	p0_c0_r1	both_directions	direct_edge	1	1.519568808059082	6036496	sp|Q8BHJ6|SERC5_MOUSE,tr|Q95XV3|Q95XV3_CAEEL
SERC	Q8BHJ6	Q96SA4	FP	TN	Family0038727	p0_c0_r0	both_directions	direct_edge	1	1.607021374848673	6036438	sp|Q8BHJ6|SERC5_MOUSE,sp|Q96SA4|SERC2_HUMAN
SERC	Q8BHJ6	Q96SA4	FP	TN	Family0038727	p0_c0_r1	both_directions	direct_edge	1	1.607021374848673	6036438	sp|Q8BHJ6|SERC5_MOUSE,sp|Q96SA4|SERC2_HUMAN
SERC	Q8BHJ6	Q9NRX5	FP	TN	Family0038727	p0_c0_r0	no_direct_hit	indirect_path	2			sp|Q8BHJ6|SERC5_MOUSE,sp|A4FUZ5|SERC3_BOVIN,sp|Q9NRX5|SERC1_HUMAN
SERC	Q8BHJ6	Q9NRX5	FP	TN	Family0038727	p0_c0_r1	no_direct_hit	indirect_path	2			sp|Q8BHJ6|SERC5_MOUSE,sp|A4FUZ5|SERC3_BOVIN,sp|Q9NRX5|SERC1_HUMAN
SERC	Q96SA4	Q9QZI8	FP	TN	Family0038727	p0_c0_r0	both_directions	direct_edge	1	2.953751658666094	6851921	sp|Q96SA4|SERC2_HUMAN,sp|Q9QZI8|SERC1_MOUSE
SERC	Q96SA4	Q9QZI8	FP	TN	Family0038727	p0_c0_r1	both_directions	direct_edge	1	2.953751658666094	6851921	sp|Q96SA4|SERC2_HUMAN,sp|Q9QZI8|SERC1_MOUSE
SUMF	A9V4V4	F1NWF3	FP	TN	Family0074956	p0_c0_r0	no_direct_hit	indirect_path	2			tr|A9V4V4|A9V4V4_MONBE,sp|Q9F3C7|FGE_STRCO,tr|F1NWF3|F1NWF3_CHICK
SUMF	A9V4V4	F1NWF3	FP	TN	Family0074956	p0_c0_r1	no_direct_hit	indirect_path	2			tr|A9V4V4|A9V4V4_MONBE,sp|Q9F3C7|FGE_STRCO,tr|F1NWF3|F1NWF3_CHICK
SUMF	A9V4V4	F7EQ26	FP	TN	Family0074956	p0_c0_r0	no_direct_hit	indirect_path	2			tr|A9V4V4|A9V4V4_MONBE,sp|I6Y8I5|FGE_MYCTU,tr|F7EQ26|F7EQ26_MONDO
SUMF	A9V4V4	F7EQ26	FP	TN	Family0074956	p0_c0_r1	no_direct_hit	indirect_path	2			tr|A9V4V4|A9V4V4_MONBE,sp|I6Y8I5|FGE_MYCTU,tr|F7EQ26|F7EQ26_MONDO
SUMF	A9V4V4	H2LCF1	FP	TN	Family0074956	p0_c0_r0	one_direction	direct_edge	1	1.083458740035157	17983059	tr|A9V4V4|A9V4V4_MONBE,tr|H2LCF1|H2LCF1_ORYLA
SUMF	A9V4V4	H2LCF1	FP	TN	Family0074956	p0_c0_r1	one_direction	direct_edge	1	1.083458740035157	17983059	tr|A9V4V4|A9V4V4_MONBE,tr|H2LCF1|H2LCF1_ORYLA
SUMF	A9V4V4	Q58CP2	FP	TN	Family0074956	p0_c0_r0	no_direct_hit	indirect_path	2			tr|A9V4V4|A9V4V4_MONBE,sp|I6Y8I5|FGE_MYCTU,sp|Q58CP2|SUMF2_BOVIN
SUMF	A9V4V4	Q58CP2	FP	TN	Family0074956	p0_c0_r1	no_direct_hit	indirect_path	2			tr|A9V4V4|A9V4V4_MONBE,sp|I6Y8I5|FGE_MYCTU,sp|Q58CP2|SUMF2_BOVIN
SUMF	A9V4V4	Q5XJ75	FP	TN	Family0074956	p0_c0_r0	no_direct_hit	indirect_path	2			tr|A9V4V4|A9V4V4_MONBE,sp|Q9F3C7|FGE_STRCO,tr|Q5XJ75|Q5XJ75_DANRE
SUMF	A9V4V4	Q5XJ75	FP	TN	Family0074956	p0_c0_r1	no_direct_hit	indirect_path	2			tr|A9V4V4|A9V4V4_MONBE,sp|Q9F3C7|FGE_STRCO,tr|Q5XJ75|Q5XJ75_DANRE
SUMF	A9V4V4	Q8NBJ7	FP	TN	Family0074956	p0_c0_r0	no_direct_hit	indirect_path	2			tr|A9V4V4|A9V4V4_MONBE,sp|I6Y8I5|FGE_MYCTU,sp|Q8NBJ7|SUMF2_HUMAN
SUMF	A9V4V4	Q8NBJ7	FP	TN	Family0074956	p0_c0_r1	no_direct_hit	indirect_path	2			tr|A9V4V4|A9V4V4_MONBE,sp|I6Y8I5|FGE_MYCTU,sp|Q8NBJ7|SUMF2_HUMAN
SUMF	A9V5J3	F5HMR5	FP	TN	Family0074956	p0_c0_r0	both_directions	direct_edge	1	1.2545213802607809	17990164	tr|A9V5J3|A9V5J3_MONBE,tr|F5HMR5|F5HMR5_ANOGA
SUMF	A9V5J3	F5HMR5	FP	TN	Family0074956	p0_c0_r1	both_directions	direct_edge	1	1.2545213802607809	17990164	tr|A9V5J3|A9V5J3_MONBE,tr|F5HMR5|F5HMR5_ANOGA
SUMF	A9V5J3	H2MHZ5	FP	TN	Family0074956	p0_c0_r0	both_directions	direct_edge	1	1.3242557840698723	17990167	tr|A9V5J3|A9V5J3_MONBE,tr|H2MHZ5|H2MHZ5_ORYLA
SUMF	A9V5J3	H2MHZ5	FP	TN	Family0074956	p0_c0_r1	both_directions	direct_edge	1	1.3242557840698723	17990167	tr|A9V5J3|A9V5J3_MONBE,tr|H2MHZ5|H2MHZ5_ORYLA
SUMF	A9V5J3	Q8NBK3	FP	TN	Family0074956	p0_c0_r0	no_direct_hit	indirect_path	2			tr|A9V5J3|A9V5J3_MONBE,tr|A9A3C4|A9A3C4_NITMS,sp|Q8NBK3|SUMF1_HUMAN
SUMF	A9V5J3	Q8NBK3	FP	TN	Family0074956	p0_c0_r1	no_direct_hit	indirect_path	2			tr|A9V5J3|A9V5J3_MONBE,tr|A9A3C4|A9A3C4_NITMS,sp|Q8NBK3|SUMF1_HUMAN
SUMF	A9V5J3	Q9W0U6	FP	TN	Family0074956	p0_c0_r0	both_directions	direct_edge	1	1.1587350850623699	17990172	tr|A9V5J3|A9V5J3_MONBE,tr|Q9W0U6|Q9W0U6_DROME
SUMF	A9V5J3	Q9W0U6	FP	TN	Family0074956	p0_c0_r1	both_directions	direct_edge	1	1.1587350850623699	17990172	tr|A9V5J3|A9V5J3_MONBE,tr|Q9W0U6|Q9W0U6_DROME
SUMF	F1NWF3	F5HMR5	FP	TN	Family0074956	p0_c0_r0	no_direct_hit	indirect_path	2			tr|F1NWF3|F1NWF3_CHICK,tr|A7TD39|A7TD39_NEMVE,tr|F5HMR5|F5HMR5_ANOGA
SUMF	F1NWF3	F5HMR5	FP	TN	Family0074956	p0_c0_r1	no_direct_hit	indirect_path	2			tr|F1NWF3|F1NWF3_CHICK,tr|A7TD39|A7TD39_NEMVE,tr|F5HMR5|F5HMR5_ANOGA
SUMF	F1NWF3	H2MHZ5	FP	TN	Family0074956	p0_c0_r0	no_direct_hit	indirect_path	2			tr|F1NWF3|F1NWF3_CHICK,tr|A7TD39|A7TD39_NEMVE,tr|H2MHZ5|H2MHZ5_ORYLA
SUMF	F1NWF3	H2MHZ5	FP	TN	Family0074956	p0_c0_r1	no_direct_hit	indirect_path	2			tr|F1NWF3|F1NWF3_CHICK,tr|A7TD39|A7TD39_NEMVE,tr|H2MHZ5|H2MHZ5_ORYLA
SUMF	F1NWF3	Q8NBK3	FP	TN	Family0074956	p0_c0_r0	no_direct_hit	indirect_path	2			tr|F1NWF3|F1NWF3_CHICK,tr|A7TD39|A7TD39_NEMVE,sp|Q8NBK3|SUMF1_HUMAN
SUMF	F1NWF3	Q8NBK3	FP	TN	Family0074956	p0_c0_r1	no_direct_hit	indirect_path	2			tr|F1NWF3|F1NWF3_CHICK,tr|A7TD39|A7TD39_NEMVE,sp|Q8NBK3|SUMF1_HUMAN
SUMF	F1NWF3	Q9W0U6	FP	TN	Family0074956	p0_c0_r0	both_directions	direct_edge	1	1.6395551753045279	21569325	tr|F1NWF3|F1NWF3_CHICK,tr|Q9W0U6|Q9W0U6_DROME
SUMF	F1NWF3	Q9W0U6	FP	TN	Family0074956	p0_c0_r1	both_directions	direct_edge	1	1.6395551753045279	21569325	tr|F1NWF3|F1NWF3_CHICK,tr|Q9W0U6|Q9W0U6_DROME
SUMF	F5HMR5	F7EQ26	FP	TN	Family0074956	p0_c0_r0	both_directions	direct_edge	1	1.8163556957248903	22041657	tr|F5HMR5|F5HMR5_ANOGA,tr|F7EQ26|F7EQ26_MONDO
SUMF	F5HMR5	F7EQ26	FP	TN	Family0074956	p0_c0_r1	both_directions	direct_edge	1	1.8163556957248903	22041657	tr|F5HMR5|F5HMR5_ANOGA,tr|F7EQ26|F7EQ26_MONDO
SUMF	F5HMR5	H2LCF1	FP	TN	Family0074956	p0_c0_r0	no_direct_hit	indirect_path	2			tr|F5HMR5|F5HMR5_ANOGA,tr|A7TD39|A7TD39_NEMVE,tr|H2LCF1|H2LCF1_ORYLA
SUMF	F5HMR5	H2LCF1	FP	TN	Family0074956	p0_c0_r1	no_direct_hit	indirect_path	2			tr|F5HMR5|F5HMR5_ANOGA,tr|A7TD39|A7TD39_NEMVE,tr|H2LCF1|H2LCF1_ORYLA
SUMF	F5HMR5	Q58CP2	FP	TN	Family0074956	p0_c0_r0	no_direct_hit	indirect_path	2			tr|F5HMR5|F5HMR5_ANOGA,sp|I6Y8I5|FGE_MYCTU,sp|Q58CP2|SUMF2_BOVIN
SUMF	F5HMR5	Q58CP2	FP	TN	Family0074956	p0_c0_r1	no_direct_hit	indirect_path	2			tr|F5HMR5|F5HMR5_ANOGA,sp|I6Y8I5|FGE_MYCTU,sp|Q58CP2|SUMF2_BOVIN
SUMF	F5HMR5	Q5XJ75	FP	TN	Family0074956	p0_c0_r0	both_directions	direct_edge	1	1.675673980176242	22041659	tr|F5HMR5|F5HMR5_ANOGA,tr|Q5XJ75|Q5XJ75_DANRE
SUMF	F5HMR5	Q5XJ75	FP	TN	Family0074956	p0_c0_r1	both_directions	direct_edge	1	1.675673980176242	22041659	tr|F5HMR5|F5HMR5_ANOGA,tr|Q5XJ75|Q5XJ75_DANRE
SUMF	F5HMR5	Q8NBJ7	FP	TN	Family0074956	p0_c0_r0	no_direct_hit	indirect_path	2			tr|F5HMR5|F5HMR5_ANOGA,sp|I6Y8I5|FGE_MYCTU,sp|Q8NBJ7|SUMF2_HUMAN
SUMF	F5HMR5	Q8NBJ7	FP	TN	Family0074956	p0_c0_r1	no_direct_hit	indirect_path	2			tr|F5HMR5|F5HMR5_ANOGA,sp|I6Y8I5|FGE_MYCTU,sp|Q8NBJ7|SUMF2_HUMAN
SUMF	F7EQ26	H2MHZ5	FP	TN	Family0074956	p0_c0_r0	no_direct_hit	indirect_path	2			tr|F7EQ26|F7EQ26_MONDO,sp|I6Y8I5|FGE_MYCTU,tr|H2MHZ5|H2MHZ5_ORYLA
SUMF	F7EQ26	H2MHZ5	FP	TN	Family0074956	p0_c0_r1	no_direct_hit	indirect_path	2			tr|F7EQ26|F7EQ26_MONDO,sp|I6Y8I5|FGE_MYCTU,tr|H2MHZ5|H2MHZ5_ORYLA
SUMF	F7EQ26	Q8NBK3	FP	TN	Family0074956	p0_c0_r0	no_direct_hit	indirect_path	2			tr|F7EQ26|F7EQ26_MONDO,tr|A7TD39|A7TD39_NEMVE,sp|Q8NBK3|SUMF1_HUMAN
SUMF	F7EQ26	Q8NBK3	FP	TN	Family0074956	p0_c0_r1	no_direct_hit	indirect_path	2			tr|F7EQ26|F7EQ26_MONDO,tr|A7TD39|A7TD39_NEMVE,sp|Q8NBK3|SUMF1_HUMAN
SUMF	F7EQ26	Q9W0U6	FP	TN	Family0074956	p0_c0_r0	no_direct_hit	indirect_path	2			tr|F7EQ26|F7EQ26_MONDO,sp|I6Y8I5|FGE_MYCTU,tr|Q9W0U6|Q9W0U6_DROME
SUMF	F7EQ26	Q9W0U6	FP	TN	Family0074956	p0_c0_r1	no_direct_hit	indirect_path	2			tr|F7EQ26|F7EQ26_MONDO,sp|I6Y8I5|FGE_MYCTU,tr|Q9W0U6|Q9W0U6_DROME
SUMF	H2LCF1	Q8NBK3	FP	TN	Family0074956	p0_c0_r0	no_direct_hit	indirect_path	2			tr|H2LCF1|H2LCF1_ORYLA,tr|A7TD39|A7TD39_NEMVE,sp|Q8NBK3|SUMF1_HUMAN
SUMF	H2LCF1	Q8NBK3	FP	TN	Family0074956	p0_c0_r1	no_direct_hit	indirect_path	2			tr|H2LCF1|H2LCF1_ORYLA,tr|A7TD39|A7TD39_NEMVE,sp|Q8NBK3|SUMF1_HUMAN
SUMF	H2LCF1	Q9W0U6	FP	TN	Family0074956	p0_c0_r0	no_direct_hit	indirect_path	2			tr|H2LCF1|H2LCF1_ORYLA,tr|A9V4V4|A9V4V4_MONBE,tr|Q9W0U6|Q9W0U6_DROME
SUMF	H2LCF1	Q9W0U6	FP	TN	Family0074956	p0_c0_r1	no_direct_hit	indirect_path	2			tr|H2LCF1|H2LCF1_ORYLA,tr|A9V4V4|A9V4V4_MONBE,tr|Q9W0U6|Q9W0U6_DROME
SUMF	H2MHZ5	Q58CP2	FP	TN	Family0074956	p0_c0_r0	no_direct_hit	indirect_path	2			tr|H2MHZ5|H2MHZ5_ORYLA,sp|I6Y8I5|FGE_MYCTU,sp|Q58CP2|SUMF2_BOVIN
SUMF	H2MHZ5	Q58CP2	FP	TN	Family0074956	p0_c0_r1	no_direct_hit	indirect_path	2			tr|H2MHZ5|H2MHZ5_ORYLA,sp|I6Y8I5|FGE_MYCTU,sp|Q58CP2|SUMF2_BOVIN
SUMF	H2MHZ5	Q5XJ75	FP	TN	Family0074956	p0_c0_r0	no_direct_hit	indirect_path	2			tr|H2MHZ5|H2MHZ5_ORYLA,tr|A7TD39|A7TD39_NEMVE,tr|Q5XJ75|Q5XJ75_DANRE
SUMF	H2MHZ5	Q5XJ75	FP	TN	Family0074956	p0_c0_r1	no_direct_hit	indirect_path	2			tr|H2MHZ5|H2MHZ5_ORYLA,tr|A7TD39|A7TD39_NEMVE,tr|Q5XJ75|Q5XJ75_DANRE
SUMF	H2MHZ5	Q8NBJ7	FP	TN	Family0074956	p0_c0_r0	no_direct_hit	indirect_path	2			tr|H2MHZ5|H2MHZ5_ORYLA,sp|I6Y8I5|FGE_MYCTU,sp|Q8NBJ7|SUMF2_HUMAN
SUMF	H2MHZ5	Q8NBJ7	FP	TN	Family0074956	p0_c0_r1	no_direct_hit	indirect_path	2			tr|H2MHZ5|H2MHZ5_ORYLA,sp|I6Y8I5|FGE_MYCTU,sp|Q8NBJ7|SUMF2_HUMAN
SUMF	Q58CP2	Q8NBK3	FP	TN	Family0074956	p0_c0_r0	no_direct_hit	indirect_path	2			sp|Q58CP2|SUMF2_BOVIN,tr|A7TD39|A7TD39_NEMVE,sp|Q8NBK3|SUMF1_HUMAN
SUMF	Q58CP2	Q8NBK3	FP	TN	Family0074956	p0_c0_r1	no_direct_hit	indirect_path	2			sp|Q58CP2|SUMF2_BOVIN,tr|A7TD39|A7TD39_NEMVE,sp|Q8NBK3|SUMF1_HUMAN
SUMF	Q58CP2	Q9W0U6	FP	TN	Family0074956	p0_c0_r0	no_direct_hit	indirect_path	2			sp|Q58CP2|SUMF2_BOVIN,sp|I6Y8I5|FGE_MYCTU,tr|Q9W0U6|Q9W0U6_DROME
SUMF	Q58CP2	Q9W0U6	FP	TN	Family0074956	p0_c0_r1	no_direct_hit	indirect_path	2			sp|Q58CP2|SUMF2_BOVIN,sp|I6Y8I5|FGE_MYCTU,tr|Q9W0U6|Q9W0U6_DROME
SUMF	Q5XJ75	Q8NBK3	FP	TN	Family0074956	p0_c0_r0	no_direct_hit	indirect_path	2			tr|Q5XJ75|Q5XJ75_DANRE,tr|A0A1D5PSI9|A0A1D5PSI9_CHICK,sp|Q8NBK3|SUMF1_HUMAN
SUMF	Q5XJ75	Q8NBK3	FP	TN	Family0074956	p0_c0_r1	no_direct_hit	indirect_path	2			tr|Q5XJ75|Q5XJ75_DANRE,tr|A0A1D5PSI9|A0A1D5PSI9_CHICK,sp|Q8NBK3|SUMF1_HUMAN
SUMF	Q5XJ75	Q9W0U6	FP	TN	Family0074956	p0_c0_r0	no_direct_hit	indirect_path	2			tr|Q5XJ75|Q5XJ75_DANRE,tr|A9A3C4|A9A3C4_NITMS,tr|Q9W0U6|Q9W0U6_DROME
SUMF	Q5XJ75	Q9W0U6	FP	TN	Family0074956	p0_c0_r1	no_direct_hit	indirect_path	2			tr|Q5XJ75|Q5XJ75_DANRE,tr|A9A3C4|A9A3C4_NITMS,tr|Q9W0U6|Q9W0U6_DROME
SUMF	Q8NBJ7	Q9W0U6	FP	TN	Family0074956	p0_c0_r0	no_direct_hit	indirect_path	2			sp|Q8NBJ7|SUMF2_HUMAN,sp|I6Y8I5|FGE_MYCTU,tr|Q9W0U6|Q9W0U6_DROME
SUMF	Q8NBJ7	Q9W0U6	FP	TN	Family0074956	p0_c0_r1	no_direct_hit	indirect_path	2			sp|Q8NBJ7|SUMF2_HUMAN,sp|I6Y8I5|FGE_MYCTU,tr|Q9W0U6|Q9W0U6_DROME
TRFE	A5A6I6	D3ZAB1	FP	TN	Family0041654	p0_c0_r0	both_directions	direct_edge	1	2.567242637736787	146174	sp|A5A6I6|TRFE_PANTR,tr|D3ZAB1|D3ZAB1_RAT
TRFE	A5A6I6	D3ZAB1	FP	TN	Family0041654	p0_c0_r1	both_directions	direct_edge	1	2.567242637736787	146174	sp|A5A6I6|TRFE_PANTR,tr|D3ZAB1|D3ZAB1_RAT
TRFE	A5A6I6	D4ADK7	FP	TN	Family0041654	p0_c0_r0	both_directions	direct_edge	1	1.41977096952999	146175	sp|A5A6I6|TRFE_PANTR,tr|D4ADK7|D4ADK7_RAT
TRFE	A5A6I6	D4ADK7	FP	TN	Family0041654	p0_c0_r1	both_directions	direct_edge	1	1.41977096952999	146175	sp|A5A6I6|TRFE_PANTR,tr|D4ADK7|D4ADK7_RAT
TRFE	A5A6I6	E1BG25	FP	TN	Family0041654	p0_c0_r0	both_directions	direct_edge	1	1.4884278060713916	146176	sp|A5A6I6|TRFE_PANTR,tr|E1BG25|E1BG25_BOVIN
TRFE	A5A6I6	E1BG25	FP	TN	Family0041654	p0_c0_r1	both_directions	direct_edge	1	1.4884278060713916	146176	sp|A5A6I6|TRFE_PANTR,tr|E1BG25|E1BG25_BOVIN
TRFE	A5A6I6	E1BVL8	FP	TN	Family0041654	p0_c0_r0	both_directions	direct_edge	1	1.1257850278510617	146178	sp|A5A6I6|TRFE_PANTR,tr|E1BVL8|E1BVL8_CHICK
TRFE	A5A6I6	E1BVL8	FP	TN	Family0041654	p0_c0_r1	both_directions	direct_edge	1	1.1257850278510617	146178	sp|A5A6I6|TRFE_PANTR,tr|E1BVL8|E1BVL8_CHICK
TRFE	A5A6I6	E7F2E3	FP	TN	Family0041654	p0_c0_r0	both_directions	direct_edge	1	1.3879699224456368	146179	sp|A5A6I6|TRFE_PANTR,tr|E7F2E3|E7F2E3_DANRE
TRFE	A5A6I6	E7F2E3	FP	TN	Family0041654	p0_c0_r1	both_directions	direct_edge	1	1.3879699224456368	146179	sp|A5A6I6|TRFE_PANTR,tr|E7F2E3|E7F2E3_DANRE
TRFE	A5A6I6	F1NVN3	FP	TN	Family0041654	p0_c0_r0	both_directions	direct_edge	1	1.4671431117910496	146180	sp|A5A6I6|TRFE_PANTR,tr|F1NVN3|F1NVN3_CHICK
TRFE	A5A6I6	F1NVN3	FP	TN	Family0041654	p0_c0_r1	both_directions	direct_edge	1	1.4671431117910496	146180	sp|A5A6I6|TRFE_PANTR,tr|F1NVN3|F1NVN3_CHICK
TRFE	A5A6I6	F1PR54	FP	TN	Family0041654	p0_c0_r0	both_directions	direct_edge	1	3.203494967095931	146181	sp|A5A6I6|TRFE_PANTR,tr|F1PR54|F1PR54_CANLF
TRFE	A5A6I6	F1PR54	FP	TN	Family0041654	p0_c0_r1	both_directions	direct_edge	1	3.203494967095931	146181	sp|A5A6I6|TRFE_PANTR,tr|F1PR54|F1PR54_CANLF
TRFE	A5A6I6	F1R9Z0	FP	TN	Family0041654	p0_c0_r0	both_directions	direct_edge	1	1.150588785047727	146182	sp|A5A6I6|TRFE_PANTR,tr|F1R9Z0|F1R9Z0_DANRE
TRFE	A5A6I6	F1R9Z0	FP	TN	Family0041654	p0_c0_r1	both_directions	direct_edge	1	1.150588785047727	146182	sp|A5A6I6|TRFE_PANTR,tr|F1R9Z0|F1R9Z0_DANRE
TRFE	A5A6I6	G3QYG5	FP	TN	Family0041654	p0_c0_r0	both_directions	direct_edge	1	3.081749340955486	146184	sp|A5A6I6|TRFE_PANTR,tr|G3QYG5|G3QYG5_GORGO
TRFE	A5A6I6	G3QYG5	FP	TN	Family0041654	p0_c0_r1	both_directions	direct_edge	1	3.081749340955486	146184	sp|A5A6I6|TRFE_PANTR,tr|G3QYG5|G3QYG5_GORGO
TRFE	A5A6I6	G3RDQ3	FP	TN	Family0041654	p0_c0_r0	no_direct_hit	indirect_path	2			sp|A5A6I6|TRFE_PANTR,sp|P02789|TRFE_CHICK,tr|G3RDQ3|G3RDQ3_GORGO
TRFE	A5A6I6	G3RDQ3	FP	TN	Family0041654	p0_c0_r1	no_direct_hit	indirect_path	2			sp|A5A6I6|TRFE_PANTR,sp|P02789|TRFE_CHICK,tr|G3RDQ3|G3RDQ3_GORGO
TRFE	A5A6I6	H2M6H2	FP	TN	Family0041654	p0_c0_r0	both_directions	direct_edge	1	1.386504013321847	146187	sp|A5A6I6|TRFE_PANTR,tr|H2M6H2|H2M6H2_ORYLA
TRFE	A5A6I6	H2M6H2	FP	TN	Family0041654	p0_c0_r1	both_directions	direct_edge	1	1.386504013321847	146187	sp|A5A6I6|TRFE_PANTR,tr|H2M6H2|H2M6H2_ORYLA
TRFE	A5A6I6	P02788	FP	TN	Family0041654	p0_c0_r0	both_directions	direct_edge	1	3.095282872432454	146154	sp|A5A6I6|TRFE_PANTR,sp|P02788|TRFL_HUMAN
TRFE	A5A6I6	P02788	FP	TN	Family0041654	p0_c0_r1	both_directions	direct_edge	1	3.095282872432454	146154	sp|A5A6I6|TRFE_PANTR,sp|P02788|TRFL_HUMAN
TRFE	A5A6I6	P08071	FP	TN	Family0041654	p0_c0_r0	both_directions	direct_edge	1	2.8413394336077524	146156	sp|A5A6I6|TRFE_PANTR,sp|P08071|TRFL_MOUSE
TRFE	A5A6I6	P08071	FP	TN	Family0041654	p0_c0_r1	both_directions	direct_edge	1	2.8413394336077524	146156	sp|A5A6I6|TRFE_PANTR,sp|P08071|TRFL_MOUSE
TRFE	A5A6I6	P08582	FP	TN	Family0041654	p0_c0_r0	both_directions	direct_edge	1	1.4699297083946414	146157	sp|A5A6I6|TRFE_PANTR,sp|P08582|TRFM_HUMAN
TRFE	A5A6I6	P08582	FP	TN	Family0041654	p0_c0_r1	both_directions	direct_edge	1	1.4699297083946414	146157	sp|A5A6I6|TRFE_PANTR,sp|P08582|TRFM_HUMAN
TRFE	A5A6I6	P24627	FP	TN	Family0041654	p0_c0_r0	both_directions	direct_edge	1	3.102496679945038	146159	sp|A5A6I6|TRFE_PANTR,sp|P24627|TRFL_BOVIN
TRFE	A5A6I6	P24627	FP	TN	Family0041654	p0_c0_r1	both_directions	direct_edge	1	3.102496679945038	146159	sp|A5A6I6|TRFE_PANTR,sp|P24627|TRFL_BOVIN
TRFE	A5A6I6	Q9DBD0	FP	TN	Family0041654	p0_c0_r0	both_directions	direct_edge	1	3.1473565827313013	146165	sp|A5A6I6|TRFE_PANTR,sp|Q9DBD0|ICA_MOUSE
TRFE	A5A6I6	Q9DBD0	FP	TN	Family0041654	p0_c0_r1	both_directions	direct_edge	1	3.1473565827313013	146165	sp|A5A6I6|TRFE_PANTR,sp|Q9DBD0|ICA_MOUSE
TRFE	A5A6I6	Q9R0R1	FP	TN	Family0041654	p0_c0_r0	both_directions	direct_edge	1	1.4392771457551323	146166	sp|A5A6I6|TRFE_PANTR,sp|Q9R0R1|TRFM_MOUSE
TRFE	A5A6I6	Q9R0R1	FP	TN	Family0041654	p0_c0_r1	both_directions	direct_edge	1	1.4392771457551323	146166	sp|A5A6I6|TRFE_PANTR,sp|Q9R0R1|TRFM_MOUSE
TRFE	D3ZAB1	E1BG25	FP	TN	Family0041654	p0_c0_r0	both_directions	direct_edge	1	1.3594078130131189	20174392	tr|D3ZAB1|D3ZAB1_RAT,tr|E1BG25|E1BG25_BOVIN
TRFE	D3ZAB1	E1BG25	FP	TN	Family0041654	p0_c0_r1	both_directions	direct_edge	1	1.3594078130131189	20174392	tr|D3ZAB1|D3ZAB1_RAT,tr|E1BG25|E1BG25_BOVIN
TRFE	D3ZAB1	E1BVL8	FP	TN	Family0041654	p0_c0_r0	no_direct_hit	indirect_path	2			tr|D3ZAB1|D3ZAB1_RAT,sp|A5A6I6|TRFE_PANTR,tr|E1BVL8|E1BVL8_CHICK
TRFE	D3ZAB1	E1BVL8	FP	TN	Family0041654	p0_c0_r1	no_direct_hit	indirect_path	2			tr|D3ZAB1|D3ZAB1_RAT,sp|A5A6I6|TRFE_PANTR,tr|E1BVL8|E1BVL8_CHICK
TRFE	D3ZAB1	E7F2E3	FP	TN	Family0041654	p0_c0_r0	both_directions	direct_edge	1	1.2277123054645995	20174393	tr|D3ZAB1|D3ZAB1_RAT,tr|E7F2E3|E7F2E3_DANRE
TRFE	D3ZAB1	E7F2E3	FP	TN	Family0041654	p0_c0_r1	both_directions	direct_edge	1	1.2277123054645995	20174393	tr|D3ZAB1|D3ZAB1_RAT,tr|E7F2E3|E7F2E3_DANRE
TRFE	D3ZAB1	F1NVN3	FP	TN	Family0041654	p0_c0_r0	both_directions	direct_edge	1	1.3713880906090128	20174394	tr|D3ZAB1|D3ZAB1_RAT,tr|F1NVN3|F1NVN3_CHICK
TRFE	D3ZAB1	F1NVN3	FP	TN	Family0041654	p0_c0_r1	both_directions	direct_edge	1	1.3713880906090128	20174394	tr|D3ZAB1|D3ZAB1_RAT,tr|F1NVN3|F1NVN3_CHICK
TRFE	D3ZAB1	F1R9Z0	FP	TN	Family0041654	p0_c0_r0	both_directions	indirect_path	2			tr|D3ZAB1|D3ZAB1_RAT,sp|A5A6I6|TRFE_PANTR,tr|F1R9Z0|F1R9Z0_DANRE
TRFE	D3ZAB1	F1R9Z0	FP	TN	Family0041654	p0_c0_r1	both_directions	indirect_path	2			tr|D3ZAB1|D3ZAB1_RAT,sp|A5A6I6|TRFE_PANTR,tr|F1R9Z0|F1R9Z0_DANRE
TRFE	D3ZAB1	G3R4X1	FP	TN	Family0041654	p0_c0_r0	both_directions	direct_edge	1	2.5643996226340886	20174399	tr|D3ZAB1|D3ZAB1_RAT,tr|G3R4X1|G3R4X1_GORGO
TRFE	D3ZAB1	G3R4X1	FP	TN	Family0041654	p0_c0_r1	both_directions	direct_edge	1	2.5643996226340886	20174399	tr|D3ZAB1|D3ZAB1_RAT,tr|G3R4X1|G3R4X1_GORGO
TRFE	D3ZAB1	G3RDQ3	FP	TN	Family0041654	p0_c0_r0	both_directions	direct_edge	1	1.353869579407489	20174400	tr|D3ZAB1|D3ZAB1_RAT,tr|G3RDQ3|G3RDQ3_GORGO
TRFE	D3ZAB1	G3RDQ3	FP	TN	Family0041654	p0_c0_r1	both_directions	direct_edge	1	1.353869579407489	20174400	tr|D3ZAB1|D3ZAB1_RAT,tr|G3RDQ3|G3RDQ3_GORGO
TRFE	D3ZAB1	G3X6N3	FP	TN	Family0041654	p0_c0_r0	both_directions	direct_edge	1	2.6199739401827693	20174401	tr|D3ZAB1|D3ZAB1_RAT,tr|G3X6N3|G3X6N3_BOVIN
TRFE	D3ZAB1	G3X6N3	FP	TN	Family0041654	p0_c0_r1	both_directions	direct_edge	1	2.6199739401827693	20174401	tr|D3ZAB1|D3ZAB1_RAT,tr|G3X6N3|G3X6N3_BOVIN
TRFE	D3ZAB1	H2M6H2	FP	TN	Family0041654	p0_c0_r0	both_directions	direct_edge	1	1.197296563233266	20174402	tr|D3ZAB1|D3ZAB1_RAT,tr|H2M6H2|H2M6H2_ORYLA
TRFE	D3ZAB1	H2M6H2	FP	TN	Family0041654	p0_c0_r1	both_directions	direct_edge	1	1.197296563233266	20174402	tr|D3ZAB1|D3ZAB1_RAT,tr|H2M6H2|H2M6H2_ORYLA
TRFE	D3ZAB1	H2QP17	FP	TN	Family0041654	p0_c0_r0	both_directions	direct_edge	1	1.3414481569468886	20174404	tr|D3ZAB1|D3ZAB1_RAT,tr|H2QP17|H2QP17_PANTR
TRFE	D3ZAB1	H2QP17	FP	TN	Family0041654	p0_c0_r1	both_directions	direct_edge	1	1.3414481569468886	20174404	tr|D3ZAB1|D3ZAB1_RAT,tr|H2QP17|H2QP17_PANTR
TRFE	D3ZAB1	P02787	FP	TN	Family0041654	p0_c0_r0	both_directions	direct_edge	1	2.56155660753139	1309586	tr|D3ZAB1|D3ZAB1_RAT,sp|P02787|TRFE_HUMAN
TRFE	D3ZAB1	P02787	FP	TN	Family0041654	p0_c0_r1	both_directions	direct_edge	1	2.56155660753139	1309586	tr|D3ZAB1|D3ZAB1_RAT,sp|P02787|TRFE_HUMAN
TRFE	D3ZAB1	P08582	FP	TN	Family0041654	p0_c0_r0	both_directions	direct_edge	1	1.3451215848412998	1466325	tr|D3ZAB1|D3ZAB1_RAT,sp|P08582|TRFM_HUMAN
TRFE	D3ZAB1	P08582	FP	TN	Family0041654	p0_c0_r1	both_directions	direct_edge	1	1.3451215848412998	1466325	tr|D3ZAB1|D3ZAB1_RAT,sp|P08582|TRFM_HUMAN
TRFE	D3ZAB1	Q921I1	FP	TN	Family0041654	p0_c0_r0	both_directions	direct_edge	1	2.4552814616309524	6674632	tr|D3ZAB1|D3ZAB1_RAT,sp|Q921I1|TRFE_MOUSE
TRFE	D3ZAB1	Q921I1	FP	TN	Family0041654	p0_c0_r1	both_directions	direct_edge	1	2.4552814616309524	6674632	tr|D3ZAB1|D3ZAB1_RAT,sp|Q921I1|TRFE_MOUSE
TRFE	D3ZAB1	Q9DBD0	FP	TN	Family0041654	p0_c0_r0	both_directions	direct_edge	1	2.458531347217451	7083391	tr|D3ZAB1|D3ZAB1_RAT,sp|Q9DBD0|ICA_MOUSE
TRFE	D3ZAB1	Q9DBD0	FP	TN	Family0041654	p0_c0_r1	both_directions	direct_edge	1	2.458531347217451	7083391	tr|D3ZAB1|D3ZAB1_RAT,sp|Q9DBD0|ICA_MOUSE
TRFE	D3ZAB1	Q9R0R1	FP	TN	Family0041654	p0_c0_r0	both_directions	direct_edge	1	1.3492689278572547	7609457	tr|D3ZAB1|D3ZAB1_RAT,sp|Q9R0R1|TRFM_MOUSE
TRFE	D3ZAB1	Q9R0R1	FP	TN	Family0041654	p0_c0_r1	both_directions	direct_edge	1	1.3492689278572547	7609457	tr|D3ZAB1|D3ZAB1_RAT,sp|Q9R0R1|TRFM_MOUSE
TRFE	D4ADK7	E1BVL8	FP	TN	Family0041654	p0_c0_r0	both_directions	direct_edge	1	1.1544715447154472	20388843	tr|D4ADK7|D4ADK7_RAT,tr|E1BVL8|E1BVL8_CHICK
TRFE	D4ADK7	E1BVL8	FP	TN	Family0041654	p0_c0_r1	both_directions	direct_edge	1	1.1544715447154472	20388843	tr|D4ADK7|D4ADK7_RAT,tr|E1BVL8|E1BVL8_CHICK
TRFE	D4ADK7	F1PR54	FP	TN	Family0041654	p0_c0_r0	both_directions	direct_edge	1	1.4525948139578615	20388845	tr|D4ADK7|D4ADK7_RAT,tr|F1PR54|F1PR54_CANLF
TRFE	D4ADK7	F1PR54	FP	TN	Family0041654	p0_c0_r1	both_directions	direct_edge	1	1.4525948139578615	20388845	tr|D4ADK7|D4ADK7_RAT,tr|F1PR54|F1PR54_CANLF
TRFE	D4ADK7	F1R9Z0	FP	TN	Family0041654	p0_c0_r0	both_directions	direct_edge	1	1.1380079336421938	20388846	tr|D4ADK7|D4ADK7_RAT,tr|F1R9Z0|F1R9Z0_DANRE
TRFE	D4ADK7	F1R9Z0	FP	TN	Family0041654	p0_c0_r1	both_directions	direct_edge	1	1.1380079336421938	20388846	tr|D4ADK7|D4ADK7_RAT,tr|F1R9Z0|F1R9Z0_DANRE
TRFE	D4ADK7	G3QYG5	FP	TN	Family0041654	p0_c0_r0	no_direct_hit	indirect_path	2			tr|D4ADK7|D4ADK7_RAT,sp|A5A6I6|TRFE_PANTR,tr|G3QYG5|G3QYG5_GORGO
TRFE	D4ADK7	G3QYG5	FP	TN	Family0041654	p0_c0_r1	no_direct_hit	indirect_path	2			tr|D4ADK7|D4ADK7_RAT,sp|A5A6I6|TRFE_PANTR,tr|G3QYG5|G3QYG5_GORGO
TRFE	D4ADK7	G3R4X1	FP	TN	Family0041654	p0_c0_r0	both_directions	direct_edge	1	1.4253441627371735	20388847	tr|D4ADK7|D4ADK7_RAT,tr|G3R4X1|G3R4X1_GORGO
TRFE	D4ADK7	G3R4X1	FP	TN	Family0041654	p0_c0_r1	both_directions	direct_edge	1	1.4253441627371735	20388847	tr|D4ADK7|D4ADK7_RAT,tr|G3R4X1|G3R4X1_GORGO
TRFE	D4ADK7	G3X6N3	FP	TN	Family0041654	p0_c0_r0	both_directions	direct_edge	1	1.410933166461732	20388849	tr|D4ADK7|D4ADK7_RAT,tr|G3X6N3|G3X6N3_BOVIN
TRFE	D4ADK7	G3X6N3	FP	TN	Family0041654	p0_c0_r1	both_directions	direct_edge	1	1.410933166461732	20388849	tr|D4ADK7|D4ADK7_RAT,tr|G3X6N3|G3X6N3_BOVIN
TRFE	D4ADK7	H2QMG6	FP	TN	Family0041654	p0_c0_r0	no_direct_hit	indirect_path	2			tr|D4ADK7|D4ADK7_RAT,sp|A5A6I6|TRFE_PANTR,tr|H2QMG6|H2QMG6_PANTR
TRFE	D4ADK7	H2QMG6	FP	TN	Family0041654	p0_c0_r1	no_direct_hit	indirect_path	2			tr|D4ADK7|D4ADK7_RAT,sp|A5A6I6|TRFE_PANTR,tr|H2QMG6|H2QMG6_PANTR
TRFE	D4ADK7	P02787	FP	TN	Family0041654	p0_c0_r0	both_directions	direct_edge	1	1.4267374610389694	1309587	tr|D4ADK7|D4ADK7_RAT,sp|P02787|TRFE_HUMAN
TRFE	D4ADK7	P02787	FP	TN	Family0041654	p0_c0_r1	both_directions	direct_edge	1	1.4267374610389694	1309587	tr|D4ADK7|D4ADK7_RAT,sp|P02787|TRFE_HUMAN
TRFE	D4ADK7	P02788	FP	TN	Family0041654	p0_c0_r0	no_direct_hit	indirect_path	2			tr|D4ADK7|D4ADK7_RAT,sp|A5A6I6|TRFE_PANTR,sp|P02788|TRFL_HUMAN
TRFE	D4ADK7	P02788	FP	TN	Family0041654	p0_c0_r1	no_direct_hit	indirect_path	2			tr|D4ADK7|D4ADK7_RAT,sp|A5A6I6|TRFE_PANTR,sp|P02788|TRFL_HUMAN
TRFE	D4ADK7	P02789	FP	TN	Family0041654	p0_c0_r0	both_directions	direct_edge	1	1.4168639693559824	1309653	tr|D4ADK7|D4ADK7_RAT,sp|P02789|TRFE_CHICK
TRFE	D4ADK7	P02789	FP	TN	Family0041654	p0_c0_r1	both_directions	direct_edge	1	1.4168639693559824	1309653	tr|D4ADK7|D4ADK7_RAT,sp|P02789|TRFE_CHICK
TRFE	D4ADK7	P08071	FP	TN	Family0041654	p0_c0_r0	both_directions	direct_edge	1	1.4065520892041343	1443416	tr|D4ADK7|D4ADK7_RAT,sp|P08071|TRFL_MOUSE
TRFE	D4ADK7	P08071	FP	TN	Family0041654	p0_c0_r1	both_directions	direct_edge	1	1.4065520892041343	1443416	tr|D4ADK7|D4ADK7_RAT,sp|P08071|TRFL_MOUSE
TRFE	D4ADK7	P24627	FP	TN	Family0041654	p0_c0_r0	both_directions	direct_edge	1	1.455361661222543	2104013	tr|D4ADK7|D4ADK7_RAT,sp|P24627|TRFL_BOVIN
TRFE	D4ADK7	P24627	FP	TN	Family0041654	p0_c0_r1	both_directions	direct_edge	1	1.455361661222543	2104013	tr|D4ADK7|D4ADK7_RAT,sp|P24627|TRFL_BOVIN
TRFE	D4ADK7	Q501K5	FP	TN	Family0041654	p0_c0_r0	both_directions	direct_edge	1	1.371674614237978	4466111	tr|D4ADK7|D4ADK7_RAT,sp|Q501K5|TRFE_XENTR
TRFE	D4ADK7	Q501K5	FP	TN	Family0041654	p0_c0_r1	both_directions	direct_edge	1	1.371674614237978	4466111	tr|D4ADK7|D4ADK7_RAT,sp|Q501K5|TRFE_XENTR
TRFE	D4ADK7	Q921I1	FP	TN	Family0041654	p0_c0_r0	both_directions	direct_edge	1	1.2841479424085418	6674633	tr|D4ADK7|D4ADK7_RAT,sp|Q921I1|TRFE_MOUSE
TRFE	D4ADK7	Q921I1	FP	TN	Family0041654	p0_c0_r1	both_directions	direct_edge	1	1.2841479424085418	6674633	tr|D4ADK7|D4ADK7_RAT,sp|Q921I1|TRFE_MOUSE
TRFE	D4ADK7	Q9DBD0	FP	TN	Family0041654	p0_c0_r0	both_directions	direct_edge	1	1.1965235486192112	7083392	tr|D4ADK7|D4ADK7_RAT,sp|Q9DBD0|ICA_MOUSE
TRFE	D4ADK7	Q9DBD0	FP	TN	Family0041654	p0_c0_r1	both_directions	direct_edge	1	1.1965235486192112	7083392	tr|D4ADK7|D4ADK7_RAT,sp|Q9DBD0|ICA_MOUSE
TRFE	E1BG25	E1BVL8	FP	TN	Family0041654	p0_c0_r0	both_directions	direct_edge	1	1.2200409025140264	20703557	tr|E1BG25|E1BG25_BOVIN,tr|E1BVL8|E1BVL8_CHICK
TRFE	E1BG25	E1BVL8	FP	TN	Family0041654	p0_c0_r1	both_directions	direct_edge	1	1.2200409025140264	20703557	tr|E1BG25|E1BG25_BOVIN,tr|E1BVL8|E1BVL8_CHICK
TRFE	E1BG25	F1PR54	FP	TN	Family0041654	p0_c0_r0	both_directions	direct_edge	1	1.4930862892941832	20703560	tr|E1BG25|E1BG25_BOVIN,tr|F1PR54|F1PR54_CANLF
TRFE	E1BG25	F1PR54	FP	TN	Family0041654	p0_c0_r1	both_directions	direct_edge	1	1.4930862892941832	20703560	tr|E1BG25|E1BG25_BOVIN,tr|F1PR54|F1PR54_CANLF
TRFE	E1BG25	F1R9Z0	FP	TN	Family0041654	p0_c0_r0	no_direct_hit	indirect_path	2			tr|E1BG25|E1BG25_BOVIN,sp|A5A6I6|TRFE_PANTR,tr|F1R9Z0|F1R9Z0_DANRE
TRFE	E1BG25	F1R9Z0	FP	TN	Family0041654	p0_c0_r1	no_direct_hit	indirect_path	2			tr|E1BG25|E1BG25_BOVIN,sp|A5A6I6|TRFE_PANTR,tr|F1R9Z0|F1R9Z0_DANRE
TRFE	E1BG25	G3QYG5	FP	TN	Family0041654	p0_c0_r0	no_direct_hit	indirect_path	2			tr|E1BG25|E1BG25_BOVIN,sp|A5A6I6|TRFE_PANTR,tr|G3QYG5|G3QYG5_GORGO
TRFE	E1BG25	G3QYG5	FP	TN	Family0041654	p0_c0_r1	no_direct_hit	indirect_path	2			tr|E1BG25|E1BG25_BOVIN,sp|A5A6I6|TRFE_PANTR,tr|G3QYG5|G3QYG5_GORGO
TRFE	E1BG25	G3R4X1	FP	TN	Family0041654	p0_c0_r0	both_directions	direct_edge	1	1.4856430954894058	20703561	tr|E1BG25|E1BG25_BOVIN,tr|G3R4X1|G3R4X1_GORGO
TRFE	E1BG25	G3R4X1	FP	TN	Family0041654	p0_c0_r1	both_directions	direct_edge	1	1.4856430954894058	20703561	tr|E1BG25|E1BG25_BOVIN,tr|G3R4X1|G3R4X1_GORGO
TRFE	E1BG25	H2QMG6	FP	TN	Family0041654	p0_c0_r0	no_direct_hit	indirect_path	2			tr|E1BG25|E1BG25_BOVIN,sp|A5A6I6|TRFE_PANTR,tr|H2QMG6|H2QMG6_PANTR
TRFE	E1BG25	H2QMG6	FP	TN	Family0041654	p0_c0_r1	no_direct_hit	indirect_path	2			tr|E1BG25|E1BG25_BOVIN,sp|A5A6I6|TRFE_PANTR,tr|H2QMG6|H2QMG6_PANTR
TRFE	E1BG25	P02787	FP	TN	Family0041654	p0_c0_r0	both_directions	direct_edge	1	1.4912125166533774	1309588	tr|E1BG25|E1BG25_BOVIN,sp|P02787|TRFE_HUMAN
TRFE	E1BG25	P02787	FP	TN	Family0041654	p0_c0_r1	both_directions	direct_edge	1	1.4912125166533774	1309588	tr|E1BG25|E1BG25_BOVIN,sp|P02787|TRFE_HUMAN
TRFE	E1BG25	P02788	FP	TN	Family0041654	p0_c0_r0	no_direct_hit	indirect_path	2			tr|E1BG25|E1BG25_BOVIN,sp|A5A6I6|TRFE_PANTR,sp|P02788|TRFL_HUMAN
TRFE	E1BG25	P02788	FP	TN	Family0041654	p0_c0_r1	no_direct_hit	indirect_path	2			tr|E1BG25|E1BG25_BOVIN,sp|A5A6I6|TRFE_PANTR,sp|P02788|TRFL_HUMAN
TRFE	E1BG25	P02789	FP	TN	Family0041654	p0_c0_r0	both_directions	direct_edge	1	1.4449989473990084	1309654	tr|E1BG25|E1BG25_BOVIN,sp|P02789|TRFE_CHICK
TRFE	E1BG25	P02789	FP	TN	Family0041654	p0_c0_r1	both_directions	direct_edge	1	1.4449989473990084	1309654	tr|E1BG25|E1BG25_BOVIN,sp|P02789|TRFE_CHICK
TRFE	E1BG25	P08071	FP	TN	Family0041654	p0_c0_r0	both_directions	direct_edge	1	1.4152843606981305	1443417	tr|E1BG25|E1BG25_BOVIN,sp|P08071|TRFL_MOUSE
TRFE	E1BG25	P08071	FP	TN	Family0041654	p0_c0_r1	both_directions	direct_edge	1	1.4152843606981305	1443417	tr|E1BG25|E1BG25_BOVIN,sp|P08071|TRFL_MOUSE
TRFE	E1BG25	P12346	FP	TN	Family0041654	p0_c0_r0	both_directions	direct_edge	1	1.3826088039559326	1751911	tr|E1BG25|E1BG25_BOVIN,sp|P12346|TRFE_RAT
TRFE	E1BG25	P12346	FP	TN	Family0041654	p0_c0_r1	both_directions	direct_edge	1	1.3826088039559326	1751911	tr|E1BG25|E1BG25_BOVIN,sp|P12346|TRFE_RAT
TRFE	E1BG25	Q501K5	FP	TN	Family0041654	p0_c0_r0	both_directions	direct_edge	1	1.3943319533927003	4466112	tr|E1BG25|E1BG25_BOVIN,sp|Q501K5|TRFE_XENTR
TRFE	E1BG25	Q501K5	FP	TN	Family0041654	p0_c0_r1	both_directions	direct_edge	1	1.3943319533927003	4466112	tr|E1BG25|E1BG25_BOVIN,sp|Q501K5|TRFE_XENTR
TRFE	E1BG25	Q921I1	FP	TN	Family0041654	p0_c0_r0	both_directions	direct_edge	1	1.373846800600122	6674634	tr|E1BG25|E1BG25_BOVIN,sp|Q921I1|TRFE_MOUSE
TRFE	E1BG25	Q921I1	FP	TN	Family0041654	p0_c0_r1	both_directions	direct_edge	1	1.373846800600122	6674634	tr|E1BG25|E1BG25_BOVIN,sp|Q921I1|TRFE_MOUSE
TRFE	E1BG25	Q9DBD0	FP	TN	Family0041654	p0_c0_r0	both_directions	direct_edge	1	1.281916335644005	7083393	tr|E1BG25|E1BG25_BOVIN,sp|Q9DBD0|ICA_MOUSE
TRFE	E1BG25	Q9DBD0	FP	TN	Family0041654	p0_c0_r1	both_directions	direct_edge	1	1.281916335644005	7083393	tr|E1BG25|E1BG25_BOVIN,sp|Q9DBD0|ICA_MOUSE
TRFE	E1BVL8	E7F2E3	FP	TN	Family0041654	p0_c0_r0	both_directions	direct_edge	1	1.0445451295273993	20779446	tr|E1BVL8|E1BVL8_CHICK,tr|E7F2E3|E7F2E3_DANRE
TRFE	E1BVL8	E7F2E3	FP	TN	Family0041654	p0_c0_r1	both_directions	direct_edge	1	1.0445451295273993	20779446	tr|E1BVL8|E1BVL8_CHICK,tr|E7F2E3|E7F2E3_DANRE
TRFE	E1BVL8	F1PR54	FP	TN	Family0041654	p0_c0_r0	both_directions	direct_edge	1	1.1385576494164953	20779447	tr|E1BVL8|E1BVL8_CHICK,tr|F1PR54|F1PR54_CANLF
TRFE	E1BVL8	F1PR54	FP	TN	Family0041654	p0_c0_r1	both_directions	direct_edge	1	1.1385576494164953	20779447	tr|E1BVL8|E1BVL8_CHICK,tr|F1PR54|F1PR54_CANLF
TRFE	E1BVL8	G3QYG5	FP	TN	Family0041654	p0_c0_r0	both_directions	indirect_path	2			tr|E1BVL8|E1BVL8_CHICK,sp|A5A6I6|TRFE_PANTR,tr|G3QYG5|G3QYG5_GORGO
TRFE	E1BVL8	G3QYG5	FP	TN	Family0041654	p0_c0_r1	both_directions	indirect_path	2			tr|E1BVL8|E1BVL8_CHICK,sp|A5A6I6|TRFE_PANTR,tr|G3QYG5|G3QYG5_GORGO
TRFE	E1BVL8	G3R4X1	FP	TN	Family0041654	p0_c0_r0	both_directions	direct_edge	1	1.1229984312474701	20779449	tr|E1BVL8|E1BVL8_CHICK,tr|G3R4X1|G3R4X1_GORGO
TRFE	E1BVL8	G3R4X1	FP	TN	Family0041654	p0_c0_r1	both_directions	direct_edge	1	1.1229984312474701	20779449	tr|E1BVL8|E1BVL8_CHICK,tr|G3R4X1|G3R4X1_GORGO
TRFE	E1BVL8	G3RDQ3	FP	TN	Family0041654	p0_c0_r0	both_directions	direct_edge	1	1.180462416359328	20779450	tr|E1BVL8|E1BVL8_CHICK,tr|G3RDQ3|G3RDQ3_GORGO
TRFE	E1BVL8	G3RDQ3	FP	TN	Family0041654	p0_c0_r1	both_directions	direct_edge	1	1.180462416359328	20779450	tr|E1BVL8|E1BVL8_CHICK,tr|G3RDQ3|G3RDQ3_GORGO
TRFE	E1BVL8	G3X6N3	FP	TN	Family0041654	p0_c0_r0	both_directions	indirect_path	2			tr|E1BVL8|E1BVL8_CHICK,sp|A5A6I6|TRFE_PANTR,tr|G3X6N3|G3X6N3_BOVIN
TRFE	E1BVL8	G3X6N3	FP	TN	Family0041654	p0_c0_r1	both_directions	indirect_path	2			tr|E1BVL8|E1BVL8_CHICK,sp|A5A6I6|TRFE_PANTR,tr|G3X6N3|G3X6N3_BOVIN
TRFE	E1BVL8	H2M6H2	FP	TN	Family0041654	p0_c0_r0	both_directions	direct_edge	1	1.1106930499767007	20779451	tr|E1BVL8|E1BVL8_CHICK,tr|H2M6H2|H2M6H2_ORYLA
TRFE	E1BVL8	H2M6H2	FP	TN	Family0041654	p0_c0_r1	both_directions	direct_edge	1	1.1106930499767007	20779451	tr|E1BVL8|E1BVL8_CHICK,tr|H2M6H2|H2M6H2_ORYLA
TRFE	E1BVL8	H2QMG6	FP	TN	Family0041654	p0_c0_r0	both_directions	direct_edge	1	1.1527191131050165	20779452	tr|E1BVL8|E1BVL8_CHICK,tr|H2QMG6|H2QMG6_PANTR
TRFE	E1BVL8	H2QMG6	FP	TN	Family0041654	p0_c0_r1	both_directions	direct_edge	1	1.1527191131050165	20779452	tr|E1BVL8|E1BVL8_CHICK,tr|H2QMG6|H2QMG6_PANTR
TRFE	E1BVL8	H2QP17	FP	TN	Family0041654	p0_c0_r0	both_directions	direct_edge	1	1.180772105429779	20779453	tr|E1BVL8|E1BVL8_CHICK,tr|H2QP17|H2QP17_PANTR
TRFE	E1BVL8	H2QP17	FP	TN	Family0041654	p0_c0_r1	both_directions	direct_edge	1	1.180772105429779	20779453	tr|E1BVL8|E1BVL8_CHICK,tr|H2QP17|H2QP17_PANTR
TRFE	E1BVL8	P02787	FP	TN	Family0041654	p0_c0_r0	both_directions	direct_edge	1	1.1216051329456742	1309590	tr|E1BVL8|E1BVL8_CHICK,sp|P02787|TRFE_HUMAN
TRFE	E1BVL8	P02787	FP	TN	Family0041654	p0_c0_r1	both_directions	direct_edge	1	1.1216051329456742	1309590	tr|E1BVL8|E1BVL8_CHICK,sp|P02787|TRFE_HUMAN
TRFE	E1BVL8	P02788	FP	TN	Family0041654	p0_c0_r0	both_directions	indirect_path	2			tr|E1BVL8|E1BVL8_CHICK,sp|A5A6I6|TRFE_PANTR,sp|P02788|TRFL_HUMAN
TRFE	E1BVL8	P02788	FP	TN	Family0041654	p0_c0_r1	both_directions	indirect_path	2			tr|E1BVL8|E1BVL8_CHICK,sp|A5A6I6|TRFE_PANTR,sp|P02788|TRFL_HUMAN
TRFE	E1BVL8	P08071	FP	TN	Family0041654	p0_c0_r0	no_direct_hit	indirect_path	2			tr|E1BVL8|E1BVL8_CHICK,sp|A5A6I6|TRFE_PANTR,sp|P08071|TRFL_MOUSE
TRFE	E1BVL8	P08071	FP	TN	Family0041654	p0_c0_r1	no_direct_hit	indirect_path	2			tr|E1BVL8|E1BVL8_CHICK,sp|A5A6I6|TRFE_PANTR,sp|P08071|TRFL_MOUSE
TRFE	E1BVL8	P08582	FP	TN	Family0041654	p0_c0_r0	both_directions	direct_edge	1	1.184281842818428	1466330	tr|E1BVL8|E1BVL8_CHICK,sp|P08582|TRFM_HUMAN
TRFE	E1BVL8	P08582	FP	TN	Family0041654	p0_c0_r1	both_directions	direct_edge	1	1.184281842818428	1466330	tr|E1BVL8|E1BVL8_CHICK,sp|P08582|TRFM_HUMAN
TRFE	E1BVL8	P12346	FP	TN	Family0041654	p0_c0_r0	both_directions	indirect_path	2			tr|E1BVL8|E1BVL8_CHICK,sp|A5A6I6|TRFE_PANTR,sp|P12346|TRFE_RAT
TRFE	E1BVL8	P12346	FP	TN	Family0041654	p0_c0_r1	both_directions	indirect_path	2			tr|E1BVL8|E1BVL8_CHICK,sp|A5A6I6|TRFE_PANTR,sp|P12346|TRFE_RAT
TRFE	E1BVL8	P24627	FP	TN	Family0041654	p0_c0_r0	both_directions	direct_edge	1	1.0514019605790235	2104016	tr|E1BVL8|E1BVL8_CHICK,sp|P24627|TRFL_BOVIN
TRFE	E1BVL8	P24627	FP	TN	Family0041654	p0_c0_r1	both_directions	direct_edge	1	1.0514019605790235	2104016	tr|E1BVL8|E1BVL8_CHICK,sp|P24627|TRFL_BOVIN
TRFE	E1BVL8	Q501K5	FP	TN	Family0041654	p0_c0_r0	no_direct_hit	indirect_path	2			tr|E1BVL8|E1BVL8_CHICK,sp|A5A6I6|TRFE_PANTR,sp|Q501K5|TRFE_XENTR
TRFE	E1BVL8	Q501K5	FP	TN	Family0041654	p0_c0_r1	no_direct_hit	indirect_path	2			tr|E1BVL8|E1BVL8_CHICK,sp|A5A6I6|TRFE_PANTR,sp|Q501K5|TRFE_XENTR
TRFE	E1BVL8	Q921I1	FP	TN	Family0041654	p0_c0_r0	both_directions	direct_edge	1	1.148901090710791	6674636	tr|E1BVL8|E1BVL8_CHICK,sp|Q921I1|TRFE_MOUSE
TRFE	E1BVL8	Q921I1	FP	TN	Family0041654	p0_c0_r1	both_directions	direct_edge	1	1.148901090710791	6674636	tr|E1BVL8|E1BVL8_CHICK,sp|Q921I1|TRFE_MOUSE
TRFE	E1BVL8	Q9DBD0	FP	TN	Family0041654	p0_c0_r0	both_directions	direct_edge	1	1.126958226025071	7083395	tr|E1BVL8|E1BVL8_CHICK,sp|Q9DBD0|ICA_MOUSE
TRFE	E1BVL8	Q9DBD0	FP	TN	Family0041654	p0_c0_r1	both_directions	direct_edge	1	1.126958226025071	7083395	tr|E1BVL8|E1BVL8_CHICK,sp|Q9DBD0|ICA_MOUSE
TRFE	E1BVL8	Q9R0R1	FP	TN	Family0041654	p0_c0_r0	both_directions	direct_edge	1	1.1436314363143631	7609461	tr|E1BVL8|E1BVL8_CHICK,sp|Q9R0R1|TRFM_MOUSE
TRFE	E1BVL8	Q9R0R1	FP	TN	Family0041654	p0_c0_r1	both_directions	direct_edge	1	1.1436314363143631	7609461	tr|E1BVL8|E1BVL8_CHICK,sp|Q9R0R1|TRFM_MOUSE
TRFE	E7F2E3	F1PR54	FP	TN	Family0041654	p0_c0_r0	both_directions	direct_edge	1	1.308247975198407	21163229	tr|E7F2E3|E7F2E3_DANRE,tr|F1PR54|F1PR54_CANLF
TRFE	E7F2E3	F1PR54	FP	TN	Family0041654	p0_c0_r1	both_directions	direct_edge	1	1.308247975198407	21163229	tr|E7F2E3|E7F2E3_DANRE,tr|F1PR54|F1PR54_CANLF
TRFE	E7F2E3	G3QYG5	FP	TN	Family0041654	p0_c0_r0	both_directions	direct_edge	1	1.2887480531018578	21163231	tr|E7F2E3|E7F2E3_DANRE,tr|G3QYG5|G3QYG5_GORGO
TRFE	E7F2E3	G3QYG5	FP	TN	Family0041654	p0_c0_r1	both_directions	direct_edge	1	1.2887480531018578	21163231	tr|E7F2E3|E7F2E3_DANRE,tr|G3QYG5|G3QYG5_GORGO
TRFE	E7F2E3	G3R4X1	FP	TN	Family0041654	p0_c0_r0	both_directions	direct_edge	1	1.3865622450395054	21163232	tr|E7F2E3|E7F2E3_DANRE,tr|G3R4X1|G3R4X1_GORGO
TRFE	E7F2E3	G3R4X1	FP	TN	Family0041654	p0_c0_r1	both_directions	direct_edge	1	1.3865622450395054	21163232	tr|E7F2E3|E7F2E3_DANRE,tr|G3R4X1|G3R4X1_GORGO
TRFE	E7F2E3	G3X6N3	FP	TN	Family0041654	p0_c0_r0	both_directions	direct_edge	1	1.2979426649795625	21163234	tr|E7F2E3|E7F2E3_DANRE,tr|G3X6N3|G3X6N3_BOVIN
TRFE	E7F2E3	G3X6N3	FP	TN	Family0041654	p0_c0_r1	both_directions	direct_edge	1	1.2979426649795625	21163234	tr|E7F2E3|E7F2E3_DANRE,tr|G3X6N3|G3X6N3_BOVIN
TRFE	E7F2E3	H2QMG6	FP	TN	Family0041654	p0_c0_r0	both_directions	direct_edge	1	1.2901428020770764	21163236	tr|E7F2E3|E7F2E3_DANRE,tr|H2QMG6|H2QMG6_PANTR
TRFE	E7F2E3	H2QMG6	FP	TN	Family0041654	p0_c0_r1	both_directions	direct_edge	1	1.2901428020770764	21163236	tr|E7F2E3|E7F2E3_DANRE,tr|H2QMG6|H2QMG6_PANTR
TRFE	E7F2E3	P02787	FP	TN	Family0041654	p0_c0_r0	both_directions	direct_edge	1	1.3851545676333739	1309591	tr|E7F2E3|E7F2E3_DANRE,sp|P02787|TRFE_HUMAN
TRFE	E7F2E3	P02787	FP	TN	Family0041654	p0_c0_r1	both_directions	direct_edge	1	1.3851545676333739	1309591	tr|E7F2E3|E7F2E3_DANRE,sp|P02787|TRFE_HUMAN
TRFE	E7F2E3	P02788	FP	TN	Family0041654	p0_c0_r0	both_directions	direct_edge	1	1.3036126112836068	1309623	tr|E7F2E3|E7F2E3_DANRE,sp|P02788|TRFL_HUMAN
TRFE	E7F2E3	P02788	FP	TN	Family0041654	p0_c0_r1	both_directions	direct_edge	1	1.3036126112836068	1309623	tr|E7F2E3|E7F2E3_DANRE,sp|P02788|TRFL_HUMAN
TRFE	E7F2E3	P02789	FP	TN	Family0041654	p0_c0_r0	both_directions	direct_edge	1	1.2928197970987376	1309657	tr|E7F2E3|E7F2E3_DANRE,sp|P02789|TRFE_CHICK
TRFE	E7F2E3	P02789	FP	TN	Family0041654	p0_c0_r1	both_directions	direct_edge	1	1.2928197970987376	1309657	tr|E7F2E3|E7F2E3_DANRE,sp|P02789|TRFE_CHICK
TRFE	E7F2E3	P08071	FP	TN	Family0041654	p0_c0_r0	both_directions	direct_edge	1	1.3021794142412653	1443419	tr|E7F2E3|E7F2E3_DANRE,sp|P08071|TRFL_MOUSE
TRFE	E7F2E3	P08071	FP	TN	Family0041654	p0_c0_r1	both_directions	direct_edge	1	1.3021794142412653	1443419	tr|E7F2E3|E7F2E3_DANRE,sp|P08071|TRFL_MOUSE
TRFE	E7F2E3	P12346	FP	TN	Family0041654	p0_c0_r0	both_directions	direct_edge	1	1.1852643759627042	1751913	tr|E7F2E3|E7F2E3_DANRE,sp|P12346|TRFE_RAT
TRFE	E7F2E3	P12346	FP	TN	Family0041654	p0_c0_r1	both_directions	direct_edge	1	1.1852643759627042	1751913	tr|E7F2E3|E7F2E3_DANRE,sp|P12346|TRFE_RAT
TRFE	E7F2E3	P24627	FP	TN	Family0041654	p0_c0_r0	both_directions	direct_edge	1	1.3040548727137968	2104017	tr|E7F2E3|E7F2E3_DANRE,sp|P24627|TRFL_BOVIN
TRFE	E7F2E3	P24627	FP	TN	Family0041654	p0_c0_r1	both_directions	direct_edge	1	1.3040548727137968	2104017	tr|E7F2E3|E7F2E3_DANRE,sp|P24627|TRFL_BOVIN
TRFE	E7F2E3	Q501K5	FP	TN	Family0041654	p0_c0_r0	both_directions	direct_edge	1	1.3591799703381933	4466114	tr|E7F2E3|E7F2E3_DANRE,sp|Q501K5|TRFE_XENTR
TRFE	E7F2E3	Q501K5	FP	TN	Family0041654	p0_c0_r1	both_directions	direct_edge	1	1.3591799703381933	4466114	tr|E7F2E3|E7F2E3_DANRE,sp|Q501K5|TRFE_XENTR
TRFE	E7F2E3	Q921I1	FP	TN	Family0041654	p0_c0_r0	no_direct_hit	indirect_path	2			tr|E7F2E3|E7F2E3_DANRE,sp|A5A6I6|TRFE_PANTR,sp|Q921I1|TRFE_MOUSE
TRFE	E7F2E3	Q921I1	FP	TN	Family0041654	p0_c0_r1	no_direct_hit	indirect_path	2			tr|E7F2E3|E7F2E3_DANRE,sp|A5A6I6|TRFE_PANTR,sp|Q921I1|TRFE_MOUSE
TRFE	E7F2E3	Q9DBD0	FP	TN	Family0041654	p0_c0_r0	both_directions	direct_edge	1	1.1006356949586864	7083396	tr|E7F2E3|E7F2E3_DANRE,sp|Q9DBD0|ICA_MOUSE
TRFE	E7F2E3	Q9DBD0	FP	TN	Family0041654	p0_c0_r1	both_directions	direct_edge	1	1.1006356949586864	7083396	tr|E7F2E3|E7F2E3_DANRE,sp|Q9DBD0|ICA_MOUSE
TRFE	F1NVN3	F1PR54	FP	TN	Family0041654	p0_c0_r0	no_direct_hit	indirect_path	2			tr|F1NVN3|F1NVN3_CHICK,sp|A5A6I6|TRFE_PANTR,tr|F1PR54|F1PR54_CANLF
TRFE	F1NVN3	F1PR54	FP	TN	Family0041654	p0_c0_r1	no_direct_hit	indirect_path	2			tr|F1NVN3|F1NVN3_CHICK,sp|A5A6I6|TRFE_PANTR,tr|F1PR54|F1PR54_CANLF
TRFE	F1NVN3	F1R9Z0	FP	TN	Family0041654	p0_c0_r0	both_directions	direct_edge	1	1.0999383731380346	21566652	tr|F1NVN3|F1NVN3_CHICK,tr|F1R9Z0|F1R9Z0_DANRE
TRFE	F1NVN3	F1R9Z0	FP	TN	Family0041654	p0_c0_r1	both_directions	direct_edge	1	1.0999383731380346	21566652	tr|F1NVN3|F1NVN3_CHICK,tr|F1R9Z0|F1R9Z0_DANRE
TRFE	F1NVN3	G3QYG5	FP	TN	Family0041654	p0_c0_r0	both_directions	direct_edge	1	1.5420206578901838	21566654	tr|F1NVN3|F1NVN3_CHICK,tr|G3QYG5|G3QYG5_GORGO
TRFE	F1NVN3	G3QYG5	FP	TN	Family0041654	p0_c0_r1	both_directions	direct_edge	1	1.5420206578901838	21566654	tr|F1NVN3|F1NVN3_CHICK,tr|G3QYG5|G3QYG5_GORGO
TRFE	F1NVN3	G3R4X1	FP	TN	Family0041654	p0_c0_r0	both_directions	direct_edge	1	1.453210128773091	21566655	tr|F1NVN3|F1NVN3_CHICK,tr|G3R4X1|G3R4X1_GORGO
TRFE	F1NVN3	G3R4X1	FP	TN	Family0041654	p0_c0_r1	both_directions	direct_edge	1	1.453210128773091	21566655	tr|F1NVN3|F1NVN3_CHICK,tr|G3R4X1|G3R4X1_GORGO
TRFE	F1NVN3	G3X6N3	FP	TN	Family0041654	p0_c0_r0	no_direct_hit	indirect_path	2			tr|F1NVN3|F1NVN3_CHICK,sp|A5A6I6|TRFE_PANTR,tr|G3X6N3|G3X6N3_BOVIN
TRFE	F1NVN3	G3X6N3	FP	TN	Family0041654	p0_c0_r1	no_direct_hit	indirect_path	2			tr|F1NVN3|F1NVN3_CHICK,sp|A5A6I6|TRFE_PANTR,tr|G3X6N3|G3X6N3_BOVIN
TRFE	F1NVN3	H2QMG6	FP	TN	Family0041654	p0_c0_r0	both_directions	direct_edge	1	1.5254546347078364	21566657	tr|F1NVN3|F1NVN3_CHICK,tr|H2QMG6|H2QMG6_PANTR
TRFE	F1NVN3	H2QMG6	FP	TN	Family0041654	p0_c0_r1	both_directions	direct_edge	1	1.5254546347078364	21566657	tr|F1NVN3|F1NVN3_CHICK,tr|H2QMG6|H2QMG6_PANTR
TRFE	F1NVN3	P02787	FP	TN	Family0041654	p0_c0_r0	both_directions	direct_edge	1	1.4587833219802744	1309592	tr|F1NVN3|F1NVN3_CHICK,sp|P02787|TRFE_HUMAN
TRFE	F1NVN3	P02787	FP	TN	Family0041654	p0_c0_r1	both_directions	direct_edge	1	1.4587833219802744	1309592	tr|F1NVN3|F1NVN3_CHICK,sp|P02787|TRFE_HUMAN
TRFE	F1NVN3	P02788	FP	TN	Family0041654	p0_c0_r0	no_direct_hit	indirect_path	2			tr|F1NVN3|F1NVN3_CHICK,sp|A5A6I6|TRFE_PANTR,sp|P02788|TRFL_HUMAN
TRFE	F1NVN3	P02788	FP	TN	Family0041654	p0_c0_r1	no_direct_hit	indirect_path	2			tr|F1NVN3|F1NVN3_CHICK,sp|A5A6I6|TRFE_PANTR,sp|P02788|TRFL_HUMAN
TRFE	F1NVN3	P08071	FP	TN	Family0041654	p0_c0_r0	both_directions	direct_edge	1	1.5020758039237065	1443420	tr|F1NVN3|F1NVN3_CHICK,sp|P08071|TRFL_MOUSE
TRFE	F1NVN3	P08071	FP	TN	Family0041654	p0_c0_r1	both_directions	direct_edge	1	1.5020758039237065	1443420	tr|F1NVN3|F1NVN3_CHICK,sp|P08071|TRFL_MOUSE
TRFE	F1NVN3	P12346	FP	TN	Family0041654	p0_c0_r0	both_directions	direct_edge	1	1.345926159534809	1751914	tr|F1NVN3|F1NVN3_CHICK,sp|P12346|TRFE_RAT
TRFE	F1NVN3	P12346	FP	TN	Family0041654	p0_c0_r1	both_directions	direct_edge	1	1.345926159534809	1751914	tr|F1NVN3|F1NVN3_CHICK,sp|P12346|TRFE_RAT
TRFE	F1NVN3	P24627	FP	TN	Family0041654	p0_c0_r0	no_direct_hit	indirect_path	2			tr|F1NVN3|F1NVN3_CHICK,sp|A5A6I6|TRFE_PANTR,sp|P24627|TRFL_BOVIN
TRFE	F1NVN3	P24627	FP	TN	Family0041654	p0_c0_r1	no_direct_hit	indirect_path	2			tr|F1NVN3|F1NVN3_CHICK,sp|A5A6I6|TRFE_PANTR,sp|P24627|TRFL_BOVIN
TRFE	F1NVN3	Q501K5	FP	TN	Family0041654	p0_c0_r0	both_directions	direct_edge	1	1.3466845909016585	4466115	tr|F1NVN3|F1NVN3_CHICK,sp|Q501K5|TRFE_XENTR
TRFE	F1NVN3	Q501K5	FP	TN	Family0041654	p0_c0_r1	both_directions	direct_edge	1	1.3466845909016585	4466115	tr|F1NVN3|F1NVN3_CHICK,sp|Q501K5|TRFE_XENTR
TRFE	F1NVN3	Q921I1	FP	TN	Family0041654	p0_c0_r0	no_direct_hit	indirect_path	2			tr|F1NVN3|F1NVN3_CHICK,sp|A5A6I6|TRFE_PANTR,sp|Q921I1|TRFE_MOUSE
TRFE	F1NVN3	Q921I1	FP	TN	Family0041654	p0_c0_r1	no_direct_hit	indirect_path	2			tr|F1NVN3|F1NVN3_CHICK,sp|A5A6I6|TRFE_PANTR,sp|Q921I1|TRFE_MOUSE
TRFE	F1NVN3	Q9DBD0	FP	TN	Family0041654	p0_c0_r0	both_directions	direct_edge	1	1.204871387330508	7083397	tr|F1NVN3|F1NVN3_CHICK,sp|Q9DBD0|ICA_MOUSE
TRFE	F1NVN3	Q9DBD0	FP	TN	Family0041654	p0_c0_r1	both_directions	direct_edge	1	1.204871387330508	7083397	tr|F1NVN3|F1NVN3_CHICK,sp|Q9DBD0|ICA_MOUSE
TRFE	F1PR54	F1R9Z0	FP	TN	Family0041654	p0_c0_r0	both_directions	direct_edge	1	1.1452105293638255	21665636	tr|F1PR54|F1PR54_CANLF,tr|F1R9Z0|F1R9Z0_DANRE
TRFE	F1PR54	F1R9Z0	FP	TN	Family0041654	p0_c0_r1	both_directions	direct_edge	1	1.1452105293638255	21665636	tr|F1PR54|F1PR54_CANLF,tr|F1R9Z0|F1R9Z0_DANRE
TRFE	F1PR54	G3R4X1	FP	TN	Family0041654	p0_c0_r0	both_directions	direct_edge	1	3.2063399892691953	21665640	tr|F1PR54|F1PR54_CANLF,tr|G3R4X1|G3R4X1_GORGO
TRFE	F1PR54	G3R4X1	FP	TN	Family0041654	p0_c0_r1	both_directions	direct_edge	1	3.2063399892691953	21665640	tr|F1PR54|F1PR54_CANLF,tr|G3R4X1|G3R4X1_GORGO
TRFE	F1PR54	G3RDQ3	FP	TN	Family0041654	p0_c0_r0	both_directions	direct_edge	1	1.4698054313473528	21665641	tr|F1PR54|F1PR54_CANLF,tr|G3RDQ3|G3RDQ3_GORGO
TRFE	F1PR54	G3RDQ3	FP	TN	Family0041654	p0_c0_r1	both_directions	direct_edge	1	1.4698054313473528	21665641	tr|F1PR54|F1PR54_CANLF,tr|G3RDQ3|G3RDQ3_GORGO
TRFE	F1PR54	G3X6N3	FP	TN	Family0041654	p0_c0_r0	both_directions	direct_edge	1	3.2634691855152234	21665642	tr|F1PR54|F1PR54_CANLF,tr|G3X6N3|G3X6N3_BOVIN
TRFE	F1PR54	G3X6N3	FP	TN	Family0041654	p0_c0_r1	both_directions	direct_edge	1	3.2634691855152234	21665642	tr|F1PR54|F1PR54_CANLF,tr|G3X6N3|G3X6N3_BOVIN
TRFE	F1PR54	H2M6H2	FP	TN	Family0041654	p0_c0_r0	both_directions	direct_edge	1	1.3180954756271448	21665643	tr|F1PR54|F1PR54_CANLF,tr|H2M6H2|H2M6H2_ORYLA
TRFE	F1PR54	H2M6H2	FP	TN	Family0041654	p0_c0_r1	both_directions	direct_edge	1	1.3180954756271448	21665643	tr|F1PR54|F1PR54_CANLF,tr|H2M6H2|H2M6H2_ORYLA
TRFE	F1PR54	H2QP17	FP	TN	Family0041654	p0_c0_r0	both_directions	direct_edge	1	1.4723489797206528	21665645	tr|F1PR54|F1PR54_CANLF,tr|H2QP17|H2QP17_PANTR
TRFE	F1PR54	H2QP17	FP	TN	Family0041654	p0_c0_r1	both_directions	direct_edge	1	1.4723489797206528	21665645	tr|F1PR54|F1PR54_CANLF,tr|H2QP17|H2QP17_PANTR
TRFE	F1PR54	P02787	FP	TN	Family0041654	p0_c0_r0	both_directions	direct_edge	1	3.203494967095931	1309593	tr|F1PR54|F1PR54_CANLF,sp|P02787|TRFE_HUMAN
TRFE	F1PR54	P02787	FP	TN	Family0041654	p0_c0_r1	both_directions	direct_edge	1	3.203494967095931	1309593	tr|F1PR54|F1PR54_CANLF,sp|P02787|TRFE_HUMAN
TRFE	F1PR54	P08582	FP	TN	Family0041654	p0_c0_r0	both_directions	direct_edge	1	1.4857969811340412	1466332	tr|F1PR54|F1PR54_CANLF,sp|P08582|TRFM_HUMAN
TRFE	F1PR54	P08582	FP	TN	Family0041654	p0_c0_r1	both_directions	direct_edge	1	1.4857969811340412	1466332	tr|F1PR54|F1PR54_CANLF,sp|P08582|TRFM_HUMAN
TRFE	F1PR54	P12346	FP	TN	Family0041654	p0_c0_r0	both_directions	direct_edge	1	3.0256810812668937	1751915	tr|F1PR54|F1PR54_CANLF,sp|P12346|TRFE_RAT
TRFE	F1PR54	P12346	FP	TN	Family0041654	p0_c0_r1	both_directions	direct_edge	1	3.0256810812668937	1751915	tr|F1PR54|F1PR54_CANLF,sp|P12346|TRFE_RAT
TRFE	F1PR54	Q921I1	FP	TN	Family0041654	p0_c0_r0	both_directions	direct_edge	1	3.0022272451117837	6674637	tr|F1PR54|F1PR54_CANLF,sp|Q921I1|TRFE_MOUSE
TRFE	F1PR54	Q921I1	FP	TN	Family0041654	p0_c0_r1	both_directions	direct_edge	1	3.0022272451117837	6674637	tr|F1PR54|F1PR54_CANLF,sp|Q921I1|TRFE_MOUSE
TRFE	F1PR54	Q9DBD0	FP	TN	Family0041654	p0_c0_r0	both_directions	direct_edge	1	3.0795951643210775	7083398	tr|F1PR54|F1PR54_CANLF,sp|Q9DBD0|ICA_MOUSE
TRFE	F1PR54	Q9DBD0	FP	TN	Family0041654	p0_c0_r1	both_directions	direct_edge	1	3.0795951643210775	7083398	tr|F1PR54|F1PR54_CANLF,sp|Q9DBD0|ICA_MOUSE
TRFE	F1PR54	Q9R0R1	FP	TN	Family0041654	p0_c0_r0	both_directions	direct_edge	1	1.4539782375902024	7609463	tr|F1PR54|F1PR54_CANLF,sp|Q9R0R1|TRFM_MOUSE
TRFE	F1PR54	Q9R0R1	FP	TN	Family0041654	p0_c0_r1	both_directions	direct_edge	1	1.4539782375902024	7609463	tr|F1PR54|F1PR54_CANLF,sp|Q9R0R1|TRFM_MOUSE
TRFE	F1R9Z0	G3QYG5	FP	TN	Family0041654	p0_c0_r0	no_direct_hit	indirect_path	2			tr|F1R9Z0|F1R9Z0_DANRE,sp|A5A6I6|TRFE_PANTR,tr|G3QYG5|G3QYG5_GORGO
TRFE	F1R9Z0	G3QYG5	FP	TN	Family0041654	p0_c0_r1	no_direct_hit	indirect_path	2			tr|F1R9Z0|F1R9Z0_DANRE,sp|A5A6I6|TRFE_PANTR,tr|G3QYG5|G3QYG5_GORGO
TRFE	F1R9Z0	G3R4X1	FP	TN	Family0041654	p0_c0_r0	both_directions	direct_edge	1	1.1491907427815695	21835009	tr|F1R9Z0|F1R9Z0_DANRE,tr|G3R4X1|G3R4X1_GORGO
TRFE	F1R9Z0	G3R4X1	FP	TN	Family0041654	p0_c0_r1	both_directions	direct_edge	1	1.1491907427815695	21835009	tr|F1R9Z0|F1R9Z0_DANRE,tr|G3R4X1|G3R4X1_GORGO
TRFE	F1R9Z0	G3RDQ3	FP	TN	Family0041654	p0_c0_r0	both_directions	direct_edge	1	1.1395530910865659	21835010	tr|F1R9Z0|F1R9Z0_DANRE,tr|G3RDQ3|G3RDQ3_GORGO
TRFE	F1R9Z0	G3RDQ3	FP	TN	Family0041654	p0_c0_r1	both_directions	direct_edge	1	1.1395530910865659	21835010	tr|F1R9Z0|F1R9Z0_DANRE,tr|G3RDQ3|G3RDQ3_GORGO
TRFE	F1R9Z0	G3X6N3	FP	TN	Family0041654	p0_c0_r0	both_directions	direct_edge	1	1.1790849430235883	21835011	tr|F1R9Z0|F1R9Z0_DANRE,tr|G3X6N3|G3X6N3_BOVIN
TRFE	F1R9Z0	G3X6N3	FP	TN	Family0041654	p0_c0_r1	both_directions	direct_edge	1	1.1790849430235883	21835011	tr|F1R9Z0|F1R9Z0_DANRE,tr|G3X6N3|G3X6N3_BOVIN
TRFE	F1R9Z0	H2M6H2	FP	TN	Family0041654	p0_c0_r0	both_directions	direct_edge	1	1.0760918918349303	21835012	tr|F1R9Z0|F1R9Z0_DANRE,tr|H2M6H2|H2M6H2_ORYLA
TRFE	F1R9Z0	H2M6H2	FP	TN	Family0041654	p0_c0_r1	both_directions	direct_edge	1	1.0760918918349303	21835012	tr|F1R9Z0|F1R9Z0_DANRE,tr|H2M6H2|H2M6H2_ORYLA
TRFE	F1R9Z0	H2QMG6	FP	TN	Family0041654	p0_c0_r0	no_direct_hit	indirect_path	2			tr|F1R9Z0|F1R9Z0_DANRE,sp|A5A6I6|TRFE_PANTR,tr|H2QMG6|H2QMG6_PANTR
TRFE	F1R9Z0	H2QMG6	FP	TN	Family0041654	p0_c0_r1	no_direct_hit	indirect_path	2			tr|F1R9Z0|F1R9Z0_DANRE,sp|A5A6I6|TRFE_PANTR,tr|H2QMG6|H2QMG6_PANTR
TRFE	F1R9Z0	H2QP17	FP	TN	Family0041654	p0_c0_r0	no_direct_hit	indirect_path	2			tr|F1R9Z0|F1R9Z0_DANRE,sp|A5A6I6|TRFE_PANTR,tr|H2QP17|H2QP17_PANTR
TRFE	F1R9Z0	H2QP17	FP	TN	Family0041654	p0_c0_r1	no_direct_hit	indirect_path	2			tr|F1R9Z0|F1R9Z0_DANRE,sp|A5A6I6|TRFE_PANTR,tr|H2QP17|H2QP17_PANTR
TRFE	F1R9Z0	P02787	FP	TN	Family0041654	p0_c0_r0	both_directions	direct_edge	1	1.1463946582492541	1309594	tr|F1R9Z0|F1R9Z0_DANRE,sp|P02787|TRFE_HUMAN
TRFE	F1R9Z0	P02787	FP	TN	Family0041654	p0_c0_r1	both_directions	direct_edge	1	1.1463946582492541	1309594	tr|F1R9Z0|F1R9Z0_DANRE,sp|P02787|TRFE_HUMAN
TRFE	F1R9Z0	P02788	FP	TN	Family0041654	p0_c0_r0	both_directions	indirect_path	2			tr|F1R9Z0|F1R9Z0_DANRE,sp|A5A6I6|TRFE_PANTR,sp|P02788|TRFL_HUMAN
TRFE	F1R9Z0	P02788	FP	TN	Family0041654	p0_c0_r1	both_directions	indirect_path	2			tr|F1R9Z0|F1R9Z0_DANRE,sp|A5A6I6|TRFE_PANTR,sp|P02788|TRFL_HUMAN
TRFE	F1R9Z0	P02789	FP	TN	Family0041654	p0_c0_r0	both_directions	direct_edge	1	1.2352828727856262	1309660	tr|F1R9Z0|F1R9Z0_DANRE,sp|P02789|TRFE_CHICK
TRFE	F1R9Z0	P02789	FP	TN	Family0041654	p0_c0_r1	both_directions	direct_edge	1	1.2352828727856262	1309660	tr|F1R9Z0|F1R9Z0_DANRE,sp|P02789|TRFE_CHICK
TRFE	F1R9Z0	P08071	FP	TN	Family0041654	p0_c0_r0	no_direct_hit	indirect_path	2			tr|F1R9Z0|F1R9Z0_DANRE,sp|A5A6I6|TRFE_PANTR,sp|P08071|TRFL_MOUSE
TRFE	F1R9Z0	P08071	FP	TN	Family0041654	p0_c0_r1	no_direct_hit	indirect_path	2			tr|F1R9Z0|F1R9Z0_DANRE,sp|A5A6I6|TRFE_PANTR,sp|P08071|TRFL_MOUSE
TRFE	F1R9Z0	P08582	FP	TN	Family0041654	p0_c0_r0	both_directions	direct_edge	1	1.1434464422856452	1466333	tr|F1R9Z0|F1R9Z0_DANRE,sp|P08582|TRFM_HUMAN
TRFE	F1R9Z0	P08582	FP	TN	Family0041654	p0_c0_r1	both_directions	direct_edge	1	1.1434464422856452	1466333	tr|F1R9Z0|F1R9Z0_DANRE,sp|P08582|TRFM_HUMAN
TRFE	F1R9Z0	P12346	FP	TN	Family0041654	p0_c0_r0	both_directions	direct_edge	1	1.1981222220970864	1751916	tr|F1R9Z0|F1R9Z0_DANRE,sp|P12346|TRFE_RAT
TRFE	F1R9Z0	P12346	FP	TN	Family0041654	p0_c0_r1	both_directions	direct_edge	1	1.1981222220970864	1751916	tr|F1R9Z0|F1R9Z0_DANRE,sp|P12346|TRFE_RAT
TRFE	F1R9Z0	P24627	FP	TN	Family0041654	p0_c0_r0	both_directions	direct_edge	1	1.1438223953888391	2104019	tr|F1R9Z0|F1R9Z0_DANRE,sp|P24627|TRFL_BOVIN
TRFE	F1R9Z0	P24627	FP	TN	Family0041654	p0_c0_r1	both_directions	direct_edge	1	1.1438223953888391	2104019	tr|F1R9Z0|F1R9Z0_DANRE,sp|P24627|TRFL_BOVIN
TRFE	F1R9Z0	Q501K5	FP	TN	Family0041654	p0_c0_r0	both_directions	direct_edge	1	1.135345280304291	4466117	tr|F1R9Z0|F1R9Z0_DANRE,sp|Q501K5|TRFE_XENTR
TRFE	F1R9Z0	Q501K5	FP	TN	Family0041654	p0_c0_r1	both_directions	direct_edge	1	1.135345280304291	4466117	tr|F1R9Z0|F1R9Z0_DANRE,sp|Q501K5|TRFE_XENTR
TRFE	F1R9Z0	Q921I1	FP	TN	Family0041654	p0_c0_r0	both_directions	direct_edge	1	1.2437508329392202	6674638	tr|F1R9Z0|F1R9Z0_DANRE,sp|Q921I1|TRFE_MOUSE
TRFE	F1R9Z0	Q921I1	FP	TN	Family0041654	p0_c0_r1	both_directions	direct_edge	1	1.2437508329392202	6674638	tr|F1R9Z0|F1R9Z0_DANRE,sp|Q921I1|TRFE_MOUSE
TRFE	F1R9Z0	Q9DBD0	FP	TN	Family0041654	p0_c0_r0	both_directions	direct_edge	1	1.1042705147351832	7083399	tr|F1R9Z0|F1R9Z0_DANRE,sp|Q9DBD0|ICA_MOUSE
TRFE	F1R9Z0	Q9DBD0	FP	TN	Family0041654	p0_c0_r1	both_directions	direct_edge	1	1.1042705147351832	7083399	tr|F1R9Z0|F1R9Z0_DANRE,sp|Q9DBD0|ICA_MOUSE
TRFE	F1R9Z0	Q9R0R1	FP	TN	Family0041654	p0_c0_r0	both_directions	direct_edge	1	1.0944998644945831	7609464	tr|F1R9Z0|F1R9Z0_DANRE,sp|Q9R0R1|TRFM_MOUSE
TRFE	F1R9Z0	Q9R0R1	FP	TN	Family0041654	p0_c0_r1	both_directions	direct_edge	1	1.0944998644945831	7609464	tr|F1R9Z0|F1R9Z0_DANRE,sp|Q9R0R1|TRFM_MOUSE
TRFE	G3QYG5	G3X6N3	FP	TN	Family0041654	p0_c0_r0	both_directions	direct_edge	1	3.2226542748756017	22891696	tr|G3QYG5|G3QYG5_GORGO,tr|G3X6N3|G3X6N3_BOVIN
TRFE	G3QYG5	G3X6N3	FP	TN	Family0041654	p0_c0_r1	both_directions	direct_edge	1	3.2226542748756017	22891696	tr|G3QYG5|G3QYG5_GORGO,tr|G3X6N3|G3X6N3_BOVIN
TRFE	G3QYG5	H2M6H2	FP	TN	Family0041654	p0_c0_r0	both_directions	direct_edge	1	1.3417571652616327	22891697	tr|G3QYG5|G3QYG5_GORGO,tr|H2M6H2|H2M6H2_ORYLA
TRFE	G3QYG5	H2M6H2	FP	TN	Family0041654	p0_c0_r1	both_directions	direct_edge	1	1.3417571652616327	22891697	tr|G3QYG5|G3QYG5_GORGO,tr|H2M6H2|H2M6H2_ORYLA
TRFE	G3QYG5	H2QP17	FP	TN	Family0041654	p0_c0_r0	no_direct_hit	indirect_path	2			tr|G3QYG5|G3QYG5_GORGO,sp|A5A6I6|TRFE_PANTR,tr|H2QP17|H2QP17_PANTR
TRFE	G3QYG5	H2QP17	FP	TN	Family0041654	p0_c0_r1	no_direct_hit	indirect_path	2			tr|G3QYG5|G3QYG5_GORGO,sp|A5A6I6|TRFE_PANTR,tr|H2QP17|H2QP17_PANTR
TRFE	G3QYG5	P02787	FP	TN	Family0041654	p0_c0_r0	both_directions	direct_edge	1	3.074651806775487	1309596	tr|G3QYG5|G3QYG5_GORGO,sp|P02787|TRFE_HUMAN
TRFE	G3QYG5	P02787	FP	TN	Family0041654	p0_c0_r1	both_directions	direct_edge	1	3.074651806775487	1309596	tr|G3QYG5|G3QYG5_GORGO,sp|P02787|TRFE_HUMAN
TRFE	G3QYG5	P08582	FP	TN	Family0041654	p0_c0_r0	no_direct_hit	indirect_path	2			tr|G3QYG5|G3QYG5_GORGO,sp|A5A6I6|TRFE_PANTR,sp|P08582|TRFM_HUMAN
TRFE	G3QYG5	P08582	FP	TN	Family0041654	p0_c0_r1	no_direct_hit	indirect_path	2			tr|G3QYG5|G3QYG5_GORGO,sp|A5A6I6|TRFE_PANTR,sp|P08582|TRFM_HUMAN
TRFE	G3QYG5	P12346	FP	TN	Family0041654	p0_c0_r0	both_directions	direct_edge	1	2.9838033692715022	1751919	tr|G3QYG5|G3QYG5_GORGO,sp|P12346|TRFE_RAT
TRFE	G3QYG5	P12346	FP	TN	Family0041654	p0_c0_r1	both_directions	direct_edge	1	2.9838033692715022	1751919	tr|G3QYG5|G3QYG5_GORGO,sp|P12346|TRFE_RAT
TRFE	G3QYG5	Q921I1	FP	TN	Family0041654	p0_c0_r0	both_directions	direct_edge	1	2.9589530930048458	6674640	tr|G3QYG5|G3QYG5_GORGO,sp|Q921I1|TRFE_MOUSE
TRFE	G3QYG5	Q921I1	FP	TN	Family0041654	p0_c0_r1	both_directions	direct_edge	1	2.9589530930048458	6674640	tr|G3QYG5|G3QYG5_GORGO,sp|Q921I1|TRFE_MOUSE
TRFE	G3QYG5	Q9DBD0	FP	TN	Family0041654	p0_c0_r0	both_directions	direct_edge	1	2.954023148641266	7083402	tr|G3QYG5|G3QYG5_GORGO,sp|Q9DBD0|ICA_MOUSE
TRFE	G3QYG5	Q9DBD0	FP	TN	Family0041654	p0_c0_r1	both_directions	direct_edge	1	2.954023148641266	7083402	tr|G3QYG5|G3QYG5_GORGO,sp|Q9DBD0|ICA_MOUSE
TRFE	G3QYG5	Q9R0R1	FP	TN	Family0041654	p0_c0_r0	no_direct_hit	indirect_path	2			tr|G3QYG5|G3QYG5_GORGO,sp|A5A6I6|TRFE_PANTR,sp|Q9R0R1|TRFM_MOUSE
TRFE	G3QYG5	Q9R0R1	FP	TN	Family0041654	p0_c0_r1	no_direct_hit	indirect_path	2			tr|G3QYG5|G3QYG5_GORGO,sp|A5A6I6|TRFE_PANTR,sp|Q9R0R1|TRFM_MOUSE
TRFE	G3R4X1	H2M6H2	FP	TN	Family0041654	p0_c0_r0	both_directions	direct_edge	1	1.3907183112346793	22924151	tr|G3R4X1|G3R4X1_GORGO,tr|H2M6H2|H2M6H2_ORYLA
TRFE	G3R4X1	H2M6H2	FP	TN	Family0041654	p0_c0_r1	both_directions	direct_edge	1	1.3907183112346793	22924151	tr|G3R4X1|G3R4X1_GORGO,tr|H2M6H2|H2M6H2_ORYLA
TRFE	G3R4X1	H2QMG6	FP	TN	Family0041654	p0_c0_r0	both_directions	direct_edge	1	3.086007861463485	22924153	tr|G3R4X1|G3R4X1_GORGO,tr|H2QMG6|H2QMG6_PANTR
TRFE	G3R4X1	H2QMG6	FP	TN	Family0041654	p0_c0_r1	both_directions	direct_edge	1	3.086007861463485	22924153	tr|G3R4X1|G3R4X1_GORGO,tr|H2QMG6|H2QMG6_PANTR
TRFE	G3R4X1	H2QP17	FP	TN	Family0041654	p0_c0_r0	both_directions	direct_edge	1	1.4633654108335197	22924154	tr|G3R4X1|G3R4X1_GORGO,tr|H2QP17|H2QP17_PANTR
TRFE	G3R4X1	H2QP17	FP	TN	Family0041654	p0_c0_r1	both_directions	direct_edge	1	1.4633654108335197	22924154	tr|G3R4X1|G3R4X1_GORGO,tr|H2QP17|H2QP17_PANTR
TRFE	G3R4X1	P02788	FP	TN	Family0041654	p0_c0_r0	both_directions	direct_edge	1	3.08960084788462	1309628	tr|G3R4X1|G3R4X1_GORGO,sp|P02788|TRFL_HUMAN
TRFE	G3R4X1	P02788	FP	TN	Family0041654	p0_c0_r1	both_directions	direct_edge	1	3.08960084788462	1309628	tr|G3R4X1|G3R4X1_GORGO,sp|P02788|TRFL_HUMAN
TRFE	G3R4X1	P08071	FP	TN	Family0041654	p0_c0_r0	both_directions	direct_edge	1	2.8399159168574477	1443425	tr|G3R4X1|G3R4X1_GORGO,sp|P08071|TRFL_MOUSE
TRFE	G3R4X1	P08071	FP	TN	Family0041654	p0_c0_r1	both_directions	direct_edge	1	2.8399159168574477	1443425	tr|G3R4X1|G3R4X1_GORGO,sp|P08071|TRFL_MOUSE
TRFE	G3R4X1	P08582	FP	TN	Family0041654	p0_c0_r0	both_directions	direct_edge	1	1.4699297083946414	1466335	tr|G3R4X1|G3R4X1_GORGO,sp|P08582|TRFM_HUMAN
TRFE	G3R4X1	P08582	FP	TN	Family0041654	p0_c0_r1	both_directions	direct_edge	1	1.4699297083946414	1466335	tr|G3R4X1|G3R4X1_GORGO,sp|P08582|TRFM_HUMAN
TRFE	G3R4X1	P24627	FP	TN	Family0041654	p0_c0_r0	both_directions	direct_edge	1	3.113876768638096	2104023	tr|G3R4X1|G3R4X1_GORGO,sp|P24627|TRFL_BOVIN
TRFE	G3R4X1	P24627	FP	TN	Family0041654	p0_c0_r1	both_directions	direct_edge	1	3.113876768638096	2104023	tr|G3R4X1|G3R4X1_GORGO,sp|P24627|TRFL_BOVIN
TRFE	G3R4X1	Q9DBD0	FP	TN	Family0041654	p0_c0_r0	both_directions	direct_edge	1	3.1487871993598153	7083403	tr|G3R4X1|G3R4X1_GORGO,sp|Q9DBD0|ICA_MOUSE
TRFE	G3R4X1	Q9DBD0	FP	TN	Family0041654	p0_c0_r1	both_directions	direct_edge	1	3.1487871993598153	7083403	tr|G3R4X1|G3R4X1_GORGO,sp|Q9DBD0|ICA_MOUSE
TRFE	G3R4X1	Q9R0R1	FP	TN	Family0041654	p0_c0_r0	both_directions	direct_edge	1	1.4448503389623157	7609465	tr|G3R4X1|G3R4X1_GORGO,sp|Q9R0R1|TRFM_MOUSE
TRFE	G3R4X1	Q9R0R1	FP	TN	Family0041654	p0_c0_r1	both_directions	direct_edge	1	1.4448503389623157	7609465	tr|G3R4X1|G3R4X1_GORGO,sp|Q9R0R1|TRFM_MOUSE
TRFE	G3RDQ3	G3X6N3	FP	TN	Family0041654	p0_c0_r0	both_directions	direct_edge	1	1.4448012295417578	22969870	tr|G3RDQ3|G3RDQ3_GORGO,tr|G3X6N3|G3X6N3_BOVIN
TRFE	G3RDQ3	G3X6N3	FP	TN	Family0041654	p0_c0_r1	both_directions	direct_edge	1	1.4448012295417578	22969870	tr|G3RDQ3|G3RDQ3_GORGO,tr|G3X6N3|G3X6N3_BOVIN
TRFE	G3RDQ3	H2QMG6	FP	TN	Family0041654	p0_c0_r0	no_direct_hit	indirect_path	2			tr|G3RDQ3|G3RDQ3_GORGO,sp|P02789|TRFE_CHICK,tr|H2QMG6|H2QMG6_PANTR
TRFE	G3RDQ3	H2QMG6	FP	TN	Family0041654	p0_c0_r1	no_direct_hit	indirect_path	2			tr|G3RDQ3|G3RDQ3_GORGO,sp|P02789|TRFE_CHICK,tr|H2QMG6|H2QMG6_PANTR
TRFE	G3RDQ3	P02787	FP	TN	Family0041654	p0_c0_r0	no_direct_hit	indirect_path	2			tr|G3RDQ3|G3RDQ3_GORGO,sp|P02789|TRFE_CHICK,sp|P02787|TRFE_HUMAN
TRFE	G3RDQ3	P02787	FP	TN	Family0041654	p0_c0_r1	no_direct_hit	indirect_path	2			tr|G3RDQ3|G3RDQ3_GORGO,sp|P02789|TRFE_CHICK,sp|P02787|TRFE_HUMAN
TRFE	G3RDQ3	P02788	FP	TN	Family0041654	p0_c0_r0	no_direct_hit	indirect_path	2			tr|G3RDQ3|G3RDQ3_GORGO,sp|P02789|TRFE_CHICK,sp|P02788|TRFL_HUMAN
TRFE	G3RDQ3	P02788	FP	TN	Family0041654	p0_c0_r1	no_direct_hit	indirect_path	2			tr|G3RDQ3|G3RDQ3_GORGO,sp|P02789|TRFE_CHICK,sp|P02788|TRFL_HUMAN
TRFE	G3RDQ3	P02789	FP	TN	Family0041654	p0_c0_r0	both_directions	direct_edge	1	1.4049052869315521	1309665	tr|G3RDQ3|G3RDQ3_GORGO,sp|P02789|TRFE_CHICK
TRFE	G3RDQ3	P02789	FP	TN	Family0041654	p0_c0_r1	both_directions	direct_edge	1	1.4049052869315521	1309665	tr|G3RDQ3|G3RDQ3_GORGO,sp|P02789|TRFE_CHICK
TRFE	G3RDQ3	P08071	FP	TN	Family0041654	p0_c0_r0	both_directions	direct_edge	1	1.4209384011909492	1443426	tr|G3RDQ3|G3RDQ3_GORGO,sp|P08071|TRFL_MOUSE
TRFE	G3RDQ3	P08071	FP	TN	Family0041654	p0_c0_r1	both_directions	direct_edge	1	1.4209384011909492	1443426	tr|G3RDQ3|G3RDQ3_GORGO,sp|P08071|TRFL_MOUSE
TRFE	G3RDQ3	P12346	FP	TN	Family0041654	p0_c0_r0	no_direct_hit	indirect_path	2			tr|G3RDQ3|G3RDQ3_GORGO,sp|P02789|TRFE_CHICK,sp|P12346|TRFE_RAT
TRFE	G3RDQ3	P12346	FP	TN	Family0041654	p0_c0_r1	no_direct_hit	indirect_path	2			tr|G3RDQ3|G3RDQ3_GORGO,sp|P02789|TRFE_CHICK,sp|P12346|TRFE_RAT
TRFE	G3RDQ3	P24627	FP	TN	Family0041654	p0_c0_r0	both_directions	direct_edge	1	1.4822731494266423	2104024	tr|G3RDQ3|G3RDQ3_GORGO,sp|P24627|TRFL_BOVIN
TRFE	G3RDQ3	P24627	FP	TN	Family0041654	p0_c0_r1	both_directions	direct_edge	1	1.4822731494266423	2104024	tr|G3RDQ3|G3RDQ3_GORGO,sp|P24627|TRFL_BOVIN
TRFE	G3RDQ3	Q501K5	FP	TN	Family0041654	p0_c0_r0	no_direct_hit	indirect_path	2			tr|G3RDQ3|G3RDQ3_GORGO,sp|P02789|TRFE_CHICK,sp|Q501K5|TRFE_XENTR
TRFE	G3RDQ3	Q501K5	FP	TN	Family0041654	p0_c0_r1	no_direct_hit	indirect_path	2			tr|G3RDQ3|G3RDQ3_GORGO,sp|P02789|TRFE_CHICK,sp|Q501K5|TRFE_XENTR
TRFE	G3RDQ3	Q921I1	FP	TN	Family0041654	p0_c0_r0	both_directions	direct_edge	1	1.3738515315311686	6674642	tr|G3RDQ3|G3RDQ3_GORGO,sp|Q921I1|TRFE_MOUSE
TRFE	G3RDQ3	Q921I1	FP	TN	Family0041654	p0_c0_r1	both_directions	direct_edge	1	1.3738515315311686	6674642	tr|G3RDQ3|G3RDQ3_GORGO,sp|Q921I1|TRFE_MOUSE
TRFE	G3RDQ3	Q9DBD0	FP	TN	Family0041654	p0_c0_r0	both_directions	direct_edge	1	1.2343712408544065	7083404	tr|G3RDQ3|G3RDQ3_GORGO,sp|Q9DBD0|ICA_MOUSE
TRFE	G3RDQ3	Q9DBD0	FP	TN	Family0041654	p0_c0_r1	both_directions	direct_edge	1	1.2343712408544065	7083404	tr|G3RDQ3|G3RDQ3_GORGO,sp|Q9DBD0|ICA_MOUSE
TRFE	G3X6N3	H2M6H2	FP	TN	Family0041654	p0_c0_r0	both_directions	direct_edge	1	1.2938594222259407	23129920	tr|G3X6N3|G3X6N3_BOVIN,tr|H2M6H2|H2M6H2_ORYLA
TRFE	G3X6N3	H2M6H2	FP	TN	Family0041654	p0_c0_r1	both_directions	direct_edge	1	1.2938594222259407	23129920	tr|G3X6N3|G3X6N3_BOVIN,tr|H2M6H2|H2M6H2_ORYLA
TRFE	G3X6N3	H2QMG6	FP	TN	Family0041654	p0_c0_r0	both_directions	direct_edge	1	3.208519826301586	23129921	tr|G3X6N3|G3X6N3_BOVIN,tr|H2QMG6|H2QMG6_PANTR
TRFE	G3X6N3	H2QMG6	FP	TN	Family0041654	p0_c0_r1	both_directions	direct_edge	1	3.208519826301586	23129921	tr|G3X6N3|G3X6N3_BOVIN,tr|H2QMG6|H2QMG6_PANTR
TRFE	G3X6N3	H2QP17	FP	TN	Family0041654	p0_c0_r0	both_directions	direct_edge	1	1.4404792238235988	23129922	tr|G3X6N3|G3X6N3_BOVIN,tr|H2QP17|H2QP17_PANTR
TRFE	G3X6N3	H2QP17	FP	TN	Family0041654	p0_c0_r1	both_directions	direct_edge	1	1.4404792238235988	23129922	tr|G3X6N3|G3X6N3_BOVIN,tr|H2QP17|H2QP17_PANTR
TRFE	G3X6N3	P02788	FP	TN	Family0041654	p0_c0_r0	both_directions	direct_edge	1	3.2136074320415564	1309629	tr|G3X6N3|G3X6N3_BOVIN,sp|P02788|TRFL_HUMAN
TRFE	G3X6N3	P02788	FP	TN	Family0041654	p0_c0_r1	both_directions	direct_edge	1	3.2136074320415564	1309629	tr|G3X6N3|G3X6N3_BOVIN,sp|P02788|TRFL_HUMAN
TRFE	G3X6N3	P08071	FP	TN	Family0041654	p0_c0_r0	both_directions	direct_edge	1	2.941183118435634	1443427	tr|G3X6N3|G3X6N3_BOVIN,sp|P08071|TRFL_MOUSE
TRFE	G3X6N3	P08071	FP	TN	Family0041654	p0_c0_r1	both_directions	direct_edge	1	2.941183118435634	1443427	tr|G3X6N3|G3X6N3_BOVIN,sp|P08071|TRFL_MOUSE
TRFE	G3X6N3	P08582	FP	TN	Family0041654	p0_c0_r0	both_directions	direct_edge	1	1.4483915691111584	1466337	tr|G3X6N3|G3X6N3_BOVIN,sp|P08582|TRFM_HUMAN
TRFE	G3X6N3	P08582	FP	TN	Family0041654	p0_c0_r1	both_directions	direct_edge	1	1.4483915691111584	1466337	tr|G3X6N3|G3X6N3_BOVIN,sp|P08582|TRFM_HUMAN
TRFE	G3X6N3	Q9DBD0	FP	TN	Family0041654	p0_c0_r0	both_directions	direct_edge	1	3.143887403080262	7083405	tr|G3X6N3|G3X6N3_BOVIN,sp|Q9DBD0|ICA_MOUSE
TRFE	G3X6N3	Q9DBD0	FP	TN	Family0041654	p0_c0_r1	both_directions	direct_edge	1	3.143887403080262	7083405	tr|G3X6N3|G3X6N3_BOVIN,sp|Q9DBD0|ICA_MOUSE
TRFE	G3X6N3	Q9R0R1	FP	TN	Family0041654	p0_c0_r0	both_directions	direct_edge	1	1.4081584699691818	7609467	tr|G3X6N3|G3X6N3_BOVIN,sp|Q9R0R1|TRFM_MOUSE
TRFE	G3X6N3	Q9R0R1	FP	TN	Family0041654	p0_c0_r1	both_directions	direct_edge	1	1.4081584699691818	7609467	tr|G3X6N3|G3X6N3_BOVIN,sp|Q9R0R1|TRFM_MOUSE
TRFE	H2M6H2	H2QMG6	FP	TN	Family0041654	p0_c0_r0	both_directions	direct_edge	1	1.3556758080548033	23309030	tr|H2M6H2|H2M6H2_ORYLA,tr|H2QMG6|H2QMG6_PANTR
TRFE	H2M6H2	H2QMG6	FP	TN	Family0041654	p0_c0_r1	both_directions	direct_edge	1	1.3556758080548033	23309030	tr|H2M6H2|H2M6H2_ORYLA,tr|H2QMG6|H2QMG6_PANTR
TRFE	H2M6H2	P02787	FP	TN	Family0041654	p0_c0_r0	both_directions	direct_edge	1	1.3893135452637353	1309599	tr|H2M6H2|H2M6H2_ORYLA,sp|P02787|TRFE_HUMAN
TRFE	H2M6H2	P02787	FP	TN	Family0041654	p0_c0_r1	both_directions	direct_edge	1	1.3893135452637353	1309599	tr|H2M6H2|H2M6H2_ORYLA,sp|P02787|TRFE_HUMAN
TRFE	H2M6H2	P02788	FP	TN	Family0041654	p0_c0_r0	both_directions	direct_edge	1	1.3482731086789703	1309630	tr|H2M6H2|H2M6H2_ORYLA,sp|P02788|TRFL_HUMAN
TRFE	H2M6H2	P02788	FP	TN	Family0041654	p0_c0_r1	both_directions	direct_edge	1	1.3482731086789703	1309630	tr|H2M6H2|H2M6H2_ORYLA,sp|P02788|TRFL_HUMAN
TRFE	H2M6H2	P02789	FP	TN	Family0041654	p0_c0_r0	both_directions	direct_edge	1	1.2761681711066242	1309667	tr|H2M6H2|H2M6H2_ORYLA,sp|P02789|TRFE_CHICK
TRFE	H2M6H2	P02789	FP	TN	Family0041654	p0_c0_r1	both_directions	direct_edge	1	1.2761681711066242	1309667	tr|H2M6H2|H2M6H2_ORYLA,sp|P02789|TRFE_CHICK
TRFE	H2M6H2	P08071	FP	TN	Family0041654	p0_c0_r0	both_directions	direct_edge	1	1.2883198068975081	1443428	tr|H2M6H2|H2M6H2_ORYLA,sp|P08071|TRFL_MOUSE
TRFE	H2M6H2	P08071	FP	TN	Family0041654	p0_c0_r1	both_directions	direct_edge	1	1.2883198068975081	1443428	tr|H2M6H2|H2M6H2_ORYLA,sp|P08071|TRFL_MOUSE
TRFE	H2M6H2	P12346	FP	TN	Family0041654	p0_c0_r0	both_directions	direct_edge	1	1.246027416227435	1751922	tr|H2M6H2|H2M6H2_ORYLA,sp|P12346|TRFE_RAT
TRFE	H2M6H2	P12346	FP	TN	Family0041654	p0_c0_r1	both_directions	direct_edge	1	1.246027416227435	1751922	tr|H2M6H2|H2M6H2_ORYLA,sp|P12346|TRFE_RAT
TRFE	H2M6H2	P24627	FP	TN	Family0041654	p0_c0_r0	both_directions	direct_edge	1	1.3850463569288411	2104026	tr|H2M6H2|H2M6H2_ORYLA,sp|P24627|TRFL_BOVIN
TRFE	H2M6H2	P24627	FP	TN	Family0041654	p0_c0_r1	both_directions	direct_edge	1	1.3850463569288411	2104026	tr|H2M6H2|H2M6H2_ORYLA,sp|P24627|TRFL_BOVIN
TRFE	H2M6H2	Q501K5	FP	TN	Family0041654	p0_c0_r0	both_directions	direct_edge	1	1.2807817221633266	4466122	tr|H2M6H2|H2M6H2_ORYLA,sp|Q501K5|TRFE_XENTR
TRFE	H2M6H2	Q501K5	FP	TN	Family0041654	p0_c0_r1	both_directions	direct_edge	1	1.2807817221633266	4466122	tr|H2M6H2|H2M6H2_ORYLA,sp|Q501K5|TRFE_XENTR
TRFE	H2M6H2	Q921I1	FP	TN	Family0041654	p0_c0_r0	both_directions	direct_edge	1	1.2272401195616016	6674644	tr|H2M6H2|H2M6H2_ORYLA,sp|Q921I1|TRFE_MOUSE
TRFE	H2M6H2	Q921I1	FP	TN	Family0041654	p0_c0_r1	both_directions	direct_edge	1	1.2272401195616016	6674644	tr|H2M6H2|H2M6H2_ORYLA,sp|Q921I1|TRFE_MOUSE
TRFE	H2M6H2	Q9DBD0	FP	TN	Family0041654	p0_c0_r0	both_directions	direct_edge	1	1.0352352024729439	7083406	tr|H2M6H2|H2M6H2_ORYLA,sp|Q9DBD0|ICA_MOUSE
TRFE	H2M6H2	Q9DBD0	FP	TN	Family0041654	p0_c0_r1	both_directions	direct_edge	1	1.0352352024729439	7083406	tr|H2M6H2|H2M6H2_ORYLA,sp|Q9DBD0|ICA_MOUSE
TRFE	H2QMG6	P02787	FP	TN	Family0041654	p0_c0_r0	both_directions	direct_edge	1	3.0845883546274853	1309601	tr|H2QMG6|H2QMG6_PANTR,sp|P02787|TRFE_HUMAN
TRFE	H2QMG6	P02787	FP	TN	Family0041654	p0_c0_r1	both_directions	direct_edge	1	3.0845883546274853	1309601	tr|H2QMG6|H2QMG6_PANTR,sp|P02787|TRFE_HUMAN
TRFE	H2QMG6	P08582	FP	TN	Family0041654	p0_c0_r0	no_direct_hit	indirect_path	2			tr|H2QMG6|H2QMG6_PANTR,sp|A5A6I6|TRFE_PANTR,sp|P08582|TRFM_HUMAN
TRFE	H2QMG6	P08582	FP	TN	Family0041654	p0_c0_r1	no_direct_hit	indirect_path	2			tr|H2QMG6|H2QMG6_PANTR,sp|A5A6I6|TRFE_PANTR,sp|P08582|TRFM_HUMAN
TRFE	H2QMG6	P12346	FP	TN	Family0041654	p0_c0_r0	both_directions	direct_edge	1	2.9951594239595	1751923	tr|H2QMG6|H2QMG6_PANTR,sp|P12346|TRFE_RAT
TRFE	H2QMG6	P12346	FP	TN	Family0041654	p0_c0_r1	both_directions	direct_edge	1	2.9951594239595	1751923	tr|H2QMG6|H2QMG6_PANTR,sp|P12346|TRFE_RAT
TRFE	H2QMG6	Q921I1	FP	TN	Family0041654	p0_c0_r0	both_directions	direct_edge	1	2.9632146673106616	6674645	tr|H2QMG6|H2QMG6_PANTR,sp|Q921I1|TRFE_MOUSE
TRFE	H2QMG6	Q921I1	FP	TN	Family0041654	p0_c0_r1	both_directions	direct_edge	1	2.9632146673106616	6674645	tr|H2QMG6|H2QMG6_PANTR,sp|Q921I1|TRFE_MOUSE
TRFE	H2QMG6	Q9DBD0	FP	TN	Family0041654	p0_c0_r0	both_directions	direct_edge	1	2.938430895937305	7083407	tr|H2QMG6|H2QMG6_PANTR,sp|Q9DBD0|ICA_MOUSE
TRFE	H2QMG6	Q9DBD0	FP	TN	Family0041654	p0_c0_r1	both_directions	direct_edge	1	2.938430895937305	7083407	tr|H2QMG6|H2QMG6_PANTR,sp|Q9DBD0|ICA_MOUSE
TRFE	H2QMG6	Q9R0R1	FP	TN	Family0041654	p0_c0_r0	no_direct_hit	indirect_path	2			tr|H2QMG6|H2QMG6_PANTR,sp|A5A6I6|TRFE_PANTR,sp|Q9R0R1|TRFM_MOUSE
TRFE	H2QMG6	Q9R0R1	FP	TN	Family0041654	p0_c0_r1	no_direct_hit	indirect_path	2			tr|H2QMG6|H2QMG6_PANTR,sp|A5A6I6|TRFE_PANTR,sp|Q9R0R1|TRFM_MOUSE
TRFE	H2QP17	P02787	FP	TN	Family0041654	p0_c0_r0	both_directions	direct_edge	1	1.4675424767064984	1309602	tr|H2QP17|H2QP17_PANTR,sp|P02787|TRFE_HUMAN
TRFE	H2QP17	P02787	FP	TN	Family0041654	p0_c0_r1	both_directions	direct_edge	1	1.4675424767064984	1309602	tr|H2QP17|H2QP17_PANTR,sp|P02787|TRFE_HUMAN
TRFE	H2QP17	P02788	FP	TN	Family0041654	p0_c0_r0	no_direct_hit	indirect_path	2			tr|H2QP17|H2QP17_PANTR,sp|A5A6I6|TRFE_PANTR,sp|P02788|TRFL_HUMAN
TRFE	H2QP17	P02788	FP	TN	Family0041654	p0_c0_r1	no_direct_hit	indirect_path	2			tr|H2QP17|H2QP17_PANTR,sp|A5A6I6|TRFE_PANTR,sp|P02788|TRFL_HUMAN
TRFE	H2QP17	P02789	FP	TN	Family0041654	p0_c0_r0	both_directions	direct_edge	1	1.3951236241906053	1309669	tr|H2QP17|H2QP17_PANTR,sp|P02789|TRFE_CHICK
TRFE	H2QP17	P02789	FP	TN	Family0041654	p0_c0_r1	both_directions	direct_edge	1	1.3951236241906053	1309669	tr|H2QP17|H2QP17_PANTR,sp|P02789|TRFE_CHICK
TRFE	H2QP17	P08071	FP	TN	Family0041654	p0_c0_r0	both_directions	direct_edge	1	1.4097505020052739	1443430	tr|H2QP17|H2QP17_PANTR,sp|P08071|TRFL_MOUSE
TRFE	H2QP17	P08071	FP	TN	Family0041654	p0_c0_r1	both_directions	direct_edge	1	1.4097505020052739	1443430	tr|H2QP17|H2QP17_PANTR,sp|P08071|TRFL_MOUSE
TRFE	H2QP17	P12346	FP	TN	Family0041654	p0_c0_r0	both_directions	direct_edge	1	1.3728623169189824	1751924	tr|H2QP17|H2QP17_PANTR,sp|P12346|TRFE_RAT
TRFE	H2QP17	P12346	FP	TN	Family0041654	p0_c0_r1	both_directions	direct_edge	1	1.3728623169189824	1751924	tr|H2QP17|H2QP17_PANTR,sp|P12346|TRFE_RAT
TRFE	H2QP17	P24627	FP	TN	Family0041654	p0_c0_r0	both_directions	direct_edge	1	1.4834088781598689	2104029	tr|H2QP17|H2QP17_PANTR,sp|P24627|TRFL_BOVIN
TRFE	H2QP17	P24627	FP	TN	Family0041654	p0_c0_r1	both_directions	direct_edge	1	1.4834088781598689	2104029	tr|H2QP17|H2QP17_PANTR,sp|P24627|TRFL_BOVIN
TRFE	H2QP17	Q501K5	FP	TN	Family0041654	p0_c0_r0	both_directions	direct_edge	1	1.3804580036076983	4466125	tr|H2QP17|H2QP17_PANTR,sp|Q501K5|TRFE_XENTR
TRFE	H2QP17	Q501K5	FP	TN	Family0041654	p0_c0_r1	both_directions	direct_edge	1	1.3804580036076983	4466125	tr|H2QP17|H2QP17_PANTR,sp|Q501K5|TRFE_XENTR
TRFE	H2QP17	Q921I1	FP	TN	Family0041654	p0_c0_r0	both_directions	direct_edge	1	1.3696667393406898	6674646	tr|H2QP17|H2QP17_PANTR,sp|Q921I1|TRFE_MOUSE
TRFE	H2QP17	Q921I1	FP	TN	Family0041654	p0_c0_r1	both_directions	direct_edge	1	1.3696667393406898	6674646	tr|H2QP17|H2QP17_PANTR,sp|Q921I1|TRFE_MOUSE
TRFE	H2QP17	Q9DBD0	FP	TN	Family0041654	p0_c0_r0	both_directions	direct_edge	1	1.2096173666055146	7083408	tr|H2QP17|H2QP17_PANTR,sp|Q9DBD0|ICA_MOUSE
TRFE	H2QP17	Q9DBD0	FP	TN	Family0041654	p0_c0_r1	both_directions	direct_edge	1	1.2096173666055146	7083408	tr|H2QP17|H2QP17_PANTR,sp|Q9DBD0|ICA_MOUSE
TRFE	P02787	P08071	FP	TN	Family0041654	p0_c0_r0	both_directions	direct_edge	1	2.8384924001071434	1309568	sp|P02787|TRFE_HUMAN,sp|P08071|TRFL_MOUSE
TRFE	P02787	P08071	FP	TN	Family0041654	p0_c0_r1	both_directions	direct_edge	1	2.8384924001071434	1309568	sp|P02787|TRFE_HUMAN,sp|P08071|TRFL_MOUSE
TRFE	P02787	P24627	FP	TN	Family0041654	p0_c0_r0	both_directions	direct_edge	1	3.1152992797247285	1309571	sp|P02787|TRFE_HUMAN,sp|P24627|TRFL_BOVIN
TRFE	P02787	P24627	FP	TN	Family0041654	p0_c0_r1	both_directions	direct_edge	1	3.1152992797247285	1309571	sp|P02787|TRFE_HUMAN,sp|P24627|TRFL_BOVIN
TRFE	P02787	Q9DBD0	FP	TN	Family0041654	p0_c0_r0	both_directions	direct_edge	1	3.1459259661027867	1309577	sp|P02787|TRFE_HUMAN,sp|Q9DBD0|ICA_MOUSE
TRFE	P02787	Q9DBD0	FP	TN	Family0041654	p0_c0_r1	both_directions	direct_edge	1	3.1459259661027867	1309577	sp|P02787|TRFE_HUMAN,sp|Q9DBD0|ICA_MOUSE
TRFE	P02787	Q9R0R1	FP	TN	Family0041654	p0_c0_r0	both_directions	direct_edge	1	1.4462436372641116	1309578	sp|P02787|TRFE_HUMAN,sp|Q9R0R1|TRFM_MOUSE
TRFE	P02787	Q9R0R1	FP	TN	Family0041654	p0_c0_r1	both_directions	direct_edge	1	1.4462436372641116	1309578	sp|P02787|TRFE_HUMAN,sp|Q9R0R1|TRFM_MOUSE
TRFE	P02788	P12346	FP	TN	Family0041654	p0_c0_r0	both_directions	direct_edge	1	2.9830628876127365	1309607	sp|P02788|TRFL_HUMAN,sp|P12346|TRFE_RAT
TRFE	P02788	P12346	FP	TN	Family0041654	p0_c0_r1	both_directions	direct_edge	1	2.9830628876127365	1309607	sp|P02788|TRFL_HUMAN,sp|P12346|TRFE_RAT
TRFE	P02788	Q921I1	FP	TN	Family0041654	p0_c0_r0	both_directions	direct_edge	1	2.9695652783001423	1309611	sp|P02788|TRFL_HUMAN,sp|Q921I1|TRFE_MOUSE
TRFE	P02788	Q921I1	FP	TN	Family0041654	p0_c0_r1	both_directions	direct_edge	1	2.9695652783001423	1309611	sp|P02788|TRFL_HUMAN,sp|Q921I1|TRFE_MOUSE
TRFE	P02788	Q9DBD0	FP	TN	Family0041654	p0_c0_r0	both_directions	direct_edge	1	2.9461733869130184	1309612	sp|P02788|TRFL_HUMAN,sp|Q9DBD0|ICA_MOUSE
TRFE	P02788	Q9DBD0	FP	TN	Family0041654	p0_c0_r1	both_directions	direct_edge	1	2.9461733869130184	1309612	sp|P02788|TRFL_HUMAN,sp|Q9DBD0|ICA_MOUSE
TRFE	P02788	Q9R0R1	FP	TN	Family0041654	p0_c0_r0	no_direct_hit	indirect_path	2			sp|P02788|TRFL_HUMAN,sp|A5A6I6|TRFE_PANTR,sp|Q9R0R1|TRFM_MOUSE
TRFE	P02788	Q9R0R1	FP	TN	Family0041654	p0_c0_r1	no_direct_hit	indirect_path	2			sp|P02788|TRFL_HUMAN,sp|A5A6I6|TRFE_PANTR,sp|Q9R0R1|TRFM_MOUSE
TRFE	P02789	P08582	FP	TN	Family0041654	p0_c0_r0	both_directions	direct_edge	1	1.401613965771916	1309636	sp|P02789|TRFE_CHICK,sp|P08582|TRFM_HUMAN
TRFE	P02789	P08582	FP	TN	Family0041654	p0_c0_r1	both_directions	direct_edge	1	1.401613965771916	1309636	sp|P02789|TRFE_CHICK,sp|P08582|TRFM_HUMAN
TRFE	P02789	Q9R0R1	FP	TN	Family0041654	p0_c0_r0	both_directions	direct_edge	1	1.4196366972803582	1309643	sp|P02789|TRFE_CHICK,sp|Q9R0R1|TRFM_MOUSE
TRFE	P02789	Q9R0R1	FP	TN	Family0041654	p0_c0_r1	both_directions	direct_edge	1	1.4196366972803582	1309643	sp|P02789|TRFE_CHICK,sp|Q9R0R1|TRFM_MOUSE
TRFE	P08071	P08582	FP	TN	Family0041654	p0_c0_r0	both_directions	direct_edge	1	1.4162429008423518	1443397	sp|P08071|TRFL_MOUSE,sp|P08582|TRFM_HUMAN
TRFE	P08071	P08582	FP	TN	Family0041654	p0_c0_r1	both_directions	direct_edge	1	1.4162429008423518	1443397	sp|P08071|TRFL_MOUSE,sp|P08582|TRFM_HUMAN
TRFE	P08071	P12346	FP	TN	Family0041654	p0_c0_r0	both_directions	direct_edge	1	2.7545049118391787	1443398	sp|P08071|TRFL_MOUSE,sp|P12346|TRFE_RAT
TRFE	P08071	P12346	FP	TN	Family0041654	p0_c0_r1	both_directions	direct_edge	1	2.7545049118391787	1443398	sp|P08071|TRFL_MOUSE,sp|P12346|TRFE_RAT
TRFE	P08582	P12346	FP	TN	Family0041654	p0_c0_r0	both_directions	direct_edge	1	1.3793653187779098	1466307	sp|P08582|TRFM_HUMAN,sp|P12346|TRFE_RAT
TRFE	P08582	P12346	FP	TN	Family0041654	p0_c0_r1	both_directions	direct_edge	1	1.3793653187779098	1466307	sp|P08582|TRFM_HUMAN,sp|P12346|TRFE_RAT
TRFE	P08582	P24627	FP	TN	Family0041654	p0_c0_r0	both_directions	direct_edge	1	1.4940975229280862	1466308	sp|P08582|TRFM_HUMAN,sp|P24627|TRFL_BOVIN
TRFE	P08582	P24627	FP	TN	Family0041654	p0_c0_r1	both_directions	direct_edge	1	1.4940975229280862	1466308	sp|P08582|TRFM_HUMAN,sp|P24627|TRFL_BOVIN
TRFE	P08582	Q501K5	FP	TN	Family0041654	p0_c0_r0	both_directions	direct_edge	1	1.3813929566465466	1466311	sp|P08582|TRFM_HUMAN,sp|Q501K5|TRFE_XENTR
TRFE	P08582	Q501K5	FP	TN	Family0041654	p0_c0_r1	both_directions	direct_edge	1	1.3813929566465466	1466311	sp|P08582|TRFM_HUMAN,sp|Q501K5|TRFE_XENTR
TRFE	P08582	Q921I1	FP	TN	Family0041654	p0_c0_r0	both_directions	direct_edge	1	1.3789601683409858	1466312	sp|P08582|TRFM_HUMAN,sp|Q921I1|TRFE_MOUSE
TRFE	P08582	Q921I1	FP	TN	Family0041654	p0_c0_r1	both_directions	direct_edge	1	1.3789601683409858	1466312	sp|P08582|TRFM_HUMAN,sp|Q921I1|TRFE_MOUSE
TRFE	P08582	Q9DBD0	FP	TN	Family0041654	p0_c0_r0	both_directions	direct_edge	1	1.2173931453974531	1466313	sp|P08582|TRFM_HUMAN,sp|Q9DBD0|ICA_MOUSE
TRFE	P08582	Q9DBD0	FP	TN	Family0041654	p0_c0_r1	both_directions	direct_edge	1	1.2173931453974531	1466313	sp|P08582|TRFM_HUMAN,sp|Q9DBD0|ICA_MOUSE
TRFE	P12346	P24627	FP	TN	Family0041654	p0_c0_r0	both_directions	direct_edge	1	3.0228360590936294	1751896	sp|P12346|TRFE_RAT,sp|P24627|TRFL_BOVIN
TRFE	P12346	P24627	FP	TN	Family0041654	p0_c0_r1	both_directions	direct_edge	1	3.0228360590936294	1751896	sp|P12346|TRFE_RAT,sp|P24627|TRFL_BOVIN
TRFE	P12346	Q9DBD0	FP	TN	Family0041654	p0_c0_r0	both_directions	direct_edge	1	3.015739852907992	1751901	sp|P12346|TRFE_RAT,sp|Q9DBD0|ICA_MOUSE
TRFE	P12346	Q9DBD0	FP	TN	Family0041654	p0_c0_r1	both_directions	direct_edge	1	3.015739852907992	1751901	sp|P12346|TRFE_RAT,sp|Q9DBD0|ICA_MOUSE
TRFE	P12346	Q9R0R1	FP	TN	Family0041654	p0_c0_r0	both_directions	direct_edge	1	1.2985540172737495	1751902	sp|P12346|TRFE_RAT,sp|Q9R0R1|TRFM_MOUSE
TRFE	P12346	Q9R0R1	FP	TN	Family0041654	p0_c0_r1	both_directions	direct_edge	1	1.2985540172737495	1751902	sp|P12346|TRFE_RAT,sp|Q9R0R1|TRFM_MOUSE
TRFE	P24627	Q921I1	FP	TN	Family0041654	p0_c0_r0	both_directions	direct_edge	1	2.975180152813479	2104001	sp|P24627|TRFL_BOVIN,sp|Q921I1|TRFE_MOUSE
TRFE	P24627	Q921I1	FP	TN	Family0041654	p0_c0_r1	both_directions	direct_edge	1	2.975180152813479	2104001	sp|P24627|TRFL_BOVIN,sp|Q921I1|TRFE_MOUSE
TRFE	P24627	Q9DBD0	FP	TN	Family0041654	p0_c0_r0	both_directions	direct_edge	1	2.936126939414976	2104002	sp|P24627|TRFL_BOVIN,sp|Q9DBD0|ICA_MOUSE
TRFE	P24627	Q9DBD0	FP	TN	Family0041654	p0_c0_r1	both_directions	direct_edge	1	2.936126939414976	2104002	sp|P24627|TRFL_BOVIN,sp|Q9DBD0|ICA_MOUSE
TRFE	P24627	Q9R0R1	FP	TN	Family0041654	p0_c0_r0	both_directions	direct_edge	1	1.4387605776344532	2104003	sp|P24627|TRFL_BOVIN,sp|Q9R0R1|TRFM_MOUSE
TRFE	P24627	Q9R0R1	FP	TN	Family0041654	p0_c0_r1	both_directions	direct_edge	1	1.4387605776344532	2104003	sp|P24627|TRFL_BOVIN,sp|Q9R0R1|TRFM_MOUSE
TRFE	Q501K5	Q9R0R1	FP	TN	Family0041654	p0_c0_r0	both_directions	direct_edge	1	1.3577912679400228	4466100	sp|Q501K5|TRFE_XENTR,sp|Q9R0R1|TRFM_MOUSE
TRFE	Q501K5	Q9R0R1	FP	TN	Family0041654	p0_c0_r1	both_directions	direct_edge	1	1.3577912679400228	4466100	sp|Q501K5|TRFE_XENTR,sp|Q9R0R1|TRFM_MOUSE
VATB	A8BPV3	A9SJK8	TP	FN	Family0020330	p0_c0_r0	both_directions	direct_edge	1	2.6627391313808455	17546625	tr|A8BPV3|A8BPV3_GIAIC,tr|A9SJK8|A9SJK8_PHYPA
VATB	A8BPV3	A9SJK8	TP	FN	Family0020330	p0_c0_r1	both_directions	direct_edge	1	2.6627391313808455	17546625	tr|A8BPV3|A8BPV3_GIAIC,tr|A9SJK8|A9SJK8_PHYPA
VATB	A8BPV3	A9SP56	TP	FN	Family0020330	p0_c0_r0	both_directions	direct_edge	1	2.682833344494163	17546626	tr|A8BPV3|A8BPV3_GIAIC,tr|A9SP56|A9SP56_PHYPA
VATB	A8BPV3	A9SP56	TP	FN	Family0020330	p0_c0_r1	both_directions	direct_edge	1	2.682833344494163	17546626	tr|A8BPV3|A8BPV3_GIAIC,tr|A9SP56|A9SP56_PHYPA
VATB	A8BPV3	B7QDF5	TP	FN	Family0020330	p0_c0_r0	no_direct_hit	indirect_path	2			tr|A8BPV3|A8BPV3_GIAIC,sp|A9WGS4|ATPB_CHLAA,tr|B7QDF5|B7QDF5_IXOSC
VATB	A8BPV3	B7QDF5	TP	FN	Family0020330	p0_c0_r1	no_direct_hit	indirect_path	2			tr|A8BPV3|A8BPV3_GIAIC,sp|A9WGS4|ATPB_CHLAA,tr|B7QDF5|B7QDF5_IXOSC
VATB	A8BPV3	D3ZZS8	TP	FN	Family0020330	p0_c0_r0	both_directions	direct_edge	1	1.5424820763356486	17546633	tr|A8BPV3|A8BPV3_GIAIC,tr|D3ZZS8|D3ZZS8_RAT
VATB	A8BPV3	D3ZZS8	TP	FN	Family0020330	p0_c0_r1	both_directions	direct_edge	1	1.5424820763356486	17546633	tr|A8BPV3|A8BPV3_GIAIC,tr|D3ZZS8|D3ZZS8_RAT
VATB	A8BPV3	F6SX31	TP	FN	Family0020330	p0_c0_r0	both_directions	direct_edge	1	2.552105415916379	17546634	tr|A8BPV3|A8BPV3_GIAIC,tr|F6SX31|F6SX31_XENTR
VATB	A8BPV3	F6SX31	TP	FN	Family0020330	p0_c0_r1	both_directions	direct_edge	1	2.552105415916379	17546634	tr|A8BPV3|A8BPV3_GIAIC,tr|F6SX31|F6SX31_XENTR
VATB	A8BPV3	F7A8C2	TP	FN	Family0020330	p0_c0_r0	no_direct_hit	indirect_path	2			tr|A8BPV3|A8BPV3_GIAIC,sp|A9A2Q9|VATB_NITMS,tr|F7A8C2|F7A8C2_CIOIN
VATB	A8BPV3	F7A8C2	TP	FN	Family0020330	p0_c0_r1	no_direct_hit	indirect_path	2			tr|A8BPV3|A8BPV3_GIAIC,sp|A9A2Q9|VATB_NITMS,tr|F7A8C2|F7A8C2_CIOIN
VATB	A8BPV3	P11574	TP	FN	Family0020330	p0_c0_r0	both_directions	direct_edge	1	2.661407736411159	1731493	tr|A8BPV3|A8BPV3_GIAIC,sp|P11574|VATB1_ARATH
VATB	A8BPV3	P11574	TP	FN	Family0020330	p0_c0_r1	both_directions	direct_edge	1	2.661407736411159	1731493	tr|A8BPV3|A8BPV3_GIAIC,sp|P11574|VATB1_ARATH
VATB	A8BPV3	P11593	TP	FN	Family0020330	p0_c0_r0	no_direct_hit	indirect_path	2			tr|A8BPV3|A8BPV3_GIAIC,sp|A9WGS4|ATPB_CHLAA,sp|P11593|VATB_NEUCR
VATB	A8BPV3	P11593	TP	FN	Family0020330	p0_c0_r1	no_direct_hit	indirect_path	2			tr|A8BPV3|A8BPV3_GIAIC,sp|A9WGS4|ATPB_CHLAA,sp|P11593|VATB_NEUCR
VATB	A8BPV3	P15313	TP	FN	Family0020330	p0_c0_r0	both_directions	direct_edge	1	2.483479958220716	1830137	tr|A8BPV3|A8BPV3_GIAIC,sp|P15313|VATB1_HUMAN
VATB	A8BPV3	P15313	TP	FN	Family0020330	p0_c0_r1	both_directions	direct_edge	1	2.483479958220716	1830137	tr|A8BPV3|A8BPV3_GIAIC,sp|P15313|VATB1_HUMAN
VATB	A8BPV3	P16140	TP	FN	Family0020330	p0_c0_r0	both_directions	direct_edge	1	2.4935817342805344	1851743	tr|A8BPV3|A8BPV3_GIAIC,sp|P16140|VATB_YEAST
VATB	A8BPV3	P16140	TP	FN	Family0020330	p0_c0_r1	both_directions	direct_edge	1	2.4935817342805344	1851743	tr|A8BPV3|A8BPV3_GIAIC,sp|P16140|VATB_YEAST
VATB	A8BPV3	P21281	TP	FN	Family0020330	p0_c0_r0	no_direct_hit	indirect_path	2			tr|A8BPV3|A8BPV3_GIAIC,sp|A9WGS4|ATPB_CHLAA,sp|P21281|VATB2_HUMAN
VATB	A8BPV3	P21281	TP	FN	Family0020330	p0_c0_r1	no_direct_hit	indirect_path	2			tr|A8BPV3|A8BPV3_GIAIC,sp|A9WGS4|ATPB_CHLAA,sp|P21281|VATB2_HUMAN
VATB	A8BPV3	P31409	TP	FN	Family0020330	p0_c0_r0	no_direct_hit	indirect_path	2			tr|A8BPV3|A8BPV3_GIAIC,sp|A9A2Q9|VATB_NITMS,sp|P31409|VATB_DROME
VATB	A8BPV3	P31409	TP	FN	Family0020330	p0_c0_r1	no_direct_hit	indirect_path	2			tr|A8BPV3|A8BPV3_GIAIC,sp|A9A2Q9|VATB_NITMS,sp|P31409|VATB_DROME
VATB	A8BPV3	P31411	TP	FN	Family0020330	p0_c0_r0	both_directions	direct_edge	1	2.486044749208232	2271932	tr|A8BPV3|A8BPV3_GIAIC,sp|P31411|VATB_SCHPO
VATB	A8BPV3	P31411	TP	FN	Family0020330	p0_c0_r1	both_directions	direct_edge	1	2.486044749208232	2271932	tr|A8BPV3|A8BPV3_GIAIC,sp|P31411|VATB_SCHPO
VATB	A8BPV3	P62814	TP	FN	Family0020330	p0_c0_r0	no_direct_hit	indirect_path	2			tr|A8BPV3|A8BPV3_GIAIC,sp|A9WGS4|ATPB_CHLAA,sp|P62814|VATB2_MOUSE
VATB	A8BPV3	P62814	TP	FN	Family0020330	p0_c0_r1	no_direct_hit	indirect_path	2			tr|A8BPV3|A8BPV3_GIAIC,sp|A9WGS4|ATPB_CHLAA,sp|P62814|VATB2_MOUSE
VATB	A8BPV3	P62815	TP	FN	Family0020330	p0_c0_r0	no_direct_hit	indirect_path	2			tr|A8BPV3|A8BPV3_GIAIC,sp|A9WGS4|ATPB_CHLAA,sp|P62815|VATB2_RAT
VATB	A8BPV3	P62815	TP	FN	Family0020330	p0_c0_r1	no_direct_hit	indirect_path	2			tr|A8BPV3|A8BPV3_GIAIC,sp|A9WGS4|ATPB_CHLAA,sp|P62815|VATB2_RAT
VATB	A8BPV3	Q0VGW2	TP	FN	Family0020330	p0_c0_r0	no_direct_hit	indirect_path	2			tr|A8BPV3|A8BPV3_GIAIC,sp|A9A2Q9|VATB_NITMS,tr|Q0VGW2|Q0VGW2_XENTR
VATB	A8BPV3	Q0VGW2	TP	FN	Family0020330	p0_c0_r1	no_direct_hit	indirect_path	2			tr|A8BPV3|A8BPV3_GIAIC,sp|A9A2Q9|VATB_NITMS,tr|Q0VGW2|Q0VGW2_XENTR
VATB	A8BPV3	Q19626	TP	FN	Family0020330	p0_c0_r0	no_direct_hit	indirect_path	2			tr|A8BPV3|A8BPV3_GIAIC,sp|B8DYT0|ATPB_DICTD,sp|Q19626|VATB_CAEEL
VATB	A8BPV3	Q19626	TP	FN	Family0020330	p0_c0_r1	no_direct_hit	indirect_path	2			tr|A8BPV3|A8BPV3_GIAIC,sp|B8DYT0|ATPB_DICTD,sp|Q19626|VATB_CAEEL
VATB	A8BPV3	Q4Q821	TP	FN	Family0020330	p0_c0_r0	no_direct_hit	indirect_path	2			tr|A8BPV3|A8BPV3_GIAIC,sp|A9A2Q9|VATB_NITMS,tr|Q4Q821|Q4Q821_LEIMA
VATB	A8BPV3	Q4Q821	TP	FN	Family0020330	p0_c0_r1	no_direct_hit	indirect_path	2			tr|A8BPV3|A8BPV3_GIAIC,sp|A9A2Q9|VATB_NITMS,tr|Q4Q821|Q4Q821_LEIMA
VATB	A8BPV3	Q4X0J7	TP	FN	Family0020330	p0_c0_r0	both_directions	direct_edge	1	2.5225342563475093	17546643	tr|A8BPV3|A8BPV3_GIAIC,tr|Q4X0J7|Q4X0J7_ASPFU
VATB	A8BPV3	Q4X0J7	TP	FN	Family0020330	p0_c0_r1	both_directions	direct_edge	1	2.5225342563475093	17546643	tr|A8BPV3|A8BPV3_GIAIC,tr|Q4X0J7|Q4X0J7_ASPFU
VATB	A8BPV3	Q59PT0	TP	FN	Family0020330	p0_c0_r0	no_direct_hit	indirect_path	2			tr|A8BPV3|A8BPV3_GIAIC,sp|A9A2Q9|VATB_NITMS,sp|Q59PT0|VATB_CANAL
VATB	A8BPV3	Q59PT0	TP	FN	Family0020330	p0_c0_r1	no_direct_hit	indirect_path	2			tr|A8BPV3|A8BPV3_GIAIC,sp|A9A2Q9|VATB_NITMS,sp|Q59PT0|VATB_CANAL
VATB	A8BPV3	Q5KBW0	TP	FN	Family0020330	p0_c0_r0	no_direct_hit	indirect_path	2			tr|A8BPV3|A8BPV3_GIAIC,sp|A9A2Q9|VATB_NITMS,tr|Q5KBW0|Q5KBW0_CRYNJ
VATB	A8BPV3	Q5KBW0	TP	FN	Family0020330	p0_c0_r1	no_direct_hit	indirect_path	2			tr|A8BPV3|A8BPV3_GIAIC,sp|A9A2Q9|VATB_NITMS,tr|Q5KBW0|Q5KBW0_CRYNJ
VATB	A8BPV3	Q76NU1	TP	FN	Family0020330	p0_c0_r0	no_direct_hit	indirect_path	2			tr|A8BPV3|A8BPV3_GIAIC,sp|A9A2Q9|VATB_NITMS,sp|Q76NU1|VATB_DICDI
VATB	A8BPV3	Q76NU1	TP	FN	Family0020330	p0_c0_r1	no_direct_hit	indirect_path	2			tr|A8BPV3|A8BPV3_GIAIC,sp|A9A2Q9|VATB_NITMS,sp|Q76NU1|VATB_DICDI
VATB	A8BPV3	Q8W4E2	TP	FN	Family0020330	p0_c0_r0	both_directions	direct_edge	1	2.6424128784695413	6599796	tr|A8BPV3|A8BPV3_GIAIC,sp|Q8W4E2|VATB3_ARATH
VATB	A8BPV3	Q8W4E2	TP	FN	Family0020330	p0_c0_r1	both_directions	direct_edge	1	2.6424128784695413	6599796	tr|A8BPV3|A8BPV3_GIAIC,sp|Q8W4E2|VATB3_ARATH
VATB	A8BPV3	Q91YH6	TP	FN	Family0020330	p0_c0_r0	both_directions	direct_edge	1	2.4636754928441555	17546647	tr|A8BPV3|A8BPV3_GIAIC,tr|Q91YH6|Q91YH6_MOUSE
VATB	A8BPV3	Q91YH6	TP	FN	Family0020330	p0_c0_r1	both_directions	direct_edge	1	2.4636754928441555	17546647	tr|A8BPV3|A8BPV3_GIAIC,tr|Q91YH6|Q91YH6_MOUSE
VATB	A8BPV3	Q9N5A0	TP	FN	Family0020330	p0_c0_r0	no_direct_hit	indirect_path	2			tr|A8BPV3|A8BPV3_GIAIC,sp|A9A2Q9|VATB_NITMS,tr|Q9N5A0|Q9N5A0_CAEEL
VATB	A8BPV3	Q9N5A0	TP	FN	Family0020330	p0_c0_r1	no_direct_hit	indirect_path	2			tr|A8BPV3|A8BPV3_GIAIC,sp|A9A2Q9|VATB_NITMS,tr|Q9N5A0|Q9N5A0_CAEEL
VATB	A8BPV3	Q9SZN1	TP	FN	Family0020330	p0_c0_r0	no_direct_hit	indirect_path	2			tr|A8BPV3|A8BPV3_GIAIC,sp|A9A2Q9|VATB_NITMS,sp|Q9SZN1|VATB2_ARATH
VATB	A8BPV3	Q9SZN1	TP	FN	Family0020330	p0_c0_r1	no_direct_hit	indirect_path	2			tr|A8BPV3|A8BPV3_GIAIC,sp|A9A2Q9|VATB_NITMS,sp|Q9SZN1|VATB2_ARATH
VATB	D3ZZS8	P21281	FP	TN	Family0020330	p0_c0_r0	no_direct_hit	indirect_path	2			tr|D3ZZS8|D3ZZS8_RAT,sp|B8DYT0|ATPB_DICTD,sp|P21281|VATB2_HUMAN
VATB	D3ZZS8	P21281	FP	TN	Family0020330	p0_c0_r1	no_direct_hit	indirect_path	2			tr|D3ZZS8|D3ZZS8_RAT,sp|B8DYT0|ATPB_DICTD,sp|P21281|VATB2_HUMAN
VATB	D3ZZS8	P62814	FP	TN	Family0020330	p0_c0_r0	no_direct_hit	indirect_path	2			tr|D3ZZS8|D3ZZS8_RAT,sp|B8DYT0|ATPB_DICTD,sp|P62814|VATB2_MOUSE
VATB	D3ZZS8	P62814	FP	TN	Family0020330	p0_c0_r1	no_direct_hit	indirect_path	2			tr|D3ZZS8|D3ZZS8_RAT,sp|B8DYT0|ATPB_DICTD,sp|P62814|VATB2_MOUSE
VATB	D3ZZS8	Q0VGW2	FP	TN	Family0020330	p0_c0_r0	no_direct_hit	indirect_path	2			tr|D3ZZS8|D3ZZS8_RAT,sp|B8DYT0|ATPB_DICTD,tr|Q0VGW2|Q0VGW2_XENTR
VATB	D3ZZS8	Q0VGW2	FP	TN	Family0020330	p0_c0_r1	no_direct_hit	indirect_path	2			tr|D3ZZS8|D3ZZS8_RAT,sp|B8DYT0|ATPB_DICTD,tr|Q0VGW2|Q0VGW2_XENTR
VATB	F6SX31	P21281	FP	TN	Family0020330	p0_c0_r0	no_direct_hit	indirect_path	2			tr|F6SX31|F6SX31_XENTR,sp|A9WGS4|ATPB_CHLAA,sp|P21281|VATB2_HUMAN
VATB	F6SX31	P21281	FP	TN	Family0020330	p0_c0_r1	no_direct_hit	indirect_path	2			tr|F6SX31|F6SX31_XENTR,sp|A9WGS4|ATPB_CHLAA,sp|P21281|VATB2_HUMAN
VATB	F6SX31	P62814	FP	TN	Family0020330	p0_c0_r0	no_direct_hit	indirect_path	2			tr|F6SX31|F6SX31_XENTR,sp|A9WGS4|ATPB_CHLAA,sp|P62814|VATB2_MOUSE
VATB	F6SX31	P62814	FP	TN	Family0020330	p0_c0_r1	no_direct_hit	indirect_path	2			tr|F6SX31|F6SX31_XENTR,sp|A9WGS4|ATPB_CHLAA,sp|P62814|VATB2_MOUSE
VATB	F6SX31	P62815	FP	TN	Family0020330	p0_c0_r0	no_direct_hit	indirect_path	2			tr|F6SX31|F6SX31_XENTR,sp|A9WGS4|ATPB_CHLAA,sp|P62815|VATB2_RAT
VATB	F6SX31	P62815	FP	TN	Family0020330	p0_c0_r1	no_direct_hit	indirect_path	2			tr|F6SX31|F6SX31_XENTR,sp|A9WGS4|ATPB_CHLAA,sp|P62815|VATB2_RAT
VATB	P15313	P62814	FP	TN	Family0020330	p0_c0_r0	no_direct_hit	indirect_path	2			sp|P15313|VATB1_HUMAN,sp|A9WGS4|ATPB_CHLAA,sp|P62814|VATB2_MOUSE
VATB	P15313	P62814	FP	TN	Family0020330	p0_c0_r1	no_direct_hit	indirect_path	2			sp|P15313|VATB1_HUMAN,sp|A9WGS4|ATPB_CHLAA,sp|P62814|VATB2_MOUSE
VATB	P15313	P62815	FP	TN	Family0020330	p0_c0_r0	no_direct_hit	indirect_path	2			sp|P15313|VATB1_HUMAN,sp|A9WGS4|ATPB_CHLAA,sp|P62815|VATB2_RAT
VATB	P15313	P62815	FP	TN	Family0020330	p0_c0_r1	no_direct_hit	indirect_path	2			sp|P15313|VATB1_HUMAN,sp|A9WGS4|ATPB_CHLAA,sp|P62815|VATB2_RAT
VATB	P15313	Q0VGW2	FP	TN	Family0020330	p0_c0_r0	no_direct_hit	indirect_path	2			sp|P15313|VATB1_HUMAN,sp|A9A2Q9|VATB_NITMS,tr|Q0VGW2|Q0VGW2_XENTR
VATB	P15313	Q0VGW2	FP	TN	Family0020330	p0_c0_r1	no_direct_hit	indirect_path	2			sp|P15313|VATB1_HUMAN,sp|A9A2Q9|VATB_NITMS,tr|Q0VGW2|Q0VGW2_XENTR
VATB	P21281	Q91YH6	FP	TN	Family0020330	p0_c0_r0	no_direct_hit	indirect_path	2			sp|P21281|VATB2_HUMAN,sp|B8DYT0|ATPB_DICTD,tr|Q91YH6|Q91YH6_MOUSE
VATB	P21281	Q91YH6	FP	TN	Family0020330	p0_c0_r1	no_direct_hit	indirect_path	2			sp|P21281|VATB2_HUMAN,sp|B8DYT0|ATPB_DICTD,tr|Q91YH6|Q91YH6_MOUSE
VATB	P62815	Q91YH6	FP	TN	Family0020330	p0_c0_r0	no_direct_hit	indirect_path	2			sp|P62815|VATB2_RAT,sp|B8DYT0|ATPB_DICTD,tr|Q91YH6|Q91YH6_MOUSE
VATB	P62815	Q91YH6	FP	TN	Family0020330	p0_c0_r1	no_direct_hit	indirect_path	2			sp|P62815|VATB2_RAT,sp|B8DYT0|ATPB_DICTD,tr|Q91YH6|Q91YH6_MOUSE
VATB	Q0VGW2	Q91YH6	FP	TN	Family0020330	p0_c0_r0	no_direct_hit	indirect_path	2			tr|Q0VGW2|Q0VGW2_XENTR,sp|A9A2Q9|VATB_NITMS,tr|Q91YH6|Q91YH6_MOUSE
VATB	Q0VGW2	Q91YH6	FP	TN	Family0020330	p0_c0_r1	no_direct_hit	indirect_path	2			tr|Q0VGW2|Q0VGW2_XENTR,sp|A9A2Q9|VATB_NITMS,tr|Q91YH6|Q91YH6_MOUSE
