orf_pair	experimental_class	split_eligible	reference_eligible	input_reasons	reference_reasons	orthohmm_high_sensitivity.assignment_state	orthohmm_high_sensitivity.anchor_groups	orthohmm_high_sensitivity.anchor_group_sizes	orthohmm_high_sensitivity.separation_rate	orthohmm_high_sensitivity.supported_separation_rate	orthohmm_high_sensitivity.mean_non_scer_coverage	orthohmm_high_sensitivity.homolog_support_by_anchor	orthohmm_high_sensitivity.coverage_numerator	orthohmm_high_sensitivity.coverage_denominator	orthohmm_high_sensitivity.foreign_pillar_members	orthohmm_high_sensitivity.unmapped_members	orthohmm_high_sensitivity.union_size	orthohmm_high_sensitivity.pillar_native_group_count	orthohmm_high_sensitivity.unassigned_pillar_members	orthohmm_satellite_v2.assignment_state	orthohmm_satellite_v2.anchor_groups	orthohmm_satellite_v2.anchor_group_sizes	orthohmm_satellite_v2.separation_rate	orthohmm_satellite_v2.supported_separation_rate	orthohmm_satellite_v2.mean_non_scer_coverage	orthohmm_satellite_v2.homolog_support_by_anchor	orthohmm_satellite_v2.coverage_numerator	orthohmm_satellite_v2.coverage_denominator	orthohmm_satellite_v2.foreign_pillar_members	orthohmm_satellite_v2.unmapped_members	orthohmm_satellite_v2.union_size	orthohmm_satellite_v2.pillar_native_group_count	orthohmm_satellite_v2.unassigned_pillar_members	orthofinder_full.assignment_state	orthofinder_full.anchor_groups	orthofinder_full.anchor_group_sizes	orthofinder_full.separation_rate	orthofinder_full.supported_separation_rate	orthofinder_full.mean_non_scer_coverage	orthofinder_full.homolog_support_by_anchor	orthofinder_full.coverage_numerator	orthofinder_full.coverage_denominator	orthofinder_full.foreign_pillar_members	orthofinder_full.unmapped_members	orthofinder_full.union_size	orthofinder_full.pillar_native_group_count	orthofinder_full.unassigned_pillar_members	sonicparanoid.assignment_state	sonicparanoid.anchor_groups	sonicparanoid.anchor_group_sizes	sonicparanoid.separation_rate	sonicparanoid.supported_separation_rate	sonicparanoid.mean_non_scer_coverage	sonicparanoid.homolog_support_by_anchor	sonicparanoid.coverage_numerator	sonicparanoid.coverage_denominator	sonicparanoid.foreign_pillar_members	sonicparanoid.unmapped_members	sonicparanoid.union_size	sonicparanoid.pillar_native_group_count	sonicparanoid.unassigned_pillar_members	orthofinder_mcl_checkpoint.assignment_state	orthofinder_mcl_checkpoint.anchor_groups	orthofinder_mcl_checkpoint.anchor_group_sizes	orthofinder_mcl_checkpoint.separation_rate	orthofinder_mcl_checkpoint.supported_separation_rate	orthofinder_mcl_checkpoint.mean_non_scer_coverage	orthofinder_mcl_checkpoint.homolog_support_by_anchor	orthofinder_mcl_checkpoint.coverage_numerator	orthofinder_mcl_checkpoint.coverage_denominator	orthofinder_mcl_checkpoint.foreign_pillar_members	orthofinder_mcl_checkpoint.unmapped_members	orthofinder_mcl_checkpoint.union_size	orthofinder_mcl_checkpoint.pillar_native_group_count	orthofinder_mcl_checkpoint.unassigned_pillar_members
"[""YAL015C"", ""YOL043C""]"	Sparse	true	true	[]	[]	separated	"[""OG0046"", ""OG2107""]"	[4, 4]	1	1	1.0	[3, 3]	6	6	[]	[]	8	2	[]	separated	"[""RootHOG0000110"", ""RootHOG0003541""]"	[4, 4]	1	1	1.0	[3, 3]	6	6	[]	[]	8	2	[]	separated	"[""N0.HOG0000637"", ""N0.HOG0004533""]"	[4, 4]	1	1	1.0	[3, 3]	6	6	[]	[]	8	2	[]	separated	"[""216"", ""4407""]"	[4, 4]	1	1	1.0	[3, 3]	6	6	[]	[]	8	2	[]	separated	"[""MCL424"", ""MCL4320""]"	[4, 4]	1	1	1.0	[3, 3]	6	6	[]	[]	8	2	[]
"[""YAL028W"", ""YOR324C""]"	Low	true	true	[]	[]	merged	"[""OG0032"", ""OG0032""]"	[8, 8]	0	0	1.0	[6, 6]	6	6	[]	[]	8	1	[]	separated	"[""RootHOG0000064"", ""RootHOG0000068""]"	[4, 4]	1	1	1.0	[3, 3]	6	6	[]	[]	8	2	[]	separated	"[""N0.HOG0000648"", ""N0.HOG0004873""]"	[4, 4]	1	1	1.0	[3, 3]	6	6	[]	[]	8	2	[]	separated	"[""229"", ""4776""]"	[4, 4]	1	1	1.0	[3, 3]	6	6	[]	[]	8	2	[]	separated	"[""MCL435"", ""MCL4660""]"	[4, 4]	1	1	1.0	[3, 3]	6	6	[]	[]	8	2	[]
"[""YAL034C"", ""YOR338W""]"	Sparse	true	true	[]	[]	merged	"[""OG0026"", ""OG0026""]"	[8, 8]	0	0	1.0	[6, 6]	6	6	[]	[]	8	1	[]	separated	"[""RootHOG0000049"", ""RootHOG0000051""]"	[4, 1]	1	0	0.5	[3, 0]	3	6	[]	[]	5	3	[]	separated	"[""N0.HOG0000652"", ""N0.HOG0004881""]"	[4, 4]	1	1	1.0	[3, 3]	6	6	[]	[]	8	2	[]	separated	"[""235"", ""4787""]"	[4, 4]	1	1	1.0	[3, 3]	6	6	[]	[]	8	2	[]	separated	"[""MCL439"", ""MCL4668""]"	[4, 4]	1	1	1.0	[3, 3]	6	6	[]	[]	8	2	[]
"[""YAL051W"", ""YOR363C""]"	Sparse	true	true	[]	[]	separated	"[""OG0008"", ""OG2469""]"	[4, 4]	1	1	1.0	[3, 3]	6	6	[]	[]	8	2	[]	separated	"[""RootHOG0000018"", ""RootHOG0001747""]"	[4, 4]	1	1	1.0	[3, 3]	6	6	[]	[]	8	2	[]	separated	"[""N0.HOG0000668"", ""N0.HOG0004902""]"	[4, 4]	1	1	1.0	[3, 3]	6	6	[]	[]	8	2	[]	separated	"[""252"", ""4809""]"	[4, 4]	1	1	1.0	[3, 3]	6	6	[]	[]	8	2	[]	separated	"[""MCL455"", ""MCL4689""]"	[4, 4]	1	1	1.0	[3, 3]	6	6	[]	[]	8	2	[]
"[""YAL056W"", ""YOR371C""]"	Low	true	true	[]	[]	merged	"[""OG0059"", ""OG0059""]"	[8, 8]	0	0	1.0	[6, 6]	6	6	[]	[]	8	1	[]	separated	"[""RootHOG0000143"", ""RootHOG0000144""]"	[4, 3]	1	1	0.8333333333333334	[3, 2]	5	6	[]	[]	7	3	[]	separated	"[""N0.HOG0000672"", ""N0.HOG0004908""]"	[4, 4]	1	1	1.0	[3, 3]	6	6	[]	[]	8	2	[]	separated	"[""256"", ""4815""]"	[4, 4]	1	1	1.0	[3, 3]	6	6	[]	[]	8	2	[]	separated	"[""MCL459"", ""MCL4695""]"	[4, 4]	1	1	1.0	[3, 3]	6	6	[]	[]	8	2	[]
"[""YAL062W"", ""YOR375C""]"	Low	true	true	[]	[]	merged	"[""OG0007"", ""OG0007""]"	[8, 8]	0	0	1.0	[6, 6]	6	6	[]	[]	8	1	[]	separated	"[""RootHOG0000014"", ""RootHOG0000015""]"	[4, 2]	1	1	0.6666666666666666	[3, 1]	4	6	[]	[]	6	4	[]	separated	"[""N0.HOG0000350"", ""N0.HOG0000349""]"	[4, 4]	1	1	1.0	[3, 3]	6	6	[]	[]	8	2	[]	separated	"[""261"", ""4819""]"	[4, 4]	1	1	1.0	[3, 3]	6	6	[]	[]	8	2	[]	merged	"[""MCL95"", ""MCL95""]"	[8, 8]	0	0	1.0	[6, 6]	6	6	[]	[]	8	1	[]
"[""YAR002C-A"", ""YGL002W""]"	Low	true	true	[]	[]	merged	"[""OG0063"", ""OG0063""]"	[12, 12]	0	0	1.0	[6, 6]	6	6	"[""Skud_8.171"", ""Smik_8.188"", ""Suva_15.306"", ""YHR110W""]"	[]	12	1	[]	separated	"[""RootHOG0000152"", ""RootHOG0000153""]"	[4, 4]	1	1	1.0	[3, 3]	6	6	[]	[]	8	2	[]	separated	"[""N0.HOG0000677"", ""N0.HOG0002048""]"	[4, 4]	1	1	1.0	[3, 3]	6	6	[]	[]	8	2	[]	separated	"[""262"", ""1743""]"	[4, 4]	1	1	1.0	[3, 3]	6	6	[]	[]	8	2	[]	separated	"[""MCL464"", ""MCL1835""]"	[4, 4]	1	1	1.0	[3, 3]	6	6	[]	[]	8	2	[]
"[""YBL005W"", ""YGL013C""]"	Low	true	true	[]	[]	merged	"[""OG2948"", ""OG2948""]"	[8, 8]	0	0	1.0	[6, 6]	6	6	[]	[]	8	1	[]	separated	"[""RootHOG0004577"", ""RootHOG0004578""]"	[4, 3]	1	1	0.8333333333333334	[3, 2]	5	6	[]	[]	7	3	[]	separated	"[""N0.HOG0000688"", ""N0.HOG0002057""]"	[4, 4]	1	1	1.0	[3, 3]	6	6	[]	[]	8	2	[]	separated	"[""277"", ""1753""]"	[4, 4]	1	1	1.0	[3, 3]	6	6	[]	[]	8	2	[]	separated	"[""MCL475"", ""MCL1844""]"	[4, 4]	1	1	1.0	[3, 3]	6	6	[]	[]	8	2	[]
"[""YBL009W"", ""YGL021W""]"	Sparse	true	true	[]	[]	merged	"[""OG2944"", ""OG2944""]"	[8, 8]	0	0	1.0	[6, 6]	6	6	[]	[]	8	1	[]	separated	"[""RootHOG0004571"", ""RootHOG0004572""]"	[4, 3]	1	1	0.8333333333333334	[3, 2]	5	6	[]	[]	7	3	[]	separated	"[""N0.HOG0000692"", ""N0.HOG0002065""]"	[4, 4]	1	1	1.0	[3, 3]	6	6	[]	[]	8	2	[]	separated	"[""281"", ""1761""]"	[4, 4]	1	1	1.0	[3, 3]	6	6	[]	[]	8	2	[]	separated	"[""MCL479"", ""MCL1852""]"	[4, 4]	1	1	1.0	[3, 3]	6	6	[]	[]	8	2	[]
"[""YBL043W"", ""YJR115W""]"	High	true	true	[]	[]	separated	"[""OG3253"", ""OG0478""]"	[4, 4]	1	1	1.0	[3, 3]	6	6	[]	[]	8	2	[]	separated	"[""RootHOG0004961"", ""RootHOG0000809""]"	[4, 4]	1	1	1.0	[3, 3]	6	6	[]	[]	8	2	[]	separated	"[""N0.HOG0000720"", ""N0.HOG0003117""]"	[4, 4]	1	1	1.0	[3, 3]	6	6	[]	[]	8	2	[]	separated	"[""312"", ""2881""]"	[4, 4]	1	1	1.0	[3, 3]	6	6	[]	[]	8	2	[]	separated	"[""MCL507"", ""MCL2904""]"	[4, 4]	1	1	1.0	[3, 3]	6	6	[]	[]	8	2	[]
"[""YBL054W"", ""YER088C""]"	High	true	true	[]	[]	merged	"[""OG3245"", ""OG3245""]"	[8, 8]	0	0	1.0	[6, 6]	6	6	[]	[]	8	1	[]	separated	"[""RootHOG0004955"", ""RootHOG0004954""]"	[1, 4]	1	0	0.5	[0, 3]	3	6	[]	[]	5	3	[]	separated	"[""N0.HOG0000728"", ""N0.HOG0001878""]"	[4, 4]	1	1	1.0	[3, 3]	6	6	[]	[]	8	2	[]	separated	"[""320"", ""1559""]"	[4, 4]	1	1	1.0	[3, 3]	6	6	[]	[]	8	2	[]	separated	"[""MCL515"", ""MCL1665""]"	[4, 4]	1	1	1.0	[3, 3]	6	6	[]	[]	8	2	[]
"[""YBL056W"", ""YER089C""]"	High	true	true	[]	[]	merged	"[""OG3242"", ""OG3242""]"	[8, 8]	0	0	1.0	[6, 6]	6	6	[]	[]	8	1	[]	separated	"[""RootHOG0004948"", ""RootHOG0004949""]"	[4, 3]	1	1	0.8333333333333334	[3, 2]	5	6	[]	[]	7	3	[]	separated	"[""N0.HOG0000356"", ""N0.HOG0000355""]"	[4, 4]	1	1	1.0	[3, 3]	6	6	[]	[]	8	2	[]	separated	"[""322"", ""1560""]"	[4, 4]	1	1	1.0	[3, 3]	6	6	[]	[]	8	2	[]	merged	"[""MCL100"", ""MCL100""]"	[8, 8]	0	0	1.0	[6, 6]	6	6	[]	[]	8	1	[]
"[""YBL059W"", ""YER093C-A""]"	Low	true	true	[]	[]	separated	"[""OG3239"", ""OG4099""]"	[4, 4]	1	1	1.0	[3, 3]	6	6	[]	[]	8	2	[]	separated	"[""RootHOG0004945"", ""RootHOG0005905""]"	[4, 4]	1	1	1.0	[3, 3]	6	6	[]	[]	8	2	[]	separated	"[""N0.HOG0000733"", ""N0.HOG0001883""]"	[4, 4]	1	1	1.0	[3, 3]	6	6	[]	[]	8	2	[]	separated	"[""326"", ""1565""]"	[4, 4]	1	1	1.0	[3, 3]	6	6	[]	[]	8	2	[]	separated	"[""MCL520"", ""MCL1670""]"	[4, 4]	1	1	1.0	[3, 3]	6	6	[]	[]	8	2	[]
"[""YBL061C"", ""YER096W""]"	Low	true	true	[]	[]	separated	"[""OG3231"", ""OG4101""]"	[4, 4]	1	1	1.0	[3, 3]	6	6	[]	[]	8	2	[]	separated	"[""RootHOG0004930"", ""RootHOG0005909""]"	[4, 4]	1	1	1.0	[3, 3]	6	6	[]	[]	8	2	[]	separated	"[""N0.HOG0000735"", ""N0.HOG0001886""]"	[4, 4]	1	1	1.0	[3, 3]	6	6	[]	[]	8	2	[]	separated	"[""328"", ""1568""]"	[4, 4]	1	1	1.0	[3, 3]	6	6	[]	[]	8	2	[]	separated	"[""MCL522"", ""MCL1673""]"	[4, 4]	1	1	1.0	[3, 3]	6	6	[]	[]	8	2	[]
"[""YBL069W"", ""YER101C""]"	Low	true	true	[]	[]	merged	"[""OG3169"", ""OG3169""]"	[8, 8]	0	0	1.0	[6, 6]	6	6	[]	[]	8	1	[]	separated	"[""RootHOG0002690"", ""RootHOG0002691""]"	[4, 3]	1	1	0.8333333333333334	[3, 2]	5	6	[]	[]	7	3	[]	separated	"[""N0.HOG0000359"", ""N0.HOG0000360""]"	[4, 4]	1	1	1.0	[3, 3]	6	6	[]	[]	8	2	[]	separated	"[""334"", ""1572""]"	[4, 4]	1	1	1.0	[3, 3]	6	6	[]	[]	8	2	[]	merged	"[""MCL102"", ""MCL102""]"	[8, 8]	0	0	1.0	[6, 6]	6	6	[]	[]	8	1	[]
"[""YBL075C"", ""YER103W""]"	Low	true	true	[]	[]	merged	"[""OG0057"", ""OG0057""]"	[26, 26]	0	0	1.0	[6, 6]	6	6	"[""Skud_1.58"", ""Skud_12.44"", ""Skud_16.177"", ""Skud_2.297"", ""Smik_1.63"", ""Smik_1.64"", ""Smik_12.40"", ""Smik_16.131"", ""Smik_2.310"", ""Suva_1.63"", ""Suva_1.66"", ""Suva_16.206"", ""Suva_4.422"", ""Suva_5.223"", ""YAL005C"", ""YBR169C"", ""YLL024C"", ""YPL106C""]"	[]	26	1	[]	separated	"[""RootHOG0000134"", ""RootHOG0000135""]"	[4, 5]	1	1	1.0	[3, 3]	6	6	"[""Suva_5.223""]"	[]	9	2	[]	separated	"[""N0.HOG0000276"", ""N0.HOG0000161""]"	[4, 5]	1	1	1.0	[3, 3]	6	6	"[""Suva_5.223""]"	[]	9	2	[]	separated	"[""111"", ""154""]"	[6, 5]	1	1	1.0	[3, 3]	6	6	"[""Skud_1.58"", ""Suva_5.223"", ""YAL005C""]"	[]	11	2	[]	merged	"[""MCL18"", ""MCL18""]"	[17, 17]	0	0	1.0	[6, 6]	6	6	"[""Skud_1.58"", ""Skud_12.44"", ""Smik_1.63"", ""Smik_1.64"", ""Smik_12.40"", ""Suva_1.63"", ""Suva_5.223"", ""YAL005C"", ""YLL024C""]"	[]	17	1	[]
"[""YBL089W"", ""YER119C""]"	Sparse	true	true	[]	[]	merged	"[""OG3019"", ""OG3019""]"	[12, 12]	0	0	1.0	[6, 6]	6	6	"[""Skud_9.86"", ""Smik_9.97"", ""Suva_9.112"", ""YIL088C""]"	[]	12	1	[]	separated	"[""RootHOG0004686"", ""RootHOG0004684""]"	[3, 4]	1	1	0.8333333333333334	[2, 3]	5	6	[]	[]	7	3	[]	separated	"[""N0.HOG0000751"", ""N0.HOG0001900""]"	[4, 4]	1	1	1.0	[3, 3]	6	6	[]	[]	8	2	[]	separated	"[""347"", ""1585""]"	[4, 4]	1	1	1.0	[3, 3]	6	6	[]	[]	8	2	[]	separated	"[""MCL538"", ""MCL1687""]"	[4, 4]	1	1	1.0	[3, 3]	6	6	[]	[]	8	2	[]
"[""YBL091C-A"", ""YER120W""]"	Low	true	true	[]	[]	merged	"[""OG2994"", ""OG2994""]"	[8, 8]	0	0	1.0	[6, 6]	6	6	[]	[]	8	1	[]	separated	"[""RootHOG0004648"", ""RootHOG0004649""]"	[4, 3]	1	1	0.8333333333333334	[3, 2]	5	6	[]	[]	7	3	[]	separated	"[""N0.HOG0000754"", ""N0.HOG0001901""]"	[4, 4]	1	1	1.0	[3, 3]	6	6	[]	[]	8	2	[]	separated	"[""350"", ""1586""]"	[4, 4]	1	1	1.0	[3, 3]	6	6	[]	[]	8	2	[]	separated	"[""MCL541"", ""MCL1688""]"	[4, 4]	1	1	1.0	[3, 3]	6	6	[]	[]	8	2	[]
"[""YBR001C"", ""YDR001C""]"	Low	true	true	[]	[]	merged	"[""OG2954"", ""OG2954""]"	[8, 8]	0	0	1.0	[6, 6]	6	6	[]	[]	8	1	[]	separated	"[""RootHOG0004587"", ""RootHOG0004588""]"	[4, 3]	1	1	0.8333333333333334	[3, 2]	5	6	[]	[]	7	3	[]	separated	"[""N0.HOG0000366"", ""N0.HOG0000365""]"	[4, 4]	1	1	1.0	[3, 3]	6	6	[]	[]	8	2	[]	separated	"[""363"", ""956""]"	[4, 4]	1	1	1.0	[3, 3]	6	6	[]	[]	8	2	[]	merged	"[""MCL107"", ""MCL107""]"	[8, 8]	0	0	1.0	[6, 6]	6	6	[]	[]	8	1	[]
"[""YBR005W"", ""YDR003W""]"	Sparse	true	true	[]	[]	merged	"[""OG2958"", ""OG2958""]"	[8, 8]	0	0	1.0	[6, 6]	6	6	[]	[]	8	1	[]	separated	"[""RootHOG0004593"", ""RootHOG0004595""]"	[4, 1]	1	0	0.5	[3, 0]	3	6	[]	[]	5	3	[]	separated	"[""N0.HOG0000769"", ""N0.HOG0001312""]"	[4, 4]	1	1	1.0	[3, 3]	6	6	[]	[]	8	2	[]	separated	"[""367"", ""958""]"	[4, 4]	1	1	1.0	[3, 3]	6	6	[]	[]	8	2	[]	separated	"[""MCL556"", ""MCL1099""]"	[4, 4]	1	1	1.0	[3, 3]	6	6	[]	[]	8	2	[]
"[""YBR014C"", ""YDL010W""]"	High	true	true	[]	[]	merged	"[""OG2963"", ""OG2963""]"	[8, 8]	0	0	1.0	[6, 6]	6	6	[]	[]	8	1	[]	separated	"[""RootHOG0004090"", ""RootHOG0004091""]"	[4, 3]	1	1	0.8333333333333334	[3, 2]	5	6	[]	[]	7	3	[]	separated	"[""N0.HOG0000773"", ""N0.HOG0001131""]"	[4, 4]	1	1	1.0	[3, 3]	6	6	[]	[]	8	2	[]	separated	"[""372"", ""760""]"	[4, 4]	1	1	1.0	[3, 3]	6	6	[]	[]	8	2	[]	separated	"[""MCL560"", ""MCL918""]"	[4, 4]	1	1	1.0	[3, 3]	6	6	[]	[]	8	2	[]
"[""YBR020W"", ""YDR009W""]"	Sparse	true	true	[]	[]	merged	"[""OG5599"", ""OG5599""]"	[6, 6]	0	0	1.0	[4, 4]	4	4	[]	[]	6	1	[]	separated	"[""RootHOG0007376"", ""RootHOG0007377""]"	[3, 3]	1	1	1.0	[2, 2]	4	4	[]	[]	6	2	[]	separated	"[""N0.HOG0005337"", ""N0.HOG0005336""]"	[3, 3]	1	1	1.0	[2, 2]	4	4	[]	[]	6	2	[]	separated	"[""5245"", ""5253""]"	[3, 3]	1	1	1.0	[2, 2]	4	4	[]	[]	6	2	[]	merged	"[""MCL314"", ""MCL314""]"	[6, 6]	0	0	1.0	[4, 4]	4	4	[]	[]	6	1	[]
"[""YBR024W"", ""YBR037C""]"	High	true	true	[]	[]	merged	"[""OG2973"", ""OG2973""]"	[8, 8]	0	0	1.0	[6, 6]	6	6	[]	[]	8	1	[]	separated	"[""RootHOG0004624"", ""RootHOG0004625""]"	[4, 3]	1	1	0.8333333333333334	[3, 2]	5	6	[]	[]	7	3	[]	separated	"[""N0.HOG0000780"", ""N0.HOG0000790""]"	[4, 4]	1	1	1.0	[3, 3]	6	6	[]	[]	8	2	[]	separated	"[""379"", ""389""]"	[4, 4]	1	1	1.0	[3, 3]	6	6	[]	[]	8	2	[]	separated	"[""MCL567"", ""MCL577""]"	[4, 4]	1	1	1.0	[3, 3]	6	6	[]	[]	8	2	[]
"[""YBR054W"", ""YDR033W""]"	Sparse	true	true	[]	[]	merged	"[""OG3003"", ""OG3003""]"	[12, 12]	0	0	1.0	[6, 6]	6	6	"[""Skud_3.94"", ""Smik_3.118"", ""Suva_3.52"", ""YCR021C""]"	[]	12	1	[]	separated	"[""RootHOG0000960"", ""RootHOG0000962""]"	[4, 4]	1	1	1.0	[3, 3]	6	6	[]	[]	8	2	[]	separated	"[""N0.HOG0000370"", ""N0.HOG0000369""]"	[4, 4]	1	1	1.0	[3, 3]	6	6	[]	[]	8	2	[]	separated	"[""404"", ""979""]"	[4, 4]	1	1	1.0	[3, 3]	6	6	[]	[]	8	2	[]	merged	"[""MCL111"", ""MCL111""]"	[8, 8]	0	0	1.0	[6, 6]	6	6	[]	[]	8	1	[]
"[""YBR066C"", ""YDR043C""]"	Low	true	true	[]	[]	merged	"[""OG3018"", ""OG3018""]"	[8, 8]	0	0	1.0	[6, 6]	6	6	[]	[]	8	1	[]	separated	"[""RootHOG0004682"", ""RootHOG0004681""]"	[1, 4]	1	0	0.5	[0, 3]	3	6	[]	[]	5	3	[]	separated	"[""N0.HOG0000817"", ""N0.HOG0001339""]"	[4, 4]	1	1	1.0	[3, 3]	6	6	[]	[]	8	2	[]	separated	"[""417"", ""986""]"	[4, 4]	1	1	1.0	[3, 3]	6	6	[]	[]	8	2	[]	separated	"[""MCL604"", ""MCL1126""]"	[4, 4]	1	1	1.0	[3, 3]	6	6	[]	[]	8	2	[]
"[""YBR078W"", ""YDR055W""]"	Low	true	true	[]	[]	merged	"[""OG3337"", ""OG3337""]"	[15, 15]	0	0	0.8333333333333334	[5, 5]	5	6	"[""Skud_3.16"", ""Skud_4.796"", ""Smik_3.28"", ""Smik_4.802"", ""Suva_2.702"", ""Suva_3.165"", ""YCL048W"", ""YDR522C""]"	[]	15	2	[]	separated	"[""RootHOG0005065"", ""RootHOG0005063""]"	[3, 4]	1	1	0.8333333333333334	[2, 3]	5	6	[]	[]	7	3	[]	separated	"[""N0.HOG0000373"", ""N0.HOG0000374""]"	[4, 4]	1	1	0.8333333333333334	[2, 3]	5	6	"[""Skud_2.202""]"	[]	8	2	"[""Skud_2.200""]"	separated	"[""5246"", ""996""]"	[3, 4]	1	1	0.8333333333333334	[2, 3]	5	6	[]	[]	7	2	"[""Skud_2.200""]"	merged	"[""MCL113"", ""MCL113""]"	[8, 8]	0	0	0.8333333333333334	[5, 5]	5	6	"[""Skud_2.202""]"	[]	8	2	[]
"[""YBR104W"", ""YPR058W""]"	Low	true	true	[]	[]	merged	"[""OG2240"", ""OG2240""]"	[12, 12]	0	0	1.0	[6, 6]	6	6	"[""Skud_15.265"", ""Smik_15.280"", ""Suva_8.154"", ""YOR100C""]"	[]	12	1	[]	separated	"[""RootHOG0003698"", ""RootHOG0003697""]"	[4, 2]	1	1	0.6666666666666666	[3, 1]	4	6	[]	[]	6	4	[]	separated	"[""N0.HOG0000844"", ""N0.HOG0005195""]"	[4, 4]	1	1	1.0	[3, 3]	6	6	[]	[]	8	2	[]	separated	"[""451"", ""5122""]"	[4, 4]	1	1	1.0	[3, 3]	6	6	[]	[]	8	2	[]	separated	"[""MCL631"", ""MCL4982""]"	[4, 4]	1	1	1.0	[3, 3]	6	6	[]	[]	8	2	[]
"[""YBR147W"", ""YOL092W""]"	Sparse	true	true	[]	[]	merged	"[""OG2492"", ""OG2492""]"	[8, 8]	0	0	1.0	[6, 6]	6	6	[]	[]	8	1	[]	separated	"[""RootHOG0004003"", ""RootHOG0004002""]"	[3, 4]	1	1	0.8333333333333334	[2, 3]	5	6	[]	[]	7	3	[]	separated	"[""N0.HOG0000877"", ""N0.HOG0004570""]"	[4, 4]	1	1	1.0	[3, 3]	6	6	[]	[]	8	2	[]	separated	"[""489"", ""4451""]"	[4, 4]	1	1	1.0	[3, 3]	6	6	[]	[]	8	2	[]	separated	"[""MCL664"", ""MCL4357""]"	[4, 4]	1	1	1.0	[3, 3]	6	6	[]	[]	8	2	[]
"[""YBR148W"", ""YOL091W""]"	Sparse	true	true	[]	[]	separated	"[""OG3096"", ""OG2493""]"	[4, 4]	1	1	1.0	[3, 3]	6	6	[]	[]	8	2	[]	separated	"[""RootHOG0004784"", ""RootHOG0000069""]"	[4, 4]	1	1	1.0	[3, 3]	6	6	[]	[]	8	2	[]	separated	"[""N0.HOG0000878"", ""N0.HOG0004569""]"	[4, 4]	1	1	1.0	[3, 3]	6	6	[]	[]	8	2	[]	separated	"[""490"", ""4450""]"	[4, 4]	1	1	1.0	[3, 3]	6	6	[]	[]	8	2	[]	separated	"[""MCL665"", ""MCL4356""]"	[4, 4]	1	1	1.0	[3, 3]	6	6	[]	[]	8	2	[]
"[""YBR172C"", ""YPL105C""]"	Low	true	true	[]	[]	merged	"[""OG2598"", ""OG2598""]"	[8, 8]	0	0	1.0	[6, 6]	6	6	[]	[]	8	1	[]	separated	"[""RootHOG0004135"", ""RootHOG0004134""]"	[3, 4]	1	1	0.8333333333333334	[2, 3]	5	6	[]	[]	7	3	[]	separated	"[""N0.HOG0000898"", ""N0.HOG0005003""]"	[4, 4]	1	1	1.0	[3, 3]	6	6	[]	[]	8	2	[]	separated	"[""514"", ""4920""]"	[4, 4]	1	1	1.0	[3, 3]	6	6	[]	[]	8	2	[]	separated	"[""MCL685"", ""MCL4790""]"	[4, 4]	1	1	1.0	[3, 3]	6	6	[]	[]	8	2	[]
"[""YBR177C"", ""YPL095C""]"	Sparse	true	true	[]	[]	merged	"[""OG2609"", ""OG2609""]"	[8, 8]	0	0	1.0	[6, 6]	6	6	[]	[]	8	1	[]	separated	"[""RootHOG0004150"", ""RootHOG0004149""]"	[3, 4]	1	1	0.8333333333333334	[2, 3]	5	6	[]	[]	7	3	[]	separated	"[""N0.HOG0000902"", ""N0.HOG0004993""]"	[4, 4]	1	1	1.0	[3, 3]	6	6	[]	[]	8	2	[]	separated	"[""518"", ""4910""]"	[4, 4]	1	1	1.0	[3, 3]	6	6	[]	[]	8	2	[]	separated	"[""MCL689"", ""MCL4780""]"	[4, 4]	1	1	1.0	[3, 3]	6	6	[]	[]	8	2	[]
"[""YBR182C"", ""YPL089C""]"	Low	true	true	[]	[]	merged	"[""OG2615"", ""OG2615""]"	[8, 8]	0	0	1.0	[6, 6]	6	6	[]	[]	8	1	[]	separated	"[""RootHOG0000724"", ""RootHOG0000732""]"	[4, 1]	1	0	0.5	[3, 0]	3	6	[]	[]	5	3	[]	separated	"[""N0.HOG0000905"", ""N0.HOG0004988""]"	[4, 4]	1	1	1.0	[3, 3]	6	6	[]	[]	8	2	[]	separated	"[""521"", ""4905""]"	[4, 4]	1	1	1.0	[3, 3]	6	6	[]	[]	8	2	[]	separated	"[""MCL692"", ""MCL4775""]"	[4, 4]	1	1	1.0	[3, 3]	6	6	[]	[]	8	2	[]
"[""YBR183W"", ""YPL087W""]"	Low	true	true	[]	[]	merged	"[""OG2617"", ""OG2617""]"	[8, 8]	0	0	1.0	[6, 6]	6	6	[]	[]	8	1	[]	separated	"[""RootHOG0004164"", ""RootHOG0004165""]"	[4, 3]	1	1	0.8333333333333334	[3, 2]	5	6	[]	[]	7	3	[]	separated	"[""N0.HOG0000906"", ""N0.HOG0004987""]"	[4, 4]	1	1	1.0	[3, 3]	6	6	[]	[]	8	2	[]	separated	"[""522"", ""4903""]"	[4, 4]	1	1	1.0	[3, 3]	6	6	[]	[]	8	2	[]	separated	"[""MCL693"", ""MCL4774""]"	[4, 4]	1	1	1.0	[3, 3]	6	6	[]	[]	8	2	[]
"[""YBR197C"", ""YPL077C""]"	Low	true	true	[]	[]	separated	"[""OG3136"", ""OG2627""]"	[4, 4]	1	1	1.0	[3, 3]	6	6	[]	[]	8	2	[]	separated	"[""RootHOG0004823"", ""RootHOG0004177""]"	[4, 4]	1	1	1.0	[3, 3]	6	6	[]	[]	8	2	[]	separated	"[""N0.HOG0000917"", ""N0.HOG0004980""]"	[4, 4]	1	1	1.0	[3, 3]	6	6	[]	[]	8	2	[]	separated	"[""533"", ""4896""]"	[4, 4]	1	1	1.0	[3, 3]	6	6	[]	[]	8	2	[]	separated	"[""MCL704"", ""MCL4767""]"	[4, 4]	1	1	1.0	[3, 3]	6	6	[]	[]	8	2	[]
"[""YBR214W"", ""YGL056C""]"	High	true	true	[]	[]	merged	"[""OG3155"", ""OG3155""]"	[8, 8]	0	0	1.0	[6, 6]	6	6	[]	[]	8	1	[]	separated	"[""RootHOG0004848"", ""RootHOG0004847""]"	[3, 4]	1	1	0.8333333333333334	[2, 3]	5	6	[]	[]	7	3	[]	separated	"[""N0.HOG0000932"", ""N0.HOG0002090""]"	[4, 4]	1	1	1.0	[3, 3]	6	6	[]	[]	8	2	[]	separated	"[""548"", ""1785""]"	[4, 4]	1	1	1.0	[3, 3]	6	6	[]	[]	8	2	[]	separated	"[""MCL719"", ""MCL1877""]"	[4, 4]	1	1	1.0	[3, 3]	6	6	[]	[]	8	2	[]
"[""YBR216C"", ""YGL060W""]"	Low	true	true	[]	[]	merged	"[""OG3157"", ""OG3157""]"	[8, 8]	0	0	1.0	[6, 6]	6	6	[]	[]	8	1	[]	separated	"[""RootHOG0004850"", ""RootHOG0004851""]"	[4, 3]	1	1	0.8333333333333334	[3, 2]	5	6	[]	[]	7	3	[]	separated	"[""N0.HOG0000934"", ""N0.HOG0002094""]"	[4, 4]	1	1	1.0	[3, 3]	6	6	[]	[]	8	2	[]	separated	"[""550"", ""1789""]"	[4, 4]	1	1	1.0	[3, 3]	6	6	[]	[]	8	2	[]	separated	"[""MCL721"", ""MCL1881""]"	[4, 4]	1	1	1.0	[3, 3]	6	6	[]	[]	8	2	[]
"[""YBR241C"", ""YGL104C""]"	Low	true	true	[]	[]	merged	"[""OG3183"", ""OG3183""]"	[8, 8]	0	0	1.0	[6, 6]	6	6	[]	[]	8	1	[]	separated	"[""RootHOG0004879"", ""RootHOG0004880""]"	[3, 4]	1	1	0.8333333333333334	[2, 3]	5	6	[]	[]	7	3	[]	separated	"[""N0.HOG0000956"", ""N0.HOG0002130""]"	[4, 4]	1	1	1.0	[3, 3]	6	6	[]	[]	8	2	[]	separated	"[""573"", ""159""]"	[4, 5]	1	1	1.0	[3, 3]	6	6	"[""Skud_4.5""]"	[]	9	2	[]	separated	"[""MCL743"", ""MCL1917""]"	[4, 4]	1	1	1.0	[3, 3]	6	6	[]	[]	8	2	[]
"[""YBR259W"", ""YJL047C""]"	Low	true	false	[]	"[{""lines"": [2303, 3759], ""reason"": ""anchors_in_different_pillars""}]"	separated	"[""OG3203"", ""OG0172""]"	[4, 4]	1								8			separated	"[""RootHOG0004904"", ""RootHOG0000325""]"	[4, 4]	1								8			separated	"[""N0.HOG0000974"", ""N0.HOG0002896""]"	[4, 4]	1								8			separated	"[""592"", ""2639""]"	[4, 4]	1								8			separated	"[""MCL761"", ""MCL2683""]"	[4, 4]	1								8		
"[""YBR270C"", ""YJL058C""]"	Sparse	true	true	[]	[]	merged	"[""OG0185"", ""OG0185""]"	[8, 8]	0	0	1.0	[6, 6]	6	6	[]	[]	8	1	[]	separated	"[""RootHOG0000351"", ""RootHOG0000350""]"	[4, 3]	1	1	0.8333333333333334	[3, 2]	5	6	[]	[]	7	3	[]	separated	"[""N0.HOG0000984"", ""N0.HOG0002906""]"	[4, 4]	1	1	1.0	[3, 3]	6	6	[]	[]	8	2	[]	separated	"[""602"", ""2650""]"	[4, 4]	1	1	1.0	[3, 3]	6	6	[]	[]	8	2	[]	separated	"[""MCL771"", ""MCL2693""]"	[4, 4]	1	1	1.0	[3, 3]	6	6	[]	[]	8	2	[]
"[""YBR273C"", ""YJL048C""]"	Sparse	true	true	[]	[]	separated	"[""OG3216"", ""OG0173""]"	[4, 4]	1	1	1.0	[3, 3]	6	6	[]	[]	8	2	[]	separated	"[""RootHOG0004916"", ""RootHOG0000326""]"	[4, 4]	1	1	1.0	[3, 3]	6	6	[]	[]	8	2	[]	separated	"[""N0.HOG0000987"", ""N0.HOG0002897""]"	[4, 4]	1	1	1.0	[3, 3]	6	6	[]	[]	8	2	[]	separated	"[""605"", ""2640""]"	[4, 4]	1	1	1.0	[3, 3]	6	6	[]	[]	8	2	[]	separated	"[""MCL774"", ""MCL2684""]"	[4, 4]	1	1	1.0	[3, 3]	6	6	[]	[]	8	2	[]
"[""YBR278W"", ""YJL065C""]"	Low	true	true	[]	[]	separated	"[""OG3220"", ""OG0193""]"	[4, 4]	1	1	1.0	[3, 3]	6	6	[]	[]	8	2	[]	separated	"[""RootHOG0004920"", ""RootHOG0000368""]"	[4, 4]	1	1	1.0	[3, 3]	6	6	[]	[]	8	2	[]	separated	"[""N0.HOG0000991"", ""N0.HOG0002913""]"	[4, 4]	1	1	1.0	[3, 3]	6	6	[]	[]	8	2	[]	separated	"[""609"", ""2657""]"	[4, 4]	1	1	1.0	[3, 3]	6	6	[]	[]	8	2	[]	separated	"[""MCL778"", ""MCL2700""]"	[4, 4]	1	1	1.0	[3, 3]	6	6	[]	[]	8	2	[]
"[""YCL011C"", ""YNL004W""]"	Low	true	true	[]	[]	merged	"[""OG1970"", ""OG1970""]"	[8, 8]	0	0	1.0	[6, 6]	6	6	[]	[]	8	1	[]	separated	"[""RootHOG0003332"", ""RootHOG0003333""]"	[4, 3]	1	1	0.8333333333333334	[3, 2]	5	6	[]	[]	7	3	[]	separated	"[""N0.HOG0001015"", ""N0.HOG0004177""]"	[4, 4]	1	1	1.0	[3, 3]	6	6	[]	[]	8	2	[]	separated	"[""634"", ""4029""]"	[4, 4]	1	1	1.0	[3, 3]	6	6	[]	[]	8	2	[]	separated	"[""MCL802"", ""MCL3964""]"	[4, 4]	1	1	1.0	[3, 3]	6	6	[]	[]	8	2	[]
"[""YCL024W"", ""YDR507C""]"	Low	true	true	[]	[]	merged	"[""OG3366"", ""OG3366""]"	[8, 8]	0	0	1.0	[6, 6]	6	6	[]	[]	8	1	[]	separated	"[""RootHOG0005101"", ""RootHOG0005102""]"	[3, 4]	1	1	0.8333333333333334	[2, 3]	5	6	[]	[]	7	3	[]	separated	"[""N0.HOG0000395"", ""N0.HOG0000396""]"	[4, 4]	1	1	1.0	[3, 3]	6	6	[]	[]	8	2	[]	separated	"[""641"", ""1390""]"	[4, 4]	1	1	1.0	[3, 3]	6	6	[]	[]	8	2	[]	merged	"[""MCL126"", ""MCL126""]"	[8, 8]	0	0	1.0	[6, 6]	6	6	[]	[]	8	1	[]
"[""YCL035C"", ""YDR513W""]"	Sparse	true	true	[]	[]	merged	"[""OG3355"", ""OG3355""]"	[8, 8]	0	0	1.0	[6, 6]	6	6	[]	[]	8	1	[]	separated	"[""RootHOG0005090"", ""RootHOG0005089""]"	[3, 4]	1	1	0.8333333333333334	[2, 3]	5	6	[]	[]	7	3	[]	separated	"[""N0.HOG0005345"", ""N0.HOG0001725""]"	[3, 4]	1	1	0.8333333333333334	[2, 3]	5	6	[]	[]	7	2	"[""Suva_3.178""]"	separated	"[""650"", ""1394""]"	[4, 4]	1	1	1.0	[3, 3]	6	6	[]	[]	8	2	[]	separated	"[""MCL5098"", ""MCL1512""]"	[3, 4]	1	1	0.8333333333333334	[2, 3]	5	6	[]	[]	7	3	[]
"[""YCL036W"", ""YDR514C""]"	Low	true	true	[]	[]	separated	"[""OG3354"", ""OG3960""]"	[4, 4]	1	1	1.0	[3, 3]	6	6	[]	[]	8	2	[]	separated	"[""RootHOG0005087"", ""RootHOG0005723""]"	[4, 4]	1	1	1.0	[3, 3]	6	6	[]	[]	8	2	[]	separated	"[""N0.HOG0001030"", ""N0.HOG0001726""]"	[4, 4]	1	1	1.0	[3, 3]	6	6	[]	[]	8	2	[]	separated	"[""651"", ""1395""]"	[4, 4]	1	1	1.0	[3, 3]	6	6	[]	[]	8	2	[]	separated	"[""MCL817"", ""MCL1513""]"	[4, 4]	1	1	1.0	[3, 3]	6	6	[]	[]	8	2	[]
"[""YCL040W"", ""YDR516C""]"	Sparse	true	true	[]	[]	merged	"[""OG3350"", ""OG3350""]"	[16, 16]	0	0	1.0	[6, 6]	6	6	"[""Skud_6.145"", ""Skud_7.14"", ""Smik_7.374"", ""Smik_7.8"", ""Suva_12.4"", ""Suva_7.8"", ""YFR053C"", ""YGL253W""]"	[]	16	1	[]	separated	"[""RootHOG0005076"", ""RootHOG0005077""]"	[2, 4]	1	1	0.6666666666666666	[1, 3]	4	6	[]	[]	6	4	[]	separated	"[""N0.HOG0000400"", ""N0.HOG0000399""]"	[4, 4]	1	1	1.0	[3, 3]	6	6	[]	[]	8	2	[]	separated	"[""655"", ""1397""]"	[4, 4]	1	1	1.0	[3, 3]	6	6	[]	[]	8	2	[]	merged	"[""MCL129"", ""MCL129""]"	[8, 8]	0	0	1.0	[6, 6]	6	6	[]	[]	8	1	[]
"[""YCL048W"", ""YDR522C""]"	Sparse	true	true	[]	[]	merged	"[""OG3337"", ""OG3337""]"	[15, 15]	0	0	1.0	[6, 6]	6	6	"[""Skud_4.307"", ""Smik_2.210"", ""Smik_4.291"", ""Suva_2.212"", ""Suva_4.317"", ""YBR078W"", ""YDR055W""]"	[]	15	1	[]	separated	"[""RootHOG0005066"", ""RootHOG0005064""]"	[1, 4]	1	0	0.5	[0, 3]	3	6	[]	[]	5	3	[]	separated	"[""N0.HOG0001038"", ""N0.HOG0001732""]"	[4, 4]	1	1	1.0	[3, 3]	6	6	[]	[]	8	2	[]	separated	"[""660"", ""1402""]"	[4, 4]	1	1	1.0	[3, 3]	6	6	[]	[]	8	2	[]	separated	"[""MCL825"", ""MCL1519""]"	[4, 4]	1	1	1.0	[3, 3]	6	6	[]	[]	8	2	[]
"[""YCL050C"", ""YDR530C""]"	Sparse	true	true	[]	[]	merged	"[""OG3312"", ""OG3312""]"	[7, 7]	0	0	1.0	[5, 5]	5	5	[]	[]	7	1	[]	separated	"[""RootHOG0005034"", ""RootHOG0005032""]"	[1, 3]	1	0	0.4	[0, 2]	2	5	[]	[]	4	4	[]	separated	"[""N0.HOG0001040"", ""N0.HOG0005351""]"	[4, 3]	1	1	1.0	[3, 2]	5	5	[]	[]	7	2	[]	separated	"[""663"", ""5258""]"	[4, 3]	1	1	1.0	[3, 2]	5	5	[]	[]	7	2	[]	separated	"[""MCL827"", ""MCL5104""]"	[4, 3]	1	1	1.0	[3, 2]	5	5	[]	[]	7	2	[]
"[""YCR010C"", ""YNR002C""]"	Sparse	true	true	[]	[]	merged	"[""OG1978"", ""OG1978""]"	[15, 15]	0	0	1.0	[6, 6]	6	6	"[""Skud_4.656"", ""Skud_92.1"", ""Smik_14.406"", ""Smik_4.654"", ""Suva_15.424"", ""Suva_2.559"", ""YDR384C""]"	[]	15	1	[]	separated	"[""RootHOG0003352"", ""RootHOG0003347""]"	[1, 4]	1	0	0.5	[0, 3]	3	6	[]	[]	5	4	[]	separated	"[""N0.HOG0000403"", ""N0.HOG0000404""]"	[4, 4]	1	1	1.0	[3, 3]	6	6	[]	[]	8	2	[]	separated	"[""683"", ""4311""]"	[4, 4]	1	1	1.0	[3, 3]	6	6	[]	[]	8	2	[]	merged	"[""MCL131"", ""MCL131""]"	[8, 8]	0	0	1.0	[6, 6]	6	6	[]	[]	8	1	[]
"[""YCR026C"", ""YEL016C""]"	Low	true	true	[]	[]	separated	"[""OG3292"", ""OG4214""]"	[4, 4]	1	1	1.0	[3, 3]	6	6	[]	[]	8	2	[]	separated	"[""RootHOG0005011"", ""RootHOG0006028""]"	[4, 4]	1	1	1.0	[3, 3]	6	6	[]	[]	8	2	[]	separated	"[""N0.HOG0001073"", ""N0.HOG0001756""]"	[4, 4]	1	1	1.0	[3, 3]	6	6	[]	[]	8	2	[]	separated	"[""698"", ""1426""]"	[4, 4]	1	1	1.0	[3, 3]	6	6	[]	[]	8	2	[]	separated	"[""MCL860"", ""MCL1543""]"	[4, 4]	1	1	1.0	[3, 3]	6	6	[]	[]	8	2	[]
"[""YCR048W"", ""YNR019W""]"	Low	true	true	[]	[]	merged	"[""OG1991"", ""OG1991""]"	[8, 8]	0	0	1.0	[6, 6]	6	6	[]	[]	8	1	[]	separated	"[""RootHOG0003365"", ""RootHOG0003364""]"	[3, 4]	1	1	0.8333333333333334	[2, 3]	5	6	[]	[]	7	3	[]	separated	"[""N0.HOG0001088"", ""N0.HOG0004459""]"	[4, 4]	1	1	1.0	[3, 3]	6	6	[]	[]	8	2	[]	separated	"[""716"", ""4327""]"	[4, 4]	1	1	1.0	[3, 3]	6	6	[]	[]	8	2	[]	separated	"[""MCL875"", ""MCL4246""]"	[4, 4]	1	1	1.0	[3, 3]	6	6	[]	[]	8	2	[]
"[""YCR069W"", ""YNR028W""]"	High	true	true	[]	[]	merged	"[""OG1999"", ""OG1999""]"	[8, 8]	0	0	1.0	[6, 6]	6	6	[]	[]	8	1	[]	separated	"[""RootHOG0003379"", ""RootHOG0003378""]"	[3, 4]	1	1	0.8333333333333334	[2, 3]	5	6	[]	[]	7	3	[]	separated	"[""N0.HOG0001101"", ""N0.HOG0004467""]"	[4, 4]	1	1	1.0	[3, 3]	6	6	[]	[]	8	2	[]	separated	"[""729"", ""4335""]"	[4, 4]	1	1	1.0	[3, 3]	6	6	[]	[]	8	2	[]	separated	"[""MCL888"", ""MCL4254""]"	[4, 4]	1	1	1.0	[3, 3]	6	6	[]	[]	8	2	[]
"[""YCR073W-A"", ""YNR034W""]"	Low	true	true	[]	[]	merged	"[""OG2007"", ""OG2007""]"	[16, 16]	0	0	1.0	[6, 6]	6	6	"[""Skud_7.581"", ""Skud_8.227"", ""Smik_16.59"", ""Smik_8.247"", ""Suva_15.362"", ""Suva_7.543"", ""YGR248W"", ""YHR163W""]"	[]	16	1	[]	separated	"[""RootHOG0003391"", ""RootHOG0003390""]"	[4, 4]	1	1	1.0	[3, 3]	6	6	[]	[]	8	2	[]	separated	"[""N0.HOG0000411"", ""N0.HOG0000412""]"	[4, 4]	1	1	1.0	[3, 3]	6	6	[]	[]	8	2	[]	separated	"[""733"", ""4342""]"	[4, 4]	1	1	1.0	[3, 3]	6	6	[]	[]	8	2	[]	merged	"[""MCL136"", ""MCL136""]"	[8, 8]	0	0	1.0	[6, 6]	6	6	[]	[]	8	1	[]
"[""YCR075W-A"", ""YNR034W-A""]"	Low	true	true	[]	[]	separated	"[""OG3326"", ""OG2008""]"	[4, 4]	1	1	1.0	[3, 3]	6	6	[]	[]	8	2	[]	separated	"[""RootHOG0005048"", ""RootHOG0003395""]"	[4, 4]	1	1	1.0	[3, 3]	6	6	[]	[]	8	2	[]	separated	"[""N0.HOG0001105"", ""N0.HOG0004473""]"	[4, 4]	1	1	1.0	[3, 3]	6	6	[]	[]	8	2	[]	separated	"[""735"", ""4343""]"	[4, 4]	1	1	1.0	[3, 3]	6	6	[]	[]	8	2	[]	separated	"[""MCL892"", ""MCL4260""]"	[4, 4]	1	1	1.0	[3, 3]	6	6	[]	[]	8	2	[]
"[""YCR089W"", ""YNR044W""]"	Sparse	true	true	[]	[]	separated	"[""OG5634"", ""OG2018""]"	[3, 6]	1	1	1.0	[2, 4]	6	6	"[""Skud_3.161""]"	[]	9	2	[]	separated	"[""RootHOG0007409"", ""RootHOG0003089""]"	[3, 4]	1	1	0.8333333333333334	[2, 3]	5	6	[]	[]	7	3	[]	separated	"[""N0.HOG0001116"", ""N0.HOG0000271""]"	[4, 4]	1	1	1.0	[3, 3]	6	6	[]	[]	8	2	[]	separated	"[""145"", ""5289""]"	[5, 3]	1	1	0.8333333333333334	[3, 2]	5	6	"[""Skud_3.161""]"	[]	8	2	"[""Suva_14.399""]"	separated	"[""MCL903"", ""MCL15""]"	[4, 18]	1	1	1.0	[3, 3]	6	6	"[""Scer_YGOB_YDR134C"", ""Skud_12.178"", ""Skud_18.1"", ""Skud_24.1"", ""Skud_4.394"", ""Smik_12.170"", ""Smik_19.14"", ""Smik_4.379"", ""Suva_1.1"", ""Suva_10.200"", ""Suva_12.3"", ""Suva_2.296"", ""Suva_5.263"", ""YLR110C""]"	[]	22	2	[]
"[""YDL021W"", ""YOL056W""]"	Low	true	true	[]	[]	merged	"[""OG2527"", ""OG2527""]"	[8, 8]	0	0	1.0	[6, 6]	6	6	[]	[]	8	1	[]	separated	"[""RootHOG0004056"", ""RootHOG0004057""]"	[4, 3]	1	1	0.8333333333333334	[3, 2]	5	6	[]	[]	7	3	[]	separated	"[""N0.HOG0000418"", ""N0.HOG0000417""]"	[4, 4]	1	1	1.0	[3, 3]	6	6	[]	[]	8	2	[]	separated	"[""769"", ""4416""]"	[4, 4]	1	1	1.0	[3, 3]	6	6	[]	[]	8	2	[]	merged	"[""MCL139"", ""MCL139""]"	[8, 8]	0	0	1.0	[6, 6]	6	6	[]	[]	8	1	[]
"[""YDL079C"", ""YMR139W""]"	Sparse	true	true	[]	[]	merged	"[""OG1522"", ""OG1522""]"	[24, 24]	0	0	1.0	[6, 6]	6	6	"[""Skud_14.32"", ""Skud_15.25"", ""Skud_2.90"", ""Skud_7.337"", ""Smik_14.24"", ""Smik_15.25"", ""Smik_2.101"", ""Smik_6.125"", ""Suva_14.32"", ""Suva_15.32"", ""Suva_2.105"", ""Suva_7.325"", ""YBL016W"", ""YGR040W"", ""YNL307C"", ""YOL128C""]"	[]	24	1	[]	separated	"[""RootHOG0001550"", ""RootHOG0001544""]"	[4, 4]	1	1	0.8333333333333334	[2, 3]	5	6	"[""Suva_4.169""]"	[]	8	3	[]	separated	"[""N0.HOG0000427"", ""N0.HOG0000428""]"	[4, 4]	1	1	1.0	[3, 3]	6	6	[]	[]	8	2	[]	separated	"[""813"", ""3861""]"	[4, 4]	1	1	1.0	[3, 3]	6	6	[]	[]	8	2	[]	merged	"[""MCL144"", ""MCL144""]"	[8, 8]	0	0	1.0	[6, 6]	6	6	[]	[]	8	1	[]
"[""YDL082W"", ""YMR142C""]"	Low	true	true	[]	[]	merged	"[""OG1524"", ""OG1524""]"	[8, 8]	0	0	1.0	[6, 6]	6	6	[]	[]	8	1	[]	merged	"[""RootHOG0002674"", ""RootHOG0002674""]"	[6, 6]	0	0	0.6666666666666666	[4, 4]	4	6	[]	[]	6	2	[]	merged	"[""N0.HOG0005452"", ""N0.HOG0005452""]"	[2, 2]	0	0	0.0	[0, 0]	0	6	[]	[]	2	4	[]	merged	"[""35"", ""35""]"	[8, 8]	0	0	1.0	[6, 6]	6	6	[]	[]	8	1	[]	merged	"[""MCL145"", ""MCL145""]"	[8, 8]	0	0	1.0	[6, 6]	6	6	[]	[]	8	1	[]
"[""YDL088C"", ""YMR153W""]"	High	true	true	[]	[]	merged	"[""OG1534"", ""OG1534""]"	[8, 8]	0	0	1.0	[6, 6]	6	6	[]	[]	8	1	[]	separated	"[""RootHOG0002694"", ""RootHOG0002693""]"	[3, 4]	1	1	0.8333333333333334	[2, 3]	5	6	[]	[]	7	3	[]	separated	"[""N0.HOG0001185"", ""N0.HOG0004032""]"	[4, 4]	1	1	1.0	[3, 3]	6	6	[]	[]	8	2	[]	separated	"[""820"", ""3871""]"	[4, 4]	1	1	1.0	[3, 3]	6	6	[]	[]	8	2	[]	separated	"[""MCL972"", ""MCL3819""]"	[4, 4]	1	1	1.0	[3, 3]	6	6	[]	[]	8	2	[]
"[""YDL127W"", ""YDL179W""]"	Sparse	true	true	[]	[]	merged	"[""OG2052"", ""OG2052""]"	[12, 12]	0	0	1.0	[6, 6]	6	6	"[""Skud_14.48"", ""Smik_14.42"", ""Suva_14.50"", ""YNL289W""]"	[]	12	1	[]	separated	"[""RootHOG0003468"", ""RootHOG0003469""]"	[4, 3]	1	1	0.8333333333333334	[3, 2]	5	6	[]	[]	7	3	[]	separated	"[""N0.HOG0001219"", ""N0.HOG0001261""]"	[4, 4]	1	1	1.0	[3, 3]	6	6	[]	[]	8	2	[]	separated	"[""855"", ""902""]"	[4, 4]	1	1	1.0	[3, 3]	6	6	[]	[]	8	2	[]	separated	"[""MCL1006"", ""MCL1048""]"	[4, 4]	1	1	1.0	[3, 3]	6	6	[]	[]	8	2	[]
"[""YDL130W-A"", ""YDL181W""]"	Low	true	true	[]	[]	merged	"[""OG3437"", ""OG3437""]"	[8, 8]	0	0	1.0	[6, 6]	6	6	[]	[]	8	1	[]	separated	"[""RootHOG0005169"", ""RootHOG0005170""]"	[3, 4]	1	1	0.8333333333333334	[2, 3]	5	6	[]	[]	7	3	[]	separated	"[""N0.HOG0001223"", ""N0.HOG0001263""]"	[4, 4]	1	1	1.0	[3, 3]	6	6	[]	[]	8	2	[]	separated	"[""859"", ""904""]"	[4, 4]	1	1	1.0	[3, 3]	6	6	[]	[]	8	2	[]	separated	"[""MCL1010"", ""MCL1050""]"	[4, 4]	1	1	1.0	[3, 3]	6	6	[]	[]	8	2	[]
"[""YDL155W"", ""YLR210W""]"	High	true	true	[]	[]	separated	"[""OG2809"", ""OG1046""]"	[12, 12]	1	1	1.0	[3, 3]	6	6	"[""Skud_16.408"", ""Skud_16.409"", ""Skud_7.410"", ""Skud_7.411"", ""Smik_16.363"", ""Smik_16.364"", ""Smik_6.195"", ""Smik_6.196"", ""Suva_16.448"", ""Suva_16.449"", ""Suva_7.392"", ""Suva_7.393"", ""YGR108W"", ""YGR109C"", ""YPR119W"", ""YPR120C""]"	[]	24	2	[]	separated	"[""RootHOG0004407"", ""RootHOG0001907""]"	[4, 4]	1	1	1.0	[3, 3]	6	6	[]	[]	8	2	[]	separated	"[""N0.HOG0001241"", ""N0.HOG0003614""]"	[4, 4]	1	1	1.0	[3, 3]	6	6	[]	[]	8	2	[]	separated	"[""881"", ""3423""]"	[4, 4]	1	1	1.0	[3, 3]	6	6	[]	[]	8	2	[]	separated	"[""MCL1028"", ""MCL3401""]"	[4, 4]	1	1	1.0	[3, 3]	6	6	[]	[]	8	2	[]
"[""YDL204W"", ""YDR233C""]"	Low	true	true	[]	[]	separated	"[""OG3753"", ""OG3723""]"	[4, 4]	1	1	1.0	[3, 3]	6	6	[]	[]	8	2	[]	separated	"[""RootHOG0005488"", ""RootHOG0005459""]"	[4, 4]	1	1	1.0	[3, 3]	6	6	[]	[]	8	2	[]	separated	"[""N0.HOG0001278"", ""N0.HOG0001495""]"	[4, 4]	1	1	1.0	[3, 3]	6	6	[]	[]	8	2	[]	separated	"[""923"", ""1153""]"	[4, 4]	1	1	1.0	[3, 3]	6	6	[]	[]	8	2	[]	separated	"[""MCL1065"", ""MCL1282""]"	[4, 4]	1	1	1.0	[3, 3]	6	6	[]	[]	8	2	[]
"[""YDL223C"", ""YNL195C""]"	Sparse	true	true	[]	[]	separated	"[""OG3577"", ""OG1788""]"	[4, 4]	1	1	1.0	[3, 3]	6	6	[]	[]	8	2	[]	separated	"[""RootHOG0003094"", ""RootHOG0003054""]"	[4, 4]	1	1	1.0	[3, 3]	6	6	[]	[]	8	2	[]	separated	"[""N0.HOG0001296"", ""N0.HOG0004328""]"	[4, 4]	1	1	1.0	[3, 3]	6	6	[]	[]	8	2	[]	separated	"[""941"", ""4192""]"	[4, 4]	1	1	1.0	[3, 3]	6	6	[]	[]	8	2	[]	separated	"[""MCL1083"", ""MCL4115""]"	[4, 4]	1	1	1.0	[3, 3]	6	6	[]	[]	8	2	[]
"[""YDR077W"", ""YER150W""]"	High	true	true	[]	[]	merged	"[""OG3595"", ""OG3595""]"	[9, 9]	0	0	1.0	[6, 6]	6	6	"[""Skud_72.1""]"	[]	9	1	[]	separated	"[""RootHOG0005325"", ""RootHOG0005328""]"	[4, 1]	1	0	0.5	[3, 0]	3	6	[]	[]	5	3	[]	separated	"[""N0.HOG0001367"", ""N0.HOG0001926""]"	[4, 4]	1	1	1.0	[3, 3]	6	6	[]	[]	8	2	[]	separated	"[""1017"", ""1613""]"	[4, 4]	1	1	1.0	[3, 3]	6	6	[]	[]	8	2	[]	separated	"[""MCL1154"", ""MCL1713""]"	[4, 4]	1	1	1.0	[3, 3]	6	6	[]	[]	8	2	[]
"[""YDR085C"", ""YER158C""]"	Low	true	true	[]	[]	merged	"[""OG3605"", ""OG3605""]"	[8, 8]	0	0	1.0	[6, 6]	6	6	[]	[]	8	1	[]	separated	"[""RootHOG0005340"", ""RootHOG0005339""]"	[3, 4]	1	1	0.8333333333333334	[2, 3]	5	6	[]	[]	7	3	[]	separated	"[""N0.HOG0001376"", ""N0.HOG0001934""]"	[4, 4]	1	1	1.0	[3, 3]	6	6	[]	[]	8	2	[]	separated	"[""1026"", ""1621""]"	[4, 4]	1	1	1.0	[3, 3]	6	6	[]	[]	8	2	[]	separated	"[""MCL1163"", ""MCL1721""]"	[4, 4]	1	1	1.0	[3, 3]	6	6	[]	[]	8	2	[]
"[""YDR093W"", ""YER166W""]"	Sparse	true	true	[]	[]	merged	"[""OG0034"", ""OG0034""]"	[12, 12]	0	0	1.0	[6, 6]	6	6	"[""Skud_1.35"", ""Smik_1.40"", ""Suva_1.40"", ""YAL026C""]"	[]	12	1	[]	separated	"[""RootHOG0000083"", ""RootHOG0000084""]"	[4, 4]	1	1	1.0	[3, 3]	6	6	[]	[]	8	2	[]	separated	"[""N0.HOG0000441"", ""N0.HOG0000442""]"	[4, 4]	1	1	1.0	[3, 3]	6	6	[]	[]	8	2	[]	separated	"[""1034"", ""1628""]"	[4, 4]	1	1	1.0	[3, 3]	6	6	[]	[]	8	2	[]	merged	"[""MCL154"", ""MCL154""]"	[8, 8]	0	0	1.0	[6, 6]	6	6	[]	[]	8	1	[]
"[""YDR096W"", ""YER169W""]"	Low	true	true	[]	[]	separated	"[""OG3614"", ""OG4165""]"	[4, 4]	1	1	1.0	[3, 3]	6	6	[]	[]	8	2	[]	separated	"[""RootHOG0005348"", ""RootHOG0005971""]"	[4, 4]	1	1	1.0	[3, 3]	6	6	[]	[]	8	2	[]	separated	"[""N0.HOG0001384"", ""N0.HOG0001943""]"	[4, 4]	1	1	1.0	[3, 3]	6	6	[]	[]	8	2	[]	separated	"[""1035"", ""1631""]"	[4, 4]	1	1	1.0	[3, 3]	6	6	[]	[]	8	2	[]	separated	"[""MCL1171"", ""MCL1730""]"	[4, 4]	1	1	1.0	[3, 3]	6	6	[]	[]	8	2	[]
"[""YDR122W"", ""YLR096W""]"	High	true	true	[]	[]	merged	"[""OG0939"", ""OG0939""]"	[8, 8]	0	0	1.0	[6, 6]	6	6	[]	[]	8	1	[]	separated	"[""RootHOG0001735"", ""RootHOG0001734""]"	[4, 4]	1	1	1.0	[3, 3]	6	6	[]	[]	8	2	[]	separated	"[""N0.HOG0000451"", ""N0.HOG0000452""]"	[4, 4]	1	1	1.0	[3, 3]	6	6	[]	[]	8	2	[]	separated	"[""1059"", ""3329""]"	[4, 4]	1	1	1.0	[3, 3]	6	6	[]	[]	8	2	[]	merged	"[""MCL159"", ""MCL159""]"	[8, 8]	0	0	1.0	[6, 6]	6	6	[]	[]	8	1	[]
"[""YDR125C"", ""YLR099C""]"	Sparse	true	true	[]	[]	separated	"[""OG3640"", ""OG0942""]"	[4, 4]	1	1	1.0	[3, 3]	6	6	[]	[]	8	2	[]	separated	"[""RootHOG0005378"", ""RootHOG0001743""]"	[4, 4]	1	1	1.0	[3, 3]	6	6	[]	[]	8	2	[]	separated	"[""N0.HOG0001406"", ""N0.HOG0003530""]"	[4, 4]	1	1	1.0	[3, 3]	6	6	[]	[]	8	2	[]	separated	"[""1062"", ""3332""]"	[4, 4]	1	1	1.0	[3, 3]	6	6	[]	[]	8	2	[]	separated	"[""MCL1193"", ""MCL3317""]"	[4, 4]	1	1	1.0	[3, 3]	6	6	[]	[]	8	2	[]
"[""YDR132C"", ""YLR108C""]"	High	true	true	[]	[]	merged	"[""OG0952"", ""OG0952""]"	[8, 8]	0	0	1.0	[6, 6]	6	6	[]	[]	8	1	[]	separated	"[""RootHOG0001758"", ""RootHOG0001757""]"	[4, 3]	1	1	0.8333333333333334	[3, 2]	5	6	[]	[]	7	3	[]	separated	"[""N0.HOG0001413"", ""N0.HOG0003539""]"	[4, 4]	1	1	1.0	[3, 3]	6	6	[]	[]	8	2	[]	separated	"[""1069"", ""3341""]"	[4, 4]	1	1	1.0	[3, 3]	6	6	[]	[]	8	2	[]	separated	"[""MCL1200"", ""MCL3326""]"	[4, 4]	1	1	1.0	[3, 3]	6	6	[]	[]	8	2	[]
"[""YDR134C"", ""YLR110C""]"	Low	false	false	"[{""gene"": ""YDR134C"", ""reason"": ""OFF""}]"	"[{""gene"": ""YDR134C"", ""reason"": ""no_pillar_assignment""}]"	input_excluded	"[null, ""OG0006""]"	[0, 10]									10			input_excluded	"[null, ""RootHOG0000010""]"	[0, 4]									4			input_excluded	"[null, ""N0.HOG0000160""]"	[0, 5]									5			input_excluded	"[null, ""3343""]"	[0, 4]									4			input_excluded	"[null, ""MCL15""]"	[0, 18]									18		
"[""YDR146C"", ""YLR131C""]"	Low	true	true	[]	[]	merged	"[""OG0973"", ""OG0973""]"	[8, 8]	0	0	1.0	[6, 6]	6	6	[]	[]	8	1	[]	separated	"[""RootHOG0001800"", ""RootHOG0001799""]"	[4, 3]	1	1	0.8333333333333334	[3, 2]	5	6	[]	[]	7	3	[]	separated	"[""N0.HOG0001423"", ""N0.HOG0003553""]"	[4, 4]	1	1	1.0	[3, 3]	6	6	[]	[]	8	2	[]	separated	"[""1079"", ""3358""]"	[4, 4]	1	1	1.0	[3, 3]	6	6	[]	[]	8	2	[]	separated	"[""MCL1210"", ""MCL3340""]"	[4, 4]	1	1	1.0	[3, 3]	6	6	[]	[]	8	2	[]
"[""YDR147W"", ""YLR133W""]"	Low	true	true	[]	[]	merged	"[""OG0975"", ""OG0975""]"	[8, 8]	0	0	1.0	[6, 6]	6	6	[]	[]	8	1	[]	separated	"[""RootHOG0001804"", ""RootHOG0001803""]"	[3, 4]	1	1	0.8333333333333334	[2, 3]	5	6	[]	[]	7	3	[]	separated	"[""N0.HOG0001424"", ""N0.HOG0003555""]"	[4, 4]	1	1	1.0	[3, 3]	6	6	[]	[]	8	2	[]	separated	"[""1080"", ""3360""]"	[4, 4]	1	1	1.0	[3, 3]	6	6	[]	[]	8	2	[]	separated	"[""MCL1211"", ""MCL3342""]"	[4, 4]	1	1	1.0	[3, 3]	6	6	[]	[]	8	2	[]
"[""YDR151C"", ""YLR136C""]"	Sparse	true	true	[]	[]	merged	"[""OG0978"", ""OG0978""]"	[8, 8]	0	0	1.0	[6, 6]	6	6	[]	[]	8	1	[]	separated	"[""RootHOG0001809"", ""RootHOG0001808""]"	[3, 4]	1	1	0.8333333333333334	[2, 3]	5	6	[]	[]	7	3	[]	separated	"[""N0.HOG0001426"", ""N0.HOG0003557""]"	[4, 4]	1	1	1.0	[3, 3]	6	6	[]	[]	8	2	[]	separated	"[""1082"", ""3363""]"	[4, 4]	1	1	1.0	[3, 3]	6	6	[]	[]	8	2	[]	separated	"[""MCL1213"", ""MCL3344""]"	[4, 4]	1	1	1.0	[3, 3]	6	6	[]	[]	8	2	[]
"[""YDR178W"", ""YLR164W""]"	Low	true	true	[]	[]	merged	"[""OG1001"", ""OG1001""]"	[12, 12]	0	0	1.0	[6, 6]	6	6	"[""Skud_15.463"", ""Smik_15.478"", ""Suva_8.346"", ""YOR297C""]"	[]	12	1	[]	separated	"[""RootHOG0001844"", ""RootHOG0001845""]"	[4, 1]	1	0	0.5	[3, 0]	3	6	[]	[]	5	3	[]	separated	"[""N0.HOG0001450"", ""N0.HOG0003577""]"	[4, 4]	1	1	1.0	[3, 3]	6	6	[]	[]	8	2	[]	separated	"[""1107"", ""3383""]"	[4, 4]	1	1	1.0	[3, 3]	6	6	[]	[]	8	2	[]	separated	"[""MCL1237"", ""MCL3364""]"	[4, 4]	1	1	1.0	[3, 3]	6	6	[]	[]	8	2	[]
"[""YDR185C"", ""YLR168C""]"	High	true	true	[]	[]	merged	"[""OG1004"", ""OG1004""]"	[12, 12]	0	0	1.0	[6, 6]	6	6	"[""Skud_12.258"", ""Smik_12.253"", ""Suva_10.289"", ""YLR193C""]"	[]	12	1	[]	separated	"[""RootHOG0001853"", ""RootHOG0001848""]"	[2, 3]	1	1	0.5	[1, 2]	3	6	[]	[]	5	5	[]	separated	"[""N0.HOG0001458"", ""N0.HOG0003581""]"	[4, 4]	1	1	1.0	[3, 3]	6	6	[]	[]	8	2	[]	separated	"[""1115"", ""3387""]"	[4, 4]	1	1	1.0	[3, 3]	6	6	[]	[]	8	2	[]	separated	"[""MCL1245"", ""MCL3368""]"	[4, 4]	1	1	1.0	[3, 3]	6	6	[]	[]	8	2	[]
"[""YDR200C"", ""YLR238W""]"	Low	true	true	[]	[]	separated	"[""OG3700"", ""OG1082""]"	[4, 4]	1	1	1.0	[3, 3]	6	6	[]	[]	8	2	[]	separated	"[""RootHOG0005435"", ""RootHOG0001962""]"	[4, 4]	1	1	1.0	[3, 3]	6	6	[]	[]	8	2	[]	separated	"[""N0.HOG0001470"", ""N0.HOG0003634""]"	[4, 4]	1	1	1.0	[3, 3]	6	6	[]	[]	8	2	[]	separated	"[""1127"", ""3443""]"	[4, 4]	1	1	1.0	[3, 3]	6	6	[]	[]	8	2	[]	separated	"[""MCL1257"", ""MCL3421""]"	[4, 4]	1	1	1.0	[3, 3]	6	6	[]	[]	8	2	[]
"[""YDR222W"", ""YLR225C""]"	Sparse	true	true	[]	[]	merged	"[""OG1061"", ""OG1061""]"	[7, 7]	0	0	1.0	[5, 5]	5	5	[]	[]	7	1	[]	separated	"[""RootHOG0001929"", ""RootHOG0001928""]"	[3, 3]	1	1	0.8	[2, 2]	4	5	[]	[]	6	3	[]	separated	"[""N0.HOG0005348"", ""N0.HOG0003627""]"	[3, 4]	1	1	1.0	[2, 3]	5	5	[]	[]	7	2	[]	merged	"[""84"", ""84""]"	[7, 7]	0	0	1.0	[5, 5]	5	5	[]	[]	7	1	[]	separated	"[""MCL5101"", ""MCL3414""]"	[3, 4]	1	1	1.0	[2, 3]	5	5	[]	[]	7	2	[]
"[""YDR251W"", ""YPL032C""]"	High	true	true	[]	[]	merged	"[""OG2667"", ""OG2667""]"	[8, 8]	0	0	1.0	[6, 6]	6	6	[]	[]	8	1	[]	separated	"[""RootHOG0004232"", ""RootHOG0004231""]"	[3, 4]	1	1	0.8333333333333334	[2, 3]	5	6	[]	[]	7	3	[]	separated	"[""N0.HOG0001511"", ""N0.HOG0004944""]"	[4, 4]	1	1	1.0	[3, 3]	6	6	[]	[]	8	2	[]	separated	"[""1169"", ""4856""]"	[4, 4]	1	1	1.0	[3, 3]	6	6	[]	[]	8	2	[]	separated	"[""MCL1298"", ""MCL4731""]"	[4, 4]	1	1	1.0	[3, 3]	6	6	[]	[]	8	2	[]
"[""YDR252W"", ""YPL037C""]"	Sparse	true	true	[]	[]	merged	"[""OG2661"", ""OG2661""]"	[8, 8]	0	0	1.0	[6, 6]	6	6	[]	[]	8	1	[]	separated	"[""RootHOG0004217"", ""RootHOG0004216""]"	[3, 4]	1	1	0.8333333333333334	[2, 3]	5	6	[]	[]	7	3	[]	separated	"[""N0.HOG0001512"", ""N0.HOG0004946""]"	[4, 4]	1	1	1.0	[3, 3]	6	6	[]	[]	8	2	[]	separated	"[""1170"", ""4860""]"	[4, 4]	1	1	1.0	[3, 3]	6	6	[]	[]	8	2	[]	separated	"[""MCL1299"", ""MCL4733""]"	[4, 4]	1	1	1.0	[3, 3]	6	6	[]	[]	8	2	[]
"[""YDR259C"", ""YOR028C""]"	Sparse	true	true	[]	[]	separated	"[""OG3746"", ""OG2176""]"	[4, 4]	1	1	1.0	[3, 3]	6	6	[]	[]	8	2	[]	separated	"[""RootHOG0005481"", ""RootHOG0003620""]"	[4, 4]	1	1	1.0	[3, 3]	6	6	[]	[]	8	2	[]	separated	"[""N0.HOG0001519"", ""N0.HOG0004643""]"	[4, 4]	1	1	1.0	[3, 3]	6	6	[]	[]	8	2	[]	separated	"[""1177"", ""4524""]"	[4, 4]	1	1	1.0	[3, 3]	6	6	[]	[]	8	2	[]	separated	"[""MCL1306"", ""MCL4430""]"	[4, 4]	1	1	1.0	[3, 3]	6	6	[]	[]	8	2	[]
"[""YDR263C"", ""YOR033C""]"	Low	true	true	[]	[]	merged	"[""OG2181"", ""OG2181""]"	[8, 8]	0	0	1.0	[6, 6]	6	6	[]	[]	8	1	[]	separated	"[""RootHOG0003626"", ""RootHOG0003625""]"	[4, 4]	1	1	1.0	[3, 3]	6	6	[]	[]	8	2	[]	separated	"[""N0.HOG0001523"", ""N0.HOG0004645""]"	[4, 4]	1	1	1.0	[3, 3]	6	6	[]	[]	8	2	[]	separated	"[""1181"", ""4527""]"	[4, 4]	1	1	1.0	[3, 3]	6	6	[]	[]	8	2	[]	separated	"[""MCL1310"", ""MCL4432""]"	[4, 4]	1	1	1.0	[3, 3]	6	6	[]	[]	8	2	[]
"[""YDR272W"", ""YOR040W""]"	Sparse	true	true	[]	[]	merged	"[""OG2189"", ""OG2189""]"	[8, 8]	0	0	1.0	[6, 6]	6	6	[]	[]	8	1	[]	separated	"[""RootHOG0003640"", ""RootHOG0003639""]"	[2, 4]	1	1	0.6666666666666666	[1, 3]	4	6	[]	[]	6	4	[]	separated	"[""N0.HOG0000453"", ""N0.HOG0000454""]"	[4, 4]	1	1	1.0	[3, 3]	6	6	[]	[]	8	2	[]	separated	"[""1188"", ""4534""]"	[4, 4]	1	1	1.0	[3, 3]	6	6	[]	[]	8	2	[]	merged	"[""MCL160"", ""MCL160""]"	[8, 8]	0	0	1.0	[6, 6]	6	6	[]	[]	8	1	[]
"[""YDR273W"", ""YOR042W""]"	Low	true	true	[]	[]	separated	"[""OG3756"", ""OG2190""]"	[4, 4]	1	1	1.0	[3, 3]	6	6	[]	[]	8	2	[]	separated	"[""RootHOG0005491"", ""RootHOG0003643""]"	[4, 4]	1	1	1.0	[3, 3]	6	6	[]	[]	8	2	[]	separated	"[""N0.HOG0001530"", ""N0.HOG0004652""]"	[4, 4]	1	1	1.0	[3, 3]	6	6	[]	[]	8	2	[]	separated	"[""1189"", ""4535""]"	[4, 4]	1	1	1.0	[3, 3]	6	6	[]	[]	8	2	[]	separated	"[""MCL1317"", ""MCL4439""]"	[4, 4]	1	1	1.0	[3, 3]	6	6	[]	[]	8	2	[]
"[""YDR277C"", ""YOR047C""]"	Sparse	true	true	[]	[]	merged	"[""OG2195"", ""OG2195""]"	[8, 8]	0	0	1.0	[6, 6]	6	6	[]	[]	8	1	[]	separated	"[""RootHOG0003649"", ""RootHOG0003648""]"	[4, 3]	1	1	0.8333333333333334	[3, 2]	5	6	[]	[]	7	3	[]	separated	"[""N0.HOG0001533"", ""N0.HOG0004657""]"	[4, 4]	1	1	1.0	[3, 3]	6	6	[]	[]	8	2	[]	separated	"[""1192"", ""4540""]"	[4, 4]	1	1	1.0	[3, 3]	6	6	[]	[]	8	2	[]	separated	"[""MCL1320"", ""MCL4444""]"	[4, 4]	1	1	1.0	[3, 3]	6	6	[]	[]	8	2	[]
"[""YDR304C"", ""YHR057C""]"	Low	true	true	[]	[]	separated	"[""OG1721"", ""OG4743""]"	[12, 4]	1	1	1.0	[3, 3]	6	6	"[""Skud_13.64"", ""Skud_4.413"", ""Smik_13.61"", ""Smik_4.399"", ""Suva_13.74"", ""Suva_2.317"", ""YDR155C"", ""YML078W""]"	[]	16	2	[]	separated	"[""RootHOG0000637"", ""RootHOG0000638""]"	[4, 4]	1	1	1.0	[3, 3]	6	6	[]	[]	8	2	[]	separated	"[""N0.HOG0001557"", ""N0.HOG0002564""]"	[4, 4]	1	1	1.0	[3, 3]	6	6	[]	[]	8	2	[]	separated	"[""1216"", ""2288""]"	[4, 4]	1	1	1.0	[3, 3]	6	6	[]	[]	8	2	[]	separated	"[""MCL1344"", ""MCL2351""]"	[4, 4]	1	1	1.0	[3, 3]	6	6	[]	[]	8	2	[]
"[""YDR309C"", ""YHR061C""]"	High	true	true	[]	[]	separated	"[""OG3792"", ""OG4747""]"	[4, 4]	1	1	1.0	[3, 3]	6	6	[]	[]	8	2	[]	separated	"[""RootHOG0005535"", ""RootHOG0006545""]"	[4, 4]	1	1	1.0	[3, 3]	6	6	[]	[]	8	2	[]	separated	"[""N0.HOG0001562"", ""N0.HOG0002568""]"	[4, 4]	1	1	1.0	[3, 3]	6	6	[]	[]	8	2	[]	separated	"[""1221"", ""2292""]"	[4, 4]	1	1	1.0	[3, 3]	6	6	[]	[]	8	2	[]	separated	"[""MCL1349"", ""MCL2355""]"	[4, 4]	1	1	1.0	[3, 3]	6	6	[]	[]	8	2	[]
"[""YDR343C"", ""YHR094C""]"	Sparse	true	true	[]	[]	merged	"[""OG2045"", ""OG2045""]"	[38, 38]	0	0	0.6666666666666666	[4, 4]	4	6	"[""Skud_14.406"", ""Skud_4.5"", ""Skud_4.614"", ""Skud_6.12"", ""Skud_7.620"", ""Skud_8.153"", ""Smik_10.14"", ""Smik_10.8"", ""Smik_12.140"", ""Smik_14.401"", ""Smik_25.4"", ""Smik_4.606"", ""Smik_4.609"", ""Smik_5.19"", ""Smik_6.20"", ""Smik_8.170"", ""Suva_10.164"", ""Suva_10.165"", ""Suva_15.287"", ""Suva_2.512"", ""Suva_2.516"", ""YDL245C"", ""YDR342C"", ""YDR345C"", ""YEL069C"", ""YHR092C"", ""YJL214W"", ""YJL219W"", ""YJR158W"", ""YLR081W"", ""YNR072W"", ""YOL156W""]"	[]	38	3	[]	separated	"[""RootHOG0002486"", ""RootHOG0002487""]"	[5, 3]	1	1	0.5	[1, 2]	3	6	"[""Smik_4.606"", ""Suva_2.512"", ""YDR342C""]"	[]	8	5	[]	separated	"[""N0.HOG0000157"", ""N0.HOG0005307""]"	[5, 3]	1	1	0.6666666666666666	[2, 2]	4	6	"[""Skud_87.1"", ""YDR342C""]"	[]	8	4	[]	separated	"[""12"", ""102""]"	[11, 7]	1	1	0.5	[1, 2]	3	6	"[""Skud_15.51"", ""Skud_6.12"", ""Skud_7.620"", ""Smik_10.8"", ""Smik_15.54"", ""Smik_4.606"", ""Smik_6.20"", ""Suva_10.165"", ""Suva_15.62"", ""Suva_2.512"", ""YDR342C"", ""YJL214W"", ""YOL103W""]"	[]	18	3	"[""Skud_4.613"", ""Suva_2.513""]"	merged	"[""MCL5"", ""MCL5""]"	[50, 50]	0	0	0.8333333333333334	[5, 5]	5	6	"[""Skud_12.145"", ""Skud_122.1"", ""Skud_13.163"", ""Skud_6.12"", ""Skud_6.61"", ""Skud_7.620"", ""Skud_8.153"", ""Skud_87.1"", ""Smik_10.2"", ""Smik_10.8"", ""Smik_12.140"", ""Smik_13.171"", ""Smik_25.4"", ""Smik_4.606"", ""Smik_4.609"", ""Smik_6.20"", ""Smik_6.68"", ""Smik_8.170"", ""Smik_8.173"", ""Smik_86.1"", ""Suva_10.164"", ""Suva_10.165"", ""Suva_13.174"", ""Suva_15.287"", ""Suva_15.291"", ""Suva_2.512"", ""Suva_2.516"", ""Suva_59.1"", ""Suva_6.49"", ""Suva_68.1"", ""Suva_9.197"", ""Suva_9.198"", ""YDR342C"", ""YDR345C"", ""YFL011W"", ""YHR092C"", ""YHR096C"", ""YIL170W"", ""YJL214W"", ""YJL219W"", ""YLR081W"", ""YMR011W"", ""YOL156W""]"	[]	50	2	[]
"[""YDR345C"", ""YHR096C""]"	Sparse	true	true	[]	[]	separated	"[""OG2045"", ""OG4778""]"	[38, 4]	1	1	1.0	[3, 2]	5	5	"[""Skud_14.406"", ""Skud_4.5"", ""Skud_4.613"", ""Skud_6.12"", ""Skud_7.620"", ""Skud_8.153"", ""Skud_8.157"", ""Smik_10.14"", ""Smik_10.8"", ""Smik_12.140"", ""Smik_14.401"", ""Smik_25.4"", ""Smik_4.606"", ""Smik_4.607"", ""Smik_5.19"", ""Smik_6.20"", ""Smik_8.170"", ""Smik_8.172"", ""Suva_10.164"", ""Suva_10.165"", ""Suva_15.287"", ""Suva_15.290"", ""Suva_2.512"", ""YDL245C"", ""YDR342C"", ""YDR343C"", ""YEL069C"", ""YHR092C"", ""YHR094C"", ""YJL214W"", ""YJL219W"", ""YJR158W"", ""YLR081W"", ""YNR072W"", ""YOL156W""]"	[]	42	2	[]	separated	"[""RootHOG0002475"", ""RootHOG0002482""]"	[5, 4]	1	1	1.0	[3, 2]	5	5	"[""Skud_4.613"", ""Skud_8.157""]"	[]	9	2	[]	separated	"[""N0.HOG0005308"", ""N0.HOG0000261""]"	[3, 4]	1	1	0.8	[2, 2]	4	5	"[""Skud_8.157""]"	[]	7	3	[]	separated	"[""16"", ""2324""]"	[10, 4]	1	1	0.8	[2, 2]	4	5	"[""Skud_8.153"", ""Skud_8.157"", ""Smik_12.140"", ""Smik_8.170"", ""Suva_10.164"", ""Suva_15.287"", ""YHR092C"", ""YLR081W""]"	[]	14	2	"[""Skud_4.614""]"	merged	"[""MCL5"", ""MCL5""]"	[50, 50]	0	0	0.8	[4, 4]	4	5	"[""Skud_12.145"", ""Skud_122.1"", ""Skud_13.163"", ""Skud_6.12"", ""Skud_6.61"", ""Skud_7.620"", ""Skud_8.153"", ""Skud_8.157"", ""Skud_87.1"", ""Smik_10.2"", ""Smik_10.8"", ""Smik_12.140"", ""Smik_13.171"", ""Smik_25.4"", ""Smik_4.606"", ""Smik_4.607"", ""Smik_6.20"", ""Smik_6.68"", ""Smik_8.170"", ""Smik_8.172"", ""Smik_86.1"", ""Suva_10.164"", ""Suva_10.165"", ""Suva_13.174"", ""Suva_15.287"", ""Suva_15.290"", ""Suva_2.512"", ""Suva_2.513"", ""Suva_59.1"", ""Suva_6.49"", ""Suva_68.1"", ""Suva_9.197"", ""Suva_9.198"", ""YDR342C"", ""YDR343C"", ""YFL011W"", ""YHR092C"", ""YHR094C"", ""YIL170W"", ""YJL214W"", ""YJL219W"", ""YLR081W"", ""YMR011W"", ""YOL156W""]"	[]	50	2	[]
"[""YDR351W"", ""YHR103W""]"	High	true	true	[]	[]	merged	"[""OG3838"", ""OG3838""]"	[8, 8]	0	0	1.0	[6, 6]	6	6	[]	[]	8	1	[]	separated	"[""RootHOG0005586"", ""RootHOG0005588""]"	[4, 1]	1	0	0.5	[3, 0]	3	6	[]	[]	5	3	[]	separated	"[""N0.HOG0001597"", ""N0.HOG0002604""]"	[4, 4]	1	1	1.0	[3, 3]	6	6	[]	[]	8	2	[]	separated	"[""1257"", ""2331""]"	[4, 4]	1	1	1.0	[3, 3]	6	6	[]	[]	8	2	[]	separated	"[""MCL1384"", ""MCL2391""]"	[4, 4]	1	1	1.0	[3, 3]	6	6	[]	[]	8	2	[]
"[""YDR358W"", ""YHR108W""]"	High	true	true	[]	[]	merged	"[""OG3843"", ""OG3843""]"	[8, 8]	0	0	1.0	[6, 6]	6	6	[]	[]	8	1	[]	separated	"[""RootHOG0005595"", ""RootHOG0005596""]"	[4, 3]	1	1	0.8333333333333334	[3, 2]	5	6	[]	[]	7	3	[]	separated	"[""N0.HOG0001602"", ""N0.HOG0002608""]"	[4, 4]	1	1	1.0	[3, 3]	6	6	[]	[]	8	2	[]	separated	"[""1262"", ""2335""]"	[4, 4]	1	1	1.0	[3, 3]	6	6	[]	[]	8	2	[]	separated	"[""MCL1389"", ""MCL2395""]"	[4, 4]	1	1	1.0	[3, 3]	6	6	[]	[]	8	2	[]
"[""YDR368W"", ""YOR120W""]"	Sparse	true	true	[]	[]	merged	"[""OG0457"", ""OG0457""]"	[12, 12]	0	0	1.0	[6, 6]	6	6	"[""Skud_10.318"", ""Smik_10.384"", ""Suva_12.184"", ""YJR096W""]"	[]	12	1	[]	separated	"[""RootHOG0000783"", ""RootHOG0000780""]"	[4, 4]	1	1	1.0	[3, 3]	6	6	[]	[]	8	2	[]	separated	"[""N0.HOG0000459"", ""N0.HOG0000460""]"	[4, 4]	1	1	1.0	[3, 3]	6	6	[]	[]	8	2	[]	separated	"[""1271"", ""4601""]"	[4, 4]	1	1	1.0	[3, 3]	6	6	[]	[]	8	2	[]	merged	"[""MCL164"", ""MCL164""]"	[8, 8]	0	0	1.0	[6, 6]	6	6	[]	[]	8	1	[]
"[""YDR379W"", ""YOR127W""]"	High	true	true	[]	[]	merged	"[""OG2260"", ""OG2260""]"	[8, 8]	0	0	1.0	[6, 6]	6	6	[]	[]	8	1	[]	separated	"[""RootHOG0003719"", ""RootHOG0003718""]"	[4, 3]	1	1	0.8333333333333334	[3, 2]	5	6	[]	[]	7	3	[]	separated	"[""N0.HOG0001623"", ""N0.HOG0004719""]"	[4, 4]	1	1	1.0	[3, 3]	6	6	[]	[]	8	2	[]	separated	"[""1284"", ""4607""]"	[4, 4]	1	1	1.0	[3, 3]	6	6	[]	[]	8	2	[]	separated	"[""MCL1410"", ""MCL4506""]"	[4, 4]	1	1	1.0	[3, 3]	6	6	[]	[]	8	2	[]
"[""YDR406W"", ""YOR153W""]"	Sparse	true	true	[]	[]	merged	"[""OG2043"", ""OG2043""]"	[29, 29]	0	0	1.0	[6, 6]	6	6	"[""Skud_14.404"", ""Skud_15.495"", ""Skud_4.262"", ""Skud_4.681"", ""Smik_14.399"", ""Smik_15.508"", ""Smik_17.26"", ""Smik_4.244"", ""Suva_7.3"", ""Suva_8.379"", ""YDR011W"", ""YNR070W"", ""YOR328W""]"	"[""Skud_15.174"", ""Skud_9.159"", ""Smik_15.185"", ""Smik_9.181"", ""Suva_15.188"", ""Suva_9.192"", ""YIL013C"", ""YOR011W""]"	29	1	[]	separated	"[""RootHOG0003455"", ""RootHOG0003446""]"	[1, 4]	1	0	0.5	[0, 3]	3	6	[]	[]	5	4	[]	separated	"[""N0.HOG0000164"", ""N0.HOG0000289""]"	[5, 4]	1	1	1.0	[3, 3]	6	6	"[""Skud_4.681""]"	[]	9	2	[]	separated	"[""149"", ""4629""]"	[5, 4]	1	1	1.0	[3, 3]	6	6	"[""Skud_4.681""]"	[]	9	2	[]	merged	"[""MCL32"", ""MCL32""]"	[13, 13]	0	0	1.0	[6, 6]	6	6	"[""Skud_15.495"", ""Skud_4.681"", ""Smik_15.508"", ""Suva_8.379"", ""YOR328W""]"	[]	13	1	[]
"[""YDR423C"", ""YML007W""]"	Low	true	true	[]	[]	merged	"[""OG1384"", ""OG1384""]"	[6, 6]	0	0	0.8	[4, 4]	4	5	[]	[]	6	2	[]	separated	"[""RootHOG0002447"", ""RootHOG0002446""]"	[3, 3]	1	1	0.8	[2, 2]	4	5	[]	[]	6	3	[]	separated	"[""N0.HOG0005349"", ""N0.HOG0003809""]"	[3, 4]	1	1	1.0	[2, 3]	5	5	[]	[]	7	2	[]	separated	"[""5349"", ""3631""]"	[2, 4]	1	1	0.8	[1, 3]	4	5	[]	[]	6	2	"[""Skud_4.697""]"	separated	"[""MCL5102"", ""MCL3596""]"	[3, 4]	1	1	1.0	[2, 3]	5	5	[]	[]	7	2	[]
"[""YDR438W"", ""YML018C""]"	Sparse	true	true	[]	[]	merged	"[""OG1369"", ""OG1369""]"	[8, 8]	0	0	1.0	[6, 6]	6	6	[]	[]	8	1	[]	separated	"[""RootHOG0002427"", ""RootHOG0002425""]"	[1, 4]	1	0	0.5	[0, 3]	3	6	[]	[]	5	3	[]	separated	"[""N0.HOG0001669"", ""N0.HOG0003819""]"	[4, 4]	1	1	1.0	[3, 3]	6	6	[]	[]	8	2	[]	separated	"[""1333"", ""3642""]"	[4, 4]	1	1	1.0	[3, 3]	6	6	[]	[]	8	2	[]	separated	"[""MCL1456"", ""MCL3606""]"	[4, 4]	1	1	1.0	[3, 3]	6	6	[]	[]	8	2	[]
"[""YDR453C"", ""YML028W""]"	Low	true	true	[]	[]	merged	"[""OG1358"", ""OG1358""]"	[7, 7]	0	0	0.8333333333333334	[5, 5]	5	6	[]	[]	7	2	[]	separated	"[""RootHOG0002405"", ""RootHOG0002406""]"	[3, 1]	1	0	0.3333333333333333	[2, 0]	2	6	[]	[]	4	4	[]	separated	"[""N0.HOG0000465"", ""N0.HOG0000466""]"	[4, 4]	1	1	0.8333333333333334	[2, 3]	5	6	"[""Smik_4.732""]"	[]	8	2	"[""Smik_4.730""]"	merged	"[""39"", ""39""]"	[8, 8]	0	0	0.8333333333333334	[5, 5]	5	6	"[""Smik_4.732""]"	[]	8	1	"[""Smik_4.730""]"	merged	"[""MCL168"", ""MCL168""]"	[8, 8]	0	0	0.8333333333333334	[5, 5]	5	6	"[""Smik_4.732""]"	[]	8	2	[]
"[""YDR458C"", ""YML034W""]"	Low	true	true	[]	[]	separated	"[""OG3920"", ""OG1351""]"	[4, 4]	1	1	1.0	[3, 3]	6	6	[]	[]	8	2	[]	separated	"[""RootHOG0005679"", ""RootHOG0002397""]"	[4, 4]	1	1	1.0	[3, 3]	6	6	[]	[]	8	2	[]	separated	"[""N0.HOG0001683"", ""N0.HOG0003830""]"	[4, 4]	1	1	1.0	[3, 3]	6	6	[]	[]	8	2	[]	separated	"[""1347"", ""3654""]"	[4, 4]	1	1	1.0	[3, 3]	6	6	[]	[]	8	2	[]	separated	"[""MCL1470"", ""MCL3617""]"	[4, 4]	1	1	1.0	[3, 3]	6	6	[]	[]	8	2	[]
"[""YDR475C"", ""YOR019W""]"	Sparse	true	true	[]	[]	merged	"[""OG2166"", ""OG2166""]"	[8, 8]	0	0	1.0	[6, 6]	6	6	[]	[]	8	1	[]	separated	"[""RootHOG0003609"", ""RootHOG0003608""]"	[4, 3]	1	1	0.8333333333333334	[3, 2]	5	6	[]	[]	7	3	[]	separated	"[""N0.HOG0001697"", ""N0.HOG0004634""]"	[4, 4]	1	1	1.0	[3, 3]	6	6	[]	[]	8	2	[]	separated	"[""1362"", ""4515""]"	[4, 4]	1	1	1.0	[3, 3]	6	6	[]	[]	8	2	[]	separated	"[""MCL1484"", ""MCL4421""]"	[4, 4]	1	1	1.0	[3, 3]	6	6	[]	[]	8	2	[]
"[""YDR483W"", ""YPL053C""]"	Low	true	true	[]	[]	merged	"[""OG2239"", ""OG2239""]"	[12, 12]	0	0	1.0	[6, 6]	6	6	"[""Skud_15.264"", ""Smik_15.279"", ""Suva_8.153"", ""YOR099W""]"	[]	12	1	[]	separated	"[""RootHOG0003693"", ""RootHOG0003692""]"	[4, 4]	1	1	1.0	[3, 3]	6	6	[]	[]	8	2	[]	separated	"[""N0.HOG0001705"", ""N0.HOG0004960""]"	[4, 4]	1	1	1.0	[3, 3]	6	6	[]	[]	8	2	[]	separated	"[""1370"", ""4875""]"	[4, 4]	1	1	1.0	[3, 3]	6	6	[]	[]	8	2	[]	separated	"[""MCL1492"", ""MCL4747""]"	[4, 4]	1	1	1.0	[3, 3]	6	6	[]	[]	8	2	[]
"[""YDR492W"", ""YOL101C""]"	Low	true	true	[]	[]	merged	"[""OG2146"", ""OG2146""]"	[12, 12]	0	0	1.0	[6, 6]	6	6	"[""Skud_15.160"", ""Smik_15.168"", ""Suva_15.173"", ""YOL002C""]"	[]	12	1	[]	separated	"[""RootHOG0003583"", ""RootHOG0003582""]"	[4, 4]	1	1	1.0	[3, 3]	6	6	[]	[]	8	2	[]	separated	"[""N0.HOG0001713"", ""N0.HOG0004578""]"	[4, 4]	1	1	1.0	[3, 3]	6	6	[]	[]	8	2	[]	separated	"[""1378"", ""4459""]"	[4, 4]	1	1	1.0	[3, 3]	6	6	[]	[]	8	2	[]	separated	"[""MCL1500"", ""MCL4365""]"	[4, 4]	1	1	1.0	[3, 3]	6	6	[]	[]	8	2	[]
"[""YDR505C"", ""YLR177W""]"	Low	true	true	[]	[]	merged	"[""OG1013"", ""OG1013""]"	[8, 8]	0	0	1.0	[6, 6]	6	6	[]	[]	8	1	[]	separated	"[""RootHOG0001865"", ""RootHOG0001864""]"	[3, 4]	1	1	0.8333333333333334	[2, 3]	5	6	[]	[]	7	3	[]	separated	"[""N0.HOG0001721"", ""N0.HOG0003587""]"	[4, 4]	1	1	1.0	[3, 3]	6	6	[]	[]	8	2	[]	separated	"[""1388"", ""3394""]"	[4, 4]	1	1	1.0	[3, 3]	6	6	[]	[]	8	2	[]	separated	"[""MCL1508"", ""MCL3374""]"	[4, 4]	1	1	1.0	[3, 3]	6	6	[]	[]	8	2	[]
"[""YEL006W"", ""YIL006W""]"	High	true	true	[]	[]	merged	"[""OG0596"", ""OG0596""]"	[16, 16]	0	0	1.0	[6, 6]	6	6	"[""Skud_11.109"", ""Skud_9.33"", ""Smik_11.118"", ""Smik_9.35"", ""Suva_11.104"", ""Suva_9.55"", ""YIL134W"", ""YKL120W""]"	[]	16	1	[]	separated	"[""RootHOG0001086"", ""RootHOG0001087""]"	[4, 4]	1	1	1.0	[3, 3]	6	6	[]	[]	8	2	[]	separated	"[""N0.HOG0001749"", ""N0.HOG0002707""]"	[4, 4]	1	1	1.0	[3, 3]	6	6	[]	[]	8	2	[]	separated	"[""1419"", ""2436""]"	[4, 4]	1	1	1.0	[3, 3]	6	6	[]	[]	8	2	[]	separated	"[""MCL1536"", ""MCL2494""]"	[4, 4]	1	1	1.0	[3, 3]	6	6	[]	[]	8	2	[]
"[""YEL025C"", ""YJR039W""]"	Sparse	true	false	[]	"[{""lines"": [1126, 4190], ""reason"": ""anchors_in_different_pillars""}]"	separated	"[""OG4205"", ""OG0396""]"	[4, 4]	1								8			separated	"[""RootHOG0006020"", ""RootHOG0000652""]"	[4, 4]	1								8			separated	"[""N0.HOG0001765"", ""N0.HOG0003051""]"	[4, 4]	1								8			separated	"[""1436"", ""2809""]"	[4, 4]	1								8			separated	"[""MCL1552"", ""MCL2838""]"	[4, 4]	1								8		
"[""YEL039C"", ""YJR048W""]"	Sparse	true	true	[]	[]	merged	"[""OG0406"", ""OG0406""]"	[8, 8]	0	0	1.0	[6, 6]	6	6	[]	[]	8	1	[]	separated	"[""RootHOG0000668"", ""RootHOG0000667""]"	[3, 4]	1	1	0.8333333333333334	[2, 3]	5	6	[]	[]	7	3	[]	separated	"[""N0.HOG0000475"", ""N0.HOG0000476""]"	[4, 4]	1	1	1.0	[3, 3]	6	6	[]	[]	8	2	[]	separated	"[""1447"", ""2818""]"	[4, 4]	1	1	1.0	[3, 3]	6	6	[]	[]	8	2	[]	merged	"[""MCL174"", ""MCL174""]"	[8, 8]	0	0	1.0	[6, 6]	6	6	[]	[]	8	1	[]
"[""YEL047C"", ""YJR051W""]"	Sparse	true	true	[]	[]	merged	"[""OG0409"", ""OG0409""]"	[8, 8]	0	0	1.0	[6, 6]	6	6	[]	[]	8	1	[]	separated	"[""RootHOG0000673"", ""RootHOG0000674""]"	[4, 3]	1	1	0.8333333333333334	[3, 2]	5	6	[]	[]	7	3	[]	separated	"[""N0.HOG0000478"", ""N0.HOG0000477""]"	[4, 4]	1	1	1.0	[3, 3]	6	6	[]	[]	8	2	[]	separated	"[""1454"", ""2821""]"	[4, 4]	1	1	1.0	[3, 3]	6	6	[]	[]	8	2	[]	merged	"[""MCL175"", ""MCL175""]"	[8, 8]	0	0	1.0	[6, 6]	6	6	[]	[]	8	1	[]
"[""YEL060C"", ""YOR003W""]"	Low	true	true	[]	[]	separated	"[""OG4148"", ""OG2150""]"	[4, 4]	1	1	1.0	[3, 3]	6	6	[]	[]	8	2	[]	separated	"[""RootHOG0005954"", ""RootHOG0003588""]"	[4, 4]	1	1	1.0	[3, 3]	6	6	[]	[]	8	2	[]	separated	"[""N0.HOG0001789"", ""N0.HOG0004624""]"	[4, 4]	1	1	1.0	[3, 3]	6	6	[]	[]	8	2	[]	separated	"[""1465"", ""4503""]"	[4, 4]	1	1	1.0	[3, 3]	6	6	[]	[]	8	2	[]	separated	"[""MCL1576"", ""MCL4411""]"	[4, 4]	1	1	1.0	[3, 3]	6	6	[]	[]	8	2	[]
"[""YER045C"", ""YIL036W""]"	Low	true	true	[]	[]	separated	"[""OG4049"", ""OG4948""]"	[4, 4]	1	1	1.0	[3, 3]	6	6	[]	[]	8	2	[]	separated	"[""RootHOG0005827"", ""RootHOG0006736""]"	[4, 4]	1	1	1.0	[3, 3]	6	6	[]	[]	8	2	[]	separated	"[""N0.HOG0001840"", ""N0.HOG0002730""]"	[4, 4]	1	1	1.0	[3, 3]	6	6	[]	[]	8	2	[]	separated	"[""1517"", ""2460""]"	[4, 4]	1	1	1.0	[3, 3]	6	6	[]	[]	8	2	[]	separated	"[""MCL1627"", ""MCL2517""]"	[4, 4]	1	1	1.0	[3, 3]	6	6	[]	[]	8	2	[]
"[""YER054C"", ""YIL045W""]"	Sparse	true	true	[]	[]	merged	"[""OG4058"", ""OG4058""]"	[8, 8]	0	0	1.0	[6, 6]	6	6	[]	[]	8	1	[]	separated	"[""RootHOG0005840"", ""RootHOG0005841""]"	[4, 3]	1	1	0.8333333333333334	[3, 2]	5	6	[]	[]	7	3	[]	separated	"[""N0.HOG0001851"", ""N0.HOG0002739""]"	[4, 4]	1	1	1.0	[3, 3]	6	6	[]	[]	8	2	[]	separated	"[""1528"", ""2469""]"	[4, 4]	1	1	1.0	[3, 3]	6	6	[]	[]	8	2	[]	separated	"[""MCL1638"", ""MCL2526""]"	[4, 4]	1	1	1.0	[3, 3]	6	6	[]	[]	8	2	[]
"[""YER056C-A"", ""YIL052C""]"	High	true	true	[]	[]	merged	"[""OG4061"", ""OG4061""]"	[9, 9]	0	0	1.0	[6, 6]	6	6	"[""Suva_96.1""]"	[]	9	1	[]	separated	"[""RootHOG0005852"", ""RootHOG0005850""]"	[1, 3]	1	0	0.3333333333333333	[0, 2]	2	6	[]	[]	4	3	[]	merged	"[""N0.HOG0000105"", ""N0.HOG0000105""]"	[7, 7]	0	0	0.8333333333333334	[5, 5]	5	6	[]	[]	7	1	"[""Suva_9.146""]"	merged	"[""91"", ""91""]"	[7, 7]	0	0	0.8333333333333334	[5, 5]	5	6	[]	[]	7	1	"[""Suva_9.146""]"	merged	"[""MCL281"", ""MCL281""]"	[7, 7]	0	0	0.8333333333333334	[5, 5]	5	6	[]	[]	7	2	[]
"[""YER059W"", ""YIL050W""]"	Low	true	true	[]	[]	separated	"[""OG4064"", ""OG4935""]"	[4, 4]	1	1	1.0	[3, 3]	6	6	[]	[]	8	2	[]	separated	"[""RootHOG0005857"", ""RootHOG0006725""]"	[4, 4]	1	1	1.0	[3, 3]	6	6	[]	[]	8	2	[]	separated	"[""N0.HOG0001855"", ""N0.HOG0002744""]"	[4, 4]	1	1	1.0	[3, 3]	6	6	[]	[]	8	2	[]	separated	"[""1532"", ""2474""]"	[4, 4]	1	1	1.0	[3, 3]	6	6	[]	[]	8	2	[]	separated	"[""MCL1642"", ""MCL2531""]"	[4, 4]	1	1	1.0	[3, 3]	6	6	[]	[]	8	2	[]
"[""YER064C"", ""YIL056W""]"	Sparse	true	true	[]	[]	separated	"[""OG4068"", ""OG4933""]"	[4, 4]	1	1	1.0	[3, 3]	6	6	[]	[]	8	2	[]	separated	"[""RootHOG0005865"", ""RootHOG0006723""]"	[4, 4]	1	1	1.0	[3, 3]	6	6	[]	[]	8	2	[]	separated	"[""N0.HOG0001858"", ""N0.HOG0002747""]"	[4, 4]	1	1	1.0	[3, 3]	6	6	[]	[]	8	2	[]	separated	"[""1537"", ""2478""]"	[4, 4]	1	1	1.0	[3, 3]	6	6	[]	[]	8	2	[]	separated	"[""MCL1645"", ""MCL2534""]"	[4, 4]	1	1	1.0	[3, 3]	6	6	[]	[]	8	2	[]
"[""YER067W"", ""YIL057C""]"	Sparse	true	true	[]	[]	merged	"[""OG4071"", ""OG4071""]"	[8, 8]	0	0	1.0	[6, 6]	6	6	[]	[]	8	1	[]	separated	"[""RootHOG0005868"", ""RootHOG0005871""]"	[4, 1]	1	0	0.5	[3, 0]	3	6	[]	[]	5	4	[]	separated	"[""N0.HOG0001860"", ""N0.HOG0002748""]"	[4, 4]	1	1	1.0	[3, 3]	6	6	[]	[]	8	2	[]	separated	"[""1539"", ""2479""]"	[4, 4]	1	1	1.0	[3, 3]	6	6	[]	[]	8	2	[]	separated	"[""MCL1647"", ""MCL2535""]"	[4, 4]	1	1	1.0	[3, 3]	6	6	[]	[]	8	2	[]
"[""YER129W"", ""YGL179C""]"	Low	true	true	[]	[]	separated	"[""OG4118"", ""OG0668""]"	[4, 8]	1	1	1.0	[3, 3]	6	6	"[""Skud_11.181"", ""Smik_11.200"", ""Suva_11.178"", ""YKL048C""]"	[]	12	2	[]	separated	"[""RootHOG0001736"", ""RootHOG0001220""]"	[3, 4]	1	1	0.8333333333333334	[2, 3]	5	6	[]	[]	7	3	[]	separated	"[""N0.HOG0001909"", ""N0.HOG0002192""]"	[4, 4]	1	1	1.0	[3, 3]	6	6	[]	[]	8	2	[]	separated	"[""1594"", ""1889""]"	[4, 4]	1	1	1.0	[3, 3]	6	6	[]	[]	8	2	[]	separated	"[""MCL1696"", ""MCL1979""]"	[4, 4]	1	1	1.0	[3, 3]	6	6	[]	[]	8	2	[]
"[""YER132C"", ""YGL197W""]"	High	true	true	[]	[]	merged	"[""OG4115"", ""OG4115""]"	[8, 8]	0	0	1.0	[6, 6]	6	6	[]	[]	8	1	[]	separated	"[""RootHOG0005920"", ""RootHOG0005921""]"	[4, 3]	1	1	0.8333333333333334	[3, 2]	5	6	[]	[]	7	3	[]	separated	"[""N0.HOG0001911"", ""N0.HOG0002207""]"	[4, 4]	1	1	1.0	[3, 3]	6	6	[]	[]	8	2	[]	separated	"[""1597"", ""1905""]"	[4, 4]	1	1	1.0	[3, 3]	6	6	[]	[]	8	2	[]	separated	"[""MCL1698"", ""MCL1994""]"	[4, 4]	1	1	1.0	[3, 3]	6	6	[]	[]	8	2	[]
"[""YFL042C"", ""YLR072W""]"	High	true	true	[]	[]	merged	"[""OG0914"", ""OG0914""]"	[8, 8]	0	0	1.0	[6, 6]	6	6	[]	[]	8	1	[]	separated	"[""RootHOG0001691"", ""RootHOG0001690""]"	[3, 4]	1	1	0.8333333333333334	[2, 3]	5	6	[]	[]	7	3	[]	separated	"[""N0.HOG0001989"", ""N0.HOG0003509""]"	[4, 4]	1	1	1.0	[3, 3]	6	6	[]	[]	8	2	[]	separated	"[""1681"", ""3307""]"	[4, 4]	1	1	1.0	[3, 3]	6	6	[]	[]	8	2	[]	separated	"[""MCL1776"", ""MCL3296""]"	[4, 4]	1	1	1.0	[3, 3]	6	6	[]	[]	8	2	[]
"[""YFL048C"", ""YLR080W""]"	Sparse	true	true	[]	[]	merged	"[""OG0921"", ""OG0921""]"	[8, 8]	0	0	1.0	[6, 6]	6	6	[]	[]	8	1	[]	separated	"[""RootHOG0001700"", ""RootHOG0001699""]"	[3, 4]	1	1	0.8333333333333334	[2, 3]	5	6	[]	[]	7	3	[]	separated	"[""N0.HOG0001994"", ""N0.HOG0003516""]"	[4, 4]	1	1	1.0	[3, 3]	6	6	[]	[]	8	2	[]	separated	"[""1686"", ""3314""]"	[4, 4]	1	1	1.0	[3, 3]	6	6	[]	[]	8	2	[]	separated	"[""MCL1781"", ""MCL3303""]"	[4, 4]	1	1	1.0	[3, 3]	6	6	[]	[]	8	2	[]
"[""YFR012W"", ""YOL019W""]"	Low	true	true	[]	[]	separated	"[""OG4319"", ""OG2131""]"	[4, 4]	1	1	1.0	[3, 3]	6	6	[]	[]	8	2	[]	separated	"[""RootHOG0006125"", ""RootHOG0003561""]"	[4, 4]	1	1	1.0	[3, 3]	6	6	[]	[]	8	2	[]	separated	"[""N0.HOG0002010"", ""N0.HOG0004512""]"	[4, 4]	1	1	1.0	[3, 3]	6	6	[]	[]	8	2	[]	separated	"[""1701"", ""4386""]"	[4, 4]	1	1	1.0	[3, 3]	6	6	[]	[]	8	2	[]	separated	"[""MCL1797"", ""MCL4299""]"	[4, 4]	1	1	1.0	[3, 3]	6	6	[]	[]	8	2	[]
"[""YFR013W"", ""YOL017W""]"	Low	true	true	[]	[]	separated	"[""OG4318"", ""OG2133""]"	[4, 4]	1	1	1.0	[3, 3]	6	6	[]	[]	8	2	[]	separated	"[""RootHOG0006124"", ""RootHOG0003563""]"	[4, 4]	1	1	1.0	[3, 3]	6	6	[]	[]	8	2	[]	separated	"[""N0.HOG0002011"", ""N0.HOG0004510""]"	[4, 4]	1	1	1.0	[3, 3]	6	6	[]	[]	8	2	[]	separated	"[""1702"", ""4384""]"	[4, 4]	1	1	1.0	[3, 3]	6	6	[]	[]	8	2	[]	separated	"[""MCL1798"", ""MCL4297""]"	[4, 4]	1	1	1.0	[3, 3]	6	6	[]	[]	8	2	[]
"[""YFR015C"", ""YLR258W""]"	Sparse	true	true	[]	[]	merged	"[""OG1104"", ""OG1104""]"	[8, 8]	0	0	1.0	[6, 6]	6	6	[]	[]	8	1	[]	separated	"[""RootHOG0001996"", ""RootHOG0001995""]"	[3, 4]	1	1	0.8333333333333334	[2, 3]	5	6	[]	[]	7	3	[]	separated	"[""N0.HOG0000496"", ""N0.HOG0000495""]"	[4, 4]	1	1	1.0	[3, 3]	6	6	[]	[]	8	2	[]	separated	"[""1704"", ""3461""]"	[4, 4]	1	1	1.0	[3, 3]	6	6	[]	[]	8	2	[]	merged	"[""MCL185"", ""MCL185""]"	[8, 8]	0	0	1.0	[6, 6]	6	6	[]	[]	8	1	[]
"[""YFR017C"", ""YOL024W""]"	Low	true	true	[]	[]	separated	"[""OG4231"", ""OG2124""]"	[4, 4]	1	1	1.0	[3, 3]	6	6	[]	[]	8	2	[]	separated	"[""RootHOG0006043"", ""RootHOG0003556""]"	[4, 4]	1	1	1.0	[3, 3]	6	6	[]	[]	8	2	[]	separated	"[""N0.HOG0002014"", ""N0.HOG0004517""]"	[4, 4]	1	1	1.0	[3, 3]	6	6	[]	[]	8	2	[]	separated	"[""1706"", ""4391""]"	[4, 4]	1	1	1.0	[3, 3]	6	6	[]	[]	8	2	[]	separated	"[""MCL1801"", ""MCL4304""]"	[4, 4]	1	1	1.0	[3, 3]	6	6	[]	[]	8	2	[]
"[""YFR022W"", ""YOR018W""]"	Low	true	true	[]	[]	merged	"[""OG2165"", ""OG2165""]"	[8, 8]	0	0	1.0	[6, 6]	6	6	[]	[]	8	1	[]	separated	"[""RootHOG0003605"", ""RootHOG0003604""]"	[4, 4]	1	1	1.0	[3, 3]	6	6	[]	[]	8	2	[]	separated	"[""N0.HOG0002018"", ""N0.HOG0004633""]"	[4, 4]	1	1	1.0	[3, 3]	6	6	[]	[]	8	2	[]	separated	"[""1710"", ""4514""]"	[4, 4]	1	1	1.0	[3, 3]	6	6	[]	[]	8	2	[]	separated	"[""MCL1805"", ""MCL4420""]"	[4, 4]	1	1	1.0	[3, 3]	6	6	[]	[]	8	2	[]
"[""YFR023W"", ""YHR015W""]"	Sparse	true	true	[]	[]	merged	"[""OG4235"", ""OG4235""]"	[8, 8]	0	0	1.0	[6, 6]	6	6	[]	[]	8	1	[]	separated	"[""RootHOG0003320"", ""RootHOG0003323""]"	[4, 4]	1	1	1.0	[3, 3]	6	6	[]	[]	8	2	[]	separated	"[""N0.HOG0002019"", ""N0.HOG0002532""]"	[4, 4]	1	1	1.0	[3, 3]	6	6	[]	[]	8	2	[]	separated	"[""1711"", ""2255""]"	[4, 4]	1	1	1.0	[3, 3]	6	6	[]	[]	8	2	[]	separated	"[""MCL1806"", ""MCL2319""]"	[4, 4]	1	1	1.0	[3, 3]	6	6	[]	[]	8	2	[]
"[""YGL082W"", ""YPL191C""]"	Sparse	true	true	[]	[]	merged	"[""OG2921"", ""OG2921""]"	[8, 8]	0	0	1.0	[6, 6]	6	6	[]	[]	8	1	[]	separated	"[""RootHOG0004535"", ""RootHOG0004536""]"	[4, 3]	1	1	0.8333333333333334	[3, 2]	5	6	[]	[]	7	3	[]	separated	"[""N0.HOG0002111"", ""N0.HOG0005078""]"	[4, 4]	1	1	1.0	[3, 3]	6	6	[]	[]	8	2	[]	separated	"[""1806"", ""5000""]"	[4, 4]	1	1	1.0	[3, 3]	6	6	[]	[]	8	2	[]	separated	"[""MCL1898"", ""MCL4865""]"	[4, 4]	1	1	1.0	[3, 3]	6	6	[]	[]	8	2	[]
"[""YGL096W"", ""YPL177C""]"	High	true	true	[]	[]	merged	"[""OG2532"", ""OG2532""]"	[8, 8]	0	0	1.0	[6, 6]	6	6	[]	[]	8	1	[]	separated	"[""RootHOG0004065"", ""RootHOG0004066""]"	[4, 3]	1	1	0.8333333333333334	[3, 2]	5	6	[]	[]	7	3	[]	separated	"[""N0.HOG0002123"", ""N0.HOG0005065""]"	[4, 4]	1	1	1.0	[3, 3]	6	6	[]	[]	8	2	[]	separated	"[""1819"", ""4986""]"	[4, 4]	1	1	1.0	[3, 3]	6	6	[]	[]	8	2	[]	separated	"[""MCL1910"", ""MCL4852""]"	[4, 4]	1	1	1.0	[3, 3]	6	6	[]	[]	8	2	[]
"[""YGL134W"", ""YPL219W""]"	Sparse	true	true	[]	[]	merged	"[""OG2894"", ""OG2894""]"	[8, 8]	0	0	1.0	[6, 6]	6	6	[]	[]	8	1	[]	separated	"[""RootHOG0004502"", ""RootHOG0004501""]"	[4, 3]	1	1	0.8333333333333334	[3, 2]	5	6	[]	[]	7	3	[]	separated	"[""N0.HOG0002156"", ""N0.HOG0005102""]"	[4, 4]	1	1	1.0	[3, 3]	6	6	[]	[]	8	2	[]	separated	"[""1852"", ""5025""]"	[4, 4]	1	1	1.0	[3, 3]	6	6	[]	[]	8	2	[]	separated	"[""MCL1943"", ""MCL4889""]"	[4, 4]	1	1	1.0	[3, 3]	6	6	[]	[]	8	2	[]
"[""YGL166W"", ""YPR008W""]"	Low	true	true	[]	[]	merged	"[""OG1411"", ""OG1411""]"	[12, 12]	0	0	1.0	[6, 6]	6	6	"[""Skud_13.175"", ""Smik_13.185"", ""Suva_13.188"", ""YMR021C""]"	[]	12	1	[]	separated	"[""RootHOG0002508"", ""RootHOG0002507""]"	[4, 4]	1	1	1.0	[3, 3]	6	6	[]	[]	8	2	[]	separated	"[""N0.HOG0002181"", ""N0.HOG0005153""]"	[4, 4]	1	1	1.0	[3, 3]	6	6	[]	[]	8	2	[]	separated	"[""1878"", ""5078""]"	[4, 4]	1	1	1.0	[3, 3]	6	6	[]	[]	8	2	[]	separated	"[""MCL1968"", ""MCL4940""]"	[4, 4]	1	1	1.0	[3, 3]	6	6	[]	[]	8	2	[]
"[""YGR004W"", ""YLR324W""]"	Low	true	true	[]	[]	separated	"[""OG4462"", ""OG1172""]"	[4, 4]	1	1	1.0	[3, 3]	6	6	[]	[]	8	2	[]	separated	"[""RootHOG0006263"", ""RootHOG0002110""]"	[4, 4]	1	1	1.0	[3, 3]	6	6	[]	[]	8	2	[]	separated	"[""N0.HOG0002261"", ""N0.HOG0003703""]"	[4, 4]	1	1	1.0	[3, 3]	6	6	[]	[]	8	2	[]	separated	"[""1963"", ""3517""]"	[4, 4]	1	1	1.0	[3, 3]	6	6	[]	[]	8	2	[]	separated	"[""MCL2048"", ""MCL3490""]"	[4, 4]	1	1	1.0	[3, 3]	6	6	[]	[]	8	2	[]
"[""YGR008C"", ""YLR327C""]"	High	true	true	[]	[]	merged	"[""OG1175"", ""OG1175""]"	[8, 8]	0	0	1.0	[6, 6]	6	6	[]	[]	8	1	[]	separated	"[""RootHOG0002115"", ""RootHOG0002113""]"	[2, 4]	1	1	0.6666666666666666	[1, 3]	4	6	[]	[]	6	3	[]	separated	"[""N0.HOG0000507"", ""N0.HOG0000508""]"	[4, 4]	1	1	1.0	[3, 3]	6	6	[]	[]	8	2	[]	separated	"[""1967"", ""3520""]"	[4, 4]	1	1	1.0	[3, 3]	6	6	[]	[]	8	2	[]	merged	"[""MCL195"", ""MCL195""]"	[8, 8]	0	0	1.0	[6, 6]	6	6	[]	[]	8	1	[]
"[""YGR023W"", ""YLR332W""]"	High	true	true	[]	[]	merged	"[""OG0804"", ""OG0804""]"	[17, 17]	0	0	1.0	[6, 6]	6	6	"[""Skud_11.329"", ""Skud_13.338"", ""Smik_11.355"", ""Smik_13.378"", ""Suva_11.328"", ""Suva_13.354"", ""Suva_4.562"", ""YKR092C"", ""YMR173W""]"	[]	17	1	[]	separated	"[""RootHOG0000074"", ""RootHOG0000066""]"	[4, 4]	1	1	1.0	[3, 3]	6	6	[]	[]	8	2	[]	separated	"[""N0.HOG0002275"", ""N0.HOG0003707""]"	[4, 4]	1	1	1.0	[3, 3]	6	6	[]	[]	8	2	[]	separated	"[""1977"", ""3524""]"	[4, 4]	1	1	1.0	[3, 3]	6	6	[]	[]	8	2	[]	separated	"[""MCL2062"", ""MCL3494""]"	[4, 4]	1	1	1.0	[3, 3]	6	6	[]	[]	8	2	[]
"[""YGR027C"", ""YLR333C""]"	Low	true	true	[]	[]	merged	"[""OG1179"", ""OG1179""]"	[8, 8]	0	0	1.0	[6, 6]	6	6	[]	[]	8	1	[]	separated	"[""RootHOG0002121"", ""RootHOG0002120""]"	[4, 3]	1	1	0.8333333333333334	[3, 2]	5	6	[]	[]	7	3	[]	separated	"[""N0.HOG0000511"", ""N0.HOG0000512""]"	[4, 4]	1	1	1.0	[3, 3]	6	6	[]	[]	8	2	[]	merged	"[""48"", ""48""]"	[8, 8]	0	0	1.0	[6, 6]	6	6	[]	[]	8	1	[]	merged	"[""MCL197"", ""MCL197""]"	[8, 8]	0	0	1.0	[6, 6]	6	6	[]	[]	8	1	[]
"[""YGR035C"", ""YLR346C""]"	Sparse	true	true	[]	[]	separated	"[""OG4488"", ""OG1189""]"	[4, 4]	1	1	1.0	[3, 3]	6	6	[]	[]	8	2	[]	separated	"[""RootHOG0006289"", ""RootHOG0002150""]"	[4, 4]	1	1	1.0	[3, 3]	6	6	[]	[]	8	2	[]	separated	"[""N0.HOG0002283"", ""N0.HOG0003714""]"	[4, 4]	1	1	1.0	[3, 3]	6	6	[]	[]	8	2	[]	separated	"[""1986"", ""3532""]"	[4, 4]	1	1	1.0	[3, 3]	6	6	[]	[]	8	2	[]	separated	"[""MCL2070"", ""MCL3501""]"	[4, 4]	1	1	1.0	[3, 3]	6	6	[]	[]	8	2	[]
"[""YGR041W"", ""YLR353W""]"	Sparse	true	true	[]	[]	merged	"[""OG1194"", ""OG1194""]"	[8, 8]	0	0	1.0	[6, 6]	6	6	[]	[]	8	1	[]	separated	"[""RootHOG0002159"", ""RootHOG0002158""]"	[4, 3]	1	1	0.8333333333333334	[3, 2]	5	6	[]	[]	7	3	[]	separated	"[""N0.HOG0002288"", ""N0.HOG0003720""]"	[4, 4]	1	1	1.0	[3, 3]	6	6	[]	[]	8	2	[]	separated	"[""1991"", ""3538""]"	[4, 4]	1	1	1.0	[3, 3]	6	6	[]	[]	8	2	[]	separated	"[""MCL2075"", ""MCL3507""]"	[4, 4]	1	1	1.0	[3, 3]	6	6	[]	[]	8	2	[]
"[""YGR049W"", ""YLR356W""]"	Sparse	true	true	[]	[]	merged	"[""OG1197"", ""OG1197""]"	[8, 8]	0	0	1.0	[6, 6]	6	6	[]	[]	8	1	[]	separated	"[""RootHOG0002166"", ""RootHOG0002167""]"	[4, 3]	1	1	0.8333333333333334	[3, 2]	5	6	[]	[]	7	3	[]	separated	"[""N0.HOG0002294"", ""N0.HOG0003722""]"	[4, 4]	1	1	1.0	[3, 3]	6	6	[]	[]	8	2	[]	separated	"[""1998"", ""3541""]"	[4, 4]	1	1	1.0	[3, 3]	6	6	[]	[]	8	2	[]	separated	"[""MCL2081"", ""MCL3509""]"	[4, 4]	1	1	1.0	[3, 3]	6	6	[]	[]	8	2	[]
"[""YGR071C"", ""YLR373C""]"	Low	true	true	[]	[]	merged	"[""OG1211"", ""OG1211""]"	[8, 8]	0	0	1.0	[6, 6]	6	6	[]	[]	8	1	[]	separated	"[""RootHOG0002182"", ""RootHOG0002183""]"	[4, 3]	1	1	0.8333333333333334	[3, 2]	5	6	[]	[]	7	3	[]	separated	"[""N0.HOG0002310"", ""N0.HOG0003736""]"	[4, 4]	1	1	1.0	[3, 3]	6	6	[]	[]	8	2	[]	separated	"[""2016"", ""3555""]"	[4, 4]	1	1	1.0	[3, 3]	6	6	[]	[]	8	2	[]	separated	"[""MCL2097"", ""MCL3523""]"	[4, 4]	1	1	1.0	[3, 3]	6	6	[]	[]	8	2	[]
"[""YGR097W"", ""YPR115W""]"	High	true	true	[]	[]	merged	"[""OG2804"", ""OG2804""]"	[8, 8]	0	0	1.0	[6, 6]	6	6	[]	[]	8	1	[]	separated	"[""RootHOG0004400"", ""RootHOG0004399""]"	[3, 4]	1	1	0.8333333333333334	[2, 3]	5	6	[]	[]	7	3	[]	separated	"[""N0.HOG0002331"", ""N0.HOG0005237""]"	[4, 4]	1	1	1.0	[3, 3]	6	6	[]	[]	8	2	[]	separated	"[""2039"", ""5166""]"	[4, 4]	1	1	1.0	[3, 3]	6	6	[]	[]	8	2	[]	separated	"[""MCL2118"", ""MCL5024""]"	[4, 4]	1	1	1.0	[3, 3]	6	6	[]	[]	8	2	[]
"[""YGR121C"", ""YPR138C""]"	Low	true	true	[]	[]	merged	"[""OG1841"", ""OG1841""]"	[12, 12]	0	0	1.0	[6, 6]	6	6	"[""Skud_14.189"", ""Smik_14.185"", ""Suva_14.196"", ""YNL142W""]"	[]	12	1	[]	separated	"[""RootHOG0003132"", ""RootHOG0003131""]"	[4, 4]	1	1	1.0	[3, 3]	6	6	[]	[]	8	2	[]	separated	"[""N0.HOG0000521"", ""N0.HOG0000522""]"	[4, 4]	1	1	1.0	[3, 3]	6	6	[]	[]	8	2	[]	separated	"[""2059"", ""5184""]"	[4, 4]	1	1	1.0	[3, 3]	6	6	[]	[]	8	2	[]	merged	"[""MCL203"", ""MCL203""]"	[8, 8]	0	0	1.0	[6, 6]	6	6	[]	[]	8	1	[]
"[""YGR136W"", ""YPR154W""]"	Low	true	true	[]	[]	merged	"[""OG2842"", ""OG2842""]"	[8, 8]	0	0	1.0	[6, 6]	6	6	[]	[]	8	1	[]	separated	"[""RootHOG0004448"", ""RootHOG0004449""]"	[4, 1]	1	0	0.5	[3, 0]	3	6	[]	[]	5	3	[]	separated	"[""N0.HOG0002364"", ""N0.HOG0005267""]"	[4, 4]	1	1	1.0	[3, 3]	6	6	[]	[]	8	2	[]	separated	"[""2074"", ""5198""]"	[4, 4]	1	1	1.0	[3, 3]	6	6	[]	[]	8	2	[]	separated	"[""MCL2151"", ""MCL5054""]"	[4, 4]	1	1	1.0	[3, 3]	6	6	[]	[]	8	2	[]
"[""YGR138C"", ""YPR156C""]"	Low	true	true	[]	[]	merged	"[""OG2845"", ""OG2845""]"	[8, 8]	0	0	1.0	[6, 6]	6	6	[]	[]	8	1	[]	separated	"[""RootHOG0002071"", ""RootHOG0002077""]"	[4, 1]	1	0	0.5	[3, 0]	3	6	[]	[]	5	4	[]	separated	"[""N0.HOG0000523"", ""N0.HOG0000524""]"	[4, 4]	1	1	1.0	[3, 3]	6	6	[]	[]	8	2	[]	separated	"[""2075"", ""5200""]"	[4, 4]	1	1	1.0	[3, 3]	6	6	[]	[]	8	2	[]	merged	"[""MCL204"", ""MCL204""]"	[8, 8]	0	0	1.0	[6, 6]	6	6	[]	[]	8	1	[]
"[""YGR141W"", ""YPR157W""]"	Low	true	true	[]	[]	merged	"[""OG2846"", ""OG2846""]"	[8, 8]	0	0	1.0	[6, 6]	6	6	[]	[]	8	1	[]	separated	"[""RootHOG0004453"", ""RootHOG0004452""]"	[3, 4]	1	1	0.8333333333333334	[2, 3]	5	6	[]	[]	7	3	[]	separated	"[""N0.HOG0002366"", ""N0.HOG0005269""]"	[4, 4]	1	1	1.0	[3, 3]	6	6	[]	[]	8	2	[]	separated	"[""2077"", ""5201""]"	[4, 4]	1	1	1.0	[3, 3]	6	6	[]	[]	8	2	[]	separated	"[""MCL2153"", ""MCL5056""]"	[4, 4]	1	1	1.0	[3, 3]	6	6	[]	[]	8	2	[]
"[""YGR169C-A"", ""YJR005C-A""]"	Sparse	true	true	[]	[]	merged	"[""OG0367"", ""OG0367""]"	[8, 8]	0	0	1.0	[6, 6]	6	6	[]	[]	8	1	[]	separated	"[""RootHOG0000596"", ""RootHOG0000595""]"	[4, 4]	1	1	1.0	[3, 3]	6	6	[]	[]	8	2	[]	separated	"[""N0.HOG0002389"", ""N0.HOG0003028""]"	[4, 4]	1	1	1.0	[3, 3]	6	6	[]	[]	8	2	[]	separated	"[""2101"", ""2784""]"	[4, 4]	1	1	1.0	[3, 3]	6	6	[]	[]	8	2	[]	separated	"[""MCL2176"", ""MCL2815""]"	[4, 4]	1	1	1.0	[3, 3]	6	6	[]	[]	8	2	[]
"[""YGR197C"", ""YJR015W""]"	Sparse	true	true	[]	[]	merged	"[""OG0378"", ""OG0378""]"	[8, 8]	0	0	0.6666666666666666	[4, 4]	4	6	"[""Skud_10.239"", ""Suva_12.100""]"	[]	8	2	[]	separated	"[""RootHOG0000612"", ""RootHOG0000611""]"	[3, 4]	1	1	0.5	[2, 1]	3	6	"[""Skud_10.239"", ""Suva_12.100""]"	[]	7	4	[]	separated	"[""N0.HOG0002413"", ""N0.HOG0000115""]"	[4, 7]	1	1	1.0	[3, 3]	6	6	"[""Skud_10.239"", ""Suva_12.100"", ""Suva_12.103""]"	[]	11	2	[]	separated	"[""2125"", ""171""]"	[4, 5]	1	1	0.8333333333333334	[3, 2]	5	6	"[""Skud_10.239"", ""Suva_12.103""]"	[]	9	2	"[""Suva_12.101""]"	separated	"[""MCL2200"", ""MCL296""]"	[4, 7]	1	1	1.0	[3, 3]	6	6	"[""Skud_10.239"", ""Suva_12.100"", ""Suva_12.103""]"	[]	11	2	[]
"[""YGR213C"", ""YLR046C""]"	Sparse	true	true	[]	[]	merged	"[""OG0890"", ""OG0890""]"	[13, 13]	0	0	1.0	[6, 6]	6	6	"[""Skud_45.1"", ""Skud_9.221"", ""Smik_25.1"", ""Smik_26.7"", ""YER185W""]"	[]	13	1	[]	separated	"[""RootHOG0001656"", ""RootHOG0001658""]"	[4, 1]	1	0	0.5	[3, 0]	3	6	[]	[]	5	4	[]	separated	"[""N0.HOG0002427"", ""N0.HOG0003487""]"	[4, 4]	1	1	1.0	[3, 3]	6	6	[]	[]	8	2	[]	separated	"[""2141"", ""3284""]"	[4, 4]	1	1	1.0	[3, 3]	6	6	[]	[]	8	2	[]	separated	"[""MCL2214"", ""MCL3274""]"	[4, 4]	1	1	1.0	[3, 3]	6	6	[]	[]	8	2	[]
"[""YGR230W"", ""YHR152W""]"	High	true	true	[]	[]	separated	"[""OG4657"", ""OG4820""]"	[4, 4]	1	1	1.0	[3, 3]	6	6	[]	[]	8	2	[]	separated	"[""RootHOG0006457"", ""RootHOG0006611""]"	[4, 4]	1	1	1.0	[3, 3]	6	6	[]	[]	8	2	[]	separated	"[""N0.HOG0002438"", ""N0.HOG0002649""]"	[4, 4]	1	1	1.0	[3, 3]	6	6	[]	[]	8	2	[]	separated	"[""2154"", ""2377""]"	[4, 4]	1	1	1.0	[3, 3]	6	6	[]	[]	8	2	[]	separated	"[""MCL2225"", ""MCL2436""]"	[4, 4]	1	1	1.0	[3, 3]	6	6	[]	[]	8	2	[]
"[""YGR238C"", ""YHR158C""]"	Low	true	true	[]	[]	separated	"[""OG4665"", ""OG4825""]"	[4, 4]	1	1	1.0	[3, 3]	6	6	[]	[]	8	2	[]	separated	"[""RootHOG0006464"", ""RootHOG0006616""]"	[4, 4]	1	1	1.0	[3, 3]	6	6	[]	[]	8	2	[]	separated	"[""N0.HOG0002445"", ""N0.HOG0002655""]"	[4, 4]	1	1	1.0	[3, 3]	6	6	[]	[]	8	2	[]	separated	"[""2161"", ""2383""]"	[4, 4]	1	1	1.0	[3, 3]	6	6	[]	[]	8	2	[]	separated	"[""MCL2232"", ""MCL2442""]"	[4, 4]	1	1	1.0	[3, 3]	6	6	[]	[]	8	2	[]
"[""YGR239C"", ""YHR160C""]"	Low	true	true	[]	[]	separated	"[""OG4666"", ""OG4827""]"	[4, 4]	1	1	1.0	[3, 3]	6	6	[]	[]	8	2	[]	separated	"[""RootHOG0006465"", ""RootHOG0006618""]"	[4, 4]	1	1	1.0	[3, 3]	6	6	[]	[]	8	2	[]	separated	"[""N0.HOG0002446"", ""N0.HOG0002657""]"	[4, 4]	1	1	1.0	[3, 3]	6	6	[]	[]	8	2	[]	separated	"[""2162"", ""2385""]"	[4, 4]	1	1	1.0	[3, 3]	6	6	[]	[]	8	2	[]	separated	"[""MCL2233"", ""MCL2444""]"	[4, 4]	1	1	1.0	[3, 3]	6	6	[]	[]	8	2	[]
"[""YGR243W"", ""YHR162W""]"	High	true	true	[]	[]	merged	"[""OG4397"", ""OG4397""]"	[12, 12]	0	0	1.0	[6, 6]	6	6	"[""Skud_7.202"", ""Smik_7.203"", ""Suva_7.190"", ""YGL080W""]"	[]	12	1	[]	separated	"[""RootHOG0006202"", ""RootHOG0006203""]"	[4, 4]	1	1	1.0	[3, 3]	6	6	[]	[]	8	2	[]	separated	"[""N0.HOG0002448"", ""N0.HOG0002659""]"	[4, 4]	1	1	1.0	[3, 3]	6	6	[]	[]	8	2	[]	separated	"[""2165"", ""2387""]"	[4, 4]	1	1	1.0	[3, 3]	6	6	[]	[]	8	2	[]	separated	"[""MCL2235"", ""MCL2446""]"	[4, 4]	1	1	1.0	[3, 3]	6	6	[]	[]	8	2	[]
"[""YGR248W"", ""YHR163W""]"	High	true	true	[]	[]	merged	"[""OG2007"", ""OG2007""]"	[16, 16]	0	0	1.0	[6, 6]	6	6	"[""Skud_14.366"", ""Skud_3.147"", ""Smik_14.364"", ""Smik_3.174"", ""Suva_14.389"", ""Suva_3.111"", ""YCR073W-A"", ""YNR034W""]"	[]	16	1	[]	separated	"[""RootHOG0003392"", ""RootHOG0003393""]"	[3, 4]	1	1	0.8333333333333334	[2, 3]	5	6	[]	[]	7	3	[]	separated	"[""N0.HOG0002453"", ""N0.HOG0002660""]"	[4, 4]	1	1	1.0	[3, 3]	6	6	[]	[]	8	2	[]	separated	"[""2170"", ""2388""]"	[4, 4]	1	1	1.0	[3, 3]	6	6	[]	[]	8	2	[]	separated	"[""MCL2240"", ""MCL2447""]"	[4, 4]	1	1	1.0	[3, 3]	6	6	[]	[]	8	2	[]
"[""YGR273C"", ""YMR295C""]"	Low	true	true	[]	[]	merged	"[""OG1683"", ""OG1683""]"	[8, 8]	0	0	1.0	[6, 6]	6	6	[]	[]	8	1	[]	separated	"[""RootHOG0002902"", ""RootHOG0002903""]"	[4, 3]	1	1	0.8333333333333334	[3, 2]	5	6	[]	[]	7	3	[]	separated	"[""N0.HOG0002473"", ""N0.HOG0004155""]"	[4, 4]	1	1	1.0	[3, 3]	6	6	[]	[]	8	2	[]	separated	"[""2190"", ""4003""]"	[4, 4]	1	1	1.0	[3, 3]	6	6	[]	[]	8	2	[]	separated	"[""MCL2260"", ""MCL3942""]"	[4, 4]	1	1	1.0	[3, 3]	6	6	[]	[]	8	2	[]
"[""YGR283C"", ""YMR310C""]"	Sparse	true	true	[]	[]	merged	"[""OG1697"", ""OG1697""]"	[8, 8]	0	0	1.0	[6, 6]	6	6	[]	[]	8	1	[]	separated	"[""RootHOG0002924"", ""RootHOG0002925""]"	[4, 3]	1	1	0.8333333333333334	[3, 2]	5	6	[]	[]	7	3	[]	separated	"[""N0.HOG0002482"", ""N0.HOG0004167""]"	[4, 4]	1	1	1.0	[3, 3]	6	6	[]	[]	8	2	[]	separated	"[""2200"", ""4018""]"	[4, 4]	1	1	1.0	[3, 3]	6	6	[]	[]	8	2	[]	separated	"[""MCL2269"", ""MCL3954""]"	[4, 4]	1	1	1.0	[3, 3]	6	6	[]	[]	8	2	[]
"[""YHR001W"", ""YKR003W""]"	High	true	true	[]	[]	merged	"[""OG0722"", ""OG0722""]"	[8, 8]	0	0	1.0	[6, 6]	6	6	[]	[]	8	1	[]	separated	"[""RootHOG0001316"", ""RootHOG0001314""]"	[1, 4]	1	0	0.5	[0, 3]	3	6	[]	[]	5	3	[]	separated	"[""N0.HOG0000534"", ""N0.HOG0000533""]"	[4, 4]	1	1	1.0	[3, 3]	6	6	[]	[]	8	2	[]	separated	"[""2240"", ""3105""]"	[4, 4]	1	1	1.0	[3, 3]	6	6	[]	[]	8	2	[]	merged	"[""MCL211"", ""MCL211""]"	[8, 8]	0	0	1.0	[6, 6]	6	6	[]	[]	8	1	[]
"[""YHR003C"", ""YKL027W""]"	Low	true	true	[]	[]	merged	"[""OG0689"", ""OG0689""]"	[8, 8]	0	0	1.0	[6, 6]	6	6	[]	[]	8	1	[]	separated	"[""RootHOG0001251"", ""RootHOG0001249""]"	[1, 4]	1	0	0.5	[0, 3]	3	6	[]	[]	5	3	[]	separated	"[""N0.HOG0002520"", ""N0.HOG0003173""]"	[4, 4]	1	1	1.0	[3, 3]	6	6	[]	[]	8	2	[]	separated	"[""2243"", ""2940""]"	[4, 4]	1	1	1.0	[3, 3]	6	6	[]	[]	8	2	[]	separated	"[""MCL2307"", ""MCL2960""]"	[4, 4]	1	1	1.0	[3, 3]	6	6	[]	[]	8	2	[]
"[""YHR030C"", ""YKL161C""]"	Low	true	true	[]	[]	merged	"[""OG0845"", ""OG0845""]"	[11, 11]	0	0	1.0	[5, 5]	5	5	"[""Skud_12.181"", ""Smik_12.173"", ""Suva_10.202"", ""YLR113W""]"	[]	11	1	[]	separated	"[""RootHOG0001555"", ""RootHOG0001542""]"	[4, 3]	1	1	1.0	[3, 2]	5	5	[]	[]	7	2	[]	separated	"[""N0.HOG0005326"", ""N0.HOG0005325""]"	[3, 3]	1	1	0.8	[2, 2]	4	5	[]	[]	6	2	"[""Smik_8.97""]"	separated	"[""2266"", ""5278""]"	[4, 3]	1	1	1.0	[3, 2]	5	5	[]	[]	7	2	[]	merged	"[""MCL291"", ""MCL291""]"	[7, 7]	0	0	1.0	[5, 5]	5	5	[]	[]	7	1	[]
"[""YHR047C"", ""YKL157W""]"	Sparse	true	true	[]	[]	merged	"[""OG0850"", ""OG0850""]"	[7, 7]	0	0	0.4	[2, 2]	2	5	"[""Skud_11.71"", ""Smik_11.78"", ""Suva_11.69""]"	[]	7	2	[]	separated	"[""RootHOG0001569"", ""RootHOG0001567""]"	[3, 3]	1	0	0.4	[2, 0]	2	5	"[""Skud_11.71"", ""Smik_11.78""]"	[]	6	3	[]	separated	"[""N0.HOG0005327"", ""N0.HOG0000616""]"	[3, 4]	1	0	0.4	[2, 0]	2	5	"[""Skud_11.71"", ""Smik_11.78"", ""Suva_11.69""]"	[]	7	3	[]	merged	"[""101"", ""101""]"	[7, 7]	0	0	0.4	[2, 2]	2	5	"[""Skud_11.71"", ""Smik_11.78"", ""Suva_11.69""]"	[]	7	2	[]	merged	"[""MCL292"", ""MCL292""]"	[7, 7]	0	0	0.4	[2, 2]	2	5	"[""Skud_11.71"", ""Smik_11.78"", ""Suva_11.69""]"	[]	7	2	[]
"[""YHR131C"", ""YNL144C""]"	Low	true	true	[]	[]	merged	"[""OG1840"", ""OG1840""]"	[8, 8]	0	0	1.0	[6, 6]	6	6	[]	[]	8	1	[]	separated	"[""RootHOG0001145"", ""RootHOG0001141""]"	[4, 4]	1	1	1.0	[3, 3]	6	6	[]	[]	8	2	[]	separated	"[""N0.HOG0002629"", ""N0.HOG0004285""]"	[4, 4]	1	1	1.0	[3, 3]	6	6	[]	[]	8	2	[]	separated	"[""2356"", ""4147""]"	[4, 4]	1	1	1.0	[3, 3]	6	6	[]	[]	8	2	[]	separated	"[""MCL2416"", ""MCL4072""]"	[4, 4]	1	1	1.0	[3, 3]	6	6	[]	[]	8	2	[]
"[""YHR132W-A"", ""YNL157W""]"	High	true	true	[]	[]	merged	"[""OG1827"", ""OG1827""]"	[8, 8]	0	0	1.0	[6, 6]	6	6	[]	[]	8	1	[]	separated	"[""RootHOG0003115"", ""RootHOG0003113""]"	[2, 4]	1	1	0.6666666666666666	[1, 3]	4	6	[]	[]	6	3	[]	separated	"[""N0.HOG0002631"", ""N0.HOG0004295""]"	[4, 4]	1	1	1.0	[3, 3]	6	6	[]	[]	8	2	[]	separated	"[""2358"", ""4159""]"	[4, 4]	1	1	1.0	[3, 3]	6	6	[]	[]	8	2	[]	separated	"[""MCL2418"", ""MCL4082""]"	[4, 4]	1	1	1.0	[3, 3]	6	6	[]	[]	8	2	[]
"[""YHR139C"", ""YNL160W""]"	Sparse	true	true	[]	[]	merged	"[""OG1824"", ""OG1824""]"	[8, 8]	0	0	1.0	[6, 6]	6	6	[]	[]	8	1	[]	separated	"[""RootHOG0003109"", ""RootHOG0003108""]"	[4, 3]	1	1	0.8333333333333334	[3, 2]	5	6	[]	[]	7	3	[]	separated	"[""N0.HOG0002637"", ""N0.HOG0004298""]"	[4, 4]	1	1	1.0	[3, 3]	6	6	[]	[]	8	2	[]	separated	"[""2365"", ""4162""]"	[4, 4]	1	1	1.0	[3, 3]	6	6	[]	[]	8	2	[]	separated	"[""MCL2424"", ""MCL4085""]"	[4, 4]	1	1	1.0	[3, 3]	6	6	[]	[]	8	2	[]
"[""YHR146W"", ""YNL173C""]"	Sparse	true	true	[]	[]	merged	"[""OG1812"", ""OG1812""]"	[8, 8]	0	0	1.0	[5, 5]	5	5	"[""Skud_40.1""]"	[]	8	1	[]	separated	"[""RootHOG0003083"", ""RootHOG0003082""]"	[3, 4]	1	1	0.8	[1, 3]	4	5	"[""Skud_40.1""]"	[]	7	3	[]	separated	"[""N0.HOG0002643"", ""N0.HOG0004309""]"	[4, 4]	1	1	1.0	[2, 3]	5	5	"[""Skud_40.1""]"	[]	8	2	[]	separated	"[""2371"", ""4173""]"	[4, 4]	1	1	1.0	[2, 3]	5	5	"[""Skud_40.1""]"	[]	8	2	[]	separated	"[""MCL2430"", ""MCL4096""]"	[4, 4]	1	1	1.0	[2, 3]	5	5	"[""Skud_40.1""]"	[]	8	2	[]
"[""YHR155W"", ""YNL257C""]"	Low	true	true	[]	[]	merged	"[""OG2078"", ""OG2078""]"	[8, 8]	0	0	1.0	[6, 6]	6	6	[]	[]	8	1	[]	separated	"[""RootHOG0003507"", ""RootHOG0003506""]"	[3, 4]	1	1	0.8333333333333334	[2, 3]	5	6	[]	[]	7	3	[]	separated	"[""N0.HOG0002652"", ""N0.HOG0004383""]"	[4, 4]	1	1	1.0	[3, 3]	6	6	[]	[]	8	2	[]	separated	"[""2380"", ""4247""]"	[4, 4]	1	1	1.0	[3, 3]	6	6	[]	[]	8	2	[]	separated	"[""MCL2439"", ""MCL4170""]"	[4, 4]	1	1	1.0	[3, 3]	6	6	[]	[]	8	2	[]
"[""YHR206W"", ""YJR147W""]"	Low	true	true	[]	[]	separated	"[""OG4870"", ""OG0514""]"	[4, 4]	1	1	1.0	[3, 3]	6	6	[]	[]	8	2	[]	separated	"[""RootHOG0006663"", ""RootHOG0000869""]"	[4, 4]	1	1	1.0	[3, 3]	6	6	[]	[]	8	2	[]	separated	"[""N0.HOG0002698"", ""N0.HOG0003145""]"	[4, 4]	1	1	1.0	[3, 3]	6	6	[]	[]	8	2	[]	separated	"[""2426"", ""2910""]"	[4, 4]	1	1	1.0	[3, 3]	6	6	[]	[]	8	2	[]	separated	"[""MCL2485"", ""MCL2932""]"	[4, 4]	1	1	1.0	[3, 3]	6	6	[]	[]	8	2	[]
"[""YIL085C"", ""YNL029C""]"	Sparse	true	true	[]	[]	merged	"[""OG0558"", ""OG0558""]"	[16, 16]	0	0	1.0	[6, 6]	6	6	"[""Skud_10.75"", ""Skud_11.297"", ""Smik_10.93"", ""Smik_11.323"", ""Suva_11.296"", ""Suva_6.219"", ""YJL139C"", ""YKR061W""]"	[]	16	1	[]	separated	"[""RootHOG0000984"", ""RootHOG0000983""]"	[4, 4]	1	1	1.0	[3, 3]	6	6	[]	[]	8	2	[]	separated	"[""N0.HOG0002765"", ""N0.HOG0004195""]"	[4, 4]	1	1	1.0	[3, 3]	6	6	[]	[]	8	2	[]	separated	"[""2500"", ""4049""]"	[4, 4]	1	1	1.0	[3, 3]	6	6	[]	[]	8	2	[]	separated	"[""MCL2552"", ""MCL3982""]"	[4, 4]	1	1	1.0	[3, 3]	6	6	[]	[]	8	2	[]
"[""YIL111W"", ""YNL052W""]"	Low	true	true	[]	[]	merged	"[""OG1932"", ""OG1932""]"	[8, 8]	0	0	1.0	[6, 6]	6	6	[]	[]	8	1	[]	separated	"[""RootHOG0003274"", ""RootHOG0003275""]"	[4, 3]	1	1	0.8333333333333334	[3, 2]	5	6	[]	[]	7	3	[]	separated	"[""N0.HOG0002786"", ""N0.HOG0004212""]"	[4, 4]	1	1	1.0	[3, 3]	6	6	[]	[]	8	2	[]	separated	"[""2522"", ""4067""]"	[4, 4]	1	1	1.0	[3, 3]	6	6	[]	[]	8	2	[]	separated	"[""MCL2573"", ""MCL3999""]"	[4, 4]	1	1	1.0	[3, 3]	6	6	[]	[]	8	2	[]
"[""YIL113W"", ""YNL053W""]"	Low	true	true	[]	[]	separated	"[""OG5038"", ""OG1931""]"	[4, 4]	1	1	1.0	[3, 3]	6	6	[]	[]	8	2	[]	separated	"[""RootHOG0006821"", ""RootHOG0003272""]"	[4, 4]	1	1	1.0	[3, 3]	6	6	[]	[]	8	2	[]	separated	"[""N0.HOG0002788"", ""N0.HOG0004213""]"	[4, 4]	1	1	1.0	[3, 3]	6	6	[]	[]	8	2	[]	separated	"[""2524"", ""4068""]"	[4, 4]	1	1	1.0	[3, 3]	6	6	[]	[]	8	2	[]	separated	"[""MCL2575"", ""MCL4000""]"	[4, 4]	1	1	1.0	[3, 3]	6	6	[]	[]	8	2	[]
"[""YIL117C"", ""YNL058C""]"	Sparse	true	true	[]	[]	merged	"[""OG1927"", ""OG1927""]"	[12, 12]	0	0	1.0	[6, 6]	6	6	"[""Skud_15.154"", ""Smik_15.163"", ""Suva_15.167"", ""YOL007C""]"	[]	12	1	[]	separated	"[""RootHOG0003265"", ""RootHOG0003263""]"	[3, 4]	1	1	0.8333333333333334	[2, 3]	5	6	[]	[]	7	3	[]	separated	"[""N0.HOG0002792"", ""N0.HOG0004217""]"	[4, 4]	1	1	1.0	[3, 3]	6	6	[]	[]	8	2	[]	separated	"[""2528"", ""4072""]"	[4, 4]	1	1	1.0	[3, 3]	6	6	[]	[]	8	2	[]	separated	"[""MCL2579"", ""MCL4004""]"	[4, 4]	1	1	1.0	[3, 3]	6	6	[]	[]	8	2	[]
"[""YIL149C"", ""YKR095W""]"	High	true	true	[]	[]	merged	"[""OG0809"", ""OG0809""]"	[8, 8]	0	0	1.0	[6, 6]	6	6	[]	[]	8	1	[]	separated	"[""RootHOG0001479"", ""RootHOG0001477""]"	[3, 4]	1	1	0.8333333333333334	[2, 3]	5	6	[]	[]	7	3	[]	separated	"[""N0.HOG0002817"", ""N0.HOG0003403""]"	[4, 4]	1	1	1.0	[3, 3]	6	6	[]	[]	8	2	[]	separated	"[""2555"", ""3188""]"	[4, 4]	1	1	1.0	[3, 3]	6	6	[]	[]	8	2	[]	separated	"[""MCL2604"", ""MCL3190""]"	[4, 4]	1	1	1.0	[3, 3]	6	6	[]	[]	8	2	[]
"[""YIL151C"", ""YKR096W""]"	Low	true	true	[]	[]	merged	"[""OG0811"", ""OG0811""]"	[8, 8]	0	0	1.0	[6, 6]	6	6	[]	[]	8	1	[]	separated	"[""RootHOG0001484"", ""RootHOG0001482""]"	[3, 4]	1	1	0.8333333333333334	[2, 3]	5	6	[]	[]	7	3	[]	separated	"[""N0.HOG0002819"", ""N0.HOG0003405""]"	[4, 4]	1	1	1.0	[3, 3]	6	6	[]	[]	8	2	[]	separated	"[""2557"", ""3190""]"	[4, 4]	1	1	1.0	[3, 3]	6	6	[]	[]	8	2	[]	separated	"[""MCL2606"", ""MCL3192""]"	[4, 4]	1	1	1.0	[3, 3]	6	6	[]	[]	8	2	[]
"[""YIL156W"", ""YKR098C""]"	Sparse	true	true	[]	[]	separated	"[""OG4936"", ""OG0813""]"	[4, 4]	1	1	1.0	[3, 3]	6	6	[]	[]	8	2	[]	separated	"[""RootHOG0006726"", ""RootHOG0001487""]"	[4, 4]	1	1	1.0	[3, 3]	6	6	[]	[]	8	2	[]	separated	"[""N0.HOG0002824"", ""N0.HOG0003406""]"	[4, 4]	1	1	1.0	[3, 3]	6	6	[]	[]	8	2	[]	separated	"[""2562"", ""3192""]"	[4, 4]	1	1	1.0	[3, 3]	6	6	[]	[]	8	2	[]	separated	"[""MCL2611"", ""MCL3193""]"	[4, 4]	1	1	1.0	[3, 3]	6	6	[]	[]	8	2	[]
"[""YIR018W"", ""YOL028C""]"	Sparse	true	true	[]	[]	separated	"[""OG4996"", ""OG2119""]"	[4, 4]	1	1	1.0	[3, 3]	6	6	[]	[]	8	2	[]	separated	"[""RootHOG0006781"", ""RootHOG0003551""]"	[4, 4]	1	1	1.0	[3, 3]	6	6	[]	[]	8	2	[]	separated	"[""N0.HOG0002848"", ""N0.HOG0004521""]"	[4, 4]	1	1	1.0	[3, 3]	6	6	[]	[]	8	2	[]	separated	"[""2589"", ""4395""]"	[4, 4]	1	1	1.0	[3, 3]	6	6	[]	[]	8	2	[]	separated	"[""MCL2635"", ""MCL4308""]"	[4, 4]	1	1	1.0	[3, 3]	6	6	[]	[]	8	2	[]
"[""YIR037W"", ""YKL026C""]"	Low	true	true	[]	[]	merged	"[""OG0691"", ""OG0691""]"	[12, 12]	0	0	1.0	[6, 6]	6	6	"[""Skud_2.376"", ""Smik_2.387"", ""Suva_4.504"", ""YBR244W""]"	[]	12	1	[]	separated	"[""RootHOG0001255"", ""RootHOG0001253""]"	[4, 4]	1	1	1.0	[3, 3]	6	6	[]	[]	8	2	[]	separated	"[""N0.HOG0000391"", ""N0.HOG0003172""]"	[4, 4]	1	1	1.0	[3, 3]	6	6	[]	[]	8	2	[]	separated	"[""2605"", ""2939""]"	[4, 4]	1	1	1.0	[3, 3]	6	6	[]	[]	8	2	[]	separated	"[""MCL124"", ""MCL2959""]"	[8, 4]	1	1	1.0	[3, 3]	6	6	"[""Skud_2.376"", ""Smik_2.387"", ""Suva_4.504"", ""YBR244W""]"	[]	12	2	[]
"[""YJL045W"", ""YKL148C""]"	Low	true	true	[]	[]	merged	"[""OG0268"", ""OG0268""]"	[9, 9]	0	0	1.0	[6, 6]	6	6	"[""Smik_10.220""]"	[]	9	1	[]	separated	"[""RootHOG0000480"", ""RootHOG0000479""]"	[2, 3]	1	0	0.3333333333333333	[0, 2]	2	6	"[""Smik_10.220""]"	[]	5	4	[]	separated	"[""N0.HOG0000176"", ""N0.HOG0000334""]"	[5, 4]	1	1	1.0	[3, 3]	6	6	"[""Smik_10.220""]"	[]	9	2	[]	merged	"[""105"", ""105""]"	[7, 7]	0	0	0.8333333333333334	[5, 5]	5	6	[]	[]	7	1	"[""Smik_10.221""]"	merged	"[""MCL80"", ""MCL80""]"	[9, 9]	0	0	1.0	[6, 6]	6	6	"[""Smik_10.220""]"	[]	9	1	[]
"[""YJL079C"", ""YKR013W""]"	Sparse	true	true	[]	[]	merged	"[""OG0166"", ""OG0166""]"	[8, 8]	0	0	1.0	[6, 6]	6	6	[]	[]	8	1	[]	separated	"[""RootHOG0000316"", ""RootHOG0000317""]"	[3, 4]	1	1	0.8333333333333334	[2, 3]	5	6	[]	[]	7	3	[]	separated	"[""N0.HOG0000090"", ""N0.HOG0000316""]"	[7, 4]	1	1	1.0	[3, 3]	6	6	"[""Skud_10.173"", ""Smik_10.164"", ""YJL078C""]"	[]	11	2	[]	separated	"[""2667"", ""3114""]"	[4, 4]	1	1	1.0	[3, 3]	6	6	[]	[]	8	2	[]	merged	"[""MCL50"", ""MCL50""]"	[11, 11]	0	0	1.0	[6, 6]	6	6	"[""Skud_10.173"", ""Smik_10.164"", ""YJL078C""]"	[]	11	1	[]
"[""YJL084C"", ""YKR021W""]"	Sparse	true	true	[]	[]	merged	"[""OG0160"", ""OG0160""]"	[8, 8]	0	0	1.0	[6, 6]	6	6	[]	[]	8	1	[]	separated	"[""RootHOG0000306"", ""RootHOG0000305""]"	[3, 4]	1	1	0.8333333333333334	[2, 3]	5	6	[]	[]	7	3	[]	separated	"[""N0.HOG0002925"", ""N0.HOG0003342""]"	[4, 4]	1	1	1.0	[3, 3]	6	6	[]	[]	8	2	[]	separated	"[""2672"", ""3122""]"	[4, 4]	1	1	1.0	[3, 3]	6	6	[]	[]	8	2	[]	separated	"[""MCL2712"", ""MCL3129""]"	[4, 4]	1	1	1.0	[3, 3]	6	6	[]	[]	8	2	[]
"[""YJL098W"", ""YKR028W""]"	High	true	true	[]	[]	merged	"[""OG0146"", ""OG0146""]"	[8, 8]	0	0	1.0	[6, 6]	6	6	[]	[]	8	1	[]	separated	"[""RootHOG0000288"", ""RootHOG0000289""]"	[4, 3]	1	1	0.8333333333333334	[3, 2]	5	6	[]	[]	7	3	[]	separated	"[""N0.HOG0002938"", ""N0.HOG0003349""]"	[4, 4]	1	1	1.0	[3, 3]	6	6	[]	[]	8	2	[]	separated	"[""2685"", ""3129""]"	[4, 4]	1	1	1.0	[3, 3]	6	6	[]	[]	8	2	[]	separated	"[""MCL2725"", ""MCL3136""]"	[4, 4]	1	1	1.0	[3, 3]	6	6	[]	[]	8	2	[]
"[""YJL099W"", ""YKR027W""]"	Low	true	true	[]	[]	merged	"[""OG0145"", ""OG0145""]"	[8, 8]	0	0	1.0	[6, 6]	6	6	[]	[]	8	1	[]	separated	"[""RootHOG0000287"", ""RootHOG0000286""]"	[1, 4]	1	0	0.5	[0, 3]	3	6	[]	[]	5	3	[]	separated	"[""N0.HOG0002939"", ""N0.HOG0003348""]"	[4, 4]	1	1	1.0	[3, 3]	6	6	[]	[]	8	2	[]	separated	"[""2686"", ""3128""]"	[4, 4]	1	1	1.0	[3, 3]	6	6	[]	[]	8	2	[]	separated	"[""MCL2726"", ""MCL3135""]"	[4, 4]	1	1	1.0	[3, 3]	6	6	[]	[]	8	2	[]
"[""YJL105W"", ""YKR029C""]"	Low	true	true	[]	[]	separated	"[""OG0138"", ""OG0747""]"	[4, 4]	1	1	1.0	[3, 3]	6	6	[]	[]	8	2	[]	separated	"[""RootHOG0000274"", ""RootHOG0001356""]"	[4, 4]	1	1	1.0	[3, 3]	6	6	[]	[]	8	2	[]	separated	"[""N0.HOG0002945"", ""N0.HOG0003350""]"	[4, 4]	1	1	1.0	[3, 3]	6	6	[]	[]	8	2	[]	separated	"[""2692"", ""3130""]"	[4, 4]	1	1	1.0	[3, 3]	6	6	[]	[]	8	2	[]	separated	"[""MCL2732"", ""MCL3137""]"	[4, 4]	1	1	1.0	[3, 3]	6	6	[]	[]	8	2	[]
"[""YJL110C"", ""YKR034W""]"	Sparse	true	true	[]	[]	merged	"[""OG0134"", ""OG0134""]"	[8, 8]	0	0	1.0	[6, 6]	6	6	[]	[]	8	1	[]	separated	"[""RootHOG0000268"", ""RootHOG0000269""]"	[4, 3]	1	1	0.8333333333333334	[3, 2]	5	6	[]	[]	7	3	[]	separated	"[""N0.HOG0002948"", ""N0.HOG0003353""]"	[4, 4]	1	1	1.0	[3, 3]	6	6	[]	[]	8	2	[]	separated	"[""2696"", ""3133""]"	[4, 4]	1	1	1.0	[3, 3]	6	6	[]	[]	8	2	[]	separated	"[""MCL2735"", ""MCL3140""]"	[4, 4]	1	1	1.0	[3, 3]	6	6	[]	[]	8	2	[]
"[""YJL112W"", ""YKR036C""]"	High	true	true	[]	[]	merged	"[""OG0132"", ""OG0132""]"	[8, 8]	0	0	1.0	[6, 6]	6	6	[]	[]	8	1	[]	separated	"[""RootHOG0000255"", ""RootHOG0000257""]"	[4, 1]	1	0	0.5	[3, 0]	3	6	[]	[]	5	3	[]	separated	"[""N0.HOG0002950"", ""N0.HOG0003355""]"	[4, 4]	1	1	1.0	[3, 3]	6	6	[]	[]	8	2	[]	separated	"[""2698"", ""3135""]"	[4, 4]	1	1	1.0	[3, 3]	6	6	[]	[]	8	2	[]	separated	"[""MCL2737"", ""MCL3142""]"	[4, 4]	1	1	1.0	[3, 3]	6	6	[]	[]	8	2	[]
"[""YJL116C"", ""YKR042W""]"	Low	true	true	[]	[]	merged	"[""OG0582"", ""OG0582""]"	[16, 16]	0	0	1.0	[6, 6]	6	6	"[""Skud_14.266"", ""Skud_9.45"", ""Smik_14.261"", ""Smik_9.46"", ""Suva_14.275"", ""Suva_9.68"", ""YIL123W"", ""YNL066W""]"	[]	16	1	[]	separated	"[""RootHOG0001023"", ""RootHOG0001024""]"	[4, 4]	1	1	1.0	[3, 3]	6	6	[]	[]	8	2	[]	separated	"[""N0.HOG0000282"", ""N0.HOG0000281""]"	[4, 4]	1	1	1.0	[3, 3]	6	6	[]	[]	8	2	[]	separated	"[""2700"", ""3140""]"	[4, 4]	1	1	1.0	[3, 3]	6	6	[]	[]	8	2	[]	merged	"[""MCL21"", ""MCL21""]"	[16, 16]	0	0	1.0	[6, 6]	6	6	"[""Skud_14.266"", ""Skud_9.45"", ""Smik_14.261"", ""Smik_9.46"", ""Suva_14.275"", ""Suva_9.68"", ""YIL123W"", ""YNL066W""]"	[]	16	1	[]
"[""YJL133W"", ""YKR052C""]"	High	true	true	[]	[]	merged	"[""OG0565"", ""OG0565""]"	[8, 8]	0	0	1.0	[6, 6]	6	6	[]	[]	8	1	[]	separated	"[""RootHOG0001001"", ""RootHOG0001004""]"	[4, 1]	1	0	0.5	[3, 0]	3	6	[]	[]	5	3	[]	separated	"[""N0.HOG0000549"", ""N0.HOG0000550""]"	[4, 4]	1	1	1.0	[3, 3]	6	6	[]	[]	8	2	[]	separated	"[""2716"", ""3149""]"	[4, 4]	1	1	1.0	[3, 3]	6	6	[]	[]	8	2	[]	merged	"[""MCL222"", ""MCL222""]"	[8, 8]	0	0	1.0	[6, 6]	6	6	[]	[]	8	1	[]
"[""YJL134W"", ""YKR053C""]"	Low	true	true	[]	[]	merged	"[""OG0563"", ""OG0563""]"	[8, 8]	0	0	1.0	[6, 6]	6	6	[]	[]	8	1	[]	separated	"[""RootHOG0000997"", ""RootHOG0000998""]"	[3, 4]	1	1	0.8333333333333334	[2, 3]	5	6	[]	[]	7	3	[]	separated	"[""N0.HOG0002968"", ""N0.HOG0003367""]"	[4, 4]	1	1	1.0	[3, 3]	6	6	[]	[]	8	2	[]	separated	"[""2717"", ""3150""]"	[4, 4]	1	1	1.0	[3, 3]	6	6	[]	[]	8	2	[]	separated	"[""MCL2755"", ""MCL3154""]"	[4, 4]	1	1	1.0	[3, 3]	6	6	[]	[]	8	2	[]
"[""YJL137C"", ""YKR058W""]"	Low	true	true	[]	[]	merged	"[""OG0560"", ""OG0560""]"	[9, 9]	0	0	1.0	[6, 6]	6	6	"[""Suva_11.293""]"	[]	9	1	[]	separated	"[""RootHOG0000989"", ""RootHOG0000990""]"	[3, 4]	1	1	0.6666666666666666	[2, 2]	4	6	"[""Suva_11.293""]"	[]	7	4	[]	separated	"[""N0.HOG0002969"", ""N0.HOG0003371""]"	[4, 4]	1	1	1.0	[3, 3]	6	6	[]	[]	8	2	[]	separated	"[""2718"", ""3154""]"	[4, 4]	1	1	1.0	[3, 3]	6	6	[]	[]	8	2	[]	separated	"[""MCL2756"", ""MCL3158""]"	[4, 4]	1	1	1.0	[3, 3]	6	6	[]	[]	8	2	[]
"[""YJL139C"", ""YKR061W""]"	High	true	true	[]	[]	merged	"[""OG0558"", ""OG0558""]"	[16, 16]	0	0	1.0	[6, 6]	6	6	"[""Skud_14.300"", ""Skud_9.88"", ""Smik_14.301"", ""Smik_9.99"", ""Suva_14.317"", ""Suva_9.114"", ""YIL085C"", ""YNL029C""]"	[]	16	1	[]	separated	"[""RootHOG0000981"", ""RootHOG0000982""]"	[3, 4]	1	1	0.8333333333333334	[2, 3]	5	6	[]	[]	7	3	[]	separated	"[""N0.HOG0000552"", ""N0.HOG0000551""]"	[4, 4]	1	1	1.0	[3, 3]	6	6	[]	[]	8	2	[]	separated	"[""2719"", ""3156""]"	[4, 4]	1	1	1.0	[3, 3]	6	6	[]	[]	8	2	[]	merged	"[""MCL224"", ""MCL224""]"	[8, 8]	0	0	1.0	[6, 6]	6	6	[]	[]	8	1	[]
"[""YJL164C"", ""YKL166C""]"	Low	true	true	[]	[]	merged	"[""OG0536"", ""OG0536""]"	[13, 13]	0	0	1.0	[6, 6]	6	6	"[""Skud_16.76"", ""Smik_6.408"", ""Suva_16.104"", ""Suva_2.11"", ""YPL203W""]"	[]	13	1	[]	separated	"[""RootHOG0000925"", ""RootHOG0000930""]"	[4, 1]	1	0	0.5	[3, 0]	3	6	[]	[]	5	4	[]	separated	"[""N0.HOG0000308"", ""N0.HOG0000307""]"	[4, 4]	1	1	1.0	[3, 3]	6	6	[]	[]	8	2	[]	separated	"[""2740"", ""3055""]"	[4, 4]	1	1	1.0	[3, 3]	6	6	[]	[]	8	2	[]	merged	"[""MCL43"", ""MCL43""]"	[12, 12]	0	0	1.0	[6, 6]	6	6	"[""Skud_16.76"", ""Smik_6.408"", ""Suva_16.104"", ""YPL203W""]"	[]	12	1	[]
"[""YJL165C"", ""YKL168C""]"	Low	true	true	[]	[]	merged	"[""OG0534"", ""OG0534""]"	[8, 8]	0	0	1.0	[6, 6]	6	6	[]	[]	8	1	[]	separated	"[""RootHOG0000919"", ""RootHOG0000920""]"	[3, 4]	1	1	0.8333333333333334	[2, 3]	5	6	[]	[]	7	3	[]	separated	"[""N0.HOG0002987"", ""N0.HOG0003283""]"	[4, 4]	1	1	1.0	[3, 3]	6	6	[]	[]	8	2	[]	separated	"[""2741"", ""3057""]"	[4, 4]	1	1	1.0	[3, 3]	6	6	[]	[]	8	2	[]	separated	"[""MCL2774"", ""MCL3070""]"	[4, 4]	1	1	1.0	[3, 3]	6	6	[]	[]	8	2	[]
"[""YJL181W"", ""YJR030C""]"	Sparse	true	true	[]	[]	merged	"[""OG0388"", ""OG0388""]"	[8, 8]	0	0	1.0	[6, 6]	6	6	[]	[]	8	1	[]	separated	"[""RootHOG0000628"", ""RootHOG0000625""]"	[1, 4]	1	0	0.5	[0, 3]	3	6	[]	[]	5	4	[]	separated	"[""N0.HOG0003000"", ""N0.HOG0003045""]"	[4, 4]	1	1	1.0	[3, 3]	6	6	[]	[]	8	2	[]	separated	"[""2754"", ""2802""]"	[4, 4]	1	1	1.0	[3, 3]	6	6	[]	[]	8	2	[]	separated	"[""MCL2787"", ""MCL2832""]"	[4, 4]	1	1	1.0	[3, 3]	6	6	[]	[]	8	2	[]
"[""YJR054W"", ""YML047C""]"	Sparse	true	true	[]	[]	merged	"[""OG0413"", ""OG0413""]"	[8, 8]	0	0	1.0	[6, 6]	6	6	[]	[]	8	1	[]	separated	"[""RootHOG0000680"", ""RootHOG0000682""]"	[4, 1]	1	0	0.5	[3, 0]	3	6	[]	[]	5	3	[]	separated	"[""N0.HOG0003062"", ""N0.HOG0003839""]"	[4, 4]	1	1	1.0	[3, 3]	6	6	[]	[]	8	2	[]	separated	"[""2824"", ""3663""]"	[4, 4]	1	1	1.0	[3, 3]	6	6	[]	[]	8	2	[]	separated	"[""MCL2849"", ""MCL3626""]"	[4, 4]	1	1	1.0	[3, 3]	6	6	[]	[]	8	2	[]
"[""YJR091C"", ""YPR042C""]"	High	true	true	[]	[]	merged	"[""OG0451"", ""OG0451""]"	[8, 8]	0	0	1.0	[6, 6]	6	6	[]	[]	8	1	[]	separated	"[""RootHOG0000327"", ""RootHOG0000329""]"	[4, 4]	1	1	1.0	[3, 3]	6	6	[]	[]	8	2	[]	separated	"[""N0.HOG0003094"", ""N0.HOG0005184""]"	[4, 4]	1	1	1.0	[3, 3]	6	6	[]	[]	8	2	[]	separated	"[""2857"", ""5110""]"	[4, 4]	1	1	1.0	[3, 3]	6	6	[]	[]	8	2	[]	separated	"[""MCL2881"", ""MCL4971""]"	[4, 4]	1	1	1.0	[3, 3]	6	6	[]	[]	8	2	[]
"[""YJR127C"", ""YML081W""]"	High	true	true	[]	[]	merged	"[""OG0491"", ""OG0491""]"	[9, 9]	0	0	1.0	[6, 6]	6	6	"[""Suva_13.71""]"	[]	9	1	[]	separated	"[""RootHOG0000832"", ""RootHOG0000833""]"	[4, 5]	1	1	1.0	[3, 3]	6	6	"[""Suva_13.71""]"	[]	9	2	[]	separated	"[""N0.HOG0003128"", ""N0.HOG0003868""]"	[4, 4]	1	1	0.8333333333333334	[3, 2]	5	6	"[""Suva_13.71""]"	[]	8	2	"[""Suva_13.70""]"	separated	"[""2892"", ""3696""]"	[4, 4]	1	1	1.0	[3, 3]	6	6	[]	[]	8	2	[]	separated	"[""MCL2915"", ""MCL3655""]"	[4, 4]	1	1	0.8333333333333334	[3, 2]	5	6	"[""Suva_13.71""]"	[]	8	3	[]
"[""YJR130C"", ""YML082W""]"	Low	true	true	[]	[]	merged	"[""OG0493"", ""OG0493""]"	[12, 12]	0	0	1.0	[6, 6]	6	6	"[""Skud_12.10"", ""Smik_12.3"", ""Suva_10.8"", ""YLL058W""]"	[]	12	1	[]	separated	"[""RootHOG0000841"", ""RootHOG0000840""]"	[3, 4]	1	1	0.8333333333333334	[2, 3]	5	6	[]	[]	7	3	[]	separated	"[""N0.HOG0003130"", ""N0.HOG0003869""]"	[4, 4]	1	1	1.0	[3, 3]	6	6	[]	[]	8	2	[]	separated	"[""2894"", ""3697""]"	[4, 4]	1	1	1.0	[3, 3]	6	6	[]	[]	8	2	[]	separated	"[""MCL2917"", ""MCL3656""]"	[4, 4]	1	1	1.0	[3, 3]	6	6	[]	[]	8	2	[]
"[""YKL050C"", ""YMR031C""]"	High	true	true	[]	[]	merged	"[""OG0666"", ""OG0666""]"	[8, 8]	0	0	1.0	[6, 6]	6	6	[]	[]	8	1	[]	separated	"[""RootHOG0001207"", ""RootHOG0001208""]"	[4, 3]	1	1	0.8333333333333334	[3, 2]	5	6	[]	[]	7	3	[]	separated	"[""N0.HOG0003192"", ""N0.HOG0003936""]"	[4, 4]	1	1	1.0	[3, 3]	6	6	[]	[]	8	2	[]	separated	"[""2958"", ""3767""]"	[4, 4]	1	1	1.0	[3, 3]	6	6	[]	[]	8	2	[]	separated	"[""MCL2979"", ""MCL3723""]"	[4, 4]	1	1	1.0	[3, 3]	6	6	[]	[]	8	2	[]
"[""YKL062W"", ""YMR037C""]"	Low	true	true	[]	[]	merged	"[""OG0653"", ""OG0653""]"	[8, 8]	0	0	1.0	[6, 6]	6	6	[]	[]	8	1	[]	separated	"[""RootHOG0001192"", ""RootHOG0001194""]"	[4, 1]	1	0	0.5	[3, 0]	3	6	[]	[]	5	3	[]	separated	"[""N0.HOG0003204"", ""N0.HOG0003942""]"	[4, 4]	1	1	1.0	[3, 3]	6	6	[]	[]	8	2	[]	separated	"[""2970"", ""3773""]"	[4, 4]	1	1	1.0	[3, 3]	6	6	[]	[]	8	2	[]	separated	"[""MCL2991"", ""MCL3729""]"	[4, 4]	1	1	1.0	[3, 3]	6	6	[]	[]	8	2	[]
"[""YKL065C"", ""YMR040W""]"	Low	true	true	[]	[]	merged	"[""OG0650"", ""OG0650""]"	[8, 8]	0	0	1.0	[6, 6]	6	6	[]	[]	8	1	[]	separated	"[""RootHOG0001186"", ""RootHOG0001187""]"	[4, 4]	1	1	1.0	[3, 3]	6	6	[]	[]	8	2	[]	separated	"[""N0.HOG0003207"", ""N0.HOG0003945""]"	[4, 4]	1	1	1.0	[3, 3]	6	6	[]	[]	8	2	[]	separated	"[""2973"", ""3776""]"	[4, 4]	1	1	1.0	[3, 3]	6	6	[]	[]	8	2	[]	separated	"[""MCL2994"", ""MCL3732""]"	[4, 4]	1	1	1.0	[3, 3]	6	6	[]	[]	8	2	[]
"[""YKL072W"", ""YMR053C""]"	High	true	true	[]	[]	merged	"[""OG0643"", ""OG0643""]"	[8, 8]	0	0	1.0	[6, 6]	6	6	[]	[]	8	1	[]	separated	"[""RootHOG0001176"", ""RootHOG0001175""]"	[3, 4]	1	1	0.8333333333333334	[2, 3]	5	6	[]	[]	7	3	[]	separated	"[""N0.HOG0003213"", ""N0.HOG0003954""]"	[4, 4]	1	1	1.0	[3, 3]	6	6	[]	[]	8	2	[]	separated	"[""2979"", ""3785""]"	[4, 4]	1	1	1.0	[3, 3]	6	6	[]	[]	8	2	[]	separated	"[""MCL3000"", ""MCL3741""]"	[4, 4]	1	1	1.0	[3, 3]	6	6	[]	[]	8	2	[]
"[""YKL093W"", ""YMR081C""]"	Sparse	true	true	[]	[]	separated	"[""OG0623"", ""OG1468""]"	[4, 4]	1	1	1.0	[3, 3]	6	6	[]	[]	8	2	[]	separated	"[""RootHOG0001127"", ""RootHOG0002571""]"	[4, 4]	1	1	1.0	[3, 3]	6	6	[]	[]	8	2	[]	separated	"[""N0.HOG0003230"", ""N0.HOG0003980""]"	[4, 4]	1	1	1.0	[3, 3]	6	6	[]	[]	8	2	[]	separated	"[""2998"", ""3812""]"	[4, 4]	1	1	1.0	[3, 3]	6	6	[]	[]	8	2	[]	separated	"[""MCL3017"", ""MCL3767""]"	[4, 4]	1	1	1.0	[3, 3]	6	6	[]	[]	8	2	[]
"[""YKL105C"", ""YMR086W""]"	Low	true	true	[]	[]	separated	"[""OG0610"", ""OG1472""]"	[4, 4]	1	1	1.0	[3, 3]	6	6	[]	[]	8	2	[]	separated	"[""RootHOG0001112"", ""RootHOG0002587""]"	[4, 4]	1	1	1.0	[3, 3]	6	6	[]	[]	8	2	[]	separated	"[""N0.HOG0003238"", ""N0.HOG0003981""]"	[4, 4]	1	1	1.0	[3, 3]	6	6	[]	[]	8	2	[]	separated	"[""3007"", ""3814""]"	[4, 4]	1	1	1.0	[3, 3]	6	6	[]	[]	8	2	[]	separated	"[""MCL3025"", ""MCL3768""]"	[4, 4]	1	1	1.0	[3, 3]	6	6	[]	[]	8	2	[]
"[""YKL121W"", ""YMR102C""]"	Low	true	true	[]	[]	merged	"[""OG0595"", ""OG0595""]"	[8, 8]	0	0	1.0	[6, 6]	6	6	[]	[]	8	1	[]	separated	"[""RootHOG0001082"", ""RootHOG0001083""]"	[4, 3]	1	1	0.8333333333333334	[3, 2]	5	6	[]	[]	7	3	[]	separated	"[""N0.HOG0003251"", ""N0.HOG0003995""]"	[4, 4]	1	1	1.0	[3, 3]	6	6	[]	[]	8	2	[]	separated	"[""3020"", ""3826""]"	[4, 4]	1	1	1.0	[3, 3]	6	6	[]	[]	8	2	[]	separated	"[""MCL3038"", ""MCL3782""]"	[4, 4]	1	1	1.0	[3, 3]	6	6	[]	[]	8	2	[]
"[""YKL133C"", ""YMR115W""]"	Low	true	true	[]	[]	separated	"[""OG0871"", ""OG1497""]"	[4, 4]	1	1	1.0	[3, 3]	6	6	[]	[]	8	2	[]	separated	"[""RootHOG0001604"", ""RootHOG0002635""]"	[4, 4]	1	1	1.0	[3, 3]	6	6	[]	[]	8	2	[]	separated	"[""N0.HOG0003258"", ""N0.HOG0004004""]"	[4, 4]	1	1	1.0	[3, 3]	6	6	[]	[]	8	2	[]	separated	"[""3030"", ""3838""]"	[4, 4]	1	1	1.0	[3, 3]	6	6	[]	[]	8	2	[]	separated	"[""MCL3045"", ""MCL3791""]"	[4, 4]	1	1	1.0	[3, 3]	6	6	[]	[]	8	2	[]
"[""YKL187C"", ""YLR413W""]"	Low	true	true	[]	[]	merged	"[""OG0822"", ""OG0822""]"	[8, 8]	0	0	1.0	[6, 6]	6	6	[]	[]	8	1	[]	separated	"[""RootHOG0001508"", ""RootHOG0001509""]"	[3, 4]	1	1	0.8333333333333334	[2, 3]	5	6	[]	[]	7	3	[]	separated	"[""N0.HOG0003298"", ""N0.HOG0003769""]"	[4, 4]	1	1	1.0	[3, 3]	6	6	[]	[]	8	2	[]	separated	"[""3073"", ""3588""]"	[4, 4]	1	1	1.0	[3, 3]	6	6	[]	[]	8	2	[]	separated	"[""MCL3085"", ""MCL3556""]"	[4, 4]	1	1	1.0	[3, 3]	6	6	[]	[]	8	2	[]
"[""YKL220C"", ""YLL051C""]"	Low	true	false	[]	"[{""lines"": [8874, 6187], ""reason"": ""anchors_in_different_pillars""}]"	merged	"[""OG0962"", ""OG0962""]"	[15, 15]	0								15			separated	"[""RootHOG0001776"", ""RootHOG0001771""]"	[2, 4]	1								6			separated	"[""N0.HOG0005315"", ""N0.HOG0003446""]"	[3, 4]	1								7			separated	"[""5363"", ""3238""]"	[2, 4]	1								6			separated	"[""MCL51"", ""MCL3233""]"	[11, 4]	1								15		
"[""YKR077W"", ""YOR066W""]"	Low	true	true	[]	[]	separated	"[""OG0788"", ""OG2213""]"	[4, 4]	1	1	1.0	[3, 3]	6	6	[]	[]	8	2	[]	separated	"[""RootHOG0001441"", ""RootHOG0003668""]"	[4, 4]	1	1	1.0	[3, 3]	6	6	[]	[]	8	2	[]	separated	"[""N0.HOG0003386"", ""N0.HOG0004673""]"	[4, 4]	1	1	1.0	[3, 3]	6	6	[]	[]	8	2	[]	separated	"[""3171"", ""4556""]"	[4, 4]	1	1	1.0	[3, 3]	6	6	[]	[]	8	2	[]	separated	"[""MCL3173"", ""MCL4460""]"	[4, 4]	1	1	1.0	[3, 3]	6	6	[]	[]	8	2	[]
"[""YKR078W"", ""YOR069W""]"	Low	true	true	[]	[]	separated	"[""OG0789"", ""OG2215""]"	[4, 4]	1	1	1.0	[3, 3]	6	6	[]	[]	8	2	[]	separated	"[""RootHOG0001442"", ""RootHOG0003670""]"	[4, 4]	1	1	1.0	[3, 3]	6	6	[]	[]	8	2	[]	separated	"[""N0.HOG0003387"", ""N0.HOG0004675""]"	[4, 4]	1	1	1.0	[3, 3]	6	6	[]	[]	8	2	[]	separated	"[""3172"", ""4558""]"	[4, 4]	1	1	1.0	[3, 3]	6	6	[]	[]	8	2	[]	separated	"[""MCL3174"", ""MCL4462""]"	[4, 4]	1	1	1.0	[3, 3]	6	6	[]	[]	8	2	[]
"[""YKR084C"", ""YOR076C""]"	Low	true	true	[]	[]	separated	"[""OG0796"", ""OG2221""]"	[8, 3]	1	1	0.8333333333333334	[3, 2]	5	6	"[""Skud_4.436"", ""Smik_4.420"", ""Suva_2.338"", ""YDR172W""]"	[]	11	3	[]	separated	"[""RootHOG0001449"", ""RootHOG0001450""]"	[4, 2]	1	1	0.6666666666666666	[3, 1]	4	6	[]	[]	6	4	[]	separated	"[""N0.HOG0003393"", ""N0.HOG0004680""]"	[4, 4]	1	1	1.0	[3, 3]	6	6	[]	[]	8	2	[]	separated	"[""3178"", ""4563""]"	[4, 4]	1	1	1.0	[3, 3]	6	6	[]	[]	8	2	[]	separated	"[""MCL3180"", ""MCL4467""]"	[4, 4]	1	1	1.0	[3, 3]	6	6	[]	[]	8	2	[]
"[""YKR091W"", ""YOR083W""]"	High	true	true	[]	[]	separated	"[""OG0803"", ""OG2227""]"	[4, 4]	1	1	1.0	[3, 3]	6	6	[]	[]	8	2	[]	separated	"[""RootHOG0001459"", ""RootHOG0003681""]"	[4, 4]	1	1	1.0	[3, 3]	6	6	[]	[]	8	2	[]	separated	"[""N0.HOG0003400"", ""N0.HOG0004686""]"	[4, 4]	1	1	1.0	[3, 3]	6	6	[]	[]	8	2	[]	separated	"[""3185"", ""5295""]"	[4, 3]	1	1	0.8333333333333334	[3, 2]	5	6	[]	[]	7	2	"[""Suva_8.131""]"	separated	"[""MCL3187"", ""MCL4473""]"	[4, 4]	1	1	1.0	[3, 3]	6	6	[]	[]	8	2	[]
"[""YLL012W"", ""YLR020C""]"	High	true	true	[]	[]	merged	"[""OG1295"", ""OG1295""]"	[8, 8]	0	0	1.0	[6, 6]	6	6	[]	[]	8	1	[]	separated	"[""RootHOG0002325"", ""RootHOG0002326""]"	[3, 4]	1	1	0.8333333333333334	[2, 3]	5	6	[]	[]	7	3	[]	separated	"[""N0.HOG0003420"", ""N0.HOG0003469""]"	[4, 4]	1	1	1.0	[3, 3]	6	6	[]	[]	8	2	[]	separated	"[""3208"", ""3263""]"	[4, 4]	1	1	1.0	[3, 3]	6	6	[]	[]	8	2	[]	separated	"[""MCL3207"", ""MCL3256""]"	[4, 4]	1	1	1.0	[3, 3]	6	6	[]	[]	8	2	[]
"[""YLL061W"", ""YPL274W""]"	High	true	false	[]	"[{""lines"": [8872, 6130], ""reason"": ""anchors_in_different_pillars""}]"	merged	"[""OG5461"", ""OG5461""]"	[6, 6]	0								6			separated	"[""RootHOG0004289"", ""RootHOG0004287""]"	[3, 4]	1								7			separated	"[""N0.HOG0005319"", ""N0.HOG0000182""]"	[3, 5]	1								8			merged	"[""42"", ""42""]"	[8, 8]	0								8			merged	"[""MCL232"", ""MCL232""]"	[8, 8]	0								8		
"[""YLL062C"", ""YPL273W""]"	Sparse	true	false	[]	"[{""lines"": [2425, 10207], ""reason"": ""anchors_in_different_pillars""}]"	merged	"[""OG1163"", ""OG1163""]"	[11, 11]	0								11			separated	"[""RootHOG0002099"", ""RootHOG0002100""]"	[3, 7]	1								10			separated	"[""N0.HOG0000319"", ""N0.HOG0000091""]"	[4, 7]	1								11			merged	"[""23"", ""23""]"	[9, 9]	0								9			merged	"[""MCL52"", ""MCL52""]"	[11, 11]	0								11		
"[""YLR031W"", ""YMR124W""]"	Low	true	true	[]	[]	separated	"[""OG1335"", ""OG1504""]"	[4, 4]	1	1	1.0	[3, 3]	6	6	[]	[]	8	2	[]	separated	"[""RootHOG0002378"", ""RootHOG0002642""]"	[4, 4]	1	1	1.0	[3, 3]	6	6	[]	[]	8	2	[]	separated	"[""N0.HOG0003477"", ""N0.HOG0004010""]"	[4, 4]	1	1	1.0	[3, 3]	6	6	[]	[]	8	2	[]	separated	"[""3272"", ""3846""]"	[4, 4]	1	1	1.0	[3, 3]	6	6	[]	[]	8	2	[]	separated	"[""MCL3264"", ""MCL3797""]"	[4, 4]	1	1	1.0	[3, 3]	6	6	[]	[]	8	2	[]
"[""YLR174W"", ""YNL009W""]"	Low	true	true	[]	[]	merged	"[""OG1008"", ""OG1008""]"	[12, 12]	0	0	1.0	[6, 6]	6	6	"[""Skud_4.189"", ""Smik_4.169"", ""Suva_4.184"", ""YDL066W""]"	[]	12	1	[]	separated	"[""RootHOG0001857"", ""RootHOG0001858""]"	[4, 4]	1	1	1.0	[3, 3]	6	6	[]	[]	8	2	[]	separated	"[""N0.HOG0000298"", ""N0.HOG0000297""]"	[4, 4]	1	1	1.0	[3, 3]	6	6	[]	[]	8	2	[]	separated	"[""3391"", ""4034""]"	[4, 4]	1	1	1.0	[3, 3]	6	6	[]	[]	8	2	[]	merged	"[""MCL38"", ""MCL38""]"	[12, 12]	0	0	1.0	[6, 6]	6	6	"[""Skud_4.189"", ""Smik_4.169"", ""Suva_4.184"", ""YDL066W""]"	[]	12	1	[]
"[""YLR187W"", ""YNL278W""]"	Low	true	true	[]	[]	merged	"[""OG1023"", ""OG1023""]"	[8, 8]	0	0	1.0	[6, 6]	6	6	[]	[]	8	1	[]	separated	"[""RootHOG0001884"", ""RootHOG0001883""]"	[3, 4]	1	1	0.8333333333333334	[2, 3]	5	6	[]	[]	7	3	[]	separated	"[""N0.HOG0003594"", ""N0.HOG0004399""]"	[4, 4]	1	1	1.0	[3, 3]	6	6	[]	[]	8	2	[]	separated	"[""3402"", ""4264""]"	[4, 4]	1	1	1.0	[3, 3]	6	6	[]	[]	8	2	[]	separated	"[""MCL3381"", ""MCL4186""]"	[4, 4]	1	1	1.0	[3, 3]	6	6	[]	[]	8	2	[]
"[""YLR266C"", ""YOR172W""]"	Low	true	false	[]	"[{""lines"": [7771, 2380], ""reason"": ""anchors_in_different_pillars""}]"	merged	"[""OG1113"", ""OG1113""]"	[13, 13]	0								13			separated	"[""RootHOG0002010"", ""RootHOG0002012""]"	[4, 3]	1								7			separated	"[""N0.HOG0003657"", ""N0.HOG0000250""]"	[4, 5]	1								9			separated	"[""3468"", ""4645""]"	[4, 4]	1								8			separated	"[""MCL3444"", ""MCL403""]"	[4, 5]	1								9		
"[""YLR270W"", ""YOR173W""]"	Low	true	true	[]	[]	merged	"[""OG1119"", ""OG1119""]"	[8, 8]	0	0	1.0	[6, 6]	6	6	[]	[]	8	1	[]	separated	"[""RootHOG0002025"", ""RootHOG0002024""]"	[3, 4]	1	1	0.8333333333333334	[2, 3]	5	6	[]	[]	7	3	[]	separated	"[""N0.HOG0000570"", ""N0.HOG0000569""]"	[4, 4]	1	1	1.0	[3, 3]	6	6	[]	[]	8	2	[]	separated	"[""3471"", ""4646""]"	[4, 4]	1	1	1.0	[3, 3]	6	6	[]	[]	8	2	[]	merged	"[""MCL236"", ""MCL236""]"	[8, 8]	0	0	1.0	[6, 6]	6	6	[]	[]	8	1	[]
"[""YLR284C"", ""YOR180C""]"	Low	true	false	[]	"[{""lines"": [7877, 1095], ""reason"": ""anchors_in_different_pillars""}]"	merged	"[""OG1132"", ""OG1132""]"	[8, 8]	0								8			separated	"[""RootHOG0002038"", ""RootHOG0002039""]"	[3, 4]	1								7			separated	"[""N0.HOG0003670"", ""N0.HOG0004761""]"	[4, 4]	1								8			separated	"[""3482"", ""4653""]"	[4, 4]	1								8			separated	"[""MCL3457"", ""MCL4548""]"	[4, 4]	1								8		
"[""YLR432W"", ""YML056C""]"	High	true	true	[]	[]	merged	"[""OG0877"", ""OG0877""]"	[17, 17]	0	0	1.0	[6, 6]	6	6	"[""Skud_117.1"", ""Skud_13.90"", ""Skud_4.815"", ""Smik_13.90"", ""Smik_77.1"", ""Suva_13.103"", ""YAR073W"", ""YAR075W"", ""YHR216W""]"	[]	17	1	[]	separated	"[""RootHOG0001624"", ""RootHOG0001618""]"	[1, 3]	1	0	0.0	[0, 0]	0	6	"[""Skud_13.90"", ""Suva_13.103""]"	[]	4	5	[]	incomplete_assignment	"[""N0.HOG0000026"", null]"	[10, 0]	0	0	0.5	[3, 0]	3	6	"[""Skud_117.1"", ""Skud_4.814"", ""Smik_77.1"", ""YAR073W"", ""YAR075W"", ""YHR216W""]"	[]	10	2	"[""YML056C""]"	merged	"[""13"", ""13""]"	[10, 10]	0	0	0.8333333333333334	[5, 5]	5	6	"[""Suva_13.103"", ""YAR075W"", ""YHR216W""]"	[]	10	1	"[""Skud_13.89""]"	merged	"[""MCL16"", ""MCL16""]"	[18, 18]	0	0	1.0	[6, 6]	6	6	"[""Skud_117.1"", ""Skud_13.90"", ""Skud_4.814"", ""Skud_4.815"", ""Smik_13.90"", ""Smik_77.1"", ""Suva_13.103"", ""YAR073W"", ""YAR075W"", ""YHR216W""]"	[]	18	1	[]
"[""YLR456W"", ""YPR172W""]"	Sparse	true	true	[]	[]	merged	"[""OG1297"", ""OG1297""]"	[8, 8]	0	0	1.0	[6, 6]	6	6	[]	[]	8	1	[]	separated	"[""RootHOG0002332"", ""RootHOG0002330""]"	[1, 4]	1	0	0.5	[0, 3]	3	6	[]	[]	5	4	[]	separated	"[""N0.HOG0003801"", ""N0.HOG0005283""]"	[4, 4]	1	1	1.0	[3, 3]	6	6	[]	[]	8	2	[]	separated	"[""3624"", ""5216""]"	[4, 4]	1	1	1.0	[3, 3]	6	6	[]	[]	8	2	[]	separated	"[""MCL3588"", ""MCL5070""]"	[4, 4]	1	1	1.0	[3, 3]	6	6	[]	[]	8	2	[]
"[""YML100W"", ""YMR261C""]"	Low	true	true	[]	[]	merged	"[""OG1637"", ""OG1637""]"	[9, 9]	0	0	1.0	[6, 6]	6	6	"[""Suva_13.47""]"	[]	9	1	[]	separated	"[""RootHOG0002834"", ""RootHOG0002835""]"	[5, 4]	1	1	1.0	[3, 3]	6	6	"[""Suva_13.47""]"	[]	9	2	[]	separated	"[""N0.HOG0000179"", ""N0.HOG0000337""]"	[5, 4]	1	1	1.0	[3, 3]	6	6	"[""Suva_13.47""]"	[]	9	2	[]	separated	"[""180"", ""3971""]"	[5, 4]	1	1	1.0	[3, 3]	6	6	"[""Suva_13.47""]"	[]	9	2	[]	merged	"[""MCL85"", ""MCL85""]"	[9, 9]	0	0	1.0	[6, 6]	6	6	"[""Suva_13.47""]"	[]	9	1	[]
"[""YML111W"", ""YMR275C""]"	High	true	true	[]	[]	merged	"[""OG1521"", ""OG1521""]"	[8, 8]	0	0	1.0	[6, 6]	6	6	[]	[]	8	1	[]	separated	"[""RootHOG0002670"", ""RootHOG0002671""]"	[4, 3]	1	1	0.8333333333333334	[3, 2]	5	6	[]	[]	7	3	[]	separated	"[""N0.HOG0003892"", ""N0.HOG0000241""]"	[4, 5]	1	1	1.0	[3, 3]	6	6	"[""YNR069C""]"	[]	9	2	[]	separated	"[""3721"", ""184""]"	[4, 5]	1	1	1.0	[3, 3]	6	6	"[""YNR069C""]"	[]	9	2	[]	separated	"[""MCL3679"", ""MCL394""]"	[4, 5]	1	1	1.0	[3, 3]	6	6	"[""YNR069C""]"	[]	9	2	[]
"[""YML116W"", ""YMR279C""]"	Sparse	true	true	[]	[]	merged	"[""OG1480"", ""OG1480""]"	[12, 12]	0	0	1.0	[6, 6]	6	6	"[""Skud_15.545"", ""Smik_15.560"", ""Suva_8.435"", ""YOR378W""]"	[]	12	1	[]	separated	"[""RootHOG0002605"", ""RootHOG0002606""]"	[4, 3]	1	1	0.8333333333333334	[3, 2]	5	6	[]	[]	7	3	[]	separated	"[""N0.HOG0000583"", ""N0.HOG0000584""]"	[4, 4]	1	1	1.0	[3, 3]	6	6	[]	[]	8	2	[]	separated	"[""3726"", ""3987""]"	[4, 4]	1	1	1.0	[3, 3]	6	6	[]	[]	8	2	[]	merged	"[""MCL243"", ""MCL243""]"	[8, 8]	0	0	1.0	[6, 6]	6	6	[]	[]	8	1	[]
"[""YML118W"", ""YMR285C""]"	Sparse	true	true	[]	[]	merged	"[""OG1460"", ""OG1460""]"	[8, 8]	0	0	1.0	[6, 6]	6	6	[]	[]	8	1	[]	separated	"[""RootHOG0002563"", ""RootHOG0002562""]"	[3, 4]	1	1	0.8333333333333334	[2, 3]	5	6	[]	[]	7	3	[]	separated	"[""N0.HOG0003898"", ""N0.HOG0004145""]"	[4, 4]	1	1	1.0	[3, 3]	6	6	[]	[]	8	2	[]	separated	"[""3728"", ""3993""]"	[4, 4]	1	1	1.0	[3, 3]	6	6	[]	[]	8	2	[]	separated	"[""MCL3685"", ""MCL3932""]"	[4, 4]	1	1	1.0	[3, 3]	6	6	[]	[]	8	2	[]
"[""YMR119W"", ""YNL008C""]"	Sparse	true	true	[]	[]	separated	"[""OG1500"", ""OG1967""]"	[4, 4]	1	1	1.0	[3, 3]	6	6	[]	[]	8	2	[]	separated	"[""RootHOG0002637"", ""RootHOG0003328""]"	[4, 4]	1	1	1.0	[3, 3]	6	6	[]	[]	8	2	[]	separated	"[""N0.HOG0004008"", ""N0.HOG0004181""]"	[4, 4]	1	1	1.0	[3, 3]	6	6	[]	[]	8	2	[]	separated	"[""3842"", ""4033""]"	[4, 4]	1	1	1.0	[3, 3]	6	6	[]	[]	8	2	[]	separated	"[""MCL3795"", ""MCL3968""]"	[4, 4]	1	1	1.0	[3, 3]	6	6	[]	[]	8	2	[]
"[""YMR175W"", ""YPL223C""]"	Sparse	true	true	[]	[]	separated	"[""OG1557"", ""OG2890""]"	[4, 4]	1	1	1.0	[3, 3]	6	6	[]	[]	8	2	[]	separated	"[""RootHOG0002714"", ""RootHOG0004497""]"	[4, 4]	1	1	1.0	[3, 3]	6	6	[]	[]	8	2	[]	separated	"[""N0.HOG0004052"", ""N0.HOG0005104""]"	[4, 4]	1	1	1.0	[3, 3]	6	6	[]	[]	8	2	[]	separated	"[""3890"", ""5028""]"	[4, 4]	1	1	1.0	[3, 3]	6	6	[]	[]	8	2	[]	separated	"[""MCL3839"", ""MCL4891""]"	[4, 4]	1	1	1.0	[3, 3]	6	6	[]	[]	8	2	[]
"[""YMR177W"", ""YPL224C""]"	Sparse	true	true	[]	[]	merged	"[""OG1560"", ""OG1560""]"	[8, 8]	0	0	1.0	[6, 6]	6	6	[]	[]	8	1	[]	separated	"[""RootHOG0002717"", ""RootHOG0002720""]"	[4, 2]	1	1	0.6666666666666666	[3, 1]	4	6	[]	[]	6	4	[]	separated	"[""N0.HOG0004054"", ""N0.HOG0005105""]"	[4, 4]	1	1	1.0	[3, 3]	6	6	[]	[]	8	2	[]	separated	"[""3892"", ""5029""]"	[4, 4]	1	1	1.0	[3, 3]	6	6	[]	[]	8	2	[]	separated	"[""MCL3841"", ""MCL4892""]"	[4, 4]	1	1	1.0	[3, 3]	6	6	[]	[]	8	2	[]
"[""YMR182C"", ""YPL230W""]"	Low	true	true	[]	[]	merged	"[""OG1565"", ""OG1565""]"	[8, 8]	0	0	1.0	[6, 6]	6	6	[]	[]	8	1	[]	separated	"[""RootHOG0002725"", ""RootHOG0002726""]"	[4, 3]	1	1	0.8333333333333334	[3, 2]	5	6	[]	[]	7	3	[]	separated	"[""N0.HOG0004059"", ""N0.HOG0005111""]"	[4, 4]	1	1	1.0	[3, 3]	6	6	[]	[]	8	2	[]	separated	"[""3897"", ""5035""]"	[4, 4]	1	1	1.0	[3, 3]	6	6	[]	[]	8	2	[]	separated	"[""MCL3846"", ""MCL4898""]"	[4, 4]	1	1	1.0	[3, 3]	6	6	[]	[]	8	2	[]
"[""YMR192W"", ""YPL249C""]"	Low	true	true	[]	[]	merged	"[""OG1576"", ""OG1576""]"	[8, 8]	0	0	1.0	[6, 6]	6	6	[]	[]	8	1	[]	separated	"[""RootHOG0002743"", ""RootHOG0002744""]"	[4, 3]	1	1	0.8333333333333334	[3, 2]	5	6	[]	[]	7	3	[]	separated	"[""N0.HOG0004067"", ""N0.HOG0005126""]"	[4, 4]	1	1	1.0	[3, 3]	6	6	[]	[]	8	2	[]	separated	"[""3906"", ""5051""]"	[4, 4]	1	1	1.0	[3, 3]	6	6	[]	[]	8	2	[]	separated	"[""MCL3854"", ""MCL4913""]"	[4, 4]	1	1	1.0	[3, 3]	6	6	[]	[]	8	2	[]
"[""YMR195W"", ""YPL250C""]"	Low	true	true	[]	[]	merged	"[""OG1581"", ""OG1581""]"	[8, 8]	0	0	1.0	[6, 6]	6	6	[]	[]	8	1	[]	separated	"[""RootHOG0002751"", ""RootHOG0002753""]"	[4, 1]	1	0	0.5	[3, 0]	3	6	[]	[]	5	3	[]	separated	"[""N0.HOG0004070"", ""N0.HOG0005127""]"	[4, 4]	1	1	1.0	[3, 3]	6	6	[]	[]	8	2	[]	separated	"[""3909"", ""5052""]"	[4, 4]	1	1	1.0	[3, 3]	6	6	[]	[]	8	2	[]	separated	"[""MCL3857"", ""MCL4914""]"	[4, 4]	1	1	1.0	[3, 3]	6	6	[]	[]	8	2	[]
"[""YMR198W"", ""YPL253C""]"	Low	true	true	[]	[]	merged	"[""OG1584"", ""OG1584""]"	[8, 8]	0	0	1.0	[6, 6]	6	6	[]	[]	8	1	[]	separated	"[""RootHOG0002756"", ""RootHOG0002757""]"	[3, 4]	1	1	0.8333333333333334	[2, 3]	5	6	[]	[]	7	3	[]	separated	"[""N0.HOG0004073"", ""N0.HOG0005129""]"	[4, 4]	1	1	1.0	[3, 3]	6	6	[]	[]	8	2	[]	separated	"[""3912"", ""5054""]"	[4, 4]	1	1	1.0	[3, 3]	6	6	[]	[]	8	2	[]	separated	"[""MCL3860"", ""MCL4916""]"	[4, 4]	1	1	1.0	[3, 3]	6	6	[]	[]	8	2	[]
"[""YMR199W"", ""YPL256C""]"	High	true	true	[]	[]	merged	"[""OG1585"", ""OG1585""]"	[8, 8]	0	0	1.0	[6, 6]	6	6	[]	[]	8	1	[]	separated	"[""RootHOG0000032"", ""RootHOG0000033""]"	[4, 3]	1	1	0.8333333333333334	[3, 2]	5	6	[]	[]	7	3	[]	separated	"[""N0.HOG0004074"", ""N0.HOG0005132""]"	[4, 4]	1	1	1.0	[3, 3]	6	6	[]	[]	8	2	[]	separated	"[""3913"", ""5057""]"	[4, 4]	1	1	1.0	[3, 3]	6	6	[]	[]	8	2	[]	separated	"[""MCL3861"", ""MCL4919""]"	[4, 4]	1	1	1.0	[3, 3]	6	6	[]	[]	8	2	[]
"[""YMR222C"", ""YOR280C""]"	Sparse	true	false	[]	"[{""lines"": [935, 9302], ""reason"": ""anchors_in_different_pillars""}]"	merged	"[""OG1611"", ""OG1611""]"	[12, 12]	0								12			separated	"[""RootHOG0002787"", ""RootHOG0002788""]"	[4, 3]	1								7			separated	"[""N0.HOG0004096"", ""N0.HOG0004838""]"	[4, 4]	1								8			separated	"[""3936"", ""4737""]"	[4, 4]	1								8			separated	"[""MCL3883"", ""MCL4625""]"	[4, 4]	1								8		
"[""YMR237W"", ""YOR299W""]"	Low	true	true	[]	[]	merged	"[""OG1627"", ""OG1627""]"	[8, 8]	0	0	1.0	[6, 6]	6	6	[]	[]	8	1	[]	separated	"[""RootHOG0002817"", ""RootHOG0002816""]"	[3, 4]	1	1	0.8333333333333334	[2, 3]	5	6	[]	[]	7	3	[]	separated	"[""N0.HOG0000590"", ""N0.HOG0000589""]"	[4, 4]	1	1	1.0	[3, 3]	6	6	[]	[]	8	2	[]	separated	"[""3950"", ""4755""]"	[4, 4]	1	1	1.0	[3, 3]	6	6	[]	[]	8	2	[]	merged	"[""MCL249"", ""MCL249""]"	[8, 8]	0	0	1.0	[6, 6]	6	6	[]	[]	8	1	[]
"[""YNL283C"", ""YOL105C""]"	Sparse	true	true	[]	[]	merged	"[""OG2058"", ""OG2058""]"	[8, 8]	0	0	1.0	[6, 6]	6	6	[]	[]	8	1	[]	separated	"[""RootHOG0000149"", ""RootHOG0000150""]"	[4, 4]	1	1	1.0	[3, 3]	6	6	[]	[]	8	2	[]	separated	"[""N0.HOG0004404"", ""N0.HOG0004581""]"	[4, 4]	1	1	1.0	[3, 3]	6	6	[]	[]	8	2	[]	separated	"[""4269"", ""4462""]"	[4, 4]	1	1	1.0	[3, 3]	6	6	[]	[]	8	2	[]	separated	"[""MCL4191"", ""MCL4368""]"	[4, 4]	1	1	1.0	[3, 3]	6	6	[]	[]	8	2	[]
"[""YNL298W"", ""YOL113W""]"	Low	true	true	[]	[]	merged	"[""OG2039"", ""OG2039""]"	[12, 12]	0	0	1.0	[6, 6]	6	6	"[""Skud_8.39"", ""Smik_8.42"", ""Suva_8.47"", ""YHL007C""]"	[]	12	1	[]	separated	"[""RootHOG0003437"", ""RootHOG0003435""]"	[1, 4]	1	0	0.5	[0, 3]	3	6	[]	[]	5	3	[]	separated	"[""N0.HOG0004417"", ""N0.HOG0004588""]"	[4, 4]	1	1	1.0	[3, 3]	6	6	[]	[]	8	2	[]	separated	"[""4282"", ""4468""]"	[4, 4]	1	1	1.0	[3, 3]	6	6	[]	[]	8	2	[]	separated	"[""MCL4204"", ""MCL4375""]"	[4, 4]	1	1	1.0	[3, 3]	6	6	[]	[]	8	2	[]
"[""YNL307C"", ""YOL128C""]"	Low	true	true	[]	[]	merged	"[""OG1522"", ""OG1522""]"	[24, 24]	0	0	1.0	[6, 6]	6	6	"[""Skud_13.300"", ""Skud_2.90"", ""Skud_4.176"", ""Skud_7.337"", ""Smik_13.338"", ""Smik_2.101"", ""Smik_4.157"", ""Smik_6.125"", ""Suva_13.319"", ""Suva_2.105"", ""Suva_4.168"", ""Suva_7.325"", ""YBL016W"", ""YDL079C"", ""YGR040W"", ""YMR139W""]"	[]	24	1	[]	separated	"[""RootHOG0001545"", ""RootHOG0001547""]"	[4, 4]	1	1	1.0	[3, 3]	6	6	[]	[]	8	2	[]	separated	"[""N0.HOG0004423"", ""N0.HOG0004600""]"	[4, 4]	1	1	1.0	[3, 3]	6	6	[]	[]	8	2	[]	separated	"[""4288"", ""4480""]"	[4, 4]	1	1	1.0	[3, 3]	6	6	[]	[]	8	2	[]	separated	"[""MCL4210"", ""MCL4387""]"	[4, 4]	1	1	1.0	[3, 3]	6	6	[]	[]	8	2	[]
"[""YNL309W"", ""YOL131W""]"	Low	true	true	[]	[]	separated	"[""OG1951"", ""OG2203""]"	[4, 4]	1	1	1.0	[3, 3]	6	6	[]	[]	8	2	[]	separated	"[""RootHOG0003304"", ""RootHOG0003657""]"	[4, 4]	1	1	1.0	[3, 3]	6	6	[]	[]	8	2	[]	separated	"[""N0.HOG0004425"", ""N0.HOG0004602""]"	[4, 4]	1	1	1.0	[3, 3]	6	6	[]	[]	8	2	[]	separated	"[""4290"", ""4482""]"	[4, 4]	1	1	1.0	[3, 3]	6	6	[]	[]	8	2	[]	separated	"[""MCL4212"", ""MCL4389""]"	[4, 4]	1	1	1.0	[3, 3]	6	6	[]	[]	8	2	[]
"[""YOR193W"", ""YPL112C""]"	Low	true	true	[]	[]	separated	"[""OG2316"", ""OG2589""]"	[4, 4]	1	1	1.0	[3, 3]	6	6	[]	[]	8	2	[]	separated	"[""RootHOG0003782"", ""RootHOG0004126""]"	[4, 4]	1	1	1.0	[3, 3]	6	6	[]	[]	8	2	[]	separated	"[""N0.HOG0004768"", ""N0.HOG0005008""]"	[4, 4]	1	1	1.0	[3, 3]	6	6	[]	[]	8	2	[]	separated	"[""4662"", ""4927""]"	[4, 4]	1	1	1.0	[3, 3]	6	6	[]	[]	8	2	[]	separated	"[""MCL4555"", ""MCL4795""]"	[4, 4]	1	1	1.0	[3, 3]	6	6	[]	[]	8	2	[]
"[""YOR214C"", ""YPL130W""]"	Sparse	true	true	[]	[]	separated	"[""OG2337"", ""OG2573""]"	[4, 4]	1	1	1.0	[3, 3]	6	6	[]	[]	8	2	[]	separated	"[""RootHOG0003804"", ""RootHOG0004109""]"	[4, 4]	1	1	1.0	[3, 3]	6	6	[]	[]	8	2	[]	separated	"[""N0.HOG0004785"", ""N0.HOG0005024""]"	[4, 4]	1	1	1.0	[3, 3]	6	6	[]	[]	8	2	[]	separated	"[""4680"", ""4944""]"	[4, 4]	1	1	1.0	[3, 3]	6	6	[]	[]	8	2	[]	separated	"[""MCL4572"", ""MCL4811""]"	[4, 4]	1	1	1.0	[3, 3]	6	6	[]	[]	8	2	[]
"[""YOR222W"", ""YPL134C""]"	Sparse	true	true	[]	[]	merged	"[""OG0456"", ""OG0456""]"	[17, 17]	0	0	1.0	[6, 6]	6	6	"[""Skud_10.317"", ""Skud_2.422"", ""Smik_10.383"", ""Smik_2.433"", ""Suva_12.183"", ""Suva_16.345"", ""Suva_4.551"", ""YBR291C"", ""YJR095W""]"	[]	17	1	[]	separated	"[""RootHOG0000768"", ""RootHOG0000769""]"	[4, 4]	1	1	1.0	[3, 3]	6	6	[]	[]	8	2	[]	separated	"[""N0.HOG0004792"", ""N0.HOG0005028""]"	[4, 4]	1	1	1.0	[3, 3]	6	6	[]	[]	8	2	[]	separated	"[""4687"", ""4948""]"	[4, 4]	1	1	1.0	[3, 3]	6	6	[]	[]	8	2	[]	separated	"[""MCL4579"", ""MCL4815""]"	[4, 4]	1	1	1.0	[3, 3]	6	6	[]	[]	8	2	[]
"[""YOR227W"", ""YPL137C""]"	Sparse	true	true	[]	[]	merged	"[""OG2348"", ""OG2348""]"	[8, 8]	0	0	1.0	[6, 6]	6	6	[]	[]	8	1	[]	separated	"[""RootHOG0003819"", ""RootHOG0003820""]"	[4, 3]	1	1	0.8333333333333334	[3, 2]	5	6	[]	[]	7	3	[]	separated	"[""N0.HOG0004796"", ""N0.HOG0005030""]"	[4, 4]	1	1	1.0	[3, 3]	6	6	[]	[]	8	2	[]	separated	"[""4691"", ""4950""]"	[4, 4]	1	1	1.0	[3, 3]	6	6	[]	[]	8	2	[]	separated	"[""MCL4583"", ""MCL4817""]"	[4, 4]	1	1	1.0	[3, 3]	6	6	[]	[]	8	2	[]
"[""YOR233W"", ""YPL141C""]"	Low	true	true	[]	[]	merged	"[""OG2353"", ""OG2353""]"	[8, 8]	0	0	1.0	[6, 6]	6	6	[]	[]	8	1	[]	separated	"[""RootHOG0003833"", ""RootHOG0003830""]"	[1, 4]	1	0	0.5	[0, 3]	3	6	[]	[]	5	3	[]	separated	"[""N0.HOG0004801"", ""N0.HOG0005033""]"	[4, 4]	1	1	1.0	[3, 3]	6	6	[]	[]	8	2	[]	separated	"[""4697"", ""4954""]"	[4, 4]	1	1	1.0	[3, 3]	6	6	[]	[]	8	2	[]	separated	"[""MCL4588"", ""MCL4820""]"	[4, 4]	1	1	1.0	[3, 3]	6	6	[]	[]	8	2	[]
"[""YOR237W"", ""YPL145C""]"	Low	true	true	[]	[]	merged	"[""OG2358"", ""OG2358""]"	[8, 8]	0	0	1.0	[6, 6]	6	6	[]	[]	8	1	[]	separated	"[""RootHOG0003848"", ""RootHOG0003850""]"	[4, 1]	1	0	0.5	[3, 0]	3	6	[]	[]	5	3	[]	separated	"[""N0.HOG0000609"", ""N0.HOG0000610""]"	[4, 4]	1	1	1.0	[3, 3]	6	6	[]	[]	8	2	[]	separated	"[""4699"", ""4956""]"	[4, 4]	1	1	1.0	[3, 3]	6	6	[]	[]	8	2	[]	merged	"[""MCL263"", ""MCL263""]"	[8, 8]	0	0	1.0	[6, 6]	6	6	[]	[]	8	1	[]
"[""YOR247W"", ""YPL163C""]"	High	true	true	[]	[]	merged	"[""OG2369"", ""OG2369""]"	[8, 8]	0	0	1.0	[6, 6]	6	6	[]	[]	8	1	[]	separated	"[""RootHOG0003414"", ""RootHOG0003412""]"	[1, 2]	1	0	0.16666666666666666	[0, 1]	1	6	[]	[]	3	5	[]	separated	"[""N0.HOG0004809"", ""N0.HOG0005052""]"	[4, 4]	1	1	1.0	[3, 3]	6	6	[]	[]	8	2	[]	separated	"[""4708"", ""4973""]"	[4, 4]	1	1	1.0	[3, 3]	6	6	[]	[]	8	2	[]	separated	"[""MCL4596"", ""MCL4839""]"	[4, 4]	1	1	1.0	[3, 3]	6	6	[]	[]	8	2	[]
