family	protein_a	protein_b	before	after	r0_support	r1_support	r0_forward_records	r0_reverse_records	r1_forward_records	r1_reverse_records	selected_score_multisets_identical
APP	B0V0E5	F1LRS5	FP	TN	both_directions	both_directions	1	1	1	1	True
APP	B0V0E5	F1MIL3	FP	TN	both_directions	both_directions	1	1	1	1	True
APP	B0V0E5	F1P0A7	FP	TN	both_directions	both_directions	1	1	1	1	True
APP	B0V0E5	F6TDQ9	FP	TN	both_directions	both_directions	1	1	1	1	True
APP	B0V0E5	F6YNC0	FP	TN	no_direct_hit	no_direct_hit	0	0	0	0	True
APP	B0V0E5	F7DF67	FP	TN	both_directions	both_directions	1	1	1	1	True
APP	B0V0E5	G3R2X8	FP	TN	both_directions	both_directions	1	1	1	1	True
APP	B0V0E5	H2LQ91	FP	TN	both_directions	both_directions	1	1	1	1	True
APP	B0V0E5	H2Q546	FP	TN	both_directions	both_directions	1	1	1	1	True
APP	B0V0E5	P15943	FP	TN	both_directions	both_directions	1	1	1	1	True
APP	B0V0E5	P51693	FP	TN	both_directions	both_directions	1	1	1	1	True
APP	B0V0E5	Q03157	FP	TN	both_directions	both_directions	1	1	1	1	True
APP	B0V0E5	Q06335	FP	TN	both_directions	both_directions	1	1	1	1	True
APP	B0V0E5	Q06481	FP	TN	both_directions	both_directions	1	1	1	1	True
APP	E1C440	F1LRS5	FP	TN	both_directions	both_directions	1	1	1	1	True
APP	E1C440	F1MIL3	FP	TN	both_directions	both_directions	1	1	1	1	True
APP	E1C440	F6TDQ9	FP	TN	both_directions	both_directions	1	1	1	1	True
APP	E1C440	F6YNC0	FP	TN	no_direct_hit	no_direct_hit	0	0	0	0	True
APP	E1C440	F7DF67	FP	TN	both_directions	both_directions	1	1	1	1	True
APP	E1C440	G3R2X8	FP	TN	both_directions	both_directions	1	1	1	1	True
APP	E1C440	H2LQ91	FP	TN	both_directions	both_directions	1	1	1	1	True
APP	E1C440	H2Q546	FP	TN	both_directions	both_directions	1	1	1	1	True
APP	E1C440	P15943	FP	TN	both_directions	both_directions	1	1	1	1	True
APP	E1C440	P51693	FP	TN	both_directions	both_directions	1	1	1	1	True
APP	E1C440	Q03157	FP	TN	both_directions	both_directions	1	1	1	1	True
APP	E1C440	Q06335	FP	TN	both_directions	both_directions	1	1	1	1	True
APP	E1C440	Q06481	FP	TN	both_directions	both_directions	1	1	1	1	True
APP	F1LRS5	F1P0A7	FP	TN	both_directions	both_directions	1	1	1	1	True
APP	F1LRS5	F1P603	FP	TN	both_directions	both_directions	1	1	1	1	True
APP	F1LRS5	F7DF67	FP	TN	both_directions	both_directions	1	1	1	1	True
APP	F1LRS5	G3R2X8	FP	TN	both_directions	both_directions	1	1	1	1	True
APP	F1LRS5	H2LYH0	FP	TN	both_directions	both_directions	1	1	1	1	True
APP	F1LRS5	H2Q546	FP	TN	both_directions	both_directions	1	1	1	1	True
APP	F1LRS5	P05067	FP	TN	both_directions	both_directions	1	1	1	1	True
APP	F1LRS5	P12023	FP	TN	both_directions	both_directions	1	1	1	1	True
APP	F1LRS5	Q06335	FP	TN	both_directions	both_directions	1	1	1	1	True
APP	F1LRS5	Q06481	FP	TN	both_directions	both_directions	1	1	1	1	True
APP	F1LRS5	Q5IS80	FP	TN	both_directions	both_directions	1	1	1	1	True
APP	F1MIL3	F1P0A7	FP	TN	both_directions	both_directions	1	1	1	1	True
APP	F1MIL3	F1P603	FP	TN	both_directions	both_directions	1	1	1	1	True
APP	F1MIL3	F7DF67	FP	TN	both_directions	both_directions	1	1	1	1	True
APP	F1MIL3	G3R2X8	FP	TN	both_directions	both_directions	1	1	1	1	True
APP	F1MIL3	H2LYH0	FP	TN	both_directions	both_directions	1	1	1	1	True
APP	F1MIL3	H2Q546	FP	TN	both_directions	both_directions	1	1	1	1	True
APP	F1MIL3	P05067	FP	TN	both_directions	both_directions	1	1	1	1	True
APP	F1MIL3	P08592	FP	TN	both_directions	both_directions	1	1	1	1	True
APP	F1MIL3	P12023	FP	TN	both_directions	both_directions	1	1	1	1	True
APP	F1MIL3	P15943	FP	TN	both_directions	both_directions	1	1	1	1	True
APP	F1MIL3	Q06335	FP	TN	both_directions	both_directions	1	1	1	1	True
APP	F1MIL3	Q06481	FP	TN	both_directions	both_directions	1	1	1	1	True
APP	F1MIL3	Q5IS80	FP	TN	both_directions	both_directions	1	1	1	1	True
APP	F1P0A7	F1P603	FP	TN	both_directions	both_directions	1	1	1	1	True
APP	F1P0A7	F6TDQ9	FP	TN	both_directions	both_directions	1	1	1	1	True
APP	F1P0A7	F6YNC0	FP	TN	no_direct_hit	no_direct_hit	0	0	0	0	True
APP	F1P0A7	H2LQ91	FP	TN	both_directions	both_directions	1	1	1	1	True
APP	F1P0A7	H2LYH0	FP	TN	both_directions	both_directions	1	1	1	1	True
APP	F1P0A7	P05067	FP	TN	both_directions	both_directions	1	1	1	1	True
APP	F1P0A7	P08592	FP	TN	both_directions	both_directions	1	1	1	1	True
APP	F1P0A7	P12023	FP	TN	both_directions	both_directions	1	1	1	1	True
APP	F1P0A7	P51693	FP	TN	both_directions	both_directions	1	1	1	1	True
APP	F1P0A7	Q03157	FP	TN	both_directions	both_directions	1	1	1	1	True
APP	F1P0A7	Q5IS80	FP	TN	both_directions	both_directions	1	1	1	1	True
APP	F1P603	F6TDQ9	FP	TN	both_directions	both_directions	1	1	1	1	True
APP	F1P603	F6YNC0	FP	TN	no_direct_hit	no_direct_hit	0	0	0	0	True
APP	F1P603	F7DF67	FP	TN	both_directions	both_directions	1	1	1	1	True
APP	F1P603	G3R2X8	FP	TN	both_directions	both_directions	1	1	1	1	True
APP	F1P603	H2LQ91	FP	TN	both_directions	both_directions	1	1	1	1	True
APP	F1P603	H2Q546	FP	TN	both_directions	both_directions	1	1	1	1	True
APP	F1P603	P15943	FP	TN	both_directions	both_directions	1	1	1	1	True
APP	F1P603	P51693	FP	TN	both_directions	both_directions	1	1	1	1	True
APP	F1P603	Q03157	FP	TN	both_directions	both_directions	1	1	1	1	True
APP	F1P603	Q06335	FP	TN	both_directions	both_directions	1	1	1	1	True
APP	F1P603	Q06481	FP	TN	both_directions	both_directions	1	1	1	1	True
APP	F6TDQ9	F7DF67	FP	TN	both_directions	both_directions	1	1	1	1	True
APP	F6TDQ9	G3R2X8	FP	TN	both_directions	both_directions	1	1	1	1	True
APP	F6TDQ9	H2LYH0	FP	TN	both_directions	both_directions	1	1	1	1	True
APP	F6TDQ9	H2Q546	FP	TN	both_directions	both_directions	1	1	1	1	True
APP	F6TDQ9	P05067	FP	TN	both_directions	both_directions	1	1	1	1	True
APP	F6TDQ9	P08592	FP	TN	both_directions	both_directions	1	1	1	1	True
APP	F6TDQ9	P12023	FP	TN	both_directions	both_directions	1	1	1	1	True
APP	F6TDQ9	P15943	FP	TN	both_directions	both_directions	1	1	1	1	True
APP	F6TDQ9	Q06335	FP	TN	both_directions	both_directions	1	1	1	1	True
APP	F6TDQ9	Q06481	FP	TN	both_directions	both_directions	1	1	1	1	True
APP	F6TDQ9	Q5IS80	FP	TN	both_directions	both_directions	1	1	1	1	True
APP	F6YNC0	G3R2X8	FP	TN	no_direct_hit	no_direct_hit	0	0	0	0	True
APP	F6YNC0	H2LYH0	FP	TN	no_direct_hit	no_direct_hit	0	0	0	0	True
APP	F6YNC0	H2Q546	FP	TN	no_direct_hit	no_direct_hit	0	0	0	0	True
APP	F6YNC0	P05067	FP	TN	no_direct_hit	no_direct_hit	0	0	0	0	True
APP	F6YNC0	P08592	FP	TN	no_direct_hit	no_direct_hit	0	0	0	0	True
APP	F6YNC0	P12023	FP	TN	no_direct_hit	no_direct_hit	0	0	0	0	True
APP	F6YNC0	P15943	FP	TN	no_direct_hit	no_direct_hit	0	0	0	0	True
APP	F6YNC0	Q06335	FP	TN	both_directions	both_directions	1	1	1	1	True
APP	F6YNC0	Q06481	FP	TN	both_directions	both_directions	1	1	1	1	True
APP	F6YNC0	Q5IS80	FP	TN	no_direct_hit	no_direct_hit	0	0	0	0	True
APP	F7DF67	H2LQ91	FP	TN	both_directions	both_directions	1	1	1	1	True
APP	F7DF67	H2LYH0	FP	TN	both_directions	both_directions	1	1	1	1	True
APP	F7DF67	P05067	FP	TN	both_directions	both_directions	1	1	1	1	True
APP	F7DF67	P08592	FP	TN	both_directions	both_directions	1	1	1	1	True
APP	F7DF67	P12023	FP	TN	both_directions	both_directions	1	1	1	1	True
APP	F7DF67	P51693	FP	TN	both_directions	both_directions	1	1	1	1	True
APP	F7DF67	Q03157	FP	TN	both_directions	both_directions	1	1	1	1	True
APP	F7DF67	Q5IS80	FP	TN	both_directions	both_directions	1	1	1	1	True
APP	G3R2X8	H2LQ91	FP	TN	both_directions	both_directions	1	1	1	1	True
APP	G3R2X8	H2LYH0	FP	TN	both_directions	both_directions	1	1	1	1	True
APP	G3R2X8	P05067	FP	TN	both_directions	both_directions	1	1	1	1	True
APP	G3R2X8	P08592	FP	TN	both_directions	both_directions	1	1	1	1	True
APP	G3R2X8	P12023	FP	TN	both_directions	both_directions	1	1	1	1	True
APP	G3R2X8	P51693	FP	TN	both_directions	both_directions	1	1	1	1	True
APP	G3R2X8	Q03157	FP	TN	both_directions	both_directions	1	1	1	1	True
APP	G3R2X8	Q5IS80	FP	TN	both_directions	both_directions	1	1	1	1	True
APP	H2LQ91	H2Q546	FP	TN	both_directions	both_directions	1	1	1	1	True
APP	H2LQ91	P05067	FP	TN	both_directions	both_directions	1	1	1	1	True
APP	H2LQ91	P08592	FP	TN	both_directions	both_directions	1	1	1	1	True
APP	H2LQ91	P12023	FP	TN	both_directions	both_directions	1	1	1	1	True
APP	H2LQ91	P15943	FP	TN	both_directions	both_directions	1	1	1	1	True
APP	H2LQ91	Q06335	FP	TN	both_directions	both_directions	1	1	1	1	True
APP	H2LQ91	Q06481	FP	TN	both_directions	both_directions	1	1	1	1	True
APP	H2LQ91	Q5IS80	FP	TN	both_directions	both_directions	1	1	1	1	True
APP	H2LYH0	H2Q546	FP	TN	both_directions	both_directions	1	1	1	1	True
APP	H2LYH0	P15943	FP	TN	both_directions	both_directions	1	1	1	1	True
APP	H2LYH0	P51693	FP	TN	both_directions	both_directions	1	1	1	1	True
APP	H2LYH0	Q03157	FP	TN	both_directions	both_directions	1	1	1	1	True
APP	H2LYH0	Q06335	FP	TN	both_directions	both_directions	1	1	1	1	True
APP	H2LYH0	Q06481	FP	TN	both_directions	both_directions	1	1	1	1	True
APP	H2Q546	P05067	FP	TN	both_directions	both_directions	1	1	1	1	True
APP	H2Q546	P08592	FP	TN	both_directions	both_directions	1	1	1	1	True
APP	H2Q546	P12023	FP	TN	both_directions	both_directions	1	1	1	1	True
APP	H2Q546	P51693	FP	TN	both_directions	both_directions	1	1	1	1	True
APP	H2Q546	Q03157	FP	TN	both_directions	both_directions	1	1	1	1	True
APP	P05067	P15943	FP	TN	both_directions	both_directions	1	1	1	1	True
APP	P05067	Q03157	FP	TN	both_directions	both_directions	1	1	1	1	True
APP	P05067	Q06335	FP	TN	both_directions	both_directions	1	1	1	1	True
APP	P08592	P51693	FP	TN	both_directions	both_directions	1	1	1	1	True
APP	P08592	Q03157	FP	TN	both_directions	both_directions	1	1	1	1	True
APP	P08592	Q06335	FP	TN	both_directions	both_directions	1	1	1	1	True
APP	P08592	Q06481	FP	TN	both_directions	both_directions	1	1	1	1	True
APP	P12023	P15943	FP	TN	both_directions	both_directions	1	1	1	1	True
APP	P12023	P51693	FP	TN	both_directions	both_directions	1	1	1	1	True
APP	P12023	Q06481	FP	TN	both_directions	both_directions	1	1	1	1	True
APP	P15943	P51693	FP	TN	both_directions	both_directions	1	1	1	1	True
APP	P15943	Q03157	FP	TN	both_directions	both_directions	1	1	1	1	True
APP	P15943	Q5IS80	FP	TN	both_directions	both_directions	1	1	1	1	True
APP	P51693	Q06335	FP	TN	both_directions	both_directions	1	1	1	1	True
APP	P51693	Q5IS80	FP	TN	both_directions	both_directions	1	1	1	1	True
APP	Q03157	Q06481	FP	TN	both_directions	both_directions	1	1	1	1	True
APP	Q03157	Q5IS80	FP	TN	both_directions	both_directions	1	1	1	1	True
APP	Q06335	Q5IS80	FP	TN	both_directions	both_directions	1	1	1	1	True
APP	Q06481	Q5IS80	FP	TN	both_directions	both_directions	1	1	1	1	True
BAMBI	H2LI24	Q6GQM7	FP	TN	both_directions	both_directions	1	1	1	1	True
BAR	A4FUG5	E7FD40	FP	TN	no_direct_hit	no_direct_hit	0	0	0	0	True
BAR	A4FUG5	F1NZ04	FP	TN	no_direct_hit	no_direct_hit	0	0	0	0	True
BAR	A4FUG5	F1QK94	FP	TN	no_direct_hit	no_direct_hit	0	0	0	0	True
BAR	A4FUG5	G3R5Y4	FP	TN	no_direct_hit	no_direct_hit	0	0	0	0	True
BAR	A4FUG5	G3RIZ8	FP	TN	no_direct_hit	no_direct_hit	0	0	0	0	True
BAR	A4FUG5	H2QIN5	FP	TN	no_direct_hit	no_direct_hit	0	0	0	0	True
BAR	A4FUG5	H2R019	FP	TN	no_direct_hit	no_direct_hit	0	0	0	0	True
BAR	A4FUG5	O00499	FP	TN	no_direct_hit	no_direct_hit	0	0	0	0	True
BAR	A4FUG5	O08539	FP	TN	both_directions	both_directions	1	1	1	1	True
BAR	A4FUG5	O08839	FP	TN	both_directions	both_directions	1	1	1	1	True
BAR	A4FUG5	P49418	FP	TN	no_direct_hit	no_direct_hit	0	0	0	0	True
BAR	A4FUG5	Q7TQF7	FP	TN	no_direct_hit	no_direct_hit	0	0	0	0	True
BAR	D3Z6Q9	E7FD40	FP	TN	no_direct_hit	no_direct_hit	0	0	0	0	True
BAR	D3Z6Q9	F1NZ04	FP	TN	no_direct_hit	no_direct_hit	0	0	0	0	True
BAR	D3Z6Q9	F1QK94	FP	TN	no_direct_hit	no_direct_hit	0	0	0	0	True
BAR	D3Z6Q9	G3R5Y4	FP	TN	no_direct_hit	no_direct_hit	0	0	0	0	True
BAR	D3Z6Q9	G3RIZ8	FP	TN	no_direct_hit	no_direct_hit	0	0	0	0	True
BAR	D3Z6Q9	H2QIN5	FP	TN	no_direct_hit	no_direct_hit	0	0	0	0	True
BAR	D3Z6Q9	H2R019	FP	TN	no_direct_hit	no_direct_hit	0	0	0	0	True
BAR	D3Z6Q9	O00499	FP	TN	no_direct_hit	no_direct_hit	0	0	0	0	True
BAR	D3Z6Q9	O08839	FP	TN	no_direct_hit	no_direct_hit	0	0	0	0	True
BAR	D3Z6Q9	P49418	FP	TN	no_direct_hit	no_direct_hit	0	0	0	0	True
BAR	E7FD40	F1PZH8	FP	TN	no_direct_hit	no_direct_hit	0	0	0	0	True
BAR	E7FD40	G3R5Y4	FP	TN	no_direct_hit	no_direct_hit	0	0	0	0	True
BAR	E7FD40	H2Q5Y0	FP	TN	no_direct_hit	no_direct_hit	0	0	0	0	True
BAR	E7FD40	H2R019	FP	TN	no_direct_hit	no_direct_hit	0	0	0	0	True
BAR	E7FD40	P49418	FP	TN	no_direct_hit	no_direct_hit	0	0	0	0	True
BAR	E7FD40	Q5ZKL7	FP	TN	one_direction	one_direction	1	0	1	0	True
BAR	E7FD40	Q68FR2	FP	TN	both_directions	both_directions	1	1	1	1	True
BAR	E7FD40	Q7TQF7	FP	TN	no_direct_hit	no_direct_hit	0	0	0	0	True
BAR	E7FD40	Q9UBW5	FP	TN	no_direct_hit	no_direct_hit	0	0	0	0	True
BAR	F1NZ04	F1PZH8	FP	TN	no_direct_hit	no_direct_hit	0	0	0	0	True
BAR	F1NZ04	F1QJB5	FP	TN	both_directions	both_directions	1	1	1	1	True
BAR	F1NZ04	F1QK94	FP	TN	both_directions	both_directions	1	1	1	1	True
BAR	F1NZ04	G3R5Y4	FP	TN	both_directions	both_directions	1	1	1	1	True
BAR	F1NZ04	H2Q5Y0	FP	TN	both_directions	both_directions	1	1	1	1	True
BAR	F1NZ04	H2R019	FP	TN	both_directions	both_directions	1	1	1	1	True
BAR	F1NZ04	P49418	FP	TN	both_directions	both_directions	1	1	1	1	True
BAR	F1NZ04	Q68FR2	FP	TN	no_direct_hit	no_direct_hit	0	0	0	0	True
BAR	F1NZ04	Q7TQF7	FP	TN	both_directions	both_directions	1	1	1	1	True
BAR	F1NZ04	Q9UBW5	FP	TN	no_direct_hit	no_direct_hit	0	0	0	0	True
BAR	F1PZH8	F1QK94	FP	TN	no_direct_hit	no_direct_hit	0	0	0	0	True
BAR	F1PZH8	G3R5Y4	FP	TN	no_direct_hit	no_direct_hit	0	0	0	0	True
BAR	F1PZH8	G3RIZ8	FP	TN	no_direct_hit	no_direct_hit	0	0	0	0	True
BAR	F1PZH8	H2QIN5	FP	TN	no_direct_hit	no_direct_hit	0	0	0	0	True
BAR	F1PZH8	H2R019	FP	TN	no_direct_hit	no_direct_hit	0	0	0	0	True
BAR	F1PZH8	O00499	FP	TN	no_direct_hit	no_direct_hit	0	0	0	0	True
BAR	F1PZH8	O08539	FP	TN	no_direct_hit	no_direct_hit	0	0	0	0	True
BAR	F1PZH8	O08839	FP	TN	one_direction	one_direction	0	1	0	1	True
BAR	F1PZH8	P49418	FP	TN	no_direct_hit	no_direct_hit	0	0	0	0	True
BAR	F1PZH8	Q7TQF7	FP	TN	no_direct_hit	no_direct_hit	0	0	0	0	True
BAR	F1QJB5	G3R5Y4	FP	TN	both_directions	both_directions	1	1	1	1	True
BAR	F1QJB5	G3RIZ8	FP	TN	both_directions	both_directions	1	1	1	1	True
BAR	F1QJB5	H2QIN5	FP	TN	both_directions	both_directions	1	1	1	1	True
BAR	F1QJB5	H2R019	FP	TN	both_directions	both_directions	1	1	1	1	True
BAR	F1QJB5	O00499	FP	TN	both_directions	both_directions	1	1	1	1	True
BAR	F1QJB5	O08539	FP	TN	both_directions	both_directions	1	1	1	1	True
BAR	F1QJB5	O08839	FP	TN	both_directions	both_directions	1	1	1	1	True
BAR	F1QJB5	P49418	FP	TN	both_directions	both_directions	1	1	1	1	True
BAR	F1QJB5	Q7TQF7	FP	TN	both_directions	both_directions	1	1	1	1	True
BAR	F1QK94	G3RIZ8	FP	TN	both_directions	both_directions	1	1	1	1	True
BAR	F1QK94	H2Q5Y0	FP	TN	no_direct_hit	no_direct_hit	0	0	0	0	True
BAR	F1QK94	H2QIN5	FP	TN	both_directions	both_directions	1	1	1	1	True
BAR	F1QK94	O00499	FP	TN	both_directions	both_directions	1	1	1	1	True
BAR	F1QK94	O08539	FP	TN	both_directions	both_directions	1	1	1	1	True
BAR	F1QK94	O08839	FP	TN	both_directions	both_directions	1	1	1	1	True
BAR	F1QK94	Q5ZKL7	FP	TN	no_direct_hit	no_direct_hit	0	0	0	0	True
BAR	F1QK94	Q68FR2	FP	TN	no_direct_hit	no_direct_hit	0	0	0	0	True
BAR	F1QK94	Q9UBW5	FP	TN	no_direct_hit	no_direct_hit	0	0	0	0	True
BAR	G3R5Y4	H2Q5Y0	FP	TN	no_direct_hit	no_direct_hit	0	0	0	0	True
BAR	G3R5Y4	H2QIN5	FP	TN	both_directions	both_directions	1	1	1	1	True
BAR	G3R5Y4	O00499	FP	TN	both_directions	both_directions	1	1	1	1	True
BAR	G3R5Y4	O08539	FP	TN	both_directions	both_directions	1	1	1	1	True
BAR	G3R5Y4	O08839	FP	TN	both_directions	both_directions	1	1	1	1	True
BAR	G3R5Y4	Q5ZKL7	FP	TN	no_direct_hit	no_direct_hit	0	0	0	0	True
BAR	G3R5Y4	Q68FR2	FP	TN	no_direct_hit	no_direct_hit	0	0	0	0	True
BAR	G3R5Y4	Q9UBW5	FP	TN	no_direct_hit	no_direct_hit	0	0	0	0	True
BAR	G3RIZ8	H2Q5Y0	FP	TN	both_directions	both_directions	1	1	1	1	True
BAR	G3RIZ8	H2R019	FP	TN	both_directions	both_directions	1	1	1	1	True
BAR	G3RIZ8	P49418	FP	TN	both_directions	both_directions	1	1	1	1	True
BAR	G3RIZ8	Q5ZKL7	FP	TN	no_direct_hit	no_direct_hit	0	0	0	0	True
BAR	G3RIZ8	Q68FR2	FP	TN	no_direct_hit	no_direct_hit	0	0	0	0	True
BAR	G3RIZ8	Q7TQF7	FP	TN	both_directions	both_directions	1	1	1	1	True
BAR	G3RIZ8	Q9UBW5	FP	TN	no_direct_hit	no_direct_hit	0	0	0	0	True
BAR	H2Q5Y0	O00499	FP	TN	both_directions	both_directions	1	1	1	1	True
BAR	H2Q5Y0	O08539	FP	TN	both_directions	both_directions	1	1	1	1	True
BAR	H2Q5Y0	O08839	FP	TN	both_directions	both_directions	1	1	1	1	True
BAR	H2Q5Y0	P49418	FP	TN	no_direct_hit	no_direct_hit	0	0	0	0	True
BAR	H2Q5Y0	Q7TQF7	FP	TN	no_direct_hit	no_direct_hit	0	0	0	0	True
BAR	H2Q5Y0	Q9UBW5	TP	FN	both_directions	both_directions	1	1	1	1	True
BAR	H2QIN5	P49418	FP	TN	both_directions	both_directions	1	1	1	1	True
BAR	H2QIN5	Q5ZKL7	FP	TN	no_direct_hit	no_direct_hit	0	0	0	0	True
BAR	H2QIN5	Q68FR2	FP	TN	no_direct_hit	no_direct_hit	0	0	0	0	True
BAR	H2QIN5	Q7TQF7	FP	TN	both_directions	both_directions	1	1	1	1	True
BAR	H2QIN5	Q9UBW5	FP	TN	both_directions	both_directions	1	1	1	1	True
BAR	H2R019	O00499	FP	TN	both_directions	both_directions	1	1	1	1	True
BAR	H2R019	O08539	FP	TN	both_directions	both_directions	1	1	1	1	True
BAR	H2R019	O08839	FP	TN	both_directions	both_directions	1	1	1	1	True
BAR	H2R019	Q5ZKL7	FP	TN	no_direct_hit	no_direct_hit	0	0	0	0	True
BAR	H2R019	Q68FR2	FP	TN	no_direct_hit	no_direct_hit	0	0	0	0	True
BAR	H2R019	Q9UBW5	FP	TN	no_direct_hit	no_direct_hit	0	0	0	0	True
BAR	O00499	Q5ZKL7	FP	TN	no_direct_hit	no_direct_hit	0	0	0	0	True
BAR	O00499	Q68FR2	FP	TN	no_direct_hit	no_direct_hit	0	0	0	0	True
BAR	O00499	Q7TQF7	FP	TN	both_directions	both_directions	1	1	1	1	True
BAR	O08539	P49418	FP	TN	both_directions	both_directions	1	1	1	1	True
BAR	O08539	Q5ZKL7	FP	TN	no_direct_hit	no_direct_hit	0	0	0	0	True
BAR	O08539	Q68FR2	FP	TN	no_direct_hit	no_direct_hit	0	0	0	0	True
BAR	O08539	Q9UBW5	FP	TN	no_direct_hit	no_direct_hit	0	0	0	0	True
BAR	O08839	P49418	FP	TN	both_directions	both_directions	1	1	1	1	True
BAR	O08839	Q5ZKL7	FP	TN	no_direct_hit	no_direct_hit	0	0	0	0	True
BAR	O08839	Q7TQF7	FP	TN	both_directions	both_directions	1	1	1	1	True
BAR	O08839	Q9UBW5	FP	TN	no_direct_hit	no_direct_hit	0	0	0	0	True
BAR	P49418	Q5ZKL7	FP	TN	no_direct_hit	no_direct_hit	0	0	0	0	True
BAR	P49418	Q68FR2	FP	TN	no_direct_hit	no_direct_hit	0	0	0	0	True
BAR	Q5ZKL7	Q7TQF7	FP	TN	no_direct_hit	no_direct_hit	0	0	0	0	True
BAR	Q68FR2	Q7TQF7	FP	TN	no_direct_hit	no_direct_hit	0	0	0	0	True
BAR	Q7TQF7	Q9UBW5	FP	TN	no_direct_hit	no_direct_hit	0	0	0	0	True
CASP	Q67X40	Q9CAX3	FP	TN	both_directions	both_directions	1	1	1	1	True
CASP	Q67X40	Q9FFZ7	FP	TN	both_directions	both_directions	1	1	1	1	True
CASP	Q67X40	Q9SIH4	FP	TN	both_directions	both_directions	1	1	1	1	True
CASP	Q67X40	Q9ZQI2	FP	TN	no_direct_hit	no_direct_hit	0	0	0	0	True
CASP	Q6EP58	Q9CAX3	FP	TN	both_directions	both_directions	1	1	1	1	True
CASP	Q6EP58	Q9FFZ7	FP	TN	no_direct_hit	no_direct_hit	0	0	0	0	True
CASP	Q6EP58	Q9SIH4	FP	TN	both_directions	both_directions	1	1	1	1	True
CASP	Q6EP58	Q9ZQI2	FP	TN	both_directions	both_directions	1	1	1	1	True
CASP	Q6Z1Y7	Q9LXF3	FP	TN	no_direct_hit	no_direct_hit	0	0	0	0	True
CASP	Q6Z1Y7	Q9XI72	FP	TN	no_direct_hit	no_direct_hit	0	0	0	0	True
CASP	Q6Z2U5	Q9CAX3	FP	TN	both_directions	both_directions	1	1	1	1	True
CASP	Q6Z2U5	Q9FFZ7	FP	TN	both_directions	both_directions	1	1	1	1	True
CASP	Q6Z2U5	Q9SIH4	FP	TN	both_directions	both_directions	1	1	1	1	True
CASP	Q6Z2U5	Q9ZQI2	FP	TN	no_direct_hit	no_direct_hit	0	0	0	0	True
CASP	Q7XPU9	Q9LXF3	FP	TN	both_directions	both_directions	1	1	1	1	True
CASP	Q7XPU9	Q9XI72	FP	TN	both_directions	both_directions	1	1	1	1	True
CASP	Q7XUV7	Q9CAX3	FP	TN	no_direct_hit	no_direct_hit	0	0	0	0	True
CASP	Q7XUV7	Q9FFZ7	FP	TN	no_direct_hit	no_direct_hit	0	0	0	0	True
CASP	Q7XUV7	Q9SIH4	FP	TN	both_directions	both_directions	1	1	1	1	True
CASP	Q7XUV7	Q9ZQI2	FP	TN	both_directions	both_directions	1	1	1	1	True
CITE	F1R408	F6VBX1	FP	TN	both_directions	both_directions	1	1	1	1	True
CITE	F1R408	H2LW29	FP	TN	both_directions	both_directions	1	1	1	1	True
CITE	F1R408	H2MGS0	FP	TN	both_directions	both_directions	1	1	1	1	True
CITE	F1R408	H2PYS8	FP	TN	no_direct_hit	no_direct_hit	0	0	0	0	True
CITE	F1R408	Q2HJ78	FP	TN	no_direct_hit	no_direct_hit	0	0	0	0	True
CITE	F1R408	Q96RK1	FP	TN	no_direct_hit	no_direct_hit	0	0	0	0	True
CITE	F1R408	Q99MA0	FP	TN	no_direct_hit	no_direct_hit	0	0	0	0	True
CITE	F1R408	Q9I8K7	FP	TN	both_directions	both_directions	1	1	1	1	True
CITE	F1R408	Q9WUL8	FP	TN	no_direct_hit	no_direct_hit	0	0	0	0	True
CITE	F6VBX1	H2LW29	TP	FN	both_directions	both_directions	1	1	1	1	True
CITE	F6VBX1	H2MGS0	TP	FN	both_directions	both_directions	1	1	1	1	True
CITE	F6VBX1	J9JHR0	FP	TN	both_directions	both_directions	1	1	1	1	True
CITE	F6VBX1	O35740	FP	TN	both_directions	both_directions	1	1	1	1	True
CITE	F6VBX1	Q0VCT9	FP	TN	both_directions	both_directions	1	1	1	1	True
CITE	F6VBX1	Q1L8S4	TP	FN	both_directions	both_directions	1	1	1	1	True
CITE	F6VBX1	Q6NX30	FP	TN	both_directions	both_directions	1	1	1	1	True
CITE	F6VBX1	Q99967	FP	TN	both_directions	both_directions	1	1	1	1	True
CITE	F6VBX1	Q99MA1	FP	TN	both_directions	both_directions	1	1	1	1	True
CITE	F6VBX1	Q9DDW4	FP	TN	both_directions	both_directions	1	1	1	1	True
CITE	F6VSF3	H2LW29	FP	TN	both_directions	both_directions	1	1	1	1	True
CITE	F6VSF3	H2MGS0	FP	TN	both_directions	both_directions	1	1	1	1	True
CITE	F6VSF3	H2PYS8	FP	TN	both_directions	both_directions	1	1	1	1	True
CITE	F6VSF3	Q1L8S4	FP	TN	both_directions	both_directions	1	1	1	1	True
CITE	F6VSF3	Q2HJ78	FP	TN	both_directions	both_directions	1	1	1	1	True
CITE	F6VSF3	Q96RK1	FP	TN	both_directions	both_directions	1	1	1	1	True
CITE	F6VSF3	Q99MA0	FP	TN	both_directions	both_directions	1	1	1	1	True
CITE	F6VSF3	Q9I8K7	FP	TN	both_directions	both_directions	1	1	1	1	True
CITE	F6VSF3	Q9WUL8	FP	TN	both_directions	both_directions	1	1	1	1	True
CITE	H2LW29	H2PYS8	TP	FN	both_directions	both_directions	1	1	1	1	True
CITE	H2LW29	J9JHR0	FP	TN	both_directions	both_directions	1	1	1	1	True
CITE	H2LW29	O35740	FP	TN	both_directions	both_directions	1	1	1	1	True
CITE	H2LW29	Q0VCT9	FP	TN	both_directions	both_directions	1	1	1	1	True
CITE	H2LW29	Q1L8S4	TP	FN	both_directions	both_directions	1	1	1	1	True
CITE	H2LW29	Q2HJ78	TP	FN	both_directions	both_directions	1	1	1	1	True
CITE	H2LW29	Q6NX30	FP	TN	both_directions	both_directions	1	1	1	1	True
CITE	H2LW29	Q96RK1	TP	FN	both_directions	both_directions	1	1	1	1	True
CITE	H2LW29	Q99967	FP	TN	both_directions	both_directions	1	1	1	1	True
CITE	H2LW29	Q99MA0	TP	FN	both_directions	both_directions	1	1	1	1	True
CITE	H2LW29	Q99MA1	FP	TN	both_directions	both_directions	1	1	1	1	True
CITE	H2LW29	Q9DDW4	FP	TN	both_directions	both_directions	1	1	1	1	True
CITE	H2LW29	Q9I8K7	TP	FN	both_directions	both_directions	1	1	1	1	True
CITE	H2LW29	Q9WUL8	TP	FN	both_directions	both_directions	1	1	1	1	True
CITE	H2MGS0	H2PYS8	TP	FN	both_directions	both_directions	1	1	1	1	True
CITE	H2MGS0	J9JHR0	FP	TN	both_directions	both_directions	1	1	1	1	True
CITE	H2MGS0	O35740	FP	TN	both_directions	both_directions	1	1	1	1	True
CITE	H2MGS0	Q0VCT9	FP	TN	both_directions	both_directions	1	1	1	1	True
CITE	H2MGS0	Q1L8S4	FP	TN	both_directions	both_directions	1	1	1	1	True
CITE	H2MGS0	Q2HJ78	TP	FN	both_directions	both_directions	1	1	1	1	True
CITE	H2MGS0	Q6NX30	FP	TN	both_directions	both_directions	1	1	1	1	True
CITE	H2MGS0	Q96RK1	TP	FN	both_directions	both_directions	1	1	1	1	True
CITE	H2MGS0	Q99967	FP	TN	both_directions	both_directions	1	1	1	1	True
CITE	H2MGS0	Q99MA0	TP	FN	both_directions	both_directions	1	1	1	1	True
CITE	H2MGS0	Q99MA1	FP	TN	both_directions	both_directions	1	1	1	1	True
CITE	H2MGS0	Q9DDW4	FP	TN	both_directions	both_directions	1	1	1	1	True
CITE	H2MGS0	Q9I8K7	TP	FN	both_directions	both_directions	1	1	1	1	True
CITE	H2MGS0	Q9WUL8	TP	FN	both_directions	both_directions	1	1	1	1	True
CITE	H2PYS8	J9JHR0	FP	TN	both_directions	both_directions	1	1	1	1	True
CITE	H2PYS8	O35740	FP	TN	both_directions	both_directions	1	1	1	1	True
CITE	H2PYS8	Q0VCT9	FP	TN	both_directions	both_directions	1	1	1	1	True
CITE	H2PYS8	Q1L8S4	TP	FN	both_directions	both_directions	1	1	1	1	True
CITE	H2PYS8	Q6NX30	FP	TN	both_directions	both_directions	1	1	1	1	True
CITE	H2PYS8	Q99967	FP	TN	both_directions	both_directions	1	1	1	1	True
CITE	H2PYS8	Q99MA1	FP	TN	both_directions	both_directions	1	1	1	1	True
CITE	H2PYS8	Q9DDW4	FP	TN	both_directions	both_directions	1	1	1	1	True
CITE	J9JHR0	Q1L8S4	FP	TN	both_directions	both_directions	1	1	1	1	True
CITE	J9JHR0	Q2HJ78	FP	TN	both_directions	both_directions	1	1	1	1	True
CITE	J9JHR0	Q96RK1	FP	TN	both_directions	both_directions	1	1	1	1	True
CITE	J9JHR0	Q99MA0	FP	TN	both_directions	both_directions	1	1	1	1	True
CITE	J9JHR0	Q9I8K7	FP	TN	both_directions	both_directions	1	1	1	1	True
CITE	J9JHR0	Q9WUL8	FP	TN	both_directions	both_directions	1	1	1	1	True
CITE	O35740	Q1L8S4	FP	TN	both_directions	both_directions	1	1	1	1	True
CITE	O35740	Q2HJ78	FP	TN	no_direct_hit	no_direct_hit	0	0	0	0	True
CITE	O35740	Q96RK1	FP	TN	both_directions	both_directions	1	1	1	1	True
CITE	O35740	Q99MA0	FP	TN	both_directions	both_directions	1	1	1	1	True
CITE	O35740	Q9I8K7	FP	TN	both_directions	both_directions	1	1	1	1	True
CITE	Q0VCT9	Q1L8S4	FP	TN	both_directions	both_directions	1	1	1	1	True
CITE	Q0VCT9	Q96RK1	FP	TN	both_directions	both_directions	1	1	1	1	True
CITE	Q0VCT9	Q99MA0	FP	TN	both_directions	both_directions	1	1	1	1	True
CITE	Q0VCT9	Q9I8K7	FP	TN	both_directions	both_directions	1	1	1	1	True
CITE	Q0VCT9	Q9WUL8	FP	TN	both_directions	both_directions	1	1	1	1	True
CITE	Q1L8S4	Q2HJ78	TP	FN	both_directions	both_directions	1	1	1	1	True
CITE	Q1L8S4	Q6NX30	FP	TN	both_directions	both_directions	1	1	1	1	True
CITE	Q1L8S4	Q96RK1	TP	FN	both_directions	both_directions	1	1	1	1	True
CITE	Q1L8S4	Q99967	FP	TN	both_directions	both_directions	1	1	1	1	True
CITE	Q1L8S4	Q99MA0	TP	FN	both_directions	both_directions	1	1	1	1	True
CITE	Q1L8S4	Q99MA1	FP	TN	both_directions	both_directions	1	1	1	1	True
CITE	Q1L8S4	Q9DDW4	FP	TN	both_directions	both_directions	1	1	1	1	True
CITE	Q1L8S4	Q9I8K7	TP	FN	both_directions	both_directions	1	1	1	1	True
CITE	Q1L8S4	Q9WUL8	TP	FN	both_directions	both_directions	1	1	1	1	True
CITE	Q2HJ78	Q6NX30	FP	TN	no_direct_hit	no_direct_hit	0	0	0	0	True
CITE	Q2HJ78	Q99967	FP	TN	one_direction	one_direction	1	0	1	0	True
CITE	Q2HJ78	Q99MA1	FP	TN	one_direction	one_direction	1	0	1	0	True
CITE	Q2HJ78	Q9DDW4	FP	TN	both_directions	both_directions	1	1	1	1	True
CITE	Q6NX30	Q96RK1	FP	TN	both_directions	both_directions	1	1	1	1	True
CITE	Q6NX30	Q99MA0	FP	TN	both_directions	both_directions	1	1	1	1	True
CITE	Q6NX30	Q9I8K7	FP	TN	both_directions	both_directions	1	1	1	1	True
CITE	Q6NX30	Q9WUL8	FP	TN	both_directions	both_directions	1	1	1	1	True
CITE	Q96RK1	Q99MA1	FP	TN	both_directions	both_directions	1	1	1	1	True
CITE	Q96RK1	Q9DDW4	FP	TN	both_directions	both_directions	1	1	1	1	True
CITE	Q99967	Q99MA0	FP	TN	both_directions	both_directions	1	1	1	1	True
CITE	Q99967	Q9I8K7	FP	TN	both_directions	both_directions	1	1	1	1	True
CITE	Q99967	Q9WUL8	FP	TN	both_directions	both_directions	1	1	1	1	True
CITE	Q99MA0	Q9DDW4	FP	TN	both_directions	both_directions	1	1	1	1	True
CITE	Q99MA1	Q9I8K7	FP	TN	both_directions	both_directions	1	1	1	1	True
CITE	Q99MA1	Q9WUL8	FP	TN	both_directions	both_directions	1	1	1	1	True
CITE	Q9DDW4	Q9WUL8	FP	TN	no_direct_hit	no_direct_hit	0	0	0	0	True
Clusterin	A5PMY8	F1MWI1	FP	TN	no_direct_hit	no_direct_hit	0	0	0	0	True
Clusterin	A5PMY8	F6UX07	FP	TN	both_directions	both_directions	1	1	1	1	True
Clusterin	A5PMY8	G3RL83	FP	TN	no_direct_hit	no_direct_hit	0	0	0	0	True
Clusterin	A5PMY8	H2MTZ0	FP	TN	no_direct_hit	no_direct_hit	0	0	0	0	True
Clusterin	A5PMY8	P05371	FP	TN	no_direct_hit	no_direct_hit	0	0	0	0	True
Clusterin	A5PMY8	P10909	FP	TN	no_direct_hit	no_direct_hit	0	0	0	0	True
Clusterin	A5PMY8	P17697	FP	TN	no_direct_hit	no_direct_hit	0	0	0	0	True
Clusterin	A5PMY8	Q06890	FP	TN	one_direction	one_direction	0	1	0	1	True
Clusterin	F1MWI1	F1N8T1	FP	TN	no_direct_hit	no_direct_hit	0	0	0	0	True
Clusterin	F1MWI1	F7G367	FP	TN	no_direct_hit	no_direct_hit	0	0	0	0	True
Clusterin	F1MWI1	Q15846	FP	TN	no_direct_hit	no_direct_hit	0	0	0	0	True
Clusterin	F1MWI1	Q3ZRW6	FP	TN	no_direct_hit	no_direct_hit	0	0	0	0	True
Clusterin	F1MWI1	Q3ZRW7	FP	TN	no_direct_hit	no_direct_hit	0	0	0	0	True
Clusterin	F1MWI1	Q95KN1	FP	TN	no_direct_hit	no_direct_hit	0	0	0	0	True
Clusterin	F1N8T1	F6UX07	FP	TN	both_directions	both_directions	1	1	1	1	True
Clusterin	F1N8T1	G3RL83	FP	TN	no_direct_hit	no_direct_hit	0	0	0	0	True
Clusterin	F1N8T1	H2MTZ0	FP	TN	one_direction	one_direction	0	1	0	1	True
Clusterin	F1N8T1	P05371	FP	TN	no_direct_hit	no_direct_hit	0	0	0	0	True
Clusterin	F1N8T1	P10909	FP	TN	no_direct_hit	no_direct_hit	0	0	0	0	True
Clusterin	F1N8T1	P17697	FP	TN	no_direct_hit	no_direct_hit	0	0	0	0	True
Clusterin	F1N8T1	Q06890	FP	TN	no_direct_hit	no_direct_hit	0	0	0	0	True
Clusterin	F1N8T1	Q5SPR2	FP	TN	no_direct_hit	no_direct_hit	0	0	0	0	True
Clusterin	F6UX07	Q15846	FP	TN	no_direct_hit	no_direct_hit	0	0	0	0	True
Clusterin	F6UX07	Q3ZRW6	FP	TN	both_directions	both_directions	1	1	1	1	True
Clusterin	F6UX07	Q3ZRW7	FP	TN	both_directions	both_directions	1	1	1	1	True
Clusterin	F6UX07	Q3ZRW9	FP	TN	no_direct_hit	no_direct_hit	0	0	0	0	True
Clusterin	F6UX07	Q95KN1	FP	TN	one_direction	one_direction	0	1	0	1	True
Clusterin	F7G367	G3RL83	FP	TN	both_directions	both_directions	1	1	1	1	True
Clusterin	F7G367	H2MTZ0	FP	TN	no_direct_hit	no_direct_hit	0	0	0	0	True
Clusterin	F7G367	P05371	FP	TN	no_direct_hit	no_direct_hit	0	0	0	0	True
Clusterin	F7G367	P10909	FP	TN	both_directions	both_directions	1	1	1	1	True
Clusterin	F7G367	P17697	FP	TN	no_direct_hit	no_direct_hit	0	0	0	0	True
Clusterin	F7G367	Q06890	FP	TN	no_direct_hit	no_direct_hit	0	0	0	0	True
Clusterin	F7G367	Q5SPR2	FP	TN	both_directions	both_directions	1	1	1	1	True
Clusterin	G3RL83	Q15846	FP	TN	both_directions	both_directions	1	1	1	1	True
Clusterin	G3RL83	Q3ZRW6	FP	TN	no_direct_hit	no_direct_hit	0	0	0	0	True
Clusterin	G3RL83	Q3ZRW7	FP	TN	no_direct_hit	no_direct_hit	0	0	0	0	True
Clusterin	G3RL83	Q3ZRW9	FP	TN	no_direct_hit	no_direct_hit	0	0	0	0	True
Clusterin	G3RL83	Q95KN1	FP	TN	no_direct_hit	no_direct_hit	0	0	0	0	True
Clusterin	H2MTZ0	Q15846	FP	TN	no_direct_hit	no_direct_hit	0	0	0	0	True
Clusterin	H2MTZ0	Q3ZRW6	FP	TN	no_direct_hit	no_direct_hit	0	0	0	0	True
Clusterin	H2MTZ0	Q3ZRW7	FP	TN	no_direct_hit	no_direct_hit	0	0	0	0	True
Clusterin	H2MTZ0	Q3ZRW9	FP	TN	no_direct_hit	no_direct_hit	0	0	0	0	True
Clusterin	H2MTZ0	Q95KN1	FP	TN	no_direct_hit	no_direct_hit	0	0	0	0	True
Clusterin	P05371	Q15846	FP	TN	both_directions	both_directions	1	1	1	1	True
Clusterin	P05371	Q3ZRW6	FP	TN	both_directions	both_directions	1	1	1	1	True
Clusterin	P05371	Q3ZRW9	FP	TN	no_direct_hit	no_direct_hit	0	0	0	0	True
Clusterin	P05371	Q95KN1	FP	TN	no_direct_hit	no_direct_hit	0	0	0	0	True
Clusterin	P10909	Q3ZRW6	FP	TN	no_direct_hit	no_direct_hit	0	0	0	0	True
Clusterin	P10909	Q3ZRW7	FP	TN	no_direct_hit	no_direct_hit	0	0	0	0	True
Clusterin	P10909	Q3ZRW9	FP	TN	no_direct_hit	no_direct_hit	0	0	0	0	True
Clusterin	P10909	Q95KN1	FP	TN	no_direct_hit	no_direct_hit	0	0	0	0	True
Clusterin	P17697	Q15846	FP	TN	no_direct_hit	no_direct_hit	0	0	0	0	True
Clusterin	P17697	Q3ZRW6	FP	TN	both_directions	both_directions	1	1	1	1	True
Clusterin	P17697	Q3ZRW7	FP	TN	both_directions	both_directions	1	1	1	1	True
Clusterin	P17697	Q95KN1	FP	TN	one_direction	one_direction	0	1	0	1	True
Clusterin	Q06890	Q15846	FP	TN	both_directions	both_directions	1	1	1	1	True
Clusterin	Q06890	Q3ZRW7	FP	TN	both_directions	both_directions	1	1	1	1	True
Clusterin	Q06890	Q3ZRW9	FP	TN	one_direction	one_direction	0	1	0	1	True
Clusterin	Q06890	Q95KN1	FP	TN	no_direct_hit	no_direct_hit	0	0	0	0	True
Clusterin	Q15846	Q5SPR2	FP	TN	both_directions	both_directions	1	1	1	1	True
Clusterin	Q3ZRW6	Q5SPR2	FP	TN	one_direction	one_direction	0	1	0	1	True
Clusterin	Q3ZRW7	Q5SPR2	FP	TN	one_direction	one_direction	0	1	0	1	True
Clusterin	Q3ZRW9	Q5SPR2	FP	TN	no_direct_hit	no_direct_hit	0	0	0	0	True
Clusterin	Q5SPR2	Q95KN1	FP	TN	no_direct_hit	no_direct_hit	0	0	0	0	True
GH14	O23553	Q10RZ1	FP	TN	both_directions	both_directions	1	1	1	1	True
GH14	O23553	Q5NB81	FP	TN	both_directions	both_directions	1	1	1	1	True
GH14	O23553	Q9AV88	FP	TN	both_directions	both_directions	1	1	1	1	True
GH14	O65258	Q10RZ1	FP	TN	both_directions	both_directions	1	1	1	1	True
GH14	O65258	Q5NB81	FP	TN	both_directions	both_directions	1	1	1	1	True
GH14	O65258	Q9AV88	FP	TN	no_direct_hit	no_direct_hit	0	0	0	0	True
GH14	O80831	Q652P5	TP	FN	no_direct_hit	no_direct_hit	0	0	0	0	True
GH14	Q10RZ1	Q9FM68	FP	TN	no_direct_hit	no_direct_hit	0	0	0	0	True
GH14	Q5NB81	Q9FM68	FP	TN	no_direct_hit	no_direct_hit	0	0	0	0	True
GH14	Q5NB81	Q9LIR6	FP	TN	both_directions	both_directions	1	1	1	1	True
GH14	Q652P5	Q8L762	FP	TN	no_direct_hit	no_direct_hit	0	0	0	0	True
GH14	Q9AV88	Q9FM68	FP	TN	no_direct_hit	no_direct_hit	0	0	0	0	True
HOX	A0A6I8Q068	E1BQM6	FP	TN	both_directions	both_directions	1	1	1	1	True
HOX	A0A6I8Q068	P17482	FP	TN	no_direct_hit	no_direct_hit	0	0	0	0	True
HOX	A0A6I8Q068	P28356	FP	TN	no_direct_hit	no_direct_hit	0	0	0	0	True
HOX	A0A6I8Q068	P31269	FP	TN	both_directions	both_directions	1	1	1	1	True
HOX	A0A6I8Q068	Q98924	FP	TN	no_direct_hit	no_direct_hit	0	0	0	0	True
HOX	A0A6I8Q068	Q9PWL6	FP	TN	no_direct_hit	no_direct_hit	0	0	0	0	True
HOX	A0A6I8Q068	Q9PWM2	FP	TN	no_direct_hit	no_direct_hit	0	0	0	0	True
HOX	A0A6I8Q068	Q9PWM6	FP	TN	no_direct_hit	no_direct_hit	0	0	0	0	True
HOX	A0A6I8Q068	Q9YGT5	FP	TN	no_direct_hit	no_direct_hit	0	0	0	0	True
HOX	A2BE68	P24343	FP	TN	both_directions	both_directions	1	1	1	1	True
HOX	A2BE68	P35452	FP	TN	both_directions	both_directions	1	1	1	1	True
HOX	E1BQM6	F7D5I9	FP	TN	both_directions	both_directions	1	1	1	1	True
HOX	E1BQM6	P28356	FP	TN	no_direct_hit	no_direct_hit	0	0	0	0	True
HOX	E1BQM6	P31269	FP	TN	both_directions	both_directions	1	1	1	1	True
HOX	E1BQM6	P31274	FP	TN	both_directions	both_directions	1	1	1	1	True
HOX	E1BQM6	Q9PWL6	FP	TN	both_directions	both_directions	1	1	1	1	True
HOX	E1BQM6	Q9PWM6	FP	TN	both_directions	both_directions	1	1	1	1	True
HOX	E1BQM6	Q9YGT5	FP	TN	both_directions	both_directions	1	1	1	1	True
HOX	E1BRT6	F7BEF0	FP	TN	both_directions	both_directions	1	1	1	1	True
HOX	E1BRT6	P31260	FP	TN	both_directions	both_directions	1	1	1	1	True
HOX	E1BRT6	Q8AWY2	FP	TN	both_directions	both_directions	1	1	1	1	True
HOX	E1BRT6	Q9NYD6	FP	TN	both_directions	both_directions	1	1	1	1	True
HOX	F6PXE7	P31260	FP	TN	both_directions	both_directions	1	1	1	1	True
HOX	F6PXE7	Q8AWY2	FP	TN	both_directions	both_directions	1	1	1	1	True
HOX	F6PXE7	Q9NYD6	FP	TN	both_directions	both_directions	1	1	1	1	True
HOX	F6PXR2	P31271	FP	TN	no_direct_hit	no_direct_hit	0	0	0	0	True
HOX	F6PXR2	P31276	FP	TN	no_direct_hit	no_direct_hit	0	0	0	0	True
HOX	F6PXR2	P79724	FP	TN	both_directions	both_directions	1	1	1	1	True
HOX	F6PXR2	Q1ECY2	FP	TN	both_directions	both_directions	1	1	1	1	True
HOX	F6PXR2	Q6JIY4	FP	TN	no_direct_hit	no_direct_hit	0	0	0	0	True
HOX	F6PXR2	Q6JIY5	FP	TN	both_directions	both_directions	1	1	1	1	True
HOX	F6PXR2	Q6W990	FP	TN	both_directions	both_directions	1	1	1	1	True
HOX	F6PXR2	Q90X25	FP	TN	no_direct_hit	no_direct_hit	0	0	0	0	True
HOX	F6PXR2	Q92826	FP	TN	no_direct_hit	no_direct_hit	0	0	0	0	True
HOX	F7BEF0	P28358	FP	TN	both_directions	both_directions	1	1	1	1	True
HOX	F7BEF0	P31260	FP	TN	both_directions	both_directions	1	1	1	1	True
HOX	F7BEF0	Q8AWY2	FP	TN	both_directions	both_directions	1	1	1	1	True
HOX	F7BEF0	Q90469	FP	TN	both_directions	both_directions	1	1	1	1	True
HOX	F7BEI0	P24343	FP	TN	both_directions	both_directions	1	1	1	1	True
HOX	F7BEI0	P35452	FP	TN	both_directions	both_directions	1	1	1	1	True
HOX	F7BEI0	Q90471	FP	TN	both_directions	both_directions	1	1	1	1	True
HOX	F7D5A4	O43248	FP	TN	both_directions	both_directions	1	1	1	1	True
HOX	F7D5A4	P24342	FP	TN	both_directions	both_directions	1	1	1	1	True
HOX	F7D5A4	P31277	FP	TN	both_directions	both_directions	1	1	1	1	True
HOX	F7D5A4	Q58EL0	FP	TN	both_directions	both_directions	1	1	1	1	True
HOX	F7D5A4	Q90470	FP	TN	both_directions	both_directions	1	1	1	1	True
HOX	F7D5I9	P17482	FP	TN	both_directions	both_directions	1	1	1	1	True
HOX	F7D5I9	P28356	FP	TN	one_direction	one_direction	1	0	1	0	True
HOX	F7D5I9	P31274	FP	TN	both_directions	both_directions	1	1	1	1	True
HOX	F7D5I9	Q9PWM2	FP	TN	both_directions	both_directions	1	1	1	1	True
HOX	F7D5I9	Q9PWM6	FP	TN	both_directions	both_directions	1	1	1	1	True
HOX	O43248	P24342	FP	TN	both_directions	both_directions	1	1	1	1	True
HOX	O43248	P31258	FP	TN	both_directions	both_directions	1	1	1	1	True
HOX	O43248	Q90470	FP	TN	both_directions	both_directions	1	1	1	1	True
HOX	O43248	Q9DDU0	FP	TN	both_directions	both_directions	1	1	1	1	True
HOX	O43248	Q9DDU1	FP	TN	both_directions	both_directions	1	1	1	1	True
HOX	P17482	Q98924	FP	TN	no_direct_hit	no_direct_hit	0	0	0	0	True
HOX	P17482	Q9PWL6	FP	TN	both_directions	both_directions	1	1	1	1	True
HOX	P17482	Q9PWM6	FP	TN	both_directions	both_directions	1	1	1	1	True
HOX	P17482	Q9YGT5	FP	TN	both_directions	both_directions	1	1	1	1	True
HOX	P24342	P31270	FP	TN	both_directions	both_directions	1	1	1	1	True
HOX	P24342	Q58EL0	FP	TN	both_directions	both_directions	1	1	1	1	True
HOX	P24342	Q9DDU0	FP	TN	both_directions	both_directions	1	1	1	1	True
HOX	P24342	Q9DDU1	FP	TN	both_directions	both_directions	1	1	1	1	True
HOX	P24343	P31275	FP	TN	both_directions	both_directions	1	1	1	1	True
HOX	P24343	Q9YGT0	FP	TN	both_directions	both_directions	1	1	1	1	True
HOX	P24344	P31271	FP	TN	both_directions	both_directions	1	1	1	1	True
HOX	P24344	P31276	FP	TN	both_directions	both_directions	1	1	1	1	True
HOX	P24344	P79724	FP	TN	both_directions	both_directions	1	1	1	1	True
HOX	P24344	Q1ECY2	FP	TN	both_directions	both_directions	1	1	1	1	True
HOX	P24344	Q6JIY4	FP	TN	no_direct_hit	no_direct_hit	0	0	0	0	True
HOX	P24344	Q6JIY5	FP	TN	both_directions	both_directions	1	1	1	1	True
HOX	P24344	Q6W990	FP	TN	both_directions	both_directions	1	1	1	1	True
HOX	P24344	Q92826	FP	TN	no_direct_hit	no_direct_hit	0	0	0	0	True
HOX	P28356	Q98924	FP	TN	no_direct_hit	no_direct_hit	0	0	0	0	True
HOX	P28356	Q9PWL6	FP	TN	no_direct_hit	no_direct_hit	0	0	0	0	True
HOX	P28356	Q9PWM2	FP	TN	no_direct_hit	no_direct_hit	0	0	0	0	True
HOX	P28356	Q9YGT5	FP	TN	no_direct_hit	no_direct_hit	0	0	0	0	True
HOX	P28358	Q8AWY2	FP	TN	both_directions	both_directions	1	1	1	1	True
HOX	P31258	P31277	FP	TN	both_directions	both_directions	1	1	1	1	True
HOX	P31258	Q58EL0	FP	TN	both_directions	both_directions	1	1	1	1	True
HOX	P31258	Q90470	FP	TN	both_directions	both_directions	1	1	1	1	True
HOX	P31260	Q90469	FP	TN	both_directions	both_directions	1	1	1	1	True
HOX	P31269	Q9PWM2	FP	TN	both_directions	both_directions	1	1	1	1	True
HOX	P31269	Q9PWM6	FP	TN	both_directions	both_directions	1	1	1	1	True
HOX	P31270	Q58EL0	FP	TN	both_directions	both_directions	1	1	1	1	True
HOX	P31270	Q90470	FP	TN	both_directions	both_directions	1	1	1	1	True
HOX	P31271	Q1ECY2	FP	TN	both_directions	both_directions	1	1	1	1	True
HOX	P31271	Q6JIY4	FP	TN	both_directions	both_directions	1	1	1	1	True
HOX	P31271	Q6JIY5	FP	TN	both_directions	both_directions	1	1	1	1	True
HOX	P31274	Q98924	FP	TN	no_direct_hit	no_direct_hit	0	0	0	0	True
HOX	P31274	Q9PWL6	FP	TN	both_directions	both_directions	1	1	1	1	True
HOX	P31274	Q9PWM2	FP	TN	both_directions	both_directions	1	1	1	1	True
HOX	P31274	Q9PWM6	FP	TN	both_directions	both_directions	1	1	1	1	True
HOX	P31274	Q9YGT5	FP	TN	no_direct_hit	no_direct_hit	0	0	0	0	True
HOX	P31275	Q90471	FP	TN	both_directions	both_directions	1	1	1	1	True
HOX	P31276	P79724	FP	TN	both_directions	both_directions	1	1	1	1	True
HOX	P31276	Q1ECY2	FP	TN	both_directions	both_directions	1	1	1	1	True
HOX	P31276	Q6W990	FP	TN	both_directions	both_directions	1	1	1	1	True
HOX	P31276	Q90X25	FP	TN	no_direct_hit	no_direct_hit	0	0	0	0	True
HOX	P31277	Q58EL0	FP	TN	both_directions	both_directions	1	1	1	1	True
HOX	P31277	Q9DDU0	FP	TN	both_directions	both_directions	1	1	1	1	True
HOX	P31277	Q9DDU1	FP	TN	both_directions	both_directions	1	1	1	1	True
HOX	P35452	Q9YGT0	FP	TN	both_directions	both_directions	1	1	1	1	True
HOX	P35453	P79724	FP	TN	both_directions	both_directions	1	1	1	1	True
HOX	P35453	Q1ECY2	FP	TN	both_directions	both_directions	1	1	1	1	True
HOX	P35453	Q6JIY4	FP	TN	no_direct_hit	no_direct_hit	0	0	0	0	True
HOX	P35453	Q6JIY5	FP	TN	no_direct_hit	no_direct_hit	0	0	0	0	True
HOX	P35453	Q6W990	FP	TN	both_directions	both_directions	1	1	1	1	True
HOX	P35453	Q90X25	FP	TN	no_direct_hit	no_direct_hit	0	0	0	0	True
HOX	P79724	Q92826	FP	TN	no_direct_hit	no_direct_hit	0	0	0	0	True
HOX	Q1ECY2	Q90X25	FP	TN	both_directions	both_directions	1	1	1	1	True
HOX	Q6JIY4	Q90X25	FP	TN	no_direct_hit	no_direct_hit	0	0	0	0	True
HOX	Q6JIY4	Q92826	FP	TN	no_direct_hit	no_direct_hit	0	0	0	0	True
HOX	Q6JIY5	Q90X25	FP	TN	no_direct_hit	no_direct_hit	0	0	0	0	True
HOX	Q6JIY5	Q92826	FP	TN	both_directions	both_directions	1	1	1	1	True
HOX	Q6W990	Q92826	FP	TN	both_directions	both_directions	1	1	1	1	True
HOX	Q8AWY2	Q9NYD6	FP	TN	both_directions	both_directions	1	1	1	1	True
HOX	Q90469	Q9NYD6	FP	TN	both_directions	both_directions	1	1	1	1	True
HOX	Q90X25	Q92826	FP	TN	both_directions	both_directions	1	1	1	1	True
HOX	Q98924	Q9PWM2	FP	TN	no_direct_hit	no_direct_hit	0	0	0	0	True
HOX	Q98924	Q9PWM6	FP	TN	one_direction	one_direction	1	0	1	0	True
MAPT	F1MEW3	P10636	FP	TN	both_directions	both_directions	1	1	1	1	True
MAPT	F1MEW3	Q5YCW0	FP	TN	both_directions	both_directions	1	1	1	1	True
MAPT	F1MEW3	Q5YCW1	FP	TN	both_directions	both_directions	1	1	1	1	True
MAPT	H2R011	P10636	FP	TN	both_directions	both_directions	1	1	1	1	True
MAPT	H2R011	P29172	FP	TN	one_direction	one_direction	1	0	1	0	True
MAPT	H2R011	Q5YCW0	FP	TN	both_directions	both_directions	1	1	1	1	True
MAPT	P10636	P20357	FP	TN	both_directions	both_directions	1	1	1	1	True
MAPT	P11137	P29172	FP	TN	one_direction	one_direction	1	0	1	0	True
MAPT	P11137	Q5YCW0	FP	TN	both_directions	both_directions	1	1	1	1	True
MAPT	P11137	Q5YCW1	FP	TN	both_directions	both_directions	1	1	1	1	True
MAPT	P20357	P29172	FP	TN	one_direction	one_direction	1	0	1	0	True
MAPT	P20357	Q5YCW0	FP	TN	both_directions	both_directions	1	1	1	1	True
MAPT	P20357	Q5YCW1	FP	TN	both_directions	both_directions	1	1	1	1	True
NOX	A0A3B3IDP9	A0A3Q2U7E3	FP	TN	both_directions	both_directions	1	1	1	1	True
NOX	A0A3B3IDP9	A0A5F4CEF0	FP	TN	both_directions	both_directions	1	1	1	1	True
NOX	A0A3B3IDP9	A7E3L1	FP	TN	both_directions	both_directions	1	1	1	1	True
NOX	A0A3B3IDP9	A7RPH5	FP	TN	both_directions	both_directions	1	1	1	1	True
NOX	A0A3B3IDP9	E1BFF3	FP	TN	both_directions	both_directions	1	1	1	1	True
NOX	A0A3B3IDP9	F1MQX5	FP	TN	both_directions	both_directions	1	1	1	1	True
NOX	A0A3B3IDP9	F1NVG4	FP	TN	both_directions	both_directions	1	1	1	1	True
NOX	A0A3B3IDP9	F1PSM8	FP	TN	no_direct_hit	no_direct_hit	0	0	0	0	True
NOX	A0A3B3IDP9	F6U2X4	FP	TN	both_directions	both_directions	1	1	1	1	True
NOX	A0A3B3IDP9	F6Z703	FP	TN	both_directions	both_directions	1	1	1	1	True
NOX	A0A3B3IDP9	F7CLH6	FP	TN	no_direct_hit	no_direct_hit	0	0	0	0	True
NOX	A0A3B3IDP9	F7ELK5	FP	TN	both_directions	both_directions	1	1	1	1	True
NOX	A0A3B3IDP9	G3QXY3	FP	TN	both_directions	both_directions	1	1	1	1	True
NOX	A0A3B3IDP9	G3RI51	FP	TN	both_directions	both_directions	1	1	1	1	True
NOX	A0A3B3IDP9	H2QTY3	FP	TN	both_directions	both_directions	1	1	1	1	True
NOX	A0A3B3IDP9	H2R4R9	FP	TN	both_directions	both_directions	1	1	1	1	True
NOX	A0A3B3IDP9	H2R516	FP	TN	both_directions	both_directions	1	1	1	1	True
NOX	A0A3B3IDP9	O46522	FP	TN	both_directions	both_directions	1	1	1	1	True
NOX	A0A3B3IDP9	P04839	FP	TN	both_directions	both_directions	1	1	1	1	True
NOX	A0A3B3IDP9	Q505H9	FP	TN	both_directions	both_directions	1	1	1	1	True
NOX	A0A3B3IDP9	Q61093	FP	TN	both_directions	both_directions	1	1	1	1	True
NOX	A0A3B3IDP9	Q672J9	FP	TN	both_directions	both_directions	1	1	1	1	True
NOX	A0A3B3IDP9	Q672K1	FP	TN	both_directions	both_directions	1	1	1	1	True
NOX	A0A3B3IDP9	Q924V1	FP	TN	both_directions	both_directions	1	1	1	1	True
NOX	A0A3B3IDP9	Q9ERL1	FP	TN	both_directions	both_directions	1	1	1	1	True
NOX	A0A3B3IDP9	Q9HBY0	FP	TN	both_directions	both_directions	1	1	1	1	True
NOX	A0A3B3IDP9	Q9JHI8	FP	TN	both_directions	both_directions	1	1	1	1	True
NOX	A0A3B3IDP9	Q9NPH5	FP	TN	both_directions	both_directions	1	1	1	1	True
NOX	A0A3Q2U7E3	A0A5F4CEF0	FP	TN	no_direct_hit	no_direct_hit	0	0	0	0	True
NOX	A0A3Q2U7E3	A7E3L1	FP	TN	no_direct_hit	no_direct_hit	0	0	0	0	True
NOX	A0A3Q2U7E3	A7SCJ4	FP	TN	no_direct_hit	no_direct_hit	0	0	0	0	True
NOX	A0A3Q2U7E3	A7SD95	FP	TN	both_directions	both_directions	1	1	1	1	True
NOX	A0A3Q2U7E3	C3XUP1	FP	TN	no_direct_hit	no_direct_hit	0	0	0	0	True
NOX	A0A3Q2U7E3	E1BFF3	FP	TN	no_direct_hit	no_direct_hit	0	0	0	0	True
NOX	A0A3Q2U7E3	E1BPJ7	FP	TN	no_direct_hit	no_direct_hit	0	0	0	0	True
NOX	A0A3Q2U7E3	F1PL03	FP	TN	no_direct_hit	no_direct_hit	0	0	0	0	True
NOX	A0A3Q2U7E3	F6U2X4	FP	TN	no_direct_hit	no_direct_hit	0	0	0	0	True
NOX	A0A3Q2U7E3	F7AMC8	FP	TN	no_direct_hit	no_direct_hit	0	0	0	0	True
NOX	A0A3Q2U7E3	F7ELK5	FP	TN	no_direct_hit	no_direct_hit	0	0	0	0	True
NOX	A0A3Q2U7E3	G3QVH2	FP	TN	no_direct_hit	no_direct_hit	0	0	0	0	True
NOX	A0A3Q2U7E3	G3QXY3	FP	TN	no_direct_hit	no_direct_hit	0	0	0	0	True
NOX	A0A3Q2U7E3	G3RI51	FP	TN	no_direct_hit	no_direct_hit	0	0	0	0	True
NOX	A0A3Q2U7E3	H2L879	FP	TN	no_direct_hit	no_direct_hit	0	0	0	0	True
NOX	A0A3Q2U7E3	H2QTY3	FP	TN	no_direct_hit	no_direct_hit	0	0	0	0	True
NOX	A0A3Q2U7E3	H2R4R9	FP	TN	no_direct_hit	no_direct_hit	0	0	0	0	True
NOX	A0A3Q2U7E3	O46522	FP	TN	no_direct_hit	no_direct_hit	0	0	0	0	True
NOX	A0A3Q2U7E3	P04839	FP	TN	no_direct_hit	no_direct_hit	0	0	0	0	True
NOX	A0A3Q2U7E3	Q505H9	FP	TN	no_direct_hit	no_direct_hit	0	0	0	0	True
NOX	A0A3Q2U7E3	Q61093	FP	TN	no_direct_hit	no_direct_hit	0	0	0	0	True
NOX	A0A3Q2U7E3	Q672J9	FP	TN	no_direct_hit	no_direct_hit	0	0	0	0	True
NOX	A0A3Q2U7E3	Q672K1	FP	TN	no_direct_hit	no_direct_hit	0	0	0	0	True
NOX	A0A3Q2U7E3	Q8CIZ9	FP	TN	no_direct_hit	no_direct_hit	0	0	0	0	True
NOX	A0A3Q2U7E3	Q9ERL1	FP	TN	no_direct_hit	no_direct_hit	0	0	0	0	True
NOX	A0A3Q2U7E3	Q9HBY0	FP	TN	no_direct_hit	no_direct_hit	0	0	0	0	True
NOX	A0A3Q2U7E3	Q9WV87	FP	TN	no_direct_hit	no_direct_hit	0	0	0	0	True
NOX	A0A3Q2U7E3	Q9Y5S8	FP	TN	no_direct_hit	no_direct_hit	0	0	0	0	True
NOX	A0A3Q2UE93	A0A5F4CEF0	FP	TN	both_directions	both_directions	1	1	1	1	True
NOX	A0A3Q2UE93	A7E3L1	FP	TN	both_directions	both_directions	1	1	1	1	True
NOX	A0A3Q2UE93	A7RPH5	FP	TN	both_directions	both_directions	1	1	1	1	True
NOX	A0A3Q2UE93	E1BFF3	FP	TN	both_directions	both_directions	1	1	1	1	True
NOX	A0A3Q2UE93	F1MQX5	FP	TN	both_directions	both_directions	1	1	1	1	True
NOX	A0A3Q2UE93	F1PSM8	FP	TN	no_direct_hit	no_direct_hit	0	0	0	0	True
NOX	A0A3Q2UE93	F6U2X4	FP	TN	both_directions	both_directions	1	1	1	1	True
NOX	A0A3Q2UE93	F6Z703	FP	TN	both_directions	both_directions	1	1	1	1	True
NOX	A0A3Q2UE93	F7CLH6	FP	TN	both_directions	both_directions	1	1	1	1	True
NOX	A0A3Q2UE93	F7ELK5	FP	TN	both_directions	both_directions	1	1	1	1	True
NOX	A0A3Q2UE93	G3QXY3	FP	TN	both_directions	both_directions	1	1	1	1	True
NOX	A0A3Q2UE93	G3RI51	FP	TN	both_directions	both_directions	1	1	1	1	True
NOX	A0A3Q2UE93	H2L879	FP	TN	both_directions	both_directions	1	1	1	1	True
NOX	A0A3Q2UE93	H2M5R6	FP	TN	both_directions	both_directions	1	1	1	1	True
NOX	A0A3Q2UE93	H2QTY3	FP	TN	both_directions	both_directions	1	1	1	1	True
NOX	A0A3Q2UE93	H2R4R9	FP	TN	both_directions	both_directions	1	1	1	1	True
NOX	A0A3Q2UE93	H2R516	FP	TN	both_directions	both_directions	1	1	1	1	True
NOX	A0A3Q2UE93	O46522	FP	TN	both_directions	both_directions	1	1	1	1	True
NOX	A0A3Q2UE93	P04839	FP	TN	both_directions	both_directions	1	1	1	1	True
NOX	A0A3Q2UE93	Q505H9	FP	TN	both_directions	both_directions	1	1	1	1	True
NOX	A0A3Q2UE93	Q61093	FP	TN	both_directions	both_directions	1	1	1	1	True
NOX	A0A3Q2UE93	Q672J9	FP	TN	both_directions	both_directions	1	1	1	1	True
NOX	A0A3Q2UE93	Q672K1	FP	TN	both_directions	both_directions	1	1	1	1	True
NOX	A0A3Q2UE93	Q924V1	FP	TN	both_directions	both_directions	1	1	1	1	True
NOX	A0A3Q2UE93	Q9ERL1	FP	TN	both_directions	both_directions	1	1	1	1	True
NOX	A0A3Q2UE93	Q9HBY0	FP	TN	both_directions	both_directions	1	1	1	1	True
NOX	A0A3Q2UE93	Q9JHI8	FP	TN	both_directions	both_directions	1	1	1	1	True
NOX	A0A3Q2UE93	Q9NPH5	FP	TN	both_directions	both_directions	1	1	1	1	True
NOX	A0A5F4CEF0	A7RPH5	FP	TN	no_direct_hit	no_direct_hit	0	0	0	0	True
NOX	A0A5F4CEF0	E1BFF3	FP	TN	both_directions	both_directions	1	1	1	1	True
NOX	A0A5F4CEF0	E1BPJ7	FP	TN	both_directions	both_directions	1	1	1	1	True
NOX	A0A5F4CEF0	F1MQX5	FP	TN	both_directions	both_directions	1	1	1	1	True
NOX	A0A5F4CEF0	F1NVG4	FP	TN	both_directions	both_directions	1	1	1	1	True
NOX	A0A5F4CEF0	F6Z703	FP	TN	both_directions	both_directions	1	1	1	1	True
NOX	A0A5F4CEF0	F7AMC8	FP	TN	both_directions	both_directions	1	1	1	1	True
NOX	A0A5F4CEF0	F7CLH6	FP	TN	no_direct_hit	no_direct_hit	0	0	0	0	True
NOX	A0A5F4CEF0	F7ELK5	FP	TN	both_directions	both_directions	1	1	1	1	True
NOX	A0A5F4CEF0	G3QVH2	FP	TN	both_directions	both_directions	1	1	1	1	True
NOX	A0A5F4CEF0	G3RI51	FP	TN	both_directions	both_directions	1	1	1	1	True
NOX	A0A5F4CEF0	H2M5R6	FP	TN	both_directions	both_directions	1	1	1	1	True
NOX	A0A5F4CEF0	H2QTY3	FP	TN	both_directions	both_directions	1	1	1	1	True
NOX	A0A5F4CEF0	H2R516	FP	TN	both_directions	both_directions	1	1	1	1	True
NOX	A0A5F4CEF0	Q672J9	FP	TN	both_directions	both_directions	1	1	1	1	True
NOX	A0A5F4CEF0	Q672K1	FP	TN	both_directions	both_directions	1	1	1	1	True
NOX	A0A5F4CEF0	Q8CIZ9	FP	TN	both_directions	both_directions	1	1	1	1	True
NOX	A0A5F4CEF0	Q924V1	FP	TN	both_directions	both_directions	1	1	1	1	True
NOX	A0A5F4CEF0	Q9HBY0	FP	TN	both_directions	both_directions	1	1	1	1	True
NOX	A0A5F4CEF0	Q9JHI8	FP	TN	both_directions	both_directions	1	1	1	1	True
NOX	A0A5F4CEF0	Q9NPH5	FP	TN	both_directions	both_directions	1	1	1	1	True
NOX	A0A5F4CEF0	Q9WV87	FP	TN	both_directions	both_directions	1	1	1	1	True
NOX	A0A5F4CEF0	Q9Y5S8	FP	TN	both_directions	both_directions	1	1	1	1	True
NOX	A7E3L1	A7RPH5	FP	TN	both_directions	both_directions	1	1	1	1	True
NOX	A7E3L1	E1BPJ7	FP	TN	both_directions	both_directions	1	1	1	1	True
NOX	A7E3L1	F1MQX5	FP	TN	both_directions	both_directions	1	1	1	1	True
NOX	A7E3L1	F6U2X4	FP	TN	both_directions	both_directions	1	1	1	1	True
NOX	A7E3L1	F6Z703	FP	TN	both_directions	both_directions	1	1	1	1	True
NOX	A7E3L1	F7AMC8	FP	TN	both_directions	both_directions	1	1	1	1	True
NOX	A7E3L1	F7CLH6	FP	TN	no_direct_hit	no_direct_hit	0	0	0	0	True
NOX	A7E3L1	G3QVH2	FP	TN	both_directions	both_directions	1	1	1	1	True
NOX	A7E3L1	G3QXY3	FP	TN	both_directions	both_directions	1	1	1	1	True
NOX	A7E3L1	H2L879	FP	TN	both_directions	both_directions	1	1	1	1	True
NOX	A7E3L1	H2M5R6	FP	TN	no_direct_hit	no_direct_hit	0	0	0	0	True
NOX	A7E3L1	H2R4R9	FP	TN	both_directions	both_directions	1	1	1	1	True
NOX	A7E3L1	H2R516	FP	TN	both_directions	both_directions	1	1	1	1	True
NOX	A7E3L1	O46522	FP	TN	both_directions	both_directions	1	1	1	1	True
NOX	A7E3L1	P04839	FP	TN	both_directions	both_directions	1	1	1	1	True
NOX	A7E3L1	Q505H9	FP	TN	both_directions	both_directions	1	1	1	1	True
NOX	A7E3L1	Q61093	FP	TN	both_directions	both_directions	1	1	1	1	True
NOX	A7E3L1	Q8CIZ9	FP	TN	both_directions	both_directions	1	1	1	1	True
NOX	A7E3L1	Q924V1	FP	TN	both_directions	both_directions	1	1	1	1	True
NOX	A7E3L1	Q9ERL1	FP	TN	both_directions	both_directions	1	1	1	1	True
NOX	A7E3L1	Q9JHI8	FP	TN	both_directions	both_directions	1	1	1	1	True
NOX	A7E3L1	Q9NPH5	FP	TN	both_directions	both_directions	1	1	1	1	True
NOX	A7E3L1	Q9WV87	FP	TN	both_directions	both_directions	1	1	1	1	True
NOX	A7E3L1	Q9Y5S8	FP	TN	both_directions	both_directions	1	1	1	1	True
NOX	A7RPH5	C3XUP1	FP	TN	both_directions	both_directions	1	1	1	1	True
NOX	A7RPH5	E1BFF3	FP	TN	no_direct_hit	no_direct_hit	0	0	0	0	True
NOX	A7RPH5	E1BPJ7	FP	TN	no_direct_hit	no_direct_hit	0	0	0	0	True
NOX	A7RPH5	F1NVG4	FP	TN	no_direct_hit	no_direct_hit	0	0	0	0	True
NOX	A7RPH5	F1PL03	FP	TN	both_directions	both_directions	1	1	1	1	True
NOX	A7RPH5	F6U2X4	FP	TN	both_directions	both_directions	1	1	1	1	True
NOX	A7RPH5	F7AMC8	FP	TN	no_direct_hit	no_direct_hit	0	0	0	0	True
NOX	A7RPH5	F7ELK5	FP	TN	no_direct_hit	no_direct_hit	0	0	0	0	True
NOX	A7RPH5	G3QVH2	FP	TN	both_directions	both_directions	1	1	1	1	True
NOX	A7RPH5	G3QXY3	FP	TN	no_direct_hit	no_direct_hit	0	0	0	0	True
NOX	A7RPH5	G3RI51	FP	TN	no_direct_hit	no_direct_hit	0	0	0	0	True
NOX	A7RPH5	H2L879	FP	TN	no_direct_hit	no_direct_hit	0	0	0	0	True
NOX	A7RPH5	H2QTY3	FP	TN	no_direct_hit	no_direct_hit	0	0	0	0	True
NOX	A7RPH5	H2R4R9	FP	TN	no_direct_hit	no_direct_hit	0	0	0	0	True
NOX	A7RPH5	O46522	FP	TN	no_direct_hit	no_direct_hit	0	0	0	0	True
NOX	A7RPH5	P04839	FP	TN	no_direct_hit	no_direct_hit	0	0	0	0	True
NOX	A7RPH5	Q505H9	FP	TN	no_direct_hit	no_direct_hit	0	0	0	0	True
NOX	A7RPH5	Q61093	FP	TN	no_direct_hit	no_direct_hit	0	0	0	0	True
NOX	A7RPH5	Q672J9	FP	TN	no_direct_hit	no_direct_hit	0	0	0	0	True
NOX	A7RPH5	Q672K1	FP	TN	no_direct_hit	no_direct_hit	0	0	0	0	True
NOX	A7RPH5	Q8CIZ9	FP	TN	no_direct_hit	no_direct_hit	0	0	0	0	True
NOX	A7RPH5	Q9ERL1	FP	TN	no_direct_hit	no_direct_hit	0	0	0	0	True
NOX	A7RPH5	Q9HBY0	FP	TN	no_direct_hit	no_direct_hit	0	0	0	0	True
NOX	A7RPH5	Q9WV87	FP	TN	no_direct_hit	no_direct_hit	0	0	0	0	True
NOX	A7RPH5	Q9Y5S8	FP	TN	both_directions	both_directions	1	1	1	1	True
NOX	A7SCJ4	F1MQX5	FP	TN	no_direct_hit	no_direct_hit	0	0	0	0	True
NOX	A7SCJ4	F1PSM8	FP	TN	no_direct_hit	no_direct_hit	0	0	0	0	True
NOX	A7SCJ4	F6Z703	FP	TN	no_direct_hit	no_direct_hit	0	0	0	0	True
NOX	A7SCJ4	F7CLH6	FP	TN	no_direct_hit	no_direct_hit	0	0	0	0	True
NOX	A7SCJ4	H2M5R6	FP	TN	both_directions	both_directions	1	1	1	1	True
NOX	A7SCJ4	H2R516	FP	TN	no_direct_hit	no_direct_hit	0	0	0	0	True
NOX	A7SCJ4	Q924V1	FP	TN	no_direct_hit	no_direct_hit	0	0	0	0	True
NOX	A7SCJ4	Q9JHI8	FP	TN	no_direct_hit	no_direct_hit	0	0	0	0	True
NOX	A7SCJ4	Q9NPH5	FP	TN	no_direct_hit	no_direct_hit	0	0	0	0	True
NOX	A7SD95	F1MQX5	FP	TN	both_directions	both_directions	1	1	1	1	True
NOX	A7SD95	F1PSM8	FP	TN	no_direct_hit	no_direct_hit	0	0	0	0	True
NOX	A7SD95	F6Z703	FP	TN	both_directions	both_directions	1	1	1	1	True
NOX	A7SD95	F7CLH6	FP	TN	both_directions	both_directions	1	1	1	1	True
NOX	A7SD95	H2M5R6	FP	TN	both_directions	both_directions	1	1	1	1	True
NOX	A7SD95	H2R516	FP	TN	both_directions	both_directions	1	1	1	1	True
NOX	A7SD95	Q924V1	FP	TN	both_directions	both_directions	1	1	1	1	True
NOX	A7SD95	Q9JHI8	FP	TN	both_directions	both_directions	1	1	1	1	True
NOX	A7SD95	Q9NPH5	FP	TN	both_directions	both_directions	1	1	1	1	True
NOX	C3XUP1	F1MQX5	FP	TN	no_direct_hit	no_direct_hit	0	0	0	0	True
NOX	C3XUP1	F1PSM8	FP	TN	no_direct_hit	no_direct_hit	0	0	0	0	True
NOX	C3XUP1	F6Z703	FP	TN	no_direct_hit	no_direct_hit	0	0	0	0	True
NOX	C3XUP1	F7CLH6	FP	TN	no_direct_hit	no_direct_hit	0	0	0	0	True
NOX	C3XUP1	H2M5R6	FP	TN	both_directions	both_directions	1	1	1	1	True
NOX	C3XUP1	H2R516	FP	TN	no_direct_hit	no_direct_hit	0	0	0	0	True
NOX	C3XUP1	Q924V1	FP	TN	no_direct_hit	no_direct_hit	0	0	0	0	True
NOX	C3XUP1	Q9JHI8	FP	TN	no_direct_hit	no_direct_hit	0	0	0	0	True
NOX	C3XUP1	Q9NPH5	FP	TN	no_direct_hit	no_direct_hit	0	0	0	0	True
NOX	E1BFF3	F1PL03	FP	TN	both_directions	both_directions	1	1	1	1	True
NOX	E1BFF3	F1PSM8	FP	TN	no_direct_hit	no_direct_hit	0	0	0	0	True
NOX	E1BFF3	F6U2X4	FP	TN	both_directions	both_directions	1	1	1	1	True
NOX	E1BFF3	F6Z703	FP	TN	no_direct_hit	no_direct_hit	0	0	0	0	True
NOX	E1BFF3	F7AMC8	FP	TN	both_directions	both_directions	1	1	1	1	True
NOX	E1BFF3	F7CLH6	FP	TN	no_direct_hit	no_direct_hit	0	0	0	0	True
NOX	E1BFF3	G3QVH2	FP	TN	both_directions	both_directions	1	1	1	1	True
NOX	E1BFF3	G3QXY3	FP	TN	both_directions	both_directions	1	1	1	1	True
NOX	E1BFF3	H2L879	FP	TN	both_directions	both_directions	1	1	1	1	True
NOX	E1BFF3	H2M5R6	FP	TN	both_directions	both_directions	1	1	1	1	True
NOX	E1BFF3	H2R4R9	FP	TN	both_directions	both_directions	1	1	1	1	True
NOX	E1BFF3	H2R516	FP	TN	no_direct_hit	no_direct_hit	0	0	0	0	True
NOX	E1BFF3	P04839	FP	TN	both_directions	both_directions	1	1	1	1	True
NOX	E1BFF3	Q505H9	FP	TN	both_directions	both_directions	1	1	1	1	True
NOX	E1BFF3	Q61093	FP	TN	both_directions	both_directions	1	1	1	1	True
NOX	E1BFF3	Q8CIZ9	FP	TN	both_directions	both_directions	1	1	1	1	True
NOX	E1BFF3	Q924V1	FP	TN	no_direct_hit	no_direct_hit	0	0	0	0	True
NOX	E1BFF3	Q9ERL1	FP	TN	both_directions	both_directions	1	1	1	1	True
NOX	E1BFF3	Q9JHI8	FP	TN	no_direct_hit	no_direct_hit	0	0	0	0	True
NOX	E1BFF3	Q9NPH5	FP	TN	no_direct_hit	no_direct_hit	0	0	0	0	True
NOX	E1BFF3	Q9WV87	FP	TN	both_directions	both_directions	1	1	1	1	True
NOX	E1BFF3	Q9Y5S8	FP	TN	both_directions	both_directions	1	1	1	1	True
NOX	E1BPJ7	F1NVG4	FP	TN	both_directions	both_directions	1	1	1	1	True
NOX	E1BPJ7	F1PSM8	FP	TN	no_direct_hit	no_direct_hit	0	0	0	0	True
NOX	E1BPJ7	F6U2X4	FP	TN	both_directions	both_directions	1	1	1	1	True
NOX	E1BPJ7	F6Z703	FP	TN	no_direct_hit	no_direct_hit	0	0	0	0	True
NOX	E1BPJ7	F7CLH6	FP	TN	no_direct_hit	no_direct_hit	0	0	0	0	True
NOX	E1BPJ7	F7ELK5	FP	TN	both_directions	both_directions	1	1	1	1	True
NOX	E1BPJ7	G3QXY3	FP	TN	both_directions	both_directions	1	1	1	1	True
NOX	E1BPJ7	G3RI51	FP	TN	both_directions	both_directions	1	1	1	1	True
NOX	E1BPJ7	H2L879	FP	TN	both_directions	both_directions	1	1	1	1	True
NOX	E1BPJ7	H2M5R6	FP	TN	no_direct_hit	no_direct_hit	0	0	0	0	True
NOX	E1BPJ7	H2QTY3	FP	TN	both_directions	both_directions	1	1	1	1	True
NOX	E1BPJ7	H2R4R9	FP	TN	both_directions	both_directions	1	1	1	1	True
NOX	E1BPJ7	H2R516	FP	TN	no_direct_hit	no_direct_hit	0	0	0	0	True
NOX	E1BPJ7	P04839	FP	TN	both_directions	both_directions	1	1	1	1	True
NOX	E1BPJ7	Q505H9	FP	TN	both_directions	both_directions	1	1	1	1	True
NOX	E1BPJ7	Q61093	FP	TN	both_directions	both_directions	1	1	1	1	True
NOX	E1BPJ7	Q672J9	FP	TN	both_directions	both_directions	1	1	1	1	True
NOX	E1BPJ7	Q672K1	FP	TN	both_directions	both_directions	1	1	1	1	True
NOX	E1BPJ7	Q924V1	FP	TN	no_direct_hit	no_direct_hit	0	0	0	0	True
NOX	E1BPJ7	Q9ERL1	FP	TN	both_directions	both_directions	1	1	1	1	True
NOX	E1BPJ7	Q9HBY0	FP	TN	both_directions	both_directions	1	1	1	1	True
NOX	E1BPJ7	Q9JHI8	FP	TN	no_direct_hit	no_direct_hit	0	0	0	0	True
NOX	E1BPJ7	Q9NPH5	FP	TN	no_direct_hit	no_direct_hit	0	0	0	0	True
NOX	F1MQX5	F1NVG4	FP	TN	both_directions	both_directions	1	1	1	1	True
NOX	F1MQX5	F1PL03	FP	TN	both_directions	both_directions	1	1	1	1	True
NOX	F1MQX5	F6U2X4	FP	TN	no_direct_hit	no_direct_hit	0	0	0	0	True
NOX	F1MQX5	F7AMC8	FP	TN	both_directions	both_directions	1	1	1	1	True
NOX	F1MQX5	F7ELK5	FP	TN	both_directions	both_directions	1	1	1	1	True
NOX	F1MQX5	G3QVH2	FP	TN	both_directions	both_directions	1	1	1	1	True
NOX	F1MQX5	G3QXY3	FP	TN	both_directions	both_directions	1	1	1	1	True
NOX	F1MQX5	G3RI51	FP	TN	both_directions	both_directions	1	1	1	1	True
NOX	F1MQX5	H2L879	FP	TN	no_direct_hit	no_direct_hit	0	0	0	0	True
NOX	F1MQX5	H2QTY3	FP	TN	both_directions	both_directions	1	1	1	1	True
NOX	F1MQX5	H2R4R9	FP	TN	both_directions	both_directions	1	1	1	1	True
NOX	F1MQX5	P04839	FP	TN	both_directions	both_directions	1	1	1	1	True
NOX	F1MQX5	Q505H9	FP	TN	both_directions	both_directions	1	1	1	1	True
NOX	F1MQX5	Q61093	FP	TN	both_directions	both_directions	1	1	1	1	True
NOX	F1MQX5	Q672J9	FP	TN	both_directions	both_directions	1	1	1	1	True
NOX	F1MQX5	Q672K1	FP	TN	both_directions	both_directions	1	1	1	1	True
NOX	F1MQX5	Q8CIZ9	FP	TN	both_directions	both_directions	1	1	1	1	True
NOX	F1MQX5	Q9ERL1	FP	TN	both_directions	both_directions	1	1	1	1	True
NOX	F1MQX5	Q9HBY0	FP	TN	both_directions	both_directions	1	1	1	1	True
NOX	F1MQX5	Q9WV87	FP	TN	both_directions	both_directions	1	1	1	1	True
NOX	F1MQX5	Q9Y5S8	FP	TN	both_directions	both_directions	1	1	1	1	True
NOX	F1NVG4	F1PL03	FP	TN	both_directions	both_directions	1	1	1	1	True
NOX	F1NVG4	F1PSM8	FP	TN	no_direct_hit	no_direct_hit	0	0	0	0	True
NOX	F1NVG4	F6U2X4	FP	TN	both_directions	both_directions	1	1	1	1	True
NOX	F1NVG4	F6Z703	FP	TN	both_directions	both_directions	1	1	1	1	True
NOX	F1NVG4	F7AMC8	FP	TN	both_directions	both_directions	1	1	1	1	True
NOX	F1NVG4	F7CLH6	FP	TN	no_direct_hit	no_direct_hit	0	0	0	0	True
NOX	F1NVG4	G3QVH2	FP	TN	both_directions	both_directions	1	1	1	1	True
NOX	F1NVG4	G3QXY3	FP	TN	both_directions	both_directions	1	1	1	1	True
NOX	F1NVG4	H2L879	FP	TN	both_directions	both_directions	1	1	1	1	True
NOX	F1NVG4	H2M5R6	FP	TN	both_directions	both_directions	1	1	1	1	True
NOX	F1NVG4	H2R4R9	FP	TN	both_directions	both_directions	1	1	1	1	True
NOX	F1NVG4	H2R516	FP	TN	both_directions	both_directions	1	1	1	1	True
NOX	F1NVG4	O46522	FP	TN	both_directions	both_directions	1	1	1	1	True
NOX	F1NVG4	P04839	FP	TN	both_directions	both_directions	1	1	1	1	True
NOX	F1NVG4	Q505H9	FP	TN	both_directions	both_directions	1	1	1	1	True
NOX	F1NVG4	Q61093	FP	TN	both_directions	both_directions	1	1	1	1	True
NOX	F1NVG4	Q8CIZ9	FP	TN	both_directions	both_directions	1	1	1	1	True
NOX	F1NVG4	Q924V1	FP	TN	both_directions	both_directions	1	1	1	1	True
NOX	F1NVG4	Q9ERL1	FP	TN	both_directions	both_directions	1	1	1	1	True
NOX	F1NVG4	Q9JHI8	FP	TN	both_directions	both_directions	1	1	1	1	True
NOX	F1NVG4	Q9NPH5	FP	TN	both_directions	both_directions	1	1	1	1	True
NOX	F1NVG4	Q9WV87	FP	TN	both_directions	both_directions	1	1	1	1	True
NOX	F1NVG4	Q9Y5S8	FP	TN	both_directions	both_directions	1	1	1	1	True
NOX	F1PL03	F6U2X4	FP	TN	both_directions	both_directions	1	1	1	1	True
NOX	F1PL03	F6Z703	FP	TN	both_directions	both_directions	1	1	1	1	True
NOX	F1PL03	F7CLH6	FP	TN	both_directions	both_directions	1	1	1	1	True
NOX	F1PL03	F7ELK5	FP	TN	both_directions	both_directions	1	1	1	1	True
NOX	F1PL03	G3QXY3	FP	TN	both_directions	both_directions	1	1	1	1	True
NOX	F1PL03	G3RI51	FP	TN	both_directions	both_directions	1	1	1	1	True
NOX	F1PL03	H2L879	FP	TN	both_directions	both_directions	1	1	1	1	True
NOX	F1PL03	H2M5R6	FP	TN	both_directions	both_directions	1	1	1	1	True
NOX	F1PL03	H2QTY3	FP	TN	both_directions	both_directions	1	1	1	1	True
NOX	F1PL03	H2R4R9	FP	TN	both_directions	both_directions	1	1	1	1	True
NOX	F1PL03	H2R516	FP	TN	both_directions	both_directions	1	1	1	1	True
NOX	F1PL03	O46522	FP	TN	both_directions	both_directions	1	1	1	1	True
NOX	F1PL03	P04839	FP	TN	both_directions	both_directions	1	1	1	1	True
NOX	F1PL03	Q505H9	FP	TN	both_directions	both_directions	1	1	1	1	True
NOX	F1PL03	Q61093	FP	TN	both_directions	both_directions	1	1	1	1	True
NOX	F1PL03	Q672J9	FP	TN	both_directions	both_directions	1	1	1	1	True
NOX	F1PL03	Q672K1	FP	TN	both_directions	both_directions	1	1	1	1	True
NOX	F1PL03	Q924V1	FP	TN	both_directions	both_directions	1	1	1	1	True
NOX	F1PL03	Q9ERL1	FP	TN	both_directions	both_directions	1	1	1	1	True
NOX	F1PL03	Q9HBY0	FP	TN	both_directions	both_directions	1	1	1	1	True
NOX	F1PL03	Q9JHI8	FP	TN	both_directions	both_directions	1	1	1	1	True
NOX	F1PL03	Q9NPH5	FP	TN	both_directions	both_directions	1	1	1	1	True
NOX	F1PSM8	F6U2X4	FP	TN	no_direct_hit	no_direct_hit	0	0	0	0	True
NOX	F1PSM8	F7AMC8	FP	TN	no_direct_hit	no_direct_hit	0	0	0	0	True
NOX	F1PSM8	F7ELK5	FP	TN	no_direct_hit	no_direct_hit	0	0	0	0	True
NOX	F1PSM8	G3QVH2	FP	TN	no_direct_hit	no_direct_hit	0	0	0	0	True
NOX	F1PSM8	G3QXY3	FP	TN	no_direct_hit	no_direct_hit	0	0	0	0	True
NOX	F1PSM8	G3RI51	FP	TN	no_direct_hit	no_direct_hit	0	0	0	0	True
NOX	F1PSM8	H2L879	FP	TN	no_direct_hit	no_direct_hit	0	0	0	0	True
NOX	F1PSM8	H2QTY3	FP	TN	no_direct_hit	no_direct_hit	0	0	0	0	True
NOX	F1PSM8	H2R4R9	FP	TN	no_direct_hit	no_direct_hit	0	0	0	0	True
NOX	F1PSM8	O46522	FP	TN	no_direct_hit	no_direct_hit	0	0	0	0	True
NOX	F1PSM8	P04839	FP	TN	no_direct_hit	no_direct_hit	0	0	0	0	True
NOX	F1PSM8	Q505H9	FP	TN	no_direct_hit	no_direct_hit	0	0	0	0	True
NOX	F1PSM8	Q61093	FP	TN	no_direct_hit	no_direct_hit	0	0	0	0	True
NOX	F1PSM8	Q672J9	FP	TN	no_direct_hit	no_direct_hit	0	0	0	0	True
NOX	F1PSM8	Q672K1	FP	TN	no_direct_hit	no_direct_hit	0	0	0	0	True
NOX	F1PSM8	Q8CIZ9	FP	TN	no_direct_hit	no_direct_hit	0	0	0	0	True
NOX	F1PSM8	Q9ERL1	FP	TN	no_direct_hit	no_direct_hit	0	0	0	0	True
NOX	F1PSM8	Q9HBY0	FP	TN	no_direct_hit	no_direct_hit	0	0	0	0	True
NOX	F1PSM8	Q9WV87	FP	TN	no_direct_hit	no_direct_hit	0	0	0	0	True
NOX	F1PSM8	Q9Y5S8	FP	TN	no_direct_hit	no_direct_hit	0	0	0	0	True
NOX	F6U2X4	F7AMC8	FP	TN	both_directions	both_directions	1	1	1	1	True
NOX	F6U2X4	F7CLH6	FP	TN	no_direct_hit	no_direct_hit	0	0	0	0	True
NOX	F6U2X4	G3QVH2	FP	TN	both_directions	both_directions	1	1	1	1	True
NOX	F6U2X4	G3RI51	FP	TN	both_directions	both_directions	1	1	1	1	True
NOX	F6U2X4	H2M5R6	FP	TN	both_directions	both_directions	1	1	1	1	True
NOX	F6U2X4	H2QTY3	FP	TN	both_directions	both_directions	1	1	1	1	True
NOX	F6U2X4	H2R516	FP	TN	no_direct_hit	no_direct_hit	0	0	0	0	True
NOX	F6U2X4	Q672J9	FP	TN	both_directions	both_directions	1	1	1	1	True
NOX	F6U2X4	Q672K1	FP	TN	both_directions	both_directions	1	1	1	1	True
NOX	F6U2X4	Q8CIZ9	FP	TN	both_directions	both_directions	1	1	1	1	True
NOX	F6U2X4	Q924V1	FP	TN	no_direct_hit	no_direct_hit	0	0	0	0	True
NOX	F6U2X4	Q9HBY0	FP	TN	both_directions	both_directions	1	1	1	1	True
NOX	F6U2X4	Q9JHI8	FP	TN	no_direct_hit	no_direct_hit	0	0	0	0	True
NOX	F6U2X4	Q9NPH5	FP	TN	no_direct_hit	no_direct_hit	0	0	0	0	True
NOX	F6U2X4	Q9WV87	FP	TN	both_directions	both_directions	1	1	1	1	True
NOX	F6U2X4	Q9Y5S8	FP	TN	both_directions	both_directions	1	1	1	1	True
NOX	F6Z703	F7AMC8	FP	TN	both_directions	both_directions	1	1	1	1	True
NOX	F6Z703	G3QVH2	FP	TN	both_directions	both_directions	1	1	1	1	True
NOX	F6Z703	G3QXY3	FP	TN	both_directions	both_directions	1	1	1	1	True
NOX	F6Z703	G3RI51	FP	TN	both_directions	both_directions	1	1	1	1	True
NOX	F6Z703	H2L879	FP	TN	no_direct_hit	no_direct_hit	0	0	0	0	True
NOX	F6Z703	H2QTY3	FP	TN	both_directions	both_directions	1	1	1	1	True
NOX	F6Z703	H2R4R9	FP	TN	both_directions	both_directions	1	1	1	1	True
NOX	F6Z703	O46522	FP	TN	both_directions	both_directions	1	1	1	1	True
NOX	F6Z703	P04839	FP	TN	both_directions	both_directions	1	1	1	1	True
NOX	F6Z703	Q505H9	FP	TN	both_directions	both_directions	1	1	1	1	True
NOX	F6Z703	Q61093	FP	TN	both_directions	both_directions	1	1	1	1	True
NOX	F6Z703	Q672J9	FP	TN	both_directions	both_directions	1	1	1	1	True
NOX	F6Z703	Q672K1	FP	TN	both_directions	both_directions	1	1	1	1	True
NOX	F6Z703	Q8CIZ9	FP	TN	both_directions	both_directions	1	1	1	1	True
NOX	F6Z703	Q9ERL1	FP	TN	both_directions	both_directions	1	1	1	1	True
NOX	F6Z703	Q9HBY0	FP	TN	both_directions	both_directions	1	1	1	1	True
NOX	F6Z703	Q9WV87	FP	TN	both_directions	both_directions	1	1	1	1	True
NOX	F6Z703	Q9Y5S8	FP	TN	both_directions	both_directions	1	1	1	1	True
NOX	F7AMC8	F7ELK5	FP	TN	both_directions	both_directions	1	1	1	1	True
NOX	F7AMC8	G3QXY3	FP	TN	both_directions	both_directions	1	1	1	1	True
NOX	F7AMC8	G3RI51	FP	TN	both_directions	both_directions	1	1	1	1	True
NOX	F7AMC8	H2L879	FP	TN	both_directions	both_directions	1	1	1	1	True
NOX	F7AMC8	H2M5R6	FP	TN	both_directions	both_directions	1	1	1	1	True
NOX	F7AMC8	H2QTY3	FP	TN	both_directions	both_directions	1	1	1	1	True
NOX	F7AMC8	H2R4R9	FP	TN	both_directions	both_directions	1	1	1	1	True
NOX	F7AMC8	H2R516	FP	TN	both_directions	both_directions	1	1	1	1	True
NOX	F7AMC8	O46522	FP	TN	both_directions	both_directions	1	1	1	1	True
NOX	F7AMC8	P04839	FP	TN	both_directions	both_directions	1	1	1	1	True
NOX	F7AMC8	Q61093	FP	TN	both_directions	both_directions	1	1	1	1	True
NOX	F7AMC8	Q672J9	FP	TN	both_directions	both_directions	1	1	1	1	True
NOX	F7AMC8	Q672K1	FP	TN	both_directions	both_directions	1	1	1	1	True
NOX	F7AMC8	Q924V1	FP	TN	both_directions	both_directions	1	1	1	1	True
NOX	F7AMC8	Q9ERL1	FP	TN	both_directions	both_directions	1	1	1	1	True
NOX	F7AMC8	Q9HBY0	FP	TN	both_directions	both_directions	1	1	1	1	True
NOX	F7AMC8	Q9JHI8	FP	TN	both_directions	both_directions	1	1	1	1	True
NOX	F7AMC8	Q9NPH5	FP	TN	both_directions	both_directions	1	1	1	1	True
NOX	F7CLH6	F7ELK5	FP	TN	no_direct_hit	no_direct_hit	0	0	0	0	True
NOX	F7CLH6	G3QVH2	FP	TN	both_directions	both_directions	1	1	1	1	True
NOX	F7CLH6	G3QXY3	FP	TN	no_direct_hit	no_direct_hit	0	0	0	0	True
NOX	F7CLH6	G3RI51	FP	TN	no_direct_hit	no_direct_hit	0	0	0	0	True
NOX	F7CLH6	H2L879	FP	TN	no_direct_hit	no_direct_hit	0	0	0	0	True
NOX	F7CLH6	H2QTY3	FP	TN	no_direct_hit	no_direct_hit	0	0	0	0	True
NOX	F7CLH6	H2R4R9	FP	TN	no_direct_hit	no_direct_hit	0	0	0	0	True
NOX	F7CLH6	O46522	FP	TN	no_direct_hit	no_direct_hit	0	0	0	0	True
NOX	F7CLH6	P04839	FP	TN	no_direct_hit	no_direct_hit	0	0	0	0	True
NOX	F7CLH6	Q61093	FP	TN	no_direct_hit	no_direct_hit	0	0	0	0	True
NOX	F7CLH6	Q672J9	FP	TN	no_direct_hit	no_direct_hit	0	0	0	0	True
NOX	F7CLH6	Q672K1	FP	TN	no_direct_hit	no_direct_hit	0	0	0	0	True
NOX	F7CLH6	Q8CIZ9	FP	TN	both_directions	both_directions	1	1	1	1	True
NOX	F7CLH6	Q9ERL1	FP	TN	no_direct_hit	no_direct_hit	0	0	0	0	True
NOX	F7CLH6	Q9HBY0	FP	TN	no_direct_hit	no_direct_hit	0	0	0	0	True
NOX	F7CLH6	Q9WV87	FP	TN	both_directions	both_directions	1	1	1	1	True
NOX	F7CLH6	Q9Y5S8	FP	TN	both_directions	both_directions	1	1	1	1	True
NOX	F7ELK5	G3QVH2	FP	TN	both_directions	both_directions	1	1	1	1	True
NOX	F7ELK5	G3QXY3	FP	TN	both_directions	both_directions	1	1	1	1	True
NOX	F7ELK5	H2L879	FP	TN	both_directions	both_directions	1	1	1	1	True
NOX	F7ELK5	H2M5R6	FP	TN	both_directions	both_directions	1	1	1	1	True
NOX	F7ELK5	H2R4R9	FP	TN	both_directions	both_directions	1	1	1	1	True
NOX	F7ELK5	H2R516	FP	TN	both_directions	both_directions	1	1	1	1	True
NOX	F7ELK5	O46522	FP	TN	both_directions	both_directions	1	1	1	1	True
NOX	F7ELK5	P04839	FP	TN	both_directions	both_directions	1	1	1	1	True
NOX	F7ELK5	Q505H9	FP	TN	both_directions	both_directions	1	1	1	1	True
NOX	F7ELK5	Q61093	FP	TN	both_directions	both_directions	1	1	1	1	True
NOX	F7ELK5	Q8CIZ9	FP	TN	both_directions	both_directions	1	1	1	1	True
NOX	F7ELK5	Q924V1	FP	TN	both_directions	both_directions	1	1	1	1	True
NOX	F7ELK5	Q9ERL1	FP	TN	both_directions	both_directions	1	1	1	1	True
NOX	F7ELK5	Q9JHI8	FP	TN	both_directions	both_directions	1	1	1	1	True
NOX	F7ELK5	Q9NPH5	FP	TN	both_directions	both_directions	1	1	1	1	True
NOX	F7ELK5	Q9WV87	FP	TN	both_directions	both_directions	1	1	1	1	True
NOX	F7ELK5	Q9Y5S8	FP	TN	both_directions	both_directions	1	1	1	1	True
NOX	G3QVH2	H2L879	FP	TN	both_directions	both_directions	1	1	1	1	True
NOX	G3QVH2	H2M5R6	FP	TN	both_directions	both_directions	1	1	1	1	True
NOX	G3QVH2	H2QTY3	FP	TN	both_directions	both_directions	1	1	1	1	True
NOX	G3QVH2	H2R4R9	FP	TN	both_directions	both_directions	1	1	1	1	True
NOX	G3QVH2	H2R516	FP	TN	both_directions	both_directions	1	1	1	1	True
NOX	G3QVH2	O46522	FP	TN	both_directions	both_directions	1	1	1	1	True
NOX	G3QVH2	P04839	FP	TN	both_directions	both_directions	1	1	1	1	True
NOX	G3QVH2	Q505H9	FP	TN	both_directions	both_directions	1	1	1	1	True
NOX	G3QVH2	Q61093	FP	TN	both_directions	both_directions	1	1	1	1	True
NOX	G3QVH2	Q672J9	FP	TN	both_directions	both_directions	1	1	1	1	True
NOX	G3QVH2	Q672K1	FP	TN	both_directions	both_directions	1	1	1	1	True
NOX	G3QVH2	Q924V1	FP	TN	both_directions	both_directions	1	1	1	1	True
NOX	G3QVH2	Q9ERL1	FP	TN	both_directions	both_directions	1	1	1	1	True
NOX	G3QVH2	Q9HBY0	FP	TN	both_directions	both_directions	1	1	1	1	True
NOX	G3QVH2	Q9JHI8	FP	TN	both_directions	both_directions	1	1	1	1	True
NOX	G3QVH2	Q9NPH5	FP	TN	both_directions	both_directions	1	1	1	1	True
NOX	G3QXY3	H2M5R6	FP	TN	both_directions	both_directions	1	1	1	1	True
NOX	G3QXY3	H2QTY3	FP	TN	both_directions	both_directions	1	1	1	1	True
NOX	G3QXY3	H2R516	FP	TN	both_directions	both_directions	1	1	1	1	True
NOX	G3QXY3	Q672J9	FP	TN	both_directions	both_directions	1	1	1	1	True
NOX	G3QXY3	Q672K1	FP	TN	both_directions	both_directions	1	1	1	1	True
NOX	G3QXY3	Q8CIZ9	FP	TN	both_directions	both_directions	1	1	1	1	True
NOX	G3QXY3	Q924V1	FP	TN	both_directions	both_directions	1	1	1	1	True
NOX	G3QXY3	Q9HBY0	FP	TN	both_directions	both_directions	1	1	1	1	True
NOX	G3QXY3	Q9JHI8	FP	TN	both_directions	both_directions	1	1	1	1	True
NOX	G3QXY3	Q9NPH5	FP	TN	both_directions	both_directions	1	1	1	1	True
NOX	G3QXY3	Q9WV87	FP	TN	both_directions	both_directions	1	1	1	1	True
NOX	G3QXY3	Q9Y5S8	FP	TN	both_directions	both_directions	1	1	1	1	True
NOX	G3RI51	H2L879	FP	TN	both_directions	both_directions	1	1	1	1	True
NOX	G3RI51	H2M5R6	FP	TN	both_directions	both_directions	1	1	1	1	True
NOX	G3RI51	H2R4R9	FP	TN	both_directions	both_directions	1	1	1	1	True
NOX	G3RI51	H2R516	FP	TN	both_directions	both_directions	1	1	1	1	True
NOX	G3RI51	O46522	FP	TN	both_directions	both_directions	1	1	1	1	True
NOX	G3RI51	P04839	FP	TN	both_directions	both_directions	1	1	1	1	True
NOX	G3RI51	Q505H9	FP	TN	both_directions	both_directions	1	1	1	1	True
NOX	G3RI51	Q61093	FP	TN	both_directions	both_directions	1	1	1	1	True
NOX	G3RI51	Q8CIZ9	FP	TN	both_directions	both_directions	1	1	1	1	True
NOX	G3RI51	Q924V1	FP	TN	both_directions	both_directions	1	1	1	1	True
NOX	G3RI51	Q9ERL1	FP	TN	both_directions	both_directions	1	1	1	1	True
NOX	G3RI51	Q9JHI8	FP	TN	both_directions	both_directions	1	1	1	1	True
NOX	G3RI51	Q9NPH5	FP	TN	both_directions	both_directions	1	1	1	1	True
NOX	G3RI51	Q9WV87	FP	TN	both_directions	both_directions	1	1	1	1	True
NOX	G3RI51	Q9Y5S8	FP	TN	both_directions	both_directions	1	1	1	1	True
NOX	H2L879	H2QTY3	FP	TN	both_directions	both_directions	1	1	1	1	True
NOX	H2L879	H2R516	FP	TN	no_direct_hit	no_direct_hit	0	0	0	0	True
NOX	H2L879	Q672J9	FP	TN	both_directions	both_directions	1	1	1	1	True
NOX	H2L879	Q672K1	FP	TN	both_directions	both_directions	1	1	1	1	True
NOX	H2L879	Q8CIZ9	FP	TN	both_directions	both_directions	1	1	1	1	True
NOX	H2L879	Q924V1	FP	TN	no_direct_hit	no_direct_hit	0	0	0	0	True
NOX	H2L879	Q9HBY0	FP	TN	both_directions	both_directions	1	1	1	1	True
NOX	H2L879	Q9JHI8	FP	TN	no_direct_hit	no_direct_hit	0	0	0	0	True
NOX	H2L879	Q9NPH5	FP	TN	no_direct_hit	no_direct_hit	0	0	0	0	True
NOX	H2L879	Q9WV87	FP	TN	both_directions	both_directions	1	1	1	1	True
NOX	H2L879	Q9Y5S8	FP	TN	both_directions	both_directions	1	1	1	1	True
NOX	H2M5R6	H2QTY3	FP	TN	both_directions	both_directions	1	1	1	1	True
NOX	H2M5R6	H2R4R9	FP	TN	both_directions	both_directions	1	1	1	1	True
NOX	H2M5R6	O46522	FP	TN	both_directions	both_directions	1	1	1	1	True
NOX	H2M5R6	P04839	FP	TN	both_directions	both_directions	1	1	1	1	True
NOX	H2M5R6	Q505H9	FP	TN	both_directions	both_directions	1	1	1	1	True
NOX	H2M5R6	Q61093	FP	TN	both_directions	both_directions	1	1	1	1	True
NOX	H2M5R6	Q672J9	FP	TN	both_directions	both_directions	1	1	1	1	True
NOX	H2M5R6	Q672K1	FP	TN	both_directions	both_directions	1	1	1	1	True
NOX	H2M5R6	Q8CIZ9	FP	TN	both_directions	both_directions	1	1	1	1	True
NOX	H2M5R6	Q9ERL1	FP	TN	both_directions	both_directions	1	1	1	1	True
NOX	H2M5R6	Q9HBY0	FP	TN	both_directions	both_directions	1	1	1	1	True
NOX	H2M5R6	Q9WV87	FP	TN	both_directions	both_directions	1	1	1	1	True
NOX	H2M5R6	Q9Y5S8	FP	TN	both_directions	both_directions	1	1	1	1	True
NOX	H2QTY3	O46522	FP	TN	both_directions	both_directions	1	1	1	1	True
NOX	H2QTY3	P04839	FP	TN	both_directions	both_directions	1	1	1	1	True
NOX	H2QTY3	Q505H9	FP	TN	both_directions	both_directions	1	1	1	1	True
NOX	H2QTY3	Q61093	FP	TN	both_directions	both_directions	1	1	1	1	True
NOX	H2QTY3	Q8CIZ9	FP	TN	both_directions	both_directions	1	1	1	1	True
NOX	H2QTY3	Q924V1	FP	TN	both_directions	both_directions	1	1	1	1	True
NOX	H2QTY3	Q9ERL1	FP	TN	both_directions	both_directions	1	1	1	1	True
NOX	H2QTY3	Q9JHI8	FP	TN	both_directions	both_directions	1	1	1	1	True
NOX	H2QTY3	Q9NPH5	FP	TN	both_directions	both_directions	1	1	1	1	True
NOX	H2QTY3	Q9WV87	FP	TN	both_directions	both_directions	1	1	1	1	True
NOX	H2QTY3	Q9Y5S8	FP	TN	both_directions	both_directions	1	1	1	1	True
NOX	H2R4R9	Q672J9	FP	TN	both_directions	both_directions	1	1	1	1	True
NOX	H2R4R9	Q672K1	FP	TN	both_directions	both_directions	1	1	1	1	True
NOX	H2R4R9	Q8CIZ9	FP	TN	both_directions	both_directions	1	1	1	1	True
NOX	H2R4R9	Q924V1	FP	TN	both_directions	both_directions	1	1	1	1	True
NOX	H2R4R9	Q9HBY0	FP	TN	both_directions	both_directions	1	1	1	1	True
NOX	H2R4R9	Q9JHI8	FP	TN	both_directions	both_directions	1	1	1	1	True
NOX	H2R4R9	Q9NPH5	FP	TN	both_directions	both_directions	1	1	1	1	True
NOX	H2R4R9	Q9WV87	FP	TN	both_directions	both_directions	1	1	1	1	True
NOX	H2R4R9	Q9Y5S8	FP	TN	both_directions	both_directions	1	1	1	1	True
NOX	H2R516	O46522	FP	TN	both_directions	both_directions	1	1	1	1	True
NOX	H2R516	P04839	FP	TN	both_directions	both_directions	1	1	1	1	True
NOX	H2R516	Q505H9	FP	TN	both_directions	both_directions	1	1	1	1	True
NOX	H2R516	Q61093	FP	TN	both_directions	both_directions	1	1	1	1	True
NOX	H2R516	Q672J9	FP	TN	both_directions	both_directions	1	1	1	1	True
NOX	H2R516	Q672K1	FP	TN	both_directions	both_directions	1	1	1	1	True
NOX	H2R516	Q8CIZ9	FP	TN	both_directions	both_directions	1	1	1	1	True
NOX	H2R516	Q9ERL1	FP	TN	both_directions	both_directions	1	1	1	1	True
NOX	H2R516	Q9HBY0	FP	TN	both_directions	both_directions	1	1	1	1	True
NOX	H2R516	Q9NPH5	TP	FN	both_directions	both_directions	1	1	1	1	True
NOX	H2R516	Q9WV87	FP	TN	both_directions	both_directions	1	1	1	1	True
NOX	H2R516	Q9Y5S8	FP	TN	both_directions	both_directions	1	1	1	1	True
NOX	O46522	Q672J9	FP	TN	both_directions	both_directions	1	1	1	1	True
NOX	O46522	Q672K1	FP	TN	both_directions	both_directions	1	1	1	1	True
NOX	O46522	Q8CIZ9	FP	TN	both_directions	both_directions	1	1	1	1	True
NOX	O46522	Q924V1	FP	TN	both_directions	both_directions	1	1	1	1	True
NOX	O46522	Q9HBY0	FP	TN	both_directions	both_directions	1	1	1	1	True
NOX	O46522	Q9JHI8	FP	TN	both_directions	both_directions	1	1	1	1	True
NOX	O46522	Q9NPH5	FP	TN	both_directions	both_directions	1	1	1	1	True
NOX	O46522	Q9WV87	FP	TN	both_directions	both_directions	1	1	1	1	True
NOX	O46522	Q9Y5S8	FP	TN	both_directions	both_directions	1	1	1	1	True
NOX	P04839	Q672J9	FP	TN	both_directions	both_directions	1	1	1	1	True
NOX	P04839	Q672K1	FP	TN	both_directions	both_directions	1	1	1	1	True
NOX	P04839	Q8CIZ9	FP	TN	both_directions	both_directions	1	1	1	1	True
NOX	P04839	Q924V1	FP	TN	both_directions	both_directions	1	1	1	1	True
NOX	P04839	Q9JHI8	FP	TN	both_directions	both_directions	1	1	1	1	True
NOX	P04839	Q9WV87	FP	TN	both_directions	both_directions	1	1	1	1	True
NOX	Q505H9	Q672J9	FP	TN	both_directions	both_directions	1	1	1	1	True
NOX	Q505H9	Q672K1	FP	TN	both_directions	both_directions	1	1	1	1	True
NOX	Q505H9	Q8CIZ9	FP	TN	both_directions	both_directions	1	1	1	1	True
NOX	Q505H9	Q924V1	FP	TN	both_directions	both_directions	1	1	1	1	True
NOX	Q505H9	Q9HBY0	FP	TN	both_directions	both_directions	1	1	1	1	True
NOX	Q505H9	Q9JHI8	FP	TN	both_directions	both_directions	1	1	1	1	True
NOX	Q505H9	Q9NPH5	FP	TN	both_directions	both_directions	1	1	1	1	True
NOX	Q505H9	Q9WV87	FP	TN	both_directions	both_directions	1	1	1	1	True
NOX	Q505H9	Q9Y5S8	FP	TN	both_directions	both_directions	1	1	1	1	True
NOX	Q61093	Q672K1	FP	TN	both_directions	both_directions	1	1	1	1	True
NOX	Q61093	Q924V1	FP	TN	both_directions	both_directions	1	1	1	1	True
NOX	Q61093	Q9HBY0	FP	TN	both_directions	both_directions	1	1	1	1	True
NOX	Q61093	Q9NPH5	FP	TN	both_directions	both_directions	1	1	1	1	True
NOX	Q61093	Q9WV87	FP	TN	both_directions	both_directions	1	1	1	1	True
NOX	Q61093	Q9Y5S8	FP	TN	both_directions	both_directions	1	1	1	1	True
NOX	Q672J9	Q924V1	FP	TN	both_directions	both_directions	1	1	1	1	True
NOX	Q672J9	Q9ERL1	FP	TN	both_directions	both_directions	1	1	1	1	True
NOX	Q672J9	Q9NPH5	FP	TN	both_directions	both_directions	1	1	1	1	True
NOX	Q672J9	Q9WV87	FP	TN	both_directions	both_directions	1	1	1	1	True
NOX	Q672J9	Q9Y5S8	FP	TN	both_directions	both_directions	1	1	1	1	True
NOX	Q672K1	Q8CIZ9	FP	TN	both_directions	both_directions	1	1	1	1	True
NOX	Q672K1	Q9JHI8	FP	TN	both_directions	both_directions	1	1	1	1	True
NOX	Q672K1	Q9NPH5	FP	TN	both_directions	both_directions	1	1	1	1	True
NOX	Q672K1	Q9Y5S8	FP	TN	both_directions	both_directions	1	1	1	1	True
NOX	Q8CIZ9	Q924V1	FP	TN	both_directions	both_directions	1	1	1	1	True
NOX	Q8CIZ9	Q9ERL1	FP	TN	both_directions	both_directions	1	1	1	1	True
NOX	Q8CIZ9	Q9HBY0	FP	TN	both_directions	both_directions	1	1	1	1	True
NOX	Q8CIZ9	Q9NPH5	FP	TN	both_directions	both_directions	1	1	1	1	True
NOX	Q924V1	Q9HBY0	FP	TN	both_directions	both_directions	1	1	1	1	True
NOX	Q924V1	Q9Y5S8	FP	TN	both_directions	both_directions	1	1	1	1	True
NOX	Q9ERL1	Q9HBY0	FP	TN	both_directions	both_directions	1	1	1	1	True
NOX	Q9ERL1	Q9JHI8	FP	TN	both_directions	both_directions	1	1	1	1	True
NOX	Q9ERL1	Q9NPH5	FP	TN	both_directions	both_directions	1	1	1	1	True
NOX	Q9ERL1	Q9Y5S8	FP	TN	both_directions	both_directions	1	1	1	1	True
NOX	Q9HBY0	Q9JHI8	FP	TN	both_directions	both_directions	1	1	1	1	True
NOX	Q9HBY0	Q9WV87	FP	TN	both_directions	both_directions	1	1	1	1	True
NOX	Q9JHI8	Q9WV87	FP	TN	both_directions	both_directions	1	1	1	1	True
NOX	Q9JHI8	Q9Y5S8	FP	TN	both_directions	both_directions	1	1	1	1	True
NOX	Q9NPH5	Q9WV87	FP	TN	both_directions	both_directions	1	1	1	1	True
POP	A0A2J8M3H2	B1H1F6	FP	TN	both_directions	both_directions	1	1	1	1	True
POP	A0A2J8M3H2	F1R6V1	FP	TN	no_direct_hit	no_direct_hit	0	0	0	0	True
POP	A0A2J8M3H2	F6ZWH6	FP	TN	both_directions	both_directions	1	1	1	1	True
POP	A0A2J8M3H2	G3N3W7	FP	TN	both_directions	both_directions	1	1	1	1	True
POP	A0A2J8M3H2	G3RLV4	FP	TN	both_directions	both_directions	1	1	1	1	True
POP	A0A2J8M3H2	H2MZF5	FP	TN	no_direct_hit	no_direct_hit	0	0	0	0	True
POP	A0A2J8M3H2	J9NU29	FP	TN	both_directions	both_directions	1	1	1	1	True
POP	A0A2J8M3H2	Q9ES81	FP	TN	both_directions	both_directions	1	1	1	1	True
POP	A0A2J8M3H2	Q9HBV1	FP	TN	both_directions	both_directions	1	1	1	1	True
POP	A5PJG2	B1H1F6	FP	TN	both_directions	both_directions	1	1	1	1	True
POP	A5PJG2	F1R6V1	FP	TN	no_direct_hit	no_direct_hit	0	0	0	0	True
POP	A5PJG2	F6ZWH6	FP	TN	both_directions	both_directions	1	1	1	1	True
POP	A5PJG2	G3RLV4	FP	TN	both_directions	both_directions	1	1	1	1	True
POP	A5PJG2	H2MZF5	FP	TN	no_direct_hit	no_direct_hit	0	0	0	0	True
POP	A5PJG2	H2QTG9	FP	TN	both_directions	both_directions	1	1	1	1	True
POP	A5PJG2	J9NU29	FP	TN	both_directions	both_directions	1	1	1	1	True
POP	A5PJG2	Q9ES81	FP	TN	both_directions	both_directions	1	1	1	1	True
POP	A5PJG2	Q9HBV1	FP	TN	both_directions	both_directions	1	1	1	1	True
POP	B1H1F6	F1NPM0	FP	TN	both_directions	both_directions	1	1	1	1	True
POP	B1H1F6	F6PGY0	FP	TN	both_directions	both_directions	1	1	1	1	True
POP	B1H1F6	G3QNZ3	FP	TN	both_directions	both_directions	1	1	1	1	True
POP	B1H1F6	H2LXG3	FP	TN	both_directions	both_directions	1	1	1	1	True
POP	B1H1F6	J9NZA1	FP	TN	both_directions	both_directions	1	1	1	1	True
POP	B1H1F6	Q6JWV8	FP	TN	no_direct_hit	no_direct_hit	0	0	0	0	True
POP	B1H1F6	Q6P722	FP	TN	both_directions	both_directions	1	1	1	1	True
POP	B1H1F6	Q9ES82	FP	TN	both_directions	both_directions	1	1	1	1	True
POP	B1H1F6	Q9HBU9	FP	TN	both_directions	both_directions	1	1	1	1	True
POP	F1NPM0	F1R6V1	FP	TN	no_direct_hit	no_direct_hit	0	0	0	0	True
POP	F1NPM0	F6ZWH6	FP	TN	both_directions	both_directions	1	1	1	1	True
POP	F1NPM0	G3N3W7	FP	TN	both_directions	both_directions	1	1	1	1	True
POP	F1NPM0	G3RLV4	FP	TN	both_directions	both_directions	1	1	1	1	True
POP	F1NPM0	H2MZF5	FP	TN	no_direct_hit	no_direct_hit	0	0	0	0	True
POP	F1NPM0	H2QTG9	FP	TN	both_directions	both_directions	1	1	1	1	True
POP	F1NPM0	J9NU29	FP	TN	both_directions	both_directions	1	1	1	1	True
POP	F1NPM0	Q9ES81	FP	TN	both_directions	both_directions	1	1	1	1	True
POP	F1NPM0	Q9HBV1	FP	TN	both_directions	both_directions	1	1	1	1	True
POP	F1R6V1	F6PGY0	FP	TN	no_direct_hit	no_direct_hit	0	0	0	0	True
POP	F1R6V1	G3QNZ3	FP	TN	no_direct_hit	no_direct_hit	0	0	0	0	True
POP	F1R6V1	H2LXG3	FP	TN	both_directions	both_directions	1	1	1	1	True
POP	F1R6V1	J9NZA1	FP	TN	no_direct_hit	no_direct_hit	0	0	0	0	True
POP	F1R6V1	Q6P722	FP	TN	no_direct_hit	no_direct_hit	0	0	0	0	True
POP	F1R6V1	Q9ES82	FP	TN	no_direct_hit	no_direct_hit	0	0	0	0	True
POP	F1R6V1	Q9HBU9	FP	TN	no_direct_hit	no_direct_hit	0	0	0	0	True
POP	F6PGY0	G3N3W7	FP	TN	both_directions	both_directions	1	1	1	1	True
POP	F6PGY0	G3RLV4	FP	TN	both_directions	both_directions	1	1	1	1	True
POP	F6PGY0	H2MZF5	FP	TN	no_direct_hit	no_direct_hit	0	0	0	0	True
POP	F6PGY0	H2QTG9	FP	TN	both_directions	both_directions	1	1	1	1	True
POP	F6PGY0	J9NU29	FP	TN	both_directions	both_directions	1	1	1	1	True
POP	F6PGY0	Q9ES81	FP	TN	both_directions	both_directions	1	1	1	1	True
POP	F6PGY0	Q9HBV1	FP	TN	both_directions	both_directions	1	1	1	1	True
POP	F6ZWH6	G3QNZ3	FP	TN	both_directions	both_directions	1	1	1	1	True
POP	F6ZWH6	H2LXG3	FP	TN	both_directions	both_directions	1	1	1	1	True
POP	F6ZWH6	J9NZA1	FP	TN	both_directions	both_directions	1	1	1	1	True
POP	F6ZWH6	Q6JWV8	FP	TN	no_direct_hit	no_direct_hit	0	0	0	0	True
POP	F6ZWH6	Q6P722	FP	TN	both_directions	both_directions	1	1	1	1	True
POP	F6ZWH6	Q9ES82	FP	TN	both_directions	both_directions	1	1	1	1	True
POP	F6ZWH6	Q9HBU9	FP	TN	both_directions	both_directions	1	1	1	1	True
POP	G3N3W7	G3QNZ3	FP	TN	both_directions	both_directions	1	1	1	1	True
POP	G3N3W7	H2LXG3	FP	TN	both_directions	both_directions	1	1	1	1	True
POP	G3N3W7	J9NZA1	FP	TN	both_directions	both_directions	1	1	1	1	True
POP	G3N3W7	Q6JWV8	FP	TN	no_direct_hit	no_direct_hit	0	0	0	0	True
POP	G3N3W7	Q6P722	FP	TN	both_directions	both_directions	1	1	1	1	True
POP	G3N3W7	Q9ES82	FP	TN	both_directions	both_directions	1	1	1	1	True
POP	G3N3W7	Q9HBU9	FP	TN	both_directions	both_directions	1	1	1	1	True
POP	G3QNZ3	H2MZF5	FP	TN	no_direct_hit	no_direct_hit	0	0	0	0	True
POP	G3QNZ3	H2QTG9	FP	TN	both_directions	both_directions	1	1	1	1	True
POP	G3QNZ3	J9NU29	FP	TN	both_directions	both_directions	1	1	1	1	True
POP	G3QNZ3	Q9ES81	FP	TN	both_directions	both_directions	1	1	1	1	True
POP	G3QNZ3	Q9HBV1	FP	TN	both_directions	both_directions	1	1	1	1	True
POP	G3RLV4	H2LXG3	FP	TN	both_directions	both_directions	1	1	1	1	True
POP	G3RLV4	J9NZA1	FP	TN	both_directions	both_directions	1	1	1	1	True
POP	G3RLV4	Q6JWV8	FP	TN	no_direct_hit	no_direct_hit	0	0	0	0	True
POP	G3RLV4	Q6P722	FP	TN	both_directions	both_directions	1	1	1	1	True
POP	G3RLV4	Q9ES82	FP	TN	both_directions	both_directions	1	1	1	1	True
POP	G3RLV4	Q9HBU9	FP	TN	both_directions	both_directions	1	1	1	1	True
POP	H2LXG3	H2QTG9	FP	TN	both_directions	both_directions	1	1	1	1	True
POP	H2LXG3	J9NU29	FP	TN	both_directions	both_directions	1	1	1	1	True
POP	H2LXG3	Q9ES81	FP	TN	both_directions	both_directions	1	1	1	1	True
POP	H2LXG3	Q9HBV1	FP	TN	both_directions	both_directions	1	1	1	1	True
POP	H2MZF5	J9NZA1	FP	TN	no_direct_hit	no_direct_hit	0	0	0	0	True
POP	H2MZF5	Q6JWV8	FP	TN	no_direct_hit	no_direct_hit	0	0	0	0	True
POP	H2MZF5	Q6P722	FP	TN	no_direct_hit	no_direct_hit	0	0	0	0	True
POP	H2MZF5	Q9ES82	FP	TN	no_direct_hit	no_direct_hit	0	0	0	0	True
POP	H2MZF5	Q9HBU9	FP	TN	no_direct_hit	no_direct_hit	0	0	0	0	True
POP	H2QTG9	J9NZA1	FP	TN	both_directions	both_directions	1	1	1	1	True
POP	H2QTG9	Q6JWV8	FP	TN	no_direct_hit	no_direct_hit	0	0	0	0	True
POP	H2QTG9	Q6P722	FP	TN	both_directions	both_directions	1	1	1	1	True
POP	H2QTG9	Q9ES82	FP	TN	both_directions	both_directions	1	1	1	1	True
POP	H2QTG9	Q9HBU9	FP	TN	both_directions	both_directions	1	1	1	1	True
POP	J9NU29	Q6JWV8	FP	TN	no_direct_hit	no_direct_hit	0	0	0	0	True
POP	J9NU29	Q6P722	FP	TN	both_directions	both_directions	1	1	1	1	True
POP	J9NU29	Q9ES82	FP	TN	both_directions	both_directions	1	1	1	1	True
POP	J9NU29	Q9HBU9	FP	TN	both_directions	both_directions	1	1	1	1	True
POP	J9NZA1	Q9ES81	FP	TN	both_directions	both_directions	1	1	1	1	True
POP	J9NZA1	Q9HBV1	FP	TN	both_directions	both_directions	1	1	1	1	True
POP	Q6JWV8	Q9ES81	FP	TN	no_direct_hit	no_direct_hit	0	0	0	0	True
POP	Q6JWV8	Q9HBV1	FP	TN	no_direct_hit	no_direct_hit	0	0	0	0	True
POP	Q6P722	Q9ES81	FP	TN	both_directions	both_directions	1	1	1	1	True
POP	Q6P722	Q9HBV1	FP	TN	both_directions	both_directions	1	1	1	1	True
POP	Q9ES81	Q9HBU9	FP	TN	both_directions	both_directions	1	1	1	1	True
POP	Q9ES82	Q9HBV1	FP	TN	both_directions	both_directions	1	1	1	1	True
PSEN	A9S846	A9VBA9	TP	FN	both_directions	both_directions	1	1	1	1	True
PSEN	A9S846	C3Z2C5	TP	FN	both_directions	both_directions	1	1	1	1	True
PSEN	A9S846	F1NGP7	TP	FN	both_directions	both_directions	1	1	1	1	True
PSEN	A9S846	F6RA92	TP	FN	both_directions	both_directions	1	1	1	1	True
PSEN	A9S846	F7C949	TP	FN	both_directions	both_directions	1	1	1	1	True
PSEN	A9S846	G3QI95	TP	FN	no_direct_hit	no_direct_hit	0	0	0	0	True
PSEN	A9S846	G3QLC6	TP	FN	both_directions	both_directions	1	1	1	1	True
PSEN	A9S846	H2N0U7	TP	FN	both_directions	both_directions	1	1	1	1	True
PSEN	A9S846	H2Q8K1	TP	FN	both_directions	both_directions	1	1	1	1	True
PSEN	A9S846	H2R821	TP	FN	both_directions	both_directions	1	1	1	1	True
PSEN	A9S846	O02194	TP	FN	both_directions	both_directions	1	1	1	1	True
PSEN	A9S846	O88777	TP	FN	both_directions	both_directions	1	1	1	1	True
PSEN	A9S846	P49768	TP	FN	both_directions	both_directions	1	1	1	1	True
PSEN	A9S846	P49769	TP	FN	both_directions	both_directions	1	1	1	1	True
PSEN	A9S846	P49810	TP	FN	both_directions	both_directions	1	1	1	1	True
PSEN	A9S846	P97887	TP	FN	both_directions	both_directions	1	1	1	1	True
PSEN	A9S846	Q4JIM4	TP	FN	both_directions	both_directions	1	1	1	1	True
PSEN	A9S846	Q7PR98	TP	FN	both_directions	both_directions	1	1	1	1	True
PSEN	A9S846	Q90ZE4	TP	FN	both_directions	both_directions	1	1	1	1	True
PSEN	A9S846	Q9XT96	TP	FN	both_directions	both_directions	1	1	1	1	True
PSEN	A9S846	Q9XT97	TP	FN	both_directions	both_directions	1	1	1	1	True
PSEN	A9VBA9	B8C3Y7	TP	FN	both_directions	both_directions	1	1	1	1	True
PSEN	A9VBA9	C7J054	TP	FN	both_directions	both_directions	1	1	1	1	True
PSEN	A9VBA9	H3GE34	TP	FN	both_directions	both_directions	1	1	1	1	True
PSEN	A9VBA9	H3GSQ0	TP	FN	both_directions	both_directions	1	1	1	1	True
PSEN	A9VBA9	O64668	TP	FN	both_directions	both_directions	1	1	1	1	True
PSEN	A9VBA9	Q4QF26	TP	FN	both_directions	both_directions	1	1	1	1	True
PSEN	A9VBA9	Q54DE8	TP	FN	both_directions	both_directions	1	1	1	1	True
PSEN	A9VBA9	Q54ET2	TP	FN	both_directions	both_directions	1	1	1	1	True
PSEN	A9VBA9	Q9SIK7	TP	FN	both_directions	both_directions	1	1	1	1	True
PSEN	B8C3Y7	C3Z2C5	TP	FN	both_directions	both_directions	1	1	1	1	True
PSEN	B8C3Y7	F1NGP7	TP	FN	both_directions	both_directions	1	1	1	1	True
PSEN	B8C3Y7	F6RA92	TP	FN	both_directions	both_directions	1	1	1	1	True
PSEN	B8C3Y7	F7C949	TP	FN	both_directions	both_directions	1	1	1	1	True
PSEN	B8C3Y7	G3QI95	TP	FN	no_direct_hit	no_direct_hit	0	0	0	0	True
PSEN	B8C3Y7	G3QLC6	TP	FN	both_directions	both_directions	1	1	1	1	True
PSEN	B8C3Y7	H2N0U7	TP	FN	both_directions	both_directions	1	1	1	1	True
PSEN	B8C3Y7	H2Q8K1	TP	FN	both_directions	both_directions	1	1	1	1	True
PSEN	B8C3Y7	H2R821	TP	FN	both_directions	both_directions	1	1	1	1	True
PSEN	B8C3Y7	H3GE34	TP	FN	both_directions	both_directions	1	1	1	1	True
PSEN	B8C3Y7	O02194	TP	FN	both_directions	both_directions	1	1	1	1	True
PSEN	B8C3Y7	O88777	TP	FN	both_directions	both_directions	1	1	1	1	True
PSEN	B8C3Y7	P49768	TP	FN	both_directions	both_directions	1	1	1	1	True
PSEN	B8C3Y7	P49769	TP	FN	both_directions	both_directions	1	1	1	1	True
PSEN	B8C3Y7	P49810	TP	FN	both_directions	both_directions	1	1	1	1	True
PSEN	B8C3Y7	P97887	TP	FN	both_directions	both_directions	1	1	1	1	True
PSEN	B8C3Y7	Q4JIM4	TP	FN	both_directions	both_directions	1	1	1	1	True
PSEN	B8C3Y7	Q7PR98	TP	FN	both_directions	both_directions	1	1	1	1	True
PSEN	B8C3Y7	Q90ZE4	TP	FN	both_directions	both_directions	1	1	1	1	True
PSEN	B8C3Y7	Q9XT96	TP	FN	both_directions	both_directions	1	1	1	1	True
PSEN	B8C3Y7	Q9XT97	TP	FN	both_directions	both_directions	1	1	1	1	True
PSEN	C3Z2C5	C7J054	TP	FN	both_directions	both_directions	1	1	1	1	True
PSEN	C3Z2C5	H3GE34	TP	FN	both_directions	both_directions	1	1	1	1	True
PSEN	C3Z2C5	H3GSQ0	TP	FN	both_directions	both_directions	1	1	1	1	True
PSEN	C3Z2C5	O64668	TP	FN	both_directions	both_directions	1	1	1	1	True
PSEN	C3Z2C5	Q4QF26	TP	FN	both_directions	both_directions	1	1	1	1	True
PSEN	C3Z2C5	Q54DE8	TP	FN	both_directions	both_directions	1	1	1	1	True
PSEN	C3Z2C5	Q54ET2	TP	FN	both_directions	both_directions	1	1	1	1	True
PSEN	C3Z2C5	Q9SIK7	TP	FN	both_directions	both_directions	1	1	1	1	True
PSEN	C7J054	F1NGP7	TP	FN	both_directions	both_directions	1	1	1	1	True
PSEN	C7J054	F6RA92	TP	FN	both_directions	both_directions	1	1	1	1	True
PSEN	C7J054	F7C949	TP	FN	both_directions	both_directions	1	1	1	1	True
PSEN	C7J054	G3QI95	TP	FN	no_direct_hit	no_direct_hit	0	0	0	0	True
PSEN	C7J054	G3QLC6	TP	FN	both_directions	both_directions	1	1	1	1	True
PSEN	C7J054	H2N0U7	TP	FN	both_directions	both_directions	1	1	1	1	True
PSEN	C7J054	H2Q8K1	TP	FN	both_directions	both_directions	1	1	1	1	True
PSEN	C7J054	H2R821	TP	FN	both_directions	both_directions	1	1	1	1	True
PSEN	C7J054	O02194	TP	FN	both_directions	both_directions	1	1	1	1	True
PSEN	C7J054	O64668	FP	TN	both_directions	both_directions	1	1	1	1	True
PSEN	C7J054	O88777	TP	FN	both_directions	both_directions	1	1	1	1	True
PSEN	C7J054	P49768	TP	FN	both_directions	both_directions	1	1	1	1	True
PSEN	C7J054	P49769	TP	FN	both_directions	both_directions	1	1	1	1	True
PSEN	C7J054	P49810	TP	FN	both_directions	both_directions	1	1	1	1	True
PSEN	C7J054	P97887	TP	FN	both_directions	both_directions	1	1	1	1	True
PSEN	C7J054	Q4JIM4	TP	FN	both_directions	both_directions	1	1	1	1	True
PSEN	C7J054	Q7PR98	TP	FN	both_directions	both_directions	1	1	1	1	True
PSEN	C7J054	Q90ZE4	TP	FN	both_directions	both_directions	1	1	1	1	True
PSEN	C7J054	Q9XT96	TP	FN	both_directions	both_directions	1	1	1	1	True
PSEN	C7J054	Q9XT97	TP	FN	both_directions	both_directions	1	1	1	1	True
PSEN	F1NGP7	G3QI95	FP	TN	no_direct_hit	no_direct_hit	0	0	0	0	True
PSEN	F1NGP7	H2Q8K1	FP	TN	both_directions	both_directions	1	1	1	1	True
PSEN	F1NGP7	H3GE34	TP	FN	both_directions	both_directions	1	1	1	1	True
PSEN	F1NGP7	H3GSQ0	TP	FN	both_directions	both_directions	1	1	1	1	True
PSEN	F1NGP7	O64668	TP	FN	both_directions	both_directions	1	1	1	1	True
PSEN	F1NGP7	P49768	FP	TN	both_directions	both_directions	1	1	1	1	True
PSEN	F1NGP7	P49769	FP	TN	both_directions	both_directions	1	1	1	1	True
PSEN	F1NGP7	P97887	FP	TN	both_directions	both_directions	1	1	1	1	True
PSEN	F1NGP7	Q4QF26	TP	FN	both_directions	both_directions	1	1	1	1	True
PSEN	F1NGP7	Q54DE8	TP	FN	both_directions	both_directions	1	1	1	1	True
PSEN	F1NGP7	Q54ET2	TP	FN	both_directions	both_directions	1	1	1	1	True
PSEN	F1NGP7	Q9SIK7	TP	FN	both_directions	both_directions	1	1	1	1	True
PSEN	F1NGP7	Q9XT97	FP	TN	both_directions	both_directions	1	1	1	1	True
PSEN	F6RA92	H3GE34	TP	FN	both_directions	both_directions	1	1	1	1	True
PSEN	F6RA92	H3GSQ0	TP	FN	both_directions	both_directions	1	1	1	1	True
PSEN	F6RA92	O64668	TP	FN	both_directions	both_directions	1	1	1	1	True
PSEN	F6RA92	Q4QF26	TP	FN	both_directions	both_directions	1	1	1	1	True
PSEN	F6RA92	Q54DE8	TP	FN	both_directions	both_directions	1	1	1	1	True
PSEN	F6RA92	Q54ET2	TP	FN	both_directions	both_directions	1	1	1	1	True
PSEN	F6RA92	Q9SIK7	TP	FN	both_directions	both_directions	1	1	1	1	True
PSEN	F7C949	G3QI95	FP	TN	no_direct_hit	no_direct_hit	0	0	0	0	True
PSEN	F7C949	H2Q8K1	FP	TN	both_directions	both_directions	1	1	1	1	True
PSEN	F7C949	H3GE34	TP	FN	both_directions	both_directions	1	1	1	1	True
PSEN	F7C949	H3GSQ0	TP	FN	both_directions	both_directions	1	1	1	1	True
PSEN	F7C949	O64668	TP	FN	both_directions	both_directions	1	1	1	1	True
PSEN	F7C949	P49768	FP	TN	both_directions	both_directions	1	1	1	1	True
PSEN	F7C949	P49769	FP	TN	both_directions	both_directions	1	1	1	1	True
PSEN	F7C949	P97887	FP	TN	both_directions	both_directions	1	1	1	1	True
PSEN	F7C949	Q4JIM4	FP	TN	both_directions	both_directions	1	1	1	1	True
PSEN	F7C949	Q4QF26	TP	FN	both_directions	both_directions	1	1	1	1	True
PSEN	F7C949	Q54DE8	TP	FN	both_directions	both_directions	1	1	1	1	True
PSEN	F7C949	Q54ET2	TP	FN	both_directions	both_directions	1	1	1	1	True
PSEN	F7C949	Q9SIK7	TP	FN	both_directions	both_directions	1	1	1	1	True
PSEN	F7C949	Q9XT97	FP	TN	both_directions	both_directions	1	1	1	1	True
PSEN	G3QI95	H2N0U7	FP	TN	no_direct_hit	no_direct_hit	0	0	0	0	True
PSEN	G3QI95	H2R821	FP	TN	both_directions	both_directions	1	1	1	1	True
PSEN	G3QI95	H3GE34	TP	FN	no_direct_hit	no_direct_hit	0	0	0	0	True
PSEN	G3QI95	H3GSQ0	TP	FN	no_direct_hit	no_direct_hit	0	0	0	0	True
PSEN	G3QI95	O64668	TP	FN	no_direct_hit	no_direct_hit	0	0	0	0	True
PSEN	G3QI95	O88777	FP	TN	no_direct_hit	no_direct_hit	0	0	0	0	True
PSEN	G3QI95	P49810	FP	TN	no_direct_hit	no_direct_hit	0	0	0	0	True
PSEN	G3QI95	Q4QF26	TP	FN	both_directions	both_directions	1	1	1	1	True
PSEN	G3QI95	Q54DE8	TP	FN	no_direct_hit	no_direct_hit	0	0	0	0	True
PSEN	G3QI95	Q54ET2	TP	FN	both_directions	both_directions	1	1	1	1	True
PSEN	G3QI95	Q90ZE4	FP	TN	one_direction	one_direction	0	1	0	1	True
PSEN	G3QI95	Q9SIK7	TP	FN	no_direct_hit	no_direct_hit	0	0	0	0	True
PSEN	G3QI95	Q9XT96	FP	TN	no_direct_hit	no_direct_hit	0	0	0	0	True
PSEN	G3QLC6	H2Q8K1	FP	TN	both_directions	both_directions	1	1	1	1	True
PSEN	G3QLC6	H3GE34	TP	FN	both_directions	both_directions	1	1	1	1	True
PSEN	G3QLC6	H3GSQ0	TP	FN	both_directions	both_directions	1	1	1	1	True
PSEN	G3QLC6	O64668	TP	FN	both_directions	both_directions	1	1	1	1	True
PSEN	G3QLC6	P49768	FP	TN	both_directions	both_directions	1	1	1	1	True
PSEN	G3QLC6	P49769	FP	TN	both_directions	both_directions	1	1	1	1	True
PSEN	G3QLC6	P97887	FP	TN	both_directions	both_directions	1	1	1	1	True
PSEN	G3QLC6	Q4JIM4	FP	TN	both_directions	both_directions	1	1	1	1	True
PSEN	G3QLC6	Q4QF26	TP	FN	both_directions	both_directions	1	1	1	1	True
PSEN	G3QLC6	Q54DE8	TP	FN	both_directions	both_directions	1	1	1	1	True
PSEN	G3QLC6	Q54ET2	TP	FN	both_directions	both_directions	1	1	1	1	True
PSEN	G3QLC6	Q9SIK7	TP	FN	both_directions	both_directions	1	1	1	1	True
PSEN	G3QLC6	Q9XT97	FP	TN	both_directions	both_directions	1	1	1	1	True
PSEN	H2N0U7	H2Q8K1	FP	TN	both_directions	both_directions	1	1	1	1	True
PSEN	H2N0U7	H3GE34	TP	FN	both_directions	both_directions	1	1	1	1	True
PSEN	H2N0U7	H3GSQ0	TP	FN	both_directions	both_directions	1	1	1	1	True
PSEN	H2N0U7	O64668	TP	FN	both_directions	both_directions	1	1	1	1	True
PSEN	H2N0U7	P49768	FP	TN	both_directions	both_directions	1	1	1	1	True
PSEN	H2N0U7	P49769	FP	TN	both_directions	both_directions	1	1	1	1	True
PSEN	H2N0U7	P97887	FP	TN	both_directions	both_directions	1	1	1	1	True
PSEN	H2N0U7	Q4JIM4	FP	TN	both_directions	both_directions	1	1	1	1	True
PSEN	H2N0U7	Q4QF26	TP	FN	both_directions	both_directions	1	1	1	1	True
PSEN	H2N0U7	Q54DE8	TP	FN	both_directions	both_directions	1	1	1	1	True
PSEN	H2N0U7	Q54ET2	TP	FN	both_directions	both_directions	1	1	1	1	True
PSEN	H2N0U7	Q9SIK7	TP	FN	both_directions	both_directions	1	1	1	1	True
PSEN	H2N0U7	Q9XT97	FP	TN	both_directions	both_directions	1	1	1	1	True
PSEN	H2Q8K1	H3GE34	TP	FN	both_directions	both_directions	1	1	1	1	True
PSEN	H2Q8K1	H3GSQ0	TP	FN	both_directions	both_directions	1	1	1	1	True
PSEN	H2Q8K1	O64668	TP	FN	both_directions	both_directions	1	1	1	1	True
PSEN	H2Q8K1	O88777	FP	TN	both_directions	both_directions	1	1	1	1	True
PSEN	H2Q8K1	P49810	FP	TN	both_directions	both_directions	1	1	1	1	True
PSEN	H2Q8K1	Q4QF26	TP	FN	both_directions	both_directions	1	1	1	1	True
PSEN	H2Q8K1	Q54DE8	TP	FN	both_directions	both_directions	1	1	1	1	True
PSEN	H2Q8K1	Q54ET2	TP	FN	both_directions	both_directions	1	1	1	1	True
PSEN	H2Q8K1	Q90ZE4	FP	TN	both_directions	both_directions	1	1	1	1	True
PSEN	H2Q8K1	Q9SIK7	TP	FN	both_directions	both_directions	1	1	1	1	True
PSEN	H2Q8K1	Q9XT96	FP	TN	both_directions	both_directions	1	1	1	1	True
PSEN	H2R821	H3GE34	TP	FN	both_directions	both_directions	1	1	1	1	True
PSEN	H2R821	H3GSQ0	TP	FN	both_directions	both_directions	1	1	1	1	True
PSEN	H2R821	O64668	TP	FN	both_directions	both_directions	1	1	1	1	True
PSEN	H2R821	P49768	FP	TN	both_directions	both_directions	1	1	1	1	True
PSEN	H2R821	P49769	FP	TN	both_directions	both_directions	1	1	1	1	True
PSEN	H2R821	P97887	FP	TN	both_directions	both_directions	1	1	1	1	True
PSEN	H2R821	Q4JIM4	FP	TN	both_directions	both_directions	1	1	1	1	True
PSEN	H2R821	Q4QF26	TP	FN	both_directions	both_directions	1	1	1	1	True
PSEN	H2R821	Q54DE8	TP	FN	both_directions	both_directions	1	1	1	1	True
PSEN	H2R821	Q54ET2	TP	FN	both_directions	both_directions	1	1	1	1	True
PSEN	H2R821	Q9SIK7	TP	FN	both_directions	both_directions	1	1	1	1	True
PSEN	H2R821	Q9XT97	FP	TN	both_directions	both_directions	1	1	1	1	True
PSEN	H3GE34	O02194	TP	FN	both_directions	both_directions	1	1	1	1	True
PSEN	H3GE34	O88777	TP	FN	both_directions	both_directions	1	1	1	1	True
PSEN	H3GE34	P49768	TP	FN	both_directions	both_directions	1	1	1	1	True
PSEN	H3GE34	P49769	TP	FN	both_directions	both_directions	1	1	1	1	True
PSEN	H3GE34	P49810	TP	FN	both_directions	both_directions	1	1	1	1	True
PSEN	H3GE34	P97887	TP	FN	both_directions	both_directions	1	1	1	1	True
PSEN	H3GE34	Q4JIM4	TP	FN	both_directions	both_directions	1	1	1	1	True
PSEN	H3GE34	Q7PR98	TP	FN	both_directions	both_directions	1	1	1	1	True
PSEN	H3GE34	Q90ZE4	TP	FN	both_directions	both_directions	1	1	1	1	True
PSEN	H3GE34	Q9XT96	TP	FN	both_directions	both_directions	1	1	1	1	True
PSEN	H3GE34	Q9XT97	TP	FN	both_directions	both_directions	1	1	1	1	True
PSEN	H3GSQ0	O02194	TP	FN	both_directions	both_directions	1	1	1	1	True
PSEN	H3GSQ0	O88777	TP	FN	both_directions	both_directions	1	1	1	1	True
PSEN	H3GSQ0	P49768	TP	FN	both_directions	both_directions	1	1	1	1	True
PSEN	H3GSQ0	P49769	TP	FN	both_directions	both_directions	1	1	1	1	True
PSEN	H3GSQ0	P49810	TP	FN	both_directions	both_directions	1	1	1	1	True
PSEN	H3GSQ0	P97887	TP	FN	both_directions	both_directions	1	1	1	1	True
PSEN	H3GSQ0	Q4JIM4	TP	FN	both_directions	both_directions	1	1	1	1	True
PSEN	H3GSQ0	Q7PR98	TP	FN	both_directions	both_directions	1	1	1	1	True
PSEN	H3GSQ0	Q90ZE4	TP	FN	both_directions	both_directions	1	1	1	1	True
PSEN	H3GSQ0	Q9XT96	TP	FN	both_directions	both_directions	1	1	1	1	True
PSEN	H3GSQ0	Q9XT97	TP	FN	both_directions	both_directions	1	1	1	1	True
PSEN	O02194	O64668	TP	FN	both_directions	both_directions	1	1	1	1	True
PSEN	O02194	Q4QF26	TP	FN	both_directions	both_directions	1	1	1	1	True
PSEN	O02194	Q54DE8	TP	FN	both_directions	both_directions	1	1	1	1	True
PSEN	O02194	Q54ET2	TP	FN	both_directions	both_directions	1	1	1	1	True
PSEN	O02194	Q9SIK7	TP	FN	both_directions	both_directions	1	1	1	1	True
PSEN	O64668	O88777	TP	FN	both_directions	both_directions	1	1	1	1	True
PSEN	O64668	P49768	TP	FN	both_directions	both_directions	1	1	1	1	True
PSEN	O64668	P49769	TP	FN	both_directions	both_directions	1	1	1	1	True
PSEN	O64668	P49810	TP	FN	both_directions	both_directions	1	1	1	1	True
PSEN	O64668	P97887	TP	FN	both_directions	both_directions	1	1	1	1	True
PSEN	O64668	Q4JIM4	TP	FN	both_directions	both_directions	1	1	1	1	True
PSEN	O64668	Q7PR98	TP	FN	both_directions	both_directions	1	1	1	1	True
PSEN	O64668	Q90ZE4	TP	FN	both_directions	both_directions	1	1	1	1	True
PSEN	O64668	Q9XT96	TP	FN	both_directions	both_directions	1	1	1	1	True
PSEN	O64668	Q9XT97	TP	FN	both_directions	both_directions	1	1	1	1	True
PSEN	O88777	P49768	FP	TN	both_directions	both_directions	1	1	1	1	True
PSEN	O88777	P49769	FP	TN	both_directions	both_directions	1	1	1	1	True
PSEN	O88777	Q4JIM4	FP	TN	both_directions	both_directions	1	1	1	1	True
PSEN	O88777	Q4QF26	TP	FN	both_directions	both_directions	1	1	1	1	True
PSEN	O88777	Q54DE8	TP	FN	both_directions	both_directions	1	1	1	1	True
PSEN	O88777	Q54ET2	TP	FN	both_directions	both_directions	1	1	1	1	True
PSEN	O88777	Q9SIK7	TP	FN	both_directions	both_directions	1	1	1	1	True
PSEN	O88777	Q9XT97	FP	TN	both_directions	both_directions	1	1	1	1	True
PSEN	P49768	Q4QF26	TP	FN	both_directions	both_directions	1	1	1	1	True
PSEN	P49768	Q54DE8	TP	FN	both_directions	both_directions	1	1	1	1	True
PSEN	P49768	Q54ET2	TP	FN	both_directions	both_directions	1	1	1	1	True
PSEN	P49768	Q90ZE4	FP	TN	both_directions	both_directions	1	1	1	1	True
PSEN	P49768	Q9SIK7	TP	FN	both_directions	both_directions	1	1	1	1	True
PSEN	P49768	Q9XT96	FP	TN	both_directions	both_directions	1	1	1	1	True
PSEN	P49769	P49810	FP	TN	both_directions	both_directions	1	1	1	1	True
PSEN	P49769	Q4QF26	TP	FN	both_directions	both_directions	1	1	1	1	True
PSEN	P49769	Q54DE8	TP	FN	both_directions	both_directions	1	1	1	1	True
PSEN	P49769	Q54ET2	TP	FN	both_directions	both_directions	1	1	1	1	True
PSEN	P49769	Q90ZE4	FP	TN	both_directions	both_directions	1	1	1	1	True
PSEN	P49769	Q9SIK7	TP	FN	both_directions	both_directions	1	1	1	1	True
PSEN	P49769	Q9XT96	FP	TN	both_directions	both_directions	1	1	1	1	True
PSEN	P49810	P97887	FP	TN	both_directions	both_directions	1	1	1	1	True
PSEN	P49810	Q4JIM4	FP	TN	both_directions	both_directions	1	1	1	1	True
PSEN	P49810	Q4QF26	TP	FN	both_directions	both_directions	1	1	1	1	True
PSEN	P49810	Q54DE8	TP	FN	both_directions	both_directions	1	1	1	1	True
PSEN	P49810	Q54ET2	TP	FN	both_directions	both_directions	1	1	1	1	True
PSEN	P49810	Q9SIK7	TP	FN	both_directions	both_directions	1	1	1	1	True
PSEN	P49810	Q9XT97	FP	TN	both_directions	both_directions	1	1	1	1	True
PSEN	P97887	Q4QF26	TP	FN	both_directions	both_directions	1	1	1	1	True
PSEN	P97887	Q54DE8	TP	FN	both_directions	both_directions	1	1	1	1	True
PSEN	P97887	Q54ET2	TP	FN	both_directions	both_directions	1	1	1	1	True
PSEN	P97887	Q90ZE4	FP	TN	both_directions	both_directions	1	1	1	1	True
PSEN	P97887	Q9SIK7	TP	FN	both_directions	both_directions	1	1	1	1	True
PSEN	P97887	Q9XT96	FP	TN	both_directions	both_directions	1	1	1	1	True
PSEN	Q4JIM4	Q4QF26	TP	FN	both_directions	both_directions	1	1	1	1	True
PSEN	Q4JIM4	Q54DE8	TP	FN	both_directions	both_directions	1	1	1	1	True
PSEN	Q4JIM4	Q54ET2	TP	FN	both_directions	both_directions	1	1	1	1	True
PSEN	Q4JIM4	Q90ZE4	FP	TN	both_directions	both_directions	1	1	1	1	True
PSEN	Q4JIM4	Q9SIK7	TP	FN	both_directions	both_directions	1	1	1	1	True
PSEN	Q4JIM4	Q9XT96	FP	TN	both_directions	both_directions	1	1	1	1	True
PSEN	Q4QF26	Q7PR98	TP	FN	both_directions	both_directions	1	1	1	1	True
PSEN	Q4QF26	Q90ZE4	TP	FN	both_directions	both_directions	1	1	1	1	True
PSEN	Q4QF26	Q9XT96	TP	FN	both_directions	both_directions	1	1	1	1	True
PSEN	Q4QF26	Q9XT97	TP	FN	both_directions	both_directions	1	1	1	1	True
PSEN	Q54DE8	Q7PR98	TP	FN	both_directions	both_directions	1	1	1	1	True
PSEN	Q54DE8	Q90ZE4	TP	FN	both_directions	both_directions	1	1	1	1	True
PSEN	Q54DE8	Q9XT96	TP	FN	both_directions	both_directions	1	1	1	1	True
PSEN	Q54DE8	Q9XT97	TP	FN	both_directions	both_directions	1	1	1	1	True
PSEN	Q54ET2	Q7PR98	TP	FN	both_directions	both_directions	1	1	1	1	True
PSEN	Q54ET2	Q90ZE4	TP	FN	both_directions	both_directions	1	1	1	1	True
PSEN	Q54ET2	Q9XT96	TP	FN	both_directions	both_directions	1	1	1	1	True
PSEN	Q54ET2	Q9XT97	TP	FN	both_directions	both_directions	1	1	1	1	True
PSEN	Q7PR98	Q9SIK7	TP	FN	both_directions	both_directions	1	1	1	1	True
PSEN	Q90ZE4	Q9SIK7	TP	FN	both_directions	both_directions	1	1	1	1	True
PSEN	Q90ZE4	Q9XT97	FP	TN	both_directions	both_directions	1	1	1	1	True
PSEN	Q9SIK7	Q9XT96	TP	FN	both_directions	both_directions	1	1	1	1	True
PSEN	Q9SIK7	Q9XT97	TP	FN	both_directions	both_directions	1	1	1	1	True
RPS	A8IWQ1	P35686	TP	FN	no_direct_hit	no_direct_hit	0	0	0	0	True
RPS	A8IWQ1	Q10P27	TP	FN	no_direct_hit	no_direct_hit	0	0	0	0	True
RPS	A8IWQ1	Q8IK02	TP	FN	no_direct_hit	no_direct_hit	0	0	0	0	True
RPS	A8IWQ1	Q8LNL2	TP	FN	no_direct_hit	no_direct_hit	0	0	0	0	True
RPS	O66430	P35686	TP	FN	no_direct_hit	no_direct_hit	0	0	0	0	True
RPS	O66430	Q10P27	TP	FN	no_direct_hit	no_direct_hit	0	0	0	0	True
RPS	O66430	Q8IK02	TP	FN	no_direct_hit	no_direct_hit	0	0	0	0	True
RPS	O66430	Q8LNL2	TP	FN	no_direct_hit	no_direct_hit	0	0	0	0	True
RPS	P21471	P35686	TP	FN	no_direct_hit	no_direct_hit	0	0	0	0	True
RPS	P21471	Q10P27	TP	FN	no_direct_hit	no_direct_hit	0	0	0	0	True
RPS	P21471	Q8IK02	TP	FN	no_direct_hit	no_direct_hit	0	0	0	0	True
RPS	P21471	Q8LNL2	TP	FN	no_direct_hit	no_direct_hit	0	0	0	0	True
RPS	P35027	P35686	TP	FN	both_directions	both_directions	1	1	1	1	True
RPS	P35027	Q10P27	TP	FN	no_direct_hit	no_direct_hit	0	0	0	0	True
RPS	P35027	Q8IK02	TP	FN	no_direct_hit	no_direct_hit	0	0	0	0	True
RPS	P35027	Q8LNL2	TP	FN	no_direct_hit	no_direct_hit	0	0	0	0	True
RPS	P35686	P54029	TP	FN	one_direction	one_direction	1	0	1	0	True
RPS	P35686	P61929	TP	FN	one_direction	one_direction	1	0	1	0	True
RPS	P35686	Q7NEF1	TP	FN	no_direct_hit	no_direct_hit	0	0	0	0	True
RPS	P54029	Q10P27	TP	FN	both_directions	both_directions	1	1	1	1	True
RPS	P54029	Q8IK02	TP	FN	both_directions	both_directions	1	1	1	1	True
RPS	P54029	Q8LNL2	TP	FN	both_directions	both_directions	1	1	1	1	True
RPS	P61929	Q10P27	TP	FN	no_direct_hit	no_direct_hit	0	0	0	0	True
RPS	P61929	Q8IK02	TP	FN	both_directions	both_directions	1	1	1	1	True
RPS	P61929	Q8LNL2	TP	FN	no_direct_hit	no_direct_hit	0	0	0	0	True
RPS	Q10P27	Q7NEF1	TP	FN	no_direct_hit	no_direct_hit	0	0	0	0	True
RPS	Q7NEF1	Q8IK02	TP	FN	no_direct_hit	no_direct_hit	0	0	0	0	True
RPS	Q7NEF1	Q8LNL2	TP	FN	no_direct_hit	no_direct_hit	0	0	0	0	True
SERC	A0A6I8Q293	B7Q347	TP	FN	no_direct_hit	no_direct_hit	0	0	0	0	True
SERC	A0A6I8Q293	C3YMU1	FP	TN	no_direct_hit	no_direct_hit	0	0	0	0	True
SERC	A0A6I8Q293	O45719	TP	FN	both_directions	both_directions	1	1	1	1	True
SERC	A0A6I8Q293	Q13530	FP	TN	no_direct_hit	no_direct_hit	0	0	0	0	True
SERC	A0A6I8Q293	Q4FZV1	FP	TN	no_direct_hit	no_direct_hit	0	0	0	0	True
SERC	A0A6I8Q293	Q5U2V2	FP	TN	no_direct_hit	no_direct_hit	0	0	0	0	True
SERC	A0A6I8Q293	Q5ZME5	FP	TN	no_direct_hit	no_direct_hit	0	0	0	0	True
SERC	A0A6I8Q293	Q63175	FP	TN	no_direct_hit	no_direct_hit	0	0	0	0	True
SERC	A0A6I8Q293	Q7QCD1	TP	FN	one_direction	one_direction	1	0	1	0	True
SERC	A0A6I8Q293	Q7SZW7	FP	TN	no_direct_hit	no_direct_hit	0	0	0	0	True
SERC	A0A6I8Q293	Q7TNK0	FP	TN	no_direct_hit	no_direct_hit	0	0	0	0	True
SERC	A0A6I8Q293	Q803X0	FP	TN	no_direct_hit	no_direct_hit	0	0	0	0	True
SERC	A0A6I8Q293	Q86VE9	FP	TN	no_direct_hit	no_direct_hit	0	0	0	0	True
SERC	A0A6I8Q293	Q8BHJ6	FP	TN	no_direct_hit	no_direct_hit	0	0	0	0	True
SERC	A0A6I8Q293	Q95XV3	TP	FN	no_direct_hit	no_direct_hit	0	0	0	0	True
SERC	A0A6I8Q293	Q96SA4	FP	TN	no_direct_hit	no_direct_hit	0	0	0	0	True
SERC	A0A6I8Q293	Q9NRX5	FP	TN	no_direct_hit	no_direct_hit	0	0	0	0	True
SERC	A0A6I8Q293	Q9QZI8	FP	TN	no_direct_hit	no_direct_hit	0	0	0	0	True
SERC	A6NH21	B7Q347	TP	FN	no_direct_hit	no_direct_hit	0	0	0	0	True
SERC	A6NH21	C3YMU1	FP	TN	both_directions	both_directions	1	1	1	1	True
SERC	A6NH21	O45719	TP	FN	both_directions	both_directions	1	1	1	1	True
SERC	A6NH21	Q4FZV1	FP	TN	no_direct_hit	no_direct_hit	0	0	0	0	True
SERC	A6NH21	Q5U2V2	FP	TN	no_direct_hit	no_direct_hit	0	0	0	0	True
SERC	A6NH21	Q5ZME5	FP	TN	no_direct_hit	no_direct_hit	0	0	0	0	True
SERC	A6NH21	Q63175	FP	TN	no_direct_hit	no_direct_hit	0	0	0	0	True
SERC	A6NH21	Q7QCD1	TP	FN	no_direct_hit	no_direct_hit	0	0	0	0	True
SERC	A6NH21	Q7SZW7	FP	TN	no_direct_hit	no_direct_hit	0	0	0	0	True
SERC	A6NH21	Q7TNK0	FP	TN	no_direct_hit	no_direct_hit	0	0	0	0	True
SERC	A6NH21	Q803X0	FP	TN	no_direct_hit	no_direct_hit	0	0	0	0	True
SERC	A6NH21	Q8BHJ6	FP	TN	no_direct_hit	no_direct_hit	0	0	0	0	True
SERC	A6NH21	Q95XV3	TP	FN	no_direct_hit	no_direct_hit	0	0	0	0	True
SERC	A6NH21	Q9QZI8	FP	TN	no_direct_hit	no_direct_hit	0	0	0	0	True
SERC	A8WCG0	B7Q347	TP	FN	one_direction	one_direction	1	0	1	0	True
SERC	A8WCG0	C3YMU1	FP	TN	no_direct_hit	no_direct_hit	0	0	0	0	True
SERC	A8WCG0	O45719	TP	FN	no_direct_hit	no_direct_hit	0	0	0	0	True
SERC	A8WCG0	Q13530	FP	TN	no_direct_hit	no_direct_hit	0	0	0	0	True
SERC	A8WCG0	Q5ZME5	FP	TN	no_direct_hit	no_direct_hit	0	0	0	0	True
SERC	A8WCG0	Q7QCD1	TP	FN	no_direct_hit	no_direct_hit	0	0	0	0	True
SERC	A8WCG0	Q7SZW7	FP	TN	both_directions	both_directions	1	1	1	1	True
SERC	A8WCG0	Q803X0	FP	TN	no_direct_hit	no_direct_hit	0	0	0	0	True
SERC	A8WCG0	Q86VE9	FP	TN	no_direct_hit	no_direct_hit	0	0	0	0	True
SERC	A8WCG0	Q8BHJ6	FP	TN	no_direct_hit	no_direct_hit	0	0	0	0	True
SERC	A8WCG0	Q95XV3	TP	FN	both_directions	both_directions	1	1	1	1	True
SERC	A8WCG0	Q96SA4	FP	TN	no_direct_hit	no_direct_hit	0	0	0	0	True
SERC	A8WCG0	Q9NRX5	FP	TN	no_direct_hit	no_direct_hit	0	0	0	0	True
SERC	A8WCG0	Q9QZI8	FP	TN	no_direct_hit	no_direct_hit	0	0	0	0	True
SERC	B7Q347	C3Y299	TP	FN	both_directions	both_directions	1	1	1	1	True
SERC	B7Q347	E7F5D2	TP	FN	both_directions	both_directions	1	1	1	1	True
SERC	B7Q347	F7A8J9	TP	FN	both_directions	both_directions	1	1	1	1	True
SERC	B7Q347	Q5XK03	TP	FN	both_directions	both_directions	1	1	1	1	True
SERC	B7Q347	Q63175	TP	FN	both_directions	both_directions	1	1	1	1	True
SERC	B7Q347	Q803X0	TP	FN	both_directions	both_directions	1	1	1	1	True
SERC	B7Q347	Q86VE9	TP	FN	both_directions	both_directions	1	1	1	1	True
SERC	B7Q347	Q8BHJ6	TP	FN	both_directions	both_directions	1	1	1	1	True
SERC	C3Y299	O45719	TP	FN	both_directions	both_directions	1	1	1	1	True
SERC	C3Y299	Q13530	FP	TN	both_directions	both_directions	1	1	1	1	True
SERC	C3Y299	Q4FZV1	FP	TN	both_directions	both_directions	1	1	1	1	True
SERC	C3Y299	Q5U2V2	FP	TN	both_directions	both_directions	1	1	1	1	True
SERC	C3Y299	Q5ZME5	FP	TN	both_directions	both_directions	1	1	1	1	True
SERC	C3Y299	Q7QCD1	TP	FN	both_directions	both_directions	1	1	1	1	True
SERC	C3Y299	Q7SZW7	FP	TN	both_directions	both_directions	1	1	1	1	True
SERC	C3Y299	Q7TNK0	FP	TN	both_directions	both_directions	1	1	1	1	True
SERC	C3Y299	Q95XV3	TP	FN	both_directions	both_directions	1	1	1	1	True
SERC	C3Y299	Q96SA4	FP	TN	both_directions	both_directions	1	1	1	1	True
SERC	C3Y299	Q9NRX5	FP	TN	both_directions	both_directions	1	1	1	1	True
SERC	C3Y299	Q9QZI8	FP	TN	both_directions	both_directions	1	1	1	1	True
SERC	C3YMU1	E7F5D2	FP	TN	both_directions	both_directions	1	1	1	1	True
SERC	C3YMU1	F7A8J9	FP	TN	both_directions	both_directions	1	1	1	1	True
SERC	C3YMU1	Q5XK03	FP	TN	no_direct_hit	no_direct_hit	0	0	0	0	True
SERC	C3YMU1	Q63175	FP	TN	both_directions	both_directions	1	1	1	1	True
SERC	C3YMU1	Q803X0	FP	TN	both_directions	both_directions	1	1	1	1	True
SERC	C3YMU1	Q86VE9	FP	TN	no_direct_hit	no_direct_hit	0	0	0	0	True
SERC	C3YMU1	Q8BHJ6	FP	TN	both_directions	both_directions	1	1	1	1	True
SERC	E7F5D2	O45719	TP	FN	no_direct_hit	no_direct_hit	0	0	0	0	True
SERC	E7F5D2	Q13530	FP	TN	both_directions	both_directions	1	1	1	1	True
SERC	E7F5D2	Q4FZV1	FP	TN	no_direct_hit	no_direct_hit	0	0	0	0	True
SERC	E7F5D2	Q5U2V2	FP	TN	no_direct_hit	no_direct_hit	0	0	0	0	True
SERC	E7F5D2	Q5ZME5	FP	TN	no_direct_hit	no_direct_hit	0	0	0	0	True
SERC	E7F5D2	Q63175	FP	TN	no_direct_hit	no_direct_hit	0	0	0	0	True
SERC	E7F5D2	Q7QCD1	TP	FN	no_direct_hit	no_direct_hit	0	0	0	0	True
SERC	E7F5D2	Q7TNK0	FP	TN	no_direct_hit	no_direct_hit	0	0	0	0	True
SERC	E7F5D2	Q86VE9	FP	TN	no_direct_hit	no_direct_hit	0	0	0	0	True
SERC	E7F5D2	Q8BHJ6	FP	TN	no_direct_hit	no_direct_hit	0	0	0	0	True
SERC	E7F5D2	Q95XV3	TP	FN	no_direct_hit	no_direct_hit	0	0	0	0	True
SERC	E7F5D2	Q96SA4	FP	TN	no_direct_hit	no_direct_hit	0	0	0	0	True
SERC	E7F5D2	Q9NRX5	FP	TN	no_direct_hit	no_direct_hit	0	0	0	0	True
SERC	E7F5D2	Q9QZI8	FP	TN	no_direct_hit	no_direct_hit	0	0	0	0	True
SERC	F7A8J9	O45719	TP	FN	both_directions	both_directions	1	1	1	1	True
SERC	F7A8J9	Q13530	FP	TN	no_direct_hit	no_direct_hit	0	0	0	0	True
SERC	F7A8J9	Q4FZV1	FP	TN	one_direction	one_direction	0	1	0	1	True
SERC	F7A8J9	Q5U2V2	FP	TN	both_directions	both_directions	1	1	1	1	True
SERC	F7A8J9	Q5ZME5	FP	TN	no_direct_hit	no_direct_hit	0	0	0	0	True
SERC	F7A8J9	Q7QCD1	TP	FN	both_directions	both_directions	1	1	1	1	True
SERC	F7A8J9	Q7SZW7	FP	TN	both_directions	both_directions	1	1	1	1	True
SERC	F7A8J9	Q7TNK0	FP	TN	no_direct_hit	no_direct_hit	0	0	0	0	True
SERC	F7A8J9	Q95XV3	TP	FN	both_directions	both_directions	1	1	1	1	True
SERC	F7A8J9	Q96SA4	FP	TN	one_direction	one_direction	0	1	0	1	True
SERC	F7A8J9	Q9NRX5	FP	TN	no_direct_hit	no_direct_hit	0	0	0	0	True
SERC	F7A8J9	Q9QZI8	FP	TN	no_direct_hit	no_direct_hit	0	0	0	0	True
SERC	O45719	Q5XK03	TP	FN	no_direct_hit	no_direct_hit	0	0	0	0	True
SERC	O45719	Q63175	TP	FN	both_directions	both_directions	1	1	1	1	True
SERC	O45719	Q803X0	TP	FN	both_directions	both_directions	1	1	1	1	True
SERC	O45719	Q86VE9	TP	FN	both_directions	both_directions	1	1	1	1	True
SERC	O45719	Q8BHJ6	TP	FN	both_directions	both_directions	1	1	1	1	True
SERC	Q0JBW5	Q8VZI4	FP	TN	no_direct_hit	no_direct_hit	0	0	0	0	True
SERC	Q13530	Q4FZV1	FP	TN	both_directions	both_directions	1	1	1	1	True
SERC	Q13530	Q5XK03	FP	TN	no_direct_hit	no_direct_hit	0	0	0	0	True
SERC	Q13530	Q5ZME5	FP	TN	both_directions	both_directions	1	1	1	1	True
SERC	Q13530	Q63175	FP	TN	both_directions	both_directions	1	1	1	1	True
SERC	Q13530	Q7SZW7	FP	TN	both_directions	both_directions	1	1	1	1	True
SERC	Q13530	Q7TNK0	FP	TN	both_directions	both_directions	1	1	1	1	True
SERC	Q13530	Q803X0	FP	TN	both_directions	both_directions	1	1	1	1	True
SERC	Q13530	Q8BHJ6	FP	TN	both_directions	both_directions	1	1	1	1	True
SERC	Q13530	Q9QZI8	FP	TN	both_directions	both_directions	1	1	1	1	True
SERC	Q494Q0	Q6K688	FP	TN	both_directions	both_directions	1	1	1	1	True
SERC	Q4FZV1	Q5XK03	FP	TN	no_direct_hit	no_direct_hit	0	0	0	0	True
SERC	Q4FZV1	Q5ZME5	FP	TN	both_directions	both_directions	1	1	1	1	True
SERC	Q4FZV1	Q7SZW7	FP	TN	both_directions	both_directions	1	1	1	1	True
SERC	Q4FZV1	Q803X0	FP	TN	both_directions	both_directions	1	1	1	1	True
SERC	Q4FZV1	Q86VE9	FP	TN	no_direct_hit	no_direct_hit	0	0	0	0	True
SERC	Q4FZV1	Q8BHJ6	FP	TN	no_direct_hit	no_direct_hit	0	0	0	0	True
SERC	Q4FZV1	Q9NRX5	FP	TN	both_directions	both_directions	1	1	1	1	True
SERC	Q4FZV1	Q9QZI8	FP	TN	both_directions	both_directions	1	1	1	1	True
SERC	Q5U2V2	Q5XK03	FP	TN	no_direct_hit	no_direct_hit	0	0	0	0	True
SERC	Q5U2V2	Q5ZME5	FP	TN	both_directions	both_directions	1	1	1	1	True
SERC	Q5U2V2	Q7SZW7	FP	TN	both_directions	both_directions	1	1	1	1	True
SERC	Q5U2V2	Q803X0	FP	TN	both_directions	both_directions	1	1	1	1	True
SERC	Q5U2V2	Q86VE9	FP	TN	no_direct_hit	no_direct_hit	0	0	0	0	True
SERC	Q5U2V2	Q8BHJ6	FP	TN	both_directions	both_directions	1	1	1	1	True
SERC	Q5U2V2	Q96SA4	FP	TN	both_directions	both_directions	1	1	1	1	True
SERC	Q5U2V2	Q9NRX5	FP	TN	both_directions	both_directions	1	1	1	1	True
SERC	Q5U2V2	Q9QZI8	FP	TN	both_directions	both_directions	1	1	1	1	True
SERC	Q5XK03	Q5ZME5	FP	TN	no_direct_hit	no_direct_hit	0	0	0	0	True
SERC	Q5XK03	Q63175	FP	TN	no_direct_hit	no_direct_hit	0	0	0	0	True
SERC	Q5XK03	Q7QCD1	TP	FN	no_direct_hit	no_direct_hit	0	0	0	0	True
SERC	Q5XK03	Q7SZW7	FP	TN	both_directions	both_directions	1	1	1	1	True
SERC	Q5XK03	Q7TNK0	FP	TN	no_direct_hit	no_direct_hit	0	0	0	0	True
SERC	Q5XK03	Q803X0	FP	TN	no_direct_hit	no_direct_hit	0	0	0	0	True
SERC	Q5XK03	Q86VE9	FP	TN	no_direct_hit	no_direct_hit	0	0	0	0	True
SERC	Q5XK03	Q95XV3	TP	FN	both_directions	both_directions	1	1	1	1	True
SERC	Q5XK03	Q96SA4	FP	TN	no_direct_hit	no_direct_hit	0	0	0	0	True
SERC	Q5XK03	Q9NRX5	FP	TN	no_direct_hit	no_direct_hit	0	0	0	0	True
SERC	Q5ZME5	Q63175	FP	TN	no_direct_hit	no_direct_hit	0	0	0	0	True
SERC	Q5ZME5	Q803X0	FP	TN	both_directions	both_directions	1	1	1	1	True
SERC	Q5ZME5	Q86VE9	FP	TN	no_direct_hit	no_direct_hit	0	0	0	0	True
SERC	Q5ZME5	Q8BHJ6	FP	TN	both_directions	both_directions	1	1	1	1	True
SERC	Q5ZME5	Q96SA4	FP	TN	both_directions	both_directions	1	1	1	1	True
SERC	Q63175	Q7QCD1	TP	FN	no_direct_hit	no_direct_hit	0	0	0	0	True
SERC	Q63175	Q7SZW7	FP	TN	both_directions	both_directions	1	1	1	1	True
SERC	Q63175	Q95XV3	TP	FN	no_direct_hit	no_direct_hit	0	0	0	0	True
SERC	Q63175	Q96SA4	FP	TN	no_direct_hit	no_direct_hit	0	0	0	0	True
SERC	Q63175	Q9NRX5	FP	TN	both_directions	both_directions	1	1	1	1	True
SERC	Q63175	Q9QZI8	FP	TN	both_directions	both_directions	1	1	1	1	True
SERC	Q7QCD1	Q803X0	TP	FN	one_direction	one_direction	0	1	0	1	True
SERC	Q7QCD1	Q86VE9	TP	FN	both_directions	both_directions	1	1	1	1	True
SERC	Q7QCD1	Q8BHJ6	TP	FN	no_direct_hit	no_direct_hit	0	0	0	0	True
SERC	Q7SZW7	Q86VE9	FP	TN	both_directions	both_directions	1	1	1	1	True
SERC	Q7SZW7	Q8BHJ6	FP	TN	both_directions	both_directions	1	1	1	1	True
SERC	Q7SZW7	Q96SA4	FP	TN	both_directions	both_directions	1	1	1	1	True
SERC	Q7TNK0	Q803X0	FP	TN	both_directions	both_directions	1	1	1	1	True
SERC	Q7TNK0	Q86VE9	FP	TN	both_directions	both_directions	1	1	1	1	True
SERC	Q7TNK0	Q8BHJ6	FP	TN	no_direct_hit	no_direct_hit	0	0	0	0	True
SERC	Q7TNK0	Q96SA4	FP	TN	both_directions	both_directions	1	1	1	1	True
SERC	Q803X0	Q95XV3	TP	FN	both_directions	both_directions	1	1	1	1	True
SERC	Q803X0	Q96SA4	FP	TN	both_directions	both_directions	1	1	1	1	True
SERC	Q803X0	Q9NRX5	FP	TN	both_directions	both_directions	1	1	1	1	True
SERC	Q803X0	Q9QZI8	FP	TN	both_directions	both_directions	1	1	1	1	True
SERC	Q84SS3	Q9S9L9	FP	TN	both_directions	both_directions	1	1	1	1	True
SERC	Q86VE9	Q95XV3	TP	FN	one_direction	one_direction	1	0	1	0	True
SERC	Q86VE9	Q9QZI8	FP	TN	both_directions	both_directions	1	1	1	1	True
SERC	Q8BHJ6	Q95XV3	TP	FN	both_directions	both_directions	1	1	1	1	True
SERC	Q8BHJ6	Q96SA4	FP	TN	both_directions	both_directions	1	1	1	1	True
SERC	Q8BHJ6	Q9NRX5	FP	TN	no_direct_hit	no_direct_hit	0	0	0	0	True
SERC	Q96SA4	Q9QZI8	FP	TN	both_directions	both_directions	1	1	1	1	True
SUMF	A9V4V4	F1NWF3	FP	TN	no_direct_hit	no_direct_hit	0	0	0	0	True
SUMF	A9V4V4	F7EQ26	FP	TN	no_direct_hit	no_direct_hit	0	0	0	0	True
SUMF	A9V4V4	H2LCF1	FP	TN	one_direction	one_direction	0	1	0	1	True
SUMF	A9V4V4	Q58CP2	FP	TN	no_direct_hit	no_direct_hit	0	0	0	0	True
SUMF	A9V4V4	Q5XJ75	FP	TN	no_direct_hit	no_direct_hit	0	0	0	0	True
SUMF	A9V4V4	Q8NBJ7	FP	TN	no_direct_hit	no_direct_hit	0	0	0	0	True
SUMF	A9V5J3	F5HMR5	FP	TN	both_directions	both_directions	1	1	1	1	True
SUMF	A9V5J3	H2MHZ5	FP	TN	both_directions	both_directions	1	1	1	1	True
SUMF	A9V5J3	Q8NBK3	FP	TN	no_direct_hit	no_direct_hit	0	0	0	0	True
SUMF	A9V5J3	Q9W0U6	FP	TN	both_directions	both_directions	1	1	1	1	True
SUMF	F1NWF3	F5HMR5	FP	TN	no_direct_hit	no_direct_hit	0	0	0	0	True
SUMF	F1NWF3	H2MHZ5	FP	TN	no_direct_hit	no_direct_hit	0	0	0	0	True
SUMF	F1NWF3	Q8NBK3	FP	TN	no_direct_hit	no_direct_hit	0	0	0	0	True
SUMF	F1NWF3	Q9W0U6	FP	TN	both_directions	both_directions	1	1	1	1	True
SUMF	F5HMR5	F7EQ26	FP	TN	both_directions	both_directions	1	1	1	1	True
SUMF	F5HMR5	H2LCF1	FP	TN	no_direct_hit	no_direct_hit	0	0	0	0	True
SUMF	F5HMR5	Q58CP2	FP	TN	no_direct_hit	no_direct_hit	0	0	0	0	True
SUMF	F5HMR5	Q5XJ75	FP	TN	both_directions	both_directions	1	1	1	1	True
SUMF	F5HMR5	Q8NBJ7	FP	TN	no_direct_hit	no_direct_hit	0	0	0	0	True
SUMF	F7EQ26	H2MHZ5	FP	TN	no_direct_hit	no_direct_hit	0	0	0	0	True
SUMF	F7EQ26	Q8NBK3	FP	TN	no_direct_hit	no_direct_hit	0	0	0	0	True
SUMF	F7EQ26	Q9W0U6	FP	TN	no_direct_hit	no_direct_hit	0	0	0	0	True
SUMF	H2LCF1	Q8NBK3	FP	TN	no_direct_hit	no_direct_hit	0	0	0	0	True
SUMF	H2LCF1	Q9W0U6	FP	TN	no_direct_hit	no_direct_hit	0	0	0	0	True
SUMF	H2MHZ5	Q58CP2	FP	TN	no_direct_hit	no_direct_hit	0	0	0	0	True
SUMF	H2MHZ5	Q5XJ75	FP	TN	no_direct_hit	no_direct_hit	0	0	0	0	True
SUMF	H2MHZ5	Q8NBJ7	FP	TN	no_direct_hit	no_direct_hit	0	0	0	0	True
SUMF	Q58CP2	Q8NBK3	FP	TN	no_direct_hit	no_direct_hit	0	0	0	0	True
SUMF	Q58CP2	Q9W0U6	FP	TN	no_direct_hit	no_direct_hit	0	0	0	0	True
SUMF	Q5XJ75	Q8NBK3	FP	TN	no_direct_hit	no_direct_hit	0	0	0	0	True
SUMF	Q5XJ75	Q9W0U6	FP	TN	no_direct_hit	no_direct_hit	0	0	0	0	True
SUMF	Q8NBJ7	Q9W0U6	FP	TN	no_direct_hit	no_direct_hit	0	0	0	0	True
TRFE	A5A6I6	D3ZAB1	FP	TN	both_directions	both_directions	1	1	1	1	True
TRFE	A5A6I6	D4ADK7	FP	TN	both_directions	both_directions	1	1	1	1	True
TRFE	A5A6I6	E1BG25	FP	TN	both_directions	both_directions	1	1	1	1	True
TRFE	A5A6I6	E1BVL8	FP	TN	both_directions	both_directions	1	1	1	1	True
TRFE	A5A6I6	E7F2E3	FP	TN	both_directions	both_directions	1	1	1	1	True
TRFE	A5A6I6	F1NVN3	FP	TN	both_directions	both_directions	1	1	1	1	True
TRFE	A5A6I6	F1PR54	FP	TN	both_directions	both_directions	1	1	1	1	True
TRFE	A5A6I6	F1R9Z0	FP	TN	both_directions	both_directions	1	1	1	1	True
TRFE	A5A6I6	G3QYG5	FP	TN	both_directions	both_directions	1	1	1	1	True
TRFE	A5A6I6	G3RDQ3	FP	TN	no_direct_hit	no_direct_hit	0	0	0	0	True
TRFE	A5A6I6	H2M6H2	FP	TN	both_directions	both_directions	1	1	1	1	True
TRFE	A5A6I6	P02788	FP	TN	both_directions	both_directions	1	1	1	1	True
TRFE	A5A6I6	P08071	FP	TN	both_directions	both_directions	1	1	1	1	True
TRFE	A5A6I6	P08582	FP	TN	both_directions	both_directions	1	1	1	1	True
TRFE	A5A6I6	P24627	FP	TN	both_directions	both_directions	1	1	1	1	True
TRFE	A5A6I6	Q9DBD0	FP	TN	both_directions	both_directions	1	1	1	1	True
TRFE	A5A6I6	Q9R0R1	FP	TN	both_directions	both_directions	1	1	1	1	True
TRFE	D3ZAB1	E1BG25	FP	TN	both_directions	both_directions	1	1	1	1	True
TRFE	D3ZAB1	E1BVL8	FP	TN	no_direct_hit	no_direct_hit	0	0	0	0	True
TRFE	D3ZAB1	E7F2E3	FP	TN	both_directions	both_directions	1	1	1	1	True
TRFE	D3ZAB1	F1NVN3	FP	TN	both_directions	both_directions	1	1	1	1	True
TRFE	D3ZAB1	F1R9Z0	FP	TN	both_directions	both_directions	1	1	1	1	True
TRFE	D3ZAB1	G3R4X1	FP	TN	both_directions	both_directions	1	1	1	1	True
TRFE	D3ZAB1	G3RDQ3	FP	TN	both_directions	both_directions	1	1	1	1	True
TRFE	D3ZAB1	G3X6N3	FP	TN	both_directions	both_directions	1	1	1	1	True
TRFE	D3ZAB1	H2M6H2	FP	TN	both_directions	both_directions	1	1	1	1	True
TRFE	D3ZAB1	H2QP17	FP	TN	both_directions	both_directions	1	1	1	1	True
TRFE	D3ZAB1	P02787	FP	TN	both_directions	both_directions	1	1	1	1	True
TRFE	D3ZAB1	P08582	FP	TN	both_directions	both_directions	1	1	1	1	True
TRFE	D3ZAB1	Q921I1	FP	TN	both_directions	both_directions	1	1	1	1	True
TRFE	D3ZAB1	Q9DBD0	FP	TN	both_directions	both_directions	1	1	1	1	True
TRFE	D3ZAB1	Q9R0R1	FP	TN	both_directions	both_directions	1	1	1	1	True
TRFE	D4ADK7	E1BVL8	FP	TN	both_directions	both_directions	1	1	1	1	True
TRFE	D4ADK7	F1PR54	FP	TN	both_directions	both_directions	1	1	1	1	True
TRFE	D4ADK7	F1R9Z0	FP	TN	both_directions	both_directions	1	1	1	1	True
TRFE	D4ADK7	G3QYG5	FP	TN	no_direct_hit	no_direct_hit	0	0	0	0	True
TRFE	D4ADK7	G3R4X1	FP	TN	both_directions	both_directions	1	1	1	1	True
TRFE	D4ADK7	G3X6N3	FP	TN	both_directions	both_directions	1	1	1	1	True
TRFE	D4ADK7	H2QMG6	FP	TN	no_direct_hit	no_direct_hit	0	0	0	0	True
TRFE	D4ADK7	P02787	FP	TN	both_directions	both_directions	1	1	1	1	True
TRFE	D4ADK7	P02788	FP	TN	no_direct_hit	no_direct_hit	0	0	0	0	True
TRFE	D4ADK7	P02789	FP	TN	both_directions	both_directions	1	1	1	1	True
TRFE	D4ADK7	P08071	FP	TN	both_directions	both_directions	1	1	1	1	True
TRFE	D4ADK7	P24627	FP	TN	both_directions	both_directions	1	1	1	1	True
TRFE	D4ADK7	Q501K5	FP	TN	both_directions	both_directions	1	1	1	1	True
TRFE	D4ADK7	Q921I1	FP	TN	both_directions	both_directions	1	1	1	1	True
TRFE	D4ADK7	Q9DBD0	FP	TN	both_directions	both_directions	1	1	1	1	True
TRFE	E1BG25	E1BVL8	FP	TN	both_directions	both_directions	1	1	1	1	True
TRFE	E1BG25	F1PR54	FP	TN	both_directions	both_directions	1	1	1	1	True
TRFE	E1BG25	F1R9Z0	FP	TN	no_direct_hit	no_direct_hit	0	0	0	0	True
TRFE	E1BG25	G3QYG5	FP	TN	no_direct_hit	no_direct_hit	0	0	0	0	True
TRFE	E1BG25	G3R4X1	FP	TN	both_directions	both_directions	1	1	1	1	True
TRFE	E1BG25	H2QMG6	FP	TN	no_direct_hit	no_direct_hit	0	0	0	0	True
TRFE	E1BG25	P02787	FP	TN	both_directions	both_directions	1	1	1	1	True
TRFE	E1BG25	P02788	FP	TN	no_direct_hit	no_direct_hit	0	0	0	0	True
TRFE	E1BG25	P02789	FP	TN	both_directions	both_directions	1	1	1	1	True
TRFE	E1BG25	P08071	FP	TN	both_directions	both_directions	1	1	1	1	True
TRFE	E1BG25	P12346	FP	TN	both_directions	both_directions	1	1	1	1	True
TRFE	E1BG25	Q501K5	FP	TN	both_directions	both_directions	1	1	1	1	True
TRFE	E1BG25	Q921I1	FP	TN	both_directions	both_directions	1	1	1	1	True
TRFE	E1BG25	Q9DBD0	FP	TN	both_directions	both_directions	1	1	1	1	True
TRFE	E1BVL8	E7F2E3	FP	TN	both_directions	both_directions	1	1	1	1	True
TRFE	E1BVL8	F1PR54	FP	TN	both_directions	both_directions	1	1	1	1	True
TRFE	E1BVL8	G3QYG5	FP	TN	both_directions	both_directions	1	1	1	1	True
TRFE	E1BVL8	G3R4X1	FP	TN	both_directions	both_directions	1	1	1	1	True
TRFE	E1BVL8	G3RDQ3	FP	TN	both_directions	both_directions	1	1	1	1	True
TRFE	E1BVL8	G3X6N3	FP	TN	both_directions	both_directions	1	1	1	1	True
TRFE	E1BVL8	H2M6H2	FP	TN	both_directions	both_directions	1	1	1	1	True
TRFE	E1BVL8	H2QMG6	FP	TN	both_directions	both_directions	1	1	1	1	True
TRFE	E1BVL8	H2QP17	FP	TN	both_directions	both_directions	1	1	1	1	True
TRFE	E1BVL8	P02787	FP	TN	both_directions	both_directions	1	1	1	1	True
TRFE	E1BVL8	P02788	FP	TN	both_directions	both_directions	1	1	1	1	True
TRFE	E1BVL8	P08071	FP	TN	no_direct_hit	no_direct_hit	0	0	0	0	True
TRFE	E1BVL8	P08582	FP	TN	both_directions	both_directions	1	1	1	1	True
TRFE	E1BVL8	P12346	FP	TN	both_directions	both_directions	1	1	1	1	True
TRFE	E1BVL8	P24627	FP	TN	both_directions	both_directions	1	1	1	1	True
TRFE	E1BVL8	Q501K5	FP	TN	no_direct_hit	no_direct_hit	0	0	0	0	True
TRFE	E1BVL8	Q921I1	FP	TN	both_directions	both_directions	1	1	1	1	True
TRFE	E1BVL8	Q9DBD0	FP	TN	both_directions	both_directions	1	1	1	1	True
TRFE	E1BVL8	Q9R0R1	FP	TN	both_directions	both_directions	1	1	1	1	True
TRFE	E7F2E3	F1PR54	FP	TN	both_directions	both_directions	1	1	1	1	True
TRFE	E7F2E3	G3QYG5	FP	TN	both_directions	both_directions	1	1	1	1	True
TRFE	E7F2E3	G3R4X1	FP	TN	both_directions	both_directions	1	1	1	1	True
TRFE	E7F2E3	G3X6N3	FP	TN	both_directions	both_directions	1	1	1	1	True
TRFE	E7F2E3	H2QMG6	FP	TN	both_directions	both_directions	1	1	1	1	True
TRFE	E7F2E3	P02787	FP	TN	both_directions	both_directions	1	1	1	1	True
TRFE	E7F2E3	P02788	FP	TN	both_directions	both_directions	1	1	1	1	True
TRFE	E7F2E3	P02789	FP	TN	both_directions	both_directions	1	1	1	1	True
TRFE	E7F2E3	P08071	FP	TN	both_directions	both_directions	1	1	1	1	True
TRFE	E7F2E3	P12346	FP	TN	both_directions	both_directions	1	1	1	1	True
TRFE	E7F2E3	P24627	FP	TN	both_directions	both_directions	1	1	1	1	True
TRFE	E7F2E3	Q501K5	FP	TN	both_directions	both_directions	1	1	1	1	True
TRFE	E7F2E3	Q921I1	FP	TN	no_direct_hit	no_direct_hit	0	0	0	0	True
TRFE	E7F2E3	Q9DBD0	FP	TN	both_directions	both_directions	1	1	1	1	True
TRFE	F1NVN3	F1PR54	FP	TN	no_direct_hit	no_direct_hit	0	0	0	0	True
TRFE	F1NVN3	F1R9Z0	FP	TN	both_directions	both_directions	1	1	1	1	True
TRFE	F1NVN3	G3QYG5	FP	TN	both_directions	both_directions	1	1	1	1	True
TRFE	F1NVN3	G3R4X1	FP	TN	both_directions	both_directions	1	1	1	1	True
TRFE	F1NVN3	G3X6N3	FP	TN	no_direct_hit	no_direct_hit	0	0	0	0	True
TRFE	F1NVN3	H2QMG6	FP	TN	both_directions	both_directions	1	1	1	1	True
TRFE	F1NVN3	P02787	FP	TN	both_directions	both_directions	1	1	1	1	True
TRFE	F1NVN3	P02788	FP	TN	no_direct_hit	no_direct_hit	0	0	0	0	True
TRFE	F1NVN3	P08071	FP	TN	both_directions	both_directions	1	1	1	1	True
TRFE	F1NVN3	P12346	FP	TN	both_directions	both_directions	1	1	1	1	True
TRFE	F1NVN3	P24627	FP	TN	no_direct_hit	no_direct_hit	0	0	0	0	True
TRFE	F1NVN3	Q501K5	FP	TN	both_directions	both_directions	1	1	1	1	True
TRFE	F1NVN3	Q921I1	FP	TN	no_direct_hit	no_direct_hit	0	0	0	0	True
TRFE	F1NVN3	Q9DBD0	FP	TN	both_directions	both_directions	1	1	1	1	True
TRFE	F1PR54	F1R9Z0	FP	TN	both_directions	both_directions	1	1	1	1	True
TRFE	F1PR54	G3R4X1	FP	TN	both_directions	both_directions	1	1	1	1	True
TRFE	F1PR54	G3RDQ3	FP	TN	both_directions	both_directions	1	1	1	1	True
TRFE	F1PR54	G3X6N3	FP	TN	both_directions	both_directions	1	1	1	1	True
TRFE	F1PR54	H2M6H2	FP	TN	both_directions	both_directions	1	1	1	1	True
TRFE	F1PR54	H2QP17	FP	TN	both_directions	both_directions	1	1	1	1	True
TRFE	F1PR54	P02787	FP	TN	both_directions	both_directions	1	1	1	1	True
TRFE	F1PR54	P08582	FP	TN	both_directions	both_directions	1	1	1	1	True
TRFE	F1PR54	P12346	FP	TN	both_directions	both_directions	1	1	1	1	True
TRFE	F1PR54	Q921I1	FP	TN	both_directions	both_directions	1	1	1	1	True
TRFE	F1PR54	Q9DBD0	FP	TN	both_directions	both_directions	1	1	1	1	True
TRFE	F1PR54	Q9R0R1	FP	TN	both_directions	both_directions	1	1	1	1	True
TRFE	F1R9Z0	G3QYG5	FP	TN	no_direct_hit	no_direct_hit	0	0	0	0	True
TRFE	F1R9Z0	G3R4X1	FP	TN	both_directions	both_directions	1	1	1	1	True
TRFE	F1R9Z0	G3RDQ3	FP	TN	both_directions	both_directions	1	1	1	1	True
TRFE	F1R9Z0	G3X6N3	FP	TN	both_directions	both_directions	1	1	1	1	True
TRFE	F1R9Z0	H2M6H2	FP	TN	both_directions	both_directions	1	1	1	1	True
TRFE	F1R9Z0	H2QMG6	FP	TN	no_direct_hit	no_direct_hit	0	0	0	0	True
TRFE	F1R9Z0	H2QP17	FP	TN	no_direct_hit	no_direct_hit	0	0	0	0	True
TRFE	F1R9Z0	P02787	FP	TN	both_directions	both_directions	1	1	1	1	True
TRFE	F1R9Z0	P02788	FP	TN	both_directions	both_directions	1	1	1	1	True
TRFE	F1R9Z0	P02789	FP	TN	both_directions	both_directions	1	1	1	1	True
TRFE	F1R9Z0	P08071	FP	TN	no_direct_hit	no_direct_hit	0	0	0	0	True
TRFE	F1R9Z0	P08582	FP	TN	both_directions	both_directions	1	1	1	1	True
TRFE	F1R9Z0	P12346	FP	TN	both_directions	both_directions	1	1	1	1	True
TRFE	F1R9Z0	P24627	FP	TN	both_directions	both_directions	1	1	1	1	True
TRFE	F1R9Z0	Q501K5	FP	TN	both_directions	both_directions	1	1	1	1	True
TRFE	F1R9Z0	Q921I1	FP	TN	both_directions	both_directions	1	1	1	1	True
TRFE	F1R9Z0	Q9DBD0	FP	TN	both_directions	both_directions	1	1	1	1	True
TRFE	F1R9Z0	Q9R0R1	FP	TN	both_directions	both_directions	1	1	1	1	True
TRFE	G3QYG5	G3X6N3	FP	TN	both_directions	both_directions	1	1	1	1	True
TRFE	G3QYG5	H2M6H2	FP	TN	both_directions	both_directions	1	1	1	1	True
TRFE	G3QYG5	H2QP17	FP	TN	no_direct_hit	no_direct_hit	0	0	0	0	True
TRFE	G3QYG5	P02787	FP	TN	both_directions	both_directions	1	1	1	1	True
TRFE	G3QYG5	P08582	FP	TN	no_direct_hit	no_direct_hit	0	0	0	0	True
TRFE	G3QYG5	P12346	FP	TN	both_directions	both_directions	1	1	1	1	True
TRFE	G3QYG5	Q921I1	FP	TN	both_directions	both_directions	1	1	1	1	True
TRFE	G3QYG5	Q9DBD0	FP	TN	both_directions	both_directions	1	1	1	1	True
TRFE	G3QYG5	Q9R0R1	FP	TN	no_direct_hit	no_direct_hit	0	0	0	0	True
TRFE	G3R4X1	H2M6H2	FP	TN	both_directions	both_directions	1	1	1	1	True
TRFE	G3R4X1	H2QMG6	FP	TN	both_directions	both_directions	1	1	1	1	True
TRFE	G3R4X1	H2QP17	FP	TN	both_directions	both_directions	1	1	1	1	True
TRFE	G3R4X1	P02788	FP	TN	both_directions	both_directions	1	1	1	1	True
TRFE	G3R4X1	P08071	FP	TN	both_directions	both_directions	1	1	1	1	True
TRFE	G3R4X1	P08582	FP	TN	both_directions	both_directions	1	1	1	1	True
TRFE	G3R4X1	P24627	FP	TN	both_directions	both_directions	1	1	1	1	True
TRFE	G3R4X1	Q9DBD0	FP	TN	both_directions	both_directions	1	1	1	1	True
TRFE	G3R4X1	Q9R0R1	FP	TN	both_directions	both_directions	1	1	1	1	True
TRFE	G3RDQ3	G3X6N3	FP	TN	both_directions	both_directions	1	1	1	1	True
TRFE	G3RDQ3	H2QMG6	FP	TN	no_direct_hit	no_direct_hit	0	0	0	0	True
TRFE	G3RDQ3	P02787	FP	TN	no_direct_hit	no_direct_hit	0	0	0	0	True
TRFE	G3RDQ3	P02788	FP	TN	no_direct_hit	no_direct_hit	0	0	0	0	True
TRFE	G3RDQ3	P02789	FP	TN	both_directions	both_directions	1	1	1	1	True
TRFE	G3RDQ3	P08071	FP	TN	both_directions	both_directions	1	1	1	1	True
TRFE	G3RDQ3	P12346	FP	TN	no_direct_hit	no_direct_hit	0	0	0	0	True
TRFE	G3RDQ3	P24627	FP	TN	both_directions	both_directions	1	1	1	1	True
TRFE	G3RDQ3	Q501K5	FP	TN	no_direct_hit	no_direct_hit	0	0	0	0	True
TRFE	G3RDQ3	Q921I1	FP	TN	both_directions	both_directions	1	1	1	1	True
TRFE	G3RDQ3	Q9DBD0	FP	TN	both_directions	both_directions	1	1	1	1	True
TRFE	G3X6N3	H2M6H2	FP	TN	both_directions	both_directions	1	1	1	1	True
TRFE	G3X6N3	H2QMG6	FP	TN	both_directions	both_directions	1	1	1	1	True
TRFE	G3X6N3	H2QP17	FP	TN	both_directions	both_directions	1	1	1	1	True
TRFE	G3X6N3	P02788	FP	TN	both_directions	both_directions	1	1	1	1	True
TRFE	G3X6N3	P08071	FP	TN	both_directions	both_directions	1	1	1	1	True
TRFE	G3X6N3	P08582	FP	TN	both_directions	both_directions	1	1	1	1	True
TRFE	G3X6N3	Q9DBD0	FP	TN	both_directions	both_directions	1	1	1	1	True
TRFE	G3X6N3	Q9R0R1	FP	TN	both_directions	both_directions	1	1	1	1	True
TRFE	H2M6H2	H2QMG6	FP	TN	both_directions	both_directions	1	1	1	1	True
TRFE	H2M6H2	P02787	FP	TN	both_directions	both_directions	1	1	1	1	True
TRFE	H2M6H2	P02788	FP	TN	both_directions	both_directions	1	1	1	1	True
TRFE	H2M6H2	P02789	FP	TN	both_directions	both_directions	1	1	1	1	True
TRFE	H2M6H2	P08071	FP	TN	both_directions	both_directions	1	1	1	1	True
TRFE	H2M6H2	P12346	FP	TN	both_directions	both_directions	1	1	1	1	True
TRFE	H2M6H2	P24627	FP	TN	both_directions	both_directions	1	1	1	1	True
TRFE	H2M6H2	Q501K5	FP	TN	both_directions	both_directions	1	1	1	1	True
TRFE	H2M6H2	Q921I1	FP	TN	both_directions	both_directions	1	1	1	1	True
TRFE	H2M6H2	Q9DBD0	FP	TN	both_directions	both_directions	1	1	1	1	True
TRFE	H2QMG6	P02787	FP	TN	both_directions	both_directions	1	1	1	1	True
TRFE	H2QMG6	P08582	FP	TN	no_direct_hit	no_direct_hit	0	0	0	0	True
TRFE	H2QMG6	P12346	FP	TN	both_directions	both_directions	1	1	1	1	True
TRFE	H2QMG6	Q921I1	FP	TN	both_directions	both_directions	1	1	1	1	True
TRFE	H2QMG6	Q9DBD0	FP	TN	both_directions	both_directions	1	1	1	1	True
TRFE	H2QMG6	Q9R0R1	FP	TN	no_direct_hit	no_direct_hit	0	0	0	0	True
TRFE	H2QP17	P02787	FP	TN	both_directions	both_directions	1	1	1	1	True
TRFE	H2QP17	P02788	FP	TN	no_direct_hit	no_direct_hit	0	0	0	0	True
TRFE	H2QP17	P02789	FP	TN	both_directions	both_directions	1	1	1	1	True
TRFE	H2QP17	P08071	FP	TN	both_directions	both_directions	1	1	1	1	True
TRFE	H2QP17	P12346	FP	TN	both_directions	both_directions	1	1	1	1	True
TRFE	H2QP17	P24627	FP	TN	both_directions	both_directions	1	1	1	1	True
TRFE	H2QP17	Q501K5	FP	TN	both_directions	both_directions	1	1	1	1	True
TRFE	H2QP17	Q921I1	FP	TN	both_directions	both_directions	1	1	1	1	True
TRFE	H2QP17	Q9DBD0	FP	TN	both_directions	both_directions	1	1	1	1	True
TRFE	P02787	P08071	FP	TN	both_directions	both_directions	1	1	1	1	True
TRFE	P02787	P24627	FP	TN	both_directions	both_directions	1	1	1	1	True
TRFE	P02787	Q9DBD0	FP	TN	both_directions	both_directions	1	1	1	1	True
TRFE	P02787	Q9R0R1	FP	TN	both_directions	both_directions	1	1	1	1	True
TRFE	P02788	P12346	FP	TN	both_directions	both_directions	1	1	1	1	True
TRFE	P02788	Q921I1	FP	TN	both_directions	both_directions	1	1	1	1	True
TRFE	P02788	Q9DBD0	FP	TN	both_directions	both_directions	1	1	1	1	True
TRFE	P02788	Q9R0R1	FP	TN	no_direct_hit	no_direct_hit	0	0	0	0	True
TRFE	P02789	P08582	FP	TN	both_directions	both_directions	1	1	1	1	True
TRFE	P02789	Q9R0R1	FP	TN	both_directions	both_directions	1	1	1	1	True
TRFE	P08071	P08582	FP	TN	both_directions	both_directions	1	1	1	1	True
TRFE	P08071	P12346	FP	TN	both_directions	both_directions	1	1	1	1	True
TRFE	P08582	P12346	FP	TN	both_directions	both_directions	1	1	1	1	True
TRFE	P08582	P24627	FP	TN	both_directions	both_directions	1	1	1	1	True
TRFE	P08582	Q501K5	FP	TN	both_directions	both_directions	1	1	1	1	True
TRFE	P08582	Q921I1	FP	TN	both_directions	both_directions	1	1	1	1	True
TRFE	P08582	Q9DBD0	FP	TN	both_directions	both_directions	1	1	1	1	True
TRFE	P12346	P24627	FP	TN	both_directions	both_directions	1	1	1	1	True
TRFE	P12346	Q9DBD0	FP	TN	both_directions	both_directions	1	1	1	1	True
TRFE	P12346	Q9R0R1	FP	TN	both_directions	both_directions	1	1	1	1	True
TRFE	P24627	Q921I1	FP	TN	both_directions	both_directions	1	1	1	1	True
TRFE	P24627	Q9DBD0	FP	TN	both_directions	both_directions	1	1	1	1	True
TRFE	P24627	Q9R0R1	FP	TN	both_directions	both_directions	1	1	1	1	True
TRFE	Q501K5	Q9R0R1	FP	TN	both_directions	both_directions	1	1	1	1	True
VATB	A8BPV3	A9SJK8	TP	FN	both_directions	both_directions	1	1	1	1	True
VATB	A8BPV3	A9SP56	TP	FN	both_directions	both_directions	1	1	1	1	True
VATB	A8BPV3	B7QDF5	TP	FN	no_direct_hit	no_direct_hit	0	0	0	0	True
VATB	A8BPV3	D3ZZS8	TP	FN	both_directions	both_directions	1	1	1	1	True
VATB	A8BPV3	F6SX31	TP	FN	both_directions	both_directions	1	1	1	1	True
VATB	A8BPV3	F7A8C2	TP	FN	no_direct_hit	no_direct_hit	0	0	0	0	True
VATB	A8BPV3	P11574	TP	FN	both_directions	both_directions	1	1	1	1	True
VATB	A8BPV3	P11593	TP	FN	no_direct_hit	no_direct_hit	0	0	0	0	True
VATB	A8BPV3	P15313	TP	FN	both_directions	both_directions	1	1	1	1	True
VATB	A8BPV3	P16140	TP	FN	both_directions	both_directions	1	1	1	1	True
VATB	A8BPV3	P21281	TP	FN	no_direct_hit	no_direct_hit	0	0	0	0	True
VATB	A8BPV3	P31409	TP	FN	no_direct_hit	no_direct_hit	0	0	0	0	True
VATB	A8BPV3	P31411	TP	FN	both_directions	both_directions	1	1	1	1	True
VATB	A8BPV3	P62814	TP	FN	no_direct_hit	no_direct_hit	0	0	0	0	True
VATB	A8BPV3	P62815	TP	FN	no_direct_hit	no_direct_hit	0	0	0	0	True
VATB	A8BPV3	Q0VGW2	TP	FN	no_direct_hit	no_direct_hit	0	0	0	0	True
VATB	A8BPV3	Q19626	TP	FN	no_direct_hit	no_direct_hit	0	0	0	0	True
VATB	A8BPV3	Q4Q821	TP	FN	no_direct_hit	no_direct_hit	0	0	0	0	True
VATB	A8BPV3	Q4X0J7	TP	FN	both_directions	both_directions	1	1	1	1	True
VATB	A8BPV3	Q59PT0	TP	FN	no_direct_hit	no_direct_hit	0	0	0	0	True
VATB	A8BPV3	Q5KBW0	TP	FN	no_direct_hit	no_direct_hit	0	0	0	0	True
VATB	A8BPV3	Q76NU1	TP	FN	no_direct_hit	no_direct_hit	0	0	0	0	True
VATB	A8BPV3	Q8W4E2	TP	FN	both_directions	both_directions	1	1	1	1	True
VATB	A8BPV3	Q91YH6	TP	FN	both_directions	both_directions	1	1	1	1	True
VATB	A8BPV3	Q9N5A0	TP	FN	no_direct_hit	no_direct_hit	0	0	0	0	True
VATB	A8BPV3	Q9SZN1	TP	FN	no_direct_hit	no_direct_hit	0	0	0	0	True
VATB	D3ZZS8	P21281	FP	TN	no_direct_hit	no_direct_hit	0	0	0	0	True
VATB	D3ZZS8	P62814	FP	TN	no_direct_hit	no_direct_hit	0	0	0	0	True
VATB	D3ZZS8	Q0VGW2	FP	TN	no_direct_hit	no_direct_hit	0	0	0	0	True
VATB	F6SX31	P21281	FP	TN	no_direct_hit	no_direct_hit	0	0	0	0	True
VATB	F6SX31	P62814	FP	TN	no_direct_hit	no_direct_hit	0	0	0	0	True
VATB	F6SX31	P62815	FP	TN	no_direct_hit	no_direct_hit	0	0	0	0	True
VATB	P15313	P62814	FP	TN	no_direct_hit	no_direct_hit	0	0	0	0	True
VATB	P15313	P62815	FP	TN	no_direct_hit	no_direct_hit	0	0	0	0	True
VATB	P15313	Q0VGW2	FP	TN	no_direct_hit	no_direct_hit	0	0	0	0	True
VATB	P21281	Q91YH6	FP	TN	no_direct_hit	no_direct_hit	0	0	0	0	True
VATB	P62815	Q91YH6	FP	TN	no_direct_hit	no_direct_hit	0	0	0	0	True
VATB	Q0VGW2	Q91YH6	FP	TN	no_direct_hit	no_direct_hit	0	0	0	0	True
