family	protein_a	protein_b	before	after	source_family	gene_a	gene_b	root_hog_a	root_hog_b	same_root_hog	lca_node	pair_event	event_confidence	species_overlap_count	mapping_conflict	branch_support	lca_descendant_genes
APP	B0V0E5	F1LRS5	FP	TN	Family0093283	tr|B0V0E5|B0V0E5_DANRE	tr|F1LRS5|F1LRS5_RAT	RootHOG0095316	RootHOG0095316	True	G00042	duplication	high	13	true	1.0	41
APP	B0V0E5	F1MIL3	FP	TN	Family0093283	tr|B0V0E5|B0V0E5_DANRE	tr|F1MIL3|F1MIL3_BOVIN	RootHOG0095316	RootHOG0095316	True	G00042	duplication	high	13	true	1.0	41
APP	B0V0E5	F1P0A7	FP	TN	Family0093283	tr|B0V0E5|B0V0E5_DANRE	tr|F1P0A7|F1P0A7_CHICK	RootHOG0095316	RootHOG0095316	True	G00042	duplication	high	13	true	1.0	41
APP	B0V0E5	F6TDQ9	FP	TN	Family0093283	tr|B0V0E5|B0V0E5_DANRE	tr|F6TDQ9|F6TDQ9_MONDO	RootHOG0095316	RootHOG0095316	True	G00042	duplication	high	13	true	1.0	41
APP	B0V0E5	F6YNC0	FP	TN	Family0093283	tr|B0V0E5|B0V0E5_DANRE	tr|F6YNC0|F6YNC0_XENTR	RootHOG0095316	RootHOG0095316	True	G00042	duplication	high	13	true	1.0	41
APP	B0V0E5	F7DF67	FP	TN	Family0093283	tr|B0V0E5|B0V0E5_DANRE	tr|F7DF67|F7DF67_XENTR	RootHOG0095316	RootHOG0095316	True	G00042	duplication	high	13	true	1.0	41
APP	B0V0E5	G3R2X8	FP	TN	Family0093283	tr|B0V0E5|B0V0E5_DANRE	tr|G3R2X8|G3R2X8_GORGO	RootHOG0095316	RootHOG0095316	True	G00042	duplication	high	13	true	1.0	41
APP	B0V0E5	H2LQ91	FP	TN	Family0093283	tr|B0V0E5|B0V0E5_DANRE	tr|H2LQ91|H2LQ91_ORYLA	RootHOG0095316	RootHOG0095316	True	G00042	duplication	high	13	true	1.0	41
APP	B0V0E5	H2Q546	FP	TN	Family0093283	tr|B0V0E5|B0V0E5_DANRE	tr|H2Q546|H2Q546_PANTR	RootHOG0095316	RootHOG0095316	True	G00042	duplication	high	13	true	1.0	41
APP	B0V0E5	P15943	FP	TN	Family0093283	tr|B0V0E5|B0V0E5_DANRE	sp|P15943|APLP2_RAT	RootHOG0095316	RootHOG0095316	True	G00042	duplication	high	13	true	1.0	41
APP	B0V0E5	P51693	FP	TN	Family0093283	tr|B0V0E5|B0V0E5_DANRE	sp|P51693|APLP1_HUMAN	RootHOG0095316	RootHOG0095316	True	G00042	duplication	high	13	true	1.0	41
APP	B0V0E5	Q03157	FP	TN	Family0093283	tr|B0V0E5|B0V0E5_DANRE	sp|Q03157|APLP1_MOUSE	RootHOG0095316	RootHOG0095316	True	G00042	duplication	high	13	true	1.0	41
APP	B0V0E5	Q06335	FP	TN	Family0093283	tr|B0V0E5|B0V0E5_DANRE	sp|Q06335|APLP2_MOUSE	RootHOG0095316	RootHOG0095316	True	G00042	duplication	high	13	true	1.0	41
APP	B0V0E5	Q06481	FP	TN	Family0093283	tr|B0V0E5|B0V0E5_DANRE	sp|Q06481|APLP2_HUMAN	RootHOG0095316	RootHOG0095316	True	G00042	duplication	high	13	true	1.0	41
APP	E1C440	F1LRS5	FP	TN	Family0093283	tr|E1C440|E1C440_CHICK	tr|F1LRS5|F1LRS5_RAT	RootHOG0095316	RootHOG0095316	True	G00042	duplication	high	13	true	1.0	41
APP	E1C440	F1MIL3	FP	TN	Family0093283	tr|E1C440|E1C440_CHICK	tr|F1MIL3|F1MIL3_BOVIN	RootHOG0095316	RootHOG0095316	True	G00042	duplication	high	13	true	1.0	41
APP	E1C440	F6TDQ9	FP	TN	Family0093283	tr|E1C440|E1C440_CHICK	tr|F6TDQ9|F6TDQ9_MONDO	RootHOG0095316	RootHOG0095316	True	G00042	duplication	high	13	true	1.0	41
APP	E1C440	F6YNC0	FP	TN	Family0093283	tr|E1C440|E1C440_CHICK	tr|F6YNC0|F6YNC0_XENTR	RootHOG0095316	RootHOG0095316	True	G00042	duplication	high	13	true	1.0	41
APP	E1C440	F7DF67	FP	TN	Family0093283	tr|E1C440|E1C440_CHICK	tr|F7DF67|F7DF67_XENTR	RootHOG0095316	RootHOG0095316	True	G00042	duplication	high	13	true	1.0	41
APP	E1C440	G3R2X8	FP	TN	Family0093283	tr|E1C440|E1C440_CHICK	tr|G3R2X8|G3R2X8_GORGO	RootHOG0095316	RootHOG0095316	True	G00042	duplication	high	13	true	1.0	41
APP	E1C440	H2LQ91	FP	TN	Family0093283	tr|E1C440|E1C440_CHICK	tr|H2LQ91|H2LQ91_ORYLA	RootHOG0095316	RootHOG0095316	True	G00042	duplication	high	13	true	1.0	41
APP	E1C440	H2Q546	FP	TN	Family0093283	tr|E1C440|E1C440_CHICK	tr|H2Q546|H2Q546_PANTR	RootHOG0095316	RootHOG0095316	True	G00042	duplication	high	13	true	1.0	41
APP	E1C440	P15943	FP	TN	Family0093283	tr|E1C440|E1C440_CHICK	sp|P15943|APLP2_RAT	RootHOG0095316	RootHOG0095316	True	G00042	duplication	high	13	true	1.0	41
APP	E1C440	P51693	FP	TN	Family0093283	tr|E1C440|E1C440_CHICK	sp|P51693|APLP1_HUMAN	RootHOG0095316	RootHOG0095316	True	G00042	duplication	high	13	true	1.0	41
APP	E1C440	Q03157	FP	TN	Family0093283	tr|E1C440|E1C440_CHICK	sp|Q03157|APLP1_MOUSE	RootHOG0095316	RootHOG0095316	True	G00042	duplication	high	13	true	1.0	41
APP	E1C440	Q06335	FP	TN	Family0093283	tr|E1C440|E1C440_CHICK	sp|Q06335|APLP2_MOUSE	RootHOG0095316	RootHOG0095316	True	G00042	duplication	high	13	true	1.0	41
APP	E1C440	Q06481	FP	TN	Family0093283	tr|E1C440|E1C440_CHICK	sp|Q06481|APLP2_HUMAN	RootHOG0095316	RootHOG0095316	True	G00042	duplication	high	13	true	1.0	41
APP	F1LRS5	F1P0A7	FP	TN	Family0093283	tr|F1LRS5|F1LRS5_RAT	tr|F1P0A7|F1P0A7_CHICK	RootHOG0095316	RootHOG0095316	True	G00026	duplication	high	12	true	0.972	25
APP	F1LRS5	F1P603	FP	TN	Family0093283	tr|F1LRS5|F1LRS5_RAT	tr|F1P603|F1P603_CANLF	RootHOG0095316	RootHOG0095316	True	G00042	duplication	high	13	true	1.0	41
APP	F1LRS5	F7DF67	FP	TN	Family0093283	tr|F1LRS5|F1LRS5_RAT	tr|F7DF67|F7DF67_XENTR	RootHOG0095316	RootHOG0095316	True	G00026	duplication	high	12	true	0.972	25
APP	F1LRS5	G3R2X8	FP	TN	Family0093283	tr|F1LRS5|F1LRS5_RAT	tr|G3R2X8|G3R2X8_GORGO	RootHOG0095316	RootHOG0095316	True	G00026	duplication	high	12	true	0.972	25
APP	F1LRS5	H2LYH0	FP	TN	Family0093283	tr|F1LRS5|F1LRS5_RAT	tr|H2LYH0|H2LYH0_ORYLA	RootHOG0095316	RootHOG0095316	True	G00042	duplication	high	13	true	1.0	41
APP	F1LRS5	H2Q546	FP	TN	Family0093283	tr|F1LRS5|F1LRS5_RAT	tr|H2Q546|H2Q546_PANTR	RootHOG0095316	RootHOG0095316	True	G00026	duplication	high	12	true	0.972	25
APP	F1LRS5	P05067	FP	TN	Family0093283	tr|F1LRS5|F1LRS5_RAT	sp|P05067|A4_HUMAN	RootHOG0095316	RootHOG0095316	True	G00042	duplication	high	13	true	1.0	41
APP	F1LRS5	P12023	FP	TN	Family0093283	tr|F1LRS5|F1LRS5_RAT	sp|P12023|A4_MOUSE	RootHOG0095316	RootHOG0095316	True	G00042	duplication	high	13	true	1.0	41
APP	F1LRS5	Q06335	FP	TN	Family0093283	tr|F1LRS5|F1LRS5_RAT	sp|Q06335|APLP2_MOUSE	RootHOG0095316	RootHOG0095316	True	G00026	duplication	high	12	true	0.972	25
APP	F1LRS5	Q06481	FP	TN	Family0093283	tr|F1LRS5|F1LRS5_RAT	sp|Q06481|APLP2_HUMAN	RootHOG0095316	RootHOG0095316	True	G00026	duplication	high	12	true	0.972	25
APP	F1LRS5	Q5IS80	FP	TN	Family0093283	tr|F1LRS5|F1LRS5_RAT	sp|Q5IS80|A4_PANTR	RootHOG0095316	RootHOG0095316	True	G00042	duplication	high	13	true	1.0	41
APP	F1MIL3	F1P0A7	FP	TN	Family0093283	tr|F1MIL3|F1MIL3_BOVIN	tr|F1P0A7|F1P0A7_CHICK	RootHOG0095316	RootHOG0095316	True	G00026	duplication	high	12	true	0.972	25
APP	F1MIL3	F1P603	FP	TN	Family0093283	tr|F1MIL3|F1MIL3_BOVIN	tr|F1P603|F1P603_CANLF	RootHOG0095316	RootHOG0095316	True	G00042	duplication	high	13	true	1.0	41
APP	F1MIL3	F7DF67	FP	TN	Family0093283	tr|F1MIL3|F1MIL3_BOVIN	tr|F7DF67|F7DF67_XENTR	RootHOG0095316	RootHOG0095316	True	G00026	duplication	high	12	true	0.972	25
APP	F1MIL3	G3R2X8	FP	TN	Family0093283	tr|F1MIL3|F1MIL3_BOVIN	tr|G3R2X8|G3R2X8_GORGO	RootHOG0095316	RootHOG0095316	True	G00026	duplication	high	12	true	0.972	25
APP	F1MIL3	H2LYH0	FP	TN	Family0093283	tr|F1MIL3|F1MIL3_BOVIN	tr|H2LYH0|H2LYH0_ORYLA	RootHOG0095316	RootHOG0095316	True	G00042	duplication	high	13	true	1.0	41
APP	F1MIL3	H2Q546	FP	TN	Family0093283	tr|F1MIL3|F1MIL3_BOVIN	tr|H2Q546|H2Q546_PANTR	RootHOG0095316	RootHOG0095316	True	G00026	duplication	high	12	true	0.972	25
APP	F1MIL3	P05067	FP	TN	Family0093283	tr|F1MIL3|F1MIL3_BOVIN	sp|P05067|A4_HUMAN	RootHOG0095316	RootHOG0095316	True	G00042	duplication	high	13	true	1.0	41
APP	F1MIL3	P08592	FP	TN	Family0093283	tr|F1MIL3|F1MIL3_BOVIN	sp|P08592|A4_RAT	RootHOG0095316	RootHOG0095316	True	G00042	duplication	high	13	true	1.0	41
APP	F1MIL3	P12023	FP	TN	Family0093283	tr|F1MIL3|F1MIL3_BOVIN	sp|P12023|A4_MOUSE	RootHOG0095316	RootHOG0095316	True	G00042	duplication	high	13	true	1.0	41
APP	F1MIL3	P15943	FP	TN	Family0093283	tr|F1MIL3|F1MIL3_BOVIN	sp|P15943|APLP2_RAT	RootHOG0095316	RootHOG0095316	True	G00026	duplication	high	12	true	0.972	25
APP	F1MIL3	Q06335	FP	TN	Family0093283	tr|F1MIL3|F1MIL3_BOVIN	sp|Q06335|APLP2_MOUSE	RootHOG0095316	RootHOG0095316	True	G00026	duplication	high	12	true	0.972	25
APP	F1MIL3	Q06481	FP	TN	Family0093283	tr|F1MIL3|F1MIL3_BOVIN	sp|Q06481|APLP2_HUMAN	RootHOG0095316	RootHOG0095316	True	G00026	duplication	high	12	true	0.972	25
APP	F1MIL3	Q5IS80	FP	TN	Family0093283	tr|F1MIL3|F1MIL3_BOVIN	sp|Q5IS80|A4_PANTR	RootHOG0095316	RootHOG0095316	True	G00042	duplication	high	13	true	1.0	41
APP	F1P0A7	F1P603	FP	TN	Family0093283	tr|F1P0A7|F1P0A7_CHICK	tr|F1P603|F1P603_CANLF	RootHOG0095316	RootHOG0095316	True	G00042	duplication	high	13	true	1.0	41
APP	F1P0A7	F6TDQ9	FP	TN	Family0093283	tr|F1P0A7|F1P0A7_CHICK	tr|F6TDQ9|F6TDQ9_MONDO	RootHOG0095316	RootHOG0095316	True	G00026	duplication	high	12	true	0.972	25
APP	F1P0A7	F6YNC0	FP	TN	Family0093283	tr|F1P0A7|F1P0A7_CHICK	tr|F6YNC0|F6YNC0_XENTR	RootHOG0095316	RootHOG0095316	True	G00026	duplication	high	12	true	0.972	25
APP	F1P0A7	H2LQ91	FP	TN	Family0093283	tr|F1P0A7|F1P0A7_CHICK	tr|H2LQ91|H2LQ91_ORYLA	RootHOG0095316	RootHOG0095316	True	G00026	duplication	high	12	true	0.972	25
APP	F1P0A7	H2LYH0	FP	TN	Family0093283	tr|F1P0A7|F1P0A7_CHICK	tr|H2LYH0|H2LYH0_ORYLA	RootHOG0095316	RootHOG0095316	True	G00042	duplication	high	13	true	1.0	41
APP	F1P0A7	P05067	FP	TN	Family0093283	tr|F1P0A7|F1P0A7_CHICK	sp|P05067|A4_HUMAN	RootHOG0095316	RootHOG0095316	True	G00042	duplication	high	13	true	1.0	41
APP	F1P0A7	P08592	FP	TN	Family0093283	tr|F1P0A7|F1P0A7_CHICK	sp|P08592|A4_RAT	RootHOG0095316	RootHOG0095316	True	G00042	duplication	high	13	true	1.0	41
APP	F1P0A7	P12023	FP	TN	Family0093283	tr|F1P0A7|F1P0A7_CHICK	sp|P12023|A4_MOUSE	RootHOG0095316	RootHOG0095316	True	G00042	duplication	high	13	true	1.0	41
APP	F1P0A7	P51693	FP	TN	Family0093283	tr|F1P0A7|F1P0A7_CHICK	sp|P51693|APLP1_HUMAN	RootHOG0095316	RootHOG0095316	True	G00026	duplication	high	12	true	0.972	25
APP	F1P0A7	Q03157	FP	TN	Family0093283	tr|F1P0A7|F1P0A7_CHICK	sp|Q03157|APLP1_MOUSE	RootHOG0095316	RootHOG0095316	True	G00026	duplication	high	12	true	0.972	25
APP	F1P0A7	Q5IS80	FP	TN	Family0093283	tr|F1P0A7|F1P0A7_CHICK	sp|Q5IS80|A4_PANTR	RootHOG0095316	RootHOG0095316	True	G00042	duplication	high	13	true	1.0	41
APP	F1P603	F6TDQ9	FP	TN	Family0093283	tr|F1P603|F1P603_CANLF	tr|F6TDQ9|F6TDQ9_MONDO	RootHOG0095316	RootHOG0095316	True	G00042	duplication	high	13	true	1.0	41
APP	F1P603	F6YNC0	FP	TN	Family0093283	tr|F1P603|F1P603_CANLF	tr|F6YNC0|F6YNC0_XENTR	RootHOG0095316	RootHOG0095316	True	G00042	duplication	high	13	true	1.0	41
APP	F1P603	F7DF67	FP	TN	Family0093283	tr|F1P603|F1P603_CANLF	tr|F7DF67|F7DF67_XENTR	RootHOG0095316	RootHOG0095316	True	G00042	duplication	high	13	true	1.0	41
APP	F1P603	G3R2X8	FP	TN	Family0093283	tr|F1P603|F1P603_CANLF	tr|G3R2X8|G3R2X8_GORGO	RootHOG0095316	RootHOG0095316	True	G00042	duplication	high	13	true	1.0	41
APP	F1P603	H2LQ91	FP	TN	Family0093283	tr|F1P603|F1P603_CANLF	tr|H2LQ91|H2LQ91_ORYLA	RootHOG0095316	RootHOG0095316	True	G00042	duplication	high	13	true	1.0	41
APP	F1P603	H2Q546	FP	TN	Family0093283	tr|F1P603|F1P603_CANLF	tr|H2Q546|H2Q546_PANTR	RootHOG0095316	RootHOG0095316	True	G00042	duplication	high	13	true	1.0	41
APP	F1P603	P15943	FP	TN	Family0093283	tr|F1P603|F1P603_CANLF	sp|P15943|APLP2_RAT	RootHOG0095316	RootHOG0095316	True	G00042	duplication	high	13	true	1.0	41
APP	F1P603	P51693	FP	TN	Family0093283	tr|F1P603|F1P603_CANLF	sp|P51693|APLP1_HUMAN	RootHOG0095316	RootHOG0095316	True	G00042	duplication	high	13	true	1.0	41
APP	F1P603	Q03157	FP	TN	Family0093283	tr|F1P603|F1P603_CANLF	sp|Q03157|APLP1_MOUSE	RootHOG0095316	RootHOG0095316	True	G00042	duplication	high	13	true	1.0	41
APP	F1P603	Q06335	FP	TN	Family0093283	tr|F1P603|F1P603_CANLF	sp|Q06335|APLP2_MOUSE	RootHOG0095316	RootHOG0095316	True	G00042	duplication	high	13	true	1.0	41
APP	F1P603	Q06481	FP	TN	Family0093283	tr|F1P603|F1P603_CANLF	sp|Q06481|APLP2_HUMAN	RootHOG0095316	RootHOG0095316	True	G00042	duplication	high	13	true	1.0	41
APP	F6TDQ9	F7DF67	FP	TN	Family0093283	tr|F6TDQ9|F6TDQ9_MONDO	tr|F7DF67|F7DF67_XENTR	RootHOG0095316	RootHOG0095316	True	G00026	duplication	high	12	true	0.972	25
APP	F6TDQ9	G3R2X8	FP	TN	Family0093283	tr|F6TDQ9|F6TDQ9_MONDO	tr|G3R2X8|G3R2X8_GORGO	RootHOG0095316	RootHOG0095316	True	G00026	duplication	high	12	true	0.972	25
APP	F6TDQ9	H2LYH0	FP	TN	Family0093283	tr|F6TDQ9|F6TDQ9_MONDO	tr|H2LYH0|H2LYH0_ORYLA	RootHOG0095316	RootHOG0095316	True	G00042	duplication	high	13	true	1.0	41
APP	F6TDQ9	H2Q546	FP	TN	Family0093283	tr|F6TDQ9|F6TDQ9_MONDO	tr|H2Q546|H2Q546_PANTR	RootHOG0095316	RootHOG0095316	True	G00026	duplication	high	12	true	0.972	25
APP	F6TDQ9	P05067	FP	TN	Family0093283	tr|F6TDQ9|F6TDQ9_MONDO	sp|P05067|A4_HUMAN	RootHOG0095316	RootHOG0095316	True	G00042	duplication	high	13	true	1.0	41
APP	F6TDQ9	P08592	FP	TN	Family0093283	tr|F6TDQ9|F6TDQ9_MONDO	sp|P08592|A4_RAT	RootHOG0095316	RootHOG0095316	True	G00042	duplication	high	13	true	1.0	41
APP	F6TDQ9	P12023	FP	TN	Family0093283	tr|F6TDQ9|F6TDQ9_MONDO	sp|P12023|A4_MOUSE	RootHOG0095316	RootHOG0095316	True	G00042	duplication	high	13	true	1.0	41
APP	F6TDQ9	P15943	FP	TN	Family0093283	tr|F6TDQ9|F6TDQ9_MONDO	sp|P15943|APLP2_RAT	RootHOG0095316	RootHOG0095316	True	G00026	duplication	high	12	true	0.972	25
APP	F6TDQ9	Q06335	FP	TN	Family0093283	tr|F6TDQ9|F6TDQ9_MONDO	sp|Q06335|APLP2_MOUSE	RootHOG0095316	RootHOG0095316	True	G00026	duplication	high	12	true	0.972	25
APP	F6TDQ9	Q06481	FP	TN	Family0093283	tr|F6TDQ9|F6TDQ9_MONDO	sp|Q06481|APLP2_HUMAN	RootHOG0095316	RootHOG0095316	True	G00026	duplication	high	12	true	0.972	25
APP	F6TDQ9	Q5IS80	FP	TN	Family0093283	tr|F6TDQ9|F6TDQ9_MONDO	sp|Q5IS80|A4_PANTR	RootHOG0095316	RootHOG0095316	True	G00042	duplication	high	13	true	1.0	41
APP	F6YNC0	G3R2X8	FP	TN	Family0093283	tr|F6YNC0|F6YNC0_XENTR	tr|G3R2X8|G3R2X8_GORGO	RootHOG0095316	RootHOG0095316	True	G00026	duplication	high	12	true	0.972	25
APP	F6YNC0	H2LYH0	FP	TN	Family0093283	tr|F6YNC0|F6YNC0_XENTR	tr|H2LYH0|H2LYH0_ORYLA	RootHOG0095316	RootHOG0095316	True	G00042	duplication	high	13	true	1.0	41
APP	F6YNC0	H2Q546	FP	TN	Family0093283	tr|F6YNC0|F6YNC0_XENTR	tr|H2Q546|H2Q546_PANTR	RootHOG0095316	RootHOG0095316	True	G00026	duplication	high	12	true	0.972	25
APP	F6YNC0	P05067	FP	TN	Family0093283	tr|F6YNC0|F6YNC0_XENTR	sp|P05067|A4_HUMAN	RootHOG0095316	RootHOG0095316	True	G00042	duplication	high	13	true	1.0	41
APP	F6YNC0	P08592	FP	TN	Family0093283	tr|F6YNC0|F6YNC0_XENTR	sp|P08592|A4_RAT	RootHOG0095316	RootHOG0095316	True	G00042	duplication	high	13	true	1.0	41
APP	F6YNC0	P12023	FP	TN	Family0093283	tr|F6YNC0|F6YNC0_XENTR	sp|P12023|A4_MOUSE	RootHOG0095316	RootHOG0095316	True	G00042	duplication	high	13	true	1.0	41
APP	F6YNC0	P15943	FP	TN	Family0093283	tr|F6YNC0|F6YNC0_XENTR	sp|P15943|APLP2_RAT	RootHOG0095316	RootHOG0095316	True	G00026	duplication	high	12	true	0.972	25
APP	F6YNC0	Q06335	FP	TN	Family0093283	tr|F6YNC0|F6YNC0_XENTR	sp|Q06335|APLP2_MOUSE	RootHOG0095316	RootHOG0095316	True	G00026	duplication	high	12	true	0.972	25
APP	F6YNC0	Q06481	FP	TN	Family0093283	tr|F6YNC0|F6YNC0_XENTR	sp|Q06481|APLP2_HUMAN	RootHOG0095316	RootHOG0095316	True	G00026	duplication	high	12	true	0.972	25
APP	F6YNC0	Q5IS80	FP	TN	Family0093283	tr|F6YNC0|F6YNC0_XENTR	sp|Q5IS80|A4_PANTR	RootHOG0095316	RootHOG0095316	True	G00042	duplication	high	13	true	1.0	41
APP	F7DF67	H2LQ91	FP	TN	Family0093283	tr|F7DF67|F7DF67_XENTR	tr|H2LQ91|H2LQ91_ORYLA	RootHOG0095316	RootHOG0095316	True	G00026	duplication	high	12	true	0.972	25
APP	F7DF67	H2LYH0	FP	TN	Family0093283	tr|F7DF67|F7DF67_XENTR	tr|H2LYH0|H2LYH0_ORYLA	RootHOG0095316	RootHOG0095316	True	G00042	duplication	high	13	true	1.0	41
APP	F7DF67	P05067	FP	TN	Family0093283	tr|F7DF67|F7DF67_XENTR	sp|P05067|A4_HUMAN	RootHOG0095316	RootHOG0095316	True	G00042	duplication	high	13	true	1.0	41
APP	F7DF67	P08592	FP	TN	Family0093283	tr|F7DF67|F7DF67_XENTR	sp|P08592|A4_RAT	RootHOG0095316	RootHOG0095316	True	G00042	duplication	high	13	true	1.0	41
APP	F7DF67	P12023	FP	TN	Family0093283	tr|F7DF67|F7DF67_XENTR	sp|P12023|A4_MOUSE	RootHOG0095316	RootHOG0095316	True	G00042	duplication	high	13	true	1.0	41
APP	F7DF67	P51693	FP	TN	Family0093283	tr|F7DF67|F7DF67_XENTR	sp|P51693|APLP1_HUMAN	RootHOG0095316	RootHOG0095316	True	G00026	duplication	high	12	true	0.972	25
APP	F7DF67	Q03157	FP	TN	Family0093283	tr|F7DF67|F7DF67_XENTR	sp|Q03157|APLP1_MOUSE	RootHOG0095316	RootHOG0095316	True	G00026	duplication	high	12	true	0.972	25
APP	F7DF67	Q5IS80	FP	TN	Family0093283	tr|F7DF67|F7DF67_XENTR	sp|Q5IS80|A4_PANTR	RootHOG0095316	RootHOG0095316	True	G00042	duplication	high	13	true	1.0	41
APP	G3R2X8	H2LQ91	FP	TN	Family0093283	tr|G3R2X8|G3R2X8_GORGO	tr|H2LQ91|H2LQ91_ORYLA	RootHOG0095316	RootHOG0095316	True	G00026	duplication	high	12	true	0.972	25
APP	G3R2X8	H2LYH0	FP	TN	Family0093283	tr|G3R2X8|G3R2X8_GORGO	tr|H2LYH0|H2LYH0_ORYLA	RootHOG0095316	RootHOG0095316	True	G00042	duplication	high	13	true	1.0	41
APP	G3R2X8	P05067	FP	TN	Family0093283	tr|G3R2X8|G3R2X8_GORGO	sp|P05067|A4_HUMAN	RootHOG0095316	RootHOG0095316	True	G00042	duplication	high	13	true	1.0	41
APP	G3R2X8	P08592	FP	TN	Family0093283	tr|G3R2X8|G3R2X8_GORGO	sp|P08592|A4_RAT	RootHOG0095316	RootHOG0095316	True	G00042	duplication	high	13	true	1.0	41
APP	G3R2X8	P12023	FP	TN	Family0093283	tr|G3R2X8|G3R2X8_GORGO	sp|P12023|A4_MOUSE	RootHOG0095316	RootHOG0095316	True	G00042	duplication	high	13	true	1.0	41
APP	G3R2X8	P51693	FP	TN	Family0093283	tr|G3R2X8|G3R2X8_GORGO	sp|P51693|APLP1_HUMAN	RootHOG0095316	RootHOG0095316	True	G00026	duplication	high	12	true	0.972	25
APP	G3R2X8	Q03157	FP	TN	Family0093283	tr|G3R2X8|G3R2X8_GORGO	sp|Q03157|APLP1_MOUSE	RootHOG0095316	RootHOG0095316	True	G00026	duplication	high	12	true	0.972	25
APP	G3R2X8	Q5IS80	FP	TN	Family0093283	tr|G3R2X8|G3R2X8_GORGO	sp|Q5IS80|A4_PANTR	RootHOG0095316	RootHOG0095316	True	G00042	duplication	high	13	true	1.0	41
APP	H2LQ91	H2Q546	FP	TN	Family0093283	tr|H2LQ91|H2LQ91_ORYLA	tr|H2Q546|H2Q546_PANTR	RootHOG0095316	RootHOG0095316	True	G00026	duplication	high	12	true	0.972	25
APP	H2LQ91	P05067	FP	TN	Family0093283	tr|H2LQ91|H2LQ91_ORYLA	sp|P05067|A4_HUMAN	RootHOG0095316	RootHOG0095316	True	G00042	duplication	high	13	true	1.0	41
APP	H2LQ91	P08592	FP	TN	Family0093283	tr|H2LQ91|H2LQ91_ORYLA	sp|P08592|A4_RAT	RootHOG0095316	RootHOG0095316	True	G00042	duplication	high	13	true	1.0	41
APP	H2LQ91	P12023	FP	TN	Family0093283	tr|H2LQ91|H2LQ91_ORYLA	sp|P12023|A4_MOUSE	RootHOG0095316	RootHOG0095316	True	G00042	duplication	high	13	true	1.0	41
APP	H2LQ91	P15943	FP	TN	Family0093283	tr|H2LQ91|H2LQ91_ORYLA	sp|P15943|APLP2_RAT	RootHOG0095316	RootHOG0095316	True	G00026	duplication	high	12	true	0.972	25
APP	H2LQ91	Q06335	FP	TN	Family0093283	tr|H2LQ91|H2LQ91_ORYLA	sp|Q06335|APLP2_MOUSE	RootHOG0095316	RootHOG0095316	True	G00026	duplication	high	12	true	0.972	25
APP	H2LQ91	Q06481	FP	TN	Family0093283	tr|H2LQ91|H2LQ91_ORYLA	sp|Q06481|APLP2_HUMAN	RootHOG0095316	RootHOG0095316	True	G00026	duplication	high	12	true	0.972	25
APP	H2LQ91	Q5IS80	FP	TN	Family0093283	tr|H2LQ91|H2LQ91_ORYLA	sp|Q5IS80|A4_PANTR	RootHOG0095316	RootHOG0095316	True	G00042	duplication	high	13	true	1.0	41
APP	H2LYH0	H2Q546	FP	TN	Family0093283	tr|H2LYH0|H2LYH0_ORYLA	tr|H2Q546|H2Q546_PANTR	RootHOG0095316	RootHOG0095316	True	G00042	duplication	high	13	true	1.0	41
APP	H2LYH0	P15943	FP	TN	Family0093283	tr|H2LYH0|H2LYH0_ORYLA	sp|P15943|APLP2_RAT	RootHOG0095316	RootHOG0095316	True	G00042	duplication	high	13	true	1.0	41
APP	H2LYH0	P51693	FP	TN	Family0093283	tr|H2LYH0|H2LYH0_ORYLA	sp|P51693|APLP1_HUMAN	RootHOG0095316	RootHOG0095316	True	G00042	duplication	high	13	true	1.0	41
APP	H2LYH0	Q03157	FP	TN	Family0093283	tr|H2LYH0|H2LYH0_ORYLA	sp|Q03157|APLP1_MOUSE	RootHOG0095316	RootHOG0095316	True	G00042	duplication	high	13	true	1.0	41
APP	H2LYH0	Q06335	FP	TN	Family0093283	tr|H2LYH0|H2LYH0_ORYLA	sp|Q06335|APLP2_MOUSE	RootHOG0095316	RootHOG0095316	True	G00042	duplication	high	13	true	1.0	41
APP	H2LYH0	Q06481	FP	TN	Family0093283	tr|H2LYH0|H2LYH0_ORYLA	sp|Q06481|APLP2_HUMAN	RootHOG0095316	RootHOG0095316	True	G00042	duplication	high	13	true	1.0	41
APP	H2Q546	P05067	FP	TN	Family0093283	tr|H2Q546|H2Q546_PANTR	sp|P05067|A4_HUMAN	RootHOG0095316	RootHOG0095316	True	G00042	duplication	high	13	true	1.0	41
APP	H2Q546	P08592	FP	TN	Family0093283	tr|H2Q546|H2Q546_PANTR	sp|P08592|A4_RAT	RootHOG0095316	RootHOG0095316	True	G00042	duplication	high	13	true	1.0	41
APP	H2Q546	P12023	FP	TN	Family0093283	tr|H2Q546|H2Q546_PANTR	sp|P12023|A4_MOUSE	RootHOG0095316	RootHOG0095316	True	G00042	duplication	high	13	true	1.0	41
APP	H2Q546	P51693	FP	TN	Family0093283	tr|H2Q546|H2Q546_PANTR	sp|P51693|APLP1_HUMAN	RootHOG0095316	RootHOG0095316	True	G00026	duplication	high	12	true	0.972	25
APP	H2Q546	Q03157	FP	TN	Family0093283	tr|H2Q546|H2Q546_PANTR	sp|Q03157|APLP1_MOUSE	RootHOG0095316	RootHOG0095316	True	G00026	duplication	high	12	true	0.972	25
APP	P05067	P15943	FP	TN	Family0093283	sp|P05067|A4_HUMAN	sp|P15943|APLP2_RAT	RootHOG0095316	RootHOG0095316	True	G00042	duplication	high	13	true	1.0	41
APP	P05067	Q03157	FP	TN	Family0093283	sp|P05067|A4_HUMAN	sp|Q03157|APLP1_MOUSE	RootHOG0095316	RootHOG0095316	True	G00042	duplication	high	13	true	1.0	41
APP	P05067	Q06335	FP	TN	Family0093283	sp|P05067|A4_HUMAN	sp|Q06335|APLP2_MOUSE	RootHOG0095316	RootHOG0095316	True	G00042	duplication	high	13	true	1.0	41
APP	P08592	P51693	FP	TN	Family0093283	sp|P08592|A4_RAT	sp|P51693|APLP1_HUMAN	RootHOG0095316	RootHOG0095316	True	G00042	duplication	high	13	true	1.0	41
APP	P08592	Q03157	FP	TN	Family0093283	sp|P08592|A4_RAT	sp|Q03157|APLP1_MOUSE	RootHOG0095316	RootHOG0095316	True	G00042	duplication	high	13	true	1.0	41
APP	P08592	Q06335	FP	TN	Family0093283	sp|P08592|A4_RAT	sp|Q06335|APLP2_MOUSE	RootHOG0095316	RootHOG0095316	True	G00042	duplication	high	13	true	1.0	41
APP	P08592	Q06481	FP	TN	Family0093283	sp|P08592|A4_RAT	sp|Q06481|APLP2_HUMAN	RootHOG0095316	RootHOG0095316	True	G00042	duplication	high	13	true	1.0	41
APP	P12023	P15943	FP	TN	Family0093283	sp|P12023|A4_MOUSE	sp|P15943|APLP2_RAT	RootHOG0095316	RootHOG0095316	True	G00042	duplication	high	13	true	1.0	41
APP	P12023	P51693	FP	TN	Family0093283	sp|P12023|A4_MOUSE	sp|P51693|APLP1_HUMAN	RootHOG0095316	RootHOG0095316	True	G00042	duplication	high	13	true	1.0	41
APP	P12023	Q06481	FP	TN	Family0093283	sp|P12023|A4_MOUSE	sp|Q06481|APLP2_HUMAN	RootHOG0095316	RootHOG0095316	True	G00042	duplication	high	13	true	1.0	41
APP	P15943	P51693	FP	TN	Family0093283	sp|P15943|APLP2_RAT	sp|P51693|APLP1_HUMAN	RootHOG0095316	RootHOG0095316	True	G00026	duplication	high	12	true	0.972	25
APP	P15943	Q03157	FP	TN	Family0093283	sp|P15943|APLP2_RAT	sp|Q03157|APLP1_MOUSE	RootHOG0095316	RootHOG0095316	True	G00026	duplication	high	12	true	0.972	25
APP	P15943	Q5IS80	FP	TN	Family0093283	sp|P15943|APLP2_RAT	sp|Q5IS80|A4_PANTR	RootHOG0095316	RootHOG0095316	True	G00042	duplication	high	13	true	1.0	41
APP	P51693	Q06335	FP	TN	Family0093283	sp|P51693|APLP1_HUMAN	sp|Q06335|APLP2_MOUSE	RootHOG0095316	RootHOG0095316	True	G00026	duplication	high	12	true	0.972	25
APP	P51693	Q5IS80	FP	TN	Family0093283	sp|P51693|APLP1_HUMAN	sp|Q5IS80|A4_PANTR	RootHOG0095316	RootHOG0095316	True	G00042	duplication	high	13	true	1.0	41
APP	Q03157	Q06481	FP	TN	Family0093283	sp|Q03157|APLP1_MOUSE	sp|Q06481|APLP2_HUMAN	RootHOG0095316	RootHOG0095316	True	G00026	duplication	high	12	true	0.972	25
APP	Q03157	Q5IS80	FP	TN	Family0093283	sp|Q03157|APLP1_MOUSE	sp|Q5IS80|A4_PANTR	RootHOG0095316	RootHOG0095316	True	G00042	duplication	high	13	true	1.0	41
APP	Q06335	Q5IS80	FP	TN	Family0093283	sp|Q06335|APLP2_MOUSE	sp|Q5IS80|A4_PANTR	RootHOG0095316	RootHOG0095316	True	G00042	duplication	high	13	true	1.0	41
APP	Q06481	Q5IS80	FP	TN	Family0093283	sp|Q06481|APLP2_HUMAN	sp|Q5IS80|A4_PANTR	RootHOG0095316	RootHOG0095316	True	G00042	duplication	high	13	true	1.0	41
BAMBI	H2LI24	Q6GQM7	FP	TN	Family0106289	tr|H2LI24|H2LI24_ORYLA	tr|Q6GQM7|Q6GQM7_DANRE	RootHOG0108608	RootHOG0108608	True	G00002	duplication	high	1	true	1.0	4
BAR	A4FUG5	E7FD40	FP	TN	Family0066745	tr|A4FUG5|A4FUG5_BOVIN	tr|E7FD40|E7FD40_DANRE	RootHOG0067765	RootHOG0067765	True	G00044	duplication	high	12	true	0.989	45
BAR	A4FUG5	F1NZ04	FP	TN	Family0066745	tr|A4FUG5|A4FUG5_BOVIN	tr|F1NZ04|F1NZ04_CHICK	RootHOG0067765	RootHOG0067765	True	G00044	duplication	high	12	true	0.989	45
BAR	A4FUG5	F1QK94	FP	TN	Family0066745	tr|A4FUG5|A4FUG5_BOVIN	tr|F1QK94|F1QK94_DANRE	RootHOG0067765	RootHOG0067765	True	G00044	duplication	high	12	true	0.989	45
BAR	A4FUG5	G3R5Y4	FP	TN	Family0066745	tr|A4FUG5|A4FUG5_BOVIN	tr|G3R5Y4|G3R5Y4_GORGO	RootHOG0067765	RootHOG0067765	True	G00044	duplication	high	12	true	0.989	45
BAR	A4FUG5	G3RIZ8	FP	TN	Family0066745	tr|A4FUG5|A4FUG5_BOVIN	tr|G3RIZ8|G3RIZ8_GORGO	RootHOG0067765	RootHOG0067765	True	G00044	duplication	high	12	true	0.989	45
BAR	A4FUG5	H2QIN5	FP	TN	Family0066745	tr|A4FUG5|A4FUG5_BOVIN	tr|H2QIN5|H2QIN5_PANTR	RootHOG0067765	RootHOG0067765	True	G00044	duplication	high	12	true	0.989	45
BAR	A4FUG5	H2R019	FP	TN	Family0066745	tr|A4FUG5|A4FUG5_BOVIN	tr|H2R019|H2R019_PANTR	RootHOG0067765	RootHOG0067765	True	G00044	duplication	high	12	true	0.989	45
BAR	A4FUG5	O00499	FP	TN	Family0066745	tr|A4FUG5|A4FUG5_BOVIN	sp|O00499|BIN1_HUMAN	RootHOG0067765	RootHOG0067765	True	G00044	duplication	high	12	true	0.989	45
BAR	A4FUG5	O08539	FP	TN	Family0066745	tr|A4FUG5|A4FUG5_BOVIN	sp|O08539|BIN1_MOUSE	RootHOG0067765	RootHOG0067765	True	G00044	duplication	high	12	true	0.989	45
BAR	A4FUG5	O08839	FP	TN	Family0066745	tr|A4FUG5|A4FUG5_BOVIN	sp|O08839|BIN1_RAT	RootHOG0067765	RootHOG0067765	True	G00044	duplication	high	12	true	0.989	45
BAR	A4FUG5	P49418	FP	TN	Family0066745	tr|A4FUG5|A4FUG5_BOVIN	sp|P49418|AMPH_HUMAN	RootHOG0067765	RootHOG0067765	True	G00044	duplication	high	12	true	0.989	45
BAR	A4FUG5	Q7TQF7	FP	TN	Family0066745	tr|A4FUG5|A4FUG5_BOVIN	sp|Q7TQF7|AMPH_MOUSE	RootHOG0067765	RootHOG0067765	True	G00044	duplication	high	12	true	0.989	45
BAR	D3Z6Q9	E7FD40	FP	TN	Family0066745	sp|D3Z6Q9|BIN2_MOUSE	tr|E7FD40|E7FD40_DANRE	RootHOG0067765	RootHOG0067765	True	G00044	duplication	high	12	true	0.989	45
BAR	D3Z6Q9	F1NZ04	FP	TN	Family0066745	sp|D3Z6Q9|BIN2_MOUSE	tr|F1NZ04|F1NZ04_CHICK	RootHOG0067765	RootHOG0067765	True	G00044	duplication	high	12	true	0.989	45
BAR	D3Z6Q9	F1QK94	FP	TN	Family0066745	sp|D3Z6Q9|BIN2_MOUSE	tr|F1QK94|F1QK94_DANRE	RootHOG0067765	RootHOG0067765	True	G00044	duplication	high	12	true	0.989	45
BAR	D3Z6Q9	G3R5Y4	FP	TN	Family0066745	sp|D3Z6Q9|BIN2_MOUSE	tr|G3R5Y4|G3R5Y4_GORGO	RootHOG0067765	RootHOG0067765	True	G00044	duplication	high	12	true	0.989	45
BAR	D3Z6Q9	G3RIZ8	FP	TN	Family0066745	sp|D3Z6Q9|BIN2_MOUSE	tr|G3RIZ8|G3RIZ8_GORGO	RootHOG0067765	RootHOG0067765	True	G00044	duplication	high	12	true	0.989	45
BAR	D3Z6Q9	H2QIN5	FP	TN	Family0066745	sp|D3Z6Q9|BIN2_MOUSE	tr|H2QIN5|H2QIN5_PANTR	RootHOG0067765	RootHOG0067765	True	G00044	duplication	high	12	true	0.989	45
BAR	D3Z6Q9	H2R019	FP	TN	Family0066745	sp|D3Z6Q9|BIN2_MOUSE	tr|H2R019|H2R019_PANTR	RootHOG0067765	RootHOG0067765	True	G00044	duplication	high	12	true	0.989	45
BAR	D3Z6Q9	O00499	FP	TN	Family0066745	sp|D3Z6Q9|BIN2_MOUSE	sp|O00499|BIN1_HUMAN	RootHOG0067765	RootHOG0067765	True	G00044	duplication	high	12	true	0.989	45
BAR	D3Z6Q9	O08839	FP	TN	Family0066745	sp|D3Z6Q9|BIN2_MOUSE	sp|O08839|BIN1_RAT	RootHOG0067765	RootHOG0067765	True	G00044	duplication	high	12	true	0.989	45
BAR	D3Z6Q9	P49418	FP	TN	Family0066745	sp|D3Z6Q9|BIN2_MOUSE	sp|P49418|AMPH_HUMAN	RootHOG0067765	RootHOG0067765	True	G00044	duplication	high	12	true	0.989	45
BAR	E7FD40	F1PZH8	FP	TN	Family0066745	tr|E7FD40|E7FD40_DANRE	tr|F1PZH8|F1PZH8_CANLF	RootHOG0067765	RootHOG0067765	True	G00044	duplication	high	12	true	0.989	45
BAR	E7FD40	G3R5Y4	FP	TN	Family0066745	tr|E7FD40|E7FD40_DANRE	tr|G3R5Y4|G3R5Y4_GORGO	RootHOG0067765	RootHOG0067765	True	G00043	duplication	high	12	true	0.971	30
BAR	E7FD40	H2Q5Y0	FP	TN	Family0066745	tr|E7FD40|E7FD40_DANRE	tr|H2Q5Y0|H2Q5Y0_PANTR	RootHOG0067765	RootHOG0067765	True	G00044	duplication	high	12	true	0.989	45
BAR	E7FD40	H2R019	FP	TN	Family0066745	tr|E7FD40|E7FD40_DANRE	tr|H2R019|H2R019_PANTR	RootHOG0067765	RootHOG0067765	True	G00043	duplication	high	12	true	0.971	30
BAR	E7FD40	P49418	FP	TN	Family0066745	tr|E7FD40|E7FD40_DANRE	sp|P49418|AMPH_HUMAN	RootHOG0067765	RootHOG0067765	True	G00043	duplication	high	12	true	0.971	30
BAR	E7FD40	Q5ZKL7	FP	TN	Family0066745	tr|E7FD40|E7FD40_DANRE	sp|Q5ZKL7|BIN2_CHICK	RootHOG0067765	RootHOG0067765	True	G00044	duplication	high	12	true	0.989	45
BAR	E7FD40	Q68FR2	FP	TN	Family0066745	tr|E7FD40|E7FD40_DANRE	sp|Q68FR2|BIN2_RAT	RootHOG0067765	RootHOG0067765	True	G00044	duplication	high	12	true	0.989	45
BAR	E7FD40	Q7TQF7	FP	TN	Family0066745	tr|E7FD40|E7FD40_DANRE	sp|Q7TQF7|AMPH_MOUSE	RootHOG0067765	RootHOG0067765	True	G00043	duplication	high	12	true	0.971	30
BAR	E7FD40	Q9UBW5	FP	TN	Family0066745	tr|E7FD40|E7FD40_DANRE	sp|Q9UBW5|BIN2_HUMAN	RootHOG0067765	RootHOG0067765	True	G00044	duplication	high	12	true	0.989	45
BAR	F1NZ04	F1PZH8	FP	TN	Family0066745	tr|F1NZ04|F1NZ04_CHICK	tr|F1PZH8|F1PZH8_CANLF	RootHOG0067765	RootHOG0067765	True	G00044	duplication	high	12	true	0.989	45
BAR	F1NZ04	F1QJB5	FP	TN	Family0066745	tr|F1NZ04|F1NZ04_CHICK	tr|F1QJB5|F1QJB5_DANRE	RootHOG0067765	RootHOG0067765	True	G00044	duplication	high	12	true	0.989	45
BAR	F1NZ04	F1QK94	FP	TN	Family0066745	tr|F1NZ04|F1NZ04_CHICK	tr|F1QK94|F1QK94_DANRE	RootHOG0067765	RootHOG0067765	True	G00043	duplication	high	12	true	0.971	30
BAR	F1NZ04	G3R5Y4	FP	TN	Family0066745	tr|F1NZ04|F1NZ04_CHICK	tr|G3R5Y4|G3R5Y4_GORGO	RootHOG0067765	RootHOG0067765	True	G00043	duplication	high	12	true	0.971	30
BAR	F1NZ04	H2Q5Y0	FP	TN	Family0066745	tr|F1NZ04|F1NZ04_CHICK	tr|H2Q5Y0|H2Q5Y0_PANTR	RootHOG0067765	RootHOG0067765	True	G00044	duplication	high	12	true	0.989	45
BAR	F1NZ04	H2R019	FP	TN	Family0066745	tr|F1NZ04|F1NZ04_CHICK	tr|H2R019|H2R019_PANTR	RootHOG0067765	RootHOG0067765	True	G00043	duplication	high	12	true	0.971	30
BAR	F1NZ04	P49418	FP	TN	Family0066745	tr|F1NZ04|F1NZ04_CHICK	sp|P49418|AMPH_HUMAN	RootHOG0067765	RootHOG0067765	True	G00043	duplication	high	12	true	0.971	30
BAR	F1NZ04	Q68FR2	FP	TN	Family0066745	tr|F1NZ04|F1NZ04_CHICK	sp|Q68FR2|BIN2_RAT	RootHOG0067765	RootHOG0067765	True	G00044	duplication	high	12	true	0.989	45
BAR	F1NZ04	Q7TQF7	FP	TN	Family0066745	tr|F1NZ04|F1NZ04_CHICK	sp|Q7TQF7|AMPH_MOUSE	RootHOG0067765	RootHOG0067765	True	G00043	duplication	high	12	true	0.971	30
BAR	F1NZ04	Q9UBW5	FP	TN	Family0066745	tr|F1NZ04|F1NZ04_CHICK	sp|Q9UBW5|BIN2_HUMAN	RootHOG0067765	RootHOG0067765	True	G00044	duplication	high	12	true	0.989	45
BAR	F1PZH8	F1QK94	FP	TN	Family0066745	tr|F1PZH8|F1PZH8_CANLF	tr|F1QK94|F1QK94_DANRE	RootHOG0067765	RootHOG0067765	True	G00044	duplication	high	12	true	0.989	45
BAR	F1PZH8	G3R5Y4	FP	TN	Family0066745	tr|F1PZH8|F1PZH8_CANLF	tr|G3R5Y4|G3R5Y4_GORGO	RootHOG0067765	RootHOG0067765	True	G00044	duplication	high	12	true	0.989	45
BAR	F1PZH8	G3RIZ8	FP	TN	Family0066745	tr|F1PZH8|F1PZH8_CANLF	tr|G3RIZ8|G3RIZ8_GORGO	RootHOG0067765	RootHOG0067765	True	G00044	duplication	high	12	true	0.989	45
BAR	F1PZH8	H2QIN5	FP	TN	Family0066745	tr|F1PZH8|F1PZH8_CANLF	tr|H2QIN5|H2QIN5_PANTR	RootHOG0067765	RootHOG0067765	True	G00044	duplication	high	12	true	0.989	45
BAR	F1PZH8	H2R019	FP	TN	Family0066745	tr|F1PZH8|F1PZH8_CANLF	tr|H2R019|H2R019_PANTR	RootHOG0067765	RootHOG0067765	True	G00044	duplication	high	12	true	0.989	45
BAR	F1PZH8	O00499	FP	TN	Family0066745	tr|F1PZH8|F1PZH8_CANLF	sp|O00499|BIN1_HUMAN	RootHOG0067765	RootHOG0067765	True	G00044	duplication	high	12	true	0.989	45
BAR	F1PZH8	O08539	FP	TN	Family0066745	tr|F1PZH8|F1PZH8_CANLF	sp|O08539|BIN1_MOUSE	RootHOG0067765	RootHOG0067765	True	G00044	duplication	high	12	true	0.989	45
BAR	F1PZH8	O08839	FP	TN	Family0066745	tr|F1PZH8|F1PZH8_CANLF	sp|O08839|BIN1_RAT	RootHOG0067765	RootHOG0067765	True	G00044	duplication	high	12	true	0.989	45
BAR	F1PZH8	P49418	FP	TN	Family0066745	tr|F1PZH8|F1PZH8_CANLF	sp|P49418|AMPH_HUMAN	RootHOG0067765	RootHOG0067765	True	G00044	duplication	high	12	true	0.989	45
BAR	F1PZH8	Q7TQF7	FP	TN	Family0066745	tr|F1PZH8|F1PZH8_CANLF	sp|Q7TQF7|AMPH_MOUSE	RootHOG0067765	RootHOG0067765	True	G00044	duplication	high	12	true	0.989	45
BAR	F1QJB5	G3R5Y4	FP	TN	Family0066745	tr|F1QJB5|F1QJB5_DANRE	tr|G3R5Y4|G3R5Y4_GORGO	RootHOG0067765	RootHOG0067765	True	G00044	duplication	high	12	true	0.989	45
BAR	F1QJB5	G3RIZ8	FP	TN	Family0066745	tr|F1QJB5|F1QJB5_DANRE	tr|G3RIZ8|G3RIZ8_GORGO	RootHOG0067765	RootHOG0067765	True	G00044	duplication	high	12	true	0.989	45
BAR	F1QJB5	H2QIN5	FP	TN	Family0066745	tr|F1QJB5|F1QJB5_DANRE	tr|H2QIN5|H2QIN5_PANTR	RootHOG0067765	RootHOG0067765	True	G00044	duplication	high	12	true	0.989	45
BAR	F1QJB5	H2R019	FP	TN	Family0066745	tr|F1QJB5|F1QJB5_DANRE	tr|H2R019|H2R019_PANTR	RootHOG0067765	RootHOG0067765	True	G00044	duplication	high	12	true	0.989	45
BAR	F1QJB5	O00499	FP	TN	Family0066745	tr|F1QJB5|F1QJB5_DANRE	sp|O00499|BIN1_HUMAN	RootHOG0067765	RootHOG0067765	True	G00044	duplication	high	12	true	0.989	45
BAR	F1QJB5	O08539	FP	TN	Family0066745	tr|F1QJB5|F1QJB5_DANRE	sp|O08539|BIN1_MOUSE	RootHOG0067765	RootHOG0067765	True	G00044	duplication	high	12	true	0.989	45
BAR	F1QJB5	O08839	FP	TN	Family0066745	tr|F1QJB5|F1QJB5_DANRE	sp|O08839|BIN1_RAT	RootHOG0067765	RootHOG0067765	True	G00044	duplication	high	12	true	0.989	45
BAR	F1QJB5	P49418	FP	TN	Family0066745	tr|F1QJB5|F1QJB5_DANRE	sp|P49418|AMPH_HUMAN	RootHOG0067765	RootHOG0067765	True	G00044	duplication	high	12	true	0.989	45
BAR	F1QJB5	Q7TQF7	FP	TN	Family0066745	tr|F1QJB5|F1QJB5_DANRE	sp|Q7TQF7|AMPH_MOUSE	RootHOG0067765	RootHOG0067765	True	G00044	duplication	high	12	true	0.989	45
BAR	F1QK94	G3RIZ8	FP	TN	Family0066745	tr|F1QK94|F1QK94_DANRE	tr|G3RIZ8|G3RIZ8_GORGO	RootHOG0067765	RootHOG0067765	True	G00043	duplication	high	12	true	0.971	30
BAR	F1QK94	H2Q5Y0	FP	TN	Family0066745	tr|F1QK94|F1QK94_DANRE	tr|H2Q5Y0|H2Q5Y0_PANTR	RootHOG0067765	RootHOG0067765	True	G00044	duplication	high	12	true	0.989	45
BAR	F1QK94	H2QIN5	FP	TN	Family0066745	tr|F1QK94|F1QK94_DANRE	tr|H2QIN5|H2QIN5_PANTR	RootHOG0067765	RootHOG0067765	True	G00043	duplication	high	12	true	0.971	30
BAR	F1QK94	O00499	FP	TN	Family0066745	tr|F1QK94|F1QK94_DANRE	sp|O00499|BIN1_HUMAN	RootHOG0067765	RootHOG0067765	True	G00043	duplication	high	12	true	0.971	30
BAR	F1QK94	O08539	FP	TN	Family0066745	tr|F1QK94|F1QK94_DANRE	sp|O08539|BIN1_MOUSE	RootHOG0067765	RootHOG0067765	True	G00043	duplication	high	12	true	0.971	30
BAR	F1QK94	O08839	FP	TN	Family0066745	tr|F1QK94|F1QK94_DANRE	sp|O08839|BIN1_RAT	RootHOG0067765	RootHOG0067765	True	G00043	duplication	high	12	true	0.971	30
BAR	F1QK94	Q5ZKL7	FP	TN	Family0066745	tr|F1QK94|F1QK94_DANRE	sp|Q5ZKL7|BIN2_CHICK	RootHOG0067765	RootHOG0067765	True	G00044	duplication	high	12	true	0.989	45
BAR	F1QK94	Q68FR2	FP	TN	Family0066745	tr|F1QK94|F1QK94_DANRE	sp|Q68FR2|BIN2_RAT	RootHOG0067765	RootHOG0067765	True	G00044	duplication	high	12	true	0.989	45
BAR	F1QK94	Q9UBW5	FP	TN	Family0066745	tr|F1QK94|F1QK94_DANRE	sp|Q9UBW5|BIN2_HUMAN	RootHOG0067765	RootHOG0067765	True	G00044	duplication	high	12	true	0.989	45
BAR	G3R5Y4	H2Q5Y0	FP	TN	Family0066745	tr|G3R5Y4|G3R5Y4_GORGO	tr|H2Q5Y0|H2Q5Y0_PANTR	RootHOG0067765	RootHOG0067765	True	G00044	duplication	high	12	true	0.989	45
BAR	G3R5Y4	H2QIN5	FP	TN	Family0066745	tr|G3R5Y4|G3R5Y4_GORGO	tr|H2QIN5|H2QIN5_PANTR	RootHOG0067765	RootHOG0067765	True	G00043	duplication	high	12	true	0.971	30
BAR	G3R5Y4	O00499	FP	TN	Family0066745	tr|G3R5Y4|G3R5Y4_GORGO	sp|O00499|BIN1_HUMAN	RootHOG0067765	RootHOG0067765	True	G00043	duplication	high	12	true	0.971	30
BAR	G3R5Y4	O08539	FP	TN	Family0066745	tr|G3R5Y4|G3R5Y4_GORGO	sp|O08539|BIN1_MOUSE	RootHOG0067765	RootHOG0067765	True	G00043	duplication	high	12	true	0.971	30
BAR	G3R5Y4	O08839	FP	TN	Family0066745	tr|G3R5Y4|G3R5Y4_GORGO	sp|O08839|BIN1_RAT	RootHOG0067765	RootHOG0067765	True	G00043	duplication	high	12	true	0.971	30
BAR	G3R5Y4	Q5ZKL7	FP	TN	Family0066745	tr|G3R5Y4|G3R5Y4_GORGO	sp|Q5ZKL7|BIN2_CHICK	RootHOG0067765	RootHOG0067765	True	G00044	duplication	high	12	true	0.989	45
BAR	G3R5Y4	Q68FR2	FP	TN	Family0066745	tr|G3R5Y4|G3R5Y4_GORGO	sp|Q68FR2|BIN2_RAT	RootHOG0067765	RootHOG0067765	True	G00044	duplication	high	12	true	0.989	45
BAR	G3R5Y4	Q9UBW5	FP	TN	Family0066745	tr|G3R5Y4|G3R5Y4_GORGO	sp|Q9UBW5|BIN2_HUMAN	RootHOG0067765	RootHOG0067765	True	G00044	duplication	high	12	true	0.989	45
BAR	G3RIZ8	H2Q5Y0	FP	TN	Family0066745	tr|G3RIZ8|G3RIZ8_GORGO	tr|H2Q5Y0|H2Q5Y0_PANTR	RootHOG0067765	RootHOG0067765	True	G00044	duplication	high	12	true	0.989	45
BAR	G3RIZ8	H2R019	FP	TN	Family0066745	tr|G3RIZ8|G3RIZ8_GORGO	tr|H2R019|H2R019_PANTR	RootHOG0067765	RootHOG0067765	True	G00043	duplication	high	12	true	0.971	30
BAR	G3RIZ8	P49418	FP	TN	Family0066745	tr|G3RIZ8|G3RIZ8_GORGO	sp|P49418|AMPH_HUMAN	RootHOG0067765	RootHOG0067765	True	G00043	duplication	high	12	true	0.971	30
BAR	G3RIZ8	Q5ZKL7	FP	TN	Family0066745	tr|G3RIZ8|G3RIZ8_GORGO	sp|Q5ZKL7|BIN2_CHICK	RootHOG0067765	RootHOG0067765	True	G00044	duplication	high	12	true	0.989	45
BAR	G3RIZ8	Q68FR2	FP	TN	Family0066745	tr|G3RIZ8|G3RIZ8_GORGO	sp|Q68FR2|BIN2_RAT	RootHOG0067765	RootHOG0067765	True	G00044	duplication	high	12	true	0.989	45
BAR	G3RIZ8	Q7TQF7	FP	TN	Family0066745	tr|G3RIZ8|G3RIZ8_GORGO	sp|Q7TQF7|AMPH_MOUSE	RootHOG0067765	RootHOG0067765	True	G00043	duplication	high	12	true	0.971	30
BAR	G3RIZ8	Q9UBW5	FP	TN	Family0066745	tr|G3RIZ8|G3RIZ8_GORGO	sp|Q9UBW5|BIN2_HUMAN	RootHOG0067765	RootHOG0067765	True	G00044	duplication	high	12	true	0.989	45
BAR	H2Q5Y0	O00499	FP	TN	Family0066745	tr|H2Q5Y0|H2Q5Y0_PANTR	sp|O00499|BIN1_HUMAN	RootHOG0067765	RootHOG0067765	True	G00044	duplication	high	12	true	0.989	45
BAR	H2Q5Y0	O08539	FP	TN	Family0066745	tr|H2Q5Y0|H2Q5Y0_PANTR	sp|O08539|BIN1_MOUSE	RootHOG0067765	RootHOG0067765	True	G00044	duplication	high	12	true	0.989	45
BAR	H2Q5Y0	O08839	FP	TN	Family0066745	tr|H2Q5Y0|H2Q5Y0_PANTR	sp|O08839|BIN1_RAT	RootHOG0067765	RootHOG0067765	True	G00044	duplication	high	12	true	0.989	45
BAR	H2Q5Y0	P49418	FP	TN	Family0066745	tr|H2Q5Y0|H2Q5Y0_PANTR	sp|P49418|AMPH_HUMAN	RootHOG0067765	RootHOG0067765	True	G00044	duplication	high	12	true	0.989	45
BAR	H2Q5Y0	Q7TQF7	FP	TN	Family0066745	tr|H2Q5Y0|H2Q5Y0_PANTR	sp|Q7TQF7|AMPH_MOUSE	RootHOG0067765	RootHOG0067765	True	G00044	duplication	high	12	true	0.989	45
BAR	H2Q5Y0	Q9UBW5	TP	FN	Family0066745	tr|H2Q5Y0|H2Q5Y0_PANTR	sp|Q9UBW5|BIN2_HUMAN	RootHOG0067765	RootHOG0067765	True	G00004	duplication	high	1	true	0.999	5
BAR	H2QIN5	P49418	FP	TN	Family0066745	tr|H2QIN5|H2QIN5_PANTR	sp|P49418|AMPH_HUMAN	RootHOG0067765	RootHOG0067765	True	G00043	duplication	high	12	true	0.971	30
BAR	H2QIN5	Q5ZKL7	FP	TN	Family0066745	tr|H2QIN5|H2QIN5_PANTR	sp|Q5ZKL7|BIN2_CHICK	RootHOG0067765	RootHOG0067765	True	G00044	duplication	high	12	true	0.989	45
BAR	H2QIN5	Q68FR2	FP	TN	Family0066745	tr|H2QIN5|H2QIN5_PANTR	sp|Q68FR2|BIN2_RAT	RootHOG0067765	RootHOG0067765	True	G00044	duplication	high	12	true	0.989	45
BAR	H2QIN5	Q7TQF7	FP	TN	Family0066745	tr|H2QIN5|H2QIN5_PANTR	sp|Q7TQF7|AMPH_MOUSE	RootHOG0067765	RootHOG0067765	True	G00043	duplication	high	12	true	0.971	30
BAR	H2QIN5	Q9UBW5	FP	TN	Family0066745	tr|H2QIN5|H2QIN5_PANTR	sp|Q9UBW5|BIN2_HUMAN	RootHOG0067765	RootHOG0067765	True	G00044	duplication	high	12	true	0.989	45
BAR	H2R019	O00499	FP	TN	Family0066745	tr|H2R019|H2R019_PANTR	sp|O00499|BIN1_HUMAN	RootHOG0067765	RootHOG0067765	True	G00043	duplication	high	12	true	0.971	30
BAR	H2R019	O08539	FP	TN	Family0066745	tr|H2R019|H2R019_PANTR	sp|O08539|BIN1_MOUSE	RootHOG0067765	RootHOG0067765	True	G00043	duplication	high	12	true	0.971	30
BAR	H2R019	O08839	FP	TN	Family0066745	tr|H2R019|H2R019_PANTR	sp|O08839|BIN1_RAT	RootHOG0067765	RootHOG0067765	True	G00043	duplication	high	12	true	0.971	30
BAR	H2R019	Q5ZKL7	FP	TN	Family0066745	tr|H2R019|H2R019_PANTR	sp|Q5ZKL7|BIN2_CHICK	RootHOG0067765	RootHOG0067765	True	G00044	duplication	high	12	true	0.989	45
BAR	H2R019	Q68FR2	FP	TN	Family0066745	tr|H2R019|H2R019_PANTR	sp|Q68FR2|BIN2_RAT	RootHOG0067765	RootHOG0067765	True	G00044	duplication	high	12	true	0.989	45
BAR	H2R019	Q9UBW5	FP	TN	Family0066745	tr|H2R019|H2R019_PANTR	sp|Q9UBW5|BIN2_HUMAN	RootHOG0067765	RootHOG0067765	True	G00044	duplication	high	12	true	0.989	45
BAR	O00499	Q5ZKL7	FP	TN	Family0066745	sp|O00499|BIN1_HUMAN	sp|Q5ZKL7|BIN2_CHICK	RootHOG0067765	RootHOG0067765	True	G00044	duplication	high	12	true	0.989	45
BAR	O00499	Q68FR2	FP	TN	Family0066745	sp|O00499|BIN1_HUMAN	sp|Q68FR2|BIN2_RAT	RootHOG0067765	RootHOG0067765	True	G00044	duplication	high	12	true	0.989	45
BAR	O00499	Q7TQF7	FP	TN	Family0066745	sp|O00499|BIN1_HUMAN	sp|Q7TQF7|AMPH_MOUSE	RootHOG0067765	RootHOG0067765	True	G00043	duplication	high	12	true	0.971	30
BAR	O08539	P49418	FP	TN	Family0066745	sp|O08539|BIN1_MOUSE	sp|P49418|AMPH_HUMAN	RootHOG0067765	RootHOG0067765	True	G00043	duplication	high	12	true	0.971	30
BAR	O08539	Q5ZKL7	FP	TN	Family0066745	sp|O08539|BIN1_MOUSE	sp|Q5ZKL7|BIN2_CHICK	RootHOG0067765	RootHOG0067765	True	G00044	duplication	high	12	true	0.989	45
BAR	O08539	Q68FR2	FP	TN	Family0066745	sp|O08539|BIN1_MOUSE	sp|Q68FR2|BIN2_RAT	RootHOG0067765	RootHOG0067765	True	G00044	duplication	high	12	true	0.989	45
BAR	O08539	Q9UBW5	FP	TN	Family0066745	sp|O08539|BIN1_MOUSE	sp|Q9UBW5|BIN2_HUMAN	RootHOG0067765	RootHOG0067765	True	G00044	duplication	high	12	true	0.989	45
BAR	O08839	P49418	FP	TN	Family0066745	sp|O08839|BIN1_RAT	sp|P49418|AMPH_HUMAN	RootHOG0067765	RootHOG0067765	True	G00043	duplication	high	12	true	0.971	30
BAR	O08839	Q5ZKL7	FP	TN	Family0066745	sp|O08839|BIN1_RAT	sp|Q5ZKL7|BIN2_CHICK	RootHOG0067765	RootHOG0067765	True	G00044	duplication	high	12	true	0.989	45
BAR	O08839	Q7TQF7	FP	TN	Family0066745	sp|O08839|BIN1_RAT	sp|Q7TQF7|AMPH_MOUSE	RootHOG0067765	RootHOG0067765	True	G00043	duplication	high	12	true	0.971	30
BAR	O08839	Q9UBW5	FP	TN	Family0066745	sp|O08839|BIN1_RAT	sp|Q9UBW5|BIN2_HUMAN	RootHOG0067765	RootHOG0067765	True	G00044	duplication	high	12	true	0.989	45
BAR	P49418	Q5ZKL7	FP	TN	Family0066745	sp|P49418|AMPH_HUMAN	sp|Q5ZKL7|BIN2_CHICK	RootHOG0067765	RootHOG0067765	True	G00044	duplication	high	12	true	0.989	45
BAR	P49418	Q68FR2	FP	TN	Family0066745	sp|P49418|AMPH_HUMAN	sp|Q68FR2|BIN2_RAT	RootHOG0067765	RootHOG0067765	True	G00044	duplication	high	12	true	0.989	45
BAR	Q5ZKL7	Q7TQF7	FP	TN	Family0066745	sp|Q5ZKL7|BIN2_CHICK	sp|Q7TQF7|AMPH_MOUSE	RootHOG0067765	RootHOG0067765	True	G00044	duplication	high	12	true	0.989	45
BAR	Q68FR2	Q7TQF7	FP	TN	Family0066745	sp|Q68FR2|BIN2_RAT	sp|Q7TQF7|AMPH_MOUSE	RootHOG0067765	RootHOG0067765	True	G00044	duplication	high	12	true	0.989	45
BAR	Q7TQF7	Q9UBW5	FP	TN	Family0066745	sp|Q7TQF7|AMPH_MOUSE	sp|Q9UBW5|BIN2_HUMAN	RootHOG0067765	RootHOG0067765	True	G00044	duplication	high	12	true	0.989	45
CASP	Q67X40	Q9CAX3	FP	TN	Family0061565	sp|Q67X40|CASP3_ORYSJ	sp|Q9CAX3|CASP2_ARATH	RootHOG0062548	RootHOG0062548	True	G00017	duplication	high	3	true		19
CASP	Q67X40	Q9FFZ7	FP	TN	Family0061565	sp|Q67X40|CASP3_ORYSJ	sp|Q9FFZ7|CASP4_ARATH	RootHOG0062548	RootHOG0062548	True	G00017	duplication	high	3	true		19
CASP	Q67X40	Q9SIH4	FP	TN	Family0061565	sp|Q67X40|CASP3_ORYSJ	sp|Q9SIH4|CASP1_ARATH	RootHOG0062548	RootHOG0062548	True	G00017	duplication	high	3	true		19
CASP	Q67X40	Q9ZQI2	FP	TN	Family0061565	sp|Q67X40|CASP3_ORYSJ	sp|Q9ZQI2|CASP3_ARATH	RootHOG0062548	RootHOG0062548	True	G00017	duplication	high	3	true		19
CASP	Q6EP58	Q9CAX3	FP	TN	Family0061565	sp|Q6EP58|CASP7_ORYSJ	sp|Q9CAX3|CASP2_ARATH	RootHOG0062548	RootHOG0062548	True	G00017	duplication	high	3	true		19
CASP	Q6EP58	Q9FFZ7	FP	TN	Family0061565	sp|Q6EP58|CASP7_ORYSJ	sp|Q9FFZ7|CASP4_ARATH	RootHOG0062548	RootHOG0062548	True	G00017	duplication	high	3	true		19
CASP	Q6EP58	Q9SIH4	FP	TN	Family0061565	sp|Q6EP58|CASP7_ORYSJ	sp|Q9SIH4|CASP1_ARATH	RootHOG0062548	RootHOG0062548	True	G00017	duplication	high	3	true		19
CASP	Q6EP58	Q9ZQI2	FP	TN	Family0061565	sp|Q6EP58|CASP7_ORYSJ	sp|Q9ZQI2|CASP3_ARATH	RootHOG0062548	RootHOG0062548	True	G00017	duplication	high	3	true		19
CASP	Q6Z1Y7	Q9LXF3	FP	TN	Family0061565	sp|Q6Z1Y7|CASP2_ORYSJ	sp|Q9LXF3|CASP5_ARATH	RootHOG0062548	RootHOG0062548	True	G00017	duplication	high	3	true		19
CASP	Q6Z1Y7	Q9XI72	FP	TN	Family0061565	sp|Q6Z1Y7|CASP2_ORYSJ	sp|Q9XI72|CSPL2_ARATH	RootHOG0062548	RootHOG0062548	True	G00017	duplication	high	3	true		19
CASP	Q6Z2U5	Q9CAX3	FP	TN	Family0061565	sp|Q6Z2U5|CASP4_ORYSJ	sp|Q9CAX3|CASP2_ARATH	RootHOG0062548	RootHOG0062548	True	G00017	duplication	high	3	true		19
CASP	Q6Z2U5	Q9FFZ7	FP	TN	Family0061565	sp|Q6Z2U5|CASP4_ORYSJ	sp|Q9FFZ7|CASP4_ARATH	RootHOG0062548	RootHOG0062548	True	G00017	duplication	high	3	true		19
CASP	Q6Z2U5	Q9SIH4	FP	TN	Family0061565	sp|Q6Z2U5|CASP4_ORYSJ	sp|Q9SIH4|CASP1_ARATH	RootHOG0062548	RootHOG0062548	True	G00017	duplication	high	3	true		19
CASP	Q6Z2U5	Q9ZQI2	FP	TN	Family0061565	sp|Q6Z2U5|CASP4_ORYSJ	sp|Q9ZQI2|CASP3_ARATH	RootHOG0062548	RootHOG0062548	True	G00017	duplication	high	3	true		19
CASP	Q7XPU9	Q9LXF3	FP	TN	Family0061565	sp|Q7XPU9|CASP1_ORYSJ	sp|Q9LXF3|CASP5_ARATH	RootHOG0062548	RootHOG0062548	True	G00017	duplication	high	3	true		19
CASP	Q7XPU9	Q9XI72	FP	TN	Family0061565	sp|Q7XPU9|CASP1_ORYSJ	sp|Q9XI72|CSPL2_ARATH	RootHOG0062548	RootHOG0062548	True	G00017	duplication	high	3	true		19
CASP	Q7XUV7	Q9CAX3	FP	TN	Family0061565	sp|Q7XUV7|CASP5_ORYSJ	sp|Q9CAX3|CASP2_ARATH	RootHOG0062548	RootHOG0062548	True	G00017	duplication	high	3	true		19
CASP	Q7XUV7	Q9FFZ7	FP	TN	Family0061565	sp|Q7XUV7|CASP5_ORYSJ	sp|Q9FFZ7|CASP4_ARATH	RootHOG0062548	RootHOG0062548	True	G00017	duplication	high	3	true		19
CASP	Q7XUV7	Q9SIH4	FP	TN	Family0061565	sp|Q7XUV7|CASP5_ORYSJ	sp|Q9SIH4|CASP1_ARATH	RootHOG0062548	RootHOG0062548	True	G00017	duplication	high	3	true		19
CASP	Q7XUV7	Q9ZQI2	FP	TN	Family0061565	sp|Q7XUV7|CASP5_ORYSJ	sp|Q9ZQI2|CASP3_ARATH	RootHOG0062548	RootHOG0062548	True	G00017	duplication	high	3	true		19
CITE	F1R408	F6VBX1	FP	TN	Family0085958	tr|F1R408|F1R408_DANRE	tr|F6VBX1|F6VBX1_MONDO	RootHOG0087666	RootHOG0087666	True	G00023	duplication	high	7	true	0.618	25
CITE	F1R408	H2LW29	FP	TN	Family0085958	tr|F1R408|F1R408_DANRE	tr|H2LW29|H2LW29_ORYLA	RootHOG0087666	RootHOG0087666	True	G00022	duplication	high	2	true	1.0	18
CITE	F1R408	H2MGS0	FP	TN	Family0085958	tr|F1R408|F1R408_DANRE	tr|H2MGS0|H2MGS0_ORYLA	RootHOG0087666	RootHOG0087666	True	G00022	duplication	high	2	true	1.0	18
CITE	F1R408	H2PYS8	FP	TN	Family0085958	tr|F1R408|F1R408_DANRE	tr|H2PYS8|H2PYS8_PANTR	RootHOG0087666	RootHOG0087666	True	G00023	duplication	high	7	true	0.618	25
CITE	F1R408	Q2HJ78	FP	TN	Family0085958	tr|F1R408|F1R408_DANRE	sp|Q2HJ78|CITE4_BOVIN	RootHOG0087666	RootHOG0087666	True	G00023	duplication	high	7	true	0.618	25
CITE	F1R408	Q96RK1	FP	TN	Family0085958	tr|F1R408|F1R408_DANRE	sp|Q96RK1|CITE4_HUMAN	RootHOG0087666	RootHOG0087666	True	G00023	duplication	high	7	true	0.618	25
CITE	F1R408	Q99MA0	FP	TN	Family0085958	tr|F1R408|F1R408_DANRE	sp|Q99MA0|CITE4_RAT	RootHOG0087666	RootHOG0087666	True	G00023	duplication	high	7	true	0.618	25
CITE	F1R408	Q9I8K7	FP	TN	Family0085958	tr|F1R408|F1R408_DANRE	sp|Q9I8K7|CITE3_CHICK	RootHOG0087666	RootHOG0087666	True	G00023	duplication	high	7	true	0.618	25
CITE	F1R408	Q9WUL8	FP	TN	Family0085958	tr|F1R408|F1R408_DANRE	sp|Q9WUL8|CITE4_MOUSE	RootHOG0087666	RootHOG0087666	True	G00023	duplication	high	7	true	0.618	25
CITE	F6VBX1	H2LW29	TP	FN	Family0085958	tr|F6VBX1|F6VBX1_MONDO	tr|H2LW29|H2LW29_ORYLA	RootHOG0087666	RootHOG0087666	True	G00023	duplication	high	7	true	0.618	25
CITE	F6VBX1	H2MGS0	TP	FN	Family0085958	tr|F6VBX1|F6VBX1_MONDO	tr|H2MGS0|H2MGS0_ORYLA	RootHOG0087666	RootHOG0087666	True	G00023	duplication	high	7	true	0.618	25
CITE	F6VBX1	J9JHR0	FP	TN	Family0085958	tr|F6VBX1|F6VBX1_MONDO	tr|J9JHR0|J9JHR0_CANLF	RootHOG0087666	RootHOG0087666	True	G00023	duplication	high	7	true	0.618	25
CITE	F6VBX1	O35740	FP	TN	Family0085958	tr|F6VBX1|F6VBX1_MONDO	sp|O35740|CITE2_MOUSE	RootHOG0087666	RootHOG0087666	True	G00023	duplication	high	7	true	0.618	25
CITE	F6VBX1	Q0VCT9	FP	TN	Family0085958	tr|F6VBX1|F6VBX1_MONDO	sp|Q0VCT9|CITE2_BOVIN	RootHOG0087666	RootHOG0087666	True	G00023	duplication	high	7	true	0.618	25
CITE	F6VBX1	Q1L8S4	TP	FN	Family0085958	tr|F6VBX1|F6VBX1_MONDO	tr|Q1L8S4|Q1L8S4_DANRE	RootHOG0087666	RootHOG0087666	True	G00023	duplication	high	7	true	0.618	25
CITE	F6VBX1	Q6NX30	FP	TN	Family0085958	tr|F6VBX1|F6VBX1_MONDO	sp|Q6NX30|CITE2_XENTR	RootHOG0087666	RootHOG0087666	True	G00023	duplication	high	7	true	0.618	25
CITE	F6VBX1	Q99967	FP	TN	Family0085958	tr|F6VBX1|F6VBX1_MONDO	sp|Q99967|CITE2_HUMAN	RootHOG0087666	RootHOG0087666	True	G00023	duplication	high	7	true	0.618	25
CITE	F6VBX1	Q99MA1	FP	TN	Family0085958	tr|F6VBX1|F6VBX1_MONDO	tr|Q99MA1|Q99MA1_RAT	RootHOG0087666	RootHOG0087666	True	G00023	duplication	high	7	true	0.618	25
CITE	F6VBX1	Q9DDW4	FP	TN	Family0085958	tr|F6VBX1|F6VBX1_MONDO	tr|Q9DDW4|Q9DDW4_CHICK	RootHOG0087666	RootHOG0087666	True	G00023	duplication	high	7	true	0.618	25
CITE	F6VSF3	H2LW29	FP	TN	Family0085958	tr|F6VSF3|F6VSF3_MONDO	tr|H2LW29|H2LW29_ORYLA	RootHOG0087666	RootHOG0087666	True	G00022	duplication	high	2	true	1.0	18
CITE	F6VSF3	H2MGS0	FP	TN	Family0085958	tr|F6VSF3|F6VSF3_MONDO	tr|H2MGS0|H2MGS0_ORYLA	RootHOG0087666	RootHOG0087666	True	G00022	duplication	high	2	true	1.0	18
CITE	F6VSF3	H2PYS8	FP	TN	Family0085958	tr|F6VSF3|F6VSF3_MONDO	tr|H2PYS8|H2PYS8_PANTR	RootHOG0087666	RootHOG0087666	True	G00023	duplication	high	7	true	0.618	25
CITE	F6VSF3	Q1L8S4	FP	TN	Family0085958	tr|F6VSF3|F6VSF3_MONDO	tr|Q1L8S4|Q1L8S4_DANRE	RootHOG0087666	RootHOG0087666	True	G00022	duplication	high	2	true	1.0	18
CITE	F6VSF3	Q2HJ78	FP	TN	Family0085958	tr|F6VSF3|F6VSF3_MONDO	sp|Q2HJ78|CITE4_BOVIN	RootHOG0087666	RootHOG0087666	True	G00023	duplication	high	7	true	0.618	25
CITE	F6VSF3	Q96RK1	FP	TN	Family0085958	tr|F6VSF3|F6VSF3_MONDO	sp|Q96RK1|CITE4_HUMAN	RootHOG0087666	RootHOG0087666	True	G00023	duplication	high	7	true	0.618	25
CITE	F6VSF3	Q99MA0	FP	TN	Family0085958	tr|F6VSF3|F6VSF3_MONDO	sp|Q99MA0|CITE4_RAT	RootHOG0087666	RootHOG0087666	True	G00023	duplication	high	7	true	0.618	25
CITE	F6VSF3	Q9I8K7	FP	TN	Family0085958	tr|F6VSF3|F6VSF3_MONDO	sp|Q9I8K7|CITE3_CHICK	RootHOG0087666	RootHOG0087666	True	G00023	duplication	high	7	true	0.618	25
CITE	F6VSF3	Q9WUL8	FP	TN	Family0085958	tr|F6VSF3|F6VSF3_MONDO	sp|Q9WUL8|CITE4_MOUSE	RootHOG0087666	RootHOG0087666	True	G00023	duplication	high	7	true	0.618	25
CITE	H2LW29	H2PYS8	TP	FN	Family0085958	tr|H2LW29|H2LW29_ORYLA	tr|H2PYS8|H2PYS8_PANTR	RootHOG0087666	RootHOG0087666	True	G00023	duplication	high	7	true	0.618	25
CITE	H2LW29	J9JHR0	FP	TN	Family0085958	tr|H2LW29|H2LW29_ORYLA	tr|J9JHR0|J9JHR0_CANLF	RootHOG0087666	RootHOG0087666	True	G00022	duplication	high	2	true	1.0	18
CITE	H2LW29	O35740	FP	TN	Family0085958	tr|H2LW29|H2LW29_ORYLA	sp|O35740|CITE2_MOUSE	RootHOG0087666	RootHOG0087666	True	G00022	duplication	high	2	true	1.0	18
CITE	H2LW29	Q0VCT9	FP	TN	Family0085958	tr|H2LW29|H2LW29_ORYLA	sp|Q0VCT9|CITE2_BOVIN	RootHOG0087666	RootHOG0087666	True	G00022	duplication	high	2	true	1.0	18
CITE	H2LW29	Q1L8S4	TP	FN	Family0085958	tr|H2LW29|H2LW29_ORYLA	tr|Q1L8S4|Q1L8S4_DANRE	RootHOG0087666	RootHOG0087666	True	G00009	duplication	high	1	true	0.975	5
CITE	H2LW29	Q2HJ78	TP	FN	Family0085958	tr|H2LW29|H2LW29_ORYLA	sp|Q2HJ78|CITE4_BOVIN	RootHOG0087666	RootHOG0087666	True	G00023	duplication	high	7	true	0.618	25
CITE	H2LW29	Q6NX30	FP	TN	Family0085958	tr|H2LW29|H2LW29_ORYLA	sp|Q6NX30|CITE2_XENTR	RootHOG0087666	RootHOG0087666	True	G00022	duplication	high	2	true	1.0	18
CITE	H2LW29	Q96RK1	TP	FN	Family0085958	tr|H2LW29|H2LW29_ORYLA	sp|Q96RK1|CITE4_HUMAN	RootHOG0087666	RootHOG0087666	True	G00023	duplication	high	7	true	0.618	25
CITE	H2LW29	Q99967	FP	TN	Family0085958	tr|H2LW29|H2LW29_ORYLA	sp|Q99967|CITE2_HUMAN	RootHOG0087666	RootHOG0087666	True	G00022	duplication	high	2	true	1.0	18
CITE	H2LW29	Q99MA0	TP	FN	Family0085958	tr|H2LW29|H2LW29_ORYLA	sp|Q99MA0|CITE4_RAT	RootHOG0087666	RootHOG0087666	True	G00023	duplication	high	7	true	0.618	25
CITE	H2LW29	Q99MA1	FP	TN	Family0085958	tr|H2LW29|H2LW29_ORYLA	tr|Q99MA1|Q99MA1_RAT	RootHOG0087666	RootHOG0087666	True	G00022	duplication	high	2	true	1.0	18
CITE	H2LW29	Q9DDW4	FP	TN	Family0085958	tr|H2LW29|H2LW29_ORYLA	tr|Q9DDW4|Q9DDW4_CHICK	RootHOG0087666	RootHOG0087666	True	G00022	duplication	high	2	true	1.0	18
CITE	H2LW29	Q9I8K7	TP	FN	Family0085958	tr|H2LW29|H2LW29_ORYLA	sp|Q9I8K7|CITE3_CHICK	RootHOG0087666	RootHOG0087666	True	G00023	duplication	high	7	true	0.618	25
CITE	H2LW29	Q9WUL8	TP	FN	Family0085958	tr|H2LW29|H2LW29_ORYLA	sp|Q9WUL8|CITE4_MOUSE	RootHOG0087666	RootHOG0087666	True	G00023	duplication	high	7	true	0.618	25
CITE	H2MGS0	H2PYS8	TP	FN	Family0085958	tr|H2MGS0|H2MGS0_ORYLA	tr|H2PYS8|H2PYS8_PANTR	RootHOG0087666	RootHOG0087666	True	G00023	duplication	high	7	true	0.618	25
CITE	H2MGS0	J9JHR0	FP	TN	Family0085958	tr|H2MGS0|H2MGS0_ORYLA	tr|J9JHR0|J9JHR0_CANLF	RootHOG0087666	RootHOG0087666	True	G00022	duplication	high	2	true	1.0	18
CITE	H2MGS0	O35740	FP	TN	Family0085958	tr|H2MGS0|H2MGS0_ORYLA	sp|O35740|CITE2_MOUSE	RootHOG0087666	RootHOG0087666	True	G00022	duplication	high	2	true	1.0	18
CITE	H2MGS0	Q0VCT9	FP	TN	Family0085958	tr|H2MGS0|H2MGS0_ORYLA	sp|Q0VCT9|CITE2_BOVIN	RootHOG0087666	RootHOG0087666	True	G00022	duplication	high	2	true	1.0	18
CITE	H2MGS0	Q1L8S4	FP	TN	Family0085958	tr|H2MGS0|H2MGS0_ORYLA	tr|Q1L8S4|Q1L8S4_DANRE	RootHOG0087666	RootHOG0087666	True	G00009	duplication	high	1	true	0.975	5
CITE	H2MGS0	Q2HJ78	TP	FN	Family0085958	tr|H2MGS0|H2MGS0_ORYLA	sp|Q2HJ78|CITE4_BOVIN	RootHOG0087666	RootHOG0087666	True	G00023	duplication	high	7	true	0.618	25
CITE	H2MGS0	Q6NX30	FP	TN	Family0085958	tr|H2MGS0|H2MGS0_ORYLA	sp|Q6NX30|CITE2_XENTR	RootHOG0087666	RootHOG0087666	True	G00022	duplication	high	2	true	1.0	18
CITE	H2MGS0	Q96RK1	TP	FN	Family0085958	tr|H2MGS0|H2MGS0_ORYLA	sp|Q96RK1|CITE4_HUMAN	RootHOG0087666	RootHOG0087666	True	G00023	duplication	high	7	true	0.618	25
CITE	H2MGS0	Q99967	FP	TN	Family0085958	tr|H2MGS0|H2MGS0_ORYLA	sp|Q99967|CITE2_HUMAN	RootHOG0087666	RootHOG0087666	True	G00022	duplication	high	2	true	1.0	18
CITE	H2MGS0	Q99MA0	TP	FN	Family0085958	tr|H2MGS0|H2MGS0_ORYLA	sp|Q99MA0|CITE4_RAT	RootHOG0087666	RootHOG0087666	True	G00023	duplication	high	7	true	0.618	25
CITE	H2MGS0	Q99MA1	FP	TN	Family0085958	tr|H2MGS0|H2MGS0_ORYLA	tr|Q99MA1|Q99MA1_RAT	RootHOG0087666	RootHOG0087666	True	G00022	duplication	high	2	true	1.0	18
CITE	H2MGS0	Q9DDW4	FP	TN	Family0085958	tr|H2MGS0|H2MGS0_ORYLA	tr|Q9DDW4|Q9DDW4_CHICK	RootHOG0087666	RootHOG0087666	True	G00022	duplication	high	2	true	1.0	18
CITE	H2MGS0	Q9I8K7	TP	FN	Family0085958	tr|H2MGS0|H2MGS0_ORYLA	sp|Q9I8K7|CITE3_CHICK	RootHOG0087666	RootHOG0087666	True	G00023	duplication	high	7	true	0.618	25
CITE	H2MGS0	Q9WUL8	TP	FN	Family0085958	tr|H2MGS0|H2MGS0_ORYLA	sp|Q9WUL8|CITE4_MOUSE	RootHOG0087666	RootHOG0087666	True	G00023	duplication	high	7	true	0.618	25
CITE	H2PYS8	J9JHR0	FP	TN	Family0085958	tr|H2PYS8|H2PYS8_PANTR	tr|J9JHR0|J9JHR0_CANLF	RootHOG0087666	RootHOG0087666	True	G00023	duplication	high	7	true	0.618	25
CITE	H2PYS8	O35740	FP	TN	Family0085958	tr|H2PYS8|H2PYS8_PANTR	sp|O35740|CITE2_MOUSE	RootHOG0087666	RootHOG0087666	True	G00023	duplication	high	7	true	0.618	25
CITE	H2PYS8	Q0VCT9	FP	TN	Family0085958	tr|H2PYS8|H2PYS8_PANTR	sp|Q0VCT9|CITE2_BOVIN	RootHOG0087666	RootHOG0087666	True	G00023	duplication	high	7	true	0.618	25
CITE	H2PYS8	Q1L8S4	TP	FN	Family0085958	tr|H2PYS8|H2PYS8_PANTR	tr|Q1L8S4|Q1L8S4_DANRE	RootHOG0087666	RootHOG0087666	True	G00023	duplication	high	7	true	0.618	25
CITE	H2PYS8	Q6NX30	FP	TN	Family0085958	tr|H2PYS8|H2PYS8_PANTR	sp|Q6NX30|CITE2_XENTR	RootHOG0087666	RootHOG0087666	True	G00023	duplication	high	7	true	0.618	25
CITE	H2PYS8	Q99967	FP	TN	Family0085958	tr|H2PYS8|H2PYS8_PANTR	sp|Q99967|CITE2_HUMAN	RootHOG0087666	RootHOG0087666	True	G00023	duplication	high	7	true	0.618	25
CITE	H2PYS8	Q99MA1	FP	TN	Family0085958	tr|H2PYS8|H2PYS8_PANTR	tr|Q99MA1|Q99MA1_RAT	RootHOG0087666	RootHOG0087666	True	G00023	duplication	high	7	true	0.618	25
CITE	H2PYS8	Q9DDW4	FP	TN	Family0085958	tr|H2PYS8|H2PYS8_PANTR	tr|Q9DDW4|Q9DDW4_CHICK	RootHOG0087666	RootHOG0087666	True	G00023	duplication	high	7	true	0.618	25
CITE	J9JHR0	Q1L8S4	FP	TN	Family0085958	tr|J9JHR0|J9JHR0_CANLF	tr|Q1L8S4|Q1L8S4_DANRE	RootHOG0087666	RootHOG0087666	True	G00022	duplication	high	2	true	1.0	18
CITE	J9JHR0	Q2HJ78	FP	TN	Family0085958	tr|J9JHR0|J9JHR0_CANLF	sp|Q2HJ78|CITE4_BOVIN	RootHOG0087666	RootHOG0087666	True	G00023	duplication	high	7	true	0.618	25
CITE	J9JHR0	Q96RK1	FP	TN	Family0085958	tr|J9JHR0|J9JHR0_CANLF	sp|Q96RK1|CITE4_HUMAN	RootHOG0087666	RootHOG0087666	True	G00023	duplication	high	7	true	0.618	25
CITE	J9JHR0	Q99MA0	FP	TN	Family0085958	tr|J9JHR0|J9JHR0_CANLF	sp|Q99MA0|CITE4_RAT	RootHOG0087666	RootHOG0087666	True	G00023	duplication	high	7	true	0.618	25
CITE	J9JHR0	Q9I8K7	FP	TN	Family0085958	tr|J9JHR0|J9JHR0_CANLF	sp|Q9I8K7|CITE3_CHICK	RootHOG0087666	RootHOG0087666	True	G00023	duplication	high	7	true	0.618	25
CITE	J9JHR0	Q9WUL8	FP	TN	Family0085958	tr|J9JHR0|J9JHR0_CANLF	sp|Q9WUL8|CITE4_MOUSE	RootHOG0087666	RootHOG0087666	True	G00023	duplication	high	7	true	0.618	25
CITE	O35740	Q1L8S4	FP	TN	Family0085958	sp|O35740|CITE2_MOUSE	tr|Q1L8S4|Q1L8S4_DANRE	RootHOG0087666	RootHOG0087666	True	G00022	duplication	high	2	true	1.0	18
CITE	O35740	Q2HJ78	FP	TN	Family0085958	sp|O35740|CITE2_MOUSE	sp|Q2HJ78|CITE4_BOVIN	RootHOG0087666	RootHOG0087666	True	G00023	duplication	high	7	true	0.618	25
CITE	O35740	Q96RK1	FP	TN	Family0085958	sp|O35740|CITE2_MOUSE	sp|Q96RK1|CITE4_HUMAN	RootHOG0087666	RootHOG0087666	True	G00023	duplication	high	7	true	0.618	25
CITE	O35740	Q99MA0	FP	TN	Family0085958	sp|O35740|CITE2_MOUSE	sp|Q99MA0|CITE4_RAT	RootHOG0087666	RootHOG0087666	True	G00023	duplication	high	7	true	0.618	25
CITE	O35740	Q9I8K7	FP	TN	Family0085958	sp|O35740|CITE2_MOUSE	sp|Q9I8K7|CITE3_CHICK	RootHOG0087666	RootHOG0087666	True	G00023	duplication	high	7	true	0.618	25
CITE	Q0VCT9	Q1L8S4	FP	TN	Family0085958	sp|Q0VCT9|CITE2_BOVIN	tr|Q1L8S4|Q1L8S4_DANRE	RootHOG0087666	RootHOG0087666	True	G00022	duplication	high	2	true	1.0	18
CITE	Q0VCT9	Q96RK1	FP	TN	Family0085958	sp|Q0VCT9|CITE2_BOVIN	sp|Q96RK1|CITE4_HUMAN	RootHOG0087666	RootHOG0087666	True	G00023	duplication	high	7	true	0.618	25
CITE	Q0VCT9	Q99MA0	FP	TN	Family0085958	sp|Q0VCT9|CITE2_BOVIN	sp|Q99MA0|CITE4_RAT	RootHOG0087666	RootHOG0087666	True	G00023	duplication	high	7	true	0.618	25
CITE	Q0VCT9	Q9I8K7	FP	TN	Family0085958	sp|Q0VCT9|CITE2_BOVIN	sp|Q9I8K7|CITE3_CHICK	RootHOG0087666	RootHOG0087666	True	G00023	duplication	high	7	true	0.618	25
CITE	Q0VCT9	Q9WUL8	FP	TN	Family0085958	sp|Q0VCT9|CITE2_BOVIN	sp|Q9WUL8|CITE4_MOUSE	RootHOG0087666	RootHOG0087666	True	G00023	duplication	high	7	true	0.618	25
CITE	Q1L8S4	Q2HJ78	TP	FN	Family0085958	tr|Q1L8S4|Q1L8S4_DANRE	sp|Q2HJ78|CITE4_BOVIN	RootHOG0087666	RootHOG0087666	True	G00023	duplication	high	7	true	0.618	25
CITE	Q1L8S4	Q6NX30	FP	TN	Family0085958	tr|Q1L8S4|Q1L8S4_DANRE	sp|Q6NX30|CITE2_XENTR	RootHOG0087666	RootHOG0087666	True	G00022	duplication	high	2	true	1.0	18
CITE	Q1L8S4	Q96RK1	TP	FN	Family0085958	tr|Q1L8S4|Q1L8S4_DANRE	sp|Q96RK1|CITE4_HUMAN	RootHOG0087666	RootHOG0087666	True	G00023	duplication	high	7	true	0.618	25
CITE	Q1L8S4	Q99967	FP	TN	Family0085958	tr|Q1L8S4|Q1L8S4_DANRE	sp|Q99967|CITE2_HUMAN	RootHOG0087666	RootHOG0087666	True	G00022	duplication	high	2	true	1.0	18
CITE	Q1L8S4	Q99MA0	TP	FN	Family0085958	tr|Q1L8S4|Q1L8S4_DANRE	sp|Q99MA0|CITE4_RAT	RootHOG0087666	RootHOG0087666	True	G00023	duplication	high	7	true	0.618	25
CITE	Q1L8S4	Q99MA1	FP	TN	Family0085958	tr|Q1L8S4|Q1L8S4_DANRE	tr|Q99MA1|Q99MA1_RAT	RootHOG0087666	RootHOG0087666	True	G00022	duplication	high	2	true	1.0	18
CITE	Q1L8S4	Q9DDW4	FP	TN	Family0085958	tr|Q1L8S4|Q1L8S4_DANRE	tr|Q9DDW4|Q9DDW4_CHICK	RootHOG0087666	RootHOG0087666	True	G00022	duplication	high	2	true	1.0	18
CITE	Q1L8S4	Q9I8K7	TP	FN	Family0085958	tr|Q1L8S4|Q1L8S4_DANRE	sp|Q9I8K7|CITE3_CHICK	RootHOG0087666	RootHOG0087666	True	G00023	duplication	high	7	true	0.618	25
CITE	Q1L8S4	Q9WUL8	TP	FN	Family0085958	tr|Q1L8S4|Q1L8S4_DANRE	sp|Q9WUL8|CITE4_MOUSE	RootHOG0087666	RootHOG0087666	True	G00023	duplication	high	7	true	0.618	25
CITE	Q2HJ78	Q6NX30	FP	TN	Family0085958	sp|Q2HJ78|CITE4_BOVIN	sp|Q6NX30|CITE2_XENTR	RootHOG0087666	RootHOG0087666	True	G00023	duplication	high	7	true	0.618	25
CITE	Q2HJ78	Q99967	FP	TN	Family0085958	sp|Q2HJ78|CITE4_BOVIN	sp|Q99967|CITE2_HUMAN	RootHOG0087666	RootHOG0087666	True	G00023	duplication	high	7	true	0.618	25
CITE	Q2HJ78	Q99MA1	FP	TN	Family0085958	sp|Q2HJ78|CITE4_BOVIN	tr|Q99MA1|Q99MA1_RAT	RootHOG0087666	RootHOG0087666	True	G00023	duplication	high	7	true	0.618	25
CITE	Q2HJ78	Q9DDW4	FP	TN	Family0085958	sp|Q2HJ78|CITE4_BOVIN	tr|Q9DDW4|Q9DDW4_CHICK	RootHOG0087666	RootHOG0087666	True	G00023	duplication	high	7	true	0.618	25
CITE	Q6NX30	Q96RK1	FP	TN	Family0085958	sp|Q6NX30|CITE2_XENTR	sp|Q96RK1|CITE4_HUMAN	RootHOG0087666	RootHOG0087666	True	G00023	duplication	high	7	true	0.618	25
CITE	Q6NX30	Q99MA0	FP	TN	Family0085958	sp|Q6NX30|CITE2_XENTR	sp|Q99MA0|CITE4_RAT	RootHOG0087666	RootHOG0087666	True	G00023	duplication	high	7	true	0.618	25
CITE	Q6NX30	Q9I8K7	FP	TN	Family0085958	sp|Q6NX30|CITE2_XENTR	sp|Q9I8K7|CITE3_CHICK	RootHOG0087666	RootHOG0087666	True	G00023	duplication	high	7	true	0.618	25
CITE	Q6NX30	Q9WUL8	FP	TN	Family0085958	sp|Q6NX30|CITE2_XENTR	sp|Q9WUL8|CITE4_MOUSE	RootHOG0087666	RootHOG0087666	True	G00023	duplication	high	7	true	0.618	25
CITE	Q96RK1	Q99MA1	FP	TN	Family0085958	sp|Q96RK1|CITE4_HUMAN	tr|Q99MA1|Q99MA1_RAT	RootHOG0087666	RootHOG0087666	True	G00023	duplication	high	7	true	0.618	25
CITE	Q96RK1	Q9DDW4	FP	TN	Family0085958	sp|Q96RK1|CITE4_HUMAN	tr|Q9DDW4|Q9DDW4_CHICK	RootHOG0087666	RootHOG0087666	True	G00023	duplication	high	7	true	0.618	25
CITE	Q99967	Q99MA0	FP	TN	Family0085958	sp|Q99967|CITE2_HUMAN	sp|Q99MA0|CITE4_RAT	RootHOG0087666	RootHOG0087666	True	G00023	duplication	high	7	true	0.618	25
CITE	Q99967	Q9I8K7	FP	TN	Family0085958	sp|Q99967|CITE2_HUMAN	sp|Q9I8K7|CITE3_CHICK	RootHOG0087666	RootHOG0087666	True	G00023	duplication	high	7	true	0.618	25
CITE	Q99967	Q9WUL8	FP	TN	Family0085958	sp|Q99967|CITE2_HUMAN	sp|Q9WUL8|CITE4_MOUSE	RootHOG0087666	RootHOG0087666	True	G00023	duplication	high	7	true	0.618	25
CITE	Q99MA0	Q9DDW4	FP	TN	Family0085958	sp|Q99MA0|CITE4_RAT	tr|Q9DDW4|Q9DDW4_CHICK	RootHOG0087666	RootHOG0087666	True	G00023	duplication	high	7	true	0.618	25
CITE	Q99MA1	Q9I8K7	FP	TN	Family0085958	tr|Q99MA1|Q99MA1_RAT	sp|Q9I8K7|CITE3_CHICK	RootHOG0087666	RootHOG0087666	True	G00023	duplication	high	7	true	0.618	25
CITE	Q99MA1	Q9WUL8	FP	TN	Family0085958	tr|Q99MA1|Q99MA1_RAT	sp|Q9WUL8|CITE4_MOUSE	RootHOG0087666	RootHOG0087666	True	G00023	duplication	high	7	true	0.618	25
CITE	Q9DDW4	Q9WUL8	FP	TN	Family0085958	tr|Q9DDW4|Q9DDW4_CHICK	sp|Q9WUL8|CITE4_MOUSE	RootHOG0087666	RootHOG0087666	True	G00023	duplication	high	7	true	0.618	25
Clusterin	A5PMY8	F1MWI1	FP	TN	Family0093302	tr|A5PMY8|A5PMY8_DANRE	tr|F1MWI1|F1MWI1_BOVIN	RootHOG0095335	RootHOG0095335	True	G00026	duplication	high	11	true		28
Clusterin	A5PMY8	F6UX07	FP	TN	Family0093302	tr|A5PMY8|A5PMY8_DANRE	tr|F6UX07|F6UX07_MONDO	RootHOG0095335	RootHOG0095335	True	G00026	duplication	high	11	true		28
Clusterin	A5PMY8	G3RL83	FP	TN	Family0093302	tr|A5PMY8|A5PMY8_DANRE	tr|G3RL83|G3RL83_GORGO	RootHOG0095335	RootHOG0095335	True	G00026	duplication	high	11	true		28
Clusterin	A5PMY8	H2MTZ0	FP	TN	Family0093302	tr|A5PMY8|A5PMY8_DANRE	tr|H2MTZ0|H2MTZ0_ORYLA	RootHOG0095335	RootHOG0095335	True	G00026	duplication	high	11	true		28
Clusterin	A5PMY8	P05371	FP	TN	Family0093302	tr|A5PMY8|A5PMY8_DANRE	sp|P05371|CLUS_RAT	RootHOG0095335	RootHOG0095335	True	G00026	duplication	high	11	true		28
Clusterin	A5PMY8	P10909	FP	TN	Family0093302	tr|A5PMY8|A5PMY8_DANRE	sp|P10909|CLUS_HUMAN	RootHOG0095335	RootHOG0095335	True	G00026	duplication	high	11	true		28
Clusterin	A5PMY8	P17697	FP	TN	Family0093302	tr|A5PMY8|A5PMY8_DANRE	sp|P17697|CLUS_BOVIN	RootHOG0095335	RootHOG0095335	True	G00026	duplication	high	11	true		28
Clusterin	A5PMY8	Q06890	FP	TN	Family0093302	tr|A5PMY8|A5PMY8_DANRE	sp|Q06890|CLUS_MOUSE	RootHOG0095335	RootHOG0095335	True	G00026	duplication	high	11	true		28
Clusterin	F1MWI1	F1N8T1	FP	TN	Family0093302	tr|F1MWI1|F1MWI1_BOVIN	tr|F1N8T1|F1N8T1_CHICK	RootHOG0095335	RootHOG0095335	True	G00026	duplication	high	11	true		28
Clusterin	F1MWI1	F7G367	FP	TN	Family0093302	tr|F1MWI1|F1MWI1_BOVIN	tr|F7G367|F7G367_MONDO	RootHOG0095335	RootHOG0095335	True	G00026	duplication	high	11	true		28
Clusterin	F1MWI1	Q15846	FP	TN	Family0093302	tr|F1MWI1|F1MWI1_BOVIN	sp|Q15846|CLUL1_HUMAN	RootHOG0095335	RootHOG0095335	True	G00026	duplication	high	11	true		28
Clusterin	F1MWI1	Q3ZRW6	FP	TN	Family0093302	tr|F1MWI1|F1MWI1_BOVIN	sp|Q3ZRW6|CLUL1_MOUSE	RootHOG0095335	RootHOG0095335	True	G00026	duplication	high	11	true		28
Clusterin	F1MWI1	Q3ZRW7	FP	TN	Family0093302	tr|F1MWI1|F1MWI1_BOVIN	sp|Q3ZRW7|CLUL1_RAT	RootHOG0095335	RootHOG0095335	True	G00026	duplication	high	11	true		28
Clusterin	F1MWI1	Q95KN1	FP	TN	Family0093302	tr|F1MWI1|F1MWI1_BOVIN	sp|Q95KN1|CLUL1_CANLF	RootHOG0095335	RootHOG0095335	True	G00026	duplication	high	11	true		28
Clusterin	F1N8T1	F6UX07	FP	TN	Family0093302	tr|F1N8T1|F1N8T1_CHICK	tr|F6UX07|F6UX07_MONDO	RootHOG0095335	RootHOG0095335	True	G00026	duplication	high	11	true		28
Clusterin	F1N8T1	G3RL83	FP	TN	Family0093302	tr|F1N8T1|F1N8T1_CHICK	tr|G3RL83|G3RL83_GORGO	RootHOG0095335	RootHOG0095335	True	G00026	duplication	high	11	true		28
Clusterin	F1N8T1	H2MTZ0	FP	TN	Family0093302	tr|F1N8T1|F1N8T1_CHICK	tr|H2MTZ0|H2MTZ0_ORYLA	RootHOG0095335	RootHOG0095335	True	G00026	duplication	high	11	true		28
Clusterin	F1N8T1	P05371	FP	TN	Family0093302	tr|F1N8T1|F1N8T1_CHICK	sp|P05371|CLUS_RAT	RootHOG0095335	RootHOG0095335	True	G00026	duplication	high	11	true		28
Clusterin	F1N8T1	P10909	FP	TN	Family0093302	tr|F1N8T1|F1N8T1_CHICK	sp|P10909|CLUS_HUMAN	RootHOG0095335	RootHOG0095335	True	G00026	duplication	high	11	true		28
Clusterin	F1N8T1	P17697	FP	TN	Family0093302	tr|F1N8T1|F1N8T1_CHICK	sp|P17697|CLUS_BOVIN	RootHOG0095335	RootHOG0095335	True	G00026	duplication	high	11	true		28
Clusterin	F1N8T1	Q06890	FP	TN	Family0093302	tr|F1N8T1|F1N8T1_CHICK	sp|Q06890|CLUS_MOUSE	RootHOG0095335	RootHOG0095335	True	G00026	duplication	high	11	true		28
Clusterin	F1N8T1	Q5SPR2	FP	TN	Family0093302	tr|F1N8T1|F1N8T1_CHICK	tr|Q5SPR2|Q5SPR2_DANRE	RootHOG0095335	RootHOG0095335	True	G00026	duplication	high	11	true		28
Clusterin	F6UX07	Q15846	FP	TN	Family0093302	tr|F6UX07|F6UX07_MONDO	sp|Q15846|CLUL1_HUMAN	RootHOG0095335	RootHOG0095335	True	G00026	duplication	high	11	true		28
Clusterin	F6UX07	Q3ZRW6	FP	TN	Family0093302	tr|F6UX07|F6UX07_MONDO	sp|Q3ZRW6|CLUL1_MOUSE	RootHOG0095335	RootHOG0095335	True	G00026	duplication	high	11	true		28
Clusterin	F6UX07	Q3ZRW7	FP	TN	Family0093302	tr|F6UX07|F6UX07_MONDO	sp|Q3ZRW7|CLUL1_RAT	RootHOG0095335	RootHOG0095335	True	G00026	duplication	high	11	true		28
Clusterin	F6UX07	Q3ZRW9	FP	TN	Family0093302	tr|F6UX07|F6UX07_MONDO	sp|Q3ZRW9|CLUL1_BOVIN	RootHOG0095335	RootHOG0095335	True	G00026	duplication	high	11	true		28
Clusterin	F6UX07	Q95KN1	FP	TN	Family0093302	tr|F6UX07|F6UX07_MONDO	sp|Q95KN1|CLUL1_CANLF	RootHOG0095335	RootHOG0095335	True	G00026	duplication	high	11	true		28
Clusterin	F7G367	G3RL83	FP	TN	Family0093302	tr|F7G367|F7G367_MONDO	tr|G3RL83|G3RL83_GORGO	RootHOG0095335	RootHOG0095335	True	G00026	duplication	high	11	true		28
Clusterin	F7G367	H2MTZ0	FP	TN	Family0093302	tr|F7G367|F7G367_MONDO	tr|H2MTZ0|H2MTZ0_ORYLA	RootHOG0095335	RootHOG0095335	True	G00026	duplication	high	11	true		28
Clusterin	F7G367	P05371	FP	TN	Family0093302	tr|F7G367|F7G367_MONDO	sp|P05371|CLUS_RAT	RootHOG0095335	RootHOG0095335	True	G00026	duplication	high	11	true		28
Clusterin	F7G367	P10909	FP	TN	Family0093302	tr|F7G367|F7G367_MONDO	sp|P10909|CLUS_HUMAN	RootHOG0095335	RootHOG0095335	True	G00026	duplication	high	11	true		28
Clusterin	F7G367	P17697	FP	TN	Family0093302	tr|F7G367|F7G367_MONDO	sp|P17697|CLUS_BOVIN	RootHOG0095335	RootHOG0095335	True	G00026	duplication	high	11	true		28
Clusterin	F7G367	Q06890	FP	TN	Family0093302	tr|F7G367|F7G367_MONDO	sp|Q06890|CLUS_MOUSE	RootHOG0095335	RootHOG0095335	True	G00026	duplication	high	11	true		28
Clusterin	F7G367	Q5SPR2	FP	TN	Family0093302	tr|F7G367|F7G367_MONDO	tr|Q5SPR2|Q5SPR2_DANRE	RootHOG0095335	RootHOG0095335	True	G00026	duplication	high	11	true		28
Clusterin	G3RL83	Q15846	FP	TN	Family0093302	tr|G3RL83|G3RL83_GORGO	sp|Q15846|CLUL1_HUMAN	RootHOG0095335	RootHOG0095335	True	G00026	duplication	high	11	true		28
Clusterin	G3RL83	Q3ZRW6	FP	TN	Family0093302	tr|G3RL83|G3RL83_GORGO	sp|Q3ZRW6|CLUL1_MOUSE	RootHOG0095335	RootHOG0095335	True	G00026	duplication	high	11	true		28
Clusterin	G3RL83	Q3ZRW7	FP	TN	Family0093302	tr|G3RL83|G3RL83_GORGO	sp|Q3ZRW7|CLUL1_RAT	RootHOG0095335	RootHOG0095335	True	G00026	duplication	high	11	true		28
Clusterin	G3RL83	Q3ZRW9	FP	TN	Family0093302	tr|G3RL83|G3RL83_GORGO	sp|Q3ZRW9|CLUL1_BOVIN	RootHOG0095335	RootHOG0095335	True	G00026	duplication	high	11	true		28
Clusterin	G3RL83	Q95KN1	FP	TN	Family0093302	tr|G3RL83|G3RL83_GORGO	sp|Q95KN1|CLUL1_CANLF	RootHOG0095335	RootHOG0095335	True	G00026	duplication	high	11	true		28
Clusterin	H2MTZ0	Q15846	FP	TN	Family0093302	tr|H2MTZ0|H2MTZ0_ORYLA	sp|Q15846|CLUL1_HUMAN	RootHOG0095335	RootHOG0095335	True	G00026	duplication	high	11	true		28
Clusterin	H2MTZ0	Q3ZRW6	FP	TN	Family0093302	tr|H2MTZ0|H2MTZ0_ORYLA	sp|Q3ZRW6|CLUL1_MOUSE	RootHOG0095335	RootHOG0095335	True	G00026	duplication	high	11	true		28
Clusterin	H2MTZ0	Q3ZRW7	FP	TN	Family0093302	tr|H2MTZ0|H2MTZ0_ORYLA	sp|Q3ZRW7|CLUL1_RAT	RootHOG0095335	RootHOG0095335	True	G00026	duplication	high	11	true		28
Clusterin	H2MTZ0	Q3ZRW9	FP	TN	Family0093302	tr|H2MTZ0|H2MTZ0_ORYLA	sp|Q3ZRW9|CLUL1_BOVIN	RootHOG0095335	RootHOG0095335	True	G00026	duplication	high	11	true		28
Clusterin	H2MTZ0	Q95KN1	FP	TN	Family0093302	tr|H2MTZ0|H2MTZ0_ORYLA	sp|Q95KN1|CLUL1_CANLF	RootHOG0095335	RootHOG0095335	True	G00026	duplication	high	11	true		28
Clusterin	P05371	Q15846	FP	TN	Family0093302	sp|P05371|CLUS_RAT	sp|Q15846|CLUL1_HUMAN	RootHOG0095335	RootHOG0095335	True	G00026	duplication	high	11	true		28
Clusterin	P05371	Q3ZRW6	FP	TN	Family0093302	sp|P05371|CLUS_RAT	sp|Q3ZRW6|CLUL1_MOUSE	RootHOG0095335	RootHOG0095335	True	G00026	duplication	high	11	true		28
Clusterin	P05371	Q3ZRW9	FP	TN	Family0093302	sp|P05371|CLUS_RAT	sp|Q3ZRW9|CLUL1_BOVIN	RootHOG0095335	RootHOG0095335	True	G00026	duplication	high	11	true		28
Clusterin	P05371	Q95KN1	FP	TN	Family0093302	sp|P05371|CLUS_RAT	sp|Q95KN1|CLUL1_CANLF	RootHOG0095335	RootHOG0095335	True	G00026	duplication	high	11	true		28
Clusterin	P10909	Q3ZRW6	FP	TN	Family0093302	sp|P10909|CLUS_HUMAN	sp|Q3ZRW6|CLUL1_MOUSE	RootHOG0095335	RootHOG0095335	True	G00026	duplication	high	11	true		28
Clusterin	P10909	Q3ZRW7	FP	TN	Family0093302	sp|P10909|CLUS_HUMAN	sp|Q3ZRW7|CLUL1_RAT	RootHOG0095335	RootHOG0095335	True	G00026	duplication	high	11	true		28
Clusterin	P10909	Q3ZRW9	FP	TN	Family0093302	sp|P10909|CLUS_HUMAN	sp|Q3ZRW9|CLUL1_BOVIN	RootHOG0095335	RootHOG0095335	True	G00026	duplication	high	11	true		28
Clusterin	P10909	Q95KN1	FP	TN	Family0093302	sp|P10909|CLUS_HUMAN	sp|Q95KN1|CLUL1_CANLF	RootHOG0095335	RootHOG0095335	True	G00026	duplication	high	11	true		28
Clusterin	P17697	Q15846	FP	TN	Family0093302	sp|P17697|CLUS_BOVIN	sp|Q15846|CLUL1_HUMAN	RootHOG0095335	RootHOG0095335	True	G00026	duplication	high	11	true		28
Clusterin	P17697	Q3ZRW6	FP	TN	Family0093302	sp|P17697|CLUS_BOVIN	sp|Q3ZRW6|CLUL1_MOUSE	RootHOG0095335	RootHOG0095335	True	G00026	duplication	high	11	true		28
Clusterin	P17697	Q3ZRW7	FP	TN	Family0093302	sp|P17697|CLUS_BOVIN	sp|Q3ZRW7|CLUL1_RAT	RootHOG0095335	RootHOG0095335	True	G00026	duplication	high	11	true		28
Clusterin	P17697	Q95KN1	FP	TN	Family0093302	sp|P17697|CLUS_BOVIN	sp|Q95KN1|CLUL1_CANLF	RootHOG0095335	RootHOG0095335	True	G00026	duplication	high	11	true		28
Clusterin	Q06890	Q15846	FP	TN	Family0093302	sp|Q06890|CLUS_MOUSE	sp|Q15846|CLUL1_HUMAN	RootHOG0095335	RootHOG0095335	True	G00026	duplication	high	11	true		28
Clusterin	Q06890	Q3ZRW7	FP	TN	Family0093302	sp|Q06890|CLUS_MOUSE	sp|Q3ZRW7|CLUL1_RAT	RootHOG0095335	RootHOG0095335	True	G00026	duplication	high	11	true		28
Clusterin	Q06890	Q3ZRW9	FP	TN	Family0093302	sp|Q06890|CLUS_MOUSE	sp|Q3ZRW9|CLUL1_BOVIN	RootHOG0095335	RootHOG0095335	True	G00026	duplication	high	11	true		28
Clusterin	Q06890	Q95KN1	FP	TN	Family0093302	sp|Q06890|CLUS_MOUSE	sp|Q95KN1|CLUL1_CANLF	RootHOG0095335	RootHOG0095335	True	G00026	duplication	high	11	true		28
Clusterin	Q15846	Q5SPR2	FP	TN	Family0093302	sp|Q15846|CLUL1_HUMAN	tr|Q5SPR2|Q5SPR2_DANRE	RootHOG0095335	RootHOG0095335	True	G00026	duplication	high	11	true		28
Clusterin	Q3ZRW6	Q5SPR2	FP	TN	Family0093302	sp|Q3ZRW6|CLUL1_MOUSE	tr|Q5SPR2|Q5SPR2_DANRE	RootHOG0095335	RootHOG0095335	True	G00026	duplication	high	11	true		28
Clusterin	Q3ZRW7	Q5SPR2	FP	TN	Family0093302	sp|Q3ZRW7|CLUL1_RAT	tr|Q5SPR2|Q5SPR2_DANRE	RootHOG0095335	RootHOG0095335	True	G00026	duplication	high	11	true		28
Clusterin	Q3ZRW9	Q5SPR2	FP	TN	Family0093302	sp|Q3ZRW9|CLUL1_BOVIN	tr|Q5SPR2|Q5SPR2_DANRE	RootHOG0095335	RootHOG0095335	True	G00026	duplication	high	11	true		28
Clusterin	Q5SPR2	Q95KN1	FP	TN	Family0093302	tr|Q5SPR2|Q5SPR2_DANRE	sp|Q95KN1|CLUL1_CANLF	RootHOG0095335	RootHOG0095335	True	G00026	duplication	high	11	true		28
GH14	O23553	Q10RZ1	FP	TN	Family0083694	sp|O23553|BAM3_ARATH	sp|Q10RZ1|BAMY2_ORYSJ	RootHOG0085258	RootHOG0085258	True	G00015	duplication	high	3	true	0.536	15
GH14	O23553	Q5NB81	FP	TN	Family0083694	sp|O23553|BAM3_ARATH	tr|Q5NB81|Q5NB81_ORYSJ	RootHOG0085258	RootHOG0085258	True	G00006	duplication	medium	1	true	0.62	6
GH14	O23553	Q9AV88	FP	TN	Family0083694	sp|O23553|BAM3_ARATH	sp|Q9AV88|BAMY1_ORYSJ	RootHOG0085258	RootHOG0085258	True	G00015	duplication	high	3	true	0.536	15
GH14	O65258	Q10RZ1	FP	TN	Family0083694	sp|O65258|BAM2_ARATH	sp|Q10RZ1|BAMY2_ORYSJ	RootHOG0085258	RootHOG0085258	True	G00016	duplication	high	2	true	0.99	18
GH14	O65258	Q5NB81	FP	TN	Family0083694	sp|O65258|BAM2_ARATH	tr|Q5NB81|Q5NB81_ORYSJ	RootHOG0085258	RootHOG0085258	True	G00016	duplication	high	2	true	0.99	18
GH14	O65258	Q9AV88	FP	TN	Family0083694	sp|O65258|BAM2_ARATH	sp|Q9AV88|BAMY1_ORYSJ	RootHOG0085258	RootHOG0085258	True	G00016	duplication	high	2	true	0.99	18
GH14	O80831	Q652P5	TP	FN	Family0090752	sp|O80831|BAM7_ARATH	tr|Q652P5|Q652P5_ORYSJ	RootHOG0092660	RootHOG0092660	True	G00004	duplication	medium	1	true	0.884	4
GH14	Q10RZ1	Q9FM68	FP	TN	Family0083694	sp|Q10RZ1|BAMY2_ORYSJ	sp|Q9FM68|BAM4_ARATH	RootHOG0085258	RootHOG0085258	True	G00016	duplication	high	2	true	0.99	18
GH14	Q5NB81	Q9FM68	FP	TN	Family0083694	tr|Q5NB81|Q5NB81_ORYSJ	sp|Q9FM68|BAM4_ARATH	RootHOG0085258	RootHOG0085258	True	G00016	duplication	high	2	true	0.99	18
GH14	Q5NB81	Q9LIR6	FP	TN	Family0083694	tr|Q5NB81|Q5NB81_ORYSJ	sp|Q9LIR6|BAM1_ARATH	RootHOG0085258	RootHOG0085258	True	G00015	duplication	high	3	true	0.536	15
GH14	Q652P5	Q8L762	FP	TN	Family0090752	tr|Q652P5|Q652P5_ORYSJ	sp|Q8L762|BAM6_ARATH	RootHOG0092660	RootHOG0092660	True	G00005	duplication	high	3	true	1.0	7
GH14	Q9AV88	Q9FM68	FP	TN	Family0083694	sp|Q9AV88|BAMY1_ORYSJ	sp|Q9FM68|BAM4_ARATH	RootHOG0085258	RootHOG0085258	True	G00016	duplication	high	2	true	0.99	18
HOX	A0A6I8Q068	E1BQM6	FP	TN	Family0061221	tr|A0A6I8Q068|A0A6I8Q068_XENTR	tr|E1BQM6|E1BQM6_CHICK	RootHOG0062182	RootHOG0062182	True	G00047	duplication	high	13	true	0.916	51
HOX	A0A6I8Q068	P17482	FP	TN	Family0061221	tr|A0A6I8Q068|A0A6I8Q068_XENTR	sp|P17482|HXB9_HUMAN	RootHOG0062182	RootHOG0062182	True	G00047	duplication	high	13	true	0.916	51
HOX	A0A6I8Q068	P28356	FP	TN	Family0061221	tr|A0A6I8Q068|A0A6I8Q068_XENTR	sp|P28356|HXD9_HUMAN	RootHOG0062182	RootHOG0062182	True	G00031	duplication	high	10	true	0.995	23
HOX	A0A6I8Q068	P31269	FP	TN	Family0061221	tr|A0A6I8Q068|A0A6I8Q068_XENTR	sp|P31269|HXA9_HUMAN	RootHOG0062182	RootHOG0062182	True	G00046	duplication	high	11	true	0.947	38
HOX	A0A6I8Q068	Q98924	FP	TN	Family0061221	tr|A0A6I8Q068|A0A6I8Q068_XENTR	sp|Q98924|HXA9_CHICK	RootHOG0062182	RootHOG0062182	True	G00046	duplication	high	11	true	0.947	38
HOX	A0A6I8Q068	Q9PWL6	FP	TN	Family0061221	tr|A0A6I8Q068|A0A6I8Q068_XENTR	sp|Q9PWL6|HXA9A_DANRE	RootHOG0062182	RootHOG0062182	True	G00046	duplication	high	11	true	0.947	38
HOX	A0A6I8Q068	Q9PWM2	FP	TN	Family0061221	tr|A0A6I8Q068|A0A6I8Q068_XENTR	sp|Q9PWM2|HXB9A_DANRE	RootHOG0062182	RootHOG0062182	True	G00047	duplication	high	13	true	0.916	51
HOX	A0A6I8Q068	Q9PWM6	FP	TN	Family0061221	tr|A0A6I8Q068|A0A6I8Q068_XENTR	sp|Q9PWM6|HXD9A_DANRE	RootHOG0062182	RootHOG0062182	True	G00031	duplication	high	10	true	0.995	23
HOX	A0A6I8Q068	Q9YGT5	FP	TN	Family0061221	tr|A0A6I8Q068|A0A6I8Q068_XENTR	sp|Q9YGT5|HXA9B_DANRE	RootHOG0062182	RootHOG0062182	True	G00046	duplication	high	11	true	0.947	38
HOX	A2BE68	P24343	FP	TN	Family0096552	tr|A2BE68|A2BE68_DANRE	sp|P24343|HXD12_CHICK	RootHOG0098704	RootHOG0098704	True	G00022	duplication	high	10	true		24
HOX	A2BE68	P35452	FP	TN	Family0096552	tr|A2BE68|A2BE68_DANRE	sp|P35452|HXD12_HUMAN	RootHOG0098704	RootHOG0098704	True	G00022	duplication	high	10	true		24
HOX	E1BQM6	F7D5I9	FP	TN	Family0061221	tr|E1BQM6|E1BQM6_CHICK	tr|F7D5I9|F7D5I9_XENTR	RootHOG0062182	RootHOG0062182	True	G00047	duplication	high	13	true	0.916	51
HOX	E1BQM6	P28356	FP	TN	Family0061221	tr|E1BQM6|E1BQM6_CHICK	sp|P28356|HXD9_HUMAN	RootHOG0062182	RootHOG0062182	True	G00047	duplication	high	13	true	0.916	51
HOX	E1BQM6	P31269	FP	TN	Family0061221	tr|E1BQM6|E1BQM6_CHICK	sp|P31269|HXA9_HUMAN	RootHOG0062182	RootHOG0062182	True	G00047	duplication	high	13	true	0.916	51
HOX	E1BQM6	P31274	FP	TN	Family0061221	tr|E1BQM6|E1BQM6_CHICK	sp|P31274|HXC9_HUMAN	RootHOG0062182	RootHOG0062182	True	G00047	duplication	high	13	true	0.916	51
HOX	E1BQM6	Q9PWL6	FP	TN	Family0061221	tr|E1BQM6|E1BQM6_CHICK	sp|Q9PWL6|HXA9A_DANRE	RootHOG0062182	RootHOG0062182	True	G00047	duplication	high	13	true	0.916	51
HOX	E1BQM6	Q9PWM6	FP	TN	Family0061221	tr|E1BQM6|E1BQM6_CHICK	sp|Q9PWM6|HXD9A_DANRE	RootHOG0062182	RootHOG0062182	True	G00047	duplication	high	13	true	0.916	51
HOX	E1BQM6	Q9YGT5	FP	TN	Family0061221	tr|E1BQM6|E1BQM6_CHICK	sp|Q9YGT5|HXA9B_DANRE	RootHOG0062182	RootHOG0062182	True	G00047	duplication	high	13	true	0.916	51
HOX	E1BRT6	F7BEF0	FP	TN	Family0029528	tr|E1BRT6|E1BRT6_CHICK	tr|F7BEF0|F7BEF0_XENTR	RootHOG0029868	RootHOG0029868	True	G00037	duplication	high	12	true	0.32	39
HOX	E1BRT6	P31260	FP	TN	Family0029528	tr|E1BRT6|E1BRT6_CHICK	sp|P31260|HXA10_HUMAN	RootHOG0029868	RootHOG0029868	True	G00036	duplication	high	10	true	1.0	27
HOX	E1BRT6	Q8AWY2	FP	TN	Family0029528	tr|E1BRT6|E1BRT6_CHICK	sp|Q8AWY2|HXAAB_DANRE	RootHOG0029868	RootHOG0029868	True	G00036	duplication	high	10	true	1.0	27
HOX	E1BRT6	Q9NYD6	FP	TN	Family0029528	tr|E1BRT6|E1BRT6_CHICK	sp|Q9NYD6|HXC10_HUMAN	RootHOG0029868	RootHOG0029868	True	G00037	duplication	high	12	true	0.32	39
HOX	F6PXE7	P31260	FP	TN	Family0029528	tr|F6PXE7|F6PXE7_XENTR	sp|P31260|HXA10_HUMAN	RootHOG0029868	RootHOG0029868	True	G00036	duplication	high	10	true	1.0	27
HOX	F6PXE7	Q8AWY2	FP	TN	Family0029528	tr|F6PXE7|F6PXE7_XENTR	sp|Q8AWY2|HXAAB_DANRE	RootHOG0029868	RootHOG0029868	True	G00036	duplication	high	10	true	1.0	27
HOX	F6PXE7	Q9NYD6	FP	TN	Family0029528	tr|F6PXE7|F6PXE7_XENTR	sp|Q9NYD6|HXC10_HUMAN	RootHOG0029868	RootHOG0029868	True	G00037	duplication	high	12	true	0.32	39
HOX	F6PXR2	P31271	FP	TN	Family0096640	tr|F6PXR2|F6PXR2_XENTR	sp|P31271|HXA13_HUMAN	RootHOG0098792	RootHOG0098792	True	G00047	duplication	high	10	true	0.682	50
HOX	F6PXR2	P31276	FP	TN	Family0096640	tr|F6PXR2|F6PXR2_XENTR	sp|P31276|HXC13_HUMAN	RootHOG0098792	RootHOG0098792	True	G00047	duplication	high	10	true	0.682	50
HOX	F6PXR2	P79724	FP	TN	Family0096640	tr|F6PXR2|F6PXR2_XENTR	sp|P79724|HXADB_DANRE	RootHOG0098792	RootHOG0098792	True	G00047	duplication	high	10	true	0.682	50
HOX	F6PXR2	Q1ECY2	FP	TN	Family0096640	tr|F6PXR2|F6PXR2_XENTR	sp|Q1ECY2|HXBDA_DANRE	RootHOG0098792	RootHOG0098792	True	G00047	duplication	high	10	true	0.682	50
HOX	F6PXR2	Q6JIY4	FP	TN	Family0096640	tr|F6PXR2|F6PXR2_XENTR	sp|Q6JIY4|HXCDB_DANRE	RootHOG0098792	RootHOG0098792	True	G00047	duplication	high	10	true	0.682	50
HOX	F6PXR2	Q6JIY5	FP	TN	Family0096640	tr|F6PXR2|F6PXR2_XENTR	sp|Q6JIY5|HXCDA_DANRE	RootHOG0098792	RootHOG0098792	True	G00047	duplication	high	10	true	0.682	50
HOX	F6PXR2	Q6W990	FP	TN	Family0096640	tr|F6PXR2|F6PXR2_XENTR	sp|Q6W990|HXADA_DANRE	RootHOG0098792	RootHOG0098792	True	G00047	duplication	high	10	true	0.682	50
HOX	F6PXR2	Q90X25	FP	TN	Family0096640	tr|F6PXR2|F6PXR2_XENTR	sp|Q90X25|HXA13_CHICK	RootHOG0098792	RootHOG0098792	True	G00047	duplication	high	10	true	0.682	50
HOX	F6PXR2	Q92826	FP	TN	Family0096640	tr|F6PXR2|F6PXR2_XENTR	sp|Q92826|HXB13_HUMAN	RootHOG0098792	RootHOG0098792	True	G00047	duplication	high	10	true	0.682	50
HOX	F7BEF0	P28358	FP	TN	Family0029528	tr|F7BEF0|F7BEF0_XENTR	sp|P28358|HXD10_HUMAN	RootHOG0029868	RootHOG0029868	True	G00037	duplication	high	12	true	0.32	39
HOX	F7BEF0	P31260	FP	TN	Family0029528	tr|F7BEF0|F7BEF0_XENTR	sp|P31260|HXA10_HUMAN	RootHOG0029868	RootHOG0029868	True	G00037	duplication	high	12	true	0.32	39
HOX	F7BEF0	Q8AWY2	FP	TN	Family0029528	tr|F7BEF0|F7BEF0_XENTR	sp|Q8AWY2|HXAAB_DANRE	RootHOG0029868	RootHOG0029868	True	G00037	duplication	high	12	true	0.32	39
HOX	F7BEF0	Q90469	FP	TN	Family0029528	tr|F7BEF0|F7BEF0_XENTR	sp|Q90469|HXDAA_DANRE	RootHOG0029868	RootHOG0029868	True	G00037	duplication	high	12	true	0.32	39
HOX	F7BEI0	P24343	FP	TN	Family0096552	tr|F7BEI0|F7BEI0_XENTR	sp|P24343|HXD12_CHICK	RootHOG0098704	RootHOG0098704	True	G00022	duplication	high	10	true		24
HOX	F7BEI0	P35452	FP	TN	Family0096552	tr|F7BEI0|F7BEI0_XENTR	sp|P35452|HXD12_HUMAN	RootHOG0098704	RootHOG0098704	True	G00022	duplication	high	10	true		24
HOX	F7BEI0	Q90471	FP	TN	Family0096552	tr|F7BEI0|F7BEI0_XENTR	sp|Q90471|HXDCA_DANRE	RootHOG0098704	RootHOG0098704	True	G00022	duplication	high	10	true		24
HOX	F7D5A4	O43248	FP	TN	Family0086773	tr|F7D5A4|F7D5A4_XENTR	sp|O43248|HXC11_HUMAN	RootHOG0088527	RootHOG0088527	True	G00038	duplication	high	13	true		40
HOX	F7D5A4	P24342	FP	TN	Family0086773	tr|F7D5A4|F7D5A4_XENTR	sp|P24342|HXD11_CHICK	RootHOG0088527	RootHOG0088527	True	G00038	duplication	high	13	true		40
HOX	F7D5A4	P31277	FP	TN	Family0086773	tr|F7D5A4|F7D5A4_XENTR	sp|P31277|HXD11_HUMAN	RootHOG0088527	RootHOG0088527	True	G00038	duplication	high	13	true		40
HOX	F7D5A4	Q58EL0	FP	TN	Family0086773	tr|F7D5A4|F7D5A4_XENTR	sp|Q58EL0|HXCBA_DANRE	RootHOG0088527	RootHOG0088527	True	G00038	duplication	high	13	true		40
HOX	F7D5A4	Q90470	FP	TN	Family0086773	tr|F7D5A4|F7D5A4_XENTR	sp|Q90470|HXDBA_DANRE	RootHOG0088527	RootHOG0088527	True	G00038	duplication	high	13	true		40
HOX	F7D5I9	P17482	FP	TN	Family0061221	tr|F7D5I9|F7D5I9_XENTR	sp|P17482|HXB9_HUMAN	RootHOG0062182	RootHOG0062182	True	G00047	duplication	high	13	true	0.916	51
HOX	F7D5I9	P28356	FP	TN	Family0061221	tr|F7D5I9|F7D5I9_XENTR	sp|P28356|HXD9_HUMAN	RootHOG0062182	RootHOG0062182	True	G00046	duplication	high	11	true	0.947	38
HOX	F7D5I9	P31274	FP	TN	Family0061221	tr|F7D5I9|F7D5I9_XENTR	sp|P31274|HXC9_HUMAN	RootHOG0062182	RootHOG0062182	True	G00046	duplication	high	11	true	0.947	38
HOX	F7D5I9	Q9PWM2	FP	TN	Family0061221	tr|F7D5I9|F7D5I9_XENTR	sp|Q9PWM2|HXB9A_DANRE	RootHOG0062182	RootHOG0062182	True	G00047	duplication	high	13	true	0.916	51
HOX	F7D5I9	Q9PWM6	FP	TN	Family0061221	tr|F7D5I9|F7D5I9_XENTR	sp|Q9PWM6|HXD9A_DANRE	RootHOG0062182	RootHOG0062182	True	G00046	duplication	high	11	true	0.947	38
HOX	O43248	P24342	FP	TN	Family0086773	sp|O43248|HXC11_HUMAN	sp|P24342|HXD11_CHICK	RootHOG0088527	RootHOG0088527	True	G00022	duplication	high	10	true	1.0	24
HOX	O43248	P31258	FP	TN	Family0086773	sp|O43248|HXC11_HUMAN	sp|P31258|HXA11_CHICK	RootHOG0088527	RootHOG0088527	True	G00038	duplication	high	13	true		40
HOX	O43248	Q90470	FP	TN	Family0086773	sp|O43248|HXC11_HUMAN	sp|Q90470|HXDBA_DANRE	RootHOG0088527	RootHOG0088527	True	G00022	duplication	high	10	true	1.0	24
HOX	O43248	Q9DDU0	FP	TN	Family0086773	sp|O43248|HXC11_HUMAN	sp|Q9DDU0|HXABA_DANRE	RootHOG0088527	RootHOG0088527	True	G00038	duplication	high	13	true		40
HOX	O43248	Q9DDU1	FP	TN	Family0086773	sp|O43248|HXC11_HUMAN	sp|Q9DDU1|HXABB_DANRE	RootHOG0088527	RootHOG0088527	True	G00038	duplication	high	13	true		40
HOX	P17482	Q98924	FP	TN	Family0061221	sp|P17482|HXB9_HUMAN	sp|Q98924|HXA9_CHICK	RootHOG0062182	RootHOG0062182	True	G00047	duplication	high	13	true	0.916	51
HOX	P17482	Q9PWL6	FP	TN	Family0061221	sp|P17482|HXB9_HUMAN	sp|Q9PWL6|HXA9A_DANRE	RootHOG0062182	RootHOG0062182	True	G00047	duplication	high	13	true	0.916	51
HOX	P17482	Q9PWM6	FP	TN	Family0061221	sp|P17482|HXB9_HUMAN	sp|Q9PWM6|HXD9A_DANRE	RootHOG0062182	RootHOG0062182	True	G00047	duplication	high	13	true	0.916	51
HOX	P17482	Q9YGT5	FP	TN	Family0061221	sp|P17482|HXB9_HUMAN	sp|Q9YGT5|HXA9B_DANRE	RootHOG0062182	RootHOG0062182	True	G00047	duplication	high	13	true	0.916	51
HOX	P24342	P31270	FP	TN	Family0086773	sp|P24342|HXD11_CHICK	sp|P31270|HXA11_HUMAN	RootHOG0088527	RootHOG0088527	True	G00038	duplication	high	13	true		40
HOX	P24342	Q58EL0	FP	TN	Family0086773	sp|P24342|HXD11_CHICK	sp|Q58EL0|HXCBA_DANRE	RootHOG0088527	RootHOG0088527	True	G00022	duplication	high	10	true	1.0	24
HOX	P24342	Q9DDU0	FP	TN	Family0086773	sp|P24342|HXD11_CHICK	sp|Q9DDU0|HXABA_DANRE	RootHOG0088527	RootHOG0088527	True	G00038	duplication	high	13	true		40
HOX	P24342	Q9DDU1	FP	TN	Family0086773	sp|P24342|HXD11_CHICK	sp|Q9DDU1|HXABB_DANRE	RootHOG0088527	RootHOG0088527	True	G00038	duplication	high	13	true		40
HOX	P24343	P31275	FP	TN	Family0096552	sp|P24343|HXD12_CHICK	sp|P31275|HXC12_HUMAN	RootHOG0098704	RootHOG0098704	True	G00022	duplication	high	10	true		24
HOX	P24343	Q9YGT0	FP	TN	Family0096552	sp|P24343|HXD12_CHICK	sp|Q9YGT0|HXCCB_DANRE	RootHOG0098704	RootHOG0098704	True	G00022	duplication	high	10	true		24
HOX	P24344	P31271	FP	TN	Family0096640	sp|P24344|HXD13_CHICK	sp|P31271|HXA13_HUMAN	RootHOG0098792	RootHOG0098792	True	G00047	duplication	high	10	true	0.682	50
HOX	P24344	P31276	FP	TN	Family0096640	sp|P24344|HXD13_CHICK	sp|P31276|HXC13_HUMAN	RootHOG0098792	RootHOG0098792	True	G00047	duplication	high	10	true	0.682	50
HOX	P24344	P79724	FP	TN	Family0096640	sp|P24344|HXD13_CHICK	sp|P79724|HXADB_DANRE	RootHOG0098792	RootHOG0098792	True	G00047	duplication	high	10	true	0.682	50
HOX	P24344	Q1ECY2	FP	TN	Family0096640	sp|P24344|HXD13_CHICK	sp|Q1ECY2|HXBDA_DANRE	RootHOG0098792	RootHOG0098792	True	G00047	duplication	high	10	true	0.682	50
HOX	P24344	Q6JIY4	FP	TN	Family0096640	sp|P24344|HXD13_CHICK	sp|Q6JIY4|HXCDB_DANRE	RootHOG0098792	RootHOG0098792	True	G00047	duplication	high	10	true	0.682	50
HOX	P24344	Q6JIY5	FP	TN	Family0096640	sp|P24344|HXD13_CHICK	sp|Q6JIY5|HXCDA_DANRE	RootHOG0098792	RootHOG0098792	True	G00047	duplication	high	10	true	0.682	50
HOX	P24344	Q6W990	FP	TN	Family0096640	sp|P24344|HXD13_CHICK	sp|Q6W990|HXADA_DANRE	RootHOG0098792	RootHOG0098792	True	G00047	duplication	high	10	true	0.682	50
HOX	P24344	Q92826	FP	TN	Family0096640	sp|P24344|HXD13_CHICK	sp|Q92826|HXB13_HUMAN	RootHOG0098792	RootHOG0098792	True	G00047	duplication	high	10	true	0.682	50
HOX	P28356	Q98924	FP	TN	Family0061221	sp|P28356|HXD9_HUMAN	sp|Q98924|HXA9_CHICK	RootHOG0062182	RootHOG0062182	True	G00046	duplication	high	11	true	0.947	38
HOX	P28356	Q9PWL6	FP	TN	Family0061221	sp|P28356|HXD9_HUMAN	sp|Q9PWL6|HXA9A_DANRE	RootHOG0062182	RootHOG0062182	True	G00046	duplication	high	11	true	0.947	38
HOX	P28356	Q9PWM2	FP	TN	Family0061221	sp|P28356|HXD9_HUMAN	sp|Q9PWM2|HXB9A_DANRE	RootHOG0062182	RootHOG0062182	True	G00047	duplication	high	13	true	0.916	51
HOX	P28356	Q9YGT5	FP	TN	Family0061221	sp|P28356|HXD9_HUMAN	sp|Q9YGT5|HXA9B_DANRE	RootHOG0062182	RootHOG0062182	True	G00046	duplication	high	11	true	0.947	38
HOX	P28358	Q8AWY2	FP	TN	Family0029528	sp|P28358|HXD10_HUMAN	sp|Q8AWY2|HXAAB_DANRE	RootHOG0029868	RootHOG0029868	True	G00036	duplication	high	10	true	1.0	27
HOX	P31258	P31277	FP	TN	Family0086773	sp|P31258|HXA11_CHICK	sp|P31277|HXD11_HUMAN	RootHOG0088527	RootHOG0088527	True	G00038	duplication	high	13	true		40
HOX	P31258	Q58EL0	FP	TN	Family0086773	sp|P31258|HXA11_CHICK	sp|Q58EL0|HXCBA_DANRE	RootHOG0088527	RootHOG0088527	True	G00038	duplication	high	13	true		40
HOX	P31258	Q90470	FP	TN	Family0086773	sp|P31258|HXA11_CHICK	sp|Q90470|HXDBA_DANRE	RootHOG0088527	RootHOG0088527	True	G00038	duplication	high	13	true		40
HOX	P31260	Q90469	FP	TN	Family0029528	sp|P31260|HXA10_HUMAN	sp|Q90469|HXDAA_DANRE	RootHOG0029868	RootHOG0029868	True	G00036	duplication	high	10	true	1.0	27
HOX	P31269	Q9PWM2	FP	TN	Family0061221	sp|P31269|HXA9_HUMAN	sp|Q9PWM2|HXB9A_DANRE	RootHOG0062182	RootHOG0062182	True	G00047	duplication	high	13	true	0.916	51
HOX	P31269	Q9PWM6	FP	TN	Family0061221	sp|P31269|HXA9_HUMAN	sp|Q9PWM6|HXD9A_DANRE	RootHOG0062182	RootHOG0062182	True	G00046	duplication	high	11	true	0.947	38
HOX	P31270	Q58EL0	FP	TN	Family0086773	sp|P31270|HXA11_HUMAN	sp|Q58EL0|HXCBA_DANRE	RootHOG0088527	RootHOG0088527	True	G00038	duplication	high	13	true		40
HOX	P31270	Q90470	FP	TN	Family0086773	sp|P31270|HXA11_HUMAN	sp|Q90470|HXDBA_DANRE	RootHOG0088527	RootHOG0088527	True	G00038	duplication	high	13	true		40
HOX	P31271	Q1ECY2	FP	TN	Family0096640	sp|P31271|HXA13_HUMAN	sp|Q1ECY2|HXBDA_DANRE	RootHOG0098792	RootHOG0098792	True	G00045	duplication	high	12	true	0.997	27
HOX	P31271	Q6JIY4	FP	TN	Family0096640	sp|P31271|HXA13_HUMAN	sp|Q6JIY4|HXCDB_DANRE	RootHOG0098792	RootHOG0098792	True	G00046	duplication	high	10	true	0.811	39
HOX	P31271	Q6JIY5	FP	TN	Family0096640	sp|P31271|HXA13_HUMAN	sp|Q6JIY5|HXCDA_DANRE	RootHOG0098792	RootHOG0098792	True	G00046	duplication	high	10	true	0.811	39
HOX	P31274	Q98924	FP	TN	Family0061221	sp|P31274|HXC9_HUMAN	sp|Q98924|HXA9_CHICK	RootHOG0062182	RootHOG0062182	True	G00046	duplication	high	11	true	0.947	38
HOX	P31274	Q9PWL6	FP	TN	Family0061221	sp|P31274|HXC9_HUMAN	sp|Q9PWL6|HXA9A_DANRE	RootHOG0062182	RootHOG0062182	True	G00046	duplication	high	11	true	0.947	38
HOX	P31274	Q9PWM2	FP	TN	Family0061221	sp|P31274|HXC9_HUMAN	sp|Q9PWM2|HXB9A_DANRE	RootHOG0062182	RootHOG0062182	True	G00047	duplication	high	13	true	0.916	51
HOX	P31274	Q9PWM6	FP	TN	Family0061221	sp|P31274|HXC9_HUMAN	sp|Q9PWM6|HXD9A_DANRE	RootHOG0062182	RootHOG0062182	True	G00031	duplication	high	10	true	0.995	23
HOX	P31274	Q9YGT5	FP	TN	Family0061221	sp|P31274|HXC9_HUMAN	sp|Q9YGT5|HXA9B_DANRE	RootHOG0062182	RootHOG0062182	True	G00046	duplication	high	11	true	0.947	38
HOX	P31275	Q90471	FP	TN	Family0096552	sp|P31275|HXC12_HUMAN	sp|Q90471|HXDCA_DANRE	RootHOG0098704	RootHOG0098704	True	G00022	duplication	high	10	true		24
HOX	P31276	P79724	FP	TN	Family0096640	sp|P31276|HXC13_HUMAN	sp|P79724|HXADB_DANRE	RootHOG0098792	RootHOG0098792	True	G00046	duplication	high	10	true	0.811	39
HOX	P31276	Q1ECY2	FP	TN	Family0096640	sp|P31276|HXC13_HUMAN	sp|Q1ECY2|HXBDA_DANRE	RootHOG0098792	RootHOG0098792	True	G00046	duplication	high	10	true	0.811	39
HOX	P31276	Q6W990	FP	TN	Family0096640	sp|P31276|HXC13_HUMAN	sp|Q6W990|HXADA_DANRE	RootHOG0098792	RootHOG0098792	True	G00046	duplication	high	10	true	0.811	39
HOX	P31276	Q90X25	FP	TN	Family0096640	sp|P31276|HXC13_HUMAN	sp|Q90X25|HXA13_CHICK	RootHOG0098792	RootHOG0098792	True	G00046	duplication	high	10	true	0.811	39
HOX	P31277	Q58EL0	FP	TN	Family0086773	sp|P31277|HXD11_HUMAN	sp|Q58EL0|HXCBA_DANRE	RootHOG0088527	RootHOG0088527	True	G00022	duplication	high	10	true	1.0	24
HOX	P31277	Q9DDU0	FP	TN	Family0086773	sp|P31277|HXD11_HUMAN	sp|Q9DDU0|HXABA_DANRE	RootHOG0088527	RootHOG0088527	True	G00038	duplication	high	13	true		40
HOX	P31277	Q9DDU1	FP	TN	Family0086773	sp|P31277|HXD11_HUMAN	sp|Q9DDU1|HXABB_DANRE	RootHOG0088527	RootHOG0088527	True	G00038	duplication	high	13	true		40
HOX	P35452	Q9YGT0	FP	TN	Family0096552	sp|P35452|HXD12_HUMAN	sp|Q9YGT0|HXCCB_DANRE	RootHOG0098704	RootHOG0098704	True	G00022	duplication	high	10	true		24
HOX	P35453	P79724	FP	TN	Family0096640	sp|P35453|HXD13_HUMAN	sp|P79724|HXADB_DANRE	RootHOG0098792	RootHOG0098792	True	G00047	duplication	high	10	true	0.682	50
HOX	P35453	Q1ECY2	FP	TN	Family0096640	sp|P35453|HXD13_HUMAN	sp|Q1ECY2|HXBDA_DANRE	RootHOG0098792	RootHOG0098792	True	G00047	duplication	high	10	true	0.682	50
HOX	P35453	Q6JIY4	FP	TN	Family0096640	sp|P35453|HXD13_HUMAN	sp|Q6JIY4|HXCDB_DANRE	RootHOG0098792	RootHOG0098792	True	G00047	duplication	high	10	true	0.682	50
HOX	P35453	Q6JIY5	FP	TN	Family0096640	sp|P35453|HXD13_HUMAN	sp|Q6JIY5|HXCDA_DANRE	RootHOG0098792	RootHOG0098792	True	G00047	duplication	high	10	true	0.682	50
HOX	P35453	Q6W990	FP	TN	Family0096640	sp|P35453|HXD13_HUMAN	sp|Q6W990|HXADA_DANRE	RootHOG0098792	RootHOG0098792	True	G00047	duplication	high	10	true	0.682	50
HOX	P35453	Q90X25	FP	TN	Family0096640	sp|P35453|HXD13_HUMAN	sp|Q90X25|HXA13_CHICK	RootHOG0098792	RootHOG0098792	True	G00047	duplication	high	10	true	0.682	50
HOX	P79724	Q92826	FP	TN	Family0096640	sp|P79724|HXADB_DANRE	sp|Q92826|HXB13_HUMAN	RootHOG0098792	RootHOG0098792	True	G00045	duplication	high	12	true	0.997	27
HOX	Q1ECY2	Q90X25	FP	TN	Family0096640	sp|Q1ECY2|HXBDA_DANRE	sp|Q90X25|HXA13_CHICK	RootHOG0098792	RootHOG0098792	True	G00045	duplication	high	12	true	0.997	27
HOX	Q6JIY4	Q90X25	FP	TN	Family0096640	sp|Q6JIY4|HXCDB_DANRE	sp|Q90X25|HXA13_CHICK	RootHOG0098792	RootHOG0098792	True	G00046	duplication	high	10	true	0.811	39
HOX	Q6JIY4	Q92826	FP	TN	Family0096640	sp|Q6JIY4|HXCDB_DANRE	sp|Q92826|HXB13_HUMAN	RootHOG0098792	RootHOG0098792	True	G00046	duplication	high	10	true	0.811	39
HOX	Q6JIY5	Q90X25	FP	TN	Family0096640	sp|Q6JIY5|HXCDA_DANRE	sp|Q90X25|HXA13_CHICK	RootHOG0098792	RootHOG0098792	True	G00046	duplication	high	10	true	0.811	39
HOX	Q6JIY5	Q92826	FP	TN	Family0096640	sp|Q6JIY5|HXCDA_DANRE	sp|Q92826|HXB13_HUMAN	RootHOG0098792	RootHOG0098792	True	G00046	duplication	high	10	true	0.811	39
HOX	Q6W990	Q92826	FP	TN	Family0096640	sp|Q6W990|HXADA_DANRE	sp|Q92826|HXB13_HUMAN	RootHOG0098792	RootHOG0098792	True	G00045	duplication	high	12	true	0.997	27
HOX	Q8AWY2	Q9NYD6	FP	TN	Family0029528	sp|Q8AWY2|HXAAB_DANRE	sp|Q9NYD6|HXC10_HUMAN	RootHOG0029868	RootHOG0029868	True	G00037	duplication	high	12	true	0.32	39
HOX	Q90469	Q9NYD6	FP	TN	Family0029528	sp|Q90469|HXDAA_DANRE	sp|Q9NYD6|HXC10_HUMAN	RootHOG0029868	RootHOG0029868	True	G00037	duplication	high	12	true	0.32	39
HOX	Q90X25	Q92826	FP	TN	Family0096640	sp|Q90X25|HXA13_CHICK	sp|Q92826|HXB13_HUMAN	RootHOG0098792	RootHOG0098792	True	G00045	duplication	high	12	true	0.997	27
HOX	Q98924	Q9PWM2	FP	TN	Family0061221	sp|Q98924|HXA9_CHICK	sp|Q9PWM2|HXB9A_DANRE	RootHOG0062182	RootHOG0062182	True	G00047	duplication	high	13	true	0.916	51
HOX	Q98924	Q9PWM6	FP	TN	Family0061221	sp|Q98924|HXA9_CHICK	sp|Q9PWM6|HXD9A_DANRE	RootHOG0062182	RootHOG0062182	True	G00046	duplication	high	11	true	0.947	38
MAPT	F1MEW3	P10636	FP	TN	Family0095766	tr|F1MEW3|F1MEW3_BOVIN	sp|P10636|TAU_HUMAN	RootHOG0097875	RootHOG0097875	True	G00025	duplication	high	11	true	0.994	27
MAPT	F1MEW3	Q5YCW0	FP	TN	Family0095766	tr|F1MEW3|F1MEW3_BOVIN	sp|Q5YCW0|TAU_GORGO	RootHOG0097875	RootHOG0097875	True	G00025	duplication	high	11	true	0.994	27
MAPT	F1MEW3	Q5YCW1	FP	TN	Family0095766	tr|F1MEW3|F1MEW3_BOVIN	sp|Q5YCW1|TAU_PANTR	RootHOG0097875	RootHOG0097875	True	G00025	duplication	high	11	true	0.994	27
MAPT	H2R011	P10636	FP	TN	Family0095766	tr|H2R011|H2R011_PANTR	sp|P10636|TAU_HUMAN	RootHOG0097875	RootHOG0097875	True	G00025	duplication	high	11	true	0.994	27
MAPT	H2R011	P29172	FP	TN	Family0095766	tr|H2R011|H2R011_PANTR	sp|P29172|TAU_BOVIN	RootHOG0097875	RootHOG0097875	True	G00025	duplication	high	11	true	0.994	27
MAPT	H2R011	Q5YCW0	FP	TN	Family0095766	tr|H2R011|H2R011_PANTR	sp|Q5YCW0|TAU_GORGO	RootHOG0097875	RootHOG0097875	True	G00025	duplication	high	11	true	0.994	27
MAPT	P10636	P20357	FP	TN	Family0095766	sp|P10636|TAU_HUMAN	sp|P20357|MTAP2_MOUSE	RootHOG0097875	RootHOG0097875	True	G00025	duplication	high	11	true	0.994	27
MAPT	P11137	P29172	FP	TN	Family0095766	sp|P11137|MTAP2_HUMAN	sp|P29172|TAU_BOVIN	RootHOG0097875	RootHOG0097875	True	G00025	duplication	high	11	true	0.994	27
MAPT	P11137	Q5YCW0	FP	TN	Family0095766	sp|P11137|MTAP2_HUMAN	sp|Q5YCW0|TAU_GORGO	RootHOG0097875	RootHOG0097875	True	G00025	duplication	high	11	true	0.994	27
MAPT	P11137	Q5YCW1	FP	TN	Family0095766	sp|P11137|MTAP2_HUMAN	sp|Q5YCW1|TAU_PANTR	RootHOG0097875	RootHOG0097875	True	G00025	duplication	high	11	true	0.994	27
MAPT	P20357	P29172	FP	TN	Family0095766	sp|P20357|MTAP2_MOUSE	sp|P29172|TAU_BOVIN	RootHOG0097875	RootHOG0097875	True	G00025	duplication	high	11	true	0.994	27
MAPT	P20357	Q5YCW0	FP	TN	Family0095766	sp|P20357|MTAP2_MOUSE	sp|Q5YCW0|TAU_GORGO	RootHOG0097875	RootHOG0097875	True	G00025	duplication	high	11	true	0.994	27
MAPT	P20357	Q5YCW1	FP	TN	Family0095766	sp|P20357|MTAP2_MOUSE	sp|Q5YCW1|TAU_PANTR	RootHOG0097875	RootHOG0097875	True	G00025	duplication	high	11	true	0.994	27
NOX	A0A3B3IDP9	A0A3Q2U7E3	FP	TN	Family0087148	tr|A0A3B3IDP9|A0A3B3IDP9_ORYLA	tr|A0A3Q2U7E3|A0A3Q2U7E3_CHICK	RootHOG0088904	RootHOG0088904	True	G00061	duplication	high	14	true	0.976	56
NOX	A0A3B3IDP9	A0A5F4CEF0	FP	TN	Family0087148	tr|A0A3B3IDP9|A0A3B3IDP9_ORYLA	tr|A0A5F4CEF0|A0A5F4CEF0_CANLF	RootHOG0088904	RootHOG0088904	True	G00056	duplication	high	12	true	0.664	25
NOX	A0A3B3IDP9	A7E3L1	FP	TN	Family0087148	tr|A0A3B3IDP9|A0A3B3IDP9_ORYLA	tr|A7E3L1|A7E3L1_CANLF	RootHOG0088904	RootHOG0088904	True	G00057	duplication	high	10	true	0.991	35
NOX	A0A3B3IDP9	A7RPH5	FP	TN	Family0087148	tr|A0A3B3IDP9|A0A3B3IDP9_ORYLA	tr|A7RPH5|A7RPH5_NEMVE	RootHOG0088904	RootHOG0088904	True	G00061	duplication	high	14	true	0.976	56
NOX	A0A3B3IDP9	E1BFF3	FP	TN	Family0087148	tr|A0A3B3IDP9|A0A3B3IDP9_ORYLA	tr|E1BFF3|E1BFF3_BOVIN	RootHOG0088904	RootHOG0088904	True	G00057	duplication	high	10	true	0.991	35
NOX	A0A3B3IDP9	F1MQX5	FP	TN	Family0087148	tr|A0A3B3IDP9|A0A3B3IDP9_ORYLA	tr|F1MQX5|F1MQX5_BOVIN	RootHOG0088904	RootHOG0088904	True	G00061	duplication	high	14	true	0.976	56
NOX	A0A3B3IDP9	F1NVG4	FP	TN	Family0087148	tr|A0A3B3IDP9|A0A3B3IDP9_ORYLA	tr|F1NVG4|F1NVG4_CHICK	RootHOG0088904	RootHOG0088904	True	G00057	duplication	high	10	true	0.991	35
NOX	A0A3B3IDP9	F1PSM8	FP	TN	Family0087148	tr|A0A3B3IDP9|A0A3B3IDP9_ORYLA	tr|F1PSM8|F1PSM8_CANLF	RootHOG0088904	RootHOG0088904	True	G00061	duplication	high	14	true	0.976	56
NOX	A0A3B3IDP9	F6U2X4	FP	TN	Family0087148	tr|A0A3B3IDP9|A0A3B3IDP9_ORYLA	tr|F6U2X4|F6U2X4_MONDO	RootHOG0088904	RootHOG0088904	True	G00056	duplication	high	12	true	0.664	25
NOX	A0A3B3IDP9	F6Z703	FP	TN	Family0087148	tr|A0A3B3IDP9|A0A3B3IDP9_ORYLA	tr|F6Z703|F6Z703_MONDO	RootHOG0088904	RootHOG0088904	True	G00061	duplication	high	14	true	0.976	56
NOX	A0A3B3IDP9	F7CLH6	FP	TN	Family0087148	tr|A0A3B3IDP9|A0A3B3IDP9_ORYLA	tr|F7CLH6|F7CLH6_XENTR	RootHOG0088904	RootHOG0088904	True	G00061	duplication	high	14	true	0.976	56
NOX	A0A3B3IDP9	F7ELK5	FP	TN	Family0087148	tr|A0A3B3IDP9|A0A3B3IDP9_ORYLA	tr|F7ELK5|F7ELK5_MONDO	RootHOG0088904	RootHOG0088904	True	G00057	duplication	high	10	true	0.991	35
NOX	A0A3B3IDP9	G3QXY3	FP	TN	Family0087148	tr|A0A3B3IDP9|A0A3B3IDP9_ORYLA	tr|G3QXY3|G3QXY3_GORGO	RootHOG0088904	RootHOG0088904	True	G00056	duplication	high	12	true	0.664	25
NOX	A0A3B3IDP9	G3RI51	FP	TN	Family0087148	tr|A0A3B3IDP9|A0A3B3IDP9_ORYLA	tr|G3RI51|G3RI51_GORGO	RootHOG0088904	RootHOG0088904	True	G00057	duplication	high	10	true	0.991	35
NOX	A0A3B3IDP9	H2QTY3	FP	TN	Family0087148	tr|A0A3B3IDP9|A0A3B3IDP9_ORYLA	tr|H2QTY3|H2QTY3_PANTR	RootHOG0088904	RootHOG0088904	True	G00057	duplication	high	10	true	0.991	35
NOX	A0A3B3IDP9	H2R4R9	FP	TN	Family0087148	tr|A0A3B3IDP9|A0A3B3IDP9_ORYLA	tr|H2R4R9|H2R4R9_PANTR	RootHOG0088904	RootHOG0088904	True	G00056	duplication	high	12	true	0.664	25
NOX	A0A3B3IDP9	H2R516	FP	TN	Family0087148	tr|A0A3B3IDP9|A0A3B3IDP9_ORYLA	tr|H2R516|H2R516_PANTR	RootHOG0088904	RootHOG0088904	True	G00061	duplication	high	14	true	0.976	56
NOX	A0A3B3IDP9	O46522	FP	TN	Family0087148	tr|A0A3B3IDP9|A0A3B3IDP9_ORYLA	sp|O46522|CY24B_BOVIN	RootHOG0088904	RootHOG0088904	True	G00056	duplication	high	12	true	0.664	25
NOX	A0A3B3IDP9	P04839	FP	TN	Family0087148	tr|A0A3B3IDP9|A0A3B3IDP9_ORYLA	sp|P04839|CY24B_HUMAN	RootHOG0088904	RootHOG0088904	True	G00056	duplication	high	12	true	0.664	25
NOX	A0A3B3IDP9	Q505H9	FP	TN	Family0087148	tr|A0A3B3IDP9|A0A3B3IDP9_ORYLA	tr|Q505H9|Q505H9_XENTR	RootHOG0088904	RootHOG0088904	True	G00056	duplication	high	12	true	0.664	25
NOX	A0A3B3IDP9	Q61093	FP	TN	Family0087148	tr|A0A3B3IDP9|A0A3B3IDP9_ORYLA	sp|Q61093|CY24B_MOUSE	RootHOG0088904	RootHOG0088904	True	G00056	duplication	high	12	true	0.664	25
NOX	A0A3B3IDP9	Q672J9	FP	TN	Family0087148	tr|A0A3B3IDP9|A0A3B3IDP9_ORYLA	sp|Q672J9|NOX3_MOUSE	RootHOG0088904	RootHOG0088904	True	G00057	duplication	high	10	true	0.991	35
NOX	A0A3B3IDP9	Q672K1	FP	TN	Family0087148	tr|A0A3B3IDP9|A0A3B3IDP9_ORYLA	sp|Q672K1|NOX3_RAT	RootHOG0088904	RootHOG0088904	True	G00057	duplication	high	10	true	0.991	35
NOX	A0A3B3IDP9	Q924V1	FP	TN	Family0087148	tr|A0A3B3IDP9|A0A3B3IDP9_ORYLA	sp|Q924V1|NOX4_RAT	RootHOG0088904	RootHOG0088904	True	G00061	duplication	high	14	true	0.976	56
NOX	A0A3B3IDP9	Q9ERL1	FP	TN	Family0087148	tr|A0A3B3IDP9|A0A3B3IDP9_ORYLA	tr|Q9ERL1|Q9ERL1_RAT	RootHOG0088904	RootHOG0088904	True	G00056	duplication	high	12	true	0.664	25
NOX	A0A3B3IDP9	Q9HBY0	FP	TN	Family0087148	tr|A0A3B3IDP9|A0A3B3IDP9_ORYLA	sp|Q9HBY0|NOX3_HUMAN	RootHOG0088904	RootHOG0088904	True	G00057	duplication	high	10	true	0.991	35
NOX	A0A3B3IDP9	Q9JHI8	FP	TN	Family0087148	tr|A0A3B3IDP9|A0A3B3IDP9_ORYLA	sp|Q9JHI8|NOX4_MOUSE	RootHOG0088904	RootHOG0088904	True	G00061	duplication	high	14	true	0.976	56
NOX	A0A3B3IDP9	Q9NPH5	FP	TN	Family0087148	tr|A0A3B3IDP9|A0A3B3IDP9_ORYLA	sp|Q9NPH5|NOX4_HUMAN	RootHOG0088904	RootHOG0088904	True	G00061	duplication	high	14	true	0.976	56
NOX	A0A3Q2U7E3	A0A5F4CEF0	FP	TN	Family0087148	tr|A0A3Q2U7E3|A0A3Q2U7E3_CHICK	tr|A0A5F4CEF0|A0A5F4CEF0_CANLF	RootHOG0088904	RootHOG0088904	True	G00061	duplication	high	14	true	0.976	56
NOX	A0A3Q2U7E3	A7E3L1	FP	TN	Family0087148	tr|A0A3Q2U7E3|A0A3Q2U7E3_CHICK	tr|A7E3L1|A7E3L1_CANLF	RootHOG0088904	RootHOG0088904	True	G00061	duplication	high	14	true	0.976	56
NOX	A0A3Q2U7E3	A7SCJ4	FP	TN	Family0087148	tr|A0A3Q2U7E3|A0A3Q2U7E3_CHICK	tr|A7SCJ4|A7SCJ4_NEMVE	RootHOG0088904	RootHOG0088904	True	G00061	duplication	high	14	true	0.976	56
NOX	A0A3Q2U7E3	A7SD95	FP	TN	Family0087148	tr|A0A3Q2U7E3|A0A3Q2U7E3_CHICK	tr|A7SD95|A7SD95_NEMVE	RootHOG0088904	RootHOG0088904	True	G00061	duplication	high	14	true	0.976	56
NOX	A0A3Q2U7E3	C3XUP1	FP	TN	Family0087148	tr|A0A3Q2U7E3|A0A3Q2U7E3_CHICK	tr|C3XUP1|C3XUP1_BRAFL	RootHOG0088904	RootHOG0088904	True	G00061	duplication	high	14	true	0.976	56
NOX	A0A3Q2U7E3	E1BFF3	FP	TN	Family0087148	tr|A0A3Q2U7E3|A0A3Q2U7E3_CHICK	tr|E1BFF3|E1BFF3_BOVIN	RootHOG0088904	RootHOG0088904	True	G00061	duplication	high	14	true	0.976	56
NOX	A0A3Q2U7E3	E1BPJ7	FP	TN	Family0087148	tr|A0A3Q2U7E3|A0A3Q2U7E3_CHICK	tr|E1BPJ7|E1BPJ7_BOVIN	RootHOG0088904	RootHOG0088904	True	G00061	duplication	high	14	true	0.976	56
NOX	A0A3Q2U7E3	F1PL03	FP	TN	Family0087148	tr|A0A3Q2U7E3|A0A3Q2U7E3_CHICK	tr|F1PL03|F1PL03_CANLF	RootHOG0088904	RootHOG0088904	True	G00061	duplication	high	14	true	0.976	56
NOX	A0A3Q2U7E3	F6U2X4	FP	TN	Family0087148	tr|A0A3Q2U7E3|A0A3Q2U7E3_CHICK	tr|F6U2X4|F6U2X4_MONDO	RootHOG0088904	RootHOG0088904	True	G00061	duplication	high	14	true	0.976	56
NOX	A0A3Q2U7E3	F7AMC8	FP	TN	Family0087148	tr|A0A3Q2U7E3|A0A3Q2U7E3_CHICK	tr|F7AMC8|F7AMC8_XENTR	RootHOG0088904	RootHOG0088904	True	G00061	duplication	high	14	true	0.976	56
NOX	A0A3Q2U7E3	F7ELK5	FP	TN	Family0087148	tr|A0A3Q2U7E3|A0A3Q2U7E3_CHICK	tr|F7ELK5|F7ELK5_MONDO	RootHOG0088904	RootHOG0088904	True	G00061	duplication	high	14	true	0.976	56
NOX	A0A3Q2U7E3	G3QVH2	FP	TN	Family0087148	tr|A0A3Q2U7E3|A0A3Q2U7E3_CHICK	tr|G3QVH2|G3QVH2_GORGO	RootHOG0088904	RootHOG0088904	True	G00061	duplication	high	14	true	0.976	56
NOX	A0A3Q2U7E3	G3QXY3	FP	TN	Family0087148	tr|A0A3Q2U7E3|A0A3Q2U7E3_CHICK	tr|G3QXY3|G3QXY3_GORGO	RootHOG0088904	RootHOG0088904	True	G00061	duplication	high	14	true	0.976	56
NOX	A0A3Q2U7E3	G3RI51	FP	TN	Family0087148	tr|A0A3Q2U7E3|A0A3Q2U7E3_CHICK	tr|G3RI51|G3RI51_GORGO	RootHOG0088904	RootHOG0088904	True	G00061	duplication	high	14	true	0.976	56
NOX	A0A3Q2U7E3	H2L879	FP	TN	Family0087148	tr|A0A3Q2U7E3|A0A3Q2U7E3_CHICK	tr|H2L879|H2L879_ORYLA	RootHOG0088904	RootHOG0088904	True	G00061	duplication	high	14	true	0.976	56
NOX	A0A3Q2U7E3	H2QTY3	FP	TN	Family0087148	tr|A0A3Q2U7E3|A0A3Q2U7E3_CHICK	tr|H2QTY3|H2QTY3_PANTR	RootHOG0088904	RootHOG0088904	True	G00061	duplication	high	14	true	0.976	56
NOX	A0A3Q2U7E3	H2R4R9	FP	TN	Family0087148	tr|A0A3Q2U7E3|A0A3Q2U7E3_CHICK	tr|H2R4R9|H2R4R9_PANTR	RootHOG0088904	RootHOG0088904	True	G00061	duplication	high	14	true	0.976	56
NOX	A0A3Q2U7E3	O46522	FP	TN	Family0087148	tr|A0A3Q2U7E3|A0A3Q2U7E3_CHICK	sp|O46522|CY24B_BOVIN	RootHOG0088904	RootHOG0088904	True	G00061	duplication	high	14	true	0.976	56
NOX	A0A3Q2U7E3	P04839	FP	TN	Family0087148	tr|A0A3Q2U7E3|A0A3Q2U7E3_CHICK	sp|P04839|CY24B_HUMAN	RootHOG0088904	RootHOG0088904	True	G00061	duplication	high	14	true	0.976	56
NOX	A0A3Q2U7E3	Q505H9	FP	TN	Family0087148	tr|A0A3Q2U7E3|A0A3Q2U7E3_CHICK	tr|Q505H9|Q505H9_XENTR	RootHOG0088904	RootHOG0088904	True	G00061	duplication	high	14	true	0.976	56
NOX	A0A3Q2U7E3	Q61093	FP	TN	Family0087148	tr|A0A3Q2U7E3|A0A3Q2U7E3_CHICK	sp|Q61093|CY24B_MOUSE	RootHOG0088904	RootHOG0088904	True	G00061	duplication	high	14	true	0.976	56
NOX	A0A3Q2U7E3	Q672J9	FP	TN	Family0087148	tr|A0A3Q2U7E3|A0A3Q2U7E3_CHICK	sp|Q672J9|NOX3_MOUSE	RootHOG0088904	RootHOG0088904	True	G00061	duplication	high	14	true	0.976	56
NOX	A0A3Q2U7E3	Q672K1	FP	TN	Family0087148	tr|A0A3Q2U7E3|A0A3Q2U7E3_CHICK	sp|Q672K1|NOX3_RAT	RootHOG0088904	RootHOG0088904	True	G00061	duplication	high	14	true	0.976	56
NOX	A0A3Q2U7E3	Q8CIZ9	FP	TN	Family0087148	tr|A0A3Q2U7E3|A0A3Q2U7E3_CHICK	sp|Q8CIZ9|NOX1_MOUSE	RootHOG0088904	RootHOG0088904	True	G00061	duplication	high	14	true	0.976	56
NOX	A0A3Q2U7E3	Q9ERL1	FP	TN	Family0087148	tr|A0A3Q2U7E3|A0A3Q2U7E3_CHICK	tr|Q9ERL1|Q9ERL1_RAT	RootHOG0088904	RootHOG0088904	True	G00061	duplication	high	14	true	0.976	56
NOX	A0A3Q2U7E3	Q9HBY0	FP	TN	Family0087148	tr|A0A3Q2U7E3|A0A3Q2U7E3_CHICK	sp|Q9HBY0|NOX3_HUMAN	RootHOG0088904	RootHOG0088904	True	G00061	duplication	high	14	true	0.976	56
NOX	A0A3Q2U7E3	Q9WV87	FP	TN	Family0087148	tr|A0A3Q2U7E3|A0A3Q2U7E3_CHICK	sp|Q9WV87|NOX1_RAT	RootHOG0088904	RootHOG0088904	True	G00061	duplication	high	14	true	0.976	56
NOX	A0A3Q2U7E3	Q9Y5S8	FP	TN	Family0087148	tr|A0A3Q2U7E3|A0A3Q2U7E3_CHICK	sp|Q9Y5S8|NOX1_HUMAN	RootHOG0088904	RootHOG0088904	True	G00061	duplication	high	14	true	0.976	56
NOX	A0A3Q2UE93	A0A5F4CEF0	FP	TN	Family0087148	tr|A0A3Q2UE93|A0A3Q2UE93_CHICK	tr|A0A5F4CEF0|A0A5F4CEF0_CANLF	RootHOG0088904	RootHOG0088904	True	G00056	duplication	high	12	true	0.664	25
NOX	A0A3Q2UE93	A7E3L1	FP	TN	Family0087148	tr|A0A3Q2UE93|A0A3Q2UE93_CHICK	tr|A7E3L1|A7E3L1_CANLF	RootHOG0088904	RootHOG0088904	True	G00057	duplication	high	10	true	0.991	35
NOX	A0A3Q2UE93	A7RPH5	FP	TN	Family0087148	tr|A0A3Q2UE93|A0A3Q2UE93_CHICK	tr|A7RPH5|A7RPH5_NEMVE	RootHOG0088904	RootHOG0088904	True	G00061	duplication	high	14	true	0.976	56
NOX	A0A3Q2UE93	E1BFF3	FP	TN	Family0087148	tr|A0A3Q2UE93|A0A3Q2UE93_CHICK	tr|E1BFF3|E1BFF3_BOVIN	RootHOG0088904	RootHOG0088904	True	G00057	duplication	high	10	true	0.991	35
NOX	A0A3Q2UE93	F1MQX5	FP	TN	Family0087148	tr|A0A3Q2UE93|A0A3Q2UE93_CHICK	tr|F1MQX5|F1MQX5_BOVIN	RootHOG0088904	RootHOG0088904	True	G00061	duplication	high	14	true	0.976	56
NOX	A0A3Q2UE93	F1PSM8	FP	TN	Family0087148	tr|A0A3Q2UE93|A0A3Q2UE93_CHICK	tr|F1PSM8|F1PSM8_CANLF	RootHOG0088904	RootHOG0088904	True	G00061	duplication	high	14	true	0.976	56
NOX	A0A3Q2UE93	F6U2X4	FP	TN	Family0087148	tr|A0A3Q2UE93|A0A3Q2UE93_CHICK	tr|F6U2X4|F6U2X4_MONDO	RootHOG0088904	RootHOG0088904	True	G00056	duplication	high	12	true	0.664	25
NOX	A0A3Q2UE93	F6Z703	FP	TN	Family0087148	tr|A0A3Q2UE93|A0A3Q2UE93_CHICK	tr|F6Z703|F6Z703_MONDO	RootHOG0088904	RootHOG0088904	True	G00061	duplication	high	14	true	0.976	56
NOX	A0A3Q2UE93	F7CLH6	FP	TN	Family0087148	tr|A0A3Q2UE93|A0A3Q2UE93_CHICK	tr|F7CLH6|F7CLH6_XENTR	RootHOG0088904	RootHOG0088904	True	G00061	duplication	high	14	true	0.976	56
NOX	A0A3Q2UE93	F7ELK5	FP	TN	Family0087148	tr|A0A3Q2UE93|A0A3Q2UE93_CHICK	tr|F7ELK5|F7ELK5_MONDO	RootHOG0088904	RootHOG0088904	True	G00057	duplication	high	10	true	0.991	35
NOX	A0A3Q2UE93	G3QXY3	FP	TN	Family0087148	tr|A0A3Q2UE93|A0A3Q2UE93_CHICK	tr|G3QXY3|G3QXY3_GORGO	RootHOG0088904	RootHOG0088904	True	G00056	duplication	high	12	true	0.664	25
NOX	A0A3Q2UE93	G3RI51	FP	TN	Family0087148	tr|A0A3Q2UE93|A0A3Q2UE93_CHICK	tr|G3RI51|G3RI51_GORGO	RootHOG0088904	RootHOG0088904	True	G00057	duplication	high	10	true	0.991	35
NOX	A0A3Q2UE93	H2L879	FP	TN	Family0087148	tr|A0A3Q2UE93|A0A3Q2UE93_CHICK	tr|H2L879|H2L879_ORYLA	RootHOG0088904	RootHOG0088904	True	G00056	duplication	high	12	true	0.664	25
NOX	A0A3Q2UE93	H2M5R6	FP	TN	Family0087148	tr|A0A3Q2UE93|A0A3Q2UE93_CHICK	tr|H2M5R6|H2M5R6_ORYLA	RootHOG0088904	RootHOG0088904	True	G00061	duplication	high	14	true	0.976	56
NOX	A0A3Q2UE93	H2QTY3	FP	TN	Family0087148	tr|A0A3Q2UE93|A0A3Q2UE93_CHICK	tr|H2QTY3|H2QTY3_PANTR	RootHOG0088904	RootHOG0088904	True	G00057	duplication	high	10	true	0.991	35
NOX	A0A3Q2UE93	H2R4R9	FP	TN	Family0087148	tr|A0A3Q2UE93|A0A3Q2UE93_CHICK	tr|H2R4R9|H2R4R9_PANTR	RootHOG0088904	RootHOG0088904	True	G00056	duplication	high	12	true	0.664	25
NOX	A0A3Q2UE93	H2R516	FP	TN	Family0087148	tr|A0A3Q2UE93|A0A3Q2UE93_CHICK	tr|H2R516|H2R516_PANTR	RootHOG0088904	RootHOG0088904	True	G00061	duplication	high	14	true	0.976	56
NOX	A0A3Q2UE93	O46522	FP	TN	Family0087148	tr|A0A3Q2UE93|A0A3Q2UE93_CHICK	sp|O46522|CY24B_BOVIN	RootHOG0088904	RootHOG0088904	True	G00056	duplication	high	12	true	0.664	25
NOX	A0A3Q2UE93	P04839	FP	TN	Family0087148	tr|A0A3Q2UE93|A0A3Q2UE93_CHICK	sp|P04839|CY24B_HUMAN	RootHOG0088904	RootHOG0088904	True	G00056	duplication	high	12	true	0.664	25
NOX	A0A3Q2UE93	Q505H9	FP	TN	Family0087148	tr|A0A3Q2UE93|A0A3Q2UE93_CHICK	tr|Q505H9|Q505H9_XENTR	RootHOG0088904	RootHOG0088904	True	G00056	duplication	high	12	true	0.664	25
NOX	A0A3Q2UE93	Q61093	FP	TN	Family0087148	tr|A0A3Q2UE93|A0A3Q2UE93_CHICK	sp|Q61093|CY24B_MOUSE	RootHOG0088904	RootHOG0088904	True	G00056	duplication	high	12	true	0.664	25
NOX	A0A3Q2UE93	Q672J9	FP	TN	Family0087148	tr|A0A3Q2UE93|A0A3Q2UE93_CHICK	sp|Q672J9|NOX3_MOUSE	RootHOG0088904	RootHOG0088904	True	G00057	duplication	high	10	true	0.991	35
NOX	A0A3Q2UE93	Q672K1	FP	TN	Family0087148	tr|A0A3Q2UE93|A0A3Q2UE93_CHICK	sp|Q672K1|NOX3_RAT	RootHOG0088904	RootHOG0088904	True	G00057	duplication	high	10	true	0.991	35
NOX	A0A3Q2UE93	Q924V1	FP	TN	Family0087148	tr|A0A3Q2UE93|A0A3Q2UE93_CHICK	sp|Q924V1|NOX4_RAT	RootHOG0088904	RootHOG0088904	True	G00061	duplication	high	14	true	0.976	56
NOX	A0A3Q2UE93	Q9ERL1	FP	TN	Family0087148	tr|A0A3Q2UE93|A0A3Q2UE93_CHICK	tr|Q9ERL1|Q9ERL1_RAT	RootHOG0088904	RootHOG0088904	True	G00056	duplication	high	12	true	0.664	25
NOX	A0A3Q2UE93	Q9HBY0	FP	TN	Family0087148	tr|A0A3Q2UE93|A0A3Q2UE93_CHICK	sp|Q9HBY0|NOX3_HUMAN	RootHOG0088904	RootHOG0088904	True	G00057	duplication	high	10	true	0.991	35
NOX	A0A3Q2UE93	Q9JHI8	FP	TN	Family0087148	tr|A0A3Q2UE93|A0A3Q2UE93_CHICK	sp|Q9JHI8|NOX4_MOUSE	RootHOG0088904	RootHOG0088904	True	G00061	duplication	high	14	true	0.976	56
NOX	A0A3Q2UE93	Q9NPH5	FP	TN	Family0087148	tr|A0A3Q2UE93|A0A3Q2UE93_CHICK	sp|Q9NPH5|NOX4_HUMAN	RootHOG0088904	RootHOG0088904	True	G00061	duplication	high	14	true	0.976	56
NOX	A0A5F4CEF0	A7RPH5	FP	TN	Family0087148	tr|A0A5F4CEF0|A0A5F4CEF0_CANLF	tr|A7RPH5|A7RPH5_NEMVE	RootHOG0088904	RootHOG0088904	True	G00061	duplication	high	14	true	0.976	56
NOX	A0A5F4CEF0	E1BFF3	FP	TN	Family0087148	tr|A0A5F4CEF0|A0A5F4CEF0_CANLF	tr|E1BFF3|E1BFF3_BOVIN	RootHOG0088904	RootHOG0088904	True	G00057	duplication	high	10	true	0.991	35
NOX	A0A5F4CEF0	E1BPJ7	FP	TN	Family0087148	tr|A0A5F4CEF0|A0A5F4CEF0_CANLF	tr|E1BPJ7|E1BPJ7_BOVIN	RootHOG0088904	RootHOG0088904	True	G00056	duplication	high	12	true	0.664	25
NOX	A0A5F4CEF0	F1MQX5	FP	TN	Family0087148	tr|A0A5F4CEF0|A0A5F4CEF0_CANLF	tr|F1MQX5|F1MQX5_BOVIN	RootHOG0088904	RootHOG0088904	True	G00061	duplication	high	14	true	0.976	56
NOX	A0A5F4CEF0	F1NVG4	FP	TN	Family0087148	tr|A0A5F4CEF0|A0A5F4CEF0_CANLF	tr|F1NVG4|F1NVG4_CHICK	RootHOG0088904	RootHOG0088904	True	G00057	duplication	high	10	true	0.991	35
NOX	A0A5F4CEF0	F6Z703	FP	TN	Family0087148	tr|A0A5F4CEF0|A0A5F4CEF0_CANLF	tr|F6Z703|F6Z703_MONDO	RootHOG0088904	RootHOG0088904	True	G00061	duplication	high	14	true	0.976	56
NOX	A0A5F4CEF0	F7AMC8	FP	TN	Family0087148	tr|A0A5F4CEF0|A0A5F4CEF0_CANLF	tr|F7AMC8|F7AMC8_XENTR	RootHOG0088904	RootHOG0088904	True	G00056	duplication	high	12	true	0.664	25
NOX	A0A5F4CEF0	F7CLH6	FP	TN	Family0087148	tr|A0A5F4CEF0|A0A5F4CEF0_CANLF	tr|F7CLH6|F7CLH6_XENTR	RootHOG0088904	RootHOG0088904	True	G00061	duplication	high	14	true	0.976	56
NOX	A0A5F4CEF0	F7ELK5	FP	TN	Family0087148	tr|A0A5F4CEF0|A0A5F4CEF0_CANLF	tr|F7ELK5|F7ELK5_MONDO	RootHOG0088904	RootHOG0088904	True	G00057	duplication	high	10	true	0.991	35
NOX	A0A5F4CEF0	G3QVH2	FP	TN	Family0087148	tr|A0A5F4CEF0|A0A5F4CEF0_CANLF	tr|G3QVH2|G3QVH2_GORGO	RootHOG0088904	RootHOG0088904	True	G00056	duplication	high	12	true	0.664	25
NOX	A0A5F4CEF0	G3RI51	FP	TN	Family0087148	tr|A0A5F4CEF0|A0A5F4CEF0_CANLF	tr|G3RI51|G3RI51_GORGO	RootHOG0088904	RootHOG0088904	True	G00057	duplication	high	10	true	0.991	35
NOX	A0A5F4CEF0	H2M5R6	FP	TN	Family0087148	tr|A0A5F4CEF0|A0A5F4CEF0_CANLF	tr|H2M5R6|H2M5R6_ORYLA	RootHOG0088904	RootHOG0088904	True	G00061	duplication	high	14	true	0.976	56
NOX	A0A5F4CEF0	H2QTY3	FP	TN	Family0087148	tr|A0A5F4CEF0|A0A5F4CEF0_CANLF	tr|H2QTY3|H2QTY3_PANTR	RootHOG0088904	RootHOG0088904	True	G00057	duplication	high	10	true	0.991	35
NOX	A0A5F4CEF0	H2R516	FP	TN	Family0087148	tr|A0A5F4CEF0|A0A5F4CEF0_CANLF	tr|H2R516|H2R516_PANTR	RootHOG0088904	RootHOG0088904	True	G00061	duplication	high	14	true	0.976	56
NOX	A0A5F4CEF0	Q672J9	FP	TN	Family0087148	tr|A0A5F4CEF0|A0A5F4CEF0_CANLF	sp|Q672J9|NOX3_MOUSE	RootHOG0088904	RootHOG0088904	True	G00057	duplication	high	10	true	0.991	35
NOX	A0A5F4CEF0	Q672K1	FP	TN	Family0087148	tr|A0A5F4CEF0|A0A5F4CEF0_CANLF	sp|Q672K1|NOX3_RAT	RootHOG0088904	RootHOG0088904	True	G00057	duplication	high	10	true	0.991	35
NOX	A0A5F4CEF0	Q8CIZ9	FP	TN	Family0087148	tr|A0A5F4CEF0|A0A5F4CEF0_CANLF	sp|Q8CIZ9|NOX1_MOUSE	RootHOG0088904	RootHOG0088904	True	G00056	duplication	high	12	true	0.664	25
NOX	A0A5F4CEF0	Q924V1	FP	TN	Family0087148	tr|A0A5F4CEF0|A0A5F4CEF0_CANLF	sp|Q924V1|NOX4_RAT	RootHOG0088904	RootHOG0088904	True	G00061	duplication	high	14	true	0.976	56
NOX	A0A5F4CEF0	Q9HBY0	FP	TN	Family0087148	tr|A0A5F4CEF0|A0A5F4CEF0_CANLF	sp|Q9HBY0|NOX3_HUMAN	RootHOG0088904	RootHOG0088904	True	G00057	duplication	high	10	true	0.991	35
NOX	A0A5F4CEF0	Q9JHI8	FP	TN	Family0087148	tr|A0A5F4CEF0|A0A5F4CEF0_CANLF	sp|Q9JHI8|NOX4_MOUSE	RootHOG0088904	RootHOG0088904	True	G00061	duplication	high	14	true	0.976	56
NOX	A0A5F4CEF0	Q9NPH5	FP	TN	Family0087148	tr|A0A5F4CEF0|A0A5F4CEF0_CANLF	sp|Q9NPH5|NOX4_HUMAN	RootHOG0088904	RootHOG0088904	True	G00061	duplication	high	14	true	0.976	56
NOX	A0A5F4CEF0	Q9WV87	FP	TN	Family0087148	tr|A0A5F4CEF0|A0A5F4CEF0_CANLF	sp|Q9WV87|NOX1_RAT	RootHOG0088904	RootHOG0088904	True	G00056	duplication	high	12	true	0.664	25
NOX	A0A5F4CEF0	Q9Y5S8	FP	TN	Family0087148	tr|A0A5F4CEF0|A0A5F4CEF0_CANLF	sp|Q9Y5S8|NOX1_HUMAN	RootHOG0088904	RootHOG0088904	True	G00056	duplication	high	12	true	0.664	25
NOX	A7E3L1	A7RPH5	FP	TN	Family0087148	tr|A7E3L1|A7E3L1_CANLF	tr|A7RPH5|A7RPH5_NEMVE	RootHOG0088904	RootHOG0088904	True	G00061	duplication	high	14	true	0.976	56
NOX	A7E3L1	E1BPJ7	FP	TN	Family0087148	tr|A7E3L1|A7E3L1_CANLF	tr|E1BPJ7|E1BPJ7_BOVIN	RootHOG0088904	RootHOG0088904	True	G00057	duplication	high	10	true	0.991	35
NOX	A7E3L1	F1MQX5	FP	TN	Family0087148	tr|A7E3L1|A7E3L1_CANLF	tr|F1MQX5|F1MQX5_BOVIN	RootHOG0088904	RootHOG0088904	True	G00061	duplication	high	14	true	0.976	56
NOX	A7E3L1	F6U2X4	FP	TN	Family0087148	tr|A7E3L1|A7E3L1_CANLF	tr|F6U2X4|F6U2X4_MONDO	RootHOG0088904	RootHOG0088904	True	G00057	duplication	high	10	true	0.991	35
NOX	A7E3L1	F6Z703	FP	TN	Family0087148	tr|A7E3L1|A7E3L1_CANLF	tr|F6Z703|F6Z703_MONDO	RootHOG0088904	RootHOG0088904	True	G00061	duplication	high	14	true	0.976	56
NOX	A7E3L1	F7AMC8	FP	TN	Family0087148	tr|A7E3L1|A7E3L1_CANLF	tr|F7AMC8|F7AMC8_XENTR	RootHOG0088904	RootHOG0088904	True	G00057	duplication	high	10	true	0.991	35
NOX	A7E3L1	F7CLH6	FP	TN	Family0087148	tr|A7E3L1|A7E3L1_CANLF	tr|F7CLH6|F7CLH6_XENTR	RootHOG0088904	RootHOG0088904	True	G00061	duplication	high	14	true	0.976	56
NOX	A7E3L1	G3QVH2	FP	TN	Family0087148	tr|A7E3L1|A7E3L1_CANLF	tr|G3QVH2|G3QVH2_GORGO	RootHOG0088904	RootHOG0088904	True	G00057	duplication	high	10	true	0.991	35
NOX	A7E3L1	G3QXY3	FP	TN	Family0087148	tr|A7E3L1|A7E3L1_CANLF	tr|G3QXY3|G3QXY3_GORGO	RootHOG0088904	RootHOG0088904	True	G00057	duplication	high	10	true	0.991	35
NOX	A7E3L1	H2L879	FP	TN	Family0087148	tr|A7E3L1|A7E3L1_CANLF	tr|H2L879|H2L879_ORYLA	RootHOG0088904	RootHOG0088904	True	G00057	duplication	high	10	true	0.991	35
NOX	A7E3L1	H2M5R6	FP	TN	Family0087148	tr|A7E3L1|A7E3L1_CANLF	tr|H2M5R6|H2M5R6_ORYLA	RootHOG0088904	RootHOG0088904	True	G00061	duplication	high	14	true	0.976	56
NOX	A7E3L1	H2R4R9	FP	TN	Family0087148	tr|A7E3L1|A7E3L1_CANLF	tr|H2R4R9|H2R4R9_PANTR	RootHOG0088904	RootHOG0088904	True	G00057	duplication	high	10	true	0.991	35
NOX	A7E3L1	H2R516	FP	TN	Family0087148	tr|A7E3L1|A7E3L1_CANLF	tr|H2R516|H2R516_PANTR	RootHOG0088904	RootHOG0088904	True	G00061	duplication	high	14	true	0.976	56
NOX	A7E3L1	O46522	FP	TN	Family0087148	tr|A7E3L1|A7E3L1_CANLF	sp|O46522|CY24B_BOVIN	RootHOG0088904	RootHOG0088904	True	G00057	duplication	high	10	true	0.991	35
NOX	A7E3L1	P04839	FP	TN	Family0087148	tr|A7E3L1|A7E3L1_CANLF	sp|P04839|CY24B_HUMAN	RootHOG0088904	RootHOG0088904	True	G00057	duplication	high	10	true	0.991	35
NOX	A7E3L1	Q505H9	FP	TN	Family0087148	tr|A7E3L1|A7E3L1_CANLF	tr|Q505H9|Q505H9_XENTR	RootHOG0088904	RootHOG0088904	True	G00057	duplication	high	10	true	0.991	35
NOX	A7E3L1	Q61093	FP	TN	Family0087148	tr|A7E3L1|A7E3L1_CANLF	sp|Q61093|CY24B_MOUSE	RootHOG0088904	RootHOG0088904	True	G00057	duplication	high	10	true	0.991	35
NOX	A7E3L1	Q8CIZ9	FP	TN	Family0087148	tr|A7E3L1|A7E3L1_CANLF	sp|Q8CIZ9|NOX1_MOUSE	RootHOG0088904	RootHOG0088904	True	G00057	duplication	high	10	true	0.991	35
NOX	A7E3L1	Q924V1	FP	TN	Family0087148	tr|A7E3L1|A7E3L1_CANLF	sp|Q924V1|NOX4_RAT	RootHOG0088904	RootHOG0088904	True	G00061	duplication	high	14	true	0.976	56
NOX	A7E3L1	Q9ERL1	FP	TN	Family0087148	tr|A7E3L1|A7E3L1_CANLF	tr|Q9ERL1|Q9ERL1_RAT	RootHOG0088904	RootHOG0088904	True	G00057	duplication	high	10	true	0.991	35
NOX	A7E3L1	Q9JHI8	FP	TN	Family0087148	tr|A7E3L1|A7E3L1_CANLF	sp|Q9JHI8|NOX4_MOUSE	RootHOG0088904	RootHOG0088904	True	G00061	duplication	high	14	true	0.976	56
NOX	A7E3L1	Q9NPH5	FP	TN	Family0087148	tr|A7E3L1|A7E3L1_CANLF	sp|Q9NPH5|NOX4_HUMAN	RootHOG0088904	RootHOG0088904	True	G00061	duplication	high	14	true	0.976	56
NOX	A7E3L1	Q9WV87	FP	TN	Family0087148	tr|A7E3L1|A7E3L1_CANLF	sp|Q9WV87|NOX1_RAT	RootHOG0088904	RootHOG0088904	True	G00057	duplication	high	10	true	0.991	35
NOX	A7E3L1	Q9Y5S8	FP	TN	Family0087148	tr|A7E3L1|A7E3L1_CANLF	sp|Q9Y5S8|NOX1_HUMAN	RootHOG0088904	RootHOG0088904	True	G00057	duplication	high	10	true	0.991	35
NOX	A7RPH5	C3XUP1	FP	TN	Family0087148	tr|A7RPH5|A7RPH5_NEMVE	tr|C3XUP1|C3XUP1_BRAFL	RootHOG0088904	RootHOG0088904	True	G00061	duplication	high	14	true	0.976	56
NOX	A7RPH5	E1BFF3	FP	TN	Family0087148	tr|A7RPH5|A7RPH5_NEMVE	tr|E1BFF3|E1BFF3_BOVIN	RootHOG0088904	RootHOG0088904	True	G00061	duplication	high	14	true	0.976	56
NOX	A7RPH5	E1BPJ7	FP	TN	Family0087148	tr|A7RPH5|A7RPH5_NEMVE	tr|E1BPJ7|E1BPJ7_BOVIN	RootHOG0088904	RootHOG0088904	True	G00061	duplication	high	14	true	0.976	56
NOX	A7RPH5	F1NVG4	FP	TN	Family0087148	tr|A7RPH5|A7RPH5_NEMVE	tr|F1NVG4|F1NVG4_CHICK	RootHOG0088904	RootHOG0088904	True	G00061	duplication	high	14	true	0.976	56
NOX	A7RPH5	F1PL03	FP	TN	Family0087148	tr|A7RPH5|A7RPH5_NEMVE	tr|F1PL03|F1PL03_CANLF	RootHOG0088904	RootHOG0088904	True	G00061	duplication	high	14	true	0.976	56
NOX	A7RPH5	F6U2X4	FP	TN	Family0087148	tr|A7RPH5|A7RPH5_NEMVE	tr|F6U2X4|F6U2X4_MONDO	RootHOG0088904	RootHOG0088904	True	G00061	duplication	high	14	true	0.976	56
NOX	A7RPH5	F7AMC8	FP	TN	Family0087148	tr|A7RPH5|A7RPH5_NEMVE	tr|F7AMC8|F7AMC8_XENTR	RootHOG0088904	RootHOG0088904	True	G00061	duplication	high	14	true	0.976	56
NOX	A7RPH5	F7ELK5	FP	TN	Family0087148	tr|A7RPH5|A7RPH5_NEMVE	tr|F7ELK5|F7ELK5_MONDO	RootHOG0088904	RootHOG0088904	True	G00061	duplication	high	14	true	0.976	56
NOX	A7RPH5	G3QVH2	FP	TN	Family0087148	tr|A7RPH5|A7RPH5_NEMVE	tr|G3QVH2|G3QVH2_GORGO	RootHOG0088904	RootHOG0088904	True	G00061	duplication	high	14	true	0.976	56
NOX	A7RPH5	G3QXY3	FP	TN	Family0087148	tr|A7RPH5|A7RPH5_NEMVE	tr|G3QXY3|G3QXY3_GORGO	RootHOG0088904	RootHOG0088904	True	G00061	duplication	high	14	true	0.976	56
NOX	A7RPH5	G3RI51	FP	TN	Family0087148	tr|A7RPH5|A7RPH5_NEMVE	tr|G3RI51|G3RI51_GORGO	RootHOG0088904	RootHOG0088904	True	G00061	duplication	high	14	true	0.976	56
NOX	A7RPH5	H2L879	FP	TN	Family0087148	tr|A7RPH5|A7RPH5_NEMVE	tr|H2L879|H2L879_ORYLA	RootHOG0088904	RootHOG0088904	True	G00061	duplication	high	14	true	0.976	56
NOX	A7RPH5	H2QTY3	FP	TN	Family0087148	tr|A7RPH5|A7RPH5_NEMVE	tr|H2QTY3|H2QTY3_PANTR	RootHOG0088904	RootHOG0088904	True	G00061	duplication	high	14	true	0.976	56
NOX	A7RPH5	H2R4R9	FP	TN	Family0087148	tr|A7RPH5|A7RPH5_NEMVE	tr|H2R4R9|H2R4R9_PANTR	RootHOG0088904	RootHOG0088904	True	G00061	duplication	high	14	true	0.976	56
NOX	A7RPH5	O46522	FP	TN	Family0087148	tr|A7RPH5|A7RPH5_NEMVE	sp|O46522|CY24B_BOVIN	RootHOG0088904	RootHOG0088904	True	G00061	duplication	high	14	true	0.976	56
NOX	A7RPH5	P04839	FP	TN	Family0087148	tr|A7RPH5|A7RPH5_NEMVE	sp|P04839|CY24B_HUMAN	RootHOG0088904	RootHOG0088904	True	G00061	duplication	high	14	true	0.976	56
NOX	A7RPH5	Q505H9	FP	TN	Family0087148	tr|A7RPH5|A7RPH5_NEMVE	tr|Q505H9|Q505H9_XENTR	RootHOG0088904	RootHOG0088904	True	G00061	duplication	high	14	true	0.976	56
NOX	A7RPH5	Q61093	FP	TN	Family0087148	tr|A7RPH5|A7RPH5_NEMVE	sp|Q61093|CY24B_MOUSE	RootHOG0088904	RootHOG0088904	True	G00061	duplication	high	14	true	0.976	56
NOX	A7RPH5	Q672J9	FP	TN	Family0087148	tr|A7RPH5|A7RPH5_NEMVE	sp|Q672J9|NOX3_MOUSE	RootHOG0088904	RootHOG0088904	True	G00061	duplication	high	14	true	0.976	56
NOX	A7RPH5	Q672K1	FP	TN	Family0087148	tr|A7RPH5|A7RPH5_NEMVE	sp|Q672K1|NOX3_RAT	RootHOG0088904	RootHOG0088904	True	G00061	duplication	high	14	true	0.976	56
NOX	A7RPH5	Q8CIZ9	FP	TN	Family0087148	tr|A7RPH5|A7RPH5_NEMVE	sp|Q8CIZ9|NOX1_MOUSE	RootHOG0088904	RootHOG0088904	True	G00061	duplication	high	14	true	0.976	56
NOX	A7RPH5	Q9ERL1	FP	TN	Family0087148	tr|A7RPH5|A7RPH5_NEMVE	tr|Q9ERL1|Q9ERL1_RAT	RootHOG0088904	RootHOG0088904	True	G00061	duplication	high	14	true	0.976	56
NOX	A7RPH5	Q9HBY0	FP	TN	Family0087148	tr|A7RPH5|A7RPH5_NEMVE	sp|Q9HBY0|NOX3_HUMAN	RootHOG0088904	RootHOG0088904	True	G00061	duplication	high	14	true	0.976	56
NOX	A7RPH5	Q9WV87	FP	TN	Family0087148	tr|A7RPH5|A7RPH5_NEMVE	sp|Q9WV87|NOX1_RAT	RootHOG0088904	RootHOG0088904	True	G00061	duplication	high	14	true	0.976	56
NOX	A7RPH5	Q9Y5S8	FP	TN	Family0087148	tr|A7RPH5|A7RPH5_NEMVE	sp|Q9Y5S8|NOX1_HUMAN	RootHOG0088904	RootHOG0088904	True	G00061	duplication	high	14	true	0.976	56
NOX	A7SCJ4	F1MQX5	FP	TN	Family0087148	tr|A7SCJ4|A7SCJ4_NEMVE	tr|F1MQX5|F1MQX5_BOVIN	RootHOG0088904	RootHOG0088904	True	G00061	duplication	high	14	true	0.976	56
NOX	A7SCJ4	F1PSM8	FP	TN	Family0087148	tr|A7SCJ4|A7SCJ4_NEMVE	tr|F1PSM8|F1PSM8_CANLF	RootHOG0088904	RootHOG0088904	True	G00061	duplication	high	14	true	0.976	56
NOX	A7SCJ4	F6Z703	FP	TN	Family0087148	tr|A7SCJ4|A7SCJ4_NEMVE	tr|F6Z703|F6Z703_MONDO	RootHOG0088904	RootHOG0088904	True	G00061	duplication	high	14	true	0.976	56
NOX	A7SCJ4	F7CLH6	FP	TN	Family0087148	tr|A7SCJ4|A7SCJ4_NEMVE	tr|F7CLH6|F7CLH6_XENTR	RootHOG0088904	RootHOG0088904	True	G00061	duplication	high	14	true	0.976	56
NOX	A7SCJ4	H2M5R6	FP	TN	Family0087148	tr|A7SCJ4|A7SCJ4_NEMVE	tr|H2M5R6|H2M5R6_ORYLA	RootHOG0088904	RootHOG0088904	True	G00061	duplication	high	14	true	0.976	56
NOX	A7SCJ4	H2R516	FP	TN	Family0087148	tr|A7SCJ4|A7SCJ4_NEMVE	tr|H2R516|H2R516_PANTR	RootHOG0088904	RootHOG0088904	True	G00061	duplication	high	14	true	0.976	56
NOX	A7SCJ4	Q924V1	FP	TN	Family0087148	tr|A7SCJ4|A7SCJ4_NEMVE	sp|Q924V1|NOX4_RAT	RootHOG0088904	RootHOG0088904	True	G00061	duplication	high	14	true	0.976	56
NOX	A7SCJ4	Q9JHI8	FP	TN	Family0087148	tr|A7SCJ4|A7SCJ4_NEMVE	sp|Q9JHI8|NOX4_MOUSE	RootHOG0088904	RootHOG0088904	True	G00061	duplication	high	14	true	0.976	56
NOX	A7SCJ4	Q9NPH5	FP	TN	Family0087148	tr|A7SCJ4|A7SCJ4_NEMVE	sp|Q9NPH5|NOX4_HUMAN	RootHOG0088904	RootHOG0088904	True	G00061	duplication	high	14	true	0.976	56
NOX	A7SD95	F1MQX5	FP	TN	Family0087148	tr|A7SD95|A7SD95_NEMVE	tr|F1MQX5|F1MQX5_BOVIN	RootHOG0088904	RootHOG0088904	True	G00061	duplication	high	14	true	0.976	56
NOX	A7SD95	F1PSM8	FP	TN	Family0087148	tr|A7SD95|A7SD95_NEMVE	tr|F1PSM8|F1PSM8_CANLF	RootHOG0088904	RootHOG0088904	True	G00061	duplication	high	14	true	0.976	56
NOX	A7SD95	F6Z703	FP	TN	Family0087148	tr|A7SD95|A7SD95_NEMVE	tr|F6Z703|F6Z703_MONDO	RootHOG0088904	RootHOG0088904	True	G00061	duplication	high	14	true	0.976	56
NOX	A7SD95	F7CLH6	FP	TN	Family0087148	tr|A7SD95|A7SD95_NEMVE	tr|F7CLH6|F7CLH6_XENTR	RootHOG0088904	RootHOG0088904	True	G00061	duplication	high	14	true	0.976	56
NOX	A7SD95	H2M5R6	FP	TN	Family0087148	tr|A7SD95|A7SD95_NEMVE	tr|H2M5R6|H2M5R6_ORYLA	RootHOG0088904	RootHOG0088904	True	G00061	duplication	high	14	true	0.976	56
NOX	A7SD95	H2R516	FP	TN	Family0087148	tr|A7SD95|A7SD95_NEMVE	tr|H2R516|H2R516_PANTR	RootHOG0088904	RootHOG0088904	True	G00061	duplication	high	14	true	0.976	56
NOX	A7SD95	Q924V1	FP	TN	Family0087148	tr|A7SD95|A7SD95_NEMVE	sp|Q924V1|NOX4_RAT	RootHOG0088904	RootHOG0088904	True	G00061	duplication	high	14	true	0.976	56
NOX	A7SD95	Q9JHI8	FP	TN	Family0087148	tr|A7SD95|A7SD95_NEMVE	sp|Q9JHI8|NOX4_MOUSE	RootHOG0088904	RootHOG0088904	True	G00061	duplication	high	14	true	0.976	56
NOX	A7SD95	Q9NPH5	FP	TN	Family0087148	tr|A7SD95|A7SD95_NEMVE	sp|Q9NPH5|NOX4_HUMAN	RootHOG0088904	RootHOG0088904	True	G00061	duplication	high	14	true	0.976	56
NOX	C3XUP1	F1MQX5	FP	TN	Family0087148	tr|C3XUP1|C3XUP1_BRAFL	tr|F1MQX5|F1MQX5_BOVIN	RootHOG0088904	RootHOG0088904	True	G00061	duplication	high	14	true	0.976	56
NOX	C3XUP1	F1PSM8	FP	TN	Family0087148	tr|C3XUP1|C3XUP1_BRAFL	tr|F1PSM8|F1PSM8_CANLF	RootHOG0088904	RootHOG0088904	True	G00061	duplication	high	14	true	0.976	56
NOX	C3XUP1	F6Z703	FP	TN	Family0087148	tr|C3XUP1|C3XUP1_BRAFL	tr|F6Z703|F6Z703_MONDO	RootHOG0088904	RootHOG0088904	True	G00061	duplication	high	14	true	0.976	56
NOX	C3XUP1	F7CLH6	FP	TN	Family0087148	tr|C3XUP1|C3XUP1_BRAFL	tr|F7CLH6|F7CLH6_XENTR	RootHOG0088904	RootHOG0088904	True	G00061	duplication	high	14	true	0.976	56
NOX	C3XUP1	H2M5R6	FP	TN	Family0087148	tr|C3XUP1|C3XUP1_BRAFL	tr|H2M5R6|H2M5R6_ORYLA	RootHOG0088904	RootHOG0088904	True	G00061	duplication	high	14	true	0.976	56
NOX	C3XUP1	H2R516	FP	TN	Family0087148	tr|C3XUP1|C3XUP1_BRAFL	tr|H2R516|H2R516_PANTR	RootHOG0088904	RootHOG0088904	True	G00061	duplication	high	14	true	0.976	56
NOX	C3XUP1	Q924V1	FP	TN	Family0087148	tr|C3XUP1|C3XUP1_BRAFL	sp|Q924V1|NOX4_RAT	RootHOG0088904	RootHOG0088904	True	G00061	duplication	high	14	true	0.976	56
NOX	C3XUP1	Q9JHI8	FP	TN	Family0087148	tr|C3XUP1|C3XUP1_BRAFL	sp|Q9JHI8|NOX4_MOUSE	RootHOG0088904	RootHOG0088904	True	G00061	duplication	high	14	true	0.976	56
NOX	C3XUP1	Q9NPH5	FP	TN	Family0087148	tr|C3XUP1|C3XUP1_BRAFL	sp|Q9NPH5|NOX4_HUMAN	RootHOG0088904	RootHOG0088904	True	G00061	duplication	high	14	true	0.976	56
NOX	E1BFF3	F1PL03	FP	TN	Family0087148	tr|E1BFF3|E1BFF3_BOVIN	tr|F1PL03|F1PL03_CANLF	RootHOG0088904	RootHOG0088904	True	G00057	duplication	high	10	true	0.991	35
NOX	E1BFF3	F1PSM8	FP	TN	Family0087148	tr|E1BFF3|E1BFF3_BOVIN	tr|F1PSM8|F1PSM8_CANLF	RootHOG0088904	RootHOG0088904	True	G00061	duplication	high	14	true	0.976	56
NOX	E1BFF3	F6U2X4	FP	TN	Family0087148	tr|E1BFF3|E1BFF3_BOVIN	tr|F6U2X4|F6U2X4_MONDO	RootHOG0088904	RootHOG0088904	True	G00057	duplication	high	10	true	0.991	35
NOX	E1BFF3	F6Z703	FP	TN	Family0087148	tr|E1BFF3|E1BFF3_BOVIN	tr|F6Z703|F6Z703_MONDO	RootHOG0088904	RootHOG0088904	True	G00061	duplication	high	14	true	0.976	56
NOX	E1BFF3	F7AMC8	FP	TN	Family0087148	tr|E1BFF3|E1BFF3_BOVIN	tr|F7AMC8|F7AMC8_XENTR	RootHOG0088904	RootHOG0088904	True	G00057	duplication	high	10	true	0.991	35
NOX	E1BFF3	F7CLH6	FP	TN	Family0087148	tr|E1BFF3|E1BFF3_BOVIN	tr|F7CLH6|F7CLH6_XENTR	RootHOG0088904	RootHOG0088904	True	G00061	duplication	high	14	true	0.976	56
NOX	E1BFF3	G3QVH2	FP	TN	Family0087148	tr|E1BFF3|E1BFF3_BOVIN	tr|G3QVH2|G3QVH2_GORGO	RootHOG0088904	RootHOG0088904	True	G00057	duplication	high	10	true	0.991	35
NOX	E1BFF3	G3QXY3	FP	TN	Family0087148	tr|E1BFF3|E1BFF3_BOVIN	tr|G3QXY3|G3QXY3_GORGO	RootHOG0088904	RootHOG0088904	True	G00057	duplication	high	10	true	0.991	35
NOX	E1BFF3	H2L879	FP	TN	Family0087148	tr|E1BFF3|E1BFF3_BOVIN	tr|H2L879|H2L879_ORYLA	RootHOG0088904	RootHOG0088904	True	G00057	duplication	high	10	true	0.991	35
NOX	E1BFF3	H2M5R6	FP	TN	Family0087148	tr|E1BFF3|E1BFF3_BOVIN	tr|H2M5R6|H2M5R6_ORYLA	RootHOG0088904	RootHOG0088904	True	G00061	duplication	high	14	true	0.976	56
NOX	E1BFF3	H2R4R9	FP	TN	Family0087148	tr|E1BFF3|E1BFF3_BOVIN	tr|H2R4R9|H2R4R9_PANTR	RootHOG0088904	RootHOG0088904	True	G00057	duplication	high	10	true	0.991	35
NOX	E1BFF3	H2R516	FP	TN	Family0087148	tr|E1BFF3|E1BFF3_BOVIN	tr|H2R516|H2R516_PANTR	RootHOG0088904	RootHOG0088904	True	G00061	duplication	high	14	true	0.976	56
NOX	E1BFF3	P04839	FP	TN	Family0087148	tr|E1BFF3|E1BFF3_BOVIN	sp|P04839|CY24B_HUMAN	RootHOG0088904	RootHOG0088904	True	G00057	duplication	high	10	true	0.991	35
NOX	E1BFF3	Q505H9	FP	TN	Family0087148	tr|E1BFF3|E1BFF3_BOVIN	tr|Q505H9|Q505H9_XENTR	RootHOG0088904	RootHOG0088904	True	G00057	duplication	high	10	true	0.991	35
NOX	E1BFF3	Q61093	FP	TN	Family0087148	tr|E1BFF3|E1BFF3_BOVIN	sp|Q61093|CY24B_MOUSE	RootHOG0088904	RootHOG0088904	True	G00057	duplication	high	10	true	0.991	35
NOX	E1BFF3	Q8CIZ9	FP	TN	Family0087148	tr|E1BFF3|E1BFF3_BOVIN	sp|Q8CIZ9|NOX1_MOUSE	RootHOG0088904	RootHOG0088904	True	G00057	duplication	high	10	true	0.991	35
NOX	E1BFF3	Q924V1	FP	TN	Family0087148	tr|E1BFF3|E1BFF3_BOVIN	sp|Q924V1|NOX4_RAT	RootHOG0088904	RootHOG0088904	True	G00061	duplication	high	14	true	0.976	56
NOX	E1BFF3	Q9ERL1	FP	TN	Family0087148	tr|E1BFF3|E1BFF3_BOVIN	tr|Q9ERL1|Q9ERL1_RAT	RootHOG0088904	RootHOG0088904	True	G00057	duplication	high	10	true	0.991	35
NOX	E1BFF3	Q9JHI8	FP	TN	Family0087148	tr|E1BFF3|E1BFF3_BOVIN	sp|Q9JHI8|NOX4_MOUSE	RootHOG0088904	RootHOG0088904	True	G00061	duplication	high	14	true	0.976	56
NOX	E1BFF3	Q9NPH5	FP	TN	Family0087148	tr|E1BFF3|E1BFF3_BOVIN	sp|Q9NPH5|NOX4_HUMAN	RootHOG0088904	RootHOG0088904	True	G00061	duplication	high	14	true	0.976	56
NOX	E1BFF3	Q9WV87	FP	TN	Family0087148	tr|E1BFF3|E1BFF3_BOVIN	sp|Q9WV87|NOX1_RAT	RootHOG0088904	RootHOG0088904	True	G00057	duplication	high	10	true	0.991	35
NOX	E1BFF3	Q9Y5S8	FP	TN	Family0087148	tr|E1BFF3|E1BFF3_BOVIN	sp|Q9Y5S8|NOX1_HUMAN	RootHOG0088904	RootHOG0088904	True	G00057	duplication	high	10	true	0.991	35
NOX	E1BPJ7	F1NVG4	FP	TN	Family0087148	tr|E1BPJ7|E1BPJ7_BOVIN	tr|F1NVG4|F1NVG4_CHICK	RootHOG0088904	RootHOG0088904	True	G00057	duplication	high	10	true	0.991	35
NOX	E1BPJ7	F1PSM8	FP	TN	Family0087148	tr|E1BPJ7|E1BPJ7_BOVIN	tr|F1PSM8|F1PSM8_CANLF	RootHOG0088904	RootHOG0088904	True	G00061	duplication	high	14	true	0.976	56
NOX	E1BPJ7	F6U2X4	FP	TN	Family0087148	tr|E1BPJ7|E1BPJ7_BOVIN	tr|F6U2X4|F6U2X4_MONDO	RootHOG0088904	RootHOG0088904	True	G00056	duplication	high	12	true	0.664	25
NOX	E1BPJ7	F6Z703	FP	TN	Family0087148	tr|E1BPJ7|E1BPJ7_BOVIN	tr|F6Z703|F6Z703_MONDO	RootHOG0088904	RootHOG0088904	True	G00061	duplication	high	14	true	0.976	56
NOX	E1BPJ7	F7CLH6	FP	TN	Family0087148	tr|E1BPJ7|E1BPJ7_BOVIN	tr|F7CLH6|F7CLH6_XENTR	RootHOG0088904	RootHOG0088904	True	G00061	duplication	high	14	true	0.976	56
NOX	E1BPJ7	F7ELK5	FP	TN	Family0087148	tr|E1BPJ7|E1BPJ7_BOVIN	tr|F7ELK5|F7ELK5_MONDO	RootHOG0088904	RootHOG0088904	True	G00057	duplication	high	10	true	0.991	35
NOX	E1BPJ7	G3QXY3	FP	TN	Family0087148	tr|E1BPJ7|E1BPJ7_BOVIN	tr|G3QXY3|G3QXY3_GORGO	RootHOG0088904	RootHOG0088904	True	G00056	duplication	high	12	true	0.664	25
NOX	E1BPJ7	G3RI51	FP	TN	Family0087148	tr|E1BPJ7|E1BPJ7_BOVIN	tr|G3RI51|G3RI51_GORGO	RootHOG0088904	RootHOG0088904	True	G00057	duplication	high	10	true	0.991	35
NOX	E1BPJ7	H2L879	FP	TN	Family0087148	tr|E1BPJ7|E1BPJ7_BOVIN	tr|H2L879|H2L879_ORYLA	RootHOG0088904	RootHOG0088904	True	G00056	duplication	high	12	true	0.664	25
NOX	E1BPJ7	H2M5R6	FP	TN	Family0087148	tr|E1BPJ7|E1BPJ7_BOVIN	tr|H2M5R6|H2M5R6_ORYLA	RootHOG0088904	RootHOG0088904	True	G00061	duplication	high	14	true	0.976	56
NOX	E1BPJ7	H2QTY3	FP	TN	Family0087148	tr|E1BPJ7|E1BPJ7_BOVIN	tr|H2QTY3|H2QTY3_PANTR	RootHOG0088904	RootHOG0088904	True	G00057	duplication	high	10	true	0.991	35
NOX	E1BPJ7	H2R4R9	FP	TN	Family0087148	tr|E1BPJ7|E1BPJ7_BOVIN	tr|H2R4R9|H2R4R9_PANTR	RootHOG0088904	RootHOG0088904	True	G00056	duplication	high	12	true	0.664	25
NOX	E1BPJ7	H2R516	FP	TN	Family0087148	tr|E1BPJ7|E1BPJ7_BOVIN	tr|H2R516|H2R516_PANTR	RootHOG0088904	RootHOG0088904	True	G00061	duplication	high	14	true	0.976	56
NOX	E1BPJ7	P04839	FP	TN	Family0087148	tr|E1BPJ7|E1BPJ7_BOVIN	sp|P04839|CY24B_HUMAN	RootHOG0088904	RootHOG0088904	True	G00056	duplication	high	12	true	0.664	25
NOX	E1BPJ7	Q505H9	FP	TN	Family0087148	tr|E1BPJ7|E1BPJ7_BOVIN	tr|Q505H9|Q505H9_XENTR	RootHOG0088904	RootHOG0088904	True	G00056	duplication	high	12	true	0.664	25
NOX	E1BPJ7	Q61093	FP	TN	Family0087148	tr|E1BPJ7|E1BPJ7_BOVIN	sp|Q61093|CY24B_MOUSE	RootHOG0088904	RootHOG0088904	True	G00056	duplication	high	12	true	0.664	25
NOX	E1BPJ7	Q672J9	FP	TN	Family0087148	tr|E1BPJ7|E1BPJ7_BOVIN	sp|Q672J9|NOX3_MOUSE	RootHOG0088904	RootHOG0088904	True	G00057	duplication	high	10	true	0.991	35
NOX	E1BPJ7	Q672K1	FP	TN	Family0087148	tr|E1BPJ7|E1BPJ7_BOVIN	sp|Q672K1|NOX3_RAT	RootHOG0088904	RootHOG0088904	True	G00057	duplication	high	10	true	0.991	35
NOX	E1BPJ7	Q924V1	FP	TN	Family0087148	tr|E1BPJ7|E1BPJ7_BOVIN	sp|Q924V1|NOX4_RAT	RootHOG0088904	RootHOG0088904	True	G00061	duplication	high	14	true	0.976	56
NOX	E1BPJ7	Q9ERL1	FP	TN	Family0087148	tr|E1BPJ7|E1BPJ7_BOVIN	tr|Q9ERL1|Q9ERL1_RAT	RootHOG0088904	RootHOG0088904	True	G00056	duplication	high	12	true	0.664	25
NOX	E1BPJ7	Q9HBY0	FP	TN	Family0087148	tr|E1BPJ7|E1BPJ7_BOVIN	sp|Q9HBY0|NOX3_HUMAN	RootHOG0088904	RootHOG0088904	True	G00057	duplication	high	10	true	0.991	35
NOX	E1BPJ7	Q9JHI8	FP	TN	Family0087148	tr|E1BPJ7|E1BPJ7_BOVIN	sp|Q9JHI8|NOX4_MOUSE	RootHOG0088904	RootHOG0088904	True	G00061	duplication	high	14	true	0.976	56
NOX	E1BPJ7	Q9NPH5	FP	TN	Family0087148	tr|E1BPJ7|E1BPJ7_BOVIN	sp|Q9NPH5|NOX4_HUMAN	RootHOG0088904	RootHOG0088904	True	G00061	duplication	high	14	true	0.976	56
NOX	F1MQX5	F1NVG4	FP	TN	Family0087148	tr|F1MQX5|F1MQX5_BOVIN	tr|F1NVG4|F1NVG4_CHICK	RootHOG0088904	RootHOG0088904	True	G00061	duplication	high	14	true	0.976	56
NOX	F1MQX5	F1PL03	FP	TN	Family0087148	tr|F1MQX5|F1MQX5_BOVIN	tr|F1PL03|F1PL03_CANLF	RootHOG0088904	RootHOG0088904	True	G00061	duplication	high	14	true	0.976	56
NOX	F1MQX5	F6U2X4	FP	TN	Family0087148	tr|F1MQX5|F1MQX5_BOVIN	tr|F6U2X4|F6U2X4_MONDO	RootHOG0088904	RootHOG0088904	True	G00061	duplication	high	14	true	0.976	56
NOX	F1MQX5	F7AMC8	FP	TN	Family0087148	tr|F1MQX5|F1MQX5_BOVIN	tr|F7AMC8|F7AMC8_XENTR	RootHOG0088904	RootHOG0088904	True	G00061	duplication	high	14	true	0.976	56
NOX	F1MQX5	F7ELK5	FP	TN	Family0087148	tr|F1MQX5|F1MQX5_BOVIN	tr|F7ELK5|F7ELK5_MONDO	RootHOG0088904	RootHOG0088904	True	G00061	duplication	high	14	true	0.976	56
NOX	F1MQX5	G3QVH2	FP	TN	Family0087148	tr|F1MQX5|F1MQX5_BOVIN	tr|G3QVH2|G3QVH2_GORGO	RootHOG0088904	RootHOG0088904	True	G00061	duplication	high	14	true	0.976	56
NOX	F1MQX5	G3QXY3	FP	TN	Family0087148	tr|F1MQX5|F1MQX5_BOVIN	tr|G3QXY3|G3QXY3_GORGO	RootHOG0088904	RootHOG0088904	True	G00061	duplication	high	14	true	0.976	56
NOX	F1MQX5	G3RI51	FP	TN	Family0087148	tr|F1MQX5|F1MQX5_BOVIN	tr|G3RI51|G3RI51_GORGO	RootHOG0088904	RootHOG0088904	True	G00061	duplication	high	14	true	0.976	56
NOX	F1MQX5	H2L879	FP	TN	Family0087148	tr|F1MQX5|F1MQX5_BOVIN	tr|H2L879|H2L879_ORYLA	RootHOG0088904	RootHOG0088904	True	G00061	duplication	high	14	true	0.976	56
NOX	F1MQX5	H2QTY3	FP	TN	Family0087148	tr|F1MQX5|F1MQX5_BOVIN	tr|H2QTY3|H2QTY3_PANTR	RootHOG0088904	RootHOG0088904	True	G00061	duplication	high	14	true	0.976	56
NOX	F1MQX5	H2R4R9	FP	TN	Family0087148	tr|F1MQX5|F1MQX5_BOVIN	tr|H2R4R9|H2R4R9_PANTR	RootHOG0088904	RootHOG0088904	True	G00061	duplication	high	14	true	0.976	56
NOX	F1MQX5	P04839	FP	TN	Family0087148	tr|F1MQX5|F1MQX5_BOVIN	sp|P04839|CY24B_HUMAN	RootHOG0088904	RootHOG0088904	True	G00061	duplication	high	14	true	0.976	56
NOX	F1MQX5	Q505H9	FP	TN	Family0087148	tr|F1MQX5|F1MQX5_BOVIN	tr|Q505H9|Q505H9_XENTR	RootHOG0088904	RootHOG0088904	True	G00061	duplication	high	14	true	0.976	56
NOX	F1MQX5	Q61093	FP	TN	Family0087148	tr|F1MQX5|F1MQX5_BOVIN	sp|Q61093|CY24B_MOUSE	RootHOG0088904	RootHOG0088904	True	G00061	duplication	high	14	true	0.976	56
NOX	F1MQX5	Q672J9	FP	TN	Family0087148	tr|F1MQX5|F1MQX5_BOVIN	sp|Q672J9|NOX3_MOUSE	RootHOG0088904	RootHOG0088904	True	G00061	duplication	high	14	true	0.976	56
NOX	F1MQX5	Q672K1	FP	TN	Family0087148	tr|F1MQX5|F1MQX5_BOVIN	sp|Q672K1|NOX3_RAT	RootHOG0088904	RootHOG0088904	True	G00061	duplication	high	14	true	0.976	56
NOX	F1MQX5	Q8CIZ9	FP	TN	Family0087148	tr|F1MQX5|F1MQX5_BOVIN	sp|Q8CIZ9|NOX1_MOUSE	RootHOG0088904	RootHOG0088904	True	G00061	duplication	high	14	true	0.976	56
NOX	F1MQX5	Q9ERL1	FP	TN	Family0087148	tr|F1MQX5|F1MQX5_BOVIN	tr|Q9ERL1|Q9ERL1_RAT	RootHOG0088904	RootHOG0088904	True	G00061	duplication	high	14	true	0.976	56
NOX	F1MQX5	Q9HBY0	FP	TN	Family0087148	tr|F1MQX5|F1MQX5_BOVIN	sp|Q9HBY0|NOX3_HUMAN	RootHOG0088904	RootHOG0088904	True	G00061	duplication	high	14	true	0.976	56
NOX	F1MQX5	Q9WV87	FP	TN	Family0087148	tr|F1MQX5|F1MQX5_BOVIN	sp|Q9WV87|NOX1_RAT	RootHOG0088904	RootHOG0088904	True	G00061	duplication	high	14	true	0.976	56
NOX	F1MQX5	Q9Y5S8	FP	TN	Family0087148	tr|F1MQX5|F1MQX5_BOVIN	sp|Q9Y5S8|NOX1_HUMAN	RootHOG0088904	RootHOG0088904	True	G00061	duplication	high	14	true	0.976	56
NOX	F1NVG4	F1PL03	FP	TN	Family0087148	tr|F1NVG4|F1NVG4_CHICK	tr|F1PL03|F1PL03_CANLF	RootHOG0088904	RootHOG0088904	True	G00057	duplication	high	10	true	0.991	35
NOX	F1NVG4	F1PSM8	FP	TN	Family0087148	tr|F1NVG4|F1NVG4_CHICK	tr|F1PSM8|F1PSM8_CANLF	RootHOG0088904	RootHOG0088904	True	G00061	duplication	high	14	true	0.976	56
NOX	F1NVG4	F6U2X4	FP	TN	Family0087148	tr|F1NVG4|F1NVG4_CHICK	tr|F6U2X4|F6U2X4_MONDO	RootHOG0088904	RootHOG0088904	True	G00057	duplication	high	10	true	0.991	35
NOX	F1NVG4	F6Z703	FP	TN	Family0087148	tr|F1NVG4|F1NVG4_CHICK	tr|F6Z703|F6Z703_MONDO	RootHOG0088904	RootHOG0088904	True	G00061	duplication	high	14	true	0.976	56
NOX	F1NVG4	F7AMC8	FP	TN	Family0087148	tr|F1NVG4|F1NVG4_CHICK	tr|F7AMC8|F7AMC8_XENTR	RootHOG0088904	RootHOG0088904	True	G00057	duplication	high	10	true	0.991	35
NOX	F1NVG4	F7CLH6	FP	TN	Family0087148	tr|F1NVG4|F1NVG4_CHICK	tr|F7CLH6|F7CLH6_XENTR	RootHOG0088904	RootHOG0088904	True	G00061	duplication	high	14	true	0.976	56
NOX	F1NVG4	G3QVH2	FP	TN	Family0087148	tr|F1NVG4|F1NVG4_CHICK	tr|G3QVH2|G3QVH2_GORGO	RootHOG0088904	RootHOG0088904	True	G00057	duplication	high	10	true	0.991	35
NOX	F1NVG4	G3QXY3	FP	TN	Family0087148	tr|F1NVG4|F1NVG4_CHICK	tr|G3QXY3|G3QXY3_GORGO	RootHOG0088904	RootHOG0088904	True	G00057	duplication	high	10	true	0.991	35
NOX	F1NVG4	H2L879	FP	TN	Family0087148	tr|F1NVG4|F1NVG4_CHICK	tr|H2L879|H2L879_ORYLA	RootHOG0088904	RootHOG0088904	True	G00057	duplication	high	10	true	0.991	35
NOX	F1NVG4	H2M5R6	FP	TN	Family0087148	tr|F1NVG4|F1NVG4_CHICK	tr|H2M5R6|H2M5R6_ORYLA	RootHOG0088904	RootHOG0088904	True	G00061	duplication	high	14	true	0.976	56
NOX	F1NVG4	H2R4R9	FP	TN	Family0087148	tr|F1NVG4|F1NVG4_CHICK	tr|H2R4R9|H2R4R9_PANTR	RootHOG0088904	RootHOG0088904	True	G00057	duplication	high	10	true	0.991	35
NOX	F1NVG4	H2R516	FP	TN	Family0087148	tr|F1NVG4|F1NVG4_CHICK	tr|H2R516|H2R516_PANTR	RootHOG0088904	RootHOG0088904	True	G00061	duplication	high	14	true	0.976	56
NOX	F1NVG4	O46522	FP	TN	Family0087148	tr|F1NVG4|F1NVG4_CHICK	sp|O46522|CY24B_BOVIN	RootHOG0088904	RootHOG0088904	True	G00057	duplication	high	10	true	0.991	35
NOX	F1NVG4	P04839	FP	TN	Family0087148	tr|F1NVG4|F1NVG4_CHICK	sp|P04839|CY24B_HUMAN	RootHOG0088904	RootHOG0088904	True	G00057	duplication	high	10	true	0.991	35
NOX	F1NVG4	Q505H9	FP	TN	Family0087148	tr|F1NVG4|F1NVG4_CHICK	tr|Q505H9|Q505H9_XENTR	RootHOG0088904	RootHOG0088904	True	G00057	duplication	high	10	true	0.991	35
NOX	F1NVG4	Q61093	FP	TN	Family0087148	tr|F1NVG4|F1NVG4_CHICK	sp|Q61093|CY24B_MOUSE	RootHOG0088904	RootHOG0088904	True	G00057	duplication	high	10	true	0.991	35
NOX	F1NVG4	Q8CIZ9	FP	TN	Family0087148	tr|F1NVG4|F1NVG4_CHICK	sp|Q8CIZ9|NOX1_MOUSE	RootHOG0088904	RootHOG0088904	True	G00057	duplication	high	10	true	0.991	35
NOX	F1NVG4	Q924V1	FP	TN	Family0087148	tr|F1NVG4|F1NVG4_CHICK	sp|Q924V1|NOX4_RAT	RootHOG0088904	RootHOG0088904	True	G00061	duplication	high	14	true	0.976	56
NOX	F1NVG4	Q9ERL1	FP	TN	Family0087148	tr|F1NVG4|F1NVG4_CHICK	tr|Q9ERL1|Q9ERL1_RAT	RootHOG0088904	RootHOG0088904	True	G00057	duplication	high	10	true	0.991	35
NOX	F1NVG4	Q9JHI8	FP	TN	Family0087148	tr|F1NVG4|F1NVG4_CHICK	sp|Q9JHI8|NOX4_MOUSE	RootHOG0088904	RootHOG0088904	True	G00061	duplication	high	14	true	0.976	56
NOX	F1NVG4	Q9NPH5	FP	TN	Family0087148	tr|F1NVG4|F1NVG4_CHICK	sp|Q9NPH5|NOX4_HUMAN	RootHOG0088904	RootHOG0088904	True	G00061	duplication	high	14	true	0.976	56
NOX	F1NVG4	Q9WV87	FP	TN	Family0087148	tr|F1NVG4|F1NVG4_CHICK	sp|Q9WV87|NOX1_RAT	RootHOG0088904	RootHOG0088904	True	G00057	duplication	high	10	true	0.991	35
NOX	F1NVG4	Q9Y5S8	FP	TN	Family0087148	tr|F1NVG4|F1NVG4_CHICK	sp|Q9Y5S8|NOX1_HUMAN	RootHOG0088904	RootHOG0088904	True	G00057	duplication	high	10	true	0.991	35
NOX	F1PL03	F6U2X4	FP	TN	Family0087148	tr|F1PL03|F1PL03_CANLF	tr|F6U2X4|F6U2X4_MONDO	RootHOG0088904	RootHOG0088904	True	G00056	duplication	high	12	true	0.664	25
NOX	F1PL03	F6Z703	FP	TN	Family0087148	tr|F1PL03|F1PL03_CANLF	tr|F6Z703|F6Z703_MONDO	RootHOG0088904	RootHOG0088904	True	G00061	duplication	high	14	true	0.976	56
NOX	F1PL03	F7CLH6	FP	TN	Family0087148	tr|F1PL03|F1PL03_CANLF	tr|F7CLH6|F7CLH6_XENTR	RootHOG0088904	RootHOG0088904	True	G00061	duplication	high	14	true	0.976	56
NOX	F1PL03	F7ELK5	FP	TN	Family0087148	tr|F1PL03|F1PL03_CANLF	tr|F7ELK5|F7ELK5_MONDO	RootHOG0088904	RootHOG0088904	True	G00057	duplication	high	10	true	0.991	35
NOX	F1PL03	G3QXY3	FP	TN	Family0087148	tr|F1PL03|F1PL03_CANLF	tr|G3QXY3|G3QXY3_GORGO	RootHOG0088904	RootHOG0088904	True	G00056	duplication	high	12	true	0.664	25
NOX	F1PL03	G3RI51	FP	TN	Family0087148	tr|F1PL03|F1PL03_CANLF	tr|G3RI51|G3RI51_GORGO	RootHOG0088904	RootHOG0088904	True	G00057	duplication	high	10	true	0.991	35
NOX	F1PL03	H2L879	FP	TN	Family0087148	tr|F1PL03|F1PL03_CANLF	tr|H2L879|H2L879_ORYLA	RootHOG0088904	RootHOG0088904	True	G00056	duplication	high	12	true	0.664	25
NOX	F1PL03	H2M5R6	FP	TN	Family0087148	tr|F1PL03|F1PL03_CANLF	tr|H2M5R6|H2M5R6_ORYLA	RootHOG0088904	RootHOG0088904	True	G00061	duplication	high	14	true	0.976	56
NOX	F1PL03	H2QTY3	FP	TN	Family0087148	tr|F1PL03|F1PL03_CANLF	tr|H2QTY3|H2QTY3_PANTR	RootHOG0088904	RootHOG0088904	True	G00057	duplication	high	10	true	0.991	35
NOX	F1PL03	H2R4R9	FP	TN	Family0087148	tr|F1PL03|F1PL03_CANLF	tr|H2R4R9|H2R4R9_PANTR	RootHOG0088904	RootHOG0088904	True	G00056	duplication	high	12	true	0.664	25
NOX	F1PL03	H2R516	FP	TN	Family0087148	tr|F1PL03|F1PL03_CANLF	tr|H2R516|H2R516_PANTR	RootHOG0088904	RootHOG0088904	True	G00061	duplication	high	14	true	0.976	56
NOX	F1PL03	O46522	FP	TN	Family0087148	tr|F1PL03|F1PL03_CANLF	sp|O46522|CY24B_BOVIN	RootHOG0088904	RootHOG0088904	True	G00056	duplication	high	12	true	0.664	25
NOX	F1PL03	P04839	FP	TN	Family0087148	tr|F1PL03|F1PL03_CANLF	sp|P04839|CY24B_HUMAN	RootHOG0088904	RootHOG0088904	True	G00056	duplication	high	12	true	0.664	25
NOX	F1PL03	Q505H9	FP	TN	Family0087148	tr|F1PL03|F1PL03_CANLF	tr|Q505H9|Q505H9_XENTR	RootHOG0088904	RootHOG0088904	True	G00056	duplication	high	12	true	0.664	25
NOX	F1PL03	Q61093	FP	TN	Family0087148	tr|F1PL03|F1PL03_CANLF	sp|Q61093|CY24B_MOUSE	RootHOG0088904	RootHOG0088904	True	G00056	duplication	high	12	true	0.664	25
NOX	F1PL03	Q672J9	FP	TN	Family0087148	tr|F1PL03|F1PL03_CANLF	sp|Q672J9|NOX3_MOUSE	RootHOG0088904	RootHOG0088904	True	G00057	duplication	high	10	true	0.991	35
NOX	F1PL03	Q672K1	FP	TN	Family0087148	tr|F1PL03|F1PL03_CANLF	sp|Q672K1|NOX3_RAT	RootHOG0088904	RootHOG0088904	True	G00057	duplication	high	10	true	0.991	35
NOX	F1PL03	Q924V1	FP	TN	Family0087148	tr|F1PL03|F1PL03_CANLF	sp|Q924V1|NOX4_RAT	RootHOG0088904	RootHOG0088904	True	G00061	duplication	high	14	true	0.976	56
NOX	F1PL03	Q9ERL1	FP	TN	Family0087148	tr|F1PL03|F1PL03_CANLF	tr|Q9ERL1|Q9ERL1_RAT	RootHOG0088904	RootHOG0088904	True	G00056	duplication	high	12	true	0.664	25
NOX	F1PL03	Q9HBY0	FP	TN	Family0087148	tr|F1PL03|F1PL03_CANLF	sp|Q9HBY0|NOX3_HUMAN	RootHOG0088904	RootHOG0088904	True	G00057	duplication	high	10	true	0.991	35
NOX	F1PL03	Q9JHI8	FP	TN	Family0087148	tr|F1PL03|F1PL03_CANLF	sp|Q9JHI8|NOX4_MOUSE	RootHOG0088904	RootHOG0088904	True	G00061	duplication	high	14	true	0.976	56
NOX	F1PL03	Q9NPH5	FP	TN	Family0087148	tr|F1PL03|F1PL03_CANLF	sp|Q9NPH5|NOX4_HUMAN	RootHOG0088904	RootHOG0088904	True	G00061	duplication	high	14	true	0.976	56
NOX	F1PSM8	F6U2X4	FP	TN	Family0087148	tr|F1PSM8|F1PSM8_CANLF	tr|F6U2X4|F6U2X4_MONDO	RootHOG0088904	RootHOG0088904	True	G00061	duplication	high	14	true	0.976	56
NOX	F1PSM8	F7AMC8	FP	TN	Family0087148	tr|F1PSM8|F1PSM8_CANLF	tr|F7AMC8|F7AMC8_XENTR	RootHOG0088904	RootHOG0088904	True	G00061	duplication	high	14	true	0.976	56
NOX	F1PSM8	F7ELK5	FP	TN	Family0087148	tr|F1PSM8|F1PSM8_CANLF	tr|F7ELK5|F7ELK5_MONDO	RootHOG0088904	RootHOG0088904	True	G00061	duplication	high	14	true	0.976	56
NOX	F1PSM8	G3QVH2	FP	TN	Family0087148	tr|F1PSM8|F1PSM8_CANLF	tr|G3QVH2|G3QVH2_GORGO	RootHOG0088904	RootHOG0088904	True	G00061	duplication	high	14	true	0.976	56
NOX	F1PSM8	G3QXY3	FP	TN	Family0087148	tr|F1PSM8|F1PSM8_CANLF	tr|G3QXY3|G3QXY3_GORGO	RootHOG0088904	RootHOG0088904	True	G00061	duplication	high	14	true	0.976	56
NOX	F1PSM8	G3RI51	FP	TN	Family0087148	tr|F1PSM8|F1PSM8_CANLF	tr|G3RI51|G3RI51_GORGO	RootHOG0088904	RootHOG0088904	True	G00061	duplication	high	14	true	0.976	56
NOX	F1PSM8	H2L879	FP	TN	Family0087148	tr|F1PSM8|F1PSM8_CANLF	tr|H2L879|H2L879_ORYLA	RootHOG0088904	RootHOG0088904	True	G00061	duplication	high	14	true	0.976	56
NOX	F1PSM8	H2QTY3	FP	TN	Family0087148	tr|F1PSM8|F1PSM8_CANLF	tr|H2QTY3|H2QTY3_PANTR	RootHOG0088904	RootHOG0088904	True	G00061	duplication	high	14	true	0.976	56
NOX	F1PSM8	H2R4R9	FP	TN	Family0087148	tr|F1PSM8|F1PSM8_CANLF	tr|H2R4R9|H2R4R9_PANTR	RootHOG0088904	RootHOG0088904	True	G00061	duplication	high	14	true	0.976	56
NOX	F1PSM8	O46522	FP	TN	Family0087148	tr|F1PSM8|F1PSM8_CANLF	sp|O46522|CY24B_BOVIN	RootHOG0088904	RootHOG0088904	True	G00061	duplication	high	14	true	0.976	56
NOX	F1PSM8	P04839	FP	TN	Family0087148	tr|F1PSM8|F1PSM8_CANLF	sp|P04839|CY24B_HUMAN	RootHOG0088904	RootHOG0088904	True	G00061	duplication	high	14	true	0.976	56
NOX	F1PSM8	Q505H9	FP	TN	Family0087148	tr|F1PSM8|F1PSM8_CANLF	tr|Q505H9|Q505H9_XENTR	RootHOG0088904	RootHOG0088904	True	G00061	duplication	high	14	true	0.976	56
NOX	F1PSM8	Q61093	FP	TN	Family0087148	tr|F1PSM8|F1PSM8_CANLF	sp|Q61093|CY24B_MOUSE	RootHOG0088904	RootHOG0088904	True	G00061	duplication	high	14	true	0.976	56
NOX	F1PSM8	Q672J9	FP	TN	Family0087148	tr|F1PSM8|F1PSM8_CANLF	sp|Q672J9|NOX3_MOUSE	RootHOG0088904	RootHOG0088904	True	G00061	duplication	high	14	true	0.976	56
NOX	F1PSM8	Q672K1	FP	TN	Family0087148	tr|F1PSM8|F1PSM8_CANLF	sp|Q672K1|NOX3_RAT	RootHOG0088904	RootHOG0088904	True	G00061	duplication	high	14	true	0.976	56
NOX	F1PSM8	Q8CIZ9	FP	TN	Family0087148	tr|F1PSM8|F1PSM8_CANLF	sp|Q8CIZ9|NOX1_MOUSE	RootHOG0088904	RootHOG0088904	True	G00061	duplication	high	14	true	0.976	56
NOX	F1PSM8	Q9ERL1	FP	TN	Family0087148	tr|F1PSM8|F1PSM8_CANLF	tr|Q9ERL1|Q9ERL1_RAT	RootHOG0088904	RootHOG0088904	True	G00061	duplication	high	14	true	0.976	56
NOX	F1PSM8	Q9HBY0	FP	TN	Family0087148	tr|F1PSM8|F1PSM8_CANLF	sp|Q9HBY0|NOX3_HUMAN	RootHOG0088904	RootHOG0088904	True	G00061	duplication	high	14	true	0.976	56
NOX	F1PSM8	Q9WV87	FP	TN	Family0087148	tr|F1PSM8|F1PSM8_CANLF	sp|Q9WV87|NOX1_RAT	RootHOG0088904	RootHOG0088904	True	G00061	duplication	high	14	true	0.976	56
NOX	F1PSM8	Q9Y5S8	FP	TN	Family0087148	tr|F1PSM8|F1PSM8_CANLF	sp|Q9Y5S8|NOX1_HUMAN	RootHOG0088904	RootHOG0088904	True	G00061	duplication	high	14	true	0.976	56
NOX	F6U2X4	F7AMC8	FP	TN	Family0087148	tr|F6U2X4|F6U2X4_MONDO	tr|F7AMC8|F7AMC8_XENTR	RootHOG0088904	RootHOG0088904	True	G00056	duplication	high	12	true	0.664	25
NOX	F6U2X4	F7CLH6	FP	TN	Family0087148	tr|F6U2X4|F6U2X4_MONDO	tr|F7CLH6|F7CLH6_XENTR	RootHOG0088904	RootHOG0088904	True	G00061	duplication	high	14	true	0.976	56
NOX	F6U2X4	G3QVH2	FP	TN	Family0087148	tr|F6U2X4|F6U2X4_MONDO	tr|G3QVH2|G3QVH2_GORGO	RootHOG0088904	RootHOG0088904	True	G00056	duplication	high	12	true	0.664	25
NOX	F6U2X4	G3RI51	FP	TN	Family0087148	tr|F6U2X4|F6U2X4_MONDO	tr|G3RI51|G3RI51_GORGO	RootHOG0088904	RootHOG0088904	True	G00057	duplication	high	10	true	0.991	35
NOX	F6U2X4	H2M5R6	FP	TN	Family0087148	tr|F6U2X4|F6U2X4_MONDO	tr|H2M5R6|H2M5R6_ORYLA	RootHOG0088904	RootHOG0088904	True	G00061	duplication	high	14	true	0.976	56
NOX	F6U2X4	H2QTY3	FP	TN	Family0087148	tr|F6U2X4|F6U2X4_MONDO	tr|H2QTY3|H2QTY3_PANTR	RootHOG0088904	RootHOG0088904	True	G00057	duplication	high	10	true	0.991	35
NOX	F6U2X4	H2R516	FP	TN	Family0087148	tr|F6U2X4|F6U2X4_MONDO	tr|H2R516|H2R516_PANTR	RootHOG0088904	RootHOG0088904	True	G00061	duplication	high	14	true	0.976	56
NOX	F6U2X4	Q672J9	FP	TN	Family0087148	tr|F6U2X4|F6U2X4_MONDO	sp|Q672J9|NOX3_MOUSE	RootHOG0088904	RootHOG0088904	True	G00057	duplication	high	10	true	0.991	35
NOX	F6U2X4	Q672K1	FP	TN	Family0087148	tr|F6U2X4|F6U2X4_MONDO	sp|Q672K1|NOX3_RAT	RootHOG0088904	RootHOG0088904	True	G00057	duplication	high	10	true	0.991	35
NOX	F6U2X4	Q8CIZ9	FP	TN	Family0087148	tr|F6U2X4|F6U2X4_MONDO	sp|Q8CIZ9|NOX1_MOUSE	RootHOG0088904	RootHOG0088904	True	G00056	duplication	high	12	true	0.664	25
NOX	F6U2X4	Q924V1	FP	TN	Family0087148	tr|F6U2X4|F6U2X4_MONDO	sp|Q924V1|NOX4_RAT	RootHOG0088904	RootHOG0088904	True	G00061	duplication	high	14	true	0.976	56
NOX	F6U2X4	Q9HBY0	FP	TN	Family0087148	tr|F6U2X4|F6U2X4_MONDO	sp|Q9HBY0|NOX3_HUMAN	RootHOG0088904	RootHOG0088904	True	G00057	duplication	high	10	true	0.991	35
NOX	F6U2X4	Q9JHI8	FP	TN	Family0087148	tr|F6U2X4|F6U2X4_MONDO	sp|Q9JHI8|NOX4_MOUSE	RootHOG0088904	RootHOG0088904	True	G00061	duplication	high	14	true	0.976	56
NOX	F6U2X4	Q9NPH5	FP	TN	Family0087148	tr|F6U2X4|F6U2X4_MONDO	sp|Q9NPH5|NOX4_HUMAN	RootHOG0088904	RootHOG0088904	True	G00061	duplication	high	14	true	0.976	56
NOX	F6U2X4	Q9WV87	FP	TN	Family0087148	tr|F6U2X4|F6U2X4_MONDO	sp|Q9WV87|NOX1_RAT	RootHOG0088904	RootHOG0088904	True	G00056	duplication	high	12	true	0.664	25
NOX	F6U2X4	Q9Y5S8	FP	TN	Family0087148	tr|F6U2X4|F6U2X4_MONDO	sp|Q9Y5S8|NOX1_HUMAN	RootHOG0088904	RootHOG0088904	True	G00056	duplication	high	12	true	0.664	25
NOX	F6Z703	F7AMC8	FP	TN	Family0087148	tr|F6Z703|F6Z703_MONDO	tr|F7AMC8|F7AMC8_XENTR	RootHOG0088904	RootHOG0088904	True	G00061	duplication	high	14	true	0.976	56
NOX	F6Z703	G3QVH2	FP	TN	Family0087148	tr|F6Z703|F6Z703_MONDO	tr|G3QVH2|G3QVH2_GORGO	RootHOG0088904	RootHOG0088904	True	G00061	duplication	high	14	true	0.976	56
NOX	F6Z703	G3QXY3	FP	TN	Family0087148	tr|F6Z703|F6Z703_MONDO	tr|G3QXY3|G3QXY3_GORGO	RootHOG0088904	RootHOG0088904	True	G00061	duplication	high	14	true	0.976	56
NOX	F6Z703	G3RI51	FP	TN	Family0087148	tr|F6Z703|F6Z703_MONDO	tr|G3RI51|G3RI51_GORGO	RootHOG0088904	RootHOG0088904	True	G00061	duplication	high	14	true	0.976	56
NOX	F6Z703	H2L879	FP	TN	Family0087148	tr|F6Z703|F6Z703_MONDO	tr|H2L879|H2L879_ORYLA	RootHOG0088904	RootHOG0088904	True	G00061	duplication	high	14	true	0.976	56
NOX	F6Z703	H2QTY3	FP	TN	Family0087148	tr|F6Z703|F6Z703_MONDO	tr|H2QTY3|H2QTY3_PANTR	RootHOG0088904	RootHOG0088904	True	G00061	duplication	high	14	true	0.976	56
NOX	F6Z703	H2R4R9	FP	TN	Family0087148	tr|F6Z703|F6Z703_MONDO	tr|H2R4R9|H2R4R9_PANTR	RootHOG0088904	RootHOG0088904	True	G00061	duplication	high	14	true	0.976	56
NOX	F6Z703	O46522	FP	TN	Family0087148	tr|F6Z703|F6Z703_MONDO	sp|O46522|CY24B_BOVIN	RootHOG0088904	RootHOG0088904	True	G00061	duplication	high	14	true	0.976	56
NOX	F6Z703	P04839	FP	TN	Family0087148	tr|F6Z703|F6Z703_MONDO	sp|P04839|CY24B_HUMAN	RootHOG0088904	RootHOG0088904	True	G00061	duplication	high	14	true	0.976	56
NOX	F6Z703	Q505H9	FP	TN	Family0087148	tr|F6Z703|F6Z703_MONDO	tr|Q505H9|Q505H9_XENTR	RootHOG0088904	RootHOG0088904	True	G00061	duplication	high	14	true	0.976	56
NOX	F6Z703	Q61093	FP	TN	Family0087148	tr|F6Z703|F6Z703_MONDO	sp|Q61093|CY24B_MOUSE	RootHOG0088904	RootHOG0088904	True	G00061	duplication	high	14	true	0.976	56
NOX	F6Z703	Q672J9	FP	TN	Family0087148	tr|F6Z703|F6Z703_MONDO	sp|Q672J9|NOX3_MOUSE	RootHOG0088904	RootHOG0088904	True	G00061	duplication	high	14	true	0.976	56
NOX	F6Z703	Q672K1	FP	TN	Family0087148	tr|F6Z703|F6Z703_MONDO	sp|Q672K1|NOX3_RAT	RootHOG0088904	RootHOG0088904	True	G00061	duplication	high	14	true	0.976	56
NOX	F6Z703	Q8CIZ9	FP	TN	Family0087148	tr|F6Z703|F6Z703_MONDO	sp|Q8CIZ9|NOX1_MOUSE	RootHOG0088904	RootHOG0088904	True	G00061	duplication	high	14	true	0.976	56
NOX	F6Z703	Q9ERL1	FP	TN	Family0087148	tr|F6Z703|F6Z703_MONDO	tr|Q9ERL1|Q9ERL1_RAT	RootHOG0088904	RootHOG0088904	True	G00061	duplication	high	14	true	0.976	56
NOX	F6Z703	Q9HBY0	FP	TN	Family0087148	tr|F6Z703|F6Z703_MONDO	sp|Q9HBY0|NOX3_HUMAN	RootHOG0088904	RootHOG0088904	True	G00061	duplication	high	14	true	0.976	56
NOX	F6Z703	Q9WV87	FP	TN	Family0087148	tr|F6Z703|F6Z703_MONDO	sp|Q9WV87|NOX1_RAT	RootHOG0088904	RootHOG0088904	True	G00061	duplication	high	14	true	0.976	56
NOX	F6Z703	Q9Y5S8	FP	TN	Family0087148	tr|F6Z703|F6Z703_MONDO	sp|Q9Y5S8|NOX1_HUMAN	RootHOG0088904	RootHOG0088904	True	G00061	duplication	high	14	true	0.976	56
NOX	F7AMC8	F7ELK5	FP	TN	Family0087148	tr|F7AMC8|F7AMC8_XENTR	tr|F7ELK5|F7ELK5_MONDO	RootHOG0088904	RootHOG0088904	True	G00057	duplication	high	10	true	0.991	35
NOX	F7AMC8	G3QXY3	FP	TN	Family0087148	tr|F7AMC8|F7AMC8_XENTR	tr|G3QXY3|G3QXY3_GORGO	RootHOG0088904	RootHOG0088904	True	G00056	duplication	high	12	true	0.664	25
NOX	F7AMC8	G3RI51	FP	TN	Family0087148	tr|F7AMC8|F7AMC8_XENTR	tr|G3RI51|G3RI51_GORGO	RootHOG0088904	RootHOG0088904	True	G00057	duplication	high	10	true	0.991	35
NOX	F7AMC8	H2L879	FP	TN	Family0087148	tr|F7AMC8|F7AMC8_XENTR	tr|H2L879|H2L879_ORYLA	RootHOG0088904	RootHOG0088904	True	G00056	duplication	high	12	true	0.664	25
NOX	F7AMC8	H2M5R6	FP	TN	Family0087148	tr|F7AMC8|F7AMC8_XENTR	tr|H2M5R6|H2M5R6_ORYLA	RootHOG0088904	RootHOG0088904	True	G00061	duplication	high	14	true	0.976	56
NOX	F7AMC8	H2QTY3	FP	TN	Family0087148	tr|F7AMC8|F7AMC8_XENTR	tr|H2QTY3|H2QTY3_PANTR	RootHOG0088904	RootHOG0088904	True	G00057	duplication	high	10	true	0.991	35
NOX	F7AMC8	H2R4R9	FP	TN	Family0087148	tr|F7AMC8|F7AMC8_XENTR	tr|H2R4R9|H2R4R9_PANTR	RootHOG0088904	RootHOG0088904	True	G00056	duplication	high	12	true	0.664	25
NOX	F7AMC8	H2R516	FP	TN	Family0087148	tr|F7AMC8|F7AMC8_XENTR	tr|H2R516|H2R516_PANTR	RootHOG0088904	RootHOG0088904	True	G00061	duplication	high	14	true	0.976	56
NOX	F7AMC8	O46522	FP	TN	Family0087148	tr|F7AMC8|F7AMC8_XENTR	sp|O46522|CY24B_BOVIN	RootHOG0088904	RootHOG0088904	True	G00056	duplication	high	12	true	0.664	25
NOX	F7AMC8	P04839	FP	TN	Family0087148	tr|F7AMC8|F7AMC8_XENTR	sp|P04839|CY24B_HUMAN	RootHOG0088904	RootHOG0088904	True	G00056	duplication	high	12	true	0.664	25
NOX	F7AMC8	Q61093	FP	TN	Family0087148	tr|F7AMC8|F7AMC8_XENTR	sp|Q61093|CY24B_MOUSE	RootHOG0088904	RootHOG0088904	True	G00056	duplication	high	12	true	0.664	25
NOX	F7AMC8	Q672J9	FP	TN	Family0087148	tr|F7AMC8|F7AMC8_XENTR	sp|Q672J9|NOX3_MOUSE	RootHOG0088904	RootHOG0088904	True	G00057	duplication	high	10	true	0.991	35
NOX	F7AMC8	Q672K1	FP	TN	Family0087148	tr|F7AMC8|F7AMC8_XENTR	sp|Q672K1|NOX3_RAT	RootHOG0088904	RootHOG0088904	True	G00057	duplication	high	10	true	0.991	35
NOX	F7AMC8	Q924V1	FP	TN	Family0087148	tr|F7AMC8|F7AMC8_XENTR	sp|Q924V1|NOX4_RAT	RootHOG0088904	RootHOG0088904	True	G00061	duplication	high	14	true	0.976	56
NOX	F7AMC8	Q9ERL1	FP	TN	Family0087148	tr|F7AMC8|F7AMC8_XENTR	tr|Q9ERL1|Q9ERL1_RAT	RootHOG0088904	RootHOG0088904	True	G00056	duplication	high	12	true	0.664	25
NOX	F7AMC8	Q9HBY0	FP	TN	Family0087148	tr|F7AMC8|F7AMC8_XENTR	sp|Q9HBY0|NOX3_HUMAN	RootHOG0088904	RootHOG0088904	True	G00057	duplication	high	10	true	0.991	35
NOX	F7AMC8	Q9JHI8	FP	TN	Family0087148	tr|F7AMC8|F7AMC8_XENTR	sp|Q9JHI8|NOX4_MOUSE	RootHOG0088904	RootHOG0088904	True	G00061	duplication	high	14	true	0.976	56
NOX	F7AMC8	Q9NPH5	FP	TN	Family0087148	tr|F7AMC8|F7AMC8_XENTR	sp|Q9NPH5|NOX4_HUMAN	RootHOG0088904	RootHOG0088904	True	G00061	duplication	high	14	true	0.976	56
NOX	F7CLH6	F7ELK5	FP	TN	Family0087148	tr|F7CLH6|F7CLH6_XENTR	tr|F7ELK5|F7ELK5_MONDO	RootHOG0088904	RootHOG0088904	True	G00061	duplication	high	14	true	0.976	56
NOX	F7CLH6	G3QVH2	FP	TN	Family0087148	tr|F7CLH6|F7CLH6_XENTR	tr|G3QVH2|G3QVH2_GORGO	RootHOG0088904	RootHOG0088904	True	G00061	duplication	high	14	true	0.976	56
NOX	F7CLH6	G3QXY3	FP	TN	Family0087148	tr|F7CLH6|F7CLH6_XENTR	tr|G3QXY3|G3QXY3_GORGO	RootHOG0088904	RootHOG0088904	True	G00061	duplication	high	14	true	0.976	56
NOX	F7CLH6	G3RI51	FP	TN	Family0087148	tr|F7CLH6|F7CLH6_XENTR	tr|G3RI51|G3RI51_GORGO	RootHOG0088904	RootHOG0088904	True	G00061	duplication	high	14	true	0.976	56
NOX	F7CLH6	H2L879	FP	TN	Family0087148	tr|F7CLH6|F7CLH6_XENTR	tr|H2L879|H2L879_ORYLA	RootHOG0088904	RootHOG0088904	True	G00061	duplication	high	14	true	0.976	56
NOX	F7CLH6	H2QTY3	FP	TN	Family0087148	tr|F7CLH6|F7CLH6_XENTR	tr|H2QTY3|H2QTY3_PANTR	RootHOG0088904	RootHOG0088904	True	G00061	duplication	high	14	true	0.976	56
NOX	F7CLH6	H2R4R9	FP	TN	Family0087148	tr|F7CLH6|F7CLH6_XENTR	tr|H2R4R9|H2R4R9_PANTR	RootHOG0088904	RootHOG0088904	True	G00061	duplication	high	14	true	0.976	56
NOX	F7CLH6	O46522	FP	TN	Family0087148	tr|F7CLH6|F7CLH6_XENTR	sp|O46522|CY24B_BOVIN	RootHOG0088904	RootHOG0088904	True	G00061	duplication	high	14	true	0.976	56
NOX	F7CLH6	P04839	FP	TN	Family0087148	tr|F7CLH6|F7CLH6_XENTR	sp|P04839|CY24B_HUMAN	RootHOG0088904	RootHOG0088904	True	G00061	duplication	high	14	true	0.976	56
NOX	F7CLH6	Q61093	FP	TN	Family0087148	tr|F7CLH6|F7CLH6_XENTR	sp|Q61093|CY24B_MOUSE	RootHOG0088904	RootHOG0088904	True	G00061	duplication	high	14	true	0.976	56
NOX	F7CLH6	Q672J9	FP	TN	Family0087148	tr|F7CLH6|F7CLH6_XENTR	sp|Q672J9|NOX3_MOUSE	RootHOG0088904	RootHOG0088904	True	G00061	duplication	high	14	true	0.976	56
NOX	F7CLH6	Q672K1	FP	TN	Family0087148	tr|F7CLH6|F7CLH6_XENTR	sp|Q672K1|NOX3_RAT	RootHOG0088904	RootHOG0088904	True	G00061	duplication	high	14	true	0.976	56
NOX	F7CLH6	Q8CIZ9	FP	TN	Family0087148	tr|F7CLH6|F7CLH6_XENTR	sp|Q8CIZ9|NOX1_MOUSE	RootHOG0088904	RootHOG0088904	True	G00061	duplication	high	14	true	0.976	56
NOX	F7CLH6	Q9ERL1	FP	TN	Family0087148	tr|F7CLH6|F7CLH6_XENTR	tr|Q9ERL1|Q9ERL1_RAT	RootHOG0088904	RootHOG0088904	True	G00061	duplication	high	14	true	0.976	56
NOX	F7CLH6	Q9HBY0	FP	TN	Family0087148	tr|F7CLH6|F7CLH6_XENTR	sp|Q9HBY0|NOX3_HUMAN	RootHOG0088904	RootHOG0088904	True	G00061	duplication	high	14	true	0.976	56
NOX	F7CLH6	Q9WV87	FP	TN	Family0087148	tr|F7CLH6|F7CLH6_XENTR	sp|Q9WV87|NOX1_RAT	RootHOG0088904	RootHOG0088904	True	G00061	duplication	high	14	true	0.976	56
NOX	F7CLH6	Q9Y5S8	FP	TN	Family0087148	tr|F7CLH6|F7CLH6_XENTR	sp|Q9Y5S8|NOX1_HUMAN	RootHOG0088904	RootHOG0088904	True	G00061	duplication	high	14	true	0.976	56
NOX	F7ELK5	G3QVH2	FP	TN	Family0087148	tr|F7ELK5|F7ELK5_MONDO	tr|G3QVH2|G3QVH2_GORGO	RootHOG0088904	RootHOG0088904	True	G00057	duplication	high	10	true	0.991	35
NOX	F7ELK5	G3QXY3	FP	TN	Family0087148	tr|F7ELK5|F7ELK5_MONDO	tr|G3QXY3|G3QXY3_GORGO	RootHOG0088904	RootHOG0088904	True	G00057	duplication	high	10	true	0.991	35
NOX	F7ELK5	H2L879	FP	TN	Family0087148	tr|F7ELK5|F7ELK5_MONDO	tr|H2L879|H2L879_ORYLA	RootHOG0088904	RootHOG0088904	True	G00057	duplication	high	10	true	0.991	35
NOX	F7ELK5	H2M5R6	FP	TN	Family0087148	tr|F7ELK5|F7ELK5_MONDO	tr|H2M5R6|H2M5R6_ORYLA	RootHOG0088904	RootHOG0088904	True	G00061	duplication	high	14	true	0.976	56
NOX	F7ELK5	H2R4R9	FP	TN	Family0087148	tr|F7ELK5|F7ELK5_MONDO	tr|H2R4R9|H2R4R9_PANTR	RootHOG0088904	RootHOG0088904	True	G00057	duplication	high	10	true	0.991	35
NOX	F7ELK5	H2R516	FP	TN	Family0087148	tr|F7ELK5|F7ELK5_MONDO	tr|H2R516|H2R516_PANTR	RootHOG0088904	RootHOG0088904	True	G00061	duplication	high	14	true	0.976	56
NOX	F7ELK5	O46522	FP	TN	Family0087148	tr|F7ELK5|F7ELK5_MONDO	sp|O46522|CY24B_BOVIN	RootHOG0088904	RootHOG0088904	True	G00057	duplication	high	10	true	0.991	35
NOX	F7ELK5	P04839	FP	TN	Family0087148	tr|F7ELK5|F7ELK5_MONDO	sp|P04839|CY24B_HUMAN	RootHOG0088904	RootHOG0088904	True	G00057	duplication	high	10	true	0.991	35
NOX	F7ELK5	Q505H9	FP	TN	Family0087148	tr|F7ELK5|F7ELK5_MONDO	tr|Q505H9|Q505H9_XENTR	RootHOG0088904	RootHOG0088904	True	G00057	duplication	high	10	true	0.991	35
NOX	F7ELK5	Q61093	FP	TN	Family0087148	tr|F7ELK5|F7ELK5_MONDO	sp|Q61093|CY24B_MOUSE	RootHOG0088904	RootHOG0088904	True	G00057	duplication	high	10	true	0.991	35
NOX	F7ELK5	Q8CIZ9	FP	TN	Family0087148	tr|F7ELK5|F7ELK5_MONDO	sp|Q8CIZ9|NOX1_MOUSE	RootHOG0088904	RootHOG0088904	True	G00057	duplication	high	10	true	0.991	35
NOX	F7ELK5	Q924V1	FP	TN	Family0087148	tr|F7ELK5|F7ELK5_MONDO	sp|Q924V1|NOX4_RAT	RootHOG0088904	RootHOG0088904	True	G00061	duplication	high	14	true	0.976	56
NOX	F7ELK5	Q9ERL1	FP	TN	Family0087148	tr|F7ELK5|F7ELK5_MONDO	tr|Q9ERL1|Q9ERL1_RAT	RootHOG0088904	RootHOG0088904	True	G00057	duplication	high	10	true	0.991	35
NOX	F7ELK5	Q9JHI8	FP	TN	Family0087148	tr|F7ELK5|F7ELK5_MONDO	sp|Q9JHI8|NOX4_MOUSE	RootHOG0088904	RootHOG0088904	True	G00061	duplication	high	14	true	0.976	56
NOX	F7ELK5	Q9NPH5	FP	TN	Family0087148	tr|F7ELK5|F7ELK5_MONDO	sp|Q9NPH5|NOX4_HUMAN	RootHOG0088904	RootHOG0088904	True	G00061	duplication	high	14	true	0.976	56
NOX	F7ELK5	Q9WV87	FP	TN	Family0087148	tr|F7ELK5|F7ELK5_MONDO	sp|Q9WV87|NOX1_RAT	RootHOG0088904	RootHOG0088904	True	G00057	duplication	high	10	true	0.991	35
NOX	F7ELK5	Q9Y5S8	FP	TN	Family0087148	tr|F7ELK5|F7ELK5_MONDO	sp|Q9Y5S8|NOX1_HUMAN	RootHOG0088904	RootHOG0088904	True	G00057	duplication	high	10	true	0.991	35
NOX	G3QVH2	H2L879	FP	TN	Family0087148	tr|G3QVH2|G3QVH2_GORGO	tr|H2L879|H2L879_ORYLA	RootHOG0088904	RootHOG0088904	True	G00056	duplication	high	12	true	0.664	25
NOX	G3QVH2	H2M5R6	FP	TN	Family0087148	tr|G3QVH2|G3QVH2_GORGO	tr|H2M5R6|H2M5R6_ORYLA	RootHOG0088904	RootHOG0088904	True	G00061	duplication	high	14	true	0.976	56
NOX	G3QVH2	H2QTY3	FP	TN	Family0087148	tr|G3QVH2|G3QVH2_GORGO	tr|H2QTY3|H2QTY3_PANTR	RootHOG0088904	RootHOG0088904	True	G00057	duplication	high	10	true	0.991	35
NOX	G3QVH2	H2R4R9	FP	TN	Family0087148	tr|G3QVH2|G3QVH2_GORGO	tr|H2R4R9|H2R4R9_PANTR	RootHOG0088904	RootHOG0088904	True	G00056	duplication	high	12	true	0.664	25
NOX	G3QVH2	H2R516	FP	TN	Family0087148	tr|G3QVH2|G3QVH2_GORGO	tr|H2R516|H2R516_PANTR	RootHOG0088904	RootHOG0088904	True	G00061	duplication	high	14	true	0.976	56
NOX	G3QVH2	O46522	FP	TN	Family0087148	tr|G3QVH2|G3QVH2_GORGO	sp|O46522|CY24B_BOVIN	RootHOG0088904	RootHOG0088904	True	G00056	duplication	high	12	true	0.664	25
NOX	G3QVH2	P04839	FP	TN	Family0087148	tr|G3QVH2|G3QVH2_GORGO	sp|P04839|CY24B_HUMAN	RootHOG0088904	RootHOG0088904	True	G00056	duplication	high	12	true	0.664	25
NOX	G3QVH2	Q505H9	FP	TN	Family0087148	tr|G3QVH2|G3QVH2_GORGO	tr|Q505H9|Q505H9_XENTR	RootHOG0088904	RootHOG0088904	True	G00056	duplication	high	12	true	0.664	25
NOX	G3QVH2	Q61093	FP	TN	Family0087148	tr|G3QVH2|G3QVH2_GORGO	sp|Q61093|CY24B_MOUSE	RootHOG0088904	RootHOG0088904	True	G00056	duplication	high	12	true	0.664	25
NOX	G3QVH2	Q672J9	FP	TN	Family0087148	tr|G3QVH2|G3QVH2_GORGO	sp|Q672J9|NOX3_MOUSE	RootHOG0088904	RootHOG0088904	True	G00057	duplication	high	10	true	0.991	35
NOX	G3QVH2	Q672K1	FP	TN	Family0087148	tr|G3QVH2|G3QVH2_GORGO	sp|Q672K1|NOX3_RAT	RootHOG0088904	RootHOG0088904	True	G00057	duplication	high	10	true	0.991	35
NOX	G3QVH2	Q924V1	FP	TN	Family0087148	tr|G3QVH2|G3QVH2_GORGO	sp|Q924V1|NOX4_RAT	RootHOG0088904	RootHOG0088904	True	G00061	duplication	high	14	true	0.976	56
NOX	G3QVH2	Q9ERL1	FP	TN	Family0087148	tr|G3QVH2|G3QVH2_GORGO	tr|Q9ERL1|Q9ERL1_RAT	RootHOG0088904	RootHOG0088904	True	G00056	duplication	high	12	true	0.664	25
NOX	G3QVH2	Q9HBY0	FP	TN	Family0087148	tr|G3QVH2|G3QVH2_GORGO	sp|Q9HBY0|NOX3_HUMAN	RootHOG0088904	RootHOG0088904	True	G00057	duplication	high	10	true	0.991	35
NOX	G3QVH2	Q9JHI8	FP	TN	Family0087148	tr|G3QVH2|G3QVH2_GORGO	sp|Q9JHI8|NOX4_MOUSE	RootHOG0088904	RootHOG0088904	True	G00061	duplication	high	14	true	0.976	56
NOX	G3QVH2	Q9NPH5	FP	TN	Family0087148	tr|G3QVH2|G3QVH2_GORGO	sp|Q9NPH5|NOX4_HUMAN	RootHOG0088904	RootHOG0088904	True	G00061	duplication	high	14	true	0.976	56
NOX	G3QXY3	H2M5R6	FP	TN	Family0087148	tr|G3QXY3|G3QXY3_GORGO	tr|H2M5R6|H2M5R6_ORYLA	RootHOG0088904	RootHOG0088904	True	G00061	duplication	high	14	true	0.976	56
NOX	G3QXY3	H2QTY3	FP	TN	Family0087148	tr|G3QXY3|G3QXY3_GORGO	tr|H2QTY3|H2QTY3_PANTR	RootHOG0088904	RootHOG0088904	True	G00057	duplication	high	10	true	0.991	35
NOX	G3QXY3	H2R516	FP	TN	Family0087148	tr|G3QXY3|G3QXY3_GORGO	tr|H2R516|H2R516_PANTR	RootHOG0088904	RootHOG0088904	True	G00061	duplication	high	14	true	0.976	56
NOX	G3QXY3	Q672J9	FP	TN	Family0087148	tr|G3QXY3|G3QXY3_GORGO	sp|Q672J9|NOX3_MOUSE	RootHOG0088904	RootHOG0088904	True	G00057	duplication	high	10	true	0.991	35
NOX	G3QXY3	Q672K1	FP	TN	Family0087148	tr|G3QXY3|G3QXY3_GORGO	sp|Q672K1|NOX3_RAT	RootHOG0088904	RootHOG0088904	True	G00057	duplication	high	10	true	0.991	35
NOX	G3QXY3	Q8CIZ9	FP	TN	Family0087148	tr|G3QXY3|G3QXY3_GORGO	sp|Q8CIZ9|NOX1_MOUSE	RootHOG0088904	RootHOG0088904	True	G00056	duplication	high	12	true	0.664	25
NOX	G3QXY3	Q924V1	FP	TN	Family0087148	tr|G3QXY3|G3QXY3_GORGO	sp|Q924V1|NOX4_RAT	RootHOG0088904	RootHOG0088904	True	G00061	duplication	high	14	true	0.976	56
NOX	G3QXY3	Q9HBY0	FP	TN	Family0087148	tr|G3QXY3|G3QXY3_GORGO	sp|Q9HBY0|NOX3_HUMAN	RootHOG0088904	RootHOG0088904	True	G00057	duplication	high	10	true	0.991	35
NOX	G3QXY3	Q9JHI8	FP	TN	Family0087148	tr|G3QXY3|G3QXY3_GORGO	sp|Q9JHI8|NOX4_MOUSE	RootHOG0088904	RootHOG0088904	True	G00061	duplication	high	14	true	0.976	56
NOX	G3QXY3	Q9NPH5	FP	TN	Family0087148	tr|G3QXY3|G3QXY3_GORGO	sp|Q9NPH5|NOX4_HUMAN	RootHOG0088904	RootHOG0088904	True	G00061	duplication	high	14	true	0.976	56
NOX	G3QXY3	Q9WV87	FP	TN	Family0087148	tr|G3QXY3|G3QXY3_GORGO	sp|Q9WV87|NOX1_RAT	RootHOG0088904	RootHOG0088904	True	G00056	duplication	high	12	true	0.664	25
NOX	G3QXY3	Q9Y5S8	FP	TN	Family0087148	tr|G3QXY3|G3QXY3_GORGO	sp|Q9Y5S8|NOX1_HUMAN	RootHOG0088904	RootHOG0088904	True	G00056	duplication	high	12	true	0.664	25
NOX	G3RI51	H2L879	FP	TN	Family0087148	tr|G3RI51|G3RI51_GORGO	tr|H2L879|H2L879_ORYLA	RootHOG0088904	RootHOG0088904	True	G00057	duplication	high	10	true	0.991	35
NOX	G3RI51	H2M5R6	FP	TN	Family0087148	tr|G3RI51|G3RI51_GORGO	tr|H2M5R6|H2M5R6_ORYLA	RootHOG0088904	RootHOG0088904	True	G00061	duplication	high	14	true	0.976	56
NOX	G3RI51	H2R4R9	FP	TN	Family0087148	tr|G3RI51|G3RI51_GORGO	tr|H2R4R9|H2R4R9_PANTR	RootHOG0088904	RootHOG0088904	True	G00057	duplication	high	10	true	0.991	35
NOX	G3RI51	H2R516	FP	TN	Family0087148	tr|G3RI51|G3RI51_GORGO	tr|H2R516|H2R516_PANTR	RootHOG0088904	RootHOG0088904	True	G00061	duplication	high	14	true	0.976	56
NOX	G3RI51	O46522	FP	TN	Family0087148	tr|G3RI51|G3RI51_GORGO	sp|O46522|CY24B_BOVIN	RootHOG0088904	RootHOG0088904	True	G00057	duplication	high	10	true	0.991	35
NOX	G3RI51	P04839	FP	TN	Family0087148	tr|G3RI51|G3RI51_GORGO	sp|P04839|CY24B_HUMAN	RootHOG0088904	RootHOG0088904	True	G00057	duplication	high	10	true	0.991	35
NOX	G3RI51	Q505H9	FP	TN	Family0087148	tr|G3RI51|G3RI51_GORGO	tr|Q505H9|Q505H9_XENTR	RootHOG0088904	RootHOG0088904	True	G00057	duplication	high	10	true	0.991	35
NOX	G3RI51	Q61093	FP	TN	Family0087148	tr|G3RI51|G3RI51_GORGO	sp|Q61093|CY24B_MOUSE	RootHOG0088904	RootHOG0088904	True	G00057	duplication	high	10	true	0.991	35
NOX	G3RI51	Q8CIZ9	FP	TN	Family0087148	tr|G3RI51|G3RI51_GORGO	sp|Q8CIZ9|NOX1_MOUSE	RootHOG0088904	RootHOG0088904	True	G00057	duplication	high	10	true	0.991	35
NOX	G3RI51	Q924V1	FP	TN	Family0087148	tr|G3RI51|G3RI51_GORGO	sp|Q924V1|NOX4_RAT	RootHOG0088904	RootHOG0088904	True	G00061	duplication	high	14	true	0.976	56
NOX	G3RI51	Q9ERL1	FP	TN	Family0087148	tr|G3RI51|G3RI51_GORGO	tr|Q9ERL1|Q9ERL1_RAT	RootHOG0088904	RootHOG0088904	True	G00057	duplication	high	10	true	0.991	35
NOX	G3RI51	Q9JHI8	FP	TN	Family0087148	tr|G3RI51|G3RI51_GORGO	sp|Q9JHI8|NOX4_MOUSE	RootHOG0088904	RootHOG0088904	True	G00061	duplication	high	14	true	0.976	56
NOX	G3RI51	Q9NPH5	FP	TN	Family0087148	tr|G3RI51|G3RI51_GORGO	sp|Q9NPH5|NOX4_HUMAN	RootHOG0088904	RootHOG0088904	True	G00061	duplication	high	14	true	0.976	56
NOX	G3RI51	Q9WV87	FP	TN	Family0087148	tr|G3RI51|G3RI51_GORGO	sp|Q9WV87|NOX1_RAT	RootHOG0088904	RootHOG0088904	True	G00057	duplication	high	10	true	0.991	35
NOX	G3RI51	Q9Y5S8	FP	TN	Family0087148	tr|G3RI51|G3RI51_GORGO	sp|Q9Y5S8|NOX1_HUMAN	RootHOG0088904	RootHOG0088904	True	G00057	duplication	high	10	true	0.991	35
NOX	H2L879	H2QTY3	FP	TN	Family0087148	tr|H2L879|H2L879_ORYLA	tr|H2QTY3|H2QTY3_PANTR	RootHOG0088904	RootHOG0088904	True	G00057	duplication	high	10	true	0.991	35
NOX	H2L879	H2R516	FP	TN	Family0087148	tr|H2L879|H2L879_ORYLA	tr|H2R516|H2R516_PANTR	RootHOG0088904	RootHOG0088904	True	G00061	duplication	high	14	true	0.976	56
NOX	H2L879	Q672J9	FP	TN	Family0087148	tr|H2L879|H2L879_ORYLA	sp|Q672J9|NOX3_MOUSE	RootHOG0088904	RootHOG0088904	True	G00057	duplication	high	10	true	0.991	35
NOX	H2L879	Q672K1	FP	TN	Family0087148	tr|H2L879|H2L879_ORYLA	sp|Q672K1|NOX3_RAT	RootHOG0088904	RootHOG0088904	True	G00057	duplication	high	10	true	0.991	35
NOX	H2L879	Q8CIZ9	FP	TN	Family0087148	tr|H2L879|H2L879_ORYLA	sp|Q8CIZ9|NOX1_MOUSE	RootHOG0088904	RootHOG0088904	True	G00056	duplication	high	12	true	0.664	25
NOX	H2L879	Q924V1	FP	TN	Family0087148	tr|H2L879|H2L879_ORYLA	sp|Q924V1|NOX4_RAT	RootHOG0088904	RootHOG0088904	True	G00061	duplication	high	14	true	0.976	56
NOX	H2L879	Q9HBY0	FP	TN	Family0087148	tr|H2L879|H2L879_ORYLA	sp|Q9HBY0|NOX3_HUMAN	RootHOG0088904	RootHOG0088904	True	G00057	duplication	high	10	true	0.991	35
NOX	H2L879	Q9JHI8	FP	TN	Family0087148	tr|H2L879|H2L879_ORYLA	sp|Q9JHI8|NOX4_MOUSE	RootHOG0088904	RootHOG0088904	True	G00061	duplication	high	14	true	0.976	56
NOX	H2L879	Q9NPH5	FP	TN	Family0087148	tr|H2L879|H2L879_ORYLA	sp|Q9NPH5|NOX4_HUMAN	RootHOG0088904	RootHOG0088904	True	G00061	duplication	high	14	true	0.976	56
NOX	H2L879	Q9WV87	FP	TN	Family0087148	tr|H2L879|H2L879_ORYLA	sp|Q9WV87|NOX1_RAT	RootHOG0088904	RootHOG0088904	True	G00056	duplication	high	12	true	0.664	25
NOX	H2L879	Q9Y5S8	FP	TN	Family0087148	tr|H2L879|H2L879_ORYLA	sp|Q9Y5S8|NOX1_HUMAN	RootHOG0088904	RootHOG0088904	True	G00056	duplication	high	12	true	0.664	25
NOX	H2M5R6	H2QTY3	FP	TN	Family0087148	tr|H2M5R6|H2M5R6_ORYLA	tr|H2QTY3|H2QTY3_PANTR	RootHOG0088904	RootHOG0088904	True	G00061	duplication	high	14	true	0.976	56
NOX	H2M5R6	H2R4R9	FP	TN	Family0087148	tr|H2M5R6|H2M5R6_ORYLA	tr|H2R4R9|H2R4R9_PANTR	RootHOG0088904	RootHOG0088904	True	G00061	duplication	high	14	true	0.976	56
NOX	H2M5R6	O46522	FP	TN	Family0087148	tr|H2M5R6|H2M5R6_ORYLA	sp|O46522|CY24B_BOVIN	RootHOG0088904	RootHOG0088904	True	G00061	duplication	high	14	true	0.976	56
NOX	H2M5R6	P04839	FP	TN	Family0087148	tr|H2M5R6|H2M5R6_ORYLA	sp|P04839|CY24B_HUMAN	RootHOG0088904	RootHOG0088904	True	G00061	duplication	high	14	true	0.976	56
NOX	H2M5R6	Q505H9	FP	TN	Family0087148	tr|H2M5R6|H2M5R6_ORYLA	tr|Q505H9|Q505H9_XENTR	RootHOG0088904	RootHOG0088904	True	G00061	duplication	high	14	true	0.976	56
NOX	H2M5R6	Q61093	FP	TN	Family0087148	tr|H2M5R6|H2M5R6_ORYLA	sp|Q61093|CY24B_MOUSE	RootHOG0088904	RootHOG0088904	True	G00061	duplication	high	14	true	0.976	56
NOX	H2M5R6	Q672J9	FP	TN	Family0087148	tr|H2M5R6|H2M5R6_ORYLA	sp|Q672J9|NOX3_MOUSE	RootHOG0088904	RootHOG0088904	True	G00061	duplication	high	14	true	0.976	56
NOX	H2M5R6	Q672K1	FP	TN	Family0087148	tr|H2M5R6|H2M5R6_ORYLA	sp|Q672K1|NOX3_RAT	RootHOG0088904	RootHOG0088904	True	G00061	duplication	high	14	true	0.976	56
NOX	H2M5R6	Q8CIZ9	FP	TN	Family0087148	tr|H2M5R6|H2M5R6_ORYLA	sp|Q8CIZ9|NOX1_MOUSE	RootHOG0088904	RootHOG0088904	True	G00061	duplication	high	14	true	0.976	56
NOX	H2M5R6	Q9ERL1	FP	TN	Family0087148	tr|H2M5R6|H2M5R6_ORYLA	tr|Q9ERL1|Q9ERL1_RAT	RootHOG0088904	RootHOG0088904	True	G00061	duplication	high	14	true	0.976	56
NOX	H2M5R6	Q9HBY0	FP	TN	Family0087148	tr|H2M5R6|H2M5R6_ORYLA	sp|Q9HBY0|NOX3_HUMAN	RootHOG0088904	RootHOG0088904	True	G00061	duplication	high	14	true	0.976	56
NOX	H2M5R6	Q9WV87	FP	TN	Family0087148	tr|H2M5R6|H2M5R6_ORYLA	sp|Q9WV87|NOX1_RAT	RootHOG0088904	RootHOG0088904	True	G00061	duplication	high	14	true	0.976	56
NOX	H2M5R6	Q9Y5S8	FP	TN	Family0087148	tr|H2M5R6|H2M5R6_ORYLA	sp|Q9Y5S8|NOX1_HUMAN	RootHOG0088904	RootHOG0088904	True	G00061	duplication	high	14	true	0.976	56
NOX	H2QTY3	O46522	FP	TN	Family0087148	tr|H2QTY3|H2QTY3_PANTR	sp|O46522|CY24B_BOVIN	RootHOG0088904	RootHOG0088904	True	G00057	duplication	high	10	true	0.991	35
NOX	H2QTY3	P04839	FP	TN	Family0087148	tr|H2QTY3|H2QTY3_PANTR	sp|P04839|CY24B_HUMAN	RootHOG0088904	RootHOG0088904	True	G00057	duplication	high	10	true	0.991	35
NOX	H2QTY3	Q505H9	FP	TN	Family0087148	tr|H2QTY3|H2QTY3_PANTR	tr|Q505H9|Q505H9_XENTR	RootHOG0088904	RootHOG0088904	True	G00057	duplication	high	10	true	0.991	35
NOX	H2QTY3	Q61093	FP	TN	Family0087148	tr|H2QTY3|H2QTY3_PANTR	sp|Q61093|CY24B_MOUSE	RootHOG0088904	RootHOG0088904	True	G00057	duplication	high	10	true	0.991	35
NOX	H2QTY3	Q8CIZ9	FP	TN	Family0087148	tr|H2QTY3|H2QTY3_PANTR	sp|Q8CIZ9|NOX1_MOUSE	RootHOG0088904	RootHOG0088904	True	G00057	duplication	high	10	true	0.991	35
NOX	H2QTY3	Q924V1	FP	TN	Family0087148	tr|H2QTY3|H2QTY3_PANTR	sp|Q924V1|NOX4_RAT	RootHOG0088904	RootHOG0088904	True	G00061	duplication	high	14	true	0.976	56
NOX	H2QTY3	Q9ERL1	FP	TN	Family0087148	tr|H2QTY3|H2QTY3_PANTR	tr|Q9ERL1|Q9ERL1_RAT	RootHOG0088904	RootHOG0088904	True	G00057	duplication	high	10	true	0.991	35
NOX	H2QTY3	Q9JHI8	FP	TN	Family0087148	tr|H2QTY3|H2QTY3_PANTR	sp|Q9JHI8|NOX4_MOUSE	RootHOG0088904	RootHOG0088904	True	G00061	duplication	high	14	true	0.976	56
NOX	H2QTY3	Q9NPH5	FP	TN	Family0087148	tr|H2QTY3|H2QTY3_PANTR	sp|Q9NPH5|NOX4_HUMAN	RootHOG0088904	RootHOG0088904	True	G00061	duplication	high	14	true	0.976	56
NOX	H2QTY3	Q9WV87	FP	TN	Family0087148	tr|H2QTY3|H2QTY3_PANTR	sp|Q9WV87|NOX1_RAT	RootHOG0088904	RootHOG0088904	True	G00057	duplication	high	10	true	0.991	35
NOX	H2QTY3	Q9Y5S8	FP	TN	Family0087148	tr|H2QTY3|H2QTY3_PANTR	sp|Q9Y5S8|NOX1_HUMAN	RootHOG0088904	RootHOG0088904	True	G00057	duplication	high	10	true	0.991	35
NOX	H2R4R9	Q672J9	FP	TN	Family0087148	tr|H2R4R9|H2R4R9_PANTR	sp|Q672J9|NOX3_MOUSE	RootHOG0088904	RootHOG0088904	True	G00057	duplication	high	10	true	0.991	35
NOX	H2R4R9	Q672K1	FP	TN	Family0087148	tr|H2R4R9|H2R4R9_PANTR	sp|Q672K1|NOX3_RAT	RootHOG0088904	RootHOG0088904	True	G00057	duplication	high	10	true	0.991	35
NOX	H2R4R9	Q8CIZ9	FP	TN	Family0087148	tr|H2R4R9|H2R4R9_PANTR	sp|Q8CIZ9|NOX1_MOUSE	RootHOG0088904	RootHOG0088904	True	G00056	duplication	high	12	true	0.664	25
NOX	H2R4R9	Q924V1	FP	TN	Family0087148	tr|H2R4R9|H2R4R9_PANTR	sp|Q924V1|NOX4_RAT	RootHOG0088904	RootHOG0088904	True	G00061	duplication	high	14	true	0.976	56
NOX	H2R4R9	Q9HBY0	FP	TN	Family0087148	tr|H2R4R9|H2R4R9_PANTR	sp|Q9HBY0|NOX3_HUMAN	RootHOG0088904	RootHOG0088904	True	G00057	duplication	high	10	true	0.991	35
NOX	H2R4R9	Q9JHI8	FP	TN	Family0087148	tr|H2R4R9|H2R4R9_PANTR	sp|Q9JHI8|NOX4_MOUSE	RootHOG0088904	RootHOG0088904	True	G00061	duplication	high	14	true	0.976	56
NOX	H2R4R9	Q9NPH5	FP	TN	Family0087148	tr|H2R4R9|H2R4R9_PANTR	sp|Q9NPH5|NOX4_HUMAN	RootHOG0088904	RootHOG0088904	True	G00061	duplication	high	14	true	0.976	56
NOX	H2R4R9	Q9WV87	FP	TN	Family0087148	tr|H2R4R9|H2R4R9_PANTR	sp|Q9WV87|NOX1_RAT	RootHOG0088904	RootHOG0088904	True	G00056	duplication	high	12	true	0.664	25
NOX	H2R4R9	Q9Y5S8	FP	TN	Family0087148	tr|H2R4R9|H2R4R9_PANTR	sp|Q9Y5S8|NOX1_HUMAN	RootHOG0088904	RootHOG0088904	True	G00056	duplication	high	12	true	0.664	25
NOX	H2R516	O46522	FP	TN	Family0087148	tr|H2R516|H2R516_PANTR	sp|O46522|CY24B_BOVIN	RootHOG0088904	RootHOG0088904	True	G00061	duplication	high	14	true	0.976	56
NOX	H2R516	P04839	FP	TN	Family0087148	tr|H2R516|H2R516_PANTR	sp|P04839|CY24B_HUMAN	RootHOG0088904	RootHOG0088904	True	G00061	duplication	high	14	true	0.976	56
NOX	H2R516	Q505H9	FP	TN	Family0087148	tr|H2R516|H2R516_PANTR	tr|Q505H9|Q505H9_XENTR	RootHOG0088904	RootHOG0088904	True	G00061	duplication	high	14	true	0.976	56
NOX	H2R516	Q61093	FP	TN	Family0087148	tr|H2R516|H2R516_PANTR	sp|Q61093|CY24B_MOUSE	RootHOG0088904	RootHOG0088904	True	G00061	duplication	high	14	true	0.976	56
NOX	H2R516	Q672J9	FP	TN	Family0087148	tr|H2R516|H2R516_PANTR	sp|Q672J9|NOX3_MOUSE	RootHOG0088904	RootHOG0088904	True	G00061	duplication	high	14	true	0.976	56
NOX	H2R516	Q672K1	FP	TN	Family0087148	tr|H2R516|H2R516_PANTR	sp|Q672K1|NOX3_RAT	RootHOG0088904	RootHOG0088904	True	G00061	duplication	high	14	true	0.976	56
NOX	H2R516	Q8CIZ9	FP	TN	Family0087148	tr|H2R516|H2R516_PANTR	sp|Q8CIZ9|NOX1_MOUSE	RootHOG0088904	RootHOG0088904	True	G00061	duplication	high	14	true	0.976	56
NOX	H2R516	Q9ERL1	FP	TN	Family0087148	tr|H2R516|H2R516_PANTR	tr|Q9ERL1|Q9ERL1_RAT	RootHOG0088904	RootHOG0088904	True	G00061	duplication	high	14	true	0.976	56
NOX	H2R516	Q9HBY0	FP	TN	Family0087148	tr|H2R516|H2R516_PANTR	sp|Q9HBY0|NOX3_HUMAN	RootHOG0088904	RootHOG0088904	True	G00061	duplication	high	14	true	0.976	56
NOX	H2R516	Q9NPH5	TP	FN	Family0087148	tr|H2R516|H2R516_PANTR	sp|Q9NPH5|NOX4_HUMAN	RootHOG0088904	RootHOG0088904	True	G00012	duplication	medium	1	true	0.729	4
NOX	H2R516	Q9WV87	FP	TN	Family0087148	tr|H2R516|H2R516_PANTR	sp|Q9WV87|NOX1_RAT	RootHOG0088904	RootHOG0088904	True	G00061	duplication	high	14	true	0.976	56
NOX	H2R516	Q9Y5S8	FP	TN	Family0087148	tr|H2R516|H2R516_PANTR	sp|Q9Y5S8|NOX1_HUMAN	RootHOG0088904	RootHOG0088904	True	G00061	duplication	high	14	true	0.976	56
NOX	O46522	Q672J9	FP	TN	Family0087148	sp|O46522|CY24B_BOVIN	sp|Q672J9|NOX3_MOUSE	RootHOG0088904	RootHOG0088904	True	G00057	duplication	high	10	true	0.991	35
NOX	O46522	Q672K1	FP	TN	Family0087148	sp|O46522|CY24B_BOVIN	sp|Q672K1|NOX3_RAT	RootHOG0088904	RootHOG0088904	True	G00057	duplication	high	10	true	0.991	35
NOX	O46522	Q8CIZ9	FP	TN	Family0087148	sp|O46522|CY24B_BOVIN	sp|Q8CIZ9|NOX1_MOUSE	RootHOG0088904	RootHOG0088904	True	G00056	duplication	high	12	true	0.664	25
NOX	O46522	Q924V1	FP	TN	Family0087148	sp|O46522|CY24B_BOVIN	sp|Q924V1|NOX4_RAT	RootHOG0088904	RootHOG0088904	True	G00061	duplication	high	14	true	0.976	56
NOX	O46522	Q9HBY0	FP	TN	Family0087148	sp|O46522|CY24B_BOVIN	sp|Q9HBY0|NOX3_HUMAN	RootHOG0088904	RootHOG0088904	True	G00057	duplication	high	10	true	0.991	35
NOX	O46522	Q9JHI8	FP	TN	Family0087148	sp|O46522|CY24B_BOVIN	sp|Q9JHI8|NOX4_MOUSE	RootHOG0088904	RootHOG0088904	True	G00061	duplication	high	14	true	0.976	56
NOX	O46522	Q9NPH5	FP	TN	Family0087148	sp|O46522|CY24B_BOVIN	sp|Q9NPH5|NOX4_HUMAN	RootHOG0088904	RootHOG0088904	True	G00061	duplication	high	14	true	0.976	56
NOX	O46522	Q9WV87	FP	TN	Family0087148	sp|O46522|CY24B_BOVIN	sp|Q9WV87|NOX1_RAT	RootHOG0088904	RootHOG0088904	True	G00056	duplication	high	12	true	0.664	25
NOX	O46522	Q9Y5S8	FP	TN	Family0087148	sp|O46522|CY24B_BOVIN	sp|Q9Y5S8|NOX1_HUMAN	RootHOG0088904	RootHOG0088904	True	G00056	duplication	high	12	true	0.664	25
NOX	P04839	Q672J9	FP	TN	Family0087148	sp|P04839|CY24B_HUMAN	sp|Q672J9|NOX3_MOUSE	RootHOG0088904	RootHOG0088904	True	G00057	duplication	high	10	true	0.991	35
NOX	P04839	Q672K1	FP	TN	Family0087148	sp|P04839|CY24B_HUMAN	sp|Q672K1|NOX3_RAT	RootHOG0088904	RootHOG0088904	True	G00057	duplication	high	10	true	0.991	35
NOX	P04839	Q8CIZ9	FP	TN	Family0087148	sp|P04839|CY24B_HUMAN	sp|Q8CIZ9|NOX1_MOUSE	RootHOG0088904	RootHOG0088904	True	G00056	duplication	high	12	true	0.664	25
NOX	P04839	Q924V1	FP	TN	Family0087148	sp|P04839|CY24B_HUMAN	sp|Q924V1|NOX4_RAT	RootHOG0088904	RootHOG0088904	True	G00061	duplication	high	14	true	0.976	56
NOX	P04839	Q9JHI8	FP	TN	Family0087148	sp|P04839|CY24B_HUMAN	sp|Q9JHI8|NOX4_MOUSE	RootHOG0088904	RootHOG0088904	True	G00061	duplication	high	14	true	0.976	56
NOX	P04839	Q9WV87	FP	TN	Family0087148	sp|P04839|CY24B_HUMAN	sp|Q9WV87|NOX1_RAT	RootHOG0088904	RootHOG0088904	True	G00056	duplication	high	12	true	0.664	25
NOX	Q505H9	Q672J9	FP	TN	Family0087148	tr|Q505H9|Q505H9_XENTR	sp|Q672J9|NOX3_MOUSE	RootHOG0088904	RootHOG0088904	True	G00057	duplication	high	10	true	0.991	35
NOX	Q505H9	Q672K1	FP	TN	Family0087148	tr|Q505H9|Q505H9_XENTR	sp|Q672K1|NOX3_RAT	RootHOG0088904	RootHOG0088904	True	G00057	duplication	high	10	true	0.991	35
NOX	Q505H9	Q8CIZ9	FP	TN	Family0087148	tr|Q505H9|Q505H9_XENTR	sp|Q8CIZ9|NOX1_MOUSE	RootHOG0088904	RootHOG0088904	True	G00056	duplication	high	12	true	0.664	25
NOX	Q505H9	Q924V1	FP	TN	Family0087148	tr|Q505H9|Q505H9_XENTR	sp|Q924V1|NOX4_RAT	RootHOG0088904	RootHOG0088904	True	G00061	duplication	high	14	true	0.976	56
NOX	Q505H9	Q9HBY0	FP	TN	Family0087148	tr|Q505H9|Q505H9_XENTR	sp|Q9HBY0|NOX3_HUMAN	RootHOG0088904	RootHOG0088904	True	G00057	duplication	high	10	true	0.991	35
NOX	Q505H9	Q9JHI8	FP	TN	Family0087148	tr|Q505H9|Q505H9_XENTR	sp|Q9JHI8|NOX4_MOUSE	RootHOG0088904	RootHOG0088904	True	G00061	duplication	high	14	true	0.976	56
NOX	Q505H9	Q9NPH5	FP	TN	Family0087148	tr|Q505H9|Q505H9_XENTR	sp|Q9NPH5|NOX4_HUMAN	RootHOG0088904	RootHOG0088904	True	G00061	duplication	high	14	true	0.976	56
NOX	Q505H9	Q9WV87	FP	TN	Family0087148	tr|Q505H9|Q505H9_XENTR	sp|Q9WV87|NOX1_RAT	RootHOG0088904	RootHOG0088904	True	G00056	duplication	high	12	true	0.664	25
NOX	Q505H9	Q9Y5S8	FP	TN	Family0087148	tr|Q505H9|Q505H9_XENTR	sp|Q9Y5S8|NOX1_HUMAN	RootHOG0088904	RootHOG0088904	True	G00056	duplication	high	12	true	0.664	25
NOX	Q61093	Q672K1	FP	TN	Family0087148	sp|Q61093|CY24B_MOUSE	sp|Q672K1|NOX3_RAT	RootHOG0088904	RootHOG0088904	True	G00057	duplication	high	10	true	0.991	35
NOX	Q61093	Q924V1	FP	TN	Family0087148	sp|Q61093|CY24B_MOUSE	sp|Q924V1|NOX4_RAT	RootHOG0088904	RootHOG0088904	True	G00061	duplication	high	14	true	0.976	56
NOX	Q61093	Q9HBY0	FP	TN	Family0087148	sp|Q61093|CY24B_MOUSE	sp|Q9HBY0|NOX3_HUMAN	RootHOG0088904	RootHOG0088904	True	G00057	duplication	high	10	true	0.991	35
NOX	Q61093	Q9NPH5	FP	TN	Family0087148	sp|Q61093|CY24B_MOUSE	sp|Q9NPH5|NOX4_HUMAN	RootHOG0088904	RootHOG0088904	True	G00061	duplication	high	14	true	0.976	56
NOX	Q61093	Q9WV87	FP	TN	Family0087148	sp|Q61093|CY24B_MOUSE	sp|Q9WV87|NOX1_RAT	RootHOG0088904	RootHOG0088904	True	G00056	duplication	high	12	true	0.664	25
NOX	Q61093	Q9Y5S8	FP	TN	Family0087148	sp|Q61093|CY24B_MOUSE	sp|Q9Y5S8|NOX1_HUMAN	RootHOG0088904	RootHOG0088904	True	G00056	duplication	high	12	true	0.664	25
NOX	Q672J9	Q924V1	FP	TN	Family0087148	sp|Q672J9|NOX3_MOUSE	sp|Q924V1|NOX4_RAT	RootHOG0088904	RootHOG0088904	True	G00061	duplication	high	14	true	0.976	56
NOX	Q672J9	Q9ERL1	FP	TN	Family0087148	sp|Q672J9|NOX3_MOUSE	tr|Q9ERL1|Q9ERL1_RAT	RootHOG0088904	RootHOG0088904	True	G00057	duplication	high	10	true	0.991	35
NOX	Q672J9	Q9NPH5	FP	TN	Family0087148	sp|Q672J9|NOX3_MOUSE	sp|Q9NPH5|NOX4_HUMAN	RootHOG0088904	RootHOG0088904	True	G00061	duplication	high	14	true	0.976	56
NOX	Q672J9	Q9WV87	FP	TN	Family0087148	sp|Q672J9|NOX3_MOUSE	sp|Q9WV87|NOX1_RAT	RootHOG0088904	RootHOG0088904	True	G00057	duplication	high	10	true	0.991	35
NOX	Q672J9	Q9Y5S8	FP	TN	Family0087148	sp|Q672J9|NOX3_MOUSE	sp|Q9Y5S8|NOX1_HUMAN	RootHOG0088904	RootHOG0088904	True	G00057	duplication	high	10	true	0.991	35
NOX	Q672K1	Q8CIZ9	FP	TN	Family0087148	sp|Q672K1|NOX3_RAT	sp|Q8CIZ9|NOX1_MOUSE	RootHOG0088904	RootHOG0088904	True	G00057	duplication	high	10	true	0.991	35
NOX	Q672K1	Q9JHI8	FP	TN	Family0087148	sp|Q672K1|NOX3_RAT	sp|Q9JHI8|NOX4_MOUSE	RootHOG0088904	RootHOG0088904	True	G00061	duplication	high	14	true	0.976	56
NOX	Q672K1	Q9NPH5	FP	TN	Family0087148	sp|Q672K1|NOX3_RAT	sp|Q9NPH5|NOX4_HUMAN	RootHOG0088904	RootHOG0088904	True	G00061	duplication	high	14	true	0.976	56
NOX	Q672K1	Q9Y5S8	FP	TN	Family0087148	sp|Q672K1|NOX3_RAT	sp|Q9Y5S8|NOX1_HUMAN	RootHOG0088904	RootHOG0088904	True	G00057	duplication	high	10	true	0.991	35
NOX	Q8CIZ9	Q924V1	FP	TN	Family0087148	sp|Q8CIZ9|NOX1_MOUSE	sp|Q924V1|NOX4_RAT	RootHOG0088904	RootHOG0088904	True	G00061	duplication	high	14	true	0.976	56
NOX	Q8CIZ9	Q9ERL1	FP	TN	Family0087148	sp|Q8CIZ9|NOX1_MOUSE	tr|Q9ERL1|Q9ERL1_RAT	RootHOG0088904	RootHOG0088904	True	G00056	duplication	high	12	true	0.664	25
NOX	Q8CIZ9	Q9HBY0	FP	TN	Family0087148	sp|Q8CIZ9|NOX1_MOUSE	sp|Q9HBY0|NOX3_HUMAN	RootHOG0088904	RootHOG0088904	True	G00057	duplication	high	10	true	0.991	35
NOX	Q8CIZ9	Q9NPH5	FP	TN	Family0087148	sp|Q8CIZ9|NOX1_MOUSE	sp|Q9NPH5|NOX4_HUMAN	RootHOG0088904	RootHOG0088904	True	G00061	duplication	high	14	true	0.976	56
NOX	Q924V1	Q9HBY0	FP	TN	Family0087148	sp|Q924V1|NOX4_RAT	sp|Q9HBY0|NOX3_HUMAN	RootHOG0088904	RootHOG0088904	True	G00061	duplication	high	14	true	0.976	56
NOX	Q924V1	Q9Y5S8	FP	TN	Family0087148	sp|Q924V1|NOX4_RAT	sp|Q9Y5S8|NOX1_HUMAN	RootHOG0088904	RootHOG0088904	True	G00061	duplication	high	14	true	0.976	56
NOX	Q9ERL1	Q9HBY0	FP	TN	Family0087148	tr|Q9ERL1|Q9ERL1_RAT	sp|Q9HBY0|NOX3_HUMAN	RootHOG0088904	RootHOG0088904	True	G00057	duplication	high	10	true	0.991	35
NOX	Q9ERL1	Q9JHI8	FP	TN	Family0087148	tr|Q9ERL1|Q9ERL1_RAT	sp|Q9JHI8|NOX4_MOUSE	RootHOG0088904	RootHOG0088904	True	G00061	duplication	high	14	true	0.976	56
NOX	Q9ERL1	Q9NPH5	FP	TN	Family0087148	tr|Q9ERL1|Q9ERL1_RAT	sp|Q9NPH5|NOX4_HUMAN	RootHOG0088904	RootHOG0088904	True	G00061	duplication	high	14	true	0.976	56
NOX	Q9ERL1	Q9Y5S8	FP	TN	Family0087148	tr|Q9ERL1|Q9ERL1_RAT	sp|Q9Y5S8|NOX1_HUMAN	RootHOG0088904	RootHOG0088904	True	G00056	duplication	high	12	true	0.664	25
NOX	Q9HBY0	Q9JHI8	FP	TN	Family0087148	sp|Q9HBY0|NOX3_HUMAN	sp|Q9JHI8|NOX4_MOUSE	RootHOG0088904	RootHOG0088904	True	G00061	duplication	high	14	true	0.976	56
NOX	Q9HBY0	Q9WV87	FP	TN	Family0087148	sp|Q9HBY0|NOX3_HUMAN	sp|Q9WV87|NOX1_RAT	RootHOG0088904	RootHOG0088904	True	G00057	duplication	high	10	true	0.991	35
NOX	Q9JHI8	Q9WV87	FP	TN	Family0087148	sp|Q9JHI8|NOX4_MOUSE	sp|Q9WV87|NOX1_RAT	RootHOG0088904	RootHOG0088904	True	G00061	duplication	high	14	true	0.976	56
NOX	Q9JHI8	Q9Y5S8	FP	TN	Family0087148	sp|Q9JHI8|NOX4_MOUSE	sp|Q9Y5S8|NOX1_HUMAN	RootHOG0088904	RootHOG0088904	True	G00061	duplication	high	14	true	0.976	56
NOX	Q9NPH5	Q9WV87	FP	TN	Family0087148	sp|Q9NPH5|NOX4_HUMAN	sp|Q9WV87|NOX1_RAT	RootHOG0088904	RootHOG0088904	True	G00061	duplication	high	14	true	0.976	56
POP	A0A2J8M3H2	B1H1F6	FP	TN	Family0112928	tr|A0A2J8M3H2|A0A2J8M3H2_PANTR	tr|B1H1F6|B1H1F6_XENTR	RootHOG0115377	RootHOG0115377	True	G00021	duplication	high	11	true	0.977	24
POP	A0A2J8M3H2	F1R6V1	FP	TN	Family0112928	tr|A0A2J8M3H2|A0A2J8M3H2_PANTR	tr|F1R6V1|F1R6V1_DANRE	RootHOG0115377	RootHOG0115377	True	G00021	duplication	high	11	true	0.977	24
POP	A0A2J8M3H2	F6ZWH6	FP	TN	Family0112928	tr|A0A2J8M3H2|A0A2J8M3H2_PANTR	tr|F6ZWH6|F6ZWH6_MONDO	RootHOG0115377	RootHOG0115377	True	G00021	duplication	high	11	true	0.977	24
POP	A0A2J8M3H2	G3N3W7	FP	TN	Family0112928	tr|A0A2J8M3H2|A0A2J8M3H2_PANTR	tr|G3N3W7|G3N3W7_BOVIN	RootHOG0115377	RootHOG0115377	True	G00021	duplication	high	11	true	0.977	24
POP	A0A2J8M3H2	G3RLV4	FP	TN	Family0112928	tr|A0A2J8M3H2|A0A2J8M3H2_PANTR	tr|G3RLV4|G3RLV4_GORGO	RootHOG0115377	RootHOG0115377	True	G00021	duplication	high	11	true	0.977	24
POP	A0A2J8M3H2	H2MZF5	FP	TN	Family0112928	tr|A0A2J8M3H2|A0A2J8M3H2_PANTR	tr|H2MZF5|H2MZF5_ORYLA	RootHOG0115377	RootHOG0115377	True	G00021	duplication	high	11	true	0.977	24
POP	A0A2J8M3H2	J9NU29	FP	TN	Family0112928	tr|A0A2J8M3H2|A0A2J8M3H2_PANTR	tr|J9NU29|J9NU29_CANLF	RootHOG0115377	RootHOG0115377	True	G00021	duplication	high	11	true	0.977	24
POP	A0A2J8M3H2	Q9ES81	FP	TN	Family0112928	tr|A0A2J8M3H2|A0A2J8M3H2_PANTR	sp|Q9ES81|POPD3_MOUSE	RootHOG0115377	RootHOG0115377	True	G00021	duplication	high	11	true	0.977	24
POP	A0A2J8M3H2	Q9HBV1	FP	TN	Family0112928	tr|A0A2J8M3H2|A0A2J8M3H2_PANTR	sp|Q9HBV1|POPD3_HUMAN	RootHOG0115377	RootHOG0115377	True	G00021	duplication	high	11	true	0.977	24
POP	A5PJG2	B1H1F6	FP	TN	Family0112928	tr|A5PJG2|A5PJG2_BOVIN	tr|B1H1F6|B1H1F6_XENTR	RootHOG0115377	RootHOG0115377	True	G00021	duplication	high	11	true	0.977	24
POP	A5PJG2	F1R6V1	FP	TN	Family0112928	tr|A5PJG2|A5PJG2_BOVIN	tr|F1R6V1|F1R6V1_DANRE	RootHOG0115377	RootHOG0115377	True	G00021	duplication	high	11	true	0.977	24
POP	A5PJG2	F6ZWH6	FP	TN	Family0112928	tr|A5PJG2|A5PJG2_BOVIN	tr|F6ZWH6|F6ZWH6_MONDO	RootHOG0115377	RootHOG0115377	True	G00021	duplication	high	11	true	0.977	24
POP	A5PJG2	G3RLV4	FP	TN	Family0112928	tr|A5PJG2|A5PJG2_BOVIN	tr|G3RLV4|G3RLV4_GORGO	RootHOG0115377	RootHOG0115377	True	G00021	duplication	high	11	true	0.977	24
POP	A5PJG2	H2MZF5	FP	TN	Family0112928	tr|A5PJG2|A5PJG2_BOVIN	tr|H2MZF5|H2MZF5_ORYLA	RootHOG0115377	RootHOG0115377	True	G00021	duplication	high	11	true	0.977	24
POP	A5PJG2	H2QTG9	FP	TN	Family0112928	tr|A5PJG2|A5PJG2_BOVIN	tr|H2QTG9|H2QTG9_PANTR	RootHOG0115377	RootHOG0115377	True	G00021	duplication	high	11	true	0.977	24
POP	A5PJG2	J9NU29	FP	TN	Family0112928	tr|A5PJG2|A5PJG2_BOVIN	tr|J9NU29|J9NU29_CANLF	RootHOG0115377	RootHOG0115377	True	G00021	duplication	high	11	true	0.977	24
POP	A5PJG2	Q9ES81	FP	TN	Family0112928	tr|A5PJG2|A5PJG2_BOVIN	sp|Q9ES81|POPD3_MOUSE	RootHOG0115377	RootHOG0115377	True	G00021	duplication	high	11	true	0.977	24
POP	A5PJG2	Q9HBV1	FP	TN	Family0112928	tr|A5PJG2|A5PJG2_BOVIN	sp|Q9HBV1|POPD3_HUMAN	RootHOG0115377	RootHOG0115377	True	G00021	duplication	high	11	true	0.977	24
POP	B1H1F6	F1NPM0	FP	TN	Family0112928	tr|B1H1F6|B1H1F6_XENTR	tr|F1NPM0|F1NPM0_CHICK	RootHOG0115377	RootHOG0115377	True	G00021	duplication	high	11	true	0.977	24
POP	B1H1F6	F6PGY0	FP	TN	Family0112928	tr|B1H1F6|B1H1F6_XENTR	tr|F6PGY0|F6PGY0_MONDO	RootHOG0115377	RootHOG0115377	True	G00021	duplication	high	11	true	0.977	24
POP	B1H1F6	G3QNZ3	FP	TN	Family0112928	tr|B1H1F6|B1H1F6_XENTR	tr|G3QNZ3|G3QNZ3_GORGO	RootHOG0115377	RootHOG0115377	True	G00021	duplication	high	11	true	0.977	24
POP	B1H1F6	H2LXG3	FP	TN	Family0112928	tr|B1H1F6|B1H1F6_XENTR	tr|H2LXG3|H2LXG3_ORYLA	RootHOG0115377	RootHOG0115377	True	G00021	duplication	high	11	true	0.977	24
POP	B1H1F6	J9NZA1	FP	TN	Family0112928	tr|B1H1F6|B1H1F6_XENTR	tr|J9NZA1|J9NZA1_CANLF	RootHOG0115377	RootHOG0115377	True	G00021	duplication	high	11	true	0.977	24
POP	B1H1F6	Q6JWV8	FP	TN	Family0112928	tr|B1H1F6|B1H1F6_XENTR	sp|Q6JWV8|POPD2_DANRE	RootHOG0115377	RootHOG0115377	True	G00021	duplication	high	11	true	0.977	24
POP	B1H1F6	Q6P722	FP	TN	Family0112928	tr|B1H1F6|B1H1F6_XENTR	tr|Q6P722|Q6P722_RAT	RootHOG0115377	RootHOG0115377	True	G00021	duplication	high	11	true	0.977	24
POP	B1H1F6	Q9ES82	FP	TN	Family0112928	tr|B1H1F6|B1H1F6_XENTR	sp|Q9ES82|POPD2_MOUSE	RootHOG0115377	RootHOG0115377	True	G00021	duplication	high	11	true	0.977	24
POP	B1H1F6	Q9HBU9	FP	TN	Family0112928	tr|B1H1F6|B1H1F6_XENTR	sp|Q9HBU9|POPD2_HUMAN	RootHOG0115377	RootHOG0115377	True	G00021	duplication	high	11	true	0.977	24
POP	F1NPM0	F1R6V1	FP	TN	Family0112928	tr|F1NPM0|F1NPM0_CHICK	tr|F1R6V1|F1R6V1_DANRE	RootHOG0115377	RootHOG0115377	True	G00021	duplication	high	11	true	0.977	24
POP	F1NPM0	F6ZWH6	FP	TN	Family0112928	tr|F1NPM0|F1NPM0_CHICK	tr|F6ZWH6|F6ZWH6_MONDO	RootHOG0115377	RootHOG0115377	True	G00021	duplication	high	11	true	0.977	24
POP	F1NPM0	G3N3W7	FP	TN	Family0112928	tr|F1NPM0|F1NPM0_CHICK	tr|G3N3W7|G3N3W7_BOVIN	RootHOG0115377	RootHOG0115377	True	G00021	duplication	high	11	true	0.977	24
POP	F1NPM0	G3RLV4	FP	TN	Family0112928	tr|F1NPM0|F1NPM0_CHICK	tr|G3RLV4|G3RLV4_GORGO	RootHOG0115377	RootHOG0115377	True	G00021	duplication	high	11	true	0.977	24
POP	F1NPM0	H2MZF5	FP	TN	Family0112928	tr|F1NPM0|F1NPM0_CHICK	tr|H2MZF5|H2MZF5_ORYLA	RootHOG0115377	RootHOG0115377	True	G00021	duplication	high	11	true	0.977	24
POP	F1NPM0	H2QTG9	FP	TN	Family0112928	tr|F1NPM0|F1NPM0_CHICK	tr|H2QTG9|H2QTG9_PANTR	RootHOG0115377	RootHOG0115377	True	G00021	duplication	high	11	true	0.977	24
POP	F1NPM0	J9NU29	FP	TN	Family0112928	tr|F1NPM0|F1NPM0_CHICK	tr|J9NU29|J9NU29_CANLF	RootHOG0115377	RootHOG0115377	True	G00021	duplication	high	11	true	0.977	24
POP	F1NPM0	Q9ES81	FP	TN	Family0112928	tr|F1NPM0|F1NPM0_CHICK	sp|Q9ES81|POPD3_MOUSE	RootHOG0115377	RootHOG0115377	True	G00021	duplication	high	11	true	0.977	24
POP	F1NPM0	Q9HBV1	FP	TN	Family0112928	tr|F1NPM0|F1NPM0_CHICK	sp|Q9HBV1|POPD3_HUMAN	RootHOG0115377	RootHOG0115377	True	G00021	duplication	high	11	true	0.977	24
POP	F1R6V1	F6PGY0	FP	TN	Family0112928	tr|F1R6V1|F1R6V1_DANRE	tr|F6PGY0|F6PGY0_MONDO	RootHOG0115377	RootHOG0115377	True	G00021	duplication	high	11	true	0.977	24
POP	F1R6V1	G3QNZ3	FP	TN	Family0112928	tr|F1R6V1|F1R6V1_DANRE	tr|G3QNZ3|G3QNZ3_GORGO	RootHOG0115377	RootHOG0115377	True	G00021	duplication	high	11	true	0.977	24
POP	F1R6V1	H2LXG3	FP	TN	Family0112928	tr|F1R6V1|F1R6V1_DANRE	tr|H2LXG3|H2LXG3_ORYLA	RootHOG0115377	RootHOG0115377	True	G00021	duplication	high	11	true	0.977	24
POP	F1R6V1	J9NZA1	FP	TN	Family0112928	tr|F1R6V1|F1R6V1_DANRE	tr|J9NZA1|J9NZA1_CANLF	RootHOG0115377	RootHOG0115377	True	G00021	duplication	high	11	true	0.977	24
POP	F1R6V1	Q6P722	FP	TN	Family0112928	tr|F1R6V1|F1R6V1_DANRE	tr|Q6P722|Q6P722_RAT	RootHOG0115377	RootHOG0115377	True	G00021	duplication	high	11	true	0.977	24
POP	F1R6V1	Q9ES82	FP	TN	Family0112928	tr|F1R6V1|F1R6V1_DANRE	sp|Q9ES82|POPD2_MOUSE	RootHOG0115377	RootHOG0115377	True	G00021	duplication	high	11	true	0.977	24
POP	F1R6V1	Q9HBU9	FP	TN	Family0112928	tr|F1R6V1|F1R6V1_DANRE	sp|Q9HBU9|POPD2_HUMAN	RootHOG0115377	RootHOG0115377	True	G00021	duplication	high	11	true	0.977	24
POP	F6PGY0	G3N3W7	FP	TN	Family0112928	tr|F6PGY0|F6PGY0_MONDO	tr|G3N3W7|G3N3W7_BOVIN	RootHOG0115377	RootHOG0115377	True	G00021	duplication	high	11	true	0.977	24
POP	F6PGY0	G3RLV4	FP	TN	Family0112928	tr|F6PGY0|F6PGY0_MONDO	tr|G3RLV4|G3RLV4_GORGO	RootHOG0115377	RootHOG0115377	True	G00021	duplication	high	11	true	0.977	24
POP	F6PGY0	H2MZF5	FP	TN	Family0112928	tr|F6PGY0|F6PGY0_MONDO	tr|H2MZF5|H2MZF5_ORYLA	RootHOG0115377	RootHOG0115377	True	G00021	duplication	high	11	true	0.977	24
POP	F6PGY0	H2QTG9	FP	TN	Family0112928	tr|F6PGY0|F6PGY0_MONDO	tr|H2QTG9|H2QTG9_PANTR	RootHOG0115377	RootHOG0115377	True	G00021	duplication	high	11	true	0.977	24
POP	F6PGY0	J9NU29	FP	TN	Family0112928	tr|F6PGY0|F6PGY0_MONDO	tr|J9NU29|J9NU29_CANLF	RootHOG0115377	RootHOG0115377	True	G00021	duplication	high	11	true	0.977	24
POP	F6PGY0	Q9ES81	FP	TN	Family0112928	tr|F6PGY0|F6PGY0_MONDO	sp|Q9ES81|POPD3_MOUSE	RootHOG0115377	RootHOG0115377	True	G00021	duplication	high	11	true	0.977	24
POP	F6PGY0	Q9HBV1	FP	TN	Family0112928	tr|F6PGY0|F6PGY0_MONDO	sp|Q9HBV1|POPD3_HUMAN	RootHOG0115377	RootHOG0115377	True	G00021	duplication	high	11	true	0.977	24
POP	F6ZWH6	G3QNZ3	FP	TN	Family0112928	tr|F6ZWH6|F6ZWH6_MONDO	tr|G3QNZ3|G3QNZ3_GORGO	RootHOG0115377	RootHOG0115377	True	G00021	duplication	high	11	true	0.977	24
POP	F6ZWH6	H2LXG3	FP	TN	Family0112928	tr|F6ZWH6|F6ZWH6_MONDO	tr|H2LXG3|H2LXG3_ORYLA	RootHOG0115377	RootHOG0115377	True	G00021	duplication	high	11	true	0.977	24
POP	F6ZWH6	J9NZA1	FP	TN	Family0112928	tr|F6ZWH6|F6ZWH6_MONDO	tr|J9NZA1|J9NZA1_CANLF	RootHOG0115377	RootHOG0115377	True	G00021	duplication	high	11	true	0.977	24
POP	F6ZWH6	Q6JWV8	FP	TN	Family0112928	tr|F6ZWH6|F6ZWH6_MONDO	sp|Q6JWV8|POPD2_DANRE	RootHOG0115377	RootHOG0115377	True	G00021	duplication	high	11	true	0.977	24
POP	F6ZWH6	Q6P722	FP	TN	Family0112928	tr|F6ZWH6|F6ZWH6_MONDO	tr|Q6P722|Q6P722_RAT	RootHOG0115377	RootHOG0115377	True	G00021	duplication	high	11	true	0.977	24
POP	F6ZWH6	Q9ES82	FP	TN	Family0112928	tr|F6ZWH6|F6ZWH6_MONDO	sp|Q9ES82|POPD2_MOUSE	RootHOG0115377	RootHOG0115377	True	G00021	duplication	high	11	true	0.977	24
POP	F6ZWH6	Q9HBU9	FP	TN	Family0112928	tr|F6ZWH6|F6ZWH6_MONDO	sp|Q9HBU9|POPD2_HUMAN	RootHOG0115377	RootHOG0115377	True	G00021	duplication	high	11	true	0.977	24
POP	G3N3W7	G3QNZ3	FP	TN	Family0112928	tr|G3N3W7|G3N3W7_BOVIN	tr|G3QNZ3|G3QNZ3_GORGO	RootHOG0115377	RootHOG0115377	True	G00021	duplication	high	11	true	0.977	24
POP	G3N3W7	H2LXG3	FP	TN	Family0112928	tr|G3N3W7|G3N3W7_BOVIN	tr|H2LXG3|H2LXG3_ORYLA	RootHOG0115377	RootHOG0115377	True	G00021	duplication	high	11	true	0.977	24
POP	G3N3W7	J9NZA1	FP	TN	Family0112928	tr|G3N3W7|G3N3W7_BOVIN	tr|J9NZA1|J9NZA1_CANLF	RootHOG0115377	RootHOG0115377	True	G00021	duplication	high	11	true	0.977	24
POP	G3N3W7	Q6JWV8	FP	TN	Family0112928	tr|G3N3W7|G3N3W7_BOVIN	sp|Q6JWV8|POPD2_DANRE	RootHOG0115377	RootHOG0115377	True	G00021	duplication	high	11	true	0.977	24
POP	G3N3W7	Q6P722	FP	TN	Family0112928	tr|G3N3W7|G3N3W7_BOVIN	tr|Q6P722|Q6P722_RAT	RootHOG0115377	RootHOG0115377	True	G00021	duplication	high	11	true	0.977	24
POP	G3N3W7	Q9ES82	FP	TN	Family0112928	tr|G3N3W7|G3N3W7_BOVIN	sp|Q9ES82|POPD2_MOUSE	RootHOG0115377	RootHOG0115377	True	G00021	duplication	high	11	true	0.977	24
POP	G3N3W7	Q9HBU9	FP	TN	Family0112928	tr|G3N3W7|G3N3W7_BOVIN	sp|Q9HBU9|POPD2_HUMAN	RootHOG0115377	RootHOG0115377	True	G00021	duplication	high	11	true	0.977	24
POP	G3QNZ3	H2MZF5	FP	TN	Family0112928	tr|G3QNZ3|G3QNZ3_GORGO	tr|H2MZF5|H2MZF5_ORYLA	RootHOG0115377	RootHOG0115377	True	G00021	duplication	high	11	true	0.977	24
POP	G3QNZ3	H2QTG9	FP	TN	Family0112928	tr|G3QNZ3|G3QNZ3_GORGO	tr|H2QTG9|H2QTG9_PANTR	RootHOG0115377	RootHOG0115377	True	G00021	duplication	high	11	true	0.977	24
POP	G3QNZ3	J9NU29	FP	TN	Family0112928	tr|G3QNZ3|G3QNZ3_GORGO	tr|J9NU29|J9NU29_CANLF	RootHOG0115377	RootHOG0115377	True	G00021	duplication	high	11	true	0.977	24
POP	G3QNZ3	Q9ES81	FP	TN	Family0112928	tr|G3QNZ3|G3QNZ3_GORGO	sp|Q9ES81|POPD3_MOUSE	RootHOG0115377	RootHOG0115377	True	G00021	duplication	high	11	true	0.977	24
POP	G3QNZ3	Q9HBV1	FP	TN	Family0112928	tr|G3QNZ3|G3QNZ3_GORGO	sp|Q9HBV1|POPD3_HUMAN	RootHOG0115377	RootHOG0115377	True	G00021	duplication	high	11	true	0.977	24
POP	G3RLV4	H2LXG3	FP	TN	Family0112928	tr|G3RLV4|G3RLV4_GORGO	tr|H2LXG3|H2LXG3_ORYLA	RootHOG0115377	RootHOG0115377	True	G00021	duplication	high	11	true	0.977	24
POP	G3RLV4	J9NZA1	FP	TN	Family0112928	tr|G3RLV4|G3RLV4_GORGO	tr|J9NZA1|J9NZA1_CANLF	RootHOG0115377	RootHOG0115377	True	G00021	duplication	high	11	true	0.977	24
POP	G3RLV4	Q6JWV8	FP	TN	Family0112928	tr|G3RLV4|G3RLV4_GORGO	sp|Q6JWV8|POPD2_DANRE	RootHOG0115377	RootHOG0115377	True	G00021	duplication	high	11	true	0.977	24
POP	G3RLV4	Q6P722	FP	TN	Family0112928	tr|G3RLV4|G3RLV4_GORGO	tr|Q6P722|Q6P722_RAT	RootHOG0115377	RootHOG0115377	True	G00021	duplication	high	11	true	0.977	24
POP	G3RLV4	Q9ES82	FP	TN	Family0112928	tr|G3RLV4|G3RLV4_GORGO	sp|Q9ES82|POPD2_MOUSE	RootHOG0115377	RootHOG0115377	True	G00021	duplication	high	11	true	0.977	24
POP	G3RLV4	Q9HBU9	FP	TN	Family0112928	tr|G3RLV4|G3RLV4_GORGO	sp|Q9HBU9|POPD2_HUMAN	RootHOG0115377	RootHOG0115377	True	G00021	duplication	high	11	true	0.977	24
POP	H2LXG3	H2QTG9	FP	TN	Family0112928	tr|H2LXG3|H2LXG3_ORYLA	tr|H2QTG9|H2QTG9_PANTR	RootHOG0115377	RootHOG0115377	True	G00021	duplication	high	11	true	0.977	24
POP	H2LXG3	J9NU29	FP	TN	Family0112928	tr|H2LXG3|H2LXG3_ORYLA	tr|J9NU29|J9NU29_CANLF	RootHOG0115377	RootHOG0115377	True	G00021	duplication	high	11	true	0.977	24
POP	H2LXG3	Q9ES81	FP	TN	Family0112928	tr|H2LXG3|H2LXG3_ORYLA	sp|Q9ES81|POPD3_MOUSE	RootHOG0115377	RootHOG0115377	True	G00021	duplication	high	11	true	0.977	24
POP	H2LXG3	Q9HBV1	FP	TN	Family0112928	tr|H2LXG3|H2LXG3_ORYLA	sp|Q9HBV1|POPD3_HUMAN	RootHOG0115377	RootHOG0115377	True	G00021	duplication	high	11	true	0.977	24
POP	H2MZF5	J9NZA1	FP	TN	Family0112928	tr|H2MZF5|H2MZF5_ORYLA	tr|J9NZA1|J9NZA1_CANLF	RootHOG0115377	RootHOG0115377	True	G00021	duplication	high	11	true	0.977	24
POP	H2MZF5	Q6JWV8	FP	TN	Family0112928	tr|H2MZF5|H2MZF5_ORYLA	sp|Q6JWV8|POPD2_DANRE	RootHOG0115377	RootHOG0115377	True	G00021	duplication	high	11	true	0.977	24
POP	H2MZF5	Q6P722	FP	TN	Family0112928	tr|H2MZF5|H2MZF5_ORYLA	tr|Q6P722|Q6P722_RAT	RootHOG0115377	RootHOG0115377	True	G00021	duplication	high	11	true	0.977	24
POP	H2MZF5	Q9ES82	FP	TN	Family0112928	tr|H2MZF5|H2MZF5_ORYLA	sp|Q9ES82|POPD2_MOUSE	RootHOG0115377	RootHOG0115377	True	G00021	duplication	high	11	true	0.977	24
POP	H2MZF5	Q9HBU9	FP	TN	Family0112928	tr|H2MZF5|H2MZF5_ORYLA	sp|Q9HBU9|POPD2_HUMAN	RootHOG0115377	RootHOG0115377	True	G00021	duplication	high	11	true	0.977	24
POP	H2QTG9	J9NZA1	FP	TN	Family0112928	tr|H2QTG9|H2QTG9_PANTR	tr|J9NZA1|J9NZA1_CANLF	RootHOG0115377	RootHOG0115377	True	G00021	duplication	high	11	true	0.977	24
POP	H2QTG9	Q6JWV8	FP	TN	Family0112928	tr|H2QTG9|H2QTG9_PANTR	sp|Q6JWV8|POPD2_DANRE	RootHOG0115377	RootHOG0115377	True	G00021	duplication	high	11	true	0.977	24
POP	H2QTG9	Q6P722	FP	TN	Family0112928	tr|H2QTG9|H2QTG9_PANTR	tr|Q6P722|Q6P722_RAT	RootHOG0115377	RootHOG0115377	True	G00021	duplication	high	11	true	0.977	24
POP	H2QTG9	Q9ES82	FP	TN	Family0112928	tr|H2QTG9|H2QTG9_PANTR	sp|Q9ES82|POPD2_MOUSE	RootHOG0115377	RootHOG0115377	True	G00021	duplication	high	11	true	0.977	24
POP	H2QTG9	Q9HBU9	FP	TN	Family0112928	tr|H2QTG9|H2QTG9_PANTR	sp|Q9HBU9|POPD2_HUMAN	RootHOG0115377	RootHOG0115377	True	G00021	duplication	high	11	true	0.977	24
POP	J9NU29	Q6JWV8	FP	TN	Family0112928	tr|J9NU29|J9NU29_CANLF	sp|Q6JWV8|POPD2_DANRE	RootHOG0115377	RootHOG0115377	True	G00021	duplication	high	11	true	0.977	24
POP	J9NU29	Q6P722	FP	TN	Family0112928	tr|J9NU29|J9NU29_CANLF	tr|Q6P722|Q6P722_RAT	RootHOG0115377	RootHOG0115377	True	G00021	duplication	high	11	true	0.977	24
POP	J9NU29	Q9ES82	FP	TN	Family0112928	tr|J9NU29|J9NU29_CANLF	sp|Q9ES82|POPD2_MOUSE	RootHOG0115377	RootHOG0115377	True	G00021	duplication	high	11	true	0.977	24
POP	J9NU29	Q9HBU9	FP	TN	Family0112928	tr|J9NU29|J9NU29_CANLF	sp|Q9HBU9|POPD2_HUMAN	RootHOG0115377	RootHOG0115377	True	G00021	duplication	high	11	true	0.977	24
POP	J9NZA1	Q9ES81	FP	TN	Family0112928	tr|J9NZA1|J9NZA1_CANLF	sp|Q9ES81|POPD3_MOUSE	RootHOG0115377	RootHOG0115377	True	G00021	duplication	high	11	true	0.977	24
POP	J9NZA1	Q9HBV1	FP	TN	Family0112928	tr|J9NZA1|J9NZA1_CANLF	sp|Q9HBV1|POPD3_HUMAN	RootHOG0115377	RootHOG0115377	True	G00021	duplication	high	11	true	0.977	24
POP	Q6JWV8	Q9ES81	FP	TN	Family0112928	sp|Q6JWV8|POPD2_DANRE	sp|Q9ES81|POPD3_MOUSE	RootHOG0115377	RootHOG0115377	True	G00021	duplication	high	11	true	0.977	24
POP	Q6JWV8	Q9HBV1	FP	TN	Family0112928	sp|Q6JWV8|POPD2_DANRE	sp|Q9HBV1|POPD3_HUMAN	RootHOG0115377	RootHOG0115377	True	G00021	duplication	high	11	true	0.977	24
POP	Q6P722	Q9ES81	FP	TN	Family0112928	tr|Q6P722|Q6P722_RAT	sp|Q9ES81|POPD3_MOUSE	RootHOG0115377	RootHOG0115377	True	G00021	duplication	high	11	true	0.977	24
POP	Q6P722	Q9HBV1	FP	TN	Family0112928	tr|Q6P722|Q6P722_RAT	sp|Q9HBV1|POPD3_HUMAN	RootHOG0115377	RootHOG0115377	True	G00021	duplication	high	11	true	0.977	24
POP	Q9ES81	Q9HBU9	FP	TN	Family0112928	sp|Q9ES81|POPD3_MOUSE	sp|Q9HBU9|POPD2_HUMAN	RootHOG0115377	RootHOG0115377	True	G00021	duplication	high	11	true	0.977	24
POP	Q9ES82	Q9HBV1	FP	TN	Family0112928	sp|Q9ES82|POPD2_MOUSE	sp|Q9HBV1|POPD3_HUMAN	RootHOG0115377	RootHOG0115377	True	G00021	duplication	high	11	true	0.977	24
PSEN	A9S846	A9VBA9	TP	FN	Family0077302	tr|A9S846|A9S846_PHYPA	tr|A9VBA9|A9VBA9_MONBE	RootHOG0078591	RootHOG0078591	True	G00055	duplication	high	1	true	0.994	55
PSEN	A9S846	C3Z2C5	TP	FN	Family0077302	tr|A9S846|A9S846_PHYPA	tr|C3Z2C5|C3Z2C5_BRAFL	RootHOG0078591	RootHOG0078591	True	G00055	duplication	high	1	true	0.994	55
PSEN	A9S846	F1NGP7	TP	FN	Family0077302	tr|A9S846|A9S846_PHYPA	tr|F1NGP7|F1NGP7_CHICK	RootHOG0078591	RootHOG0078591	True	G00055	duplication	high	1	true	0.994	55
PSEN	A9S846	F6RA92	TP	FN	Family0077302	tr|A9S846|A9S846_PHYPA	tr|F6RA92|F6RA92_CIOIN	RootHOG0078591	RootHOG0078591	True	G00055	duplication	high	1	true	0.994	55
PSEN	A9S846	F7C949	TP	FN	Family0077302	tr|A9S846|A9S846_PHYPA	tr|F7C949|F7C949_XENTR	RootHOG0078591	RootHOG0078591	True	G00055	duplication	high	1	true	0.994	55
PSEN	A9S846	G3QI95	TP	FN	Family0077302	tr|A9S846|A9S846_PHYPA	tr|G3QI95|G3QI95_GORGO	RootHOG0078591	RootHOG0078591	True	G00055	duplication	high	1	true	0.994	55
PSEN	A9S846	G3QLC6	TP	FN	Family0077302	tr|A9S846|A9S846_PHYPA	tr|G3QLC6|G3QLC6_GORGO	RootHOG0078591	RootHOG0078591	True	G00055	duplication	high	1	true	0.994	55
PSEN	A9S846	H2N0U7	TP	FN	Family0077302	tr|A9S846|A9S846_PHYPA	tr|H2N0U7|H2N0U7_ORYLA	RootHOG0078591	RootHOG0078591	True	G00055	duplication	high	1	true	0.994	55
PSEN	A9S846	H2Q8K1	TP	FN	Family0077302	tr|A9S846|A9S846_PHYPA	tr|H2Q8K1|H2Q8K1_PANTR	RootHOG0078591	RootHOG0078591	True	G00055	duplication	high	1	true	0.994	55
PSEN	A9S846	H2R821	TP	FN	Family0077302	tr|A9S846|A9S846_PHYPA	tr|H2R821|H2R821_PANTR	RootHOG0078591	RootHOG0078591	True	G00055	duplication	high	1	true	0.994	55
PSEN	A9S846	O02194	TP	FN	Family0077302	tr|A9S846|A9S846_PHYPA	sp|O02194|PSN_DROME	RootHOG0078591	RootHOG0078591	True	G00055	duplication	high	1	true	0.994	55
PSEN	A9S846	O88777	TP	FN	Family0077302	tr|A9S846|A9S846_PHYPA	sp|O88777|PSN2_RAT	RootHOG0078591	RootHOG0078591	True	G00055	duplication	high	1	true	0.994	55
PSEN	A9S846	P49768	TP	FN	Family0077302	tr|A9S846|A9S846_PHYPA	sp|P49768|PSN1_HUMAN	RootHOG0078591	RootHOG0078591	True	G00055	duplication	high	1	true	0.994	55
PSEN	A9S846	P49769	TP	FN	Family0077302	tr|A9S846|A9S846_PHYPA	sp|P49769|PSN1_MOUSE	RootHOG0078591	RootHOG0078591	True	G00055	duplication	high	1	true	0.994	55
PSEN	A9S846	P49810	TP	FN	Family0077302	tr|A9S846|A9S846_PHYPA	sp|P49810|PSN2_HUMAN	RootHOG0078591	RootHOG0078591	True	G00055	duplication	high	1	true	0.994	55
PSEN	A9S846	P97887	TP	FN	Family0077302	tr|A9S846|A9S846_PHYPA	sp|P97887|PSN1_RAT	RootHOG0078591	RootHOG0078591	True	G00055	duplication	high	1	true	0.994	55
PSEN	A9S846	Q4JIM4	TP	FN	Family0077302	tr|A9S846|A9S846_PHYPA	sp|Q4JIM4|PSN1_CHICK	RootHOG0078591	RootHOG0078591	True	G00055	duplication	high	1	true	0.994	55
PSEN	A9S846	Q7PR98	TP	FN	Family0077302	tr|A9S846|A9S846_PHYPA	tr|Q7PR98|Q7PR98_ANOGA	RootHOG0078591	RootHOG0078591	True	G00055	duplication	high	1	true	0.994	55
PSEN	A9S846	Q90ZE4	TP	FN	Family0077302	tr|A9S846|A9S846_PHYPA	sp|Q90ZE4|PSN2_DANRE	RootHOG0078591	RootHOG0078591	True	G00055	duplication	high	1	true	0.994	55
PSEN	A9S846	Q9XT96	TP	FN	Family0077302	tr|A9S846|A9S846_PHYPA	sp|Q9XT96|PSN2_BOVIN	RootHOG0078591	RootHOG0078591	True	G00055	duplication	high	1	true	0.994	55
PSEN	A9S846	Q9XT97	TP	FN	Family0077302	tr|A9S846|A9S846_PHYPA	sp|Q9XT97|PSN1_BOVIN	RootHOG0078591	RootHOG0078591	True	G00055	duplication	high	1	true	0.994	55
PSEN	A9VBA9	B8C3Y7	TP	FN	Family0077302	tr|A9VBA9|A9VBA9_MONBE	tr|B8C3Y7|B8C3Y7_THAPS	RootHOG0078591	RootHOG0078591	True	G00055	duplication	high	1	true	0.994	55
PSEN	A9VBA9	C7J054	TP	FN	Family0077302	tr|A9VBA9|A9VBA9_MONBE	tr|C7J054|C7J054_ORYSJ	RootHOG0078591	RootHOG0078591	True	G00055	duplication	high	1	true	0.994	55
PSEN	A9VBA9	H3GE34	TP	FN	Family0077302	tr|A9VBA9|A9VBA9_MONBE	tr|H3GE34|H3GE34_PHYRM	RootHOG0078591	RootHOG0078591	True	G00055	duplication	high	1	true	0.994	55
PSEN	A9VBA9	H3GSQ0	TP	FN	Family0077302	tr|A9VBA9|A9VBA9_MONBE	tr|H3GSQ0|H3GSQ0_PHYRM	RootHOG0078591	RootHOG0078591	True	G00055	duplication	high	1	true	0.994	55
PSEN	A9VBA9	O64668	TP	FN	Family0077302	tr|A9VBA9|A9VBA9_MONBE	sp|O64668|PSNA_ARATH	RootHOG0078591	RootHOG0078591	True	G00055	duplication	high	1	true	0.994	55
PSEN	A9VBA9	Q4QF26	TP	FN	Family0077302	tr|A9VBA9|A9VBA9_MONBE	tr|Q4QF26|Q4QF26_LEIMA	RootHOG0078591	RootHOG0078591	True	G00055	duplication	high	1	true	0.994	55
PSEN	A9VBA9	Q54DE8	TP	FN	Family0077302	tr|A9VBA9|A9VBA9_MONBE	sp|Q54DE8|PSNB_DICDI	RootHOG0078591	RootHOG0078591	True	G00055	duplication	high	1	true	0.994	55
PSEN	A9VBA9	Q54ET2	TP	FN	Family0077302	tr|A9VBA9|A9VBA9_MONBE	sp|Q54ET2|PSNA_DICDI	RootHOG0078591	RootHOG0078591	True	G00055	duplication	high	1	true	0.994	55
PSEN	A9VBA9	Q9SIK7	TP	FN	Family0077302	tr|A9VBA9|A9VBA9_MONBE	sp|Q9SIK7|PSNB_ARATH	RootHOG0078591	RootHOG0078591	True	G00055	duplication	high	1	true	0.994	55
PSEN	B8C3Y7	C3Z2C5	TP	FN	Family0077302	tr|B8C3Y7|B8C3Y7_THAPS	tr|C3Z2C5|C3Z2C5_BRAFL	RootHOG0078591	RootHOG0078591	True	G00055	duplication	high	1	true	0.994	55
PSEN	B8C3Y7	F1NGP7	TP	FN	Family0077302	tr|B8C3Y7|B8C3Y7_THAPS	tr|F1NGP7|F1NGP7_CHICK	RootHOG0078591	RootHOG0078591	True	G00055	duplication	high	1	true	0.994	55
PSEN	B8C3Y7	F6RA92	TP	FN	Family0077302	tr|B8C3Y7|B8C3Y7_THAPS	tr|F6RA92|F6RA92_CIOIN	RootHOG0078591	RootHOG0078591	True	G00055	duplication	high	1	true	0.994	55
PSEN	B8C3Y7	F7C949	TP	FN	Family0077302	tr|B8C3Y7|B8C3Y7_THAPS	tr|F7C949|F7C949_XENTR	RootHOG0078591	RootHOG0078591	True	G00055	duplication	high	1	true	0.994	55
PSEN	B8C3Y7	G3QI95	TP	FN	Family0077302	tr|B8C3Y7|B8C3Y7_THAPS	tr|G3QI95|G3QI95_GORGO	RootHOG0078591	RootHOG0078591	True	G00055	duplication	high	1	true	0.994	55
PSEN	B8C3Y7	G3QLC6	TP	FN	Family0077302	tr|B8C3Y7|B8C3Y7_THAPS	tr|G3QLC6|G3QLC6_GORGO	RootHOG0078591	RootHOG0078591	True	G00055	duplication	high	1	true	0.994	55
PSEN	B8C3Y7	H2N0U7	TP	FN	Family0077302	tr|B8C3Y7|B8C3Y7_THAPS	tr|H2N0U7|H2N0U7_ORYLA	RootHOG0078591	RootHOG0078591	True	G00055	duplication	high	1	true	0.994	55
PSEN	B8C3Y7	H2Q8K1	TP	FN	Family0077302	tr|B8C3Y7|B8C3Y7_THAPS	tr|H2Q8K1|H2Q8K1_PANTR	RootHOG0078591	RootHOG0078591	True	G00055	duplication	high	1	true	0.994	55
PSEN	B8C3Y7	H2R821	TP	FN	Family0077302	tr|B8C3Y7|B8C3Y7_THAPS	tr|H2R821|H2R821_PANTR	RootHOG0078591	RootHOG0078591	True	G00055	duplication	high	1	true	0.994	55
PSEN	B8C3Y7	H3GE34	TP	FN	Family0077302	tr|B8C3Y7|B8C3Y7_THAPS	tr|H3GE34|H3GE34_PHYRM	RootHOG0078591	RootHOG0078591	True	G00011	duplication	high	1	true	1.0	3
PSEN	B8C3Y7	O02194	TP	FN	Family0077302	tr|B8C3Y7|B8C3Y7_THAPS	sp|O02194|PSN_DROME	RootHOG0078591	RootHOG0078591	True	G00055	duplication	high	1	true	0.994	55
PSEN	B8C3Y7	O88777	TP	FN	Family0077302	tr|B8C3Y7|B8C3Y7_THAPS	sp|O88777|PSN2_RAT	RootHOG0078591	RootHOG0078591	True	G00055	duplication	high	1	true	0.994	55
PSEN	B8C3Y7	P49768	TP	FN	Family0077302	tr|B8C3Y7|B8C3Y7_THAPS	sp|P49768|PSN1_HUMAN	RootHOG0078591	RootHOG0078591	True	G00055	duplication	high	1	true	0.994	55
PSEN	B8C3Y7	P49769	TP	FN	Family0077302	tr|B8C3Y7|B8C3Y7_THAPS	sp|P49769|PSN1_MOUSE	RootHOG0078591	RootHOG0078591	True	G00055	duplication	high	1	true	0.994	55
PSEN	B8C3Y7	P49810	TP	FN	Family0077302	tr|B8C3Y7|B8C3Y7_THAPS	sp|P49810|PSN2_HUMAN	RootHOG0078591	RootHOG0078591	True	G00055	duplication	high	1	true	0.994	55
PSEN	B8C3Y7	P97887	TP	FN	Family0077302	tr|B8C3Y7|B8C3Y7_THAPS	sp|P97887|PSN1_RAT	RootHOG0078591	RootHOG0078591	True	G00055	duplication	high	1	true	0.994	55
PSEN	B8C3Y7	Q4JIM4	TP	FN	Family0077302	tr|B8C3Y7|B8C3Y7_THAPS	sp|Q4JIM4|PSN1_CHICK	RootHOG0078591	RootHOG0078591	True	G00055	duplication	high	1	true	0.994	55
PSEN	B8C3Y7	Q7PR98	TP	FN	Family0077302	tr|B8C3Y7|B8C3Y7_THAPS	tr|Q7PR98|Q7PR98_ANOGA	RootHOG0078591	RootHOG0078591	True	G00055	duplication	high	1	true	0.994	55
PSEN	B8C3Y7	Q90ZE4	TP	FN	Family0077302	tr|B8C3Y7|B8C3Y7_THAPS	sp|Q90ZE4|PSN2_DANRE	RootHOG0078591	RootHOG0078591	True	G00055	duplication	high	1	true	0.994	55
PSEN	B8C3Y7	Q9XT96	TP	FN	Family0077302	tr|B8C3Y7|B8C3Y7_THAPS	sp|Q9XT96|PSN2_BOVIN	RootHOG0078591	RootHOG0078591	True	G00055	duplication	high	1	true	0.994	55
PSEN	B8C3Y7	Q9XT97	TP	FN	Family0077302	tr|B8C3Y7|B8C3Y7_THAPS	sp|Q9XT97|PSN1_BOVIN	RootHOG0078591	RootHOG0078591	True	G00055	duplication	high	1	true	0.994	55
PSEN	C3Z2C5	C7J054	TP	FN	Family0077302	tr|C3Z2C5|C3Z2C5_BRAFL	tr|C7J054|C7J054_ORYSJ	RootHOG0078591	RootHOG0078591	True	G00055	duplication	high	1	true	0.994	55
PSEN	C3Z2C5	H3GE34	TP	FN	Family0077302	tr|C3Z2C5|C3Z2C5_BRAFL	tr|H3GE34|H3GE34_PHYRM	RootHOG0078591	RootHOG0078591	True	G00055	duplication	high	1	true	0.994	55
PSEN	C3Z2C5	H3GSQ0	TP	FN	Family0077302	tr|C3Z2C5|C3Z2C5_BRAFL	tr|H3GSQ0|H3GSQ0_PHYRM	RootHOG0078591	RootHOG0078591	True	G00055	duplication	high	1	true	0.994	55
PSEN	C3Z2C5	O64668	TP	FN	Family0077302	tr|C3Z2C5|C3Z2C5_BRAFL	sp|O64668|PSNA_ARATH	RootHOG0078591	RootHOG0078591	True	G00055	duplication	high	1	true	0.994	55
PSEN	C3Z2C5	Q4QF26	TP	FN	Family0077302	tr|C3Z2C5|C3Z2C5_BRAFL	tr|Q4QF26|Q4QF26_LEIMA	RootHOG0078591	RootHOG0078591	True	G00055	duplication	high	1	true	0.994	55
PSEN	C3Z2C5	Q54DE8	TP	FN	Family0077302	tr|C3Z2C5|C3Z2C5_BRAFL	sp|Q54DE8|PSNB_DICDI	RootHOG0078591	RootHOG0078591	True	G00055	duplication	high	1	true	0.994	55
PSEN	C3Z2C5	Q54ET2	TP	FN	Family0077302	tr|C3Z2C5|C3Z2C5_BRAFL	sp|Q54ET2|PSNA_DICDI	RootHOG0078591	RootHOG0078591	True	G00055	duplication	high	1	true	0.994	55
PSEN	C3Z2C5	Q9SIK7	TP	FN	Family0077302	tr|C3Z2C5|C3Z2C5_BRAFL	sp|Q9SIK7|PSNB_ARATH	RootHOG0078591	RootHOG0078591	True	G00055	duplication	high	1	true	0.994	55
PSEN	C7J054	F1NGP7	TP	FN	Family0077302	tr|C7J054|C7J054_ORYSJ	tr|F1NGP7|F1NGP7_CHICK	RootHOG0078591	RootHOG0078591	True	G00055	duplication	high	1	true	0.994	55
PSEN	C7J054	F6RA92	TP	FN	Family0077302	tr|C7J054|C7J054_ORYSJ	tr|F6RA92|F6RA92_CIOIN	RootHOG0078591	RootHOG0078591	True	G00055	duplication	high	1	true	0.994	55
PSEN	C7J054	F7C949	TP	FN	Family0077302	tr|C7J054|C7J054_ORYSJ	tr|F7C949|F7C949_XENTR	RootHOG0078591	RootHOG0078591	True	G00055	duplication	high	1	true	0.994	55
PSEN	C7J054	G3QI95	TP	FN	Family0077302	tr|C7J054|C7J054_ORYSJ	tr|G3QI95|G3QI95_GORGO	RootHOG0078591	RootHOG0078591	True	G00055	duplication	high	1	true	0.994	55
PSEN	C7J054	G3QLC6	TP	FN	Family0077302	tr|C7J054|C7J054_ORYSJ	tr|G3QLC6|G3QLC6_GORGO	RootHOG0078591	RootHOG0078591	True	G00055	duplication	high	1	true	0.994	55
PSEN	C7J054	H2N0U7	TP	FN	Family0077302	tr|C7J054|C7J054_ORYSJ	tr|H2N0U7|H2N0U7_ORYLA	RootHOG0078591	RootHOG0078591	True	G00055	duplication	high	1	true	0.994	55
PSEN	C7J054	H2Q8K1	TP	FN	Family0077302	tr|C7J054|C7J054_ORYSJ	tr|H2Q8K1|H2Q8K1_PANTR	RootHOG0078591	RootHOG0078591	True	G00055	duplication	high	1	true	0.994	55
PSEN	C7J054	H2R821	TP	FN	Family0077302	tr|C7J054|C7J054_ORYSJ	tr|H2R821|H2R821_PANTR	RootHOG0078591	RootHOG0078591	True	G00055	duplication	high	1	true	0.994	55
PSEN	C7J054	O02194	TP	FN	Family0077302	tr|C7J054|C7J054_ORYSJ	sp|O02194|PSN_DROME	RootHOG0078591	RootHOG0078591	True	G00055	duplication	high	1	true	0.994	55
PSEN	C7J054	O64668	FP	TN	Family0077302	tr|C7J054|C7J054_ORYSJ	sp|O64668|PSNA_ARATH	RootHOG0078591	RootHOG0078591	True	G00007	duplication	high	3	true	0.887	7
PSEN	C7J054	O88777	TP	FN	Family0077302	tr|C7J054|C7J054_ORYSJ	sp|O88777|PSN2_RAT	RootHOG0078591	RootHOG0078591	True	G00055	duplication	high	1	true	0.994	55
PSEN	C7J054	P49768	TP	FN	Family0077302	tr|C7J054|C7J054_ORYSJ	sp|P49768|PSN1_HUMAN	RootHOG0078591	RootHOG0078591	True	G00055	duplication	high	1	true	0.994	55
PSEN	C7J054	P49769	TP	FN	Family0077302	tr|C7J054|C7J054_ORYSJ	sp|P49769|PSN1_MOUSE	RootHOG0078591	RootHOG0078591	True	G00055	duplication	high	1	true	0.994	55
PSEN	C7J054	P49810	TP	FN	Family0077302	tr|C7J054|C7J054_ORYSJ	sp|P49810|PSN2_HUMAN	RootHOG0078591	RootHOG0078591	True	G00055	duplication	high	1	true	0.994	55
PSEN	C7J054	P97887	TP	FN	Family0077302	tr|C7J054|C7J054_ORYSJ	sp|P97887|PSN1_RAT	RootHOG0078591	RootHOG0078591	True	G00055	duplication	high	1	true	0.994	55
PSEN	C7J054	Q4JIM4	TP	FN	Family0077302	tr|C7J054|C7J054_ORYSJ	sp|Q4JIM4|PSN1_CHICK	RootHOG0078591	RootHOG0078591	True	G00055	duplication	high	1	true	0.994	55
PSEN	C7J054	Q7PR98	TP	FN	Family0077302	tr|C7J054|C7J054_ORYSJ	tr|Q7PR98|Q7PR98_ANOGA	RootHOG0078591	RootHOG0078591	True	G00055	duplication	high	1	true	0.994	55
PSEN	C7J054	Q90ZE4	TP	FN	Family0077302	tr|C7J054|C7J054_ORYSJ	sp|Q90ZE4|PSN2_DANRE	RootHOG0078591	RootHOG0078591	True	G00055	duplication	high	1	true	0.994	55
PSEN	C7J054	Q9XT96	TP	FN	Family0077302	tr|C7J054|C7J054_ORYSJ	sp|Q9XT96|PSN2_BOVIN	RootHOG0078591	RootHOG0078591	True	G00055	duplication	high	1	true	0.994	55
PSEN	C7J054	Q9XT97	TP	FN	Family0077302	tr|C7J054|C7J054_ORYSJ	sp|Q9XT97|PSN1_BOVIN	RootHOG0078591	RootHOG0078591	True	G00055	duplication	high	1	true	0.994	55
PSEN	F1NGP7	G3QI95	FP	TN	Family0077302	tr|F1NGP7|F1NGP7_CHICK	tr|G3QI95|G3QI95_GORGO	RootHOG0078591	RootHOG0078591	True	G00048	duplication	high	13	true	0.989	28
PSEN	F1NGP7	H2Q8K1	FP	TN	Family0077302	tr|F1NGP7|F1NGP7_CHICK	tr|H2Q8K1|H2Q8K1_PANTR	RootHOG0078591	RootHOG0078591	True	G00048	duplication	high	13	true	0.989	28
PSEN	F1NGP7	H3GE34	TP	FN	Family0077302	tr|F1NGP7|F1NGP7_CHICK	tr|H3GE34|H3GE34_PHYRM	RootHOG0078591	RootHOG0078591	True	G00055	duplication	high	1	true	0.994	55
PSEN	F1NGP7	H3GSQ0	TP	FN	Family0077302	tr|F1NGP7|F1NGP7_CHICK	tr|H3GSQ0|H3GSQ0_PHYRM	RootHOG0078591	RootHOG0078591	True	G00055	duplication	high	1	true	0.994	55
PSEN	F1NGP7	O64668	TP	FN	Family0077302	tr|F1NGP7|F1NGP7_CHICK	sp|O64668|PSNA_ARATH	RootHOG0078591	RootHOG0078591	True	G00055	duplication	high	1	true	0.994	55
PSEN	F1NGP7	P49768	FP	TN	Family0077302	tr|F1NGP7|F1NGP7_CHICK	sp|P49768|PSN1_HUMAN	RootHOG0078591	RootHOG0078591	True	G00048	duplication	high	13	true	0.989	28
PSEN	F1NGP7	P49769	FP	TN	Family0077302	tr|F1NGP7|F1NGP7_CHICK	sp|P49769|PSN1_MOUSE	RootHOG0078591	RootHOG0078591	True	G00048	duplication	high	13	true	0.989	28
PSEN	F1NGP7	P97887	FP	TN	Family0077302	tr|F1NGP7|F1NGP7_CHICK	sp|P97887|PSN1_RAT	RootHOG0078591	RootHOG0078591	True	G00048	duplication	high	13	true	0.989	28
PSEN	F1NGP7	Q4QF26	TP	FN	Family0077302	tr|F1NGP7|F1NGP7_CHICK	tr|Q4QF26|Q4QF26_LEIMA	RootHOG0078591	RootHOG0078591	True	G00055	duplication	high	1	true	0.994	55
PSEN	F1NGP7	Q54DE8	TP	FN	Family0077302	tr|F1NGP7|F1NGP7_CHICK	sp|Q54DE8|PSNB_DICDI	RootHOG0078591	RootHOG0078591	True	G00055	duplication	high	1	true	0.994	55
PSEN	F1NGP7	Q54ET2	TP	FN	Family0077302	tr|F1NGP7|F1NGP7_CHICK	sp|Q54ET2|PSNA_DICDI	RootHOG0078591	RootHOG0078591	True	G00055	duplication	high	1	true	0.994	55
PSEN	F1NGP7	Q9SIK7	TP	FN	Family0077302	tr|F1NGP7|F1NGP7_CHICK	sp|Q9SIK7|PSNB_ARATH	RootHOG0078591	RootHOG0078591	True	G00055	duplication	high	1	true	0.994	55
PSEN	F1NGP7	Q9XT97	FP	TN	Family0077302	tr|F1NGP7|F1NGP7_CHICK	sp|Q9XT97|PSN1_BOVIN	RootHOG0078591	RootHOG0078591	True	G00048	duplication	high	13	true	0.989	28
PSEN	F6RA92	H3GE34	TP	FN	Family0077302	tr|F6RA92|F6RA92_CIOIN	tr|H3GE34|H3GE34_PHYRM	RootHOG0078591	RootHOG0078591	True	G00055	duplication	high	1	true	0.994	55
PSEN	F6RA92	H3GSQ0	TP	FN	Family0077302	tr|F6RA92|F6RA92_CIOIN	tr|H3GSQ0|H3GSQ0_PHYRM	RootHOG0078591	RootHOG0078591	True	G00055	duplication	high	1	true	0.994	55
PSEN	F6RA92	O64668	TP	FN	Family0077302	tr|F6RA92|F6RA92_CIOIN	sp|O64668|PSNA_ARATH	RootHOG0078591	RootHOG0078591	True	G00055	duplication	high	1	true	0.994	55
PSEN	F6RA92	Q4QF26	TP	FN	Family0077302	tr|F6RA92|F6RA92_CIOIN	tr|Q4QF26|Q4QF26_LEIMA	RootHOG0078591	RootHOG0078591	True	G00055	duplication	high	1	true	0.994	55
PSEN	F6RA92	Q54DE8	TP	FN	Family0077302	tr|F6RA92|F6RA92_CIOIN	sp|Q54DE8|PSNB_DICDI	RootHOG0078591	RootHOG0078591	True	G00055	duplication	high	1	true	0.994	55
PSEN	F6RA92	Q54ET2	TP	FN	Family0077302	tr|F6RA92|F6RA92_CIOIN	sp|Q54ET2|PSNA_DICDI	RootHOG0078591	RootHOG0078591	True	G00055	duplication	high	1	true	0.994	55
PSEN	F6RA92	Q9SIK7	TP	FN	Family0077302	tr|F6RA92|F6RA92_CIOIN	sp|Q9SIK7|PSNB_ARATH	RootHOG0078591	RootHOG0078591	True	G00055	duplication	high	1	true	0.994	55
PSEN	F7C949	G3QI95	FP	TN	Family0077302	tr|F7C949|F7C949_XENTR	tr|G3QI95|G3QI95_GORGO	RootHOG0078591	RootHOG0078591	True	G00048	duplication	high	13	true	0.989	28
PSEN	F7C949	H2Q8K1	FP	TN	Family0077302	tr|F7C949|F7C949_XENTR	tr|H2Q8K1|H2Q8K1_PANTR	RootHOG0078591	RootHOG0078591	True	G00048	duplication	high	13	true	0.989	28
PSEN	F7C949	H3GE34	TP	FN	Family0077302	tr|F7C949|F7C949_XENTR	tr|H3GE34|H3GE34_PHYRM	RootHOG0078591	RootHOG0078591	True	G00055	duplication	high	1	true	0.994	55
PSEN	F7C949	H3GSQ0	TP	FN	Family0077302	tr|F7C949|F7C949_XENTR	tr|H3GSQ0|H3GSQ0_PHYRM	RootHOG0078591	RootHOG0078591	True	G00055	duplication	high	1	true	0.994	55
PSEN	F7C949	O64668	TP	FN	Family0077302	tr|F7C949|F7C949_XENTR	sp|O64668|PSNA_ARATH	RootHOG0078591	RootHOG0078591	True	G00055	duplication	high	1	true	0.994	55
PSEN	F7C949	P49768	FP	TN	Family0077302	tr|F7C949|F7C949_XENTR	sp|P49768|PSN1_HUMAN	RootHOG0078591	RootHOG0078591	True	G00048	duplication	high	13	true	0.989	28
PSEN	F7C949	P49769	FP	TN	Family0077302	tr|F7C949|F7C949_XENTR	sp|P49769|PSN1_MOUSE	RootHOG0078591	RootHOG0078591	True	G00048	duplication	high	13	true	0.989	28
PSEN	F7C949	P97887	FP	TN	Family0077302	tr|F7C949|F7C949_XENTR	sp|P97887|PSN1_RAT	RootHOG0078591	RootHOG0078591	True	G00048	duplication	high	13	true	0.989	28
PSEN	F7C949	Q4JIM4	FP	TN	Family0077302	tr|F7C949|F7C949_XENTR	sp|Q4JIM4|PSN1_CHICK	RootHOG0078591	RootHOG0078591	True	G00048	duplication	high	13	true	0.989	28
PSEN	F7C949	Q4QF26	TP	FN	Family0077302	tr|F7C949|F7C949_XENTR	tr|Q4QF26|Q4QF26_LEIMA	RootHOG0078591	RootHOG0078591	True	G00055	duplication	high	1	true	0.994	55
PSEN	F7C949	Q54DE8	TP	FN	Family0077302	tr|F7C949|F7C949_XENTR	sp|Q54DE8|PSNB_DICDI	RootHOG0078591	RootHOG0078591	True	G00055	duplication	high	1	true	0.994	55
PSEN	F7C949	Q54ET2	TP	FN	Family0077302	tr|F7C949|F7C949_XENTR	sp|Q54ET2|PSNA_DICDI	RootHOG0078591	RootHOG0078591	True	G00055	duplication	high	1	true	0.994	55
PSEN	F7C949	Q9SIK7	TP	FN	Family0077302	tr|F7C949|F7C949_XENTR	sp|Q9SIK7|PSNB_ARATH	RootHOG0078591	RootHOG0078591	True	G00055	duplication	high	1	true	0.994	55
PSEN	F7C949	Q9XT97	FP	TN	Family0077302	tr|F7C949|F7C949_XENTR	sp|Q9XT97|PSN1_BOVIN	RootHOG0078591	RootHOG0078591	True	G00048	duplication	high	13	true	0.989	28
PSEN	G3QI95	H2N0U7	FP	TN	Family0077302	tr|G3QI95|G3QI95_GORGO	tr|H2N0U7|H2N0U7_ORYLA	RootHOG0078591	RootHOG0078591	True	G00048	duplication	high	13	true	0.989	28
PSEN	G3QI95	H2R821	FP	TN	Family0077302	tr|G3QI95|G3QI95_GORGO	tr|H2R821|H2R821_PANTR	RootHOG0078591	RootHOG0078591	True	G00048	duplication	high	13	true	0.989	28
PSEN	G3QI95	H3GE34	TP	FN	Family0077302	tr|G3QI95|G3QI95_GORGO	tr|H3GE34|H3GE34_PHYRM	RootHOG0078591	RootHOG0078591	True	G00055	duplication	high	1	true	0.994	55
PSEN	G3QI95	H3GSQ0	TP	FN	Family0077302	tr|G3QI95|G3QI95_GORGO	tr|H3GSQ0|H3GSQ0_PHYRM	RootHOG0078591	RootHOG0078591	True	G00055	duplication	high	1	true	0.994	55
PSEN	G3QI95	O64668	TP	FN	Family0077302	tr|G3QI95|G3QI95_GORGO	sp|O64668|PSNA_ARATH	RootHOG0078591	RootHOG0078591	True	G00055	duplication	high	1	true	0.994	55
PSEN	G3QI95	O88777	FP	TN	Family0077302	tr|G3QI95|G3QI95_GORGO	sp|O88777|PSN2_RAT	RootHOG0078591	RootHOG0078591	True	G00048	duplication	high	13	true	0.989	28
PSEN	G3QI95	P49810	FP	TN	Family0077302	tr|G3QI95|G3QI95_GORGO	sp|P49810|PSN2_HUMAN	RootHOG0078591	RootHOG0078591	True	G00048	duplication	high	13	true	0.989	28
PSEN	G3QI95	Q4QF26	TP	FN	Family0077302	tr|G3QI95|G3QI95_GORGO	tr|Q4QF26|Q4QF26_LEIMA	RootHOG0078591	RootHOG0078591	True	G00055	duplication	high	1	true	0.994	55
PSEN	G3QI95	Q54DE8	TP	FN	Family0077302	tr|G3QI95|G3QI95_GORGO	sp|Q54DE8|PSNB_DICDI	RootHOG0078591	RootHOG0078591	True	G00055	duplication	high	1	true	0.994	55
PSEN	G3QI95	Q54ET2	TP	FN	Family0077302	tr|G3QI95|G3QI95_GORGO	sp|Q54ET2|PSNA_DICDI	RootHOG0078591	RootHOG0078591	True	G00055	duplication	high	1	true	0.994	55
PSEN	G3QI95	Q90ZE4	FP	TN	Family0077302	tr|G3QI95|G3QI95_GORGO	sp|Q90ZE4|PSN2_DANRE	RootHOG0078591	RootHOG0078591	True	G00048	duplication	high	13	true	0.989	28
PSEN	G3QI95	Q9SIK7	TP	FN	Family0077302	tr|G3QI95|G3QI95_GORGO	sp|Q9SIK7|PSNB_ARATH	RootHOG0078591	RootHOG0078591	True	G00055	duplication	high	1	true	0.994	55
PSEN	G3QI95	Q9XT96	FP	TN	Family0077302	tr|G3QI95|G3QI95_GORGO	sp|Q9XT96|PSN2_BOVIN	RootHOG0078591	RootHOG0078591	True	G00048	duplication	high	13	true	0.989	28
PSEN	G3QLC6	H2Q8K1	FP	TN	Family0077302	tr|G3QLC6|G3QLC6_GORGO	tr|H2Q8K1|H2Q8K1_PANTR	RootHOG0078591	RootHOG0078591	True	G00048	duplication	high	13	true	0.989	28
PSEN	G3QLC6	H3GE34	TP	FN	Family0077302	tr|G3QLC6|G3QLC6_GORGO	tr|H3GE34|H3GE34_PHYRM	RootHOG0078591	RootHOG0078591	True	G00055	duplication	high	1	true	0.994	55
PSEN	G3QLC6	H3GSQ0	TP	FN	Family0077302	tr|G3QLC6|G3QLC6_GORGO	tr|H3GSQ0|H3GSQ0_PHYRM	RootHOG0078591	RootHOG0078591	True	G00055	duplication	high	1	true	0.994	55
PSEN	G3QLC6	O64668	TP	FN	Family0077302	tr|G3QLC6|G3QLC6_GORGO	sp|O64668|PSNA_ARATH	RootHOG0078591	RootHOG0078591	True	G00055	duplication	high	1	true	0.994	55
PSEN	G3QLC6	P49768	FP	TN	Family0077302	tr|G3QLC6|G3QLC6_GORGO	sp|P49768|PSN1_HUMAN	RootHOG0078591	RootHOG0078591	True	G00048	duplication	high	13	true	0.989	28
PSEN	G3QLC6	P49769	FP	TN	Family0077302	tr|G3QLC6|G3QLC6_GORGO	sp|P49769|PSN1_MOUSE	RootHOG0078591	RootHOG0078591	True	G00048	duplication	high	13	true	0.989	28
PSEN	G3QLC6	P97887	FP	TN	Family0077302	tr|G3QLC6|G3QLC6_GORGO	sp|P97887|PSN1_RAT	RootHOG0078591	RootHOG0078591	True	G00048	duplication	high	13	true	0.989	28
PSEN	G3QLC6	Q4JIM4	FP	TN	Family0077302	tr|G3QLC6|G3QLC6_GORGO	sp|Q4JIM4|PSN1_CHICK	RootHOG0078591	RootHOG0078591	True	G00048	duplication	high	13	true	0.989	28
PSEN	G3QLC6	Q4QF26	TP	FN	Family0077302	tr|G3QLC6|G3QLC6_GORGO	tr|Q4QF26|Q4QF26_LEIMA	RootHOG0078591	RootHOG0078591	True	G00055	duplication	high	1	true	0.994	55
PSEN	G3QLC6	Q54DE8	TP	FN	Family0077302	tr|G3QLC6|G3QLC6_GORGO	sp|Q54DE8|PSNB_DICDI	RootHOG0078591	RootHOG0078591	True	G00055	duplication	high	1	true	0.994	55
PSEN	G3QLC6	Q54ET2	TP	FN	Family0077302	tr|G3QLC6|G3QLC6_GORGO	sp|Q54ET2|PSNA_DICDI	RootHOG0078591	RootHOG0078591	True	G00055	duplication	high	1	true	0.994	55
PSEN	G3QLC6	Q9SIK7	TP	FN	Family0077302	tr|G3QLC6|G3QLC6_GORGO	sp|Q9SIK7|PSNB_ARATH	RootHOG0078591	RootHOG0078591	True	G00055	duplication	high	1	true	0.994	55
PSEN	G3QLC6	Q9XT97	FP	TN	Family0077302	tr|G3QLC6|G3QLC6_GORGO	sp|Q9XT97|PSN1_BOVIN	RootHOG0078591	RootHOG0078591	True	G00048	duplication	high	13	true	0.989	28
PSEN	H2N0U7	H2Q8K1	FP	TN	Family0077302	tr|H2N0U7|H2N0U7_ORYLA	tr|H2Q8K1|H2Q8K1_PANTR	RootHOG0078591	RootHOG0078591	True	G00048	duplication	high	13	true	0.989	28
PSEN	H2N0U7	H3GE34	TP	FN	Family0077302	tr|H2N0U7|H2N0U7_ORYLA	tr|H3GE34|H3GE34_PHYRM	RootHOG0078591	RootHOG0078591	True	G00055	duplication	high	1	true	0.994	55
PSEN	H2N0U7	H3GSQ0	TP	FN	Family0077302	tr|H2N0U7|H2N0U7_ORYLA	tr|H3GSQ0|H3GSQ0_PHYRM	RootHOG0078591	RootHOG0078591	True	G00055	duplication	high	1	true	0.994	55
PSEN	H2N0U7	O64668	TP	FN	Family0077302	tr|H2N0U7|H2N0U7_ORYLA	sp|O64668|PSNA_ARATH	RootHOG0078591	RootHOG0078591	True	G00055	duplication	high	1	true	0.994	55
PSEN	H2N0U7	P49768	FP	TN	Family0077302	tr|H2N0U7|H2N0U7_ORYLA	sp|P49768|PSN1_HUMAN	RootHOG0078591	RootHOG0078591	True	G00048	duplication	high	13	true	0.989	28
PSEN	H2N0U7	P49769	FP	TN	Family0077302	tr|H2N0U7|H2N0U7_ORYLA	sp|P49769|PSN1_MOUSE	RootHOG0078591	RootHOG0078591	True	G00048	duplication	high	13	true	0.989	28
PSEN	H2N0U7	P97887	FP	TN	Family0077302	tr|H2N0U7|H2N0U7_ORYLA	sp|P97887|PSN1_RAT	RootHOG0078591	RootHOG0078591	True	G00048	duplication	high	13	true	0.989	28
PSEN	H2N0U7	Q4JIM4	FP	TN	Family0077302	tr|H2N0U7|H2N0U7_ORYLA	sp|Q4JIM4|PSN1_CHICK	RootHOG0078591	RootHOG0078591	True	G00048	duplication	high	13	true	0.989	28
PSEN	H2N0U7	Q4QF26	TP	FN	Family0077302	tr|H2N0U7|H2N0U7_ORYLA	tr|Q4QF26|Q4QF26_LEIMA	RootHOG0078591	RootHOG0078591	True	G00055	duplication	high	1	true	0.994	55
PSEN	H2N0U7	Q54DE8	TP	FN	Family0077302	tr|H2N0U7|H2N0U7_ORYLA	sp|Q54DE8|PSNB_DICDI	RootHOG0078591	RootHOG0078591	True	G00055	duplication	high	1	true	0.994	55
PSEN	H2N0U7	Q54ET2	TP	FN	Family0077302	tr|H2N0U7|H2N0U7_ORYLA	sp|Q54ET2|PSNA_DICDI	RootHOG0078591	RootHOG0078591	True	G00055	duplication	high	1	true	0.994	55
PSEN	H2N0U7	Q9SIK7	TP	FN	Family0077302	tr|H2N0U7|H2N0U7_ORYLA	sp|Q9SIK7|PSNB_ARATH	RootHOG0078591	RootHOG0078591	True	G00055	duplication	high	1	true	0.994	55
PSEN	H2N0U7	Q9XT97	FP	TN	Family0077302	tr|H2N0U7|H2N0U7_ORYLA	sp|Q9XT97|PSN1_BOVIN	RootHOG0078591	RootHOG0078591	True	G00048	duplication	high	13	true	0.989	28
PSEN	H2Q8K1	H3GE34	TP	FN	Family0077302	tr|H2Q8K1|H2Q8K1_PANTR	tr|H3GE34|H3GE34_PHYRM	RootHOG0078591	RootHOG0078591	True	G00055	duplication	high	1	true	0.994	55
PSEN	H2Q8K1	H3GSQ0	TP	FN	Family0077302	tr|H2Q8K1|H2Q8K1_PANTR	tr|H3GSQ0|H3GSQ0_PHYRM	RootHOG0078591	RootHOG0078591	True	G00055	duplication	high	1	true	0.994	55
PSEN	H2Q8K1	O64668	TP	FN	Family0077302	tr|H2Q8K1|H2Q8K1_PANTR	sp|O64668|PSNA_ARATH	RootHOG0078591	RootHOG0078591	True	G00055	duplication	high	1	true	0.994	55
PSEN	H2Q8K1	O88777	FP	TN	Family0077302	tr|H2Q8K1|H2Q8K1_PANTR	sp|O88777|PSN2_RAT	RootHOG0078591	RootHOG0078591	True	G00048	duplication	high	13	true	0.989	28
PSEN	H2Q8K1	P49810	FP	TN	Family0077302	tr|H2Q8K1|H2Q8K1_PANTR	sp|P49810|PSN2_HUMAN	RootHOG0078591	RootHOG0078591	True	G00048	duplication	high	13	true	0.989	28
PSEN	H2Q8K1	Q4QF26	TP	FN	Family0077302	tr|H2Q8K1|H2Q8K1_PANTR	tr|Q4QF26|Q4QF26_LEIMA	RootHOG0078591	RootHOG0078591	True	G00055	duplication	high	1	true	0.994	55
PSEN	H2Q8K1	Q54DE8	TP	FN	Family0077302	tr|H2Q8K1|H2Q8K1_PANTR	sp|Q54DE8|PSNB_DICDI	RootHOG0078591	RootHOG0078591	True	G00055	duplication	high	1	true	0.994	55
PSEN	H2Q8K1	Q54ET2	TP	FN	Family0077302	tr|H2Q8K1|H2Q8K1_PANTR	sp|Q54ET2|PSNA_DICDI	RootHOG0078591	RootHOG0078591	True	G00055	duplication	high	1	true	0.994	55
PSEN	H2Q8K1	Q90ZE4	FP	TN	Family0077302	tr|H2Q8K1|H2Q8K1_PANTR	sp|Q90ZE4|PSN2_DANRE	RootHOG0078591	RootHOG0078591	True	G00048	duplication	high	13	true	0.989	28
PSEN	H2Q8K1	Q9SIK7	TP	FN	Family0077302	tr|H2Q8K1|H2Q8K1_PANTR	sp|Q9SIK7|PSNB_ARATH	RootHOG0078591	RootHOG0078591	True	G00055	duplication	high	1	true	0.994	55
PSEN	H2Q8K1	Q9XT96	FP	TN	Family0077302	tr|H2Q8K1|H2Q8K1_PANTR	sp|Q9XT96|PSN2_BOVIN	RootHOG0078591	RootHOG0078591	True	G00048	duplication	high	13	true	0.989	28
PSEN	H2R821	H3GE34	TP	FN	Family0077302	tr|H2R821|H2R821_PANTR	tr|H3GE34|H3GE34_PHYRM	RootHOG0078591	RootHOG0078591	True	G00055	duplication	high	1	true	0.994	55
PSEN	H2R821	H3GSQ0	TP	FN	Family0077302	tr|H2R821|H2R821_PANTR	tr|H3GSQ0|H3GSQ0_PHYRM	RootHOG0078591	RootHOG0078591	True	G00055	duplication	high	1	true	0.994	55
PSEN	H2R821	O64668	TP	FN	Family0077302	tr|H2R821|H2R821_PANTR	sp|O64668|PSNA_ARATH	RootHOG0078591	RootHOG0078591	True	G00055	duplication	high	1	true	0.994	55
PSEN	H2R821	P49768	FP	TN	Family0077302	tr|H2R821|H2R821_PANTR	sp|P49768|PSN1_HUMAN	RootHOG0078591	RootHOG0078591	True	G00048	duplication	high	13	true	0.989	28
PSEN	H2R821	P49769	FP	TN	Family0077302	tr|H2R821|H2R821_PANTR	sp|P49769|PSN1_MOUSE	RootHOG0078591	RootHOG0078591	True	G00048	duplication	high	13	true	0.989	28
PSEN	H2R821	P97887	FP	TN	Family0077302	tr|H2R821|H2R821_PANTR	sp|P97887|PSN1_RAT	RootHOG0078591	RootHOG0078591	True	G00048	duplication	high	13	true	0.989	28
PSEN	H2R821	Q4JIM4	FP	TN	Family0077302	tr|H2R821|H2R821_PANTR	sp|Q4JIM4|PSN1_CHICK	RootHOG0078591	RootHOG0078591	True	G00048	duplication	high	13	true	0.989	28
PSEN	H2R821	Q4QF26	TP	FN	Family0077302	tr|H2R821|H2R821_PANTR	tr|Q4QF26|Q4QF26_LEIMA	RootHOG0078591	RootHOG0078591	True	G00055	duplication	high	1	true	0.994	55
PSEN	H2R821	Q54DE8	TP	FN	Family0077302	tr|H2R821|H2R821_PANTR	sp|Q54DE8|PSNB_DICDI	RootHOG0078591	RootHOG0078591	True	G00055	duplication	high	1	true	0.994	55
PSEN	H2R821	Q54ET2	TP	FN	Family0077302	tr|H2R821|H2R821_PANTR	sp|Q54ET2|PSNA_DICDI	RootHOG0078591	RootHOG0078591	True	G00055	duplication	high	1	true	0.994	55
PSEN	H2R821	Q9SIK7	TP	FN	Family0077302	tr|H2R821|H2R821_PANTR	sp|Q9SIK7|PSNB_ARATH	RootHOG0078591	RootHOG0078591	True	G00055	duplication	high	1	true	0.994	55
PSEN	H2R821	Q9XT97	FP	TN	Family0077302	tr|H2R821|H2R821_PANTR	sp|Q9XT97|PSN1_BOVIN	RootHOG0078591	RootHOG0078591	True	G00048	duplication	high	13	true	0.989	28
PSEN	H3GE34	O02194	TP	FN	Family0077302	tr|H3GE34|H3GE34_PHYRM	sp|O02194|PSN_DROME	RootHOG0078591	RootHOG0078591	True	G00055	duplication	high	1	true	0.994	55
PSEN	H3GE34	O88777	TP	FN	Family0077302	tr|H3GE34|H3GE34_PHYRM	sp|O88777|PSN2_RAT	RootHOG0078591	RootHOG0078591	True	G00055	duplication	high	1	true	0.994	55
PSEN	H3GE34	P49768	TP	FN	Family0077302	tr|H3GE34|H3GE34_PHYRM	sp|P49768|PSN1_HUMAN	RootHOG0078591	RootHOG0078591	True	G00055	duplication	high	1	true	0.994	55
PSEN	H3GE34	P49769	TP	FN	Family0077302	tr|H3GE34|H3GE34_PHYRM	sp|P49769|PSN1_MOUSE	RootHOG0078591	RootHOG0078591	True	G00055	duplication	high	1	true	0.994	55
PSEN	H3GE34	P49810	TP	FN	Family0077302	tr|H3GE34|H3GE34_PHYRM	sp|P49810|PSN2_HUMAN	RootHOG0078591	RootHOG0078591	True	G00055	duplication	high	1	true	0.994	55
PSEN	H3GE34	P97887	TP	FN	Family0077302	tr|H3GE34|H3GE34_PHYRM	sp|P97887|PSN1_RAT	RootHOG0078591	RootHOG0078591	True	G00055	duplication	high	1	true	0.994	55
PSEN	H3GE34	Q4JIM4	TP	FN	Family0077302	tr|H3GE34|H3GE34_PHYRM	sp|Q4JIM4|PSN1_CHICK	RootHOG0078591	RootHOG0078591	True	G00055	duplication	high	1	true	0.994	55
PSEN	H3GE34	Q7PR98	TP	FN	Family0077302	tr|H3GE34|H3GE34_PHYRM	tr|Q7PR98|Q7PR98_ANOGA	RootHOG0078591	RootHOG0078591	True	G00055	duplication	high	1	true	0.994	55
PSEN	H3GE34	Q90ZE4	TP	FN	Family0077302	tr|H3GE34|H3GE34_PHYRM	sp|Q90ZE4|PSN2_DANRE	RootHOG0078591	RootHOG0078591	True	G00055	duplication	high	1	true	0.994	55
PSEN	H3GE34	Q9XT96	TP	FN	Family0077302	tr|H3GE34|H3GE34_PHYRM	sp|Q9XT96|PSN2_BOVIN	RootHOG0078591	RootHOG0078591	True	G00055	duplication	high	1	true	0.994	55
PSEN	H3GE34	Q9XT97	TP	FN	Family0077302	tr|H3GE34|H3GE34_PHYRM	sp|Q9XT97|PSN1_BOVIN	RootHOG0078591	RootHOG0078591	True	G00055	duplication	high	1	true	0.994	55
PSEN	H3GSQ0	O02194	TP	FN	Family0077302	tr|H3GSQ0|H3GSQ0_PHYRM	sp|O02194|PSN_DROME	RootHOG0078591	RootHOG0078591	True	G00055	duplication	high	1	true	0.994	55
PSEN	H3GSQ0	O88777	TP	FN	Family0077302	tr|H3GSQ0|H3GSQ0_PHYRM	sp|O88777|PSN2_RAT	RootHOG0078591	RootHOG0078591	True	G00055	duplication	high	1	true	0.994	55
PSEN	H3GSQ0	P49768	TP	FN	Family0077302	tr|H3GSQ0|H3GSQ0_PHYRM	sp|P49768|PSN1_HUMAN	RootHOG0078591	RootHOG0078591	True	G00055	duplication	high	1	true	0.994	55
PSEN	H3GSQ0	P49769	TP	FN	Family0077302	tr|H3GSQ0|H3GSQ0_PHYRM	sp|P49769|PSN1_MOUSE	RootHOG0078591	RootHOG0078591	True	G00055	duplication	high	1	true	0.994	55
PSEN	H3GSQ0	P49810	TP	FN	Family0077302	tr|H3GSQ0|H3GSQ0_PHYRM	sp|P49810|PSN2_HUMAN	RootHOG0078591	RootHOG0078591	True	G00055	duplication	high	1	true	0.994	55
PSEN	H3GSQ0	P97887	TP	FN	Family0077302	tr|H3GSQ0|H3GSQ0_PHYRM	sp|P97887|PSN1_RAT	RootHOG0078591	RootHOG0078591	True	G00055	duplication	high	1	true	0.994	55
PSEN	H3GSQ0	Q4JIM4	TP	FN	Family0077302	tr|H3GSQ0|H3GSQ0_PHYRM	sp|Q4JIM4|PSN1_CHICK	RootHOG0078591	RootHOG0078591	True	G00055	duplication	high	1	true	0.994	55
PSEN	H3GSQ0	Q7PR98	TP	FN	Family0077302	tr|H3GSQ0|H3GSQ0_PHYRM	tr|Q7PR98|Q7PR98_ANOGA	RootHOG0078591	RootHOG0078591	True	G00055	duplication	high	1	true	0.994	55
PSEN	H3GSQ0	Q90ZE4	TP	FN	Family0077302	tr|H3GSQ0|H3GSQ0_PHYRM	sp|Q90ZE4|PSN2_DANRE	RootHOG0078591	RootHOG0078591	True	G00055	duplication	high	1	true	0.994	55
PSEN	H3GSQ0	Q9XT96	TP	FN	Family0077302	tr|H3GSQ0|H3GSQ0_PHYRM	sp|Q9XT96|PSN2_BOVIN	RootHOG0078591	RootHOG0078591	True	G00055	duplication	high	1	true	0.994	55
PSEN	H3GSQ0	Q9XT97	TP	FN	Family0077302	tr|H3GSQ0|H3GSQ0_PHYRM	sp|Q9XT97|PSN1_BOVIN	RootHOG0078591	RootHOG0078591	True	G00055	duplication	high	1	true	0.994	55
PSEN	O02194	O64668	TP	FN	Family0077302	sp|O02194|PSN_DROME	sp|O64668|PSNA_ARATH	RootHOG0078591	RootHOG0078591	True	G00055	duplication	high	1	true	0.994	55
PSEN	O02194	Q4QF26	TP	FN	Family0077302	sp|O02194|PSN_DROME	tr|Q4QF26|Q4QF26_LEIMA	RootHOG0078591	RootHOG0078591	True	G00055	duplication	high	1	true	0.994	55
PSEN	O02194	Q54DE8	TP	FN	Family0077302	sp|O02194|PSN_DROME	sp|Q54DE8|PSNB_DICDI	RootHOG0078591	RootHOG0078591	True	G00055	duplication	high	1	true	0.994	55
PSEN	O02194	Q54ET2	TP	FN	Family0077302	sp|O02194|PSN_DROME	sp|Q54ET2|PSNA_DICDI	RootHOG0078591	RootHOG0078591	True	G00055	duplication	high	1	true	0.994	55
PSEN	O02194	Q9SIK7	TP	FN	Family0077302	sp|O02194|PSN_DROME	sp|Q9SIK7|PSNB_ARATH	RootHOG0078591	RootHOG0078591	True	G00055	duplication	high	1	true	0.994	55
PSEN	O64668	O88777	TP	FN	Family0077302	sp|O64668|PSNA_ARATH	sp|O88777|PSN2_RAT	RootHOG0078591	RootHOG0078591	True	G00055	duplication	high	1	true	0.994	55
PSEN	O64668	P49768	TP	FN	Family0077302	sp|O64668|PSNA_ARATH	sp|P49768|PSN1_HUMAN	RootHOG0078591	RootHOG0078591	True	G00055	duplication	high	1	true	0.994	55
PSEN	O64668	P49769	TP	FN	Family0077302	sp|O64668|PSNA_ARATH	sp|P49769|PSN1_MOUSE	RootHOG0078591	RootHOG0078591	True	G00055	duplication	high	1	true	0.994	55
PSEN	O64668	P49810	TP	FN	Family0077302	sp|O64668|PSNA_ARATH	sp|P49810|PSN2_HUMAN	RootHOG0078591	RootHOG0078591	True	G00055	duplication	high	1	true	0.994	55
PSEN	O64668	P97887	TP	FN	Family0077302	sp|O64668|PSNA_ARATH	sp|P97887|PSN1_RAT	RootHOG0078591	RootHOG0078591	True	G00055	duplication	high	1	true	0.994	55
PSEN	O64668	Q4JIM4	TP	FN	Family0077302	sp|O64668|PSNA_ARATH	sp|Q4JIM4|PSN1_CHICK	RootHOG0078591	RootHOG0078591	True	G00055	duplication	high	1	true	0.994	55
PSEN	O64668	Q7PR98	TP	FN	Family0077302	sp|O64668|PSNA_ARATH	tr|Q7PR98|Q7PR98_ANOGA	RootHOG0078591	RootHOG0078591	True	G00055	duplication	high	1	true	0.994	55
PSEN	O64668	Q90ZE4	TP	FN	Family0077302	sp|O64668|PSNA_ARATH	sp|Q90ZE4|PSN2_DANRE	RootHOG0078591	RootHOG0078591	True	G00055	duplication	high	1	true	0.994	55
PSEN	O64668	Q9XT96	TP	FN	Family0077302	sp|O64668|PSNA_ARATH	sp|Q9XT96|PSN2_BOVIN	RootHOG0078591	RootHOG0078591	True	G00055	duplication	high	1	true	0.994	55
PSEN	O64668	Q9XT97	TP	FN	Family0077302	sp|O64668|PSNA_ARATH	sp|Q9XT97|PSN1_BOVIN	RootHOG0078591	RootHOG0078591	True	G00055	duplication	high	1	true	0.994	55
PSEN	O88777	P49768	FP	TN	Family0077302	sp|O88777|PSN2_RAT	sp|P49768|PSN1_HUMAN	RootHOG0078591	RootHOG0078591	True	G00048	duplication	high	13	true	0.989	28
PSEN	O88777	P49769	FP	TN	Family0077302	sp|O88777|PSN2_RAT	sp|P49769|PSN1_MOUSE	RootHOG0078591	RootHOG0078591	True	G00048	duplication	high	13	true	0.989	28
PSEN	O88777	Q4JIM4	FP	TN	Family0077302	sp|O88777|PSN2_RAT	sp|Q4JIM4|PSN1_CHICK	RootHOG0078591	RootHOG0078591	True	G00048	duplication	high	13	true	0.989	28
PSEN	O88777	Q4QF26	TP	FN	Family0077302	sp|O88777|PSN2_RAT	tr|Q4QF26|Q4QF26_LEIMA	RootHOG0078591	RootHOG0078591	True	G00055	duplication	high	1	true	0.994	55
PSEN	O88777	Q54DE8	TP	FN	Family0077302	sp|O88777|PSN2_RAT	sp|Q54DE8|PSNB_DICDI	RootHOG0078591	RootHOG0078591	True	G00055	duplication	high	1	true	0.994	55
PSEN	O88777	Q54ET2	TP	FN	Family0077302	sp|O88777|PSN2_RAT	sp|Q54ET2|PSNA_DICDI	RootHOG0078591	RootHOG0078591	True	G00055	duplication	high	1	true	0.994	55
PSEN	O88777	Q9SIK7	TP	FN	Family0077302	sp|O88777|PSN2_RAT	sp|Q9SIK7|PSNB_ARATH	RootHOG0078591	RootHOG0078591	True	G00055	duplication	high	1	true	0.994	55
PSEN	O88777	Q9XT97	FP	TN	Family0077302	sp|O88777|PSN2_RAT	sp|Q9XT97|PSN1_BOVIN	RootHOG0078591	RootHOG0078591	True	G00048	duplication	high	13	true	0.989	28
PSEN	P49768	Q4QF26	TP	FN	Family0077302	sp|P49768|PSN1_HUMAN	tr|Q4QF26|Q4QF26_LEIMA	RootHOG0078591	RootHOG0078591	True	G00055	duplication	high	1	true	0.994	55
PSEN	P49768	Q54DE8	TP	FN	Family0077302	sp|P49768|PSN1_HUMAN	sp|Q54DE8|PSNB_DICDI	RootHOG0078591	RootHOG0078591	True	G00055	duplication	high	1	true	0.994	55
PSEN	P49768	Q54ET2	TP	FN	Family0077302	sp|P49768|PSN1_HUMAN	sp|Q54ET2|PSNA_DICDI	RootHOG0078591	RootHOG0078591	True	G00055	duplication	high	1	true	0.994	55
PSEN	P49768	Q90ZE4	FP	TN	Family0077302	sp|P49768|PSN1_HUMAN	sp|Q90ZE4|PSN2_DANRE	RootHOG0078591	RootHOG0078591	True	G00048	duplication	high	13	true	0.989	28
PSEN	P49768	Q9SIK7	TP	FN	Family0077302	sp|P49768|PSN1_HUMAN	sp|Q9SIK7|PSNB_ARATH	RootHOG0078591	RootHOG0078591	True	G00055	duplication	high	1	true	0.994	55
PSEN	P49768	Q9XT96	FP	TN	Family0077302	sp|P49768|PSN1_HUMAN	sp|Q9XT96|PSN2_BOVIN	RootHOG0078591	RootHOG0078591	True	G00048	duplication	high	13	true	0.989	28
PSEN	P49769	P49810	FP	TN	Family0077302	sp|P49769|PSN1_MOUSE	sp|P49810|PSN2_HUMAN	RootHOG0078591	RootHOG0078591	True	G00048	duplication	high	13	true	0.989	28
PSEN	P49769	Q4QF26	TP	FN	Family0077302	sp|P49769|PSN1_MOUSE	tr|Q4QF26|Q4QF26_LEIMA	RootHOG0078591	RootHOG0078591	True	G00055	duplication	high	1	true	0.994	55
PSEN	P49769	Q54DE8	TP	FN	Family0077302	sp|P49769|PSN1_MOUSE	sp|Q54DE8|PSNB_DICDI	RootHOG0078591	RootHOG0078591	True	G00055	duplication	high	1	true	0.994	55
PSEN	P49769	Q54ET2	TP	FN	Family0077302	sp|P49769|PSN1_MOUSE	sp|Q54ET2|PSNA_DICDI	RootHOG0078591	RootHOG0078591	True	G00055	duplication	high	1	true	0.994	55
PSEN	P49769	Q90ZE4	FP	TN	Family0077302	sp|P49769|PSN1_MOUSE	sp|Q90ZE4|PSN2_DANRE	RootHOG0078591	RootHOG0078591	True	G00048	duplication	high	13	true	0.989	28
PSEN	P49769	Q9SIK7	TP	FN	Family0077302	sp|P49769|PSN1_MOUSE	sp|Q9SIK7|PSNB_ARATH	RootHOG0078591	RootHOG0078591	True	G00055	duplication	high	1	true	0.994	55
PSEN	P49769	Q9XT96	FP	TN	Family0077302	sp|P49769|PSN1_MOUSE	sp|Q9XT96|PSN2_BOVIN	RootHOG0078591	RootHOG0078591	True	G00048	duplication	high	13	true	0.989	28
PSEN	P49810	P97887	FP	TN	Family0077302	sp|P49810|PSN2_HUMAN	sp|P97887|PSN1_RAT	RootHOG0078591	RootHOG0078591	True	G00048	duplication	high	13	true	0.989	28
PSEN	P49810	Q4JIM4	FP	TN	Family0077302	sp|P49810|PSN2_HUMAN	sp|Q4JIM4|PSN1_CHICK	RootHOG0078591	RootHOG0078591	True	G00048	duplication	high	13	true	0.989	28
PSEN	P49810	Q4QF26	TP	FN	Family0077302	sp|P49810|PSN2_HUMAN	tr|Q4QF26|Q4QF26_LEIMA	RootHOG0078591	RootHOG0078591	True	G00055	duplication	high	1	true	0.994	55
PSEN	P49810	Q54DE8	TP	FN	Family0077302	sp|P49810|PSN2_HUMAN	sp|Q54DE8|PSNB_DICDI	RootHOG0078591	RootHOG0078591	True	G00055	duplication	high	1	true	0.994	55
PSEN	P49810	Q54ET2	TP	FN	Family0077302	sp|P49810|PSN2_HUMAN	sp|Q54ET2|PSNA_DICDI	RootHOG0078591	RootHOG0078591	True	G00055	duplication	high	1	true	0.994	55
PSEN	P49810	Q9SIK7	TP	FN	Family0077302	sp|P49810|PSN2_HUMAN	sp|Q9SIK7|PSNB_ARATH	RootHOG0078591	RootHOG0078591	True	G00055	duplication	high	1	true	0.994	55
PSEN	P49810	Q9XT97	FP	TN	Family0077302	sp|P49810|PSN2_HUMAN	sp|Q9XT97|PSN1_BOVIN	RootHOG0078591	RootHOG0078591	True	G00048	duplication	high	13	true	0.989	28
PSEN	P97887	Q4QF26	TP	FN	Family0077302	sp|P97887|PSN1_RAT	tr|Q4QF26|Q4QF26_LEIMA	RootHOG0078591	RootHOG0078591	True	G00055	duplication	high	1	true	0.994	55
PSEN	P97887	Q54DE8	TP	FN	Family0077302	sp|P97887|PSN1_RAT	sp|Q54DE8|PSNB_DICDI	RootHOG0078591	RootHOG0078591	True	G00055	duplication	high	1	true	0.994	55
PSEN	P97887	Q54ET2	TP	FN	Family0077302	sp|P97887|PSN1_RAT	sp|Q54ET2|PSNA_DICDI	RootHOG0078591	RootHOG0078591	True	G00055	duplication	high	1	true	0.994	55
PSEN	P97887	Q90ZE4	FP	TN	Family0077302	sp|P97887|PSN1_RAT	sp|Q90ZE4|PSN2_DANRE	RootHOG0078591	RootHOG0078591	True	G00048	duplication	high	13	true	0.989	28
PSEN	P97887	Q9SIK7	TP	FN	Family0077302	sp|P97887|PSN1_RAT	sp|Q9SIK7|PSNB_ARATH	RootHOG0078591	RootHOG0078591	True	G00055	duplication	high	1	true	0.994	55
PSEN	P97887	Q9XT96	FP	TN	Family0077302	sp|P97887|PSN1_RAT	sp|Q9XT96|PSN2_BOVIN	RootHOG0078591	RootHOG0078591	True	G00048	duplication	high	13	true	0.989	28
PSEN	Q4JIM4	Q4QF26	TP	FN	Family0077302	sp|Q4JIM4|PSN1_CHICK	tr|Q4QF26|Q4QF26_LEIMA	RootHOG0078591	RootHOG0078591	True	G00055	duplication	high	1	true	0.994	55
PSEN	Q4JIM4	Q54DE8	TP	FN	Family0077302	sp|Q4JIM4|PSN1_CHICK	sp|Q54DE8|PSNB_DICDI	RootHOG0078591	RootHOG0078591	True	G00055	duplication	high	1	true	0.994	55
PSEN	Q4JIM4	Q54ET2	TP	FN	Family0077302	sp|Q4JIM4|PSN1_CHICK	sp|Q54ET2|PSNA_DICDI	RootHOG0078591	RootHOG0078591	True	G00055	duplication	high	1	true	0.994	55
PSEN	Q4JIM4	Q90ZE4	FP	TN	Family0077302	sp|Q4JIM4|PSN1_CHICK	sp|Q90ZE4|PSN2_DANRE	RootHOG0078591	RootHOG0078591	True	G00048	duplication	high	13	true	0.989	28
PSEN	Q4JIM4	Q9SIK7	TP	FN	Family0077302	sp|Q4JIM4|PSN1_CHICK	sp|Q9SIK7|PSNB_ARATH	RootHOG0078591	RootHOG0078591	True	G00055	duplication	high	1	true	0.994	55
PSEN	Q4JIM4	Q9XT96	FP	TN	Family0077302	sp|Q4JIM4|PSN1_CHICK	sp|Q9XT96|PSN2_BOVIN	RootHOG0078591	RootHOG0078591	True	G00048	duplication	high	13	true	0.989	28
PSEN	Q4QF26	Q7PR98	TP	FN	Family0077302	tr|Q4QF26|Q4QF26_LEIMA	tr|Q7PR98|Q7PR98_ANOGA	RootHOG0078591	RootHOG0078591	True	G00055	duplication	high	1	true	0.994	55
PSEN	Q4QF26	Q90ZE4	TP	FN	Family0077302	tr|Q4QF26|Q4QF26_LEIMA	sp|Q90ZE4|PSN2_DANRE	RootHOG0078591	RootHOG0078591	True	G00055	duplication	high	1	true	0.994	55
PSEN	Q4QF26	Q9XT96	TP	FN	Family0077302	tr|Q4QF26|Q4QF26_LEIMA	sp|Q9XT96|PSN2_BOVIN	RootHOG0078591	RootHOG0078591	True	G00055	duplication	high	1	true	0.994	55
PSEN	Q4QF26	Q9XT97	TP	FN	Family0077302	tr|Q4QF26|Q4QF26_LEIMA	sp|Q9XT97|PSN1_BOVIN	RootHOG0078591	RootHOG0078591	True	G00055	duplication	high	1	true	0.994	55
PSEN	Q54DE8	Q7PR98	TP	FN	Family0077302	sp|Q54DE8|PSNB_DICDI	tr|Q7PR98|Q7PR98_ANOGA	RootHOG0078591	RootHOG0078591	True	G00055	duplication	high	1	true	0.994	55
PSEN	Q54DE8	Q90ZE4	TP	FN	Family0077302	sp|Q54DE8|PSNB_DICDI	sp|Q90ZE4|PSN2_DANRE	RootHOG0078591	RootHOG0078591	True	G00055	duplication	high	1	true	0.994	55
PSEN	Q54DE8	Q9XT96	TP	FN	Family0077302	sp|Q54DE8|PSNB_DICDI	sp|Q9XT96|PSN2_BOVIN	RootHOG0078591	RootHOG0078591	True	G00055	duplication	high	1	true	0.994	55
PSEN	Q54DE8	Q9XT97	TP	FN	Family0077302	sp|Q54DE8|PSNB_DICDI	sp|Q9XT97|PSN1_BOVIN	RootHOG0078591	RootHOG0078591	True	G00055	duplication	high	1	true	0.994	55
PSEN	Q54ET2	Q7PR98	TP	FN	Family0077302	sp|Q54ET2|PSNA_DICDI	tr|Q7PR98|Q7PR98_ANOGA	RootHOG0078591	RootHOG0078591	True	G00055	duplication	high	1	true	0.994	55
PSEN	Q54ET2	Q90ZE4	TP	FN	Family0077302	sp|Q54ET2|PSNA_DICDI	sp|Q90ZE4|PSN2_DANRE	RootHOG0078591	RootHOG0078591	True	G00055	duplication	high	1	true	0.994	55
PSEN	Q54ET2	Q9XT96	TP	FN	Family0077302	sp|Q54ET2|PSNA_DICDI	sp|Q9XT96|PSN2_BOVIN	RootHOG0078591	RootHOG0078591	True	G00055	duplication	high	1	true	0.994	55
PSEN	Q54ET2	Q9XT97	TP	FN	Family0077302	sp|Q54ET2|PSNA_DICDI	sp|Q9XT97|PSN1_BOVIN	RootHOG0078591	RootHOG0078591	True	G00055	duplication	high	1	true	0.994	55
PSEN	Q7PR98	Q9SIK7	TP	FN	Family0077302	tr|Q7PR98|Q7PR98_ANOGA	sp|Q9SIK7|PSNB_ARATH	RootHOG0078591	RootHOG0078591	True	G00055	duplication	high	1	true	0.994	55
PSEN	Q90ZE4	Q9SIK7	TP	FN	Family0077302	sp|Q90ZE4|PSN2_DANRE	sp|Q9SIK7|PSNB_ARATH	RootHOG0078591	RootHOG0078591	True	G00055	duplication	high	1	true	0.994	55
PSEN	Q90ZE4	Q9XT97	FP	TN	Family0077302	sp|Q90ZE4|PSN2_DANRE	sp|Q9XT97|PSN1_BOVIN	RootHOG0078591	RootHOG0078591	True	G00048	duplication	high	13	true	0.989	28
PSEN	Q9SIK7	Q9XT96	TP	FN	Family0077302	sp|Q9SIK7|PSNB_ARATH	sp|Q9XT96|PSN2_BOVIN	RootHOG0078591	RootHOG0078591	True	G00055	duplication	high	1	true	0.994	55
PSEN	Q9SIK7	Q9XT97	TP	FN	Family0077302	sp|Q9SIK7|PSNB_ARATH	sp|Q9XT97|PSN1_BOVIN	RootHOG0078591	RootHOG0078591	True	G00055	duplication	high	1	true	0.994	55
RPS	A8IWQ1	P35686	TP	FN	Family0021204	tr|A8IWQ1|A8IWQ1_CHLRE	sp|P35686|RS20_ORYSJ	RootHOG0021419	RootHOG0021420	False	G00118	duplication	high	7	true	0.59	122
RPS	A8IWQ1	Q10P27	TP	FN	Family0021204	tr|A8IWQ1|A8IWQ1_CHLRE	tr|Q10P27|Q10P27_ORYSJ	RootHOG0021419	RootHOG0021420	False	G00118	duplication	high	7	true	0.59	122
RPS	A8IWQ1	Q8IK02	TP	FN	Family0021204	tr|A8IWQ1|A8IWQ1_CHLRE	tr|Q8IK02|Q8IK02_PLAF7	RootHOG0021419	RootHOG0021420	False	G00118	duplication	high	7	true	0.59	122
RPS	A8IWQ1	Q8LNL2	TP	FN	Family0021204	tr|A8IWQ1|A8IWQ1_CHLRE	tr|Q8LNL2|Q8LNL2_ORYSJ	RootHOG0021419	RootHOG0021420	False	G00118	duplication	high	7	true	0.59	122
RPS	O66430	P35686	TP	FN	Family0021204	sp|O66430|RS10_AQUAE	sp|P35686|RS20_ORYSJ	RootHOG0021419	RootHOG0021420	False	G00118	duplication	high	7	true	0.59	122
RPS	O66430	Q10P27	TP	FN	Family0021204	sp|O66430|RS10_AQUAE	tr|Q10P27|Q10P27_ORYSJ	RootHOG0021419	RootHOG0021420	False	G00118	duplication	high	7	true	0.59	122
RPS	O66430	Q8IK02	TP	FN	Family0021204	sp|O66430|RS10_AQUAE	tr|Q8IK02|Q8IK02_PLAF7	RootHOG0021419	RootHOG0021420	False	G00118	duplication	high	7	true	0.59	122
RPS	O66430	Q8LNL2	TP	FN	Family0021204	sp|O66430|RS10_AQUAE	tr|Q8LNL2|Q8LNL2_ORYSJ	RootHOG0021419	RootHOG0021420	False	G00118	duplication	high	7	true	0.59	122
RPS	P21471	P35686	TP	FN	Family0021204	sp|P21471|RS10_BACSU	sp|P35686|RS20_ORYSJ	RootHOG0021419	RootHOG0021420	False	G00118	duplication	high	7	true	0.59	122
RPS	P21471	Q10P27	TP	FN	Family0021204	sp|P21471|RS10_BACSU	tr|Q10P27|Q10P27_ORYSJ	RootHOG0021419	RootHOG0021420	False	G00118	duplication	high	7	true	0.59	122
RPS	P21471	Q8IK02	TP	FN	Family0021204	sp|P21471|RS10_BACSU	tr|Q8IK02|Q8IK02_PLAF7	RootHOG0021419	RootHOG0021420	False	G00118	duplication	high	7	true	0.59	122
RPS	P21471	Q8LNL2	TP	FN	Family0021204	sp|P21471|RS10_BACSU	tr|Q8LNL2|Q8LNL2_ORYSJ	RootHOG0021419	RootHOG0021420	False	G00118	duplication	high	7	true	0.59	122
RPS	P35027	P35686	TP	FN	Family0021204	sp|P35027|RS10_SACS2	sp|P35686|RS20_ORYSJ	RootHOG0021419	RootHOG0021420	False	G00118	duplication	high	7	true	0.59	122
RPS	P35027	Q10P27	TP	FN	Family0021204	sp|P35027|RS10_SACS2	tr|Q10P27|Q10P27_ORYSJ	RootHOG0021419	RootHOG0021420	False	G00118	duplication	high	7	true	0.59	122
RPS	P35027	Q8IK02	TP	FN	Family0021204	sp|P35027|RS10_SACS2	tr|Q8IK02|Q8IK02_PLAF7	RootHOG0021419	RootHOG0021420	False	G00118	duplication	high	7	true	0.59	122
RPS	P35027	Q8LNL2	TP	FN	Family0021204	sp|P35027|RS10_SACS2	tr|Q8LNL2|Q8LNL2_ORYSJ	RootHOG0021419	RootHOG0021420	False	G00118	duplication	high	7	true	0.59	122
RPS	P35686	P54029	TP	FN	Family0021204	sp|P35686|RS20_ORYSJ	sp|P54029|RS10_METJA	RootHOG0021420	RootHOG0021419	False	G00118	duplication	high	7	true	0.59	122
RPS	P35686	P61929	TP	FN	Family0021204	sp|P35686|RS20_ORYSJ	sp|P61929|RS10_METAC	RootHOG0021420	RootHOG0021419	False	G00118	duplication	high	7	true	0.59	122
RPS	P35686	Q7NEF1	TP	FN	Family0021204	sp|P35686|RS20_ORYSJ	sp|Q7NEF1|RS10_GLOVI	RootHOG0021420	RootHOG0021419	False	G00118	duplication	high	7	true	0.59	122
RPS	P54029	Q10P27	TP	FN	Family0021204	sp|P54029|RS10_METJA	tr|Q10P27|Q10P27_ORYSJ	RootHOG0021419	RootHOG0021420	False	G00118	duplication	high	7	true	0.59	122
RPS	P54029	Q8IK02	TP	FN	Family0021204	sp|P54029|RS10_METJA	tr|Q8IK02|Q8IK02_PLAF7	RootHOG0021419	RootHOG0021420	False	G00118	duplication	high	7	true	0.59	122
RPS	P54029	Q8LNL2	TP	FN	Family0021204	sp|P54029|RS10_METJA	tr|Q8LNL2|Q8LNL2_ORYSJ	RootHOG0021419	RootHOG0021420	False	G00118	duplication	high	7	true	0.59	122
RPS	P61929	Q10P27	TP	FN	Family0021204	sp|P61929|RS10_METAC	tr|Q10P27|Q10P27_ORYSJ	RootHOG0021419	RootHOG0021420	False	G00118	duplication	high	7	true	0.59	122
RPS	P61929	Q8IK02	TP	FN	Family0021204	sp|P61929|RS10_METAC	tr|Q8IK02|Q8IK02_PLAF7	RootHOG0021419	RootHOG0021420	False	G00118	duplication	high	7	true	0.59	122
RPS	P61929	Q8LNL2	TP	FN	Family0021204	sp|P61929|RS10_METAC	tr|Q8LNL2|Q8LNL2_ORYSJ	RootHOG0021419	RootHOG0021420	False	G00118	duplication	high	7	true	0.59	122
RPS	Q10P27	Q7NEF1	TP	FN	Family0021204	tr|Q10P27|Q10P27_ORYSJ	sp|Q7NEF1|RS10_GLOVI	RootHOG0021420	RootHOG0021419	False	G00118	duplication	high	7	true	0.59	122
RPS	Q7NEF1	Q8IK02	TP	FN	Family0021204	sp|Q7NEF1|RS10_GLOVI	tr|Q8IK02|Q8IK02_PLAF7	RootHOG0021419	RootHOG0021420	False	G00118	duplication	high	7	true	0.59	122
RPS	Q7NEF1	Q8LNL2	TP	FN	Family0021204	sp|Q7NEF1|RS10_GLOVI	tr|Q8LNL2|Q8LNL2_ORYSJ	RootHOG0021419	RootHOG0021420	False	G00118	duplication	high	7	true	0.59	122
SERC	A0A6I8Q293	B7Q347	TP	FN	Family0038727	tr|A0A6I8Q293|A0A6I8Q293_XENTR	tr|B7Q347|B7Q347_IXOSC	RootHOG0039105	RootHOG0039105	True	G00108	duplication	high	15	true	0.826	84
SERC	A0A6I8Q293	C3YMU1	FP	TN	Family0038727	tr|A0A6I8Q293|A0A6I8Q293_XENTR	tr|C3YMU1|C3YMU1_BRAFL	RootHOG0039105	RootHOG0039105	True	G00108	duplication	high	15	true	0.826	84
SERC	A0A6I8Q293	O45719	TP	FN	Family0038727	tr|A0A6I8Q293|A0A6I8Q293_XENTR	tr|O45719|O45719_CAEEL	RootHOG0039105	RootHOG0039105	True	G00108	duplication	high	15	true	0.826	84
SERC	A0A6I8Q293	Q13530	FP	TN	Family0038727	tr|A0A6I8Q293|A0A6I8Q293_XENTR	sp|Q13530|SERC3_HUMAN	RootHOG0039105	RootHOG0039105	True	G00108	duplication	high	15	true	0.826	84
SERC	A0A6I8Q293	Q4FZV1	FP	TN	Family0038727	tr|A0A6I8Q293|A0A6I8Q293_XENTR	tr|Q4FZV1|Q4FZV1_RAT	RootHOG0039105	RootHOG0039105	True	G00108	duplication	high	15	true	0.826	84
SERC	A0A6I8Q293	Q5U2V2	FP	TN	Family0038727	tr|A0A6I8Q293|A0A6I8Q293_XENTR	tr|Q5U2V2|Q5U2V2_RAT	RootHOG0039105	RootHOG0039105	True	G00108	duplication	high	15	true	0.826	84
SERC	A0A6I8Q293	Q5ZME5	FP	TN	Family0038727	tr|A0A6I8Q293|A0A6I8Q293_XENTR	tr|Q5ZME5|Q5ZME5_CHICK	RootHOG0039105	RootHOG0039105	True	G00108	duplication	high	15	true	0.826	84
SERC	A0A6I8Q293	Q63175	FP	TN	Family0038727	tr|A0A6I8Q293|A0A6I8Q293_XENTR	sp|Q63175|SERC5_RAT	RootHOG0039105	RootHOG0039105	True	G00050	duplication	high	13	true	0.996	26
SERC	A0A6I8Q293	Q7QCD1	TP	FN	Family0038727	tr|A0A6I8Q293|A0A6I8Q293_XENTR	tr|Q7QCD1|Q7QCD1_ANOGA	RootHOG0039105	RootHOG0039105	True	G00108	duplication	high	15	true	0.826	84
SERC	A0A6I8Q293	Q7SZW7	FP	TN	Family0038727	tr|A0A6I8Q293|A0A6I8Q293_XENTR	tr|Q7SZW7|Q7SZW7_DANRE	RootHOG0039105	RootHOG0039105	True	G00108	duplication	high	15	true	0.826	84
SERC	A0A6I8Q293	Q7TNK0	FP	TN	Family0038727	tr|A0A6I8Q293|A0A6I8Q293_XENTR	sp|Q7TNK0|SERC1_RAT	RootHOG0039105	RootHOG0039105	True	G00108	duplication	high	15	true	0.826	84
SERC	A0A6I8Q293	Q803X0	FP	TN	Family0038727	tr|A0A6I8Q293|A0A6I8Q293_XENTR	sp|Q803X0|SERC5_DANRE	RootHOG0039105	RootHOG0039105	True	G00050	duplication	high	13	true	0.996	26
SERC	A0A6I8Q293	Q86VE9	FP	TN	Family0038727	tr|A0A6I8Q293|A0A6I8Q293_XENTR	sp|Q86VE9|SERC5_HUMAN	RootHOG0039105	RootHOG0039105	True	G00050	duplication	high	13	true	0.996	26
SERC	A0A6I8Q293	Q8BHJ6	FP	TN	Family0038727	tr|A0A6I8Q293|A0A6I8Q293_XENTR	sp|Q8BHJ6|SERC5_MOUSE	RootHOG0039105	RootHOG0039105	True	G00050	duplication	high	13	true	0.996	26
SERC	A0A6I8Q293	Q95XV3	TP	FN	Family0038727	tr|A0A6I8Q293|A0A6I8Q293_XENTR	tr|Q95XV3|Q95XV3_CAEEL	RootHOG0039105	RootHOG0039105	True	G00108	duplication	high	15	true	0.826	84
SERC	A0A6I8Q293	Q96SA4	FP	TN	Family0038727	tr|A0A6I8Q293|A0A6I8Q293_XENTR	sp|Q96SA4|SERC2_HUMAN	RootHOG0039105	RootHOG0039105	True	G00108	duplication	high	15	true	0.826	84
SERC	A0A6I8Q293	Q9NRX5	FP	TN	Family0038727	tr|A0A6I8Q293|A0A6I8Q293_XENTR	sp|Q9NRX5|SERC1_HUMAN	RootHOG0039105	RootHOG0039105	True	G00108	duplication	high	15	true	0.826	84
SERC	A0A6I8Q293	Q9QZI8	FP	TN	Family0038727	tr|A0A6I8Q293|A0A6I8Q293_XENTR	sp|Q9QZI8|SERC1_MOUSE	RootHOG0039105	RootHOG0039105	True	G00108	duplication	high	15	true	0.826	84
SERC	A6NH21	B7Q347	TP	FN	Family0038727	sp|A6NH21|SERC4_HUMAN	tr|B7Q347|B7Q347_IXOSC	RootHOG0039105	RootHOG0039105	True	G00108	duplication	high	15	true	0.826	84
SERC	A6NH21	C3YMU1	FP	TN	Family0038727	sp|A6NH21|SERC4_HUMAN	tr|C3YMU1|C3YMU1_BRAFL	RootHOG0039105	RootHOG0039105	True	G00108	duplication	high	15	true	0.826	84
SERC	A6NH21	O45719	TP	FN	Family0038727	sp|A6NH21|SERC4_HUMAN	tr|O45719|O45719_CAEEL	RootHOG0039105	RootHOG0039105	True	G00108	duplication	high	15	true	0.826	84
SERC	A6NH21	Q4FZV1	FP	TN	Family0038727	sp|A6NH21|SERC4_HUMAN	tr|Q4FZV1|Q4FZV1_RAT	RootHOG0039105	RootHOG0039105	True	G00108	duplication	high	15	true	0.826	84
SERC	A6NH21	Q5U2V2	FP	TN	Family0038727	sp|A6NH21|SERC4_HUMAN	tr|Q5U2V2|Q5U2V2_RAT	RootHOG0039105	RootHOG0039105	True	G00108	duplication	high	15	true	0.826	84
SERC	A6NH21	Q5ZME5	FP	TN	Family0038727	sp|A6NH21|SERC4_HUMAN	tr|Q5ZME5|Q5ZME5_CHICK	RootHOG0039105	RootHOG0039105	True	G00108	duplication	high	15	true	0.826	84
SERC	A6NH21	Q63175	FP	TN	Family0038727	sp|A6NH21|SERC4_HUMAN	sp|Q63175|SERC5_RAT	RootHOG0039105	RootHOG0039105	True	G00050	duplication	high	13	true	0.996	26
SERC	A6NH21	Q7QCD1	TP	FN	Family0038727	sp|A6NH21|SERC4_HUMAN	tr|Q7QCD1|Q7QCD1_ANOGA	RootHOG0039105	RootHOG0039105	True	G00108	duplication	high	15	true	0.826	84
SERC	A6NH21	Q7SZW7	FP	TN	Family0038727	sp|A6NH21|SERC4_HUMAN	tr|Q7SZW7|Q7SZW7_DANRE	RootHOG0039105	RootHOG0039105	True	G00108	duplication	high	15	true	0.826	84
SERC	A6NH21	Q7TNK0	FP	TN	Family0038727	sp|A6NH21|SERC4_HUMAN	sp|Q7TNK0|SERC1_RAT	RootHOG0039105	RootHOG0039105	True	G00108	duplication	high	15	true	0.826	84
SERC	A6NH21	Q803X0	FP	TN	Family0038727	sp|A6NH21|SERC4_HUMAN	sp|Q803X0|SERC5_DANRE	RootHOG0039105	RootHOG0039105	True	G00050	duplication	high	13	true	0.996	26
SERC	A6NH21	Q8BHJ6	FP	TN	Family0038727	sp|A6NH21|SERC4_HUMAN	sp|Q8BHJ6|SERC5_MOUSE	RootHOG0039105	RootHOG0039105	True	G00050	duplication	high	13	true	0.996	26
SERC	A6NH21	Q95XV3	TP	FN	Family0038727	sp|A6NH21|SERC4_HUMAN	tr|Q95XV3|Q95XV3_CAEEL	RootHOG0039105	RootHOG0039105	True	G00108	duplication	high	15	true	0.826	84
SERC	A6NH21	Q9QZI8	FP	TN	Family0038727	sp|A6NH21|SERC4_HUMAN	sp|Q9QZI8|SERC1_MOUSE	RootHOG0039105	RootHOG0039105	True	G00108	duplication	high	15	true	0.826	84
SERC	A8WCG0	B7Q347	TP	FN	Family0038727	sp|A8WCG0|SERC4_RAT	tr|B7Q347|B7Q347_IXOSC	RootHOG0039105	RootHOG0039105	True	G00108	duplication	high	15	true	0.826	84
SERC	A8WCG0	C3YMU1	FP	TN	Family0038727	sp|A8WCG0|SERC4_RAT	tr|C3YMU1|C3YMU1_BRAFL	RootHOG0039105	RootHOG0039105	True	G00108	duplication	high	15	true	0.826	84
SERC	A8WCG0	O45719	TP	FN	Family0038727	sp|A8WCG0|SERC4_RAT	tr|O45719|O45719_CAEEL	RootHOG0039105	RootHOG0039105	True	G00108	duplication	high	15	true	0.826	84
SERC	A8WCG0	Q13530	FP	TN	Family0038727	sp|A8WCG0|SERC4_RAT	sp|Q13530|SERC3_HUMAN	RootHOG0039105	RootHOG0039105	True	G00108	duplication	high	15	true	0.826	84
SERC	A8WCG0	Q5ZME5	FP	TN	Family0038727	sp|A8WCG0|SERC4_RAT	tr|Q5ZME5|Q5ZME5_CHICK	RootHOG0039105	RootHOG0039105	True	G00108	duplication	high	15	true	0.826	84
SERC	A8WCG0	Q7QCD1	TP	FN	Family0038727	sp|A8WCG0|SERC4_RAT	tr|Q7QCD1|Q7QCD1_ANOGA	RootHOG0039105	RootHOG0039105	True	G00108	duplication	high	15	true	0.826	84
SERC	A8WCG0	Q7SZW7	FP	TN	Family0038727	sp|A8WCG0|SERC4_RAT	tr|Q7SZW7|Q7SZW7_DANRE	RootHOG0039105	RootHOG0039105	True	G00108	duplication	high	15	true	0.826	84
SERC	A8WCG0	Q803X0	FP	TN	Family0038727	sp|A8WCG0|SERC4_RAT	sp|Q803X0|SERC5_DANRE	RootHOG0039105	RootHOG0039105	True	G00050	duplication	high	13	true	0.996	26
SERC	A8WCG0	Q86VE9	FP	TN	Family0038727	sp|A8WCG0|SERC4_RAT	sp|Q86VE9|SERC5_HUMAN	RootHOG0039105	RootHOG0039105	True	G00050	duplication	high	13	true	0.996	26
SERC	A8WCG0	Q8BHJ6	FP	TN	Family0038727	sp|A8WCG0|SERC4_RAT	sp|Q8BHJ6|SERC5_MOUSE	RootHOG0039105	RootHOG0039105	True	G00050	duplication	high	13	true	0.996	26
SERC	A8WCG0	Q95XV3	TP	FN	Family0038727	sp|A8WCG0|SERC4_RAT	tr|Q95XV3|Q95XV3_CAEEL	RootHOG0039105	RootHOG0039105	True	G00108	duplication	high	15	true	0.826	84
SERC	A8WCG0	Q96SA4	FP	TN	Family0038727	sp|A8WCG0|SERC4_RAT	sp|Q96SA4|SERC2_HUMAN	RootHOG0039105	RootHOG0039105	True	G00108	duplication	high	15	true	0.826	84
SERC	A8WCG0	Q9NRX5	FP	TN	Family0038727	sp|A8WCG0|SERC4_RAT	sp|Q9NRX5|SERC1_HUMAN	RootHOG0039105	RootHOG0039105	True	G00108	duplication	high	15	true	0.826	84
SERC	A8WCG0	Q9QZI8	FP	TN	Family0038727	sp|A8WCG0|SERC4_RAT	sp|Q9QZI8|SERC1_MOUSE	RootHOG0039105	RootHOG0039105	True	G00108	duplication	high	15	true	0.826	84
SERC	B7Q347	C3Y299	TP	FN	Family0038727	tr|B7Q347|B7Q347_IXOSC	tr|C3Y299|C3Y299_BRAFL	RootHOG0039105	RootHOG0039105	True	G00108	duplication	high	15	true	0.826	84
SERC	B7Q347	E7F5D2	TP	FN	Family0038727	tr|B7Q347|B7Q347_IXOSC	tr|E7F5D2|E7F5D2_DANRE	RootHOG0039105	RootHOG0039105	True	G00108	duplication	high	15	true	0.826	84
SERC	B7Q347	F7A8J9	TP	FN	Family0038727	tr|B7Q347|B7Q347_IXOSC	tr|F7A8J9|F7A8J9_CIOIN	RootHOG0039105	RootHOG0039105	True	G00108	duplication	high	15	true	0.826	84
SERC	B7Q347	Q5XK03	TP	FN	Family0038727	tr|B7Q347|B7Q347_IXOSC	sp|Q5XK03|SERC4_MOUSE	RootHOG0039105	RootHOG0039105	True	G00108	duplication	high	15	true	0.826	84
SERC	B7Q347	Q63175	TP	FN	Family0038727	tr|B7Q347|B7Q347_IXOSC	sp|Q63175|SERC5_RAT	RootHOG0039105	RootHOG0039105	True	G00108	duplication	high	15	true	0.826	84
SERC	B7Q347	Q803X0	TP	FN	Family0038727	tr|B7Q347|B7Q347_IXOSC	sp|Q803X0|SERC5_DANRE	RootHOG0039105	RootHOG0039105	True	G00108	duplication	high	15	true	0.826	84
SERC	B7Q347	Q86VE9	TP	FN	Family0038727	tr|B7Q347|B7Q347_IXOSC	sp|Q86VE9|SERC5_HUMAN	RootHOG0039105	RootHOG0039105	True	G00108	duplication	high	15	true	0.826	84
SERC	B7Q347	Q8BHJ6	TP	FN	Family0038727	tr|B7Q347|B7Q347_IXOSC	sp|Q8BHJ6|SERC5_MOUSE	RootHOG0039105	RootHOG0039105	True	G00108	duplication	high	15	true	0.826	84
SERC	C3Y299	O45719	TP	FN	Family0038727	tr|C3Y299|C3Y299_BRAFL	tr|O45719|O45719_CAEEL	RootHOG0039105	RootHOG0039105	True	G00108	duplication	high	15	true	0.826	84
SERC	C3Y299	Q13530	FP	TN	Family0038727	tr|C3Y299|C3Y299_BRAFL	sp|Q13530|SERC3_HUMAN	RootHOG0039105	RootHOG0039105	True	G00108	duplication	high	15	true	0.826	84
SERC	C3Y299	Q4FZV1	FP	TN	Family0038727	tr|C3Y299|C3Y299_BRAFL	tr|Q4FZV1|Q4FZV1_RAT	RootHOG0039105	RootHOG0039105	True	G00108	duplication	high	15	true	0.826	84
SERC	C3Y299	Q5U2V2	FP	TN	Family0038727	tr|C3Y299|C3Y299_BRAFL	tr|Q5U2V2|Q5U2V2_RAT	RootHOG0039105	RootHOG0039105	True	G00108	duplication	high	15	true	0.826	84
SERC	C3Y299	Q5ZME5	FP	TN	Family0038727	tr|C3Y299|C3Y299_BRAFL	tr|Q5ZME5|Q5ZME5_CHICK	RootHOG0039105	RootHOG0039105	True	G00108	duplication	high	15	true	0.826	84
SERC	C3Y299	Q7QCD1	TP	FN	Family0038727	tr|C3Y299|C3Y299_BRAFL	tr|Q7QCD1|Q7QCD1_ANOGA	RootHOG0039105	RootHOG0039105	True	G00108	duplication	high	15	true	0.826	84
SERC	C3Y299	Q7SZW7	FP	TN	Family0038727	tr|C3Y299|C3Y299_BRAFL	tr|Q7SZW7|Q7SZW7_DANRE	RootHOG0039105	RootHOG0039105	True	G00108	duplication	high	15	true	0.826	84
SERC	C3Y299	Q7TNK0	FP	TN	Family0038727	tr|C3Y299|C3Y299_BRAFL	sp|Q7TNK0|SERC1_RAT	RootHOG0039105	RootHOG0039105	True	G00108	duplication	high	15	true	0.826	84
SERC	C3Y299	Q95XV3	TP	FN	Family0038727	tr|C3Y299|C3Y299_BRAFL	tr|Q95XV3|Q95XV3_CAEEL	RootHOG0039105	RootHOG0039105	True	G00108	duplication	high	15	true	0.826	84
SERC	C3Y299	Q96SA4	FP	TN	Family0038727	tr|C3Y299|C3Y299_BRAFL	sp|Q96SA4|SERC2_HUMAN	RootHOG0039105	RootHOG0039105	True	G00108	duplication	high	15	true	0.826	84
SERC	C3Y299	Q9NRX5	FP	TN	Family0038727	tr|C3Y299|C3Y299_BRAFL	sp|Q9NRX5|SERC1_HUMAN	RootHOG0039105	RootHOG0039105	True	G00108	duplication	high	15	true	0.826	84
SERC	C3Y299	Q9QZI8	FP	TN	Family0038727	tr|C3Y299|C3Y299_BRAFL	sp|Q9QZI8|SERC1_MOUSE	RootHOG0039105	RootHOG0039105	True	G00108	duplication	high	15	true	0.826	84
SERC	C3YMU1	E7F5D2	FP	TN	Family0038727	tr|C3YMU1|C3YMU1_BRAFL	tr|E7F5D2|E7F5D2_DANRE	RootHOG0039105	RootHOG0039105	True	G00108	duplication	high	15	true	0.826	84
SERC	C3YMU1	F7A8J9	FP	TN	Family0038727	tr|C3YMU1|C3YMU1_BRAFL	tr|F7A8J9|F7A8J9_CIOIN	RootHOG0039105	RootHOG0039105	True	G00108	duplication	high	15	true	0.826	84
SERC	C3YMU1	Q5XK03	FP	TN	Family0038727	tr|C3YMU1|C3YMU1_BRAFL	sp|Q5XK03|SERC4_MOUSE	RootHOG0039105	RootHOG0039105	True	G00108	duplication	high	15	true	0.826	84
SERC	C3YMU1	Q63175	FP	TN	Family0038727	tr|C3YMU1|C3YMU1_BRAFL	sp|Q63175|SERC5_RAT	RootHOG0039105	RootHOG0039105	True	G00108	duplication	high	15	true	0.826	84
SERC	C3YMU1	Q803X0	FP	TN	Family0038727	tr|C3YMU1|C3YMU1_BRAFL	sp|Q803X0|SERC5_DANRE	RootHOG0039105	RootHOG0039105	True	G00108	duplication	high	15	true	0.826	84
SERC	C3YMU1	Q86VE9	FP	TN	Family0038727	tr|C3YMU1|C3YMU1_BRAFL	sp|Q86VE9|SERC5_HUMAN	RootHOG0039105	RootHOG0039105	True	G00108	duplication	high	15	true	0.826	84
SERC	C3YMU1	Q8BHJ6	FP	TN	Family0038727	tr|C3YMU1|C3YMU1_BRAFL	sp|Q8BHJ6|SERC5_MOUSE	RootHOG0039105	RootHOG0039105	True	G00108	duplication	high	15	true	0.826	84
SERC	E7F5D2	O45719	TP	FN	Family0038727	tr|E7F5D2|E7F5D2_DANRE	tr|O45719|O45719_CAEEL	RootHOG0039105	RootHOG0039105	True	G00108	duplication	high	15	true	0.826	84
SERC	E7F5D2	Q13530	FP	TN	Family0038727	tr|E7F5D2|E7F5D2_DANRE	sp|Q13530|SERC3_HUMAN	RootHOG0039105	RootHOG0039105	True	G00108	duplication	high	15	true	0.826	84
SERC	E7F5D2	Q4FZV1	FP	TN	Family0038727	tr|E7F5D2|E7F5D2_DANRE	tr|Q4FZV1|Q4FZV1_RAT	RootHOG0039105	RootHOG0039105	True	G00108	duplication	high	15	true	0.826	84
SERC	E7F5D2	Q5U2V2	FP	TN	Family0038727	tr|E7F5D2|E7F5D2_DANRE	tr|Q5U2V2|Q5U2V2_RAT	RootHOG0039105	RootHOG0039105	True	G00108	duplication	high	15	true	0.826	84
SERC	E7F5D2	Q5ZME5	FP	TN	Family0038727	tr|E7F5D2|E7F5D2_DANRE	tr|Q5ZME5|Q5ZME5_CHICK	RootHOG0039105	RootHOG0039105	True	G00108	duplication	high	15	true	0.826	84
SERC	E7F5D2	Q63175	FP	TN	Family0038727	tr|E7F5D2|E7F5D2_DANRE	sp|Q63175|SERC5_RAT	RootHOG0039105	RootHOG0039105	True	G00050	duplication	high	13	true	0.996	26
SERC	E7F5D2	Q7QCD1	TP	FN	Family0038727	tr|E7F5D2|E7F5D2_DANRE	tr|Q7QCD1|Q7QCD1_ANOGA	RootHOG0039105	RootHOG0039105	True	G00108	duplication	high	15	true	0.826	84
SERC	E7F5D2	Q7TNK0	FP	TN	Family0038727	tr|E7F5D2|E7F5D2_DANRE	sp|Q7TNK0|SERC1_RAT	RootHOG0039105	RootHOG0039105	True	G00108	duplication	high	15	true	0.826	84
SERC	E7F5D2	Q86VE9	FP	TN	Family0038727	tr|E7F5D2|E7F5D2_DANRE	sp|Q86VE9|SERC5_HUMAN	RootHOG0039105	RootHOG0039105	True	G00050	duplication	high	13	true	0.996	26
SERC	E7F5D2	Q8BHJ6	FP	TN	Family0038727	tr|E7F5D2|E7F5D2_DANRE	sp|Q8BHJ6|SERC5_MOUSE	RootHOG0039105	RootHOG0039105	True	G00050	duplication	high	13	true	0.996	26
SERC	E7F5D2	Q95XV3	TP	FN	Family0038727	tr|E7F5D2|E7F5D2_DANRE	tr|Q95XV3|Q95XV3_CAEEL	RootHOG0039105	RootHOG0039105	True	G00108	duplication	high	15	true	0.826	84
SERC	E7F5D2	Q96SA4	FP	TN	Family0038727	tr|E7F5D2|E7F5D2_DANRE	sp|Q96SA4|SERC2_HUMAN	RootHOG0039105	RootHOG0039105	True	G00108	duplication	high	15	true	0.826	84
SERC	E7F5D2	Q9NRX5	FP	TN	Family0038727	tr|E7F5D2|E7F5D2_DANRE	sp|Q9NRX5|SERC1_HUMAN	RootHOG0039105	RootHOG0039105	True	G00108	duplication	high	15	true	0.826	84
SERC	E7F5D2	Q9QZI8	FP	TN	Family0038727	tr|E7F5D2|E7F5D2_DANRE	sp|Q9QZI8|SERC1_MOUSE	RootHOG0039105	RootHOG0039105	True	G00108	duplication	high	15	true	0.826	84
SERC	F7A8J9	O45719	TP	FN	Family0038727	tr|F7A8J9|F7A8J9_CIOIN	tr|O45719|O45719_CAEEL	RootHOG0039105	RootHOG0039105	True	G00108	duplication	high	15	true	0.826	84
SERC	F7A8J9	Q13530	FP	TN	Family0038727	tr|F7A8J9|F7A8J9_CIOIN	sp|Q13530|SERC3_HUMAN	RootHOG0039105	RootHOG0039105	True	G00108	duplication	high	15	true	0.826	84
SERC	F7A8J9	Q4FZV1	FP	TN	Family0038727	tr|F7A8J9|F7A8J9_CIOIN	tr|Q4FZV1|Q4FZV1_RAT	RootHOG0039105	RootHOG0039105	True	G00108	duplication	high	15	true	0.826	84
SERC	F7A8J9	Q5U2V2	FP	TN	Family0038727	tr|F7A8J9|F7A8J9_CIOIN	tr|Q5U2V2|Q5U2V2_RAT	RootHOG0039105	RootHOG0039105	True	G00108	duplication	high	15	true	0.826	84
SERC	F7A8J9	Q5ZME5	FP	TN	Family0038727	tr|F7A8J9|F7A8J9_CIOIN	tr|Q5ZME5|Q5ZME5_CHICK	RootHOG0039105	RootHOG0039105	True	G00108	duplication	high	15	true	0.826	84
SERC	F7A8J9	Q7QCD1	TP	FN	Family0038727	tr|F7A8J9|F7A8J9_CIOIN	tr|Q7QCD1|Q7QCD1_ANOGA	RootHOG0039105	RootHOG0039105	True	G00108	duplication	high	15	true	0.826	84
SERC	F7A8J9	Q7SZW7	FP	TN	Family0038727	tr|F7A8J9|F7A8J9_CIOIN	tr|Q7SZW7|Q7SZW7_DANRE	RootHOG0039105	RootHOG0039105	True	G00108	duplication	high	15	true	0.826	84
SERC	F7A8J9	Q7TNK0	FP	TN	Family0038727	tr|F7A8J9|F7A8J9_CIOIN	sp|Q7TNK0|SERC1_RAT	RootHOG0039105	RootHOG0039105	True	G00108	duplication	high	15	true	0.826	84
SERC	F7A8J9	Q95XV3	TP	FN	Family0038727	tr|F7A8J9|F7A8J9_CIOIN	tr|Q95XV3|Q95XV3_CAEEL	RootHOG0039105	RootHOG0039105	True	G00108	duplication	high	15	true	0.826	84
SERC	F7A8J9	Q96SA4	FP	TN	Family0038727	tr|F7A8J9|F7A8J9_CIOIN	sp|Q96SA4|SERC2_HUMAN	RootHOG0039105	RootHOG0039105	True	G00108	duplication	high	15	true	0.826	84
SERC	F7A8J9	Q9NRX5	FP	TN	Family0038727	tr|F7A8J9|F7A8J9_CIOIN	sp|Q9NRX5|SERC1_HUMAN	RootHOG0039105	RootHOG0039105	True	G00108	duplication	high	15	true	0.826	84
SERC	F7A8J9	Q9QZI8	FP	TN	Family0038727	tr|F7A8J9|F7A8J9_CIOIN	sp|Q9QZI8|SERC1_MOUSE	RootHOG0039105	RootHOG0039105	True	G00108	duplication	high	15	true	0.826	84
SERC	O45719	Q5XK03	TP	FN	Family0038727	tr|O45719|O45719_CAEEL	sp|Q5XK03|SERC4_MOUSE	RootHOG0039105	RootHOG0039105	True	G00108	duplication	high	15	true	0.826	84
SERC	O45719	Q63175	TP	FN	Family0038727	tr|O45719|O45719_CAEEL	sp|Q63175|SERC5_RAT	RootHOG0039105	RootHOG0039105	True	G00108	duplication	high	15	true	0.826	84
SERC	O45719	Q803X0	TP	FN	Family0038727	tr|O45719|O45719_CAEEL	sp|Q803X0|SERC5_DANRE	RootHOG0039105	RootHOG0039105	True	G00108	duplication	high	15	true	0.826	84
SERC	O45719	Q86VE9	TP	FN	Family0038727	tr|O45719|O45719_CAEEL	sp|Q86VE9|SERC5_HUMAN	RootHOG0039105	RootHOG0039105	True	G00108	duplication	high	15	true	0.826	84
SERC	O45719	Q8BHJ6	TP	FN	Family0038727	tr|O45719|O45719_CAEEL	sp|Q8BHJ6|SERC5_MOUSE	RootHOG0039105	RootHOG0039105	True	G00108	duplication	high	15	true	0.826	84
SERC	Q0JBW5	Q8VZI4	FP	TN	Family0145356	tr|Q0JBW5|Q0JBW5_ORYSJ	tr|Q8VZI4|Q8VZI4_ARATH	RootHOG0147905	RootHOG0147905	True	G00007	duplication	high	3	true	0.935	9
SERC	Q13530	Q4FZV1	FP	TN	Family0038727	sp|Q13530|SERC3_HUMAN	tr|Q4FZV1|Q4FZV1_RAT	RootHOG0039105	RootHOG0039105	True	G00097	duplication	high	12	true	0.996	39
SERC	Q13530	Q5XK03	FP	TN	Family0038727	sp|Q13530|SERC3_HUMAN	sp|Q5XK03|SERC4_MOUSE	RootHOG0039105	RootHOG0039105	True	G00108	duplication	high	15	true	0.826	84
SERC	Q13530	Q5ZME5	FP	TN	Family0038727	sp|Q13530|SERC3_HUMAN	tr|Q5ZME5|Q5ZME5_CHICK	RootHOG0039105	RootHOG0039105	True	G00096	duplication	high	12	true	0.835	25
SERC	Q13530	Q63175	FP	TN	Family0038727	sp|Q13530|SERC3_HUMAN	sp|Q63175|SERC5_RAT	RootHOG0039105	RootHOG0039105	True	G00108	duplication	high	15	true	0.826	84
SERC	Q13530	Q7SZW7	FP	TN	Family0038727	sp|Q13530|SERC3_HUMAN	tr|Q7SZW7|Q7SZW7_DANRE	RootHOG0039105	RootHOG0039105	True	G00096	duplication	high	12	true	0.835	25
SERC	Q13530	Q7TNK0	FP	TN	Family0038727	sp|Q13530|SERC3_HUMAN	sp|Q7TNK0|SERC1_RAT	RootHOG0039105	RootHOG0039105	True	G00096	duplication	high	12	true	0.835	25
SERC	Q13530	Q803X0	FP	TN	Family0038727	sp|Q13530|SERC3_HUMAN	sp|Q803X0|SERC5_DANRE	RootHOG0039105	RootHOG0039105	True	G00108	duplication	high	15	true	0.826	84
SERC	Q13530	Q8BHJ6	FP	TN	Family0038727	sp|Q13530|SERC3_HUMAN	sp|Q8BHJ6|SERC5_MOUSE	RootHOG0039105	RootHOG0039105	True	G00108	duplication	high	15	true	0.826	84
SERC	Q13530	Q9QZI8	FP	TN	Family0038727	sp|Q13530|SERC3_HUMAN	sp|Q9QZI8|SERC1_MOUSE	RootHOG0039105	RootHOG0039105	True	G00096	duplication	high	12	true	0.835	25
SERC	Q494Q0	Q6K688	FP	TN	Family0038727	tr|Q494Q0|Q494Q0_ARATH	tr|Q6K688|Q6K688_ORYSJ	RootHOG0039105	RootHOG0039105	True	G00007	duplication	high	3	true	0.729	6
SERC	Q4FZV1	Q5XK03	FP	TN	Family0038727	tr|Q4FZV1|Q4FZV1_RAT	sp|Q5XK03|SERC4_MOUSE	RootHOG0039105	RootHOG0039105	True	G00108	duplication	high	15	true	0.826	84
SERC	Q4FZV1	Q5ZME5	FP	TN	Family0038727	tr|Q4FZV1|Q4FZV1_RAT	tr|Q5ZME5|Q5ZME5_CHICK	RootHOG0039105	RootHOG0039105	True	G00097	duplication	high	12	true	0.996	39
SERC	Q4FZV1	Q7SZW7	FP	TN	Family0038727	tr|Q4FZV1|Q4FZV1_RAT	tr|Q7SZW7|Q7SZW7_DANRE	RootHOG0039105	RootHOG0039105	True	G00097	duplication	high	12	true	0.996	39
SERC	Q4FZV1	Q803X0	FP	TN	Family0038727	tr|Q4FZV1|Q4FZV1_RAT	sp|Q803X0|SERC5_DANRE	RootHOG0039105	RootHOG0039105	True	G00108	duplication	high	15	true	0.826	84
SERC	Q4FZV1	Q86VE9	FP	TN	Family0038727	tr|Q4FZV1|Q4FZV1_RAT	sp|Q86VE9|SERC5_HUMAN	RootHOG0039105	RootHOG0039105	True	G00108	duplication	high	15	true	0.826	84
SERC	Q4FZV1	Q8BHJ6	FP	TN	Family0038727	tr|Q4FZV1|Q4FZV1_RAT	sp|Q8BHJ6|SERC5_MOUSE	RootHOG0039105	RootHOG0039105	True	G00108	duplication	high	15	true	0.826	84
SERC	Q4FZV1	Q9NRX5	FP	TN	Family0038727	tr|Q4FZV1|Q4FZV1_RAT	sp|Q9NRX5|SERC1_HUMAN	RootHOG0039105	RootHOG0039105	True	G00097	duplication	high	12	true	0.996	39
SERC	Q4FZV1	Q9QZI8	FP	TN	Family0038727	tr|Q4FZV1|Q4FZV1_RAT	sp|Q9QZI8|SERC1_MOUSE	RootHOG0039105	RootHOG0039105	True	G00097	duplication	high	12	true	0.996	39
SERC	Q5U2V2	Q5XK03	FP	TN	Family0038727	tr|Q5U2V2|Q5U2V2_RAT	sp|Q5XK03|SERC4_MOUSE	RootHOG0039105	RootHOG0039105	True	G00108	duplication	high	15	true	0.826	84
SERC	Q5U2V2	Q5ZME5	FP	TN	Family0038727	tr|Q5U2V2|Q5U2V2_RAT	tr|Q5ZME5|Q5ZME5_CHICK	RootHOG0039105	RootHOG0039105	True	G00096	duplication	high	12	true	0.835	25
SERC	Q5U2V2	Q7SZW7	FP	TN	Family0038727	tr|Q5U2V2|Q5U2V2_RAT	tr|Q7SZW7|Q7SZW7_DANRE	RootHOG0039105	RootHOG0039105	True	G00096	duplication	high	12	true	0.835	25
SERC	Q5U2V2	Q803X0	FP	TN	Family0038727	tr|Q5U2V2|Q5U2V2_RAT	sp|Q803X0|SERC5_DANRE	RootHOG0039105	RootHOG0039105	True	G00108	duplication	high	15	true	0.826	84
SERC	Q5U2V2	Q86VE9	FP	TN	Family0038727	tr|Q5U2V2|Q5U2V2_RAT	sp|Q86VE9|SERC5_HUMAN	RootHOG0039105	RootHOG0039105	True	G00108	duplication	high	15	true	0.826	84
SERC	Q5U2V2	Q8BHJ6	FP	TN	Family0038727	tr|Q5U2V2|Q5U2V2_RAT	sp|Q8BHJ6|SERC5_MOUSE	RootHOG0039105	RootHOG0039105	True	G00108	duplication	high	15	true	0.826	84
SERC	Q5U2V2	Q96SA4	FP	TN	Family0038727	tr|Q5U2V2|Q5U2V2_RAT	sp|Q96SA4|SERC2_HUMAN	RootHOG0039105	RootHOG0039105	True	G00097	duplication	high	12	true	0.996	39
SERC	Q5U2V2	Q9NRX5	FP	TN	Family0038727	tr|Q5U2V2|Q5U2V2_RAT	sp|Q9NRX5|SERC1_HUMAN	RootHOG0039105	RootHOG0039105	True	G00096	duplication	high	12	true	0.835	25
SERC	Q5U2V2	Q9QZI8	FP	TN	Family0038727	tr|Q5U2V2|Q5U2V2_RAT	sp|Q9QZI8|SERC1_MOUSE	RootHOG0039105	RootHOG0039105	True	G00096	duplication	high	12	true	0.835	25
SERC	Q5XK03	Q5ZME5	FP	TN	Family0038727	sp|Q5XK03|SERC4_MOUSE	tr|Q5ZME5|Q5ZME5_CHICK	RootHOG0039105	RootHOG0039105	True	G00108	duplication	high	15	true	0.826	84
SERC	Q5XK03	Q63175	FP	TN	Family0038727	sp|Q5XK03|SERC4_MOUSE	sp|Q63175|SERC5_RAT	RootHOG0039105	RootHOG0039105	True	G00050	duplication	high	13	true	0.996	26
SERC	Q5XK03	Q7QCD1	TP	FN	Family0038727	sp|Q5XK03|SERC4_MOUSE	tr|Q7QCD1|Q7QCD1_ANOGA	RootHOG0039105	RootHOG0039105	True	G00108	duplication	high	15	true	0.826	84
SERC	Q5XK03	Q7SZW7	FP	TN	Family0038727	sp|Q5XK03|SERC4_MOUSE	tr|Q7SZW7|Q7SZW7_DANRE	RootHOG0039105	RootHOG0039105	True	G00108	duplication	high	15	true	0.826	84
SERC	Q5XK03	Q7TNK0	FP	TN	Family0038727	sp|Q5XK03|SERC4_MOUSE	sp|Q7TNK0|SERC1_RAT	RootHOG0039105	RootHOG0039105	True	G00108	duplication	high	15	true	0.826	84
SERC	Q5XK03	Q803X0	FP	TN	Family0038727	sp|Q5XK03|SERC4_MOUSE	sp|Q803X0|SERC5_DANRE	RootHOG0039105	RootHOG0039105	True	G00050	duplication	high	13	true	0.996	26
SERC	Q5XK03	Q86VE9	FP	TN	Family0038727	sp|Q5XK03|SERC4_MOUSE	sp|Q86VE9|SERC5_HUMAN	RootHOG0039105	RootHOG0039105	True	G00050	duplication	high	13	true	0.996	26
SERC	Q5XK03	Q95XV3	TP	FN	Family0038727	sp|Q5XK03|SERC4_MOUSE	tr|Q95XV3|Q95XV3_CAEEL	RootHOG0039105	RootHOG0039105	True	G00108	duplication	high	15	true	0.826	84
SERC	Q5XK03	Q96SA4	FP	TN	Family0038727	sp|Q5XK03|SERC4_MOUSE	sp|Q96SA4|SERC2_HUMAN	RootHOG0039105	RootHOG0039105	True	G00108	duplication	high	15	true	0.826	84
SERC	Q5XK03	Q9NRX5	FP	TN	Family0038727	sp|Q5XK03|SERC4_MOUSE	sp|Q9NRX5|SERC1_HUMAN	RootHOG0039105	RootHOG0039105	True	G00108	duplication	high	15	true	0.826	84
SERC	Q5ZME5	Q63175	FP	TN	Family0038727	tr|Q5ZME5|Q5ZME5_CHICK	sp|Q63175|SERC5_RAT	RootHOG0039105	RootHOG0039105	True	G00108	duplication	high	15	true	0.826	84
SERC	Q5ZME5	Q803X0	FP	TN	Family0038727	tr|Q5ZME5|Q5ZME5_CHICK	sp|Q803X0|SERC5_DANRE	RootHOG0039105	RootHOG0039105	True	G00108	duplication	high	15	true	0.826	84
SERC	Q5ZME5	Q86VE9	FP	TN	Family0038727	tr|Q5ZME5|Q5ZME5_CHICK	sp|Q86VE9|SERC5_HUMAN	RootHOG0039105	RootHOG0039105	True	G00108	duplication	high	15	true	0.826	84
SERC	Q5ZME5	Q8BHJ6	FP	TN	Family0038727	tr|Q5ZME5|Q5ZME5_CHICK	sp|Q8BHJ6|SERC5_MOUSE	RootHOG0039105	RootHOG0039105	True	G00108	duplication	high	15	true	0.826	84
SERC	Q5ZME5	Q96SA4	FP	TN	Family0038727	tr|Q5ZME5|Q5ZME5_CHICK	sp|Q96SA4|SERC2_HUMAN	RootHOG0039105	RootHOG0039105	True	G00097	duplication	high	12	true	0.996	39
SERC	Q63175	Q7QCD1	TP	FN	Family0038727	sp|Q63175|SERC5_RAT	tr|Q7QCD1|Q7QCD1_ANOGA	RootHOG0039105	RootHOG0039105	True	G00108	duplication	high	15	true	0.826	84
SERC	Q63175	Q7SZW7	FP	TN	Family0038727	sp|Q63175|SERC5_RAT	tr|Q7SZW7|Q7SZW7_DANRE	RootHOG0039105	RootHOG0039105	True	G00108	duplication	high	15	true	0.826	84
SERC	Q63175	Q95XV3	TP	FN	Family0038727	sp|Q63175|SERC5_RAT	tr|Q95XV3|Q95XV3_CAEEL	RootHOG0039105	RootHOG0039105	True	G00108	duplication	high	15	true	0.826	84
SERC	Q63175	Q96SA4	FP	TN	Family0038727	sp|Q63175|SERC5_RAT	sp|Q96SA4|SERC2_HUMAN	RootHOG0039105	RootHOG0039105	True	G00108	duplication	high	15	true	0.826	84
SERC	Q63175	Q9NRX5	FP	TN	Family0038727	sp|Q63175|SERC5_RAT	sp|Q9NRX5|SERC1_HUMAN	RootHOG0039105	RootHOG0039105	True	G00108	duplication	high	15	true	0.826	84
SERC	Q63175	Q9QZI8	FP	TN	Family0038727	sp|Q63175|SERC5_RAT	sp|Q9QZI8|SERC1_MOUSE	RootHOG0039105	RootHOG0039105	True	G00108	duplication	high	15	true	0.826	84
SERC	Q7QCD1	Q803X0	TP	FN	Family0038727	tr|Q7QCD1|Q7QCD1_ANOGA	sp|Q803X0|SERC5_DANRE	RootHOG0039105	RootHOG0039105	True	G00108	duplication	high	15	true	0.826	84
SERC	Q7QCD1	Q86VE9	TP	FN	Family0038727	tr|Q7QCD1|Q7QCD1_ANOGA	sp|Q86VE9|SERC5_HUMAN	RootHOG0039105	RootHOG0039105	True	G00108	duplication	high	15	true	0.826	84
SERC	Q7QCD1	Q8BHJ6	TP	FN	Family0038727	tr|Q7QCD1|Q7QCD1_ANOGA	sp|Q8BHJ6|SERC5_MOUSE	RootHOG0039105	RootHOG0039105	True	G00108	duplication	high	15	true	0.826	84
SERC	Q7SZW7	Q86VE9	FP	TN	Family0038727	tr|Q7SZW7|Q7SZW7_DANRE	sp|Q86VE9|SERC5_HUMAN	RootHOG0039105	RootHOG0039105	True	G00108	duplication	high	15	true	0.826	84
SERC	Q7SZW7	Q8BHJ6	FP	TN	Family0038727	tr|Q7SZW7|Q7SZW7_DANRE	sp|Q8BHJ6|SERC5_MOUSE	RootHOG0039105	RootHOG0039105	True	G00108	duplication	high	15	true	0.826	84
SERC	Q7SZW7	Q96SA4	FP	TN	Family0038727	tr|Q7SZW7|Q7SZW7_DANRE	sp|Q96SA4|SERC2_HUMAN	RootHOG0039105	RootHOG0039105	True	G00097	duplication	high	12	true	0.996	39
SERC	Q7TNK0	Q803X0	FP	TN	Family0038727	sp|Q7TNK0|SERC1_RAT	sp|Q803X0|SERC5_DANRE	RootHOG0039105	RootHOG0039105	True	G00108	duplication	high	15	true	0.826	84
SERC	Q7TNK0	Q86VE9	FP	TN	Family0038727	sp|Q7TNK0|SERC1_RAT	sp|Q86VE9|SERC5_HUMAN	RootHOG0039105	RootHOG0039105	True	G00108	duplication	high	15	true	0.826	84
SERC	Q7TNK0	Q8BHJ6	FP	TN	Family0038727	sp|Q7TNK0|SERC1_RAT	sp|Q8BHJ6|SERC5_MOUSE	RootHOG0039105	RootHOG0039105	True	G00108	duplication	high	15	true	0.826	84
SERC	Q7TNK0	Q96SA4	FP	TN	Family0038727	sp|Q7TNK0|SERC1_RAT	sp|Q96SA4|SERC2_HUMAN	RootHOG0039105	RootHOG0039105	True	G00097	duplication	high	12	true	0.996	39
SERC	Q803X0	Q95XV3	TP	FN	Family0038727	sp|Q803X0|SERC5_DANRE	tr|Q95XV3|Q95XV3_CAEEL	RootHOG0039105	RootHOG0039105	True	G00108	duplication	high	15	true	0.826	84
SERC	Q803X0	Q96SA4	FP	TN	Family0038727	sp|Q803X0|SERC5_DANRE	sp|Q96SA4|SERC2_HUMAN	RootHOG0039105	RootHOG0039105	True	G00108	duplication	high	15	true	0.826	84
SERC	Q803X0	Q9NRX5	FP	TN	Family0038727	sp|Q803X0|SERC5_DANRE	sp|Q9NRX5|SERC1_HUMAN	RootHOG0039105	RootHOG0039105	True	G00108	duplication	high	15	true	0.826	84
SERC	Q803X0	Q9QZI8	FP	TN	Family0038727	sp|Q803X0|SERC5_DANRE	sp|Q9QZI8|SERC1_MOUSE	RootHOG0039105	RootHOG0039105	True	G00108	duplication	high	15	true	0.826	84
SERC	Q84SS3	Q9S9L9	FP	TN	Family0038727	tr|Q84SS3|Q84SS3_ORYSJ	tr|Q9S9L9|Q9S9L9_ARATH	RootHOG0039105	RootHOG0039105	True	G00007	duplication	high	3	true	0.729	6
SERC	Q86VE9	Q95XV3	TP	FN	Family0038727	sp|Q86VE9|SERC5_HUMAN	tr|Q95XV3|Q95XV3_CAEEL	RootHOG0039105	RootHOG0039105	True	G00108	duplication	high	15	true	0.826	84
SERC	Q86VE9	Q9QZI8	FP	TN	Family0038727	sp|Q86VE9|SERC5_HUMAN	sp|Q9QZI8|SERC1_MOUSE	RootHOG0039105	RootHOG0039105	True	G00108	duplication	high	15	true	0.826	84
SERC	Q8BHJ6	Q95XV3	TP	FN	Family0038727	sp|Q8BHJ6|SERC5_MOUSE	tr|Q95XV3|Q95XV3_CAEEL	RootHOG0039105	RootHOG0039105	True	G00108	duplication	high	15	true	0.826	84
SERC	Q8BHJ6	Q96SA4	FP	TN	Family0038727	sp|Q8BHJ6|SERC5_MOUSE	sp|Q96SA4|SERC2_HUMAN	RootHOG0039105	RootHOG0039105	True	G00108	duplication	high	15	true	0.826	84
SERC	Q8BHJ6	Q9NRX5	FP	TN	Family0038727	sp|Q8BHJ6|SERC5_MOUSE	sp|Q9NRX5|SERC1_HUMAN	RootHOG0039105	RootHOG0039105	True	G00108	duplication	high	15	true	0.826	84
SERC	Q96SA4	Q9QZI8	FP	TN	Family0038727	sp|Q96SA4|SERC2_HUMAN	sp|Q9QZI8|SERC1_MOUSE	RootHOG0039105	RootHOG0039105	True	G00097	duplication	high	12	true	0.996	39
SUMF	A9V4V4	F1NWF3	FP	TN	Family0074956	tr|A9V4V4|A9V4V4_MONBE	tr|F1NWF3|F1NWF3_CHICK	RootHOG0076200	RootHOG0076200	True	G00055	duplication	high	15	true		57
SUMF	A9V4V4	F7EQ26	FP	TN	Family0074956	tr|A9V4V4|A9V4V4_MONBE	tr|F7EQ26|F7EQ26_MONDO	RootHOG0076200	RootHOG0076200	True	G00055	duplication	high	15	true		57
SUMF	A9V4V4	H2LCF1	FP	TN	Family0074956	tr|A9V4V4|A9V4V4_MONBE	tr|H2LCF1|H2LCF1_ORYLA	RootHOG0076200	RootHOG0076200	True	G00055	duplication	high	15	true		57
SUMF	A9V4V4	Q58CP2	FP	TN	Family0074956	tr|A9V4V4|A9V4V4_MONBE	sp|Q58CP2|SUMF2_BOVIN	RootHOG0076200	RootHOG0076200	True	G00055	duplication	high	15	true		57
SUMF	A9V4V4	Q5XJ75	FP	TN	Family0074956	tr|A9V4V4|A9V4V4_MONBE	tr|Q5XJ75|Q5XJ75_DANRE	RootHOG0076200	RootHOG0076200	True	G00055	duplication	high	15	true		57
SUMF	A9V4V4	Q8NBJ7	FP	TN	Family0074956	tr|A9V4V4|A9V4V4_MONBE	sp|Q8NBJ7|SUMF2_HUMAN	RootHOG0076200	RootHOG0076200	True	G00055	duplication	high	15	true		57
SUMF	A9V5J3	F5HMR5	FP	TN	Family0074956	tr|A9V5J3|A9V5J3_MONBE	tr|F5HMR5|F5HMR5_ANOGA	RootHOG0076200	RootHOG0076200	True	G00055	duplication	high	15	true		57
SUMF	A9V5J3	H2MHZ5	FP	TN	Family0074956	tr|A9V5J3|A9V5J3_MONBE	tr|H2MHZ5|H2MHZ5_ORYLA	RootHOG0076200	RootHOG0076200	True	G00055	duplication	high	15	true		57
SUMF	A9V5J3	Q8NBK3	FP	TN	Family0074956	tr|A9V5J3|A9V5J3_MONBE	sp|Q8NBK3|SUMF1_HUMAN	RootHOG0076200	RootHOG0076200	True	G00055	duplication	high	15	true		57
SUMF	A9V5J3	Q9W0U6	FP	TN	Family0074956	tr|A9V5J3|A9V5J3_MONBE	tr|Q9W0U6|Q9W0U6_DROME	RootHOG0076200	RootHOG0076200	True	G00055	duplication	high	15	true		57
SUMF	F1NWF3	F5HMR5	FP	TN	Family0074956	tr|F1NWF3|F1NWF3_CHICK	tr|F5HMR5|F5HMR5_ANOGA	RootHOG0076200	RootHOG0076200	True	G00055	duplication	high	15	true		57
SUMF	F1NWF3	H2MHZ5	FP	TN	Family0074956	tr|F1NWF3|F1NWF3_CHICK	tr|H2MHZ5|H2MHZ5_ORYLA	RootHOG0076200	RootHOG0076200	True	G00055	duplication	high	15	true		57
SUMF	F1NWF3	Q8NBK3	FP	TN	Family0074956	tr|F1NWF3|F1NWF3_CHICK	sp|Q8NBK3|SUMF1_HUMAN	RootHOG0076200	RootHOG0076200	True	G00055	duplication	high	15	true		57
SUMF	F1NWF3	Q9W0U6	FP	TN	Family0074956	tr|F1NWF3|F1NWF3_CHICK	tr|Q9W0U6|Q9W0U6_DROME	RootHOG0076200	RootHOG0076200	True	G00055	duplication	high	15	true		57
SUMF	F5HMR5	F7EQ26	FP	TN	Family0074956	tr|F5HMR5|F5HMR5_ANOGA	tr|F7EQ26|F7EQ26_MONDO	RootHOG0076200	RootHOG0076200	True	G00055	duplication	high	15	true		57
SUMF	F5HMR5	H2LCF1	FP	TN	Family0074956	tr|F5HMR5|F5HMR5_ANOGA	tr|H2LCF1|H2LCF1_ORYLA	RootHOG0076200	RootHOG0076200	True	G00055	duplication	high	15	true		57
SUMF	F5HMR5	Q58CP2	FP	TN	Family0074956	tr|F5HMR5|F5HMR5_ANOGA	sp|Q58CP2|SUMF2_BOVIN	RootHOG0076200	RootHOG0076200	True	G00055	duplication	high	15	true		57
SUMF	F5HMR5	Q5XJ75	FP	TN	Family0074956	tr|F5HMR5|F5HMR5_ANOGA	tr|Q5XJ75|Q5XJ75_DANRE	RootHOG0076200	RootHOG0076200	True	G00055	duplication	high	15	true		57
SUMF	F5HMR5	Q8NBJ7	FP	TN	Family0074956	tr|F5HMR5|F5HMR5_ANOGA	sp|Q8NBJ7|SUMF2_HUMAN	RootHOG0076200	RootHOG0076200	True	G00055	duplication	high	15	true		57
SUMF	F7EQ26	H2MHZ5	FP	TN	Family0074956	tr|F7EQ26|F7EQ26_MONDO	tr|H2MHZ5|H2MHZ5_ORYLA	RootHOG0076200	RootHOG0076200	True	G00055	duplication	high	15	true		57
SUMF	F7EQ26	Q8NBK3	FP	TN	Family0074956	tr|F7EQ26|F7EQ26_MONDO	sp|Q8NBK3|SUMF1_HUMAN	RootHOG0076200	RootHOG0076200	True	G00055	duplication	high	15	true		57
SUMF	F7EQ26	Q9W0U6	FP	TN	Family0074956	tr|F7EQ26|F7EQ26_MONDO	tr|Q9W0U6|Q9W0U6_DROME	RootHOG0076200	RootHOG0076200	True	G00055	duplication	high	15	true		57
SUMF	H2LCF1	Q8NBK3	FP	TN	Family0074956	tr|H2LCF1|H2LCF1_ORYLA	sp|Q8NBK3|SUMF1_HUMAN	RootHOG0076200	RootHOG0076200	True	G00055	duplication	high	15	true		57
SUMF	H2LCF1	Q9W0U6	FP	TN	Family0074956	tr|H2LCF1|H2LCF1_ORYLA	tr|Q9W0U6|Q9W0U6_DROME	RootHOG0076200	RootHOG0076200	True	G00055	duplication	high	15	true		57
SUMF	H2MHZ5	Q58CP2	FP	TN	Family0074956	tr|H2MHZ5|H2MHZ5_ORYLA	sp|Q58CP2|SUMF2_BOVIN	RootHOG0076200	RootHOG0076200	True	G00055	duplication	high	15	true		57
SUMF	H2MHZ5	Q5XJ75	FP	TN	Family0074956	tr|H2MHZ5|H2MHZ5_ORYLA	tr|Q5XJ75|Q5XJ75_DANRE	RootHOG0076200	RootHOG0076200	True	G00055	duplication	high	15	true		57
SUMF	H2MHZ5	Q8NBJ7	FP	TN	Family0074956	tr|H2MHZ5|H2MHZ5_ORYLA	sp|Q8NBJ7|SUMF2_HUMAN	RootHOG0076200	RootHOG0076200	True	G00055	duplication	high	15	true		57
SUMF	Q58CP2	Q8NBK3	FP	TN	Family0074956	sp|Q58CP2|SUMF2_BOVIN	sp|Q8NBK3|SUMF1_HUMAN	RootHOG0076200	RootHOG0076200	True	G00055	duplication	high	15	true		57
SUMF	Q58CP2	Q9W0U6	FP	TN	Family0074956	sp|Q58CP2|SUMF2_BOVIN	tr|Q9W0U6|Q9W0U6_DROME	RootHOG0076200	RootHOG0076200	True	G00055	duplication	high	15	true		57
SUMF	Q5XJ75	Q8NBK3	FP	TN	Family0074956	tr|Q5XJ75|Q5XJ75_DANRE	sp|Q8NBK3|SUMF1_HUMAN	RootHOG0076200	RootHOG0076200	True	G00055	duplication	high	15	true		57
SUMF	Q5XJ75	Q9W0U6	FP	TN	Family0074956	tr|Q5XJ75|Q5XJ75_DANRE	tr|Q9W0U6|Q9W0U6_DROME	RootHOG0076200	RootHOG0076200	True	G00055	duplication	high	15	true		57
SUMF	Q8NBJ7	Q9W0U6	FP	TN	Family0074956	sp|Q8NBJ7|SUMF2_HUMAN	tr|Q9W0U6|Q9W0U6_DROME	RootHOG0076200	RootHOG0076200	True	G00055	duplication	high	15	true		57
TRFE	A5A6I6	D3ZAB1	FP	TN	Family0041654	sp|A5A6I6|TRFE_PANTR	tr|D3ZAB1|D3ZAB1_RAT	RootHOG0042064	RootHOG0042064	True	G00034	duplication	high	7	true	0.95	18
TRFE	A5A6I6	D4ADK7	FP	TN	Family0041654	sp|A5A6I6|TRFE_PANTR	tr|D4ADK7|D4ADK7_RAT	RootHOG0042064	RootHOG0042064	True	G00040	duplication	high	12	true	0.902	41
TRFE	A5A6I6	E1BG25	FP	TN	Family0041654	sp|A5A6I6|TRFE_PANTR	tr|E1BG25|E1BG25_BOVIN	RootHOG0042064	RootHOG0042064	True	G00040	duplication	high	12	true	0.902	41
TRFE	A5A6I6	E1BVL8	FP	TN	Family0041654	sp|A5A6I6|TRFE_PANTR	tr|E1BVL8|E1BVL8_CHICK	RootHOG0042064	RootHOG0042064	True	G00039	duplication	high	3	true	0.992	29
TRFE	A5A6I6	E7F2E3	FP	TN	Family0041654	sp|A5A6I6|TRFE_PANTR	tr|E7F2E3|E7F2E3_DANRE	RootHOG0042064	RootHOG0042064	True	G00040	duplication	high	12	true	0.902	41
TRFE	A5A6I6	F1NVN3	FP	TN	Family0041654	sp|A5A6I6|TRFE_PANTR	tr|F1NVN3|F1NVN3_CHICK	RootHOG0042064	RootHOG0042064	True	G00040	duplication	high	12	true	0.902	41
TRFE	A5A6I6	F1PR54	FP	TN	Family0041654	sp|A5A6I6|TRFE_PANTR	tr|F1PR54|F1PR54_CANLF	RootHOG0042064	RootHOG0042064	True	G00034	duplication	high	7	true	0.95	18
TRFE	A5A6I6	F1R9Z0	FP	TN	Family0041654	sp|A5A6I6|TRFE_PANTR	tr|F1R9Z0|F1R9Z0_DANRE	RootHOG0042064	RootHOG0042064	True	G00039	duplication	high	3	true	0.992	29
TRFE	A5A6I6	G3QYG5	FP	TN	Family0041654	sp|A5A6I6|TRFE_PANTR	tr|G3QYG5|G3QYG5_GORGO	RootHOG0042064	RootHOG0042064	True	G00034	duplication	high	7	true	0.95	18
TRFE	A5A6I6	G3RDQ3	FP	TN	Family0041654	sp|A5A6I6|TRFE_PANTR	tr|G3RDQ3|G3RDQ3_GORGO	RootHOG0042064	RootHOG0042064	True	G00040	duplication	high	12	true	0.902	41
TRFE	A5A6I6	H2M6H2	FP	TN	Family0041654	sp|A5A6I6|TRFE_PANTR	tr|H2M6H2|H2M6H2_ORYLA	RootHOG0042064	RootHOG0042064	True	G00040	duplication	high	12	true	0.902	41
TRFE	A5A6I6	P02788	FP	TN	Family0041654	sp|A5A6I6|TRFE_PANTR	sp|P02788|TRFL_HUMAN	RootHOG0042064	RootHOG0042064	True	G00034	duplication	high	7	true	0.95	18
TRFE	A5A6I6	P08071	FP	TN	Family0041654	sp|A5A6I6|TRFE_PANTR	sp|P08071|TRFL_MOUSE	RootHOG0042064	RootHOG0042064	True	G00034	duplication	high	7	true	0.95	18
TRFE	A5A6I6	P08582	FP	TN	Family0041654	sp|A5A6I6|TRFE_PANTR	sp|P08582|TRFM_HUMAN	RootHOG0042064	RootHOG0042064	True	G00040	duplication	high	12	true	0.902	41
TRFE	A5A6I6	P24627	FP	TN	Family0041654	sp|A5A6I6|TRFE_PANTR	sp|P24627|TRFL_BOVIN	RootHOG0042064	RootHOG0042064	True	G00034	duplication	high	7	true	0.95	18
TRFE	A5A6I6	Q9DBD0	FP	TN	Family0041654	sp|A5A6I6|TRFE_PANTR	sp|Q9DBD0|ICA_MOUSE	RootHOG0042064	RootHOG0042064	True	G00034	duplication	high	7	true	0.95	18
TRFE	A5A6I6	Q9R0R1	FP	TN	Family0041654	sp|A5A6I6|TRFE_PANTR	sp|Q9R0R1|TRFM_MOUSE	RootHOG0042064	RootHOG0042064	True	G00040	duplication	high	12	true	0.902	41
TRFE	D3ZAB1	E1BG25	FP	TN	Family0041654	tr|D3ZAB1|D3ZAB1_RAT	tr|E1BG25|E1BG25_BOVIN	RootHOG0042064	RootHOG0042064	True	G00040	duplication	high	12	true	0.902	41
TRFE	D3ZAB1	E1BVL8	FP	TN	Family0041654	tr|D3ZAB1|D3ZAB1_RAT	tr|E1BVL8|E1BVL8_CHICK	RootHOG0042064	RootHOG0042064	True	G00039	duplication	high	3	true	0.992	29
TRFE	D3ZAB1	E7F2E3	FP	TN	Family0041654	tr|D3ZAB1|D3ZAB1_RAT	tr|E7F2E3|E7F2E3_DANRE	RootHOG0042064	RootHOG0042064	True	G00040	duplication	high	12	true	0.902	41
TRFE	D3ZAB1	F1NVN3	FP	TN	Family0041654	tr|D3ZAB1|D3ZAB1_RAT	tr|F1NVN3|F1NVN3_CHICK	RootHOG0042064	RootHOG0042064	True	G00040	duplication	high	12	true	0.902	41
TRFE	D3ZAB1	F1R9Z0	FP	TN	Family0041654	tr|D3ZAB1|D3ZAB1_RAT	tr|F1R9Z0|F1R9Z0_DANRE	RootHOG0042064	RootHOG0042064	True	G00039	duplication	high	3	true	0.992	29
TRFE	D3ZAB1	G3R4X1	FP	TN	Family0041654	tr|D3ZAB1|D3ZAB1_RAT	tr|G3R4X1|G3R4X1_GORGO	RootHOG0042064	RootHOG0042064	True	G00034	duplication	high	7	true	0.95	18
TRFE	D3ZAB1	G3RDQ3	FP	TN	Family0041654	tr|D3ZAB1|D3ZAB1_RAT	tr|G3RDQ3|G3RDQ3_GORGO	RootHOG0042064	RootHOG0042064	True	G00040	duplication	high	12	true	0.902	41
TRFE	D3ZAB1	G3X6N3	FP	TN	Family0041654	tr|D3ZAB1|D3ZAB1_RAT	tr|G3X6N3|G3X6N3_BOVIN	RootHOG0042064	RootHOG0042064	True	G00034	duplication	high	7	true	0.95	18
TRFE	D3ZAB1	H2M6H2	FP	TN	Family0041654	tr|D3ZAB1|D3ZAB1_RAT	tr|H2M6H2|H2M6H2_ORYLA	RootHOG0042064	RootHOG0042064	True	G00040	duplication	high	12	true	0.902	41
TRFE	D3ZAB1	H2QP17	FP	TN	Family0041654	tr|D3ZAB1|D3ZAB1_RAT	tr|H2QP17|H2QP17_PANTR	RootHOG0042064	RootHOG0042064	True	G00040	duplication	high	12	true	0.902	41
TRFE	D3ZAB1	P02787	FP	TN	Family0041654	tr|D3ZAB1|D3ZAB1_RAT	sp|P02787|TRFE_HUMAN	RootHOG0042064	RootHOG0042064	True	G00034	duplication	high	7	true	0.95	18
TRFE	D3ZAB1	P08582	FP	TN	Family0041654	tr|D3ZAB1|D3ZAB1_RAT	sp|P08582|TRFM_HUMAN	RootHOG0042064	RootHOG0042064	True	G00040	duplication	high	12	true	0.902	41
TRFE	D3ZAB1	Q921I1	FP	TN	Family0041654	tr|D3ZAB1|D3ZAB1_RAT	sp|Q921I1|TRFE_MOUSE	RootHOG0042064	RootHOG0042064	True	G00034	duplication	high	7	true	0.95	18
TRFE	D3ZAB1	Q9DBD0	FP	TN	Family0041654	tr|D3ZAB1|D3ZAB1_RAT	sp|Q9DBD0|ICA_MOUSE	RootHOG0042064	RootHOG0042064	True	G00033	duplication	high	3	true	0.819	10
TRFE	D3ZAB1	Q9R0R1	FP	TN	Family0041654	tr|D3ZAB1|D3ZAB1_RAT	sp|Q9R0R1|TRFM_MOUSE	RootHOG0042064	RootHOG0042064	True	G00040	duplication	high	12	true	0.902	41
TRFE	D4ADK7	E1BVL8	FP	TN	Family0041654	tr|D4ADK7|D4ADK7_RAT	tr|E1BVL8|E1BVL8_CHICK	RootHOG0042064	RootHOG0042064	True	G00040	duplication	high	12	true	0.902	41
TRFE	D4ADK7	F1PR54	FP	TN	Family0041654	tr|D4ADK7|D4ADK7_RAT	tr|F1PR54|F1PR54_CANLF	RootHOG0042064	RootHOG0042064	True	G00040	duplication	high	12	true	0.902	41
TRFE	D4ADK7	F1R9Z0	FP	TN	Family0041654	tr|D4ADK7|D4ADK7_RAT	tr|F1R9Z0|F1R9Z0_DANRE	RootHOG0042064	RootHOG0042064	True	G00040	duplication	high	12	true	0.902	41
TRFE	D4ADK7	G3QYG5	FP	TN	Family0041654	tr|D4ADK7|D4ADK7_RAT	tr|G3QYG5|G3QYG5_GORGO	RootHOG0042064	RootHOG0042064	True	G00040	duplication	high	12	true	0.902	41
TRFE	D4ADK7	G3R4X1	FP	TN	Family0041654	tr|D4ADK7|D4ADK7_RAT	tr|G3R4X1|G3R4X1_GORGO	RootHOG0042064	RootHOG0042064	True	G00040	duplication	high	12	true	0.902	41
TRFE	D4ADK7	G3X6N3	FP	TN	Family0041654	tr|D4ADK7|D4ADK7_RAT	tr|G3X6N3|G3X6N3_BOVIN	RootHOG0042064	RootHOG0042064	True	G00040	duplication	high	12	true	0.902	41
TRFE	D4ADK7	H2QMG6	FP	TN	Family0041654	tr|D4ADK7|D4ADK7_RAT	tr|H2QMG6|H2QMG6_PANTR	RootHOG0042064	RootHOG0042064	True	G00040	duplication	high	12	true	0.902	41
TRFE	D4ADK7	P02787	FP	TN	Family0041654	tr|D4ADK7|D4ADK7_RAT	sp|P02787|TRFE_HUMAN	RootHOG0042064	RootHOG0042064	True	G00040	duplication	high	12	true	0.902	41
TRFE	D4ADK7	P02788	FP	TN	Family0041654	tr|D4ADK7|D4ADK7_RAT	sp|P02788|TRFL_HUMAN	RootHOG0042064	RootHOG0042064	True	G00040	duplication	high	12	true	0.902	41
TRFE	D4ADK7	P02789	FP	TN	Family0041654	tr|D4ADK7|D4ADK7_RAT	sp|P02789|TRFE_CHICK	RootHOG0042064	RootHOG0042064	True	G00040	duplication	high	12	true	0.902	41
TRFE	D4ADK7	P08071	FP	TN	Family0041654	tr|D4ADK7|D4ADK7_RAT	sp|P08071|TRFL_MOUSE	RootHOG0042064	RootHOG0042064	True	G00040	duplication	high	12	true	0.902	41
TRFE	D4ADK7	P24627	FP	TN	Family0041654	tr|D4ADK7|D4ADK7_RAT	sp|P24627|TRFL_BOVIN	RootHOG0042064	RootHOG0042064	True	G00040	duplication	high	12	true	0.902	41
TRFE	D4ADK7	Q501K5	FP	TN	Family0041654	tr|D4ADK7|D4ADK7_RAT	sp|Q501K5|TRFE_XENTR	RootHOG0042064	RootHOG0042064	True	G00040	duplication	high	12	true	0.902	41
TRFE	D4ADK7	Q921I1	FP	TN	Family0041654	tr|D4ADK7|D4ADK7_RAT	sp|Q921I1|TRFE_MOUSE	RootHOG0042064	RootHOG0042064	True	G00040	duplication	high	12	true	0.902	41
TRFE	D4ADK7	Q9DBD0	FP	TN	Family0041654	tr|D4ADK7|D4ADK7_RAT	sp|Q9DBD0|ICA_MOUSE	RootHOG0042064	RootHOG0042064	True	G00040	duplication	high	12	true	0.902	41
TRFE	E1BG25	E1BVL8	FP	TN	Family0041654	tr|E1BG25|E1BG25_BOVIN	tr|E1BVL8|E1BVL8_CHICK	RootHOG0042064	RootHOG0042064	True	G00040	duplication	high	12	true	0.902	41
TRFE	E1BG25	F1PR54	FP	TN	Family0041654	tr|E1BG25|E1BG25_BOVIN	tr|F1PR54|F1PR54_CANLF	RootHOG0042064	RootHOG0042064	True	G00040	duplication	high	12	true	0.902	41
TRFE	E1BG25	F1R9Z0	FP	TN	Family0041654	tr|E1BG25|E1BG25_BOVIN	tr|F1R9Z0|F1R9Z0_DANRE	RootHOG0042064	RootHOG0042064	True	G00040	duplication	high	12	true	0.902	41
TRFE	E1BG25	G3QYG5	FP	TN	Family0041654	tr|E1BG25|E1BG25_BOVIN	tr|G3QYG5|G3QYG5_GORGO	RootHOG0042064	RootHOG0042064	True	G00040	duplication	high	12	true	0.902	41
TRFE	E1BG25	G3R4X1	FP	TN	Family0041654	tr|E1BG25|E1BG25_BOVIN	tr|G3R4X1|G3R4X1_GORGO	RootHOG0042064	RootHOG0042064	True	G00040	duplication	high	12	true	0.902	41
TRFE	E1BG25	H2QMG6	FP	TN	Family0041654	tr|E1BG25|E1BG25_BOVIN	tr|H2QMG6|H2QMG6_PANTR	RootHOG0042064	RootHOG0042064	True	G00040	duplication	high	12	true	0.902	41
TRFE	E1BG25	P02787	FP	TN	Family0041654	tr|E1BG25|E1BG25_BOVIN	sp|P02787|TRFE_HUMAN	RootHOG0042064	RootHOG0042064	True	G00040	duplication	high	12	true	0.902	41
TRFE	E1BG25	P02788	FP	TN	Family0041654	tr|E1BG25|E1BG25_BOVIN	sp|P02788|TRFL_HUMAN	RootHOG0042064	RootHOG0042064	True	G00040	duplication	high	12	true	0.902	41
TRFE	E1BG25	P02789	FP	TN	Family0041654	tr|E1BG25|E1BG25_BOVIN	sp|P02789|TRFE_CHICK	RootHOG0042064	RootHOG0042064	True	G00040	duplication	high	12	true	0.902	41
TRFE	E1BG25	P08071	FP	TN	Family0041654	tr|E1BG25|E1BG25_BOVIN	sp|P08071|TRFL_MOUSE	RootHOG0042064	RootHOG0042064	True	G00040	duplication	high	12	true	0.902	41
TRFE	E1BG25	P12346	FP	TN	Family0041654	tr|E1BG25|E1BG25_BOVIN	sp|P12346|TRFE_RAT	RootHOG0042064	RootHOG0042064	True	G00040	duplication	high	12	true	0.902	41
TRFE	E1BG25	Q501K5	FP	TN	Family0041654	tr|E1BG25|E1BG25_BOVIN	sp|Q501K5|TRFE_XENTR	RootHOG0042064	RootHOG0042064	True	G00040	duplication	high	12	true	0.902	41
TRFE	E1BG25	Q921I1	FP	TN	Family0041654	tr|E1BG25|E1BG25_BOVIN	sp|Q921I1|TRFE_MOUSE	RootHOG0042064	RootHOG0042064	True	G00040	duplication	high	12	true	0.902	41
TRFE	E1BG25	Q9DBD0	FP	TN	Family0041654	tr|E1BG25|E1BG25_BOVIN	sp|Q9DBD0|ICA_MOUSE	RootHOG0042064	RootHOG0042064	True	G00040	duplication	high	12	true	0.902	41
TRFE	E1BVL8	E7F2E3	FP	TN	Family0041654	tr|E1BVL8|E1BVL8_CHICK	tr|E7F2E3|E7F2E3_DANRE	RootHOG0042064	RootHOG0042064	True	G00040	duplication	high	12	true	0.902	41
TRFE	E1BVL8	F1PR54	FP	TN	Family0041654	tr|E1BVL8|E1BVL8_CHICK	tr|F1PR54|F1PR54_CANLF	RootHOG0042064	RootHOG0042064	True	G00039	duplication	high	3	true	0.992	29
TRFE	E1BVL8	G3QYG5	FP	TN	Family0041654	tr|E1BVL8|E1BVL8_CHICK	tr|G3QYG5|G3QYG5_GORGO	RootHOG0042064	RootHOG0042064	True	G00039	duplication	high	3	true	0.992	29
TRFE	E1BVL8	G3R4X1	FP	TN	Family0041654	tr|E1BVL8|E1BVL8_CHICK	tr|G3R4X1|G3R4X1_GORGO	RootHOG0042064	RootHOG0042064	True	G00039	duplication	high	3	true	0.992	29
TRFE	E1BVL8	G3RDQ3	FP	TN	Family0041654	tr|E1BVL8|E1BVL8_CHICK	tr|G3RDQ3|G3RDQ3_GORGO	RootHOG0042064	RootHOG0042064	True	G00040	duplication	high	12	true	0.902	41
TRFE	E1BVL8	G3X6N3	FP	TN	Family0041654	tr|E1BVL8|E1BVL8_CHICK	tr|G3X6N3|G3X6N3_BOVIN	RootHOG0042064	RootHOG0042064	True	G00039	duplication	high	3	true	0.992	29
TRFE	E1BVL8	H2M6H2	FP	TN	Family0041654	tr|E1BVL8|E1BVL8_CHICK	tr|H2M6H2|H2M6H2_ORYLA	RootHOG0042064	RootHOG0042064	True	G00040	duplication	high	12	true	0.902	41
TRFE	E1BVL8	H2QMG6	FP	TN	Family0041654	tr|E1BVL8|E1BVL8_CHICK	tr|H2QMG6|H2QMG6_PANTR	RootHOG0042064	RootHOG0042064	True	G00039	duplication	high	3	true	0.992	29
TRFE	E1BVL8	H2QP17	FP	TN	Family0041654	tr|E1BVL8|E1BVL8_CHICK	tr|H2QP17|H2QP17_PANTR	RootHOG0042064	RootHOG0042064	True	G00040	duplication	high	12	true	0.902	41
TRFE	E1BVL8	P02787	FP	TN	Family0041654	tr|E1BVL8|E1BVL8_CHICK	sp|P02787|TRFE_HUMAN	RootHOG0042064	RootHOG0042064	True	G00039	duplication	high	3	true	0.992	29
TRFE	E1BVL8	P02788	FP	TN	Family0041654	tr|E1BVL8|E1BVL8_CHICK	sp|P02788|TRFL_HUMAN	RootHOG0042064	RootHOG0042064	True	G00039	duplication	high	3	true	0.992	29
TRFE	E1BVL8	P08071	FP	TN	Family0041654	tr|E1BVL8|E1BVL8_CHICK	sp|P08071|TRFL_MOUSE	RootHOG0042064	RootHOG0042064	True	G00039	duplication	high	3	true	0.992	29
TRFE	E1BVL8	P08582	FP	TN	Family0041654	tr|E1BVL8|E1BVL8_CHICK	sp|P08582|TRFM_HUMAN	RootHOG0042064	RootHOG0042064	True	G00040	duplication	high	12	true	0.902	41
TRFE	E1BVL8	P12346	FP	TN	Family0041654	tr|E1BVL8|E1BVL8_CHICK	sp|P12346|TRFE_RAT	RootHOG0042064	RootHOG0042064	True	G00039	duplication	high	3	true	0.992	29
TRFE	E1BVL8	P24627	FP	TN	Family0041654	tr|E1BVL8|E1BVL8_CHICK	sp|P24627|TRFL_BOVIN	RootHOG0042064	RootHOG0042064	True	G00039	duplication	high	3	true	0.992	29
TRFE	E1BVL8	Q501K5	FP	TN	Family0041654	tr|E1BVL8|E1BVL8_CHICK	sp|Q501K5|TRFE_XENTR	RootHOG0042064	RootHOG0042064	True	G00039	duplication	high	3	true	0.992	29
TRFE	E1BVL8	Q921I1	FP	TN	Family0041654	tr|E1BVL8|E1BVL8_CHICK	sp|Q921I1|TRFE_MOUSE	RootHOG0042064	RootHOG0042064	True	G00039	duplication	high	3	true	0.992	29
TRFE	E1BVL8	Q9DBD0	FP	TN	Family0041654	tr|E1BVL8|E1BVL8_CHICK	sp|Q9DBD0|ICA_MOUSE	RootHOG0042064	RootHOG0042064	True	G00039	duplication	high	3	true	0.992	29
TRFE	E1BVL8	Q9R0R1	FP	TN	Family0041654	tr|E1BVL8|E1BVL8_CHICK	sp|Q9R0R1|TRFM_MOUSE	RootHOG0042064	RootHOG0042064	True	G00040	duplication	high	12	true	0.902	41
TRFE	E7F2E3	F1PR54	FP	TN	Family0041654	tr|E7F2E3|E7F2E3_DANRE	tr|F1PR54|F1PR54_CANLF	RootHOG0042064	RootHOG0042064	True	G00040	duplication	high	12	true	0.902	41
TRFE	E7F2E3	G3QYG5	FP	TN	Family0041654	tr|E7F2E3|E7F2E3_DANRE	tr|G3QYG5|G3QYG5_GORGO	RootHOG0042064	RootHOG0042064	True	G00040	duplication	high	12	true	0.902	41
TRFE	E7F2E3	G3R4X1	FP	TN	Family0041654	tr|E7F2E3|E7F2E3_DANRE	tr|G3R4X1|G3R4X1_GORGO	RootHOG0042064	RootHOG0042064	True	G00040	duplication	high	12	true	0.902	41
TRFE	E7F2E3	G3X6N3	FP	TN	Family0041654	tr|E7F2E3|E7F2E3_DANRE	tr|G3X6N3|G3X6N3_BOVIN	RootHOG0042064	RootHOG0042064	True	G00040	duplication	high	12	true	0.902	41
TRFE	E7F2E3	H2QMG6	FP	TN	Family0041654	tr|E7F2E3|E7F2E3_DANRE	tr|H2QMG6|H2QMG6_PANTR	RootHOG0042064	RootHOG0042064	True	G00040	duplication	high	12	true	0.902	41
TRFE	E7F2E3	P02787	FP	TN	Family0041654	tr|E7F2E3|E7F2E3_DANRE	sp|P02787|TRFE_HUMAN	RootHOG0042064	RootHOG0042064	True	G00040	duplication	high	12	true	0.902	41
TRFE	E7F2E3	P02788	FP	TN	Family0041654	tr|E7F2E3|E7F2E3_DANRE	sp|P02788|TRFL_HUMAN	RootHOG0042064	RootHOG0042064	True	G00040	duplication	high	12	true	0.902	41
TRFE	E7F2E3	P02789	FP	TN	Family0041654	tr|E7F2E3|E7F2E3_DANRE	sp|P02789|TRFE_CHICK	RootHOG0042064	RootHOG0042064	True	G00040	duplication	high	12	true	0.902	41
TRFE	E7F2E3	P08071	FP	TN	Family0041654	tr|E7F2E3|E7F2E3_DANRE	sp|P08071|TRFL_MOUSE	RootHOG0042064	RootHOG0042064	True	G00040	duplication	high	12	true	0.902	41
TRFE	E7F2E3	P12346	FP	TN	Family0041654	tr|E7F2E3|E7F2E3_DANRE	sp|P12346|TRFE_RAT	RootHOG0042064	RootHOG0042064	True	G00040	duplication	high	12	true	0.902	41
TRFE	E7F2E3	P24627	FP	TN	Family0041654	tr|E7F2E3|E7F2E3_DANRE	sp|P24627|TRFL_BOVIN	RootHOG0042064	RootHOG0042064	True	G00040	duplication	high	12	true	0.902	41
TRFE	E7F2E3	Q501K5	FP	TN	Family0041654	tr|E7F2E3|E7F2E3_DANRE	sp|Q501K5|TRFE_XENTR	RootHOG0042064	RootHOG0042064	True	G00040	duplication	high	12	true	0.902	41
TRFE	E7F2E3	Q921I1	FP	TN	Family0041654	tr|E7F2E3|E7F2E3_DANRE	sp|Q921I1|TRFE_MOUSE	RootHOG0042064	RootHOG0042064	True	G00040	duplication	high	12	true	0.902	41
TRFE	E7F2E3	Q9DBD0	FP	TN	Family0041654	tr|E7F2E3|E7F2E3_DANRE	sp|Q9DBD0|ICA_MOUSE	RootHOG0042064	RootHOG0042064	True	G00040	duplication	high	12	true	0.902	41
TRFE	F1NVN3	F1PR54	FP	TN	Family0041654	tr|F1NVN3|F1NVN3_CHICK	tr|F1PR54|F1PR54_CANLF	RootHOG0042064	RootHOG0042064	True	G00040	duplication	high	12	true	0.902	41
TRFE	F1NVN3	F1R9Z0	FP	TN	Family0041654	tr|F1NVN3|F1NVN3_CHICK	tr|F1R9Z0|F1R9Z0_DANRE	RootHOG0042064	RootHOG0042064	True	G00040	duplication	high	12	true	0.902	41
TRFE	F1NVN3	G3QYG5	FP	TN	Family0041654	tr|F1NVN3|F1NVN3_CHICK	tr|G3QYG5|G3QYG5_GORGO	RootHOG0042064	RootHOG0042064	True	G00040	duplication	high	12	true	0.902	41
TRFE	F1NVN3	G3R4X1	FP	TN	Family0041654	tr|F1NVN3|F1NVN3_CHICK	tr|G3R4X1|G3R4X1_GORGO	RootHOG0042064	RootHOG0042064	True	G00040	duplication	high	12	true	0.902	41
TRFE	F1NVN3	G3X6N3	FP	TN	Family0041654	tr|F1NVN3|F1NVN3_CHICK	tr|G3X6N3|G3X6N3_BOVIN	RootHOG0042064	RootHOG0042064	True	G00040	duplication	high	12	true	0.902	41
TRFE	F1NVN3	H2QMG6	FP	TN	Family0041654	tr|F1NVN3|F1NVN3_CHICK	tr|H2QMG6|H2QMG6_PANTR	RootHOG0042064	RootHOG0042064	True	G00040	duplication	high	12	true	0.902	41
TRFE	F1NVN3	P02787	FP	TN	Family0041654	tr|F1NVN3|F1NVN3_CHICK	sp|P02787|TRFE_HUMAN	RootHOG0042064	RootHOG0042064	True	G00040	duplication	high	12	true	0.902	41
TRFE	F1NVN3	P02788	FP	TN	Family0041654	tr|F1NVN3|F1NVN3_CHICK	sp|P02788|TRFL_HUMAN	RootHOG0042064	RootHOG0042064	True	G00040	duplication	high	12	true	0.902	41
TRFE	F1NVN3	P08071	FP	TN	Family0041654	tr|F1NVN3|F1NVN3_CHICK	sp|P08071|TRFL_MOUSE	RootHOG0042064	RootHOG0042064	True	G00040	duplication	high	12	true	0.902	41
TRFE	F1NVN3	P12346	FP	TN	Family0041654	tr|F1NVN3|F1NVN3_CHICK	sp|P12346|TRFE_RAT	RootHOG0042064	RootHOG0042064	True	G00040	duplication	high	12	true	0.902	41
TRFE	F1NVN3	P24627	FP	TN	Family0041654	tr|F1NVN3|F1NVN3_CHICK	sp|P24627|TRFL_BOVIN	RootHOG0042064	RootHOG0042064	True	G00040	duplication	high	12	true	0.902	41
TRFE	F1NVN3	Q501K5	FP	TN	Family0041654	tr|F1NVN3|F1NVN3_CHICK	sp|Q501K5|TRFE_XENTR	RootHOG0042064	RootHOG0042064	True	G00040	duplication	high	12	true	0.902	41
TRFE	F1NVN3	Q921I1	FP	TN	Family0041654	tr|F1NVN3|F1NVN3_CHICK	sp|Q921I1|TRFE_MOUSE	RootHOG0042064	RootHOG0042064	True	G00040	duplication	high	12	true	0.902	41
TRFE	F1NVN3	Q9DBD0	FP	TN	Family0041654	tr|F1NVN3|F1NVN3_CHICK	sp|Q9DBD0|ICA_MOUSE	RootHOG0042064	RootHOG0042064	True	G00040	duplication	high	12	true	0.902	41
TRFE	F1PR54	F1R9Z0	FP	TN	Family0041654	tr|F1PR54|F1PR54_CANLF	tr|F1R9Z0|F1R9Z0_DANRE	RootHOG0042064	RootHOG0042064	True	G00039	duplication	high	3	true	0.992	29
TRFE	F1PR54	G3R4X1	FP	TN	Family0041654	tr|F1PR54|F1PR54_CANLF	tr|G3R4X1|G3R4X1_GORGO	RootHOG0042064	RootHOG0042064	True	G00034	duplication	high	7	true	0.95	18
TRFE	F1PR54	G3RDQ3	FP	TN	Family0041654	tr|F1PR54|F1PR54_CANLF	tr|G3RDQ3|G3RDQ3_GORGO	RootHOG0042064	RootHOG0042064	True	G00040	duplication	high	12	true	0.902	41
TRFE	F1PR54	G3X6N3	FP	TN	Family0041654	tr|F1PR54|F1PR54_CANLF	tr|G3X6N3|G3X6N3_BOVIN	RootHOG0042064	RootHOG0042064	True	G00034	duplication	high	7	true	0.95	18
TRFE	F1PR54	H2M6H2	FP	TN	Family0041654	tr|F1PR54|F1PR54_CANLF	tr|H2M6H2|H2M6H2_ORYLA	RootHOG0042064	RootHOG0042064	True	G00040	duplication	high	12	true	0.902	41
TRFE	F1PR54	H2QP17	FP	TN	Family0041654	tr|F1PR54|F1PR54_CANLF	tr|H2QP17|H2QP17_PANTR	RootHOG0042064	RootHOG0042064	True	G00040	duplication	high	12	true	0.902	41
TRFE	F1PR54	P02787	FP	TN	Family0041654	tr|F1PR54|F1PR54_CANLF	sp|P02787|TRFE_HUMAN	RootHOG0042064	RootHOG0042064	True	G00034	duplication	high	7	true	0.95	18
TRFE	F1PR54	P08582	FP	TN	Family0041654	tr|F1PR54|F1PR54_CANLF	sp|P08582|TRFM_HUMAN	RootHOG0042064	RootHOG0042064	True	G00040	duplication	high	12	true	0.902	41
TRFE	F1PR54	P12346	FP	TN	Family0041654	tr|F1PR54|F1PR54_CANLF	sp|P12346|TRFE_RAT	RootHOG0042064	RootHOG0042064	True	G00034	duplication	high	7	true	0.95	18
TRFE	F1PR54	Q921I1	FP	TN	Family0041654	tr|F1PR54|F1PR54_CANLF	sp|Q921I1|TRFE_MOUSE	RootHOG0042064	RootHOG0042064	True	G00034	duplication	high	7	true	0.95	18
TRFE	F1PR54	Q9DBD0	FP	TN	Family0041654	tr|F1PR54|F1PR54_CANLF	sp|Q9DBD0|ICA_MOUSE	RootHOG0042064	RootHOG0042064	True	G00033	duplication	high	3	true	0.819	10
TRFE	F1PR54	Q9R0R1	FP	TN	Family0041654	tr|F1PR54|F1PR54_CANLF	sp|Q9R0R1|TRFM_MOUSE	RootHOG0042064	RootHOG0042064	True	G00040	duplication	high	12	true	0.902	41
TRFE	F1R9Z0	G3QYG5	FP	TN	Family0041654	tr|F1R9Z0|F1R9Z0_DANRE	tr|G3QYG5|G3QYG5_GORGO	RootHOG0042064	RootHOG0042064	True	G00039	duplication	high	3	true	0.992	29
TRFE	F1R9Z0	G3R4X1	FP	TN	Family0041654	tr|F1R9Z0|F1R9Z0_DANRE	tr|G3R4X1|G3R4X1_GORGO	RootHOG0042064	RootHOG0042064	True	G00039	duplication	high	3	true	0.992	29
TRFE	F1R9Z0	G3RDQ3	FP	TN	Family0041654	tr|F1R9Z0|F1R9Z0_DANRE	tr|G3RDQ3|G3RDQ3_GORGO	RootHOG0042064	RootHOG0042064	True	G00040	duplication	high	12	true	0.902	41
TRFE	F1R9Z0	G3X6N3	FP	TN	Family0041654	tr|F1R9Z0|F1R9Z0_DANRE	tr|G3X6N3|G3X6N3_BOVIN	RootHOG0042064	RootHOG0042064	True	G00039	duplication	high	3	true	0.992	29
TRFE	F1R9Z0	H2M6H2	FP	TN	Family0041654	tr|F1R9Z0|F1R9Z0_DANRE	tr|H2M6H2|H2M6H2_ORYLA	RootHOG0042064	RootHOG0042064	True	G00040	duplication	high	12	true	0.902	41
TRFE	F1R9Z0	H2QMG6	FP	TN	Family0041654	tr|F1R9Z0|F1R9Z0_DANRE	tr|H2QMG6|H2QMG6_PANTR	RootHOG0042064	RootHOG0042064	True	G00039	duplication	high	3	true	0.992	29
TRFE	F1R9Z0	H2QP17	FP	TN	Family0041654	tr|F1R9Z0|F1R9Z0_DANRE	tr|H2QP17|H2QP17_PANTR	RootHOG0042064	RootHOG0042064	True	G00040	duplication	high	12	true	0.902	41
TRFE	F1R9Z0	P02787	FP	TN	Family0041654	tr|F1R9Z0|F1R9Z0_DANRE	sp|P02787|TRFE_HUMAN	RootHOG0042064	RootHOG0042064	True	G00039	duplication	high	3	true	0.992	29
TRFE	F1R9Z0	P02788	FP	TN	Family0041654	tr|F1R9Z0|F1R9Z0_DANRE	sp|P02788|TRFL_HUMAN	RootHOG0042064	RootHOG0042064	True	G00039	duplication	high	3	true	0.992	29
TRFE	F1R9Z0	P02789	FP	TN	Family0041654	tr|F1R9Z0|F1R9Z0_DANRE	sp|P02789|TRFE_CHICK	RootHOG0042064	RootHOG0042064	True	G00039	duplication	high	3	true	0.992	29
TRFE	F1R9Z0	P08071	FP	TN	Family0041654	tr|F1R9Z0|F1R9Z0_DANRE	sp|P08071|TRFL_MOUSE	RootHOG0042064	RootHOG0042064	True	G00039	duplication	high	3	true	0.992	29
TRFE	F1R9Z0	P08582	FP	TN	Family0041654	tr|F1R9Z0|F1R9Z0_DANRE	sp|P08582|TRFM_HUMAN	RootHOG0042064	RootHOG0042064	True	G00040	duplication	high	12	true	0.902	41
TRFE	F1R9Z0	P12346	FP	TN	Family0041654	tr|F1R9Z0|F1R9Z0_DANRE	sp|P12346|TRFE_RAT	RootHOG0042064	RootHOG0042064	True	G00039	duplication	high	3	true	0.992	29
TRFE	F1R9Z0	P24627	FP	TN	Family0041654	tr|F1R9Z0|F1R9Z0_DANRE	sp|P24627|TRFL_BOVIN	RootHOG0042064	RootHOG0042064	True	G00039	duplication	high	3	true	0.992	29
TRFE	F1R9Z0	Q501K5	FP	TN	Family0041654	tr|F1R9Z0|F1R9Z0_DANRE	sp|Q501K5|TRFE_XENTR	RootHOG0042064	RootHOG0042064	True	G00039	duplication	high	3	true	0.992	29
TRFE	F1R9Z0	Q921I1	FP	TN	Family0041654	tr|F1R9Z0|F1R9Z0_DANRE	sp|Q921I1|TRFE_MOUSE	RootHOG0042064	RootHOG0042064	True	G00039	duplication	high	3	true	0.992	29
TRFE	F1R9Z0	Q9DBD0	FP	TN	Family0041654	tr|F1R9Z0|F1R9Z0_DANRE	sp|Q9DBD0|ICA_MOUSE	RootHOG0042064	RootHOG0042064	True	G00039	duplication	high	3	true	0.992	29
TRFE	F1R9Z0	Q9R0R1	FP	TN	Family0041654	tr|F1R9Z0|F1R9Z0_DANRE	sp|Q9R0R1|TRFM_MOUSE	RootHOG0042064	RootHOG0042064	True	G00040	duplication	high	12	true	0.902	41
TRFE	G3QYG5	G3X6N3	FP	TN	Family0041654	tr|G3QYG5|G3QYG5_GORGO	tr|G3X6N3|G3X6N3_BOVIN	RootHOG0042064	RootHOG0042064	True	G00034	duplication	high	7	true	0.95	18
TRFE	G3QYG5	H2M6H2	FP	TN	Family0041654	tr|G3QYG5|G3QYG5_GORGO	tr|H2M6H2|H2M6H2_ORYLA	RootHOG0042064	RootHOG0042064	True	G00040	duplication	high	12	true	0.902	41
TRFE	G3QYG5	H2QP17	FP	TN	Family0041654	tr|G3QYG5|G3QYG5_GORGO	tr|H2QP17|H2QP17_PANTR	RootHOG0042064	RootHOG0042064	True	G00040	duplication	high	12	true	0.902	41
TRFE	G3QYG5	P02787	FP	TN	Family0041654	tr|G3QYG5|G3QYG5_GORGO	sp|P02787|TRFE_HUMAN	RootHOG0042064	RootHOG0042064	True	G00034	duplication	high	7	true	0.95	18
TRFE	G3QYG5	P08582	FP	TN	Family0041654	tr|G3QYG5|G3QYG5_GORGO	sp|P08582|TRFM_HUMAN	RootHOG0042064	RootHOG0042064	True	G00040	duplication	high	12	true	0.902	41
TRFE	G3QYG5	P12346	FP	TN	Family0041654	tr|G3QYG5|G3QYG5_GORGO	sp|P12346|TRFE_RAT	RootHOG0042064	RootHOG0042064	True	G00034	duplication	high	7	true	0.95	18
TRFE	G3QYG5	Q921I1	FP	TN	Family0041654	tr|G3QYG5|G3QYG5_GORGO	sp|Q921I1|TRFE_MOUSE	RootHOG0042064	RootHOG0042064	True	G00034	duplication	high	7	true	0.95	18
TRFE	G3QYG5	Q9DBD0	FP	TN	Family0041654	tr|G3QYG5|G3QYG5_GORGO	sp|Q9DBD0|ICA_MOUSE	RootHOG0042064	RootHOG0042064	True	G00033	duplication	high	3	true	0.819	10
TRFE	G3QYG5	Q9R0R1	FP	TN	Family0041654	tr|G3QYG5|G3QYG5_GORGO	sp|Q9R0R1|TRFM_MOUSE	RootHOG0042064	RootHOG0042064	True	G00040	duplication	high	12	true	0.902	41
TRFE	G3R4X1	H2M6H2	FP	TN	Family0041654	tr|G3R4X1|G3R4X1_GORGO	tr|H2M6H2|H2M6H2_ORYLA	RootHOG0042064	RootHOG0042064	True	G00040	duplication	high	12	true	0.902	41
TRFE	G3R4X1	H2QMG6	FP	TN	Family0041654	tr|G3R4X1|G3R4X1_GORGO	tr|H2QMG6|H2QMG6_PANTR	RootHOG0042064	RootHOG0042064	True	G00034	duplication	high	7	true	0.95	18
TRFE	G3R4X1	H2QP17	FP	TN	Family0041654	tr|G3R4X1|G3R4X1_GORGO	tr|H2QP17|H2QP17_PANTR	RootHOG0042064	RootHOG0042064	True	G00040	duplication	high	12	true	0.902	41
TRFE	G3R4X1	P02788	FP	TN	Family0041654	tr|G3R4X1|G3R4X1_GORGO	sp|P02788|TRFL_HUMAN	RootHOG0042064	RootHOG0042064	True	G00034	duplication	high	7	true	0.95	18
TRFE	G3R4X1	P08071	FP	TN	Family0041654	tr|G3R4X1|G3R4X1_GORGO	sp|P08071|TRFL_MOUSE	RootHOG0042064	RootHOG0042064	True	G00034	duplication	high	7	true	0.95	18
TRFE	G3R4X1	P08582	FP	TN	Family0041654	tr|G3R4X1|G3R4X1_GORGO	sp|P08582|TRFM_HUMAN	RootHOG0042064	RootHOG0042064	True	G00040	duplication	high	12	true	0.902	41
TRFE	G3R4X1	P24627	FP	TN	Family0041654	tr|G3R4X1|G3R4X1_GORGO	sp|P24627|TRFL_BOVIN	RootHOG0042064	RootHOG0042064	True	G00034	duplication	high	7	true	0.95	18
TRFE	G3R4X1	Q9DBD0	FP	TN	Family0041654	tr|G3R4X1|G3R4X1_GORGO	sp|Q9DBD0|ICA_MOUSE	RootHOG0042064	RootHOG0042064	True	G00034	duplication	high	7	true	0.95	18
TRFE	G3R4X1	Q9R0R1	FP	TN	Family0041654	tr|G3R4X1|G3R4X1_GORGO	sp|Q9R0R1|TRFM_MOUSE	RootHOG0042064	RootHOG0042064	True	G00040	duplication	high	12	true	0.902	41
TRFE	G3RDQ3	G3X6N3	FP	TN	Family0041654	tr|G3RDQ3|G3RDQ3_GORGO	tr|G3X6N3|G3X6N3_BOVIN	RootHOG0042064	RootHOG0042064	True	G00040	duplication	high	12	true	0.902	41
TRFE	G3RDQ3	H2QMG6	FP	TN	Family0041654	tr|G3RDQ3|G3RDQ3_GORGO	tr|H2QMG6|H2QMG6_PANTR	RootHOG0042064	RootHOG0042064	True	G00040	duplication	high	12	true	0.902	41
TRFE	G3RDQ3	P02787	FP	TN	Family0041654	tr|G3RDQ3|G3RDQ3_GORGO	sp|P02787|TRFE_HUMAN	RootHOG0042064	RootHOG0042064	True	G00040	duplication	high	12	true	0.902	41
TRFE	G3RDQ3	P02788	FP	TN	Family0041654	tr|G3RDQ3|G3RDQ3_GORGO	sp|P02788|TRFL_HUMAN	RootHOG0042064	RootHOG0042064	True	G00040	duplication	high	12	true	0.902	41
TRFE	G3RDQ3	P02789	FP	TN	Family0041654	tr|G3RDQ3|G3RDQ3_GORGO	sp|P02789|TRFE_CHICK	RootHOG0042064	RootHOG0042064	True	G00040	duplication	high	12	true	0.902	41
TRFE	G3RDQ3	P08071	FP	TN	Family0041654	tr|G3RDQ3|G3RDQ3_GORGO	sp|P08071|TRFL_MOUSE	RootHOG0042064	RootHOG0042064	True	G00040	duplication	high	12	true	0.902	41
TRFE	G3RDQ3	P12346	FP	TN	Family0041654	tr|G3RDQ3|G3RDQ3_GORGO	sp|P12346|TRFE_RAT	RootHOG0042064	RootHOG0042064	True	G00040	duplication	high	12	true	0.902	41
TRFE	G3RDQ3	P24627	FP	TN	Family0041654	tr|G3RDQ3|G3RDQ3_GORGO	sp|P24627|TRFL_BOVIN	RootHOG0042064	RootHOG0042064	True	G00040	duplication	high	12	true	0.902	41
TRFE	G3RDQ3	Q501K5	FP	TN	Family0041654	tr|G3RDQ3|G3RDQ3_GORGO	sp|Q501K5|TRFE_XENTR	RootHOG0042064	RootHOG0042064	True	G00040	duplication	high	12	true	0.902	41
TRFE	G3RDQ3	Q921I1	FP	TN	Family0041654	tr|G3RDQ3|G3RDQ3_GORGO	sp|Q921I1|TRFE_MOUSE	RootHOG0042064	RootHOG0042064	True	G00040	duplication	high	12	true	0.902	41
TRFE	G3RDQ3	Q9DBD0	FP	TN	Family0041654	tr|G3RDQ3|G3RDQ3_GORGO	sp|Q9DBD0|ICA_MOUSE	RootHOG0042064	RootHOG0042064	True	G00040	duplication	high	12	true	0.902	41
TRFE	G3X6N3	H2M6H2	FP	TN	Family0041654	tr|G3X6N3|G3X6N3_BOVIN	tr|H2M6H2|H2M6H2_ORYLA	RootHOG0042064	RootHOG0042064	True	G00040	duplication	high	12	true	0.902	41
TRFE	G3X6N3	H2QMG6	FP	TN	Family0041654	tr|G3X6N3|G3X6N3_BOVIN	tr|H2QMG6|H2QMG6_PANTR	RootHOG0042064	RootHOG0042064	True	G00034	duplication	high	7	true	0.95	18
TRFE	G3X6N3	H2QP17	FP	TN	Family0041654	tr|G3X6N3|G3X6N3_BOVIN	tr|H2QP17|H2QP17_PANTR	RootHOG0042064	RootHOG0042064	True	G00040	duplication	high	12	true	0.902	41
TRFE	G3X6N3	P02788	FP	TN	Family0041654	tr|G3X6N3|G3X6N3_BOVIN	sp|P02788|TRFL_HUMAN	RootHOG0042064	RootHOG0042064	True	G00034	duplication	high	7	true	0.95	18
TRFE	G3X6N3	P08071	FP	TN	Family0041654	tr|G3X6N3|G3X6N3_BOVIN	sp|P08071|TRFL_MOUSE	RootHOG0042064	RootHOG0042064	True	G00034	duplication	high	7	true	0.95	18
TRFE	G3X6N3	P08582	FP	TN	Family0041654	tr|G3X6N3|G3X6N3_BOVIN	sp|P08582|TRFM_HUMAN	RootHOG0042064	RootHOG0042064	True	G00040	duplication	high	12	true	0.902	41
TRFE	G3X6N3	Q9DBD0	FP	TN	Family0041654	tr|G3X6N3|G3X6N3_BOVIN	sp|Q9DBD0|ICA_MOUSE	RootHOG0042064	RootHOG0042064	True	G00034	duplication	high	7	true	0.95	18
TRFE	G3X6N3	Q9R0R1	FP	TN	Family0041654	tr|G3X6N3|G3X6N3_BOVIN	sp|Q9R0R1|TRFM_MOUSE	RootHOG0042064	RootHOG0042064	True	G00040	duplication	high	12	true	0.902	41
TRFE	H2M6H2	H2QMG6	FP	TN	Family0041654	tr|H2M6H2|H2M6H2_ORYLA	tr|H2QMG6|H2QMG6_PANTR	RootHOG0042064	RootHOG0042064	True	G00040	duplication	high	12	true	0.902	41
TRFE	H2M6H2	P02787	FP	TN	Family0041654	tr|H2M6H2|H2M6H2_ORYLA	sp|P02787|TRFE_HUMAN	RootHOG0042064	RootHOG0042064	True	G00040	duplication	high	12	true	0.902	41
TRFE	H2M6H2	P02788	FP	TN	Family0041654	tr|H2M6H2|H2M6H2_ORYLA	sp|P02788|TRFL_HUMAN	RootHOG0042064	RootHOG0042064	True	G00040	duplication	high	12	true	0.902	41
TRFE	H2M6H2	P02789	FP	TN	Family0041654	tr|H2M6H2|H2M6H2_ORYLA	sp|P02789|TRFE_CHICK	RootHOG0042064	RootHOG0042064	True	G00040	duplication	high	12	true	0.902	41
TRFE	H2M6H2	P08071	FP	TN	Family0041654	tr|H2M6H2|H2M6H2_ORYLA	sp|P08071|TRFL_MOUSE	RootHOG0042064	RootHOG0042064	True	G00040	duplication	high	12	true	0.902	41
TRFE	H2M6H2	P12346	FP	TN	Family0041654	tr|H2M6H2|H2M6H2_ORYLA	sp|P12346|TRFE_RAT	RootHOG0042064	RootHOG0042064	True	G00040	duplication	high	12	true	0.902	41
TRFE	H2M6H2	P24627	FP	TN	Family0041654	tr|H2M6H2|H2M6H2_ORYLA	sp|P24627|TRFL_BOVIN	RootHOG0042064	RootHOG0042064	True	G00040	duplication	high	12	true	0.902	41
TRFE	H2M6H2	Q501K5	FP	TN	Family0041654	tr|H2M6H2|H2M6H2_ORYLA	sp|Q501K5|TRFE_XENTR	RootHOG0042064	RootHOG0042064	True	G00040	duplication	high	12	true	0.902	41
TRFE	H2M6H2	Q921I1	FP	TN	Family0041654	tr|H2M6H2|H2M6H2_ORYLA	sp|Q921I1|TRFE_MOUSE	RootHOG0042064	RootHOG0042064	True	G00040	duplication	high	12	true	0.902	41
TRFE	H2M6H2	Q9DBD0	FP	TN	Family0041654	tr|H2M6H2|H2M6H2_ORYLA	sp|Q9DBD0|ICA_MOUSE	RootHOG0042064	RootHOG0042064	True	G00040	duplication	high	12	true	0.902	41
TRFE	H2QMG6	P02787	FP	TN	Family0041654	tr|H2QMG6|H2QMG6_PANTR	sp|P02787|TRFE_HUMAN	RootHOG0042064	RootHOG0042064	True	G00034	duplication	high	7	true	0.95	18
TRFE	H2QMG6	P08582	FP	TN	Family0041654	tr|H2QMG6|H2QMG6_PANTR	sp|P08582|TRFM_HUMAN	RootHOG0042064	RootHOG0042064	True	G00040	duplication	high	12	true	0.902	41
TRFE	H2QMG6	P12346	FP	TN	Family0041654	tr|H2QMG6|H2QMG6_PANTR	sp|P12346|TRFE_RAT	RootHOG0042064	RootHOG0042064	True	G00034	duplication	high	7	true	0.95	18
TRFE	H2QMG6	Q921I1	FP	TN	Family0041654	tr|H2QMG6|H2QMG6_PANTR	sp|Q921I1|TRFE_MOUSE	RootHOG0042064	RootHOG0042064	True	G00034	duplication	high	7	true	0.95	18
TRFE	H2QMG6	Q9DBD0	FP	TN	Family0041654	tr|H2QMG6|H2QMG6_PANTR	sp|Q9DBD0|ICA_MOUSE	RootHOG0042064	RootHOG0042064	True	G00033	duplication	high	3	true	0.819	10
TRFE	H2QMG6	Q9R0R1	FP	TN	Family0041654	tr|H2QMG6|H2QMG6_PANTR	sp|Q9R0R1|TRFM_MOUSE	RootHOG0042064	RootHOG0042064	True	G00040	duplication	high	12	true	0.902	41
TRFE	H2QP17	P02787	FP	TN	Family0041654	tr|H2QP17|H2QP17_PANTR	sp|P02787|TRFE_HUMAN	RootHOG0042064	RootHOG0042064	True	G00040	duplication	high	12	true	0.902	41
TRFE	H2QP17	P02788	FP	TN	Family0041654	tr|H2QP17|H2QP17_PANTR	sp|P02788|TRFL_HUMAN	RootHOG0042064	RootHOG0042064	True	G00040	duplication	high	12	true	0.902	41
TRFE	H2QP17	P02789	FP	TN	Family0041654	tr|H2QP17|H2QP17_PANTR	sp|P02789|TRFE_CHICK	RootHOG0042064	RootHOG0042064	True	G00040	duplication	high	12	true	0.902	41
TRFE	H2QP17	P08071	FP	TN	Family0041654	tr|H2QP17|H2QP17_PANTR	sp|P08071|TRFL_MOUSE	RootHOG0042064	RootHOG0042064	True	G00040	duplication	high	12	true	0.902	41
TRFE	H2QP17	P12346	FP	TN	Family0041654	tr|H2QP17|H2QP17_PANTR	sp|P12346|TRFE_RAT	RootHOG0042064	RootHOG0042064	True	G00040	duplication	high	12	true	0.902	41
TRFE	H2QP17	P24627	FP	TN	Family0041654	tr|H2QP17|H2QP17_PANTR	sp|P24627|TRFL_BOVIN	RootHOG0042064	RootHOG0042064	True	G00040	duplication	high	12	true	0.902	41
TRFE	H2QP17	Q501K5	FP	TN	Family0041654	tr|H2QP17|H2QP17_PANTR	sp|Q501K5|TRFE_XENTR	RootHOG0042064	RootHOG0042064	True	G00040	duplication	high	12	true	0.902	41
TRFE	H2QP17	Q921I1	FP	TN	Family0041654	tr|H2QP17|H2QP17_PANTR	sp|Q921I1|TRFE_MOUSE	RootHOG0042064	RootHOG0042064	True	G00040	duplication	high	12	true	0.902	41
TRFE	H2QP17	Q9DBD0	FP	TN	Family0041654	tr|H2QP17|H2QP17_PANTR	sp|Q9DBD0|ICA_MOUSE	RootHOG0042064	RootHOG0042064	True	G00040	duplication	high	12	true	0.902	41
TRFE	P02787	P08071	FP	TN	Family0041654	sp|P02787|TRFE_HUMAN	sp|P08071|TRFL_MOUSE	RootHOG0042064	RootHOG0042064	True	G00034	duplication	high	7	true	0.95	18
TRFE	P02787	P24627	FP	TN	Family0041654	sp|P02787|TRFE_HUMAN	sp|P24627|TRFL_BOVIN	RootHOG0042064	RootHOG0042064	True	G00034	duplication	high	7	true	0.95	18
TRFE	P02787	Q9DBD0	FP	TN	Family0041654	sp|P02787|TRFE_HUMAN	sp|Q9DBD0|ICA_MOUSE	RootHOG0042064	RootHOG0042064	True	G00034	duplication	high	7	true	0.95	18
TRFE	P02787	Q9R0R1	FP	TN	Family0041654	sp|P02787|TRFE_HUMAN	sp|Q9R0R1|TRFM_MOUSE	RootHOG0042064	RootHOG0042064	True	G00040	duplication	high	12	true	0.902	41
TRFE	P02788	P12346	FP	TN	Family0041654	sp|P02788|TRFL_HUMAN	sp|P12346|TRFE_RAT	RootHOG0042064	RootHOG0042064	True	G00034	duplication	high	7	true	0.95	18
TRFE	P02788	Q921I1	FP	TN	Family0041654	sp|P02788|TRFL_HUMAN	sp|Q921I1|TRFE_MOUSE	RootHOG0042064	RootHOG0042064	True	G00034	duplication	high	7	true	0.95	18
TRFE	P02788	Q9DBD0	FP	TN	Family0041654	sp|P02788|TRFL_HUMAN	sp|Q9DBD0|ICA_MOUSE	RootHOG0042064	RootHOG0042064	True	G00033	duplication	high	3	true	0.819	10
TRFE	P02788	Q9R0R1	FP	TN	Family0041654	sp|P02788|TRFL_HUMAN	sp|Q9R0R1|TRFM_MOUSE	RootHOG0042064	RootHOG0042064	True	G00040	duplication	high	12	true	0.902	41
TRFE	P02789	P08582	FP	TN	Family0041654	sp|P02789|TRFE_CHICK	sp|P08582|TRFM_HUMAN	RootHOG0042064	RootHOG0042064	True	G00040	duplication	high	12	true	0.902	41
TRFE	P02789	Q9R0R1	FP	TN	Family0041654	sp|P02789|TRFE_CHICK	sp|Q9R0R1|TRFM_MOUSE	RootHOG0042064	RootHOG0042064	True	G00040	duplication	high	12	true	0.902	41
TRFE	P08071	P08582	FP	TN	Family0041654	sp|P08071|TRFL_MOUSE	sp|P08582|TRFM_HUMAN	RootHOG0042064	RootHOG0042064	True	G00040	duplication	high	12	true	0.902	41
TRFE	P08071	P12346	FP	TN	Family0041654	sp|P08071|TRFL_MOUSE	sp|P12346|TRFE_RAT	RootHOG0042064	RootHOG0042064	True	G00034	duplication	high	7	true	0.95	18
TRFE	P08582	P12346	FP	TN	Family0041654	sp|P08582|TRFM_HUMAN	sp|P12346|TRFE_RAT	RootHOG0042064	RootHOG0042064	True	G00040	duplication	high	12	true	0.902	41
TRFE	P08582	P24627	FP	TN	Family0041654	sp|P08582|TRFM_HUMAN	sp|P24627|TRFL_BOVIN	RootHOG0042064	RootHOG0042064	True	G00040	duplication	high	12	true	0.902	41
TRFE	P08582	Q501K5	FP	TN	Family0041654	sp|P08582|TRFM_HUMAN	sp|Q501K5|TRFE_XENTR	RootHOG0042064	RootHOG0042064	True	G00040	duplication	high	12	true	0.902	41
TRFE	P08582	Q921I1	FP	TN	Family0041654	sp|P08582|TRFM_HUMAN	sp|Q921I1|TRFE_MOUSE	RootHOG0042064	RootHOG0042064	True	G00040	duplication	high	12	true	0.902	41
TRFE	P08582	Q9DBD0	FP	TN	Family0041654	sp|P08582|TRFM_HUMAN	sp|Q9DBD0|ICA_MOUSE	RootHOG0042064	RootHOG0042064	True	G00040	duplication	high	12	true	0.902	41
TRFE	P12346	P24627	FP	TN	Family0041654	sp|P12346|TRFE_RAT	sp|P24627|TRFL_BOVIN	RootHOG0042064	RootHOG0042064	True	G00034	duplication	high	7	true	0.95	18
TRFE	P12346	Q9DBD0	FP	TN	Family0041654	sp|P12346|TRFE_RAT	sp|Q9DBD0|ICA_MOUSE	RootHOG0042064	RootHOG0042064	True	G00034	duplication	high	7	true	0.95	18
TRFE	P12346	Q9R0R1	FP	TN	Family0041654	sp|P12346|TRFE_RAT	sp|Q9R0R1|TRFM_MOUSE	RootHOG0042064	RootHOG0042064	True	G00040	duplication	high	12	true	0.902	41
TRFE	P24627	Q921I1	FP	TN	Family0041654	sp|P24627|TRFL_BOVIN	sp|Q921I1|TRFE_MOUSE	RootHOG0042064	RootHOG0042064	True	G00034	duplication	high	7	true	0.95	18
TRFE	P24627	Q9DBD0	FP	TN	Family0041654	sp|P24627|TRFL_BOVIN	sp|Q9DBD0|ICA_MOUSE	RootHOG0042064	RootHOG0042064	True	G00033	duplication	high	3	true	0.819	10
TRFE	P24627	Q9R0R1	FP	TN	Family0041654	sp|P24627|TRFL_BOVIN	sp|Q9R0R1|TRFM_MOUSE	RootHOG0042064	RootHOG0042064	True	G00040	duplication	high	12	true	0.902	41
TRFE	Q501K5	Q9R0R1	FP	TN	Family0041654	sp|Q501K5|TRFE_XENTR	sp|Q9R0R1|TRFM_MOUSE	RootHOG0042064	RootHOG0042064	True	G00040	duplication	high	12	true	0.902	41
VATB	A8BPV3	A9SJK8	TP	FN	Family0020330	tr|A8BPV3|A8BPV3_GIAIC	tr|A9SJK8|A9SJK8_PHYPA	RootHOG0020464	RootHOG0020457	False	G00186	duplication	high	44	true	0.995	188
VATB	A8BPV3	A9SP56	TP	FN	Family0020330	tr|A8BPV3|A8BPV3_GIAIC	tr|A9SP56|A9SP56_PHYPA	RootHOG0020464	RootHOG0020457	False	G00186	duplication	high	44	true	0.995	188
VATB	A8BPV3	B7QDF5	TP	FN	Family0020330	tr|A8BPV3|A8BPV3_GIAIC	tr|B7QDF5|B7QDF5_IXOSC	RootHOG0020464	RootHOG0020457	False	G00186	duplication	high	44	true	0.995	188
VATB	A8BPV3	D3ZZS8	TP	FN	Family0020330	tr|A8BPV3|A8BPV3_GIAIC	tr|D3ZZS8|D3ZZS8_RAT	RootHOG0020464	RootHOG0020457	False	G00186	duplication	high	44	true	0.995	188
VATB	A8BPV3	F6SX31	TP	FN	Family0020330	tr|A8BPV3|A8BPV3_GIAIC	tr|F6SX31|F6SX31_XENTR	RootHOG0020464	RootHOG0020457	False	G00186	duplication	high	44	true	0.995	188
VATB	A8BPV3	F7A8C2	TP	FN	Family0020330	tr|A8BPV3|A8BPV3_GIAIC	tr|F7A8C2|F7A8C2_CIOIN	RootHOG0020464	RootHOG0020457	False	G00186	duplication	high	44	true	0.995	188
VATB	A8BPV3	P11574	TP	FN	Family0020330	tr|A8BPV3|A8BPV3_GIAIC	sp|P11574|VATB1_ARATH	RootHOG0020464	RootHOG0020457	False	G00186	duplication	high	44	true	0.995	188
VATB	A8BPV3	P11593	TP	FN	Family0020330	tr|A8BPV3|A8BPV3_GIAIC	sp|P11593|VATB_NEUCR	RootHOG0020464	RootHOG0020457	False	G00186	duplication	high	44	true	0.995	188
VATB	A8BPV3	P15313	TP	FN	Family0020330	tr|A8BPV3|A8BPV3_GIAIC	sp|P15313|VATB1_HUMAN	RootHOG0020464	RootHOG0020457	False	G00186	duplication	high	44	true	0.995	188
VATB	A8BPV3	P16140	TP	FN	Family0020330	tr|A8BPV3|A8BPV3_GIAIC	sp|P16140|VATB_YEAST	RootHOG0020464	RootHOG0020457	False	G00186	duplication	high	44	true	0.995	188
VATB	A8BPV3	P21281	TP	FN	Family0020330	tr|A8BPV3|A8BPV3_GIAIC	sp|P21281|VATB2_HUMAN	RootHOG0020464	RootHOG0020457	False	G00186	duplication	high	44	true	0.995	188
VATB	A8BPV3	P31409	TP	FN	Family0020330	tr|A8BPV3|A8BPV3_GIAIC	sp|P31409|VATB_DROME	RootHOG0020464	RootHOG0020457	False	G00186	duplication	high	44	true	0.995	188
VATB	A8BPV3	P31411	TP	FN	Family0020330	tr|A8BPV3|A8BPV3_GIAIC	sp|P31411|VATB_SCHPO	RootHOG0020464	RootHOG0020457	False	G00186	duplication	high	44	true	0.995	188
VATB	A8BPV3	P62814	TP	FN	Family0020330	tr|A8BPV3|A8BPV3_GIAIC	sp|P62814|VATB2_MOUSE	RootHOG0020464	RootHOG0020457	False	G00186	duplication	high	44	true	0.995	188
VATB	A8BPV3	P62815	TP	FN	Family0020330	tr|A8BPV3|A8BPV3_GIAIC	sp|P62815|VATB2_RAT	RootHOG0020464	RootHOG0020457	False	G00186	duplication	high	44	true	0.995	188
VATB	A8BPV3	Q0VGW2	TP	FN	Family0020330	tr|A8BPV3|A8BPV3_GIAIC	tr|Q0VGW2|Q0VGW2_XENTR	RootHOG0020464	RootHOG0020457	False	G00186	duplication	high	44	true	0.995	188
VATB	A8BPV3	Q19626	TP	FN	Family0020330	tr|A8BPV3|A8BPV3_GIAIC	sp|Q19626|VATB_CAEEL	RootHOG0020464	RootHOG0020457	False	G00186	duplication	high	44	true	0.995	188
VATB	A8BPV3	Q4Q821	TP	FN	Family0020330	tr|A8BPV3|A8BPV3_GIAIC	tr|Q4Q821|Q4Q821_LEIMA	RootHOG0020464	RootHOG0020457	False	G00186	duplication	high	44	true	0.995	188
VATB	A8BPV3	Q4X0J7	TP	FN	Family0020330	tr|A8BPV3|A8BPV3_GIAIC	tr|Q4X0J7|Q4X0J7_ASPFU	RootHOG0020464	RootHOG0020457	False	G00186	duplication	high	44	true	0.995	188
VATB	A8BPV3	Q59PT0	TP	FN	Family0020330	tr|A8BPV3|A8BPV3_GIAIC	sp|Q59PT0|VATB_CANAL	RootHOG0020464	RootHOG0020457	False	G00186	duplication	high	44	true	0.995	188
VATB	A8BPV3	Q5KBW0	TP	FN	Family0020330	tr|A8BPV3|A8BPV3_GIAIC	tr|Q5KBW0|Q5KBW0_CRYNJ	RootHOG0020464	RootHOG0020457	False	G00186	duplication	high	44	true	0.995	188
VATB	A8BPV3	Q76NU1	TP	FN	Family0020330	tr|A8BPV3|A8BPV3_GIAIC	sp|Q76NU1|VATB_DICDI	RootHOG0020464	RootHOG0020457	False	G00186	duplication	high	44	true	0.995	188
VATB	A8BPV3	Q8W4E2	TP	FN	Family0020330	tr|A8BPV3|A8BPV3_GIAIC	sp|Q8W4E2|VATB3_ARATH	RootHOG0020464	RootHOG0020457	False	G00186	duplication	high	44	true	0.995	188
VATB	A8BPV3	Q91YH6	TP	FN	Family0020330	tr|A8BPV3|A8BPV3_GIAIC	tr|Q91YH6|Q91YH6_MOUSE	RootHOG0020464	RootHOG0020457	False	G00186	duplication	high	44	true	0.995	188
VATB	A8BPV3	Q9N5A0	TP	FN	Family0020330	tr|A8BPV3|A8BPV3_GIAIC	tr|Q9N5A0|Q9N5A0_CAEEL	RootHOG0020464	RootHOG0020457	False	G00186	duplication	high	44	true	0.995	188
VATB	A8BPV3	Q9SZN1	TP	FN	Family0020330	tr|A8BPV3|A8BPV3_GIAIC	sp|Q9SZN1|VATB2_ARATH	RootHOG0020464	RootHOG0020457	False	G00186	duplication	high	44	true	0.995	188
VATB	D3ZZS8	P21281	FP	TN	Family0020330	tr|D3ZZS8|D3ZZS8_RAT	sp|P21281|VATB2_HUMAN	RootHOG0020457	RootHOG0020457	True	G00049	duplication	high	10	true	0.836	27
VATB	D3ZZS8	P62814	FP	TN	Family0020330	tr|D3ZZS8|D3ZZS8_RAT	sp|P62814|VATB2_MOUSE	RootHOG0020457	RootHOG0020457	True	G00049	duplication	high	10	true	0.836	27
VATB	D3ZZS8	Q0VGW2	FP	TN	Family0020330	tr|D3ZZS8|D3ZZS8_RAT	tr|Q0VGW2|Q0VGW2_XENTR	RootHOG0020457	RootHOG0020457	True	G00049	duplication	high	10	true	0.836	27
VATB	F6SX31	P21281	FP	TN	Family0020330	tr|F6SX31|F6SX31_XENTR	sp|P21281|VATB2_HUMAN	RootHOG0020457	RootHOG0020457	True	G00049	duplication	high	10	true	0.836	27
VATB	F6SX31	P62814	FP	TN	Family0020330	tr|F6SX31|F6SX31_XENTR	sp|P62814|VATB2_MOUSE	RootHOG0020457	RootHOG0020457	True	G00049	duplication	high	10	true	0.836	27
VATB	F6SX31	P62815	FP	TN	Family0020330	tr|F6SX31|F6SX31_XENTR	sp|P62815|VATB2_RAT	RootHOG0020457	RootHOG0020457	True	G00049	duplication	high	10	true	0.836	27
VATB	P15313	P62814	FP	TN	Family0020330	sp|P15313|VATB1_HUMAN	sp|P62814|VATB2_MOUSE	RootHOG0020457	RootHOG0020457	True	G00049	duplication	high	10	true	0.836	27
VATB	P15313	P62815	FP	TN	Family0020330	sp|P15313|VATB1_HUMAN	sp|P62815|VATB2_RAT	RootHOG0020457	RootHOG0020457	True	G00049	duplication	high	10	true	0.836	27
VATB	P15313	Q0VGW2	FP	TN	Family0020330	sp|P15313|VATB1_HUMAN	tr|Q0VGW2|Q0VGW2_XENTR	RootHOG0020457	RootHOG0020457	True	G00049	duplication	high	10	true	0.836	27
VATB	P21281	Q91YH6	FP	TN	Family0020330	sp|P21281|VATB2_HUMAN	tr|Q91YH6|Q91YH6_MOUSE	RootHOG0020457	RootHOG0020457	True	G00049	duplication	high	10	true	0.836	27
VATB	P62815	Q91YH6	FP	TN	Family0020330	sp|P62815|VATB2_RAT	tr|Q91YH6|Q91YH6_MOUSE	RootHOG0020457	RootHOG0020457	True	G00049	duplication	high	10	true	0.836	27
VATB	Q0VGW2	Q91YH6	FP	TN	Family0020330	tr|Q0VGW2|Q0VGW2_XENTR	tr|Q91YH6|Q91YH6_MOUSE	RootHOG0020457	RootHOG0020457	True	G00049	duplication	high	10	true	0.836	27
