block_left	block_right	TP	FP	FN
A1CF	A1CF	1	0	0
A1CF	RBM46	0	2	0
A1CF	RBM47	0	2	0
A2M	A2M	1	0	2
A2M	A2ML1	0	2	0
A2M	CD109	0	2	0
A2M	PZP	0	2	0
A2ML1	A2ML1	1	0	0
A2ML1	CD109	0	2	0
A2ML1	PZP	0	2	0
A3GALT2	A3GALT2	3	0	0
A3GALT2	GBGT1	0	6	0
A3GALT2	GLT6D1	0	2	0
A4GALT	A4GALT	3	0	0
A4GALT	A4GNT	0	2	0
A4GNT	A4GNT	1	0	0
AAAS	AAAS	1	0	0
AACS	AACS	0	0	1
AADAC	AADAC	1	0	0
AADAC	AADACL2	0	2	0
AADAC	AADACL3	0	2	0
AADAC	AADACL4	0	2	0
AADAC	NCEH1	0	2	0
AADACL2	AADACL2	1	0	0
AADACL2	AADACL3	0	2	0
AADACL2	AADACL4	0	2	0
AADACL2	NCEH1	0	2	0
AADACL3	AADACL3	1	0	0
AADACL3	AADACL4	0	2	0
AADACL3	NCEH1	0	2	0
AADACL4	AADACL4	3	0	0
AADACL4	NCEH1	0	2	0
AADAT	AADAT	1	0	0
AAGAB	AAGAB	1	0	0
AAK1	AAK1	1	0	0
AAK1	BMP2K	0	2	0
AAMDC	AAMDC	1	0	0
AAMP	AAMP	1	0	0
AANAT	AANAT	1	0	0
AAR2	AAR2	1	0	0
AARD	AARD	1	0	0
AARS1	AARS1	1	0	0
AARS1	AARS2	0	2	0
AARS2	AARS2	1	0	0
AASDH	AASDH	1	0	0
AASDHPPT	AASDHPPT	1	0	0
AASS	AASS	1	0	0
AATF	AATF	1	0	0
AATK	AATK	1	0	0
AATK	LMTK2	0	2	0
AATK	LMTK3	0	2	0
ABAT	ABAT	1	0	0
ABCA1	ABCA1	1	0	0
ABCA1	ABCA12	0	2	0
ABCA1	ABCA2	0	2	0
ABCA1	ABCA4	0	2	0
ABCA10	ABCA10	1	0	0
ABCA10	ABCA3	0	2	0
ABCA10	ABCA5	0	2	0
ABCA10	ABCA6	0	2	0
ABCA10	ABCA8	0	2	0
ABCA10	ABCA9	0	2	0
ABCA12	ABCA12	1	0	0
ABCA12	ABCA2	0	2	0
ABCA12	ABCA4	0	2	0
ABCA13	ABCA13	1	0	0
ABCA2	ABCA2	1	0	0
ABCA2	ABCA4	0	2	0
ABCA3	ABCA3	1	0	0
ABCA3	ABCA5	0	2	0
ABCA3	ABCA6	0	2	0
ABCA3	ABCA8	0	2	0
ABCA3	ABCA9	0	2	0
ABCA4	ABCA4	1	0	0
ABCA5	ABCA5	1	0	0
ABCA5	ABCA6	0	2	0
ABCA5	ABCA8	0	2	0
ABCA5	ABCA9	0	2	0
ABCA6	ABCA6	1	0	0
ABCA6	ABCA8	0	2	0
ABCA6	ABCA9	0	2	0
ABCA8	ABCA8	1	0	0
ABCA8	ABCA9	0	2	0
ABCA9	ABCA9	1	0	0
ABCB1	ABCB1	0	0	1
ABCB10	ABCB10	0	0	1
ABCB11	ABCB11	0	0	1
ABCB4	ABCB4	0	0	3
ABCB5	ABCB5	0	0	1
ABCB6	ABCB6	6	0	0
ABCB7	ABCB7	1	0	0
ABCB8	ABCB8	0	0	1
ABCB9	ABCB9	0	0	1
ABCC1	ABCC1	0	0	1
ABCC10	ABCC10	0	0	1
ABCC11	ABCC11	0	0	1
ABCC12	ABCC12	0	0	1
ABCC2	ABCC2	0	0	1
ABCC3	ABCC3	0	0	1
ABCC4	ABCC4	0	0	1
ABCC5	ABCC5	0	0	1
ABCC8	ABCC8	0	0	1
ABCC9	ABCC9	0	0	1
ABCD1	ABCD1	1	0	0
ABCD1	ABCD2	0	2	0
ABCD1	ABCD3	0	2	0
ABCD1	ABCD4	0	2	0
ABCD2	ABCD2	3	0	0
ABCD2	ABCD3	0	2	0
ABCD2	ABCD4	0	6	0
ABCD3	ABCD3	1	0	0
ABCD3	ABCD4	0	2	0
ABCD4	ABCD4	3	0	0
ABCE1	ABCE1	1	0	0
ABCF1	ABCF1	1	0	0
ABCF1	ABCF2	0	2	0
ABCF1	ABCF3	0	2	0
ABCF2	ABCF2	1	0	0
ABCF2	ABCF3	0	2	0
ABCF3	ABCF3	1	0	0
ABCG1	ABCG1	0	0	1
ABCG2	ABCG2	0	0	6
ABCG4	ABCG4	0	0	1
ABCG5	ABCG5	0	0	1
ABCG8	ABCG8	0	0	1
ABHD1	ABHD1	1	0	0
ABHD10	ABHD10	3	0	0
ABHD11	ABHD11	1	0	0
ABHD12	ABHD12	1	0	0
ABHD12	ABHD12B	0	2	0
ABHD12B	ABHD12B	1	0	0
ABHD13	ABHD13	1	0	0
ABHD14A	ABHD14A	1	0	0
ABHD14A	ABHD14B	0	2	0
ABHD14B	ABHD14B	1	0	0
ABHD15	ABHD15	1	0	0
ABHD16A	ABHD16A	1	0	0
ABHD16A	ABHD16B	0	2	0
ABHD16B	ABHD16B	1	0	0
ABHD17A	ABHD17A	1	0	0
ABHD17A	ABHD17B	0	2	0
ABHD17A	ABHD17C	0	2	0
ABHD17B	ABHD17B	1	0	0
ABHD17B	ABHD17C	0	2	0
ABHD17C	ABHD17C	3	0	0
ABHD18	ABHD18	1	0	0
ABHD2	ABHD2	1	0	0
ABHD3	ABHD3	1	0	0
ABHD4	ABHD4	1	0	0
ABHD4	ABHD5	0	2	0
ABHD5	ABHD5	1	0	0
ABHD6	ABHD6	1	0	0
ABHD8	ABHD8	1	0	0
ABI1	ABI1	1	0	0
ABI1	ABI2	0	2	0
ABI1	ABI3	0	2	0
ABI2	ABI2	1	0	0
ABI2	ABI3	0	2	0
ABI3	ABI3	1	0	0
ABI3BP	ABI3BP	1	0	0
ABI3BP	FNDC1	0	2	0
ABITRAM	ABITRAM	1	0	0
ABL1	ABL1	1	0	0
ABL1	ABL2	0	2	0
ABL2	ABL2	3	0	0
ABLIM1	ABLIM1	3	0	0
ABLIM1	ABLIM2	0	2	0
ABLIM1	ABLIM3	0	2	0
ABLIM1	DMTN	0	6	0
ABLIM2	ABLIM2	1	0	0
ABLIM2	ABLIM3	0	2	0
ABLIM2	DMTN	0	2	0
ABLIM3	ABLIM3	1	0	0
ABLIM3	DMTN	0	2	0
ABR	ABR	1	0	0
ABR	BCR	0	2	0
ABRA	ABRA	1	0	0
ABRACL	ABRACL	1	0	0
ABRAXAS1	ABRAXAS1	6	0	0
ABRAXAS1	ABRAXAS2	0	2	0
ABRAXAS2	ABRAXAS2	1	0	0
ABT1	ABT1	1	0	0
ABTB1	ABTB1	1	0	0
ABTB2	ABTB2	1	0	0
ABTB2	BTBD11	0	2	0
ACAA1	ACAA1	0	0	1
ACAA2	ACAA2	0	0	1
ACACA	ACACA	1	0	0
ACACA	ACACB	0	2	0
ACACB	ACACB	1	0	0
ACAD10	ACAD10	1	0	0
ACAD10	ACAD11	0	2	0
ACAD11	ACAD11	1	0	0
ACAD8	ACAD8	0	0	1
ACAD9	ACAD9	1	0	0
ACAD9	ACADVL	0	2	0
ACADL	ACADL	0	0	1
ACADM	ACADM	0	0	1
ACADS	ACADS	0	0	6
ACADSB	ACADSB	0	0	3
ACADVL	ACADVL	3	0	0
ACAN	ACAN	1	0	0
ACAP1	ACAP1	1	0	0
ACAP1	ACAP2	0	2	0
ACAP1	ACAP3	0	2	0
ACAP2	ACAP2	3	0	0
ACAP2	ACAP3	0	2	0
ACAP3	ACAP3	1	0	0
ACAT1	ACAT1	0	0	1
ACAT2	ACAT2	0	0	1
ACBD3	ACBD3	1	0	0
ACBD3	TMED8	0	2	0
ACBD4	ACBD4	3	0	0
ACBD5	ACBD5	1	0	0
ACBD6	ACBD6	1	0	0
ACBD7	ACBD7	1	0	0
ACBD7	DBI	0	2	0
ACD	ACD	1	0	0
ACE	ACE	1	0	0
ACE2	ACE2	1	0	0
ACER1	ACER1	1	0	0
ACER1	ACER2	0	2	0
ACER1	ACER3	0	2	0
ACER2	ACER2	1	0	0
ACER2	ACER3	0	2	0
ACER3	ACER3	1	0	0
ACHE	ACHE	0	0	3
ACIN1	ACIN1	1	0	0
ACKR1	ACKR1	6	0	0
ACKR2	ACKR2	0	0	1
ACKR3	ACKR3	0	0	1
ACKR4	ACKR4	0	0	1
ACLY	ACLY	1	0	0
ACMSD	ACMSD	1	0	0
ACO1	ACO1	1	0	0
ACO1	IREB2	0	2	0
ACO2	ACO2	1	0	0
ACOD1	ACOD1	1	0	0
ACOT11	ACOT11	1	0	0
ACOT11	ACOT12	0	2	0
ACOT12	ACOT12	1	0	0
ACOT13	ACOT13	1	0	0
ACOT4	ACOT4	1	0	0
ACOT4	ACOT6	0	2	0
ACOT6	ACOT6	3	0	0
ACOT6	BAAT	0	2	0
ACOT7	ACOT7	3	0	0
ACOT8	ACOT8	1	0	0
ACOT9	ACOT9	1	0	0
ACOX1	ACOX1	1	0	0
ACOX1	ACOX2	0	2	0
ACOX2	ACOX2	1	0	0
ACP1	ACP1	3	0	0
ACP2	ACP2	3	0	0
ACP2	ACP3	0	2	0
ACP2	ACP4	0	6	0
ACP3	ACP3	1	0	0
ACP3	ACP4	0	2	0
ACP4	ACP4	3	0	0
ACP5	ACP5	1	0	0
ACP6	ACP6	1	0	0
ACP7	ACP7	1	0	0
ACR	ACR	1	0	0
ACR	PRSS54	0	2	0
ACRBP	ACRBP	1	0	0
ACRV1	ACRV1	1	0	0
ACSBG1	ACSBG1	0	0	1
ACSBG2	ACSBG2	0	0	3
ACSF2	ACSF2	0	0	1
ACSF3	ACSF3	0	0	1
ACSL1	ACSL1	0	0	1
ACSL3	ACSL3	0	0	1
ACSL4	ACSL4	0	0	1
ACSL5	ACSL5	0	0	1
ACSL6	ACSL6	0	0	6
ACSM1	ACSM1	0	0	1
ACSM2A	ACSM2A	0	0	1
ACSM2B	ACSM2B	0	0	1
ACSM3	ACSM3	0	0	3
ACSM4	ACSM4	0	0	1
ACSM5	ACSM5	0	0	1
ACSM6	ACSM6	1	0	0
ACSS1	ACSS1	0	0	3
ACSS2	ACSS2	0	0	1
ACSS3	ACSS3	0	0	3
ACTA1	ACTA1	0	0	1
ACTA2	ACTA2	0	0	1
ACTB	ACTB	0	0	1
ACTBL2	ACTBL2	0	0	1
ACTC1	ACTC1	0	0	1
ACTG1	ACTG1	0	0	1
ACTG2	ACTG2	0	0	1
ACTL10	ACTL10	1	0	0
ACTL6A	ACTL6A	0	0	1
ACTL6B	ACTL6B	0	0	1
ACTL7A	ACTL7A	1	0	0
ACTL7A	ACTL7B	0	2	0
ACTL7B	ACTL7B	1	0	0
ACTL8	ACTL8	1	0	0
ACTL9	ACTL9	1	0	0
ACTN1	ACTN1	1	0	0
ACTN1	ACTN2	0	2	0
ACTN1	ACTN4	0	2	0
ACTN1	CLMN	0	2	0
ACTN2	ACTN2	1	0	0
ACTN2	ACTN4	0	2	0
ACTN2	CLMN	0	2	0
ACTN3	ACTN3	3	0	0
ACTN4	ACTN4	1	0	0
ACTN4	CLMN	0	2	0
ACTR10	ACTR10	1	0	0
ACTR1A	ACTR1A	0	0	1
ACTR1B	ACTR1B	0	0	1
ACTR3B	ACTR3B	1	0	0
ACTR5	ACTR5	1	0	0
ACTR6	ACTR6	1	0	0
ACTR8	ACTR8	1	0	0
ACTRT1	ACTRT1	0	0	3
ACTRT2	ACTRT2	0	0	1
ACTRT3	ACTRT3	1	0	0
ACVR1	ACVR1	0	0	1
ACVR1B	ACVR1B	0	0	1
ACVR1C	ACVR1C	0	0	1
ACVR2A	ACVR2A	0	0	1
ACVR2B	ACVR2B	0	0	1
ACVRL1	ACVRL1	0	0	1
ACY3	ACY3	1	0	0
ACY3	ASPA	0	2	0
ACYP1	ACYP1	1	0	0
ACYP1	ACYP2	0	2	0
ACYP2	ACYP2	1	0	0
ADA	ADA	1	0	0
ADA2	ADA2	1	0	0
ADAD1	ADAD1	1	0	0
ADAD1	ADAD2	0	2	0
ADAD2	ADAD2	1	0	0
ADAL	ADAL	1	0	0
ADAM10	ADAM10	3	0	0
ADAM11	ADAM11	0	0	3
ADAM12	ADAM12	1	0	0
ADAM12	ADAM15	0	2	0
ADAM12	ADAM19	0	2	0
ADAM12	ADAM29	0	2	0
ADAM12	ADAM8	0	2	0
ADAM15	ADAM15	1	0	0
ADAM15	ADAM19	0	2	0
ADAM15	ADAM29	0	2	0
ADAM15	ADAM8	0	2	0
ADAM17	ADAM17	1	0	0
ADAM18	ADAM18	0	0	1
ADAM19	ADAM19	1	0	0
ADAM19	ADAM29	0	2	0
ADAM19	ADAM8	0	2	0
ADAM2	ADAM2	0	0	1
ADAM20	ADAM20	0	0	3
ADAM21	ADAM21	0	0	1
ADAM23	ADAM23	0	0	1
ADAM28	ADAM28	0	0	1
ADAM29	ADAM29	1	0	0
ADAM29	ADAM8	0	2	0
ADAM30	ADAM30	0	0	1
ADAM32	ADAM32	0	0	1
ADAM33	ADAM33	0	0	1
ADAM7	ADAM7	0	0	3
ADAM8	ADAM8	1	0	0
ADAM9	ADAM9	0	0	1
ADAMDEC1	ADAMDEC1	1	0	0
ADAMTS1	ADAMTS1	1	0	0
ADAMTS1	ADAMTS15	0	2	0
ADAMTS1	ADAMTS4	0	2	0
ADAMTS1	ADAMTS5	0	2	0
ADAMTS1	ADAMTS8	0	2	0
ADAMTS10	ADAMTS10	1	0	0
ADAMTS10	ADAMTS14	0	2	0
ADAMTS10	ADAMTS16	0	2	0
ADAMTS10	ADAMTS17	0	2	0
ADAMTS10	ADAMTS18	0	2	0
ADAMTS10	ADAMTS19	0	2	0
ADAMTS10	ADAMTS2	0	2	0
ADAMTS10	ADAMTS3	0	2	0
ADAMTS10	ADAMTS6	0	2	0
ADAMTS12	ADAMTS12	1	0	2
ADAMTS12	ADAMTS13	0	2	0
ADAMTS12	ADAMTS20	0	2	0
ADAMTS12	ADAMTS7	0	1	0
ADAMTS12	ADAMTS9	0	2	0
ADAMTS13	ADAMTS13	1	0	0
ADAMTS13	ADAMTS20	0	2	0
ADAMTS13	ADAMTS7	0	1	0
ADAMTS13	ADAMTS9	0	2	0
ADAMTS14	ADAMTS14	1	0	0
ADAMTS14	ADAMTS16	0	2	0
ADAMTS14	ADAMTS17	0	2	0
ADAMTS14	ADAMTS18	0	2	0
ADAMTS14	ADAMTS19	0	2	0
ADAMTS14	ADAMTS2	0	2	0
ADAMTS14	ADAMTS3	0	2	0
ADAMTS14	ADAMTS6	0	2	0
ADAMTS15	ADAMTS15	3	0	0
ADAMTS15	ADAMTS4	0	2	0
ADAMTS15	ADAMTS5	0	2	0
ADAMTS15	ADAMTS8	0	2	0
ADAMTS16	ADAMTS16	1	0	0
ADAMTS16	ADAMTS17	0	2	0
ADAMTS16	ADAMTS18	0	2	0
ADAMTS16	ADAMTS19	0	2	0
ADAMTS16	ADAMTS2	0	2	0
ADAMTS16	ADAMTS3	0	2	0
ADAMTS16	ADAMTS6	0	2	0
ADAMTS17	ADAMTS17	1	0	0
ADAMTS17	ADAMTS18	0	2	0
ADAMTS17	ADAMTS19	0	2	0
ADAMTS17	ADAMTS2	0	2	0
ADAMTS17	ADAMTS3	0	2	0
ADAMTS17	ADAMTS6	0	2	0
ADAMTS18	ADAMTS18	1	0	0
ADAMTS18	ADAMTS19	0	2	0
ADAMTS18	ADAMTS2	0	2	0
ADAMTS18	ADAMTS3	0	2	0
ADAMTS18	ADAMTS6	0	2	0
ADAMTS19	ADAMTS19	1	0	0
ADAMTS19	ADAMTS2	0	2	0
ADAMTS19	ADAMTS3	0	2	0
ADAMTS19	ADAMTS6	0	2	0
ADAMTS2	ADAMTS2	1	0	0
ADAMTS2	ADAMTS3	0	2	0
ADAMTS2	ADAMTS6	0	2	0
ADAMTS20	ADAMTS20	1	0	0
ADAMTS20	ADAMTS7	0	1	0
ADAMTS20	ADAMTS9	0	2	0
ADAMTS3	ADAMTS3	1	0	0
ADAMTS3	ADAMTS6	0	2	0
ADAMTS4	ADAMTS4	1	0	0
ADAMTS4	ADAMTS5	0	2	0
ADAMTS4	ADAMTS8	0	2	0
ADAMTS5	ADAMTS5	1	0	0
ADAMTS5	ADAMTS8	0	2	0
ADAMTS6	ADAMTS6	1	0	0
ADAMTS7	ADAMTS7	1	0	2
ADAMTS7	ADAMTS9	0	1	0
ADAMTS8	ADAMTS8	1	0	0
ADAMTS9	ADAMTS9	1	0	0
ADAMTSL1	ADAMTSL1	1	0	0
ADAMTSL1	ADAMTSL3	0	2	0
ADAMTSL1	PAPLN	0	2	0
ADAMTSL2	ADAMTSL2	1	0	0
ADAMTSL3	ADAMTSL3	1	0	0
ADAMTSL3	PAPLN	0	2	0
ADAMTSL4	ADAMTSL4	1	0	0
ADAMTSL4	ADAMTSL5	0	2	0
ADAMTSL4	THSD4	0	2	0
ADAMTSL5	ADAMTSL5	1	0	0
ADAMTSL5	THSD4	0	2	0
ADAP2	ADAP2	1	0	0
ADAR	ADAR	1	0	0
ADAR	ADARB2	0	2	0
ADARB1	ADARB1	1	0	0
ADARB2	ADARB2	1	0	0
ADAT1	ADAT1	1	0	0
ADAT2	ADAT2	1	0	0
ADCK1	ADCK1	1	0	0
ADCK1	ADCK5	0	2	0
ADCK2	ADCK2	1	0	0
ADCK5	ADCK5	1	0	0
ADCY1	ADCY1	1	0	0
ADCY1	ADCY2	0	2	0
ADCY1	ADCY3	0	2	0
ADCY1	ADCY4	0	2	0
ADCY1	ADCY7	0	2	0
ADCY10	ADCY10	3	0	3
ADCY2	ADCY2	1	0	0
ADCY2	ADCY3	0	2	0
ADCY2	ADCY4	0	2	0
ADCY2	ADCY7	0	2	0
ADCY3	ADCY3	1	0	0
ADCY3	ADCY4	0	2	0
ADCY3	ADCY7	0	2	0
ADCY4	ADCY4	1	0	0
ADCY4	ADCY7	0	2	0
ADCY5	ADCY5	1	0	0
ADCY5	ADCY6	0	2	0
ADCY5	ADCY8	0	2	0
ADCY6	ADCY6	1	0	0
ADCY6	ADCY8	0	2	0
ADCY7	ADCY7	1	0	0
ADCY8	ADCY8	1	0	0
ADCY9	ADCY9	1	0	0
ADCYAP1	ADCYAP1	1	0	0
ADCYAP1	VIP	0	2	0
ADCYAP1R1	ADCYAP1R1	0	0	1
ADD1	ADD1	1	0	0
ADD1	ADD2	0	2	0
ADD1	ADD3	0	2	0
ADD2	ADD2	1	0	0
ADD2	ADD3	0	2	0
ADD3	ADD3	1	0	0
ADGB	ADGB	1	0	0
ADGRA1	ADGRA1	6	0	0
ADGRA1	ADGRA2	0	2	0
ADGRA1	ADGRA3	0	2	0
ADGRA2	ADGRA2	1	0	0
ADGRA2	ADGRA3	0	2	0
ADGRA3	ADGRA3	1	0	0
ADGRB1	ADGRB1	1	0	0
ADGRB1	ADGRB2	0	2	0
ADGRB1	ADGRB3	0	2	0
ADGRB2	ADGRB2	1	0	0
ADGRB2	ADGRB3	0	2	0
ADGRB3	ADGRB3	1	0	0
ADGRD1	ADGRD1	3	0	0
ADGRD2	ADGRD2	1	0	0
ADGRE1	ADGRE1	1	0	0
ADGRE1	ADGRE2	0	2	0
ADGRE1	ADGRL4	0	2	0
ADGRE2	ADGRE2	1	0	0
ADGRE2	ADGRL4	0	2	0
ADGRE3	ADGRE3	6	0	0
ADGRE5	ADGRE5	1	0	0
ADGRF1	ADGRF1	1	0	0
ADGRF3	ADGRF3	1	0	0
ADGRF4	ADGRF4	1	0	0
ADGRF5	ADGRF5	1	0	0
ADGRG1	ADGRG1	1	0	0
ADGRG2	ADGRG2	1	0	0
ADGRG2	ADGRG6	0	2	0
ADGRG3	ADGRG3	1	0	0
ADGRG3	ADGRG5	0	2	0
ADGRG4	ADGRG4	1	0	0
ADGRG5	ADGRG5	1	0	0
ADGRG6	ADGRG6	1	0	0
ADGRG7	ADGRG7	1	0	0
ADGRL1	ADGRL1	1	0	0
ADGRL1	ADGRL2	0	2	0
ADGRL1	ADGRL3	0	2	0
ADGRL2	ADGRL2	3	0	0
ADGRL2	ADGRL3	0	6	0
ADGRL3	ADGRL3	3	0	0
ADGRL4	ADGRL4	1	0	0
ADGRV1	ADGRV1	1	0	0
ADI1	ADI1	1	0	0
ADIG	ADIG	1	0	0
ADIPOQ	ADIPOQ	0	0	1
ADIPOR1	ADIPOR1	1	0	0
ADIPOR1	ADIPOR2	0	2	0
ADIPOR1	PAQR3	0	2	0
ADIPOR2	ADIPOR2	1	0	0
ADIPOR2	PAQR3	0	2	0
ADIRF	ADIRF	1	0	0
ADK	ADK	1	0	0
ADM	ADM	1	0	0
ADM2	ADM2	1	0	0
ADNP	ADNP	1	0	0
ADNP	ADNP2	0	2	0
ADNP2	ADNP2	1	0	0
ADO	ADO	1	0	0
ADORA1	ADORA1	1	0	0
ADORA1	ADORA2A	0	2	0
ADORA1	ADORA2B	0	2	0
ADORA1	GPBAR1	0	2	0
ADORA1	GPR119	0	2	0
ADORA1	TMIGD3	0	1	0
ADORA2A	ADORA2A	1	0	0
ADORA2A	ADORA2B	0	2	0
ADORA2A	GPBAR1	0	2	0
ADORA2A	GPR119	0	2	0
ADORA2A	TMIGD3	0	1	0
ADORA2B	ADORA2B	1	0	0
ADORA2B	GPBAR1	0	2	0
ADORA2B	GPR119	0	2	0
ADORA2B	TMIGD3	0	1	0
ADORA3	ADORA3	1	0	0
ADPGK	ADPGK	1	0	0
ADPRH	ADPRH	1	0	0
ADPRH	ADPRHL1	0	2	0
ADPRHL1	ADPRHL1	1	0	0
ADPRM	ADPRM	1	0	0
ADPRS	ADPRS	3	0	0
ADRA1A	ADRA1A	0	0	1
ADRA1B	ADRA1B	0	0	1
ADRA1D	ADRA1D	0	0	1
ADRA2A	ADRA2A	0	0	3
ADRA2B	ADRA2B	0	0	1
ADRA2C	ADRA2C	0	0	1
ADRB1	ADRB1	0	0	1
ADRB2	ADRB2	0	0	1
ADRB3	ADRB3	0	0	1
ADRM1	ADRM1	1	0	0
ADSL	ADSL	3	0	0
ADSS1	ADSS1	3	0	0
ADSS1	ADSS2	0	2	0
ADSS2	ADSS2	1	0	0
ADTRP	ADTRP	1	0	0
ADTRP	AIG1	0	2	0
AEBP1	AEBP1	1	0	0
AEBP1	CPXM1	0	2	0
AEBP1	CPXM2	0	2	0
AEBP2	AEBP2	1	0	0
AEN	AEN	3	0	0
AEN	ISG20	0	2	0
AEN	ISG20L2	0	2	0
AFAP1	AFAP1	1	0	0
AFAP1	AFAP1L1	0	2	0
AFAP1	AFAP1L2	0	2	0
AFAP1L1	AFAP1L1	1	0	0
AFAP1L1	AFAP1L2	0	2	0
AFAP1L2	AFAP1L2	1	0	0
AFDN	AFDN	1	0	0
AFF1	AFF1	1	0	0
AFF1	AFF2	0	2	0
AFF1	AFF3	0	2	0
AFF1	AFF4	0	2	0
AFF2	AFF2	1	0	0
AFF2	AFF3	0	2	0
AFF2	AFF4	0	2	0
AFF3	AFF3	3	0	0
AFF3	AFF4	0	2	0
AFF4	AFF4	1	0	0
AFG1L	AFG1L	1	0	0
AFG3L2	AFG3L2	0	0	1
AFM	AFM	1	0	0
AFM	AFP	0	2	0
AFM	ALB	0	2	0
AFM	GC	0	2	0
AFMID	AFMID	1	0	0
AFP	AFP	1	0	0
AFP	ALB	0	2	0
AFP	GC	0	2	0
AFTPH	AFTPH	1	0	0
AGA	AGA	1	0	0
AGA	ASRGL1	0	2	0
AGAP1	AGAP1	3	0	0
AGAP1	AGAP2	0	2	0
AGAP1	AGAP3	0	2	0
AGAP2	AGAP2	1	0	0
AGAP2	AGAP3	0	2	0
AGAP3	AGAP3	3	0	0
AGBL1	AGBL1	3	0	0
AGBL1	AGTPBP1	0	2	0
AGBL2	AGBL2	1	0	0
AGBL3	AGBL3	1	0	0
AGBL4	AGBL4	3	0	0
AGBL5	AGBL5	1	0	0
AGER	AGER	1	0	0
AGFG1	AGFG1	1	0	0
AGFG1	AGFG2	0	2	0
AGFG2	AGFG2	1	0	0
AGGF1	AGGF1	1	0	0
AGK	AGK	1	0	0
AGL	AGL	1	0	0
AGMAT	AGMAT	1	0	0
AGMO	AGMO	1	0	0
AGO1	AGO1	3	0	0
AGO1	AGO2	0	2	0
AGO1	AGO3	0	2	0
AGO1	AGO4	0	2	0
AGO2	AGO2	1	0	0
AGO2	AGO3	0	2	0
AGO2	AGO4	0	2	0
AGO3	AGO3	1	0	0
AGO3	AGO4	0	2	0
AGO4	AGO4	1	0	0
AGPAT1	AGPAT1	1	0	0
AGPAT1	AGPAT2	0	2	0
AGPAT2	AGPAT2	1	0	0
AGPAT3	AGPAT3	1	0	0
AGPAT3	AGPAT4	0	2	0
AGPAT4	AGPAT4	1	0	0
AGPAT5	AGPAT5	1	0	0
AGPS	AGPS	1	0	0
AGR2	AGR2	1	0	0
AGR2	AGR3	0	2	0
AGR3	AGR3	1	0	0
AGRN	AGRN	1	0	0
AGRP	AGRP	1	0	0
AGT	AGT	1	0	0
AGTPBP1	AGTPBP1	1	0	0
AGTR1	AGTR1	0	0	1
AGTR2	AGTR2	0	0	1
AGTRAP	AGTRAP	1	0	0
AGXT	AGXT	1	0	0
AGXT2	AGXT2	0	0	3
AHCTF1	AHCTF1	1	0	0
AHCY	AHCY	1	0	0
AHCY	AHCYL1	0	2	0
AHCY	AHCYL2	0	2	0
AHCYL1	AHCYL1	1	0	0
AHCYL1	AHCYL2	0	2	0
AHCYL2	AHCYL2	1	0	0
AHDC1	AHDC1	1	0	0
AHI1	AHI1	3	0	0
AHNAK	AHNAK	1	0	0
AHNAK	AHNAK2	0	2	0
AHNAK2	AHNAK2	1	0	0
AHR	AHR	3	0	0
AHR	PDCD6	0	1	0
AHSA1	AHSA1	1	0	0
AHSG	AHSG	1	0	0
AHSP	AHSP	1	0	0
AICDA	AICDA	1	0	0
AICDA	APOBEC3H	0	2	0
AIDA	AIDA	1	0	0
AIF1	AIF1	1	0	0
AIF1	AIF1L	0	2	0
AIF1L	AIF1L	1	0	0
AIFM1	AIFM1	1	0	0
AIFM2	AIFM2	1	0	0
AIFM3	AIFM3	1	0	0
AIG1	AIG1	1	0	0
AIMP1	AIMP1	1	0	0
AIMP1	YARS1	0	2	0
AIMP2	AIMP2	1	0	0
AIP	AIP	1	0	0
AIP	AIPL1	0	2	0
AIPL1	AIPL1	1	0	0
AIRE	AIRE	3	0	0
AJAP1	AJAP1	1	0	0
AJM1	AJM1	1	0	0
AJUBA	AJUBA	1	0	0
AJUBA	FBLIM1	0	2	0
AJUBA	LIMD1	0	2	0
AJUBA	TRIP6	0	2	0
AJUBA	WTIP	0	2	0
AJUBA	ZYX	0	2	0
AK1	AK1	0	0	1
AK2	AK2	0	0	1
AK3	AK3	0	0	1
AK4	AK4	0	0	1
AK5	AK5	1	0	0
AK6	AK6	1	0	0
AK7	AK7	1	0	0
AK8	AK8	1	0	0
AK9	AK9	1	0	0
AKAIN1	AKAIN1	3	0	0
AKAP1	AKAP1	1	0	0
AKAP10	AKAP10	1	0	0
AKAP11	AKAP11	1	0	0
AKAP12	AKAP12	1	0	0
AKAP13	AKAP13	1	0	0
AKAP14	AKAP14	1	0	0
AKAP17A	AKAP17A	1	0	0
AKAP3	AKAP3	1	0	0
AKAP3	AKAP4	0	2	0
AKAP4	AKAP4	1	0	0
AKAP5	AKAP5	1	0	0
AKAP6	AKAP6	1	0	0
AKAP8	AKAP8	1	0	0
AKAP8	AKAP8L	0	2	0
AKAP8L	AKAP8L	1	0	0
AKAP9	AKAP9	1	0	0
AKIP1	AKIP1	1	0	0
AKIRIN2	AKIRIN2	1	0	0
AKNA	AKNA	1	0	0
AKNAD1	AKNAD1	1	0	0
AKR1A1	AKR1A1	0	0	1
AKR1B1	AKR1B1	0	0	1
AKR1B10	AKR1B10	0	0	1
AKR1B15	AKR1B15	0	0	1
AKR1C2	AKR1C2	0	0	1
AKR1C3	AKR1C3	0	0	1
AKR1C4	AKR1C4	0	0	1
AKR1D1	AKR1D1	0	0	1
AKR1E2	AKR1E2	0	0	3
AKR7A2	AKR7A2	1	0	0
AKR7A2	AKR7A3	0	2	0
AKR7A3	AKR7A3	1	0	0
AKT1	AKT1	0	0	1
AKT1S1	AKT1S1	1	0	0
AKT2	AKT2	0	0	1
AKT3	AKT3	0	0	1
AKTIP	AKTIP	1	0	0
ALAD	ALAD	1	0	0
ALAS1	ALAS1	1	0	0
ALAS1	ALAS2	0	2	0
ALAS2	ALAS2	1	0	0
ALB	ALB	3	0	0
ALB	GC	0	2	0
ALCAM	ALCAM	1	0	0
ALCAM	BCAM	0	2	0
ALCAM	MCAM	0	2	0
ALDH16A1	ALDH16A1	1	0	0
ALDH18A1	ALDH18A1	1	0	0
ALDH1A1	ALDH1A1	0	0	1
ALDH1A2	ALDH1A2	0	0	1
ALDH1A3	ALDH1A3	0	0	1
ALDH1B1	ALDH1B1	0	0	3
ALDH1L1	ALDH1L1	1	0	0
ALDH1L1	ALDH1L2	0	2	0
ALDH1L2	ALDH1L2	1	0	0
ALDH2	ALDH2	0	0	3
ALDH2	CAMK4	0	2	0
ALDH3A1	ALDH3A1	1	0	0
ALDH3A1	ALDH3A2	0	2	0
ALDH3A1	ALDH3B2	0	2	0
ALDH3A2	ALDH3A2	3	0	0
ALDH3A2	ALDH3B1	0	2	0
ALDH3A2	ALDH3B2	0	2	0
ALDH3B1	ALDH3B1	3	0	0
ALDH3B2	ALDH3B2	1	0	0
ALDH4A1	ALDH4A1	1	0	0
ALDH5A1	ALDH5A1	0	0	1
ALDH6A1	ALDH6A1	0	0	1
ALDH7A1	ALDH7A1	0	0	1
ALDH8A1	ALDH8A1	0	0	1
ALDH9A1	ALDH9A1	0	0	1
ALDOA	ALDOA	1	0	0
ALDOA	ALDOB	0	2	0
ALDOA	ALDOC	0	2	0
ALDOB	ALDOB	1	0	0
ALDOB	ALDOC	0	2	0
ALDOC	ALDOC	1	0	0
ALG1	ALG1	1	0	0
ALG1	ALG1L	0	2	0
ALG11	ALG11	1	0	0
ALG12	ALG12	1	0	0
ALG13	ALG13	1	0	0
ALG14	ALG14	1	0	0
ALG1L	ALG1L	1	0	0
ALG2	ALG2	1	0	0
ALG3	ALG3	1	0	0
ALG5	ALG5	1	0	0
ALG6	ALG6	1	0	0
ALG8	ALG8	1	0	0
ALK	ALK	1	0	0
ALKAL1	ALKAL1	1	0	0
ALKAL1	ALKAL2	0	2	0
ALKAL2	ALKAL2	1	0	0
ALKBH1	ALKBH1	3	0	0
ALKBH2	ALKBH2	1	0	0
ALKBH2	ALKBH3	0	2	0
ALKBH3	ALKBH3	1	0	0
ALKBH4	ALKBH4	1	0	0
ALKBH5	ALKBH5	3	0	0
ALKBH6	ALKBH6	1	0	0
ALKBH7	ALKBH7	1	0	0
ALKBH8	ALKBH8	1	0	0
ALLC	ALLC	1	0	0
ALMS1	ALMS1	1	0	0
ALOX12	ALOX12	1	0	0
ALOX12	ALOX12B	0	2	0
ALOX12	ALOX15	0	2	0
ALOX12	ALOX15B	0	2	0
ALOX12	ALOX5	0	2	0
ALOX12	ALOXE3	0	2	0
ALOX12B	ALOX12B	1	0	0
ALOX12B	ALOX15	0	2	0
ALOX12B	ALOX15B	0	2	0
ALOX12B	ALOX5	0	2	0
ALOX12B	ALOXE3	0	2	0
ALOX15	ALOX15	1	0	0
ALOX15	ALOX15B	0	2	0
ALOX15	ALOX5	0	2	0
ALOX15	ALOXE3	0	2	0
ALOX15B	ALOX15B	3	0	0
ALOX15B	ALOX5	0	2	0
ALOX15B	ALOXE3	0	2	0
ALOX5	ALOX5	1	0	0
ALOX5	ALOXE3	0	2	0
ALOX5AP	ALOX5AP	3	0	0
ALOX5AP	LTC4S	0	4	0
ALOX5AP	MGST2	0	2	0
ALOXE3	ALOXE3	1	0	0
ALPG	ALPG	1	0	0
ALPG	ALPI	0	2	0
ALPG	ALPP	0	2	0
ALPI	ALPI	1	0	0
ALPI	ALPP	0	2	0
ALPK1	ALPK1	1	0	0
ALPK2	ALPK2	1	0	0
ALPK3	ALPK3	1	0	0
ALPP	ALPP	1	0	0
ALS2	ALS2	1	0	0
ALS2CL	ALS2CL	3	0	0
ALX1	ALX1	1	0	0
ALX1	ALX3	0	2	0
ALX1	ALX4	0	2	0
ALX3	ALX3	1	0	0
ALX3	ALX4	0	2	0
ALX4	ALX4	1	0	0
ALYREF	ALYREF	1	0	0
AMBN	AMBN	1	0	0
AMBP	AMBP	3	0	0
AMBRA1	AMBRA1	1	0	0
AMD1	AMD1	1	0	0
AMDHD1	AMDHD1	3	0	0
AMDHD2	AMDHD2	1	0	0
AMELX	AMELX	1	0	0
AMELX	AMELY	0	2	0
AMELY	AMELY	1	0	0
AMER1	AMER1	1	0	0
AMER2	AMER2	1	0	0
AMER3	AMER3	1	0	0
AMFR	AMFR	1	0	0
AMH	AMH	1	0	0
AMHR2	AMHR2	0	0	1
AMIGO1	AMIGO1	1	0	0
AMIGO1	AMIGO2	0	2	0
AMIGO1	AMIGO3	0	2	0
AMIGO2	AMIGO2	1	0	0
AMIGO2	AMIGO3	0	2	0
AMIGO3	AMIGO3	1	0	0
AMMECR1L	AMMECR1L	1	0	0
AMN	AMN	1	0	0
AMN1	AMN1	1	0	0
AMOT	AMOT	1	0	0
AMOT	AMOTL1	0	2	0
AMOT	AMOTL2	0	2	0
AMOTL1	AMOTL1	1	0	0
AMOTL1	AMOTL2	0	2	0
AMOTL2	AMOTL2	1	0	0
AMPD1	AMPD1	1	0	0
AMPD1	AMPD2	0	2	0
AMPD1	AMPD3	0	2	0
AMPD2	AMPD2	1	0	0
AMPD2	AMPD3	0	2	0
AMPD3	AMPD3	1	0	0
AMPH	AMPH	1	0	0
AMPH	BIN1	0	2	0
AMPH	BIN2	0	2	0
AMT	AMT	3	0	0
AMTN	AMTN	1	0	0
AMZ1	AMZ1	1	0	0
AMZ2	AMZ2	1	0	0
ANAPC1	ANAPC1	1	0	0
ANAPC10	ANAPC10	1	0	0
ANAPC11	ANAPC11	6	0	0
ANAPC13	ANAPC13	1	0	0
ANAPC16	ANAPC16	1	0	0
ANAPC2	ANAPC2	3	0	0
ANAPC4	ANAPC4	1	0	0
ANAPC5	ANAPC5	1	0	0
ANAPC7	ANAPC7	6	0	0
ANG	ANG	1	0	0
ANG	RNASE1	0	2	0
ANG	RNASE4	0	2	0
ANGEL1	ANGEL1	1	0	0
ANGEL2	ANGEL2	1	0	0
ANGPT1	ANGPT1	3	0	0
ANGPT1	ANGPT2	0	2	0
ANGPT1	ANGPT4	0	2	0
ANGPT2	ANGPT2	1	0	0
ANGPT2	ANGPT4	0	2	0
ANGPT4	ANGPT4	1	0	0
ANGPTL1	ANGPTL1	1	0	0
ANGPTL1	ANGPTL2	0	2	0
ANGPTL1	ANGPTL6	0	2	0
ANGPTL2	ANGPTL2	1	0	0
ANGPTL2	ANGPTL6	0	2	0
ANGPTL3	ANGPTL3	1	0	0
ANGPTL3	ANGPTL4	0	2	0
ANGPTL4	ANGPTL4	1	0	0
ANGPTL5	ANGPTL5	1	0	0
ANGPTL5	FGG	0	2	0
ANGPTL6	ANGPTL6	1	0	0
ANGPTL7	ANGPTL7	0	0	1
ANGPTL8	ANGPTL8	1	0	0
ANHX	ANHX	1	0	0
ANK1	ANK1	1	0	0
ANK2	ANK2	1	0	0
ANK2	ANK3	0	2	0
ANK3	ANK3	1	0	0
ANKAR	ANKAR	1	0	0
ANKDD1A	ANKDD1A	1	0	0
ANKDD1A	ANKDD1B	0	2	0
ANKDD1B	ANKDD1B	1	0	0
ANKEF1	ANKEF1	1	0	0
ANKFN1	ANKFN1	1	0	0
ANKFY1	ANKFY1	1	0	0
ANKH	ANKH	1	0	2
ANKIB1	ANKIB1	1	0	0
ANKK1	ANKK1	1	0	0
ANKK1	RIPK4	0	2	0
ANKLE1	ANKLE1	1	0	0
ANKLE2	ANKLE2	1	0	0
ANKMY1	ANKMY1	1	0	0
ANKRA2	ANKRA2	1	0	0
ANKRA2	RFXANK	0	2	0
ANKRD1	ANKRD1	1	0	0
ANKRD10	ANKRD10	1	0	0
ANKRD10	ANKRD37	0	2	0
ANKRD11	ANKRD11	1	0	0
ANKRD11	ANKRD12	0	2	0
ANKRD12	ANKRD12	1	0	0
ANKRD13A	ANKRD13A	1	0	0
ANKRD13A	ANKRD13B	0	2	0
ANKRD13A	ANKRD13D	0	2	0
ANKRD13B	ANKRD13B	1	0	0
ANKRD13B	ANKRD13D	0	2	0
ANKRD13C	ANKRD13C	3	0	0
ANKRD13D	ANKRD13D	1	0	0
ANKRD16	ANKRD16	1	0	0
ANKRD17	ANKRD17	3	0	0
ANKRD18A	ANKRD18A	1	0	0
ANKRD18A	ANKRD18B	0	2	0
ANKRD18B	ANKRD18B	1	0	0
ANKRD2	ANKRD2	1	0	0
ANKRD22	ANKRD22	1	0	0
ANKRD23	ANKRD23	1	0	0
ANKRD24	ANKRD24	1	0	0
ANKRD24	ANKRD35	0	2	0
ANKRD24	RAI14	0	2	0
ANKRD24	UACA	0	2	0
ANKRD26	ANKRD26	1	0	0
ANKRD27	ANKRD27	1	0	0
ANKRD28	ANKRD28	1	0	0
ANKRD28	ANKRD44	0	2	0
ANKRD28	ANKRD52	0	2	0
ANKRD29	ANKRD29	1	0	0
ANKRD30A	ANKRD30A	1	0	0
ANKRD31	ANKRD31	3	0	0
ANKRD33	ANKRD33	1	0	0
ANKRD33	ANKRD33B	0	2	0
ANKRD33B	ANKRD33B	1	0	0
ANKRD34A	ANKRD34A	1	0	0
ANKRD34A	ANKRD34B	0	2	0
ANKRD34A	ANKRD34C	0	2	0
ANKRD34B	ANKRD34B	1	0	0
ANKRD34B	ANKRD34C	0	2	0
ANKRD34C	ANKRD34C	1	0	0
ANKRD35	ANKRD35	1	0	0
ANKRD35	RAI14	0	2	0
ANKRD35	UACA	0	2	0
ANKRD36C	ANKRD36C	1	0	0
ANKRD37	ANKRD37	1	0	0
ANKRD39	ANKRD39	1	0	0
ANKRD40	ANKRD40	1	0	0
ANKRD42	ANKRD42	6	0	0
ANKRD44	ANKRD44	6	0	0
ANKRD44	ANKRD52	0	2	0
ANKRD45	ANKRD45	1	0	0
ANKRD46	ANKRD46	1	0	0
ANKRD49	ANKRD49	1	0	0
ANKRD50	ANKRD50	1	0	0
ANKRD52	ANKRD52	1	0	0
ANKRD53	ANKRD53	1	0	0
ANKRD54	ANKRD54	1	0	0
ANKRD55	ANKRD55	1	0	0
ANKRD6	ANKRD6	6	0	0
ANKRD60	ANKRD60	1	0	0
ANKRD61	ANKRD61	1	0	0
ANKRD61	ASB10	0	2	0
ANKRD61	ASB16	0	2	0
ANKRD61	ASB18	0	2	0
ANKRD61	ASB4	0	2	0
ANKRD62	ANKRD62	1	0	0
ANKRD63	ANKRD63	1	0	0
ANKRD65	ANKRD65	1	0	2
ANKRD66	ANKRD66	1	0	0
ANKRD7	ANKRD7	1	0	0
ANKRD9	ANKRD9	1	0	0
ANKS1A	ANKS1A	1	0	0
ANKS1A	ANKS1B	0	2	0
ANKS1A	CASKIN1	0	2	0
ANKS1A	CASKIN2	0	2	0
ANKS1B	ANKS1B	1	0	0
ANKS1B	CASKIN1	0	2	0
ANKS1B	CASKIN2	0	2	0
ANKS3	ANKS3	1	0	0
ANKS4B	ANKS4B	1	0	0
ANKS4B	LDAF1	0	2	0
ANKS4B	USH1G	0	2	0
ANKS6	ANKS6	1	0	0
ANKUB1	ANKUB1	1	0	0
ANKZF1	ANKZF1	1	0	0
ANLN	ANLN	1	0	0
ANO10	ANO10	1	0	0
ANO2	ANO2	1	0	0
ANO2	ANO3	0	2	0
ANO2	ANO4	0	2	0
ANO2	ANO5	0	2	0
ANO2	ANO6	0	2	0
ANO2	ANO7	0	2	0
ANO3	ANO3	1	0	0
ANO3	ANO4	0	2	0
ANO3	ANO5	0	2	0
ANO3	ANO6	0	2	0
ANO3	ANO7	0	2	0
ANO4	ANO4	1	0	0
ANO4	ANO5	0	2	0
ANO4	ANO6	0	2	0
ANO4	ANO7	0	2	0
ANO5	ANO5	1	0	0
ANO5	ANO6	0	2	0
ANO5	ANO7	0	2	0
ANO6	ANO6	1	0	0
ANO6	ANO7	0	2	0
ANO7	ANO7	3	0	0
ANO8	ANO8	1	0	0
ANO9	ANO9	1	0	0
ANOS1	ANOS1	1	0	0
ANP32A	ANP32A	0	0	1
ANP32B	ANP32B	0	0	1
ANP32E	ANP32E	0	0	1
ANPEP	ANPEP	0	0	1
ANTKMT	ANTKMT	1	0	0
ANTKMT	ATPSCKMT	0	2	0
ANTXR1	ANTXR1	1	0	0
ANTXR1	ANTXR2	0	2	0
ANTXR2	ANTXR2	1	0	0
ANXA1	ANXA1	0	0	1
ANXA10	ANXA10	0	0	1
ANXA11	ANXA11	0	0	1
ANXA13	ANXA13	0	0	1
ANXA2	ANXA2	0	0	1
ANXA2R	ANXA2R	1	0	0
ANXA3	ANXA3	0	0	1
ANXA4	ANXA4	0	0	1
ANXA5	ANXA5	0	0	1
ANXA7	ANXA7	0	0	1
ANXA9	ANXA9	0	0	1
AOAH	AOAH	1	0	0
AOC1	AOC1	1	0	0
AOC1	AOC2	0	2	0
AOC1	AOC3	0	2	0
AOC2	AOC2	1	0	0
AOC2	AOC3	0	2	0
AOC3	AOC3	1	0	0
AOPEP	AOPEP	1	0	0
AOX1	AOX1	1	0	0
AOX1	XDH	0	2	0
AP1AR	AP1AR	1	0	0
AP1B1	AP1B1	1	0	0
AP1B1	AP2B1	0	2	0
AP1G1	AP1G1	1	0	0
AP1G1	AP1G2	0	2	0
AP1G2	AP1G2	1	0	0
AP1M1	AP1M1	1	0	0
AP1M1	AP1M2	0	2	0
AP1M1	AP2M1	0	2	0
AP1M1	AP3M1	0	2	0
AP1M1	AP3M2	0	2	0
AP1M1	AP4M1	0	2	0
AP1M2	AP1M2	1	0	0
AP1M2	AP2M1	0	2	0
AP1M2	AP3M1	0	2	0
AP1M2	AP3M2	0	2	0
AP1M2	AP4M1	0	2	0
AP1S1	AP1S1	0	0	1
AP1S2	AP1S2	0	0	1
AP1S3	AP1S3	0	0	1
AP2A1	AP2A1	1	0	0
AP2A1	AP2A2	0	2	0
AP2A2	AP2A2	1	0	0
AP2B1	AP2B1	1	0	0
AP2M1	AP2M1	1	0	0
AP2M1	AP3M1	0	2	0
AP2M1	AP3M2	0	2	0
AP2M1	AP4M1	0	2	0
AP2S1	AP2S1	0	0	1
AP3B1	AP3B1	1	0	0
AP3B1	AP3B2	0	2	0
AP3B2	AP3B2	1	0	0
AP3D1	AP3D1	1	0	0
AP3M1	AP3M1	1	0	0
AP3M1	AP3M2	0	2	0
AP3M1	AP4M1	0	2	0
AP3M2	AP3M2	3	0	0
AP3M2	AP4M1	0	2	0
AP3S1	AP3S1	0	0	1
AP3S2	AP3S2	0	0	3
AP4B1	AP4B1	1	0	0
AP4E1	AP4E1	1	0	0
AP4M1	AP4M1	1	0	0
AP4S1	AP4S1	0	0	1
AP5M1	AP5M1	1	0	0
AP5S1	AP5S1	1	0	0
AP5Z1	AP5Z1	1	0	0
APAF1	APAF1	3	0	0
APBA1	APBA1	1	0	0
APBA1	APBA2	0	2	0
APBA1	APBA3	0	2	0
APBA2	APBA2	1	0	0
APBA2	APBA3	0	2	0
APBA3	APBA3	1	0	0
APBB1	APBB1	1	0	0
APBB1	APBB2	0	2	0
APBB1IP	APBB1IP	1	0	0
APBB1IP	RAPH1	0	2	0
APBB2	APBB2	1	0	0
APBB3	APBB3	1	0	0
APC	APC	3	0	0
APC2	APC2	3	0	0
APCDD1	APCDD1	1	0	0
APCDD1	APCDD1L	0	2	0
APCDD1L	APCDD1L	1	0	0
APCS	APCS	1	0	0
APCS	CRP	0	2	0
APEH	APEH	1	0	0
APELA	APELA	1	0	0
APEX1	APEX1	3	0	0
APEX2	APEX2	1	0	0
APH1A	APH1A	1	0	0
APH1A	APH1B	0	2	0
APH1B	APH1B	1	0	0
API5	API5	1	0	0
APIP	APIP	1	0	0
APLF	APLF	6	0	0
APLNR	APLNR	1	0	0
APLNR	GALR2	0	2	0
APLNR	GALR3	0	2	0
APLP1	APLP1	1	0	0
APLP1	APLP2	0	2	0
APLP1	APP	0	2	0
APLP2	APLP2	1	0	0
APLP2	APP	0	2	0
APMAP	APMAP	1	0	0
APOA1	APOA1	1	0	0
APOA1	APOA4	0	2	0
APOA1	APOA5	0	2	0
APOA1	APOE	0	2	0
APOA2	APOA2	1	0	0
APOA4	APOA4	3	0	0
APOA4	APOA5	0	2	0
APOA4	APOE	0	2	0
APOA5	APOA5	1	0	0
APOA5	APOE	0	2	0
APOB	APOB	1	0	0
APOBEC1	APOBEC1	1	0	0
APOBEC1	APOBEC3B	0	2	0
APOBEC1	APOBEC3C	0	2	0
APOBEC1	APOBEC3D	0	2	0
APOBEC1	APOBEC3G	0	2	0
APOBEC2	APOBEC2	1	0	0
APOBEC3B	APOBEC3B	1	0	0
APOBEC3B	APOBEC3C	0	2	0
APOBEC3B	APOBEC3D	0	2	0
APOBEC3B	APOBEC3G	0	2	0
APOBEC3C	APOBEC3C	1	0	0
APOBEC3C	APOBEC3D	0	2	0
APOBEC3C	APOBEC3G	0	2	0
APOBEC3D	APOBEC3D	1	0	0
APOBEC3D	APOBEC3G	0	2	0
APOBEC3G	APOBEC3G	1	0	0
APOBEC3H	APOBEC3H	1	0	0
APOBEC4	APOBEC4	1	0	0
APOC1	APOC1	1	0	0
APOC2	APOC2	3	0	0
APOC2	APOC4	0	6	0
APOC3	APOC3	3	0	0
APOC4	APOC4	6	0	0
APOD	APOD	1	0	0
APOE	APOE	3	0	0
APOF	APOF	3	0	0
APOH	APOH	1	0	0
APOH	CFH	0	2	0
APOH	CFHR4	0	2	0
APOH	CFHR5	0	2	0
APOH	F13B	0	2	0
APOL2	APOL2	1	0	0
APOL2	APOL3	0	2	0
APOL2	APOL5	0	2	0
APOL2	APOL6	0	2	0
APOL3	APOL3	1	0	0
APOL3	APOL5	0	2	0
APOL3	APOL6	0	2	0
APOL5	APOL5	1	0	0
APOL5	APOL6	0	2	0
APOL6	APOL6	1	0	0
APOLD1	APOLD1	1	0	0
APOM	APOM	1	0	0
APOO	APOO	1	0	0
APOOL	APOOL	1	0	0
APP	APP	1	0	0
APPBP2	APPBP2	1	0	0
APPL1	APPL1	1	0	0
APPL1	APPL2	0	2	0
APPL2	APPL2	1	0	0
APRT	APRT	1	0	0
APTX	APTX	1	0	0
AQP1	AQP1	0	0	1
AQP10	AQP10	1	0	0
AQP10	AQP3	0	2	0
AQP10	AQP7	0	2	0
AQP10	AQP9	0	2	0
AQP11	AQP11	1	0	0
AQP2	AQP2	0	0	1
AQP3	AQP3	3	0	0
AQP3	AQP7	0	2	0
AQP3	AQP9	0	2	0
AQP4	AQP4	0	0	1
AQP5	AQP5	0	0	3
AQP6	AQP6	0	0	1
AQP7	AQP7	1	0	0
AQP7	AQP9	0	2	0
AQP8	AQP8	0	0	1
AQP9	AQP9	1	0	0
AQR	AQR	1	0	0
ARAP1	ARAP1	1	0	0
ARAP1	ARAP2	0	2	0
ARAP1	ARAP3	0	2	0
ARAP2	ARAP2	1	0	0
ARAP2	ARAP3	0	2	0
ARAP3	ARAP3	1	0	0
ARC	ARC	1	0	0
ARCN1	ARCN1	1	0	0
AREG	AREG	1	0	0
AREG	HBEGF	0	2	0
AREL1	AREL1	0	0	1
ARF1	ARF1	0	0	1
ARF3	ARF3	0	0	1
ARF4	ARF4	0	0	1
ARF5	ARF5	0	0	3
ARF6	ARF6	0	0	1
ARFGAP1	ARFGAP1	3	0	0
ARFGAP2	ARFGAP2	1	0	0
ARFGAP2	ARFGAP3	0	2	0
ARFGAP3	ARFGAP3	1	0	0
ARFGEF1	ARFGEF1	1	0	0
ARFGEF1	ARFGEF2	0	2	0
ARFGEF2	ARFGEF2	1	0	0
ARFGEF3	ARFGEF3	1	0	0
ARFIP1	ARFIP1	1	0	0
ARFIP1	ARFIP2	0	2	0
ARFIP2	ARFIP2	1	0	0
ARFRP1	ARFRP1	0	0	1
ARG1	ARG1	1	0	0
ARG1	ARG2	0	2	0
ARG2	ARG2	1	0	0
ARGFX	ARGFX	1	0	0
ARGFX	CRX	0	2	0
ARGFX	OTX1	0	2	0
ARGFX	OTX2	0	2	0
ARGLU1	ARGLU1	1	0	0
ARHGAP1	ARHGAP1	1	0	0
ARHGAP10	ARHGAP10	1	0	0
ARHGAP10	ARHGAP26	0	2	0
ARHGAP10	ARHGAP42	0	2	0
ARHGAP10	OPHN1	0	2	0
ARHGAP11A	ARHGAP11A	1	0	0
ARHGAP12	ARHGAP12	1	0	0
ARHGAP12	ARHGAP15	0	2	0
ARHGAP12	ARHGAP9	0	2	0
ARHGAP12	CHN1	0	2	0
ARHGAP12	CHN2	0	2	0
ARHGAP15	ARHGAP15	1	0	0
ARHGAP15	ARHGAP9	0	2	0
ARHGAP15	CHN1	0	2	0
ARHGAP15	CHN2	0	2	0
ARHGAP17	ARHGAP17	1	0	0
ARHGAP17	ARHGAP44	0	2	0
ARHGAP17	SH3BP1	0	2	0
ARHGAP18	ARHGAP18	1	0	0
ARHGAP18	ARHGAP28	0	2	0
ARHGAP18	ARHGAP40	0	2	0
ARHGAP20	ARHGAP20	1	0	0
ARHGAP21	ARHGAP21	1	0	0
ARHGAP21	ARHGAP23	0	2	0
ARHGAP22	ARHGAP22	3	0	0
ARHGAP22	ARHGAP25	0	2	0
ARHGAP23	ARHGAP23	3	0	0
ARHGAP24	ARHGAP24	1	0	0
ARHGAP25	ARHGAP25	1	0	0
ARHGAP26	ARHGAP26	1	0	0
ARHGAP26	ARHGAP42	0	2	0
ARHGAP26	OPHN1	0	2	0
ARHGAP27	ARHGAP27	1	0	0
ARHGAP28	ARHGAP28	1	0	0
ARHGAP28	ARHGAP40	0	2	0
ARHGAP29	ARHGAP29	1	0	0
ARHGAP29	GMIP	0	2	0
ARHGAP30	ARHGAP30	1	0	0
ARHGAP31	ARHGAP31	1	0	0
ARHGAP32	ARHGAP32	1	0	0
ARHGAP33	ARHGAP33	1	0	0
ARHGAP35	ARHGAP35	1	0	0
ARHGAP35	ARHGAP5	0	2	0
ARHGAP36	ARHGAP36	1	0	0
ARHGAP39	ARHGAP39	1	0	0
ARHGAP4	ARHGAP4	1	0	0
ARHGAP4	SRGAP1	0	2	0
ARHGAP4	SRGAP2	0	2	0
ARHGAP4	SRGAP3	0	2	0
ARHGAP40	ARHGAP40	1	0	0
ARHGAP42	ARHGAP42	1	0	0
ARHGAP42	OPHN1	0	2	0
ARHGAP44	ARHGAP44	1	0	0
ARHGAP44	SH3BP1	0	2	0
ARHGAP5	ARHGAP5	1	0	0
ARHGAP6	ARHGAP6	1	0	0
ARHGAP9	ARHGAP9	1	0	0
ARHGAP9	CHN1	0	2	0
ARHGAP9	CHN2	0	2	0
ARHGDIA	ARHGDIA	1	0	0
ARHGDIA	ARHGDIB	0	2	0
ARHGDIA	ARHGDIG	0	2	0
ARHGDIB	ARHGDIB	1	0	0
ARHGDIB	ARHGDIG	0	2	0
ARHGDIG	ARHGDIG	1	0	0
ARHGEF1	ARHGEF1	3	0	0
ARHGEF1	ARHGEF11	0	6	0
ARHGEF1	ARHGEF12	0	2	0
ARHGEF10	ARHGEF10	1	0	0
ARHGEF10	ARHGEF10L	0	2	0
ARHGEF10L	ARHGEF10L	1	0	0
ARHGEF11	ARHGEF11	3	0	0
ARHGEF11	ARHGEF12	0	2	0
ARHGEF12	ARHGEF12	1	0	0
ARHGEF15	ARHGEF15	1	0	0
ARHGEF15	ARHGEF16	0	2	0
ARHGEF15	ARHGEF26	0	2	0
ARHGEF16	ARHGEF16	1	0	0
ARHGEF16	ARHGEF26	0	2	0
ARHGEF19	ARHGEF19	1	0	0
ARHGEF19	ARHGEF5	0	2	0
ARHGEF2	ARHGEF2	1	0	0
ARHGEF25	ARHGEF25	1	0	0
ARHGEF26	ARHGEF26	1	0	0
ARHGEF28	ARHGEF28	1	0	0
ARHGEF3	ARHGEF3	1	0	0
ARHGEF3	NET1	0	2	0
ARHGEF33	ARHGEF33	3	0	0
ARHGEF37	ARHGEF37	1	0	0
ARHGEF37	ARHGEF38	0	2	0
ARHGEF37	DNMBP	0	2	0
ARHGEF38	ARHGEF38	1	0	0
ARHGEF38	DNMBP	0	2	0
ARHGEF39	ARHGEF39	1	0	0
ARHGEF4	ARHGEF4	3	0	3
ARHGEF4	ARHGEF9	0	1	0
ARHGEF40	ARHGEF40	1	0	0
ARHGEF40	KIAA1755	0	2	0
ARHGEF40	PLEKHG4B	0	1	0
ARHGEF5	ARHGEF5	1	0	0
ARHGEF6	ARHGEF6	1	0	0
ARHGEF6	ARHGEF7	0	2	0
ARHGEF7	ARHGEF7	1	0	0
ARHGEF9	ARHGEF9	0	0	1
ARID1A	ARID1A	1	0	0
ARID1A	ARID1B	0	2	0
ARID1B	ARID1B	3	0	0
ARID2	ARID2	1	0	0
ARID3A	ARID3A	1	0	0
ARID3A	ARID3B	0	2	0
ARID3A	ARID3C	0	2	0
ARID3B	ARID3B	1	0	0
ARID3B	ARID3C	0	2	0
ARID3C	ARID3C	1	0	0
ARID4A	ARID4A	1	0	0
ARID4A	ARID4B	0	2	0
ARID4B	ARID4B	1	0	0
ARID5A	ARID5A	1	0	0
ARID5B	ARID5B	1	0	0
ARIH1	ARIH1	1	0	0
ARIH1	ARIH2	0	2	0
ARIH2	ARIH2	1	0	0
ARL1	ARL1	0	0	1
ARL10	ARL10	1	0	0
ARL10	ARL9	0	2	0
ARL11	ARL11	1	0	0
ARL13A	ARL13A	1	0	0
ARL13A	ARL13B	0	2	0
ARL13B	ARL13B	1	0	0
ARL14	ARL14	0	0	1
ARL14EP	ARL14EP	1	0	0
ARL14EP	ARL14EPL	0	2	0
ARL14EPL	ARL14EPL	1	0	0
ARL15	ARL15	1	0	0
ARL16	ARL16	1	0	0
ARL2	ARL2	0	0	1
ARL2BP	ARL2BP	1	0	0
ARL3	ARL3	0	0	1
ARL4A	ARL4A	0	0	1
ARL4C	ARL4C	0	0	1
ARL4D	ARL4D	0	0	1
ARL5A	ARL5A	0	0	1
ARL5B	ARL5B	0	0	1
ARL5C	ARL5C	0	0	1
ARL6	ARL6	0	0	1
ARL6IP1	ARL6IP1	1	0	0
ARL6IP4	ARL6IP4	3	0	0
ARL6IP5	ARL6IP5	1	0	0
ARL6IP6	ARL6IP6	1	0	0
ARL8A	ARL8A	1	0	0
ARL8A	ARL8B	0	2	0
ARL8B	ARL8B	1	0	0
ARL9	ARL9	3	0	0
ARMC1	ARMC1	1	0	0
ARMC10	ARMC10	1	0	0
ARMC10	ARMCX1	0	2	0
ARMC10	ARMCX2	0	2	0
ARMC10	ARMCX6	0	2	0
ARMC12	ARMC12	1	0	0
ARMC2	ARMC2	3	0	0
ARMC3	ARMC3	1	0	0
ARMC5	ARMC5	1	0	0
ARMC6	ARMC6	1	0	0
ARMC7	ARMC7	3	0	0
ARMC8	ARMC8	1	0	0
ARMC9	ARMC9	1	0	0
ARMCX1	ARMCX1	6	0	0
ARMCX1	ARMCX2	0	12	0
ARMCX1	ARMCX3	0	6	0
ARMCX1	ARMCX6	0	6	0
ARMCX2	ARMCX2	6	0	0
ARMCX2	ARMCX3	0	6	0
ARMCX2	ARMCX6	0	6	0
ARMCX3	ARMCX3	3	0	0
ARMCX3	ARMCX6	0	2	0
ARMCX5	ARMCX5	1	0	0
ARMCX6	ARMCX6	3	0	0
ARMH1	ARMH1	1	0	0
ARMH3	ARMH3	1	0	0
ARMH4	ARMH4	6	0	0
ARMT1	ARMT1	3	0	0
ARNT	ARNT	3	0	0
ARNT	ARNT2	0	6	0
ARNT2	ARNT2	3	0	0
ARNTL	ARNTL	6	0	0
ARNTL	ARNTL2	0	12	0
ARNTL2	ARNTL2	6	0	0
ARPC1A	ARPC1A	1	0	0
ARPC1A	ARPC1B	0	2	0
ARPC1B	ARPC1B	1	0	0
ARPC2	ARPC2	3	0	0
ARPC3	ARPC3	3	0	0
ARPC4	ARPC4	3	0	0
ARPC5	ARPC5	3	0	0
ARPC5	ARPC5L	0	2	0
ARPC5L	ARPC5L	1	0	0
ARPP19	ARPP19	1	0	0
ARPP19	ENSA	0	2	0
ARPP21	ARPP21	1	0	0
ARPP21	R3HDM1	0	2	0
ARR3	ARR3	1	0	0
ARR3	ARRB1	0	2	0
ARR3	ARRB2	0	2	0
ARR3	SAG	0	2	0
ARRB1	ARRB1	1	0	0
ARRB1	ARRB2	0	2	0
ARRB1	SAG	0	2	0
ARRB2	ARRB2	1	0	0
ARRB2	SAG	0	2	0
ARRDC1	ARRDC1	1	0	0
ARRDC2	ARRDC2	1	0	0
ARRDC2	ARRDC3	0	2	0
ARRDC2	ARRDC4	0	2	0
ARRDC3	ARRDC3	1	0	0
ARRDC3	ARRDC4	0	2	0
ARRDC4	ARRDC4	1	0	0
ARRDC5	ARRDC5	1	0	0
ARSA	ARSA	0	0	1
ARSB	ARSB	0	0	1
ARSF	ARSF	0	0	1
ARSG	ARSG	0	0	3
ARSH	ARSH	0	0	3
ARSI	ARSI	0	0	1
ARSJ	ARSJ	0	0	1
ARSK	ARSK	1	0	0
ART1	ART1	1	0	0
ART1	ART3	0	2	0
ART1	ART4	0	2	0
ART1	ART5	0	2	0
ART3	ART3	1	0	0
ART3	ART4	0	2	0
ART3	ART5	0	2	0
ART4	ART4	6	0	0
ART4	ART5	0	2	0
ART5	ART5	1	0	0
ARTN	ARTN	1	0	0
ARTN	GDNF	0	2	0
ARTN	NRTN	0	2	0
ARTN	PSPN	0	2	0
ARV1	ARV1	1	0	0
ARVCF	ARVCF	1	0	0
ARVCF	CTNND1	0	2	0
ARVCF	CTNND2	0	2	0
ARVCF	PKP4	0	2	0
AS3MT	AS3MT	1	0	0
ASAH1	ASAH1	1	0	0
ASAH1	NAAA	0	2	0
ASAP1	ASAP1	1	0	0
ASAP1	ASAP2	0	2	0
ASAP1	ASAP3	0	2	0
ASAP2	ASAP2	1	0	0
ASAP2	ASAP3	0	2	0
ASAP3	ASAP3	1	0	0
ASB1	ASB1	1	0	0
ASB1	ASB12	0	2	0
ASB10	ASB10	1	0	0
ASB10	ASB16	0	2	0
ASB10	ASB18	0	2	0
ASB10	ASB4	0	2	0
ASB11	ASB11	1	0	0
ASB11	ASB13	0	2	0
ASB11	ASB5	0	2	0
ASB11	ASB9	0	2	0
ASB12	ASB12	1	0	0
ASB13	ASB13	3	0	0
ASB13	ASB5	0	2	0
ASB13	ASB9	0	2	0
ASB14	ASB14	1	0	0
ASB14	ASB15	0	2	0
ASB14	ASB2	0	2	0
ASB14	ASB3	0	2	0
ASB15	ASB15	1	0	0
ASB15	ASB2	0	2	0
ASB15	ASB3	0	2	0
ASB16	ASB16	1	0	0
ASB16	ASB18	0	2	0
ASB16	ASB4	0	2	0
ASB17	ASB17	1	0	0
ASB18	ASB18	1	0	0
ASB18	ASB4	0	2	0
ASB2	ASB2	1	0	0
ASB2	ASB3	0	2	0
ASB3	ASB3	1	0	0
ASB4	ASB4	1	0	0
ASB5	ASB5	1	0	0
ASB5	ASB9	0	2	0
ASB6	ASB6	1	0	0
ASB7	ASB7	1	0	0
ASB8	ASB8	1	0	0
ASB9	ASB9	1	0	0
ASCC1	ASCC1	1	0	0
ASCC2	ASCC2	1	0	0
ASCC3	ASCC3	1	0	0
ASCC3	SNRNP200	0	2	0
ASCL1	ASCL1	1	0	0
ASCL1	ASCL2	0	2	0
ASCL2	ASCL2	1	0	0
ASCL3	ASCL3	3	0	0
ASCL3	ASCL4	0	2	0
ASCL3	ASCL5	0	2	0
ASCL4	ASCL4	1	0	0
ASCL4	ASCL5	0	2	0
ASCL5	ASCL5	1	0	0
ASF1A	ASF1A	1	0	0
ASF1A	ASF1B	0	2	0
ASF1B	ASF1B	1	0	0
ASGR1	ASGR1	0	0	1
ASGR2	ASGR2	0	0	3
ASH1L	ASH1L	1	0	0
ASH2L	ASH2L	3	0	0
ASIC1	ASIC1	1	0	0
ASIC1	ASIC2	0	2	0
ASIC1	ASIC3	0	2	0
ASIC1	ASIC4	0	2	0
ASIC2	ASIC2	1	0	0
ASIC2	ASIC3	0	2	0
ASIC2	ASIC4	0	2	0
ASIC3	ASIC3	1	0	0
ASIC3	ASIC4	0	2	0
ASIC4	ASIC4	1	0	0
ASIC5	ASIC5	1	0	0
ASIP	ASIP	1	0	0
ASL	ASL	1	0	0
ASNS	ASNS	3	0	0
ASNSD1	ASNSD1	1	0	0
ASPA	ASPA	1	0	0
ASPDH	ASPDH	1	0	0
ASPG	ASPG	1	0	2
ASPH	ASPH	1	0	0
ASPHD1	ASPHD1	1	0	0
ASPHD1	ASPHD2	0	2	0
ASPHD2	ASPHD2	1	0	0
ASPM	ASPM	1	0	0
ASPN	ASPN	0	0	1
ASPSCR1	ASPSCR1	1	0	0
ASRGL1	ASRGL1	1	0	0
ASS1	ASS1	1	0	0
ASTE1	ASTE1	3	0	0
ASTL	ASTL	1	0	0
ASTN1	ASTN1	1	0	0
ASTN1	ASTN2	0	2	0
ASTN2	ASTN2	1	0	0
ASXL1	ASXL1	1	0	0
ASXL1	ASXL2	0	2	0
ASXL1	ASXL3	0	2	0
ASXL2	ASXL2	1	0	0
ASXL2	ASXL3	0	2	0
ASXL3	ASXL3	1	0	0
ASZ1	ASZ1	1	0	0
ATAD1	ATAD1	1	0	0
ATAD1	VPS4B	0	2	0
ATAD2	ATAD2	1	0	0
ATAD2	ATAD2B	0	2	0
ATAD2B	ATAD2B	1	0	0
ATAD3B	ATAD3B	1	0	0
ATAD3B	ATAD3C	0	2	0
ATAD3C	ATAD3C	1	0	0
ATAD5	ATAD5	1	0	0
ATAT1	ATAT1	1	0	0
ATCAY	ATCAY	1	0	0
ATCAY	BNIP2	0	2	0
ATCAY	BNIPL	0	2	0
ATE1	ATE1	1	0	0
ATF1	ATF1	1	0	0
ATF1	CREB1	0	2	0
ATF1	CREM	0	2	0
ATF2	ATF2	1	0	0
ATF2	ATF7	0	2	0
ATF2	CREB5	0	2	0
ATF3	ATF3	1	0	0
ATF3	JDP2	0	2	0
ATF4	ATF4	1	0	0
ATF5	ATF5	1	0	0
ATF6	ATF6	1	0	0
ATF6B	ATF6B	1	0	0
ATF7	ATF7	1	0	0
ATF7	CREB5	0	2	0
ATF7IP	ATF7IP	1	0	0
ATF7IP	ATF7IP2	0	2	0
ATF7IP2	ATF7IP2	3	0	0
ATG10	ATG10	1	0	0
ATG101	ATG101	1	0	0
ATG12	ATG12	1	0	0
ATG13	ATG13	1	0	0
ATG14	ATG14	1	0	0
ATG16L1	ATG16L1	1	0	0
ATG16L1	ATG16L2	0	2	0
ATG16L2	ATG16L2	1	0	0
ATG2A	ATG2A	1	0	0
ATG2A	ATG2B	0	2	0
ATG2B	ATG2B	1	0	0
ATG3	ATG3	1	0	0
ATG4A	ATG4A	1	0	0
ATG4A	ATG4B	0	2	0
ATG4A	ATG4C	0	2	0
ATG4A	ATG4D	0	2	0
ATG4B	ATG4B	1	0	0
ATG4B	ATG4C	0	2	0
ATG4B	ATG4D	0	2	0
ATG4C	ATG4C	1	0	0
ATG4C	ATG4D	0	2	0
ATG4D	ATG4D	1	0	0
ATG5	ATG5	3	0	0
ATG7	ATG7	1	0	0
ATG9A	ATG9A	1	0	0
ATG9B	ATG9B	1	0	0
ATIC	ATIC	1	0	0
ATL1	ATL1	1	0	0
ATL1	ATL2	0	2	0
ATL1	ATL3	0	2	0
ATL2	ATL2	1	0	0
ATL2	ATL3	0	2	0
ATL3	ATL3	1	0	0
ATM	ATM	1	0	0
ATM	ATR	0	2	0
ATMIN	ATMIN	3	0	0
ATOH1	ATOH1	1	0	0
ATOH7	ATOH7	1	0	0
ATOH7	BHLHA15	0	2	0
ATOH7	MSC	0	2	0
ATOH7	SCX	0	2	0
ATOH7	TCF15	0	2	0
ATOH7	TCF21	0	2	0
ATOH8	ATOH8	1	0	0
ATOX1	ATOX1	1	0	0
ATP10A	ATP10A	3	0	0
ATP10B	ATP10B	1	0	0
ATP10B	ATP10D	0	2	0
ATP10D	ATP10D	6	0	0
ATP10D	ATP8B3	0	2	0
ATP11A	ATP11A	0	0	1
ATP11B	ATP11B	0	0	3
ATP11C	ATP11C	0	0	1
ATP12A	ATP12A	0	0	1
ATP13A1	ATP13A1	1	0	0
ATP13A2	ATP13A2	1	0	0
ATP13A2	ATP13A3	0	2	0
ATP13A2	ATP13A4	0	2	0
ATP13A2	ATP13A5	0	2	0
ATP13A3	ATP13A3	1	0	0
ATP13A3	ATP13A4	0	2	0
ATP13A3	ATP13A5	0	2	0
ATP13A4	ATP13A4	1	0	0
ATP13A4	ATP13A5	0	2	0
ATP13A5	ATP13A5	1	0	0
ATP1A1	ATP1A1	0	0	1
ATP1A2	ATP1A2	0	0	3
ATP1A3	ATP1A3	0	0	1
ATP1A4	ATP1A4	0	0	1
ATP1B1	ATP1B1	1	0	0
ATP1B1	ATP1B2	0	2	0
ATP1B1	ATP1B3	0	2	0
ATP1B1	ATP1B4	0	2	0
ATP1B1	ATP4B	0	2	0
ATP1B2	ATP1B2	1	0	0
ATP1B2	ATP1B3	0	2	0
ATP1B2	ATP1B4	0	2	0
ATP1B2	ATP4B	0	2	0
ATP1B3	ATP1B3	1	0	0
ATP1B3	ATP1B4	0	2	0
ATP1B3	ATP4B	0	2	0
ATP1B4	ATP1B4	1	0	0
ATP1B4	ATP4B	0	2	0
ATP23	ATP23	1	0	0
ATP2A1	ATP2A1	0	0	1
ATP2A2	ATP2A2	0	0	1
ATP2A3	ATP2A3	0	0	1
ATP2B1	ATP2B1	1	0	0
ATP2B1	ATP2B2	0	2	0
ATP2B1	ATP2B3	0	2	0
ATP2B1	ATP2B4	0	2	0
ATP2B2	ATP2B2	1	0	0
ATP2B2	ATP2B3	0	2	0
ATP2B2	ATP2B4	0	2	0
ATP2B3	ATP2B3	1	0	0
ATP2B3	ATP2B4	0	2	0
ATP2B4	ATP2B4	1	0	0
ATP2C1	ATP2C1	0	0	1
ATP2C2	ATP2C2	0	0	1
ATP4A	ATP4A	0	0	1
ATP4B	ATP4B	1	0	0
ATP5F1A	ATP5F1A	3	0	0
ATP5F1B	ATP5F1B	1	0	0
ATP5F1B	ATP6V1B1	0	2	0
ATP5F1B	ATP6V1B2	0	2	0
ATP5F1C	ATP5F1C	1	0	0
ATP5F1E	ATP5F1E	3	0	0
ATP5IF1	ATP5IF1	3	0	0
ATP5MC1	ATP5MC1	6	0	0
ATP5MC1	ATP5MC2	0	6	0
ATP5MC1	ATP5MC3	0	6	0
ATP5MC2	ATP5MC2	3	0	0
ATP5MC2	ATP5MC3	0	6	0
ATP5MC3	ATP5MC3	3	0	0
ATP5ME	ATP5ME	3	0	0
ATP5MG	ATP5MG	3	0	0
ATP5MJ	ATP5MJ	1	0	0
ATP5MK	ATP5MK	3	0	0
ATP5PB	ATP5PB	1	0	0
ATP5PD	ATP5PD	1	0	0
ATP5PO	ATP5PO	3	0	0
ATP6AP1	ATP6AP1	1	0	0
ATP6AP1L	ATP6AP1L	3	0	0
ATP6AP2	ATP6AP2	1	0	0
ATP6V0A1	ATP6V0A1	1	0	0
ATP6V0A1	ATP6V0A2	0	2	0
ATP6V0A1	ATP6V0A4	0	2	0
ATP6V0A1	TCIRG1	0	2	0
ATP6V0A2	ATP6V0A2	1	0	0
ATP6V0A2	ATP6V0A4	0	2	0
ATP6V0A2	TCIRG1	0	2	0
ATP6V0A4	ATP6V0A4	1	0	0
ATP6V0A4	TCIRG1	0	2	0
ATP6V0B	ATP6V0B	1	0	0
ATP6V0B	ATP6V0C	0	2	0
ATP6V0C	ATP6V0C	1	0	0
ATP6V0D1	ATP6V0D1	1	0	0
ATP6V0D1	ATP6V0D2	0	2	0
ATP6V0D2	ATP6V0D2	1	0	0
ATP6V0E1	ATP6V0E1	1	0	0
ATP6V0E1	ATP6V0E2	0	2	0
ATP6V0E2	ATP6V0E2	1	0	0
ATP6V1A	ATP6V1A	1	0	0
ATP6V1B1	ATP6V1B1	1	0	0
ATP6V1B1	ATP6V1B2	0	2	0
ATP6V1B2	ATP6V1B2	1	0	0
ATP6V1C1	ATP6V1C1	1	0	0
ATP6V1C1	ATP6V1C2	0	2	0
ATP6V1C2	ATP6V1C2	1	0	0
ATP6V1D	ATP6V1D	1	0	0
ATP6V1E2	ATP6V1E2	1	0	0
ATP6V1FNB	ATP6V1FNB	1	0	0
ATP6V1G1	ATP6V1G1	1	0	0
ATP6V1G1	ATP6V1G2	0	2	0
ATP6V1G1	ATP6V1G3	0	2	0
ATP6V1G2	ATP6V1G2	6	0	0
ATP6V1G2	ATP6V1G3	0	2	0
ATP6V1G3	ATP6V1G3	1	0	0
ATP6V1H	ATP6V1H	1	0	0
ATP7A	ATP7A	1	0	0
ATP7A	ATP7B	0	2	0
ATP7B	ATP7B	1	0	0
ATP8A1	ATP8A1	0	0	1
ATP8A2	ATP8A2	0	0	3
ATP8B1	ATP8B1	0	0	1
ATP8B2	ATP8B2	0	0	1
ATP8B3	ATP8B3	0	0	3
ATP8B4	ATP8B4	0	0	3
ATP9A	ATP9A	1	0	0
ATP9A	ATP9B	0	2	0
ATP9B	ATP9B	3	0	0
ATPAF1	ATPAF1	1	0	0
ATPAF2	ATPAF2	1	0	0
ATPSCKMT	ATPSCKMT	1	0	0
ATR	ATR	1	0	0
ATRAID	ATRAID	1	0	0
ATRIP	ATRIP	1	0	0
ATRN	ATRN	1	0	0
ATRN	ATRNL1	0	2	0
ATRNL1	ATRNL1	3	0	0
ATRX	ATRX	1	0	0
ATXN1	ATXN1	1	0	0
ATXN1	ATXN1L	0	2	0
ATXN10	ATXN10	1	0	0
ATXN1L	ATXN1L	1	0	0
ATXN2	ATXN2	1	0	0
ATXN2	ATXN2L	0	2	0
ATXN2L	ATXN2L	1	0	0
ATXN3	ATXN3	3	0	0
ATXN7	ATXN7	1	0	0
ATXN7	ATXN7L2	0	2	0
ATXN7L2	ATXN7L2	1	0	0
ATXN7L3B	ATXN7L3B	1	0	0
AUH	AUH	0	0	1
AUNIP	AUNIP	1	0	0
AUP1	AUP1	1	0	0
AURKA	AURKA	1	0	0
AURKA	AURKB	0	2	0
AURKA	AURKC	0	2	0
AURKAIP1	AURKAIP1	3	0	0
AURKB	AURKB	1	0	0
AURKB	AURKC	0	2	0
AURKC	AURKC	1	0	0
AUTS2	AUTS2	1	0	0
AUTS2	FBRSL1	0	2	0
AVEN	AVEN	1	0	0
AVIL	AVIL	1	0	0
AVIL	GSN	0	2	0
AVIL	SCIN	0	2	0
AVIL	VIL1	0	2	0
AVIL	VILL	0	2	0
AVL9	AVL9	1	0	0
AVP	AVP	1	0	0
AVP	OXT	0	2	0
AVPI1	AVPI1	3	0	0
AVPR1A	AVPR1A	1	0	0
AVPR1A	AVPR1B	0	2	0
AVPR1A	AVPR2	0	2	0
AVPR1A	GPR150	0	2	0
AVPR1A	NPSR1	0	2	0
AVPR1A	OXTR	0	2	0
AVPR1B	AVPR1B	1	0	0
AVPR1B	AVPR2	0	2	0
AVPR1B	GPR150	0	2	0
AVPR1B	NPSR1	0	2	0
AVPR1B	OXTR	0	2	0
AVPR2	AVPR2	1	0	0
AVPR2	GPR150	0	2	0
AVPR2	NPSR1	0	2	0
AVPR2	OXTR	0	2	0
AWAT1	AWAT1	1	0	0
AWAT1	AWAT2	0	2	0
AWAT1	DGAT2	0	2	0
AWAT1	DGAT2L6	0	2	0
AWAT1	MOGAT1	0	2	0
AWAT1	MOGAT2	0	2	0
AWAT1	MOGAT3	0	2	0
AWAT2	AWAT2	1	0	0
AWAT2	DGAT2	0	2	0
AWAT2	DGAT2L6	0	2	0
AWAT2	MOGAT1	0	2	0
AWAT2	MOGAT2	0	2	0
AWAT2	MOGAT3	0	2	0
AXDND1	AXDND1	1	0	0
AXIN1	AXIN1	1	0	0
AXIN1	AXIN2	0	2	0
AXIN2	AXIN2	1	0	0
AXL	AXL	1	0	0
AXL	LTK	0	2	0
AXL	MERTK	0	2	0
AXL	TYRO3	0	2	0
AZGP1	AZGP1	0	0	1
AZI2	AZI2	1	0	0
AZIN1	AZIN1	1	0	0
AZIN1	AZIN2	0	2	0
AZIN1	ODC1	0	2	0
AZIN2	AZIN2	3	0	0
AZIN2	ODC1	0	2	0
AZU1	AZU1	0	0	1
B2M	B2M	1	0	0
B3GALNT2	B3GALNT2	1	0	0
B3GALT1	B3GALT1	1	0	0
B3GALT2	B3GALT2	1	0	0
B3GALT5	B3GALT5	1	0	0
B3GALT6	B3GALT6	3	0	0
B3GAT1	B3GAT1	1	0	0
B3GAT1	B3GAT2	0	2	0
B3GAT1	B3GAT3	0	2	0
B3GAT2	B3GAT2	1	0	0
B3GAT2	B3GAT3	0	2	0
B3GAT3	B3GAT3	1	0	0
B3GLCT	B3GLCT	1	0	0
B3GNT2	B3GNT2	3	0	0
B3GNT2	B3GNT8	0	2	0
B3GNT4	B3GNT4	3	0	0
B3GNT4	B3GNT6	0	2	0
B3GNT4	B3GNT7	0	2	0
B3GNT4	B3GNT9	0	2	0
B3GNT5	B3GNT5	1	0	0
B3GNT6	B3GNT6	1	0	0
B3GNT6	B3GNT7	0	2	0
B3GNT6	B3GNT9	0	2	0
B3GNT7	B3GNT7	1	0	0
B3GNT7	B3GNT9	0	2	0
B3GNT8	B3GNT8	1	0	0
B3GNT9	B3GNT9	1	0	0
B4GALNT1	B4GALNT1	1	0	0
B4GALNT1	B4GALNT2	0	2	0
B4GALNT2	B4GALNT2	1	0	0
B4GALNT3	B4GALNT3	1	0	0
B4GALNT3	B4GALNT4	0	2	0
B4GALNT4	B4GALNT4	1	0	0
B4GALT1	B4GALT1	1	0	0
B4GALT1	B4GALT2	0	2	0
B4GALT1	B4GALT3	0	2	0
B4GALT1	B4GALT4	0	2	0
B4GALT1	B4GALT5	0	2	0
B4GALT1	B4GALT6	0	2	0
B4GALT2	B4GALT2	1	0	0
B4GALT2	B4GALT3	0	2	0
B4GALT2	B4GALT4	0	2	0
B4GALT2	B4GALT5	0	2	0
B4GALT2	B4GALT6	0	2	0
B4GALT3	B4GALT3	1	0	0
B4GALT3	B4GALT4	0	2	0
B4GALT3	B4GALT5	0	2	0
B4GALT3	B4GALT6	0	2	0
B4GALT4	B4GALT4	1	0	0
B4GALT4	B4GALT5	0	2	0
B4GALT4	B4GALT6	0	2	0
B4GALT5	B4GALT5	1	0	0
B4GALT5	B4GALT6	0	2	0
B4GALT6	B4GALT6	1	0	0
B4GALT7	B4GALT7	1	0	0
B4GAT1	B4GAT1	1	0	0
B9D1	B9D1	3	0	0
B9D2	B9D2	1	0	0
BAALC	BAALC	1	0	0
BAAT	BAAT	1	0	0
BABAM1	BABAM1	6	0	0
BABAM2	BABAM2	1	0	0
BACE1	BACE1	1	0	0
BACH1	BACH1	1	0	0
BACH2	BACH2	1	0	0
BAD	BAD	1	0	0
BAG1	BAG1	1	0	0
BAG2	BAG2	1	0	0
BAG3	BAG3	1	0	0
BAG4	BAG4	1	0	0
BAG5	BAG5	1	0	0
BAG6	BAG6	1	0	0
BAHCC1	BAHCC1	3	0	0
BAHCC1	TNRC18	0	2	0
BAHD1	BAHD1	1	0	0
BAIAP2	BAIAP2	1	0	0
BAIAP2	BAIAP2L1	0	2	0
BAIAP2	BAIAP2L2	0	2	0
BAIAP2L1	BAIAP2L1	1	0	0
BAIAP2L1	BAIAP2L2	0	2	0
BAIAP2L2	BAIAP2L2	1	0	0
BAIAP3	BAIAP3	1	0	0
BAIAP3	UNC13D	0	2	0
BAK1	BAK1	1	0	0
BAK1	BAX	0	2	0
BAMBI	BAMBI	1	0	0
BANF1	BANF1	3	0	0
BANF1	BANF2	0	6	0
BANF2	BANF2	6	0	0
BANK1	BANK1	1	0	0
BANP	BANP	1	0	0
BAP1	BAP1	1	0	0
BARD1	BARD1	1	0	0
BARHL1	BARHL1	1	0	0
BARHL1	BARHL2	0	2	0
BARHL1	MNX1	0	2	0
BARHL2	BARHL2	1	0	0
BARHL2	MNX1	0	2	0
BARX1	BARX1	1	0	0
BARX1	BARX2	0	2	0
BARX2	BARX2	1	0	0
BASP1	BASP1	0	0	1
BATF	BATF	1	0	0
BATF	BATF3	0	2	0
BATF2	BATF2	1	0	0
BATF3	BATF3	1	0	0
BAX	BAX	1	0	0
BAZ1A	BAZ1A	3	0	0
BAZ1B	BAZ1B	1	0	0
BAZ2A	BAZ2A	1	0	0
BAZ2A	BAZ2B	0	2	0
BAZ2B	BAZ2B	6	0	0
BBIP1	BBIP1	0	0	1
BBLN	BBLN	6	0	0
BBOF1	BBOF1	1	0	0
BBOF1	CFAP157	0	2	0
BBOX1	BBOX1	1	0	0
BBS2	BBS2	1	0	0
BBS7	BBS7	1	0	0
BBX	BBX	1	0	0
BCAM	BCAM	6	0	0
BCAM	MCAM	0	2	0
BCAN	BCAN	1	0	0
BCAP29	BCAP29	1	0	0
BCAR1	BCAR1	1	0	0
BCAR1	NEDD9	0	2	0
BCAR3	BCAR3	6	0	0
BCAR3	SH2D3A	0	2	0
BCAR3	SH2D3C	0	2	0
BCAS1	BCAS1	1	0	0
BCAS2	BCAS2	1	0	0
BCAS3	BCAS3	1	0	0
BCAS4	BCAS4	1	0	0
BCAT1	BCAT1	1	0	0
BCAT1	BCAT2	0	2	0
BCAT2	BCAT2	1	0	0
BCCIP	BCCIP	1	0	0
BCDIN3D	BCDIN3D	1	0	0
BCHE	BCHE	0	0	1
BCKDHB	BCKDHB	1	0	0
BCKDHB	PDHB	0	2	0
BCKDK	BCKDK	1	0	0
BCL10	BCL10	1	0	0
BCL11A	BCL11A	3	0	0
BCL11A	BCL11B	0	2	0
BCL11B	BCL11B	1	0	0
BCL2	BCL2	1	0	0
BCL2	BCL2L1	0	2	0
BCL2	BCL2L2	0	1	0
BCL2A1	BCL2A1	1	0	0
BCL2A1	ST20	0	2	0
BCL2L1	BCL2L1	1	0	0
BCL2L1	BCL2L2	0	1	0
BCL2L10	BCL2L10	1	0	0
BCL2L11	BCL2L11	1	0	0
BCL2L12	BCL2L12	1	0	0
BCL2L13	BCL2L13	3	0	0
BCL2L14	BCL2L14	1	0	0
BCL2L15	BCL2L15	1	0	0
BCL2L2	BCL2L2	1	0	2
BCL2L2	PABPN1L	0	1	0
BCL3	BCL3	1	0	2
BCL6	BCL6	1	0	0
BCL6	ZNF852	0	1	0
BCL6B	BCL6B	1	0	0
BCL7A	BCL7A	3	0	0
BCL7A	BCL7B	0	2	0
BCL7A	BCL7C	0	2	0
BCL7B	BCL7B	1	0	0
BCL7B	BCL7C	0	2	0
BCL7C	BCL7C	1	0	0
BCL9	BCL9	1	0	0
BCLAF1	BCLAF1	1	0	0
BCLAF1	BCLAF3	0	2	0
BCLAF1	THRAP3	0	2	0
BCLAF3	BCLAF3	1	0	0
BCLAF3	THRAP3	0	2	0
BCO1	BCO1	1	0	0
BCO1	BCO2	0	2	0
BCO1	RPE65	0	2	0
BCO2	BCO2	1	0	0
BCO2	RPE65	0	2	0
BCOR	BCOR	6	0	0
BCR	BCR	3	0	0
BCS1L	BCS1L	1	0	0
BDH1	BDH1	1	0	0
BDH1	DHRS9	0	2	0
BDH1	RDH16	0	2	0
BDH1	SDR9C7	0	2	0
BDKRB1	BDKRB1	1	0	0
BDKRB2	BDKRB2	1	0	0
BDNF	BDNF	1	0	0
BDNF	NTF3	0	2	0
BDNF	NTF4	0	2	0
BDP1	BDP1	1	0	0
BECN1	BECN1	1	0	0
BECN1	BECN2	0	2	0
BECN2	BECN2	1	0	0
BEND2	BEND2	3	0	0
BEND3	BEND3	1	0	0
BEND4	BEND4	1	0	0
BEND5	BEND5	1	0	0
BEND6	BEND6	1	0	0
BEND7	BEND7	1	0	0
BEST1	BEST1	1	0	0
BEST1	BEST2	0	2	0
BEST1	BEST3	0	2	0
BEST1	BEST4	0	2	0
BEST2	BEST2	1	0	0
BEST2	BEST3	0	2	0
BEST2	BEST4	0	2	0
BEST3	BEST3	1	0	0
BEST3	BEST4	0	2	0
BEST4	BEST4	1	0	0
BET1	BET1	1	0	0
BET1L	BET1L	1	0	0
BEX1	BEX1	1	0	0
BEX1	BEX2	0	2	0
BEX1	BEX3	0	2	0
BEX1	BEX4	0	2	0
BEX1	BEX5	0	2	0
BEX2	BEX2	1	0	0
BEX2	BEX3	0	2	0
BEX2	BEX4	0	2	0
BEX2	BEX5	0	2	0
BEX3	BEX3	6	0	0
BEX3	BEX4	0	2	0
BEX3	BEX5	0	12	0
BEX4	BEX4	1	0	0
BEX4	BEX5	0	2	0
BEX5	BEX5	6	0	0
BFAR	BFAR	1	0	0
BFSP1	BFSP1	1	0	0
BFSP2	BFSP2	1	0	0
BGLAP	BGLAP	1	0	0
BGN	BGN	0	0	1
BHLHA15	BHLHA15	1	0	0
BHLHA15	MSC	0	2	0
BHLHA15	SCX	0	2	0
BHLHA15	TCF15	0	2	0
BHLHA15	TCF21	0	2	0
BHLHA9	BHLHA9	1	0	0
BHLHB9	BHLHB9	1	0	0
BHLHE23	BHLHE23	1	0	0
BHLHE40	BHLHE40	1	0	0
BHLHE41	BHLHE41	1	0	0
BHMT2	BHMT2	1	0	0
BICC1	BICC1	1	0	0
BICD1	BICD1	1	0	0
BICD1	BICD2	0	2	0
BICD2	BICD2	1	0	0
BICDL1	BICDL1	3	0	0
BICDL1	BICDL2	0	2	0
BICDL2	BICDL2	1	0	0
BICRAL	BICRAL	1	0	0
BID	BID	1	0	0
BIK	BIK	1	0	0
BIN1	BIN1	1	0	0
BIN1	BIN2	0	2	0
BIN2	BIN2	1	0	0
BIN3	BIN3	1	0	0
BIRC2	BIRC2	1	0	0
BIRC2	BIRC3	0	2	0
BIRC2	BIRC7	0	2	0
BIRC2	XIAP	0	2	0
BIRC3	BIRC3	3	0	0
BIRC3	BIRC7	0	2	0
BIRC3	XIAP	0	2	0
BIRC5	BIRC5	1	0	0
BIRC6	BIRC6	1	0	0
BIRC7	BIRC7	1	0	0
BIRC7	XIAP	0	2	0
BLK	BLK	0	0	1
BLM	BLM	3	0	0
BLMH	BLMH	1	0	0
BLNK	BLNK	1	0	0
BLNK	CLNK	0	2	0
BLNK	SH2D6	0	2	0
BLOC1S2	BLOC1S2	1	0	0
BLOC1S3	BLOC1S3	6	0	0
BLOC1S4	BLOC1S4	1	0	0
BLOC1S6	BLOC1S6	1	0	0
BLVRA	BLVRA	1	0	0
BLVRB	BLVRB	1	0	0
BLZF1	BLZF1	1	0	0
BMERB1	BMERB1	1	0	0
BMF	BMF	1	0	0
BMP1	BMP1	1	0	0
BMP1	TLL1	0	2	0
BMP1	TLL2	0	2	0
BMP10	BMP10	1	0	0
BMP10	GDF2	0	2	0
BMP15	BMP15	1	0	0
BMP15	GDF9	0	2	0
BMP2	BMP2	0	0	1
BMP2K	BMP2K	1	0	0
BMP3	BMP3	3	0	0
BMP3	GDF10	0	2	0
BMP4	BMP4	0	0	1
BMP5	BMP5	0	0	1
BMP6	BMP6	0	0	3
BMP7	BMP7	0	0	1
BMP8B	BMP8B	0	0	1
BMPER	BMPER	1	0	0
BMPR1A	BMPR1A	0	0	1
BMPR1B	BMPR1B	0	0	1
BMPR2	BMPR2	1	0	0
BMS1	BMS1	1	0	0
BMT2	BMT2	1	0	0
BMX	BMX	0	0	1
BNC1	BNC1	1	0	0
BNC1	BNC2	0	2	0
BNC2	BNC2	3	0	0
BNIP1	BNIP1	1	0	0
BNIP2	BNIP2	1	0	0
BNIP2	BNIPL	0	2	0
BNIP3	BNIP3	1	0	0
BNIP5	BNIP5	3	0	0
BNIPL	BNIPL	1	0	0
BOD1	BOD1	1	0	0
BOD1	BOD1L2	0	2	0
BOD1L1	BOD1L1	1	0	0
BOD1L2	BOD1L2	1	0	0
BOK	BOK	1	0	0
BOLA1	BOLA1	1	0	0
BOLA3	BOLA3	1	0	0
BOLL	BOLL	1	0	0
BOLL	DAZL	0	2	0
BORA	BORA	1	0	0
BORCS5	BORCS5	1	0	0
BORCS6	BORCS6	3	0	0
BORCS8	BORCS8	3	0	0
BPGM	BPGM	1	0	0
BPGM	PGAM1	0	2	0
BPHL	BPHL	3	0	0
BPI	BPI	1	0	0
BPI	BPIFC	0	2	0
BPI	CETP	0	2	0
BPI	LBP	0	2	0
BPI	PLTP	0	2	0
BPIFA1	BPIFA1	1	0	0
BPIFA1	BPIFA2	0	2	0
BPIFA1	BPIFA3	0	2	0
BPIFA2	BPIFA2	1	0	0
BPIFA2	BPIFA3	0	2	0
BPIFA3	BPIFA3	1	0	0
BPIFB1	BPIFB1	1	0	0
BPIFB2	BPIFB2	1	0	0
BPIFB2	BPIFB6	0	2	0
BPIFB3	BPIFB3	1	0	0
BPIFB3	BPIFB4	0	2	0
BPIFB4	BPIFB4	1	0	0
BPIFB6	BPIFB6	1	0	0
BPIFC	BPIFC	1	0	0
BPIFC	CETP	0	2	0
BPIFC	LBP	0	2	0
BPIFC	PLTP	0	2	0
BPNT1	BPNT1	3	0	0
BPNT1	BPNT2	0	2	0
BPNT2	BPNT2	1	0	0
BPTF	BPTF	1	0	0
BRAF	BRAF	1	0	0
BRAP	BRAP	1	0	0
BRAT1	BRAT1	1	0	0
BRCA1	BRCA1	3	0	0
BRCA2	BRCA2	1	0	0
BRD1	BRD1	1	0	0
BRD1	BRPF1	0	2	0
BRD1	BRPF3	0	2	0
BRD2	BRD2	1	0	0
BRD2	BRD3	0	2	0
BRD3	BRD3	1	0	0
BRD4	BRD4	1	0	0
BRD4	BRDT	0	2	0
BRD7	BRD7	1	0	0
BRD8	BRD8	1	0	0
BRDT	BRDT	1	0	0
BRF1	BRF1	1	0	0
BRF2	BRF2	1	0	0
BRI3	BRI3	1	0	0
BRI3BP	BRI3BP	1	0	0
BRI3BP	TMEM109	0	2	0
BRICD5	BRICD5	1	0	0
BRINP1	BRINP1	1	0	0
BRINP1	BRINP2	0	2	0
BRINP1	BRINP3	0	2	0
BRINP2	BRINP2	1	0	0
BRINP2	BRINP3	0	2	0
BRINP3	BRINP3	1	0	0
BRIP1	BRIP1	1	0	0
BRIX1	BRIX1	1	0	0
BRK1	BRK1	1	0	0
BRME1	BRME1	1	0	0
BRME1	SRL	0	2	0
BRMS1	BRMS1	1	0	0
BRMS1	SUDS3	0	2	0
BROX	BROX	1	0	0
BRPF1	BRPF1	1	0	0
BRPF1	BRPF3	0	2	0
BRPF3	BRPF3	1	0	0
BRS3	BRS3	1	0	0
BRS3	GRPR	0	2	0
BRS3	NMBR	0	2	0
BRSK1	BRSK1	3	0	0
BRSK1	BRSK2	0	2	0
BRSK1	SIK2	0	6	0
BRSK2	BRSK2	1	0	0
BRSK2	SIK2	0	2	0
BRWD1	BRWD1	1	0	0
BRWD1	BRWD3	0	2	0
BRWD1	PHIP	0	2	0
BRWD3	BRWD3	1	0	0
BRWD3	PHIP	0	2	0
BSCL2	BSCL2	1	0	0
BSDC1	BSDC1	1	0	0
BSG	BSG	6	0	0
BSG	EMB	0	6	0
BSG	NPTN	0	2	0
BSN	BSN	3	0	0
BSND	BSND	1	0	0
BSPH1	BSPH1	1	0	0
BSPH1	ELSPBP1	0	2	0
BSPRY	BSPRY	1	0	0
BST1	BST1	1	0	0
BST1	CD38	0	2	0
BST2	BST2	1	0	0
BSX	BSX	0	0	1
BTAF1	BTAF1	3	0	0
BTBD1	BTBD1	1	0	0
BTBD1	BTBD2	0	2	0
BTBD1	BTBD3	0	2	0
BTBD1	BTBD6	0	2	0
BTBD10	BTBD10	1	0	0
BTBD10	KCTD20	0	2	0
BTBD11	BTBD11	1	0	0
BTBD16	BTBD16	1	0	0
BTBD17	BTBD17	1	0	0
BTBD18	BTBD18	1	0	0
BTBD19	BTBD19	1	0	0
BTBD2	BTBD2	3	0	0
BTBD2	BTBD3	0	2	0
BTBD2	BTBD6	0	2	0
BTBD3	BTBD3	1	0	0
BTBD3	BTBD6	0	2	0
BTBD6	BTBD6	1	0	0
BTBD7	BTBD7	1	0	0
BTBD8	BTBD8	1	0	0
BTBD9	BTBD9	3	0	0
BTC	BTC	1	0	0
BTD	BTD	1	0	0
BTD	VNN1	0	2	0
BTD	VNN2	0	2	0
BTD	VNN3P	0	2	0
BTF3	BTF3	3	0	0
BTF3	BTF3L4	0	2	0
BTF3L4	BTF3L4	1	0	0
BTG1	BTG1	1	0	0
BTG1	BTG2	0	2	0
BTG1	BTG3	0	2	0
BTG1	BTG4	0	2	0
BTG2	BTG2	1	0	0
BTG2	BTG3	0	2	0
BTG2	BTG4	0	2	0
BTG3	BTG3	1	0	0
BTG3	BTG4	0	2	0
BTG4	BTG4	3	0	0
BTK	BTK	0	0	1
BTLA	BTLA	1	0	0
BTN1A1	BTN1A1	1	0	0
BTN1A1	BTN2A1	0	2	0
BTN1A1	BTN2A2	0	2	0
BTN1A1	BTN3A1	0	2	0
BTN1A1	BTN3A3	0	2	0
BTN1A1	BTNL3	0	2	0
BTN1A1	BTNL8	0	2	0
BTN1A1	BTNL9	0	2	0
BTN1A1	ERMAP	0	2	0
BTN2A1	BTN2A1	1	0	0
BTN2A1	BTN2A2	0	2	0
BTN2A1	BTN3A1	0	2	0
BTN2A1	BTN3A3	0	2	0
BTN2A1	BTNL3	0	2	0
BTN2A1	BTNL8	0	2	0
BTN2A1	BTNL9	0	2	0
BTN2A1	ERMAP	0	2	0
BTN2A2	BTN2A2	1	0	0
BTN2A2	BTN3A1	0	2	0
BTN2A2	BTN3A3	0	2	0
BTN2A2	BTNL3	0	2	0
BTN2A2	BTNL8	0	2	0
BTN2A2	BTNL9	0	2	0
BTN2A2	ERMAP	0	2	0
BTN3A1	BTN3A1	1	0	0
BTN3A1	BTN3A3	0	2	0
BTN3A1	BTNL3	0	2	0
BTN3A1	BTNL8	0	2	0
BTN3A1	BTNL9	0	2	0
BTN3A1	ERMAP	0	2	0
BTN3A3	BTN3A3	1	0	0
BTN3A3	BTNL3	0	2	0
BTN3A3	BTNL8	0	2	0
BTN3A3	BTNL9	0	2	0
BTN3A3	ERMAP	0	2	0
BTNL2	BTNL2	1	0	0
BTNL3	BTNL3	1	0	0
BTNL3	BTNL8	0	2	0
BTNL3	BTNL9	0	2	0
BTNL3	ERMAP	0	2	0
BTNL8	BTNL8	1	0	0
BTNL8	BTNL9	0	2	0
BTNL8	ERMAP	0	2	0
BTNL9	BTNL9	1	0	0
BTNL9	ERMAP	0	2	0
BTRC	BTRC	1	0	0
BTRC	FBXW11	0	2	0
BUB1	BUB1	1	0	0
BUB1B	BUB1B	1	0	0
BUB3	BUB3	1	0	0
BUB3	RAE1	0	2	0
BUD13	BUD13	1	0	0
BUD23	BUD23	1	0	0
BUD31	BUD31	1	0	0
BVES	BVES	1	0	0
BYSL	BYSL	1	0	0
BZW1	BZW1	1	0	0
BZW1	BZW2	0	2	0
BZW2	BZW2	1	0	0
C10orf105	C10orf105	1	0	0
C10orf120	C10orf120	3	0	0
C10orf53	C10orf53	1	0	0
C10orf62	C10orf62	1	0	0
C10orf67	C10orf67	1	0	0
C10orf71	C10orf71	1	0	0
C10orf82	C10orf82	1	0	0
C10orf88	C10orf88	1	0	0
C10orf90	C10orf90	1	0	0
C10orf99	C10orf99	1	0	0
C11orf1	C11orf1	1	0	0
C11orf16	C11orf16	3	0	0
C11orf24	C11orf24	0	0	3
C11orf40	C11orf40	1	0	0
C11orf42	C11orf42	3	0	0
C11orf49	C11orf49	6	0	0
C11orf52	C11orf52	3	0	0
C11orf53	C11orf53	1	0	0
C11orf54	C11orf54	3	0	0
C11orf65	C11orf65	3	0	0
C11orf68	C11orf68	3	0	0
C11orf71	C11orf71	3	0	0
C11orf80	C11orf80	1	0	2
C11orf86	C11orf86	3	0	0
C11orf87	C11orf87	3	0	0
C11orf91	C11orf91	1	0	0
C11orf94	C11orf94	1	0	0
C11orf97	C11orf97	1	0	0
C12orf29	C12orf29	3	0	0
C12orf4	C12orf4	3	0	0
C12orf40	C12orf40	3	0	0
C12orf42	C12orf42	1	0	0
C12orf43	C12orf43	3	0	0
C12orf50	C12orf50	3	0	0
C12orf50	ZC3H11A	0	2	0
C12orf54	C12orf54	1	0	0
C12orf56	C12orf56	3	0	0
C12orf57	C12orf57	1	0	0
C12orf60	C12orf60	6	0	0
C12orf71	C12orf71	1	0	2
C12orf73	C12orf73	3	0	0
C12orf75	C12orf75	3	0	0
C12orf76	C12orf76	1	0	0
C13orf46	C13orf46	1	0	0
C14orf119	C14orf119	0	0	1
C14orf132	C14orf132	1	0	0
C14orf178	C14orf178	1	0	0
C14orf180	C14orf180	3	0	0
C14orf28	C14orf28	1	0	0
C14orf39	C14orf39	3	0	0
C14orf93	C14orf93	3	0	0
C15orf39	C15orf39	1	0	0
C15orf40	C15orf40	3	0	0
C15orf48	C15orf48	3	0	0
C15orf61	C15orf61	1	0	0
C15orf62	C15orf62	3	0	0
C15orf65	C15orf65	1	0	0
C15orf65	C9orf116	0	2	0
C16orf46	C16orf46	6	0	0
C16orf54	C16orf54	1	0	0
C16orf72	C16orf72	1	0	0
C16orf74	C16orf74	3	0	0
C16orf78	C16orf78	6	0	0
C16orf86	C16orf86	6	0	0
C16orf87	C16orf87	6	0	0
C16orf89	C16orf89	1	0	0
C16orf90	C16orf90	1	0	0
C16orf91	C16orf91	1	0	0
C16orf92	C16orf92	1	0	0
C16orf95	C16orf95	1	0	0
C16orf96	C16orf96	1	0	0
C17orf107	C17orf107	1	0	0
C17orf113	C17orf113	1	0	0
C17orf49	C17orf49	1	0	0
C17orf50	C17orf50	1	0	0
C17orf58	C17orf58	3	0	0
C17orf64	C17orf64	3	0	0
C17orf67	C17orf67	3	0	0
C17orf75	C17orf75	3	0	0
C17orf78	C17orf78	3	0	0
C17orf80	C17orf80	3	0	0
C17orf97	C17orf97	1	0	0
C17orf98	C17orf98	3	0	0
C17orf99	C17orf99	1	0	2
C18orf21	C18orf21	3	0	0
C18orf25	C18orf25	1	0	0
C18orf32	C18orf32	1	0	0
C18orf54	C18orf54	1	0	0
C18orf63	C18orf63	1	0	0
C19orf12	C19orf12	3	0	0
C19orf18	C19orf18	1	0	0
C19orf33	C19orf33	1	0	0
C19orf38	C19orf38	1	0	0
C19orf44	C19orf44	3	0	0
C19orf47	C19orf47	3	0	0
C19orf48	C19orf48	1	0	0
C19orf53	C19orf53	3	0	0
C19orf54	C19orf54	6	0	0
C19orf67	C19orf67	3	0	0
C19orf71	C19orf71	1	0	0
C19orf73	C19orf73	1	0	0
C19orf81	C19orf81	3	0	0
C19orf84	C19orf84	1	0	0
C1D	C1D	1	0	0
C1GALT1	C1GALT1	1	0	0
C1GALT1C1	C1GALT1C1	1	0	0
C1GALT1C1	C1GALT1C1L	0	2	0
C1GALT1C1L	C1GALT1C1L	1	0	0
C1QA	C1QA	0	0	1
C1QB	C1QB	0	0	1
C1QBP	C1QBP	1	0	0
C1QC	C1QC	0	0	3
C1QL1	C1QL1	1	0	0
C1QL1	C1QL2	0	2	0
C1QL1	C1QL3	0	2	0
C1QL1	C1QL4	0	2	0
C1QL2	C1QL2	1	0	0
C1QL2	C1QL3	0	2	0
C1QL2	C1QL4	0	2	0
C1QL3	C1QL3	1	0	0
C1QL3	C1QL4	0	2	0
C1QL4	C1QL4	1	0	0
C1QTNF1	C1QTNF1	3	0	0
C1QTNF1	C1QTNF6	0	2	0
C1QTNF1	C1QTNF8	0	2	0
C1QTNF12	C1QTNF12	1	0	0
C1QTNF12	ERFE	0	2	0
C1QTNF2	C1QTNF2	0	0	1
C1QTNF5	C1QTNF5	0	0	1
C1QTNF6	C1QTNF6	1	0	0
C1QTNF6	C1QTNF8	0	2	0
C1QTNF7	C1QTNF7	0	0	1
C1QTNF8	C1QTNF8	1	0	0
C1QTNF9	C1QTNF9	0	0	1
C1R	C1R	3	0	0
C1R	C1RL	0	2	0
C1R	C1S	0	2	0
C1R	MASP1	0	2	0
C1R	MASP2	0	2	0
C1RL	C1RL	1	0	0
C1RL	C1S	0	2	0
C1RL	MASP1	0	2	0
C1RL	MASP2	0	2	0
C1S	C1S	1	0	0
C1S	MASP1	0	2	0
C1S	MASP2	0	2	0
C1orf100	C1orf100	1	0	0
C1orf105	C1orf105	1	0	0
C1orf109	C1orf109	1	0	0
C1orf112	C1orf112	1	0	0
C1orf115	C1orf115	1	0	0
C1orf116	C1orf116	3	0	0
C1orf127	C1orf127	1	0	0
C1orf131	C1orf131	3	0	0
C1orf141	C1orf141	3	0	0
C1orf146	C1orf146	1	0	0
C1orf159	C1orf159	3	0	0
C1orf162	C1orf162	1	0	2
C1orf167	C1orf167	1	0	0
C1orf174	C1orf174	1	0	0
C1orf185	C1orf185	3	0	0
C1orf198	C1orf198	3	0	0
C1orf21	C1orf21	1	0	0
C1orf210	C1orf210	3	0	0
C1orf216	C1orf216	1	0	0
C1orf232	C1orf232	1	0	0
C1orf35	C1orf35	1	0	0
C1orf43	C1orf43	6	0	0
C1orf50	C1orf50	1	0	0
C1orf52	C1orf52	1	0	0
C1orf53	C1orf53	1	0	0
C1orf54	C1orf54	1	0	0
C1orf56	C1orf56	3	0	0
C1orf68	C1orf68	3	0	0
C1orf74	C1orf74	1	0	0
C1orf87	C1orf87	1	0	0
C1orf94	C1orf94	1	0	0
C2	C2	3	0	0
C20orf141	C20orf141	6	0	0
C20orf144	C20orf144	3	0	0
C20orf173	C20orf173	1	0	0
C20orf202	C20orf202	1	0	0
C20orf27	C20orf27	3	0	0
C20orf85	C20orf85	3	0	0
C20orf96	C20orf96	3	0	0
C21orf140	C21orf140	6	0	0
C21orf58	C21orf58	1	0	2
C21orf62	C21orf62	1	0	0
C21orf91	C21orf91	1	0	0
C22orf15	C22orf15	1	0	0
C22orf23	C22orf23	3	0	0
C22orf31	C22orf31	1	0	0
C22orf39	C22orf39	3	0	0
C22orf42	C22orf42	1	0	0
C22orf42	CCNY	0	2	0
C22orf42	CCNYL1	0	2	0
C22orf42	DRICH1	0	2	0
C2CD2	C2CD2	3	0	0
C2CD2	C2CD2L	0	2	0
C2CD2L	C2CD2L	1	0	0
C2CD3	C2CD3	1	0	0
C2CD4A	C2CD4A	1	0	0
C2CD4A	C2CD4B	0	2	0
C2CD4A	C2CD4C	0	2	0
C2CD4A	C2CD4D	0	2	0
C2CD4B	C2CD4B	1	0	0
C2CD4B	C2CD4C	0	2	0
C2CD4B	C2CD4D	0	2	0
C2CD4C	C2CD4C	3	0	0
C2CD4C	C2CD4D	0	2	0
C2CD4D	C2CD4D	1	0	0
C2CD5	C2CD5	1	0	0
C2CD6	C2CD6	1	0	0
C2orf15	C2orf15	3	0	0
C2orf16	C2orf16	0	0	1
C2orf42	C2orf42	1	0	0
C2orf49	C2orf49	1	0	0
C2orf50	C2orf50	1	0	0
C2orf66	C2orf66	1	0	0
C2orf68	C2orf68	3	0	0
C2orf69	C2orf69	1	0	0
C2orf73	C2orf73	1	0	0
C2orf74	C2orf74	1	0	0
C2orf78	C2orf78	6	0	0
C2orf80	C2orf80	3	0	1
C2orf80	CRYGA	0	6	0
C2orf80	CRYGB	0	2	0
C2orf80	CRYGD	0	2	0
C2orf83	C2orf83	1	0	0
C2orf88	C2orf88	1	0	0
C3	C3	1	0	0
C3	C5	0	2	0
C3AR1	C3AR1	1	0	0
C3AR1	C5AR1	0	2	0
C3AR1	C5AR2	0	2	0
C3AR1	CMKLR1	0	2	0
C3AR1	CMKLR2	0	2	0
C3AR1	FPR1	0	2	0
C3AR1	FPR3	0	2	0
C3AR1	GPR32	0	2	0
C3AR1	GPR33	0	2	0
C3orf14	C3orf14	3	0	0
C3orf18	C3orf18	3	0	0
C3orf20	C3orf20	3	0	0
C3orf22	C3orf22	3	0	0
C3orf33	C3orf33	1	0	0
C3orf38	C3orf38	3	0	0
C3orf49	C3orf49	3	0	0
C3orf52	C3orf52	1	0	2
C3orf56	C3orf56	1	0	0
C3orf56	PRR23A	0	2	0
C3orf56	PRR23B	0	2	0
C3orf56	PRR23C	0	2	0
C3orf62	C3orf62	3	0	0
C3orf70	C3orf70	1	0	0
C3orf80	C3orf80	1	0	0
C3orf84	C3orf84	3	0	0
C4BPA	C4BPA	1	0	0
C4BPA	CR1L	0	2	0
C4BPB	C4BPB	1	0	0
C4orf17	C4orf17	3	0	0
C4orf19	C4orf19	3	0	0
C4orf3	C4orf3	3	0	0
C4orf33	C4orf33	1	0	0
C4orf36	C4orf36	1	0	0
C4orf45	C4orf45	1	0	0
C4orf46	C4orf46	1	0	0
C4orf47	C4orf47	3	0	0
C4orf48	C4orf48	1	0	0
C4orf50	C4orf50	1	0	0
C4orf51	C4orf51	1	0	0
C4orf54	C4orf54	1	0	0
C5	C5	1	0	0
C5AR1	C5AR1	1	0	0
C5AR1	C5AR2	0	2	0
C5AR1	CMKLR1	0	2	0
C5AR1	CMKLR2	0	2	0
C5AR1	FPR1	0	2	0
C5AR1	FPR3	0	2	0
C5AR1	GPR32	0	2	0
C5AR1	GPR33	0	2	0
C5AR2	C5AR2	1	0	0
C5AR2	CMKLR1	0	2	0
C5AR2	CMKLR2	0	2	0
C5AR2	FPR1	0	2	0
C5AR2	FPR3	0	2	0
C5AR2	GPR32	0	2	0
C5AR2	GPR33	0	2	0
C5orf15	C5orf15	1	0	0
C5orf22	C5orf22	3	0	0
C5orf24	C5orf24	1	0	0
C5orf34	C5orf34	3	0	0
C5orf38	C5orf38	1	0	0
C5orf46	C5orf46	1	0	0
C5orf47	C5orf47	1	0	0
C5orf49	C5orf49	3	0	0
C5orf52	C5orf52	3	0	0
C5orf58	C5orf58	1	0	0
C5orf63	C5orf63	1	0	0
C6	C6	1	0	0
C6	C7	0	2	0
C6orf118	C6orf118	1	0	0
C6orf120	C6orf120	6	0	0
C6orf132	C6orf132	6	0	0
C6orf136	C6orf136	6	0	0
C6orf141	C6orf141	1	0	0
C6orf15	C6orf15	1	0	0
C6orf163	C6orf163	3	0	0
C6orf201	C6orf201	1	0	2
C6orf223	C6orf223	1	0	0
C6orf52	C6orf52	3	0	0
C6orf52	TRNAU1AP	0	6	0
C6orf58	C6orf58	3	0	0
C6orf62	C6orf62	1	0	0
C6orf89	C6orf89	3	0	0
C7	C7	1	0	0
C7orf25	C7orf25	1	0	0
C7orf26	C7orf26	1	0	0
C7orf31	C7orf31	1	0	0
C7orf33	C7orf33	1	0	0
C7orf50	C7orf50	0	0	1
C7orf57	C7orf57	3	0	0
C7orf61	C7orf61	1	0	0
C7orf61	TSC22D4	0	2	0
C7orf77	C7orf77	1	0	0
C8A	C8A	1	0	0
C8A	C8B	0	2	0
C8A	C9	0	2	0
C8B	C8B	1	0	0
C8B	C9	0	2	0
C8G	C8G	1	0	0
C8orf33	C8orf33	1	0	0
C8orf34	C8orf34	1	0	0
C8orf44	C8orf44	1	0	0
C8orf48	C8orf48	1	0	2
C8orf74	C8orf74	1	0	0
C8orf76	C8orf76	1	0	0
C8orf82	C8orf82	1	0	0
C8orf86	C8orf86	1	0	0
C8orf88	C8orf88	1	0	0
C8orf89	C8orf89	1	0	0
C9	C9	1	0	0
C9orf116	C9orf116	3	0	0
C9orf129	C9orf129	1	0	0
C9orf131	C9orf131	1	0	0
C9orf152	C9orf152	1	0	0
C9orf153	C9orf153	1	0	0
C9orf24	C9orf24	1	0	0
C9orf40	C9orf40	1	0	0
C9orf43	C9orf43	1	0	0
C9orf50	C9orf50	1	0	0
C9orf57	C9orf57	1	0	0
C9orf64	C9orf64	3	0	0
C9orf72	C9orf72	1	0	0
C9orf78	C9orf78	1	0	0
C9orf85	C9orf85	1	0	0
C9orf92	C9orf92	1	0	0
CA1	CA1	0	0	1
CA10	CA10	1	0	0
CA11	CA11	1	0	0
CA12	CA12	0	0	1
CA13	CA13	0	0	1
CA14	CA14	0	0	1
CA2	CA2	0	0	1
CA3	CA3	0	0	1
CA4	CA4	0	0	1
CA5A	CA5A	0	0	3
CA5B	CA5B	0	0	1
CA6	CA6	0	0	1
CA7	CA7	0	0	1
CA8	CA8	0	0	1
CA9	CA9	1	0	0
CAAP1	CAAP1	1	0	0
CAB39	CAB39	1	0	0
CAB39	CAB39L	0	2	0
CAB39L	CAB39L	1	0	0
CABCOCO1	CABCOCO1	6	0	0
CABIN1	CABIN1	1	0	0
CABLES1	CABLES1	1	0	0
CABLES1	CABLES2	0	2	0
CABLES2	CABLES2	1	0	0
CABP1	CABP1	1	0	2
CABP2	CABP2	0	0	1
CABP4	CABP4	0	0	1
CABP5	CABP5	0	0	1
CABP7	CABP7	3	0	0
CABS1	CABS1	1	0	0
CABYR	CABYR	1	0	0
CACFD1	CACFD1	1	0	0
CACHD1	CACHD1	1	0	0
CACNA1A	CACNA1A	1	0	0
CACNA1A	CACNA1E	0	2	0
CACNA1C	CACNA1C	1	0	0
CACNA1C	CACNA1D	0	2	0
CACNA1C	CACNA1F	0	2	0
CACNA1C	CACNA1S	0	2	0
CACNA1D	CACNA1D	1	0	0
CACNA1D	CACNA1F	0	2	0
CACNA1D	CACNA1S	0	2	0
CACNA1E	CACNA1E	1	0	0
CACNA1F	CACNA1F	1	0	0
CACNA1F	CACNA1S	0	2	0
CACNA1G	CACNA1G	1	0	0
CACNA1G	CACNA1H	0	2	0
CACNA1G	CACNA1I	0	2	0
CACNA1H	CACNA1H	1	0	0
CACNA1H	CACNA1I	0	2	0
CACNA1I	CACNA1I	3	0	0
CACNA1S	CACNA1S	1	0	0
CACNA2D1	CACNA2D1	1	0	0
CACNA2D1	CACNA2D2	0	2	0
CACNA2D1	CACNA2D3	0	2	0
CACNA2D1	CACNA2D4	0	2	0
CACNA2D2	CACNA2D2	1	0	0
CACNA2D2	CACNA2D3	0	2	0
CACNA2D2	CACNA2D4	0	2	0
CACNA2D3	CACNA2D3	1	0	0
CACNA2D3	CACNA2D4	0	2	0
CACNA2D4	CACNA2D4	1	0	0
CACNB1	CACNB1	1	0	0
CACNB1	CACNB2	0	2	0
CACNB1	CACNB3	0	2	0
CACNB1	CACNB4	0	2	0
CACNB2	CACNB2	1	0	0
CACNB2	CACNB3	0	2	0
CACNB2	CACNB4	0	2	0
CACNB3	CACNB3	1	0	0
CACNB3	CACNB4	0	2	0
CACNB4	CACNB4	6	0	0
CACNG1	CACNG1	1	0	0
CACNG1	CACNG6	0	2	0
CACNG2	CACNG2	1	0	0
CACNG2	CACNG3	0	2	0
CACNG2	CACNG4	0	2	0
CACNG2	CACNG5	0	2	0
CACNG2	CACNG7	0	2	0
CACNG3	CACNG3	1	0	0
CACNG3	CACNG4	0	2	0
CACNG3	CACNG5	0	2	0
CACNG3	CACNG7	0	2	0
CACNG4	CACNG4	1	0	0
CACNG4	CACNG5	0	2	0
CACNG4	CACNG7	0	2	0
CACNG5	CACNG5	1	0	0
CACNG5	CACNG7	0	2	0
CACNG6	CACNG6	1	0	0
CACNG7	CACNG7	3	0	0
CACNG8	CACNG8	1	0	0
CACTIN	CACTIN	1	0	0
CACUL1	CACUL1	3	0	0
CACYBP	CACYBP	3	0	0
CAD	CAD	3	0	0
CADM1	CADM1	1	0	0
CADM1	CADM2	0	2	0
CADM1	CADM3	0	2	0
CADM1	CADM4	0	2	0
CADM1	CRTAM	0	2	0
CADM1	GYPC	0	2	0
CADM1	SMAGP	0	2	0
CADM2	CADM2	1	0	0
CADM2	CADM3	0	2	0
CADM2	CADM4	0	2	0
CADM2	CRTAM	0	2	0
CADM2	GYPC	0	2	0
CADM2	SMAGP	0	2	0
CADM3	CADM3	1	0	0
CADM3	CADM4	0	2	0
CADM3	CRTAM	0	2	0
CADM3	GYPC	0	2	0
CADM3	SMAGP	0	2	0
CADM4	CADM4	3	0	0
CADM4	CRTAM	0	2	0
CADM4	GYPC	0	2	0
CADM4	SMAGP	0	2	0
CADPS	CADPS	1	0	0
CADPS	CADPS2	0	2	0
CADPS2	CADPS2	1	0	0
CALB1	CALB1	1	0	0
CALB1	CALB2	0	2	0
CALB1	SCGN	0	2	0
CALB2	CALB2	1	0	0
CALB2	SCGN	0	2	0
CALCB	CALCB	1	0	0
CALCOCO1	CALCOCO1	1	0	0
CALCOCO1	CALCOCO2	0	2	0
CALCOCO1	TAX1BP1	0	2	0
CALCOCO2	CALCOCO2	1	0	0
CALCOCO2	TAX1BP1	0	2	0
CALCR	CALCR	0	0	1
CALCRL	CALCRL	0	0	1
CALD1	CALD1	0	0	1
CALHM1	CALHM1	1	0	0
CALHM1	CALHM3	0	2	0
CALHM2	CALHM2	1	0	0
CALHM2	CALHM4	0	2	0
CALHM2	CALHM5	0	2	0
CALHM2	CALHM6	0	2	0
CALHM3	CALHM3	1	0	0
CALHM4	CALHM4	1	0	0
CALHM4	CALHM5	0	2	0
CALHM4	CALHM6	0	2	0
CALHM5	CALHM5	3	0	0
CALHM5	CALHM6	0	2	0
CALHM6	CALHM6	1	0	0
CALM1	CALM1	0	0	1
CALML3	CALML3	0	0	1
CALML4	CALML4	1	0	0
CALML5	CALML5	0	0	3
CALML6	CALML6	0	0	1
CALR	CALR	3	0	0
CALR	CALR3	0	2	0
CALR3	CALR3	1	0	0
CALU	CALU	1	0	0
CALU	RCN2	0	2	0
CALU	RCN3	0	2	0
CALU	SDF4	0	2	0
CALY	CALY	1	0	0
CALY	NSG2	0	2	0
CAMK1	CAMK1	0	0	1
CAMK1D	CAMK1D	0	0	1
CAMK1G	CAMK1G	0	0	1
CAMK2A	CAMK2A	0	0	1
CAMK2B	CAMK2B	0	0	1
CAMK2D	CAMK2D	0	0	6
CAMK2G	CAMK2G	0	0	3
CAMK2N1	CAMK2N1	1	0	0
CAMK2N1	CAMK2N2	0	2	0
CAMK2N2	CAMK2N2	1	0	0
CAMK4	CAMK4	3	0	0
CAMK4	MAPKAPK5	0	2	0
CAMKK1	CAMKK1	1	0	0
CAMKK1	CAMKK2	0	2	0
CAMKK2	CAMKK2	1	0	0
CAMKMT	CAMKMT	1	0	0
CAMKV	CAMKV	1	0	0
CAMLG	CAMLG	1	0	0
CAMP	CAMP	1	0	0
CAMSAP1	CAMSAP1	1	0	0
CAMSAP1	CAMSAP2	0	2	0
CAMSAP1	CAMSAP3	0	2	0
CAMSAP2	CAMSAP2	1	0	0
CAMSAP2	CAMSAP3	0	2	0
CAMSAP3	CAMSAP3	1	0	0
CAMTA1	CAMTA1	1	0	0
CAMTA1	CAMTA2	0	2	0
CAMTA2	CAMTA2	1	0	0
CAND1	CAND1	1	0	0
CAND1	CAND2	0	2	0
CAND2	CAND2	3	0	0
CANT1	CANT1	1	0	0
CANX	CANX	1	0	0
CANX	CLGN	0	2	0
CAP1	CAP1	1	0	0
CAP1	CAP2	0	2	0
CAP2	CAP2	1	0	0
CAPG	CAPG	1	0	0
CAPN1	CAPN1	0	0	1
CAPN10	CAPN10	0	0	1
CAPN11	CAPN11	0	0	1
CAPN12	CAPN12	0	0	1
CAPN13	CAPN13	0	0	1
CAPN14	CAPN14	0	0	1
CAPN2	CAPN2	0	0	3
CAPN3	CAPN3	0	0	1
CAPN6	CAPN6	0	0	1
CAPN7	CAPN7	1	0	0
CAPN8	CAPN8	0	0	1
CAPN9	CAPN9	0	0	1
CAPNS1	CAPNS1	6	0	0
CAPRIN1	CAPRIN1	3	0	0
CAPRIN2	CAPRIN2	1	0	0
CAPS	CAPS	1	0	0
CAPS	CAPSL	0	2	0
CAPS2	CAPS2	1	0	0
CAPSL	CAPSL	1	0	0
CAPZA1	CAPZA1	1	0	0
CAPZA1	CAPZA2	0	2	0
CAPZA1	CAPZA3	0	2	0
CAPZA2	CAPZA2	1	0	0
CAPZA2	CAPZA3	0	2	0
CAPZA3	CAPZA3	1	0	0
CAPZB	CAPZB	3	0	0
CARD10	CARD10	1	0	0
CARD10	CARD11	0	2	0
CARD10	CARD14	0	2	0
CARD11	CARD11	1	0	0
CARD11	CARD14	0	2	0
CARD14	CARD14	1	0	0
CARD19	CARD19	3	0	0
CARD6	CARD6	1	0	0
CARD8	CARD8	1	0	0
CARD9	CARD9	1	0	0
CARF	CARF	1	0	0
CARHSP1	CARHSP1	1	0	0
CARHSP1	CSDC2	0	2	0
CARM1	CARM1	1	0	0
CARMIL1	CARMIL1	1	0	0
CARMIL1	CARMIL2	0	2	0
CARMIL1	CARMIL3	0	2	0
CARMIL2	CARMIL2	1	0	0
CARMIL2	CARMIL3	0	2	0
CARMIL3	CARMIL3	1	0	0
CARNMT1	CARNMT1	1	0	0
CARNS1	CARNS1	1	0	0
CARS1	CARS1	1	0	0
CARS1	CARS2	0	2	0
CARS2	CARS2	3	0	0
CARTPT	CARTPT	1	0	0
CASC3	CASC3	1	0	0
CASD1	CASD1	1	0	0
CASK	CASK	1	0	0
CASK	MPP1	0	2	0
CASK	MPP2	0	2	0
CASK	MPP3	0	2	0
CASK	MPP7	0	2	0
CASK	PALS1	0	2	0
CASK	PALS2	0	2	0
CASKIN1	CASKIN1	1	0	0
CASKIN1	CASKIN2	0	2	0
CASKIN2	CASKIN2	1	0	0
CASP1	CASP1	1	0	0
CASP1	CASP12	0	2	0
CASP1	CASP4	0	2	0
CASP1	CASP5	0	2	0
CASP10	CASP10	1	0	0
CASP10	CASP8	0	2	0
CASP10	CFLAR	0	2	0
CASP12	CASP12	1	0	0
CASP12	CASP4	0	2	0
CASP12	CASP5	0	2	0
CASP14	CASP14	1	0	0
CASP2	CASP2	1	0	0
CASP2	CASP9	0	2	0
CASP3	CASP3	1	0	0
CASP3	CASP6	0	2	0
CASP3	CASP7	0	2	0
CASP4	CASP4	1	0	0
CASP4	CASP5	0	2	0
CASP5	CASP5	1	0	0
CASP6	CASP6	3	0	0
CASP6	CASP7	0	2	0
CASP7	CASP7	1	0	0
CASP8	CASP8	1	0	0
CASP8	CFLAR	0	2	0
CASP8AP2	CASP8AP2	1	0	0
CASP9	CASP9	3	0	0
CASQ1	CASQ1	1	0	0
CASQ1	CASQ2	0	2	0
CASQ2	CASQ2	1	0	0
CASR	CASR	1	0	0
CASS4	CASS4	1	0	0
CAST	CAST	1	0	0
CASTOR1	CASTOR1	1	0	0
CASZ1	CASZ1	1	0	0
CAT	CAT	1	0	0
CATIP	CATIP	1	0	2
CATSPER1	CATSPER1	3	0	0
CATSPER3	CATSPER3	1	0	0
CATSPER4	CATSPER4	6	0	0
CATSPERB	CATSPERB	1	0	0
CATSPERD	CATSPERD	1	0	0
CATSPERE	CATSPERE	1	0	0
CATSPERG	CATSPERG	1	0	0
CAV1	CAV1	1	0	0
CAV1	CAV3	0	2	0
CAV2	CAV2	1	0	0
CAV3	CAV3	1	0	0
CAVIN1	CAVIN1	1	0	0
CAVIN1	CAVIN2	0	2	0
CAVIN2	CAVIN2	1	0	0
CAVIN3	CAVIN3	1	0	0
CAVIN4	CAVIN4	1	0	0
CBARP	CBARP	3	0	0
CBFA2T2	CBFA2T2	1	0	0
CBFA2T2	CBFA2T3	0	2	0
CBFA2T2	RUNX1T1	0	2	0
CBFA2T3	CBFA2T3	3	0	0
CBFA2T3	RUNX1T1	0	2	0
CBFB	CBFB	1	0	0
CBL	CBL	1	0	0
CBL	CBLB	0	2	0
CBLB	CBLB	1	0	0
CBLC	CBLC	1	0	0
CBLIF	CBLIF	1	0	0
CBLIF	TCN1	0	2	0
CBLIF	TCN2	0	2	0
CBLL1	CBLL1	6	0	0
CBLL1	CBLL2	0	2	0
CBLL2	CBLL2	1	0	0
CBLN1	CBLN1	1	0	0
CBLN1	CBLN2	0	2	0
CBLN1	CBLN3	0	1	0
CBLN1	CBLN4	0	2	0
CBLN2	CBLN2	1	0	0
CBLN2	CBLN3	0	1	0
CBLN2	CBLN4	0	2	0
CBLN3	CBLN3	0	0	1
CBLN3	CBLN4	0	1	0
CBLN4	CBLN4	1	0	0
CBR1	CBR1	1	0	0
CBR1	CBR3	0	2	0
CBR3	CBR3	3	0	0
CBR4	CBR4	0	0	1
CBX2	CBX2	3	0	0
CBX2	CBX4	0	2	0
CBX2	CBX6	0	2	0
CBX2	CBX7	0	2	0
CBX2	CBX8	0	2	0
CBX3	CBX3	1	0	0
CBX3	CBX5	0	2	0
CBX4	CBX4	3	0	0
CBX4	CBX6	0	2	0
CBX4	CBX7	0	2	0
CBX4	CBX8	0	2	0
CBX5	CBX5	1	0	0
CBX6	CBX6	1	0	0
CBX6	CBX7	0	2	0
CBX6	CBX8	0	2	0
CBX7	CBX7	1	0	0
CBX7	CBX8	0	2	0
CBX8	CBX8	1	0	0
CBY1	CBY1	1	0	0
CBY2	CBY2	1	0	0
CBY3	CBY3	3	0	0
CC2D1A	CC2D1A	1	0	0
CC2D1A	CC2D1B	0	2	0
CC2D1B	CC2D1B	1	0	0
CC2D2A	CC2D2A	3	0	0
CC2D2A	CC2D2B	0	2	0
CC2D2B	CC2D2B	1	0	0
CCAR1	CCAR1	1	0	0
CCAR1	CCAR2	0	2	0
CCAR2	CCAR2	1	0	0
CCBE1	CCBE1	1	0	0
CCDC102A	CCDC102A	1	0	0
CCDC102A	CCDC102B	0	2	0
CCDC102B	CCDC102B	3	0	0
CCDC103	CCDC103	3	0	0
CCDC105	CCDC105	1	0	0
CCDC106	CCDC106	1	0	0
CCDC107	CCDC107	1	0	0
CCDC110	CCDC110	1	0	0
CCDC112	CCDC112	1	0	0
CCDC113	CCDC113	1	0	0
CCDC115	CCDC115	1	0	0
CCDC116	CCDC116	6	0	0
CCDC117	CCDC117	1	0	0
CCDC12	CCDC12	1	0	0
CCDC120	CCDC120	1	0	0
CCDC121	CCDC121	1	0	0
CCDC122	CCDC122	1	0	0
CCDC124	CCDC124	3	0	0
CCDC125	CCDC125	3	0	0
CCDC126	CCDC126	1	0	0
CCDC127	CCDC127	1	0	0
CCDC13	CCDC13	1	0	0
CCDC134	CCDC134	1	0	0
CCDC136	CCDC136	1	0	0
CCDC137	CCDC137	1	0	0
CCDC138	CCDC138	1	0	0
CCDC14	CCDC14	1	0	0
CCDC140	CCDC140	1	0	0
CCDC141	CCDC141	1	0	0
CCDC142	CCDC142	1	0	0
CCDC146	CCDC146	1	0	0
CCDC146	CFAP58	0	2	0
CCDC148	CCDC148	1	0	0
CCDC149	CCDC149	1	0	0
CCDC15	CCDC15	3	0	0
CCDC150	CCDC150	3	0	0
CCDC150	CCDC158	0	2	0
CCDC150	ERC1	0	2	0
CCDC150	ERC2	0	2	0
CCDC150	PMFBP1	0	2	0
CCDC152	CCDC152	1	0	0
CCDC153	CCDC153	1	0	0
CCDC154	CCDC154	1	0	0
CCDC157	CCDC157	1	0	0
CCDC158	CCDC158	1	0	0
CCDC158	ERC1	0	2	0
CCDC158	ERC2	0	2	0
CCDC158	PMFBP1	0	2	0
CCDC159	CCDC159	1	0	0
CCDC160	CCDC160	1	0	0
CCDC163	CCDC163	1	0	0
CCDC166	CCDC166	1	0	0
CCDC167	CCDC167	1	0	0
CCDC169	CCDC169	1	0	0
CCDC17	CCDC17	1	0	0
CCDC170	CCDC170	1	0	0
CCDC171	CCDC171	1	0	0
CCDC172	CCDC172	1	0	0
CCDC174	CCDC174	1	0	0
CCDC175	CCDC175	1	0	0
CCDC177	CCDC177	1	0	0
CCDC177	CCDC185	0	2	0
CCDC178	CCDC178	1	0	0
CCDC179	CCDC179	1	0	0
CCDC18	CCDC18	1	0	0
CCDC180	CCDC180	1	0	0
CCDC181	CCDC181	1	0	0
CCDC182	CCDC182	1	0	0
CCDC183	CCDC183	1	0	0
CCDC183	ODAD3	0	2	0
CCDC184	CCDC184	1	0	0
CCDC185	CCDC185	1	0	0
CCDC186	CCDC186	1	0	0
CCDC187	CCDC187	3	0	0
CCDC188	CCDC188	1	0	0
CCDC190	CCDC190	1	0	0
CCDC191	CCDC191	1	0	0
CCDC192	CCDC192	3	0	0
CCDC196	CCDC196	1	0	0
CCDC197	CCDC197	1	0	0
CCDC198	CCDC198	1	0	0
CCDC22	CCDC22	1	0	0
CCDC24	CCDC24	1	0	0
CCDC25	CCDC25	1	0	0
CCDC27	CCDC27	1	0	0
CCDC28A	CCDC28A	3	0	0
CCDC28A	CCDC28B	0	2	0
CCDC28B	CCDC28B	1	0	0
CCDC3	CCDC3	1	0	0
CCDC30	CCDC30	1	0	0
CCDC32	CCDC32	1	0	0
CCDC33	CCDC33	1	0	0
CCDC34	CCDC34	0	0	3
CCDC38	CCDC38	1	0	0
CCDC38	CFAP100	0	2	0
CCDC39	CCDC39	1	0	0
CCDC40	CCDC40	1	0	0
CCDC42	CCDC42	1	0	0
CCDC42	CFAP73	0	2	0
CCDC43	CCDC43	1	0	0
CCDC47	CCDC47	3	0	0
CCDC50	CCDC50	1	0	0
CCDC51	CCDC51	1	0	0
CCDC54	CCDC54	1	0	0
CCDC57	CCDC57	1	0	0
CCDC59	CCDC59	1	0	0
CCDC6	CCDC6	1	0	0
CCDC60	CCDC60	1	0	0
CCDC61	CCDC61	1	0	0
CCDC62	CCDC62	6	0	0
CCDC63	CCDC63	1	0	0
CCDC63	ODAD1	0	2	0
CCDC65	CCDC65	1	0	0
CCDC66	CCDC66	1	0	0
CCDC68	CCDC68	1	0	0
CCDC68	TUFT1	0	2	0
CCDC7	CCDC7	1	0	0
CCDC70	CCDC70	1	0	0
CCDC71	CCDC71	3	0	0
CCDC71L	CCDC71L	1	0	0
CCDC73	CCDC73	1	0	0
CCDC77	CCDC77	1	0	0
CCDC78	CCDC78	1	0	0
CCDC8	CCDC8	1	0	0
CCDC80	CCDC80	1	0	0
CCDC81	CCDC81	1	0	0
CCDC82	CCDC82	1	0	0
CCDC83	CCDC83	1	0	0
CCDC85A	CCDC85A	1	0	0
CCDC85A	CCDC85C	0	2	0
CCDC85B	CCDC85B	1	0	0
CCDC85C	CCDC85C	1	0	0
CCDC86	CCDC86	1	0	0
CCDC87	CCDC87	1	0	0
CCDC88A	CCDC88A	1	0	0
CCDC88A	CCDC88C	0	2	0
CCDC88C	CCDC88C	1	0	0
CCDC90B	CCDC90B	1	0	0
CCDC90B	MCUR1	0	2	0
CCDC91	CCDC91	1	0	0
CCDC92	CCDC92	1	0	0
CCDC93	CCDC93	1	0	0
CCDC96	CCDC96	6	0	0
CCDC97	CCDC97	1	0	0
CCDC9B	CCDC9B	3	0	0
CCER1	CCER1	1	0	0
CCER2	CCER2	3	0	0
CCHCR1	CCHCR1	1	0	0
CCIN	CCIN	1	0	0
CCK	CCK	3	0	0
CCK	GAST	0	2	0
CCKAR	CCKAR	1	0	0
CCKAR	CCKBR	0	2	0
CCKAR	HCRTR1	0	2	0
CCKAR	HCRTR2	0	2	0
CCKBR	CCKBR	1	0	0
CCKBR	HCRTR1	0	2	0
CCKBR	HCRTR2	0	2	0
CCL1	CCL1	1	0	0
CCL11	CCL11	1	0	0
CCL11	CCL13	0	2	0
CCL11	CCL2	0	4	0
CCL11	CCL22	0	2	0
CCL11	CCL26	0	2	0
CCL11	CCL8	0	2	0
CCL13	CCL13	1	0	0
CCL13	CCL2	0	4	0
CCL13	CCL22	0	2	0
CCL13	CCL26	0	2	0
CCL13	CCL8	0	2	0
CCL14	CCL14	3	0	0
CCL14	CCL16	0	2	0
CCL14	CCL18	0	2	0
CCL14	CCL23	0	2	0
CCL14	CCL5	0	4	0
CCL16	CCL16	1	0	0
CCL16	CCL18	0	2	0
CCL16	CCL23	0	2	0
CCL16	CCL5	0	2	0
CCL17	CCL17	1	0	0
CCL18	CCL18	1	0	0
CCL18	CCL23	0	2	0
CCL18	CCL5	0	2	0
CCL19	CCL19	1	0	0
CCL2	CCL2	6	2	0
CCL2	CCL22	0	4	0
CCL2	CCL26	0	4	0
CCL2	CCL8	0	8	0
CCL20	CCL20	1	0	0
CCL21	CCL21	1	0	0
CCL22	CCL22	1	0	0
CCL22	CCL26	0	2	0
CCL22	CCL8	0	2	0
CCL23	CCL23	1	0	0
CCL23	CCL5	0	2	0
CCL24	CCL24	1	0	0
CCL25	CCL25	1	0	0
CCL26	CCL26	1	0	0
CCL26	CCL8	0	2	0
CCL27	CCL27	1	0	0
CCL28	CCL28	1	0	0
CCL5	CCL5	1	0	2
CCL8	CCL8	3	0	0
CCM2	CCM2	1	0	0
CCM2	CCM2L	0	2	0
CCM2L	CCM2L	3	0	0
CCN1	CCN1	1	0	0
CCN1	CCN2	0	2	0
CCN1	CCN3	0	2	0
CCN1	CCN4	0	2	0
CCN1	CCN5	0	2	0
CCN1	CCN6	0	2	0
CCN2	CCN2	1	0	0
CCN2	CCN3	0	2	0
CCN2	CCN4	0	2	0
CCN2	CCN5	0	2	0
CCN2	CCN6	0	2	0
CCN3	CCN3	3	0	0
CCN3	CCN4	0	2	0
CCN3	CCN5	0	2	0
CCN3	CCN6	0	2	0
CCN4	CCN4	1	0	0
CCN4	CCN5	0	2	0
CCN4	CCN6	0	2	0
CCN5	CCN5	1	0	0
CCN5	CCN6	0	2	0
CCN6	CCN6	1	0	0
CCNA1	CCNA1	1	0	0
CCNA1	CCNA2	0	2	0
CCNA2	CCNA2	1	0	0
CCNB1	CCNB1	1	0	0
CCNB1	CCNB2	0	2	0
CCNB1IP1	CCNB1IP1	1	0	0
CCNB2	CCNB2	1	0	0
CCNB3	CCNB3	1	0	0
CCNC	CCNC	3	0	0
CCND1	CCND1	1	0	0
CCND1	CCND2	0	2	0
CCND1	CCND3	0	2	0
CCND2	CCND2	1	0	0
CCND2	CCND3	0	2	0
CCND3	CCND3	1	0	0
CCNDBP1	CCNDBP1	1	0	0
CCNE1	CCNE1	1	0	0
CCNE1	CCNE2	0	2	0
CCNE2	CCNE2	3	0	0
CCNF	CCNF	1	0	0
CCNG1	CCNG1	1	0	0
CCNG2	CCNG2	1	0	0
CCNH	CCNH	1	0	0
CCNI	CCNI	3	0	0
CCNI2	CCNI2	3	0	0
CCNJ	CCNJ	1	0	0
CCNJ	CCNJL	0	2	0
CCNJL	CCNJL	1	0	0
CCNK	CCNK	1	0	0
CCNL1	CCNL1	1	0	0
CCNL1	CCNL2	0	2	0
CCNL2	CCNL2	1	0	0
CCNO	CCNO	3	0	0
CCNP	CCNP	1	0	2
CCNQ	CCNQ	3	0	0
CCNT1	CCNT1	1	0	0
CCNT1	CCNT2	0	2	0
CCNT2	CCNT2	1	0	0
CCNY	CCNY	1	0	0
CCNY	CCNYL1	0	2	0
CCNY	DRICH1	0	2	0
CCNYL1	CCNYL1	6	0	0
CCNYL1	DRICH1	0	2	0
CCP110	CCP110	1	0	0
CCPG1	CCPG1	1	0	0
CCR1	CCR1	0	0	1
CCR10	CCR10	1	0	0
CCR2	CCR2	0	0	3
CCR3	CCR3	0	0	1
CCR4	CCR4	0	0	1
CCR5	CCR5	0	0	3
CCR7	CCR7	0	0	1
CCR9	CCR9	0	0	1
CCRL2	CCRL2	1	0	0
CCS	CCS	1	0	0
CCS	SOD1	0	2	0
CCS	SOD3	0	2	0
CCSAP	CCSAP	3	0	0
CCSER1	CCSER1	1	0	0
CCSER2	CCSER2	1	0	0
CCT2	CCT2	0	0	1
CCT3	CCT3	0	0	1
CCT4	CCT4	0	0	1
CCT5	CCT5	0	0	1
CCT6A	CCT6A	0	0	1
CCT6B	CCT6B	0	0	1
CCT7	CCT7	0	0	1
CCT8	CCT8	0	0	1
CCT8L2	CCT8L2	0	0	1
CD101	CD101	1	0	0
CD101	IGSF3	0	2	0
CD109	CD109	1	0	0
CD109	PZP	0	2	0
CD14	CD14	1	0	0
CD151	CD151	0	0	6
CD160	CD160	1	0	0
CD163	CD163	1	0	0
CD163	CD163L1	0	2	0
CD163L1	CD163L1	1	0	0
CD164	CD164	1	0	0
CD164	CD164L2	0	2	0
CD164	TMEM123	0	2	0
CD164L2	CD164L2	1	0	0
CD164L2	TMEM123	0	2	0
CD180	CD180	3	0	0
CD180	TLR4	0	6	0
CD19	CD19	1	0	0
CD1A	CD1A	1	0	0
CD1A	CD1B	0	2	0
CD1A	CD1C	0	2	0
CD1A	CD1D	0	2	0
CD1A	CD1E	0	2	0
CD1B	CD1B	1	0	0
CD1B	CD1C	0	2	0
CD1B	CD1D	0	2	0
CD1B	CD1E	0	2	0
CD1C	CD1C	3	0	0
CD1C	CD1D	0	2	0
CD1C	CD1E	0	2	0
CD1D	CD1D	1	0	0
CD1D	CD1E	0	2	0
CD1E	CD1E	1	0	0
CD2	CD2	1	0	0
CD200	CD200	1	0	0
CD200R1	CD200R1	1	0	0
CD200R1	CD200R1L	0	2	0
CD200R1L	CD200R1L	1	0	0
CD207	CD207	1	0	0
CD207	CLEC4F	0	2	0
CD209	CD209	0	0	1
CD22	CD22	1	0	0
CD226	CD226	1	0	0
CD244	CD244	3	0	0
CD247	CD247	1	0	0
CD248	CD248	3	0	0
CD248	CD93	0	2	0
CD248	CLEC14A	0	2	0
CD248	THBD	0	2	0
CD27	CD27	1	0	0
CD274	CD274	1	0	0
CD274	PDCD1LG2	0	2	0
CD276	CD276	1	0	0
CD28	CD28	1	0	0
CD2AP	CD2AP	1	0	0
CD2AP	SH3D21	0	2	0
CD2BP2	CD2BP2	1	0	0
CD300A	CD300A	1	0	0
CD300A	CD300C	0	2	0
CD300A	CD300E	0	2	0
CD300A	CD300LB	0	2	0
CD300A	CD300LD	0	2	0
CD300A	CD300LF	0	2	0
CD300A	CD300LG	0	2	0
CD300C	CD300C	1	0	0
CD300C	CD300E	0	2	0
CD300C	CD300LB	0	2	0
CD300C	CD300LD	0	2	0
CD300C	CD300LF	0	2	0
CD300C	CD300LG	0	2	0
CD300E	CD300E	1	0	0
CD300E	CD300LB	0	2	0
CD300E	CD300LD	0	2	0
CD300E	CD300LF	0	2	0
CD300E	CD300LG	0	2	0
CD300LB	CD300LB	1	0	0
CD300LB	CD300LD	0	2	0
CD300LB	CD300LF	0	2	0
CD300LB	CD300LG	0	2	0
CD300LD	CD300LD	1	0	0
CD300LD	CD300LF	0	2	0
CD300LD	CD300LG	0	2	0
CD300LF	CD300LF	1	0	0
CD300LF	CD300LG	0	2	0
CD300LG	CD300LG	1	0	0
CD302	CD302	1	0	0
CD320	CD320	0	0	3
CD33	CD33	1	0	0
CD33	SIGLEC10	0	2	0
CD33	SIGLEC11	0	2	0
CD33	SIGLEC6	0	2	0
CD33	SIGLEC8	0	2	0
CD34	CD34	1	0	0
CD36	CD36	1	0	0
CD36	SCARB1	0	2	0
CD36	SCARB2	0	2	0
CD37	CD37	1	0	0
CD38	CD38	1	0	0
CD3D	CD3D	1	0	0
CD3D	CD3G	0	2	0
CD3E	CD3E	1	0	0
CD3G	CD3G	1	0	0
CD4	CD4	1	0	0
CD40	CD40	1	0	0
CD40LG	CD40LG	1	0	0
CD44	CD44	6	0	0
CD46	CD46	1	0	0
CD46	CD55	0	2	0
CD47	CD47	1	0	0
CD48	CD48	1	0	0
CD5	CD5	1	0	0
CD52	CD52	1	0	0
CD53	CD53	0	0	1
CD55	CD55	3	0	0
CD58	CD58	1	0	0
CD59	CD59	3	0	3
CD5L	CD5L	0	0	3
CD6	CD6	1	0	0
CD63	CD63	0	0	1
CD68	CD68	1	0	0
CD68	LAMP1	0	2	0
CD68	LAMP3	0	2	0
CD69	CD69	1	0	0
CD69	CLEC2A	0	2	0
CD69	CLEC2D	0	2	0
CD7	CD7	1	0	0
CD70	CD70	3	0	0
CD72	CD72	1	0	0
CD74	CD74	3	0	0
CD79A	CD79A	1	0	0
CD79B	CD79B	1	0	0
CD80	CD80	1	0	0
CD81	CD81	0	0	1
CD82	CD82	0	0	1
CD83	CD83	1	0	0
CD84	CD84	3	0	0
CD84	LY9	0	2	0
CD84	SLAMF1	0	2	0
CD84	SLAMF6	0	2	0
CD84	SLAMF7	0	2	0
CD84	SLAMF9	0	2	0
CD86	CD86	1	0	0
CD8A	CD8A	1	0	0
CD8B	CD8B	1	0	0
CD9	CD9	0	0	1
CD93	CD93	1	0	0
CD93	CLEC14A	0	2	0
CD93	THBD	0	2	0
CD96	CD96	1	0	0
CD99	CD99	1	0	0
CD99L2	CD99L2	3	0	0
CDA	CDA	1	0	0
CDADC1	CDADC1	1	0	0
CDAN1	CDAN1	3	0	0
CDC123	CDC123	1	0	0
CDC14A	CDC14A	1	0	0
CDC14A	CDC14B	0	2	0
CDC14B	CDC14B	6	0	0
CDC16	CDC16	1	0	0
CDC20	CDC20	0	0	1
CDC20B	CDC20B	0	0	1
CDC23	CDC23	3	0	0
CDC25A	CDC25A	1	0	0
CDC25A	CDC25B	0	2	0
CDC25A	CDC25C	0	2	0
CDC25B	CDC25B	1	0	0
CDC25B	CDC25C	0	2	0
CDC25C	CDC25C	1	0	0
CDC26	CDC26	1	0	0
CDC27	CDC27	3	0	0
CDC34	CDC34	1	0	0
CDC34	UBE2G1	0	2	0
CDC34	UBE2G2	0	2	0
CDC34	UBE2R2	0	2	0
CDC37L1	CDC37L1	1	0	0
CDC40	CDC40	1	0	0
CDC40	WDR25	0	2	0
CDC42	CDC42	0	0	1
CDC42BPA	CDC42BPA	1	0	0
CDC42BPA	CDC42BPB	0	2	0
CDC42BPA	CDC42BPG	0	2	0
CDC42BPA	ROCK1	0	2	0
CDC42BPA	ROCK2	0	2	0
CDC42BPB	CDC42BPB	1	0	0
CDC42BPB	CDC42BPG	0	2	0
CDC42BPB	ROCK1	0	2	0
CDC42BPB	ROCK2	0	2	0
CDC42BPG	CDC42BPG	1	0	0
CDC42BPG	ROCK1	0	2	0
CDC42BPG	ROCK2	0	2	0
CDC42EP1	CDC42EP1	1	0	0
CDC42EP1	CDC42EP5	0	2	0
CDC42EP2	CDC42EP2	1	0	0
CDC42EP2	CDC42EP3	0	2	0
CDC42EP3	CDC42EP3	1	0	0
CDC42EP5	CDC42EP5	1	0	0
CDC42SE1	CDC42SE1	1	0	0
CDC42SE1	CDC42SE2	0	2	0
CDC42SE2	CDC42SE2	1	0	0
CDC45	CDC45	1	0	0
CDC5L	CDC5L	1	0	0
CDC6	CDC6	1	0	0
CDC7	CDC7	1	0	0
CDC73	CDC73	1	0	0
CDCA2	CDCA2	3	0	0
CDCA3	CDCA3	1	0	0
CDCA4	CDCA4	1	0	0
CDCA4	SERTAD2	0	2	0
CDCA5	CDCA5	3	0	0
CDCA7	CDCA7	1	0	0
CDCA7	CDCA7L	0	2	0
CDCA7L	CDCA7L	1	0	0
CDCA8	CDCA8	1	0	0
CDCP1	CDCP1	1	0	0
CDCP2	CDCP2	6	0	0
CDCP2	MFRP	0	2	0
CDH1	CDH1	0	0	3
CDH10	CDH10	0	0	1
CDH11	CDH11	0	0	1
CDH12	CDH12	0	0	1
CDH13	CDH13	1	0	0
CDH15	CDH15	0	0	1
CDH16	CDH16	1	0	0
CDH16	CDH17	0	2	0
CDH17	CDH17	1	0	0
CDH18	CDH18	0	0	1
CDH19	CDH19	0	0	1
CDH2	CDH2	0	0	1
CDH20	CDH20	0	0	1
CDH22	CDH22	0	0	1
CDH23	CDH23	3	0	0
CDH23	DCHS1	0	6	0
CDH23	DCHS2	0	2	0
CDH24	CDH24	0	0	1
CDH26	CDH26	3	0	0
CDH3	CDH3	0	0	1
CDH4	CDH4	0	0	1
CDH5	CDH5	0	0	1
CDH6	CDH6	0	0	3
CDH7	CDH7	0	0	1
CDH8	CDH8	0	0	1
CDH9	CDH9	0	0	1
CDHR1	CDHR1	1	0	0
CDHR2	CDHR2	1	0	0
CDHR3	CDHR3	1	0	0
CDHR4	CDHR4	1	0	0
CDIN1	CDIN1	1	0	0
CDIP1	CDIP1	1	0	0
CDIP1	LITAF	0	2	0
CDIPT	CDIPT	3	0	0
CDK1	CDK1	0	0	1
CDK12	CDK12	1	0	0
CDK12	CDK13	0	2	0
CDK13	CDK13	1	0	0
CDK14	CDK14	1	0	0
CDK14	CDK15	0	2	0
CDK14	CDK16	0	2	0
CDK14	CDK17	0	2	0
CDK14	CDK18	0	2	0
CDK15	CDK15	1	0	0
CDK15	CDK16	0	2	0
CDK15	CDK17	0	2	0
CDK15	CDK18	0	2	0
CDK16	CDK16	1	0	0
CDK16	CDK17	0	2	0
CDK16	CDK18	0	2	0
CDK17	CDK17	1	0	0
CDK17	CDK18	0	2	0
CDK18	CDK18	1	0	0
CDK19	CDK19	1	0	0
CDK19	CDK8	0	2	0
CDK2	CDK2	0	0	1
CDK20	CDK20	0	0	1
CDK2AP1	CDK2AP1	1	0	0
CDK2AP1	CDK2AP2	0	2	0
CDK2AP2	CDK2AP2	3	0	0
CDK3	CDK3	0	0	6
CDK4	CDK4	0	0	1
CDK5	CDK5	0	0	3
CDK5R1	CDK5R1	1	0	0
CDK5R1	CDK5R2	0	2	0
CDK5R2	CDK5R2	1	0	0
CDK5RAP1	CDK5RAP1	1	0	0
CDK5RAP2	CDK5RAP2	1	0	0
CDK5RAP3	CDK5RAP3	1	0	0
CDK6	CDK6	0	0	3
CDK7	CDK7	0	0	1
CDK8	CDK8	1	0	0
CDK9	CDK9	0	0	1
CDKAL1	CDKAL1	1	0	0
CDKL1	CDKL1	0	0	1
CDKL2	CDKL2	0	0	1
CDKL3	CDKL3	0	0	1
CDKL4	CDKL4	0	0	1
CDKL5	CDKL5	3	0	0
CDKN1A	CDKN1A	1	0	0
CDKN1A	CDKN1B	0	2	0
CDKN1B	CDKN1B	1	0	0
CDKN2AIP	CDKN2AIP	1	0	0
CDKN2AIPNL	CDKN2AIPNL	1	0	0
CDKN2B	CDKN2B	1	0	0
CDKN2B	CDKN2C	0	2	0
CDKN2B	CDKN2D	0	2	0
CDKN2C	CDKN2C	1	0	0
CDKN2C	CDKN2D	0	2	0
CDKN2D	CDKN2D	1	0	0
CDKN3	CDKN3	1	0	0
CDNF	CDNF	1	0	0
CDNF	MANF	0	2	0
CDO1	CDO1	1	0	0
CDON	CDON	1	0	0
CDPF1	CDPF1	1	0	0
CDR2	CDR2	1	0	0
CDR2	CDR2L	0	2	0
CDR2L	CDR2L	1	0	0
CDRT4	CDRT4	6	0	0
CDS1	CDS1	1	0	0
CDS1	CDS2	0	2	0
CDS2	CDS2	1	0	0
CDSN	CDSN	1	0	0
CDT1	CDT1	1	0	0
CDV3	CDV3	1	0	0
CDX1	CDX1	1	0	0
CDX1	CDX2	0	2	0
CDX1	CDX4	0	2	0
CDX2	CDX2	1	0	0
CDX2	CDX4	0	2	0
CDX4	CDX4	1	0	0
CDYL	CDYL	6	0	0
CDYL	CDYL2	0	6	0
CDYL2	CDYL2	3	0	0
CEACAM1	CEACAM1	1	0	0
CEACAM1	CEACAM16	0	2	0
CEACAM1	CEACAM19	0	2	0
CEACAM1	CEACAM3	0	2	0
CEACAM1	CEACAM4	0	2	0
CEACAM1	CEACAM5	0	2	0
CEACAM1	CEACAM6	0	2	0
CEACAM1	CEACAM7	0	2	0
CEACAM1	CEACAM8	0	2	0
CEACAM1	HEPACAM2	0	2	0
CEACAM1	PSG2	0	2	0
CEACAM1	PSG9	0	2	0
CEACAM16	CEACAM16	1	0	0
CEACAM16	CEACAM19	0	2	0
CEACAM16	CEACAM3	0	2	0
CEACAM16	CEACAM4	0	2	0
CEACAM16	CEACAM5	0	2	0
CEACAM16	CEACAM6	0	2	0
CEACAM16	CEACAM7	0	2	0
CEACAM16	CEACAM8	0	2	0
CEACAM16	HEPACAM2	0	2	0
CEACAM16	PSG2	0	2	0
CEACAM16	PSG9	0	2	0
CEACAM19	CEACAM19	1	0	0
CEACAM19	CEACAM3	0	2	0
CEACAM19	CEACAM4	0	2	0
CEACAM19	CEACAM5	0	2	0
CEACAM19	CEACAM6	0	2	0
CEACAM19	CEACAM7	0	2	0
CEACAM19	CEACAM8	0	2	0
CEACAM19	HEPACAM2	0	2	0
CEACAM19	PSG2	0	2	0
CEACAM19	PSG9	0	2	0
CEACAM20	CEACAM20	3	0	0
CEACAM3	CEACAM3	1	0	0
CEACAM3	CEACAM4	0	2	0
CEACAM3	CEACAM5	0	2	0
CEACAM3	CEACAM6	0	2	0
CEACAM3	CEACAM7	0	2	0
CEACAM3	CEACAM8	0	2	0
CEACAM3	HEPACAM2	0	2	0
CEACAM3	PSG2	0	2	0
CEACAM3	PSG9	0	2	0
CEACAM4	CEACAM4	1	0	0
CEACAM4	CEACAM5	0	2	0
CEACAM4	CEACAM6	0	2	0
CEACAM4	CEACAM7	0	2	0
CEACAM4	CEACAM8	0	2	0
CEACAM4	HEPACAM2	0	2	0
CEACAM4	PSG2	0	2	0
CEACAM4	PSG9	0	2	0
CEACAM5	CEACAM5	1	0	0
CEACAM5	CEACAM6	0	2	0
CEACAM5	CEACAM7	0	2	0
CEACAM5	CEACAM8	0	2	0
CEACAM5	HEPACAM2	0	2	0
CEACAM5	PSG2	0	2	0
CEACAM5	PSG9	0	2	0
CEACAM6	CEACAM6	1	0	0
CEACAM6	CEACAM7	0	2	0
CEACAM6	CEACAM8	0	2	0
CEACAM6	HEPACAM2	0	2	0
CEACAM6	PSG2	0	2	0
CEACAM6	PSG9	0	2	0
CEACAM7	CEACAM7	1	0	0
CEACAM7	CEACAM8	0	2	0
CEACAM7	HEPACAM2	0	2	0
CEACAM7	PSG2	0	2	0
CEACAM7	PSG9	0	2	0
CEACAM8	CEACAM8	1	0	0
CEACAM8	HEPACAM2	0	2	0
CEACAM8	PSG2	0	2	0
CEACAM8	PSG9	0	2	0
CEBPB	CEBPB	3	0	0
CEBPB	CEBPD	0	2	0
CEBPB	CEBPE	0	6	0
CEBPD	CEBPD	1	0	0
CEBPD	CEBPE	0	2	0
CEBPE	CEBPE	3	0	0
CEBPG	CEBPG	1	0	0
CEBPZ	CEBPZ	1	0	0
CEBPZOS	CEBPZOS	1	0	0
CECR2	CECR2	6	0	0
CELA1	CELA1	0	0	1
CELA2A	CELA2A	0	0	1
CELA2B	CELA2B	0	0	1
CELA3A	CELA3A	0	0	1
CELF2	CELF2	1	0	0
CELF2	CELF3	0	2	0
CELF2	CELF4	0	2	0
CELF2	CELF5	0	2	0
CELF3	CELF3	1	0	0
CELF3	CELF4	0	2	0
CELF3	CELF5	0	2	0
CELF4	CELF4	1	0	0
CELF4	CELF5	0	2	0
CELF5	CELF5	1	0	2
CELSR1	CELSR1	3	0	0
CELSR1	CELSR2	0	2	0
CELSR1	CELSR3	0	2	0
CELSR2	CELSR2	1	0	0
CELSR2	CELSR3	0	2	0
CELSR3	CELSR3	3	0	0
CEMIP	CEMIP	1	0	0
CEMIP	CEMIP2	0	2	0
CEMIP2	CEMIP2	1	0	0
CENATAC	CENATAC	1	0	0
CEND1	CEND1	1	0	0
CENPA	CENPA	0	0	1
CENPB	CENPB	1	0	0
CENPC	CENPC	1	0	0
CENPE	CENPE	1	0	0
CENPF	CENPF	1	0	0
CENPH	CENPH	1	0	0
CENPJ	CENPJ	1	0	0
CENPK	CENPK	1	0	0
CENPL	CENPL	1	0	0
CENPM	CENPM	1	0	0
CENPN	CENPN	1	0	0
CENPO	CENPO	1	0	0
CENPP	CENPP	3	0	0
CENPQ	CENPQ	1	0	0
CENPS	CENPS	0	0	1
CENPS	SST	0	1	0
CENPT	CENPT	1	0	0
CENPU	CENPU	1	0	0
CENPV	CENPV	3	0	0
CENPW	CENPW	1	0	0
CENPX	CENPX	1	0	0
CEP104	CEP104	1	0	0
CEP112	CEP112	1	0	0
CEP120	CEP120	1	0	0
CEP126	CEP126	3	0	0
CEP128	CEP128	3	0	0
CEP131	CEP131	3	0	0
CEP135	CEP135	1	0	0
CEP152	CEP152	1	0	0
CEP162	CEP162	1	0	0
CEP164	CEP164	1	0	0
CEP170	CEP170	1	0	0
CEP170	CEP170B	0	2	0
CEP170B	CEP170B	1	0	0
CEP19	CEP19	1	0	0
CEP192	CEP192	1	0	0
CEP250	CEP250	1	0	0
CEP290	CEP290	1	0	0
CEP295	CEP295	1	0	0
CEP295NL	CEP295NL	1	0	0
CEP350	CEP350	1	0	0
CEP41	CEP41	1	0	0
CEP43	CEP43	1	0	0
CEP44	CEP44	1	0	0
CEP55	CEP55	1	0	0
CEP57	CEP57	1	0	0
CEP57	CEP57L1	0	2	0
CEP57L1	CEP57L1	1	0	0
CEP63	CEP63	1	0	0
CEP63	DEUP1	0	2	0
CEP68	CEP68	1	0	0
CEP70	CEP70	1	0	0
CEP72	CEP72	1	0	0
CEP72	LRRC36	0	2	0
CEP76	CEP76	1	0	0
CEP78	CEP78	1	0	0
CEP83	CEP83	1	0	0
CEP85	CEP85	1	0	0
CEP85	CEP85L	0	2	0
CEP85L	CEP85L	1	0	0
CEP89	CEP89	1	0	0
CEP95	CEP95	1	0	0
CEP97	CEP97	3	0	0
CEP97	LRRIQ3	0	6	0
CEPT1	CEPT1	1	0	0
CEPT1	CHPT1	0	2	0
CEPT1	SELENOI	0	2	0
CER1	CER1	1	0	0
CERCAM	CERCAM	1	0	0
CERCAM	COLGALT1	0	2	0
CERCAM	COLGALT2	0	2	0
CERK	CERK	6	0	0
CERK	CERKL	0	2	0
CERKL	CERKL	1	0	0
CERS1	CERS1	3	0	0
CERS2	CERS2	1	0	0
CERS2	CERS3	0	2	0
CERS2	CERS4	0	2	0
CERS2	CERS5	0	2	0
CERS2	CERS6	0	2	0
CERS3	CERS3	1	0	0
CERS3	CERS4	0	2	0
CERS3	CERS5	0	2	0
CERS3	CERS6	0	2	0
CERS4	CERS4	1	0	0
CERS4	CERS5	0	2	0
CERS4	CERS6	0	2	0
CERS5	CERS5	1	0	0
CERS5	CERS6	0	2	0
CERS6	CERS6	1	0	0
CERT1	CERT1	1	0	0
CES2	CES2	0	0	1
CES3	CES3	0	0	1
CES5A	CES5A	0	0	1
CETN1	CETN1	0	0	1
CETN2	CETN2	0	0	1
CETN3	CETN3	0	0	1
CETP	CETP	1	0	0
CETP	LBP	0	2	0
CETP	PLTP	0	2	0
CFAP100	CFAP100	1	0	0
CFAP107	CFAP107	1	0	0
CFAP119	CFAP119	1	0	0
CFAP126	CFAP126	1	0	2
CFAP141	CFAP141	1	0	0
CFAP157	CFAP157	1	0	0
CFAP161	CFAP161	1	0	0
CFAP20	CFAP20	1	0	0
CFAP206	CFAP206	6	0	0
CFAP20DC	CFAP20DC	3	0	0
CFAP210	CFAP210	1	0	0
CFAP221	CFAP221	1	0	0
CFAP251	CFAP251	1	0	0
CFAP276	CFAP276	3	0	0
CFAP298	CFAP298	1	0	0
CFAP299	CFAP299	3	0	0
CFAP300	CFAP300	3	0	0
CFAP36	CFAP36	1	0	0
CFAP410	CFAP410	3	0	0
CFAP418	CFAP418	1	0	0
CFAP43	CFAP43	1	0	0
CFAP44	CFAP44	1	0	0
CFAP45	CFAP45	1	0	0
CFAP46	CFAP46	1	0	0
CFAP52	CFAP52	1	0	0
CFAP53	CFAP53	1	0	0
CFAP53	TCHP	0	2	0
CFAP54	CFAP54	0	0	1
CFAP57	CFAP57	3	0	0
CFAP58	CFAP58	1	0	0
CFAP61	CFAP61	1	0	0
CFAP65	CFAP65	1	0	2
CFAP69	CFAP69	1	0	0
CFAP70	CFAP70	1	0	0
CFAP73	CFAP73	1	0	0
CFAP74	CFAP74	1	0	0
CFAP77	CFAP77	6	0	0
CFAP91	CFAP91	1	0	0
CFAP95	CFAP95	3	0	0
CFAP97	CFAP97	1	0	0
CFAP97D1	CFAP97D1	3	0	0
CFAP99	CFAP99	0	0	1
CFD	CFD	0	0	1
CFDP1	CFDP1	1	0	0
CFH	CFH	1	0	0
CFH	CFHR4	0	2	0
CFH	CFHR5	0	2	0
CFH	F13B	0	2	0
CFHR4	CFHR4	1	0	0
CFHR4	CFHR5	0	2	0
CFHR4	F13B	0	2	0
CFHR5	CFHR5	1	0	0
CFHR5	F13B	0	2	0
CFI	CFI	1	0	0
CFL1	CFL1	3	0	0
CFL1	CFL2	0	2	0
CFL1	DSTN	0	2	0
CFL2	CFL2	1	0	0
CFL2	DSTN	0	2	0
CFLAR	CFLAR	1	0	0
CFP	CFP	1	0	0
CGAS	CGAS	1	0	0
CGGBP1	CGGBP1	1	0	0
CGN	CGN	1	0	0
CGN	CGNL1	0	2	0
CGNL1	CGNL1	1	0	0
CGREF1	CGREF1	1	0	0
CGRRF1	CGRRF1	1	0	0
CH25H	CH25H	1	0	0
CH25H	FAXDC2	0	2	0
CH25H	MSMO1	0	2	0
CHAC1	CHAC1	1	0	0
CHAC1	CHAC2	0	2	0
CHAC2	CHAC2	1	0	0
CHAD	CHAD	0	0	1
CHADL	CHADL	1	0	0
CHAF1A	CHAF1A	1	0	0
CHAF1B	CHAF1B	1	0	0
CHAMP1	CHAMP1	1	0	0
CHAT	CHAT	1	0	0
CHAT	CPT2	0	2	0
CHAT	CROT	0	2	0
CHCHD1	CHCHD1	1	0	0
CHCHD10	CHCHD10	1	0	0
CHCHD10	CHCHD2	0	2	0
CHCHD2	CHCHD2	3	0	0
CHCHD3	CHCHD3	1	0	0
CHCHD3	CHCHD6	0	2	0
CHCHD4	CHCHD4	1	0	0
CHCHD5	CHCHD5	1	0	0
CHCHD6	CHCHD6	1	0	0
CHCHD7	CHCHD7	1	0	0
CHD1	CHD1	1	0	0
CHD1	CHD2	0	2	0
CHD1L	CHD1L	1	0	0
CHD2	CHD2	1	0	0
CHD3	CHD3	1	0	0
CHD3	CHD4	0	2	0
CHD3	CHD5	0	2	0
CHD4	CHD4	1	0	0
CHD4	CHD5	0	2	0
CHD5	CHD5	1	0	0
CHD6	CHD6	1	0	0
CHD7	CHD7	1	0	0
CHD7	CHD8	0	2	0
CHD7	CHD9	0	2	0
CHD8	CHD8	1	0	0
CHD8	CHD9	0	2	0
CHD9	CHD9	1	0	0
CHDH	CHDH	0	0	1
CHEK1	CHEK1	3	0	0
CHEK2	CHEK2	1	0	0
CHERP	CHERP	1	0	0
CHFR	CHFR	1	0	0
CHGA	CHGA	1	0	0
CHGB	CHGB	1	0	0
CHI3L1	CHI3L1	1	0	0
CHI3L1	CHI3L2	0	2	0
CHI3L1	CHIA	0	2	0
CHI3L1	CHIT1	0	2	0
CHI3L1	OVGP1	0	2	0
CHI3L2	CHI3L2	1	0	0
CHI3L2	CHIA	0	2	0
CHI3L2	CHIT1	0	2	0
CHI3L2	OVGP1	0	2	0
CHIA	CHIA	1	0	0
CHIA	CHIT1	0	2	0
CHIA	OVGP1	0	2	0
CHIC1	CHIC1	1	0	0
CHIC1	CHIC2	0	2	0
CHIC2	CHIC2	1	0	0
CHID1	CHID1	1	0	0
CHIT1	CHIT1	1	0	0
CHIT1	OVGP1	0	2	0
CHKA	CHKA	1	0	0
CHKA	CHKB	0	2	0
CHKA	ETNK1	0	2	0
CHKA	ETNK2	0	2	0
CHKB	CHKB	1	0	0
CHKB	ETNK1	0	2	0
CHKB	ETNK2	0	2	0
CHL1	CHL1	1	0	0
CHL1	L1CAM	0	2	0
CHL1	NFASC	0	2	0
CHL1	NRCAM	0	2	0
CHM	CHM	1	0	0
CHMP1A	CHMP1A	1	0	0
CHMP2A	CHMP2A	1	0	0
CHMP2A	CHMP2B	0	2	0
CHMP2B	CHMP2B	1	0	0
CHMP3	CHMP3	1	0	0
CHMP4B	CHMP4B	6	0	0
CHMP4B	CHMP4C	0	2	0
CHMP4C	CHMP4C	1	0	0
CHMP5	CHMP5	1	0	0
CHMP6	CHMP6	3	0	0
CHMP7	CHMP7	1	0	0
CHN1	CHN1	3	0	0
CHN1	CHN2	0	2	0
CHN2	CHN2	1	0	0
CHODL	CHODL	1	0	0
CHODL	LAYN	0	2	0
CHORDC1	CHORDC1	1	0	0
CHORDC1	ITGB1BP2	0	2	0
CHP1	CHP1	1	0	0
CHP1	CHP2	0	2	0
CHP2	CHP2	1	0	0
CHPF	CHPF	1	0	0
CHPT1	CHPT1	1	0	0
CHPT1	SELENOI	0	2	0
CHRAC1	CHRAC1	3	0	0
CHRD	CHRD	1	0	0
CHRDL1	CHRDL1	1	0	0
CHRDL1	CHRDL2	0	2	0
CHRDL2	CHRDL2	1	0	0
CHRM1	CHRM1	1	0	0
CHRM1	CHRM2	0	2	0
CHRM1	CHRM5	0	2	0
CHRM1	HRH1	0	2	0
CHRM2	CHRM2	1	0	0
CHRM2	CHRM5	0	2	0
CHRM2	HRH1	0	2	0
CHRM3	CHRM3	1	0	0
CHRM4	CHRM4	1	0	0
CHRM5	CHRM5	1	0	0
CHRM5	HRH1	0	2	0
CHRNA1	CHRNA1	0	0	1
CHRNA10	CHRNA10	0	0	1
CHRNA2	CHRNA2	0	0	1
CHRNA3	CHRNA3	0	0	1
CHRNA4	CHRNA4	0	0	1
CHRNA5	CHRNA5	0	0	1
CHRNA6	CHRNA6	0	0	1
CHRNA9	CHRNA9	0	0	1
CHRNB1	CHRNB1	0	0	1
CHRNB2	CHRNB2	0	0	1
CHRNB3	CHRNB3	0	0	1
CHRNB4	CHRNB4	0	0	1
CHRND	CHRND	0	0	1
CHRNE	CHRNE	0	0	1
CHRNG	CHRNG	0	0	1
CHST1	CHST1	1	0	0
CHST1	CHST2	0	2	0
CHST1	CHST3	0	2	0
CHST1	CHST4	0	2	0
CHST1	CHST5	0	2	0
CHST1	CHST6	0	2	0
CHST10	CHST10	1	0	0
CHST11	CHST11	1	0	0
CHST11	CHST12	0	2	0
CHST11	CHST13	0	2	0
CHST11	CHST8	0	2	0
CHST11	CHST9	0	2	0
CHST12	CHST12	1	0	0
CHST12	CHST13	0	2	0
CHST12	CHST8	0	2	0
CHST12	CHST9	0	2	0
CHST13	CHST13	1	0	0
CHST13	CHST8	0	2	0
CHST13	CHST9	0	2	0
CHST15	CHST15	1	0	0
CHST2	CHST2	1	0	0
CHST2	CHST3	0	2	0
CHST2	CHST4	0	2	0
CHST2	CHST5	0	2	0
CHST2	CHST6	0	2	0
CHST3	CHST3	1	0	0
CHST3	CHST4	0	2	0
CHST3	CHST5	0	2	0
CHST3	CHST6	0	2	0
CHST4	CHST4	1	0	0
CHST4	CHST5	0	2	0
CHST4	CHST6	0	2	0
CHST5	CHST5	1	0	0
CHST5	CHST6	0	2	0
CHST6	CHST6	1	0	0
CHST8	CHST8	1	0	0
CHST8	CHST9	0	2	0
CHST9	CHST9	1	0	0
CHSY3	CHSY3	3	0	0
CHTF18	CHTF18	1	0	0
CHTF8	CHTF8	1	0	0
CHTOP	CHTOP	3	0	0
CHUK	CHUK	1	0	0
CHUK	IKBKB	0	2	0
CHURC1	CHURC1	1	0	0
CIAO1	CIAO1	1	0	0
CIAO2A	CIAO2A	1	0	0
CIAO2A	CIAO2B	0	2	0
CIAO2B	CIAO2B	3	0	0
CIAO3	CIAO3	3	0	0
CIAO3	NARF	0	2	0
CIAPIN1	CIAPIN1	1	0	0
CIART	CIART	1	0	0
CIB1	CIB1	1	0	0
CIB1	CIB2	0	2	0
CIB1	CIB3	0	2	0
CIB1	CIB4	0	2	0
CIB2	CIB2	1	0	0
CIB2	CIB3	0	2	0
CIB2	CIB4	0	2	0
CIB3	CIB3	1	0	0
CIB3	CIB4	0	2	0
CIB4	CIB4	1	0	0
CIBAR1	CIBAR1	1	0	0
CIBAR2	CIBAR2	1	0	0
CIC	CIC	1	0	0
CIDEA	CIDEA	1	0	0
CIDEA	CIDEB	0	2	0
CIDEA	CIDEC	0	2	0
CIDEB	CIDEB	1	0	0
CIDEB	CIDEC	0	2	0
CIDEC	CIDEC	1	0	0
CIITA	CIITA	1	0	0
CILK1	CILK1	0	0	1
CILP	CILP	1	0	0
CILP	CILP2	0	2	0
CILP2	CILP2	1	0	0
CINP	CINP	1	0	0
CIP2A	CIP2A	1	0	0
CIPC	CIPC	1	0	0
CIR1	CIR1	1	0	0
CIRBP	CIRBP	0	0	3
CISD1	CISD1	1	0	0
CISD1	CISD2	0	2	0
CISD2	CISD2	1	0	0
CISD3	CISD3	1	0	0
CISH	CISH	1	0	0
CISH	SOCS2	0	2	0
CISH	SOCS3	0	2	0
CIT	CIT	1	0	0
CITED2	CITED2	1	0	0
CITED2	CITED4	0	2	0
CITED4	CITED4	1	0	0
CKAP2	CKAP2	1	0	0
CKAP2L	CKAP2L	1	0	0
CKAP4	CKAP4	1	0	0
CKAP5	CKAP5	1	0	0
CKB	CKB	1	0	0
CKB	CKM	0	2	0
CKB	CKMT2	0	2	0
CKM	CKM	1	0	0
CKM	CKMT2	0	2	0
CKMT2	CKMT2	1	0	0
CKS1B	CKS1B	1	0	0
CKS1B	CKS2	0	2	0
CKS2	CKS2	1	0	0
CLASP1	CLASP1	1	0	0
CLASP1	CLASP2	0	2	0
CLASP2	CLASP2	1	0	0
CLASRP	CLASRP	1	0	0
CLBA1	CLBA1	3	0	0
CLCA1	CLCA1	1	0	0
CLCA1	CLCA2	0	2	0
CLCA1	CLCA4	0	2	0
CLCA2	CLCA2	1	0	0
CLCA2	CLCA4	0	2	0
CLCA4	CLCA4	3	0	0
CLCC1	CLCC1	1	0	0
CLCF1	CLCF1	1	0	0
CLCN1	CLCN1	1	0	0
CLCN1	CLCN2	0	2	0
CLCN2	CLCN2	1	0	0
CLCN3	CLCN3	1	0	0
CLCN3	CLCN4	0	2	0
CLCN3	CLCN5	0	2	0
CLCN3	CLCN7	0	2	0
CLCN4	CLCN4	1	0	0
CLCN4	CLCN5	0	2	0
CLCN4	CLCN7	0	2	0
CLCN5	CLCN5	1	0	0
CLCN5	CLCN7	0	2	0
CLCN6	CLCN6	1	0	0
CLCN7	CLCN7	1	0	0
CLCNKA	CLCNKA	1	0	0
CLCNKA	CLCNKB	0	2	0
CLCNKB	CLCNKB	1	0	0
CLDN1	CLDN1	0	0	1
CLDN10	CLDN10	1	0	0
CLDN10	CLDN15	0	2	0
CLDN11	CLDN11	3	0	0
CLDN14	CLDN14	0	0	3
CLDN15	CLDN15	1	0	0
CLDN16	CLDN16	1	0	0
CLDN17	CLDN17	0	0	1
CLDN18	CLDN18	1	0	0
CLDN19	CLDN19	0	0	1
CLDN20	CLDN20	1	0	0
CLDN22	CLDN22	1	0	0
CLDN22	CLDN24	0	2	0
CLDN22	CLDN25	0	2	0
CLDN23	CLDN23	1	0	0
CLDN24	CLDN24	1	0	0
CLDN24	CLDN25	0	2	0
CLDN25	CLDN25	1	0	0
CLDN3	CLDN3	0	0	1
CLDN7	CLDN7	0	0	6
CLDN8	CLDN8	0	0	3
CLDND1	CLDND1	1	0	0
CLDND2	CLDND2	3	0	0
CLDND2	LIM2	0	2	0
CLDND2	NKG7	0	2	0
CLEC10A	CLEC10A	0	0	3
CLEC11A	CLEC11A	1	0	0
CLEC11A	CLEC3A	0	2	0
CLEC11A	CLEC3B	0	2	0
CLEC12A	CLEC12A	1	0	0
CLEC12A	CLEC12B	0	2	0
CLEC12A	CLEC1A	0	2	0
CLEC12A	CLEC1B	0	2	0
CLEC12A	CLEC7A	0	2	0
CLEC12B	CLEC12B	1	0	0
CLEC12B	CLEC1A	0	2	0
CLEC12B	CLEC1B	0	2	0
CLEC12B	CLEC7A	0	2	0
CLEC14A	CLEC14A	1	0	0
CLEC14A	THBD	0	2	0
CLEC16A	CLEC16A	1	0	0
CLEC17A	CLEC17A	1	0	0
CLEC17A	CLEC4G	0	2	0
CLEC17A	FCER2	0	2	0
CLEC19A	CLEC19A	1	0	0
CLEC1A	CLEC1A	1	0	0
CLEC1A	CLEC1B	0	2	0
CLEC1A	CLEC7A	0	2	0
CLEC1B	CLEC1B	1	0	0
CLEC1B	CLEC7A	0	2	0
CLEC20A	CLEC20A	1	0	0
CLEC2A	CLEC2A	1	0	0
CLEC2A	CLEC2D	0	2	0
CLEC2B	CLEC2B	1	0	0
CLEC2B	CLEC2L	0	2	0
CLEC2B	KLRG1	0	2	0
CLEC2D	CLEC2D	1	0	0
CLEC2L	CLEC2L	6	0	0
CLEC2L	KLRG1	0	2	0
CLEC3A	CLEC3A	1	0	0
CLEC3A	CLEC3B	0	2	0
CLEC3B	CLEC3B	3	0	0
CLEC4A	CLEC4A	0	0	1
CLEC4C	CLEC4C	0	0	1
CLEC4D	CLEC4D	0	0	1
CLEC4E	CLEC4E	0	0	1
CLEC4F	CLEC4F	1	0	0
CLEC4G	CLEC4G	1	0	0
CLEC4G	FCER2	0	2	0
CLEC4M	CLEC4M	0	0	1
CLEC5A	CLEC5A	1	0	0
CLEC6A	CLEC6A	0	0	1
CLEC7A	CLEC7A	1	0	0
CLEC9A	CLEC9A	1	0	0
CLECL1	CLECL1	1	0	0
CLGN	CLGN	1	0	0
CLHC1	CLHC1	1	0	0
CLIC1	CLIC1	1	0	0
CLIC1	CLIC2	0	2	0
CLIC1	CLIC3	0	2	0
CLIC1	CLIC4	0	2	0
CLIC1	CLIC5	0	2	0
CLIC1	CLIC6	0	2	0
CLIC2	CLIC2	1	0	0
CLIC2	CLIC3	0	2	0
CLIC2	CLIC4	0	2	0
CLIC2	CLIC5	0	2	0
CLIC2	CLIC6	0	2	0
CLIC3	CLIC3	1	0	0
CLIC3	CLIC4	0	2	0
CLIC3	CLIC5	0	2	0
CLIC3	CLIC6	0	2	0
CLIC4	CLIC4	1	0	0
CLIC4	CLIC5	0	2	0
CLIC4	CLIC6	0	2	0
CLIC5	CLIC5	1	0	0
CLIC5	CLIC6	0	2	0
CLIC6	CLIC6	3	0	0
CLINT1	CLINT1	1	0	0
CLINT1	EPN1	0	2	0
CLINT1	EPN2	0	2	0
CLINT1	EPN3	0	2	0
CLIP1	CLIP1	1	0	0
CLIP1	CLIP2	0	2	0
CLIP2	CLIP2	3	0	0
CLIP3	CLIP3	1	0	0
CLIP3	CLIP4	0	2	0
CLIP4	CLIP4	1	0	0
CLK1	CLK1	1	0	0
CLK1	CLK2	0	2	0
CLK1	CLK3	0	2	0
CLK1	CLK4	0	2	0
CLK2	CLK2	1	0	0
CLK2	CLK3	0	2	0
CLK2	CLK4	0	2	0
CLK3	CLK3	1	0	0
CLK3	CLK4	0	2	0
CLK4	CLK4	1	0	0
CLMN	CLMN	1	0	0
CLMP	CLMP	1	0	0
CLMP	CXADR	0	2	0
CLMP	ESAM	0	2	0
CLMP	IGSF11	0	2	0
CLMP	JAML	0	2	0
CLMP	VSIG8	0	2	0
CLN5	CLN5	1	0	0
CLN6	CLN6	0	0	1
CLN8	CLN8	1	0	0
CLNK	CLNK	1	0	0
CLNK	SH2D6	0	2	0
CLOCK	CLOCK	1	0	0
CLOCK	NPAS2	0	2	0
CLPB	CLPB	1	0	0
CLPP	CLPP	1	0	0
CLPS	CLPS	3	0	0
CLPSL1	CLPSL1	1	0	0
CLPSL2	CLPSL2	1	0	0
CLPTM1	CLPTM1	1	0	0
CLPX	CLPX	1	0	0
CLRN1	CLRN1	6	0	0
CLRN1	CLRN2	0	2	0
CLRN1	CLRN3	0	2	0
CLRN2	CLRN2	1	0	0
CLRN2	CLRN3	0	2	0
CLRN3	CLRN3	1	0	0
CLSPN	CLSPN	1	0	0
CLSTN1	CLSTN1	1	0	0
CLSTN1	CLSTN2	0	2	0
CLSTN1	CLSTN3	0	2	0
CLSTN2	CLSTN2	1	0	0
CLSTN2	CLSTN3	0	2	0
CLSTN3	CLSTN3	1	0	0
CLTA	CLTA	1	0	0
CLTA	CLTB	0	2	0
CLTB	CLTB	1	0	0
CLTC	CLTC	1	0	0
CLTC	CLTCL1	0	2	0
CLTCL1	CLTCL1	1	0	0
CLTRN	CLTRN	1	0	0
CLU	CLU	1	0	0
CLU	CLUL1	0	2	0
CLUAP1	CLUAP1	1	0	0
CLUH	CLUH	1	0	0
CLUL1	CLUL1	1	0	0
CLVS1	CLVS1	1	0	0
CLVS1	CLVS2	0	2	0
CLVS2	CLVS2	1	0	0
CLYBL	CLYBL	1	0	0
CMA1	CMA1	0	0	1
CMAS	CMAS	1	0	0
CMBL	CMBL	1	0	0
CMC1	CMC1	1	0	0
CMC2	CMC2	1	0	0
CMC4	CMC4	1	0	0
CMIP	CMIP	6	0	0
CMKLR1	CMKLR1	1	0	0
CMKLR1	CMKLR2	0	2	0
CMKLR1	FPR1	0	2	0
CMKLR1	FPR3	0	2	0
CMKLR1	GPR32	0	2	0
CMKLR1	GPR33	0	2	0
CMKLR2	CMKLR2	1	0	0
CMKLR2	FPR1	0	2	0
CMKLR2	FPR3	0	2	0
CMKLR2	GPR32	0	2	0
CMKLR2	GPR33	0	2	0
CMPK1	CMPK1	0	0	1
CMPK2	CMPK2	1	0	0
CMSS1	CMSS1	3	0	0
CMTM1	CMTM1	0	0	1
CMTM2	CMTM2	1	0	0
CMTM3	CMTM3	1	0	0
CMTM3	CMTM5	0	2	0
CMTM4	CMTM4	3	0	0
CMTM4	CMTM6	0	2	0
CMTM5	CMTM5	1	0	0
CMTM6	CMTM6	1	0	0
CMTM7	CMTM7	3	0	0
CMTM8	CMTM8	1	0	0
CMTM8	MAL	0	2	0
CMTM8	MALL	0	2	0
CMTM8	PLLP	0	2	0
CMTR1	CMTR1	1	0	0
CMYA5	CMYA5	1	0	0
CMYA5	FSD2	0	2	0
CNBD1	CNBD1	1	0	0
CNBD2	CNBD2	3	0	0
CNBP	CNBP	1	0	0
CNDP1	CNDP1	1	0	0
CNDP1	CNDP2	0	2	0
CNDP2	CNDP2	1	0	0
CNEP1R1	CNEP1R1	1	0	0
CNFN	CNFN	1	0	0
CNFN	PLAC8	0	2	0
CNGA1	CNGA1	1	0	0
CNGA1	CNGA2	0	2	0
CNGA1	CNGA3	0	2	0
CNGA1	CNGB3	0	2	0
CNGA2	CNGA2	1	0	0
CNGA2	CNGA3	0	2	0
CNGA2	CNGB3	0	2	0
CNGA3	CNGA3	1	0	0
CNGA3	CNGB3	0	2	0
CNGA4	CNGA4	1	0	0
CNGB1	CNGB1	3	0	0
CNGB3	CNGB3	1	0	0
CNIH1	CNIH1	1	0	0
CNIH1	CNIH2	0	2	0
CNIH1	CNIH3	0	2	0
CNIH1	CNIH4	0	2	0
CNIH2	CNIH2	1	0	0
CNIH2	CNIH3	0	2	0
CNIH2	CNIH4	0	2	0
CNIH3	CNIH3	1	0	0
CNIH3	CNIH4	0	2	0
CNIH4	CNIH4	1	0	0
CNKSR1	CNKSR1	1	0	0
CNKSR1	CNKSR3	0	2	0
CNKSR2	CNKSR2	1	0	0
CNKSR3	CNKSR3	1	0	0
CNMD	CNMD	1	0	0
CNMD	TNMD	0	2	0
CNN1	CNN1	3	0	0
CNN1	CNN2	0	2	0
CNN1	CNN3	0	2	0
CNN2	CNN2	1	0	0
CNN3	CNN3	1	0	0
CNNM1	CNNM1	1	0	0
CNNM1	CNNM2	0	2	0
CNNM1	CNNM3	0	2	0
CNNM1	CNNM4	0	2	0
CNNM2	CNNM2	1	0	0
CNNM2	CNNM3	0	2	0
CNNM2	CNNM4	0	2	0
CNNM3	CNNM3	1	0	0
CNNM3	CNNM4	0	2	0
CNNM4	CNNM4	1	0	0
CNOT1	CNOT1	1	0	0
CNOT10	CNOT10	1	0	0
CNOT11	CNOT11	1	0	0
CNOT2	CNOT2	1	0	0
CNOT3	CNOT3	1	0	0
CNOT4	CNOT4	1	0	0
CNOT6	CNOT6	1	0	0
CNOT6	CNOT6L	0	2	0
CNOT6L	CNOT6L	1	0	0
CNOT8	CNOT8	1	0	0
CNOT9	CNOT9	1	0	0
CNP	CNP	1	0	0
CNPPD1	CNPPD1	3	0	0
CNPY1	CNPY1	1	0	0
CNPY3	CNPY3	1	0	0
CNPY3	CNPY4	0	2	0
CNPY4	CNPY4	1	0	0
CNR2	CNR2	1	0	0
CNR2	LPAR1	0	2	0
CNR2	LPAR2	0	2	0
CNR2	LPAR3	0	2	0
CNR2	S1PR1	0	2	0
CNR2	S1PR2	0	2	0
CNR2	S1PR3	0	2	0
CNRIP1	CNRIP1	3	0	0
CNST	CNST	1	0	0
CNTD1	CNTD1	1	0	0
CNTF	CNTF	1	0	0
CNTFR	CNTFR	1	0	0
CNTLN	CNTLN	3	0	0
CNTN1	CNTN1	1	0	0
CNTN1	CNTN2	0	2	0
CNTN1	CNTN3	0	2	0
CNTN1	CNTN4	0	2	0
CNTN1	CNTN5	0	2	0
CNTN1	CNTN6	0	2	0
CNTN2	CNTN2	1	0	0
CNTN2	CNTN3	0	2	0
CNTN2	CNTN4	0	2	0
CNTN2	CNTN5	0	2	0
CNTN2	CNTN6	0	2	0
CNTN3	CNTN3	1	0	0
CNTN3	CNTN4	0	2	0
CNTN3	CNTN5	0	2	0
CNTN3	CNTN6	0	2	0
CNTN4	CNTN4	1	0	0
CNTN4	CNTN5	0	2	0
CNTN4	CNTN6	0	2	0
CNTN5	CNTN5	1	0	0
CNTN5	CNTN6	0	2	0
CNTN6	CNTN6	1	0	0
CNTNAP1	CNTNAP1	1	0	0
CNTNAP1	CNTNAP2	0	2	0
CNTNAP1	CNTNAP4	0	2	0
CNTNAP1	CNTNAP5	0	2	0
CNTNAP2	CNTNAP2	1	0	0
CNTNAP2	CNTNAP4	0	2	0
CNTNAP2	CNTNAP5	0	2	0
CNTNAP4	CNTNAP4	1	0	0
CNTNAP4	CNTNAP5	0	2	0
CNTNAP5	CNTNAP5	3	0	0
CNTRL	CNTRL	3	0	0
CNTROB	CNTROB	3	0	0
COA1	COA1	1	0	0
COA3	COA3	1	0	0
COA4	COA4	1	0	0
COA5	COA5	1	0	0
COA6	COA6	1	0	0
COA7	COA7	6	0	0
COA8	COA8	1	0	0
COASY	COASY	3	0	0
COBL	COBL	1	0	0
COBL	COBLL1	0	2	0
COBLL1	COBLL1	1	0	0
COCH	COCH	1	0	0
COCH	VIT	0	2	0
COG1	COG1	1	0	0
COG2	COG2	1	0	0
COG3	COG3	1	0	0
COG4	COG4	1	0	0
COG5	COG5	1	0	2
COG6	COG6	1	0	0
COG7	COG7	1	0	0
COIL	COIL	1	0	0
COL10A1	COL10A1	0	0	1
COL11A1	COL11A1	0	0	1
COL11A2	COL11A2	0	0	1
COL12A1	COL12A1	1	0	0
COL13A1	COL13A1	0	0	1
COL14A1	COL14A1	6	0	0
COL14A1	COL20A1	0	2	0
COL15A1	COL15A1	1	0	0
COL15A1	COL18A1	0	2	0
COL16A1	COL16A1	0	0	1
COL18A1	COL18A1	1	0	0
COL19A1	COL19A1	0	0	1
COL1A1	COL1A1	0	0	1
COL1A2	COL1A2	0	0	1
COL20A1	COL20A1	1	0	0
COL21A1	COL21A1	0	0	1
COL22A1	COL22A1	0	0	1
COL23A1	COL23A1	0	0	3
COL24A1	COL24A1	0	0	1
COL25A1	COL25A1	0	0	1
COL27A1	COL27A1	0	0	6
COL28A1	COL28A1	0	0	1
COL2A1	COL2A1	0	0	1
COL3A1	COL3A1	0	0	1
COL4A1	COL4A1	0	0	1
COL4A2	COL4A2	0	0	1
COL4A3	COL4A3	0	0	6
COL4A4	COL4A4	0	0	1
COL4A5	COL4A5	0	0	3
COL4A6	COL4A6	0	0	1
COL5A1	COL5A1	0	0	3
COL5A2	COL5A2	0	0	1
COL5A3	COL5A3	0	0	1
COL6A2	COL6A2	0	0	3
COL6A3	COL6A3	1	0	0
COL6A5	COL6A5	1	0	0
COL6A6	COL6A6	0	0	3
COL8A1	COL8A1	0	0	1
COL8A2	COL8A2	0	0	1
COL9A1	COL9A1	0	0	3
COL9A2	COL9A2	0	0	1
COL9A3	COL9A3	0	0	1
COLCA2	COLCA2	1	0	0
COLEC10	COLEC10	0	0	1
COLEC11	COLEC11	0	0	1
COLEC12	COLEC12	1	0	0
COLGALT1	COLGALT1	6	0	0
COLGALT1	COLGALT2	0	6	0
COLGALT2	COLGALT2	3	0	0
COLQ	COLQ	0	0	1
COMMD1	COMMD1	1	0	0
COMMD10	COMMD10	1	0	0
COMMD2	COMMD2	1	0	0
COMMD3	COMMD3	1	0	0
COMMD4	COMMD4	0	0	1
COMMD5	COMMD5	1	0	0
COMMD6	COMMD6	1	0	0
COMMD7	COMMD7	1	0	0
COMMD8	COMMD8	1	0	0
COMMD9	COMMD9	1	0	0
COMP	COMP	1	0	0
COMP	THBS1	0	2	0
COMP	THBS2	0	2	0
COMP	THBS3	0	2	0
COMP	THBS4	0	2	0
COMT	COMT	1	0	0
COMTD1	COMTD1	1	0	0
COP1	COP1	3	0	0
COPA	COPA	1	0	0
COPB1	COPB1	1	0	0
COPB2	COPB2	1	0	0
COPE	COPE	1	0	0
COPG1	COPG1	1	0	0
COPG1	COPG2	0	2	0
COPG2	COPG2	1	0	0
COPRS	COPRS	3	0	0
COPS2	COPS2	1	0	0
COPS3	COPS3	1	0	0
COPS4	COPS4	1	0	0
COPS5	COPS5	3	0	0
COPS5	PSMD14	0	2	0
COPS6	COPS6	1	0	0
COPS7A	COPS7A	1	0	0
COPS7A	COPS7B	0	2	0
COPS7B	COPS7B	1	0	0
COPS8	COPS8	1	0	0
COPS9	COPS9	1	0	2
COPZ1	COPZ1	1	0	0
COPZ1	COPZ2	0	2	0
COPZ2	COPZ2	1	0	0
COQ10A	COQ10A	1	0	0
COQ10A	COQ10B	0	2	0
COQ10B	COQ10B	3	0	0
COQ2	COQ2	1	0	0
COQ3	COQ3	1	0	0
COQ4	COQ4	3	0	0
COQ5	COQ5	1	0	0
COQ6	COQ6	1	0	0
COQ7	COQ7	1	0	0
COQ8A	COQ8A	1	0	0
COQ8A	COQ8B	0	2	0
COQ8B	COQ8B	1	0	0
COQ9	COQ9	1	0	0
CORIN	CORIN	1	0	0
CORO1A	CORO1A	1	0	0
CORO1A	CORO1B	0	2	0
CORO1A	CORO1C	0	2	0
CORO1A	CORO2A	0	2	0
CORO1A	CORO2B	0	2	0
CORO1A	CORO6	0	2	0
CORO1A	PTPRCAP	0	2	0
CORO1B	CORO1B	1	0	0
CORO1B	CORO1C	0	2	0
CORO1B	CORO2A	0	2	0
CORO1B	CORO2B	0	2	0
CORO1B	CORO6	0	2	0
CORO1B	PTPRCAP	0	2	0
CORO1C	CORO1C	1	0	0
CORO1C	CORO2A	0	2	0
CORO1C	CORO2B	0	2	0
CORO1C	CORO6	0	2	0
CORO1C	PTPRCAP	0	2	0
CORO2A	CORO2A	1	0	0
CORO2A	CORO2B	0	2	0
CORO2A	CORO6	0	2	0
CORO2A	PTPRCAP	0	2	0
CORO2B	CORO2B	1	0	0
CORO2B	CORO6	0	2	0
CORO2B	PTPRCAP	0	2	0
CORO6	CORO6	1	0	0
CORO6	PTPRCAP	0	2	0
COTL1	COTL1	1	0	0
COX10	COX10	1	0	0
COX11	COX11	6	0	0
COX15	COX15	1	0	0
COX16	COX16	3	0	0
COX18	COX18	3	0	0
COX20	COX20	1	0	0
COX4I1	COX4I1	1	0	0
COX4I1	COX4I2	0	2	0
COX4I2	COX4I2	1	0	0
COX5A	COX5A	1	0	0
COX5B	COX5B	1	0	0
COX6A1	COX6A1	1	0	0
COX6A1	COX6A2	0	2	0
COX6A2	COX6A2	1	0	0
COX6B1	COX6B1	1	0	0
COX6B1	COX6B2	0	2	0
COX6B2	COX6B2	1	0	0
COX6C	COX6C	1	0	0
COX7A1	COX7A1	3	0	0
COX7A1	COX7A2	0	2	0
COX7A1	COX7A2L	0	2	0
COX7A2	COX7A2	3	0	0
COX7A2	COX7A2L	0	2	0
COX7A2L	COX7A2L	1	0	0
COX7B	COX7B	1	0	0
COX7B	COX7B2	0	2	0
COX7B2	COX7B2	1	0	0
COX8C	COX8C	1	0	0
CP	CP	1	0	0
CP	HEPHL1	0	2	0
CPA1	CPA1	0	0	1
CPA2	CPA2	0	0	1
CPA3	CPA3	0	0	1
CPA4	CPA4	0	0	1
CPA5	CPA5	0	0	1
CPA6	CPA6	0	0	3
CPB1	CPB1	0	0	1
CPB2	CPB2	0	0	1
CPD	CPD	1	0	0
CPE	CPE	1	0	0
CPE	CPM	0	2	0
CPE	CPN1	0	2	0
CPEB2	CPEB2	3	0	0
CPEB2	CPEB3	0	2	0
CPEB2	CPEB4	0	2	0
CPEB3	CPEB3	1	0	0
CPEB3	CPEB4	0	2	0
CPEB4	CPEB4	1	0	0
CPED1	CPED1	3	0	0
CPLANE1	CPLANE1	3	0	0
CPLANE2	CPLANE2	1	0	0
CPLX1	CPLX1	3	0	0
CPLX1	CPLX2	0	2	0
CPLX2	CPLX2	1	0	0
CPLX3	CPLX3	1	0	0
CPLX3	CPLX4	0	2	0
CPLX4	CPLX4	3	0	0
CPM	CPM	1	0	0
CPM	CPN1	0	2	0
CPN1	CPN1	1	0	0
CPN2	CPN2	1	0	0
CPNE2	CPNE2	0	0	1
CPNE3	CPNE3	0	0	1
CPNE4	CPNE4	0	0	3
CPNE5	CPNE5	0	0	1
CPNE6	CPNE6	0	0	1
CPNE8	CPNE8	0	0	1
CPNE9	CPNE9	0	0	1
CPO	CPO	1	0	0
CPOX	CPOX	3	0	0
CPPED1	CPPED1	1	0	0
CPQ	CPQ	1	0	0
CPS1	CPS1	1	0	0
CPSF2	CPSF2	1	0	0
CPSF3	CPSF3	1	0	0
CPSF4	CPSF4	1	0	0
CPSF4	CPSF4L	0	2	0
CPSF4L	CPSF4L	1	0	0
CPSF6	CPSF6	0	0	1
CPSF7	CPSF7	1	0	0
CPT1A	CPT1A	1	0	0
CPT1A	CPT1B	0	2	0
CPT1A	CPT1C	0	2	0
CPT1B	CPT1B	1	0	0
CPT1B	CPT1C	0	2	0
CPT1C	CPT1C	1	0	0
CPT2	CPT2	1	0	0
CPT2	CROT	0	2	0
CPTP	CPTP	1	0	0
CPTP	GLTPD2	0	2	0
CPVL	CPVL	0	0	1
CPXM1	CPXM1	1	0	0
CPXM1	CPXM2	0	2	0
CPXM2	CPXM2	1	0	0
CPZ	CPZ	1	0	0
CR1	CR1	1	0	0
CR1	CR2	0	2	0
CR1L	CR1L	1	0	0
CR2	CR2	1	0	0
CRABP1	CRABP1	0	0	1
CRABP2	CRABP2	0	0	1
CRACD	CRACD	1	0	0
CRACDL	CRACDL	3	0	0
CRACDL	KIAA1210	0	2	0
CRACR2A	CRACR2A	0	0	1
CRACR2A	RAB44	0	1	0
CRACR2A	RASEF	0	1	0
CRACR2B	CRACR2B	1	0	0
CRADD	CRADD	1	0	0
CRAMP1	CRAMP1	3	0	0
CRB1	CRB1	1	0	0
CRB1	CRB2	0	2	0
CRB1	NOTCH1	0	2	0
CRB1	NOTCH3	0	2	0
CRB1	NOTCH4	0	2	0
CRB2	CRB2	1	0	0
CRB2	NOTCH1	0	2	0
CRB2	NOTCH3	0	2	0
CRB2	NOTCH4	0	2	0
CRB3	CRB3	1	0	0
CRBN	CRBN	1	0	0
CRCT1	CRCT1	0	0	1
CREB1	CREB1	1	0	0
CREB1	CREM	0	2	0
CREB3	CREB3	1	0	0
CREB3L1	CREB3L1	1	0	0
CREB3L1	CREB3L2	0	2	0
CREB3L2	CREB3L2	1	0	0
CREB3L3	CREB3L3	3	0	0
CREB3L3	CREB3L4	0	2	0
CREB3L4	CREB3L4	1	0	0
CREB5	CREB5	1	0	0
CREBBP	CREBBP	1	0	0
CREBBP	EP300	0	2	0
CREBL2	CREBL2	1	0	0
CREBRF	CREBRF	1	0	0
CREG1	CREG1	1	0	0
CREG1	CREG2	0	2	0
CREG2	CREG2	1	0	0
CRELD1	CRELD1	1	0	0
CRELD1	CRELD2	0	2	0
CRELD2	CRELD2	1	0	0
CREM	CREM	3	0	0
CRH	CRH	1	0	0
CRH	UCN	0	2	0
CRHBP	CRHBP	1	0	0
CRHR1	CRHR1	0	0	1
CRHR2	CRHR2	0	0	1
CRIM1	CRIM1	1	0	0
CRIP1	CRIP1	1	0	0
CRIP2	CRIP2	1	0	0
CRIP2	CRIP3	0	2	0
CRIP2	CSRP1	0	2	0
CRIP2	CSRP2	0	2	0
CRIP2	CSRP3	0	2	0
CRIP3	CRIP3	1	0	0
CRIP3	CSRP1	0	2	0
CRIP3	CSRP2	0	2	0
CRIP3	CSRP3	0	2	0
CRIPT	CRIPT	1	0	0
CRISP1	CRISP1	1	0	0
CRISP1	CRISP2	0	2	0
CRISP1	GLIPR1	0	2	0
CRISP1	GLIPR1L1	0	2	0
CRISP2	CRISP2	3	0	0
CRISP2	GLIPR1	0	2	0
CRISP2	GLIPR1L1	0	2	0
CRISPLD1	CRISPLD1	1	0	0
CRISPLD1	CRISPLD2	0	2	0
CRISPLD1	R3HDML	0	2	0
CRISPLD2	CRISPLD2	1	0	0
CRISPLD2	R3HDML	0	2	0
CRK	CRK	1	0	0
CRK	CRKL	0	2	0
CRKL	CRKL	3	0	0
CRLF1	CRLF1	1	0	0
CRLF3	CRLF3	1	0	0
CRLS1	CRLS1	1	0	0
CRMP1	CRMP1	1	0	0
CRMP1	DPYS	0	2	0
CRMP1	DPYSL2	0	2	0
CRMP1	DPYSL3	0	2	0
CRMP1	DPYSL4	0	2	0
CRMP1	DPYSL5	0	2	0
CRNKL1	CRNKL1	1	0	0
CRNN	CRNN	1	0	0
CRNN	FLG	0	2	0
CRNN	FLG2	0	2	0
CRNN	HRNR	0	2	0
CRNN	RPTN	0	2	0
CRNN	TCHHL1	0	2	0
CROCC	CROCC	6	0	0
CROCC	CROCC2	0	6	0
CROCC2	CROCC2	3	0	0
CROT	CROT	1	0	0
CRP	CRP	1	0	0
CRPPA	CRPPA	1	0	0
CRTAC1	CRTAC1	1	0	0
CRTAM	CRTAM	1	0	0
CRTAM	GYPC	0	2	0
CRTAM	SMAGP	0	2	0
CRTAP	CRTAP	1	0	0
CRTAP	P3H4	0	2	0
CRTC1	CRTC1	1	0	0
CRTC1	CRTC2	0	2	0
CRTC1	CRTC3	0	2	0
CRTC2	CRTC2	3	0	0
CRTC2	CRTC3	0	6	0
CRTC3	CRTC3	3	0	0
CRX	CRX	1	0	0
CRX	OTX1	0	2	0
CRX	OTX2	0	2	0
CRY1	CRY1	1	0	0
CRY1	CRY2	0	2	0
CRY2	CRY2	1	0	0
CRYAB	CRYAB	1	0	0
CRYAB	HSPB1	0	2	0
CRYAB	HSPB2	0	2	0
CRYAB	HSPB3	0	2	0
CRYAB	HSPB6	0	2	0
CRYAB	HSPB8	0	2	0
CRYBA1	CRYBA1	1	0	0
CRYBA1	CRYBA4	0	2	0
CRYBA2	CRYBA2	1	0	0
CRYBA4	CRYBA4	1	0	0
CRYBB1	CRYBB1	1	0	0
CRYBB1	CRYBB2	0	2	0
CRYBB1	CRYBB3	0	2	0
CRYBB2	CRYBB2	1	0	0
CRYBB2	CRYBB3	0	2	0
CRYBB3	CRYBB3	1	0	0
CRYBG1	CRYBG1	1	0	0
CRYBG1	CRYBG2	0	2	0
CRYBG1	CRYBG3	0	2	0
CRYBG2	CRYBG2	1	0	0
CRYBG2	CRYBG3	0	2	0
CRYBG3	CRYBG3	1	0	0
CRYGA	CRYGA	3	0	0
CRYGA	CRYGB	0	2	0
CRYGA	CRYGD	0	2	0
CRYGB	CRYGB	3	0	0
CRYGB	CRYGD	0	6	0
CRYGD	CRYGD	3	0	0
CRYGN	CRYGN	1	0	0
CRYGS	CRYGS	1	0	0
CRYL1	CRYL1	1	0	0
CRYM	CRYM	1	0	0
CRYZ	CRYZ	0	0	1
CSAD	CSAD	1	0	0
CSAD	GAD1	0	2	0
CSAD	GAD2	0	2	0
CSAD	GADL1	0	2	0
CSDC2	CSDC2	1	0	0
CSDE1	CSDE1	1	0	0
CSE1L	CSE1L	1	0	0
CSF1	CSF1	1	0	0
CSF1R	CSF1R	1	0	0
CSF1R	KIT	0	2	0
CSF1R	PDGFRA	0	2	0
CSF1R	PDGFRB	0	2	0
CSF2	CSF2	1	0	0
CSF2RB	CSF2RB	1	0	0
CSF3	CSF3	1	0	0
CSF3R	CSF3R	1	0	0
CSF3R	IL31RA	0	2	0
CSF3R	IL6ST	0	2	0
CSGALNACT1	CSGALNACT1	1	0	0
CSGALNACT1	CSGALNACT2	0	2	0
CSGALNACT2	CSGALNACT2	1	0	0
CSK	CSK	0	0	1
CSKMT	CSKMT	3	0	0
CSMD2	CSMD2	1	0	0
CSMD2	CSMD3	0	2	0
CSMD3	CSMD3	1	0	0
CSN1S1	CSN1S1	1	0	0
CSN2	CSN2	1	0	0
CSN3	CSN3	1	0	0
CSNK1A1	CSNK1A1	0	0	3
CSNK1A1L	CSNK1A1L	0	0	1
CSNK1D	CSNK1D	0	0	1
CSNK1E	CSNK1E	0	0	3
CSNK1G1	CSNK1G1	0	0	1
CSNK1G2	CSNK1G2	0	0	1
CSNK1G3	CSNK1G3	0	0	1
CSNK2A2	CSNK2A2	1	0	0
CSNK2B	CSNK2B	3	0	0
CSPG4	CSPG4	6	0	0
CSPG5	CSPG5	1	0	0
CSPP1	CSPP1	1	0	0
CSRNP1	CSRNP1	1	0	0
CSRNP1	CSRNP2	0	2	0
CSRNP1	CSRNP3	0	2	0
CSRNP2	CSRNP2	1	0	0
CSRNP2	CSRNP3	0	2	0
CSRNP3	CSRNP3	6	0	0
CSRP1	CSRP1	1	0	0
CSRP1	CSRP2	0	2	0
CSRP1	CSRP3	0	2	0
CSRP2	CSRP2	1	0	0
CSRP2	CSRP3	0	2	0
CSRP3	CSRP3	1	0	0
CST1	CST1	1	0	0
CST1	CST5	0	2	0
CST11	CST11	1	0	0
CST11	CST8	0	2	0
CST11	CSTL1	0	2	0
CST5	CST5	1	0	0
CST7	CST7	1	0	0
CST8	CST8	1	0	0
CST8	CSTL1	0	2	0
CST9	CST9	1	0	0
CST9	CST9L	0	2	0
CST9L	CST9L	1	0	0
CSTA	CSTA	1	0	0
CSTA	CSTB	0	2	0
CSTB	CSTB	1	0	0
CSTF1	CSTF1	1	0	0
CSTF2	CSTF2	1	0	0
CSTF3	CSTF3	1	0	0
CSTL1	CSTL1	1	0	0
CT55	CT55	1	0	0
CT62	CT62	1	0	0
CT83	CT83	1	0	0
CTBP1	CTBP1	1	0	0
CTBP1	CTBP2	0	2	0
CTBP2	CTBP2	3	0	0
CTBS	CTBS	1	0	0
CTC1	CTC1	1	0	0
CTCF	CTCF	1	0	0
CTCF	CTCFL	0	2	0
CTCFL	CTCFL	3	0	0
CTDNEP1	CTDNEP1	1	0	0
CTDP1	CTDP1	1	0	0
CTDSP1	CTDSP1	1	0	0
CTDSP1	CTDSP2	0	2	0
CTDSP2	CTDSP2	1	0	0
CTDSPL2	CTDSPL2	1	0	0
CTF1	CTF1	3	0	0
CTH	CTH	1	0	0
CTHRC1	CTHRC1	1	0	0
CTIF	CTIF	1	0	0
CTLA4	CTLA4	1	0	0
CTNNA1	CTNNA1	3	0	0
CTNNA1	CTNNA2	0	2	0
CTNNA1	CTNNA3	0	2	0
CTNNA2	CTNNA2	1	0	0
CTNNA2	CTNNA3	0	2	0
CTNNA3	CTNNA3	1	0	0
CTNNAL1	CTNNAL1	1	0	0
CTNNB1	CTNNB1	1	0	0
CTNNB1	JUP	0	2	0
CTNNBIP1	CTNNBIP1	1	0	0
CTNNBL1	CTNNBL1	1	0	0
CTNND1	CTNND1	1	0	0
CTNND1	CTNND2	0	2	0
CTNND1	PKP4	0	2	0
CTNND2	CTNND2	1	0	0
CTNND2	PKP4	0	2	0
CTNS	CTNS	1	0	0
CTPS1	CTPS1	1	0	0
CTPS1	CTPS2	0	2	0
CTPS2	CTPS2	1	0	0
CTR9	CTR9	1	0	0
CTRB2	CTRB2	0	0	1
CTRC	CTRC	0	0	1
CTRL	CTRL	0	0	1
CTSA	CTSA	0	0	1
CTSB	CTSB	1	0	0
CTSC	CTSC	1	0	0
CTSE	CTSE	0	0	1
CTSF	CTSF	0	0	1
CTSG	CTSG	0	0	1
CTSH	CTSH	0	0	1
CTSK	CTSK	0	0	1
CTSL	CTSL	0	0	1
CTSO	CTSO	0	0	6
CTSS	CTSS	0	0	1
CTSV	CTSV	0	0	1
CTSW	CTSW	1	0	0
CTSZ	CTSZ	1	0	0
CTTNBP2	CTTNBP2	1	0	0
CTTNBP2NL	CTTNBP2NL	1	0	0
CTU1	CTU1	1	0	0
CTU2	CTU2	1	0	0
CTXN1	CTXN1	1	0	0
CTXN1	CTXN2	0	2	0
CTXN1	CTXN3	0	2	0
CTXN2	CTXN2	1	0	0
CTXN2	CTXN3	0	2	0
CTXN3	CTXN3	1	0	0
CTXND2	CTXND2	1	0	0
CUBN	CUBN	1	0	0
CUEDC1	CUEDC1	1	0	0
CUEDC2	CUEDC2	3	0	0
CUL1	CUL1	3	0	0
CUL1	CUL2	0	2	0
CUL1	CUL3	0	2	0
CUL1	CUL4B	0	2	0
CUL1	CUL5	0	2	0
CUL2	CUL2	1	0	0
CUL2	CUL3	0	2	0
CUL2	CUL4B	0	2	0
CUL2	CUL5	0	2	0
CUL3	CUL3	1	0	0
CUL3	CUL4B	0	2	0
CUL3	CUL5	0	2	0
CUL4B	CUL4B	1	0	0
CUL4B	CUL5	0	2	0
CUL5	CUL5	1	0	0
CUL7	CUL7	1	0	0
CUL7	CUL9	0	2	0
CUL9	CUL9	1	0	0
CUTA	CUTA	1	0	0
CUTC	CUTC	1	0	0
CUX2	CUX2	1	0	0
CUZD1	CUZD1	1	0	0
CWC15	CWC15	3	0	0
CWC22	CWC22	1	0	0
CWC25	CWC25	1	0	0
CWC27	CWC27	1	0	0
CWF19L1	CWF19L1	6	0	0
CWF19L2	CWF19L2	0	0	1
CWH43	CWH43	1	0	0
CX3CL1	CX3CL1	3	0	0
CX3CR1	CX3CR1	0	0	1
CXADR	CXADR	6	0	0
CXADR	ESAM	0	6	0
CXADR	IGSF11	0	12	0
CXADR	JAML	0	2	0
CXADR	VSIG8	0	6	0
CXCL1	CXCL1	1	0	0
CXCL1	CXCL2	0	2	0
CXCL1	CXCL3	0	2	0
CXCL1	CXCL5	0	2	0
CXCL1	CXCL6	0	2	0
CXCL1	CXCL8	0	2	0
CXCL1	PF4	0	2	0
CXCL1	PF4V1	0	2	0
CXCL1	PPBP	0	2	0
CXCL10	CXCL10	1	0	0
CXCL10	CXCL11	0	2	0
CXCL10	CXCL9	0	2	0
CXCL11	CXCL11	1	0	0
CXCL11	CXCL9	0	2	0
CXCL12	CXCL12	1	0	0
CXCL13	CXCL13	1	0	0
CXCL14	CXCL14	1	0	0
CXCL16	CXCL16	3	0	0
CXCL17	CXCL17	1	0	0
CXCL2	CXCL2	1	0	0
CXCL2	CXCL3	0	2	0
CXCL2	CXCL5	0	2	0
CXCL2	CXCL6	0	2	0
CXCL2	CXCL8	0	2	0
CXCL2	PF4	0	2	0
CXCL2	PF4V1	0	2	0
CXCL2	PPBP	0	2	0
CXCL3	CXCL3	1	0	0
CXCL3	CXCL5	0	2	0
CXCL3	CXCL6	0	2	0
CXCL3	CXCL8	0	2	0
CXCL3	PF4	0	2	0
CXCL3	PF4V1	0	2	0
CXCL3	PPBP	0	2	0
CXCL5	CXCL5	1	0	0
CXCL5	CXCL6	0	2	0
CXCL5	CXCL8	0	2	0
CXCL5	PF4	0	2	0
CXCL5	PF4V1	0	2	0
CXCL5	PPBP	0	2	0
CXCL6	CXCL6	1	0	0
CXCL6	CXCL8	0	2	0
CXCL6	PF4	0	2	0
CXCL6	PF4V1	0	2	0
CXCL6	PPBP	0	2	0
CXCL8	CXCL8	1	0	0
CXCL8	PF4	0	2	0
CXCL8	PF4V1	0	2	0
CXCL8	PPBP	0	2	0
CXCL9	CXCL9	1	0	0
CXCR1	CXCR1	0	0	1
CXCR2	CXCR2	0	0	1
CXCR4	CXCR4	0	0	1
CXCR5	CXCR5	0	0	1
CXCR6	CXCR6	0	0	1
CXXC1	CXXC1	1	0	0
CXXC4	CXXC4	3	0	0
CXXC4	CXXC5	0	2	0
CXXC5	CXXC5	1	0	0
CXorf38	CXorf38	1	0	0
CXorf66	CXorf66	1	0	0
CYB561	CYB561	3	0	0
CYB561	CYB561A3	0	2	0
CYB561	CYBRD1	0	2	0
CYB561A3	CYB561A3	1	0	0
CYB561A3	CYBRD1	0	2	0
CYB561D1	CYB561D1	1	0	0
CYB561D2	CYB561D2	1	0	0
CYB5A	CYB5A	1	0	0
CYB5A	CYB5B	0	2	0
CYB5B	CYB5B	3	0	0
CYB5D1	CYB5D1	3	0	0
CYB5D2	CYB5D2	1	0	0
CYB5R1	CYB5R1	1	0	0
CYB5R1	CYB5R2	0	2	0
CYB5R1	CYB5R3	0	2	0
CYB5R1	CYB5RL	0	2	0
CYB5R2	CYB5R2	1	0	0
CYB5R2	CYB5R3	0	2	0
CYB5R2	CYB5RL	0	2	0
CYB5R3	CYB5R3	3	0	0
CYB5R3	CYB5RL	0	2	0
CYB5R4	CYB5R4	3	0	0
CYB5RL	CYB5RL	1	0	0
CYBA	CYBA	3	0	0
CYBB	CYBB	1	0	0
CYBB	NOX3	0	2	0
CYBB	NOX4	0	2	0
CYBC1	CYBC1	1	0	0
CYBC1	OGFOD3	0	2	0
CYBRD1	CYBRD1	3	0	0
CYC1	CYC1	1	0	0
CYCS	CYCS	1	0	0
CYFIP1	CYFIP1	1	0	0
CYFIP1	CYFIP2	0	2	0
CYFIP2	CYFIP2	3	0	0
CYGB	CYGB	3	0	0
CYHR1	CYHR1	1	0	0
CYLC1	CYLC1	1	0	0
CYLC1	DMP1	0	2	0
CYLC1	DSPP	0	2	0
CYLC1	ZCCHC10	0	2	0
CYLC2	CYLC2	0	0	3
CYLD	CYLD	3	0	0
CYP11A1	CYP11A1	1	0	0
CYP11A1	CYP24A1	0	2	0
CYP11A1	CYP27A1	0	2	0
CYP11A1	CYP27B1	0	2	0
CYP11A1	CYP27C1	0	1	0
CYP11B1	CYP11B1	2	0	0
CYP11B1	CYP24A1	0	2	0
CYP11B1	CYP27B1	0	2	0
CYP17A1	CYP17A1	0	0	1
CYP19A1	CYP19A1	3	0	0
CYP1A1	CYP1A1	0	0	3
CYP1A2	CYP1A2	0	0	3
CYP1B1	CYP1B1	0	0	3
CYP20A1	CYP20A1	1	0	0
CYP24A1	CYP24A1	3	0	0
CYP24A1	CYP27A1	0	2	0
CYP24A1	CYP27B1	0	6	0
CYP24A1	CYP27C1	0	1	0
CYP26A1	CYP26A1	3	0	0
CYP26A1	CYP26B1	0	2	0
CYP26B1	CYP26B1	1	0	0
CYP27A1	CYP27A1	1	0	0
CYP27A1	CYP27B1	0	2	0
CYP27A1	CYP27C1	0	1	0
CYP27B1	CYP27B1	3	0	0
CYP27B1	CYP27C1	0	1	0
CYP27C1	CYP27C1	0	0	1
CYP2A7	CYP2A7	0	0	1
CYP2C19	CYP2C19	0	0	1
CYP2C8	CYP2C8	0	0	1
CYP2C9	CYP2C9	0	0	1
CYP2D6	CYP2D6	0	0	1
CYP2E1	CYP2E1	0	0	3
CYP2F1	CYP2F1	0	0	1
CYP2J2	CYP2J2	0	0	3
CYP2R1	CYP2R1	0	0	3
CYP2S1	CYP2S1	0	0	3
CYP2U1	CYP2U1	0	0	3
CYP2W1	CYP2W1	0	0	3
CYP39A1	CYP39A1	3	0	0
CYP3A4	CYP3A4	0	0	1
CYP3A5	CYP3A5	0	0	1
CYP46A1	CYP46A1	0	0	3
CYP4A22	CYP4A22	0	0	1
CYP4B1	CYP4B1	0	0	3
CYP4F11	CYP4F11	0	0	1
CYP4F12	CYP4F12	0	0	1
CYP4F2	CYP4F2	0	0	1
CYP4F22	CYP4F22	0	0	3
CYP4F3	CYP4F3	0	0	1
CYP4F8	CYP4F8	0	0	1
CYP4V2	CYP4V2	0	0	3
CYP4V2	TMPRSS7	0	2	0
CYP4X1	CYP4X1	0	0	3
CYP4Z1	CYP4Z1	0	0	1
CYP51A1	CYP51A1	3	0	0
CYP7A1	CYP7A1	3	0	0
CYP7A1	CYP7B1	0	6	0
CYP7A1	CYP8B1	0	6	0
CYP7A1	PTGIS	0	2	0
CYP7B1	CYP7B1	3	0	0
CYP7B1	CYP8B1	0	6	0
CYP7B1	PTGIS	0	2	0
CYP8B1	CYP8B1	3	0	0
CYP8B1	PTGIS	0	2	0
CYREN	CYREN	3	0	0
CYRIA	CYRIA	1	0	0
CYRIA	CYRIB	0	2	0
CYRIB	CYRIB	1	0	0
CYS1	CYS1	1	0	0
CYSLTR1	CYSLTR1	1	0	0
CYSLTR1	CYSLTR2	0	2	0
CYSLTR2	CYSLTR2	3	0	0
CYSRT1	CYSRT1	1	0	0
CYSTM1	CYSTM1	0	0	3
CYTH1	CYTH1	6	0	0
CYTH1	CYTH2	0	6	0
CYTH1	CYTH3	0	6	0
CYTH1	CYTH4	0	6	0
CYTH2	CYTH2	3	0	0
CYTH2	CYTH3	0	2	0
CYTH2	CYTH4	0	6	0
CYTH3	CYTH3	3	0	0
CYTH3	CYTH4	0	2	0
CYTH4	CYTH4	3	0	0
CYTIP	CYTIP	3	0	0
CYTL1	CYTL1	1	0	0
CYYR1	CYYR1	1	0	0
CZIB	CZIB	3	0	0
D2HGDH	D2HGDH	1	0	0
D2HGDH	LDHD	0	2	0
DAAM1	DAAM1	0	0	1
DAAM2	DAAM2	0	0	1
DAB1	DAB1	1	0	0
DAB2	DAB2	1	0	0
DAB2IP	DAB2IP	1	0	0
DAB2IP	RASAL2	0	2	0
DAB2IP	SYNGAP1	0	2	0
DACH1	DACH1	1	0	0
DACH1	DACH2	0	2	0
DACH2	DACH2	3	0	0
DACT1	DACT1	1	0	0
DACT1	DACT2	0	2	0
DACT2	DACT2	1	0	0
DACT3	DACT3	3	0	0
DAD1	DAD1	1	0	0
DAG1	DAG1	1	0	0
DAGLA	DAGLA	1	0	0
DALRD3	DALRD3	1	0	0
DAND5	DAND5	1	0	0
DAO	DAO	1	0	0
DAO	DDO	0	2	0
DAOA	DAOA	1	0	0
DAP3	DAP3	1	0	0
DAPK1	DAPK1	1	0	0
DAPK2	DAPK2	0	0	6
DAPK3	DAPK3	0	0	1
DAPL1	DAPL1	1	0	0
DAPP1	DAPP1	1	0	0
DARS1	DARS1	1	0	0
DARS1	NARS1	0	2	0
DARS1	NARS2	0	2	0
DARS2	DARS2	1	0	0
DAW1	DAW1	0	0	1
DAXX	DAXX	1	0	0
DAZAP1	DAZAP1	1	0	0
DAZAP1	SF3B4	0	2	0
DAZAP2	DAZAP2	1	0	0
DAZL	DAZL	3	0	0
DBF4	DBF4	1	0	0
DBF4	DBF4B	0	2	0
DBF4B	DBF4B	1	0	2
DBH	DBH	1	0	0
DBI	DBI	1	0	0
DBN1	DBN1	1	0	0
DBN1	DBNL	0	2	0
DBNDD2	DBNDD2	3	0	0
DBNL	DBNL	1	0	0
DBP	DBP	1	0	0
DBP	HLF	0	2	0
DBP	TEF	0	2	0
DBR1	DBR1	1	0	0
DBT	DBT	0	0	1
DBX1	DBX1	3	0	0
DBX2	DBX2	3	0	0
DCAF1	DCAF1	1	0	0
DCAF10	DCAF10	1	0	0
DCAF11	DCAF11	3	0	0
DCAF12	DCAF12	1	0	0
DCAF12	DCAF12L1	0	2	0
DCAF12L1	DCAF12L1	1	0	0
DCAF13	DCAF13	3	0	0
DCAF15	DCAF15	1	0	0
DCAF16	DCAF16	1	0	0
DCAF17	DCAF17	1	0	0
DCAF4	DCAF4	3	0	0
DCAF5	DCAF5	1	0	0
DCAF6	DCAF6	1	0	0
DCAF6	WDTC1	0	2	0
DCAF7	DCAF7	1	0	0
DCAF8	DCAF8	1	0	0
DCAF8	DCAF8L1	0	2	0
DCAF8	DCAF8L2	0	2	0
DCAF8L1	DCAF8L1	1	0	0
DCAF8L1	DCAF8L2	0	2	0
DCAF8L2	DCAF8L2	1	0	0
DCAKD	DCAKD	3	0	0
DCANP1	DCANP1	1	0	0
DCBLD1	DCBLD1	1	0	0
DCBLD1	DCBLD2	0	2	0
DCBLD2	DCBLD2	1	0	0
DCC	DCC	1	0	0
DCC	NEO1	0	2	0
DCD	DCD	1	0	0
DCDC2	DCDC2	1	0	0
DCDC2	DCDC2B	0	2	0
DCDC2	DCDC2C	0	2	0
DCDC2B	DCDC2B	1	0	0
DCDC2B	DCDC2C	0	2	0
DCDC2C	DCDC2C	1	0	0
DCHS1	DCHS1	3	0	0
DCHS1	DCHS2	0	2	0
DCHS2	DCHS2	1	0	0
DCK	DCK	1	0	0
DCK	DGUOK	0	2	0
DCK	TK2	0	2	0
DCLK1	DCLK1	1	0	0
DCLK1	DCLK2	0	2	0
DCLK1	DCX	0	2	0
DCLK2	DCLK2	1	0	0
DCLK2	DCX	0	2	0
DCLK3	DCLK3	1	0	0
DCLK3	PRKD1	0	2	0
DCLK3	PRKD2	0	2	0
DCLK3	PRKD3	0	2	0
DCLRE1A	DCLRE1A	1	0	0
DCLRE1B	DCLRE1B	1	0	0
DCLRE1C	DCLRE1C	6	0	0
DCN	DCN	0	0	3
DCP1A	DCP1A	1	0	0
DCP1A	DCP1B	0	2	0
DCP1B	DCP1B	1	0	0
DCP2	DCP2	1	0	0
DCST1	DCST1	1	0	0
DCST2	DCST2	1	0	0
DCSTAMP	DCSTAMP	1	0	0
DCT	DCT	1	0	0
DCT	TYR	0	2	0
DCT	TYRP1	0	2	0
DCTD	DCTD	1	0	0
DCTN1	DCTN1	1	0	0
DCTN2	DCTN2	1	0	0
DCTN3	DCTN3	1	0	0
DCTN4	DCTN4	1	0	0
DCTN5	DCTN5	1	0	0
DCTN6	DCTN6	1	0	0
DCTPP1	DCTPP1	1	0	0
DCUN1D1	DCUN1D1	1	0	0
DCUN1D1	DCUN1D2	0	2	0
DCUN1D1	DCUN1D3	0	2	0
DCUN1D1	DCUN1D4	0	2	0
DCUN1D1	DCUN1D5	0	2	0
DCUN1D2	DCUN1D2	1	0	0
DCUN1D2	DCUN1D3	0	2	0
DCUN1D2	DCUN1D4	0	2	0
DCUN1D2	DCUN1D5	0	2	0
DCUN1D3	DCUN1D3	1	0	0
DCUN1D3	DCUN1D4	0	2	0
DCUN1D3	DCUN1D5	0	2	0
DCUN1D4	DCUN1D4	3	0	0
DCUN1D4	DCUN1D5	0	2	0
DCUN1D5	DCUN1D5	3	0	0
DCX	DCX	6	0	0
DCXR	DCXR	0	0	1
DDA1	DDA1	1	0	0
DDAH1	DDAH1	1	0	0
DDAH1	DDAH2	0	2	0
DDAH2	DDAH2	1	0	0
DDB1	DDB1	1	0	0
DDB2	DDB2	1	0	0
DDC	DDC	3	0	0
DDC	HDC	0	2	0
DDHD1	DDHD1	1	0	0
DDHD2	DDHD2	1	0	0
DDHD2	SEC23IP	0	2	0
DDI2	DDI2	1	0	0
DDIAS	DDIAS	1	0	0
DDIT4	DDIT4	1	0	0
DDIT4	DDIT4L	0	2	0
DDIT4L	DDIT4L	1	0	0
DDN	DDN	1	0	0
DDO	DDO	1	0	0
DDOST	DDOST	1	0	0
DDR1	DDR1	6	0	0
DDR1	DDR2	0	2	0
DDR1	MUSK	0	2	0
DDR1	NTRK1	0	2	0
DDR1	NTRK2	0	2	0
DDR1	NTRK3	0	2	0
DDR2	DDR2	1	0	0
DDR2	MUSK	0	2	0
DDR2	NTRK1	0	2	0
DDR2	NTRK2	0	2	0
DDR2	NTRK3	0	2	0
DDRGK1	DDRGK1	1	0	0
DDT	DDT	1	0	0
DDX1	DDX1	1	0	0
DDX10	DDX10	1	0	0
DDX11	DDX11	1	0	0
DDX17	DDX17	1	0	0
DDX17	DDX21	0	2	0
DDX17	DDX5	0	2	0
DDX17	DDX50	0	2	0
DDX18	DDX18	1	0	0
DDX18	DDX27	0	2	0
DDX19A	DDX19A	3	0	0
DDX19B	DDX19B	1	0	0
DDX19B	DDX25	0	2	0
DDX19B	DDX6	0	2	0
DDX20	DDX20	1	0	0
DDX21	DDX21	1	0	0
DDX21	DDX5	0	2	0
DDX21	DDX50	0	2	0
DDX23	DDX23	1	0	0
DDX24	DDX24	1	0	0
DDX25	DDX25	1	0	0
DDX25	DDX6	0	2	0
DDX27	DDX27	6	0	0
DDX28	DDX28	1	0	0
DDX31	DDX31	1	0	0
DDX39A	DDX39A	0	0	1
DDX39B	DDX39B	0	0	1
DDX3X	DDX3X	0	0	3
DDX3Y	DDX3Y	0	0	1
DDX4	DDX4	0	0	1
DDX41	DDX41	0	0	1
DDX42	DDX42	1	0	0
DDX43	DDX43	1	0	0
DDX43	DDX53	0	2	0
DDX46	DDX46	1	0	0
DDX47	DDX47	0	0	1
DDX49	DDX49	1	0	0
DDX5	DDX5	1	0	0
DDX5	DDX50	0	2	0
DDX50	DDX50	1	0	0
DDX51	DDX51	1	0	0
DDX52	DDX52	0	0	1
DDX53	DDX53	1	0	0
DDX54	DDX54	1	0	0
DDX55	DDX55	1	0	0
DDX56	DDX56	1	0	0
DDX58	DDX58	1	0	0
DDX58	IFIH1	0	2	0
DDX59	DDX59	0	0	1
DDX6	DDX6	1	0	0
DDX60	DDX60	1	0	0
DDX60	DDX60L	0	2	0
DDX60L	DDX60L	1	0	0
DEAF1	DEAF1	1	0	0
DECR1	DECR1	1	0	0
DECR1	DECR2	0	2	0
DECR1	PECR	0	1	0
DECR2	DECR2	1	0	2
DECR2	PECR	0	1	0
DEDD	DEDD	1	0	0
DEDD	DEDD2	0	2	0
DEDD2	DEDD2	1	0	0
DEF6	DEF6	1	0	0
DEF6	SWAP70	0	2	0
DEF8	DEF8	1	0	0
DEFA5	DEFA5	1	0	0
DEFA5	DEFA6	0	2	0
DEFA6	DEFA6	1	0	0
DEFB1	DEFB1	1	0	0
DEFB110	DEFB110	1	0	0
DEFB112	DEFB112	1	0	0
DEFB113	DEFB113	1	0	0
DEFB114	DEFB114	1	0	0
DEFB115	DEFB115	1	0	0
DEFB116	DEFB116	1	0	0
DEFB118	DEFB118	1	0	0
DEFB119	DEFB119	1	0	0
DEFB121	DEFB121	1	0	0
DEFB123	DEFB123	3	0	0
DEFB124	DEFB124	1	0	0
DEFB125	DEFB125	1	0	0
DEFB126	DEFB126	1	0	0
DEFB127	DEFB127	1	0	0
DEFB129	DEFB129	1	0	0
DEFB133	DEFB133	1	0	0
DEFB134	DEFB134	1	0	0
DEFB136	DEFB136	1	0	0
DEGS1	DEGS1	1	0	0
DEK	DEK	1	0	0
DELE1	DELE1	3	0	0
DELE1	SEL1L	0	2	0
DELE1	SEL1L2	0	6	0
DENND10	DENND10	6	0	0
DENND11	DENND11	1	0	0
DENND1A	DENND1A	1	0	0
DENND1A	DENND1B	0	2	0
DENND1A	DENND1C	0	2	0
DENND1B	DENND1B	3	0	0
DENND1B	DENND1C	0	2	0
DENND1C	DENND1C	1	0	0
DENND2A	DENND2A	1	0	0
DENND2A	DENND2C	0	2	0
DENND2C	DENND2C	1	0	0
DENND2D	DENND2D	1	0	0
DENND3	DENND3	1	0	0
DENND4A	DENND4A	1	0	0
DENND4A	DENND4B	0	2	0
DENND4A	DENND4C	0	2	0
DENND4B	DENND4B	1	0	0
DENND4B	DENND4C	0	2	0
DENND4C	DENND4C	1	0	0
DENND5A	DENND5A	3	0	0
DENND5A	DENND5B	0	2	0
DENND5B	DENND5B	1	0	0
DENND6A	DENND6A	1	0	0
DENND6A	DENND6B	0	2	0
DENND6B	DENND6B	1	0	0
DENR	DENR	3	0	0
DEPDC1	DEPDC1	3	0	0
DEPDC1	DEPDC1B	0	2	0
DEPDC1B	DEPDC1B	1	0	0
DEPDC4	DEPDC4	1	0	0
DEPDC5	DEPDC5	1	0	0
DEPDC7	DEPDC7	1	0	0
DEPP1	DEPP1	1	0	0
DEPTOR	DEPTOR	1	0	0
DERA	DERA	1	0	0
DERL1	DERL1	1	0	0
DERL1	DERL2	0	2	0
DERL1	DERL3	0	2	0
DERL2	DERL2	1	0	0
DERL2	DERL3	0	2	0
DERL3	DERL3	1	0	0
DERPC	DERPC	1	0	0
DES	DES	0	0	1
DESI1	DESI1	1	0	0
DESI2	DESI2	1	0	0
DEUP1	DEUP1	1	0	0
DEXI	DEXI	1	0	0
DFFA	DFFA	1	0	0
DFFB	DFFB	1	0	0
DGAT1	DGAT1	1	0	0
DGAT2	DGAT2	1	0	0
DGAT2	DGAT2L6	0	2	0
DGAT2	MOGAT1	0	2	0
DGAT2	MOGAT2	0	2	0
DGAT2	MOGAT3	0	2	0
DGAT2L6	DGAT2L6	1	0	0
DGAT2L6	MOGAT1	0	2	0
DGAT2L6	MOGAT2	0	2	0
DGAT2L6	MOGAT3	0	2	0
DGCR8	DGCR8	1	0	0
DGKA	DGKA	1	0	0
DGKA	DGKB	0	2	0
DGKA	DGKG	0	2	0
DGKB	DGKB	1	0	0
DGKB	DGKG	0	2	0
DGKD	DGKD	1	0	0
DGKD	DGKH	0	2	0
DGKE	DGKE	1	0	0
DGKG	DGKG	1	0	0
DGKH	DGKH	1	0	0
DGKI	DGKI	1	0	0
DGKI	DGKZ	0	2	0
DGKK	DGKK	1	0	0
DGKQ	DGKQ	1	0	0
DGKZ	DGKZ	1	0	0
DGLUCY	DGLUCY	1	0	0
DGUOK	DGUOK	1	0	0
DGUOK	TK2	0	2	0
DHCR24	DHCR24	1	0	0
DHCR7	DHCR7	1	0	0
DHCR7	LBR	0	2	0
DHCR7	TM7SF2	0	2	0
DHDDS	DHDDS	1	0	0
DHDH	DHDH	1	0	0
DHFR	DHFR	1	0	0
DHFR	DHFR2	0	2	0
DHFR2	DHFR2	1	0	0
DHH	DHH	1	0	0
DHH	IHH	0	2	0
DHH	SHH	0	2	0
DHODH	DHODH	3	0	0
DHPS	DHPS	1	0	0
DHRS1	DHRS1	3	0	0
DHRS11	DHRS11	1	0	0
DHRS12	DHRS12	0	0	1
DHRS13	DHRS13	0	0	3
DHRS3	DHRS3	1	0	0
DHRS3	HSD17B11	0	2	0
DHRS3	HSD17B13	0	2	0
DHRS3	RDH10	0	2	0
DHRS3	SDR16C5	0	2	0
DHRS7	DHRS7	1	0	0
DHRS7B	DHRS7B	1	0	0
DHRS7B	DHRS7C	0	2	0
DHRS7C	DHRS7C	1	0	0
DHRS9	DHRS9	1	0	0
DHRS9	RDH16	0	2	0
DHRS9	SDR9C7	0	2	0
DHRSX	DHRSX	0	0	1
DHTKD1	DHTKD1	1	0	0
DHTKD1	OGDH	0	2	0
DHTKD1	OGDHL	0	2	0
DHX15	DHX15	1	0	0
DHX15	DHX32	0	2	0
DHX15	DHX33	0	2	0
DHX15	DHX35	0	2	0
DHX15	DHX40	0	1	0
DHX15	DQX1	0	2	0
DHX16	DHX16	1	0	0
DHX16	DHX38	0	2	0
DHX16	DHX8	0	2	0
DHX29	DHX29	1	0	0
DHX29	DHX57	0	2	0
DHX30	DHX30	1	0	0
DHX32	DHX32	6	0	0
DHX32	DHX33	0	2	0
DHX32	DHX35	0	2	0
DHX32	DHX40	0	1	0
DHX32	DQX1	0	2	0
DHX33	DHX33	1	0	0
DHX33	DHX35	0	2	0
DHX33	DHX40	0	1	0
DHX33	DQX1	0	2	0
DHX34	DHX34	1	0	0
DHX35	DHX35	1	0	0
DHX35	DHX40	0	1	0
DHX35	DQX1	0	2	0
DHX36	DHX36	1	0	0
DHX37	DHX37	1	0	0
DHX38	DHX38	3	0	0
DHX38	DHX8	0	2	0
DHX40	DHX40	0	0	1
DHX40	DQX1	0	1	0
DHX57	DHX57	1	0	0
DHX58	DHX58	1	0	0
DHX8	DHX8	1	0	0
DHX9	DHX9	1	0	0
DIABLO	DIABLO	1	0	0
DIAPH1	DIAPH1	0	0	1
DIAPH2	DIAPH2	0	0	1
DIAPH3	DIAPH3	0	0	1
DICER1	DICER1	1	0	0
DIMT1	DIMT1	3	0	0
DIO1	DIO1	1	0	0
DIO2	DIO2	1	0	0
DIP2A	DIP2A	1	0	0
DIP2A	DIP2B	0	2	0
DIP2A	DIP2C	0	2	0
DIP2B	DIP2B	1	0	0
DIP2B	DIP2C	0	2	0
DIP2C	DIP2C	1	0	0
DIPK1A	DIPK1A	1	0	0
DIPK1A	DIPK1B	0	2	0
DIPK1B	DIPK1B	1	0	0
DIPK1C	DIPK1C	3	0	0
DIPK2A	DIPK2A	1	0	0
DIPK2A	DIPK2B	0	2	0
DIPK2B	DIPK2B	1	0	0
DIRAS1	DIRAS1	0	0	1
DIRAS2	DIRAS2	0	0	1
DIRAS3	DIRAS3	0	0	1
DIS3	DIS3	1	0	0
DIS3	DIS3L	0	2	0
DIS3L	DIS3L	1	0	0
DIS3L2	DIS3L2	1	0	0
DISC1	DISC1	0	0	1
DISP1	DISP1	1	0	0
DISP1	DISP2	0	2	0
DISP2	DISP2	1	0	0
DISP3	DISP3	1	0	0
DIXDC1	DIXDC1	1	0	0
DKC1	DKC1	1	0	0
DKK1	DKK1	3	0	0
DKK1	DKK2	0	2	0
DKK1	DKK4	0	2	0
DKK2	DKK2	1	0	0
DKK2	DKK4	0	2	0
DKK3	DKK3	1	0	0
DKK4	DKK4	1	0	0
DKKL1	DKKL1	1	0	0
DLAT	DLAT	0	0	1
DLC1	DLC1	1	0	0
DLC1	STARD13	0	2	0
DLD	DLD	0	0	1
DLEC1	DLEC1	1	0	0
DLG1	DLG1	3	0	0
DLG1	DLG2	0	2	0
DLG1	DLG3	0	6	0
DLG1	DLG4	0	2	0
DLG2	DLG2	1	0	0
DLG2	DLG3	0	2	0
DLG2	DLG4	0	2	0
DLG3	DLG3	3	0	0
DLG3	DLG4	0	2	0
DLG4	DLG4	1	0	0
DLG5	DLG5	3	0	0
DLGAP1	DLGAP1	1	0	0
DLGAP1	DLGAP2	0	2	0
DLGAP1	DLGAP3	0	2	0
DLGAP1	DLGAP4	0	2	0
DLGAP2	DLGAP2	1	0	0
DLGAP2	DLGAP3	0	2	0
DLGAP2	DLGAP4	0	2	0
DLGAP3	DLGAP3	1	0	0
DLGAP3	DLGAP4	0	2	0
DLGAP4	DLGAP4	1	0	0
DLGAP5	DLGAP5	1	0	0
DLK1	DLK1	0	0	1
DLK2	DLK2	0	0	1
DLL1	DLL1	0	0	1
DLL3	DLL3	0	0	1
DLL4	DLL4	0	0	1
DLST	DLST	0	0	1
DLX1	DLX1	1	0	0
DLX1	DLX2	0	2	0
DLX1	DLX3	0	2	0
DLX1	DLX4	0	2	0
DLX1	DLX5	0	2	0
DLX1	DLX6	0	2	0
DLX2	DLX2	1	0	0
DLX2	DLX3	0	2	0
DLX2	DLX4	0	2	0
DLX2	DLX5	0	2	0
DLX2	DLX6	0	2	0
DLX3	DLX3	3	0	0
DLX3	DLX4	0	2	0
DLX3	DLX5	0	2	0
DLX3	DLX6	0	2	0
DLX4	DLX4	3	0	0
DLX4	DLX5	0	2	0
DLX4	DLX6	0	4	0
DLX5	DLX5	1	0	0
DLX5	DLX6	0	2	0
DLX6	DLX6	1	0	2
DMAC1	DMAC1	1	0	0
DMAC2	DMAC2	3	0	0
DMAC2L	DMAC2L	3	0	3
DMAP1	DMAP1	3	0	0
DMBX1	DMBX1	1	0	0
DMBX1	PRRX1	0	2	0
DMBX1	PRRX2	0	2	0
DMBX1	RAX	0	2	0
DMBX1	RAX2	0	2	0
DMC1	DMC1	1	0	0
DMC1	RAD51	0	2	0
DMD	DMD	1	0	0
DMGDH	DMGDH	1	0	0
DMGDH	SARDH	0	2	0
DMKN	DMKN	1	0	0
DMP1	DMP1	3	0	0
DMP1	DSPP	0	2	0
DMP1	ZCCHC10	0	2	0
DMPK	DMPK	1	0	0
DMRT1	DMRT1	1	0	0
DMRT2	DMRT2	3	0	0
DMRT3	DMRT3	1	0	0
DMRTA1	DMRTA1	3	0	0
DMRTA1	DMRTA2	0	2	0
DMRTA2	DMRTA2	1	0	0
DMRTB1	DMRTB1	1	0	0
DMRTC2	DMRTC2	1	0	0
DMTN	DMTN	3	0	0
DMWD	DMWD	1	0	0
DMWD	WDR20	0	2	0
DMXL1	DMXL1	1	0	0
DMXL1	DMXL2	0	2	0
DMXL2	DMXL2	3	0	0
DNA2	DNA2	1	0	0
DNAAF1	DNAAF1	3	0	0
DNAAF11	DNAAF11	6	0	0
DNAAF2	DNAAF2	1	0	0
DNAAF3	DNAAF3	3	0	0
DNAAF6	DNAAF6	1	0	0
DNAAF8	DNAAF8	1	0	0
DNAAF9	DNAAF9	3	0	0
DNAH1	DNAH1	1	0	0
DNAH1	DNAH12	0	2	0
DNAH1	DNAH14	0	2	0
DNAH1	DNAH3	0	2	0
DNAH1	DNAH6	0	2	0
DNAH1	DNAH7	0	2	0
DNAH10	DNAH10	0	0	1
DNAH12	DNAH12	3	0	0
DNAH12	DNAH14	0	2	0
DNAH12	DNAH3	0	2	0
DNAH12	DNAH6	0	2	0
DNAH12	DNAH7	0	2	0
DNAH14	DNAH14	1	0	0
DNAH14	DNAH3	0	2	0
DNAH14	DNAH6	0	2	0
DNAH14	DNAH7	0	2	0
DNAH17	DNAH17	0	0	1
DNAH2	DNAH2	0	0	3
DNAH3	DNAH3	1	0	0
DNAH3	DNAH6	0	2	0
DNAH3	DNAH7	0	2	0
DNAH5	DNAH5	0	0	1
DNAH6	DNAH6	3	0	0
DNAH6	DNAH7	0	2	0
DNAH7	DNAH7	1	0	0
DNAH8	DNAH8	0	0	1
DNAH9	DNAH9	0	0	1
DNAI1	DNAI1	1	0	0
DNAI2	DNAI2	1	0	0
DNAI3	DNAI3	1	0	0
DNAI4	DNAI4	1	0	0
DNAI7	DNAI7	1	0	0
DNAJA1	DNAJA1	0	0	6
DNAJA2	DNAJA2	0	0	1
DNAJA3	DNAJA3	0	0	3
DNAJA4	DNAJA4	0	0	6
DNAJB1	DNAJB1	0	0	3
DNAJB11	DNAJB11	0	0	3
DNAJB12	DNAJB12	3	0	0
DNAJB12	DNAJB14	0	2	0
DNAJB12	DNAJC18	0	6	0
DNAJB13	DNAJB13	0	0	3
DNAJB14	DNAJB14	1	0	0
DNAJB14	DNAJC18	0	2	0
DNAJB2	DNAJB2	3	0	0
DNAJB2	DNAJB6	0	6	0
DNAJB2	DNAJB7	0	2	0
DNAJB2	DNAJB8	0	2	0
DNAJB2	DNAJB9	0	2	0
DNAJB2	DNAJC21	0	2	0
DNAJB4	DNAJB4	0	0	6
DNAJB5	DNAJB5	0	0	6
DNAJB6	DNAJB6	6	0	0
DNAJB6	DNAJB7	0	6	0
DNAJB6	DNAJB8	0	4	0
DNAJB6	DNAJB9	0	6	0
DNAJB6	DNAJC21	0	2	0
DNAJB7	DNAJB7	3	0	0
DNAJB7	DNAJB8	0	4	0
DNAJB7	DNAJB9	0	6	0
DNAJB7	DNAJC21	0	2	0
DNAJB8	DNAJB8	1	0	2
DNAJB8	DNAJB9	0	4	0
DNAJB8	DNAJC21	0	2	0
DNAJB9	DNAJB9	3	0	0
DNAJB9	DNAJC21	0	2	0
DNAJC1	DNAJC1	3	0	0
DNAJC10	DNAJC10	6	0	0
DNAJC11	DNAJC11	3	0	0
DNAJC12	DNAJC12	3	0	0
DNAJC13	DNAJC13	6	0	0
DNAJC15	DNAJC15	3	0	0
DNAJC15	DNAJC19	0	2	0
DNAJC16	DNAJC16	3	0	0
DNAJC17	DNAJC17	6	0	0
DNAJC18	DNAJC18	6	0	0
DNAJC19	DNAJC19	3	0	0
DNAJC2	DNAJC2	6	0	0
DNAJC21	DNAJC21	1	0	0
DNAJC22	DNAJC22	1	0	0
DNAJC24	DNAJC24	3	0	0
DNAJC25	DNAJC25	6	0	0
DNAJC27	DNAJC27	3	0	0
DNAJC28	DNAJC28	6	0	0
DNAJC3	DNAJC3	3	0	0
DNAJC3	DNAJC7	0	6	0
DNAJC30	DNAJC30	1	0	0
DNAJC4	DNAJC4	6	0	0
DNAJC5	DNAJC5	1	0	0
DNAJC5	DNAJC5B	0	2	0
DNAJC5B	DNAJC5B	6	0	0
DNAJC5B	DNAJC5G	0	2	0
DNAJC5G	DNAJC5G	1	0	0
DNAJC6	DNAJC6	6	0	0
DNAJC6	GAK	0	2	0
DNAJC7	DNAJC7	6	0	0
DNAJC8	DNAJC8	6	0	0
DNAJC9	DNAJC9	3	0	0
DNAL1	DNAL1	6	0	0
DNAL4	DNAL4	3	0	0
DNALI1	DNALI1	1	0	0
DNASE1	DNASE1	1	0	0
DNASE1	DNASE1L2	0	2	0
DNASE1	DNASE1L3	0	2	0
DNASE1L2	DNASE1L2	1	0	0
DNASE1L2	DNASE1L3	0	2	0
DNASE1L3	DNASE1L3	1	0	0
DNASE2B	DNASE2B	1	0	0
DND1	DND1	1	0	0
DNER	DNER	0	0	1
DNHD1	DNHD1	1	0	0
DNLZ	DNLZ	1	0	0
DNM1	DNM1	0	0	3
DNM1L	DNM1L	0	0	1
DNM2	DNM2	0	0	1
DNM3	DNM3	0	0	1
DNMBP	DNMBP	1	0	0
DNMT1	DNMT1	1	0	0
DNMT3A	DNMT3A	1	0	0
DNMT3A	DNMT3B	0	2	0
DNMT3B	DNMT3B	1	0	0
DNMT3L	DNMT3L	1	0	0
DNPEP	DNPEP	1	0	0
DNPEP	RESP18	0	2	0
DNPH1	DNPH1	3	0	0
DNTT	DNTT	1	0	0
DNTT	POLB	0	2	0
DNTT	POLL	0	2	0
DNTT	POLM	0	2	0
DNTTIP1	DNTTIP1	1	0	0
DNTTIP2	DNTTIP2	1	0	0
DOC2A	DOC2A	1	0	0
DOC2A	DOC2B	0	2	0
DOC2A	SYT1	0	2	0
DOC2A	SYT17	0	2	0
DOC2A	SYT2	0	2	0
DOC2A	SYT5	0	2	0
DOC2A	SYT6	0	1	0
DOC2A	SYT8	0	2	0
DOC2B	DOC2B	3	0	0
DOC2B	SYT1	0	2	0
DOC2B	SYT17	0	2	0
DOC2B	SYT2	0	2	0
DOC2B	SYT5	0	2	0
DOC2B	SYT6	0	2	0
DOC2B	SYT8	0	6	0
DOCK1	DOCK1	1	0	0
DOCK1	DOCK2	0	2	0
DOCK1	DOCK3	0	2	0
DOCK1	DOCK4	0	2	0
DOCK1	DOCK5	0	2	0
DOCK10	DOCK10	1	0	0
DOCK10	DOCK11	0	2	0
DOCK10	DOCK6	0	2	0
DOCK10	DOCK7	0	2	0
DOCK10	DOCK8	0	2	0
DOCK10	DOCK9	0	2	0
DOCK11	DOCK11	1	0	0
DOCK11	DOCK6	0	2	0
DOCK11	DOCK7	0	2	0
DOCK11	DOCK8	0	2	0
DOCK11	DOCK9	0	2	0
DOCK2	DOCK2	1	0	0
DOCK2	DOCK3	0	2	0
DOCK2	DOCK4	0	2	0
DOCK2	DOCK5	0	2	0
DOCK3	DOCK3	1	0	0
DOCK3	DOCK4	0	2	0
DOCK3	DOCK5	0	2	0
DOCK4	DOCK4	1	0	0
DOCK4	DOCK5	0	2	0
DOCK5	DOCK5	1	0	0
DOCK6	DOCK6	1	0	0
DOCK6	DOCK7	0	2	0
DOCK6	DOCK8	0	2	0
DOCK6	DOCK9	0	2	0
DOCK7	DOCK7	1	0	0
DOCK7	DOCK8	0	2	0
DOCK7	DOCK9	0	2	0
DOCK8	DOCK8	1	0	0
DOCK8	DOCK9	0	2	0
DOCK9	DOCK9	1	0	0
DOHH	DOHH	1	0	0
DOK1	DOK1	1	0	0
DOK1	DOK2	0	2	0
DOK1	DOK3	0	2	0
DOK2	DOK2	1	0	0
DOK2	DOK3	0	2	0
DOK3	DOK3	1	0	0
DOK4	DOK4	1	0	0
DOK4	DOK5	0	2	0
DOK4	DOK6	0	2	0
DOK5	DOK5	3	0	0
DOK5	DOK6	0	2	0
DOK6	DOK6	1	0	0
DOK7	DOK7	6	0	0
DOLK	DOLK	1	0	0
DOLPP1	DOLPP1	1	0	0
DONSON	DONSON	3	0	0
DOP1A	DOP1A	1	0	0
DOP1A	DOP1B	0	2	0
DOP1B	DOP1B	1	0	0
DOT1L	DOT1L	1	0	0
DPAGT1	DPAGT1	1	0	0
DPCD	DPCD	6	0	0
DPEP1	DPEP1	3	0	0
DPEP1	DPEP2	0	6	0
DPEP1	DPEP3	0	6	0
DPEP2	DPEP2	3	0	0
DPEP2	DPEP3	0	6	0
DPEP3	DPEP3	3	0	0
DPF1	DPF1	1	0	0
DPF1	DPF2	0	2	0
DPF1	DPF3	0	2	0
DPF1	PHF10	0	2	0
DPF2	DPF2	1	0	0
DPF2	DPF3	0	2	0
DPF2	PHF10	0	2	0
DPF3	DPF3	1	0	2
DPF3	PHF10	0	2	0
DPH1	DPH1	1	0	0
DPH2	DPH2	1	0	0
DPH3	DPH3	6	0	0
DPH5	DPH5	1	0	0
DPH6	DPH6	1	0	0
DPH7	DPH7	3	0	0
DPM1	DPM1	1	0	0
DPM2	DPM2	3	0	0
DPM3	DPM3	1	0	0
DPP10	DPP10	1	0	0
DPP10	DPP4	0	2	0
DPP10	DPP6	0	2	0
DPP10	DPP8	0	2	0
DPP10	DPP9	0	2	0
DPP10	FAP	0	2	0
DPP4	DPP4	1	0	0
DPP4	DPP6	0	2	0
DPP4	DPP8	0	2	0
DPP4	DPP9	0	2	0
DPP4	FAP	0	2	0
DPP6	DPP6	1	0	0
DPP6	DPP8	0	2	0
DPP6	DPP9	0	2	0
DPP6	FAP	0	2	0
DPP7	DPP7	1	0	0
DPP7	PRCP	0	2	0
DPP7	PRSS16	0	2	0
DPP8	DPP8	1	0	0
DPP8	DPP9	0	2	0
DPP8	FAP	0	2	0
DPP9	DPP9	1	0	0
DPP9	FAP	0	2	0
DPPA2	DPPA2	1	0	0
DPPA2	DPPA4	0	2	0
DPPA3	DPPA3	1	0	0
DPPA4	DPPA4	1	0	0
DPPA5	DPPA5	1	0	0
DPT	DPT	1	0	0
DPY19L1	DPY19L1	1	0	0
DPY19L1	DPY19L2	0	2	0
DPY19L1	DPY19L4	0	2	0
DPY19L2	DPY19L2	1	0	0
DPY19L2	DPY19L4	0	2	0
DPY19L3	DPY19L3	1	0	0
DPY19L4	DPY19L4	1	0	0
DPY30	DPY30	3	0	0
DPYD	DPYD	1	0	0
DPYS	DPYS	1	0	0
DPYS	DPYSL2	0	2	0
DPYS	DPYSL3	0	2	0
DPYS	DPYSL4	0	2	0
DPYS	DPYSL5	0	2	0
DPYSL2	DPYSL2	1	0	0
DPYSL2	DPYSL3	0	2	0
DPYSL2	DPYSL4	0	2	0
DPYSL2	DPYSL5	0	2	0
DPYSL3	DPYSL3	1	0	0
DPYSL3	DPYSL4	0	2	0
DPYSL3	DPYSL5	0	2	0
DPYSL4	DPYSL4	1	0	0
DPYSL4	DPYSL5	0	2	0
DPYSL5	DPYSL5	1	0	0
DQX1	DQX1	1	0	0
DR1	DR1	1	0	0
DRAM1	DRAM1	1	0	0
DRAM1	DRAM2	0	2	0
DRAM2	DRAM2	1	0	0
DRAP1	DRAP1	1	0	0
DRAXIN	DRAXIN	1	0	0
DRC1	DRC1	1	0	0
DRC3	DRC3	3	0	0
DRC7	DRC7	1	0	0
DRD1	DRD1	0	0	1
DRD2	DRD2	0	0	3
DRD3	DRD3	0	0	1
DRD4	DRD4	0	0	1
DRD5	DRD5	0	0	1
DRG1	DRG1	3	0	0
DRG1	DRG2	0	2	0
DRG2	DRG2	1	0	0
DRGX	DRGX	1	0	0
DRICH1	DRICH1	1	0	0
DROSHA	DROSHA	1	0	0
DRP2	DRP2	3	0	0
DSC1	DSC1	1	0	0
DSC1	DSC2	0	2	0
DSC1	DSC3	0	2	0
DSC2	DSC2	1	0	0
DSC2	DSC3	0	2	0
DSC3	DSC3	1	0	0
DSCAM	DSCAM	1	0	0
DSCAM	DSCAML1	0	2	0
DSCAML1	DSCAML1	1	0	0
DSCC1	DSCC1	3	0	0
DSE	DSE	3	0	0
DSG1	DSG1	1	0	0
DSG1	DSG2	0	2	0
DSG1	DSG3	0	2	0
DSG1	DSG4	0	2	0
DSG2	DSG2	1	0	0
DSG2	DSG3	0	2	0
DSG2	DSG4	0	2	0
DSG3	DSG3	1	0	0
DSG3	DSG4	0	2	0
DSG4	DSG4	1	0	0
DSN1	DSN1	1	0	0
DSP	DSP	1	0	0
DSPP	DSPP	1	0	0
DSPP	ZCCHC10	0	2	0
DST	DST	3	0	0
DST	MACF1	0	6	0
DSTN	DSTN	1	0	0
DSTYK	DSTYK	1	0	0
DTD1	DTD1	1	0	0
DTHD1	DTHD1	1	0	0
DTL	DTL	1	0	0
DTNA	DTNA	1	0	0
DTNA	DTNB	0	2	0
DTNA	DYTN	0	2	0
DTNB	DTNB	1	0	0
DTNB	DYTN	0	2	0
DTNBP1	DTNBP1	1	0	0
DTWD1	DTWD1	1	0	0
DTWD2	DTWD2	1	0	0
DTX1	DTX1	1	0	0
DTX1	DTX2	0	2	0
DTX1	DTX4	0	2	0
DTX2	DTX2	1	0	0
DTX2	DTX4	0	2	0
DTX3	DTX3	1	0	0
DTX3	DTX3L	0	2	0
DTX3L	DTX3L	1	0	0
DTX4	DTX4	3	0	0
DTYMK	DTYMK	3	0	0
DUOX1	DUOX1	1	0	0
DUOX1	DUOX2	0	2	0
DUOX2	DUOX2	1	0	0
DUOXA1	DUOXA1	1	0	0
DUOXA1	DUOXA2	0	2	0
DUOXA2	DUOXA2	1	0	0
DUS1L	DUS1L	6	0	0
DUS2	DUS2	1	0	0
DUS3L	DUS3L	3	0	0
DUS4L	DUS4L	1	0	0
DUSP1	DUSP1	3	0	0
DUSP1	DUSP2	0	2	0
DUSP1	DUSP4	0	2	0
DUSP1	DUSP5	0	2	0
DUSP1	DUSP6	0	2	0
DUSP1	DUSP7	0	2	0
DUSP10	DUSP10	1	0	0
DUSP11	DUSP11	1	0	0
DUSP12	DUSP12	1	0	0
DUSP14	DUSP14	1	0	0
DUSP14	DUSP18	0	2	0
DUSP14	DUSP21	0	2	0
DUSP15	DUSP15	1	0	0
DUSP16	DUSP16	1	0	0
DUSP18	DUSP18	1	0	0
DUSP18	DUSP21	0	2	0
DUSP19	DUSP19	1	0	0
DUSP2	DUSP2	1	0	0
DUSP2	DUSP4	0	2	0
DUSP2	DUSP5	0	2	0
DUSP2	DUSP6	0	2	0
DUSP2	DUSP7	0	2	0
DUSP21	DUSP21	3	0	0
DUSP22	DUSP22	1	0	0
DUSP23	DUSP23	1	0	0
DUSP26	DUSP26	3	0	0
DUSP26	DUSP29	0	2	0
DUSP26	DUSP3	0	6	0
DUSP29	DUSP29	1	0	0
DUSP29	DUSP3	0	2	0
DUSP3	DUSP3	3	0	0
DUSP4	DUSP4	1	0	0
DUSP4	DUSP5	0	2	0
DUSP4	DUSP6	0	2	0
DUSP4	DUSP7	0	2	0
DUSP5	DUSP5	1	0	0
DUSP5	DUSP6	0	2	0
DUSP5	DUSP7	0	2	0
DUSP6	DUSP6	1	0	0
DUSP6	DUSP7	0	2	0
DUSP7	DUSP7	1	0	0
DUSP8	DUSP8	1	0	0
DUT	DUT	3	0	0
DUXA	DUXA	0	0	1
DVL1	DVL1	3	0	0
DVL1	DVL2	0	2	0
DVL1	DVL3	0	2	0
DVL2	DVL2	1	0	0
DVL2	DVL3	0	2	0
DVL3	DVL3	1	0	0
DYDC1	DYDC1	1	0	0
DYDC1	DYDC2	0	2	0
DYDC2	DYDC2	3	0	0
DYM	DYM	1	0	0
DYNAP	DYNAP	1	0	0
DYNC1H1	DYNC1H1	0	0	1
DYNC1I1	DYNC1I1	1	0	0
DYNC1I1	DYNC1I2	0	2	0
DYNC1I2	DYNC1I2	1	0	0
DYNC1LI1	DYNC1LI1	1	0	0
DYNC1LI1	DYNC1LI2	0	2	0
DYNC1LI2	DYNC1LI2	1	0	0
DYNC2H1	DYNC2H1	0	0	1
DYNC2I2	DYNC2I2	1	0	0
DYNC2LI1	DYNC2LI1	1	0	0
DYNLL1	DYNLL1	1	0	0
DYNLL1	DYNLL2	0	2	0
DYNLL2	DYNLL2	1	0	0
DYNLRB1	DYNLRB1	1	0	0
DYNLRB1	DYNLRB2	0	2	0
DYNLRB2	DYNLRB2	1	0	0
DYNLT1	DYNLT1	3	0	0
DYNLT1	DYNLT3	0	2	0
DYNLT3	DYNLT3	1	0	0
DYNLT4	DYNLT4	1	0	0
DYNLT4	DYNLT5	0	2	0
DYNLT5	DYNLT5	1	0	0
DYRK1A	DYRK1A	1	0	0
DYRK1A	DYRK1B	0	2	0
DYRK1B	DYRK1B	1	0	0
DYRK2	DYRK2	3	0	0
DYRK2	DYRK3	0	2	0
DYRK3	DYRK3	1	0	0
DYRK4	DYRK4	3	0	0
DYSF	DYSF	1	0	0
DYSF	FER1L5	0	2	0
DYSF	FER1L6	0	2	0
DYSF	MYOF	0	2	0
DYSF	OTOF	0	2	0
DYTN	DYTN	1	0	0
DZANK1	DZANK1	1	0	0
DZIP1	DZIP1	1	0	0
DZIP1	DZIP1L	0	2	0
DZIP1L	DZIP1L	3	0	0
DZIP3	DZIP3	1	0	0
E2F1	E2F1	1	0	0
E2F1	E2F2	0	2	0
E2F1	E2F3	0	2	0
E2F2	E2F2	1	0	0
E2F2	E2F3	0	2	0
E2F3	E2F3	1	0	0
E2F4	E2F4	1	0	0
E2F4	E2F5	0	2	0
E2F5	E2F5	1	0	0
E2F6	E2F6	1	0	0
E2F7	E2F7	1	0	0
E2F7	E2F8	0	2	0
E2F8	E2F8	1	0	0
E4F1	E4F1	1	0	0
EAF1	EAF1	1	0	0
EAF1	EAF2	0	2	0
EAF2	EAF2	1	0	0
EAPP	EAPP	1	0	0
EARS2	EARS2	1	0	0
EBF1	EBF1	1	0	0
EBF1	EBF2	0	2	0
EBF1	EBF3	0	2	0
EBF1	EBF4	0	2	0
EBF2	EBF2	1	0	0
EBF2	EBF3	0	2	0
EBF2	EBF4	0	2	0
EBF3	EBF3	1	0	0
EBF3	EBF4	0	2	0
EBF4	EBF4	1	0	0
EBNA1BP2	EBNA1BP2	1	0	0
EBPL	EBPL	1	0	0
ECE1	ECE1	0	0	1
ECE2	ECE2	0	0	1
ECEL1	ECEL1	0	0	1
ECHDC1	ECHDC1	1	0	0
ECHDC2	ECHDC2	0	0	3
ECHDC3	ECHDC3	0	0	1
ECHS1	ECHS1	0	0	3
ECI1	ECI1	3	0	0
ECI2	ECI2	1	0	0
ECM1	ECM1	1	0	0
ECM2	ECM2	1	0	0
ECPAS	ECPAS	1	0	0
ECRG4	ECRG4	3	0	0
ECSIT	ECSIT	1	0	0
ECT2	ECT2	1	0	0
ECT2L	ECT2L	1	0	0
EDA	EDA	0	0	3
EDA2R	EDA2R	1	0	0
EDA2R	TNFRSF19	0	2	0
EDAR	EDAR	1	0	0
EDARADD	EDARADD	1	0	0
EDC3	EDC3	1	0	0
EDC4	EDC4	1	0	0
EDDM3A	EDDM3A	1	0	0
EDDM3A	EDDM3B	0	2	0
EDDM3B	EDDM3B	1	0	0
EDEM1	EDEM1	1	0	0
EDEM2	EDEM2	1	0	0
EDEM3	EDEM3	1	0	0
EDF1	EDF1	1	0	0
EDIL3	EDIL3	1	0	0
EDN1	EDN1	1	0	0
EDN1	EDN2	0	2	0
EDN2	EDN2	1	0	0
EDN3	EDN3	3	0	0
EDNRA	EDNRA	1	0	0
EDNRA	EDNRB	0	2	0
EDNRB	EDNRB	1	0	0
EDRF1	EDRF1	1	0	0
EEA1	EEA1	1	0	0
EEF1A1	EEF1A1	0	0	3
EEF1A2	EEF1A2	0	0	1
EEF1AKMT1	EEF1AKMT1	1	0	0
EEF1AKMT2	EEF1AKMT2	1	0	0
EEF1AKMT3	EEF1AKMT3	1	0	0
EEF1AKMT3	METTL21A	0	2	0
EEF1AKMT3	METTL21C	0	2	0
EEF1AKMT3	VCPKMT	0	2	0
EEF1B2	EEF1B2	3	0	0
EEF1B2	EEF1D	0	2	0
EEF1D	EEF1D	3	0	0
EEF1G	EEF1G	1	0	0
EEF2K	EEF2K	1	0	0
EEF2KMT	EEF2KMT	1	0	0
EEFSEC	EEFSEC	1	0	0
EEPD1	EEPD1	1	0	0
EFCAB1	EFCAB1	3	0	0
EFCAB10	EFCAB10	1	0	0
EFCAB11	EFCAB11	1	0	0
EFCAB12	EFCAB12	1	0	0
EFCAB13	EFCAB13	0	0	1
EFCAB13	ITGB1	0	1	0
EFCAB13	ITGB2	0	1	0
EFCAB13	ITGB5	0	1	0
EFCAB13	ITGB6	0	1	0
EFCAB13	ITGB7	0	1	0
EFCAB13	ITGB8	0	1	0
EFCAB14	EFCAB14	1	0	0
EFCAB2	EFCAB2	1	0	0
EFCAB3	EFCAB3	1	0	0
EFCAB5	EFCAB5	1	0	0
EFCAB6	EFCAB6	1	0	0
EFCAB7	EFCAB7	1	0	0
EFCAB8	EFCAB8	3	0	0
EFCAB9	EFCAB9	1	0	0
EFCC1	EFCC1	1	0	0
EFEMP2	EFEMP2	0	0	1
EFHB	EFHB	1	0	0
EFHC1	EFHC1	1	0	0
EFHC1	EFHC2	0	2	0
EFHC2	EFHC2	1	0	0
EFHD1	EFHD1	3	0	0
EFHD1	EFHD2	0	6	0
EFHD2	EFHD2	3	0	0
EFL1	EFL1	1	0	0
EFNA1	EFNA1	1	0	0
EFNA1	EFNA2	0	2	0
EFNA1	EFNA3	0	2	0
EFNA1	EFNA4	0	2	0
EFNA1	EFNA5	0	2	0
EFNA2	EFNA2	1	0	0
EFNA2	EFNA3	0	2	0
EFNA2	EFNA4	0	2	0
EFNA2	EFNA5	0	2	0
EFNA3	EFNA3	1	0	0
EFNA3	EFNA4	0	2	0
EFNA3	EFNA5	0	2	0
EFNA4	EFNA4	1	0	0
EFNA4	EFNA5	0	2	0
EFNA5	EFNA5	3	0	0
EFNB1	EFNB1	1	0	0
EFNB1	EFNB2	0	2	0
EFNB1	EFNB3	0	2	0
EFNB2	EFNB2	1	0	0
EFNB2	EFNB3	0	2	0
EFNB3	EFNB3	1	0	0
EFR3A	EFR3A	1	0	0
EFR3A	EFR3B	0	2	0
EFR3B	EFR3B	1	0	0
EFTUD2	EFTUD2	1	0	0
EGF	EGF	1	0	2
EGFL6	EGFL6	3	0	0
EGFL6	NPNT	0	2	0
EGFL7	EGFL7	3	0	0
EGFLAM	EGFLAM	1	0	0
EGFR	EGFR	3	0	0
EGFR	ERBB2	0	2	0
EGFR	ERBB3	0	6	0
EGFR	ERBB4	0	2	0
EGLN1	EGLN1	1	0	0
EGLN1	EGLN2	0	2	0
EGLN2	EGLN2	1	0	0
EGLN3	EGLN3	1	0	0
EGR1	EGR1	3	0	0
EGR1	EGR2	0	6	0
EGR2	EGR2	3	0	0
EGR3	EGR3	1	0	0
EGR3	KLF5	0	2	0
EGR4	EGR4	1	0	0
EGR4	KLF17	0	2	0
EHBP1	EHBP1	1	0	0
EHBP1	EHBP1L1	0	2	0
EHBP1L1	EHBP1L1	1	0	0
EHD1	EHD1	3	0	0
EHD1	EHD2	0	2	0
EHD1	EHD3	0	2	0
EHD1	EHD4	0	2	0
EHD2	EHD2	1	0	0
EHD2	EHD3	0	2	0
EHD2	EHD4	0	2	0
EHD3	EHD3	1	0	0
EHD3	EHD4	0	2	0
EHD4	EHD4	1	0	0
EHF	EHF	1	0	0
EHF	ELF5	0	2	0
EHHADH	EHHADH	3	0	0
EHHADH	HADHA	0	2	0
EHMT1	EHMT1	6	0	0
EHMT1	EHMT2	0	6	0
EHMT2	EHMT2	3	0	0
EI24	EI24	1	0	0
EID2	EID2	1	0	0
EID2	EID2B	0	2	0
EID2B	EID2B	1	0	0
EIF1	EIF1	3	0	0
EIF1	EIF1B	0	2	0
EIF1AD	EIF1AD	1	0	0
EIF1AX	EIF1AX	3	0	0
EIF1B	EIF1B	1	0	0
EIF2A	EIF2A	1	0	0
EIF2AK2	EIF2AK2	1	0	0
EIF2AK3	EIF2AK3	1	0	0
EIF2AK4	EIF2AK4	1	0	0
EIF2B1	EIF2B1	1	0	0
EIF2B2	EIF2B2	1	0	0
EIF2B3	EIF2B3	1	0	0
EIF2B4	EIF2B4	1	0	0
EIF2B5	EIF2B5	1	0	0
EIF2D	EIF2D	1	0	0
EIF2S1	EIF2S1	1	0	0
EIF2S2	EIF2S2	1	0	0
EIF2S3	EIF2S3	1	0	0
EIF3A	EIF3A	1	0	0
EIF3B	EIF3B	1	0	0
EIF3D	EIF3D	1	0	0
EIF3E	EIF3E	1	0	0
EIF3F	EIF3F	1	0	0
EIF3G	EIF3G	1	0	0
EIF3H	EIF3H	1	0	0
EIF3I	EIF3I	1	0	0
EIF3J	EIF3J	1	0	0
EIF3K	EIF3K	1	0	0
EIF3L	EIF3L	1	0	0
EIF3M	EIF3M	1	0	0
EIF4A1	EIF4A1	0	0	1
EIF4A2	EIF4A2	0	0	1
EIF4A3	EIF4A3	0	0	1
EIF4B	EIF4B	1	0	0
EIF4E	EIF4E	1	0	0
EIF4E	EIF4E1B	0	2	0
EIF4E	EIF4E2	0	2	0
EIF4E1B	EIF4E1B	1	0	0
EIF4E1B	EIF4E2	0	2	0
EIF4E2	EIF4E2	1	0	0
EIF4E3	EIF4E3	1	0	0
EIF4EBP1	EIF4EBP1	0	0	1
EIF4EBP1	EIF4EBP2	0	1	0
EIF4EBP2	EIF4EBP2	1	0	0
EIF4ENIF1	EIF4ENIF1	1	0	0
EIF4G1	EIF4G1	1	0	0
EIF4G1	EIF4G3	0	2	0
EIF4G2	EIF4G2	1	0	2
EIF4G3	EIF4G3	1	0	0
EIF4H	EIF4H	1	0	0
EIF5	EIF5	1	0	0
EIF5A	EIF5A	1	0	0
EIF5A	EIF5A2	0	2	0
EIF5A2	EIF5A2	1	0	0
EIF5B	EIF5B	1	0	0
EIF6	EIF6	6	0	0
EIPR1	EIPR1	1	0	0
ELAC1	ELAC1	3	0	0
ELAC2	ELAC2	1	0	0
ELAPOR1	ELAPOR1	1	0	0
ELAPOR1	ELAPOR2	0	2	0
ELAPOR2	ELAPOR2	1	0	0
ELAVL1	ELAVL1	1	0	0
ELAVL1	ELAVL2	0	2	0
ELAVL1	ELAVL3	0	2	0
ELAVL1	ELAVL4	0	2	0
ELAVL2	ELAVL2	3	0	0
ELAVL2	ELAVL3	0	2	0
ELAVL2	ELAVL4	0	6	0
ELAVL3	ELAVL3	1	0	0
ELAVL3	ELAVL4	0	2	0
ELAVL4	ELAVL4	3	0	0
ELF1	ELF1	1	0	0
ELF2	ELF2	1	0	0
ELF3	ELF3	1	0	0
ELF5	ELF5	1	0	0
ELFN1	ELFN1	1	0	0
ELFN1	ELFN2	0	2	0
ELFN2	ELFN2	3	0	0
ELK1	ELK1	1	0	0
ELK1	ELK3	0	2	0
ELK1	ELK4	0	2	0
ELK3	ELK3	1	0	0
ELK3	ELK4	0	2	0
ELK4	ELK4	1	0	0
ELL	ELL	1	0	0
ELL	ELL2	0	2	0
ELL	ELL3	0	2	0
ELL2	ELL2	1	0	0
ELL2	ELL3	0	2	0
ELL3	ELL3	1	0	0
ELMO1	ELMO1	1	0	0
ELMO1	ELMO2	0	2	0
ELMO1	ELMO3	0	2	0
ELMO2	ELMO2	1	0	0
ELMO2	ELMO3	0	2	0
ELMO3	ELMO3	1	0	0
ELMOD1	ELMOD1	1	0	0
ELMOD1	ELMOD2	0	2	0
ELMOD2	ELMOD2	1	0	0
ELMOD3	ELMOD3	1	0	0
ELN	ELN	3	0	0
ELOA	ELOA	6	0	0
ELOA	ELOA2	0	2	0
ELOA2	ELOA2	1	0	0
ELOF1	ELOF1	1	0	0
ELOVL1	ELOVL1	0	0	1
ELOVL2	ELOVL2	0	0	1
ELOVL3	ELOVL3	1	0	0
ELOVL3	ELOVL6	0	2	0
ELOVL4	ELOVL4	0	0	1
ELOVL5	ELOVL5	0	0	1
ELOVL6	ELOVL6	1	0	0
ELOVL7	ELOVL7	0	0	1
ELP1	ELP1	1	0	0
ELP2	ELP2	1	0	0
ELP3	ELP3	1	0	0
ELP4	ELP4	1	0	0
ELP6	ELP6	1	0	0
ELSPBP1	ELSPBP1	1	0	0
EMB	EMB	3	0	0
EMB	NPTN	0	2	0
EMC1	EMC1	1	0	0
EMC10	EMC10	1	0	0
EMC2	EMC2	1	0	0
EMC3	EMC3	1	0	0
EMC4	EMC4	1	0	0
EMC6	EMC6	1	0	0
EMC7	EMC7	3	0	0
EMC8	EMC8	1	0	0
EMC8	EMC9	0	2	0
EMC9	EMC9	1	0	0
EMCN	EMCN	3	0	0
EMD	EMD	1	0	0
EMD	LEMD1	0	2	0
EME1	EME1	1	0	0
EME1	EME2	0	2	0
EME2	EME2	1	0	0
EMG1	EMG1	1	0	0
EMID1	EMID1	0	0	1
EMILIN1	EMILIN1	1	0	0
EMILIN2	EMILIN2	1	0	0
EMILIN3	EMILIN3	1	0	0
EML1	EML1	3	0	0
EML1	EML4	0	2	0
EML4	EML4	1	0	0
EML5	EML5	1	0	0
EML5	EML6	0	2	0
EML6	EML6	1	0	0
EMP1	EMP1	1	0	0
EMP1	EMP2	0	2	0
EMP1	EMP3	0	2	0
EMP1	PMP22	0	1	0
EMP2	EMP2	1	0	0
EMP2	EMP3	0	2	0
EMP2	PMP22	0	1	0
EMP3	EMP3	1	0	0
EMP3	PMP22	0	1	0
EMSY	EMSY	1	0	0
EMX1	EMX1	1	0	0
EMX1	EMX2	0	2	0
EMX2	EMX2	1	0	0
EN1	EN1	1	0	0
EN1	EN2	0	2	0
EN2	EN2	1	0	0
ENAH	ENAH	1	0	0
ENAH	VASP	0	2	0
ENAM	ENAM	1	0	0
ENC1	ENC1	0	0	1
ENDOD1	ENDOD1	3	0	0
ENDOG	ENDOG	1	0	0
ENDOU	ENDOU	1	0	0
ENDOV	ENDOV	1	0	0
ENG	ENG	3	0	0
ENG	TGFBR3	0	2	0
ENGASE	ENGASE	1	0	0
ENHO	ENHO	1	0	0
ENKD1	ENKD1	1	0	0
ENKUR	ENKUR	1	0	0
ENO1	ENO1	3	0	0
ENO1	ENO2	0	2	0
ENO1	ENO3	0	2	0
ENO2	ENO2	1	0	0
ENO2	ENO3	0	2	0
ENO3	ENO3	1	0	0
ENO4	ENO4	1	0	0
ENOPH1	ENOPH1	1	0	0
ENOSF1	ENOSF1	1	0	0
ENOX1	ENOX1	1	0	0
ENPEP	ENPEP	0	0	1
ENPP1	ENPP1	1	0	0
ENPP1	ENPP2	0	2	0
ENPP1	ENPP3	0	2	0
ENPP2	ENPP2	1	0	0
ENPP2	ENPP3	0	2	0
ENPP3	ENPP3	1	0	0
ENPP4	ENPP4	1	0	0
ENPP4	ENPP5	0	2	0
ENPP4	ENPP6	0	2	0
ENPP4	ENPP7	0	2	0
ENPP5	ENPP5	1	0	0
ENPP5	ENPP6	0	2	0
ENPP5	ENPP7	0	2	0
ENPP6	ENPP6	1	0	0
ENPP6	ENPP7	0	2	0
ENPP7	ENPP7	3	0	0
ENSA	ENSA	1	0	0
ENTHD1	ENTHD1	1	0	0
ENTPD1	ENTPD1	3	0	0
ENTPD1	ENTPD2	0	2	0
ENTPD1	ENTPD3	0	2	0
ENTPD1	ENTPD8	0	2	0
ENTPD2	ENTPD2	1	0	0
ENTPD2	ENTPD3	0	2	0
ENTPD2	ENTPD8	0	2	0
ENTPD3	ENTPD3	1	0	0
ENTPD3	ENTPD8	0	2	0
ENTPD4	ENTPD4	3	0	0
ENTPD4	ENTPD7	0	2	0
ENTPD5	ENTPD5	1	0	0
ENTPD5	ENTPD6	0	2	0
ENTPD6	ENTPD6	3	0	0
ENTPD7	ENTPD7	1	0	0
ENTPD8	ENTPD8	1	0	0
ENTR1	ENTR1	1	0	0
ENY2	ENY2	3	0	0
EOGT	EOGT	1	0	0
EOMES	EOMES	1	0	0
EOMES	TBR1	0	2	0
EP300	EP300	1	0	0
EP400	EP400	1	0	0
EPAS1	EPAS1	1	0	0
EPAS1	HIF1A	0	2	0
EPAS1	HIF3A	0	2	0
EPB41	EPB41	1	0	0
EPB41	EPB41L1	0	2	0
EPB41	EPB41L2	0	2	0
EPB41	EPB41L3	0	2	0
EPB41L1	EPB41L1	1	0	0
EPB41L1	EPB41L2	0	2	0
EPB41L1	EPB41L3	0	2	0
EPB41L2	EPB41L2	1	0	0
EPB41L2	EPB41L3	0	2	0
EPB41L3	EPB41L3	1	0	0
EPB41L4A	EPB41L4A	1	0	0
EPB41L4B	EPB41L4B	1	0	0
EPB41L4B	EPB41L5	0	2	0
EPB41L5	EPB41L5	1	0	0
EPC1	EPC1	1	0	0
EPCAM	EPCAM	3	0	0
EPDR1	EPDR1	3	0	0
EPG5	EPG5	1	0	0
EPGN	EPGN	3	0	0
EPHA1	EPHA1	0	0	1
EPHA10	EPHA10	0	0	1
EPHA2	EPHA2	0	0	1
EPHA3	EPHA3	0	0	1
EPHA4	EPHA4	0	0	3
EPHA5	EPHA5	0	0	1
EPHA6	EPHA6	0	0	1
EPHA7	EPHA7	0	0	1
EPHA8	EPHA8	0	0	1
EPHB1	EPHB1	0	0	1
EPHB2	EPHB2	0	0	1
EPHB3	EPHB3	0	0	1
EPHB4	EPHB4	0	0	1
EPHB6	EPHB6	0	0	1
EPHX1	EPHX1	1	0	0
EPHX2	EPHX2	1	0	0
EPHX3	EPHX3	1	0	0
EPHX3	EPHX4	0	2	0
EPHX4	EPHX4	1	0	0
EPM2A	EPM2A	3	0	0
EPM2AIP1	EPM2AIP1	1	0	0
EPN1	EPN1	1	0	0
EPN1	EPN2	0	2	0
EPN1	EPN3	0	2	0
EPN2	EPN2	1	0	0
EPN2	EPN3	0	2	0
EPN3	EPN3	1	0	0
EPO	EPO	1	0	0
EPOP	EPOP	1	0	0
EPOR	EPOR	1	0	0
EPRS1	EPRS1	1	0	0
EPS15	EPS15	3	0	0
EPS15	EPS15L1	0	2	0
EPS15L1	EPS15L1	1	0	0
EPS8	EPS8	1	0	0
EPS8	EPS8L1	0	2	0
EPS8	EPS8L3	0	2	0
EPS8L1	EPS8L1	1	0	0
EPS8L1	EPS8L3	0	2	0
EPS8L3	EPS8L3	3	0	0
EPSTI1	EPSTI1	1	0	0
EPX	EPX	1	0	0
EPX	LPO	0	2	0
EPX	MPO	0	2	0
EPYC	EPYC	1	0	0
EPYC	OGN	0	2	0
EPYC	OPTC	0	2	0
EQTN	EQTN	1	0	2
ERAL1	ERAL1	1	0	0
ERAP1	ERAP1	0	0	1
ERAP2	ERAP2	0	0	1
ERBB2	ERBB2	1	0	0
ERBB2	ERBB3	0	2	0
ERBB2	ERBB4	0	2	0
ERBB3	ERBB3	3	0	0
ERBB3	ERBB4	0	2	0
ERBB4	ERBB4	1	0	0
ERBIN	ERBIN	1	0	0
ERBIN	LRRC7	0	2	0
ERC1	ERC1	1	0	0
ERC1	ERC2	0	2	0
ERC1	PMFBP1	0	2	0
ERC2	ERC2	1	0	0
ERC2	PMFBP1	0	2	0
ERCC1	ERCC1	1	0	0
ERCC2	ERCC2	1	0	0
ERCC3	ERCC3	1	0	0
ERCC4	ERCC4	1	0	0
ERCC6L	ERCC6L	3	0	0
ERCC6L2	ERCC6L2	1	0	2
ERCC8	ERCC8	1	0	0
EREG	EREG	1	0	0
ERF	ERF	1	0	0
ERF	ETV3	0	2	0
ERFE	ERFE	1	0	0
ERG	ERG	1	0	0
ERG	FLI1	0	2	0
ERG28	ERG28	3	0	0
ERGIC1	ERGIC1	1	0	0
ERGIC1	ERGIC3	0	2	0
ERGIC2	ERGIC2	1	0	0
ERGIC3	ERGIC3	1	0	0
ERH	ERH	1	0	0
ERI1	ERI1	1	0	0
ERI2	ERI2	3	0	0
ERI3	ERI3	6	0	0
ERICH1	ERICH1	3	0	0
ERICH2	ERICH2	1	0	0
ERICH3	ERICH3	1	0	2
ERICH4	ERICH4	1	0	0
ERICH5	ERICH5	1	0	0
ERICH6	ERICH6	3	0	0
ERICH6	ERICH6B	0	2	0
ERICH6B	ERICH6B	1	0	0
ERLEC1	ERLEC1	1	0	0
ERLIN1	ERLIN1	1	0	0
ERLIN1	ERLIN2	0	2	0
ERLIN2	ERLIN2	1	0	0
ERMAP	ERMAP	3	0	0
ERMARD	ERMARD	1	0	0
ERMN	ERMN	1	0	0
ERMP1	ERMP1	1	0	0
ERN1	ERN1	1	0	0
ERN1	ERN2	0	2	0
ERN2	ERN2	1	0	0
ERO1A	ERO1A	1	0	0
ERO1A	ERO1B	0	2	0
ERO1B	ERO1B	1	0	0
ERP27	ERP27	3	0	0
ERP29	ERP29	1	0	0
ERP44	ERP44	3	0	0
ERRFI1	ERRFI1	1	0	0
ERVFRD-1	ERVFRD-1	1	0	0
ESAM	ESAM	3	0	0
ESAM	IGSF11	0	6	0
ESAM	JAML	0	2	0
ESAM	VSIG8	0	2	0
ESCO1	ESCO1	1	0	0
ESCO1	ESCO2	0	2	0
ESCO2	ESCO2	3	0	0
ESD	ESD	1	0	0
ESF1	ESF1	1	0	0
ESM1	ESM1	1	0	0
ESPL1	ESPL1	1	0	0
ESPN	ESPN	1	0	0
ESPNL	ESPNL	1	0	0
ESR1	ESR1	3	0	0
ESR2	ESR2	1	0	0
ESRP1	ESRP1	1	0	0
ESRP1	ESRP2	0	2	0
ESRP2	ESRP2	1	0	0
ESRRA	ESRRA	1	0	0
ESRRA	NR5A2	0	2	0
ESRRB	ESRRB	1	0	0
ESRRB	ESRRG	0	2	0
ESRRG	ESRRG	1	0	0
ESS2	ESS2	1	0	0
ESX1	ESX1	0	0	3
ESX1	RAX	0	2	0
ESYT1	ESYT1	1	0	0
ESYT1	ESYT2	0	2	0
ESYT1	ESYT3	0	2	0
ESYT2	ESYT2	1	0	0
ESYT2	ESYT3	0	2	0
ESYT3	ESYT3	1	0	0
ETAA1	ETAA1	1	0	0
ETF1	ETF1	1	0	0
ETFA	ETFA	1	0	0
ETFB	ETFB	3	0	0
ETFBKMT	ETFBKMT	1	0	0
ETFDH	ETFDH	1	0	0
ETFRF1	ETFRF1	1	0	0
ETHE1	ETHE1	1	0	0
ETNK1	ETNK1	1	0	0
ETNK1	ETNK2	0	2	0
ETNK2	ETNK2	1	0	0
ETNPPL	ETNPPL	0	0	3
ETS1	ETS1	1	0	0
ETS1	ETS2	0	2	0
ETS2	ETS2	1	0	0
ETV3	ETV3	3	0	0
ETV3L	ETV3L	3	0	0
ETV4	ETV4	1	0	0
ETV4	ETV5	0	2	0
ETV5	ETV5	1	0	0
ETV6	ETV6	1	0	0
ETV7	ETV7	1	0	0
EVA1A	EVA1A	1	0	0
EVA1A	EVA1B	0	2	0
EVA1B	EVA1B	3	0	0
EVC	EVC	1	0	0
EVC2	EVC2	1	0	0
EVI2B	EVI2B	6	0	0
EVI5	EVI5	3	0	0
EVI5	EVI5L	0	6	0
EVI5L	EVI5L	6	0	0
EVPL	EVPL	6	0	0
EVPL	PPL	0	2	0
EVX1	EVX1	1	0	0
EVX1	EVX2	0	2	0
EVX2	EVX2	1	0	0
EWSR1	EWSR1	3	0	0
EWSR1	FUS	0	2	0
EXD1	EXD1	1	0	0
EXD2	EXD2	1	0	0
EXO1	EXO1	1	0	0
EXO5	EXO5	3	0	0
EXOC1	EXOC1	3	0	0
EXOC2	EXOC2	1	0	0
EXOC3	EXOC3	1	0	0
EXOC3	EXOC3L1	0	2	0
EXOC3	EXOC3L4	0	2	0
EXOC3L1	EXOC3L1	3	0	0
EXOC3L1	EXOC3L4	0	2	0
EXOC3L2	EXOC3L2	3	0	0
EXOC3L4	EXOC3L4	1	0	0
EXOC4	EXOC4	1	0	0
EXOC5	EXOC5	1	0	0
EXOC6	EXOC6	1	0	0
EXOC6	EXOC6B	0	2	0
EXOC6B	EXOC6B	1	0	0
EXOC7	EXOC7	1	0	0
EXOC8	EXOC8	1	0	0
EXOG	EXOG	1	0	0
EXOSC1	EXOSC1	1	0	0
EXOSC10	EXOSC10	1	0	0
EXOSC2	EXOSC2	1	0	0
EXOSC3	EXOSC3	1	0	0
EXOSC4	EXOSC4	1	0	0
EXOSC4	EXOSC6	0	2	0
EXOSC5	EXOSC5	1	0	0
EXOSC6	EXOSC6	1	0	0
EXOSC7	EXOSC7	1	0	0
EXOSC7	EXOSC8	0	2	0
EXOSC8	EXOSC8	1	0	0
EXOSC9	EXOSC9	1	0	0
EXPH5	EXPH5	1	0	0
EXT1	EXT1	1	0	0
EXT1	EXT2	0	2	0
EXT1	EXTL1	0	2	0
EXT2	EXT2	1	0	0
EXT2	EXTL1	0	2	0
EXTL1	EXTL1	1	0	0
EXTL2	EXTL2	1	0	0
EXTL3	EXTL3	1	0	0
EYA1	EYA1	1	0	0
EYA1	EYA2	0	2	0
EYA1	EYA3	0	2	0
EYA1	EYA4	0	2	0
EYA2	EYA2	1	0	0
EYA2	EYA3	0	2	0
EYA2	EYA4	0	2	0
EYA3	EYA3	1	0	0
EYA3	EYA4	0	2	0
EYA4	EYA4	1	0	0
EZH1	EZH1	1	0	0
EZR	EZR	1	0	0
EZR	NF2	0	2	0
EZR	RDX	0	2	0
F10	F10	1	0	0
F10	F7	0	2	0
F10	F9	0	2	0
F10	PROC	0	2	0
F10	PROZ	0	2	0
F11	F11	1	0	0
F11	ST14	0	2	0
F11	TMPRSS15	0	2	0
F11	TMPRSS6	0	2	0
F11	TMPRSS7	0	2	0
F11	TMPRSS9	0	2	0
F11R	F11R	3	0	0
F11R	JAM2	0	6	0
F11R	JAM3	0	6	0
F12	F12	1	0	0
F12	HABP2	0	2	0
F12	HGFAC	0	2	0
F12	PLAT	0	2	0
F13A1	F13A1	1	0	0
F13A1	TGM1	0	2	0
F13A1	TGM2	0	2	0
F13A1	TGM3	0	2	0
F13A1	TGM4	0	2	0
F13A1	TGM5	0	2	0
F13A1	TGM6	0	2	0
F13A1	TGM7	0	2	0
F13B	F13B	1	0	0
F2	F2	1	0	0
F2R	F2R	1	0	0
F2R	F2RL1	0	2	0
F2RL1	F2RL1	1	0	0
F2RL2	F2RL2	3	0	0
F2RL3	F2RL3	1	0	0
F3	F3	3	0	0
F5	F5	1	0	0
F5	F8	0	2	0
F7	F7	1	0	0
F7	F9	0	2	0
F7	PROC	0	2	0
F7	PROZ	0	2	0
F8	F8	1	0	0
F9	F9	1	0	0
F9	PROC	0	2	0
F9	PROZ	0	2	0
FA2H	FA2H	1	0	0
FAAH	FAAH	6	0	0
FAAH2	FAAH2	1	0	0
FAAP100	FAAP100	1	0	0
FAAP20	FAAP20	1	0	0
FAAP24	FAAP24	1	0	0
FABP1	FABP1	1	0	0
FABP1	FABP6	0	2	0
FABP12	FABP12	0	0	1
FABP2	FABP2	1	0	0
FABP3	FABP3	0	0	1
FABP4	FABP4	0	0	1
FABP5	FABP5	0	0	1
FABP6	FABP6	1	0	0
FABP7	FABP7	0	0	1
FABP9	FABP9	0	0	3
FADD	FADD	1	0	0
FADS1	FADS1	3	0	0
FADS1	FADS2	0	2	0
FADS1	FADS3	0	2	0
FADS2	FADS2	1	0	0
FADS2	FADS3	0	2	0
FADS3	FADS3	1	0	0
FADS6	FADS6	1	0	0
FAF1	FAF1	1	0	0
FAF2	FAF2	1	0	0
FAH	FAH	1	0	0
FAIM	FAIM	1	0	0
FAIM2	FAIM2	0	0	1
FAM102A	FAM102A	1	0	0
FAM102A	FAM102B	0	2	0
FAM102B	FAM102B	1	0	0
FAM104A	FAM104A	3	0	3
FAM104A	FAM104B	0	2	0
FAM104B	FAM104B	1	0	0
FAM107A	FAM107A	1	0	0
FAM107A	FAM107B	0	2	0
FAM107B	FAM107B	6	0	0
FAM110A	FAM110A	1	0	0
FAM110A	FAM110B	0	2	0
FAM110A	FAM110D	0	2	0
FAM110B	FAM110B	1	0	0
FAM110B	FAM110D	0	2	0
FAM110C	FAM110C	1	0	0
FAM110D	FAM110D	1	0	0
FAM111A	FAM111A	1	0	0
FAM114A1	FAM114A1	3	0	0
FAM114A1	FAM114A2	0	6	0
FAM114A2	FAM114A2	3	0	0
FAM117A	FAM117A	1	0	0
FAM117A	FAM117B	0	2	0
FAM117A	GLCCI1	0	2	0
FAM117B	FAM117B	1	0	0
FAM117B	GLCCI1	0	2	0
FAM118A	FAM118A	1	0	0
FAM118A	FAM118B	0	2	0
FAM118B	FAM118B	1	0	0
FAM120A	FAM120A	3	0	0
FAM120A	FAM120B	0	2	0
FAM120A	FAM120C	0	2	0
FAM120B	FAM120B	1	0	0
FAM120B	FAM120C	0	2	0
FAM120C	FAM120C	1	0	0
FAM124A	FAM124A	1	0	0
FAM124A	FAM124B	0	2	0
FAM124B	FAM124B	3	0	0
FAM126A	FAM126A	1	0	0
FAM126A	FAM126B	0	2	0
FAM126B	FAM126B	1	0	0
FAM131A	FAM131A	1	0	0
FAM131B	FAM131B	1	0	0
FAM131B	FAM131C	0	2	0
FAM131C	FAM131C	1	0	0
FAM133B	FAM133B	0	0	1
FAM135A	FAM135A	1	0	0
FAM135A	FAM135B	0	2	0
FAM135B	FAM135B	1	0	0
FAM136A	FAM136A	1	0	0
FAM13A	FAM13A	1	0	0
FAM13A	FAM13B	0	2	0
FAM13A	FAM13C	0	2	0
FAM13B	FAM13B	3	0	0
FAM13B	FAM13C	0	2	0
FAM13C	FAM13C	1	0	0
FAM149A	FAM149A	1	0	0
FAM149A	FAM149B1	0	2	0
FAM149B1	FAM149B1	1	0	0
FAM151A	FAM151A	1	0	0
FAM151A	FAM151B	0	2	0
FAM151B	FAM151B	1	0	0
FAM161A	FAM161A	1	0	0
FAM161A	FAM161B	0	2	0
FAM161B	FAM161B	1	0	0
FAM162A	FAM162A	1	0	0
FAM162A	FAM162B	0	2	0
FAM162B	FAM162B	1	0	0
FAM163A	FAM163A	1	0	0
FAM163A	FAM163B	0	2	0
FAM163B	FAM163B	1	0	0
FAM166A	FAM166A	1	0	0
FAM166A	FAM166B	0	2	0
FAM166B	FAM166B	3	0	0
FAM166C	FAM166C	3	0	0
FAM167A	FAM167A	1	0	0
FAM167A	FAM167B	0	2	0
FAM167B	FAM167B	1	0	0
FAM168A	FAM168A	1	0	0
FAM168A	FAM168B	0	2	0
FAM168B	FAM168B	1	0	0
FAM169A	FAM169A	1	0	0
FAM169B	FAM169B	1	0	0
FAM170A	FAM170A	1	0	0
FAM170A	FAM170B	0	2	0
FAM170B	FAM170B	1	0	0
FAM171A1	FAM171A1	1	0	0
FAM171A1	FAM171A2	0	2	0
FAM171A2	FAM171A2	1	0	0
FAM171B	FAM171B	1	0	0
FAM172A	FAM172A	1	0	0
FAM174A	FAM174A	1	0	0
FAM174B	FAM174B	1	0	0
FAM174C	FAM174C	1	0	0
FAM177A1	FAM177A1	0	0	1
FAM177A1	FAM177B	0	1	0
FAM177B	FAM177B	1	0	0
FAM178B	FAM178B	1	0	0
FAM180A	FAM180A	1	0	0
FAM180B	FAM180B	1	0	0
FAM181A	FAM181A	3	0	0
FAM181B	FAM181B	1	0	0
FAM183A	FAM183A	1	0	0
FAM184A	FAM184A	1	0	0
FAM184A	FAM184B	0	2	0
FAM184B	FAM184B	1	0	0
FAM185A	FAM185A	1	0	0
FAM186A	FAM186A	0	0	1
FAM186B	FAM186B	1	0	0
FAM187A	FAM187A	1	0	0
FAM187B	FAM187B	1	0	0
FAM189A2	FAM189A2	1	0	0
FAM189A2	FAM189B	0	2	0
FAM189B	FAM189B	1	0	0
FAM193A	FAM193A	1	0	0
FAM193B	FAM193B	1	0	0
FAM199X	FAM199X	3	0	0
FAM200A	FAM200A	1	0	0
FAM200A	FAM200B	0	2	0
FAM200A	ZBED5	0	2	0
FAM200A	ZBED8	0	2	0
FAM200B	FAM200B	1	0	0
FAM200B	ZBED5	0	2	0
FAM200B	ZBED8	0	2	0
FAM204A	FAM204A	1	0	0
FAM205A	FAM205A	1	0	0
FAM205C	FAM205C	1	0	0
FAM209A	FAM209A	1	0	0
FAM209A	FAM209B	0	2	0
FAM209B	FAM209B	1	0	0
FAM20A	FAM20A	1	0	0
FAM20B	FAM20B	1	0	0
FAM210A	FAM210A	1	0	0
FAM210B	FAM210B	1	0	0
FAM214A	FAM214A	1	0	0
FAM214A	FAM214B	0	2	0
FAM214B	FAM214B	1	0	0
FAM216A	FAM216A	1	0	0
FAM216B	FAM216B	1	0	0
FAM217A	FAM217A	1	0	0
FAM217B	FAM217B	1	0	0
FAM219A	FAM219A	1	0	0
FAM219A	FAM219B	0	2	0
FAM219B	FAM219B	3	0	0
FAM220A	FAM220A	1	0	0
FAM221A	FAM221A	1	0	0
FAM221B	FAM221B	3	0	0
FAM222A	FAM222A	1	0	0
FAM222A	FAM222B	0	2	0
FAM222B	FAM222B	1	0	0
FAM227A	FAM227A	1	0	0
FAM227B	FAM227B	1	0	0
FAM228A	FAM228A	1	0	0
FAM228B	FAM228B	1	0	0
FAM229A	FAM229A	1	0	0
FAM229B	FAM229B	1	0	0
FAM234B	FAM234B	1	0	0
FAM237A	FAM237A	1	0	0
FAM237B	FAM237B	1	0	0
FAM240A	FAM240A	1	0	0
FAM241A	FAM241A	1	0	0
FAM241B	FAM241B	1	0	0
FAM24A	FAM24A	1	0	0
FAM24A	FAM24B	0	2	0
FAM24B	FAM24B	1	0	0
FAM32A	FAM32A	1	0	0
FAM3A	FAM3A	3	0	0
FAM3A	FAM3B	0	2	0
FAM3A	FAM3C	0	2	0
FAM3A	FAM3D	0	2	0
FAM3B	FAM3B	1	0	0
FAM3B	FAM3C	0	2	0
FAM3B	FAM3D	0	2	0
FAM3C	FAM3C	1	0	0
FAM3C	FAM3D	0	2	0
FAM3D	FAM3D	1	0	0
FAM43A	FAM43A	3	0	0
FAM43A	FAM43B	0	2	0
FAM43B	FAM43B	1	0	0
FAM47B	FAM47B	1	0	0
FAM47B	FAM47C	0	2	0
FAM47C	FAM47C	1	0	0
FAM50A	FAM50A	1	0	0
FAM53A	FAM53A	3	0	0
FAM53A	FAM53B	0	2	0
FAM53A	FAM53C	0	2	0
FAM53B	FAM53B	3	0	0
FAM53B	FAM53C	0	2	0
FAM53C	FAM53C	1	0	0
FAM71A	FAM71A	3	0	0
FAM71A	FAM71B	0	6	0
FAM71A	FAM71C	0	2	0
FAM71A	FAM71D	0	6	0
FAM71B	FAM71B	6	0	0
FAM71B	FAM71C	0	2	0
FAM71B	FAM71D	0	12	0
FAM71C	FAM71C	1	0	0
FAM71C	FAM71D	0	2	0
FAM71D	FAM71D	6	0	0
FAM71E1	FAM71E1	2	0	4
FAM71F1	FAM71F1	1	0	2
FAM71F1	RCN1	0	1	0
FAM71F2	FAM71F2	3	0	0
FAM76A	FAM76A	1	0	0
FAM76A	FAM76B	0	2	0
FAM76B	FAM76B	1	0	0
FAM78A	FAM78A	1	0	0
FAM78A	FAM78B	0	2	0
FAM78B	FAM78B	1	0	0
FAM81A	FAM81A	1	0	0
FAM81A	FAM81B	0	2	0
FAM81B	FAM81B	1	0	0
FAM83A	FAM83A	1	0	0
FAM83A	FAM83E	0	2	0
FAM83A	FAM83F	0	2	0
FAM83A	FAM83G	0	2	0
FAM83B	FAM83B	1	0	0
FAM83B	FAM83H	0	2	0
FAM83C	FAM83C	1	0	0
FAM83D	FAM83D	1	0	0
FAM83E	FAM83E	1	0	0
FAM83E	FAM83F	0	2	0
FAM83E	FAM83G	0	2	0
FAM83F	FAM83F	3	0	0
FAM83F	FAM83G	0	2	0
FAM83G	FAM83G	1	0	0
FAM83H	FAM83H	1	0	0
FAM89A	FAM89A	1	0	0
FAM89A	FAM89B	0	2	0
FAM89B	FAM89B	1	0	0
FAM8A1	FAM8A1	1	0	0
FAM90A1	FAM90A1	1	0	0
FAM91A1	FAM91A1	6	0	0
FAM98A	FAM98A	1	0	0
FAM98A	FAM98B	0	2	0
FAM98A	FAM98C	0	2	0
FAM98B	FAM98B	1	0	0
FAM98B	FAM98C	0	2	0
FAM98C	FAM98C	1	0	0
FAM9B	FAM9B	1	0	0
FAM9B	FAM9C	0	2	0
FAM9C	FAM9C	1	0	0
FAN1	FAN1	1	0	0
FANCA	FANCA	1	0	0
FANCB	FANCB	1	0	0
FANCC	FANCC	1	0	0
FANCD2	FANCD2	1	0	0
FANCD2OS	FANCD2OS	3	0	0
FANCE	FANCE	1	0	0
FANCF	FANCF	1	0	0
FANCG	FANCG	1	0	0
FANCI	FANCI	1	0	0
FANCL	FANCL	1	0	0
FANCM	FANCM	1	0	0
FANK1	FANK1	1	0	0
FAP	FAP	1	0	0
FAR1	FAR1	1	0	0
FAR1	FAR2	0	2	0
FAR2	FAR2	1	0	0
FARP1	FARP1	1	0	0
FARP1	FARP2	0	2	0
FARP2	FARP2	3	0	0
FARS2	FARS2	1	0	0
FARS2	FDXACB1	0	2	0
FARSA	FARSA	1	0	0
FARSB	FARSB	1	0	0
FAS	FAS	1	0	0
FASLG	FASLG	1	0	0
FASLG	LTA	0	2	0
FASLG	LTB	0	2	0
FASLG	TNFSF15	0	2	0
FASN	FASN	1	0	0
FASTK	FASTK	1	0	0
FASTKD1	FASTKD1	1	0	0
FASTKD2	FASTKD2	1	0	0
FASTKD3	FASTKD3	1	0	0
FAT1	FAT1	1	0	0
FAT1	FAT2	0	2	0
FAT1	FAT3	0	2	0
FAT1	FAT4	0	2	0
FAT2	FAT2	1	0	0
FAT2	FAT3	0	2	0
FAT2	FAT4	0	2	0
FAT3	FAT3	1	0	0
FAT3	FAT4	0	2	0
FAT4	FAT4	1	0	0
FATE1	FATE1	1	0	0
FATE1	MFF	0	2	0
FAU	FAU	1	0	0
FAXC	FAXC	3	0	0
FAXDC2	FAXDC2	1	0	0
FAXDC2	MSMO1	0	2	0
FBF1	FBF1	6	0	0
FBH1	FBH1	1	0	0
FBL	FBL	1	0	0
FBL	FBLL1	0	2	0
FBLIM1	FBLIM1	1	0	0
FBLIM1	LIMD1	0	2	0
FBLIM1	TRIP6	0	2	0
FBLIM1	WTIP	0	2	0
FBLIM1	ZYX	0	2	0
FBLL1	FBLL1	1	0	0
FBLN1	FBLN1	0	0	1
FBLN2	FBLN2	1	0	0
FBLN5	FBLN5	0	0	1
FBLN7	FBLN7	0	0	1
FBN1	FBN1	1	0	0
FBN1	FBN2	0	2	0
FBN1	FBN3	0	2	0
FBN2	FBN2	3	0	0
FBN2	FBN3	0	2	0
FBN3	FBN3	1	0	0
FBP1	FBP1	1	0	0
FBP1	FBP2	0	2	0
FBP2	FBP2	1	0	0
FBRS	FBRS	1	0	0
FBRSL1	FBRSL1	3	0	0
FBXL12	FBXL12	1	0	0
FBXL13	FBXL13	0	0	6
FBXL14	FBXL14	0	0	1
FBXL15	FBXL15	3	0	0
FBXL16	FBXL16	0	0	3
FBXL17	FBXL17	3	0	0
FBXL18	FBXL18	3	0	0
FBXL19	FBXL19	1	0	0
FBXL2	FBXL2	0	0	3
FBXL20	FBXL20	0	0	1
FBXL3	FBXL3	1	0	0
FBXL3	FBXO39	0	2	0
FBXL4	FBXL4	1	0	0
FBXL5	FBXL5	1	0	0
FBXL6	FBXL6	6	0	0
FBXL7	FBXL7	0	0	3
FBXO10	FBXO10	3	0	0
FBXO10	FBXO11	0	2	0
FBXO11	FBXO11	1	0	0
FBXO15	FBXO15	1	0	0
FBXO16	FBXO16	1	0	0
FBXO17	FBXO17	1	0	0
FBXO17	FBXO2	0	2	0
FBXO17	FBXO27	0	2	0
FBXO17	FBXO44	0	2	0
FBXO17	FBXO6	0	2	0
FBXO2	FBXO2	1	0	0
FBXO2	FBXO27	0	2	0
FBXO2	FBXO44	0	2	0
FBXO2	FBXO6	0	2	0
FBXO21	FBXO21	1	0	0
FBXO22	FBXO22	1	0	0
FBXO24	FBXO24	3	0	0
FBXO25	FBXO25	1	0	0
FBXO25	FBXO32	0	2	0
FBXO27	FBXO27	1	0	0
FBXO27	FBXO44	0	2	0
FBXO27	FBXO6	0	2	0
FBXO28	FBXO28	1	0	0
FBXO3	FBXO3	1	0	0
FBXO30	FBXO30	1	0	0
FBXO30	FBXO40	0	2	0
FBXO31	FBXO31	1	0	0
FBXO32	FBXO32	1	0	0
FBXO33	FBXO33	1	0	0
FBXO34	FBXO34	1	0	0
FBXO36	FBXO36	3	0	3
FBXO38	FBXO38	1	0	0
FBXO39	FBXO39	1	0	0
FBXO4	FBXO4	1	0	0
FBXO40	FBXO40	1	0	0
FBXO41	FBXO41	1	0	0
FBXO42	FBXO42	1	0	0
FBXO43	FBXO43	1	0	0
FBXO43	FBXO5	0	2	0
FBXO44	FBXO44	1	0	0
FBXO44	FBXO6	0	2	0
FBXO45	FBXO45	1	0	0
FBXO46	FBXO46	1	0	0
FBXO47	FBXO47	1	0	0
FBXO48	FBXO48	1	0	0
FBXO5	FBXO5	1	0	0
FBXO6	FBXO6	1	0	0
FBXO7	FBXO7	1	0	0
FBXO8	FBXO8	1	0	0
FBXO9	FBXO9	1	0	0
FBXW11	FBXW11	1	0	0
FBXW12	FBXW12	1	0	0
FBXW2	FBXW2	1	0	0
FBXW4	FBXW4	1	0	0
FBXW5	FBXW5	1	0	0
FBXW7	FBXW7	1	0	0
FBXW7	TBL1XR1	0	2	0
FBXW7	TBL1Y	0	2	0
FBXW8	FBXW8	1	0	0
FBXW9	FBXW9	1	0	0
FCAMR	FCAMR	1	0	0
FCAR	FCAR	0	0	1
FCER1A	FCER1A	1	0	0
FCER1A	FCGR2A	0	2	0
FCER1G	FCER1G	1	0	0
FCER2	FCER2	1	0	0
FCF1	FCF1	1	0	0
FCGBP	FCGBP	0	0	1
FCGBP	KCP	0	1	0
FCGR1A	FCGR1A	1	0	0
FCGR1A	FCRL4	0	2	0
FCGR1A	FCRLA	0	2	0
FCGR1A	FCRLB	0	2	0
FCGR2A	FCGR2A	1	0	0
FCGRT	FCGRT	1	0	0
FCHO1	FCHO1	1	0	0
FCHO1	FCHO2	0	2	0
FCHO1	SGIP1	0	2	0
FCHO2	FCHO2	1	0	0
FCHO2	SGIP1	0	2	0
FCHSD1	FCHSD1	1	0	0
FCHSD1	FCHSD2	0	2	0
FCHSD2	FCHSD2	1	0	0
FCMR	FCMR	1	0	0
FCN1	FCN1	0	0	1
FCN2	FCN2	0	0	1
FCN3	FCN3	0	0	1
FCRL2	FCRL2	3	0	0
FCRL2	FCRL3	0	2	0
FCRL2	FCRL5	0	2	0
FCRL2	FCRL6	0	2	0
FCRL3	FCRL3	1	0	0
FCRL3	FCRL5	0	2	0
FCRL3	FCRL6	0	2	0
FCRL4	FCRL4	1	0	0
FCRL4	FCRLA	0	2	0
FCRL4	FCRLB	0	2	0
FCRL5	FCRL5	3	0	0
FCRL5	FCRL6	0	6	0
FCRL6	FCRL6	3	0	0
FCRLA	FCRLA	1	0	0
FCRLA	FCRLB	0	2	0
FCRLB	FCRLB	1	0	0
FCSK	FCSK	1	0	0
FDFT1	FDFT1	3	0	0
FDPS	FDPS	1	0	0
FDX1	FDX1	1	0	0
FDX1	FDX2	0	2	0
FDX2	FDX2	3	0	0
FDXACB1	FDXACB1	1	0	0
FDXR	FDXR	1	0	0
FECH	FECH	1	0	0
FEM1A	FEM1A	1	0	0
FEM1A	FEM1B	0	2	0
FEM1A	FEM1C	0	2	0
FEM1B	FEM1B	1	0	0
FEM1B	FEM1C	0	2	0
FEM1C	FEM1C	3	0	0
FEN1	FEN1	1	0	0
FER	FER	0	0	1
FER1L5	FER1L5	1	0	0
FER1L5	FER1L6	0	2	0
FER1L5	MYOF	0	2	0
FER1L5	OTOF	0	2	0
FER1L6	FER1L6	1	0	0
FER1L6	MYOF	0	2	0
FER1L6	OTOF	0	2	0
FERD3L	FERD3L	1	0	0
FERMT1	FERMT1	1	0	0
FERMT1	FERMT2	0	2	0
FERMT1	FERMT3	0	2	0
FERMT2	FERMT2	1	0	0
FERMT2	FERMT3	0	2	0
FERMT3	FERMT3	1	0	0
FES	FES	0	0	1
FETUB	FETUB	1	0	0
FEV	FEV	1	0	0
FEZ1	FEZ1	1	0	0
FEZ1	FEZ2	0	2	0
FEZ2	FEZ2	1	0	0
FEZF1	FEZF1	1	0	0
FEZF1	FEZF2	0	2	0
FEZF1	ZNF792	0	2	0
FEZF2	FEZF2	1	0	0
FEZF2	ZNF792	0	2	0
FFAR1	FFAR1	1	0	0
FFAR1	FFAR2	0	2	0
FFAR2	FFAR2	1	0	0
FFAR4	FFAR4	1	0	0
FGA	FGA	6	0	0
FGB	FGB	3	0	0
FGB	FGL2	0	2	0
FGD1	FGD1	1	0	0
FGD1	FGD4	0	2	0
FGD1	NGEF	0	2	0
FGD2	FGD2	1	0	0
FGD2	FGD3	0	2	0
FGD3	FGD3	1	0	0
FGD4	FGD4	1	0	0
FGD4	NGEF	0	2	0
FGD5	FGD5	1	0	0
FGD5	FGD6	0	2	0
FGD6	FGD6	1	0	0
FGF1	FGF1	3	0	0
FGF1	FGF2	0	2	0
FGF10	FGF10	1	0	0
FGF10	FGF22	0	2	0
FGF10	FGF3	0	2	0
FGF10	FGF7	0	2	0
FGF11	FGF11	1	0	0
FGF11	FGF12	0	2	0
FGF11	FGF13	0	2	0
FGF11	FGF14	0	2	0
FGF12	FGF12	3	0	0
FGF12	FGF13	0	2	0
FGF12	FGF14	0	2	0
FGF13	FGF13	1	0	0
FGF13	FGF14	0	2	0
FGF14	FGF14	1	0	0
FGF16	FGF16	1	0	0
FGF16	FGF20	0	2	0
FGF16	FGF9	0	2	0
FGF17	FGF17	3	0	0
FGF17	FGF18	0	2	0
FGF17	FGF8	0	2	0
FGF18	FGF18	1	0	0
FGF18	FGF8	0	2	0
FGF19	FGF19	1	0	0
FGF19	FGF21	0	2	0
FGF2	FGF2	1	0	0
FGF20	FGF20	3	0	0
FGF20	FGF9	0	2	0
FGF21	FGF21	1	0	0
FGF22	FGF22	3	0	0
FGF22	FGF3	0	2	0
FGF22	FGF7	0	2	0
FGF23	FGF23	1	0	0
FGF3	FGF3	1	0	0
FGF3	FGF7	0	2	0
FGF4	FGF4	1	0	0
FGF4	FGF6	0	2	0
FGF6	FGF6	1	0	0
FGF7	FGF7	1	0	0
FGF8	FGF8	1	0	0
FGF9	FGF9	3	0	0
FGFBP1	FGFBP1	1	0	0
FGFBP2	FGFBP2	1	0	0
FGFBP3	FGFBP3	1	0	0
FGFR1	FGFR1	1	0	0
FGFR1	FGFR2	0	2	0
FGFR1	FGFR3	0	2	0
FGFR1	FGFR4	0	2	0
FGFR1OP2	FGFR1OP2	1	0	0
FGFR1OP2	SIKE1	0	2	0
FGFR2	FGFR2	1	0	0
FGFR2	FGFR3	0	2	0
FGFR2	FGFR4	0	2	0
FGFR3	FGFR3	1	0	0
FGFR3	FGFR4	0	2	0
FGFR4	FGFR4	1	0	0
FGFRL1	FGFRL1	1	0	0
FGG	FGG	3	0	0
FGGY	FGGY	1	0	0
FGL1	FGL1	0	0	1
FGL2	FGL2	1	0	0
FGR	FGR	0	0	1
FH	FH	1	0	0
FHAD1	FHAD1	1	0	0
FHDC1	FHDC1	1	0	0
FHIP1A	FHIP1A	1	0	0
FHIP1B	FHIP1B	1	0	0
FHIP2A	FHIP2A	1	0	0
FHIP2A	FHIP2B	0	2	0
FHIP2B	FHIP2B	1	0	0
FHIT	FHIT	1	0	0
FHL2	FHL2	0	0	1
FHL3	FHL3	0	0	1
FHL5	FHL5	0	0	1
FHOD1	FHOD1	1	0	0
FHOD1	FHOD3	0	2	0
FHOD3	FHOD3	1	0	0
FIBIN	FIBIN	1	0	0
FIBP	FIBP	1	0	0
FICD	FICD	3	0	0
FIG4	FIG4	1	0	0
FIGLA	FIGLA	3	0	0
FIGN	FIGN	3	0	0
FIGN	SPAST	0	2	0
FIGNL2	FIGNL2	1	0	0
FILIP1	FILIP1	1	0	0
FILIP1	FILIP1L	0	2	0
FILIP1L	FILIP1L	1	0	0
FIP1L1	FIP1L1	3	0	0
FITM1	FITM1	1	0	0
FITM1	FITM2	0	2	0
FITM2	FITM2	1	0	0
FIZ1	FIZ1	3	0	0
FJX1	FJX1	3	0	0
FKBP10	FKBP10	3	0	0
FKBP10	FKBP9	0	2	0
FKBP11	FKBP11	1	0	0
FKBP14	FKBP14	0	0	1
FKBP15	FKBP15	0	0	1
FKBP1A	FKBP1A	0	0	1
FKBP1B	FKBP1B	0	0	1
FKBP2	FKBP2	0	0	1
FKBP3	FKBP3	0	0	3
FKBP4	FKBP4	1	0	0
FKBP4	FKBP5	0	2	0
FKBP5	FKBP5	1	0	0
FKBP7	FKBP7	0	0	1
FKBP8	FKBP8	1	0	0
FKBP9	FKBP9	1	0	0
FKBPL	FKBPL	1	0	0
FKRP	FKRP	1	0	0
FKTN	FKTN	1	0	0
FLACC1	FLACC1	1	0	0
FLAD1	FLAD1	6	0	0
FLCN	FLCN	1	0	0
FLG	FLG	1	0	0
FLG	FLG2	0	2	0
FLG	HRNR	0	2	0
FLG	RPTN	0	2	0
FLG	TCHHL1	0	2	0
FLG2	FLG2	1	0	0
FLG2	HRNR	0	2	0
FLG2	RPTN	0	2	0
FLG2	TCHHL1	0	2	0
FLI1	FLI1	1	0	0
FLII	FLII	1	0	0
FLNB	FLNB	1	0	0
FLNB	FLNC	0	2	0
FLNC	FLNC	1	0	0
FLOT1	FLOT1	1	0	0
FLOT1	FLOT2	0	2	0
FLOT2	FLOT2	1	0	0
FLRT1	FLRT1	1	0	0
FLRT1	FLRT2	0	2	0
FLRT1	FLRT3	0	2	0
FLRT2	FLRT2	1	0	0
FLRT2	FLRT3	0	2	0
FLRT3	FLRT3	1	0	0
FLT1	FLT1	1	0	0
FLT1	FLT4	0	2	0
FLT1	KDR	0	2	0
FLT3	FLT3	1	0	0
FLT3LG	FLT3LG	1	0	0
FLT4	FLT4	1	0	0
FLT4	KDR	0	2	0
FLVCR1	FLVCR1	1	0	0
FLVCR1	FLVCR2	0	2	0
FLVCR2	FLVCR2	1	0	2
FLYWCH1	FLYWCH1	1	0	0
FLYWCH2	FLYWCH2	1	0	0
FMN1	FMN1	3	0	0
FMNL1	FMNL1	0	0	1
FMNL2	FMNL2	0	0	1
FMNL3	FMNL3	0	0	1
FMO1	FMO1	0	0	1
FMO2	FMO2	0	0	1
FMO3	FMO3	0	0	1
FMO4	FMO4	0	0	1
FMO5	FMO5	0	0	1
FMOD	FMOD	0	0	1
FMR1	FMR1	1	0	0
FMR1	FXR2	0	2	0
FMR1NB	FMR1NB	6	0	0
FN1	FN1	3	0	0
FN3K	FN3K	1	0	0
FN3K	FN3KRP	0	2	0
FN3KRP	FN3KRP	1	0	0
FNBP1	FNBP1	1	0	0
FNBP1	FNBP1L	0	2	0
FNBP1	TRIP10	0	2	0
FNBP1L	FNBP1L	1	0	0
FNBP1L	TRIP10	0	2	0
FNBP4	FNBP4	3	0	0
FNDC1	FNDC1	1	0	0
FNDC10	FNDC10	1	0	0
FNDC11	FNDC11	3	0	0
FNDC3A	FNDC3A	1	0	0
FNDC3A	FNDC3B	0	2	0
FNDC3B	FNDC3B	1	0	0
FNDC4	FNDC4	1	0	0
FNDC4	FNDC5	0	2	0
FNDC5	FNDC5	1	0	0
FNDC7	FNDC7	1	0	0
FNDC8	FNDC8	1	0	0
FNDC9	FNDC9	1	0	0
FNIP1	FNIP1	1	0	0
FNIP1	FNIP2	0	2	0
FNIP2	FNIP2	1	0	0
FOCAD	FOCAD	1	0	0
FOLR1	FOLR1	1	0	0
FOLR1	FOLR2	0	2	0
FOLR1	FOLR3	0	2	0
FOLR1	IZUMO1R	0	2	0
FOLR1	RTBDN	0	2	0
FOLR2	FOLR2	1	0	0
FOLR2	FOLR3	0	2	0
FOLR2	IZUMO1R	0	2	0
FOLR2	RTBDN	0	2	0
FOLR3	FOLR3	1	0	0
FOLR3	IZUMO1R	0	2	0
FOLR3	RTBDN	0	2	0
FOS	FOS	1	0	0
FOS	FOSL1	0	2	0
FOSL1	FOSL1	1	0	0
FOXA1	FOXA1	1	0	2
FOXA1	FOXA2	0	2	0
FOXA1	FOXA3	0	2	0
FOXA1	FOXI1	0	2	0
FOXA1	FOXI2	0	2	0
FOXA1	FOXI3	0	2	0
FOXA2	FOXA2	1	0	0
FOXA2	FOXA3	0	2	0
FOXA2	FOXI1	0	2	0
FOXA2	FOXI2	0	2	0
FOXA2	FOXI3	0	2	0
FOXA3	FOXA3	1	0	0
FOXA3	FOXI1	0	2	0
FOXA3	FOXI2	0	2	0
FOXA3	FOXI3	0	2	0
FOXB1	FOXB1	1	0	0
FOXB1	FOXB2	0	2	0
FOXB1	FOXH1	0	2	0
FOXB1	FOXS1	0	2	0
FOXB2	FOXB2	1	0	0
FOXB2	FOXH1	0	2	0
FOXB2	FOXS1	0	2	0
FOXC1	FOXC1	1	0	0
FOXC1	FOXC2	0	2	0
FOXC2	FOXC2	1	0	0
FOXD1	FOXD1	1	0	0
FOXD1	FOXD2	0	2	0
FOXD1	FOXD3	0	2	0
FOXD1	FOXE3	0	2	0
FOXD1	FOXG1	0	2	0
FOXD2	FOXD2	3	0	0
FOXD2	FOXD3	0	2	0
FOXD2	FOXE3	0	2	0
FOXD2	FOXG1	0	2	0
FOXD3	FOXD3	3	0	0
FOXD3	FOXE3	0	2	0
FOXD3	FOXG1	0	2	0
FOXE1	FOXE1	1	0	0
FOXE1	FOXF1	0	2	0
FOXE1	FOXF2	0	2	0
FOXE3	FOXE3	1	0	0
FOXE3	FOXG1	0	2	0
FOXF1	FOXF1	1	0	0
FOXF1	FOXF2	0	2	0
FOXF2	FOXF2	1	0	0
FOXG1	FOXG1	1	0	0
FOXH1	FOXH1	3	0	0
FOXH1	FOXS1	0	2	0
FOXI1	FOXI1	1	0	0
FOXI1	FOXI2	0	2	0
FOXI1	FOXI3	0	2	0
FOXI2	FOXI2	1	0	0
FOXI2	FOXI3	0	2	0
FOXI3	FOXI3	1	0	0
FOXJ1	FOXJ1	1	0	0
FOXJ2	FOXJ2	1	0	0
FOXJ2	FOXJ3	0	2	0
FOXJ3	FOXJ3	1	0	0
FOXK1	FOXK1	1	0	0
FOXK1	FOXK2	0	2	0
FOXK2	FOXK2	3	0	0
FOXL1	FOXL1	1	0	0
FOXL2NB	FOXL2NB	1	0	0
FOXM1	FOXM1	1	0	0
FOXN1	FOXN1	1	0	0
FOXN1	FOXN4	0	2	0
FOXN2	FOXN2	1	0	0
FOXN2	FOXN3	0	2	0
FOXN3	FOXN3	3	0	0
FOXN4	FOXN4	1	0	0
FOXO1	FOXO1	1	0	0
FOXO1	FOXO3	0	2	0
FOXO1	FOXO4	0	2	0
FOXO1	FOXO6	0	2	0
FOXO3	FOXO3	1	0	0
FOXO3	FOXO4	0	2	0
FOXO3	FOXO6	0	2	0
FOXO4	FOXO4	1	0	0
FOXO4	FOXO6	0	2	0
FOXO6	FOXO6	3	0	0
FOXP1	FOXP1	1	0	0
FOXP1	FOXP2	0	2	0
FOXP1	FOXP4	0	2	0
FOXP2	FOXP2	3	0	0
FOXP2	FOXP4	0	2	0
FOXP3	FOXP3	1	0	0
FOXP4	FOXP4	1	0	0
FOXQ1	FOXQ1	0	0	1
FOXR1	FOXR1	1	0	0
FOXR1	FOXR2	0	2	0
FOXR2	FOXR2	1	0	0
FOXRED1	FOXRED1	1	0	0
FOXRED2	FOXRED2	1	0	0
FOXS1	FOXS1	1	0	0
FPGS	FPGS	1	0	0
FPGT	FPGT	1	0	0
FPR1	FPR1	1	0	0
FPR1	FPR3	0	2	0
FPR1	GPR32	0	2	0
FPR1	GPR33	0	2	0
FPR3	FPR3	1	0	0
FPR3	GPR32	0	2	0
FPR3	GPR33	0	2	0
FRA10AC1	FRA10AC1	3	0	0
FRAS1	FRAS1	1	0	0
FRAT1	FRAT1	3	0	0
FRAT1	FRAT2	0	6	0
FRAT2	FRAT2	3	0	0
FREM1	FREM1	1	0	0
FREM1	FREM3	0	2	0
FREM2	FREM2	1	0	0
FREM3	FREM3	1	0	0
FRG2C	FRG2C	1	0	0
FRK	FRK	0	0	1
FRMD1	FRMD1	3	0	0
FRMD1	FRMD6	0	2	0
FRMD3	FRMD3	1	0	0
FRMD3	FRMD5	0	2	0
FRMD4A	FRMD4A	1	0	0
FRMD4A	FRMD4B	0	2	0
FRMD4B	FRMD4B	1	0	0
FRMD5	FRMD5	1	0	0
FRMD6	FRMD6	1	0	0
FRMD7	FRMD7	1	0	0
FRMD8	FRMD8	3	0	0
FRMPD1	FRMPD1	3	0	0
FRMPD1	FRMPD3	0	2	0
FRMPD2	FRMPD2	0	0	1
FRMPD3	FRMPD3	1	0	0
FRMPD4	FRMPD4	3	0	0
FRRS1	FRRS1	1	0	0
FRRS1L	FRRS1L	1	0	0
FRS2	FRS2	1	0	0
FRS2	FRS3	0	2	0
FRS3	FRS3	1	0	0
FRY	FRY	1	0	0
FRY	FRYL	0	2	0
FRYL	FRYL	1	0	0
FRZB	FRZB	3	0	0
FRZB	SFRP4	0	2	0
FSBP	FSBP	1	0	0
FSCB	FSCB	1	0	0
FSCN1	FSCN1	1	0	0
FSCN1	FSCN2	0	2	0
FSCN1	FSCN3	0	2	0
FSCN2	FSCN2	1	0	0
FSCN2	FSCN3	0	2	0
FSCN3	FSCN3	1	0	0
FSD1	FSD1	1	0	0
FSD1	FSD1L	0	2	0
FSD1L	FSD1L	1	0	0
FSD2	FSD2	1	0	0
FSHB	FSHB	1	0	0
FSHB	LHB	0	2	0
FSHB	TSHB	0	2	0
FSHR	FSHR	1	0	0
FSHR	TSHR	0	2	0
FSIP1	FSIP1	1	0	0
FSIP2	FSIP2	6	0	0
FST	FST	3	0	0
FST	FSTL3	0	2	0
FSTL1	FSTL1	1	0	0
FSTL3	FSTL3	1	0	0
FSTL4	FSTL4	1	0	0
FSTL4	FSTL5	0	2	0
FSTL5	FSTL5	1	0	0
FTH1	FTH1	0	0	3
FTHL17	FTHL17	0	0	1
FTL	FTL	0	0	1
FTMT	FTMT	0	0	3
FTO	FTO	1	0	0
FTSJ3	FTSJ3	1	0	0
FUBP1	FUBP1	3	0	0
FUBP1	FUBP3	0	6	0
FUBP1	KHSRP	0	2	0
FUBP3	FUBP3	6	0	0
FUBP3	KHSRP	0	2	0
FUCA1	FUCA1	1	0	0
FUCA1	FUCA2	0	2	0
FUCA2	FUCA2	3	0	0
FUNDC1	FUNDC1	1	0	0
FUNDC1	FUNDC2	0	2	0
FUNDC2	FUNDC2	1	0	0
FUOM	FUOM	1	0	0
FURIN	FURIN	1	0	0
FURIN	PCSK1	0	2	0
FURIN	PCSK2	0	2	0
FURIN	PCSK4	0	2	0
FURIN	PCSK7	0	2	0
FUS	FUS	1	0	0
FUT1	FUT1	3	0	0
FUT1	FUT2	0	2	0
FUT10	FUT10	1	0	0
FUT10	FUT11	0	2	0
FUT11	FUT11	1	0	0
FUT2	FUT2	1	0	0
FUT3	FUT3	0	0	1
FUT4	FUT4	0	0	3
FUT5	FUT5	0	0	1
FUT7	FUT7	0	0	1
FUT8	FUT8	1	0	0
FUT9	FUT9	0	0	1
FUZ	FUZ	1	0	0
FXN	FXN	1	0	0
FXR1	FXR1	3	0	0
FXR1	FXR2	0	6	0
FXR2	FXR2	6	0	0
FXYD1	FXYD1	1	0	0
FXYD1	FXYD6	0	2	0
FXYD3	FXYD3	1	0	0
FXYD3	FXYD4	0	2	0
FXYD4	FXYD4	1	0	0
FXYD5	FXYD5	1	0	0
FXYD6	FXYD6	6	0	0
FYB1	FYB1	1	0	0
FYB1	FYB2	0	2	0
FYB2	FYB2	1	0	0
FYCO1	FYCO1	1	0	0
FYN	FYN	0	0	1
FYTTD1	FYTTD1	1	0	0
FZD10	FZD10	1	0	0
FZD10	FZD2	0	2	0
FZD10	FZD4	0	2	0
FZD10	FZD5	0	2	0
FZD10	FZD7	0	2	0
FZD10	FZD8	0	2	0
FZD10	FZD9	0	2	0
FZD2	FZD2	1	0	0
FZD2	FZD4	0	2	0
FZD2	FZD5	0	2	0
FZD2	FZD7	0	2	0
FZD2	FZD8	0	2	0
FZD2	FZD9	0	2	0
FZD3	FZD3	3	0	0
FZD3	FZD6	0	2	0
FZD4	FZD4	1	0	0
FZD4	FZD5	0	2	0
FZD4	FZD7	0	2	0
FZD4	FZD8	0	2	0
FZD4	FZD9	0	2	0
FZD5	FZD5	1	0	0
FZD5	FZD7	0	2	0
FZD5	FZD8	0	2	0
FZD5	FZD9	0	2	0
FZD6	FZD6	1	0	0
FZD7	FZD7	1	0	2
FZD7	FZD8	0	2	0
FZD7	FZD9	0	2	0
FZD8	FZD8	1	0	0
FZD8	FZD9	0	2	0
FZD9	FZD9	1	0	0
FZR1	FZR1	0	0	1
G0S2	G0S2	1	0	0
G2E3	G2E3	1	0	0
G3BP1	G3BP1	1	0	0
G3BP1	G3BP2	0	2	0
G3BP2	G3BP2	1	0	0
G6PC1	G6PC1	1	0	0
G6PC1	G6PC2	0	2	0
G6PC1	G6PC3	0	2	0
G6PC2	G6PC2	1	0	0
G6PC2	G6PC3	0	2	0
G6PC3	G6PC3	1	0	0
G6PD	G6PD	1	0	0
GAA	GAA	1	0	0
GAA	GANAB	0	2	0
GAA	GANC	0	2	0
GAB1	GAB1	1	0	0
GAB1	GAB2	0	2	0
GAB1	GAB3	0	2	0
GAB1	GAB4	0	2	0
GAB2	GAB2	1	0	0
GAB2	GAB3	0	2	0
GAB2	GAB4	0	2	0
GAB3	GAB3	3	0	0
GAB3	GAB4	0	2	0
GAB4	GAB4	1	0	0
GABARAP	GABARAP	0	0	1
GABARAPL1	GABARAPL1	0	0	6
GABARAPL2	GABARAPL2	0	0	1
GABBR1	GABBR1	1	0	0
GABBR2	GABBR2	1	0	0
GABPA	GABPA	1	0	0
GABPB1	GABPB1	1	0	0
GABPB1	GABPB2	0	2	0
GABPB2	GABPB2	1	0	0
GABRA1	GABRA1	0	0	1
GABRA2	GABRA2	0	0	1
GABRA3	GABRA3	0	0	1
GABRA4	GABRA4	0	0	1
GABRA5	GABRA5	0	0	1
GABRA6	GABRA6	0	0	3
GABRB1	GABRB1	0	0	1
GABRB2	GABRB2	0	0	3
GABRB3	GABRB3	0	0	1
GABRD	GABRD	0	0	1
GABRE	GABRE	0	0	1
GABRG1	GABRG1	0	0	1
GABRG2	GABRG2	0	0	1
GABRG3	GABRG3	0	0	1
GABRP	GABRP	0	0	1
GABRQ	GABRQ	0	0	1
GABRR1	GABRR1	0	0	1
GABRR2	GABRR2	0	0	1
GABRR3	GABRR3	0	0	3
GAD1	GAD1	1	0	0
GAD1	GAD2	0	2	0
GAD1	GADL1	0	2	0
GAD2	GAD2	1	0	0
GAD2	GADL1	0	2	0
GADD45A	GADD45A	1	0	0
GADD45A	GADD45B	0	2	0
GADD45A	GADD45G	0	2	0
GADD45B	GADD45B	1	0	0
GADD45B	GADD45G	0	2	0
GADD45G	GADD45G	1	0	0
GADD45GIP1	GADD45GIP1	1	0	0
GADL1	GADL1	1	0	0
GAK	GAK	1	0	0
GAL	GAL	1	0	0
GAL	GALP	0	2	0
GAL3ST1	GAL3ST1	1	0	0
GAL3ST1	GAL3ST2	0	2	0
GAL3ST1	GAL3ST3	0	2	0
GAL3ST1	GAL3ST4	0	2	0
GAL3ST2	GAL3ST2	1	0	0
GAL3ST2	GAL3ST3	0	2	0
GAL3ST2	GAL3ST4	0	2	0
GAL3ST3	GAL3ST3	1	0	0
GAL3ST3	GAL3ST4	0	2	0
GAL3ST4	GAL3ST4	3	0	0
GALC	GALC	1	0	0
GALE	GALE	0	0	1
GALK1	GALK1	1	0	0
GALK2	GALK2	1	0	0
GALM	GALM	1	0	0
GALNS	GALNS	0	0	6
GALNT1	GALNT1	0	0	1
GALNT10	GALNT10	0	0	1
GALNT11	GALNT11	0	0	1
GALNT12	GALNT12	0	0	1
GALNT13	GALNT13	0	0	1
GALNT14	GALNT14	0	0	1
GALNT15	GALNT15	0	0	1
GALNT16	GALNT16	0	0	1
GALNT18	GALNT18	1	0	0
GALNT2	GALNT2	0	0	1
GALNT3	GALNT3	0	0	1
GALNT5	GALNT5	1	0	2
GALNT6	GALNT6	0	0	1
GALNT7	GALNT7	0	0	1
GALNT8	GALNT8	1	0	0
GALNTL5	GALNTL5	1	0	0
GALNTL6	GALNTL6	0	0	3
GALP	GALP	1	0	0
GALR1	GALR1	0	0	1
GALR2	GALR2	1	0	0
GALR2	GALR3	0	2	0
GALR3	GALR3	1	0	0
GAMT	GAMT	1	0	0
GAN	GAN	0	0	1
GAN	IVNS1ABP	0	1	0
GAN	KLHL40	0	1	0
GAN	KLHL41	0	1	0
GANAB	GANAB	1	0	0
GANAB	GANC	0	2	0
GANC	GANC	1	0	0
GAP43	GAP43	0	0	1
GAPDH	GAPDH	0	0	1
GAPT	GAPT	3	0	0
GAPVD1	GAPVD1	1	0	0
GAR1	GAR1	0	0	3
GAREM1	GAREM1	3	0	0
GAREM1	GAREM2	0	2	0
GAREM2	GAREM2	1	0	0
GARNL3	GARNL3	1	0	0
GARRE1	GARRE1	1	0	0
GARS1	GARS1	1	0	0
GAS1	GAS1	1	0	0
GAS2	GAS2	1	0	0
GAS2L1	GAS2L1	1	0	0
GAS2L1	GAS2L3	0	2	0
GAS2L2	GAS2L2	1	0	0
GAS2L3	GAS2L3	1	0	0
GAS7	GAS7	1	0	0
GAS8	GAS8	1	0	0
GASK1A	GASK1A	1	0	0
GASK1A	GASK1B	0	2	0
GASK1B	GASK1B	3	0	0
GAST	GAST	1	0	0
GATA2	GATA2	1	0	0
GATA2	GATA3	0	2	0
GATA2	GATA4	0	2	0
GATA2	GATA5	0	2	0
GATA2	GATA6	0	2	0
GATA3	GATA3	1	0	0
GATA3	GATA4	0	2	0
GATA3	GATA5	0	2	0
GATA3	GATA6	0	2	0
GATA4	GATA4	1	0	0
GATA4	GATA5	0	2	0
GATA4	GATA6	0	2	0
GATA5	GATA5	1	0	0
GATA5	GATA6	0	2	0
GATA6	GATA6	3	0	0
GATAD1	GATAD1	1	0	0
GATAD2A	GATAD2A	1	0	0
GATAD2A	GATAD2B	0	2	0
GATAD2B	GATAD2B	1	0	0
GATB	GATB	3	0	0
GATM	GATM	1	0	0
GBA	GBA	1	0	0
GBA2	GBA2	1	0	0
GBA3	GBA3	0	0	3
GBE1	GBE1	3	0	0
GBF1	GBF1	3	0	0
GBGT1	GBGT1	6	0	0
GBGT1	GLT6D1	0	2	0
GBP1	GBP1	1	0	0
GBP1	GBP2	0	2	0
GBP1	GBP3	0	2	0
GBP1	GBP4	0	2	0
GBP1	GBP5	0	2	0
GBP1	GBP6	0	2	0
GBP1	GBP7	0	2	0
GBP2	GBP2	1	0	0
GBP2	GBP3	0	2	0
GBP2	GBP4	0	2	0
GBP2	GBP5	0	2	0
GBP2	GBP6	0	2	0
GBP2	GBP7	0	2	0
GBP3	GBP3	1	0	0
GBP3	GBP4	0	2	0
GBP3	GBP5	0	2	0
GBP3	GBP6	0	2	0
GBP3	GBP7	0	2	0
GBP4	GBP4	1	0	0
GBP4	GBP5	0	2	0
GBP4	GBP6	0	2	0
GBP4	GBP7	0	2	0
GBP5	GBP5	3	0	0
GBP5	GBP6	0	2	0
GBP5	GBP7	0	2	0
GBP6	GBP6	1	0	0
GBP6	GBP7	0	2	0
GBP7	GBP7	1	0	0
GBX1	GBX1	3	0	0
GBX1	GBX2	0	2	0
GBX2	GBX2	1	0	0
GC	GC	1	0	0
GCA	GCA	1	0	0
GCA	PDCD6	0	1	0
GCA	PEF1	0	2	0
GCA	SRI	0	2	0
GCAT	GCAT	1	0	0
GCC1	GCC1	1	0	0
GCC2	GCC2	1	0	0
GCDH	GCDH	0	0	1
GCFC2	GCFC2	1	0	0
GCFC2	PAXBP1	0	2	0
GCG	GCG	1	0	0
GCGR	GCGR	0	0	1
GCH1	GCH1	1	0	0
GCHFR	GCHFR	1	0	0
GCK	GCK	1	0	0
GCKR	GCKR	1	0	0
GCLC	GCLC	1	0	0
GCLM	GCLM	1	0	0
GCM1	GCM1	1	0	0
GCM1	GCM2	0	2	0
GCM2	GCM2	3	0	0
GCN1	GCN1	1	0	0
GCNA	GCNA	1	0	2
GCNT1	GCNT1	3	0	0
GCNT1	GCNT4	0	2	0
GCNT1	GCNT7	0	2	0
GCNT3	GCNT3	1	0	0
GCNT4	GCNT4	1	0	0
GCNT7	GCNT7	1	0	0
GCSAM	GCSAM	1	0	0
GCSAM	GCSAML	0	2	0
GCSAML	GCSAML	1	0	0
GCSH	GCSH	3	0	0
GDA	GDA	1	0	0
GDAP1	GDAP1	1	0	0
GDAP1L1	GDAP1L1	1	0	0
GDAP2	GDAP2	1	0	0
GDE1	GDE1	1	0	0
GDF1	GDF1	0	0	1
GDF10	GDF10	1	0	0
GDF11	GDF11	1	0	0
GDF11	INHBA	0	2	0
GDF11	INHBB	0	2	0
GDF11	INHBC	0	2	0
GDF11	INHBE	0	2	0
GDF11	MSTN	0	2	0
GDF15	GDF15	1	0	0
GDF15	TGFB1	0	2	0
GDF15	TGFB2	0	2	0
GDF15	TGFB3	0	2	0
GDF2	GDF2	1	0	0
GDF3	GDF3	0	0	1
GDF5	GDF5	0	0	1
GDF6	GDF6	0	0	3
GDF7	GDF7	0	0	1
GDF9	GDF9	1	0	0
GDI1	GDI1	1	0	0
GDI1	GDI2	0	2	0
GDI2	GDI2	1	0	0
GDNF	GDNF	1	0	0
GDNF	NRTN	0	2	0
GDNF	PSPN	0	2	0
GDPD1	GDPD1	1	0	0
GDPD1	GDPD3	0	2	0
GDPD2	GDPD2	1	0	0
GDPD3	GDPD3	1	0	0
GDPD4	GDPD4	1	0	0
GDPGP1	GDPGP1	1	0	0
GEM	GEM	1	0	0
GEM	REM1	0	2	0
GEM	REM2	0	2	0
GEM	RRAD	0	2	0
GEMIN2	GEMIN2	1	0	0
GEMIN4	GEMIN4	1	0	0
GEMIN5	GEMIN5	1	0	0
GEMIN6	GEMIN6	1	0	0
GEMIN7	GEMIN7	1	0	0
GEMIN8	GEMIN8	1	0	0
GEN1	GEN1	1	0	0
GET1	GET1	1	0	0
GET3	GET3	3	0	0
GET4	GET4	1	0	0
GFAP	GFAP	0	0	1
GFI1	GFI1	0	0	1
GFI1B	GFI1B	0	0	1
GFM1	GFM1	1	0	0
GFM1	GFM2	0	2	0
GFM2	GFM2	1	0	0
GFOD1	GFOD1	1	0	0
GFOD1	GFOD2	0	2	0
GFOD2	GFOD2	1	0	0
GFPT1	GFPT1	1	0	0
GFPT1	GFPT2	0	2	0
GFPT2	GFPT2	1	0	0
GFRA1	GFRA1	1	0	0
GFRA1	GFRA2	0	2	0
GFRA1	GFRA3	0	2	0
GFRA1	GFRA4	0	2	0
GFRA1	GFRAL	0	2	0
GFRA2	GFRA2	1	0	0
GFRA2	GFRA3	0	2	0
GFRA2	GFRA4	0	2	0
GFRA2	GFRAL	0	2	0
GFRA3	GFRA3	1	0	0
GFRA3	GFRA4	0	2	0
GFRA3	GFRAL	0	2	0
GFRA4	GFRA4	3	0	0
GFRA4	GFRAL	0	6	0
GFRAL	GFRAL	3	0	0
GFY	GFY	1	0	0
GGA1	GGA1	1	0	0
GGA1	GGA2	0	2	0
GGA1	GGA3	0	2	0
GGA2	GGA2	1	0	0
GGA2	GGA3	0	2	0
GGA3	GGA3	1	0	0
GGACT	GGACT	1	0	0
GGCT	GGCT	3	0	0
GGCX	GGCX	1	0	0
GGH	GGH	1	0	0
GGN	GGN	1	0	0
GGNBP2	GGNBP2	1	0	0
GGPS1	GGPS1	1	0	0
GGT5	GGT5	1	0	0
GGT5	GGT7	0	2	0
GGT5	GGTLC1	0	2	0
GGT6	GGT6	1	0	0
GGT7	GGT7	1	0	0
GGT7	GGTLC1	0	2	0
GGTLC1	GGTLC1	1	0	0
GHDC	GHDC	1	0	0
GHITM	GHITM	1	0	0
GHR	GHR	1	0	0
GHRH	GHRH	1	0	0
GHRHR	GHRHR	0	0	1
GHRL	GHRL	1	0	0
GHSR	GHSR	1	0	0
GHSR	MLNR	0	2	0
GHSR	NMUR1	0	2	0
GHSR	NMUR2	0	2	0
GHSR	NTSR1	0	2	0
GID4	GID4	3	0	0
GID8	GID8	1	0	0
GIGYF1	GIGYF1	1	0	0
GIGYF1	GIGYF2	0	2	0
GIGYF2	GIGYF2	1	0	0
GIMAP1	GIMAP1	1	0	0
GIMAP1	GIMAP2	0	2	0
GIMAP1	GIMAP4	0	2	0
GIMAP1	GIMAP7	0	2	0
GIMAP2	GIMAP2	1	0	0
GIMAP2	GIMAP4	0	2	0
GIMAP2	GIMAP7	0	2	0
GIMAP4	GIMAP4	1	0	0
GIMAP4	GIMAP7	0	2	0
GIMAP6	GIMAP6	1	0	0
GIMAP7	GIMAP7	1	0	0
GIMAP8	GIMAP8	1	0	0
GIMD1	GIMD1	1	0	0
GIN1	GIN1	3	0	0
GINM1	GINM1	3	0	0
GINS1	GINS1	1	0	0
GINS2	GINS2	1	0	0
GINS3	GINS3	1	0	0
GINS4	GINS4	1	0	0
GIP	GIP	1	0	0
GIPC1	GIPC1	1	0	0
GIPC1	GIPC2	0	2	0
GIPC1	GIPC3	0	2	0
GIPC2	GIPC2	1	0	0
GIPC2	GIPC3	0	2	0
GIPC3	GIPC3	1	0	0
GIPR	GIPR	0	0	1
GIT1	GIT1	1	0	0
GIT1	GIT2	0	2	0
GIT2	GIT2	1	0	0
GJA10	GJA10	1	0	0
GJA10	GJA9	0	2	0
GJA3	GJA3	1	0	0
GJA3	GJA5	0	2	0
GJA3	GJA8	0	2	0
GJA3	GJD3	0	2	0
GJA5	GJA5	1	0	0
GJA5	GJA8	0	2	0
GJA5	GJD3	0	2	0
GJA8	GJA8	1	0	0
GJA8	GJD3	0	2	0
GJA9	GJA9	6	0	0
GJB1	GJB1	1	0	0
GJB1	GJB2	0	2	0
GJB1	GJB4	0	2	0
GJB1	GJB5	0	2	0
GJB1	GJB6	0	2	0
GJB1	GJB7	0	2	0
GJB2	GJB2	1	0	0
GJB2	GJB4	0	2	0
GJB2	GJB5	0	2	0
GJB2	GJB6	0	2	0
GJB2	GJB7	0	2	0
GJB4	GJB4	1	0	0
GJB4	GJB5	0	2	0
GJB4	GJB6	0	2	0
GJB4	GJB7	0	2	0
GJB5	GJB5	1	0	0
GJB5	GJB6	0	2	0
GJB5	GJB7	0	2	0
GJB6	GJB6	1	0	0
GJB6	GJB7	0	2	0
GJB7	GJB7	1	0	0
GJC1	GJC1	1	0	0
GJC1	GJC2	0	2	0
GJC1	GJC3	0	2	0
GJC2	GJC2	1	0	0
GJC2	GJC3	0	2	0
GJC3	GJC3	3	0	0
GJD2	GJD2	1	0	0
GJD3	GJD3	1	0	0
GJD4	GJD4	1	0	0
GK2	GK2	3	0	0
GK2	GK5	0	6	0
GK5	GK5	3	0	0
GKAP1	GKAP1	1	0	0
GKN1	GKN1	1	0	0
GKN2	GKN2	1	0	0
GLA	GLA	1	0	0
GLA	NAGA	0	2	0
GLB1	GLB1	1	0	0
GLB1	GLB1L	0	2	0
GLB1	GLB1L2	0	2	0
GLB1	GLB1L3	0	2	0
GLB1L	GLB1L	1	0	0
GLB1L	GLB1L2	0	2	0
GLB1L	GLB1L3	0	2	0
GLB1L2	GLB1L2	3	0	0
GLB1L2	GLB1L3	0	6	0
GLB1L3	GLB1L3	3	0	0
GLCCI1	GLCCI1	1	0	0
GLCE	GLCE	1	0	0
GLDC	GLDC	1	0	0
GLDN	GLDN	1	0	0
GLE1	GLE1	1	0	0
GLG1	GLG1	1	0	0
GLI1	GLI1	1	0	0
GLI1	GLI2	0	2	0
GLI1	GLI3	0	2	0
GLI2	GLI2	1	0	0
GLI2	GLI3	0	2	0
GLI3	GLI3	1	0	0
GLI4	GLI4	0	0	1
GLIPR1	GLIPR1	1	0	0
GLIPR1	GLIPR1L1	0	2	0
GLIPR1L1	GLIPR1L1	1	0	0
GLIPR1L2	GLIPR1L2	1	0	0
GLIPR2	GLIPR2	1	0	0
GLIS1	GLIS1	1	0	0
GLIS1	GLIS3	0	2	0
GLIS2	GLIS2	1	0	0
GLIS3	GLIS3	1	0	0
GLMN	GLMN	1	0	0
GLMP	GLMP	1	0	0
GLO1	GLO1	1	0	0
GLOD4	GLOD4	3	0	0
GLP1R	GLP1R	0	0	1
GLP2R	GLP2R	0	0	1
GLRA1	GLRA1	0	0	1
GLRA2	GLRA2	0	0	1
GLRA3	GLRA3	0	0	3
GLRB	GLRB	0	0	1
GLRX	GLRX	1	0	0
GLRX	GLRX2	0	2	0
GLRX2	GLRX2	1	0	0
GLRX3	GLRX3	1	0	0
GLRX3	GLRX5	0	2	0
GLRX5	GLRX5	3	0	0
GLS	GLS	1	0	0
GLS	GLS2	0	2	0
GLS2	GLS2	1	0	0
GLT1D1	GLT1D1	1	0	0
GLT6D1	GLT6D1	1	0	0
GLT8D1	GLT8D1	1	0	0
GLT8D1	GLT8D2	0	2	0
GLT8D2	GLT8D2	1	0	0
GLTP	GLTP	1	0	0
GLTPD2	GLTPD2	1	0	0
GLUD1	GLUD1	1	0	0
GLUL	GLUL	1	0	0
GLYAT	GLYAT	1	0	0
GLYAT	GLYATL1	0	2	0
GLYAT	GLYATL2	0	2	0
GLYAT	GLYATL3	0	2	0
GLYATL1	GLYATL1	1	0	0
GLYATL1	GLYATL2	0	2	0
GLYATL1	GLYATL3	0	2	0
GLYATL2	GLYATL2	1	0	0
GLYATL2	GLYATL3	0	2	0
GLYATL3	GLYATL3	1	0	0
GLYCTK	GLYCTK	1	0	0
GLYR1	GLYR1	1	0	0
GM2A	GM2A	1	0	0
GMDS	GMDS	3	0	0
GMEB1	GMEB1	1	0	0
GMEB1	GMEB2	0	2	0
GMEB2	GMEB2	1	0	0
GMFB	GMFB	1	0	0
GMFB	GMFG	0	2	0
GMFG	GMFG	3	0	0
GMIP	GMIP	1	0	0
GML	GML	1	0	0
GMNC	GMNC	1	0	0
GMNN	GMNN	1	0	0
GMPPA	GMPPA	0	0	1
GMPPB	GMPPB	0	0	1
GMPR	GMPR	0	0	1
GMPR2	GMPR2	0	0	1
GMPS	GMPS	1	0	0
GNA11	GNA11	0	0	1
GNA12	GNA12	0	0	1
GNA13	GNA13	0	0	1
GNA14	GNA14	0	0	1
GNA15	GNA15	0	0	1
GNAI1	GNAI1	0	0	1
GNAI2	GNAI2	0	0	1
GNAI3	GNAI3	0	0	1
GNAL	GNAL	0	0	1
GNAO1	GNAO1	0	0	3
GNAQ	GNAQ	0	0	1
GNAS	GNAS	0	0	1
GNAT1	GNAT1	0	0	1
GNAT2	GNAT2	0	0	1
GNAT3	GNAT3	0	0	1
GNAZ	GNAZ	0	0	1
GNB1	GNB1	0	0	1
GNB1L	GNB1L	1	0	0
GNB2	GNB2	0	0	1
GNB3	GNB3	0	0	1
GNB4	GNB4	0	0	1
GNB5	GNB5	0	0	1
GNE	GNE	6	0	0
GNG10	GNG10	3	0	0
GNG10	GNG12	0	2	0
GNG10	GNG2	0	2	0
GNG10	GNG3	0	2	0
GNG10	GNG4	0	2	0
GNG10	GNG5	0	1	0
GNG10	GNG7	0	2	0
GNG10	GNG8	0	2	0
GNG11	GNG11	3	0	0
GNG11	GNGT1	0	2	0
GNG11	GNGT2	0	2	0
GNG12	GNG12	1	0	0
GNG12	GNG2	0	2	0
GNG12	GNG3	0	2	0
GNG12	GNG4	0	2	0
GNG12	GNG5	0	1	0
GNG12	GNG7	0	2	0
GNG12	GNG8	0	2	0
GNG13	GNG13	1	0	0
GNG2	GNG2	3	0	0
GNG2	GNG3	0	2	0
GNG2	GNG4	0	6	0
GNG2	GNG5	0	1	0
GNG2	GNG7	0	2	0
GNG2	GNG8	0	2	0
GNG3	GNG3	1	0	0
GNG3	GNG4	0	2	0
GNG3	GNG5	0	1	0
GNG3	GNG7	0	2	0
GNG3	GNG8	0	2	0
GNG4	GNG4	3	0	0
GNG4	GNG5	0	1	0
GNG4	GNG7	0	2	0
GNG4	GNG8	0	2	0
GNG5	GNG5	0	0	1
GNG5	GNG7	0	1	0
GNG5	GNG8	0	1	0
GNG7	GNG7	1	0	0
GNG7	GNG8	0	2	0
GNG8	GNG8	1	0	0
GNGT1	GNGT1	1	0	0
GNGT1	GNGT2	0	2	0
GNGT2	GNGT2	1	0	0
GNL1	GNL1	1	0	0
GNL2	GNL2	1	0	0
GNL3	GNL3	1	0	0
GNLY	GNLY	1	0	0
GNMT	GNMT	1	0	0
GNPAT	GNPAT	1	0	0
GNPDA1	GNPDA1	1	0	0
GNPDA1	GNPDA2	0	2	0
GNPDA2	GNPDA2	1	0	0
GNPNAT1	GNPNAT1	1	0	0
GNPTAB	GNPTAB	1	0	0
GNPTG	GNPTG	1	0	0
GNRH1	GNRH1	1	0	0
GNRH2	GNRH2	1	0	0
GNRHR	GNRHR	1	0	0
GNS	GNS	6	0	0
GOLGA1	GOLGA1	1	0	0
GOLGA3	GOLGA3	1	0	0
GOLGA4	GOLGA4	1	0	0
GOLGA5	GOLGA5	1	0	0
GOLGA7	GOLGA7	1	0	0
GOLGA7	GOLGA7B	0	2	0
GOLGA7B	GOLGA7B	3	0	0
GOLGB1	GOLGB1	1	0	0
GOLIM4	GOLIM4	1	0	0
GOLM1	GOLM1	1	0	0
GOLM1	GOLM2	0	2	0
GOLM2	GOLM2	1	0	0
GOLPH3	GOLPH3	1	0	0
GOLPH3	GOLPH3L	0	2	0
GOLPH3L	GOLPH3L	1	0	0
GOLT1A	GOLT1A	1	0	0
GOLT1A	GOLT1B	0	2	0
GOLT1B	GOLT1B	1	0	0
GON4L	GON4L	1	0	0
GOPC	GOPC	3	0	0
GORAB	GORAB	1	0	0
GORASP1	GORASP1	1	0	0
GORASP1	GORASP2	0	2	0
GORASP2	GORASP2	1	0	0
GOSR1	GOSR1	1	0	0
GOT1	GOT1	1	0	0
GOT1	GOT1L1	0	2	0
GOT1	GOT2	0	2	0
GOT1L1	GOT1L1	1	0	0
GOT1L1	GOT2	0	2	0
GOT2	GOT2	1	0	0
GP1BA	GP1BA	1	0	0
GP1BB	GP1BB	1	0	0
GP1BB	GP9	0	2	0
GP2	GP2	1	0	0
GP2	UMOD	0	2	0
GP5	GP5	1	0	0
GP6	GP6	0	0	3
GP9	GP9	1	0	0
GPA33	GPA33	3	0	0
GPA33	VSIG1	0	6	0
GPA33	VSIG2	0	6	0
GPAA1	GPAA1	1	0	0
GPALPP1	GPALPP1	1	0	0
GPAM	GPAM	1	0	0
GPANK1	GPANK1	1	0	0
GPAT3	GPAT3	1	0	0
GPAT3	GPAT4	0	2	0
GPAT4	GPAT4	1	0	0
GPATCH1	GPATCH1	1	0	0
GPATCH11	GPATCH11	1	0	0
GPATCH2	GPATCH2	1	0	0
GPATCH2	GPATCH2L	0	2	0
GPATCH2L	GPATCH2L	1	0	0
GPATCH3	GPATCH3	1	0	0
GPATCH4	GPATCH4	1	0	0
GPATCH8	GPATCH8	1	0	0
GPATCH8	ZNF804B	0	2	0
GPBAR1	GPBAR1	3	0	0
GPBAR1	GPR119	0	2	0
GPBAR1	TMIGD3	0	1	0
GPBP1	GPBP1	1	0	0
GPBP1	GPBP1L1	0	2	0
GPBP1L1	GPBP1L1	3	0	0
GPC1	GPC1	1	0	0
GPC1	GPC2	0	2	0
GPC1	GPC3	0	2	0
GPC1	GPC4	0	2	0
GPC1	GPC5	0	2	0
GPC1	GPC6	0	2	0
GPC2	GPC2	1	0	0
GPC2	GPC3	0	2	0
GPC2	GPC4	0	2	0
GPC2	GPC5	0	2	0
GPC2	GPC6	0	2	0
GPC3	GPC3	1	0	0
GPC3	GPC4	0	2	0
GPC3	GPC5	0	2	0
GPC3	GPC6	0	2	0
GPC4	GPC4	1	0	0
GPC4	GPC5	0	2	0
GPC4	GPC6	0	2	0
GPC5	GPC5	1	0	0
GPC5	GPC6	0	2	0
GPC6	GPC6	1	0	0
GPCPD1	GPCPD1	1	0	0
GPD1	GPD1	1	0	0
GPD2	GPD2	1	0	0
GPHA2	GPHA2	1	0	0
GPHB5	GPHB5	3	0	0
GPHN	GPHN	1	0	0
GPI	GPI	1	0	0
GPIHBP1	GPIHBP1	1	0	0
GPLD1	GPLD1	1	0	0
GPM6A	GPM6A	1	0	0
GPM6A	GPM6B	0	2	0
GPM6A	PLP1	0	2	0
GPM6B	GPM6B	1	0	0
GPM6B	PLP1	0	2	0
GPN1	GPN1	1	0	0
GPN2	GPN2	1	0	0
GPN2	GPN3	0	2	0
GPN3	GPN3	1	0	0
GPNMB	GPNMB	1	0	0
GPNMB	TMEM130	0	2	0
GPR101	GPR101	1	0	0
GPR107	GPR107	1	0	0
GPR107	GPR108	0	2	0
GPR108	GPR108	1	0	0
GPR119	GPR119	1	0	0
GPR119	TMIGD3	0	1	0
GPR12	GPR12	1	0	0
GPR12	GPR3	0	2	0
GPR12	GPR6	0	2	0
GPR132	GPR132	1	0	0
GPR132	GPR4	0	2	0
GPR132	GPR65	0	2	0
GPR132	GPR68	0	2	0
GPR135	GPR135	1	0	0
GPR135	NPFFR1	0	2	0
GPR135	NPFFR2	0	2	0
GPR135	QRFPR	0	2	0
GPR135	TACR1	0	2	0
GPR135	TACR2	0	2	0
GPR135	TACR3	0	2	0
GPR137	GPR137	1	0	0
GPR137	GPR137B	0	2	0
GPR137	GPR137C	0	2	0
GPR137B	GPR137B	1	0	0
GPR137B	GPR137C	0	2	0
GPR137C	GPR137C	1	0	0
GPR139	GPR139	1	0	0
GPR141	GPR141	1	0	0
GPR142	GPR142	1	0	0
GPR148	GPR148	1	0	0
GPR149	GPR149	1	0	0
GPR15	GPR15	0	0	1
GPR150	GPR150	1	0	0
GPR150	NPSR1	0	2	0
GPR150	OXTR	0	2	0
GPR151	GPR151	1	0	0
GPR153	GPR153	1	0	0
GPR153	GPR162	0	2	0
GPR155	GPR155	1	0	0
GPR156	GPR156	1	0	0
GPR157	GPR157	1	0	0
GPR158	GPR158	1	0	0
GPR158	GPR179	0	2	0
GPR160	GPR160	1	0	0
GPR162	GPR162	1	0	0
GPR17	GPR17	1	0	0
GPR17	GPR20	0	2	0
GPR171	GPR171	1	0	0
GPR171	GPR82	0	2	0
GPR171	GPR87	0	2	0
GPR171	P2RY13	0	2	0
GPR171	P2RY14	0	2	0
GPR173	GPR173	1	0	0
GPR173	GPR27	0	2	0
GPR174	GPR174	1	0	0
GPR174	LPAR4	0	2	0
GPR174	LPAR6	0	2	0
GPR174	P2RY8	0	2	0
GPR176	GPR176	1	0	0
GPR179	GPR179	1	0	0
GPR18	GPR18	1	0	0
GPR180	GPR180	1	0	0
GPR182	GPR182	1	0	0
GPR183	GPR183	1	0	0
GPR19	GPR19	1	0	0
GPR20	GPR20	1	0	0
GPR21	GPR21	1	0	0
GPR22	GPR22	1	0	0
GPR25	GPR25	1	0	0
GPR26	GPR26	3	0	0
GPR26	GPR78	0	2	0
GPR27	GPR27	1	0	0
GPR3	GPR3	1	0	0
GPR3	GPR6	0	2	0
GPR31	GPR31	1	0	0
GPR31	HCAR1	0	2	0
GPR31	HCAR3	0	2	0
GPR31	OXER1	0	2	0
GPR32	GPR32	1	0	0
GPR32	GPR33	0	2	0
GPR33	GPR33	6	0	0
GPR35	GPR35	1	0	0
GPR35	GPR55	0	2	0
GPR37	GPR37	1	0	0
GPR37	GPR37L1	0	2	0
GPR37L1	GPR37L1	1	0	0
GPR39	GPR39	1	0	0
GPR39	NTSR2	0	2	0
GPR4	GPR4	1	0	0
GPR4	GPR65	0	2	0
GPR4	GPR68	0	2	0
GPR50	GPR50	1	0	0
GPR55	GPR55	1	0	0
GPR6	GPR6	1	0	0
GPR61	GPR61	3	0	0
GPR63	GPR63	1	0	0
GPR65	GPR65	1	0	0
GPR65	GPR68	0	2	0
GPR68	GPR68	1	0	0
GPR78	GPR78	1	0	0
GPR82	GPR82	1	0	0
GPR82	GPR87	0	2	0
GPR82	P2RY13	0	2	0
GPR82	P2RY14	0	2	0
GPR83	GPR83	1	0	0
GPR83	NPY1R	0	2	0
GPR83	NPY2R	0	2	0
GPR83	NPY4R	0	2	0
GPR83	PRLHR	0	2	0
GPR84	GPR84	1	0	0
GPR87	GPR87	1	0	0
GPR87	P2RY13	0	2	0
GPR87	P2RY14	0	2	0
GPR88	GPR88	3	0	0
GPRASP1	GPRASP1	1	0	0
GPRASP1	GPRASP2	0	2	0
GPRASP2	GPRASP2	1	0	0
GPRC5B	GPRC5B	3	0	0
GPRC5C	GPRC5C	3	0	0
GPRC5D	GPRC5D	1	0	0
GPRC6A	GPRC6A	0	0	1
GPRIN1	GPRIN1	1	0	0
GPRIN2	GPRIN2	1	0	0
GPRIN3	GPRIN3	1	0	0
GPS1	GPS1	1	0	0
GPS2	GPS2	1	0	0
GPSM1	GPSM1	1	0	0
GPSM1	GPSM2	0	2	0
GPSM1	PCP2	0	2	0
GPSM2	GPSM2	1	0	0
GPSM2	PCP2	0	2	0
GPSM3	GPSM3	1	0	0
GPT	GPT	1	0	0
GPT	GPT2	0	2	0
GPT2	GPT2	1	0	0
GPX1	GPX1	0	0	1
GPX2	GPX2	0	0	1
GPX3	GPX3	0	0	1
GPX4	GPX4	0	0	1
GPX5	GPX5	0	0	1
GPX6	GPX6	0	0	1
GPX7	GPX7	0	0	1
GPX8	GPX8	0	0	1
GRAMD1A	GRAMD1A	1	0	0
GRAMD1A	GRAMD1B	0	2	0
GRAMD1A	GRAMD1C	0	2	0
GRAMD1B	GRAMD1B	1	0	0
GRAMD1B	GRAMD1C	0	2	0
GRAMD1C	GRAMD1C	1	0	0
GRAMD2A	GRAMD2A	1	0	0
GRAMD2A	GRAMD2B	0	2	0
GRAMD2B	GRAMD2B	1	0	0
GRAMD4	GRAMD4	1	0	0
GRAP2	GRAP2	1	0	0
GRAP2	GRB2	0	2	0
GRB10	GRB10	3	0	0
GRB10	GRB14	0	2	0
GRB10	GRB7	0	2	0
GRB14	GRB14	1	0	0
GRB14	GRB7	0	2	0
GRB2	GRB2	1	0	0
GRB7	GRB7	1	0	0
GREB1	GREB1	1	0	0
GREB1	GREB1L	0	2	0
GREB1L	GREB1L	3	0	0
GREM2	GREM2	1	0	0
GRHL1	GRHL1	1	0	0
GRHL1	GRHL2	0	2	0
GRHL1	GRHL3	0	2	0
GRHL2	GRHL2	1	0	0
GRHL2	GRHL3	0	2	0
GRHL3	GRHL3	1	0	0
GRHPR	GRHPR	1	0	0
GRIA1	GRIA1	0	0	1
GRIA2	GRIA2	0	0	1
GRIA3	GRIA3	0	0	1
GRIA4	GRIA4	0	0	1
GRID1	GRID1	6	0	0
GRID1	GRID2	0	2	0
GRID2	GRID2	1	0	0
GRID2IP	GRID2IP	1	0	0
GRIFIN	GRIFIN	1	0	0
GRIK1	GRIK1	0	0	3
GRIK2	GRIK2	0	0	1
GRIK3	GRIK3	0	0	1
GRIK4	GRIK4	0	0	3
GRIK5	GRIK5	0	0	3
GRIN1	GRIN1	0	0	1
GRIN2A	GRIN2A	1	0	0
GRIN2A	GRIN2B	0	2	0
GRIN2B	GRIN2B	1	0	0
GRIN2C	GRIN2C	1	0	0
GRIN3A	GRIN3A	1	0	0
GRIN3A	GRIN3B	0	2	0
GRIN3B	GRIN3B	3	0	0
GRINA	GRINA	0	0	1
GRIP1	GRIP1	3	0	0
GRIP1	GRIP2	0	2	0
GRIP2	GRIP2	1	0	0
GRK1	GRK1	1	0	0
GRK1	GRK2	0	2	0
GRK1	GRK3	0	2	0
GRK1	GRK4	0	2	0
GRK1	GRK5	0	2	0
GRK1	GRK6	0	2	0
GRK1	GRK7	0	2	0
GRK2	GRK2	3	0	0
GRK2	GRK3	0	6	0
GRK2	GRK4	0	2	0
GRK2	GRK5	0	2	0
GRK2	GRK6	0	2	0
GRK2	GRK7	0	2	0
GRK3	GRK3	3	0	0
GRK3	GRK4	0	2	0
GRK3	GRK5	0	2	0
GRK3	GRK6	0	2	0
GRK3	GRK7	0	2	0
GRK4	GRK4	1	0	0
GRK4	GRK5	0	2	0
GRK4	GRK6	0	2	0
GRK4	GRK7	0	2	0
GRK5	GRK5	1	0	0
GRK5	GRK6	0	2	0
GRK5	GRK7	0	2	0
GRK6	GRK6	1	0	0
GRK6	GRK7	0	2	0
GRK7	GRK7	1	0	0
GRM1	GRM1	3	0	0
GRM1	GRM5	0	6	0
GRM2	GRM2	1	0	0
GRM2	GRM3	0	2	0
GRM2	GRM4	0	2	0
GRM2	GRM6	0	2	0
GRM2	GRM7	0	2	0
GRM2	GRM8	0	2	0
GRM3	GRM3	1	0	0
GRM3	GRM4	0	2	0
GRM3	GRM6	0	2	0
GRM3	GRM7	0	2	0
GRM3	GRM8	0	2	0
GRM4	GRM4	3	0	0
GRM4	GRM6	0	2	0
GRM4	GRM7	0	2	0
GRM4	GRM8	0	2	0
GRM5	GRM5	3	0	0
GRM6	GRM6	1	0	0
GRM6	GRM7	0	2	0
GRM6	GRM8	0	2	0
GRM7	GRM7	1	0	0
GRM7	GRM8	0	2	0
GRM8	GRM8	1	0	0
GRN	GRN	1	0	0
GRP	GRP	3	0	0
GRPEL1	GRPEL1	1	0	0
GRPEL1	GRPEL2	0	2	0
GRPEL2	GRPEL2	1	0	0
GRPR	GRPR	1	0	0
GRPR	NMBR	0	2	0
GRSF1	GRSF1	3	0	0
GRTP1	GRTP1	1	0	0
GRTP1	TBC1D10C	0	2	0
GRWD1	GRWD1	1	0	0
GRWD1	RBBP4	0	2	0
GRWD1	RBBP7	0	2	0
GRXCR1	GRXCR1	3	0	0
GRXCR1	GRXCR2	0	2	0
GRXCR2	GRXCR2	1	0	0
GSAP	GSAP	1	0	0
GSC	GSC	1	0	0
GSC	GSC2	0	2	0
GSC2	GSC2	1	0	0
GSDMA	GSDMA	1	0	0
GSDMA	GSDMB	0	2	0
GSDMA	GSDMC	0	2	0
GSDMA	GSDMD	0	2	0
GSDMB	GSDMB	1	0	0
GSDMB	GSDMC	0	2	0
GSDMB	GSDMD	0	2	0
GSDMC	GSDMC	1	0	0
GSDMC	GSDMD	0	2	0
GSDMD	GSDMD	1	0	0
GSDME	GSDME	1	0	0
GSDME	PJVK	0	2	0
GSE1	GSE1	1	0	0
GSG1	GSG1	1	0	0
GSG1	GSG1L	0	2	0
GSG1	GSG1L2	0	2	0
GSG1L	GSG1L	1	0	0
GSG1L	GSG1L2	0	2	0
GSG1L2	GSG1L2	1	0	0
GSK3A	GSK3A	1	0	0
GSK3A	GSK3B	0	2	0
GSK3B	GSK3B	1	0	0
GSKIP	GSKIP	1	0	0
GSN	GSN	1	0	0
GSN	SCIN	0	2	0
GSN	VIL1	0	2	0
GSN	VILL	0	2	0
GSR	GSR	0	0	1
GSS	GSS	1	0	0
GSTA1	GSTA1	1	0	0
GSTA1	GSTA2	0	2	0
GSTA1	GSTA3	0	2	0
GSTA1	GSTA4	0	2	0
GSTA1	GSTA5	0	2	0
GSTA2	GSTA2	1	0	0
GSTA2	GSTA3	0	2	0
GSTA2	GSTA4	0	2	0
GSTA2	GSTA5	0	2	0
GSTA3	GSTA3	1	0	0
GSTA3	GSTA4	0	2	0
GSTA3	GSTA5	0	2	0
GSTA4	GSTA4	3	0	0
GSTA4	GSTA5	0	2	0
GSTA5	GSTA5	1	0	0
GSTCD	GSTCD	1	0	0
GSTK1	GSTK1	1	0	0
GSTM1	GSTM1	1	0	0
GSTM1	GSTM4	0	2	0
GSTM1	GSTM5	0	2	0
GSTM4	GSTM4	1	0	0
GSTM4	GSTM5	0	2	0
GSTM5	GSTM5	1	0	0
GSTO1	GSTO1	1	0	0
GSTO1	GSTO2	0	2	0
GSTO2	GSTO2	1	0	0
GSTP1	GSTP1	3	0	0
GSTZ1	GSTZ1	1	0	0
GSX1	GSX1	1	0	0
GSX1	GSX2	0	2	0
GSX1	PDX1	0	2	0
GSX2	GSX2	1	0	0
GSX2	PDX1	0	2	0
GTDC1	GTDC1	1	0	0
GTF2A1	GTF2A1	1	0	0
GTF2A1L	GTF2A1L	1	0	0
GTF2A2	GTF2A2	1	0	0
GTF2B	GTF2B	1	0	0
GTF2E1	GTF2E1	1	0	0
GTF2E2	GTF2E2	1	0	0
GTF2F1	GTF2F1	1	0	0
GTF2F2	GTF2F2	3	0	0
GTF2H1	GTF2H1	1	0	0
GTF2H3	GTF2H3	1	0	0
GTF2H4	GTF2H4	1	0	0
GTF2H5	GTF2H5	1	0	0
GTF2I	GTF2I	3	0	0
GTF2IRD1	GTF2IRD1	1	0	0
GTF3A	GTF3A	0	0	1
GTF3C1	GTF3C1	1	0	0
GTF3C2	GTF3C2	1	0	0
GTF3C3	GTF3C3	1	0	0
GTF3C4	GTF3C4	1	0	0
GTF3C5	GTF3C5	1	0	0
GTF3C6	GTF3C6	1	0	0
GTPBP1	GTPBP1	1	0	0
GTPBP1	GTPBP2	0	2	0
GTPBP10	GTPBP10	1	0	0
GTPBP10	MTG2	0	2	0
GTPBP2	GTPBP2	1	0	0
GTPBP3	GTPBP3	1	0	0
GTPBP4	GTPBP4	1	0	0
GTPBP8	GTPBP8	6	0	0
GTSE1	GTSE1	1	0	0
GTSF1	GTSF1	1	0	0
GUCA1A	GUCA1A	0	0	1
GUCA1B	GUCA1B	0	0	1
GUCA1C	GUCA1C	0	0	1
GUCA2A	GUCA2A	1	0	0
GUCA2A	GUCA2B	0	2	0
GUCA2B	GUCA2B	1	0	0
GUCD1	GUCD1	1	0	0
GUCY1A1	GUCY1A1	1	0	0
GUCY1A1	GUCY1A2	0	2	0
GUCY1A2	GUCY1A2	1	0	0
GUCY1B1	GUCY1B1	1	0	0
GUCY2C	GUCY2C	1	0	0
GUCY2D	GUCY2D	1	0	0
GUF1	GUF1	1	0	0
GUK1	GUK1	3	0	0
GULP1	GULP1	3	0	0
GUSB	GUSB	3	0	0
GXYLT1	GXYLT1	3	0	0
GXYLT1	PPP4R2	0	1	0
GYG1	GYG1	1	0	0
GYG1	GYG2	0	2	0
GYG2	GYG2	1	0	0
GYPA	GYPA	1	0	0
GYPC	GYPC	3	0	0
GYPC	SMAGP	0	2	0
GYS1	GYS1	1	0	0
GYS1	GYS2	0	2	0
GYS2	GYS2	1	0	0
GZF1	GZF1	1	0	0
GZMA	GZMA	0	0	1
GZMB	GZMB	0	0	3
GZMK	GZMK	0	0	1
GZMM	GZMM	0	0	1
H1-0	H1-0	0	0	3
H1-1	H1-1	0	0	1
H1-10	H1-10	0	0	3
H1-2	H1-2	0	0	3
H1-3	H1-3	0	0	1
H1-4	H1-4	0	0	6
H1-5	H1-5	0	0	3
H1-6	H1-6	0	0	3
H1-7	H1-7	6	0	0
H1-8	H1-8	6	0	0
H1-9P	H1-9P	6	0	0
H2AB1	H2AB1	1	0	0
H2AC1	H2AC1	0	0	6
H2AC11	H2AC11	0	0	4
H2AC12	H2AC12	0	0	3
H2AC14	H2AC14	0	0	3
H2AC18	H2AC18	0	0	6
H2AC20	H2AC20	0	0	1
H2AC21	H2AC21	0	0	3
H2AC4	H2AC4	0	0	4
H2AC6	H2AC6	0	0	6
H2AC7	H2AC7	0	0	1
H2AJ	H2AJ	0	0	6
H2AP	H2AP	1	0	0
H2AW	H2AW	0	0	6
H2AX	H2AX	0	0	3
H2AZ1	H2AZ1	0	0	6
H2AZ2	H2AZ2	0	0	3
H2BC1	H2BC1	0	0	1
H2BC10	H2BC10	0	0	2
H2BC11	H2BC11	0	0	3
H2BC12	H2BC12	0	0	3
H2BC14	H2BC14	0	0	3
H2BC15	H2BC15	0	0	1
H2BC17	H2BC17	0	0	1
H2BC18	H2BC18	0	0	3
H2BC21	H2BC21	0	0	1
H2BC3	H2BC3	0	0	3
H2BC5	H2BC5	0	0	3
H2BC9	H2BC9	0	0	1
H2BK1	H2BK1	0	0	1
H2BU1	H2BU1	0	0	6
H2BU2P	H2BU2P	0	0	1
H2BW1	H2BW1	1	0	2
H2BW1	H2BW2	0	2	0
H2BW2	H2BW2	1	0	0
H3-3A	H3-3A	0	0	1
H3-4	H3-4	0	0	3
H3-5	H3-5	0	0	1
H3C13	H3C13	0	0	3
H4-16	H4-16	13	0	0
H4-16	H4C7	0	8	0
H4C7	H4C7	6	0	0
H6PD	H6PD	1	0	0
HABP2	HABP2	6	0	0
HABP2	HGFAC	0	6	0
HABP2	PLAT	0	2	0
HABP2	PLAU	0	2	0
HABP4	HABP4	1	0	0
HABP4	SERBP1	0	2	0
HACD1	HACD1	3	0	0
HACD1	HACD2	0	6	0
HACD2	HACD2	3	0	0
HACD3	HACD3	1	0	0
HACD3	HACD4	0	2	0
HACD4	HACD4	1	0	0
HACE1	HACE1	0	0	1
HACL1	HACL1	1	0	0
HADH	HADH	1	0	0
HADHA	HADHA	3	0	0
HADHB	HADHB	0	0	1
HAGH	HAGH	1	0	0
HAGH	HAGHL	0	2	0
HAGH	PNKD	0	2	0
HAGHL	HAGHL	1	0	0
HAGHL	PNKD	0	2	0
HAL	HAL	1	0	0
HAMP	HAMP	1	0	0
HAND1	HAND1	1	0	0
HAO1	HAO1	1	0	0
HAO1	HAO2	0	2	0
HAO2	HAO2	1	0	0
HAP1	HAP1	1	0	0
HAPLN1	HAPLN1	1	0	0
HAPLN1	HAPLN2	0	2	0
HAPLN1	HAPLN3	0	2	0
HAPLN1	HAPLN4	0	2	0
HAPLN2	HAPLN2	3	0	0
HAPLN2	HAPLN3	0	2	0
HAPLN2	HAPLN4	0	2	0
HAPLN3	HAPLN3	1	0	0
HAPLN3	HAPLN4	0	2	0
HAPLN4	HAPLN4	3	0	0
HARBI1	HARBI1	1	0	0
HARS1	HARS1	1	0	0
HARS1	HARS2	0	2	0
HARS2	HARS2	1	0	0
HAS1	HAS1	3	0	0
HAS1	HAS2	0	2	0
HAS1	HAS3	0	2	0
HAS2	HAS2	1	0	0
HAS2	HAS3	0	2	0
HAS3	HAS3	1	0	0
HASPIN	HASPIN	6	0	0
HAT1	HAT1	3	0	0
HAUS1	HAUS1	1	0	0
HAUS2	HAUS2	1	0	0
HAUS3	HAUS3	1	0	0
HAUS4	HAUS4	1	0	0
HAUS5	HAUS5	1	0	0
HAUS6	HAUS6	1	0	0
HAUS8	HAUS8	1	0	0
HAVCR1	HAVCR1	0	0	1
HAVCR2	HAVCR2	1	0	0
HAVCR2	TIMD4	0	2	0
HAX1	HAX1	1	0	0
HBB	HBB	1	0	0
HBB	HBD	0	2	0
HBB	HBE1	0	2	0
HBD	HBD	1	0	0
HBD	HBE1	0	2	0
HBE1	HBE1	1	0	0
HBEGF	HBEGF	1	0	0
HBM	HBM	1	0	0
HBM	HBQ1	0	2	0
HBM	HBZ	0	2	0
HBP1	HBP1	1	0	0
HBQ1	HBQ1	1	0	0
HBQ1	HBZ	0	2	0
HBS1L	HBS1L	1	0	0
HBZ	HBZ	1	0	0
HCAR1	HCAR1	1	0	0
HCAR1	HCAR3	0	2	0
HCAR1	OXER1	0	2	0
HCAR3	HCAR3	1	0	0
HCAR3	OXER1	0	2	0
HCCS	HCCS	1	0	0
HCFC1	HCFC1	1	0	0
HCFC1R1	HCFC1R1	1	0	0
HCFC2	HCFC2	1	0	0
HCK	HCK	0	0	1
HCN1	HCN1	1	0	0
HCN1	HCN3	0	2	0
HCN1	HCN4	0	2	0
HCN2	HCN2	1	0	0
HCN3	HCN3	1	0	0
HCN3	HCN4	0	2	0
HCN4	HCN4	1	0	0
HCRT	HCRT	1	0	0
HCRTR1	HCRTR1	1	0	0
HCRTR1	HCRTR2	0	2	0
HCRTR2	HCRTR2	1	0	0
HCST	HCST	3	0	0
HDAC1	HDAC1	1	0	0
HDAC1	HDAC8	0	2	0
HDAC10	HDAC10	3	0	0
HDAC11	HDAC11	3	0	0
HDAC2	HDAC2	3	0	0
HDAC2	HDAC3	0	2	0
HDAC3	HDAC3	1	0	0
HDAC4	HDAC4	1	0	0
HDAC4	HDAC5	0	2	0
HDAC4	HDAC7	0	2	0
HDAC4	HDAC9	0	2	0
HDAC5	HDAC5	3	0	0
HDAC5	HDAC7	0	6	0
HDAC5	HDAC9	0	2	0
HDAC7	HDAC7	6	0	0
HDAC7	HDAC9	0	2	0
HDAC8	HDAC8	1	0	0
HDAC9	HDAC9	1	0	0
HDC	HDC	1	0	0
HDDC2	HDDC2	3	0	0
HDDC3	HDDC3	1	0	0
HDGF	HDGF	1	0	0
HDGF	HDGFL2	0	2	0
HDGF	HDGFL3	0	2	0
HDGF	PSIP1	0	2	0
HDGFL2	HDGFL2	3	0	0
HDGFL2	HDGFL3	0	6	0
HDGFL2	PSIP1	0	2	0
HDGFL3	HDGFL3	6	0	0
HDGFL3	PSIP1	0	2	0
HDHD2	HDHD2	1	0	0
HDHD2	LHPP	0	2	0
HDHD3	HDHD3	1	0	0
HDHD5	HDHD5	1	0	0
HDLBP	HDLBP	1	0	0
HDX	HDX	1	0	0
HEATR1	HEATR1	1	0	0
HEATR3	HEATR3	1	0	0
HEATR4	HEATR4	1	0	0
HEATR5A	HEATR5A	1	0	0
HEATR5A	HEATR5B	0	2	0
HEATR5B	HEATR5B	1	0	0
HEATR6	HEATR6	1	0	0
HEATR9	HEATR9	1	0	0
HEBP1	HEBP1	1	0	0
HEBP1	HEBP2	0	2	0
HEBP2	HEBP2	1	0	0
HECA	HECA	1	0	0
HECTD1	HECTD1	1	0	0
HECTD2	HECTD2	0	0	1
HECTD3	HECTD3	3	0	0
HECTD4	HECTD4	1	0	0
HECW1	HECW1	1	0	0
HECW1	HECW2	0	2	0
HECW2	HECW2	3	0	0
HEG1	HEG1	1	0	0
HELB	HELB	1	0	0
HELZ	HELZ	3	0	0
HELZ2	HELZ2	1	0	0
HEMGN	HEMGN	1	0	0
HEMK1	HEMK1	1	0	0
HENMT1	HENMT1	1	0	0
HEPACAM	HEPACAM	1	0	0
HEPACAM2	HEPACAM2	1	0	0
HEPACAM2	PSG2	0	2	0
HEPACAM2	PSG9	0	2	0
HEPHL1	HEPHL1	1	0	0
HERC1	HERC1	1	0	0
HERC3	HERC3	0	0	1
HERC4	HERC4	0	0	6
HERC5	HERC5	0	0	1
HERC6	HERC6	0	0	1
HERPUD1	HERPUD1	1	0	0
HERPUD1	HERPUD2	0	2	0
HERPUD2	HERPUD2	1	0	0
HES1	HES1	1	0	0
HES1	HES3	0	2	0
HES1	HES4	0	2	0
HES1	HES5	0	2	0
HES2	HES2	1	0	0
HES3	HES3	1	0	0
HES3	HES4	0	2	0
HES3	HES5	0	2	0
HES4	HES4	3	0	0
HES4	HES5	0	2	0
HES5	HES5	1	0	0
HES6	HES6	1	0	0
HES7	HES7	1	0	0
HESX1	HESX1	1	0	0
HEXB	HEXB	1	0	0
HEXD	HEXD	3	0	0
HEXIM1	HEXIM1	1	0	0
HEXIM1	HEXIM2	0	2	0
HEXIM2	HEXIM2	1	0	0
HEY1	HEY1	3	0	0
HEY1	HEY2	0	2	0
HEY1	HEYL	0	2	0
HEY2	HEY2	1	0	0
HEY2	HEYL	0	2	0
HEYL	HEYL	1	0	0
HFE	HFE	0	0	1
HFM1	HFM1	1	0	0
HGD	HGD	1	0	0
HGF	HGF	1	0	0
HGF	LPA	0	1	0
HGF	MST1	0	2	0
HGF	PLG	0	2	0
HGFAC	HGFAC	3	0	0
HGFAC	PLAT	0	2	0
HGH1	HGH1	1	0	0
HGSNAT	HGSNAT	1	0	0
HHAT	HHAT	1	0	0
HHEX	HHEX	1	0	0
HHIP	HHIP	1	0	0
HHIP	HHIPL2	0	2	0
HHIPL1	HHIPL1	1	0	0
HHIPL2	HHIPL2	1	0	0
HHLA1	HHLA1	1	0	0
HIBADH	HIBADH	3	0	0
HIBCH	HIBCH	3	0	0
HIC1	HIC1	1	0	0
HIC2	HIC2	1	0	0
HID1	HID1	1	0	0
HIF1A	HIF1A	1	0	0
HIF1A	HIF3A	0	2	0
HIF1AN	HIF1AN	1	0	0
HIF3A	HIF3A	1	0	0
HIGD1A	HIGD1A	1	0	0
HIGD1A	HIGD1B	0	2	0
HIGD1A	HIGD1C	0	2	0
HIGD1B	HIGD1B	1	0	0
HIGD1B	HIGD1C	0	2	0
HIGD1C	HIGD1C	1	0	0
HIGD2A	HIGD2A	1	0	0
HIKESHI	HIKESHI	1	0	0
HILPDA	HILPDA	1	0	0
HINFP	HINFP	1	0	0
HINT1	HINT1	1	0	0
HINT1	HINT2	0	2	0
HINT2	HINT2	1	0	0
HINT3	HINT3	1	0	0
HIP1	HIP1	1	0	0
HIP1	HIP1R	0	2	0
HIP1R	HIP1R	1	0	0
HIPK1	HIPK1	1	0	0
HIPK1	HIPK2	0	2	0
HIPK1	HIPK3	0	2	0
HIPK2	HIPK2	1	0	0
HIPK2	HIPK3	0	2	0
HIPK3	HIPK3	1	0	0
HIPK4	HIPK4	1	0	0
HIPK4	MAPK7	0	2	0
HIRA	HIRA	1	0	0
HIRIP3	HIRIP3	1	0	0
HIVEP1	HIVEP1	1	0	0
HIVEP2	HIVEP2	1	0	0
HIVEP2	HIVEP3	0	2	0
HIVEP3	HIVEP3	1	0	0
HJURP	HJURP	1	0	0
HJV	HJV	1	0	0
HJV	RGMA	0	2	0
HJV	RGMB	0	2	0
HK1	HK1	1	0	0
HK1	HK2	0	2	0
HK1	HK3	0	2	0
HK1	HKDC1	0	2	0
HK2	HK2	1	0	0
HK2	HK3	0	2	0
HK2	HKDC1	0	2	0
HK3	HK3	1	0	0
HK3	HKDC1	0	2	0
HKDC1	HKDC1	1	0	0
HLCS	HLCS	1	0	0
HLF	HLF	3	0	0
HLF	TEF	0	2	0
HLTF	HLTF	1	0	0
HLX	HLX	1	0	0
HMBOX1	HMBOX1	1	0	0
HMBS	HMBS	1	0	0
HMCES	HMCES	1	0	0
HMCN1	HMCN1	1	0	0
HMG20A	HMG20A	1	0	0
HMG20A	HMG20B	0	2	0
HMG20B	HMG20B	1	0	0
HMGA1	HMGA1	1	0	0
HMGA1	HMGA2	0	2	0
HMGA2	HMGA2	1	0	0
HMGB1	HMGB1	0	0	3
HMGB2	HMGB2	0	0	1
HMGB3	HMGB3	0	0	3
HMGCL	HMGCL	1	0	0
HMGCL	HMGCLL1	0	2	0
HMGCLL1	HMGCLL1	1	0	0
HMGCR	HMGCR	1	0	0
HMGCS1	HMGCS1	1	0	0
HMGCS1	HMGCS2	0	2	0
HMGCS2	HMGCS2	1	0	0
HMGN2	HMGN2	1	0	0
HMGN2	HMGN3	0	2	0
HMGN3	HMGN3	3	0	0
HMGN5	HMGN5	0	0	3
HMGXB3	HMGXB3	1	0	0
HMGXB4	HMGXB4	1	0	0
HMMR	HMMR	1	0	0
HMOX1	HMOX1	1	0	0
HMOX1	HMOX2	0	2	0
HMOX2	HMOX2	1	0	0
HMX1	HMX1	1	0	0
HMX1	HMX2	0	2	0
HMX1	HMX3	0	2	0
HMX2	HMX2	1	0	0
HMX2	HMX3	0	2	0
HMX3	HMX3	1	0	0
HNF1A	HNF1A	1	0	0
HNF1A	HNF1B	0	2	0
HNF1B	HNF1B	1	0	0
HNF4A	HNF4A	1	0	0
HNF4A	HNF4G	0	2	0
HNF4G	HNF4G	1	0	0
HNMT	HNMT	3	0	0
HNRNPA0	HNRNPA0	0	0	6
HNRNPA2B1	HNRNPA2B1	0	0	1
HNRNPA3	HNRNPA3	0	0	1
HNRNPAB	HNRNPAB	3	0	3
HNRNPAB	HNRNPD	0	2	0
HNRNPAB	HNRNPDL	0	2	0
HNRNPD	HNRNPD	1	0	0
HNRNPD	HNRNPDL	0	2	0
HNRNPDL	HNRNPDL	1	0	0
HNRNPF	HNRNPF	1	0	0
HNRNPF	HNRNPH2	0	1	0
HNRNPF	HNRNPH3	0	2	0
HNRNPH1	HNRNPH1	3	0	0
HNRNPH2	HNRNPH2	0	0	1
HNRNPH2	HNRNPH3	0	1	0
HNRNPH2	RPL36AL	0	1	0
HNRNPH3	HNRNPH3	1	0	0
HNRNPK	HNRNPK	3	0	0
HNRNPL	HNRNPL	3	0	0
HNRNPL	HNRNPLL	0	2	0
HNRNPLL	HNRNPLL	1	0	0
HNRNPM	HNRNPM	3	0	0
HNRNPM	MYEF2	0	2	0
HNRNPR	HNRNPR	1	0	0
HNRNPR	SYNCRIP	0	2	0
HNRNPU	HNRNPU	3	0	0
HNRNPU	HNRNPUL1	0	6	0
HNRNPU	HNRNPUL2	0	2	0
HNRNPUL1	HNRNPUL1	3	0	0
HNRNPUL1	HNRNPUL2	0	2	0
HNRNPUL2	HNRNPUL2	1	0	0
HOATZ	HOATZ	6	0	0
HOMER1	HOMER1	1	0	0
HOMER1	HOMER2	0	2	0
HOMER1	HOMER3	0	2	0
HOMER2	HOMER2	1	0	0
HOMER2	HOMER3	0	2	0
HOMER3	HOMER3	1	0	0
HOMEZ	HOMEZ	1	0	0
HOOK1	HOOK1	1	0	0
HOOK1	HOOK2	0	2	0
HOOK1	HOOK3	0	2	0
HOOK2	HOOK2	1	0	0
HOOK2	HOOK3	0	2	0
HOOK3	HOOK3	1	0	0
HOPX	HOPX	0	0	1
HORMAD1	HORMAD1	3	0	0
HORMAD1	HORMAD2	0	6	0
HORMAD2	HORMAD2	6	0	0
HOXA1	HOXA1	1	0	0
HOXA1	HOXB1	0	2	0
HOXA1	HOXD1	0	2	0
HOXA10	HOXA10	1	0	2
HOXA10	HOXC10	0	4	0
HOXA10	HOXD10	0	2	0
HOXA11	HOXA11	1	0	0
HOXA11	HOXC11	0	2	0
HOXA11	HOXD11	0	2	0
HOXA13	HOXA13	3	0	0
HOXA13	HOXB13	0	2	0
HOXA13	HOXC13	0	2	0
HOXA13	HOXD13	0	2	0
HOXA2	HOXA2	3	0	0
HOXA2	HOXA3	0	2	0
HOXA2	HOXB2	0	2	0
HOXA2	HOXB3	0	2	0
HOXA2	HOXD3	0	2	0
HOXA3	HOXA3	1	0	0
HOXA3	HOXB2	0	2	0
HOXA3	HOXB3	0	2	0
HOXA3	HOXD3	0	2	0
HOXA4	HOXA4	0	0	1
HOXA5	HOXA5	0	0	1
HOXA6	HOXA6	0	0	1
HOXA9	HOXA9	1	0	0
HOXB1	HOXB1	1	0	0
HOXB1	HOXD1	0	2	0
HOXB13	HOXB13	1	0	0
HOXB13	HOXC13	0	2	0
HOXB13	HOXD13	0	2	0
HOXB2	HOXB2	1	0	0
HOXB2	HOXB3	0	2	0
HOXB2	HOXD3	0	2	0
HOXB3	HOXB3	1	0	0
HOXB3	HOXD3	0	2	0
HOXB4	HOXB4	0	0	1
HOXB5	HOXB5	0	0	1
HOXB6	HOXB6	0	0	1
HOXB7	HOXB7	0	0	1
HOXB8	HOXB8	0	0	1
HOXB9	HOXB9	1	0	0
HOXB9	HOXC9	0	2	0
HOXB9	HOXD9	0	2	0
HOXC10	HOXC10	3	0	0
HOXC10	HOXD10	0	2	0
HOXC11	HOXC11	6	0	0
HOXC11	HOXD11	0	2	0
HOXC12	HOXC12	1	0	0
HOXC12	HOXD12	0	2	0
HOXC13	HOXC13	1	0	0
HOXC13	HOXD13	0	2	0
HOXC4	HOXC4	0	0	1
HOXC5	HOXC5	0	0	3
HOXC6	HOXC6	0	0	1
HOXC8	HOXC8	0	0	1
HOXC9	HOXC9	1	0	0
HOXC9	HOXD9	0	2	0
HOXD1	HOXD1	1	0	0
HOXD10	HOXD10	1	0	0
HOXD11	HOXD11	1	0	0
HOXD12	HOXD12	1	0	0
HOXD13	HOXD13	1	0	0
HOXD3	HOXD3	1	0	0
HOXD4	HOXD4	0	0	1
HOXD8	HOXD8	0	0	1
HOXD9	HOXD9	1	0	0
HP1BP3	HP1BP3	1	0	0
HPCA	HPCA	0	0	3
HPCAL1	HPCAL1	0	0	1
HPCAL4	HPCAL4	0	0	1
HPD	HPD	1	0	0
HPD	HPDL	0	2	0
HPDL	HPDL	1	0	0
HPF1	HPF1	3	0	0
HPGD	HPGD	0	0	3
HPGDS	HPGDS	1	0	0
HPN	HPN	1	0	0
HPN	KLKB1	0	2	0
HPRT1	HPRT1	1	0	0
HPRT1	PRTFDC1	0	2	0
HPS1	HPS1	1	0	0
HPS3	HPS3	1	0	0
HPS4	HPS4	1	0	0
HPS5	HPS5	1	0	0
HPS6	HPS6	1	0	0
HPSE	HPSE	1	0	0
HPSE	HPSE2	0	2	0
HPSE2	HPSE2	1	0	0
HPX	HPX	1	0	0
HR	HR	1	0	0
HR	KDM3A	0	2	0
HR	KDM3B	0	2	0
HRAS	HRAS	0	0	3
HRC	HRC	1	0	0
HRCT1	HRCT1	1	0	0
HRG	HRG	1	0	0
HRH1	HRH1	1	0	0
HRH2	HRH2	1	0	0
HRH3	HRH3	1	0	0
HRH3	HRH4	0	2	0
HRH4	HRH4	1	0	0
HRK	HRK	1	0	0
HRNR	HRNR	1	0	0
HRNR	RPTN	0	2	0
HRNR	TCHHL1	0	2	0
HROB	HROB	3	0	0
HS1BP3	HS1BP3	3	0	0
HS2ST1	HS2ST1	1	0	0
HS2ST1	UST	0	2	0
HS3ST1	HS3ST1	1	0	0
HS3ST1	HS3ST2	0	2	0
HS3ST1	HS3ST3A1	0	2	0
HS3ST1	HS3ST3B1	0	2	0
HS3ST1	HS3ST4	0	2	0
HS3ST1	HS3ST5	0	2	0
HS3ST1	HS3ST6	0	2	0
HS3ST2	HS3ST2	1	0	0
HS3ST2	HS3ST3A1	0	2	0
HS3ST2	HS3ST3B1	0	2	0
HS3ST2	HS3ST4	0	2	0
HS3ST2	HS3ST5	0	2	0
HS3ST2	HS3ST6	0	2	0
HS3ST3A1	HS3ST3A1	3	0	0
HS3ST3A1	HS3ST3B1	0	2	0
HS3ST3A1	HS3ST4	0	2	0
HS3ST3A1	HS3ST5	0	2	0
HS3ST3A1	HS3ST6	0	2	0
HS3ST3B1	HS3ST3B1	1	0	0
HS3ST3B1	HS3ST4	0	2	0
HS3ST3B1	HS3ST5	0	2	0
HS3ST3B1	HS3ST6	0	2	0
HS3ST4	HS3ST4	1	0	0
HS3ST4	HS3ST5	0	2	0
HS3ST4	HS3ST6	0	2	0
HS3ST5	HS3ST5	1	0	0
HS3ST5	HS3ST6	0	2	0
HS3ST6	HS3ST6	1	0	0
HS6ST1	HS6ST1	1	0	0
HS6ST1	HS6ST2	0	2	0
HS6ST1	HS6ST3	0	2	0
HS6ST2	HS6ST2	1	0	0
HS6ST2	HS6ST3	0	2	0
HS6ST3	HS6ST3	1	0	0
HSBP1	HSBP1	1	0	0
HSBP1	HSBP1L1	0	2	0
HSBP1L1	HSBP1L1	3	0	0
HSCB	HSCB	1	0	0
HSD11B1	HSD11B1	1	0	0
HSD11B1	HSD11B1L	0	2	0
HSD11B1L	HSD11B1L	1	0	0
HSD11B2	HSD11B2	1	0	0
HSD11B2	HSD17B2	0	2	0
HSD17B1	HSD17B1	1	0	0
HSD17B1	RDH8	0	2	0
HSD17B10	HSD17B10	0	0	1
HSD17B11	HSD17B11	1	0	0
HSD17B11	HSD17B13	0	2	0
HSD17B11	RDH10	0	2	0
HSD17B11	SDR16C5	0	2	0
HSD17B12	HSD17B12	3	0	0
HSD17B12	HSD17B3	0	2	0
HSD17B12	HSDL1	0	2	0
HSD17B13	HSD17B13	1	0	0
HSD17B13	RDH10	0	2	0
HSD17B13	SDR16C5	0	2	0
HSD17B14	HSD17B14	0	0	1
HSD17B2	HSD17B2	1	0	0
HSD17B3	HSD17B3	1	0	0
HSD17B3	HSDL1	0	2	0
HSD17B4	HSD17B4	1	0	0
HSD17B7	HSD17B7	1	0	0
HSD17B8	HSD17B8	0	0	1
HSD3B2	HSD3B2	1	0	0
HSD3B2	HSD3B7	0	2	0
HSD3B2	NSDHL	0	2	0
HSD3B2	SDR42E1	0	2	0
HSD3B2	SDR42E2	0	2	0
HSD3B7	HSD3B7	1	0	0
HSD3B7	NSDHL	0	2	0
HSD3B7	SDR42E1	0	2	0
HSD3B7	SDR42E2	0	2	0
HSDL1	HSDL1	1	0	0
HSDL2	HSDL2	1	0	0
HSDL2	SCP2	0	2	0
HSF1	HSF1	1	0	0
HSF1	HSF4	0	2	0
HSF2	HSF2	1	0	0
HSF2BP	HSF2BP	1	0	0
HSF4	HSF4	1	0	0
HSF5	HSF5	1	0	0
HSH2D	HSH2D	1	0	0
HSP90AA1	HSP90AA1	0	0	6
HSP90AB1	HSP90AB1	0	0	3
HSP90B1	HSP90B1	0	0	3
HSPA12A	HSPA12A	6	0	0
HSPA12A	HSPA12B	0	6	0
HSPA12B	HSPA12B	3	0	0
HSPA13	HSPA13	6	0	0
HSPA14	HSPA14	0	0	3
HSPA2	HSPA2	0	0	1
HSPA4	HSPA4	6	0	0
HSPA4	HSPA4L	0	12	0
HSPA4	HSPH1	0	12	0
HSPA4	HYOU1	0	6	0
HSPA4L	HSPA4L	6	0	0
HSPA4L	HSPH1	0	12	0
HSPA4L	HYOU1	0	6	0
HSPA5	HSPA5	0	0	6
HSPA6	HSPA6	0	0	1
HSPA8	HSPA8	0	0	6
HSPA9	HSPA9	0	0	6
HSPB1	HSPB1	3	0	0
HSPB1	HSPB2	0	6	0
HSPB1	HSPB3	0	2	0
HSPB1	HSPB6	0	6	0
HSPB1	HSPB8	0	6	0
HSPB11	HSPB11	6	0	0
HSPB2	HSPB2	6	0	0
HSPB2	HSPB3	0	2	0
HSPB2	HSPB6	0	6	0
HSPB2	HSPB8	0	12	0
HSPB3	HSPB3	1	0	0
HSPB3	HSPB6	0	2	0
HSPB3	HSPB8	0	2	0
HSPB6	HSPB6	3	0	0
HSPB6	HSPB8	0	6	0
HSPB7	HSPB7	6	0	0
HSPB8	HSPB8	6	0	0
HSPB9	HSPB9	3	0	0
HSPBAP1	HSPBAP1	1	0	0
HSPBP1	HSPBP1	3	0	0
HSPD1	HSPD1	3	0	0
HSPE1	HSPE1	2	0	2
HSPG2	HSPG2	1	0	0
HSPH1	HSPH1	6	0	0
HSPH1	HYOU1	0	6	0
HTATIP2	HTATIP2	1	0	0
HTN1	HTN1	1	0	0
HTN1	HTN3	0	2	0
HTN3	HTN3	1	0	0
HTR1A	HTR1A	0	0	1
HTR1B	HTR1B	0	0	1
HTR1D	HTR1D	0	0	1
HTR1E	HTR1E	0	0	1
HTR1F	HTR1F	0	0	1
HTR2A	HTR2A	1	0	0
HTR2A	HTR2B	0	2	0
HTR2A	HTR2C	0	2	0
HTR2B	HTR2B	1	0	0
HTR2B	HTR2C	0	2	0
HTR2C	HTR2C	1	0	0
HTR3A	HTR3A	1	0	0
HTR3A	HTR3B	0	2	0
HTR3A	HTR3C	0	2	0
HTR3A	HTR3D	0	2	0
HTR3A	HTR3E	0	2	0
HTR3B	HTR3B	1	0	0
HTR3B	HTR3C	0	2	0
HTR3B	HTR3D	0	2	0
HTR3B	HTR3E	0	2	0
HTR3C	HTR3C	1	0	0
HTR3C	HTR3D	0	2	0
HTR3C	HTR3E	0	2	0
HTR3D	HTR3D	1	0	0
HTR3D	HTR3E	0	2	0
HTR3E	HTR3E	1	0	0
HTR4	HTR4	0	0	1
HTR5A	HTR5A	0	0	1
HTR6	HTR6	0	0	1
HTR7	HTR7	0	0	1
HTRA1	HTRA1	0	0	1
HTRA2	HTRA2	0	0	1
HTRA3	HTRA3	0	0	1
HTRA4	HTRA4	0	0	1
HTT	HTT	1	0	0
HUNK	HUNK	3	0	0
HUS1	HUS1	1	0	0
HUWE1	HUWE1	1	0	0
HVCN1	HVCN1	1	0	0
HYAL1	HYAL1	1	0	0
HYAL1	HYAL2	0	2	0
HYAL1	HYAL3	0	2	0
HYAL1	HYAL4	0	2	0
HYAL1	SPAM1	0	2	0
HYAL2	HYAL2	1	0	0
HYAL2	HYAL3	0	2	0
HYAL2	HYAL4	0	2	0
HYAL2	SPAM1	0	2	0
HYAL3	HYAL3	3	0	0
HYAL3	HYAL4	0	2	0
HYAL3	SPAM1	0	2	0
HYAL4	HYAL4	3	0	0
HYAL4	SPAM1	0	2	0
HYDIN	HYDIN	3	0	0
HYI	HYI	6	0	0
HYKK	HYKK	1	0	0
HYLS1	HYLS1	1	0	0
HYOU1	HYOU1	3	0	0
HYPK	HYPK	1	0	0
IAH1	IAH1	6	0	0
IAPP	IAPP	1	0	0
IARS1	IARS1	1	0	0
IARS2	IARS2	1	0	0
IBA57	IBA57	1	0	0
IBSP	IBSP	1	0	0
IBTK	IBTK	1	0	0
ICA1	ICA1	1	0	0
ICA1	ICA1L	0	2	0
ICA1L	ICA1L	1	0	0
ICAM1	ICAM1	1	0	0
ICAM1	ICAM2	0	2	0
ICAM1	ICAM3	0	2	0
ICAM2	ICAM2	3	0	0
ICAM2	ICAM3	0	2	0
ICAM3	ICAM3	1	0	0
ICAM4	ICAM4	6	0	0
ICAM5	ICAM5	1	0	0
ICE1	ICE1	1	0	0
ICE2	ICE2	1	0	0
ICMT	ICMT	1	0	0
ICOS	ICOS	1	0	0
ID1	ID1	1	0	0
ID1	ID2	0	2	0
ID1	ID3	0	2	0
ID1	ID4	0	2	0
ID2	ID2	3	0	0
ID2	ID3	0	2	0
ID2	ID4	0	2	0
ID3	ID3	1	0	0
ID3	ID4	0	2	0
ID4	ID4	1	0	0
IDE	IDE	1	0	0
IDH1	IDH1	1	0	0
IDH1	IDH2	0	2	0
IDH2	IDH2	6	0	0
IDH3A	IDH3A	6	0	0
IDH3A	IDH3B	0	2	0
IDH3A	IDH3G	0	12	0
IDH3B	IDH3B	1	0	0
IDH3B	IDH3G	0	2	0
IDH3G	IDH3G	6	0	0
IDI1	IDI1	1	0	0
IDO1	IDO1	1	0	0
IDO1	IDO2	0	2	0
IDO2	IDO2	1	0	0
IDS	IDS	1	0	0
IER2	IER2	1	0	0
IER2	IER5	0	2	0
IER3	IER3	1	0	0
IER5	IER5	3	0	0
IFFO1	IFFO1	1	0	0
IFFO1	IFFO2	0	2	0
IFFO2	IFFO2	1	0	0
IFI16	IFI16	1	0	0
IFI16	MNDA	0	2	0
IFI16	PYHIN1	0	2	0
IFI27	IFI27	1	0	0
IFI27	IFI27L1	0	1	0
IFI27	IFI27L2	0	2	0
IFI27	IFI6	0	2	0
IFI27L1	IFI27L1	0	0	1
IFI27L1	IFI27L2	0	1	0
IFI27L1	IFI6	0	1	0
IFI27L2	IFI27L2	1	0	0
IFI27L2	IFI6	0	2	0
IFI30	IFI30	1	0	0
IFI35	IFI35	1	0	0
IFI35	NMI	0	2	0
IFI44	IFI44	1	0	0
IFI44	IFI44L	0	2	0
IFI44L	IFI44L	1	0	0
IFI6	IFI6	1	0	0
IFIH1	IFIH1	1	0	0
IFIT1	IFIT1	1	0	0
IFIT1	IFIT1B	0	2	0
IFIT1	IFIT2	0	2	0
IFIT1	IFIT3	0	2	0
IFIT1	IFIT5	0	2	0
IFIT1B	IFIT1B	1	0	0
IFIT1B	IFIT2	0	2	0
IFIT1B	IFIT3	0	2	0
IFIT1B	IFIT5	0	2	0
IFIT2	IFIT2	1	0	0
IFIT2	IFIT3	0	2	0
IFIT2	IFIT5	0	2	0
IFIT3	IFIT3	3	0	0
IFIT3	IFIT5	0	2	0
IFIT5	IFIT5	1	0	0
IFITM1	IFITM1	1	0	0
IFITM1	IFITM2	0	2	0
IFITM1	IFITM3	0	2	0
IFITM10	IFITM10	1	0	0
IFITM2	IFITM2	1	0	0
IFITM2	IFITM3	0	2	0
IFITM3	IFITM3	1	0	0
IFITM5	IFITM5	1	0	0
IFNA14	IFNA14	1	0	0
IFNA14	IFNA2	0	2	0
IFNA14	IFNA21	0	2	0
IFNA14	IFNA5	0	2	0
IFNA14	IFNA6	0	2	0
IFNA14	IFNA8	0	2	0
IFNA14	IFNW1	0	2	0
IFNA2	IFNA2	1	0	0
IFNA2	IFNA21	0	2	0
IFNA2	IFNA5	0	2	0
IFNA2	IFNA6	0	2	0
IFNA2	IFNA8	0	2	0
IFNA2	IFNW1	0	2	0
IFNA21	IFNA21	1	0	0
IFNA21	IFNA5	0	2	0
IFNA21	IFNA6	0	2	0
IFNA21	IFNA8	0	2	0
IFNA21	IFNW1	0	2	0
IFNA5	IFNA5	1	0	0
IFNA5	IFNA6	0	2	0
IFNA5	IFNA8	0	2	0
IFNA5	IFNW1	0	2	0
IFNA6	IFNA6	1	0	0
IFNA6	IFNA8	0	2	0
IFNA6	IFNW1	0	2	0
IFNA8	IFNA8	1	0	0
IFNA8	IFNW1	0	2	0
IFNAR1	IFNAR1	1	0	0
IFNAR2	IFNAR2	1	0	0
IFNB1	IFNB1	1	0	0
IFNB1	IFNE	0	2	0
IFNE	IFNE	1	0	0
IFNGR1	IFNGR1	1	0	0
IFNGR2	IFNGR2	1	0	0
IFNK	IFNK	3	0	0
IFNL1	IFNL1	1	0	0
IFNLR1	IFNLR1	1	0	0
IFNW1	IFNW1	1	0	0
IFRD1	IFRD1	1	0	0
IFRD1	IFRD2	0	2	0
IFRD1	LSMEM1	0	2	0
IFRD2	IFRD2	1	0	0
IFRD2	LSMEM1	0	2	0
IFT122	IFT122	1	0	0
IFT140	IFT140	1	0	0
IFT172	IFT172	1	0	0
IFT20	IFT20	1	0	0
IFT22	IFT22	3	0	0
IFT27	IFT27	1	0	0
IFT43	IFT43	1	0	0
IFT46	IFT46	1	0	0
IFT52	IFT52	1	0	0
IFT57	IFT57	1	0	0
IFT74	IFT74	1	0	0
IFT80	IFT80	1	0	0
IFT81	IFT81	1	0	0
IFT88	IFT88	1	0	0
IFTAP	IFTAP	3	0	0
IGBP1	IGBP1	3	0	0
IGDCC3	IGDCC3	1	0	0
IGDCC4	IGDCC4	1	0	0
IGDCC4	PRTG	0	2	0
IGF1	IGF1	1	0	0
IGF1	IGF2	0	2	0
IGF1R	IGF1R	1	0	0
IGF1R	INSR	0	2	0
IGF1R	INSRR	0	2	0
IGF2	IGF2	1	0	0
IGF2BP1	IGF2BP1	1	0	0
IGF2BP1	IGF2BP2	0	2	0
IGF2BP1	IGF2BP3	0	2	0
IGF2BP2	IGF2BP2	1	0	0
IGF2BP2	IGF2BP3	0	2	0
IGF2BP3	IGF2BP3	1	0	0
IGF2R	IGF2R	1	0	0
IGFALS	IGFALS	3	0	0
IGFBP1	IGFBP1	1	0	0
IGFBP1	IGFBP2	0	2	0
IGFBP1	IGFBP3	0	2	0
IGFBP1	IGFBP4	0	2	0
IGFBP1	IGFBP5	0	2	0
IGFBP1	IGFBP6	0	2	0
IGFBP2	IGFBP2	1	0	0
IGFBP2	IGFBP3	0	2	0
IGFBP2	IGFBP4	0	2	0
IGFBP2	IGFBP5	0	2	0
IGFBP2	IGFBP6	0	2	0
IGFBP3	IGFBP3	1	0	0
IGFBP3	IGFBP4	0	2	0
IGFBP3	IGFBP5	0	2	0
IGFBP3	IGFBP6	0	2	0
IGFBP4	IGFBP4	1	0	0
IGFBP4	IGFBP5	0	2	0
IGFBP4	IGFBP6	0	2	0
IGFBP5	IGFBP5	1	0	0
IGFBP5	IGFBP6	0	2	0
IGFBP6	IGFBP6	1	0	0
IGFBP7	IGFBP7	1	0	0
IGFBP7	IGFBPL1	0	2	0
IGFBP7	KAZALD1	0	2	0
IGFBPL1	IGFBPL1	1	0	0
IGFBPL1	KAZALD1	0	2	0
IGFL1	IGFL1	3	0	0
IGFL1	IGFL2	0	2	0
IGFL1	IGFL3	0	2	0
IGFL2	IGFL2	1	0	0
IGFL2	IGFL3	0	2	0
IGFL3	IGFL3	1	0	0
IGFLR1	IGFLR1	1	0	0
IGFN1	IGFN1	0	0	1
IGHMBP2	IGHMBP2	1	0	0
IGIP	IGIP	3	0	0
IGLON5	IGLON5	1	0	0
IGLON5	LSAMP	0	2	0
IGLON5	NEGR1	0	2	0
IGLON5	NTM	0	2	0
IGSF1	IGSF1	3	0	0
IGSF10	IGSF10	3	0	0
IGSF11	IGSF11	6	0	0
IGSF11	JAML	0	2	0
IGSF11	VSIG8	0	6	0
IGSF21	IGSF21	3	0	0
IGSF22	IGSF22	1	0	0
IGSF22	MYBPC1	0	2	0
IGSF23	IGSF23	6	0	0
IGSF3	IGSF3	1	0	0
IGSF5	IGSF5	3	0	0
IGSF6	IGSF6	1	0	0
IGSF8	IGSF8	1	0	0
IGSF9	IGSF9	1	0	0
IGSF9	IGSF9B	0	2	0
IGSF9B	IGSF9B	1	0	0
IHH	IHH	1	0	0
IHH	SHH	0	2	0
IHO1	IHO1	1	0	0
IK	IK	1	0	0
IKBIP	IKBIP	6	0	0
IKBKB	IKBKB	3	0	0
IKBKE	IKBKE	1	0	0
IKBKE	TBK1	0	2	0
IKBKG	IKBKG	1	0	0
IKBKG	OPTN	0	2	0
IKZF1	IKZF1	1	0	0
IKZF1	IKZF2	0	2	0
IKZF1	IKZF3	0	2	0
IKZF1	IKZF4	0	2	0
IKZF2	IKZF2	3	0	0
IKZF2	IKZF3	0	2	0
IKZF2	IKZF4	0	2	0
IKZF3	IKZF3	1	0	0
IKZF3	IKZF4	0	2	0
IKZF4	IKZF4	1	0	0
IKZF5	IKZF5	1	0	0
IL10	IL10	1	0	0
IL10RA	IL10RA	1	0	0
IL10RB	IL10RB	1	0	0
IL11	IL11	1	0	0
IL11RA	IL11RA	0	0	1
IL11RA	IL6R	0	1	0
IL12A	IL12A	1	0	0
IL12B	IL12B	1	0	0
IL12RB1	IL12RB1	1	0	0
IL12RB2	IL12RB2	1	0	0
IL12RB2	IL23R	0	2	0
IL12RB2	IL27RA	0	2	0
IL13	IL13	1	0	0
IL13RA1	IL13RA1	1	0	0
IL13RA2	IL13RA2	1	0	0
IL15	IL15	1	0	0
IL15RA	IL15RA	1	0	0
IL16	IL16	3	0	0
IL17A	IL17A	1	0	0
IL17A	IL17C	0	2	0
IL17A	IL17D	0	2	0
IL17A	IL17F	0	2	0
IL17A	IL25	0	2	0
IL17B	IL17B	1	0	0
IL17C	IL17C	1	0	0
IL17C	IL17D	0	2	0
IL17C	IL17F	0	2	0
IL17C	IL25	0	2	0
IL17D	IL17D	1	0	0
IL17D	IL17F	0	2	0
IL17D	IL25	0	2	0
IL17F	IL17F	1	0	0
IL17F	IL25	0	2	0
IL17RA	IL17RA	1	0	0
IL17RB	IL17RB	1	0	0
IL17RC	IL17RC	1	0	0
IL17RD	IL17RD	1	0	0
IL17RE	IL17RE	1	0	0
IL17REL	IL17REL	1	0	2
IL18	IL18	1	0	0
IL18BP	IL18BP	1	0	0
IL18R1	IL18R1	1	0	0
IL18R1	IL1R1	0	2	0
IL18R1	IL1RL2	0	2	0
IL18RAP	IL18RAP	1	0	0
IL19	IL19	1	0	0
IL19	IL20	0	2	0
IL1A	IL1A	1	0	0
IL1B	IL1B	1	0	0
IL1B	IL36A	0	2	0
IL1B	IL36G	0	2	0
IL1F10	IL1F10	3	0	0
IL1F10	IL1RN	0	2	0
IL1F10	IL36RN	0	2	0
IL1R1	IL1R1	1	0	0
IL1R1	IL1RL2	0	2	0
IL1R2	IL1R2	1	0	0
IL1RAP	IL1RAP	1	0	0
IL1RAP	IL1RAPL1	0	2	0
IL1RAP	IL1RAPL2	0	2	0
IL1RAP	SIGIRR	0	2	0
IL1RAPL1	IL1RAPL1	1	0	0
IL1RAPL1	IL1RAPL2	0	2	0
IL1RAPL1	SIGIRR	0	2	0
IL1RAPL2	IL1RAPL2	1	0	0
IL1RAPL2	SIGIRR	0	2	0
IL1RL2	IL1RL2	1	0	0
IL1RN	IL1RN	1	0	0
IL1RN	IL36RN	0	2	0
IL2	IL2	1	0	0
IL20	IL20	1	0	0
IL20RA	IL20RA	1	0	0
IL20RB	IL20RB	1	0	0
IL21	IL21	1	0	0
IL21R	IL21R	1	0	0
IL22	IL22	1	0	0
IL22RA1	IL22RA1	1	0	0
IL22RA2	IL22RA2	1	0	0
IL23A	IL23A	1	0	0
IL23R	IL23R	1	0	0
IL23R	IL27RA	0	2	0
IL24	IL24	1	0	0
IL25	IL25	1	0	0
IL26	IL26	1	0	0
IL27	IL27	1	0	0
IL27RA	IL27RA	3	0	0
IL2RA	IL2RA	3	0	0
IL2RB	IL2RB	1	0	0
IL2RG	IL2RG	1	0	0
IL3	IL3	1	0	2
IL31	IL31	1	0	0
IL31RA	IL31RA	1	0	0
IL31RA	IL6ST	0	2	0
IL32	IL32	1	0	0
IL33	IL33	1	0	0
IL34	IL34	1	0	0
IL36A	IL36A	3	0	0
IL36A	IL36G	0	2	0
IL36G	IL36G	1	0	0
IL36RN	IL36RN	1	0	0
IL4	IL4	1	0	0
IL4I1	IL4I1	1	0	0
IL4R	IL4R	1	0	0
IL5	IL5	1	0	0
IL5RA	IL5RA	1	0	0
IL6	IL6	1	0	0
IL6R	IL6R	1	0	0
IL6ST	IL6ST	1	0	0
IL7	IL7	1	0	0
IL7R	IL7R	1	0	0
IL9	IL9	1	0	0
ILDR1	ILDR1	1	0	0
ILDR1	ILDR2	0	2	0
ILDR1	LSR	0	2	0
ILDR2	ILDR2	1	0	0
ILDR2	LSR	0	2	0
ILF2	ILF2	1	0	0
ILF3	ILF3	1	0	0
ILF3	STRBP	0	2	0
ILK	ILK	1	0	0
ILKAP	ILKAP	1	0	0
ILRUN	ILRUN	3	0	0
ILVBL	ILVBL	1	0	0
IMMP1L	IMMP1L	1	0	0
IMMP1L	IMMP2L	0	2	0
IMMP2L	IMMP2L	1	0	0
IMMT	IMMT	1	0	0
IMP3	IMP3	1	0	0
IMP4	IMP4	1	0	0
IMP4	RPF1	0	2	0
IMPA1	IMPA1	1	0	0
IMPA1	IMPA2	0	2	0
IMPA2	IMPA2	1	0	0
IMPACT	IMPACT	1	0	0
IMPDH1	IMPDH1	0	0	1
IMPDH2	IMPDH2	0	0	1
IMPG1	IMPG1	1	0	0
IMPG2	IMPG2	1	0	0
INA	INA	0	0	1
INAFM1	INAFM1	1	0	0
INAVA	INAVA	1	0	0
INCA1	INCA1	1	0	0
INCENP	INCENP	1	0	0
INCENP	MAP7	0	2	0
INCENP	MAP7D1	0	2	0
INCENP	MAP7D2	0	2	0
INF2	INF2	1	0	0
ING1	ING1	1	0	0
ING1	ING2	0	2	0
ING1	ING3	0	2	0
ING1	ING5	0	2	0
ING2	ING2	1	0	0
ING2	ING3	0	2	0
ING2	ING5	0	2	0
ING3	ING3	1	0	0
ING3	ING5	0	2	0
ING5	ING5	1	0	0
INHA	INHA	1	0	0
INHBA	INHBA	1	0	0
INHBA	INHBB	0	2	0
INHBA	INHBC	0	2	0
INHBA	INHBE	0	2	0
INHBA	MSTN	0	2	0
INHBB	INHBB	1	0	0
INHBB	INHBC	0	2	0
INHBB	INHBE	0	2	0
INHBB	MSTN	0	2	0
INHBC	INHBC	1	0	0
INHBC	INHBE	0	2	0
INHBC	MSTN	0	2	0
INHBE	INHBE	1	0	0
INHBE	MSTN	0	2	0
INIP	INIP	1	0	0
INKA1	INKA1	1	0	0
INKA2	INKA2	1	0	0
INMT	INMT	1	0	0
INMT	NNMT	0	2	0
INMT	PNMT	0	2	0
INO80	INO80	1	0	0
INO80C	INO80C	1	0	0
INO80D	INO80D	1	0	0
INO80E	INO80E	1	0	0
INPP1	INPP1	1	0	0
INPP4B	INPP4B	1	0	0
INPP5A	INPP5A	1	0	0
INPP5B	INPP5B	1	0	0
INPP5B	OCRL	0	2	0
INPP5D	INPP5D	1	0	0
INPP5D	INPPL1	0	2	0
INPP5E	INPP5E	1	0	0
INPP5F	INPP5F	1	0	0
INPP5J	INPP5J	3	0	0
INPP5K	INPP5K	1	0	0
INPPL1	INPPL1	1	0	0
INS	INS	3	0	0
INSC	INSC	1	0	0
INSIG1	INSIG1	1	0	0
INSIG1	INSIG2	0	2	0
INSIG2	INSIG2	1	0	0
INSL4	INSL4	1	0	0
INSL4	INSL6	0	2	0
INSL4	RLN2	0	2	0
INSL5	INSL5	3	0	0
INSL5	RLN3	0	2	0
INSL6	INSL6	1	0	0
INSL6	RLN2	0	2	0
INSM2	INSM2	1	0	0
INSR	INSR	1	0	0
INSR	INSRR	0	2	0
INSRR	INSRR	1	0	0
INSYN1	INSYN1	3	0	0
INSYN2A	INSYN2A	1	0	0
INSYN2A	INSYN2B	0	2	0
INSYN2B	INSYN2B	1	0	0
INTS1	INTS1	1	0	0
INTS10	INTS10	1	0	0
INTS11	INTS11	1	0	0
INTS12	INTS12	1	0	0
INTS13	INTS13	1	0	0
INTS14	INTS14	1	0	0
INTS2	INTS2	1	0	0
INTS3	INTS3	1	0	0
INTS4	INTS4	3	0	0
INTS5	INTS5	1	0	0
INTS6	INTS6	1	0	0
INTS6	INTS6L	0	2	0
INTS6L	INTS6L	1	0	0
INTS7	INTS7	1	0	0
INTS8	INTS8	1	0	0
INTS9	INTS9	1	0	0
INTU	INTU	1	0	0
INVS	INVS	1	0	0
INVS	TRPA1	0	2	0
IP6K1	IP6K1	1	0	0
IP6K1	IP6K2	0	2	0
IP6K1	IP6K3	0	2	0
IP6K2	IP6K2	1	0	0
IP6K2	IP6K3	0	2	0
IP6K3	IP6K3	1	0	0
IPCEF1	IPCEF1	1	0	0
IPMK	IPMK	1	0	0
IPO11	IPO11	1	0	0
IPO13	IPO13	1	0	0
IPO13	TNPO3	0	2	0
IPO4	IPO4	1	0	0
IPO4	IPO5	0	2	0
IPO4	RANBP6	0	2	0
IPO5	IPO5	1	0	0
IPO5	RANBP6	0	2	0
IPO7	IPO7	1	0	0
IPO7	IPO8	0	2	0
IPO8	IPO8	1	0	0
IPO9	IPO9	1	0	0
IPPK	IPPK	3	0	0
IQCA1	IQCA1	1	0	0
IQCB1	IQCB1	1	0	0
IQCC	IQCC	1	0	0
IQCD	IQCD	3	0	0
IQCD	IQCG	0	2	0
IQCE	IQCE	1	0	0
IQCF1	IQCF1	1	0	0
IQCF1	IQCF5	0	2	0
IQCF2	IQCF2	1	0	0
IQCF3	IQCF3	1	0	0
IQCF5	IQCF5	1	0	0
IQCF6	IQCF6	3	0	0
IQCG	IQCG	1	0	0
IQCH	IQCH	1	0	0
IQCJ	IQCJ	3	0	0
IQCK	IQCK	3	0	0
IQCM	IQCM	3	0	0
IQCN	IQCN	3	0	0
IQGAP1	IQGAP1	1	0	0
IQGAP1	IQGAP2	0	2	0
IQGAP1	IQGAP3	0	2	0
IQGAP2	IQGAP2	1	0	0
IQGAP2	IQGAP3	0	2	0
IQGAP3	IQGAP3	3	0	0
IQSEC1	IQSEC1	1	0	0
IQSEC1	IQSEC2	0	2	0
IQSEC1	IQSEC3	0	2	0
IQSEC2	IQSEC2	1	0	0
IQSEC2	IQSEC3	0	2	0
IQSEC3	IQSEC3	3	0	0
IQUB	IQUB	1	0	0
IRAG2	IRAG2	1	0	0
IRAK1	IRAK1	1	0	0
IRAK1BP1	IRAK1BP1	1	0	0
IRAK2	IRAK2	1	0	0
IRAK3	IRAK3	1	0	2
IRAK4	IRAK4	1	0	0
IREB2	IREB2	1	0	0
IRF1	IRF1	1	0	0
IRF1	IRF2	0	2	0
IRF2	IRF2	1	0	0
IRF2BP1	IRF2BP1	1	0	0
IRF2BP1	IRF2BP2	0	2	0
IRF2BP2	IRF2BP2	3	0	0
IRF3	IRF3	3	0	0
IRF4	IRF4	1	0	0
IRF5	IRF5	1	0	0
IRF5	IRF6	0	2	0
IRF5	IRF7	0	2	0
IRF5	IRF8	0	2	0
IRF6	IRF6	1	0	0
IRF6	IRF7	0	2	0
IRF6	IRF8	0	2	0
IRF7	IRF7	1	0	0
IRF7	IRF8	0	2	0
IRF8	IRF8	1	0	0
IRF9	IRF9	1	0	0
IRGC	IRGC	1	0	0
IRGM	IRGM	1	0	0
IRGQ	IRGQ	1	0	0
IRS1	IRS1	1	0	0
IRS1	IRS2	0	2	0
IRS2	IRS2	1	0	0
IRX1	IRX1	1	0	0
IRX1	IRX2	0	2	0
IRX1	IRX3	0	2	0
IRX1	IRX4	0	2	0
IRX1	IRX5	0	2	0
IRX1	IRX6	0	2	0
IRX2	IRX2	1	0	0
IRX2	IRX3	0	2	0
IRX2	IRX4	0	2	0
IRX2	IRX5	0	2	0
IRX2	IRX6	0	2	0
IRX3	IRX3	1	0	0
IRX3	IRX4	0	2	0
IRX3	IRX5	0	2	0
IRX3	IRX6	0	2	0
IRX4	IRX4	3	0	0
IRX4	IRX5	0	6	0
IRX4	IRX6	0	2	0
IRX5	IRX5	3	0	0
IRX5	IRX6	0	2	0
IRX6	IRX6	1	0	0
ISCA1	ISCA1	1	0	0
ISCA2	ISCA2	1	0	0
ISG20	ISG20	1	0	0
ISG20	ISG20L2	0	2	0
ISG20L2	ISG20L2	1	0	0
ISL1	ISL1	0	0	1
ISL2	ISL2	0	0	1
ISLR	ISLR	1	0	0
ISLR2	ISLR2	1	0	0
ISM1	ISM1	1	0	0
ISM1	ISM2	0	2	0
ISM2	ISM2	1	0	0
ISOC1	ISOC1	1	0	0
ISOC1	ISOC2	0	2	0
ISOC2	ISOC2	1	0	0
IST1	IST1	1	0	0
ISX	ISX	1	0	0
ISX	PROP1	0	2	0
ISY1	ISY1	1	0	0
ISYNA1	ISYNA1	1	0	0
ITCH	ITCH	0	0	1
ITFG1	ITFG1	1	0	0
ITFG2	ITFG2	1	0	0
ITGA1	ITGA1	1	0	0
ITGA1	ITGA10	0	2	0
ITGA1	ITGA11	0	2	0
ITGA1	ITGA2	0	2	0
ITGA1	ITGAD	0	2	0
ITGA1	ITGAL	0	2	0
ITGA1	ITGAM	0	2	0
ITGA1	ITGAX	0	2	0
ITGA10	ITGA10	1	0	0
ITGA10	ITGA11	0	2	0
ITGA10	ITGA2	0	2	0
ITGA10	ITGAD	0	2	0
ITGA10	ITGAL	0	2	0
ITGA10	ITGAM	0	2	0
ITGA10	ITGAX	0	2	0
ITGA11	ITGA11	1	0	0
ITGA11	ITGA2	0	2	0
ITGA11	ITGAD	0	2	0
ITGA11	ITGAL	0	2	0
ITGA11	ITGAM	0	2	0
ITGA11	ITGAX	0	2	0
ITGA2	ITGA2	1	0	0
ITGA2	ITGAD	0	2	0
ITGA2	ITGAL	0	2	0
ITGA2	ITGAM	0	2	0
ITGA2	ITGAX	0	2	0
ITGA2B	ITGA2B	1	0	0
ITGA2B	ITGA3	0	2	0
ITGA2B	ITGA4	0	2	0
ITGA2B	ITGA5	0	2	0
ITGA2B	ITGA6	0	2	0
ITGA2B	ITGA7	0	2	0
ITGA2B	ITGA8	0	2	0
ITGA2B	ITGA9	0	2	0
ITGA2B	ITGAV	0	2	0
ITGA3	ITGA3	1	0	0
ITGA3	ITGA4	0	2	0
ITGA3	ITGA5	0	2	0
ITGA3	ITGA6	0	2	0
ITGA3	ITGA7	0	2	0
ITGA3	ITGA8	0	2	0
ITGA3	ITGA9	0	2	0
ITGA3	ITGAV	0	2	0
ITGA4	ITGA4	1	0	0
ITGA4	ITGA5	0	2	0
ITGA4	ITGA6	0	2	0
ITGA4	ITGA7	0	2	0
ITGA4	ITGA8	0	2	0
ITGA4	ITGA9	0	2	0
ITGA4	ITGAV	0	2	0
ITGA5	ITGA5	1	0	0
ITGA5	ITGA6	0	2	0
ITGA5	ITGA7	0	2	0
ITGA5	ITGA8	0	2	0
ITGA5	ITGA9	0	2	0
ITGA5	ITGAV	0	2	0
ITGA6	ITGA6	1	0	0
ITGA6	ITGA7	0	2	0
ITGA6	ITGA8	0	2	0
ITGA6	ITGA9	0	2	0
ITGA6	ITGAV	0	2	0
ITGA7	ITGA7	3	0	0
ITGA7	ITGA8	0	2	0
ITGA7	ITGA9	0	2	0
ITGA7	ITGAV	0	2	0
ITGA8	ITGA8	1	0	0
ITGA8	ITGA9	0	2	0
ITGA8	ITGAV	0	2	0
ITGA9	ITGA9	1	0	0
ITGA9	ITGAV	0	2	0
ITGAD	ITGAD	1	0	0
ITGAD	ITGAL	0	2	0
ITGAD	ITGAM	0	2	0
ITGAD	ITGAX	0	2	0
ITGAE	ITGAE	1	0	0
ITGAL	ITGAL	1	0	0
ITGAL	ITGAM	0	2	0
ITGAL	ITGAX	0	2	0
ITGAM	ITGAM	1	0	0
ITGAM	ITGAX	0	2	0
ITGAV	ITGAV	1	0	0
ITGAX	ITGAX	1	0	0
ITGB1	ITGB1	1	0	0
ITGB1	ITGB2	0	2	0
ITGB1	ITGB5	0	2	0
ITGB1	ITGB6	0	2	0
ITGB1	ITGB7	0	2	0
ITGB1	ITGB8	0	2	0
ITGB1BP1	ITGB1BP1	1	0	0
ITGB1BP2	ITGB1BP2	1	0	0
ITGB2	ITGB2	1	0	0
ITGB2	ITGB5	0	2	0
ITGB2	ITGB6	0	2	0
ITGB2	ITGB7	0	2	0
ITGB2	ITGB8	0	2	0
ITGB3BP	ITGB3BP	3	0	0
ITGB4	ITGB4	1	0	0
ITGB5	ITGB5	1	0	0
ITGB5	ITGB6	0	2	0
ITGB5	ITGB7	0	2	0
ITGB5	ITGB8	0	2	0
ITGB6	ITGB6	1	0	0
ITGB6	ITGB7	0	2	0
ITGB6	ITGB8	0	2	0
ITGB7	ITGB7	1	0	0
ITGB7	ITGB8	0	2	0
ITGB8	ITGB8	1	0	0
ITGBL1	ITGBL1	3	0	0
ITIH1	ITIH1	1	0	0
ITIH1	ITIH2	0	2	0
ITIH1	ITIH3	0	2	0
ITIH1	ITIH4	0	2	0
ITIH1	ITIH5	0	2	0
ITIH1	ITIH6	0	2	0
ITIH2	ITIH2	1	0	0
ITIH2	ITIH3	0	2	0
ITIH2	ITIH4	0	2	0
ITIH2	ITIH5	0	2	0
ITIH2	ITIH6	0	2	0
ITIH3	ITIH3	1	0	0
ITIH3	ITIH4	0	2	0
ITIH3	ITIH5	0	2	0
ITIH3	ITIH6	0	2	0
ITIH4	ITIH4	1	0	0
ITIH4	ITIH5	0	2	0
ITIH4	ITIH6	0	2	0
ITIH5	ITIH5	1	0	0
ITIH5	ITIH6	0	2	0
ITIH6	ITIH6	1	0	0
ITK	ITK	0	0	1
ITLN1	ITLN1	1	0	0
ITLN1	ITLN2	0	2	0
ITLN2	ITLN2	1	0	0
ITM2A	ITM2A	1	0	0
ITM2A	ITM2B	0	2	0
ITM2A	ITM2C	0	2	0
ITM2B	ITM2B	1	0	0
ITM2B	ITM2C	0	2	0
ITM2C	ITM2C	1	0	0
ITPA	ITPA	1	0	0
ITPK1	ITPK1	1	0	0
ITPKA	ITPKA	1	0	0
ITPKA	ITPKB	0	2	0
ITPKA	ITPKC	0	2	0
ITPKB	ITPKB	1	0	0
ITPKB	ITPKC	0	2	0
ITPKC	ITPKC	1	0	0
ITPR1	ITPR1	1	0	0
ITPR1	ITPR2	0	2	0
ITPR1	ITPR3	0	2	0
ITPR2	ITPR2	1	0	0
ITPR2	ITPR3	0	2	0
ITPR3	ITPR3	1	0	0
ITPRID1	ITPRID1	1	0	0
ITPRID1	ITPRID2	0	2	0
ITPRID2	ITPRID2	1	0	0
ITPRIP	ITPRIP	1	0	0
ITPRIP	ITPRIPL1	0	2	0
ITPRIP	ITPRIPL2	0	2	0
ITPRIPL1	ITPRIPL1	1	0	0
ITPRIPL1	ITPRIPL2	0	2	0
ITPRIPL2	ITPRIPL2	1	0	0
ITSN1	ITSN1	1	0	0
ITSN1	ITSN2	0	2	0
ITSN2	ITSN2	1	0	0
IVD	IVD	0	0	1
IVL	IVL	1	0	0
IVNS1ABP	IVNS1ABP	1	0	0
IWS1	IWS1	1	0	0
IYD	IYD	1	0	0
IZUMO1	IZUMO1	3	0	0
IZUMO1R	IZUMO1R	3	0	0
IZUMO1R	RTBDN	0	2	0
IZUMO2	IZUMO2	1	0	0
IZUMO3	IZUMO3	1	0	0
IZUMO4	IZUMO4	1	0	0
JADE1	JADE1	1	0	0
JADE1	JADE2	0	2	0
JADE1	JADE3	0	2	0
JADE2	JADE2	1	0	0
JADE2	JADE3	0	2	0
JADE3	JADE3	1	0	0
JAG1	JAG1	1	0	0
JAG1	JAG2	0	2	0
JAG1	SNED1	0	2	0
JAG2	JAG2	1	0	0
JAG2	SNED1	0	2	0
JAGN1	JAGN1	1	0	0
JAK1	JAK1	1	0	0
JAK1	JAK2	0	2	0
JAK1	JAK3	0	2	0
JAK1	TYK2	0	2	0
JAK2	JAK2	1	0	0
JAK2	JAK3	0	2	0
JAK2	TYK2	0	2	0
JAK3	JAK3	1	0	0
JAK3	TYK2	0	2	0
JAKMIP1	JAKMIP1	1	0	0
JAKMIP1	JAKMIP2	0	2	0
JAKMIP1	JAKMIP3	0	2	0
JAKMIP2	JAKMIP2	1	0	0
JAKMIP2	JAKMIP3	0	2	0
JAKMIP3	JAKMIP3	1	0	0
JAM2	JAM2	3	0	0
JAM2	JAM3	0	6	0
JAM3	JAM3	3	0	0
JAML	JAML	1	0	0
JAML	VSIG8	0	2	0
JARID2	JARID2	1	0	0
JAZF1	JAZF1	1	0	0
JCAD	JCAD	3	0	0
JCHAIN	JCHAIN	1	0	0
JDP2	JDP2	1	0	0
JHY	JHY	1	0	0
JKAMP	JKAMP	1	0	0
JMJD1C	JMJD1C	1	0	0
JMJD4	JMJD4	1	0	0
JMJD6	JMJD6	1	0	0
JMJD7	JMJD7	1	0	0
JMJD8	JMJD8	1	0	0
JMY	JMY	1	0	0
JMY	WHAMM	0	2	0
JOSD1	JOSD1	1	0	0
JOSD1	JOSD2	0	2	0
JOSD2	JOSD2	1	0	0
JPH1	JPH1	1	0	0
JPH1	JPH2	0	2	0
JPH1	JPH3	0	2	0
JPH1	JPH4	0	2	0
JPH2	JPH2	1	0	2
JPH2	JPH3	0	2	0
JPH2	JPH4	0	2	0
JPH3	JPH3	1	0	0
JPH3	JPH4	0	2	0
JPH4	JPH4	1	0	0
JPT1	JPT1	6	0	0
JPT1	JPT2	0	2	0
JPT2	JPT2	1	0	0
JRK	JRK	1	0	0
JRK	TIGD1	0	2	0
JSRP1	JSRP1	1	0	0
JUNB	JUNB	1	0	0
JUNB	JUND	0	2	0
JUND	JUND	1	0	0
JUP	JUP	1	0	0
KALRN	KALRN	1	0	0
KALRN	TRIO	0	2	0
KANK1	KANK1	3	0	0
KANK2	KANK2	1	0	0
KANK2	KANK3	0	2	0
KANK3	KANK3	1	0	0
KANK4	KANK4	3	0	0
KANSL1	KANSL1	3	0	0
KANSL1	KANSL1L	0	2	0
KANSL1L	KANSL1L	1	0	0
KANSL2	KANSL2	1	0	0
KANSL3	KANSL3	1	0	0
KARS1	KARS1	1	0	0
KASH5	KASH5	1	0	0
KAT14	KAT14	1	0	0
KAT2A	KAT2A	1	0	0
KAT2A	KAT2B	0	2	0
KAT2B	KAT2B	1	0	0
KAT5	KAT5	1	0	0
KAT5	KAT7	0	2	0
KAT5	KAT8	0	2	0
KAT6A	KAT6A	1	0	0
KAT6A	KAT6B	0	2	0
KAT6B	KAT6B	1	0	0
KAT7	KAT7	1	0	0
KAT7	KAT8	0	2	0
KAT8	KAT8	1	0	0
KATNA1	KATNA1	1	0	0
KATNA1	KATNAL1	0	2	0
KATNA1	KATNAL2	0	2	0
KATNAL1	KATNAL1	1	0	0
KATNAL1	KATNAL2	0	2	0
KATNAL2	KATNAL2	1	0	0
KATNB1	KATNB1	3	0	0
KATNBL1	KATNBL1	1	0	0
KATNIP	KATNIP	1	0	0
KAZALD1	KAZALD1	1	0	0
KAZN	KAZN	1	0	0
KBTBD11	KBTBD11	1	0	0
KBTBD11	KLHDC7A	0	2	0
KBTBD11	KLHDC7B	0	2	0
KBTBD12	KBTBD12	1	0	0
KBTBD13	KBTBD13	1	0	0
KBTBD13	KLHL42	0	2	0
KBTBD2	KBTBD2	1	0	0
KBTBD2	KBTBD8	0	2	0
KBTBD3	KBTBD3	1	0	0
KBTBD4	KBTBD4	1	0	0
KBTBD6	KBTBD6	6	0	0
KBTBD6	KBTBD7	0	6	0
KBTBD7	KBTBD7	3	0	0
KBTBD8	KBTBD8	1	0	0
KCMF1	KCMF1	1	0	0
KCNA1	KCNA1	0	0	1
KCNA10	KCNA10	0	0	1
KCNA3	KCNA3	0	0	1
KCNA5	KCNA5	0	0	1
KCNA6	KCNA6	0	0	6
KCNA7	KCNA7	0	0	1
KCNAB1	KCNAB1	0	0	1
KCNAB2	KCNAB2	0	0	1
KCNAB3	KCNAB3	0	0	3
KCNB1	KCNB1	1	0	0
KCNB1	KCNB2	0	2	0
KCNB2	KCNB2	1	0	0
KCNC1	KCNC1	1	0	0
KCNC1	KCNC2	0	2	0
KCNC1	KCNC4	0	2	0
KCNC2	KCNC2	1	0	0
KCNC2	KCNC4	0	2	0
KCNC3	KCNC3	1	0	0
KCNC4	KCNC4	1	0	0
KCND1	KCND1	1	0	0
KCND1	KCND2	0	2	0
KCND1	KCND3	0	2	0
KCND2	KCND2	1	0	0
KCND2	KCND3	0	2	0
KCND3	KCND3	1	0	0
KCNE2	KCNE2	1	0	0
KCNE3	KCNE3	1	0	0
KCNE4	KCNE4	3	0	0
KCNE5	KCNE5	1	0	0
KCNF1	KCNF1	0	0	1
KCNG1	KCNG1	0	0	1
KCNG2	KCNG2	0	0	1
KCNG3	KCNG3	0	0	1
KCNG4	KCNG4	0	0	1
KCNH1	KCNH1	3	0	0
KCNH1	KCNH2	0	2	0
KCNH1	KCNH3	0	2	0
KCNH1	KCNH4	0	2	0
KCNH1	KCNH5	0	2	0
KCNH1	KCNH6	0	2	0
KCNH1	KCNH7	0	2	0
KCNH1	KCNH8	0	2	0
KCNH2	KCNH2	1	0	0
KCNH2	KCNH3	0	2	0
KCNH2	KCNH4	0	2	0
KCNH2	KCNH5	0	2	0
KCNH2	KCNH6	0	2	0
KCNH2	KCNH7	0	2	0
KCNH2	KCNH8	0	2	0
KCNH3	KCNH3	1	0	0
KCNH3	KCNH4	0	2	0
KCNH3	KCNH5	0	2	0
KCNH3	KCNH6	0	2	0
KCNH3	KCNH7	0	2	0
KCNH3	KCNH8	0	2	0
KCNH4	KCNH4	1	0	0
KCNH4	KCNH5	0	2	0
KCNH4	KCNH6	0	2	0
KCNH4	KCNH7	0	2	0
KCNH4	KCNH8	0	2	0
KCNH5	KCNH5	1	0	0
KCNH5	KCNH6	0	2	0
KCNH5	KCNH7	0	2	0
KCNH5	KCNH8	0	2	0
KCNH6	KCNH6	1	0	0
KCNH6	KCNH7	0	2	0
KCNH6	KCNH8	0	2	0
KCNH7	KCNH7	1	0	0
KCNH7	KCNH8	0	2	0
KCNH8	KCNH8	1	0	0
KCNIP1	KCNIP1	0	0	1
KCNIP2	KCNIP2	0	0	1
KCNIP3	KCNIP3	0	0	3
KCNIP4	KCNIP4	0	0	1
KCNJ11	KCNJ11	0	0	1
KCNJ13	KCNJ13	0	0	1
KCNJ14	KCNJ14	0	0	1
KCNJ15	KCNJ15	0	0	1
KCNJ16	KCNJ16	0	0	1
KCNJ2	KCNJ2	0	0	1
KCNJ3	KCNJ3	0	0	1
KCNJ4	KCNJ4	0	0	1
KCNJ5	KCNJ5	0	0	1
KCNJ6	KCNJ6	0	0	3
KCNJ8	KCNJ8	0	0	1
KCNJ9	KCNJ9	0	0	1
KCNK1	KCNK1	3	0	0
KCNK1	KCNK16	0	2	0
KCNK1	KCNK17	0	2	0
KCNK1	KCNK4	0	2	0
KCNK1	KCNK6	0	2	0
KCNK1	KCNK7	0	2	0
KCNK10	KCNK10	1	0	0
KCNK10	KCNK2	0	2	0
KCNK12	KCNK12	1	0	0
KCNK12	KCNK13	0	2	0
KCNK13	KCNK13	3	0	0
KCNK15	KCNK15	1	0	0
KCNK15	KCNK3	0	2	0
KCNK15	KCNK9	0	2	0
KCNK16	KCNK16	1	0	0
KCNK16	KCNK17	0	2	0
KCNK16	KCNK4	0	2	0
KCNK16	KCNK6	0	2	0
KCNK16	KCNK7	0	2	0
KCNK17	KCNK17	1	0	0
KCNK17	KCNK4	0	2	0
KCNK17	KCNK6	0	2	0
KCNK17	KCNK7	0	2	0
KCNK18	KCNK18	1	0	0
KCNK2	KCNK2	1	0	0
KCNK3	KCNK3	1	0	0
KCNK3	KCNK9	0	2	0
KCNK4	KCNK4	1	0	0
KCNK4	KCNK6	0	2	0
KCNK4	KCNK7	0	2	0
KCNK5	KCNK5	1	0	0
KCNK6	KCNK6	1	0	0
KCNK6	KCNK7	0	2	0
KCNK7	KCNK7	1	0	0
KCNK9	KCNK9	1	0	0
KCNMA1	KCNMA1	1	0	0
KCNMA1	KCNU1	0	2	0
KCNMB1	KCNMB1	1	0	0
KCNMB1	KCNMB2	0	2	0
KCNMB1	KCNMB3	0	2	0
KCNMB1	KCNMB4	0	2	0
KCNMB2	KCNMB2	3	0	0
KCNMB2	KCNMB3	0	2	0
KCNMB2	KCNMB4	0	2	0
KCNMB3	KCNMB3	1	0	0
KCNMB3	KCNMB4	0	2	0
KCNMB4	KCNMB4	1	0	0
KCNN1	KCNN1	1	0	0
KCNN1	KCNN2	0	2	0
KCNN1	KCNN3	0	2	0
KCNN2	KCNN2	1	0	0
KCNN2	KCNN3	0	2	0
KCNN3	KCNN3	1	0	0
KCNN4	KCNN4	1	0	0
KCNQ1	KCNQ1	0	0	1
KCNQ2	KCNQ2	1	0	0
KCNQ2	KCNQ3	0	2	0
KCNQ2	KCNQ5	0	2	0
KCNQ3	KCNQ3	1	0	0
KCNQ3	KCNQ5	0	2	0
KCNQ4	KCNQ4	1	0	0
KCNQ5	KCNQ5	3	0	0
KCNRG	KCNRG	1	0	0
KCNS1	KCNS1	0	0	1
KCNS2	KCNS2	0	0	1
KCNS3	KCNS3	0	0	1
KCNT1	KCNT1	1	0	0
KCNT1	KCNT2	0	2	0
KCNT2	KCNT2	1	0	0
KCNU1	KCNU1	1	0	0
KCNV1	KCNV1	0	0	1
KCNV2	KCNV2	0	0	1
KCP	KCP	3	0	0
KCTD1	KCTD1	3	0	0
KCTD1	KCTD11	0	2	0
KCTD1	KCTD15	0	1	0
KCTD1	KCTD18	0	6	0
KCTD1	KCTD21	0	6	0
KCTD1	KCTD4	0	2	0
KCTD1	KCTD6	0	2	0
KCTD11	KCTD11	1	0	0
KCTD11	KCTD15	0	1	0
KCTD11	KCTD18	0	2	0
KCTD11	KCTD21	0	2	0
KCTD11	KCTD4	0	2	0
KCTD11	KCTD6	0	2	0
KCTD13	KCTD13	1	0	0
KCTD13	TNFAIP1	0	2	0
KCTD14	KCTD14	3	0	0
KCTD15	KCTD15	0	0	1
KCTD15	KCTD18	0	1	0
KCTD15	KCTD21	0	1	0
KCTD15	KCTD4	0	1	0
KCTD15	KCTD6	0	1	0
KCTD16	KCTD16	3	0	0
KCTD16	KCTD8	0	2	0
KCTD17	KCTD17	3	0	0
KCTD17	KCTD2	0	2	0
KCTD17	KCTD5	0	2	0
KCTD18	KCTD18	3	0	0
KCTD18	KCTD21	0	6	0
KCTD18	KCTD4	0	2	0
KCTD18	KCTD6	0	2	0
KCTD19	KCTD19	1	0	0
KCTD2	KCTD2	1	0	0
KCTD2	KCTD5	0	2	0
KCTD20	KCTD20	1	0	0
KCTD21	KCTD21	3	0	0
KCTD21	KCTD4	0	2	0
KCTD21	KCTD6	0	2	0
KCTD3	KCTD3	1	0	0
KCTD3	SHKBP1	0	2	0
KCTD4	KCTD4	1	0	0
KCTD4	KCTD6	0	2	0
KCTD5	KCTD5	1	0	0
KCTD6	KCTD6	1	0	0
KCTD8	KCTD8	1	0	0
KCTD9	KCTD9	1	0	0
KDELR1	KDELR1	3	0	0
KDELR1	KDELR2	0	2	0
KDELR1	KDELR3	0	2	0
KDELR2	KDELR2	1	0	0
KDELR2	KDELR3	0	2	0
KDELR3	KDELR3	1	0	0
KDF1	KDF1	1	0	0
KDM1A	KDM1A	1	0	0
KDM1B	KDM1B	1	0	0
KDM2A	KDM2A	3	0	0
KDM2A	KDM2B	0	2	0
KDM2B	KDM2B	1	0	0
KDM3A	KDM3A	1	0	0
KDM3A	KDM3B	0	2	0
KDM3B	KDM3B	1	0	0
KDM4A	KDM4A	1	0	0
KDM4A	KDM4B	0	2	0
KDM4A	KDM4C	0	2	0
KDM4B	KDM4B	1	0	0
KDM4B	KDM4C	0	2	0
KDM4C	KDM4C	1	0	0
KDM4D	KDM4D	1	0	0
KDM4D	KDM4E	0	2	0
KDM4E	KDM4E	1	0	0
KDM5A	KDM5A	1	0	0
KDM5B	KDM5B	1	0	0
KDM5B	KDM5C	0	2	0
KDM5B	KDM5D	0	2	0
KDM5C	KDM5C	1	0	0
KDM5C	KDM5D	0	2	0
KDM5D	KDM5D	1	0	0
KDM6A	KDM6A	6	0	0
KDM6A	UTY	0	2	0
KDM6B	KDM6B	1	0	0
KDM7A	KDM7A	3	0	0
KDM7A	PHF2	0	2	0
KDM7A	PHF8	0	2	0
KDM8	KDM8	1	0	0
KDR	KDR	1	0	0
KDSR	KDSR	3	0	0
KEAP1	KEAP1	0	0	1
KEL	KEL	0	0	6
KERA	KERA	0	0	1
KHDC3L	KHDC3L	1	0	0
KHDC4	KHDC4	1	0	0
KHDRBS1	KHDRBS1	1	0	0
KHDRBS1	KHDRBS2	0	2	0
KHDRBS1	KHDRBS3	0	2	0
KHDRBS2	KHDRBS2	1	0	0
KHDRBS2	KHDRBS3	0	2	0
KHDRBS3	KHDRBS3	1	0	0
KHK	KHK	1	0	0
KHNYN	KHNYN	1	0	0
KHNYN	NYNRIN	0	2	0
KHSRP	KHSRP	1	0	0
KIAA0040	KIAA0040	3	0	0
KIAA0100	KIAA0100	1	0	0
KIAA0232	KIAA0232	1	0	0
KIAA0319	KIAA0319	1	0	0
KIAA0319	KIAA0319L	0	2	0
KIAA0319L	KIAA0319L	1	0	0
KIAA0408	KIAA0408	1	0	0
KIAA0513	KIAA0513	1	0	0
KIAA0586	KIAA0586	1	0	0
KIAA0753	KIAA0753	1	0	0
KIAA0825	KIAA0825	1	0	0
KIAA0895	KIAA0895	1	0	0
KIAA0895	KIAA0895L	0	2	0
KIAA0895L	KIAA0895L	1	0	0
KIAA0930	KIAA0930	1	0	0
KIAA1107	KIAA1107	1	0	0
KIAA1109	KIAA1109	1	0	0
KIAA1143	KIAA1143	1	0	0
KIAA1191	KIAA1191	1	0	0
KIAA1210	KIAA1210	1	0	0
KIAA1217	KIAA1217	1	0	0
KIAA1328	KIAA1328	1	0	0
KIAA1522	KIAA1522	1	0	0
KIAA1549	KIAA1549	1	0	0
KIAA1549	KIAA1549L	0	2	0
KIAA1549L	KIAA1549L	1	0	0
KIAA1586	KIAA1586	1	0	0
KIAA1614	KIAA1614	1	0	0
KIAA1671	KIAA1671	1	0	0
KIAA1755	KIAA1755	1	0	0
KIAA1755	PLEKHG4B	0	1	0
KIAA1958	KIAA1958	1	0	0
KIAA2012	KIAA2012	1	0	0
KIAA2013	KIAA2013	3	0	0
KIAA2026	KIAA2026	3	0	0
KICS2	KICS2	3	0	0
KIDINS220	KIDINS220	1	0	0
KIF11	KIF11	1	0	0
KIF11	KIF5A	0	2	0
KIF11	KIF5B	0	2	0
KIF11	KIF5C	0	2	0
KIF12	KIF12	1	0	0
KIF13A	KIF13A	3	0	0
KIF13A	KIF13B	0	2	0
KIF13A	KIF1A	0	2	0
KIF13A	KIF1B	0	2	0
KIF13A	KIF1C	0	2	0
KIF13B	KIF13B	1	0	0
KIF13B	KIF1A	0	2	0
KIF13B	KIF1B	0	2	0
KIF13B	KIF1C	0	2	0
KIF14	KIF14	1	0	0
KIF15	KIF15	1	0	0
KIF16B	KIF16B	1	0	0
KIF17	KIF17	1	0	0
KIF18A	KIF18A	1	0	0
KIF18A	KIF19	0	2	0
KIF18B	KIF18B	1	0	0
KIF19	KIF19	1	0	0
KIF1A	KIF1A	1	0	0
KIF1A	KIF1B	0	2	0
KIF1A	KIF1C	0	2	0
KIF1B	KIF1B	1	0	0
KIF1B	KIF1C	0	2	0
KIF1C	KIF1C	1	0	0
KIF20A	KIF20A	1	0	0
KIF20B	KIF20B	1	0	0
KIF21A	KIF21A	1	0	0
KIF21A	KIF21B	0	2	0
KIF21A	KIF27	0	1	0
KIF21A	KIF4A	0	2	0
KIF21B	KIF21B	1	0	0
KIF21B	KIF27	0	1	0
KIF21B	KIF4A	0	2	0
KIF22	KIF22	1	0	0
KIF23	KIF23	6	0	0
KIF24	KIF24	1	0	0
KIF25	KIF25	3	0	0
KIF26A	KIF26A	6	0	0
KIF26A	KIF26B	0	2	0
KIF26B	KIF26B	1	0	0
KIF27	KIF27	0	0	1
KIF27	KIF4A	0	1	0
KIF2A	KIF2A	1	0	0
KIF2A	KIF2B	0	2	0
KIF2A	KIF2C	0	2	0
KIF2B	KIF2B	3	0	0
KIF2B	KIF2C	0	2	0
KIF2C	KIF2C	1	0	0
KIF3A	KIF3A	0	0	1
KIF3B	KIF3B	0	0	1
KIF3C	KIF3C	0	0	1
KIF4A	KIF4A	1	0	0
KIF5A	KIF5A	1	0	0
KIF5A	KIF5B	0	2	0
KIF5A	KIF5C	0	2	0
KIF5B	KIF5B	1	0	0
KIF5B	KIF5C	0	2	0
KIF5C	KIF5C	1	0	0
KIF6	KIF6	0	0	1
KIF9	KIF9	0	0	1
KIFAP3	KIFAP3	1	0	0
KIFBP	KIFBP	1	0	0
KIFC1	KIFC1	1	0	0
KIFC1	KIFC2	0	2	0
KIFC1	KIFC3	0	2	0
KIFC2	KIFC2	1	0	0
KIFC2	KIFC3	0	2	0
KIFC3	KIFC3	1	0	0
KIN	KIN	3	0	0
KIRREL1	KIRREL1	1	0	0
KIRREL1	KIRREL3	0	2	0
KIRREL3	KIRREL3	1	0	0
KISS1R	KISS1R	1	0	0
KIT	KIT	1	0	0
KIT	PDGFRA	0	2	0
KIT	PDGFRB	0	2	0
KITLG	KITLG	1	0	0
KIZ	KIZ	1	0	0
KL	KL	1	0	0
KL	KLB	0	2	0
KLB	KLB	1	0	0
KLC1	KLC1	1	0	0
KLC1	KLC2	0	2	0
KLC1	KLC3	0	2	0
KLC1	KLC4	0	2	0
KLC2	KLC2	1	0	0
KLC2	KLC3	0	2	0
KLC2	KLC4	0	2	0
KLC3	KLC3	1	0	0
KLC3	KLC4	0	2	0
KLC4	KLC4	1	0	0
KLF1	KLF1	1	0	0
KLF1	KLF10	0	2	0
KLF1	KLF2	0	2	0
KLF1	KLF4	0	2	0
KLF1	KLF6	0	2	0
KLF1	KLF7	0	2	0
KLF10	KLF10	1	0	0
KLF10	KLF2	0	2	0
KLF10	KLF4	0	2	0
KLF10	KLF6	0	2	0
KLF10	KLF7	0	2	0
KLF11	KLF11	1	0	0
KLF11	SP2	0	2	0
KLF12	KLF12	1	0	0
KLF12	KLF3	0	2	0
KLF12	KLF8	0	2	0
KLF12	ZNF597	0	2	0
KLF12	ZSCAN22	0	1	0
KLF13	KLF13	1	0	0
KLF13	KLF14	0	2	0
KLF13	KLF9	0	2	0
KLF13	SP5	0	2	0
KLF13	SP6	0	2	0
KLF13	SP7	0	2	0
KLF13	SP8	0	2	0
KLF13	SP9	0	2	0
KLF13	ZNF793	0	2	0
KLF14	KLF14	1	0	0
KLF14	KLF9	0	2	0
KLF14	SP5	0	2	0
KLF14	SP6	0	2	0
KLF14	SP7	0	2	0
KLF14	SP8	0	2	0
KLF14	SP9	0	2	0
KLF14	ZNF793	0	2	0
KLF15	KLF15	1	0	0
KLF17	KLF17	1	0	0
KLF2	KLF2	1	0	0
KLF2	KLF4	0	2	0
KLF2	KLF6	0	2	0
KLF2	KLF7	0	2	0
KLF3	KLF3	1	0	0
KLF3	KLF8	0	2	0
KLF3	ZNF597	0	2	0
KLF3	ZSCAN22	0	1	0
KLF4	KLF4	1	0	0
KLF4	KLF6	0	2	0
KLF4	KLF7	0	2	0
KLF5	KLF5	1	0	0
KLF6	KLF6	3	0	3
KLF6	KLF7	0	4	0
KLF7	KLF7	3	0	0
KLF8	KLF8	1	0	0
KLF8	ZNF597	0	2	0
KLF8	ZSCAN22	0	1	0
KLF9	KLF9	3	0	0
KLF9	SP5	0	2	0
KLF9	SP6	0	2	0
KLF9	SP7	0	2	0
KLF9	SP8	0	2	0
KLF9	SP9	0	6	0
KLF9	ZNF793	0	2	0
KLHDC1	KLHDC1	1	0	0
KLHDC1	KLHDC2	0	2	0
KLHDC10	KLHDC10	1	0	0
KLHDC2	KLHDC2	1	0	0
KLHDC3	KLHDC3	1	0	0
KLHDC3	KLHDC9	0	2	0
KLHDC4	KLHDC4	1	0	0
KLHDC7A	KLHDC7A	1	0	0
KLHDC7A	KLHDC7B	0	2	0
KLHDC7B	KLHDC7B	1	0	0
KLHDC8A	KLHDC8A	1	0	0
KLHDC8A	KLHDC8B	0	2	0
KLHDC8B	KLHDC8B	1	0	0
KLHDC9	KLHDC9	1	0	2
KLHL1	KLHL1	0	0	3
KLHL10	KLHL10	0	0	1
KLHL11	KLHL11	1	0	0
KLHL12	KLHL12	0	0	1
KLHL14	KLHL14	0	0	1
KLHL15	KLHL15	1	0	0
KLHL15	KLHL34	0	2	0
KLHL17	KLHL17	0	0	1
KLHL18	KLHL18	0	0	1
KLHL2	KLHL2	0	0	1
KLHL20	KLHL20	0	0	1
KLHL21	KLHL21	0	0	1
KLHL22	KLHL22	0	0	1
KLHL23	KLHL23	0	0	6
KLHL24	KLHL24	0	0	1
KLHL25	KLHL25	0	0	1
KLHL26	KLHL26	0	0	1
KLHL28	KLHL28	0	0	1
KLHL29	KLHL29	1	0	0
KLHL3	KLHL3	0	0	1
KLHL30	KLHL30	0	0	1
KLHL31	KLHL31	0	0	1
KLHL32	KLHL32	0	0	3
KLHL33	KLHL33	1	0	0
KLHL34	KLHL34	1	0	0
KLHL35	KLHL35	0	0	1
KLHL36	KLHL36	0	0	1
KLHL38	KLHL38	0	0	1
KLHL4	KLHL4	0	0	1
KLHL40	KLHL40	3	0	0
KLHL40	KLHL41	0	2	0
KLHL41	KLHL41	1	0	0
KLHL42	KLHL42	1	0	0
KLHL5	KLHL5	0	0	1
KLHL6	KLHL6	0	0	1
KLHL7	KLHL7	0	0	1
KLHL8	KLHL8	0	0	1
KLHL9	KLHL9	0	0	1
KLK1	KLK1	0	0	3
KLK10	KLK10	0	0	1
KLK11	KLK11	0	0	1
KLK12	KLK12	0	0	1
KLK13	KLK13	0	0	1
KLK15	KLK15	0	0	1
KLK2	KLK2	0	0	1
KLK3	KLK3	0	0	1
KLK4	KLK4	0	0	1
KLK5	KLK5	0	0	1
KLK6	KLK6	0	0	3
KLK7	KLK7	0	0	1
KLK8	KLK8	0	0	1
KLKB1	KLKB1	1	0	0
KLLN	KLLN	1	0	0
KLRB1	KLRB1	1	0	0
KLRB1	KLRF1	0	2	0
KLRB1	KLRF2	0	2	0
KLRC1	KLRC1	1	0	0
KLRD1	KLRD1	1	0	0
KLRD1	KLRK1	0	2	0
KLRF1	KLRF1	1	0	0
KLRF1	KLRF2	0	2	0
KLRF2	KLRF2	1	0	0
KLRG1	KLRG1	1	0	0
KLRG2	KLRG2	1	0	0
KLRK1	KLRK1	1	0	0
KMO	KMO	1	0	0
KMT2A	KMT2A	1	0	0
KMT2A	KMT2B	0	2	0
KMT2A	SETD1A	0	2	0
KMT2A	SETD1B	0	2	0
KMT2B	KMT2B	1	0	0
KMT2B	SETD1A	0	2	0
KMT2B	SETD1B	0	2	0
KMT2D	KMT2D	1	0	0
KMT2E	KMT2E	1	0	0
KMT2E	SETD5	0	2	0
KMT5A	KMT5A	3	0	0
KMT5B	KMT5B	1	0	0
KMT5C	KMT5C	1	0	0
KNCN	KNCN	1	0	0
KNDC1	KNDC1	1	0	0
KNG1	KNG1	6	0	0
KNL1	KNL1	1	0	0
KNOP1	KNOP1	1	0	0
KNSTRN	KNSTRN	3	0	0
KNTC1	KNTC1	1	0	0
KPNA1	KPNA1	0	0	1
KPNA3	KPNA3	0	0	1
KPNA4	KPNA4	0	0	1
KPNA5	KPNA5	0	0	1
KPNA6	KPNA6	0	0	1
KPNA7	KPNA7	0	0	1
KPNB1	KPNB1	1	0	0
KPRP	KPRP	1	0	0
KPTN	KPTN	1	0	0
KRAS	KRAS	0	0	1
KRBA1	KRBA1	1	0	0
KRBA2	KRBA2	3	0	0
KRCC1	KRCC1	1	0	0
KREMEN1	KREMEN1	1	0	2
KREMEN1	KREMEN2	0	2	0
KREMEN2	KREMEN2	1	0	0
KRI1	KRI1	1	0	0
KRIT1	KRIT1	1	0	0
KRR1	KRR1	1	0	0
KRT1	KRT1	0	0	1
KRT10	KRT10	0	0	1
KRT12	KRT12	0	0	1
KRT13	KRT13	0	0	1
KRT14	KRT14	0	0	6
KRT15	KRT15	0	0	3
KRT16	KRT16	0	0	3
KRT17	KRT17	0	0	3
KRT18	KRT18	0	0	1
KRT19	KRT19	0	0	1
KRT2	KRT2	0	0	1
KRT20	KRT20	0	0	3
KRT222	KRT222	6	0	0
KRT23	KRT23	0	0	1
KRT24	KRT24	0	0	1
KRT25	KRT25	0	0	1
KRT26	KRT26	0	0	1
KRT27	KRT27	0	0	3
KRT28	KRT28	0	0	1
KRT3	KRT3	0	0	3
KRT31	KRT31	0	0	6
KRT32	KRT32	0	0	3
KRT33A	KRT33A	0	0	6
KRT33B	KRT33B	0	0	6
KRT34	KRT34	0	0	6
KRT35	KRT35	0	0	1
KRT36	KRT36	0	0	1
KRT37	KRT37	0	0	6
KRT38	KRT38	0	0	3
KRT39	KRT39	1	0	0
KRT4	KRT4	0	0	1
KRT40	KRT40	0	0	1
KRT41P	KRT41P	0	0	1
KRT5	KRT5	0	0	1
KRT6A	KRT6A	0	0	1
KRT7	KRT7	0	0	1
KRT71	KRT71	0	0	1
KRT72	KRT72	0	0	1
KRT73	KRT73	0	0	1
KRT74	KRT74	0	0	1
KRT75	KRT75	0	0	3
KRT76	KRT76	0	0	1
KRT77	KRT77	0	0	3
KRT78	KRT78	0	0	1
KRT79	KRT79	0	0	1
KRT8	KRT8	0	0	3
KRT80	KRT80	1	0	0
KRT81	KRT81	0	0	3
KRT82	KRT82	0	0	1
KRT83	KRT83	0	0	3
KRT84	KRT84	0	0	1
KRT85	KRT85	0	0	6
KRT86	KRT86	0	0	3
KRT9	KRT9	0	0	1
KRTAP1-4	KRTAP1-4	0	0	1
KRTAP10-11	KRTAP10-11	0	0	1
KRTAP10-2	KRTAP10-2	0	0	1
KRTAP11-1	KRTAP11-1	0	0	1
KRTAP12-3	KRTAP12-3	0	0	1
KRTAP13-2	KRTAP13-2	1	0	0
KRTAP16-1	KRTAP16-1	0	0	1
KRTAP17-1	KRTAP17-1	0	0	1
KRTAP20-1	KRTAP20-1	0	0	1
KRTAP24-1	KRTAP24-1	1	0	0
KRTAP25-1	KRTAP25-1	1	0	0
KRTAP25-1	KRTAP27-1	0	2	0
KRTAP26-1	KRTAP26-1	1	0	0
KRTAP27-1	KRTAP27-1	1	0	0
KRTAP29-1	KRTAP29-1	0	0	1
KRTAP3-1	KRTAP3-1	1	0	0
KRTAP4-2	KRTAP4-2	0	0	1
KRTAP4-3	KRTAP4-3	0	0	1
KRTAP4-5	KRTAP4-5	0	0	1
KRTAP5-11	KRTAP5-11	0	0	1
KRTAP5-3	KRTAP5-3	0	0	1
KRTAP6-2	KRTAP6-2	0	0	1
KRTAP6-3	KRTAP6-3	0	0	1
KRTAP7-1	KRTAP7-1	1	0	0
KRTAP9-1	KRTAP9-1	0	0	1
KRTCAP2	KRTCAP2	1	0	0
KRTCAP3	KRTCAP3	1	0	0
KRTCAP3	TMEM54	0	2	0
KRTDAP	KRTDAP	1	0	0
KSR1	KSR1	1	0	0
KSR1	KSR2	0	2	0
KSR2	KSR2	1	0	0
KTN1	KTN1	1	0	0
KTN1	RRBP1	0	2	0
KXD1	KXD1	0	0	1
KY	KY	1	0	0
KYAT1	KYAT1	1	0	0
KYAT1	KYAT3	0	2	0
KYAT3	KYAT3	1	0	0
KYNU	KYNU	1	0	0
L1CAM	L1CAM	1	0	0
L1CAM	NFASC	0	2	0
L1CAM	NRCAM	0	2	0
L1TD1	L1TD1	1	0	0
L2HGDH	L2HGDH	3	0	0
L3HYPDH	L3HYPDH	1	0	0
L3MBTL1	L3MBTL1	3	0	0
L3MBTL1	L3MBTL3	0	6	0
L3MBTL1	L3MBTL4	0	2	0
L3MBTL2	L3MBTL2	1	0	0
L3MBTL2	MBTD1	0	2	0
L3MBTL3	L3MBTL3	3	0	0
L3MBTL3	L3MBTL4	0	2	0
L3MBTL4	L3MBTL4	1	0	0
LACC1	LACC1	1	0	0
LACRT	LACRT	1	0	0
LACTB	LACTB	1	0	0
LACTB2	LACTB2	1	0	0
LACTBL1	LACTBL1	3	0	0
LAD1	LAD1	1	0	0
LAG3	LAG3	1	0	0
LAGE3	LAGE3	1	0	0
LAIR1	LAIR1	1	0	0
LAIR1	LAIR2	0	2	0
LAIR2	LAIR2	1	0	0
LALBA	LALBA	1	0	0
LAMA1	LAMA1	1	0	0
LAMA1	LAMA2	0	2	0
LAMA1	LAMA3	0	2	0
LAMA1	USH2A	0	2	0
LAMA2	LAMA2	1	0	0
LAMA2	LAMA3	0	2	0
LAMA2	USH2A	0	2	0
LAMA3	LAMA3	1	0	0
LAMA3	USH2A	0	2	0
LAMA4	LAMA4	1	0	0
LAMB1	LAMB1	1	0	0
LAMB1	LAMB2	0	2	0
LAMB1	LAMB4	0	2	0
LAMB1	LAMC1	0	2	0
LAMB1	LAMC3	0	2	0
LAMB2	LAMB2	1	0	0
LAMB2	LAMB4	0	2	0
LAMB2	LAMC1	0	2	0
LAMB2	LAMC3	0	2	0
LAMB3	LAMB3	1	0	0
LAMB4	LAMB4	1	0	0
LAMB4	LAMC1	0	2	0
LAMB4	LAMC3	0	2	0
LAMC1	LAMC1	1	0	0
LAMC1	LAMC3	0	2	0
LAMC2	LAMC2	1	0	0
LAMC3	LAMC3	1	0	0
LAMP1	LAMP1	1	0	0
LAMP1	LAMP3	0	2	0
LAMP3	LAMP3	1	0	0
LAMP5	LAMP5	1	0	0
LAMTOR1	LAMTOR1	1	0	0
LAMTOR2	LAMTOR2	1	0	0
LAMTOR3	LAMTOR3	1	0	0
LAMTOR4	LAMTOR4	1	0	0
LAMTOR5	LAMTOR5	3	0	0
LANCL1	LANCL1	1	0	0
LANCL1	LANCL2	0	2	0
LANCL1	LANCL3	0	2	0
LANCL2	LANCL2	1	0	0
LANCL2	LANCL3	0	2	0
LANCL3	LANCL3	1	0	0
LAP3	LAP3	1	0	0
LAPTM4A	LAPTM4A	1	0	0
LAPTM4A	LAPTM4B	0	2	0
LAPTM4A	LAPTM5	0	2	0
LAPTM4B	LAPTM4B	1	0	0
LAPTM4B	LAPTM5	0	2	0
LAPTM5	LAPTM5	1	0	0
LARGE1	LARGE1	1	0	0
LARP1	LARP1	1	0	0
LARP1	LARP1B	0	2	0
LARP1B	LARP1B	1	0	0
LARP4	LARP4	1	0	0
LARP4	LARP4B	0	2	0
LARP4B	LARP4B	1	0	0
LARP6	LARP6	1	0	0
LARP7	LARP7	1	0	0
LARS1	LARS1	1	0	0
LARS2	LARS2	1	0	0
LAS1L	LAS1L	1	0	0
LASP1	LASP1	1	0	0
LASP1	NEB	0	2	0
LASP1	NEBL	0	2	0
LAT2	LAT2	1	0	0
LATS1	LATS1	1	0	0
LATS1	LATS2	0	2	0
LATS2	LATS2	1	0	0
LAX1	LAX1	1	0	0
LAYN	LAYN	1	0	0
LBH	LBH	1	0	0
LBP	LBP	3	0	0
LBP	PLTP	0	2	0
LBR	LBR	1	0	0
LBR	TM7SF2	0	2	0
LBX1	LBX1	1	0	0
LBX1	LBX2	0	2	0
LBX2	LBX2	1	0	0
LCA5	LCA5	1	0	0
LCA5	LCA5L	0	2	0
LCA5L	LCA5L	1	0	0
LCAT	LCAT	1	0	0
LCAT	PLA2G15	0	2	0
LCE1B	LCE1B	0	0	1
LCE1C	LCE1C	0	0	1
LCE3A	LCE3A	0	0	1
LCE3B	LCE3B	0	0	1
LCE3C	LCE3C	0	0	1
LCE6A	LCE6A	1	0	0
LCK	LCK	0	0	1
LCLAT1	LCLAT1	1	0	0
LCMT1	LCMT1	1	0	0
LCN1	LCN1	1	0	0
LCN12	LCN12	6	0	0
LCN12	LCN2	0	2	0
LCN15	LCN15	1	0	0
LCN15	PTGDS	0	2	0
LCN2	LCN2	1	0	0
LCN8	LCN8	1	0	0
LCN9	LCN9	1	0	0
LCN9	PAEP	0	2	0
LCORL	LCORL	3	0	0
LCP1	LCP1	1	0	0
LCP1	PLS1	0	2	0
LCP1	PLS3	0	2	0
LCP2	LCP2	1	0	0
LCT	LCT	1	0	0
LCTL	LCTL	0	0	1
LDAF1	LDAF1	1	0	0
LDAF1	USH1G	0	2	0
LDAH	LDAH	1	0	0
LDB1	LDB1	3	0	0
LDB1	LDB2	0	2	0
LDB2	LDB2	1	0	0
LDB3	LDB3	1	0	0
LDB3	LPXN	0	2	0
LDB3	PDLIM5	0	2	0
LDB3	PDLIM7	0	2	0
LDB3	PXN	0	2	0
LDB3	TGFB1I1	0	2	0
LDHA	LDHA	1	0	0
LDHA	LDHAL6A	0	2	0
LDHA	LDHAL6B	0	2	0
LDHA	LDHB	0	2	0
LDHA	LDHC	0	2	0
LDHA	UEVLD	0	2	0
LDHAL6A	LDHAL6A	1	0	0
LDHAL6A	LDHAL6B	0	2	0
LDHAL6A	LDHB	0	2	0
LDHAL6A	LDHC	0	2	0
LDHAL6A	UEVLD	0	2	0
LDHAL6B	LDHAL6B	1	0	0
LDHAL6B	LDHB	0	2	0
LDHAL6B	LDHC	0	2	0
LDHAL6B	UEVLD	0	2	0
LDHB	LDHB	1	0	0
LDHB	LDHC	0	2	0
LDHB	UEVLD	0	2	0
LDHC	LDHC	6	0	0
LDHC	UEVLD	0	2	0
LDHD	LDHD	1	0	0
LDLR	LDLR	3	0	0
LDLR	LRP8	0	2	0
LDLR	VLDLR	0	2	0
LDLRAD1	LDLRAD1	1	0	0
LDLRAD2	LDLRAD2	3	0	0
LDLRAD3	LDLRAD3	0	0	1
LDLRAD4	LDLRAD4	1	0	0
LDLRAP1	LDLRAP1	1	0	0
LEAP2	LEAP2	1	0	0
LECT2	LECT2	1	0	0
LEF1	LEF1	1	0	0
LEF1	TCF7	0	2	0
LEF1	TCF7L1	0	2	0
LEF1	TCF7L2	0	2	0
LEFTY1	LEFTY1	1	0	0
LEFTY1	LEFTY2	0	2	0
LEFTY2	LEFTY2	1	0	0
LEKR1	LEKR1	3	0	0
LEMD1	LEMD1	1	0	0
LEMD2	LEMD2	1	0	0
LEMD3	LEMD3	1	0	0
LENEP	LENEP	1	0	0
LENG1	LENG1	1	0	0
LEO1	LEO1	3	0	0
LEP	LEP	1	0	0
LEPR	LEPR	1	0	0
LEPROT	LEPROT	1	0	0
LEPROT	LEPROTL1	0	2	0
LEPROTL1	LEPROTL1	1	0	0
LETM1	LETM1	1	0	0
LETM2	LETM2	1	0	0
LETMD1	LETMD1	1	0	0
LEUTX	LEUTX	1	0	0
LEXM	LEXM	1	0	0
LFNG	LFNG	1	0	0
LFNG	MFNG	0	2	0
LFNG	RFNG	0	2	0
LGALS1	LGALS1	1	0	0
LGALS1	LGALS2	0	2	0
LGALS12	LGALS12	1	0	0
LGALS12	LGALS4	0	2	0
LGALS12	LGALS8	0	2	0
LGALS12	LGALS9	0	2	0
LGALS13	LGALS13	1	0	0
LGALS13	LGALS16	0	2	0
LGALS16	LGALS16	1	0	0
LGALS2	LGALS2	1	0	0
LGALS3	LGALS3	1	0	0
LGALS3BP	LGALS3BP	1	0	0
LGALS4	LGALS4	1	0	0
LGALS4	LGALS8	0	2	0
LGALS4	LGALS9	0	2	0
LGALS8	LGALS8	1	0	0
LGALS8	LGALS9	0	2	0
LGALS9	LGALS9	1	0	0
LGALSL	LGALSL	1	0	0
LGI2	LGI2	1	0	0
LGI2	LGI3	0	2	0
LGI2	LGI4	0	2	0
LGI3	LGI3	1	0	0
LGI3	LGI4	0	2	0
LGI4	LGI4	1	0	0
LGMN	LGMN	1	0	0
LGR4	LGR4	1	0	0
LGR4	LGR5	0	2	0
LGR4	LGR6	0	2	0
LGR4	TRIL	0	2	0
LGR5	LGR5	1	0	0
LGR5	LGR6	0	2	0
LGR5	TRIL	0	2	0
LGR6	LGR6	3	0	0
LGR6	TRIL	0	2	0
LGSN	LGSN	1	0	0
LHB	LHB	1	0	0
LHB	TSHB	0	2	0
LHCGR	LHCGR	1	0	0
LHFPL1	LHFPL1	1	0	0
LHFPL1	LHFPL6	0	2	0
LHFPL2	LHFPL2	1	0	0
LHFPL3	LHFPL3	1	0	0
LHFPL3	LHFPL4	0	2	0
LHFPL3	LHFPL5	0	2	0
LHFPL4	LHFPL4	1	0	0
LHFPL4	LHFPL5	0	2	0
LHFPL5	LHFPL5	1	0	0
LHFPL6	LHFPL6	3	0	0
LHPP	LHPP	1	0	0
LHX1	LHX1	0	0	1
LHX2	LHX2	1	0	0
LHX2	LHX9	0	2	0
LHX3	LHX3	0	0	1
LHX4	LHX4	0	0	1
LHX5	LHX5	0	0	1
LHX6	LHX6	1	0	0
LHX6	LHX8	0	2	0
LHX8	LHX8	1	0	0
LHX9	LHX9	1	0	0
LIAS	LIAS	1	0	0
LIF	LIF	1	0	0
LIFR	LIFR	1	0	0
LIG1	LIG1	1	0	0
LIG3	LIG3	1	0	0
LIG4	LIG4	1	0	0
LILRA4	LILRA4	0	0	1
LILRA5	LILRA5	0	0	1
LILRB4	LILRB4	0	0	1
LILRB5	LILRB5	0	0	1
LIM2	LIM2	1	0	0
LIM2	NKG7	0	2	0
LIMA1	LIMA1	1	0	0
LIMCH1	LIMCH1	1	0	0
LIMD1	LIMD1	1	0	0
LIMD1	TRIP6	0	2	0
LIMD1	WTIP	0	2	0
LIMD1	ZYX	0	2	0
LIMD2	LIMD2	1	0	0
LIMK1	LIMK1	1	0	0
LIMK1	LIMK2	0	1	0
LIMK2	LIMK2	1	0	2
LIMK2	PPP1R14A	0	2	0
LIMK2	PPP1R14B	0	2	0
LIMK2	PPP1R14C	0	1	0
LIMK2	PPP1R14D	0	2	0
LIMS2	LIMS2	0	0	1
LIN28A	LIN28A	1	0	0
LIN28A	LIN28B	0	2	0
LIN28B	LIN28B	1	0	0
LIN37	LIN37	3	0	0
LIN52	LIN52	3	0	0
LIN54	LIN54	1	0	0
LIN54	TESMIN	0	2	0
LIN7A	LIN7A	1	0	0
LIN7A	LIN7B	0	2	0
LIN7A	LIN7C	0	2	0
LIN7B	LIN7B	3	0	0
LIN7B	LIN7C	0	2	0
LIN7C	LIN7C	1	0	0
LIN9	LIN9	1	0	0
LINC02693	LINC02693	1	0	0
LINC02914	LINC02914	1	0	0
LINGO1	LINGO1	1	0	0
LINGO1	LINGO2	0	2	0
LINGO1	LINGO3	0	2	0
LINGO1	LINGO4	0	2	0
LINGO2	LINGO2	1	0	0
LINGO2	LINGO3	0	2	0
LINGO2	LINGO4	0	2	0
LINGO3	LINGO3	1	0	0
LINGO3	LINGO4	0	2	0
LINGO4	LINGO4	1	0	0
LINS1	LINS1	1	0	0
LIPA	LIPA	0	0	1
LIPC	LIPC	1	0	0
LIPC	LIPG	0	2	0
LIPC	LIPH	0	2	0
LIPC	LIPI	0	2	0
LIPC	LPL	0	2	0
LIPC	PLA1A	0	2	0
LIPC	PNLIP	0	2	0
LIPC	PNLIPRP3	0	2	0
LIPE	LIPE	1	0	0
LIPF	LIPF	0	0	1
LIPG	LIPG	3	0	0
LIPG	LIPH	0	2	0
LIPG	LIPI	0	2	0
LIPG	LPL	0	2	0
LIPG	PLA1A	0	2	0
LIPG	PNLIP	0	2	0
LIPG	PNLIPRP3	0	2	0
LIPH	LIPH	1	0	0
LIPH	LIPI	0	2	0
LIPH	LPL	0	2	0
LIPH	PLA1A	0	2	0
LIPH	PNLIP	0	2	0
LIPH	PNLIPRP3	0	2	0
LIPI	LIPI	1	0	0
LIPI	LPL	0	2	0
LIPI	PLA1A	0	2	0
LIPI	PNLIP	0	2	0
LIPI	PNLIPRP3	0	2	0
LIPJ	LIPJ	0	0	1
LIPK	LIPK	0	0	1
LIPM	LIPM	0	0	1
LIPN	LIPN	0	0	1
LIPT1	LIPT1	1	0	0
LIPT2	LIPT2	6	0	0
LITAF	LITAF	1	0	0
LIX1	LIX1	1	0	0
LIX1L	LIX1L	1	0	0
LKAAEAR1	LKAAEAR1	3	0	0
LLCFC1	LLCFC1	3	0	0
LLGL1	LLGL1	1	0	0
LLGL1	LLGL2	0	2	0
LLGL2	LLGL2	1	0	0
LLPH	LLPH	1	0	0
LMAN1	LMAN1	1	0	0
LMAN1	LMAN2	0	2	0
LMAN2	LMAN2	1	0	0
LMBR1	LMBR1	1	0	0
LMBR1	LMBR1L	0	2	0
LMBR1L	LMBR1L	1	0	0
LMBRD1	LMBRD1	1	0	0
LMBRD2	LMBRD2	1	0	0
LMCD1	LMCD1	1	0	0
LMCD1	TES	0	2	0
LMF1	LMF1	1	0	2
LMF2	LMF2	1	0	0
LMLN	LMLN	1	0	0
LMNA	LMNA	1	0	0
LMNA	LMNB1	0	2	0
LMNA	LMNB2	0	2	0
LMNB1	LMNB1	1	0	0
LMNB1	LMNB2	0	2	0
LMNB2	LMNB2	1	0	0
LMNTD1	LMNTD1	1	0	0
LMNTD2	LMNTD2	3	0	0
LMO1	LMO1	1	0	0
LMO1	LMO2	0	2	0
LMO1	LMO3	0	2	0
LMO1	LMO4	0	2	0
LMO2	LMO2	1	0	0
LMO2	LMO3	0	2	0
LMO2	LMO4	0	2	0
LMO3	LMO3	1	0	0
LMO3	LMO4	0	2	0
LMO4	LMO4	1	0	0
LMO7	LMO7	1	0	0
LMO7DN	LMO7DN	1	0	0
LMOD1	LMOD1	1	0	0
LMOD1	LMOD2	0	2	0
LMOD1	LMOD3	0	2	0
LMOD1	TMOD1	0	2	0
LMOD1	TMOD2	0	2	0
LMOD1	TMOD3	0	2	0
LMOD1	TMOD4	0	2	0
LMOD2	LMOD2	3	0	0
LMOD2	LMOD3	0	2	0
LMOD2	TMOD1	0	2	0
LMOD2	TMOD2	0	2	0
LMOD2	TMOD3	0	2	0
LMOD2	TMOD4	0	2	0
LMOD3	LMOD3	1	0	0
LMOD3	TMOD1	0	2	0
LMOD3	TMOD2	0	2	0
LMOD3	TMOD3	0	2	0
LMOD3	TMOD4	0	2	0
LMTK2	LMTK2	1	0	0
LMTK2	LMTK3	0	2	0
LMTK3	LMTK3	1	0	0
LMX1A	LMX1A	0	0	1
LMX1B	LMX1B	0	0	3
LNPEP	LNPEP	0	0	1
LNPK	LNPK	1	0	0
LNX1	LNX1	1	0	0
LONP1	LONP1	1	0	0
LONP1	LONP2	0	2	0
LONP2	LONP2	1	0	0
LONRF1	LONRF1	1	0	0
LONRF1	LONRF2	0	2	0
LONRF1	LONRF3	0	2	0
LONRF2	LONRF2	1	0	0
LONRF2	LONRF3	0	2	0
LONRF3	LONRF3	1	0	0
LOX	LOX	1	0	0
LOX	LOXL1	0	2	0
LOXHD1	LOXHD1	1	0	0
LOXL1	LOXL1	1	0	0
LOXL2	LOXL2	1	0	0
LOXL2	LOXL3	0	2	0
LOXL2	LOXL4	0	2	0
LOXL3	LOXL3	1	0	0
LOXL3	LOXL4	0	2	0
LOXL4	LOXL4	3	0	0
LPA	LPA	0	0	1
LPA	MST1	0	1	0
LPA	PLG	0	1	0
LPAR1	LPAR1	1	0	0
LPAR1	LPAR2	0	2	0
LPAR1	LPAR3	0	2	0
LPAR1	S1PR1	0	2	0
LPAR1	S1PR2	0	2	0
LPAR1	S1PR3	0	2	0
LPAR2	LPAR2	1	0	0
LPAR2	LPAR3	0	2	0
LPAR2	S1PR1	0	2	0
LPAR2	S1PR2	0	2	0
LPAR2	S1PR3	0	2	0
LPAR3	LPAR3	1	0	0
LPAR3	S1PR1	0	2	0
LPAR3	S1PR2	0	2	0
LPAR3	S1PR3	0	2	0
LPAR4	LPAR4	1	0	0
LPAR4	LPAR6	0	2	0
LPAR4	P2RY8	0	2	0
LPAR5	LPAR5	1	0	0
LPAR6	LPAR6	1	0	0
LPAR6	P2RY8	0	2	0
LPCAT1	LPCAT1	1	0	0
LPCAT1	LPCAT2	0	2	0
LPCAT1	LPCAT4	0	2	0
LPCAT2	LPCAT2	1	0	0
LPCAT2	LPCAT4	0	2	0
LPCAT3	LPCAT3	1	0	0
LPCAT3	MBOAT1	0	2	0
LPCAT3	MBOAT2	0	2	0
LPCAT3	MBOAT4	0	2	0
LPCAT4	LPCAT4	1	0	0
LPGAT1	LPGAT1	1	0	0
LPIN1	LPIN1	1	0	0
LPIN1	LPIN2	0	2	0
LPIN1	LPIN3	0	2	0
LPIN2	LPIN2	1	0	0
LPIN2	LPIN3	0	2	0
LPIN3	LPIN3	1	0	0
LPL	LPL	1	0	0
LPL	PLA1A	0	2	0
LPL	PNLIP	0	2	0
LPL	PNLIPRP3	0	2	0
LPO	LPO	1	0	0
LPO	MPO	0	2	0
LPXN	LPXN	1	0	0
LPXN	PDLIM5	0	2	0
LPXN	PDLIM7	0	2	0
LPXN	PXN	0	2	0
LPXN	TGFB1I1	0	2	0
LRAT	LRAT	1	0	0
LRATD1	LRATD1	1	0	0
LRATD1	LRATD2	0	2	0
LRATD2	LRATD2	1	0	0
LRBA	LRBA	1	0	0
LRBA	NBEA	0	2	0
LRCH1	LRCH1	3	0	0
LRCH1	LRCH2	0	2	0
LRCH1	LRCH3	0	2	0
LRCH1	LRCH4	0	2	0
LRCH2	LRCH2	1	0	0
LRCH2	LRCH3	0	2	0
LRCH2	LRCH4	0	2	0
LRCH3	LRCH3	3	0	0
LRCH3	LRCH4	0	2	0
LRCH4	LRCH4	1	0	0
LRCOL1	LRCOL1	3	0	0
LRFN1	LRFN1	1	0	0
LRFN1	LRFN2	0	2	0
LRFN1	LRFN3	0	2	0
LRFN1	LRFN4	0	2	0
LRFN1	LRFN5	0	2	0
LRFN2	LRFN2	1	0	0
LRFN2	LRFN3	0	2	0
LRFN2	LRFN4	0	2	0
LRFN2	LRFN5	0	2	0
LRFN3	LRFN3	1	0	0
LRFN3	LRFN4	0	2	0
LRFN3	LRFN5	0	2	0
LRFN4	LRFN4	1	0	0
LRFN4	LRFN5	0	2	0
LRFN5	LRFN5	1	0	0
LRG1	LRG1	1	0	0
LRG1	LRRC26	0	2	0
LRGUK	LRGUK	3	0	0
LRIF1	LRIF1	1	0	0
LRIG1	LRIG1	1	0	0
LRIG1	LRIG2	0	2	0
LRIG1	LRIG3	0	2	0
LRIG2	LRIG2	1	0	0
LRIG2	LRIG3	0	2	0
LRIG3	LRIG3	1	0	0
LRIT1	LRIT1	1	0	0
LRIT1	LRIT2	0	2	0
LRIT1	LRIT3	0	2	0
LRIT2	LRIT2	3	0	0
LRIT2	LRIT3	0	2	0
LRIT3	LRIT3	3	0	0
LRMDA	LRMDA	1	0	0
LRP1	LRP1	1	0	0
LRP1	LRP1B	0	2	0
LRP1	LRP2	0	2	0
LRP10	LRP10	1	0	0
LRP10	LRP12	0	2	0
LRP10	LRP3	0	2	0
LRP11	LRP11	1	0	0
LRP12	LRP12	3	0	0
LRP12	LRP3	0	2	0
LRP1B	LRP1B	1	0	0
LRP1B	LRP2	0	2	0
LRP2	LRP2	1	0	0
LRP2BP	LRP2BP	3	0	0
LRP3	LRP3	1	0	0
LRP4	LRP4	1	0	0
LRP4	LRP5	0	2	0
LRP4	LRP6	0	2	0
LRP5	LRP5	1	0	0
LRP5	LRP6	0	2	0
LRP5L	LRP5L	1	0	0
LRP6	LRP6	1	0	0
LRP8	LRP8	1	0	0
LRP8	VLDLR	0	2	0
LRPAP1	LRPAP1	1	0	0
LRPPRC	LRPPRC	1	0	0
LRR1	LRR1	1	0	0
LRRC1	LRRC1	0	0	1
LRRC10	LRRC10	3	0	0
LRRC10	LRRC10B	0	2	0
LRRC10B	LRRC10B	1	0	0
LRRC14	LRRC14	1	0	0
LRRC14	LRRC14B	0	2	0
LRRC14B	LRRC14B	1	0	0
LRRC15	LRRC15	1	0	0
LRRC17	LRRC17	3	0	0
LRRC18	LRRC18	0	0	1
LRRC19	LRRC19	1	0	0
LRRC2	LRRC2	3	0	0
LRRC20	LRRC20	1	0	0
LRRC23	LRRC23	6	0	0
LRRC23	PPP1R7	0	6	0
LRRC24	LRRC24	1	0	0
LRRC25	LRRC25	1	0	0
LRRC26	LRRC26	1	0	0
LRRC27	LRRC27	3	0	0
LRRC28	LRRC28	1	0	0
LRRC29	LRRC29	1	0	0
LRRC3	LRRC3	3	0	0
LRRC3	LRRC3B	0	6	0
LRRC3	LRRC3C	0	2	0
LRRC30	LRRC30	6	0	0
LRRC31	LRRC31	1	0	0
LRRC32	LRRC32	6	0	0
LRRC32	NRROS	0	6	0
LRRC34	LRRC34	1	0	0
LRRC36	LRRC36	1	0	0
LRRC38	LRRC38	1	0	0
LRRC38	LRRC52	0	2	0
LRRC38	LRRC55	0	2	0
LRRC39	LRRC39	0	0	6
LRRC3B	LRRC3B	3	0	0
LRRC3B	LRRC3C	0	2	0
LRRC3C	LRRC3C	1	0	0
LRRC4	LRRC4	1	0	0
LRRC4	LRRC4B	0	2	0
LRRC4	LRRC4C	0	2	0
LRRC40	LRRC40	0	0	1
LRRC41	LRRC41	1	0	0
LRRC42	LRRC42	1	0	0
LRRC43	LRRC43	3	0	0
LRRC45	LRRC45	1	0	0
LRRC46	LRRC46	1	0	0
LRRC47	LRRC47	1	0	0
LRRC49	LRRC49	6	0	0
LRRC4B	LRRC4B	1	0	0
LRRC4B	LRRC4C	0	2	0
LRRC4C	LRRC4C	1	0	0
LRRC52	LRRC52	1	0	0
LRRC52	LRRC55	0	2	0
LRRC53	LRRC53	1	0	0
LRRC55	LRRC55	1	0	0
LRRC56	LRRC56	1	0	0
LRRC57	LRRC57	0	0	3
LRRC58	LRRC58	0	0	6
LRRC59	LRRC59	6	0	0
LRRC61	LRRC61	1	0	0
LRRC63	LRRC63	6	0	0
LRRC66	LRRC66	1	0	0
LRRC69	LRRC69	0	0	1
LRRC7	LRRC7	6	0	0
LRRC70	LRRC70	0	0	1
LRRC70	NYX	0	1	0
LRRC70	RTN4R	0	1	0
LRRC70	RTN4RL1	0	1	0
LRRC70	RTN4RL2	0	1	0
LRRC71	LRRC71	1	0	0
LRRC72	LRRC72	1	0	0
LRRC73	LRRC73	1	0	0
LRRC74A	LRRC74A	1	0	0
LRRC74A	LRRC74B	0	2	0
LRRC74B	LRRC74B	1	0	0
LRRC75A	LRRC75A	1	0	0
LRRC75A	LRRC75B	0	2	0
LRRC75B	LRRC75B	1	0	0
LRRC8A	LRRC8A	1	0	0
LRRC8A	LRRC8B	0	2	0
LRRC8A	LRRC8C	0	2	0
LRRC8A	LRRC8E	0	2	0
LRRC8B	LRRC8B	1	0	0
LRRC8B	LRRC8C	0	2	0
LRRC8B	LRRC8E	0	2	0
LRRC8C	LRRC8C	1	0	0
LRRC8C	LRRC8E	0	2	0
LRRC8E	LRRC8E	1	0	0
LRRC9	LRRC9	1	0	0
LRRCC1	LRRCC1	3	0	0
LRRD1	LRRD1	1	0	0
LRRFIP1	LRRFIP1	6	0	0
LRRFIP2	LRRFIP2	1	0	0
LRRIQ1	LRRIQ1	6	0	0
LRRIQ3	LRRIQ3	6	0	0
LRRIQ4	LRRIQ4	0	0	1
LRRK1	LRRK1	1	0	0
LRRK2	LRRK2	1	0	0
LRRN1	LRRN1	1	0	0
LRRN1	LRRN2	0	2	0
LRRN1	LRRN3	0	2	0
LRRN2	LRRN2	1	0	0
LRRN2	LRRN3	0	2	0
LRRN3	LRRN3	1	0	0
LRRN4	LRRN4	1	0	0
LRRTM1	LRRTM1	3	0	0
LRRTM1	LRRTM2	0	2	0
LRRTM1	LRRTM3	0	2	0
LRRTM1	LRRTM4	0	2	0
LRRTM2	LRRTM2	1	0	0
LRRTM2	LRRTM3	0	2	0
LRRTM2	LRRTM4	0	2	0
LRRTM3	LRRTM3	1	0	0
LRRTM3	LRRTM4	0	2	0
LRRTM4	LRRTM4	1	0	0
LRSAM1	LRSAM1	1	0	0
LRTM1	LRTM1	1	0	0
LRTM1	LRTM2	0	2	0
LRTM2	LRTM2	1	0	0
LRWD1	LRWD1	1	0	0
LSAMP	LSAMP	1	0	0
LSAMP	NEGR1	0	2	0
LSAMP	NTM	0	2	0
LSG1	LSG1	1	0	0
LSM1	LSM1	1	0	0
LSM10	LSM10	1	0	0
LSM11	LSM11	1	0	0
LSM12	LSM12	1	0	0
LSM14A	LSM14A	1	0	0
LSM14A	LSM14B	0	2	0
LSM14B	LSM14B	1	0	0
LSM2	LSM2	1	0	0
LSM3	LSM3	1	0	0
LSM4	LSM4	1	0	0
LSM4	SNRPD1	0	2	0
LSM4	SNRPD3	0	2	0
LSM5	LSM5	1	0	0
LSM6	LSM6	1	0	0
LSM6	SNRPF	0	2	0
LSM7	LSM7	1	0	0
LSM8	LSM8	1	0	0
LSMEM1	LSMEM1	1	0	0
LSMEM2	LSMEM2	1	0	0
LSR	LSR	1	0	0
LSS	LSS	1	0	0
LTA	LTA	1	0	0
LTA	LTB	0	2	0
LTA	TNFSF15	0	2	0
LTA4H	LTA4H	1	0	0
LTA4H	RNPEP	0	2	0
LTA4H	RNPEPL1	0	2	0
LTB	LTB	1	0	0
LTB	TNFSF15	0	2	0
LTB4R	LTB4R	1	0	0
LTB4R	LTB4R2	0	2	0
LTB4R2	LTB4R2	1	0	0
LTBP1	LTBP1	1	0	0
LTBP1	LTBP2	0	2	0
LTBP1	LTBP3	0	2	0
LTBP1	LTBP4	0	2	0
LTBP2	LTBP2	1	0	0
LTBP2	LTBP3	0	2	0
LTBP2	LTBP4	0	2	0
LTBP3	LTBP3	1	0	0
LTBP3	LTBP4	0	2	0
LTBP4	LTBP4	1	0	0
LTBR	LTBR	1	0	0
LTC4S	LTC4S	1	0	2
LTC4S	MGST2	0	2	0
LTF	LTF	1	0	0
LTF	MELTF	0	2	0
LTF	TF	0	2	0
LTK	LTK	1	0	0
LTK	MERTK	0	2	0
LTK	TYRO3	0	2	0
LTN1	LTN1	1	0	0
LTO1	LTO1	1	0	0
LTV1	LTV1	1	0	0
LUC7L	LUC7L	1	0	0
LUC7L	LUC7L3	0	2	0
LUC7L	PRPF38B	0	2	0
LUC7L	SRRM5	0	2	0
LUC7L3	LUC7L3	1	0	0
LUC7L3	PRPF38B	0	2	0
LUC7L3	SRRM5	0	2	0
LUM	LUM	0	0	1
LURAP1	LURAP1	1	0	0
LURAP1L	LURAP1L	1	0	0
LUZP1	LUZP1	1	0	0
LUZP2	LUZP2	1	0	0
LUZP4	LUZP4	1	0	0
LVRN	LVRN	0	0	1
LXN	LXN	1	0	0
LY6E	LY6E	0	0	1
LY6E	LYPD2	0	1	0
LY6E	PSCA	0	1	0
LY6E	SLURP1	0	1	0
LY6G5C	LY6G5C	3	0	0
LY6H	LY6H	1	0	0
LY86	LY86	1	0	0
LY9	LY9	1	0	0
LY9	SLAMF1	0	2	0
LY9	SLAMF6	0	2	0
LY9	SLAMF7	0	2	0
LY9	SLAMF9	0	2	0
LY96	LY96	3	0	0
LYAR	LYAR	1	0	0
LYG1	LYG1	1	0	0
LYG1	LYG2	0	2	0
LYG2	LYG2	1	0	0
LYL1	LYL1	1	0	0
LYL1	TAL1	0	2	0
LYN	LYN	0	0	1
LYPD1	LYPD1	1	0	0
LYPD2	LYPD2	1	0	0
LYPD2	PSCA	0	2	0
LYPD2	SLURP1	0	2	0
LYPD3	LYPD3	1	0	0
LYPD4	LYPD4	1	0	0
LYPD4	TEX101	0	2	0
LYPD5	LYPD5	3	0	0
LYPD6	LYPD6	1	0	0
LYPD6	LYPD6B	0	2	0
LYPD6B	LYPD6B	1	0	0
LYPD8	LYPD8	1	0	0
LYPLA1	LYPLA1	1	0	0
LYPLA1	LYPLA2	0	2	0
LYPLA1	LYPLAL1	0	2	0
LYPLA2	LYPLA2	1	0	0
LYPLA2	LYPLAL1	0	2	0
LYPLAL1	LYPLAL1	1	0	0
LYRM1	LYRM1	1	0	0
LYRM4	LYRM4	1	0	0
LYRM7	LYRM7	1	0	0
LYSMD1	LYSMD1	1	0	0
LYSMD2	LYSMD2	3	0	0
LYSMD3	LYSMD3	1	0	0
LYSMD3	LYSMD4	0	2	0
LYSMD4	LYSMD4	1	0	0
LYST	LYST	1	0	0
LYVE1	LYVE1	1	0	0
LYZ	LYZ	1	0	0
LYZ	LYZL4	0	2	0
LYZ	LYZL6	0	2	0
LYZ	SPACA3	0	2	0
LYZL4	LYZL4	1	0	0
LYZL4	LYZL6	0	2	0
LYZL4	SPACA3	0	2	0
LYZL6	LYZL6	1	0	0
LYZL6	SPACA3	0	2	0
LZIC	LZIC	1	0	0
LZTFL1	LZTFL1	1	0	0
LZTR1	LZTR1	1	0	0
LZTS1	LZTS1	1	0	0
LZTS1	LZTS2	0	2	0
LZTS1	LZTS3	0	2	0
LZTS1	N4BP3	0	2	0
LZTS2	LZTS2	3	0	0
LZTS2	LZTS3	0	2	0
LZTS2	N4BP3	0	2	0
LZTS3	LZTS3	1	0	0
LZTS3	N4BP3	0	2	0
M1AP	M1AP	1	0	0
M6PR	M6PR	1	0	0
MAB21L1	MAB21L1	1	0	0
MAB21L1	MAB21L2	0	2	0
MAB21L1	MAB21L3	0	2	0
MAB21L2	MAB21L2	1	0	0
MAB21L2	MAB21L3	0	2	0
MAB21L3	MAB21L3	1	0	0
MACC1	MACC1	3	0	0
MACC1	SH3BP4	0	2	0
MACF1	MACF1	6	0	0
MACIR	MACIR	1	0	0
MACO1	MACO1	1	0	0
MACROD1	MACROD1	6	0	0
MACROD2	MACROD2	1	0	0
MACROH2A1	MACROH2A1	3	0	0
MACROH2A1	MACROH2A2	0	6	0
MACROH2A2	MACROH2A2	3	0	0
MAD1L1	MAD1L1	1	0	0
MAD2L1	MAD2L1	1	0	0
MAD2L1BP	MAD2L1BP	1	0	0
MAD2L2	MAD2L2	3	0	0
MADCAM1	MADCAM1	1	0	0
MADD	MADD	1	0	0
MAEA	MAEA	1	0	0
MAEL	MAEL	1	0	0
MAF	MAF	3	0	0
MAF	MAFA	0	2	0
MAF	MAFB	0	2	0
MAF	NRL	0	6	0
MAF1	MAF1	1	0	0
MAFA	MAFA	1	0	0
MAFA	MAFB	0	2	0
MAFA	NRL	0	2	0
MAFB	MAFB	3	0	0
MAFB	NRL	0	2	0
MAFF	MAFF	1	0	0
MAFF	MAFG	0	2	0
MAFF	MAFK	0	2	0
MAFG	MAFG	1	0	0
MAFG	MAFK	0	2	0
MAFK	MAFK	1	0	0
MAG	MAG	1	0	0
MAGEA1	MAGEA1	1	0	0
MAGEA1	MAGEA10	0	2	0
MAGEA1	MAGEA11	0	2	0
MAGEA1	MAGEB1	0	2	0
MAGEA1	MAGEB10	0	2	0
MAGEA1	MAGEB16	0	2	0
MAGEA1	MAGEB17	0	2	0
MAGEA1	MAGEB18	0	2	0
MAGEA1	MAGEB2	0	2	0
MAGEA1	MAGEC2	0	2	0
MAGEA1	MAGEE1	0	2	0
MAGEA1	MAGEH1	0	2	0
MAGEA10	MAGEA10	1	0	0
MAGEA10	MAGEA11	0	2	0
MAGEA10	MAGEB1	0	2	0
MAGEA10	MAGEB10	0	2	0
MAGEA10	MAGEB16	0	2	0
MAGEA10	MAGEB17	0	2	0
MAGEA10	MAGEB18	0	2	0
MAGEA10	MAGEB2	0	2	0
MAGEA10	MAGEC2	0	2	0
MAGEA10	MAGEE1	0	2	0
MAGEA10	MAGEH1	0	2	0
MAGEA11	MAGEA11	1	0	0
MAGEA11	MAGEB1	0	2	0
MAGEA11	MAGEB10	0	2	0
MAGEA11	MAGEB16	0	2	0
MAGEA11	MAGEB17	0	2	0
MAGEA11	MAGEB18	0	2	0
MAGEA11	MAGEB2	0	2	0
MAGEA11	MAGEC2	0	2	0
MAGEA11	MAGEE1	0	2	0
MAGEA11	MAGEH1	0	2	0
MAGEB1	MAGEB1	1	0	0
MAGEB1	MAGEB10	0	2	0
MAGEB1	MAGEB16	0	2	0
MAGEB1	MAGEB17	0	2	0
MAGEB1	MAGEB18	0	2	0
MAGEB1	MAGEB2	0	2	0
MAGEB1	MAGEC2	0	2	0
MAGEB1	MAGEE1	0	2	0
MAGEB1	MAGEH1	0	2	0
MAGEB10	MAGEB10	1	0	0
MAGEB10	MAGEB16	0	2	0
MAGEB10	MAGEB17	0	2	0
MAGEB10	MAGEB18	0	2	0
MAGEB10	MAGEB2	0	2	0
MAGEB10	MAGEC2	0	2	0
MAGEB10	MAGEE1	0	2	0
MAGEB10	MAGEH1	0	2	0
MAGEB16	MAGEB16	1	0	0
MAGEB16	MAGEB17	0	2	0
MAGEB16	MAGEB18	0	2	0
MAGEB16	MAGEB2	0	2	0
MAGEB16	MAGEC2	0	2	0
MAGEB16	MAGEE1	0	2	0
MAGEB16	MAGEH1	0	2	0
MAGEB17	MAGEB17	1	0	0
MAGEB17	MAGEB18	0	2	0
MAGEB17	MAGEB2	0	2	0
MAGEB17	MAGEC2	0	2	0
MAGEB17	MAGEE1	0	2	0
MAGEB17	MAGEH1	0	2	0
MAGEB18	MAGEB18	1	0	0
MAGEB18	MAGEB2	0	2	0
MAGEB18	MAGEC2	0	2	0
MAGEB18	MAGEE1	0	2	0
MAGEB18	MAGEH1	0	2	0
MAGEB2	MAGEB2	1	0	0
MAGEB2	MAGEC2	0	2	0
MAGEB2	MAGEE1	0	2	0
MAGEB2	MAGEH1	0	2	0
MAGEC2	MAGEC2	1	0	0
MAGEC2	MAGEE1	0	2	0
MAGEC2	MAGEH1	0	2	0
MAGED1	MAGED1	1	0	0
MAGED1	MAGED2	0	2	0
MAGED1	MAGED4	0	2	0
MAGED2	MAGED2	6	0	0
MAGED2	MAGED4	0	2	0
MAGED4	MAGED4	1	0	0
MAGEE1	MAGEE1	1	0	0
MAGEE1	MAGEH1	0	2	0
MAGEF1	MAGEF1	3	0	0
MAGEH1	MAGEH1	1	0	0
MAGEL2	MAGEL2	1	0	0
MAGI1	MAGI1	1	0	0
MAGI1	MAGI2	0	2	0
MAGI1	MAGI3	0	2	0
MAGI2	MAGI2	1	0	0
MAGI2	MAGI3	0	2	0
MAGI3	MAGI3	1	0	0
MAGIX	MAGIX	3	0	0
MAGOH	MAGOH	1	0	0
MAGT1	MAGT1	1	0	0
MAGT1	TUSC3	0	2	0
MAJIN	MAJIN	1	0	0
MAK	MAK	0	0	1
MAK16	MAK16	1	0	0
MAL	MAL	1	0	0
MAL	MALL	0	2	0
MAL	PLLP	0	2	0
MAL2	MAL2	6	0	0
MALL	MALL	1	0	0
MALL	PLLP	0	2	0
MALRD1	MALRD1	1	0	0
MALSU1	MALSU1	1	0	0
MALT1	MALT1	1	0	0
MAMDC2	MAMDC2	1	0	0
MAMDC4	MAMDC4	1	0	0
MAML1	MAML1	1	0	0
MAML1	MAML3	0	2	0
MAML2	MAML2	1	0	0
MAML3	MAML3	3	0	0
MAMLD1	MAMLD1	6	0	0
MAMSTR	MAMSTR	1	0	0
MAN1A1	MAN1A1	1	0	0
MAN1A1	MAN1A2	0	2	0
MAN1A1	MAN1B1	0	2	0
MAN1A1	MAN1C1	0	2	0
MAN1A2	MAN1A2	1	0	0
MAN1A2	MAN1B1	0	2	0
MAN1A2	MAN1C1	0	2	0
MAN1B1	MAN1B1	1	0	0
MAN1B1	MAN1C1	0	2	0
MAN1C1	MAN1C1	1	0	0
MAN2A1	MAN2A1	1	0	0
MAN2A1	MAN2A2	0	2	0
MAN2A2	MAN2A2	1	0	0
MAN2B1	MAN2B1	1	0	0
MAN2B1	MAN2B2	0	2	0
MAN2B2	MAN2B2	1	0	0
MAN2C1	MAN2C1	1	0	0
MANBA	MANBA	1	0	0
MANBAL	MANBAL	1	0	0
MANEA	MANEA	1	0	0
MANEA	MANEAL	0	2	0
MANEAL	MANEAL	3	0	0
MANF	MANF	1	0	0
MANSC1	MANSC1	1	0	0
MANSC4	MANSC4	3	0	0
MAOA	MAOA	1	0	0
MAOA	MAOB	0	2	0
MAOB	MAOB	1	0	0
MAP10	MAP10	1	0	0
MAP1A	MAP1A	1	0	0
MAP1A	MAP1B	0	2	0
MAP1B	MAP1B	1	0	0
MAP1LC3A	MAP1LC3A	0	0	1
MAP1LC3C	MAP1LC3C	0	0	1
MAP1S	MAP1S	1	0	0
MAP2	MAP2	1	0	0
MAP2	MAPT	0	2	0
MAP2K1	MAP2K1	0	0	1
MAP2K2	MAP2K2	0	0	3
MAP2K4	MAP2K4	0	0	1
MAP2K5	MAP2K5	0	0	1
MAP2K6	MAP2K6	0	0	1
MAP2K7	MAP2K7	1	0	0
MAP3K1	MAP3K1	1	0	0
MAP3K1	MAP3K4	0	2	0
MAP3K10	MAP3K10	6	0	0
MAP3K10	MAP3K11	0	2	0
MAP3K10	MAP3K21	0	12	0
MAP3K10	MAP3K9	0	2	0
MAP3K11	MAP3K11	1	0	0
MAP3K11	MAP3K21	0	2	0
MAP3K11	MAP3K9	0	2	0
MAP3K12	MAP3K12	1	0	0
MAP3K12	MAP3K13	0	2	0
MAP3K13	MAP3K13	1	0	0
MAP3K14	MAP3K14	1	0	0
MAP3K15	MAP3K15	1	0	0
MAP3K15	MAP3K5	0	2	0
MAP3K15	MAP3K6	0	2	0
MAP3K19	MAP3K19	1	0	0
MAP3K19	MAP3K2	0	2	0
MAP3K19	MAP3K3	0	2	0
MAP3K2	MAP3K2	1	0	0
MAP3K2	MAP3K3	0	2	0
MAP3K20	MAP3K20	3	0	0
MAP3K21	MAP3K21	6	0	0
MAP3K21	MAP3K9	0	2	0
MAP3K3	MAP3K3	1	0	0
MAP3K4	MAP3K4	1	0	0
MAP3K5	MAP3K5	1	0	0
MAP3K5	MAP3K6	0	2	0
MAP3K6	MAP3K6	1	0	0
MAP3K7	MAP3K7	1	0	0
MAP3K7	MAP3K7CL	0	2	0
MAP3K7CL	MAP3K7CL	1	0	0
MAP3K8	MAP3K8	1	0	0
MAP3K9	MAP3K9	1	0	0
MAP4	MAP4	3	0	0
MAP4K1	MAP4K1	1	0	0
MAP4K1	MAP4K2	0	2	0
MAP4K1	MAP4K3	0	2	0
MAP4K1	MAP4K5	0	2	0
MAP4K2	MAP4K2	1	0	0
MAP4K2	MAP4K3	0	2	0
MAP4K2	MAP4K5	0	2	0
MAP4K3	MAP4K3	1	0	0
MAP4K3	MAP4K5	0	2	0
MAP4K4	MAP4K4	1	0	0
MAP4K4	MINK1	0	2	0
MAP4K4	NRK	0	2	0
MAP4K4	TNIK	0	2	0
MAP4K5	MAP4K5	1	0	0
MAP6	MAP6	1	0	0
MAP6	MAP6D1	0	2	0
MAP6D1	MAP6D1	1	0	0
MAP7	MAP7	1	0	0
MAP7	MAP7D1	0	2	0
MAP7	MAP7D2	0	2	0
MAP7D1	MAP7D1	3	0	0
MAP7D1	MAP7D2	0	2	0
MAP7D2	MAP7D2	1	0	0
MAP7D3	MAP7D3	1	0	0
MAP9	MAP9	1	0	0
MAPK1	MAPK1	0	0	1
MAPK10	MAPK10	0	0	1
MAPK11	MAPK11	0	0	1
MAPK12	MAPK12	0	0	1
MAPK13	MAPK13	0	0	1
MAPK14	MAPK14	0	0	1
MAPK15	MAPK15	1	0	0
MAPK1IP1L	MAPK1IP1L	0	0	1
MAPK3	MAPK3	0	0	1
MAPK4	MAPK4	1	0	0
MAPK4	MAPK6	0	2	0
MAPK6	MAPK6	1	0	0
MAPK7	MAPK7	1	0	0
MAPK8	MAPK8	0	0	1
MAPK8IP1	MAPK8IP1	1	0	0
MAPK8IP1	MAPK8IP2	0	2	0
MAPK8IP2	MAPK8IP2	1	0	0
MAPK8IP3	MAPK8IP3	1	0	0
MAPK8IP3	SPAG9	0	2	0
MAPK9	MAPK9	0	0	1
MAPKAP1	MAPKAP1	1	0	0
MAPKAPK2	MAPKAPK2	0	0	1
MAPKAPK3	MAPKAPK3	0	0	1
MAPKAPK5	MAPKAPK5	1	0	0
MAPKBP1	MAPKBP1	1	0	0
MAPKBP1	WDR62	0	2	0
MAPRE1	MAPRE1	1	0	0
MAPRE1	MAPRE2	0	2	0
MAPRE2	MAPRE2	1	0	0
MAPT	MAPT	3	0	0
MARCHF1	MARCHF1	1	0	0
MARCHF1	MARCHF8	0	2	0
MARCHF10	MARCHF10	3	0	0
MARCHF11	MARCHF11	1	0	0
MARCHF11	MARCHF4	0	2	0
MARCHF11	MARCHF9	0	2	0
MARCHF2	MARCHF2	1	0	0
MARCHF2	MARCHF3	0	2	0
MARCHF3	MARCHF3	1	0	0
MARCHF4	MARCHF4	3	0	0
MARCHF4	MARCHF9	0	2	0
MARCHF5	MARCHF5	1	0	0
MARCHF6	MARCHF6	1	0	0
MARCHF7	MARCHF7	1	0	0
MARCHF8	MARCHF8	6	0	0
MARCHF9	MARCHF9	1	0	0
MARCKS	MARCKS	0	0	1
MARCKSL1	MARCKSL1	0	0	1
MARCO	MARCO	0	0	3
MARF1	MARF1	1	0	0
MARK1	MARK1	1	0	0
MARK1	MARK3	0	2	0
MARK1	MARK4	0	2	0
MARK1	MELK	0	2	0
MARK3	MARK3	1	0	0
MARK3	MARK4	0	2	0
MARK3	MELK	0	2	0
MARK4	MARK4	3	0	0
MARK4	MELK	0	2	0
MARS1	MARS1	1	0	0
MARS2	MARS2	1	0	0
MARVELD1	MARVELD1	1	0	0
MARVELD2	MARVELD2	1	0	0
MARVELD2	OCEL1	0	2	0
MARVELD3	MARVELD3	6	0	0
MAS1	MAS1	1	0	0
MAS1	MRGPRD	0	2	0
MAS1	MRGPRE	0	2	0
MAS1	MRGPRX1	0	2	0
MAS1	MRGPRX2	0	2	0
MAS1	MRGPRX3	0	2	0
MAS1	MRGPRX4	0	2	0
MASP1	MASP1	1	0	0
MASP1	MASP2	0	2	0
MASP2	MASP2	1	0	0
MAST1	MAST1	1	0	0
MAST1	MAST2	0	2	0
MAST1	MAST3	0	2	0
MAST1	MAST4	0	2	0
MAST2	MAST2	1	0	0
MAST2	MAST3	0	2	0
MAST2	MAST4	0	2	0
MAST3	MAST3	1	0	0
MAST3	MAST4	0	2	0
MAST4	MAST4	1	0	0
MASTL	MASTL	1	0	0
MAT1A	MAT1A	1	0	0
MAT1A	MAT2A	0	2	0
MAT2A	MAT2A	1	0	0
MAT2B	MAT2B	1	0	0
MATK	MATK	0	0	1
MATN1	MATN1	1	0	0
MATN1	MATN4	0	2	0
MATN2	MATN2	1	0	0
MATN2	MATN3	0	2	0
MATN3	MATN3	1	0	0
MATN4	MATN4	1	0	0
MAU2	MAU2	1	0	0
MAVS	MAVS	1	0	0
MAX	MAX	1	0	0
MAZ	MAZ	0	0	1
MB	MB	1	0	0
MB21D2	MB21D2	1	0	0
MBD1	MBD1	1	0	0
MBD1	MBD2	0	2	0
MBD1	MBD3	0	2	0
MBD1	MBD3L1	0	2	0
MBD2	MBD2	6	0	0
MBD2	MBD3	0	2	0
MBD2	MBD3L1	0	2	0
MBD3	MBD3	1	0	0
MBD3	MBD3L1	0	2	0
MBD3L1	MBD3L1	1	0	0
MBD4	MBD4	1	0	0
MBD5	MBD5	1	0	0
MBD5	MBD6	0	2	0
MBD6	MBD6	1	0	0
MBIP	MBIP	1	0	0
MBL2	MBL2	0	0	1
MBLAC1	MBLAC1	1	0	0
MBLAC2	MBLAC2	1	0	0
MBNL1	MBNL1	1	0	0
MBNL1	MBNL2	0	2	0
MBNL1	MBNL3	0	2	0
MBNL2	MBNL2	1	0	0
MBNL2	MBNL3	0	2	0
MBNL3	MBNL3	1	0	0
MBOAT1	MBOAT1	1	0	0
MBOAT1	MBOAT2	0	2	0
MBOAT1	MBOAT4	0	2	0
MBOAT2	MBOAT2	1	0	0
MBOAT2	MBOAT4	0	2	0
MBOAT4	MBOAT4	1	0	0
MBOAT7	MBOAT7	1	0	0
MBP	MBP	3	0	0
MBTD1	MBTD1	1	0	0
MBTPS1	MBTPS1	1	0	0
MBTPS2	MBTPS2	1	0	0
MC2R	MC2R	1	0	0
MC2R	MC4R	0	2	0
MC4R	MC4R	1	0	0
MCAM	MCAM	1	0	0
MCAT	MCAT	1	0	0
MCC	MCC	1	0	0
MCCC1	MCCC1	1	0	0
MCCC1	PCCA	0	2	0
MCCC2	MCCC2	1	0	0
MCCC2	PCCB	0	2	0
MCCD1	MCCD1	1	0	0
MCEE	MCEE	1	0	0
MCEMP1	MCEMP1	3	0	0
MCFD2	MCFD2	1	0	0
MCHR1	MCHR1	0	0	1
MCHR2	MCHR2	0	0	3
MCIDAS	MCIDAS	1	0	0
MCL1	MCL1	1	0	0
MCM10	MCM10	1	0	0
MCM2	MCM2	1	0	0
MCM3	MCM3	1	0	0
MCM3	MCM6	0	2	0
MCM3AP	MCM3AP	1	0	0
MCM4	MCM4	1	0	0
MCM4	MCM5	0	2	0
MCM4	MCM7	0	2	0
MCM4	MCM8	0	2	0
MCM5	MCM5	1	0	0
MCM5	MCM7	0	2	0
MCM5	MCM8	0	2	0
MCM6	MCM6	1	0	0
MCM7	MCM7	1	0	0
MCM7	MCM8	0	2	0
MCM8	MCM8	1	0	0
MCM9	MCM9	1	0	0
MCMBP	MCMBP	1	0	0
MCMDC2	MCMDC2	1	0	0
MCOLN1	MCOLN1	1	0	0
MCOLN1	MCOLN2	0	2	0
MCOLN1	MCOLN3	0	2	0
MCOLN2	MCOLN2	1	0	0
MCOLN2	MCOLN3	0	2	0
MCOLN3	MCOLN3	1	0	0
MCPH1	MCPH1	1	0	0
MCRIP1	MCRIP1	0	0	1
MCRIP1	MCRIP2	0	1	0
MCRIP2	MCRIP2	1	0	0
MCRS1	MCRS1	1	0	0
MCTP1	MCTP1	1	0	0
MCTP1	MCTP2	0	2	0
MCTP2	MCTP2	1	0	0
MCTS1	MCTS1	6	0	0
MCU	MCU	1	0	0
MCU	MCUB	0	2	0
MCUB	MCUB	1	0	0
MCUR1	MCUR1	1	0	0
MDC1	MDC1	1	0	0
MDFI	MDFI	1	0	0
MDFI	MDFIC	0	2	0
MDFI	MDFIC2	0	2	0
MDFIC	MDFIC	1	0	0
MDFIC	MDFIC2	0	2	0
MDFIC2	MDFIC2	1	0	0
MDGA1	MDGA1	1	0	0
MDGA1	MDGA2	0	2	0
MDGA2	MDGA2	1	0	0
MDH1	MDH1	1	0	0
MDH1B	MDH1B	1	0	0
MDH2	MDH2	1	0	0
MDM1	MDM1	1	0	0
MDM2	MDM2	1	0	0
MDM2	MDM4	0	2	0
MDM4	MDM4	1	0	0
MDN1	MDN1	1	0	0
ME1	ME1	1	0	0
ME1	ME2	0	2	0
ME1	ME3	0	2	0
ME2	ME2	1	0	0
ME2	ME3	0	2	0
ME3	ME3	1	0	0
MEA1	MEA1	1	0	0
MEAF6	MEAF6	1	0	0
MEAK7	MEAK7	1	0	0
MECOM	MECOM	1	0	0
MECOM	PRDM16	0	2	0
MECP2	MECP2	1	0	0
MECR	MECR	1	0	0
MED1	MED1	1	0	0
MED10	MED10	1	0	0
MED11	MED11	1	0	0
MED12L	MED12L	3	0	0
MED13	MED13	1	0	0
MED13	MED13L	0	2	0
MED13L	MED13L	1	0	0
MED14	MED14	1	0	0
MED15	MED15	0	0	1
MED16	MED16	1	0	0
MED17	MED17	6	0	0
MED18	MED18	1	0	0
MED19	MED19	1	0	0
MED20	MED20	1	0	0
MED21	MED21	3	0	0
MED22	MED22	1	0	0
MED23	MED23	1	0	0
MED24	MED24	1	0	0
MED25	MED25	1	0	0
MED27	MED27	1	0	0
MED28	MED28	1	0	0
MED29	MED29	1	0	0
MED30	MED30	1	0	0
MED31	MED31	1	0	0
MED4	MED4	1	0	0
MED6	MED6	1	0	0
MED7	MED7	1	0	0
MED8	MED8	1	0	0
MED9	MED9	1	0	0
MEDAG	MEDAG	1	0	0
MEF2A	MEF2A	0	0	1
MEF2C	MEF2C	0	0	1
MEF2D	MEF2D	0	0	1
MEFV	MEFV	1	0	0
MEGF10	MEGF10	1	0	0
MEGF10	MEGF11	0	2	0
MEGF10	MEGF6	0	2	0
MEGF10	PEAR1	0	2	0
MEGF10	SCARF1	0	2	0
MEGF10	SCARF2	0	2	0
MEGF11	MEGF11	6	0	0
MEGF11	MEGF6	0	6	0
MEGF11	PEAR1	0	2	0
MEGF11	SCARF1	0	2	0
MEGF11	SCARF2	0	6	0
MEGF6	MEGF6	3	0	0
MEGF6	PEAR1	0	2	0
MEGF6	SCARF1	0	2	0
MEGF6	SCARF2	0	6	0
MEGF8	MEGF8	1	0	0
MEGF9	MEGF9	1	0	0
MEI1	MEI1	1	0	0
MEI4	MEI4	1	0	0
MEIKIN	MEIKIN	1	0	0
MEIOB	MEIOB	3	0	0
MEIOC	MEIOC	1	0	0
MEIS1	MEIS1	1	0	0
MEIS1	MEIS2	0	2	0
MEIS1	MEIS3	0	2	0
MEIS2	MEIS2	1	0	0
MEIS2	MEIS3	0	2	0
MEIS3	MEIS3	6	0	0
MELK	MELK	3	0	0
MELTF	MELTF	1	0	0
MELTF	TF	0	2	0
MEN1	MEN1	1	0	0
MEOX1	MEOX1	1	0	0
MEOX1	MEOX2	0	2	0
MEOX2	MEOX2	1	0	0
MEP1A	MEP1A	1	0	0
MEP1A	MEP1B	0	2	0
MEP1B	MEP1B	1	0	0
MEPCE	MEPCE	1	0	0
MEPE	MEPE	1	0	0
MERTK	MERTK	1	0	0
MERTK	TYRO3	0	2	0
MESD	MESD	1	0	0
MESP1	MESP1	1	0	0
MESP1	MESP2	0	2	0
MESP2	MESP2	3	0	0
MET	MET	1	0	0
MET	MST1R	0	2	0
METAP1	METAP1	1	0	0
METAP1	METAP1D	0	2	0
METAP1D	METAP1D	3	0	0
METAP2	METAP2	1	0	0
METRN	METRN	1	0	0
METTL1	METTL1	1	0	0
METTL13	METTL13	1	0	0
METTL14	METTL14	1	0	0
METTL15	METTL15	6	0	0
METTL16	METTL16	3	0	0
METTL17	METTL17	3	0	0
METTL18	METTL18	1	0	0
METTL21A	METTL21A	3	0	0
METTL21A	METTL21C	0	2	0
METTL21A	VCPKMT	0	2	0
METTL21C	METTL21C	1	0	0
METTL21C	VCPKMT	0	2	0
METTL22	METTL22	1	0	0
METTL23	METTL23	1	0	0
METTL24	METTL24	1	0	0
METTL25	METTL25	3	0	0
METTL25B	METTL25B	1	0	0
METTL26	METTL26	1	0	2
METTL27	METTL27	3	0	0
METTL3	METTL3	1	0	0
METTL4	METTL4	1	0	0
METTL5	METTL5	1	0	0
METTL6	METTL6	1	0	0
METTL6	METTL8	0	2	0
METTL7A	METTL7A	1	0	0
METTL7A	METTL7B	0	2	0
METTL7B	METTL7B	1	0	0
METTL8	METTL8	1	0	0
METTL9	METTL9	1	0	0
MEX3A	MEX3A	3	0	0
MEX3A	MEX3B	0	2	0
MEX3A	MEX3C	0	2	0
MEX3A	MEX3D	0	6	0
MEX3B	MEX3B	1	0	0
MEX3B	MEX3C	0	2	0
MEX3B	MEX3D	0	2	0
MEX3C	MEX3C	1	0	0
MEX3C	MEX3D	0	2	0
MEX3D	MEX3D	3	0	0
MFAP1	MFAP1	1	0	0
MFAP2	MFAP2	1	0	0
MFAP2	MFAP5	0	2	0
MFAP3	MFAP3	1	0	0
MFAP3	MFAP3L	0	2	0
MFAP3L	MFAP3L	1	0	0
MFAP4	MFAP4	0	0	1
MFAP5	MFAP5	1	0	0
MFF	MFF	1	0	0
MFGE8	MFGE8	1	0	0
MFN1	MFN1	1	0	0
MFN1	MFN2	0	2	0
MFN2	MFN2	1	0	0
MFNG	MFNG	1	0	0
MFNG	RFNG	0	2	0
MFRP	MFRP	1	0	0
MFSD1	MFSD1	1	0	0
MFSD10	MFSD10	1	0	0
MFSD11	MFSD11	1	0	0
MFSD12	MFSD12	1	0	0
MFSD13A	MFSD13A	1	0	0
MFSD14A	MFSD14A	3	0	0
MFSD14A	MFSD14B	0	2	0
MFSD14B	MFSD14B	1	0	0
MFSD2A	MFSD2A	1	0	0
MFSD2A	MFSD2B	0	2	0
MFSD2B	MFSD2B	1	0	0
MFSD3	MFSD3	1	0	0
MFSD4A	MFSD4A	1	0	0
MFSD4B	MFSD4B	1	0	0
MFSD5	MFSD5	1	0	0
MFSD6	MFSD6	1	0	0
MFSD6L	MFSD6L	3	0	0
MFSD8	MFSD8	1	0	0
MFSD9	MFSD9	1	0	0
MGA	MGA	1	0	0
MGAM	MGAM	1	0	0
MGAM	SI	0	2	0
MGAM2	MGAM2	1	0	0
MGARP	MGARP	1	0	0
MGAT1	MGAT1	3	0	0
MGAT2	MGAT2	3	0	0
MGAT3	MGAT3	3	0	0
MGAT4A	MGAT4A	1	0	0
MGAT4A	MGAT4B	0	2	0
MGAT4A	MGAT4D	0	2	0
MGAT4B	MGAT4B	6	0	0
MGAT4B	MGAT4C	0	2	0
MGAT4B	MGAT4D	0	6	0
MGAT4C	MGAT4C	1	0	0
MGAT4C	MGAT4D	0	2	0
MGAT4D	MGAT4D	3	0	0
MGAT5	MGAT5	6	0	0
MGAT5	MGAT5B	0	12	0
MGAT5B	MGAT5B	6	0	0
MGLL	MGLL	1	0	0
MGME1	MGME1	1	0	0
MGMT	MGMT	1	0	0
MGP	MGP	1	0	0
MGRN1	MGRN1	1	0	0
MGRN1	RNF157	0	2	0
MGST1	MGST1	1	0	0
MGST1	PTGES	0	2	0
MGST2	MGST2	1	0	0
MGST3	MGST3	3	0	0
MIA3	MIA3	1	0	0
MIB1	MIB1	1	0	0
MIB1	MIB2	0	2	0
MIB2	MIB2	1	0	0
MICAL1	MICAL1	1	0	0
MICAL1	MICAL2	0	2	0
MICAL1	MICAL3	0	2	0
MICAL2	MICAL2	1	0	0
MICAL2	MICAL3	0	2	0
MICAL3	MICAL3	1	0	0
MICALL1	MICALL1	3	0	0
MICOS10	MICOS10	1	0	0
MICOS13	MICOS13	1	0	0
MICU1	MICU1	1	0	0
MICU2	MICU2	1	0	0
MICU3	MICU3	3	0	0
MID1	MID1	1	0	0
MID1	MID2	0	2	0
MID1IP1	MID1IP1	1	0	0
MID1IP1	THRSP	0	2	0
MID2	MID2	1	0	0
MIDEAS	MIDEAS	1	0	0
MIDEAS	TRERF1	0	2	0
MIDN	MIDN	1	0	0
MIEF2	MIEF2	3	0	0
MIEN1	MIEN1	1	0	0
MIER1	MIER1	1	0	0
MIER1	MIER2	0	2	0
MIER1	MIER3	0	2	0
MIER2	MIER2	1	0	0
MIER2	MIER3	0	2	0
MIER3	MIER3	1	0	0
MIF	MIF	1	0	0
MIF4GD	MIF4GD	3	0	0
MIGA1	MIGA1	1	0	0
MIGA1	MIGA2	0	2	0
MIGA2	MIGA2	1	0	0
MIIP	MIIP	1	0	0
MILR1	MILR1	1	0	0
MINAR1	MINAR1	1	0	0
MINAR2	MINAR2	1	0	0
MINDY1	MINDY1	3	0	0
MINDY1	MINDY2	0	2	0
MINDY2	MINDY2	1	0	0
MINDY3	MINDY3	1	0	0
MINDY4	MINDY4	3	0	0
MINDY4B	MINDY4B	1	0	0
MINK1	MINK1	3	0	0
MINK1	NRK	0	2	0
MINK1	TNIK	0	2	0
MINPP1	MINPP1	3	0	0
MIOS	MIOS	1	0	0
MIOX	MIOX	1	0	0
MIP	MIP	0	0	1
MIPEP	MIPEP	1	0	0
MIPEP	NLN	0	2	0
MIPEP	THOP1	0	2	0
MIR1915HG	MIR1915HG	1	0	0
MIS12	MIS12	1	0	0
MIS18A	MIS18A	1	0	0
MIS18BP1	MIS18BP1	1	0	0
MISP	MISP	1	0	0
MISP3	MISP3	1	0	0
MITD1	MITD1	1	0	0
MITF	MITF	1	0	0
MITF	TFE3	0	2	0
MITF	TFEC	0	2	0
MIX23	MIX23	3	0	0
MIXL1	MIXL1	1	0	0
MKI67	MKI67	6	0	0
MKLN1	MKLN1	1	0	0
MKNK1	MKNK1	3	0	0
MKNK1	MKNK2	0	2	0
MKNK2	MKNK2	1	0	0
MKRN1	MKRN1	1	0	0
MKRN1	MKRN2	0	2	0
MKRN1	MKRN3	0	2	0
MKRN2	MKRN2	1	0	0
MKRN2	MKRN3	0	2	0
MKRN2OS	MKRN2OS	3	0	0
MKRN3	MKRN3	1	0	0
MKS1	MKS1	1	0	0
MKX	MKX	1	0	0
MLANA	MLANA	1	0	0
MLC1	MLC1	1	0	0
MLEC	MLEC	1	0	0
MLF2	MLF2	1	0	0
MLH1	MLH1	1	0	0
MLH3	MLH3	1	0	0
MLIP	MLIP	1	0	0
MLKL	MLKL	1	0	0
MLLT1	MLLT1	1	0	0
MLLT1	MLLT3	0	2	0
MLLT10	MLLT10	1	0	0
MLLT10	MLLT6	0	2	0
MLLT3	MLLT3	1	0	0
MLLT6	MLLT6	1	0	0
MLN	MLN	1	0	0
MLNR	MLNR	3	0	0
MLNR	NMUR1	0	2	0
MLNR	NMUR2	0	2	0
MLNR	NTSR1	0	2	0
MLPH	MLPH	1	0	0
MLPH	MYRIP	0	2	0
MLST8	MLST8	1	0	0
MLX	MLX	1	0	0
MLXIP	MLXIP	1	0	0
MLXIP	MLXIPL	0	2	0
MLXIPL	MLXIPL	1	0	0
MLYCD	MLYCD	3	0	0
MMAA	MMAA	6	0	0
MMAB	MMAB	6	0	0
MMACHC	MMACHC	3	0	0
MMADHC	MMADHC	1	0	0
MMD	MMD	1	0	0
MMD	MMD2	0	2	0
MMD2	MMD2	1	0	0
MME	MME	0	0	1
MMEL1	MMEL1	0	0	1
MMGT1	MMGT1	1	0	0
MMP1	MMP1	0	0	1
MMP10	MMP10	0	0	1
MMP11	MMP11	0	0	1
MMP13	MMP13	0	0	1
MMP14	MMP14	0	0	1
MMP15	MMP15	0	0	1
MMP16	MMP16	0	0	1
MMP17	MMP17	0	0	3
MMP19	MMP19	0	0	1
MMP2	MMP2	1	0	0
MMP2	MMP9	0	2	0
MMP20	MMP20	0	0	1
MMP21	MMP21	1	0	0
MMP23B	MMP23B	6	0	0
MMP24	MMP24	0	0	1
MMP25	MMP25	0	0	1
MMP26	MMP26	1	0	0
MMP26	MMP7	0	2	0
MMP27	MMP27	0	0	3
MMP28	MMP28	0	0	1
MMP3	MMP3	0	0	1
MMP7	MMP7	1	0	0
MMP8	MMP8	0	0	1
MMP9	MMP9	1	0	0
MMRN1	MMRN1	1	0	0
MMRN2	MMRN2	1	0	0
MMS19	MMS19	1	0	0
MMS22L	MMS22L	1	0	0
MMUT	MMUT	1	0	0
MN1	MN1	3	0	0
MNAT1	MNAT1	1	0	0
MND1	MND1	1	0	0
MNDA	MNDA	3	0	0
MNDA	PYHIN1	0	2	0
MNS1	MNS1	1	0	0
MNT	MNT	1	0	0
MNX1	MNX1	3	0	3
MOAP1	MOAP1	1	0	0
MOAP1	PNMA1	0	2	0
MOAP1	PNMA2	0	2	0
MOAP1	PNMA5	0	2	0
MOB1A	MOB1A	1	0	0
MOB1A	MOB1B	0	2	0
MOB1A	MOB2	0	2	0
MOB1A	MOB3A	0	2	0
MOB1A	MOB3B	0	2	0
MOB1A	MOB3C	0	2	0
MOB1B	MOB1B	1	0	0
MOB1B	MOB2	0	2	0
MOB1B	MOB3A	0	2	0
MOB1B	MOB3B	0	2	0
MOB1B	MOB3C	0	2	0
MOB2	MOB2	1	0	0
MOB2	MOB3A	0	2	0
MOB2	MOB3B	0	2	0
MOB2	MOB3C	0	2	0
MOB3A	MOB3A	1	0	0
MOB3A	MOB3B	0	2	0
MOB3A	MOB3C	0	2	0
MOB3B	MOB3B	1	0	0
MOB3B	MOB3C	0	2	0
MOB3C	MOB3C	1	0	0
MOBP	MOBP	1	0	0
MOCOS	MOCOS	1	0	0
MOCS1	MOCS1	6	0	0
MOCS3	MOCS3	1	0	0
MOG	MOG	1	0	0
MOGAT1	MOGAT1	1	0	0
MOGAT1	MOGAT2	0	2	0
MOGAT1	MOGAT3	0	2	0
MOGAT2	MOGAT2	1	0	0
MOGAT2	MOGAT3	0	2	0
MOGAT3	MOGAT3	1	0	0
MOGS	MOGS	1	0	0
MOK	MOK	0	0	1
MON1A	MON1A	1	0	0
MON1A	MON1B	0	2	0
MON1B	MON1B	1	0	0
MON2	MON2	1	0	0
MORC1	MORC1	1	0	0
MORC1	MORC2	0	2	0
MORC1	MORC3	0	2	0
MORC1	MORC4	0	2	0
MORC2	MORC2	1	0	0
MORC2	MORC3	0	2	0
MORC2	MORC4	0	2	0
MORC3	MORC3	1	0	0
MORC3	MORC4	0	2	0
MORC4	MORC4	1	0	0
MORF4L1	MORF4L1	3	0	0
MORN1	MORN1	1	0	0
MORN2	MORN2	1	0	0
MORN3	MORN3	0	0	1
MORN4	MORN4	0	0	1
MORN5	MORN5	3	0	0
MOS	MOS	1	0	0
MOSMO	MOSMO	1	0	0
MOSPD1	MOSPD1	1	0	0
MOSPD1	MOSPD3	0	2	0
MOSPD2	MOSPD2	1	0	0
MOSPD3	MOSPD3	1	0	0
MOV10	MOV10	1	0	0
MOV10L1	MOV10L1	1	0	0
MOXD1	MOXD1	1	0	0
MPC1	MPC1	1	0	0
MPC2	MPC2	1	0	0
MPDU1	MPDU1	1	0	0
MPDZ	MPDZ	1	0	0
MPDZ	PATJ	0	2	0
MPG	MPG	1	0	0
MPHOSPH10	MPHOSPH10	1	0	0
MPHOSPH6	MPHOSPH6	1	0	0
MPHOSPH8	MPHOSPH8	1	0	0
MPHOSPH9	MPHOSPH9	1	0	0
MPI	MPI	1	0	0
MPIG6B	MPIG6B	1	0	0
MPL	MPL	1	0	0
MPLKIP	MPLKIP	1	0	0
MPND	MPND	1	0	0
MPO	MPO	1	0	0
MPP1	MPP1	1	0	0
MPP1	MPP2	0	2	0
MPP1	MPP3	0	2	0
MPP1	MPP7	0	2	0
MPP1	PALS1	0	2	0
MPP1	PALS2	0	2	0
MPP2	MPP2	1	0	0
MPP2	MPP3	0	2	0
MPP2	MPP7	0	2	0
MPP2	PALS1	0	2	0
MPP2	PALS2	0	2	0
MPP3	MPP3	3	0	0
MPP3	MPP7	0	2	0
MPP3	PALS1	0	2	0
MPP3	PALS2	0	2	0
MPP4	MPP4	1	0	0
MPP7	MPP7	1	0	0
MPP7	PALS1	0	2	0
MPP7	PALS2	0	2	0
MPPE1	MPPE1	1	0	0
MPPED2	MPPED2	1	0	0
MPRIP	MPRIP	3	0	0
MPST	MPST	1	0	0
MPST	TST	0	2	0
MPV17	MPV17	1	0	0
MPV17L2	MPV17L2	1	0	0
MPZ	MPZ	1	0	0
MPZ	MPZL1	0	2	0
MPZ	MPZL2	0	2	0
MPZ	MPZL3	0	2	0
MPZL1	MPZL1	1	0	0
MPZL1	MPZL2	0	2	0
MPZL1	MPZL3	0	2	0
MPZL2	MPZL2	1	0	0
MPZL2	MPZL3	0	2	0
MPZL3	MPZL3	1	0	0
MRAP	MRAP	6	0	0
MRAP	MRAP2	0	2	0
MRAP2	MRAP2	1	0	0
MRAS	MRAS	0	0	1
MRC1	MRC1	1	0	0
MRC1	MRC2	0	2	0
MRC1	PLA2R1	0	2	0
MRC2	MRC2	1	0	0
MRC2	PLA2R1	0	2	0
MRE11	MRE11	1	0	0
MREG	MREG	1	0	0
MRFAP1L1	MRFAP1L1	1	0	0
MRGBP	MRGBP	3	0	0
MRGPRD	MRGPRD	1	0	0
MRGPRD	MRGPRE	0	2	0
MRGPRD	MRGPRX1	0	2	0
MRGPRD	MRGPRX2	0	2	0
MRGPRD	MRGPRX3	0	2	0
MRGPRD	MRGPRX4	0	2	0
MRGPRE	MRGPRE	1	0	0
MRGPRE	MRGPRX1	0	2	0
MRGPRE	MRGPRX2	0	2	0
MRGPRE	MRGPRX3	0	2	0
MRGPRE	MRGPRX4	0	2	0
MRGPRF	MRGPRF	1	0	0
MRGPRF	MRGPRG	0	2	0
MRGPRG	MRGPRG	1	0	0
MRGPRX1	MRGPRX1	1	0	0
MRGPRX1	MRGPRX2	0	2	0
MRGPRX1	MRGPRX3	0	2	0
MRGPRX1	MRGPRX4	0	2	0
MRGPRX2	MRGPRX2	1	0	0
MRGPRX2	MRGPRX3	0	2	0
MRGPRX2	MRGPRX4	0	2	0
MRGPRX3	MRGPRX3	1	0	0
MRGPRX3	MRGPRX4	0	2	0
MRGPRX4	MRGPRX4	1	0	0
MRI1	MRI1	1	0	0
MRM1	MRM1	1	0	0
MRM2	MRM2	1	0	0
MRM3	MRM3	1	0	0
MRNIP	MRNIP	6	0	0
MRO	MRO	1	0	0
MROH1	MROH1	1	0	0
MROH1	MROH2A	0	2	0
MROH1	MROH2B	0	2	0
MROH2A	MROH2A	1	0	0
MROH2A	MROH2B	0	2	0
MROH2B	MROH2B	1	0	0
MROH8	MROH8	1	0	2
MROH9	MROH9	1	0	0
MRPL1	MRPL1	1	0	0
MRPL10	MRPL10	1	0	0
MRPL11	MRPL11	1	0	0
MRPL12	MRPL12	1	0	0
MRPL13	MRPL13	1	0	0
MRPL14	MRPL14	1	0	0
MRPL15	MRPL15	1	0	0
MRPL16	MRPL16	1	0	0
MRPL17	MRPL17	1	0	0
MRPL18	MRPL18	1	0	0
MRPL19	MRPL19	1	0	0
MRPL2	MRPL2	1	0	0
MRPL2	RPL8	0	2	0
MRPL20	MRPL20	1	0	0
MRPL21	MRPL21	3	0	0
MRPL22	MRPL22	1	0	0
MRPL23	MRPL23	1	0	0
MRPL24	MRPL24	1	0	0
MRPL27	MRPL27	1	0	0
MRPL28	MRPL28	1	0	0
MRPL3	MRPL3	1	0	0
MRPL32	MRPL32	1	0	0
MRPL33	MRPL33	1	0	0
MRPL34	MRPL34	6	0	0
MRPL35	MRPL35	1	0	0
MRPL36	MRPL36	1	0	0
MRPL37	MRPL37	3	0	0
MRPL38	MRPL38	1	0	0
MRPL39	MRPL39	1	0	0
MRPL4	MRPL4	1	0	0
MRPL40	MRPL40	1	0	0
MRPL41	MRPL41	1	0	0
MRPL42	MRPL42	1	0	0
MRPL43	MRPL43	1	0	0
MRPL44	MRPL44	1	0	0
MRPL45	MRPL45	1	0	0
MRPL46	MRPL46	1	0	0
MRPL47	MRPL47	1	0	0
MRPL48	MRPL48	1	0	0
MRPL49	MRPL49	1	0	0
MRPL50	MRPL50	1	0	0
MRPL51	MRPL51	1	0	0
MRPL52	MRPL52	1	0	0
MRPL54	MRPL54	1	0	0
MRPL55	MRPL55	3	0	0
MRPL57	MRPL57	1	0	0
MRPL58	MRPL58	1	0	0
MRPL9	MRPL9	1	0	0
MRPS10	MRPS10	1	0	0
MRPS11	MRPS11	1	0	0
MRPS11	RPS14	0	2	0
MRPS12	MRPS12	1	0	0
MRPS14	MRPS14	1	0	0
MRPS15	MRPS15	1	0	0
MRPS16	MRPS16	1	0	0
MRPS18A	MRPS18A	1	0	0
MRPS18B	MRPS18B	1	0	0
MRPS18C	MRPS18C	1	0	0
MRPS2	MRPS2	1	0	0
MRPS21	MRPS21	1	0	0
MRPS22	MRPS22	1	0	0
MRPS23	MRPS23	1	0	0
MRPS24	MRPS24	1	0	0
MRPS25	MRPS25	1	0	0
MRPS26	MRPS26	1	0	0
MRPS27	MRPS27	1	0	0
MRPS30	MRPS30	1	0	0
MRPS31	MRPS31	1	0	0
MRPS33	MRPS33	1	0	0
MRPS34	MRPS34	1	0	0
MRPS35	MRPS35	1	0	0
MRPS36	MRPS36	1	0	0
MRPS5	MRPS5	1	0	0
MRPS6	MRPS6	1	0	0
MRPS7	MRPS7	1	0	0
MRPS9	MRPS9	1	0	0
MRRF	MRRF	3	0	0
MRS2	MRS2	1	0	0
MRTFA	MRTFA	1	0	0
MRTFA	MRTFB	0	2	0
MRTFA	MYOCD	0	2	0
MRTFB	MRTFB	1	0	0
MRTFB	MYOCD	0	2	0
MRTO4	MRTO4	3	0	0
MS4A1	MS4A1	3	0	0
MS4A10	MS4A10	3	0	0
MS4A12	MS4A12	1	0	0
MS4A12	MS4A15	0	2	0
MS4A12	MS4A18	0	2	0
MS4A12	MS4A2	0	2	0
MS4A12	MS4A8	0	2	0
MS4A13	MS4A13	1	0	0
MS4A14	MS4A14	1	0	0
MS4A15	MS4A15	3	0	0
MS4A15	MS4A18	0	2	0
MS4A15	MS4A2	0	2	0
MS4A15	MS4A8	0	2	0
MS4A18	MS4A18	1	0	0
MS4A18	MS4A2	0	2	0
MS4A18	MS4A8	0	2	0
MS4A2	MS4A2	1	0	0
MS4A2	MS4A8	0	2	0
MS4A3	MS4A3	1	0	0
MS4A4A	MS4A4A	1	0	0
MS4A5	MS4A5	1	0	0
MS4A5	MS4A6A	0	2	0
MS4A5	MS4A7	0	2	0
MS4A6A	MS4A6A	1	0	0
MS4A6A	MS4A7	0	2	0
MS4A7	MS4A7	1	0	0
MS4A8	MS4A8	1	0	0
MSANTD1	MSANTD1	1	0	0
MSANTD2	MSANTD2	1	0	0
MSANTD4	MSANTD4	3	0	0
MSC	MSC	1	0	0
MSC	SCX	0	2	0
MSC	TCF15	0	2	0
MSC	TCF21	0	2	0
MSGN1	MSGN1	1	0	0
MSH3	MSH3	1	0	0
MSH4	MSH4	1	0	0
MSH6	MSH6	1	0	0
MSI1	MSI1	1	0	0
MSI1	MSI2	0	2	0
MSI2	MSI2	1	0	0
MSL1	MSL1	1	0	0
MSL2	MSL2	1	0	0
MSL3	MSL3	3	0	0
MSLN	MSLN	0	0	1
MSMB	MSMB	1	0	0
MSMO1	MSMO1	1	0	0
MSMP	MSMP	1	0	0
MSR1	MSR1	1	0	0
MSR1	SCARA5	0	2	0
MSRA	MSRA	1	0	0
MSRB2	MSRB2	1	0	0
MSRB2	MSRB3	0	2	0
MSRB3	MSRB3	1	0	0
MSS51	MSS51	3	0	0
MST1	MST1	3	0	0
MST1	PLG	0	2	0
MST1R	MST1R	1	0	0
MSTN	MSTN	1	0	0
MSTO1	MSTO1	1	0	0
MSX1	MSX1	3	0	0
MSX1	MSX2	0	2	0
MSX2	MSX2	1	0	0
MT-ATP6	MT-ATP6	6	0	0
MT-ATP8	MT-ATP8	6	0	0
MT-CO1	MT-CO1	3	0	0
MT-CO2	MT-CO2	6	0	0
MT-CO3	MT-CO3	3	0	0
MT-CYB	MT-CYB	6	0	0
MT-ND1	MT-ND1	3	0	0
MT-ND2	MT-ND2	6	0	0
MT-ND3	MT-ND3	6	0	0
MT-ND4	MT-ND4	6	0	0
MT-ND4L	MT-ND4L	3	0	0
MT-ND5	MT-ND5	3	0	0
MT-ND6	MT-ND6	6	0	0
MT1A	MT1A	1	0	0
MT1A	MT1HL1	0	2	0
MT1A	MT1X	0	2	0
MT1A	MT4	0	2	0
MT1HL1	MT1HL1	1	0	0
MT1HL1	MT1X	0	2	0
MT1HL1	MT4	0	2	0
MT1X	MT1X	1	0	0
MT1X	MT4	0	2	0
MT3	MT3	1	0	0
MT4	MT4	3	0	0
MTA2	MTA2	1	0	0
MTA2	MTA3	0	2	0
MTA3	MTA3	1	0	0
MTAP	MTAP	3	0	0
MTARC1	MTARC1	1	0	0
MTARC1	MTARC2	0	2	0
MTARC2	MTARC2	3	0	0
MTBP	MTBP	1	0	0
MTCH1	MTCH1	3	0	0
MTCH1	MTCH2	0	2	0
MTCH2	MTCH2	1	0	0
MTCL1	MTCL1	1	0	0
MTCL1	SOGA1	0	2	0
MTCP1	MTCP1	1	0	0
MTDH	MTDH	1	0	0
MTERF1	MTERF1	1	0	2
MTERF1	MTERF2	0	2	0
MTERF2	MTERF2	1	0	0
MTERF3	MTERF3	1	0	0
MTERF4	MTERF4	0	0	1
MTF1	MTF1	1	0	0
MTF1	ZNF629	0	2	0
MTF2	MTF2	1	0	0
MTF2	PHF1	0	2	0
MTF2	PHF19	0	2	0
MTFMT	MTFMT	1	0	0
MTFP1	MTFP1	3	0	0
MTFR1	MTFR1	1	0	0
MTFR1	MTFR2	0	2	0
MTFR1L	MTFR1L	1	0	0
MTFR2	MTFR2	1	0	0
MTG2	MTG2	1	0	0
MTHFD1	MTHFD1	1	0	0
MTHFD1L	MTHFD1L	3	0	0
MTHFD2	MTHFD2	1	0	0
MTHFD2L	MTHFD2L	1	0	0
MTHFR	MTHFR	1	0	0
MTHFS	MTHFS	1	0	0
MTHFSD	MTHFSD	1	0	0
MTIF2	MTIF2	1	0	0
MTIF3	MTIF3	1	0	0
MTMR1	MTMR1	1	0	0
MTMR1	MTMR2	0	2	0
MTMR10	MTMR10	1	0	0
MTMR10	MTMR11	0	2	0
MTMR10	MTMR12	0	2	0
MTMR11	MTMR11	1	0	0
MTMR11	MTMR12	0	2	0
MTMR12	MTMR12	1	0	0
MTMR14	MTMR14	1	0	0
MTMR2	MTMR2	1	0	0
MTMR3	MTMR3	1	0	0
MTMR3	MTMR4	0	2	0
MTMR4	MTMR4	1	0	0
MTMR6	MTMR6	1	0	0
MTMR6	MTMR7	0	2	0
MTMR6	MTMR8	0	2	0
MTMR7	MTMR7	1	0	0
MTMR7	MTMR8	0	2	0
MTMR8	MTMR8	3	0	0
MTNR1A	MTNR1A	1	0	0
MTNR1A	MTNR1B	0	2	0
MTNR1B	MTNR1B	3	0	0
MTO1	MTO1	1	0	0
MTOR	MTOR	1	0	0
MTPAP	MTPAP	6	0	0
MTPN	MTPN	3	0	0
MTR	MTR	1	0	0
MTRES1	MTRES1	3	0	0
MTREX	MTREX	1	0	0
MTREX	SKIV2L	0	2	0
MTRF1	MTRF1	1	0	0
MTRF1	MTRF1L	0	2	0
MTRF1L	MTRF1L	3	0	0
MTRFR	MTRFR	1	0	0
MTRNR2L3	MTRNR2L3	1	0	0
MTRNR2L3	MTRNR2L4	0	2	0
MTRNR2L3	MTRNR2L5	0	2	0
MTRNR2L3	MTRNR2L7	0	2	0
MTRNR2L4	MTRNR2L4	1	0	0
MTRNR2L4	MTRNR2L5	0	2	0
MTRNR2L4	MTRNR2L7	0	2	0
MTRNR2L5	MTRNR2L5	1	0	0
MTRNR2L5	MTRNR2L7	0	2	0
MTRNR2L7	MTRNR2L7	1	0	0
MTRR	MTRR	1	0	0
MTRR	NDOR1	0	2	0
MTRR	POR	0	2	0
MTSS1	MTSS1	1	0	0
MTSS1	MTSS2	0	2	0
MTSS2	MTSS2	1	0	0
MTTP	MTTP	1	0	0
MTURN	MTURN	1	0	2
MTUS1	MTUS1	1	0	0
MTUS1	MTUS2	0	2	0
MTUS2	MTUS2	1	0	0
MTX1	MTX1	6	0	0
MTX1	MTX3	0	12	0
MTX2	MTX2	6	0	0
MTX3	MTX3	6	0	0
MUC1	MUC1	3	0	3
MUC1	SELENOV	0	1	0
MUC13	MUC13	1	0	0
MUC22	MUC22	0	0	1
MUC4	MUC4	3	0	0
MUCL1	MUCL1	1	0	0
MUCL3	MUCL3	1	0	0
MUL1	MUL1	1	0	0
MUL1	RFFL	0	2	0
MUL1	RNF34	0	2	0
MUS81	MUS81	1	0	0
MUSK	MUSK	1	0	0
MUSK	NTRK1	0	2	0
MUSK	NTRK2	0	2	0
MUSK	NTRK3	0	2	0
MUTYH	MUTYH	1	0	0
MVB12A	MVB12A	1	0	0
MVB12A	MVB12B	0	2	0
MVB12B	MVB12B	3	0	0
MVD	MVD	1	0	0
MVK	MVK	1	0	0
MVP	MVP	1	0	0
MX1	MX1	1	0	0
MXD1	MXD1	1	0	0
MXD1	MXD3	0	2	0
MXD1	MXD4	0	2	0
MXD1	MXI1	0	2	0
MXD3	MXD3	6	0	0
MXD3	MXD4	0	2	0
MXD3	MXI1	0	2	0
MXD4	MXD4	1	0	0
MXD4	MXI1	0	2	0
MXI1	MXI1	1	0	0
MXRA7	MXRA7	0	0	1
MXRA8	MXRA8	3	0	0
MYADM	MYADM	1	0	0
MYADM	MYADML2	0	2	0
MYADML2	MYADML2	1	0	0
MYB	MYB	1	0	0
MYB	MYBL1	0	2	0
MYB	MYBL2	0	2	0
MYBBP1A	MYBBP1A	1	0	0
MYBL1	MYBL1	1	0	0
MYBL1	MYBL2	0	2	0
MYBL2	MYBL2	1	0	0
MYBPC1	MYBPC1	1	0	0
MYBPH	MYBPH	1	0	0
MYBPH	MYBPHL	0	2	0
MYBPHL	MYBPHL	1	0	0
MYCBP2	MYCBP2	1	0	0
MYCBPAP	MYCBPAP	1	0	0
MYCL	MYCL	1	0	0
MYCT1	MYCT1	1	0	0
MYD88	MYD88	1	0	0
MYDGF	MYDGF	1	0	0
MYEF2	MYEF2	1	0	0
MYF5	MYF5	1	0	0
MYF5	MYF6	0	2	0
MYF5	MYOD1	0	2	0
MYF5	MYOG	0	2	0
MYF6	MYF6	1	0	0
MYF6	MYOD1	0	2	0
MYF6	MYOG	0	2	0
MYG1	MYG1	6	0	0
MYH1	MYH1	0	0	3
MYH10	MYH10	0	0	1
MYH11	MYH11	0	0	1
MYH13	MYH13	0	0	3
MYH14	MYH14	0	0	1
MYH15	MYH15	0	0	1
MYH2	MYH2	0	0	1
MYH3	MYH3	0	0	1
MYH4	MYH4	0	0	3
MYH6	MYH6	0	0	3
MYH7	MYH7	0	0	3
MYH7B	MYH7B	0	0	1
MYH8	MYH8	0	0	1
MYH9	MYH9	0	0	1
MYL1	MYL1	0	0	1
MYL10	MYL10	1	0	0
MYL10	MYL12A	0	2	0
MYL10	MYL12B	0	2	0
MYL10	MYL2	0	2	0
MYL10	MYL5	0	2	0
MYL10	MYL7	0	2	0
MYL10	MYL9	0	2	0
MYL10	MYLPF	0	2	0
MYL12A	MYL12A	1	0	0
MYL12A	MYL12B	0	2	0
MYL12A	MYL2	0	2	0
MYL12A	MYL5	0	2	0
MYL12A	MYL7	0	2	0
MYL12A	MYL9	0	2	0
MYL12A	MYLPF	0	2	0
MYL12B	MYL12B	1	0	0
MYL12B	MYL2	0	2	0
MYL12B	MYL5	0	2	0
MYL12B	MYL7	0	2	0
MYL12B	MYL9	0	2	0
MYL12B	MYLPF	0	2	0
MYL2	MYL2	1	0	0
MYL2	MYL5	0	2	0
MYL2	MYL7	0	2	0
MYL2	MYL9	0	2	0
MYL2	MYLPF	0	2	0
MYL3	MYL3	0	0	1
MYL4	MYL4	0	0	3
MYL5	MYL5	1	0	0
MYL5	MYL7	0	2	0
MYL5	MYL9	0	2	0
MYL5	MYLPF	0	2	0
MYL6	MYL6	0	0	1
MYL6B	MYL6B	0	0	1
MYL7	MYL7	1	0	0
MYL7	MYL9	0	2	0
MYL7	MYLPF	0	2	0
MYL9	MYL9	3	0	0
MYL9	MYLPF	0	2	0
MYLIP	MYLIP	1	0	0
MYLK	MYLK	1	0	0
MYLK2	MYLK2	1	0	0
MYLK2	MYLK3	0	2	0
MYLK3	MYLK3	1	0	0
MYLK4	MYLK4	1	0	0
MYLPF	MYLPF	1	0	0
MYMK	MYMK	1	0	0
MYMX	MYMX	1	0	0
MYNN	MYNN	3	0	0
MYO10	MYO10	1	0	0
MYO10	MYO7A	0	2	0
MYO10	MYO7B	0	2	0
MYO15A	MYO15A	1	0	0
MYO15B	MYO15B	0	0	1
MYO16	MYO16	3	0	0
MYO18A	MYO18A	1	0	0
MYO18A	MYO18B	0	2	0
MYO18B	MYO18B	1	0	0
MYO19	MYO19	1	0	0
MYO1A	MYO1A	0	0	1
MYO1B	MYO1B	0	0	1
MYO1C	MYO1C	0	0	1
MYO1D	MYO1D	0	0	1
MYO1E	MYO1E	0	0	1
MYO1F	MYO1F	0	0	1
MYO1G	MYO1G	0	0	1
MYO1H	MYO1H	0	0	1
MYO3A	MYO3A	1	0	0
MYO3B	MYO3B	1	0	0
MYO5A	MYO5A	0	0	1
MYO5B	MYO5B	0	0	1
MYO5C	MYO5C	0	0	1
MYO6	MYO6	1	0	0
MYO7A	MYO7A	1	0	0
MYO7A	MYO7B	0	2	0
MYO7B	MYO7B	1	0	0
MYO9A	MYO9A	1	0	0
MYO9A	MYO9B	0	2	0
MYO9B	MYO9B	1	0	0
MYOC	MYOC	1	0	0
MYOC	OLFM1	0	2	0
MYOC	OLFM2	0	2	0
MYOC	OLFM3	0	2	0
MYOC	OLFML2A	0	2	0
MYOC	OLFML2B	0	2	0
MYOCD	MYOCD	1	0	0
MYOD1	MYOD1	1	0	0
MYOD1	MYOG	0	2	0
MYOF	MYOF	1	0	0
MYOF	OTOF	0	2	0
MYOG	MYOG	1	0	0
MYOM1	MYOM1	1	0	0
MYOM1	MYOM2	0	2	0
MYOM1	MYOM3	0	2	0
MYOM2	MYOM2	1	0	0
MYOM2	MYOM3	0	2	0
MYOM3	MYOM3	1	0	0
MYORG	MYORG	3	0	0
MYOT	MYOT	6	0	0
MYOZ1	MYOZ1	1	0	0
MYOZ1	MYOZ2	0	2	0
MYOZ1	MYOZ3	0	2	0
MYOZ2	MYOZ2	1	0	0
MYOZ2	MYOZ3	0	2	0
MYOZ3	MYOZ3	1	0	0
MYPN	MYPN	1	0	0
MYPN	PALLD	0	2	0
MYPOP	MYPOP	1	0	0
MYRF	MYRF	1	0	0
MYRF	MYRFL	0	2	0
MYRFL	MYRFL	1	0	0
MYRIP	MYRIP	1	0	0
MYSM1	MYSM1	1	0	0
MYT1	MYT1	1	0	0
MYT1	MYT1L	0	2	0
MYT1	ST18	0	2	0
MYT1L	MYT1L	3	0	0
MYT1L	ST18	0	2	0
MYZAP	MYZAP	1	0	0
MZB1	MZB1	1	0	0
MZF1	MZF1	1	0	0
MZT1	MZT1	1	0	0
MZT2A	MZT2A	1	0	0
N4BP1	N4BP1	1	0	0
N4BP2	N4BP2	3	0	0
N4BP2L1	N4BP2L1	3	0	0
N4BP2L2	N4BP2L2	3	0	3
N4BP3	N4BP3	1	0	0
N6AMT1	N6AMT1	3	0	0
NAA10	NAA10	1	0	2
NAA10	NAA11	0	2	0
NAA10	NAA20	0	4	0
NAA11	NAA11	3	0	0
NAA11	NAA20	0	6	0
NAA15	NAA15	3	0	0
NAA15	NAA16	0	2	0
NAA16	NAA16	3	0	0
NAA20	NAA20	6	0	0
NAA25	NAA25	6	0	0
NAA30	NAA30	6	0	0
NAA35	NAA35	6	0	0
NAA38	NAA38	6	0	0
NAA40	NAA40	6	0	0
NAA50	NAA50	3	0	0
NAA80	NAA80	3	0	0
NAAA	NAAA	1	0	0
NAALAD2	NAALAD2	3	0	0
NAALAD2	NAALADL1	0	2	0
NAALAD2	NAALADL2	0	2	0
NAALAD2	TFR2	0	2	0
NAALAD2	TFRC	0	2	0
NAALADL1	NAALADL1	1	0	0
NAALADL1	NAALADL2	0	2	0
NAALADL1	TFR2	0	2	0
NAALADL1	TFRC	0	2	0
NAALADL2	NAALADL2	1	0	0
NAALADL2	TFR2	0	2	0
NAALADL2	TFRC	0	2	0
NAB1	NAB1	1	0	0
NAB1	NAB2	0	2	0
NAB2	NAB2	1	0	0
NABP1	NABP1	1	0	0
NABP1	NABP2	0	2	0
NABP2	NABP2	1	0	0
NACA2	NACA2	1	0	0
NACA2	NACAD	0	2	0
NACAD	NACAD	1	0	0
NACC1	NACC1	1	0	0
NACC1	NACC2	0	2	0
NACC1	ZBTB4	0	2	0
NACC2	NACC2	1	0	0
NACC2	ZBTB4	0	2	0
NADK	NADK	1	0	0
NADK2	NADK2	1	0	0
NADSYN1	NADSYN1	1	0	0
NAE1	NAE1	1	0	0
NAF1	NAF1	1	0	0
NAGA	NAGA	1	0	0
NAGK	NAGK	1	0	0
NAGLU	NAGLU	1	0	0
NAGPA	NAGPA	1	0	0
NAGS	NAGS	1	0	0
NAIP	NAIP	1	0	0
NALCN	NALCN	1	0	0
NALF1	NALF1	1	0	0
NANOGNB	NANOGNB	1	0	0
NANOS1	NANOS1	1	0	0
NANOS2	NANOS2	1	0	0
NANOS2	NANOS3	0	2	0
NANOS3	NANOS3	3	0	0
NANP	NANP	1	0	0
NANS	NANS	1	0	0
NAP1L1	NAP1L1	3	0	0
NAP1L1	NAP1L2	0	2	0
NAP1L1	NAP1L4	0	2	0
NAP1L2	NAP1L2	1	0	0
NAP1L3	NAP1L3	1	0	0
NAP1L4	NAP1L4	1	0	0
NAP1L5	NAP1L5	1	0	0
NAPA	NAPA	1	0	0
NAPA	NAPB	0	2	0
NAPB	NAPB	1	0	0
NAPEPLD	NAPEPLD	1	0	0
NAPG	NAPG	1	0	0
NAPRT	NAPRT	1	0	0
NAPSA	NAPSA	0	0	1
NARF	NARF	3	0	0
NARS1	NARS1	1	0	0
NARS1	NARS2	0	2	0
NARS2	NARS2	1	0	0
NASP	NASP	1	0	0
NAT10	NAT10	1	0	0
NAT14	NAT14	3	0	0
NAT16	NAT16	1	0	0
NAT9	NAT9	1	0	0
NATD1	NATD1	1	0	0
NAV1	NAV1	1	0	0
NAV2	NAV2	1	0	0
NAV2	NAV3	0	2	0
NAV3	NAV3	1	0	0
NAXD	NAXD	3	0	0
NAXE	NAXE	6	0	0
NAXE	YJEFN3	0	2	0
NBAS	NBAS	1	0	0
NBEA	NBEA	1	0	0
NBEAL1	NBEAL1	1	0	0
NBEAL1	NBEAL2	0	2	0
NBEAL2	NBEAL2	1	0	0
NBL1	NBL1	3	0	0
NBN	NBN	1	0	0
NBPF3	NBPF3	1	0	0
NBR1	NBR1	1	0	0
NCALD	NCALD	0	0	1
NCAM1	NCAM1	1	0	0
NCAM1	NCAM2	0	2	0
NCAM2	NCAM2	1	0	0
NCAN	NCAN	1	0	0
NCAPD2	NCAPD2	1	0	0
NCAPD3	NCAPD3	1	0	0
NCAPG	NCAPG	1	0	0
NCAPG2	NCAPG2	1	0	0
NCAPH	NCAPH	1	0	0
NCAPH2	NCAPH2	1	0	0
NCBP1	NCBP1	1	0	0
NCBP2	NCBP2	1	0	0
NCBP3	NCBP3	1	0	0
NCDN	NCDN	1	0	0
NCEH1	NCEH1	1	0	0
NCF1	NCF1	1	0	0
NCF1	NOXO1	0	2	0
NCF2	NCF2	1	0	0
NCF4	NCF4	1	0	0
NCK1	NCK1	3	0	0
NCK1	NCK2	0	2	0
NCK1	SHANK1	0	2	0
NCK2	NCK2	1	0	0
NCKAP1	NCKAP1	1	0	0
NCKAP1	NCKAP1L	0	2	0
NCKAP1L	NCKAP1L	1	0	0
NCKAP5	NCKAP5	3	0	0
NCKAP5L	NCKAP5L	1	0	0
NCKIPSD	NCKIPSD	1	0	0
NCL	NCL	1	0	0
NCLN	NCLN	1	0	0
NCMAP	NCMAP	1	0	0
NCOA1	NCOA1	1	0	0
NCOA1	NCOA2	0	2	0
NCOA1	NCOA3	0	2	0
NCOA2	NCOA2	1	0	0
NCOA2	NCOA3	0	2	0
NCOA3	NCOA3	3	0	0
NCOA4	NCOA4	1	0	0
NCOA5	NCOA5	1	0	0
NCOA6	NCOA6	1	0	0
NCOA7	NCOA7	1	0	0
NCOA7	OXR1	0	2	0
NCOA7	TLDC2	0	2	0
NCOR1	NCOR1	1	0	0
NCOR1	NCOR2	0	2	0
NCOR2	NCOR2	3	0	0
NCR1	NCR1	0	0	3
NCR2	NCR2	1	0	0
NCR2	TREML4	0	2	0
NCR3	NCR3	1	0	0
NCR3LG1	NCR3LG1	1	0	2
NCS1	NCS1	0	0	1
NCSTN	NCSTN	1	0	0
NDC1	NDC1	1	0	0
NDC80	NDC80	1	0	0
NDE1	NDE1	1	0	0
NDE1	NDEL1	0	2	0
NDEL1	NDEL1	1	0	0
NDFIP1	NDFIP1	1	0	0
NDFIP1	NDFIP2	0	2	0
NDFIP2	NDFIP2	1	0	0
NDNF	NDNF	1	0	0
NDOR1	NDOR1	1	0	0
NDOR1	POR	0	2	0
NDP	NDP	1	0	0
NDRG1	NDRG1	6	0	0
NDRG1	NDRG2	0	2	0
NDRG1	NDRG3	0	2	0
NDRG1	NDRG4	0	2	0
NDRG2	NDRG2	1	0	0
NDRG2	NDRG3	0	2	0
NDRG2	NDRG4	0	2	0
NDRG3	NDRG3	1	0	0
NDRG3	NDRG4	0	2	0
NDRG4	NDRG4	1	0	0
NDST1	NDST1	1	0	0
NDST1	NDST2	0	2	0
NDST1	NDST3	0	2	0
NDST1	NDST4	0	2	0
NDST2	NDST2	3	0	0
NDST2	NDST3	0	2	0
NDST2	NDST4	0	2	0
NDST3	NDST3	3	0	0
NDST3	NDST4	0	2	0
NDST4	NDST4	1	0	0
NDUFA1	NDUFA1	1	0	0
NDUFA10	NDUFA10	3	0	0
NDUFA12	NDUFA12	1	0	0
NDUFA13	NDUFA13	1	0	0
NDUFA2	NDUFA2	1	0	0
NDUFA3	NDUFA3	1	0	0
NDUFA4L2	NDUFA4L2	1	0	0
NDUFA5	NDUFA5	1	0	0
NDUFA6	NDUFA6	1	0	0
NDUFA8	NDUFA8	1	0	0
NDUFA9	NDUFA9	3	0	0
NDUFAB1	NDUFAB1	1	0	0
NDUFAF1	NDUFAF1	1	0	0
NDUFAF3	NDUFAF3	1	0	0
NDUFAF4	NDUFAF4	1	0	0
NDUFAF5	NDUFAF5	1	0	0
NDUFAF6	NDUFAF6	1	0	0
NDUFAF7	NDUFAF7	1	0	0
NDUFAF8	NDUFAF8	1	0	0
NDUFB1	NDUFB1	1	0	0
NDUFB10	NDUFB10	1	0	0
NDUFB11	NDUFB11	1	0	0
NDUFB2	NDUFB2	1	0	0
NDUFB3	NDUFB3	1	0	0
NDUFB4	NDUFB4	1	0	0
NDUFB5	NDUFB5	1	0	0
NDUFB6	NDUFB6	1	0	0
NDUFB7	NDUFB7	1	0	0
NDUFB8	NDUFB8	3	0	0
NDUFB9	NDUFB9	1	0	0
NDUFS1	NDUFS1	6	0	0
NDUFS2	NDUFS2	1	0	0
NDUFS3	NDUFS3	1	0	0
NDUFS4	NDUFS4	3	0	0
NDUFS5	NDUFS5	1	0	0
NDUFS6	NDUFS6	1	0	0
NDUFS7	NDUFS7	1	0	0
NDUFS8	NDUFS8	3	0	0
NDUFV1	NDUFV1	1	0	0
NDUFV2	NDUFV2	1	0	0
NDUFV3	NDUFV3	1	0	0
NEB	NEB	1	0	0
NEB	NEBL	0	2	0
NEBL	NEBL	3	0	0
NECAB1	NECAB1	1	0	0
NECAB1	NECAB2	0	2	0
NECAB1	NECAB3	0	2	0
NECAB2	NECAB2	1	0	0
NECAB2	NECAB3	0	2	0
NECAB3	NECAB3	1	0	0
NECAP1	NECAP1	1	0	0
NECAP1	NECAP2	0	2	0
NECAP2	NECAP2	1	0	0
NECTIN1	NECTIN1	3	0	0
NECTIN1	NECTIN2	0	6	0
NECTIN1	NECTIN3	0	2	0
NECTIN1	NECTIN4	0	6	0
NECTIN1	PVR	0	2	0
NECTIN2	NECTIN2	6	0	0
NECTIN2	NECTIN3	0	2	0
NECTIN2	NECTIN4	0	6	0
NECTIN2	PVR	0	2	0
NECTIN3	NECTIN3	1	0	0
NECTIN3	NECTIN4	0	2	0
NECTIN3	PVR	0	2	0
NECTIN4	NECTIN4	3	0	0
NECTIN4	PVR	0	2	0
NEDD1	NEDD1	1	0	0
NEDD4	NEDD4	0	0	6
NEDD4L	NEDD4L	0	0	1
NEDD8	NEDD8	0	0	1
NEDD9	NEDD9	1	0	0
NEFH	NEFH	1	0	0
NEFH	NEFM	0	2	0
NEFH	PELP1	0	2	0
NEFL	NEFL	1	0	0
NEFM	NEFM	1	0	0
NEFM	PELP1	0	2	0
NEGR1	NEGR1	3	0	0
NEGR1	NTM	0	2	0
NEIL1	NEIL1	1	0	0
NEIL2	NEIL2	1	0	0
NEIL3	NEIL3	1	0	0
NEK1	NEK1	1	0	0
NEK10	NEK10	1	0	0
NEK11	NEK11	3	0	3
NEK2	NEK2	1	0	0
NEK3	NEK3	1	0	0
NEK3	NEK5	0	2	0
NEK4	NEK4	1	0	0
NEK5	NEK5	1	0	0
NEK6	NEK6	1	0	0
NEK6	NEK7	0	2	0
NEK7	NEK7	1	0	0
NEK8	NEK8	3	0	0
NEK9	NEK9	1	0	0
NELFA	NELFA	1	0	0
NELFB	NELFB	1	0	0
NELFCD	NELFCD	1	0	0
NELFE	NELFE	1	0	0
NELL1	NELL1	1	0	0
NELL1	NELL2	0	2	0
NELL2	NELL2	1	0	0
NEMF	NEMF	1	0	0
NEMP1	NEMP1	3	0	0
NEMP1	NEMP2	0	2	0
NEMP2	NEMP2	1	0	0
NENF	NENF	1	0	0
NEO1	NEO1	1	0	0
NEPRO	NEPRO	1	0	0
NES	NES	3	0	0
NET1	NET1	1	0	0
NETO1	NETO1	1	0	0
NETO1	NETO2	0	2	0
NETO2	NETO2	1	0	0
NEU1	NEU1	1	0	0
NEU2	NEU2	1	0	0
NEU2	NEU3	0	2	0
NEU2	NEU4	0	2	0
NEU3	NEU3	3	0	3
NEU3	NEU4	0	2	0
NEU4	NEU4	1	0	0
NEURL1	NEURL1	1	0	0
NEURL1	NEURL1B	0	2	0
NEURL1B	NEURL1B	1	0	0
NEURL2	NEURL2	1	0	0
NEURL4	NEURL4	1	0	0
NEUROD2	NEUROD2	1	0	0
NEUROD2	NEUROD4	0	2	0
NEUROD2	NEUROD6	0	2	0
NEUROD4	NEUROD4	1	0	0
NEUROD4	NEUROD6	0	2	0
NEUROD6	NEUROD6	1	0	0
NEUROG1	NEUROG1	1	0	0
NEUROG1	NEUROG2	0	2	0
NEUROG1	NEUROG3	0	2	0
NEUROG2	NEUROG2	1	0	0
NEUROG2	NEUROG3	0	2	0
NEUROG3	NEUROG3	1	0	0
NEXN	NEXN	1	0	0
NF1	NF1	1	0	0
NF2	NF2	1	0	0
NF2	RDX	0	2	0
NFAM1	NFAM1	1	0	0
NFASC	NFASC	1	0	0
NFASC	NRCAM	0	2	0
NFAT5	NFAT5	1	0	0
NFATC1	NFATC1	1	0	0
NFATC1	NFATC2	0	2	0
NFATC1	NFATC4	0	2	0
NFATC2	NFATC2	1	0	0
NFATC2	NFATC4	0	2	0
NFATC3	NFATC3	1	0	0
NFATC4	NFATC4	1	0	0
NFE2	NFE2	1	0	0
NFE2L1	NFE2L1	1	0	0
NFE2L1	NFE2L3	0	2	0
NFE2L2	NFE2L2	1	0	0
NFE2L3	NFE2L3	1	0	0
NFIA	NFIA	1	0	0
NFIA	NFIB	0	2	0
NFIA	NFIC	0	2	0
NFIA	NFIX	0	2	0
NFIB	NFIB	1	0	0
NFIB	NFIC	0	2	0
NFIB	NFIX	0	2	0
NFIC	NFIC	1	0	0
NFIC	NFIX	0	2	0
NFIL3	NFIL3	1	0	0
NFIX	NFIX	1	0	0
NFKB1	NFKB1	1	0	0
NFKB1	NFKB2	0	2	0
NFKB2	NFKB2	1	0	0
NFKBIA	NFKBIA	1	0	0
NFKBIA	NFKBIB	0	2	0
NFKBIA	NFKBIE	0	2	0
NFKBIB	NFKBIB	1	0	0
NFKBIB	NFKBIE	0	2	0
NFKBID	NFKBID	3	0	0
NFKBID	NFKBIZ	0	2	0
NFKBIE	NFKBIE	1	0	0
NFKBIL1	NFKBIL1	1	0	0
NFKBIZ	NFKBIZ	1	0	0
NFRKB	NFRKB	1	0	0
NFS1	NFS1	1	0	0
NFS1	SCLY	0	2	0
NFU1	NFU1	1	0	0
NFX1	NFX1	1	0	0
NFX1	NFXL1	0	2	0
NFXL1	NFXL1	1	0	0
NFYA	NFYA	1	0	0
NFYB	NFYB	1	0	0
NFYC	NFYC	1	0	0
NGB	NGB	1	0	0
NGDN	NGDN	1	0	0
NGEF	NGEF	1	0	0
NGFR	NGFR	3	0	0
NGLY1	NGLY1	1	0	0
NGRN	NGRN	6	0	0
NHEJ1	NHEJ1	1	0	0
NHLH1	NHLH1	1	0	0
NHLH1	NHLH2	0	2	0
NHLH1	TAL2	0	2	0
NHLH2	NHLH2	1	0	0
NHLH2	TAL2	0	2	0
NHLRC1	NHLRC1	1	0	0
NHLRC2	NHLRC2	1	0	0
NHLRC3	NHLRC3	1	0	0
NHLRC4	NHLRC4	1	0	0
NHP2	NHP2	1	0	0
NHS	NHS	1	0	0
NHSL1	NHSL1	1	0	0
NHSL2	NHSL2	1	0	0
NIBAN1	NIBAN1	1	0	0
NIBAN1	NIBAN2	0	2	0
NIBAN2	NIBAN2	1	0	0
NIBAN3	NIBAN3	0	0	1
NICN1	NICN1	1	0	0
NID1	NID1	3	0	0
NID1	NID2	0	2	0
NID2	NID2	3	0	0
NIF3L1	NIF3L1	1	0	0
NIFK	NIFK	1	0	0
NIM1K	NIM1K	3	0	0
NIN	NIN	1	0	0
NINJ1	NINJ1	1	0	0
NINJ1	NINJ2	0	2	0
NINJ2	NINJ2	1	0	0
NINL	NINL	1	0	0
NIP7	NIP7	1	0	0
NIPA2	NIPA2	1	0	0
NIPA2	NIPAL1	0	2	0
NIPA2	NIPAL2	0	2	0
NIPA2	NIPAL4	0	2	0
NIPAL1	NIPAL1	1	0	0
NIPAL1	NIPAL2	0	2	0
NIPAL1	NIPAL4	0	2	0
NIPAL2	NIPAL2	1	0	0
NIPAL2	NIPAL4	0	2	0
NIPAL3	NIPAL3	1	0	0
NIPAL4	NIPAL4	1	0	0
NIPBL	NIPBL	1	0	0
NIPSNAP1	NIPSNAP1	1	0	0
NIPSNAP1	NIPSNAP2	0	2	0
NIPSNAP2	NIPSNAP2	1	0	0
NIPSNAP3A	NIPSNAP3A	1	0	0
NIPSNAP3A	NIPSNAP3B	0	2	0
NIPSNAP3B	NIPSNAP3B	1	0	0
NISCH	NISCH	1	0	0
NIT1	NIT1	3	0	0
NIT1	NIT2	0	2	0
NIT2	NIT2	1	0	0
NKAIN1	NKAIN1	1	0	0
NKAIN1	NKAIN2	0	2	0
NKAIN1	NKAIN3	0	2	0
NKAIN1	NKAIN4	0	2	0
NKAIN2	NKAIN2	1	0	0
NKAIN2	NKAIN3	0	2	0
NKAIN2	NKAIN4	0	2	0
NKAIN3	NKAIN3	1	0	0
NKAIN3	NKAIN4	0	2	0
NKAIN4	NKAIN4	1	0	0
NKAP	NKAP	1	0	0
NKAP	NKAPL	0	2	0
NKAPD1	NKAPD1	0	0	1
NKAPL	NKAPL	3	0	0
NKD1	NKD1	1	0	0
NKD1	NKD2	0	2	0
NKD2	NKD2	3	0	0
NKG7	NKG7	1	0	0
NKIRAS1	NKIRAS1	1	0	0
NKIRAS1	NKIRAS2	0	2	0
NKIRAS2	NKIRAS2	1	0	0
NKPD1	NKPD1	3	0	0
NKRF	NKRF	3	0	0
NKTR	NKTR	3	0	0
NKX1-1	NKX1-1	1	0	0
NKX1-1	NKX1-2	0	2	0
NKX1-2	NKX1-2	1	0	0
NKX2-1	NKX2-1	1	0	0
NKX2-1	NKX2-3	0	2	0
NKX2-1	NKX2-4	0	2	0
NKX2-1	NKX2-5	0	2	0
NKX2-1	NKX2-6	0	2	0
NKX2-1	NKX3-2	0	2	0
NKX2-2	NKX2-2	1	0	0
NKX2-2	NKX2-8	0	2	0
NKX2-3	NKX2-3	3	0	0
NKX2-3	NKX2-4	0	2	0
NKX2-3	NKX2-5	0	2	0
NKX2-3	NKX2-6	0	2	0
NKX2-3	NKX3-2	0	2	0
NKX2-4	NKX2-4	1	0	0
NKX2-4	NKX2-5	0	2	0
NKX2-4	NKX2-6	0	2	0
NKX2-4	NKX3-2	0	2	0
NKX2-5	NKX2-5	1	0	0
NKX2-5	NKX2-6	0	2	0
NKX2-5	NKX3-2	0	2	0
NKX2-6	NKX2-6	1	0	0
NKX2-6	NKX3-2	0	2	0
NKX2-8	NKX2-8	1	0	0
NKX3-1	NKX3-1	0	0	1
NKX3-2	NKX3-2	1	0	0
NKX6-1	NKX6-1	1	0	0
NKX6-1	NKX6-2	0	2	0
NKX6-1	NKX6-3	0	2	0
NKX6-2	NKX6-2	1	0	0
NKX6-2	NKX6-3	0	2	0
NKX6-3	NKX6-3	1	0	0
NLE1	NLE1	0	0	1
NLGN1	NLGN1	1	0	0
NLGN1	NLGN2	0	2	0
NLGN1	NLGN3	0	2	0
NLGN1	NLGN4X	0	2	0
NLGN1	NLGN4Y	0	2	0
NLGN2	NLGN2	3	0	0
NLGN2	NLGN3	0	2	0
NLGN2	NLGN4X	0	2	0
NLGN2	NLGN4Y	0	2	0
NLGN3	NLGN3	1	0	0
NLGN3	NLGN4X	0	2	0
NLGN3	NLGN4Y	0	2	0
NLGN4X	NLGN4X	1	0	0
NLGN4X	NLGN4Y	0	2	0
NLGN4Y	NLGN4Y	1	0	0
NLK	NLK	1	0	0
NLN	NLN	1	0	0
NLN	THOP1	0	2	0
NLRC3	NLRC3	0	0	1
NLRC4	NLRC4	1	0	0
NLRC5	NLRC5	1	0	0
NLRP1	NLRP1	1	0	0
NLRP1	NLRP11	0	2	0
NLRP1	NLRP12	0	2	0
NLRP1	NLRP13	0	2	0
NLRP1	NLRP14	0	2	0
NLRP1	NLRP2	0	2	0
NLRP1	NLRP3	0	2	0
NLRP1	NLRP4	0	2	0
NLRP1	NLRP5	0	2	0
NLRP1	NLRP7	0	2	0
NLRP1	NLRP8	0	2	0
NLRP1	NLRP9	0	2	0
NLRP10	NLRP10	1	0	0
NLRP10	NLRP6	0	2	0
NLRP11	NLRP11	1	0	0
NLRP11	NLRP12	0	2	0
NLRP11	NLRP13	0	2	0
NLRP11	NLRP14	0	2	0
NLRP11	NLRP2	0	2	0
NLRP11	NLRP3	0	2	0
NLRP11	NLRP4	0	2	0
NLRP11	NLRP5	0	2	0
NLRP11	NLRP7	0	2	0
NLRP11	NLRP8	0	2	0
NLRP11	NLRP9	0	2	0
NLRP12	NLRP12	3	0	0
NLRP12	NLRP13	0	2	0
NLRP12	NLRP14	0	2	0
NLRP12	NLRP2	0	2	0
NLRP12	NLRP3	0	2	0
NLRP12	NLRP4	0	2	0
NLRP12	NLRP5	0	2	0
NLRP12	NLRP7	0	2	0
NLRP12	NLRP8	0	2	0
NLRP12	NLRP9	0	2	0
NLRP13	NLRP13	1	0	0
NLRP13	NLRP14	0	2	0
NLRP13	NLRP2	0	2	0
NLRP13	NLRP3	0	2	0
NLRP13	NLRP4	0	2	0
NLRP13	NLRP5	0	2	0
NLRP13	NLRP7	0	2	0
NLRP13	NLRP8	0	2	0
NLRP13	NLRP9	0	2	0
NLRP14	NLRP14	1	0	0
NLRP14	NLRP2	0	2	0
NLRP14	NLRP3	0	2	0
NLRP14	NLRP4	0	2	0
NLRP14	NLRP5	0	2	0
NLRP14	NLRP7	0	2	0
NLRP14	NLRP8	0	2	0
NLRP14	NLRP9	0	2	0
NLRP2	NLRP2	1	0	0
NLRP2	NLRP3	0	2	0
NLRP2	NLRP4	0	2	0
NLRP2	NLRP5	0	2	0
NLRP2	NLRP7	0	2	0
NLRP2	NLRP8	0	2	0
NLRP2	NLRP9	0	2	0
NLRP3	NLRP3	1	0	0
NLRP3	NLRP4	0	2	0
NLRP3	NLRP5	0	2	0
NLRP3	NLRP7	0	2	0
NLRP3	NLRP8	0	2	0
NLRP3	NLRP9	0	2	0
NLRP4	NLRP4	1	0	0
NLRP4	NLRP5	0	2	0
NLRP4	NLRP7	0	2	0
NLRP4	NLRP8	0	2	0
NLRP4	NLRP9	0	2	0
NLRP5	NLRP5	1	0	0
NLRP5	NLRP7	0	2	0
NLRP5	NLRP8	0	2	0
NLRP5	NLRP9	0	2	0
NLRP6	NLRP6	1	0	0
NLRP7	NLRP7	1	0	0
NLRP7	NLRP8	0	2	0
NLRP7	NLRP9	0	2	0
NLRP8	NLRP8	1	0	0
NLRP8	NLRP9	0	2	0
NLRP9	NLRP9	1	0	0
NLRX1	NLRX1	1	0	0
NMB	NMB	1	0	0
NMBR	NMBR	1	0	0
NMD3	NMD3	1	0	0
NME3	NME3	1	0	0
NME3	NME6	0	2	0
NME5	NME5	1	0	0
NME6	NME6	1	0	0
NME7	NME7	1	0	0
NME8	NME8	1	0	0
NME8	NME9	0	2	0
NME9	NME9	1	0	0
NMI	NMI	3	0	0
NMNAT1	NMNAT1	1	0	0
NMNAT1	NMNAT2	0	2	0
NMNAT1	NMNAT3	0	2	0
NMNAT2	NMNAT2	1	0	0
NMNAT2	NMNAT3	0	2	0
NMNAT3	NMNAT3	1	0	0
NMRAL1	NMRAL1	1	0	0
NMRK1	NMRK1	1	0	0
NMS	NMS	1	0	0
NMT1	NMT1	1	0	0
NMT1	NMT2	0	2	0
NMT2	NMT2	3	0	0
NMU	NMU	1	0	0
NMUR1	NMUR1	1	0	2
NMUR1	NMUR2	0	2	0
NMUR1	NTSR1	0	2	0
NMUR2	NMUR2	1	0	0
NMUR2	NTSR1	0	2	0
NNAT	NNAT	1	0	0
NNMT	NNMT	1	0	0
NNMT	PNMT	0	2	0
NNT	NNT	1	0	0
NOA1	NOA1	3	0	0
NOB1	NOB1	6	0	0
NOBOX	NOBOX	1	0	0
NOC2L	NOC2L	1	0	0
NOC3L	NOC3L	1	0	0
NOC4L	NOC4L	1	0	0
NOCT	NOCT	1	0	0
NOD1	NOD1	1	0	0
NOD1	NOD2	0	2	0
NOD2	NOD2	1	0	0
NODAL	NODAL	1	0	0
NOG	NOG	1	0	0
NOL10	NOL10	1	0	0
NOL11	NOL11	1	0	0
NOL12	NOL12	1	0	0
NOL3	NOL3	1	0	0
NOL4	NOL4	1	0	0
NOL4	NOL4L	0	2	0
NOL4L	NOL4L	3	0	0
NOL6	NOL6	1	0	0
NOL7	NOL7	1	0	0
NOL8	NOL8	3	0	0
NOL9	NOL9	3	0	0
NOLC1	NOLC1	1	0	0
NOLC1	TCOF1	0	2	0
NOM1	NOM1	1	0	0
NONO	NONO	3	0	0
NONO	PSPC1	0	2	0
NONO	SFPQ	0	2	0
NOP10	NOP10	1	0	0
NOP14	NOP14	1	0	0
NOP16	NOP16	1	0	0
NOP2	NOP2	1	0	0
NOP53	NOP53	1	0	0
NOP56	NOP56	1	0	0
NOP56	NOP58	0	2	0
NOP58	NOP58	1	0	0
NOP9	NOP9	1	0	0
NOPCHAP1	NOPCHAP1	3	0	0
NOS1	NOS1	1	0	0
NOS1AP	NOS1AP	1	0	2
NOS2	NOS2	1	0	0
NOS2	NOS3	0	2	0
NOS3	NOS3	1	0	0
NOSIP	NOSIP	3	0	0
NOSTRIN	NOSTRIN	1	0	0
NOTCH1	NOTCH1	1	0	0
NOTCH1	NOTCH3	0	2	0
NOTCH1	NOTCH4	0	2	0
NOTCH3	NOTCH3	1	0	0
NOTCH3	NOTCH4	0	2	0
NOTCH4	NOTCH4	1	0	0
NOTO	NOTO	1	0	0
NOTUM	NOTUM	1	0	0
NOVA1	NOVA1	1	0	0
NOVA1	NOVA2	0	2	0
NOVA2	NOVA2	3	0	0
NOX3	NOX3	1	0	0
NOX3	NOX4	0	2	0
NOX4	NOX4	1	0	0
NOXA1	NOXA1	1	0	0
NOXO1	NOXO1	1	0	0
NOXRED1	NOXRED1	1	0	0
NPAP1	NPAP1	1	0	0
NPAS1	NPAS1	1	0	0
NPAS2	NPAS2	1	0	0
NPAS3	NPAS3	1	0	0
NPAS4	NPAS4	1	0	0
NPAT	NPAT	1	0	0
NPB	NPB	1	0	0
NPB	NPW	0	2	0
NPBWR1	NPBWR1	0	0	1
NPBWR2	NPBWR2	0	0	1
NPC1	NPC1	1	0	0
NPC1	NPC1L1	0	2	0
NPC1L1	NPC1L1	1	0	0
NPC2	NPC2	1	0	0
NPDC1	NPDC1	1	0	0
NPEPL1	NPEPL1	1	0	0
NPEPPS	NPEPPS	0	0	3
NPFF	NPFF	1	0	0
NPFFR1	NPFFR1	1	0	0
NPFFR1	NPFFR2	0	2	0
NPFFR1	QRFPR	0	2	0
NPFFR1	TACR1	0	2	0
NPFFR1	TACR2	0	2	0
NPFFR1	TACR3	0	2	0
NPFFR2	NPFFR2	1	0	0
NPFFR2	QRFPR	0	2	0
NPFFR2	TACR1	0	2	0
NPFFR2	TACR2	0	2	0
NPFFR2	TACR3	0	2	0
NPHP1	NPHP1	1	0	0
NPHP3	NPHP3	1	0	0
NPHP4	NPHP4	1	0	0
NPHS1	NPHS1	1	0	0
NPHS2	NPHS2	3	0	0
NPL	NPL	1	0	0
NPLOC4	NPLOC4	1	0	0
NPM2	NPM2	1	0	0
NPM2	NPM3	0	2	0
NPM3	NPM3	1	0	0
NPNT	NPNT	1	0	0
NPPA	NPPA	1	0	0
NPPB	NPPB	1	0	0
NPPB	NPPC	0	2	0
NPPC	NPPC	1	0	0
NPR1	NPR1	1	0	0
NPR1	NPR2	0	2	0
NPR2	NPR2	1	0	0
NPR3	NPR3	1	0	0
NPRL3	NPRL3	1	0	0
NPS	NPS	3	0	0
NPSR1	NPSR1	3	0	0
NPSR1	OXTR	0	2	0
NPTN	NPTN	1	0	0
NPTX1	NPTX1	1	0	0
NPTX1	NPTX2	0	2	0
NPTX1	NPTXR	0	2	0
NPTX1	PTX4	0	2	0
NPTX2	NPTX2	1	0	0
NPTX2	NPTXR	0	2	0
NPTX2	PTX4	0	2	0
NPTXR	NPTXR	1	0	0
NPTXR	PTX4	0	2	0
NPVF	NPVF	1	0	0
NPW	NPW	1	0	0
NPY	NPY	1	0	0
NPY	PYY	0	2	0
NPY1R	NPY1R	1	0	0
NPY1R	NPY2R	0	2	0
NPY1R	NPY4R	0	2	0
NPY1R	PRLHR	0	2	0
NPY2R	NPY2R	1	0	0
NPY2R	NPY4R	0	2	0
NPY2R	PRLHR	0	2	0
NPY4R	NPY4R	1	0	0
NPY4R	PRLHR	0	2	0
NPY5R	NPY5R	1	0	0
NQO1	NQO1	6	0	0
NQO1	NQO2	0	6	0
NQO2	NQO2	3	0	0
NR0B1	NR0B1	1	0	0
NR0B1	NR0B2	0	2	0
NR0B2	NR0B2	1	0	0
NR1D1	NR1D1	1	0	0
NR1D1	NR1D2	0	2	0
NR1D2	NR1D2	1	0	0
NR1H2	NR1H2	1	0	0
NR1H2	NR1H3	0	2	0
NR1H2	PPARA	0	2	0
NR1H2	PPARD	0	2	0
NR1H2	PPARG	0	2	0
NR1H2	RARA	0	1	0
NR1H2	RARB	0	2	0
NR1H2	RARG	0	2	0
NR1H2	THRB	0	2	0
NR1H3	NR1H3	1	0	0
NR1H3	PPARA	0	2	0
NR1H3	PPARD	0	2	0
NR1H3	PPARG	0	2	0
NR1H3	RARA	0	1	0
NR1H3	RARB	0	2	0
NR1H3	RARG	0	2	0
NR1H3	THRB	0	2	0
NR1H4	NR1H4	1	0	0
NR1I2	NR1I2	3	0	0
NR1I2	NR1I3	0	2	0
NR1I2	VDR	0	2	0
NR1I3	NR1I3	1	0	0
NR1I3	VDR	0	2	0
NR2C1	NR2C1	1	0	0
NR2C1	NR2C2	0	2	0
NR2C2	NR2C2	1	0	0
NR2C2AP	NR2C2AP	1	0	0
NR2E1	NR2E1	1	0	0
NR2E1	NR2E3	0	2	0
NR2E1	NR2F1	0	2	0
NR2E1	NR2F2	0	2	0
NR2E1	NR2F6	0	2	0
NR2E3	NR2E3	1	0	0
NR2E3	NR2F1	0	2	0
NR2E3	NR2F2	0	2	0
NR2E3	NR2F6	0	2	0
NR2F1	NR2F1	1	0	0
NR2F1	NR2F2	0	2	0
NR2F1	NR2F6	0	2	0
NR2F2	NR2F2	1	0	0
NR2F2	NR2F6	0	2	0
NR2F6	NR2F6	1	0	0
NR3C1	NR3C1	1	0	0
NR3C1	NR3C2	0	2	0
NR3C1	PGR	0	2	0
NR3C2	NR3C2	1	0	0
NR3C2	PGR	0	2	0
NR4A1	NR4A1	1	0	0
NR4A1	NR4A2	0	2	0
NR4A1	NR4A3	0	2	0
NR4A1	RXRA	0	2	0
NR4A1	RXRB	0	2	0
NR4A1	RXRG	0	2	0
NR4A2	NR4A2	1	0	0
NR4A2	NR4A3	0	2	0
NR4A2	RXRA	0	2	0
NR4A2	RXRB	0	2	0
NR4A2	RXRG	0	2	0
NR4A3	NR4A3	1	0	0
NR4A3	RXRA	0	2	0
NR4A3	RXRB	0	2	0
NR4A3	RXRG	0	2	0
NR5A1	NR5A1	1	0	0
NR5A2	NR5A2	1	0	0
NR6A1	NR6A1	1	0	0
NRAP	NRAP	1	0	0
NRARP	NRARP	1	0	0
NRAS	NRAS	0	0	1
NRBF2	NRBF2	1	0	0
NRBP1	NRBP1	1	0	0
NRBP1	NRBP2	0	2	0
NRBP2	NRBP2	1	0	0
NRCAM	NRCAM	1	0	0
NRDC	NRDC	1	0	0
NREP	NREP	3	0	0
NRF1	NRF1	1	0	0
NRG1	NRG1	1	0	0
NRG1	NRG2	0	2	0
NRG2	NRG2	3	0	0
NRG3	NRG3	3	0	0
NRG4	NRG4	1	0	0
NRGN	NRGN	3	0	0
NRIP1	NRIP1	1	0	0
NRIP2	NRIP2	1	0	0
NRIP2	NRIP3	0	2	0
NRIP3	NRIP3	1	0	0
NRK	NRK	1	0	0
NRK	TNIK	0	2	0
NRL	NRL	3	0	0
NRM	NRM	1	0	0
NRN1	NRN1	1	0	0
NRN1L	NRN1L	1	0	0
NRP1	NRP1	1	0	0
NRP1	NRP2	0	2	0
NRP2	NRP2	1	0	0
NRROS	NRROS	3	0	0
NRSN1	NRSN1	1	0	0
NRSN1	NRSN2	0	2	0
NRSN2	NRSN2	1	0	0
NRTN	NRTN	1	0	0
NRTN	PSPN	0	2	0
NSA2	NSA2	1	0	0
NSD1	NSD1	1	0	0
NSD1	NSD2	0	2	0
NSD2	NSD2	1	0	0
NSDHL	NSDHL	3	0	0
NSDHL	SDR42E1	0	2	0
NSDHL	SDR42E2	0	2	0
NSF	NSF	1	0	0
NSFL1C	NSFL1C	1	0	0
NSFL1C	UBXN2A	0	2	0
NSFL1C	UBXN2B	0	2	0
NSG2	NSG2	3	0	0
NSL1	NSL1	1	0	0
NSMAF	NSMAF	1	0	0
NSMCE1	NSMCE1	1	0	0
NSMCE2	NSMCE2	3	0	0
NSMCE4A	NSMCE4A	1	0	2
NSMF	NSMF	1	0	0
NSRP1	NSRP1	1	0	0
NSUN2	NSUN2	1	0	0
NSUN3	NSUN3	1	0	0
NSUN3	NSUN4	0	2	0
NSUN4	NSUN4	6	0	0
NSUN5	NSUN5	1	0	0
NSUN6	NSUN6	1	0	0
NSUN7	NSUN7	1	0	0
NT5C	NT5C	1	0	0
NT5C	NT5M	0	2	0
NT5C3A	NT5C3A	1	0	0
NT5C3A	NT5C3B	0	2	0
NT5C3B	NT5C3B	1	0	0
NT5DC1	NT5DC1	1	0	0
NT5DC2	NT5DC2	1	0	0
NT5DC2	NT5DC3	0	2	0
NT5DC3	NT5DC3	1	0	0
NT5DC4	NT5DC4	1	0	0
NT5E	NT5E	1	0	0
NT5M	NT5M	1	0	0
NTAN1	NTAN1	3	0	0
NTAQ1	NTAQ1	1	0	0
NTF3	NTF3	1	0	0
NTF3	NTF4	0	2	0
NTF4	NTF4	1	0	0
NTHL1	NTHL1	1	0	0
NTM	NTM	1	0	0
NTMT1	NTMT1	1	0	0
NTMT1	NTMT2	0	2	0
NTMT2	NTMT2	1	0	0
NTN1	NTN1	1	0	0
NTN1	NTN3	0	2	0
NTN1	NTN4	0	2	0
NTN1	NTN5	0	2	0
NTN3	NTN3	1	0	0
NTN3	NTN4	0	2	0
NTN3	NTN5	0	2	0
NTN4	NTN4	1	0	0
NTN4	NTN5	0	2	0
NTN5	NTN5	1	0	0
NTNG1	NTNG1	1	0	0
NTNG1	NTNG2	0	2	0
NTNG2	NTNG2	1	0	0
NTRK1	NTRK1	1	0	0
NTRK1	NTRK2	0	2	0
NTRK1	NTRK3	0	2	0
NTRK2	NTRK2	1	0	0
NTRK2	NTRK3	0	2	0
NTRK3	NTRK3	1	0	0
NTS	NTS	1	0	0
NTSR1	NTSR1	1	0	0
NTSR2	NTSR2	1	0	0
NUAK1	NUAK1	1	0	0
NUAK1	NUAK2	0	2	0
NUAK2	NUAK2	3	0	0
NUB1	NUB1	1	0	0
NUBP1	NUBP1	1	0	0
NUBP1	NUBP2	0	2	0
NUBP1	NUBPL	0	2	0
NUBP2	NUBP2	1	0	0
NUBP2	NUBPL	0	2	0
NUBPL	NUBPL	1	0	0
NUCB1	NUCB1	3	0	0
NUCB1	NUCB2	0	2	0
NUCB2	NUCB2	1	0	0
NUCKS1	NUCKS1	3	0	0
NUCKS1	RAD51AP1	0	2	0
NUDC	NUDC	1	0	0
NUDCD1	NUDCD1	1	0	0
NUDCD2	NUDCD2	1	0	0
NUDCD3	NUDCD3	1	0	0
NUDT1	NUDT1	1	0	0
NUDT12	NUDT12	1	0	0
NUDT12	NUDT13	0	2	0
NUDT13	NUDT13	1	0	0
NUDT14	NUDT14	1	0	0
NUDT16	NUDT16	1	0	0
NUDT16	NUDT16L1	0	2	0
NUDT16L1	NUDT16L1	1	0	0
NUDT17	NUDT17	1	0	0
NUDT18	NUDT18	1	0	0
NUDT19	NUDT19	1	0	0
NUDT2	NUDT2	1	0	0
NUDT21	NUDT21	1	0	0
NUDT22	NUDT22	3	0	0
NUDT3	NUDT3	3	0	0
NUDT3	NUDT4	0	6	0
NUDT4	NUDT4	3	0	0
NUDT5	NUDT5	1	0	0
NUDT6	NUDT6	3	0	0
NUDT7	NUDT7	1	0	0
NUDT7	NUDT8	0	2	0
NUDT8	NUDT8	1	0	0
NUDT9	NUDT9	1	0	0
NUF2	NUF2	1	0	0
NUFIP1	NUFIP1	1	0	0
NUFIP2	NUFIP2	1	0	0
NUGGC	NUGGC	1	0	0
NUMA1	NUMA1	1	0	0
NUMBL	NUMBL	1	0	0
NUP107	NUP107	1	0	0
NUP133	NUP133	1	0	0
NUP153	NUP153	1	0	0
NUP155	NUP155	1	0	0
NUP160	NUP160	1	0	0
NUP205	NUP205	1	0	0
NUP210	NUP210	1	0	0
NUP210	NUP210L	0	2	0
NUP210L	NUP210L	1	0	0
NUP214	NUP214	1	0	0
NUP35	NUP35	1	0	0
NUP37	NUP37	1	0	0
NUP42	NUP42	1	0	0
NUP43	NUP43	1	0	0
NUP54	NUP54	1	0	0
NUP58	NUP58	1	0	0
NUP85	NUP85	1	0	0
NUP88	NUP88	1	0	0
NUP93	NUP93	1	0	0
NUP98	NUP98	1	0	0
NUPR1	NUPR1	3	0	0
NUSAP1	NUSAP1	1	0	0
NUTF2	NUTF2	1	0	0
NUTM1	NUTM1	1	0	0
NVL	NVL	1	0	0
NVL	SPATA5L1	0	2	0
NVL	VCP	0	2	0
NWD1	NWD1	1	0	0
NWD2	NWD2	1	0	0
NXF1	NXF1	1	0	0
NXF1	NXF3	0	2	0
NXF1	NXF5	0	2	0
NXF3	NXF3	1	0	0
NXF3	NXF5	0	2	0
NXF5	NXF5	1	0	0
NXN	NXN	1	0	0
NXNL1	NXNL1	1	0	0
NXNL1	NXNL2	0	2	0
NXNL2	NXNL2	1	0	0
NXPE1	NXPE1	1	0	0
NXPE1	NXPE2	0	2	0
NXPE1	NXPE4	0	2	0
NXPE2	NXPE2	1	0	0
NXPE2	NXPE4	0	2	0
NXPE3	NXPE3	1	0	0
NXPE4	NXPE4	1	0	0
NXPH1	NXPH1	1	0	0
NXPH1	NXPH2	0	2	0
NXPH1	NXPH4	0	2	0
NXPH2	NXPH2	1	0	0
NXPH2	NXPH4	0	2	0
NXPH4	NXPH4	1	0	0
NXT1	NXT1	1	0	0
NXT1	NXT2	0	2	0
NXT2	NXT2	1	0	0
NYAP1	NYAP1	1	0	0
NYAP1	NYAP2	0	2	0
NYAP2	NYAP2	3	0	0
NYNRIN	NYNRIN	1	0	0
NYX	NYX	1	0	0
NYX	RTN4R	0	2	0
NYX	RTN4RL1	0	2	0
NYX	RTN4RL2	0	2	0
OAF	OAF	1	0	0
OARD1	OARD1	1	0	0
OAS1	OAS1	1	0	0
OAS1	OASL	0	2	0
OAS2	OAS2	1	0	0
OAS2	OAS3	0	2	0
OAS3	OAS3	1	0	0
OASL	OASL	1	0	0
OAT	OAT	0	0	3
OAZ1	OAZ1	6	0	0
OAZ1	OAZ2	0	2	0
OAZ2	OAZ2	1	0	0
OAZ3	OAZ3	1	0	0
OBI1	OBI1	1	0	0
OBSCN	OBSCN	1	0	0
OBSL1	OBSL1	1	0	0
OCA2	OCA2	1	0	0
OCEL1	OCEL1	1	0	0
OCIAD1	OCIAD1	3	0	0
OCIAD2	OCIAD2	1	0	0
OCLN	OCLN	1	0	0
OCM	OCM	4	0	0
OCM	PVALB	0	2	0
OCRL	OCRL	1	0	0
OCSTAMP	OCSTAMP	3	0	0
ODAD1	ODAD1	1	0	0
ODAD2	ODAD2	1	0	0
ODAD3	ODAD3	1	0	0
ODAD4	ODAD4	1	0	0
ODAPH	ODAPH	1	0	0
ODC1	ODC1	1	0	0
ODF1	ODF1	1	0	0
ODF2	ODF2	1	0	0
ODF2	ODF2L	0	2	0
ODF2L	ODF2L	1	0	0
ODF3	ODF3	1	0	0
ODF3	ODF3B	0	2	0
ODF3	ODF3L1	0	2	0
ODF3B	ODF3B	1	0	0
ODF3B	ODF3L1	0	2	0
ODF3L1	ODF3L1	3	0	0
ODF4	ODF4	6	0	0
ODR4	ODR4	1	0	0
OFD1	OFD1	1	0	0
OGA	OGA	1	0	0
OGDH	OGDH	1	0	0
OGDH	OGDHL	0	2	0
OGDHL	OGDHL	1	0	0
OGFOD1	OGFOD1	1	0	0
OGFOD2	OGFOD2	1	0	0
OGFOD3	OGFOD3	1	0	0
OGFR	OGFR	1	0	0
OGFRL1	OGFRL1	1	0	0
OGG1	OGG1	1	0	0
OGN	OGN	1	0	0
OGN	OPTC	0	2	0
OIP5	OIP5	1	0	0
OLA1	OLA1	1	0	0
OLAH	OLAH	3	0	0
OLFM1	OLFM1	3	0	0
OLFM1	OLFM2	0	2	0
OLFM1	OLFM3	0	2	0
OLFM1	OLFML2A	0	2	0
OLFM1	OLFML2B	0	6	0
OLFM2	OLFM2	1	0	0
OLFM2	OLFM3	0	2	0
OLFM2	OLFML2A	0	2	0
OLFM2	OLFML2B	0	2	0
OLFM3	OLFM3	1	0	0
OLFM3	OLFML2A	0	2	0
OLFM3	OLFML2B	0	2	0
OLFM4	OLFM4	1	0	0
OLFML1	OLFML1	1	0	0
OLFML1	OLFML3	0	2	0
OLFML2A	OLFML2A	1	0	0
OLFML2A	OLFML2B	0	2	0
OLFML2B	OLFML2B	3	0	0
OLFML3	OLFML3	1	0	0
OLIG1	OLIG1	1	0	0
OLIG3	OLIG3	1	0	0
OLR1	OLR1	1	0	0
OMA1	OMA1	1	0	0
OMD	OMD	0	0	1
OMG	OMG	1	0	0
ONECUT1	ONECUT1	1	0	0
ONECUT1	ONECUT2	0	2	0
ONECUT1	ONECUT3	0	2	0
ONECUT2	ONECUT2	6	0	0
ONECUT2	ONECUT3	0	2	0
ONECUT3	ONECUT3	1	0	0
OOEP	OOEP	1	0	0
OPA1	OPA1	1	0	0
OPA3	OPA3	1	0	0
OPALIN	OPALIN	1	0	0
OPHN1	OPHN1	1	0	0
OPLAH	OPLAH	3	0	0
OPN1LW	OPN1LW	1	0	0
OPN1LW	OPN1SW	0	2	0
OPN1LW	OPN3	0	2	0
OPN1LW	RHO	0	2	0
OPN1SW	OPN1SW	1	0	0
OPN1SW	OPN3	0	2	0
OPN1SW	RHO	0	2	0
OPN3	OPN3	1	0	0
OPN3	RHO	0	2	0
OPN4	OPN4	3	0	0
OPN5	OPN5	1	0	0
OPRD1	OPRD1	0	0	3
OPRK1	OPRK1	0	0	1
OPRL1	OPRL1	0	0	1
OPRM1	OPRM1	0	0	1
OPRPN	OPRPN	1	0	0
OPRPN	PRR13	0	2	0
OPTC	OPTC	1	0	0
OPTN	OPTN	1	0	0
OR10A3	OR10A3	0	0	3
OR10A3	OR6C33	0	1	0
OR10A4	OR10A4	0	0	3
OR10A5	OR10A5	0	0	6
OR10A6	OR10A6	0	0	3
OR10A7	OR10A7	0	0	3
OR10AB2	OR10AB2	0	0	1
OR10AC1	OR10AC1	3	0	0
OR10AG1	OR10AG1	3	0	0
OR10AG1	OR10AG64	0	1	0
OR10AG63	OR10AG63	1	0	0
OR10AG63	OR10AG64	0	1	0
OR10AG63	OR10AG65	0	1	0
OR10AG64	OR10AG64	0	0	1
OR10AG64	OR10AG65	0	1	0
OR10AG65	OR10AG65	0	0	1
OR10AI1	OR10AI1	0	0	1
OR10AL40	OR10AL40	1	0	0
OR10C1	OR10C1	0	0	3
OR10D3	OR10D3	0	0	3
OR10D4	OR10D4	1	0	0
OR10D4	OR10D5	0	1	0
OR10D5	OR10D5	0	0	1
OR10G3	OR10G3	1	0	2
OR10G6	OR10G6	0	0	3
OR10G7	OR10G7	0	0	1
OR10G9	OR10G9	0	0	1
OR10H1	OR10H1	0	0	1
OR10H2	OR10H2	0	0	1
OR10H3	OR10H3	1	0	0
OR10H3	OR10H4	0	2	0
OR10H4	OR10H4	3	0	0
OR10J1	OR10J1	1	0	0
OR10J1	OR10R2	0	2	0
OR10J2	OR10J2	0	0	1
OR10J3	OR10J3	1	0	0
OR10J3	OR10J4	0	2	0
OR10J3	OR5AN1	0	2	0
OR10J4	OR10J4	3	0	0
OR10J4	OR5A2	0	2	0
OR10J4	OR5AN1	0	6	0
OR10J4	OR5AN2	0	1	0
OR10J4	OR5B21	0	1	0
OR10J5	OR10J5	0	0	3
OR10K1	OR10K1	0	0	6
OR10K2	OR10K2	0	0	6
OR10P1	OR10P1	1	0	0
OR10Q1	OR10Q1	3	0	0
OR10Q1	OR10W1	0	1	0
OR10R2	OR10R2	3	0	0
OR10S1	OR10S1	1	0	2
OR10S1	OR6C33	0	1	0
OR10T1	OR10T1	0	0	1
OR10T2	OR10T2	0	0	6
OR10T2	OR11G11	0	1	0
OR10T2	OR11G2	0	1	0
OR10T2	OR11G2B	0	1	0
OR10T2	OR11G7	0	1	0
OR10T2	OR11H4	0	2	0
OR10T2	OR11J4	0	1	0
OR10T2	OR6Q1	0	3	0
OR10T2	OR6Z3	0	1	0
OR10V1	OR10V1	6	0	0
OR10W1	OR10W1	1	0	2
OR10X1	OR10X1	0	0	1
OR10Z1	OR10Z1	0	0	6
OR11A1	OR11A1	0	0	3
OR11G11	OR11G11	1	0	0
OR11G11	OR11G2B	0	2	0
OR11G11	OR11G7	0	2	0
OR11G11	OR11H12	0	1	0
OR11G11	OR11H7	0	1	0
OR11G11	OR11J4	0	2	0
OR11G11	OR11J6	0	1	0
OR11G11	OR6Q1	0	2	0
OR11G11	OR6Z3	0	2	0
OR11G2	OR11G2	1	0	0
OR11G2	OR11H12	0	1	0
OR11G2	OR11H4	0	1	0
OR11G2	OR11H7	0	1	0
OR11G2	OR6Q1	0	2	0
OR11G2B	OR11G2B	1	0	0
OR11G2B	OR11G7	0	2	0
OR11G2B	OR11H12	0	1	0
OR11G2B	OR11H7	0	1	0
OR11G2B	OR11J4	0	2	0
OR11G2B	OR11J6	0	1	0
OR11G2B	OR6Q1	0	2	0
OR11G2B	OR6Z3	0	2	0
OR11G7	OR11G7	1	0	0
OR11G7	OR11H12	0	1	0
OR11G7	OR11H7	0	1	0
OR11G7	OR11J4	0	2	0
OR11G7	OR11J6	0	1	0
OR11G7	OR6Q1	0	2	0
OR11G7	OR6Z3	0	2	0
OR11G9	OR11G9	0	0	1
OR11H12	OR11H12	1	0	2
OR11H12	OR11H4	0	1	0
OR11H12	OR11H6	0	4	0
OR11H12	OR11J4	0	1	0
OR11H12	OR6Q1	0	2	0
OR11H12	OR6Z3	0	1	0
OR11H4	OR11H4	1	0	2
OR11H4	OR11H7	0	1	0
OR11H4	OR6Q1	0	4	0
OR11H6	OR11H6	6	0	0
OR11H7	OR11H7	0	0	3
OR11H7	OR11J4	0	1	0
OR11H7	OR6Q1	0	2	0
OR11H7	OR6Z3	0	1	0
OR11J4	OR11J4	1	0	0
OR11J4	OR11J6	0	1	0
OR11J4	OR6Q1	0	2	0
OR11J4	OR6Z3	0	2	0
OR11J6	OR11J6	0	0	1
OR11J6	OR6Q1	0	1	0
OR11J6	OR6Z3	0	1	0
OR11K2	OR11K2	1	0	0
OR11L1	OR11L1	0	0	1
OR12D2	OR12D2	1	0	0
OR12D2	OR12D3	0	2	0
OR12D3	OR12D3	1	0	0
OR13A1	OR13A1	3	0	3
OR13A1	OR13G1	0	4	0
OR13C1	OR13C1	0	0	1
OR13C2	OR13C2	0	0	6
OR13C3	OR13C3	6	0	0
OR13C3	OR13C7	0	2	0
OR13C3	OR2S2	0	2	0
OR13C4	OR13C4	0	0	1
OR13C5	OR13C5	0	0	1
OR13C7	OR13C7	1	0	0
OR13C7	OR2S2	0	2	0
OR13C8	OR13C8	0	0	6
OR13D1	OR13D1	1	0	2
OR13D2	OR13D2	1	0	0
OR13E1	OR13E1	0	0	1
OR13F1	OR13F1	0	0	3
OR13F1B	OR13F1B	0	0	1
OR13G1	OR13G1	3	0	0
OR13H1	OR13H1	0	0	3
OR13J1	OR13J1	0	0	6
OR13L2	OR13L2	0	0	1
OR13P4	OR13P4	1	0	0
OR14A16	OR14A16	0	0	1
OR14C36	OR14C36	1	0	0
OR14C36	OR14I1	0	2	0
OR14I1	OR14I1	1	0	2
OR14J1	OR14J1	6	0	0
OR14J1	OR14K1	0	2	0
OR14K1	OR14K1	1	0	0
OR1A1	OR1A1	0	0	6
OR1AB2	OR1AB2	0	0	1
OR1AB2	OR2L3	0	1	0
OR1AF1	OR1AF1	0	0	1
OR1B1	OR1B1	1	0	0
OR1C1	OR1C1	0	0	1
OR1D2	OR1D2	0	0	1
OR1E2	OR1E2	0	0	1
OR1F1	OR1F1	0	0	1
OR1F12	OR1F12	0	0	1
OR1G1	OR1G1	0	0	3
OR1I1	OR1I1	0	0	1
OR1J2	OR1J2	0	0	1
OR1J4	OR1J4	0	0	3
OR1K1	OR1K1	3	0	0
OR1L1	OR1L1	3	0	0
OR1L1	OR1L4	0	2	0
OR1L1	OR1L6	0	2	0
OR1L3	OR1L3	0	0	1
OR1L4	OR1L4	1	0	0
OR1L4	OR1L6	0	2	0
OR1L6	OR1L6	3	0	0
OR1L6	OR1L8	0	2	0
OR1L8	OR1L8	0	0	6
OR1M1	OR1M1	0	0	3
OR1N2	OR1N2	1	0	2
OR1N2	OR2L13	0	4	0
OR1N2	OR2L3	0	1	0
OR1P1	OR1P1	0	0	3
OR1P1	OR8K1	0	2	0
OR1Q1	OR1Q1	0	0	3
OR1R1	OR1R1	0	0	1
OR1S1	OR1S1	1	0	0
OR1S1	OR8K1	0	2	0
OR2A12	OR2A12	0	0	3
OR2A14	OR2A14	0	0	1
OR2A2	OR2A2	1	0	0
OR2A25	OR2A25	0	0	3
OR2A5	OR2A5	0	0	3
OR2A7	OR2A7	0	0	3
OR2AE1	OR2AE1	6	0	0
OR2AG1	OR2AG1	3	0	0
OR2AG1	OR2AG2	0	6	0
OR2AG2	OR2AG2	6	0	0
OR2AJ1	OR2AJ1	1	0	0
OR2AK2	OR2AK2	3	0	0
OR2AT4	OR2AT4	1	0	0
OR2AT4	OR6A2	0	2	0
OR2AT4	OR6Y1	0	2	0
OR2AV1	OR2AV1	1	0	0
OR2B11	OR2B11	6	0	0
OR2B2	OR2B2	0	0	1
OR2B3	OR2B3	0	0	3
OR2B6	OR2B6	0	0	3
OR2B7	OR2B7	0	0	1
OR2C1	OR2C1	0	0	3
OR2C3	OR2C3	3	0	3
OR2D2	OR2D2	0	0	1
OR2D3	OR2D3	0	0	6
OR2D3G	OR2D3G	0	0	1
OR2D4	OR2D4	0	0	1
OR2F1	OR2F1	0	0	3
OR2F1D	OR2F1D	0	0	1
OR2F2	OR2F2	0	0	3
OR2G3	OR2G3	0	0	3
OR2G6	OR2G6	0	0	3
OR2H1	OR2H1	1	0	0
OR2H10	OR2H10	1	0	0
OR2J1	OR2J1	0	0	1
OR2J3	OR2J3	1	0	0
OR2K2	OR2K2	0	0	6
OR2L13	OR2L13	3	0	0
OR2L13	OR2L3	0	2	0
OR2L3	OR2L3	3	0	0
OR2L3	OR2L5	0	2	0
OR2L5	OR2L5	1	0	0
OR2M4	OR2M4	0	0	3
OR2M5	OR2M5	0	0	1
OR2S2	OR2S2	1	0	0
OR2T1	OR2T1	1	0	2
OR2T1	OR2T11	0	2	0
OR2T1	OR2T2	0	4	0
OR2T1	OR2T6	0	3	0
OR2T11	OR2T11	3	0	3
OR2T11	OR2T2	0	4	0
OR2T11	OR2T29	0	1	0
OR2T11	OR2T4	0	2	0
OR2T11	OR2T6	0	7	0
OR2T13	OR2T13	1	0	0
OR2T13	OR2T22	0	2	0
OR2T2	OR2T2	3	0	0
OR2T2	OR2T6	0	4	0
OR2T22	OR2T22	1	0	0
OR2T26	OR2T26	1	0	0
OR2T27	OR2T27	0	0	3
OR2T29	OR2T29	1	0	0
OR2T29	OR2T3	0	1	0
OR2T29	OR2T4	0	2	0
OR2T3	OR2T3	0	0	1
OR2T3	OR2T4	0	1	0
OR2T4	OR2T4	3	0	0
OR2T6	OR2T6	3	0	3
OR2V1	OR2V1	6	0	0
OR2V1	OR2V2	0	4	0
OR2V2	OR2V2	1	0	2
OR2W1	OR2W1	0	0	6
OR2W3	OR2W3	0	0	3
OR2Y1	OR2Y1	3	0	0
OR2Z1	OR2Z1	0	0	3
OR2Z2	OR2Z2	1	0	0
OR3A1	OR3A1	1	0	0
OR3A1	OR3A2	0	2	0
OR3A10	OR3A10	1	0	0
OR3A2	OR3A2	1	0	0
OR4A15	OR4A15	3	0	0
OR4A15	OR4C6	0	2	0
OR4A15	OR4S1	0	2	0
OR4A47	OR4A47	0	0	3
OR4B1	OR4B1	0	0	3
OR4C1	OR4C1	1	0	0
OR4C1	OR4C45	0	2	0
OR4C12	OR4C12	0	0	3
OR4C13	OR4C13	0	0	1
OR4C146	OR4C146	0	0	1
OR4C15	OR4C15	0	0	3
OR4C15	OR4C45	0	1	0
OR4C15	OR4C5	0	1	0
OR4C3	OR4C3	0	0	3
OR4C3	OR4C3B	0	1	0
OR4C3B	OR4C3B	0	0	1
OR4C45	OR4C45	3	0	0
OR4C45	OR4C5	0	1	0
OR4C5	OR4C5	0	0	1
OR4C6	OR4C6	0	0	3
OR4D1	OR4D1	0	0	6
OR4D10	OR4D10	0	0	3
OR4D11	OR4D11	0	0	6
OR4D2	OR4D2	0	0	3
OR4D5	OR4D5	0	0	3
OR4D6	OR4D6	0	0	3
OR4D9	OR4D9	0	0	6
OR4D9D	OR4D9D	0	0	1
OR4E1	OR4E1	0	0	1
OR4E2	OR4E2	0	0	3
OR4F15	OR4F15	0	0	3
OR4F34	OR4F34	1	0	0
OR4F6	OR4F6	0	0	1
OR4G10	OR4G10	1	0	0
OR4G18	OR4G18	1	0	0
OR4G18	OR4G8	0	2	0
OR4G18	OR4G9	0	2	0
OR4G8	OR4G8	1	0	0
OR4G8	OR4G9	0	2	0
OR4G9	OR4G9	1	0	0
OR4H12	OR4H12	0	0	1
OR4K1	OR4K1	0	0	6
OR4K13	OR4K13	0	0	1
OR4K14	OR4K14	0	0	1
OR4K15	OR4K15	3	0	3
OR4K17	OR4K17	1	0	0
OR4K2	OR4K2	0	0	6
OR4K3	OR4K3	0	0	1
OR4K5	OR4K5	0	0	3
OR4K6	OR4K6	0	0	1
OR4L1	OR4L1	0	0	3
OR4M1	OR4M1	0	0	1
OR4N2	OR4N2	0	0	3
OR4N4	OR4N4	0	0	1
OR4N5	OR4N5	0	0	6
OR4P7	OR4P7	0	0	1
OR4Q2	OR4Q2	0	0	3
OR4Q3	OR4Q3	0	0	3
OR4S1	OR4S1	1	0	5
OR4S1	OR4X1	0	1	0
OR4S2	OR4S2	0	0	3
OR4X1	OR4X1	1	0	0
OR4X2	OR4X2	0	0	3
OR51A24	OR51A24	0	0	1
OR51A4	OR51A4	0	0	3
OR51A7	OR51A7	0	0	3
OR51AB4	OR51AB4	0	0	1
OR51B6	OR51B6	0	0	1
OR51D1	OR51D1	0	0	3
OR51E1	OR51E1	0	0	1
OR51E2	OR51E2	0	0	6
OR51F1	OR51F1	1	0	2
OR51F2	OR51F2	0	0	3
OR51G1	OR51G1	0	0	1
OR51G2	OR51G2	1	0	0
OR51H1	OR51H1	0	0	3
OR51H5	OR51H5	0	0	1
OR51I1	OR51I1	0	0	1
OR51I2	OR51I2	0	0	1
OR51K2	OR51K2	0	0	1
OR51L1	OR51L1	0	0	6
OR51L4	OR51L4	0	0	1
OR51M1	OR51M1	0	0	6
OR51P1	OR51P1	0	0	1
OR51Q1	OR51Q1	0	0	1
OR51R1	OR51R1	0	0	1
OR51S1	OR51S1	1	0	2
OR51T1	OR51T1	3	0	0
OR51V1	OR51V1	0	0	3
OR51V21	OR51V21	0	0	1
OR52A1	OR52A1	0	0	6
OR52A24	OR52A24	0	0	1
OR52A5	OR52A5	0	0	3
OR52AB2	OR52AB2	0	0	1
OR52AB4	OR52AB4	0	0	1
OR52AC1	OR52AC1	0	0	1
OR52AD1	OR52AD1	0	0	1
OR52B2	OR52B2	0	0	3
OR52B4	OR52B4	0	0	6
OR52D1	OR52D1	0	0	3
OR52D3	OR52D3	0	0	1
OR52E1	OR52E1	0	0	3
OR52E2	OR52E2	0	0	6
OR52E4	OR52E4	0	0	3
OR52E6	OR52E6	0	0	1
OR52E7	OR52E7	0	0	1
OR52E8	OR52E8	0	0	3
OR52H1	OR52H1	0	0	6
OR52H2	OR52H2	0	0	1
OR52H9	OR52H9	0	0	1
OR52I1	OR52I1	6	0	0
OR52I1	OR52I2	0	2	0
OR52I2	OR52I2	1	0	0
OR52J3	OR52J3	0	0	6
OR52K1	OR52K1	0	0	3
OR52K2	OR52K2	0	0	1
OR52L1	OR52L1	1	0	5
OR52L2	OR52L2	0	0	1
OR52M1	OR52M1	0	0	1
OR52M2	OR52M2	0	0	1
OR52N1	OR52N1	0	0	3
OR52N2	OR52N2	0	0	6
OR52N2G	OR52N2G	0	0	1
OR52N4	OR52N4	0	0	3
OR52N5	OR52N5	0	0	1
OR52P1	OR52P1	0	0	1
OR52P2	OR52P2	0	0	1
OR52R1	OR52R1	0	0	6
OR52U1	OR52U1	0	0	1
OR52W1	OR52W1	0	0	6
OR52Z1	OR52Z1	0	0	1
OR55B1	OR55B1	0	0	1
OR56A1	OR56A1	6	0	0
OR56A1	OR56A3	0	2	0
OR56A1	OR56A9	0	1	0
OR56A3	OR56A3	1	0	0
OR56A4	OR56A4	0	0	3
OR56A9	OR56A9	0	0	1
OR56B1	OR56B1	0	0	3
OR56B2C	OR56B2C	1	0	0
OR56B4	OR56B4	1	0	0
OR5A1	OR5A1	0	0	6
OR5A2	OR5A2	3	0	0
OR5A2	OR5AN1	0	2	0
OR5A2	OR5B21	0	1	0
OR5AC1	OR5AC1	1	0	0
OR5AK2	OR5AK2	0	0	1
OR5AK6	OR5AK6	0	0	1
OR5AK7	OR5AK7	0	0	1
OR5AL2	OR5AL2	0	0	1
OR5AN1	OR5AN1	3	0	0
OR5AN1	OR5AN2	0	1	0
OR5AN1	OR5B21	0	1	0
OR5AN2	OR5AN2	0	0	1
OR5AP2	OR5AP2	3	0	0
OR5AP2	OR5AR1	0	1	0
OR5AR1	OR5AR1	0	0	3
OR5AS1	OR5AS1	0	0	6
OR5AU1	OR5AU1	1	0	2
OR5B12	OR5B12	3	0	0
OR5B12	OR5B2	0	6	0
OR5B12	OR5B3	0	2	0
OR5B12	OR5C1	0	6	0
OR5B17	OR5B17	1	0	0
OR5B17	OR5C1	0	2	0
OR5B2	OR5B2	3	0	0
OR5B2	OR5B3	0	2	0
OR5B2	OR5C1	0	6	0
OR5B21	OR5B21	0	0	1
OR5B3	OR5B3	1	0	0
OR5B3	OR5C1	0	2	0
OR5B32	OR5B32	0	0	1
OR5C1	OR5C1	6	0	0
OR5D14	OR5D14	3	0	0
OR5D14	OR5D18	0	6	0
OR5D14	OR5I1	0	4	0
OR5D18	OR5D18	6	0	0
OR5D18	OR5I1	0	6	0
OR5E1	OR5E1	0	0	1
OR5F1	OR5F1	0	0	1
OR5G3	OR5G3	0	0	1
OR5H13	OR5H13	1	0	0
OR5H15	OR5H15	0	0	1
OR5H15	OR5H6	0	1	0
OR5H6	OR5H6	1	0	0
OR5I1	OR5I1	1	0	5
OR5J2	OR5J2	0	0	3
OR5K1	OR5K1	0	0	3
OR5K3	OR5K3	0	0	1
OR5K4	OR5K4	0	0	1
OR5L1	OR5L1	0	0	1
OR5L1C	OR5L1C	0	0	1
OR5L2	OR5L2	0	0	1
OR5M1	OR5M1	0	0	1
OR5M10	OR5M10	0	0	3
OR5M11	OR5M11	0	0	1
OR5M8	OR5M8	0	0	1
OR5M9	OR5M9	0	0	3
OR5P2	OR5P2	3	0	0
OR5P3	OR5P3	0	0	1
OR5P4	OR5P4	0	0	1
OR5P5	OR5P5	0	0	1
OR5T1	OR5T1	6	0	0
OR5T1	OR5T2	0	4	0
OR5T2	OR5T2	1	0	2
OR5V1	OR5V1	0	0	3
OR5W2	OR5W2	0	0	6
OR5W2B	OR5W2B	0	0	1
OR6A2	OR6A2	6	0	0
OR6A2	OR6N1	0	3	0
OR6A2	OR6Y1	0	6	0
OR6B1	OR6B1	0	0	3
OR6B2	OR6B2	0	0	3
OR6B3	OR6B3	0	0	1
OR6C1	OR6C1	0	0	6
OR6C17	OR6C17	1	0	0
OR6C2	OR6C2	0	0	1
OR6C3	OR6C3	0	0	1
OR6C33	OR6C33	0	0	1
OR6C35	OR6C35	1	0	0
OR6C38	OR6C38	1	0	0
OR6C4	OR6C4	0	0	3
OR6C6	OR6C6	1	0	2
OR6C63	OR6C63	0	0	1
OR6C68	OR6C68	0	0	3
OR6C69	OR6C69	0	0	1
OR6C74	OR6C74	0	0	6
OR6C75	OR6C75	0	0	1
OR6C76	OR6C76	1	0	0
OR6E1	OR6E1	0	0	1
OR6F1	OR6F1	0	0	6
OR6K2	OR6K2	6	0	0
OR6K2	OR6K3	0	2	0
OR6K2	OR6K4	0	2	0
OR6K2	OR6K5	0	2	0
OR6K2	OR6K6	0	6	0
OR6K3	OR6K3	1	0	0
OR6K3	OR6K6	0	2	0
OR6K4	OR6K4	1	0	0
OR6K4	OR6K5	0	2	0
OR6K5	OR6K5	1	0	0
OR6K6	OR6K6	3	0	0
OR6M1	OR6M1	1	0	2
OR6M2	OR6M2	0	0	1
OR6N1	OR6N1	0	0	6
OR6N2	OR6N2	0	0	6
OR6P1	OR6P1	0	0	6
OR6Q1	OR6Q1	6	0	0
OR6Q1	OR6Z3	0	2	0
OR6S1	OR6S1	6	0	0
OR6V1	OR6V1	6	0	0
OR6X1	OR6X1	0	0	3
OR6Y1	OR6Y1	3	0	0
OR6Z3	OR6Z3	1	0	0
OR7A10	OR7A10	0	0	1
OR7A17	OR7A17	0	0	1
OR7A5	OR7A5	0	0	1
OR7A53	OR7A53	0	0	1
OR7A65	OR7A65	0	0	1
OR7C1	OR7C1	0	0	3
OR7C2	OR7C2	0	0	1
OR7D2	OR7D2	0	0	6
OR7D4	OR7D4	0	0	1
OR7E24	OR7E24	0	0	1
OR7G1	OR7G1	0	0	1
OR7G2	OR7G2	0	0	1
OR7G3	OR7G3	0	0	1
OR7G7	OR7G7	0	0	1
OR7G8	OR7G8	0	0	1
OR8A1	OR8A1	3	0	3
OR8A1	OR8B1	0	1	0
OR8A1	OR8G3	0	1	0
OR8B1	OR8B1	0	0	1
OR8B1	OR8C7	0	1	0
OR8B12	OR8B12	0	0	3
OR8B3	OR8B3	0	0	3
OR8B4	OR8B4	0	0	1
OR8B60	OR8B60	0	0	1
OR8B9	OR8B9	0	0	1
OR8C7	OR8C7	1	0	0
OR8D2	OR8D2	0	0	3
OR8D4	OR8D4	0	0	6
OR8D6	OR8D6	0	0	1
OR8G3	OR8G3	0	0	1
OR8G5	OR8G5	3	0	0
OR8H2	OR8H2	0	0	1
OR8H3	OR8H3	0	0	1
OR8I2	OR8I2	0	0	3
OR8J1	OR8J1	0	0	1
OR8J2	OR8J2	0	0	1
OR8J3	OR8J3	0	0	3
OR8K1	OR8K1	6	0	0
OR8K5	OR8K5	0	0	1
OR8S1	OR8S1	0	0	1
OR8S10	OR8S10	0	0	1
OR8S15	OR8S15	0	0	1
OR8S2	OR8S2	1	0	0
OR8S2	OR8S3	0	2	0
OR8S3	OR8S3	1	0	0
OR8U1	OR8U1	0	0	1
OR8U3	OR8U3	0	0	3
OR8U8	OR8U8	0	0	1
OR8U9	OR8U9	0	0	3
OR9A2	OR9A2	1	0	0
OR9A7	OR9A7	1	0	0
OR9G1	OR9G1	3	0	0
OR9G1	OR9G3	0	2	0
OR9G3	OR9G3	1	0	0
OR9G4	OR9G4	6	0	0
OR9I1	OR9I1	0	0	3
OR9I2	OR9I2	1	0	0
OR9K2	OR9K2	6	0	0
OR9K2	OR9K2C	0	1	0
OR9K2C	OR9K2C	0	0	1
OR9Q1	OR9Q1	0	0	1
OR9Q2	OR9Q2	0	0	1
OR9S3	OR9S3	1	0	0
ORAI1	ORAI1	1	0	0
ORAI1	ORAI2	0	2	0
ORAI1	ORAI3	0	2	0
ORAI2	ORAI2	1	0	0
ORAI2	ORAI3	0	2	0
ORAI3	ORAI3	1	0	0
ORC1	ORC1	1	0	0
ORC2	ORC2	1	0	0
ORC3	ORC3	1	0	0
ORC4	ORC4	1	0	0
ORC5	ORC5	1	0	0
ORC6	ORC6	1	0	0
ORMDL1	ORMDL1	1	0	0
ORMDL1	ORMDL2	0	2	0
ORMDL1	ORMDL3	0	2	0
ORMDL2	ORMDL2	1	0	0
ORMDL2	ORMDL3	0	2	0
ORMDL3	ORMDL3	1	0	0
OS9	OS9	1	0	0
OSBP	OSBP	1	0	0
OSBP	OSBP2	0	2	0
OSBP2	OSBP2	1	0	0
OSBPL10	OSBPL10	1	0	0
OSBPL10	OSBPL11	0	2	0
OSBPL10	OSBPL9	0	2	0
OSBPL11	OSBPL11	1	0	0
OSBPL11	OSBPL9	0	2	0
OSBPL1A	OSBPL1A	1	0	0
OSBPL1A	OSBPL2	0	2	0
OSBPL2	OSBPL2	1	0	0
OSBPL3	OSBPL3	1	0	0
OSBPL3	OSBPL6	0	2	0
OSBPL3	OSBPL7	0	2	0
OSBPL6	OSBPL6	1	0	0
OSBPL6	OSBPL7	0	2	0
OSBPL7	OSBPL7	1	0	0
OSBPL8	OSBPL8	1	0	0
OSBPL9	OSBPL9	1	0	0
OSCP1	OSCP1	1	0	0
OSER1	OSER1	1	0	0
OSGEP	OSGEP	1	0	0
OSGEP	OSGEPL1	0	2	0
OSGEPL1	OSGEPL1	1	0	0
OSGIN1	OSGIN1	1	0	0
OSGIN1	OSGIN2	0	2	0
OSGIN2	OSGIN2	1	0	0
OSM	OSM	1	0	0
OSMR	OSMR	1	0	0
OSR1	OSR1	1	0	0
OSR1	OSR2	0	2	0
OSR2	OSR2	1	0	0
OSTC	OSTC	1	0	0
OSTF1	OSTF1	1	0	0
OSTM1	OSTM1	1	0	0
OSTN	OSTN	1	0	0
OTC	OTC	1	0	0
OTOF	OTOF	1	0	0
OTOG	OTOG	1	0	0
OTOG	OTOGL	0	2	0
OTOGL	OTOGL	1	0	0
OTOL1	OTOL1	0	0	1
OTOP1	OTOP1	1	0	0
OTOP1	OTOP2	0	2	0
OTOP1	OTOP3	0	2	0
OTOP2	OTOP2	1	0	0
OTOP2	OTOP3	0	2	0
OTOP3	OTOP3	1	0	0
OTOR	OTOR	3	0	0
OTOS	OTOS	3	0	0
OTP	OTP	3	0	0
OTUB1	OTUB1	1	0	0
OTUD1	OTUD1	1	0	0
OTUD3	OTUD3	1	0	0
OTUD4	OTUD4	1	0	0
OTUD5	OTUD5	1	0	0
OTUD6B	OTUD6B	1	0	0
OTUD7A	OTUD7A	1	0	0
OTUD7A	OTUD7B	0	2	0
OTUD7B	OTUD7B	1	0	0
OTULIN	OTULIN	1	0	0
OTULIN	OTULINL	0	2	0
OTULINL	OTULINL	1	0	0
OTX1	OTX1	1	0	0
OTX1	OTX2	0	2	0
OTX2	OTX2	1	0	0
OVCH1	OVCH1	1	0	2
OVCH2	OVCH2	6	0	0
OVGP1	OVGP1	1	0	0
OVOL1	OVOL1	1	0	0
OVOL1	OVOL2	0	2	0
OVOL1	OVOL3	0	2	0
OVOL2	OVOL2	1	0	0
OVOL2	OVOL3	0	2	0
OVOL3	OVOL3	3	0	0
OXA1L	OXA1L	1	0	0
OXCT1	OXCT1	3	0	0
OXER1	OXER1	1	0	0
OXGR1	OXGR1	3	0	0
OXGR1	P2RY1	0	2	0
OXGR1	P2RY2	0	2	0
OXGR1	P2RY4	0	2	0
OXGR1	SUCNR1	0	2	0
OXLD1	OXLD1	1	0	0
OXNAD1	OXNAD1	1	0	0
OXR1	OXR1	1	0	0
OXR1	TLDC2	0	2	0
OXSM	OXSM	1	0	0
OXSR1	OXSR1	0	0	1
OXT	OXT	1	0	0
OXTR	OXTR	1	0	0
P2RX1	P2RX1	1	0	0
P2RX1	P2RX2	0	2	0
P2RX1	P2RX3	0	2	0
P2RX1	P2RX4	0	2	0
P2RX1	P2RX6	0	2	0
P2RX2	P2RX2	1	0	0
P2RX2	P2RX3	0	2	0
P2RX2	P2RX4	0	2	0
P2RX2	P2RX6	0	2	0
P2RX3	P2RX3	1	0	0
P2RX3	P2RX4	0	2	0
P2RX3	P2RX6	0	2	0
P2RX4	P2RX4	1	0	0
P2RX4	P2RX6	0	2	0
P2RX6	P2RX6	1	0	0
P2RX7	P2RX7	1	0	0
P2RY1	P2RY1	1	0	0
P2RY1	P2RY2	0	2	0
P2RY1	P2RY4	0	2	0
P2RY1	SUCNR1	0	2	0
P2RY13	P2RY13	1	0	0
P2RY13	P2RY14	0	2	0
P2RY14	P2RY14	1	0	0
P2RY2	P2RY2	1	0	0
P2RY2	P2RY4	0	2	0
P2RY2	SUCNR1	0	2	0
P2RY4	P2RY4	1	0	0
P2RY4	SUCNR1	0	2	0
P2RY6	P2RY6	1	0	0
P2RY8	P2RY8	1	0	0
P3H1	P3H1	1	0	0
P3H1	P3H2	0	2	0
P3H1	P3H3	0	2	0
P3H2	P3H2	1	0	0
P3H2	P3H3	0	2	0
P3H3	P3H3	1	0	0
P3H4	P3H4	1	0	0
P4HA1	P4HA1	1	0	0
P4HA1	P4HA2	0	2	0
P4HA1	P4HA3	0	2	0
P4HA2	P4HA2	1	0	0
P4HA2	P4HA3	0	2	0
P4HA3	P4HA3	1	0	0
P4HB	P4HB	0	0	1
P4HTM	P4HTM	1	0	0
PAAF1	PAAF1	3	0	0
PABIR2	PABIR2	3	0	0
PABIR2	PABIR3	0	2	0
PABIR3	PABIR3	1	0	0
PABPC1	PABPC1	6	0	0
PABPC1	PABPC1L	0	12	0
PABPC1	PABPC3	0	2	0
PABPC1	PABPC4	0	6	0
PABPC1L	PABPC1L	6	0	0
PABPC1L	PABPC3	0	2	0
PABPC1L	PABPC4	0	6	0
PABPC3	PABPC3	1	0	0
PABPC3	PABPC4	0	2	0
PABPC4	PABPC4	3	0	0
PABPC5	PABPC5	3	0	0
PABPN1	PABPN1	1	0	2
PABPN1L	PABPN1L	1	0	0
PACC1	PACC1	1	0	0
PACRG	PACRG	1	0	0
PACRGL	PACRGL	1	0	0
PACS1	PACS1	1	0	0
PACS1	PACS2	0	2	0
PACS2	PACS2	3	0	0
PACSIN1	PACSIN1	1	0	0
PACSIN1	PACSIN2	0	2	0
PACSIN1	PACSIN3	0	2	0
PACSIN2	PACSIN2	1	0	0
PACSIN2	PACSIN3	0	2	0
PACSIN3	PACSIN3	1	0	0
PADI1	PADI1	1	0	0
PADI1	PADI2	0	2	0
PADI1	PADI3	0	2	0
PADI1	PADI4	0	2	0
PADI1	PADI6	0	2	0
PADI2	PADI2	1	0	0
PADI2	PADI3	0	2	0
PADI2	PADI4	0	2	0
PADI2	PADI6	0	2	0
PADI3	PADI3	1	0	0
PADI3	PADI4	0	2	0
PADI3	PADI6	0	2	0
PADI4	PADI4	1	0	0
PADI4	PADI6	0	2	0
PADI6	PADI6	1	0	0
PAEP	PAEP	1	0	0
PAFAH1B1	PAFAH1B1	0	0	1
PAFAH1B2	PAFAH1B2	1	0	0
PAFAH1B2	PAFAH1B3	0	2	0
PAFAH1B3	PAFAH1B3	1	0	0
PAFAH2	PAFAH2	1	0	0
PAFAH2	PLA2G7	0	2	0
PAG1	PAG1	1	0	0
PAGE1	PAGE1	1	0	0
PAGE3	PAGE3	1	0	0
PAGE3	XAGE2	0	2	0
PAGE3	XAGE3	0	2	0
PAGE3	XAGE5	0	2	0
PAGE4	PAGE4	1	0	0
PAGE4	PAGE5	0	2	0
PAGE5	PAGE5	1	0	0
PAGR1	PAGR1	1	0	0
PAH	PAH	3	0	0
PAH	TH	0	2	0
PAH	TPH1	0	2	0
PAH	TPH2	0	2	0
PAICS	PAICS	1	0	0
PAIP1	PAIP1	1	0	0
PAIP2	PAIP2	3	0	0
PAIP2	PAIP2B	0	2	0
PAIP2B	PAIP2B	1	0	0
PAK1	PAK1	6	0	0
PAK1	PAK2	0	12	0
PAK1	PAK3	0	12	0
PAK1IP1	PAK1IP1	1	0	0
PAK2	PAK2	6	0	0
PAK2	PAK3	0	12	0
PAK3	PAK3	6	0	0
PAK4	PAK4	3	0	0
PAK4	PAK5	0	6	0
PAK5	PAK5	3	0	0
PALB2	PALB2	1	0	0
PALD1	PALD1	1	0	0
PALLD	PALLD	1	0	0
PALM	PALM	1	0	0
PALM	PALM3	0	2	0
PALM	PALMD	0	2	0
PALM2	PALM2	1	0	0
PALM3	PALM3	1	0	0
PALM3	PALMD	0	2	0
PALMD	PALMD	1	0	0
PALS1	PALS1	1	0	0
PALS1	PALS2	0	2	0
PALS2	PALS2	1	0	0
PAM	PAM	1	0	0
PAMR1	PAMR1	1	0	0
PAN2	PAN2	6	0	0
PAN3	PAN3	6	0	0
PANK1	PANK1	1	0	0
PANK1	PANK2	0	2	0
PANK1	PANK3	0	2	0
PANK2	PANK2	3	0	0
PANK2	PANK3	0	2	0
PANK3	PANK3	1	0	0
PANX1	PANX1	1	0	0
PANX1	PANX3	0	2	0
PANX2	PANX2	1	0	0
PANX3	PANX3	1	0	0
PAOX	PAOX	1	0	0
PAOX	SMOX	0	2	0
PAPLN	PAPLN	1	0	0
PAPOLA	PAPOLA	3	0	0
PAPOLA	PAPOLB	0	2	0
PAPOLA	PAPOLG	0	6	0
PAPOLB	PAPOLB	1	0	0
PAPOLB	PAPOLG	0	2	0
PAPOLG	PAPOLG	3	0	0
PAPPA	PAPPA	1	0	0
PAPPA	PAPPA2	0	2	0
PAPPA2	PAPPA2	1	0	0
PAPSS1	PAPSS1	3	0	0
PAPSS1	PAPSS2	0	2	0
PAPSS2	PAPSS2	1	0	0
PAQR3	PAQR3	1	0	0
PAQR4	PAQR4	1	0	0
PAQR5	PAQR5	1	0	0
PAQR5	PAQR6	0	2	0
PAQR5	PAQR9	0	2	0
PAQR6	PAQR6	3	0	0
PAQR6	PAQR9	0	2	0
PAQR7	PAQR7	1	0	0
PAQR7	PAQR8	0	2	0
PAQR8	PAQR8	3	0	0
PAQR9	PAQR9	1	0	0
PARD3	PARD3	1	0	0
PARD3	PARD3B	0	2	0
PARD3B	PARD3B	1	0	0
PARD6A	PARD6A	1	0	0
PARD6A	PARD6B	0	2	0
PARD6A	PARD6G	0	2	0
PARD6B	PARD6B	1	0	0
PARD6B	PARD6G	0	2	0
PARD6G	PARD6G	3	0	0
PARG	PARG	3	0	0
PARK7	PARK7	1	0	0
PARL	PARL	6	0	0
PARN	PARN	3	0	0
PARN	PNLDC1	0	2	0
PARP1	PARP1	3	0	0
PARP1	PARP2	0	6	0
PARP1	PARP3	0	6	0
PARP11	PARP11	3	0	0
PARP12	PARP12	3	0	0
PARP12	ZC3HAV1	0	2	0
PARP12	ZC3HAV1L	0	6	0
PARP14	PARP14	3	0	0
PARP15	PARP15	3	0	0
PARP16	PARP16	3	0	0
PARP2	PARP2	6	0	0
PARP2	PARP3	0	6	0
PARP3	PARP3	3	0	0
PARP4	PARP4	1	0	0
PARP6	PARP6	3	0	0
PARP6	PARP8	0	2	0
PARP8	PARP8	3	0	0
PARP9	PARP9	6	0	0
PARPBP	PARPBP	1	0	0
PARS2	PARS2	1	0	0
PARVA	PARVA	1	0	0
PARVA	PARVB	0	2	0
PARVA	PARVG	0	2	0
PARVB	PARVB	1	0	0
PARVB	PARVG	0	2	0
PARVG	PARVG	1	0	0
PASD1	PASD1	1	0	0
PASK	PASK	1	0	0
PATE1	PATE1	1	0	0
PATJ	PATJ	1	0	0
PATL1	PATL1	1	0	0
PATL1	PATL2	0	2	0
PATL2	PATL2	1	0	0
PATZ1	PATZ1	1	0	0
PAWR	PAWR	1	0	0
PAX1	PAX1	3	0	0
PAX1	PAX6	0	2	0
PAX1	PAX9	0	2	0
PAX2	PAX2	1	0	0
PAX2	PAX3	0	2	0
PAX2	PAX5	0	2	0
PAX2	PAX7	0	2	0
PAX2	PAX8	0	2	0
PAX3	PAX3	1	0	0
PAX3	PAX5	0	2	0
PAX3	PAX7	0	2	0
PAX3	PAX8	0	2	0
PAX4	PAX4	6	0	0
PAX5	PAX5	1	0	0
PAX5	PAX7	0	2	0
PAX5	PAX8	0	2	0
PAX6	PAX6	1	0	0
PAX6	PAX9	0	2	0
PAX7	PAX7	3	0	0
PAX7	PAX8	0	2	0
PAX8	PAX8	1	0	0
PAX9	PAX9	1	0	0
PAXBP1	PAXBP1	1	0	0
PAXIP1	PAXIP1	1	0	0
PAXX	PAXX	1	0	0
PBDC1	PBDC1	1	0	0
PBK	PBK	3	0	0
PBLD	PBLD	1	0	0
PBRM1	PBRM1	1	0	0
PBX1	PBX1	1	0	0
PBX1	PBX2	0	2	0
PBX1	PBX3	0	2	0
PBX1	PBX4	0	2	0
PBX2	PBX2	1	0	0
PBX2	PBX3	0	2	0
PBX2	PBX4	0	2	0
PBX3	PBX3	1	0	0
PBX3	PBX4	0	2	0
PBX4	PBX4	1	0	0
PBXIP1	PBXIP1	1	0	0
PC	PC	6	0	0
PCARE	PCARE	3	0	0
PCBD1	PCBD1	1	0	0
PCBD1	PCBD2	0	2	0
PCBD2	PCBD2	3	0	0
PCBP1	PCBP1	1	0	0
PCBP1	PCBP2	0	2	0
PCBP1	PCBP3	0	2	0
PCBP1	PCBP4	0	2	0
PCBP2	PCBP2	3	0	0
PCBP2	PCBP3	0	6	0
PCBP2	PCBP4	0	2	0
PCBP3	PCBP3	6	0	0
PCBP3	PCBP4	0	6	0
PCBP4	PCBP4	3	0	0
PCCA	PCCA	1	0	0
PCCB	PCCB	1	0	0
PCDH1	PCDH1	0	0	1
PCDH1	PCDH12	0	1	0
PCDH1	PCDH17	0	1	0
PCDH1	PCDH18	0	1	0
PCDH1	PCDH9	0	1	0
PCDH10	PCDH10	0	0	1
PCDH12	PCDH12	1	0	0
PCDH12	PCDH17	0	2	0
PCDH12	PCDH18	0	2	0
PCDH12	PCDH7	0	1	0
PCDH12	PCDH9	0	2	0
PCDH15	PCDH15	3	0	0
PCDH17	PCDH17	3	0	0
PCDH17	PCDH18	0	2	0
PCDH17	PCDH7	0	4	0
PCDH17	PCDH9	0	2	0
PCDH18	PCDH18	1	0	0
PCDH18	PCDH7	0	1	0
PCDH18	PCDH9	0	2	0
PCDH19	PCDH19	0	0	1
PCDH20	PCDH20	0	0	3
PCDH7	PCDH7	1	0	2
PCDH7	PCDH9	0	1	0
PCDH8	PCDH8	0	0	1
PCDH9	PCDH9	1	0	0
PCED1A	PCED1A	1	0	0
PCED1A	PCED1B	0	2	0
PCED1B	PCED1B	1	0	0
PCF11	PCF11	1	0	0
PCGF1	PCGF1	1	0	0
PCGF1	PCGF2	0	2	0
PCGF1	PCGF3	0	2	0
PCGF1	PCGF5	0	2	0
PCGF2	PCGF2	1	0	0
PCGF2	PCGF3	0	2	0
PCGF2	PCGF5	0	2	0
PCGF3	PCGF3	1	0	0
PCGF3	PCGF5	0	2	0
PCGF5	PCGF5	1	0	0
PCGF6	PCGF6	1	0	0
PCID2	PCID2	1	0	0
PCIF1	PCIF1	1	0	0
PCK1	PCK1	1	0	0
PCK1	PCK2	0	2	0
PCK2	PCK2	1	0	0
PCLAF	PCLAF	1	0	0
PCLO	PCLO	1	0	0
PCM1	PCM1	1	0	0
PCMT1	PCMT1	6	0	0
PCMTD1	PCMTD1	3	0	0
PCMTD1	PCMTD2	0	2	0
PCMTD2	PCMTD2	3	0	0
PCNA	PCNA	1	0	0
PCNP	PCNP	1	0	0
PCNT	PCNT	1	0	0
PCNX1	PCNX1	1	0	0
PCNX1	PCNX2	0	2	0
PCNX1	PCNX3	0	2	0
PCNX2	PCNX2	1	0	0
PCNX2	PCNX3	0	2	0
PCNX3	PCNX3	1	0	0
PCNX4	PCNX4	1	0	0
PCOLCE	PCOLCE	1	0	0
PCOLCE	PCOLCE2	0	2	0
PCOLCE2	PCOLCE2	1	0	0
PCP2	PCP2	1	0	0
PCP4	PCP4	1	0	0
PCP4	PCP4L1	0	2	0
PCP4L1	PCP4L1	3	0	0
PCSK1	PCSK1	1	0	0
PCSK1	PCSK2	0	2	0
PCSK1	PCSK4	0	2	0
PCSK1	PCSK7	0	2	0
PCSK2	PCSK2	1	0	0
PCSK2	PCSK4	0	2	0
PCSK2	PCSK7	0	2	0
PCSK4	PCSK4	3	0	0
PCSK4	PCSK7	0	2	0
PCSK5	PCSK5	3	0	0
PCSK6	PCSK6	6	0	0
PCSK7	PCSK7	1	0	0
PCSK9	PCSK9	1	0	0
PCTP	PCTP	1	0	0
PCYOX1	PCYOX1	1	0	0
PCYOX1	PCYOX1L	0	2	0
PCYOX1L	PCYOX1L	1	0	0
PCYT1B	PCYT1B	1	0	0
PCYT2	PCYT2	1	0	0
PDAP1	PDAP1	1	0	0
PDC	PDC	1	0	0
PDC	PDCL	0	2	0
PDCD1	PDCD1	1	0	0
PDCD10	PDCD10	3	0	0
PDCD11	PDCD11	1	0	0
PDCD1LG2	PDCD1LG2	3	0	0
PDCD2	PDCD2	1	0	0
PDCD2L	PDCD2L	6	0	0
PDCD4	PDCD4	1	0	0
PDCD5	PDCD5	1	0	0
PDCD6	PDCD6	0	0	1
PDCD6	PEF1	0	1	0
PDCD6	SRI	0	1	0
PDCD6IP	PDCD6IP	1	0	0
PDCD7	PDCD7	6	0	0
PDCL	PDCL	1	0	0
PDCL2	PDCL2	1	0	0
PDE10A	PDE10A	1	0	0
PDE10A	PDE11A	0	2	0
PDE10A	PDE2A	0	2	0
PDE10A	PDE5A	0	2	0
PDE11A	PDE11A	1	0	0
PDE11A	PDE2A	0	2	0
PDE11A	PDE5A	0	2	0
PDE12	PDE12	1	0	0
PDE1A	PDE1A	1	0	0
PDE1A	PDE1C	0	2	0
PDE1B	PDE1B	1	0	0
PDE1B	PDE7A	0	2	0
PDE1B	PDE7B	0	2	0
PDE1C	PDE1C	1	0	0
PDE2A	PDE2A	1	0	0
PDE2A	PDE5A	0	2	0
PDE3A	PDE3A	1	0	0
PDE3A	PDE3B	0	2	0
PDE3B	PDE3B	3	0	0
PDE4A	PDE4A	1	0	0
PDE4A	PDE4B	0	2	0
PDE4A	PDE4C	0	2	0
PDE4A	PDE4D	0	2	0
PDE4B	PDE4B	1	0	0
PDE4B	PDE4C	0	2	0
PDE4B	PDE4D	0	2	0
PDE4C	PDE4C	1	0	0
PDE4C	PDE4D	0	2	0
PDE4D	PDE4D	1	0	0
PDE5A	PDE5A	1	0	0
PDE6A	PDE6A	1	0	0
PDE6A	PDE6C	0	2	0
PDE6C	PDE6C	1	0	0
PDE6D	PDE6D	1	0	0
PDE6G	PDE6G	1	0	0
PDE6G	PDE6H	0	2	0
PDE6H	PDE6H	1	0	0
PDE7A	PDE7A	1	0	0
PDE7A	PDE7B	0	2	0
PDE7B	PDE7B	1	0	0
PDE8A	PDE8A	1	0	0
PDE8A	PDE8B	0	2	0
PDE8B	PDE8B	1	0	0
PDE9A	PDE9A	1	0	0
PDF	PDF	1	0	0
PDGFB	PDGFB	1	0	0
PDGFC	PDGFC	3	0	0
PDGFC	PDGFD	0	2	0
PDGFD	PDGFD	1	0	0
PDGFRA	PDGFRA	1	0	0
PDGFRA	PDGFRB	0	2	0
PDGFRB	PDGFRB	1	0	0
PDGFRL	PDGFRL	1	0	0
PDHA1	PDHA1	6	0	0
PDHA1	PDHA2	0	2	0
PDHA2	PDHA2	1	0	0
PDHB	PDHB	3	0	0
PDHX	PDHX	0	0	1
PDIA3	PDIA3	0	0	1
PDIA4	PDIA4	0	0	1
PDIA5	PDIA5	1	0	0
PDIA6	PDIA6	1	0	0
PDIA6	TXNDC5	0	2	0
PDIK1L	PDIK1L	1	0	0
PDIK1L	STK35	0	2	0
PDILT	PDILT	1	0	0
PDK1	PDK1	1	0	0
PDK1	PDK2	0	2	0
PDK1	PDK3	0	2	0
PDK1	PDK4	0	2	0
PDK2	PDK2	1	0	0
PDK2	PDK3	0	2	0
PDK2	PDK4	0	2	0
PDK3	PDK3	1	0	0
PDK3	PDK4	0	2	0
PDK4	PDK4	1	0	0
PDLIM1	PDLIM1	3	0	0
PDLIM1	PDLIM2	0	2	0
PDLIM1	PDLIM3	0	2	0
PDLIM1	PDLIM4	0	2	0
PDLIM2	PDLIM2	1	0	0
PDLIM2	PDLIM3	0	2	0
PDLIM2	PDLIM4	0	2	0
PDLIM3	PDLIM3	1	0	0
PDLIM3	PDLIM4	0	2	0
PDLIM4	PDLIM4	1	0	0
PDLIM5	PDLIM5	1	0	0
PDLIM5	PDLIM7	0	2	0
PDLIM5	PXN	0	2	0
PDLIM5	TGFB1I1	0	2	0
PDLIM7	PDLIM7	1	0	0
PDLIM7	PXN	0	2	0
PDLIM7	TGFB1I1	0	2	0
PDP1	PDP1	1	0	0
PDP1	PDP2	0	2	0
PDP2	PDP2	1	0	0
PDPK1	PDPK1	3	0	0
PDPN	PDPN	3	0	0
PDRG1	PDRG1	1	0	0
PDS5A	PDS5A	1	0	0
PDS5A	PDS5B	0	2	0
PDS5B	PDS5B	1	0	0
PDSS1	PDSS1	1	0	0
PDSS2	PDSS2	1	0	0
PDX1	PDX1	1	0	0
PDXK	PDXK	1	0	0
PDXP	PDXP	1	0	0
PDXP	PGP	0	2	0
PDYN	PDYN	1	0	0
PDYN	PENK	0	2	0
PDZD11	PDZD11	1	0	0
PDZD2	PDZD2	1	0	0
PDZD3	PDZD3	1	0	0
PDZD4	PDZD4	1	0	0
PDZD4	PDZRN3	0	2	0
PDZD4	PDZRN4	0	2	0
PDZD7	PDZD7	3	0	0
PDZD8	PDZD8	1	0	0
PDZD9	PDZD9	1	0	0
PDZK1	PDZK1	3	0	0
PDZK1	SLC9A3R1	0	2	0
PDZK1	SLC9A3R2	0	2	0
PDZK1IP1	PDZK1IP1	1	0	0
PDZRN3	PDZRN3	3	0	0
PDZRN3	PDZRN4	0	2	0
PDZRN4	PDZRN4	1	0	0
PEA15	PEA15	1	0	0
PEAK1	PEAK1	1	0	0
PEAK3	PEAK3	1	0	2
PEAR1	PEAR1	1	0	0
PEAR1	SCARF1	0	2	0
PEAR1	SCARF2	0	2	0
PEBP1	PEBP1	1	0	0
PEBP4	PEBP4	1	0	0
PECAM1	PECAM1	1	0	0
PECR	PECR	0	0	1
PEDS1	PEDS1	3	0	0
PEF1	PEF1	1	0	0
PEF1	SRI	0	2	0
PEG10	PEG10	1	0	0
PEG3	PEG3	1	0	0
PELI1	PELI1	1	0	0
PELI1	PELI2	0	2	0
PELI1	PELI3	0	2	0
PELI2	PELI2	1	0	0
PELI2	PELI3	0	2	0
PELI3	PELI3	1	0	0
PELO	PELO	1	0	0
PELP1	PELP1	1	0	0
PEMT	PEMT	1	0	0
PENK	PENK	3	0	0
PEPD	PEPD	1	0	0
PER1	PER1	1	0	0
PER1	PER2	0	2	0
PER1	PER3	0	2	0
PER2	PER2	1	0	0
PER2	PER3	0	2	0
PER3	PER3	1	0	0
PERM1	PERM1	1	0	0
PERP	PERP	1	0	0
PES1	PES1	1	0	0
PET117	PET117	1	0	0
PEX1	PEX1	3	0	0
PEX10	PEX10	3	0	0
PEX11A	PEX11A	1	0	0
PEX11A	PEX11B	0	2	0
PEX11B	PEX11B	1	0	0
PEX11G	PEX11G	1	0	0
PEX12	PEX12	1	0	0
PEX13	PEX13	1	0	0
PEX14	PEX14	1	0	0
PEX16	PEX16	1	0	0
PEX19	PEX19	1	0	0
PEX2	PEX2	3	0	0
PEX26	PEX26	0	0	1
PEX3	PEX3	1	0	0
PEX5	PEX5	1	0	0
PEX5	PEX5L	0	2	0
PEX5L	PEX5L	1	0	0
PEX6	PEX6	1	0	0
PEX7	PEX7	1	0	0
PF4	PF4	1	0	0
PF4	PF4V1	0	2	0
PF4	PPBP	0	2	0
PF4V1	PF4V1	1	0	0
PF4V1	PPBP	0	2	0
PFAS	PFAS	1	0	0
PFDN1	PFDN1	1	0	0
PFDN2	PFDN2	3	0	0
PFDN4	PFDN4	1	0	0
PFDN5	PFDN5	1	0	0
PFDN6	PFDN6	1	0	0
PFKFB1	PFKFB1	1	0	0
PFKFB1	PFKFB2	0	2	0
PFKFB1	PFKFB3	0	2	0
PFKFB1	PFKFB4	0	2	0
PFKFB2	PFKFB2	1	0	0
PFKFB2	PFKFB3	0	2	0
PFKFB2	PFKFB4	0	2	0
PFKFB3	PFKFB3	1	0	0
PFKFB3	PFKFB4	0	2	0
PFKFB4	PFKFB4	1	0	0
PFKL	PFKL	1	0	0
PFKL	PFKM	0	2	0
PFKL	PFKP	0	2	0
PFKM	PFKM	1	0	0
PFKM	PFKP	0	2	0
PFKP	PFKP	1	0	0
PFN1	PFN1	3	0	0
PFN1	PFN2	0	2	0
PFN1	PFN3	0	2	0
PFN2	PFN2	1	0	0
PFN2	PFN3	0	2	0
PFN3	PFN3	1	0	0
PFN4	PFN4	1	0	0
PGAM1	PGAM1	3	0	0
PGAM5	PGAM5	3	0	0
PGAP1	PGAP1	1	0	0
PGAP2	PGAP2	1	0	0
PGAP3	PGAP3	1	0	0
PGAP4	PGAP4	1	0	0
PGAP6	PGAP6	1	0	0
PGAP6	TMEM8B	0	2	0
PGBD1	PGBD1	3	0	0
PGBD1	ZSCAN5A	0	2	0
PGBD1	ZSCAN5B	0	2	0
PGBD2	PGBD2	1	0	0
PGBD2	PGBD4	0	2	0
PGBD4	PGBD4	1	0	0
PGBD5	PGBD5	1	0	0
PGC	PGC	0	0	1
PGD	PGD	1	0	0
PGF	PGF	1	0	0
PGF	VEGFA	0	2	0
PGF	VEGFB	0	2	0
PGGT1B	PGGT1B	1	0	0
PGGT1B	RABGGTB	0	2	0
PGK1	PGK1	1	0	0
PGK1	PGK2	0	2	0
PGK2	PGK2	1	0	0
PGLS	PGLS	1	0	0
PGLYRP1	PGLYRP1	1	0	0
PGLYRP1	PGLYRP3	0	2	0
PGLYRP1	PGLYRP4	0	2	0
PGLYRP2	PGLYRP2	1	0	0
PGLYRP3	PGLYRP3	3	0	0
PGLYRP3	PGLYRP4	0	2	0
PGLYRP4	PGLYRP4	1	0	0
PGM1	PGM1	1	0	0
PGM1	PGM5	0	2	0
PGM2	PGM2	1	0	0
PGM2	PGM2L1	0	2	0
PGM2L1	PGM2L1	1	0	0
PGM3	PGM3	1	0	0
PGM5	PGM5	1	0	0
PGP	PGP	1	0	0
PGPEP1	PGPEP1	1	0	0
PGR	PGR	1	0	0
PGRMC1	PGRMC1	1	0	0
PGRMC1	PGRMC2	0	2	0
PGRMC2	PGRMC2	1	0	0
PGS1	PGS1	1	0	0
PHACTR1	PHACTR1	1	0	0
PHACTR1	PHACTR2	0	2	0
PHACTR1	PHACTR3	0	2	0
PHACTR1	PHACTR4	0	2	0
PHACTR2	PHACTR2	1	0	0
PHACTR2	PHACTR3	0	2	0
PHACTR2	PHACTR4	0	2	0
PHACTR3	PHACTR3	3	0	0
PHACTR3	PHACTR4	0	2	0
PHACTR4	PHACTR4	1	0	0
PHAF1	PHAF1	6	0	0
PHAX	PHAX	3	0	0
PHB1	PHB1	3	0	0
PHB1	PHB2	0	2	0
PHB2	PHB2	1	0	0
PHC1	PHC1	1	0	0
PHC1	PHC2	0	2	0
PHC1	PHC3	0	2	0
PHC2	PHC2	1	0	0
PHC2	PHC3	0	2	0
PHC3	PHC3	3	0	0
PHETA1	PHETA1	1	0	0
PHETA1	PHETA2	0	2	0
PHETA2	PHETA2	1	0	0
PHEX	PHEX	0	0	6
PHF1	PHF1	1	0	0
PHF1	PHF19	0	2	0
PHF10	PHF10	1	0	0
PHF11	PHF11	1	0	0
PHF12	PHF12	1	0	0
PHF13	PHF13	3	0	0
PHF13	PHF23	0	2	0
PHF14	PHF14	1	0	0
PHF19	PHF19	1	0	2
PHF2	PHF2	1	0	0
PHF2	PHF8	0	2	0
PHF20	PHF20	1	0	0
PHF20	PHF20L1	0	2	0
PHF20L1	PHF20L1	1	0	0
PHF21A	PHF21A	1	0	0
PHF21A	PHF21B	0	2	0
PHF21B	PHF21B	1	0	0
PHF23	PHF23	1	0	0
PHF24	PHF24	1	0	0
PHF3	PHF3	1	0	0
PHF5A	PHF5A	1	0	0
PHF6	PHF6	1	0	0
PHF7	PHF7	1	0	0
PHF8	PHF8	1	0	0
PHGDH	PHGDH	3	0	0
PHGR1	PHGR1	1	0	0
PHIP	PHIP	1	0	0
PHKA1	PHKA1	1	0	0
PHKA1	PHKA2	0	2	0
PHKA2	PHKA2	1	0	0
PHKB	PHKB	1	0	0
PHKG1	PHKG1	0	0	1
PHKG2	PHKG2	1	0	0
PHLDA1	PHLDA1	1	0	0
PHLDA2	PHLDA2	0	0	1
PHLDA2	PHLDA3	0	1	0
PHLDA3	PHLDA3	1	0	0
PHLDB1	PHLDB1	1	0	0
PHLDB1	PHLDB2	0	2	0
PHLDB2	PHLDB2	1	0	0
PHLDB3	PHLDB3	1	0	0
PHLPP1	PHLPP1	1	0	0
PHLPP1	PHLPP2	0	2	0
PHLPP2	PHLPP2	1	0	0
PHOSPHO1	PHOSPHO1	1	0	0
PHOSPHO1	PHOSPHO2	0	2	0
PHOSPHO2	PHOSPHO2	1	0	0
PHOX2A	PHOX2A	1	0	0
PHOX2A	PHOX2B	0	2	0
PHOX2A	VAX1	0	2	0
PHOX2A	VAX2	0	2	0
PHOX2B	PHOX2B	1	0	0
PHOX2B	VAX1	0	2	0
PHOX2B	VAX2	0	2	0
PHPT1	PHPT1	1	0	0
PHRF1	PHRF1	1	0	0
PHTF2	PHTF2	1	0	0
PHYH	PHYH	1	0	0
PHYHD1	PHYHD1	3	0	0
PHYHIP	PHYHIP	1	0	0
PHYHIP	PHYHIPL	0	2	0
PHYHIPL	PHYHIPL	1	0	0
PHYKPL	PHYKPL	0	0	6
PI15	PI15	1	0	0
PI16	PI16	1	0	0
PI3	PI3	1	0	0
PI3	SLPI	0	2	0
PI3	WFDC12	0	2	0
PI4K2A	PI4K2A	1	0	0
PI4KA	PI4KA	6	0	0
PI4KB	PI4KB	1	0	0
PIANP	PIANP	1	0	0
PIAS1	PIAS1	1	0	0
PIAS1	PIAS2	0	2	0
PIAS1	PIAS3	0	2	0
PIAS1	PIAS4	0	2	0
PIAS2	PIAS2	1	0	0
PIAS2	PIAS3	0	2	0
PIAS2	PIAS4	0	2	0
PIAS3	PIAS3	1	0	0
PIAS3	PIAS4	0	2	0
PIAS4	PIAS4	1	0	0
PIBF1	PIBF1	1	0	0
PICALM	PICALM	1	0	0
PICALM	SNAP91	0	2	0
PICK1	PICK1	1	0	0
PID1	PID1	1	0	0
PIEZO1	PIEZO1	1	0	0
PIEZO1	PIEZO2	0	2	0
PIEZO2	PIEZO2	1	0	0
PIF1	PIF1	1	0	0
PIFO	PIFO	1	0	0
PIGA	PIGA	1	0	0
PIGB	PIGB	3	0	0
PIGC	PIGC	1	0	0
PIGF	PIGF	1	0	0
PIGG	PIGG	1	0	0
PIGH	PIGH	1	0	0
PIGK	PIGK	1	0	0
PIGL	PIGL	1	0	0
PIGN	PIGN	1	0	0
PIGO	PIGO	1	0	0
PIGP	PIGP	1	0	0
PIGQ	PIGQ	1	0	0
PIGR	PIGR	1	0	0
PIGS	PIGS	1	0	0
PIGT	PIGT	1	0	0
PIGU	PIGU	1	0	0
PIGV	PIGV	1	0	0
PIGW	PIGW	1	0	0
PIGX	PIGX	3	0	0
PIGZ	PIGZ	1	0	0
PIH1D1	PIH1D1	1	0	0
PIH1D2	PIH1D2	1	0	0
PIK3AP1	PIK3AP1	1	0	0
PIK3C2A	PIK3C2A	1	0	0
PIK3C2A	PIK3C2B	0	2	0
PIK3C2A	PIK3C2G	0	2	0
PIK3C2B	PIK3C2B	1	0	0
PIK3C2B	PIK3C2G	0	2	0
PIK3C2G	PIK3C2G	1	0	0
PIK3C3	PIK3C3	1	0	0
PIK3CA	PIK3CA	1	0	0
PIK3CA	PIK3CB	0	2	0
PIK3CA	PIK3CD	0	2	0
PIK3CA	PIK3CG	0	2	0
PIK3CB	PIK3CB	1	0	0
PIK3CB	PIK3CD	0	2	0
PIK3CB	PIK3CG	0	2	0
PIK3CD	PIK3CD	1	0	0
PIK3CD	PIK3CG	0	2	0
PIK3CG	PIK3CG	1	0	0
PIK3IP1	PIK3IP1	1	0	0
PIK3R1	PIK3R1	1	0	0
PIK3R1	PIK3R2	0	2	0
PIK3R1	PIK3R3	0	2	0
PIK3R2	PIK3R2	6	0	0
PIK3R2	PIK3R3	0	2	0
PIK3R3	PIK3R3	1	0	0
PIK3R4	PIK3R4	1	0	0
PIK3R5	PIK3R5	1	0	0
PIK3R6	PIK3R6	1	0	0
PIKFYVE	PIKFYVE	1	0	0
PILRA	PILRA	1	0	0
PIM1	PIM1	1	0	0
PIM1	PIM2	0	2	0
PIM1	PIM3	0	2	0
PIM2	PIM2	1	0	0
PIM2	PIM3	0	2	0
PIM3	PIM3	1	0	0
PIMREG	PIMREG	1	0	0
PIN1	PIN1	1	0	0
PINK1	PINK1	1	0	0
PINLYP	PINLYP	3	0	0
PINX1	PINX1	3	0	0
PIP	PIP	1	0	0
PIP4K2A	PIP4K2A	3	0	0
PIP4K2A	PIP4K2B	0	2	0
PIP4K2A	PIP4K2C	0	2	0
PIP4K2A	PIP5KL1	0	2	0
PIP4K2B	PIP4K2B	1	0	0
PIP4K2B	PIP4K2C	0	2	0
PIP4K2B	PIP5KL1	0	2	0
PIP4K2C	PIP4K2C	1	0	0
PIP4K2C	PIP5KL1	0	2	0
PIP4P1	PIP4P1	1	0	0
PIP4P1	PIP4P2	0	2	0
PIP4P2	PIP4P2	1	0	0
PIP5K1A	PIP5K1A	3	0	0
PIP5K1B	PIP5K1B	1	0	0
PIP5K1C	PIP5K1C	1	0	0
PIP5KL1	PIP5KL1	1	0	0
PIPOX	PIPOX	1	0	0
PIR	PIR	1	0	0
PIRT	PIRT	1	0	0
PISD	PISD	1	0	0
PITHD1	PITHD1	1	0	0
PITPNA	PITPNA	1	0	0
PITPNA	PITPNB	0	2	0
PITPNA	PITPNC1	0	2	0
PITPNA	PITPNM1	0	2	0
PITPNA	PITPNM2	0	2	0
PITPNB	PITPNB	1	0	0
PITPNB	PITPNC1	0	2	0
PITPNB	PITPNM1	0	2	0
PITPNB	PITPNM2	0	2	0
PITPNC1	PITPNC1	1	0	0
PITPNC1	PITPNM1	0	2	0
PITPNC1	PITPNM2	0	2	0
PITPNM1	PITPNM1	1	0	0
PITPNM1	PITPNM2	0	2	0
PITPNM2	PITPNM2	1	0	0
PITPNM3	PITPNM3	3	0	0
PITRM1	PITRM1	1	0	0
PITX1	PITX1	1	0	0
PITX1	PITX2	0	2	0
PITX1	PITX3	0	2	0
PITX2	PITX2	1	0	0
PITX2	PITX3	0	2	0
PITX3	PITX3	1	0	0
PIWIL1	PIWIL1	1	0	0
PIWIL1	PIWIL2	0	2	0
PIWIL1	PIWIL3	0	2	0
PIWIL1	PIWIL4	0	2	0
PIWIL2	PIWIL2	1	0	0
PIWIL2	PIWIL3	0	2	0
PIWIL2	PIWIL4	0	2	0
PIWIL3	PIWIL3	1	0	0
PIWIL3	PIWIL4	0	2	0
PIWIL4	PIWIL4	1	0	0
PJA2	PJA2	1	0	0
PJVK	PJVK	1	0	0
PKD1L1	PKD1L1	1	0	0
PKD1L2	PKD1L2	1	0	0
PKD1L3	PKD1L3	1	0	0
PKD2	PKD2	1	0	0
PKD2	PKD2L1	0	2	0
PKD2	PKD2L2	0	2	0
PKD2L1	PKD2L1	1	0	0
PKD2L1	PKD2L2	0	2	0
PKD2L2	PKD2L2	1	0	0
PKDCC	PKDCC	1	0	0
PKDREJ	PKDREJ	1	0	0
PKHD1	PKHD1	1	0	0
PKIA	PKIA	1	0	0
PKIA	PKIB	0	2	0
PKIA	PKIG	0	2	0
PKIB	PKIB	1	0	0
PKIB	PKIG	0	2	0
PKIG	PKIG	1	0	0
PKLR	PKLR	0	0	1
PKM	PKM	0	0	3
PKMYT1	PKMYT1	1	0	0
PKN1	PKN1	0	0	1
PKN2	PKN2	0	0	1
PKN3	PKN3	0	0	1
PKNOX1	PKNOX1	1	0	0
PKNOX1	PKNOX2	0	2	0
PKNOX2	PKNOX2	1	0	0
PKP1	PKP1	1	0	0
PKP1	PKP2	0	2	0
PKP2	PKP2	1	0	0
PKP4	PKP4	1	0	0
PLA1A	PLA1A	1	0	0
PLA1A	PNLIP	0	2	0
PLA1A	PNLIPRP3	0	2	0
PLA2G10	PLA2G10	1	0	0
PLA2G12A	PLA2G12A	1	0	0
PLA2G12A	PLA2G12B	0	2	0
PLA2G12B	PLA2G12B	1	0	0
PLA2G15	PLA2G15	1	0	0
PLA2G1B	PLA2G1B	1	0	0
PLA2G1B	PLA2G2A	0	2	0
PLA2G1B	PLA2G2C	0	2	0
PLA2G1B	PLA2G2D	0	2	0
PLA2G1B	PLA2G2E	0	2	0
PLA2G1B	PLA2G2F	0	2	0
PLA2G1B	PLA2G5	0	2	0
PLA2G2A	PLA2G2A	1	0	0
PLA2G2A	PLA2G2C	0	2	0
PLA2G2A	PLA2G2D	0	2	0
PLA2G2A	PLA2G2E	0	2	0
PLA2G2A	PLA2G2F	0	2	0
PLA2G2A	PLA2G5	0	2	0
PLA2G2C	PLA2G2C	3	0	0
PLA2G2C	PLA2G2D	0	2	0
PLA2G2C	PLA2G2E	0	2	0
PLA2G2C	PLA2G2F	0	2	0
PLA2G2C	PLA2G5	0	2	0
PLA2G2D	PLA2G2D	1	0	0
PLA2G2D	PLA2G2E	0	2	0
PLA2G2D	PLA2G2F	0	2	0
PLA2G2D	PLA2G5	0	2	0
PLA2G2E	PLA2G2E	1	0	0
PLA2G2E	PLA2G2F	0	2	0
PLA2G2E	PLA2G5	0	2	0
PLA2G2F	PLA2G2F	1	0	0
PLA2G2F	PLA2G5	0	2	0
PLA2G3	PLA2G3	1	0	0
PLA2G4A	PLA2G4A	1	0	0
PLA2G4C	PLA2G4C	1	0	0
PLA2G4D	PLA2G4D	1	0	0
PLA2G4D	PLA2G4E	0	2	0
PLA2G4D	PLA2G4F	0	2	0
PLA2G4E	PLA2G4E	3	0	0
PLA2G4E	PLA2G4F	0	2	0
PLA2G4F	PLA2G4F	1	0	0
PLA2G5	PLA2G5	1	0	0
PLA2G6	PLA2G6	1	0	0
PLA2G7	PLA2G7	1	0	0
PLA2R1	PLA2R1	1	0	0
PLAA	PLAA	1	0	0
PLAAT1	PLAAT1	1	0	2
PLAAT1	PLAAT2	0	2	0
PLAAT1	PLAAT3	0	2	0
PLAAT1	PLAAT4	0	2	0
PLAAT1	PLAAT5	0	2	0
PLAAT2	PLAAT2	1	0	0
PLAAT2	PLAAT3	0	2	0
PLAAT2	PLAAT4	0	2	0
PLAAT2	PLAAT5	0	2	0
PLAAT3	PLAAT3	3	0	0
PLAAT3	PLAAT4	0	2	0
PLAAT3	PLAAT5	0	6	0
PLAAT4	PLAAT4	1	0	0
PLAAT4	PLAAT5	0	2	0
PLAAT5	PLAAT5	3	0	0
PLAC1	PLAC1	1	0	0
PLAC8	PLAC8	13	0	2
PLAC8L1	PLAC8L1	1	0	0
PLAC9	PLAC9	1	0	0
PLAG1	PLAG1	1	0	0
PLAG1	PLAGL1	0	2	0
PLAG1	PLAGL2	0	2	0
PLAGL1	PLAGL1	1	0	0
PLAGL1	PLAGL2	0	2	0
PLAGL2	PLAGL2	1	0	0
PLAT	PLAT	1	0	0
PLAU	PLAU	1	0	0
PLAUR	PLAUR	3	0	0
PLB1	PLB1	1	0	0
PLBD1	PLBD1	1	0	0
PLBD1	PLBD2	0	2	0
PLBD2	PLBD2	1	0	0
PLCB1	PLCB1	1	0	0
PLCB1	PLCB2	0	2	0
PLCB1	PLCB3	0	2	0
PLCB1	PLCB4	0	2	0
PLCB2	PLCB2	1	0	0
PLCB2	PLCB3	0	2	0
PLCB2	PLCB4	0	2	0
PLCB3	PLCB3	3	0	0
PLCB3	PLCB4	0	2	0
PLCB4	PLCB4	1	0	0
PLCD1	PLCD1	1	0	0
PLCD1	PLCD3	0	2	0
PLCD1	PLCD4	0	2	0
PLCD1	PLCZ1	0	2	0
PLCD3	PLCD3	1	0	0
PLCD3	PLCD4	0	2	0
PLCD3	PLCZ1	0	2	0
PLCD4	PLCD4	1	0	0
PLCD4	PLCZ1	0	2	0
PLCE1	PLCE1	1	0	0
PLCG1	PLCG1	1	0	0
PLCG1	PLCG2	0	2	0
PLCG2	PLCG2	1	0	0
PLCH1	PLCH1	1	0	0
PLCH2	PLCH2	1	0	0
PLCL1	PLCL1	6	0	0
PLCL1	PLCL2	0	2	0
PLCL2	PLCL2	1	0	0
PLCXD3	PLCXD3	1	0	0
PLCZ1	PLCZ1	1	0	0
PLD1	PLD1	1	0	0
PLD1	PLD2	0	2	0
PLD2	PLD2	1	0	0
PLD3	PLD3	1	0	0
PLD3	PLD4	0	2	0
PLD3	PLD5	0	2	0
PLD4	PLD4	1	0	0
PLD4	PLD5	0	2	0
PLD5	PLD5	1	0	0
PLD6	PLD6	3	0	0
PLEC	PLEC	3	0	0
PLEK	PLEK	1	0	0
PLEK	PLEK2	0	2	0
PLEK2	PLEK2	3	0	0
PLEKHA1	PLEKHA1	1	0	0
PLEKHA1	PLEKHA2	0	2	0
PLEKHA2	PLEKHA2	1	0	0
PLEKHA3	PLEKHA3	3	0	0
PLEKHA3	PLEKHA8	0	6	0
PLEKHA4	PLEKHA4	3	0	0
PLEKHA5	PLEKHA5	1	0	0
PLEKHA5	PLEKHA6	0	2	0
PLEKHA5	PLEKHA7	0	2	0
PLEKHA6	PLEKHA6	1	0	0
PLEKHA6	PLEKHA7	0	2	0
PLEKHA7	PLEKHA7	1	0	0
PLEKHA8	PLEKHA8	6	0	0
PLEKHB1	PLEKHB1	1	0	0
PLEKHB1	PLEKHB2	0	2	0
PLEKHB2	PLEKHB2	1	0	0
PLEKHD1	PLEKHD1	1	0	0
PLEKHF1	PLEKHF1	1	0	0
PLEKHF1	PLEKHF2	0	2	0
PLEKHF2	PLEKHF2	1	0	0
PLEKHG1	PLEKHG1	1	0	0
PLEKHG1	PLEKHG2	0	2	0
PLEKHG1	PLEKHG3	0	2	0
PLEKHG2	PLEKHG2	1	0	0
PLEKHG2	PLEKHG3	0	2	0
PLEKHG3	PLEKHG3	1	0	0
PLEKHG4	PLEKHG4	1	0	0
PLEKHG4	PLEKHG4B	0	1	0
PLEKHG4B	PLEKHG4B	1	0	2
PLEKHG5	PLEKHG5	1	0	0
PLEKHG6	PLEKHG6	1	0	0
PLEKHG7	PLEKHG7	3	0	0
PLEKHH1	PLEKHH1	1	0	0
PLEKHH1	PLEKHH2	0	2	0
PLEKHH2	PLEKHH2	1	0	0
PLEKHH3	PLEKHH3	3	0	0
PLEKHJ1	PLEKHJ1	1	0	0
PLEKHM1	PLEKHM1	3	0	0
PLEKHM2	PLEKHM2	1	0	0
PLEKHM3	PLEKHM3	1	0	0
PLEKHN1	PLEKHN1	1	0	0
PLEKHO1	PLEKHO1	1	0	0
PLEKHO2	PLEKHO2	3	0	0
PLEKHS1	PLEKHS1	1	0	0
PLET1	PLET1	1	0	0
PLG	PLG	1	0	0
PLGRKT	PLGRKT	1	0	0
PLIN1	PLIN1	1	0	0
PLIN1	PLIN2	0	2	0
PLIN1	PLIN3	0	2	0
PLIN1	PLIN5	0	2	0
PLIN2	PLIN2	1	0	0
PLIN2	PLIN3	0	2	0
PLIN2	PLIN5	0	2	0
PLIN3	PLIN3	1	0	0
PLIN3	PLIN5	0	2	0
PLIN4	PLIN4	3	0	0
PLIN5	PLIN5	1	0	0
PLK1	PLK1	1	0	0
PLK1	PLK2	0	2	0
PLK1	PLK3	0	2	0
PLK2	PLK2	1	0	0
PLK2	PLK3	0	2	0
PLK3	PLK3	1	0	0
PLK4	PLK4	1	0	0
PLLP	PLLP	1	0	0
PLN	PLN	1	0	0
PLOD1	PLOD1	1	0	0
PLOD1	PLOD2	0	2	0
PLOD1	PLOD3	0	2	0
PLOD2	PLOD2	1	0	0
PLOD2	PLOD3	0	2	0
PLOD3	PLOD3	1	0	0
PLP1	PLP1	1	0	0
PLP2	PLP2	3	0	0
PLPBP	PLPBP	1	0	0
PLPP1	PLPP1	1	0	0
PLPP1	PLPP2	0	2	0
PLPP1	PLPP3	0	2	0
PLPP2	PLPP2	1	0	0
PLPP2	PLPP3	0	2	0
PLPP3	PLPP3	1	0	0
PLPP4	PLPP4	1	0	0
PLPP4	PLPP5	0	2	0
PLPP5	PLPP5	1	0	0
PLPP6	PLPP6	1	0	0
PLPP6	PLPP7	0	2	0
PLPP7	PLPP7	1	0	0
PLPPR1	PLPPR1	6	0	0
PLPPR1	PLPPR2	0	12	0
PLPPR1	PLPPR5	0	6	0
PLPPR2	PLPPR2	6	0	0
PLPPR2	PLPPR5	0	6	0
PLPPR3	PLPPR3	1	0	0
PLPPR3	PLPPR4	0	2	0
PLPPR4	PLPPR4	6	0	0
PLPPR5	PLPPR5	3	0	0
PLRG1	PLRG1	1	0	0
PLS1	PLS1	1	0	0
PLS1	PLS3	0	2	0
PLS3	PLS3	1	0	0
PLSCR1	PLSCR1	1	0	0
PLSCR1	PLSCR2	0	2	0
PLSCR1	PLSCR3	0	2	0
PLSCR1	PLSCR4	0	2	0
PLSCR1	PLSCR5	0	2	0
PLSCR2	PLSCR2	1	0	0
PLSCR2	PLSCR3	0	2	0
PLSCR2	PLSCR4	0	2	0
PLSCR2	PLSCR5	0	2	0
PLSCR3	PLSCR3	6	0	0
PLSCR3	PLSCR4	0	2	0
PLSCR3	PLSCR5	0	6	0
PLSCR4	PLSCR4	1	0	0
PLSCR4	PLSCR5	0	2	0
PLSCR5	PLSCR5	3	0	0
PLTP	PLTP	1	0	0
PLVAP	PLVAP	1	0	0
PLXDC1	PLXDC1	1	0	0
PLXDC1	PLXDC2	0	2	0
PLXDC2	PLXDC2	1	0	0
PLXNA1	PLXNA1	1	0	0
PLXNA1	PLXNA2	0	2	0
PLXNA1	PLXNA3	0	2	0
PLXNA1	PLXNA4	0	2	0
PLXNA1	PLXNB1	0	2	0
PLXNA1	PLXNB2	0	2	0
PLXNA1	PLXNC1	0	2	0
PLXNA1	PLXND1	0	2	0
PLXNA2	PLXNA2	1	0	0
PLXNA2	PLXNA3	0	2	0
PLXNA2	PLXNA4	0	2	0
PLXNA2	PLXNB1	0	2	0
PLXNA2	PLXNB2	0	2	0
PLXNA2	PLXNC1	0	2	0
PLXNA2	PLXND1	0	2	0
PLXNA3	PLXNA3	1	0	0
PLXNA3	PLXNA4	0	2	0
PLXNA3	PLXNB1	0	2	0
PLXNA3	PLXNB2	0	2	0
PLXNA3	PLXNC1	0	2	0
PLXNA3	PLXND1	0	2	0
PLXNA4	PLXNA4	1	0	0
PLXNA4	PLXNB1	0	2	0
PLXNA4	PLXNB2	0	2	0
PLXNA4	PLXNC1	0	2	0
PLXNA4	PLXND1	0	2	0
PLXNB1	PLXNB1	1	0	0
PLXNB1	PLXNB2	0	2	0
PLXNB1	PLXNC1	0	2	0
PLXNB1	PLXND1	0	2	0
PLXNB2	PLXNB2	1	0	0
PLXNB2	PLXNC1	0	2	0
PLXNB2	PLXND1	0	2	0
PLXNC1	PLXNC1	1	0	0
PLXNC1	PLXND1	0	2	0
PLXND1	PLXND1	1	0	0
PM20D1	PM20D1	1	0	0
PM20D2	PM20D2	1	0	0
PMAIP1	PMAIP1	1	0	0
PMCH	PMCH	1	0	0
PMEL	PMEL	1	0	0
PMF1	PMF1	1	0	0
PMFBP1	PMFBP1	1	0	0
PMM1	PMM1	1	0	0
PMM1	PMM2	0	2	0
PMM2	PMM2	1	0	0
PMP2	PMP2	0	0	3
PMP22	PMP22	0	0	1
PMPCA	PMPCA	1	0	0
PMPCA	PMPCB	0	2	0
PMPCA	UQCRC1	0	2	0
PMPCB	PMPCB	1	0	0
PMPCB	UQCRC1	0	2	0
PMS1	PMS1	1	0	0
PMS1	PMS2	0	2	0
PMS2	PMS2	3	0	0
PMVK	PMVK	1	0	0
PNCK	PNCK	0	0	1
PNISR	PNISR	1	0	0
PNKD	PNKD	1	0	0
PNKP	PNKP	1	0	0
PNLDC1	PNLDC1	1	0	0
PNLIP	PNLIP	3	0	0
PNLIP	PNLIPRP3	0	2	0
PNLIPRP3	PNLIPRP3	1	0	0
PNMA1	PNMA1	6	0	0
PNMA1	PNMA2	0	2	0
PNMA1	PNMA5	0	2	0
PNMA1	PNMA6A	0	2	0
PNMA2	PNMA2	1	0	0
PNMA2	PNMA5	0	2	0
PNMA5	PNMA5	1	0	0
PNMA6A	PNMA6A	1	0	0
PNMA8A	PNMA8A	1	0	0
PNMT	PNMT	1	0	0
PNN	PNN	1	0	0
PNO1	PNO1	1	0	0
PNOC	PNOC	1	0	0
PNP	PNP	1	0	0
PNPLA1	PNPLA1	1	0	0
PNPLA1	PNPLA5	0	2	0
PNPLA2	PNPLA2	1	0	0
PNPLA2	PNPLA3	0	2	0
PNPLA3	PNPLA3	1	0	0
PNPLA4	PNPLA4	3	0	0
PNPLA5	PNPLA5	1	0	0
PNPLA6	PNPLA6	1	0	0
PNPLA8	PNPLA8	1	0	0
PNPO	PNPO	1	0	0
PNPT1	PNPT1	1	0	0
PNRC1	PNRC1	1	0	0
PNRC1	PNRC2	0	1	0
PNRC2	PNRC2	0	0	1
POC1A	POC1A	1	0	0
POC1B	POC1B	0	0	3
POC5	POC5	1	0	0
PODN	PODN	0	0	1
PODNL1	PODNL1	0	0	1
PODXL	PODXL	6	0	0
PODXL2	PODXL2	1	0	0
POF1B	POF1B	1	0	0
POFUT1	POFUT1	1	0	0
POFUT2	POFUT2	1	0	0
POGK	POGK	1	0	0
POGLUT1	POGLUT1	1	0	0
POGLUT2	POGLUT2	1	0	0
POGLUT2	POGLUT3	0	2	0
POGLUT3	POGLUT3	1	0	0
POGZ	POGZ	1	0	0
POLA1	POLA1	1	0	0
POLA2	POLA2	1	0	0
POLB	POLB	1	0	0
POLB	POLL	0	2	0
POLB	POLM	0	2	0
POLD1	POLD1	1	0	0
POLD2	POLD2	1	0	0
POLD3	POLD3	1	0	0
POLD4	POLD4	1	0	0
POLDIP2	POLDIP2	1	0	0
POLDIP3	POLDIP3	1	0	0
POLE	POLE	1	0	0
POLE2	POLE2	1	0	0
POLE3	POLE3	1	0	0
POLE4	POLE4	1	0	0
POLG	POLG	1	0	0
POLG2	POLG2	1	0	0
POLH	POLH	1	0	0
POLI	POLI	1	0	0
POLK	POLK	1	0	0
POLL	POLL	1	0	0
POLL	POLM	0	2	0
POLM	POLM	1	0	0
POLN	POLN	1	0	0
POLQ	POLQ	1	0	0
POLR1A	POLR1A	1	0	0
POLR1B	POLR1B	1	0	0
POLR1B	POLR2B	0	2	0
POLR1B	POLR3B	0	2	0
POLR1C	POLR1C	1	0	0
POLR1D	POLR1D	1	0	0
POLR1E	POLR1E	1	0	0
POLR1F	POLR1F	3	0	0
POLR1G	POLR1G	1	0	0
POLR1H	POLR1H	1	0	0
POLR2A	POLR2A	1	0	0
POLR2B	POLR2B	1	0	0
POLR2B	POLR3B	0	2	0
POLR2C	POLR2C	1	0	0
POLR2D	POLR2D	1	0	0
POLR2F	POLR2F	1	0	0
POLR2H	POLR2H	1	0	0
POLR2I	POLR2I	1	0	0
POLR2K	POLR2K	3	0	0
POLR2L	POLR2L	1	0	0
POLR3A	POLR3A	1	0	0
POLR3B	POLR3B	1	0	0
POLR3C	POLR3C	1	0	0
POLR3D	POLR3D	1	0	0
POLR3E	POLR3E	3	0	0
POLR3F	POLR3F	1	0	0
POLR3G	POLR3G	1	0	0
POLR3G	POLR3GL	0	2	0
POLR3GL	POLR3GL	3	0	0
POLR3H	POLR3H	1	0	0
POLR3K	POLR3K	1	0	0
POLR3K	TCEA1	0	2	0
POLR3K	TCEA2	0	2	0
POLR3K	TCEA3	0	2	0
POLR3K	TCEANC	0	2	0
POLRMT	POLRMT	1	0	0
POM121L12	POM121L12	1	0	0
POM121L2	POM121L2	3	0	0
POMC	POMC	1	0	0
POMGNT1	POMGNT1	6	0	0
POMGNT2	POMGNT2	1	0	0
POMK	POMK	1	0	0
POMP	POMP	1	0	0
POMT1	POMT1	1	0	0
POMT1	POMT2	0	2	0
POMT2	POMT2	1	0	0
PON1	PON1	1	0	0
PON1	PON2	0	2	0
PON1	PON3	0	2	0
PON2	PON2	1	0	0
PON2	PON3	0	2	0
PON3	PON3	1	0	0
POP1	POP1	1	0	0
POP4	POP4	1	0	0
POP5	POP5	1	0	0
POP7	POP7	1	0	0
POPDC2	POPDC2	3	0	0
POPDC2	POPDC3	0	2	0
POPDC3	POPDC3	1	0	0
POR	POR	1	0	0
POSTN	POSTN	1	0	0
POSTN	TGFBI	0	2	0
POT1	POT1	1	0	0
POU1F1	POU1F1	3	0	0
POU1F1	POU5F1	0	2	0
POU2AF1	POU2AF1	1	0	0
POU2F1	POU2F1	1	0	0
POU2F1	POU2F2	0	2	0
POU2F1	POU2F3	0	2	0
POU2F2	POU2F2	1	0	0
POU2F2	POU2F3	0	2	0
POU2F3	POU2F3	1	0	0
POU3F1	POU3F1	1	0	0
POU3F1	POU3F4	0	2	0
POU3F1	POU4F1	0	2	0
POU3F1	POU4F2	0	2	0
POU3F1	POU4F3	0	2	0
POU3F4	POU3F4	1	0	0
POU3F4	POU4F1	0	2	0
POU3F4	POU4F2	0	2	0
POU3F4	POU4F3	0	2	0
POU4F1	POU4F1	1	0	0
POU4F1	POU4F2	0	2	0
POU4F1	POU4F3	0	2	0
POU4F2	POU4F2	1	0	0
POU4F2	POU4F3	0	2	0
POU4F3	POU4F3	1	0	0
POU5F1	POU5F1	1	0	0
POU6F1	POU6F1	1	0	0
PP2D1	PP2D1	3	0	0
PPA1	PPA1	1	0	0
PPA1	PPA2	0	2	0
PPA2	PPA2	1	0	0
PPARA	PPARA	1	0	0
PPARA	PPARD	0	2	0
PPARA	PPARG	0	2	0
PPARA	RARA	0	1	0
PPARA	RARB	0	2	0
PPARA	RARG	0	2	0
PPARA	THRB	0	2	0
PPARD	PPARD	1	0	0
PPARD	PPARG	0	2	0
PPARD	RARA	0	1	0
PPARD	RARB	0	2	0
PPARD	RARG	0	2	0
PPARD	THRB	0	2	0
PPARG	PPARG	1	0	0
PPARG	RARA	0	1	0
PPARG	RARB	0	2	0
PPARG	RARG	0	2	0
PPARG	THRB	0	2	0
PPARGC1A	PPARGC1A	1	0	0
PPARGC1A	PPARGC1B	0	2	0
PPARGC1A	PPRC1	0	2	0
PPARGC1B	PPARGC1B	1	0	0
PPARGC1B	PPRC1	0	2	0
PPAT	PPAT	1	0	0
PPBP	PPBP	1	0	0
PPCDC	PPCDC	1	0	0
PPCS	PPCS	1	0	0
PPDPFL	PPDPFL	1	0	0
PPEF1	PPEF1	1	0	0
PPEF1	PPEF2	0	2	0
PPEF2	PPEF2	3	0	0
PPFIA1	PPFIA1	3	0	0
PPFIA1	PPFIA2	0	6	0
PPFIA1	PPFIA3	0	2	0
PPFIA1	PPFIA4	0	2	0
PPFIA2	PPFIA2	3	0	0
PPFIA2	PPFIA3	0	2	0
PPFIA2	PPFIA4	0	2	0
PPFIA3	PPFIA3	1	0	0
PPFIA3	PPFIA4	0	2	0
PPFIA4	PPFIA4	1	0	0
PPFIBP1	PPFIBP1	1	0	0
PPFIBP1	PPFIBP2	0	2	0
PPFIBP2	PPFIBP2	1	0	0
PPHLN1	PPHLN1	3	0	0
PPIB	PPIB	0	0	1
PPIC	PPIC	0	0	1
PPID	PPID	1	0	0
PPIE	PPIE	0	0	3
PPIF	PPIF	0	0	1
PPIG	PPIG	1	0	0
PPIH	PPIH	0	0	1
PPIL1	PPIL1	0	0	1
PPIL2	PPIL2	1	0	0
PPIL3	PPIL3	0	0	1
PPIL4	PPIL4	1	0	0
PPIL6	PPIL6	0	0	1
PPIP5K1	PPIP5K1	1	0	0
PPIP5K1	PPIP5K2	0	2	0
PPIP5K2	PPIP5K2	1	0	0
PPL	PPL	1	0	0
PPM1A	PPM1A	0	0	1
PPM1B	PPM1B	0	0	1
PPM1D	PPM1D	1	0	0
PPM1E	PPM1E	1	0	0
PPM1F	PPM1F	1	0	0
PPM1G	PPM1G	0	0	1
PPM1H	PPM1H	1	0	0
PPM1H	PPM1J	0	2	0
PPM1H	PPM1M	0	1	0
PPM1J	PPM1J	1	0	0
PPM1J	PPM1M	0	1	0
PPM1K	PPM1K	1	0	0
PPM1L	PPM1L	1	0	0
PPM1M	PPM1M	0	0	1
PPM1N	PPM1N	0	0	3
PPME1	PPME1	1	0	0
PPOX	PPOX	1	0	0
PPP1CA	PPP1CA	0	0	1
PPP1CB	PPP1CB	0	0	1
PPP1CC	PPP1CC	0	0	6
PPP1R10	PPP1R10	1	0	0
PPP1R11	PPP1R11	1	0	0
PPP1R12A	PPP1R12A	1	0	0
PPP1R12A	PPP1R12B	0	2	0
PPP1R12A	PPP1R12C	0	2	0
PPP1R12B	PPP1R12B	1	0	0
PPP1R12B	PPP1R12C	0	2	0
PPP1R12C	PPP1R12C	3	0	0
PPP1R13B	PPP1R13B	1	0	0
PPP1R13B	TP53BP2	0	2	0
PPP1R13L	PPP1R13L	1	0	0
PPP1R14A	PPP1R14A	3	0	0
PPP1R14A	PPP1R14B	0	6	0
PPP1R14A	PPP1R14C	0	2	0
PPP1R14A	PPP1R14D	0	6	0
PPP1R14B	PPP1R14B	3	0	0
PPP1R14B	PPP1R14C	0	2	0
PPP1R14B	PPP1R14D	0	6	0
PPP1R14C	PPP1R14C	1	0	0
PPP1R14C	PPP1R14D	0	2	0
PPP1R14D	PPP1R14D	6	0	0
PPP1R15A	PPP1R15A	3	0	0
PPP1R15B	PPP1R15B	1	0	0
PPP1R16B	PPP1R16B	1	0	0
PPP1R17	PPP1R17	1	0	0
PPP1R18	PPP1R18	3	0	0
PPP1R1A	PPP1R1A	1	0	0
PPP1R1A	PPP1R1B	0	2	0
PPP1R1A	PPP1R1C	0	2	0
PPP1R1B	PPP1R1B	1	0	0
PPP1R1B	PPP1R1C	0	2	0
PPP1R1C	PPP1R1C	1	0	0
PPP1R2	PPP1R2	1	0	0
PPP1R21	PPP1R21	1	0	0
PPP1R26	PPP1R26	1	0	0
PPP1R27	PPP1R27	1	0	0
PPP1R2C	PPP1R2C	1	0	0
PPP1R32	PPP1R32	1	0	0
PPP1R35	PPP1R35	1	0	0
PPP1R36	PPP1R36	1	0	0
PPP1R37	PPP1R37	1	0	0
PPP1R3A	PPP1R3A	1	0	0
PPP1R3B	PPP1R3B	1	0	0
PPP1R3B	PPP1R3C	0	2	0
PPP1R3C	PPP1R3C	1	0	0
PPP1R3D	PPP1R3D	1	0	0
PPP1R3D	PPP1R3E	0	2	0
PPP1R3D	PPP1R3G	0	2	0
PPP1R3E	PPP1R3E	1	0	0
PPP1R3E	PPP1R3G	0	2	0
PPP1R3G	PPP1R3G	1	0	0
PPP1R42	PPP1R42	6	0	0
PPP1R7	PPP1R7	3	0	0
PPP1R8	PPP1R8	1	0	0
PPP1R9A	PPP1R9A	1	0	0
PPP1R9B	PPP1R9B	1	0	0
PPP2CB	PPP2CB	0	0	1
PPP2R1A	PPP2R1A	1	0	0
PPP2R1A	PPP2R1B	0	2	0
PPP2R1B	PPP2R1B	1	0	0
PPP2R2A	PPP2R2A	1	0	0
PPP2R2A	PPP2R2B	0	2	0
PPP2R2A	PPP2R2C	0	2	0
PPP2R2A	PPP2R2D	0	2	0
PPP2R2B	PPP2R2B	1	0	0
PPP2R2B	PPP2R2C	0	2	0
PPP2R2B	PPP2R2D	0	2	0
PPP2R2C	PPP2R2C	1	0	0
PPP2R2C	PPP2R2D	0	2	0
PPP2R2D	PPP2R2D	1	0	0
PPP2R3A	PPP2R3A	1	0	0
PPP2R3C	PPP2R3C	1	0	0
PPP2R5A	PPP2R5A	1	0	0
PPP2R5A	PPP2R5B	0	2	0
PPP2R5A	PPP2R5C	0	2	0
PPP2R5A	PPP2R5D	0	2	0
PPP2R5A	PPP2R5E	0	2	0
PPP2R5B	PPP2R5B	1	0	0
PPP2R5B	PPP2R5C	0	2	0
PPP2R5B	PPP2R5D	0	2	0
PPP2R5B	PPP2R5E	0	2	0
PPP2R5C	PPP2R5C	1	0	0
PPP2R5C	PPP2R5D	0	2	0
PPP2R5C	PPP2R5E	0	2	0
PPP2R5D	PPP2R5D	1	0	0
PPP2R5D	PPP2R5E	0	2	0
PPP2R5E	PPP2R5E	1	0	0
PPP3CA	PPP3CA	1	0	0
PPP3CA	PPP3CB	0	2	0
PPP3CA	PPP3CC	0	2	0
PPP3CB	PPP3CB	1	0	0
PPP3CB	PPP3CC	0	2	0
PPP3CC	PPP3CC	1	0	0
PPP4C	PPP4C	0	0	1
PPP4R1	PPP4R1	3	0	0
PPP4R2	PPP4R2	0	0	1
PPP4R3B	PPP4R3B	3	0	0
PPP4R4	PPP4R4	1	0	0
PPP5C	PPP5C	1	0	0
PPP5C	PPP5D1P	0	2	0
PPP5D1P	PPP5D1P	1	0	0
PPP6C	PPP6C	0	0	1
PPP6R1	PPP6R1	3	0	0
PPP6R1	PPP6R2	0	2	0
PPP6R1	PPP6R3	0	2	0
PPP6R2	PPP6R2	1	0	0
PPP6R2	PPP6R3	0	2	0
PPP6R3	PPP6R3	1	0	0
PPRC1	PPRC1	1	0	0
PPT1	PPT1	1	0	0
PPT1	PPT2	0	2	0
PPT2	PPT2	3	0	0
PPTC7	PPTC7	1	0	0
PPWD1	PPWD1	1	0	0
PPY	PPY	1	0	0
PQBP1	PQBP1	1	0	0
PRAC1	PRAC1	1	0	0
PRAC2	PRAC2	1	0	0
PRADC1	PRADC1	1	0	0
PRAG1	PRAG1	1	0	0
PRAM1	PRAM1	1	0	0
PRAMEF12	PRAMEF12	1	0	0
PRAMEF12	PRAMEF17	0	2	0
PRAMEF12	PRAMEF20	0	2	0
PRAMEF17	PRAMEF17	1	0	0
PRAMEF17	PRAMEF20	0	2	0
PRAMEF20	PRAMEF20	1	0	0
PRAP1	PRAP1	1	0	0
PRC1	PRC1	1	0	0
PRCC	PRCC	1	0	0
PRCD	PRCD	1	0	0
PRCP	PRCP	1	0	0
PRCP	PRSS16	0	2	0
PRDM1	PRDM1	1	0	0
PRDM10	PRDM10	1	0	0
PRDM11	PRDM11	0	0	1
PRDM12	PRDM12	3	0	0
PRDM13	PRDM13	1	0	0
PRDM14	PRDM14	1	0	0
PRDM15	PRDM15	1	0	0
PRDM16	PRDM16	1	0	0
PRDM2	PRDM2	3	0	0
PRDM4	PRDM4	1	0	0
PRDM5	PRDM5	3	0	0
PRDM6	PRDM6	1	0	0
PRDM8	PRDM8	6	0	0
PRDX1	PRDX1	1	0	0
PRDX1	PRDX2	0	2	0
PRDX1	PRDX3	0	2	0
PRDX2	PRDX2	1	0	0
PRDX2	PRDX3	0	2	0
PRDX3	PRDX3	1	0	0
PRDX5	PRDX5	1	0	0
PRDX6	PRDX6	1	0	0
PREB	PREB	1	0	0
PRELID1	PRELID1	1	0	0
PRELID2	PRELID2	1	0	0
PRELID2	PRELID3A	0	2	0
PRELID2	PRELID3B	0	2	0
PRELID3A	PRELID3A	1	0	0
PRELID3A	PRELID3B	0	2	0
PRELID3B	PRELID3B	3	0	0
PRELP	PRELP	0	0	1
PREP	PREP	1	0	0
PREPL	PREPL	1	0	0
PREX1	PREX1	3	0	0
PREX1	PREX2	0	2	0
PREX2	PREX2	1	0	0
PRF1	PRF1	1	0	0
PRG3	PRG3	3	0	0
PRG4	PRG4	1	0	0
PRICKLE1	PRICKLE1	1	0	0
PRICKLE1	PRICKLE2	0	2	0
PRICKLE2	PRICKLE2	1	0	0
PRIM1	PRIM1	3	0	0
PRIM2	PRIM2	1	0	0
PRIMA1	PRIMA1	6	0	0
PRIMPOL	PRIMPOL	1	0	0
PRKAA1	PRKAA1	0	0	3
PRKAA2	PRKAA2	0	0	3
PRKAB1	PRKAB1	1	0	0
PRKAB1	PRKAB2	0	2	0
PRKAB2	PRKAB2	1	0	0
PRKACA	PRKACA	0	0	1
PRKACB	PRKACB	0	0	1
PRKACG	PRKACG	0	0	1
PRKAG1	PRKAG1	1	0	0
PRKAG1	PRKAG3	0	2	0
PRKAG2	PRKAG2	3	0	0
PRKAG3	PRKAG3	1	0	0
PRKAR1A	PRKAR1A	1	0	0
PRKAR1A	PRKAR2A	0	2	0
PRKAR1A	PRKAR2B	0	2	0
PRKAR2A	PRKAR2A	1	0	0
PRKAR2A	PRKAR2B	0	2	0
PRKAR2B	PRKAR2B	1	0	0
PRKCA	PRKCA	0	0	1
PRKCB	PRKCB	0	0	1
PRKCD	PRKCD	0	0	1
PRKCE	PRKCE	0	0	1
PRKCG	PRKCG	0	0	1
PRKCH	PRKCH	0	0	1
PRKCI	PRKCI	0	0	1
PRKCQ	PRKCQ	0	0	1
PRKD1	PRKD1	3	0	0
PRKD1	PRKD2	0	2	0
PRKD1	PRKD3	0	2	0
PRKD2	PRKD2	1	0	0
PRKD2	PRKD3	0	2	0
PRKD3	PRKD3	1	0	0
PRKDC	PRKDC	1	0	0
PRKG1	PRKG1	1	0	0
PRKG1	PRKG2	0	2	0
PRKG2	PRKG2	1	0	0
PRKN	PRKN	1	0	0
PRKRA	PRKRA	1	0	0
PRKRA	TARBP2	0	2	0
PRKRIP1	PRKRIP1	1	0	0
PRKX	PRKX	0	0	3
PRL	PRL	1	0	0
PRLH	PRLH	1	0	0
PRLHR	PRLHR	1	0	0
PRLR	PRLR	1	0	0
PRM2	PRM2	1	0	0
PRMT1	PRMT1	3	0	0
PRMT1	PRMT2	0	2	0
PRMT1	PRMT6	0	2	0
PRMT1	PRMT8	0	2	0
PRMT2	PRMT2	1	0	0
PRMT2	PRMT6	0	2	0
PRMT2	PRMT8	0	2	0
PRMT3	PRMT3	1	0	0
PRMT5	PRMT5	1	0	0
PRMT6	PRMT6	1	0	0
PRMT6	PRMT8	0	2	0
PRMT7	PRMT7	1	0	0
PRMT8	PRMT8	1	0	0
PRMT9	PRMT9	1	0	0
PRND	PRND	1	0	0
PROB1	PROB1	1	0	0
PROC	PROC	3	0	0
PROC	PROZ	0	2	0
PROCA1	PROCA1	1	0	0
PROCR	PROCR	1	0	0
PRODH2	PRODH2	1	0	0
PROK1	PROK1	1	0	0
PROK1	PROK2	0	2	0
PROK2	PROK2	1	0	0
PROKR1	PROKR1	3	0	0
PROKR1	PROKR2	0	2	0
PROKR2	PROKR2	1	0	0
PROM1	PROM1	1	0	0
PROM1	PROM2	0	2	0
PROM2	PROM2	1	0	0
PROP1	PROP1	1	0	0
PRORP	PRORP	3	0	0
PROS1	PROS1	3	0	0
PROS1	SHBG	0	2	0
PROSER1	PROSER1	1	0	0
PROSER2	PROSER2	1	0	0
PROSER3	PROSER3	3	0	0
PROX1	PROX1	1	0	0
PROX1	PROX2	0	2	0
PROX2	PROX2	1	0	0
PROZ	PROZ	1	0	0
PRPF18	PRPF18	1	0	0
PRPF19	PRPF19	1	0	0
PRPF3	PRPF3	1	0	0
PRPF31	PRPF31	1	0	0
PRPF38A	PRPF38A	1	0	0
PRPF38B	PRPF38B	1	0	0
PRPF38B	SRRM5	0	2	0
PRPF39	PRPF39	1	0	0
PRPF4	PRPF4	1	0	0
PRPF4	WDR61	0	2	0
PRPF4	WDR88	0	2	0
PRPF40A	PRPF40A	1	0	0
PRPF40A	PRPF40B	0	2	0
PRPF40B	PRPF40B	1	0	0
PRPF4B	PRPF4B	1	0	0
PRPF6	PRPF6	1	0	0
PRPF8	PRPF8	1	0	0
PRPH	PRPH	0	0	1
PRPH2	PRPH2	1	0	0
PRPH2	ROM1	0	2	0
PRPS1	PRPS1	6	0	0
PRPS1	PRPS2	0	6	0
PRPS1	PRPSAP1	0	2	0
PRPS1	PRPSAP2	0	2	0
PRPS2	PRPS2	3	0	0
PRPS2	PRPSAP1	0	2	0
PRPS2	PRPSAP2	0	2	0
PRPSAP1	PRPSAP1	1	0	0
PRPSAP1	PRPSAP2	0	2	0
PRPSAP2	PRPSAP2	1	0	0
PRR11	PRR11	1	0	0
PRR12	PRR12	1	0	0
PRR12	QSER1	0	2	0
PRR13	PRR13	1	0	0
PRR14	PRR14	1	0	0
PRR14L	PRR14L	1	0	0
PRR15	PRR15	1	0	0
PRR15L	PRR15L	1	0	0
PRR16	PRR16	1	0	0
PRR18	PRR18	1	0	0
PRR19	PRR19	1	0	0
PRR22	PRR22	3	0	0
PRR23A	PRR23A	1	0	0
PRR23A	PRR23B	0	2	0
PRR23A	PRR23C	0	2	0
PRR23B	PRR23B	1	0	0
PRR23B	PRR23C	0	2	0
PRR23C	PRR23C	1	0	0
PRR25	PRR25	1	0	0
PRR27	PRR27	1	0	0
PRR29	PRR29	1	0	0
PRR3	PRR3	1	0	0
PRR32	PRR32	1	0	0
PRR35	PRR35	1	0	0
PRR36	PRR36	1	0	0
PRR4	PRR4	1	0	0
PRR5	PRR5	1	0	0
PRR5L	PRR5L	1	0	0
PRR7	PRR7	1	0	0
PRR9	PRR9	0	0	1
PRRC1	PRRC1	1	0	0
PRRC2A	PRRC2A	1	0	0
PRRC2A	PRRC2B	0	2	0
PRRC2A	PRRC2C	0	2	0
PRRC2B	PRRC2B	1	0	0
PRRC2B	PRRC2C	0	2	0
PRRC2C	PRRC2C	1	0	0
PRRG1	PRRG1	1	0	0
PRRG1	PRRG3	0	2	0
PRRG2	PRRG2	1	0	0
PRRG2	PRRG4	0	2	0
PRRG3	PRRG3	1	0	0
PRRG4	PRRG4	1	0	0
PRRT1	PRRT1	1	0	0
PRRT1	PRRT1B	0	2	0
PRRT1B	PRRT1B	1	0	0
PRRT2	PRRT2	1	0	0
PRRT2	TMEM233	0	2	0
PRRT2	TRARG1	0	2	0
PRRT3	PRRT3	1	0	0
PRRT3	PRRT4	0	2	0
PRRT4	PRRT4	1	0	0
PRRX1	PRRX1	1	0	0
PRRX1	PRRX2	0	2	0
PRRX1	RAX	0	2	0
PRRX1	RAX2	0	2	0
PRRX2	PRRX2	1	0	0
PRRX2	RAX	0	2	0
PRRX2	RAX2	0	2	0
PRSS12	PRSS12	1	0	0
PRSS16	PRSS16	1	0	0
PRSS2	PRSS2	0	0	1
PRSS21	PRSS21	1	0	0
PRSS21	PRSS22	0	1	0
PRSS21	PRSS38	0	2	0
PRSS21	PRSS48	0	2	0
PRSS21	PRSS55	0	2	0
PRSS21	PRSS8	0	2	0
PRSS21	TPSG1	0	2	0
PRSS22	PRSS22	0	0	1
PRSS22	PRSS38	0	1	0
PRSS22	PRSS48	0	1	0
PRSS22	PRSS55	0	1	0
PRSS22	PRSS8	0	1	0
PRSS22	TPSG1	0	1	0
PRSS27	PRSS27	0	0	1
PRSS3	PRSS3	0	0	1
PRSS35	PRSS35	1	0	0
PRSS36	PRSS36	1	0	0
PRSS37	PRSS37	1	0	0
PRSS38	PRSS38	1	0	0
PRSS38	PRSS48	0	2	0
PRSS38	PRSS55	0	2	0
PRSS38	PRSS8	0	2	0
PRSS38	TPSG1	0	2	0
PRSS42P	PRSS42P	1	0	0
PRSS42P	PRSS45P	0	2	0
PRSS42P	PRSS50	0	2	0
PRSS45P	PRSS45P	1	0	0
PRSS45P	PRSS50	0	2	0
PRSS48	PRSS48	3	0	0
PRSS48	PRSS55	0	2	0
PRSS48	PRSS8	0	2	0
PRSS48	TPSG1	0	2	0
PRSS50	PRSS50	1	0	0
PRSS53	PRSS53	1	0	0
PRSS54	PRSS54	1	0	0
PRSS55	PRSS55	3	0	0
PRSS55	PRSS8	0	2	0
PRSS55	TPSG1	0	2	0
PRSS56	PRSS56	1	0	0
PRSS57	PRSS57	1	0	0
PRSS57	PRTN3	0	2	0
PRSS58	PRSS58	1	0	0
PRSS8	PRSS8	1	0	0
PRSS8	TPSG1	0	2	0
PRTFDC1	PRTFDC1	1	0	0
PRTG	PRTG	3	0	0
PRTN3	PRTN3	1	0	0
PRUNE1	PRUNE1	1	0	0
PRUNE2	PRUNE2	1	0	0
PRX	PRX	1	0	0
PRXL2A	PRXL2A	1	0	0
PRXL2B	PRXL2B	1	0	0
PRXL2C	PRXL2C	1	0	0
PSAP	PSAP	1	0	0
PSAP	PSAPL1	0	2	0
PSAP	SFTPB	0	2	0
PSAPL1	PSAPL1	1	0	0
PSAPL1	SFTPB	0	2	0
PSAT1	PSAT1	1	0	0
PSCA	PSCA	3	0	0
PSCA	SLURP1	0	2	0
PSD	PSD	1	0	0
PSD	PSD2	0	2	0
PSD	PSD3	0	2	0
PSD	PSD4	0	2	0
PSD2	PSD2	1	0	0
PSD2	PSD3	0	2	0
PSD2	PSD4	0	2	0
PSD3	PSD3	1	0	0
PSD3	PSD4	0	2	0
PSD4	PSD4	1	0	0
PSEN1	PSEN1	1	0	0
PSEN1	PSEN2	0	2	0
PSEN2	PSEN2	1	0	0
PSENEN	PSENEN	3	0	0
PSG2	PSG2	1	0	0
PSG2	PSG9	0	2	0
PSG9	PSG9	1	0	0
PSIP1	PSIP1	1	0	0
PSKH1	PSKH1	1	0	0
PSKH1	PSKH2	0	2	0
PSKH2	PSKH2	1	0	0
PSMA1	PSMA1	1	0	0
PSMA2	PSMA2	0	0	3
PSMA3	PSMA3	0	0	1
PSMA4	PSMA4	0	0	1
PSMA5	PSMA5	0	0	3
PSMA6	PSMA6	1	0	0
PSMA7	PSMA7	0	0	1
PSMA8	PSMA8	0	0	1
PSMB1	PSMB1	1	0	0
PSMB10	PSMB10	3	0	0
PSMB10	PSMB6	0	2	0
PSMB10	PSMB7	0	6	0
PSMB10	PSMB9	0	2	0
PSMB2	PSMB2	1	0	0
PSMB3	PSMB3	1	0	0
PSMB4	PSMB4	1	0	0
PSMB5	PSMB5	1	0	0
PSMB5	PSMB8	0	2	0
PSMB6	PSMB6	1	0	0
PSMB6	PSMB7	0	2	0
PSMB6	PSMB9	0	2	0
PSMB7	PSMB7	3	0	0
PSMB7	PSMB9	0	2	0
PSMB8	PSMB8	1	0	0
PSMB9	PSMB9	1	0	0
PSMC1	PSMC1	0	0	1
PSMC2	PSMC2	0	0	1
PSMC3	PSMC3	0	0	1
PSMC3IP	PSMC3IP	1	0	0
PSMC4	PSMC4	0	0	1
PSMC5	PSMC5	0	0	1
PSMC6	PSMC6	0	0	1
PSMD1	PSMD1	1	0	0
PSMD10	PSMD10	1	0	0
PSMD11	PSMD11	1	0	0
PSMD12	PSMD12	1	0	0
PSMD13	PSMD13	1	0	0
PSMD14	PSMD14	1	0	0
PSMD2	PSMD2	1	0	0
PSMD3	PSMD3	1	0	0
PSMD4	PSMD4	1	0	0
PSMD5	PSMD5	1	0	0
PSMD6	PSMD6	1	0	0
PSMD7	PSMD7	1	0	0
PSMD8	PSMD8	1	0	0
PSMD9	PSMD9	6	0	0
PSME1	PSME1	1	0	0
PSME1	PSME2	0	2	0
PSME1	PSME3	0	2	0
PSME2	PSME2	1	0	0
PSME2	PSME3	0	2	0
PSME3	PSME3	1	0	0
PSME3IP1	PSME3IP1	1	0	0
PSME4	PSME4	1	0	0
PSMF1	PSMF1	1	0	0
PSMG1	PSMG1	1	0	0
PSMG2	PSMG2	1	0	0
PSMG3	PSMG3	1	0	0
PSMG4	PSMG4	1	0	0
PSPC1	PSPC1	1	0	0
PSPC1	SFPQ	0	2	0
PSPH	PSPH	1	0	0
PSPN	PSPN	3	0	0
PSRC1	PSRC1	1	0	0
PSTK	PSTK	1	0	0
PSTPIP1	PSTPIP1	1	0	0
PSTPIP1	PSTPIP2	0	2	0
PSTPIP2	PSTPIP2	1	0	0
PTAFR	PTAFR	1	0	0
PTAR1	PTAR1	1	0	0
PTBP1	PTBP1	1	0	0
PTBP1	PTBP2	0	2	0
PTBP1	PTBP3	0	2	0
PTBP2	PTBP2	6	0	0
PTBP2	PTBP3	0	6	0
PTBP3	PTBP3	3	0	0
PTCD2	PTCD2	1	0	0
PTCD3	PTCD3	1	0	0
PTCH1	PTCH1	1	0	0
PTCH2	PTCH2	1	0	0
PTCHD1	PTCHD1	1	0	0
PTCHD1	PTCHD4	0	2	0
PTCHD3	PTCHD3	1	0	0
PTCHD4	PTCHD4	1	0	0
PTCRA	PTCRA	1	0	0
PTDSS1	PTDSS1	1	0	0
PTEN	PTEN	1	0	0
PTER	PTER	1	0	0
PTGDR	PTGDR	1	0	0
PTGDR	PTGER2	0	2	0
PTGDR2	PTGDR2	1	0	0
PTGDS	PTGDS	1	0	2
PTGER1	PTGER1	1	0	0
PTGER1	PTGER3	0	2	0
PTGER1	PTGFR	0	2	0
PTGER1	TBXA2R	0	2	0
PTGER2	PTGER2	1	0	0
PTGER3	PTGER3	1	0	0
PTGER3	PTGFR	0	2	0
PTGER3	TBXA2R	0	2	0
PTGER4	PTGER4	1	0	0
PTGER4	PTGIR	0	2	0
PTGES	PTGES	1	0	0
PTGES2	PTGES2	1	0	0
PTGES3	PTGES3	1	0	0
PTGFR	PTGFR	1	0	0
PTGFR	TBXA2R	0	2	0
PTGFRN	PTGFRN	1	0	0
PTGIR	PTGIR	6	0	0
PTGIS	PTGIS	1	0	0
PTGR1	PTGR1	1	0	0
PTGS1	PTGS1	1	0	0
PTGS1	PTGS2	0	2	0
PTGS2	PTGS2	1	0	0
PTH	PTH	1	0	0
PTH1R	PTH1R	0	0	1
PTH2	PTH2	1	0	0
PTH2R	PTH2R	0	0	1
PTHLH	PTHLH	1	0	0
PTK2	PTK2	1	0	0
PTK2	PTK2B	0	2	0
PTK2B	PTK2B	1	0	0
PTK6	PTK6	0	0	1
PTK7	PTK7	3	0	0
PTMS	PTMS	0	0	1
PTN	PTN	1	0	0
PTP4A1	PTP4A1	1	0	0
PTP4A1	PTP4A2	0	2	0
PTP4A1	PTP4A3	0	2	0
PTP4A2	PTP4A2	1	0	0
PTP4A2	PTP4A3	0	2	0
PTP4A3	PTP4A3	1	0	0
PTPDC1	PTPDC1	1	0	0
PTPMT1	PTPMT1	1	0	0
PTPN1	PTPN1	1	0	0
PTPN1	PTPN2	0	2	0
PTPN11	PTPN11	1	0	0
PTPN11	PTPN6	0	2	0
PTPN12	PTPN12	1	0	0
PTPN12	PTPN22	0	2	0
PTPN13	PTPN13	3	0	0
PTPN13	PTPN14	0	2	0
PTPN13	PTPN21	0	2	0
PTPN14	PTPN14	1	0	0
PTPN14	PTPN21	0	2	0
PTPN18	PTPN18	1	0	0
PTPN2	PTPN2	1	0	0
PTPN20	PTPN20	1	0	0
PTPN20	PTPN5	0	2	0
PTPN20	PTPN7	0	2	0
PTPN20	PTPRK	0	2	0
PTPN20	PTPRM	0	2	0
PTPN20	PTPRR	0	2	0
PTPN20	PTPRT	0	2	0
PTPN20	PTPRU	0	2	0
PTPN21	PTPN21	1	0	0
PTPN22	PTPN22	1	0	0
PTPN23	PTPN23	1	0	0
PTPN3	PTPN3	1	0	0
PTPN3	PTPN4	0	2	0
PTPN4	PTPN4	1	0	0
PTPN5	PTPN5	1	0	0
PTPN5	PTPN7	0	2	0
PTPN5	PTPRK	0	2	0
PTPN5	PTPRM	0	2	0
PTPN5	PTPRR	0	2	0
PTPN5	PTPRT	0	2	0
PTPN5	PTPRU	0	2	0
PTPN6	PTPN6	1	0	0
PTPN7	PTPN7	1	0	0
PTPN7	PTPRK	0	2	0
PTPN7	PTPRM	0	2	0
PTPN7	PTPRR	0	2	0
PTPN7	PTPRT	0	2	0
PTPN7	PTPRU	0	2	0
PTPN9	PTPN9	1	0	0
PTPRA	PTPRA	1	0	0
PTPRA	PTPRE	0	2	0
PTPRB	PTPRB	1	0	0
PTPRB	PTPRQ	0	2	0
PTPRC	PTPRC	1	0	0
PTPRCAP	PTPRCAP	1	0	0
PTPRD	PTPRD	1	0	0
PTPRD	PTPRF	0	2	0
PTPRD	PTPRS	0	2	0
PTPRE	PTPRE	1	0	0
PTPRF	PTPRF	1	0	0
PTPRF	PTPRS	0	2	0
PTPRG	PTPRG	1	0	0
PTPRG	PTPRZ1	0	2	0
PTPRH	PTPRH	1	0	2
PTPRH	PTPRJ	0	2	0
PTPRJ	PTPRJ	1	0	0
PTPRK	PTPRK	1	0	0
PTPRK	PTPRM	0	2	0
PTPRK	PTPRR	0	2	0
PTPRK	PTPRT	0	2	0
PTPRK	PTPRU	0	2	0
PTPRM	PTPRM	1	0	0
PTPRM	PTPRR	0	2	0
PTPRM	PTPRT	0	2	0
PTPRM	PTPRU	0	2	0
PTPRN	PTPRN	1	0	0
PTPRO	PTPRO	1	0	0
PTPRQ	PTPRQ	1	0	0
PTPRR	PTPRR	1	0	0
PTPRR	PTPRT	0	2	0
PTPRR	PTPRU	0	2	0
PTPRS	PTPRS	1	0	0
PTPRT	PTPRT	3	0	0
PTPRT	PTPRU	0	2	0
PTPRU	PTPRU	1	0	0
PTPRZ1	PTPRZ1	3	0	0
PTRH1	PTRH1	1	0	0
PTRH2	PTRH2	1	0	0
PTRHD1	PTRHD1	1	0	0
PTS	PTS	1	0	0
PTTG1	PTTG1	1	0	0
PTX3	PTX3	1	0	0
PTX4	PTX4	1	0	0
PUF60	PUF60	6	0	0
PUM1	PUM1	1	0	0
PUM1	PUM2	0	2	0
PUM2	PUM2	1	0	0
PUM3	PUM3	1	0	0
PURB	PURB	1	0	0
PURB	PURG	0	2	0
PURG	PURG	1	0	0
PUS1	PUS1	1	0	0
PUS10	PUS10	1	0	0
PUS3	PUS3	1	0	0
PUS7	PUS7	1	0	0
PUS7L	PUS7L	1	0	0
PUSL1	PUSL1	1	0	0
PVALB	PVALB	1	0	0
PVALEF	PVALEF	1	0	0
PVR	PVR	1	0	0
PVRIG	PVRIG	1	0	0
PWP1	PWP1	1	0	0
PWWP2A	PWWP2A	3	0	0
PWWP2A	PWWP2B	0	2	0
PWWP2B	PWWP2B	1	0	0
PWWP3B	PWWP3B	1	0	0
PXDC1	PXDC1	1	0	0
PXDN	PXDN	1	0	0
PXDN	PXDNL	0	2	0
PXDNL	PXDNL	1	0	0
PXK	PXK	1	0	0
PXMP2	PXMP2	1	0	0
PXMP4	PXMP4	1	0	0
PXN	PXN	3	0	0
PXN	TGFB1I1	0	2	0
PXT1	PXT1	1	0	0
PXYLP1	PXYLP1	3	0	0
PYCARD	PYCARD	1	0	0
PYCARD	PYDC1	0	2	0
PYCR1	PYCR1	1	0	0
PYCR1	PYCR2	0	2	0
PYCR1	PYCR3	0	2	0
PYCR2	PYCR2	1	0	0
PYCR2	PYCR3	0	2	0
PYCR3	PYCR3	1	0	0
PYDC1	PYDC1	1	0	0
PYGB	PYGB	6	0	0
PYGB	PYGL	0	2	0
PYGB	PYGM	0	2	0
PYGL	PYGL	1	0	0
PYGL	PYGM	0	2	0
PYGM	PYGM	1	0	0
PYGO1	PYGO1	1	0	0
PYGO1	PYGO2	0	2	0
PYGO2	PYGO2	1	0	0
PYHIN1	PYHIN1	1	0	0
PYM1	PYM1	1	0	0
PYROXD1	PYROXD1	1	0	0
PYROXD2	PYROXD2	1	0	0
PYURF	PYURF	3	0	0
PYY	PYY	1	0	0
PZP	PZP	1	0	0
QARS1	QARS1	1	0	0
QDPR	QDPR	1	0	0
QKI	QKI	1	0	0
QPCT	QPCT	1	0	0
QPCT	QPCTL	0	2	0
QPCTL	QPCTL	1	0	0
QRFP	QRFP	1	0	0
QRFPR	QRFPR	1	0	0
QRFPR	TACR1	0	2	0
QRFPR	TACR2	0	2	0
QRFPR	TACR3	0	2	0
QRICH1	QRICH1	1	0	0
QRICH2	QRICH2	1	0	0
QRSL1	QRSL1	1	0	0
QSER1	QSER1	1	0	0
QSOX1	QSOX1	1	0	0
QSOX1	QSOX2	0	2	0
QSOX2	QSOX2	1	0	0
QTRT1	QTRT1	1	0	0
QTRT2	QTRT2	1	0	0
R3HCC1	R3HCC1	1	0	0
R3HCC1L	R3HCC1L	1	0	0
R3HDM1	R3HDM1	1	0	0
R3HDML	R3HDML	1	0	0
RAB10	RAB10	0	0	1
RAB11A	RAB11A	0	0	1
RAB11B	RAB11B	0	0	1
RAB11FIP1	RAB11FIP1	1	0	0
RAB11FIP1	RAB11FIP2	0	2	0
RAB11FIP2	RAB11FIP2	1	0	0
RAB11FIP3	RAB11FIP3	1	0	0
RAB11FIP3	RAB11FIP4	0	2	0
RAB11FIP4	RAB11FIP4	1	0	0
RAB11FIP5	RAB11FIP5	1	0	0
RAB12	RAB12	1	0	0
RAB12	RAB27A	0	2	0
RAB12	RAB27B	0	2	0
RAB12	RAB3A	0	2	0
RAB12	RAB3B	0	2	0
RAB12	RAB3C	0	2	0
RAB12	RAB3D	0	2	0
RAB13	RAB13	0	0	1
RAB14	RAB14	0	0	1
RAB17	RAB17	0	0	1
RAB18	RAB18	0	0	1
RAB19	RAB19	0	0	1
RAB1A	RAB1A	0	0	1
RAB1B	RAB1B	0	0	3
RAB21	RAB21	0	0	1
RAB22A	RAB22A	0	0	1
RAB23	RAB23	1	0	0
RAB24	RAB24	1	0	0
RAB25	RAB25	0	0	1
RAB26	RAB26	1	0	0
RAB26	RAB37	0	2	0
RAB27A	RAB27A	1	0	0
RAB27A	RAB27B	0	2	0
RAB27A	RAB3A	0	2	0
RAB27A	RAB3B	0	2	0
RAB27A	RAB3C	0	2	0
RAB27A	RAB3D	0	2	0
RAB27B	RAB27B	1	0	0
RAB27B	RAB3A	0	2	0
RAB27B	RAB3B	0	2	0
RAB27B	RAB3C	0	2	0
RAB27B	RAB3D	0	2	0
RAB28	RAB28	1	0	0
RAB29	RAB29	1	0	0
RAB29	RAB32	0	2	0
RAB29	RAB38	0	2	0
RAB2A	RAB2A	0	0	1
RAB31	RAB31	0	0	1
RAB32	RAB32	3	0	0
RAB32	RAB38	0	2	0
RAB33B	RAB33B	1	0	0
RAB35	RAB35	0	0	1
RAB36	RAB36	1	0	0
RAB37	RAB37	1	0	0
RAB38	RAB38	1	0	0
RAB39B	RAB39B	0	0	1
RAB3A	RAB3A	1	0	0
RAB3A	RAB3B	0	2	0
RAB3A	RAB3C	0	2	0
RAB3A	RAB3D	0	2	0
RAB3B	RAB3B	1	0	0
RAB3B	RAB3C	0	2	0
RAB3B	RAB3D	0	2	0
RAB3C	RAB3C	1	0	0
RAB3C	RAB3D	0	2	0
RAB3D	RAB3D	1	0	0
RAB3GAP1	RAB3GAP1	1	0	0
RAB3GAP2	RAB3GAP2	1	0	0
RAB3IL1	RAB3IL1	1	0	0
RAB3IL1	RAB3IP	0	2	0
RAB3IP	RAB3IP	6	0	0
RAB40B	RAB40B	1	0	0
RAB40B	RAB40C	0	2	0
RAB40C	RAB40C	1	0	0
RAB41	RAB41	0	0	1
RAB42	RAB42	1	0	0
RAB43	RAB43	0	0	1
RAB44	RAB44	1	0	0
RAB44	RASEF	0	2	0
RAB4A	RAB4A	0	0	1
RAB4B	RAB4B	0	0	1
RAB5A	RAB5A	0	0	1
RAB5B	RAB5B	0	0	1
RAB5C	RAB5C	0	0	3
RAB5IF	RAB5IF	1	0	0
RAB6A	RAB6A	0	0	1
RAB6B	RAB6B	0	0	3
RAB7A	RAB7A	0	0	1
RAB7A	RAB7B	0	1	0
RAB7A	RAB9A	0	1	0
RAB7A	RAB9B	0	1	0
RAB7B	RAB7B	1	0	0
RAB7B	RAB9A	0	2	0
RAB7B	RAB9B	0	2	0
RAB8A	RAB8A	0	0	1
RAB8B	RAB8B	0	0	1
RAB9A	RAB9A	1	0	0
RAB9A	RAB9B	0	2	0
RAB9B	RAB9B	1	0	0
RABAC1	RABAC1	1	0	0
RABEP1	RABEP1	1	0	0
RABEP1	RABEP2	0	2	0
RABEP2	RABEP2	1	0	0
RABEPK	RABEPK	1	0	0
RABGAP1	RABGAP1	3	0	0
RABGEF1	RABGEF1	3	0	0
RABGGTA	RABGGTA	1	0	0
RABGGTB	RABGGTB	1	0	0
RABIF	RABIF	1	0	0
RABL3	RABL3	1	0	0
RABL6	RABL6	1	0	0
RAC2	RAC2	0	0	3
RAC3	RAC3	0	0	3
RACGAP1	RACGAP1	1	0	0
RACK1	RACK1	0	0	1
RAD1	RAD1	1	0	0
RAD17	RAD17	1	0	0
RAD18	RAD18	1	0	0
RAD21	RAD21	1	0	0
RAD21	SNPH	0	1	0
RAD23A	RAD23A	1	0	0
RAD23A	RAD23B	0	2	0
RAD23B	RAD23B	1	0	0
RAD50	RAD50	6	0	0
RAD51	RAD51	1	0	0
RAD51AP1	RAD51AP1	1	0	0
RAD51AP2	RAD51AP2	1	0	0
RAD51B	RAD51B	1	0	0
RAD51B	XRCC3	0	2	0
RAD51C	RAD51C	1	0	0
RAD51D	RAD51D	1	0	0
RAD52	RAD52	1	0	0
RAD54B	RAD54B	1	0	0
RAD54L2	RAD54L2	1	0	0
RAD9B	RAD9B	1	0	0
RADIL	RADIL	1	0	0
RADX	RADX	1	0	0
RAE1	RAE1	1	0	0
RAET1E	RAET1E	1	0	0
RAET1E	RAET1G	0	2	0
RAET1E	ULBP3	0	2	0
RAET1G	RAET1G	1	0	0
RAET1G	ULBP3	0	2	0
RAF1	RAF1	1	0	0
RAG1	RAG1	1	0	0
RAG2	RAG2	1	0	0
RAI1	RAI1	1	0	0
RAI1	TCF20	0	2	0
RAI14	RAI14	1	0	0
RAI14	UACA	0	2	0
RALA	RALA	0	0	1
RALB	RALB	0	0	1
RALBP1	RALBP1	1	0	0
RALGAPA1	RALGAPA1	1	0	0
RALGAPA1	RALGAPA2	0	2	0
RALGAPA2	RALGAPA2	1	0	0
RALGAPB	RALGAPB	1	0	0
RALGDS	RALGDS	1	0	0
RALGDS	RGL1	0	2	0
RALGDS	RGL2	0	2	0
RALGDS	RGL3	0	2	0
RALGPS1	RALGPS1	1	0	0
RALGPS1	RALGPS2	0	2	0
RALGPS2	RALGPS2	1	0	0
RALY	RALY	1	0	0
RALY	RALYL	0	2	0
RALYL	RALYL	3	0	0
RAMAC	RAMAC	6	0	0
RAMP1	RAMP1	6	0	0
RAMP1	RAMP2	0	2	0
RAMP1	RAMP3	0	2	0
RAMP2	RAMP2	1	0	0
RAMP2	RAMP3	0	2	0
RAMP3	RAMP3	1	0	0
RAN	RAN	1	0	0
RANBP1	RANBP1	1	0	0
RANBP10	RANBP10	1	0	0
RANBP10	RANBP9	0	2	0
RANBP17	RANBP17	1	0	0
RANBP17	XPO7	0	2	0
RANBP2	RANBP2	0	0	1
RANBP3	RANBP3	1	0	0
RANBP3	RANBP3L	0	2	0
RANBP3L	RANBP3L	1	0	0
RANBP6	RANBP6	1	0	0
RANBP9	RANBP9	1	0	0
RANGAP1	RANGAP1	1	0	0
RANGRF	RANGRF	1	0	0
RAP1A	RAP1A	0	0	1
RAP1B	RAP1B	0	0	1
RAP1GAP	RAP1GAP	0	0	1
RAP1GAP	RAP1GAP2	0	1	0
RAP1GAP2	RAP1GAP2	1	0	0
RAP1GDS1	RAP1GDS1	1	0	0
RAP2A	RAP2A	0	0	1
RAP2B	RAP2B	0	0	3
RAPGEF1	RAPGEF1	1	0	0
RAPGEF2	RAPGEF2	1	0	0
RAPGEF3	RAPGEF3	1	0	0
RAPGEF4	RAPGEF4	1	0	2
RAPGEF4	RAPGEF5	0	2	0
RAPGEF4	RAPGEFL1	0	2	0
RAPGEF5	RAPGEF5	1	0	0
RAPGEF5	RAPGEFL1	0	2	0
RAPGEFL1	RAPGEFL1	1	0	0
RAPH1	RAPH1	3	0	0
RAPSN	RAPSN	1	0	0
RARA	RARA	0	0	1
RARA	RARB	0	1	0
RARA	RARG	0	1	0
RARA	THRB	0	1	0
RARB	RARB	1	0	0
RARB	RARG	0	2	0
RARB	THRB	0	2	0
RARG	RARG	1	0	0
RARG	THRB	0	2	0
RARRES1	RARRES1	1	0	0
RARRES2	RARRES2	1	0	0
RARS1	RARS1	1	0	0
RARS1	RARS2	0	2	0
RARS2	RARS2	1	0	0
RASA1	RASA1	1	0	0
RASA2	RASA2	1	0	0
RASA2	RASA3	0	2	0
RASA2	RASAL1	0	2	0
RASA3	RASA3	1	0	0
RASA3	RASAL1	0	2	0
RASAL1	RASAL1	3	0	0
RASAL2	RASAL2	1	0	0
RASAL2	SYNGAP1	0	2	0
RASAL3	RASAL3	1	0	0
RASD1	RASD1	1	0	0
RASD1	RASD2	0	2	0
RASD2	RASD2	1	0	0
RASEF	RASEF	1	0	0
RASGEF1A	RASGEF1A	1	0	0
RASGEF1A	RASGEF1B	0	2	0
RASGEF1A	RASGEF1C	0	2	0
RASGEF1B	RASGEF1B	1	0	0
RASGEF1B	RASGEF1C	0	2	0
RASGEF1C	RASGEF1C	1	0	0
RASGRF1	RASGRF1	1	0	0
RASGRF1	RASGRF2	0	2	0
RASGRF2	RASGRF2	1	0	0
RASGRP1	RASGRP1	1	0	0
RASGRP1	RASGRP2	0	2	0
RASGRP1	RASGRP3	0	2	0
RASGRP1	RASGRP4	0	2	0
RASGRP2	RASGRP2	1	0	0
RASGRP2	RASGRP3	0	2	0
RASGRP2	RASGRP4	0	2	0
RASGRP3	RASGRP3	1	0	0
RASGRP3	RASGRP4	0	2	0
RASGRP4	RASGRP4	1	0	0
RASIP1	RASIP1	1	0	0
RASL10A	RASL10A	1	0	0
RASL10A	RASL10B	0	2	0
RASL10B	RASL10B	1	0	0
RASL11A	RASL11A	1	0	0
RASL11A	RASL11B	0	2	0
RASL11A	RERG	0	2	0
RASL11A	RERGL	0	2	0
RASL11B	RASL11B	3	0	0
RASL11B	RERG	0	2	0
RASL11B	RERGL	0	2	0
RASL12	RASL12	1	0	0
RASSF1	RASSF1	1	0	0
RASSF1	RASSF3	0	2	0
RASSF1	RASSF5	0	2	0
RASSF2	RASSF2	1	0	0
RASSF2	RASSF4	0	2	0
RASSF2	RASSF6	0	2	0
RASSF3	RASSF3	3	0	0
RASSF3	RASSF5	0	2	0
RASSF4	RASSF4	1	0	0
RASSF4	RASSF6	0	2	0
RASSF5	RASSF5	1	0	0
RASSF6	RASSF6	1	0	0
RASSF7	RASSF7	1	0	0
RASSF7	RASSF8	0	2	0
RASSF8	RASSF8	1	0	0
RASSF9	RASSF9	1	0	0
RAVER1	RAVER1	3	0	0
RAVER1	RAVER2	0	2	0
RAVER2	RAVER2	1	0	0
RAX	RAX	6	0	0
RAX	RAX2	0	2	0
RAX2	RAX2	1	0	0
RB1	RB1	1	0	0
RB1CC1	RB1CC1	1	0	0
RBAK	RBAK	1	0	0
RBBP4	RBBP4	1	0	0
RBBP4	RBBP7	0	2	0
RBBP5	RBBP5	3	0	0
RBBP6	RBBP6	1	0	0
RBBP7	RBBP7	1	0	0
RBBP8	RBBP8	1	0	0
RBBP8NL	RBBP8NL	1	0	0
RBBP9	RBBP9	1	0	0
RBCK1	RBCK1	1	0	0
RBFA	RBFA	1	0	0
RBFOX1	RBFOX1	1	0	0
RBFOX1	RBFOX2	0	2	0
RBFOX1	RBFOX3	0	2	0
RBFOX2	RBFOX2	1	0	0
RBFOX2	RBFOX3	0	2	0
RBFOX3	RBFOX3	1	0	0
RBIS	RBIS	1	0	0
RBKS	RBKS	1	0	0
RBL1	RBL1	1	0	0
RBL1	RBL2	0	2	0
RBL2	RBL2	1	0	0
RBM10	RBM10	1	0	0
RBM10	RBM5	0	2	0
RBM10	RBM6	0	2	0
RBM11	RBM11	1	0	0
RBM11	RBM7	0	2	0
RBM12	RBM12	1	0	0
RBM12	RBM12B	0	2	0
RBM12B	RBM12B	1	0	0
RBM14	RBM14	1	0	0
RBM15	RBM15	1	0	0
RBM17	RBM17	1	0	0
RBM18	RBM18	1	0	0
RBM19	RBM19	1	0	0
RBM20	RBM20	1	0	0
RBM22	RBM22	1	0	0
RBM23	RBM23	3	0	0
RBM24	RBM24	1	0	0
RBM25	RBM25	1	0	0
RBM26	RBM26	1	0	0
RBM28	RBM28	1	0	0
RBM3	RBM3	0	0	3
RBM33	RBM33	1	0	0
RBM34	RBM34	1	0	0
RBM38	RBM38	1	0	0
RBM41	RBM41	1	0	0
RBM42	RBM42	1	0	0
RBM43	RBM43	1	0	0
RBM44	RBM44	6	0	0
RBM45	RBM45	3	0	0
RBM46	RBM46	1	0	0
RBM46	RBM47	0	2	0
RBM47	RBM47	3	0	0
RBM4B	RBM4B	3	0	0
RBM5	RBM5	1	0	0
RBM5	RBM6	0	2	0
RBM6	RBM6	1	0	0
RBM7	RBM7	1	0	0
RBM8A	RBM8A	1	0	0
RBMS1	RBMS1	1	0	0
RBMS1	RBMS2	0	2	0
RBMS1	RBMS3	0	2	0
RBMS2	RBMS2	1	0	0
RBMS2	RBMS3	0	2	0
RBMS3	RBMS3	1	0	0
RBMX	RBMX	6	0	0
RBMX	RBMXL2	0	2	0
RBMX	RBMXL3	0	2	0
RBMX2	RBMX2	3	0	0
RBMXL2	RBMXL2	1	0	0
RBMXL2	RBMXL3	0	2	0
RBMXL3	RBMXL3	1	0	0
RBP1	RBP1	0	0	3
RBP2	RBP2	0	0	1
RBP3	RBP3	1	0	0
RBP4	RBP4	1	0	0
RBP5	RBP5	0	0	1
RBP7	RBP7	0	0	3
RBPJ	RBPJ	6	0	0
RBPJ	RBPJL	0	12	0
RBPJL	RBPJL	6	0	0
RBPMS	RBPMS	1	0	0
RBPMS	RBPMS2	0	2	0
RBPMS2	RBPMS2	3	0	0
RBSN	RBSN	1	0	0
RBX1	RBX1	1	0	0
RBX1	RNF7	0	2	0
RC3H1	RC3H1	1	0	0
RC3H1	RC3H2	0	2	0
RC3H2	RC3H2	1	0	0
RCAN1	RCAN1	1	0	0
RCAN1	RCAN2	0	2	0
RCAN1	RCAN3	0	2	0
RCAN2	RCAN2	1	0	0
RCAN2	RCAN3	0	2	0
RCAN3	RCAN3	1	0	0
RCBTB1	RCBTB1	1	0	0
RCBTB1	RCBTB2	0	2	0
RCBTB2	RCBTB2	1	0	0
RCC1	RCC1	1	0	0
RCC1L	RCC1L	1	0	0
RCC2	RCC2	1	0	0
RCCD1	RCCD1	1	0	0
RCE1	RCE1	3	0	0
RCHY1	RCHY1	1	0	0
RCL1	RCL1	1	0	0
RCL1	RTCA	0	2	0
RCN1	RCN1	1	0	0
RCN2	RCN2	1	0	0
RCN2	RCN3	0	2	0
RCN2	SDF4	0	2	0
RCN3	RCN3	1	0	0
RCN3	SDF4	0	2	0
RCOR1	RCOR1	1	0	0
RCOR1	RCOR2	0	2	0
RCOR1	RCOR3	0	2	0
RCOR2	RCOR2	1	0	0
RCOR2	RCOR3	0	2	0
RCOR3	RCOR3	1	0	0
RCSD1	RCSD1	1	0	0
RCVRN	RCVRN	0	0	1
RD3	RD3	1	0	0
RDH10	RDH10	1	0	0
RDH10	SDR16C5	0	2	0
RDH11	RDH11	0	0	6
RDH12	RDH12	0	0	1
RDH13	RDH13	0	0	1
RDH16	RDH16	1	0	0
RDH16	SDR9C7	0	2	0
RDH8	RDH8	1	0	0
RDM1	RDM1	1	0	0
RDX	RDX	1	0	0
REC114	REC114	1	0	0
REC8	REC8	1	0	0
RECK	RECK	1	0	0
RECQL	RECQL	1	0	0
RECQL4	RECQL4	1	0	0
RECQL5	RECQL5	1	0	0
REEP1	REEP1	1	0	0
REEP1	REEP2	0	2	0
REEP1	REEP3	0	2	0
REEP1	REEP4	0	2	0
REEP2	REEP2	1	0	0
REEP2	REEP3	0	2	0
REEP2	REEP4	0	2	0
REEP3	REEP3	1	0	0
REEP3	REEP4	0	2	0
REEP4	REEP4	1	0	0
REEP5	REEP5	1	0	0
REEP6	REEP6	1	0	0
REG1A	REG1A	1	0	0
REG1A	REG1B	0	2	0
REG1A	REG3A	0	2	0
REG1A	REG3G	0	2	0
REG1A	REG4	0	2	0
REG1B	REG1B	1	0	0
REG1B	REG3A	0	2	0
REG1B	REG3G	0	2	0
REG1B	REG4	0	2	0
REG3A	REG3A	1	0	0
REG3A	REG3G	0	2	0
REG3A	REG4	0	2	0
REG3G	REG3G	1	0	0
REG3G	REG4	0	2	0
REG4	REG4	3	0	0
REL	REL	1	0	0
REL	RELA	0	2	0
RELA	RELA	1	0	0
RELB	RELB	1	0	0
RELCH	RELCH	1	0	0
RELL1	RELL1	1	0	0
RELL2	RELL2	1	0	0
RELN	RELN	3	0	0
RELT	RELT	1	0	0
REM1	REM1	1	0	0
REM1	REM2	0	2	0
REM1	RRAD	0	2	0
REM2	REM2	1	0	0
REM2	RRAD	0	2	0
REN	REN	0	0	1
RENBP	RENBP	1	0	0
REP15	REP15	1	0	0
REPIN1	REPIN1	0	0	3
REPS1	REPS1	3	0	0
REPS1	REPS2	0	2	0
REPS2	REPS2	1	0	0
RER1	RER1	1	0	0
RERE	RERE	1	0	0
RERG	RERG	1	0	0
RERG	RERGL	0	2	0
RERGL	RERGL	1	0	0
RESF1	RESF1	1	0	0
RESP18	RESP18	1	0	0
REST	REST	1	0	0
RET	RET	1	0	0
RETN	RETN	1	0	0
RETN	RETNLB	0	2	0
RETNLB	RETNLB	1	0	0
RETREG1	RETREG1	1	0	0
RETREG1	RETREG2	0	2	0
RETREG1	RETREG3	0	2	0
RETREG2	RETREG2	1	0	0
RETREG2	RETREG3	0	2	0
RETREG3	RETREG3	1	0	0
RETSAT	RETSAT	1	0	0
REV1	REV1	1	0	0
REV3L	REV3L	1	0	0
REX1BD	REX1BD	3	0	0
REXO1	REXO1	6	0	0
REXO2	REXO2	1	0	0
REXO4	REXO4	1	0	0
REXO5	REXO5	3	0	0
RFC1	RFC1	1	0	0
RFC2	RFC2	1	0	0
RFC2	RFC4	0	2	0
RFC2	RFC5	0	2	0
RFC3	RFC3	1	0	0
RFC4	RFC4	1	0	0
RFC4	RFC5	0	2	0
RFC5	RFC5	1	0	0
RFESD	RFESD	1	0	0
RFFL	RFFL	3	0	0
RFFL	RNF34	0	2	0
RFK	RFK	3	0	0
RFLNA	RFLNA	6	0	0
RFLNA	RFLNB	0	2	0
RFLNB	RFLNB	1	0	0
RFNG	RFNG	3	0	0
RFPL3	RFPL3	1	0	0
RFTN1	RFTN1	1	0	0
RFTN1	RFTN2	0	2	0
RFTN2	RFTN2	1	0	0
RFWD3	RFWD3	1	0	0
RFX1	RFX1	3	0	0
RFX1	RFX2	0	2	0
RFX1	RFX3	0	2	0
RFX2	RFX2	1	0	0
RFX2	RFX3	0	2	0
RFX3	RFX3	1	0	0
RFX4	RFX4	1	0	0
RFX5	RFX5	1	0	0
RFX6	RFX6	1	0	0
RFX7	RFX7	1	0	0
RFXANK	RFXANK	1	0	0
RFXAP	RFXAP	3	0	0
RGCC	RGCC	1	0	0
RGL1	RGL1	1	0	0
RGL1	RGL2	0	2	0
RGL1	RGL3	0	2	0
RGL2	RGL2	1	0	0
RGL2	RGL3	0	2	0
RGL3	RGL3	1	0	0
RGMA	RGMA	1	0	0
RGMA	RGMB	0	2	0
RGMB	RGMB	3	0	0
RGP1	RGP1	1	0	0
RGR	RGR	1	0	0
RGS1	RGS1	1	0	0
RGS1	RGS10	0	2	0
RGS1	RGS13	0	2	0
RGS1	RGS16	0	2	0
RGS1	RGS18	0	2	0
RGS1	RGS2	0	2	0
RGS1	RGS21	0	2	0
RGS1	RGS3	0	2	0
RGS1	RGS4	0	2	0
RGS1	RGS5	0	2	0
RGS1	RGS8	0	2	0
RGS10	RGS10	1	0	0
RGS10	RGS13	0	2	0
RGS10	RGS16	0	2	0
RGS10	RGS18	0	2	0
RGS10	RGS2	0	2	0
RGS10	RGS21	0	2	0
RGS10	RGS3	0	2	0
RGS10	RGS4	0	2	0
RGS10	RGS5	0	2	0
RGS10	RGS8	0	2	0
RGS11	RGS11	1	0	0
RGS11	RGS6	0	1	0
RGS11	RGS7	0	2	0
RGS12	RGS12	1	0	0
RGS13	RGS13	1	0	0
RGS13	RGS16	0	2	0
RGS13	RGS18	0	2	0
RGS13	RGS2	0	2	0
RGS13	RGS21	0	2	0
RGS13	RGS3	0	2	0
RGS13	RGS4	0	2	0
RGS13	RGS5	0	2	0
RGS13	RGS8	0	2	0
RGS14	RGS14	1	0	0
RGS16	RGS16	1	0	0
RGS16	RGS18	0	2	0
RGS16	RGS2	0	2	0
RGS16	RGS21	0	2	0
RGS16	RGS3	0	2	0
RGS16	RGS4	0	2	0
RGS16	RGS5	0	2	0
RGS16	RGS8	0	2	0
RGS17	RGS17	1	0	0
RGS17	RGS19	0	2	0
RGS17	RGS20	0	2	0
RGS18	RGS18	1	0	0
RGS18	RGS2	0	2	0
RGS18	RGS21	0	2	0
RGS18	RGS3	0	2	0
RGS18	RGS4	0	2	0
RGS18	RGS5	0	2	0
RGS18	RGS8	0	2	0
RGS19	RGS19	1	0	0
RGS19	RGS20	0	2	0
RGS2	RGS2	1	0	0
RGS2	RGS21	0	2	0
RGS2	RGS3	0	2	0
RGS2	RGS4	0	2	0
RGS2	RGS5	0	2	0
RGS2	RGS8	0	2	0
RGS20	RGS20	1	0	0
RGS21	RGS21	1	0	0
RGS21	RGS3	0	2	0
RGS21	RGS4	0	2	0
RGS21	RGS5	0	2	0
RGS21	RGS8	0	2	0
RGS22	RGS22	1	0	0
RGS3	RGS3	1	0	0
RGS3	RGS4	0	2	0
RGS3	RGS5	0	2	0
RGS3	RGS8	0	2	0
RGS4	RGS4	1	0	0
RGS4	RGS5	0	2	0
RGS4	RGS8	0	2	0
RGS5	RGS5	6	0	0
RGS5	RGS8	0	2	0
RGS6	RGS6	0	0	1
RGS6	RGS7	0	1	0
RGS6	RGS9	0	1	0
RGS7	RGS7	1	0	0
RGS7BP	RGS7BP	1	0	0
RGS8	RGS8	1	0	0
RGS9	RGS9	1	0	0
RGS9BP	RGS9BP	1	0	0
RGSL1	RGSL1	1	0	0
RHAG	RHAG	1	0	0
RHAG	RHBG	0	2	0
RHAG	RHCG	0	2	0
RHBDD1	RHBDD1	1	0	0
RHBDD2	RHBDD2	1	0	0
RHBDD3	RHBDD3	1	0	0
RHBDF1	RHBDF1	1	0	0
RHBDF1	RHBDF2	0	2	0
RHBDF2	RHBDF2	1	0	0
RHBDL1	RHBDL1	1	0	0
RHBDL1	RHBDL3	0	2	0
RHBDL2	RHBDL2	1	0	0
RHBDL3	RHBDL3	1	0	0
RHBG	RHBG	7	0	2
RHBG	RHCG	0	2	0
RHCG	RHCG	1	0	0
RHEBL1	RHEBL1	0	0	1
RHEX	RHEX	1	0	0
RHNO1	RHNO1	1	0	0
RHO	RHO	1	0	0
RHOA	RHOA	0	0	3
RHOB	RHOB	0	0	1
RHOBTB1	RHOBTB1	1	0	0
RHOBTB1	RHOBTB2	0	2	0
RHOBTB2	RHOBTB2	1	0	0
RHOBTB3	RHOBTB3	3	0	0
RHOC	RHOC	0	0	3
RHOD	RHOD	0	0	1
RHOF	RHOF	0	0	1
RHOG	RHOG	0	0	1
RHOH	RHOH	0	0	1
RHOJ	RHOJ	0	0	1
RHOQ	RHOQ	0	0	1
RHOT1	RHOT1	1	0	0
RHOT1	RHOT2	0	2	0
RHOT2	RHOT2	1	0	0
RHOU	RHOU	1	0	0
RHOU	RHOV	0	2	0
RHOV	RHOV	1	0	0
RHPN1	RHPN1	1	0	0
RHPN1	RHPN2	0	2	0
RHPN2	RHPN2	6	0	0
RIBC1	RIBC1	1	0	0
RIBC1	RIBC2	0	2	0
RIBC2	RIBC2	1	0	0
RIC1	RIC1	1	0	0
RIC3	RIC3	1	0	0
RIC8A	RIC8A	1	0	0
RIC8A	RIC8B	0	2	0
RIC8B	RIC8B	1	0	0
RICTOR	RICTOR	1	0	0
RIDA	RIDA	3	0	0
RIF1	RIF1	1	0	0
RIIAD1	RIIAD1	1	0	0
RILP	RILP	1	0	0
RILP	RILPL1	0	2	0
RILPL1	RILPL1	1	0	0
RILPL2	RILPL2	1	0	0
RIMBP2	RIMBP2	1	0	0
RIMBP2	TSPOAP1	0	2	0
RIMKLA	RIMKLA	1	0	0
RIMKLA	RIMKLB	0	2	0
RIMKLB	RIMKLB	1	0	0
RIMOC1	RIMOC1	3	0	0
RIMS1	RIMS1	3	0	0
RIMS1	RIMS2	0	2	0
RIMS1	RIMS4	0	2	0
RIMS2	RIMS2	1	0	0
RIMS2	RIMS4	0	2	0
RIMS3	RIMS3	1	0	0
RIMS4	RIMS4	1	0	0
RIN1	RIN1	1	0	0
RIN1	RIN2	0	2	0
RIN1	RIN3	0	2	0
RIN1	RINL	0	2	0
RIN2	RIN2	1	0	0
RIN2	RIN3	0	2	0
RIN2	RINL	0	2	0
RIN3	RIN3	3	0	0
RIN3	RINL	0	2	0
RING1	RING1	1	0	0
RING1	RNF2	0	2	0
RINL	RINL	1	0	0
RINT1	RINT1	1	0	0
RIOK1	RIOK1	1	0	0
RIOK2	RIOK2	3	0	0
RIOK3	RIOK3	3	0	0
RIOX1	RIOX1	1	0	0
RIOX2	RIOX2	1	0	0
RIPK1	RIPK1	1	0	0
RIPK1	RIPK2	0	2	0
RIPK2	RIPK2	1	0	0
RIPK3	RIPK3	1	0	0
RIPK4	RIPK4	1	0	0
RIPOR1	RIPOR1	3	0	0
RIPOR1	RIPOR2	0	2	0
RIPOR1	RIPOR3	0	2	0
RIPOR2	RIPOR2	3	0	0
RIPOR2	RIPOR3	0	2	0
RIPOR3	RIPOR3	1	0	0
RIPPLY1	RIPPLY1	1	0	0
RIPPLY1	RIPPLY2	0	2	0
RIPPLY1	RIPPLY3	0	2	0
RIPPLY2	RIPPLY2	1	0	0
RIPPLY2	RIPPLY3	0	2	0
RIPPLY3	RIPPLY3	3	0	0
RIT1	RIT1	0	0	1
RIT2	RIT2	0	0	1
RITA1	RITA1	1	0	0
RLBP1	RLBP1	1	0	0
RLF	RLF	1	0	0
RLIM	RLIM	6	0	0
RLIM	RNF6	0	2	0
RLN2	RLN2	1	0	0
RLN3	RLN3	1	0	0
RMC1	RMC1	1	0	0
RMDN1	RMDN1	1	0	0
RMDN2	RMDN2	1	0	0
RMDN2	RMDN3	0	2	0
RMDN3	RMDN3	1	0	0
RMI1	RMI1	3	0	0
RMI2	RMI2	1	0	0
RMND1	RMND1	3	0	0
RMND5A	RMND5A	1	0	0
RMND5A	RMND5B	0	2	0
RMND5B	RMND5B	1	0	0
RNASE1	RNASE1	1	0	0
RNASE1	RNASE4	0	2	0
RNASE2	RNASE2	1	0	0
RNASE2	RNASE6	0	2	0
RNASE2	RNASE7	0	2	0
RNASE2	RNASE8	0	2	0
RNASE4	RNASE4	1	0	0
RNASE6	RNASE6	1	0	0
RNASE6	RNASE7	0	2	0
RNASE6	RNASE8	0	2	0
RNASE7	RNASE7	1	0	0
RNASE7	RNASE8	0	2	0
RNASE8	RNASE8	1	0	0
RNASE9	RNASE9	1	0	0
RNASEH1	RNASEH1	1	0	0
RNASEH2A	RNASEH2A	1	0	0
RNASEH2B	RNASEH2B	1	0	0
RNASEH2C	RNASEH2C	1	0	0
RNASEK	RNASEK	1	0	0
RNASEL	RNASEL	1	0	0
RNASET2	RNASET2	1	0	0
RND1	RND1	0	0	1
RND2	RND2	0	0	1
RND3	RND3	0	0	1
RNF10	RNF10	1	0	0
RNF11	RNF11	1	0	0
RNF111	RNF111	1	0	0
RNF111	RNF165	0	2	0
RNF111	RNF215	0	2	0
RNF111	RNF38	0	2	0
RNF111	RNF44	0	2	0
RNF112	RNF112	1	0	0
RNF113A	RNF113A	1	0	0
RNF113A	RNF113B	0	2	0
RNF113B	RNF113B	1	0	0
RNF114	RNF114	1	0	0
RNF114	RNF125	0	2	0
RNF114	RNF138	0	2	0
RNF114	RNF166	0	2	0
RNF115	RNF115	1	0	0
RNF115	RNF126	0	2	0
RNF121	RNF121	1	0	0
RNF121	RNF175	0	2	0
RNF122	RNF122	1	0	0
RNF122	RNF24	0	2	0
RNF123	RNF123	1	0	0
RNF125	RNF125	1	0	0
RNF125	RNF138	0	2	0
RNF125	RNF166	0	2	0
RNF126	RNF126	1	0	0
RNF128	RNF128	1	0	0
RNF128	RNF130	0	2	0
RNF128	RNF149	0	2	0
RNF128	RNF150	0	2	0
RNF13	RNF13	1	0	0
RNF13	RNF167	0	2	0
RNF130	RNF130	1	0	0
RNF130	RNF149	0	2	0
RNF130	RNF150	0	2	0
RNF135	RNF135	3	0	0
RNF138	RNF138	1	0	0
RNF138	RNF166	0	2	0
RNF139	RNF139	1	0	0
RNF139	RNF145	0	2	0
RNF14	RNF14	1	0	0
RNF141	RNF141	1	0	0
RNF144A	RNF144A	1	0	0
RNF144A	RNF144B	0	2	0
RNF144B	RNF144B	1	0	0
RNF145	RNF145	1	0	0
RNF146	RNF146	1	0	0
RNF149	RNF149	1	0	0
RNF149	RNF150	0	2	0
RNF150	RNF150	1	0	0
RNF151	RNF151	1	0	0
RNF152	RNF152	1	0	0
RNF157	RNF157	1	0	0
RNF165	RNF165	3	0	0
RNF165	RNF215	0	6	0
RNF165	RNF38	0	2	0
RNF165	RNF44	0	2	0
RNF166	RNF166	1	0	0
RNF167	RNF167	6	0	0
RNF168	RNF168	1	0	0
RNF169	RNF169	1	0	0
RNF17	RNF17	1	0	0
RNF170	RNF170	3	0	0
RNF175	RNF175	1	0	0
RNF180	RNF180	1	0	0
RNF181	RNF181	1	0	0
RNF182	RNF182	1	0	0
RNF183	RNF183	1	0	0
RNF185	RNF185	1	0	0
RNF185	RNF5	0	2	0
RNF186	RNF186	1	0	0
RNF187	RNF187	1	0	0
RNF19B	RNF19B	1	0	0
RNF2	RNF2	1	0	0
RNF20	RNF20	1	0	0
RNF20	RNF40	0	2	0
RNF207	RNF207	1	0	0
RNF208	RNF208	3	0	0
RNF212	RNF212	1	0	0
RNF212	RNF212B	0	2	0
RNF212B	RNF212B	1	0	0
RNF213	RNF213	1	0	0
RNF214	RNF214	1	0	0
RNF215	RNF215	3	0	0
RNF215	RNF38	0	2	0
RNF215	RNF44	0	2	0
RNF216	RNF216	1	0	0
RNF217	RNF217	6	0	0
RNF220	RNF220	1	0	0
RNF222	RNF222	1	0	0
RNF223	RNF223	1	0	0
RNF224	RNF224	3	0	0
RNF225	RNF225	1	0	0
RNF24	RNF24	1	0	0
RNF25	RNF25	1	0	0
RNF26	RNF26	1	0	0
RNF31	RNF31	1	0	0
RNF32	RNF32	1	0	0
RNF34	RNF34	1	0	0
RNF38	RNF38	1	0	0
RNF38	RNF44	0	2	0
RNF39	RNF39	1	0	0
RNF4	RNF4	3	0	0
RNF40	RNF40	1	0	0
RNF41	RNF41	1	0	0
RNF43	RNF43	1	0	0
RNF44	RNF44	1	0	0
RNF5	RNF5	1	0	0
RNF6	RNF6	1	0	0
RNF7	RNF7	1	0	0
RNF8	RNF8	1	0	0
RNFT1	RNFT1	1	0	0
RNFT1	RNFT2	0	2	0
RNFT2	RNFT2	1	0	0
RNGTT	RNGTT	1	0	0
RNLS	RNLS	1	0	0
RNMT	RNMT	1	0	0
RNPEP	RNPEP	1	0	0
RNPEP	RNPEPL1	0	2	0
RNPEPL1	RNPEPL1	1	0	0
RNPS1	RNPS1	1	0	0
RNPS1	TRA2A	0	2	0
RNPS1	TRA2B	0	2	0
RO60	RO60	1	0	0
ROBO1	ROBO1	1	0	0
ROBO1	ROBO2	0	2	0
ROBO1	ROBO3	0	2	0
ROBO2	ROBO2	1	0	0
ROBO2	ROBO3	0	2	0
ROBO3	ROBO3	1	0	0
ROBO4	ROBO4	1	0	0
ROCK1	ROCK1	3	0	0
ROCK1	ROCK2	0	2	0
ROCK2	ROCK2	1	0	0
ROGDI	ROGDI	1	0	0
ROM1	ROM1	1	0	0
ROMO1	ROMO1	1	0	0
ROPN1	ROPN1	1	0	0
ROPN1	ROPN1B	0	2	0
ROPN1	ROPN1L	0	2	0
ROPN1B	ROPN1B	1	0	0
ROPN1B	ROPN1L	0	2	0
ROPN1L	ROPN1L	1	0	0
ROR1	ROR1	3	0	0
ROR1	ROR2	0	2	0
ROR2	ROR2	1	0	0
RORA	RORA	1	0	0
RORA	RORB	0	2	0
RORA	RORC	0	2	0
RORB	RORB	1	0	0
RORB	RORC	0	2	0
RORC	RORC	1	0	0
ROS1	ROS1	1	0	0
RP1	RP1	1	0	0
RP1L1	RP1L1	0	0	1
RP2	RP2	1	0	0
RP9	RP9	0	0	1
RPA1	RPA1	1	0	0
RPA2	RPA2	1	0	0
RPA3	RPA3	1	0	0
RPAIN	RPAIN	1	0	0
RPAP1	RPAP1	1	0	0
RPAP2	RPAP2	1	0	0
RPAP3	RPAP3	1	0	0
RPE65	RPE65	1	0	0
RPF1	RPF1	1	0	0
RPF2	RPF2	1	0	0
RPGRIP1	RPGRIP1	1	0	0
RPGRIP1	RPGRIP1L	0	2	0
RPGRIP1L	RPGRIP1L	1	0	0
RPH3A	RPH3A	1	0	0
RPIA	RPIA	1	0	0
RPL10A	RPL10A	3	0	0
RPL10L	RPL10L	3	0	0
RPL11	RPL11	3	0	0
RPL12	RPL12	1	0	0
RPL13	RPL13	3	0	0
RPL13A	RPL13A	1	0	0
RPL14	RPL14	1	0	0
RPL15	RPL15	3	0	0
RPL17	RPL17	1	0	0
RPL18	RPL18	1	0	0
RPL18A	RPL18A	1	0	0
RPL19	RPL19	1	0	0
RPL21	RPL21	1	0	0
RPL22	RPL22	1	0	0
RPL22	RPL22L1	0	2	0
RPL22L1	RPL22L1	1	0	0
RPL23	RPL23	3	0	0
RPL24	RPL24	1	0	0
RPL26	RPL26	1	0	0
RPL26	RPL26L1	0	2	0
RPL26L1	RPL26L1	1	0	0
RPL27	RPL27	6	0	0
RPL28	RPL28	1	0	0
RPL29	RPL29	1	0	0
RPL30	RPL30	1	0	0
RPL34	RPL34	1	0	0
RPL35	RPL35	1	0	0
RPL35A	RPL35A	3	0	0
RPL36	RPL36	1	0	0
RPL36AL	RPL36AL	1	0	0
RPL37	RPL37	1	0	0
RPL37A	RPL37A	1	0	0
RPL38	RPL38	1	0	0
RPL39L	RPL39L	1	0	0
RPL3L	RPL3L	1	0	0
RPL4	RPL4	1	0	0
RPL5	RPL5	3	0	0
RPL7A	RPL7A	1	0	0
RPL7L1	RPL7L1	1	0	0
RPL8	RPL8	1	0	0
RPL9	RPL9	1	0	0
RPLP1	RPLP1	0	0	3
RPLP2	RPLP2	0	0	1
RPN1	RPN1	1	0	0
RPN2	RPN2	1	0	0
RPP25	RPP25	1	0	0
RPP25	RPP25L	0	2	0
RPP25L	RPP25L	1	0	0
RPP30	RPP30	1	0	0
RPP38	RPP38	1	0	0
RPP40	RPP40	1	0	0
RPRD1A	RPRD1A	1	0	0
RPRD1A	RPRD1B	0	2	0
RPRD1B	RPRD1B	1	0	0
RPRD2	RPRD2	1	0	0
RPRM	RPRM	1	0	0
RPS10	RPS10	1	0	0
RPS11	RPS11	6	0	0
RPS12	RPS12	3	0	0
RPS14	RPS14	1	0	0
RPS16	RPS16	1	0	0
RPS18	RPS18	3	0	0
RPS19	RPS19	1	0	0
RPS19BP1	RPS19BP1	1	0	0
RPS20	RPS20	1	0	0
RPS23	RPS23	3	0	0
RPS24	RPS24	1	0	0
RPS25	RPS25	1	0	0
RPS26	RPS26	3	0	0
RPS27	RPS27	1	0	0
RPS27A	RPS27A	0	0	1
RPS28	RPS28	1	0	0
RPS29	RPS29	1	0	0
RPS3A	RPS3A	1	0	0
RPS4X	RPS4X	1	0	0
RPS4X	RPS4Y1	0	2	0
RPS4X	RPS4Y2	0	2	0
RPS4Y1	RPS4Y1	1	0	0
RPS4Y1	RPS4Y2	0	2	0
RPS4Y2	RPS4Y2	1	0	0
RPS5	RPS5	1	0	0
RPS6	RPS6	1	0	0
RPS6KA1	RPS6KA1	1	0	0
RPS6KA1	RPS6KA2	0	2	0
RPS6KA1	RPS6KA4	0	2	0
RPS6KA1	RPS6KA5	0	2	0
RPS6KA1	RPS6KA6	0	2	0
RPS6KA2	RPS6KA2	1	0	0
RPS6KA2	RPS6KA4	0	2	0
RPS6KA2	RPS6KA5	0	2	0
RPS6KA2	RPS6KA6	0	2	0
RPS6KA4	RPS6KA4	1	0	0
RPS6KA4	RPS6KA5	0	2	0
RPS6KA4	RPS6KA6	0	2	0
RPS6KA5	RPS6KA5	1	0	0
RPS6KA5	RPS6KA6	0	2	0
RPS6KA6	RPS6KA6	1	0	0
RPS6KB1	RPS6KB1	1	0	0
RPS6KB1	RPS6KB2	0	2	0
RPS6KB2	RPS6KB2	1	0	0
RPS6KC1	RPS6KC1	1	0	0
RPS6KC1	RPS6KL1	0	2	0
RPS6KC1	SNX15	0	2	0
RPS6KL1	RPS6KL1	1	0	0
RPS6KL1	SNX15	0	2	0
RPS7	RPS7	1	0	0
RPS8	RPS8	1	0	0
RPS9	RPS9	1	0	0
RPTN	RPTN	3	0	0
RPTN	TCHHL1	0	2	0
RPTOR	RPTOR	1	0	0
RPUSD1	RPUSD1	1	0	0
RPUSD2	RPUSD2	1	0	0
RPUSD3	RPUSD3	1	0	0
RPUSD4	RPUSD4	1	0	0
RRAD	RRAD	1	0	0
RRAGA	RRAGA	1	0	0
RRAGA	RRAGB	0	2	0
RRAGB	RRAGB	3	0	0
RRAGC	RRAGC	1	0	0
RRAGC	RRAGD	0	2	0
RRAGD	RRAGD	1	0	0
RRAS	RRAS	0	0	6
RRAS2	RRAS2	0	0	1
RRBP1	RRBP1	3	0	0
RREB1	RREB1	1	0	0
RRM1	RRM1	1	0	0
RRM2B	RRM2B	3	0	0
RRN3	RRN3	1	0	0
RRP1	RRP1	1	0	0
RRP1	RRP1B	0	2	0
RRP12	RRP12	1	0	0
RRP15	RRP15	1	0	0
RRP1B	RRP1B	1	0	0
RRP36	RRP36	1	0	0
RRP7A	RRP7A	3	0	0
RRP8	RRP8	3	0	0
RRP9	RRP9	1	0	0
RRS1	RRS1	1	0	0
RS1	RS1	1	0	0
RSAD1	RSAD1	1	0	0
RSAD2	RSAD2	1	0	0
RSBN1	RSBN1	1	0	0
RSBN1	RSBN1L	0	2	0
RSBN1L	RSBN1L	3	0	0
RSF1	RSF1	1	0	0
RSKR	RSKR	1	0	0
RSL1D1	RSL1D1	1	0	0
RSL24D1	RSL24D1	1	0	0
RSPH1	RSPH1	0	0	1
RSPH14	RSPH14	1	0	0
RSPH3	RSPH3	1	0	0
RSPH4A	RSPH4A	1	0	0
RSPH4A	RSPH6A	0	2	0
RSPH6A	RSPH6A	1	0	0
RSPH9	RSPH9	3	0	0
RSPO1	RSPO1	1	0	0
RSPO1	RSPO2	0	2	0
RSPO1	RSPO3	0	2	0
RSPO1	RSPO4	0	2	0
RSPO2	RSPO2	1	0	0
RSPO2	RSPO3	0	2	0
RSPO2	RSPO4	0	2	0
RSPO3	RSPO3	1	0	0
RSPO3	RSPO4	0	2	0
RSPO4	RSPO4	1	0	0
RSPRY1	RSPRY1	1	0	0
RSRC1	RSRC1	6	0	0
RSRC1	RSRC2	0	6	0
RSRC1	RSRP1	0	6	0
RSRC1	SNRNP27	0	6	0
RSRC2	RSRC2	3	0	0
RSRC2	RSRP1	0	6	0
RSRC2	SNRNP27	0	6	0
RSRP1	RSRP1	3	0	0
RSRP1	SNRNP27	0	6	0
RSU1	RSU1	0	0	6
RTBDN	RTBDN	1	0	0
RTCA	RTCA	3	0	0
RTCB	RTCB	1	0	0
RTEL1	RTEL1	1	0	0
RTF1	RTF1	1	0	0
RTF2	RTF2	1	0	0
RTKN	RTKN	1	0	0
RTKN	RTKN2	0	2	0
RTKN2	RTKN2	1	0	0
RTL1	RTL1	1	0	0
RTL4	RTL4	1	0	0
RTL5	RTL5	1	0	0
RTL6	RTL6	1	0	0
RTL8A	RTL8A	0	0	1
RTL9	RTL9	1	0	0
RTN1	RTN1	3	0	0
RTN1	RTN2	0	6	0
RTN1	RTN4	0	6	0
RTN2	RTN2	3	0	0
RTN2	RTN4	0	6	0
RTN3	RTN3	3	0	0
RTN4	RTN4	3	0	0
RTN4IP1	RTN4IP1	1	0	0
RTN4R	RTN4R	1	0	0
RTN4R	RTN4RL1	0	2	0
RTN4R	RTN4RL2	0	2	0
RTN4RL1	RTN4RL1	1	0	0
RTN4RL1	RTN4RL2	0	2	0
RTN4RL2	RTN4RL2	1	0	2
RTP1	RTP1	1	0	0
RTP1	RTP2	0	2	0
RTP2	RTP2	1	0	0
RTP3	RTP3	1	0	0
RTP3	RTP4	0	2	0
RTP4	RTP4	2	0	4
RTP5	RTP5	0	0	1
RTRAF	RTRAF	1	0	0
RTTN	RTTN	1	0	0
RUBCN	RUBCN	1	0	0
RUBCNL	RUBCNL	1	0	0
RUFY1	RUFY1	1	0	0
RUFY1	RUFY2	0	2	0
RUFY1	RUFY3	0	2	0
RUFY2	RUFY2	1	0	0
RUFY2	RUFY3	0	2	0
RUFY3	RUFY3	1	0	0
RUFY4	RUFY4	3	0	0
RUNDC1	RUNDC1	1	0	0
RUNDC3A	RUNDC3A	1	0	0
RUNDC3A	RUNDC3B	0	2	0
RUNDC3B	RUNDC3B	1	0	0
RUNX1	RUNX1	1	0	0
RUNX1	RUNX2	0	2	0
RUNX1	RUNX3	0	2	0
RUNX1T1	RUNX1T1	3	0	0
RUNX2	RUNX2	1	0	0
RUNX2	RUNX3	0	2	0
RUNX3	RUNX3	1	0	0
RUSC1	RUSC1	1	0	0
RUSC2	RUSC2	1	0	0
RUSF1	RUSF1	1	0	0
RUVBL1	RUVBL1	1	0	0
RUVBL1	RUVBL2	0	2	0
RUVBL2	RUVBL2	1	0	0
RWDD1	RWDD1	1	0	0
RWDD2A	RWDD2A	1	0	0
RWDD2A	RWDD2B	0	2	0
RWDD2B	RWDD2B	1	0	0
RWDD3	RWDD3	3	0	0
RWDD4	RWDD4	1	0	0
RXFP1	RXFP1	3	0	0
RXFP1	RXFP2	0	2	0
RXFP2	RXFP2	1	0	0
RXFP3	RXFP3	1	0	0
RXFP3	RXFP4	0	2	0
RXFP4	RXFP4	1	0	0
RXRA	RXRA	1	0	0
RXRA	RXRB	0	2	0
RXRA	RXRG	0	2	0
RXRB	RXRB	1	0	0
RXRB	RXRG	0	2	0
RXRG	RXRG	1	0	0
RXYLT1	RXYLT1	1	0	0
RYBP	RYBP	1	0	0
RYBP	YAF2	0	2	0
RYK	RYK	1	0	0
RYR1	RYR1	1	0	0
RYR1	RYR2	0	2	0
RYR1	RYR3	0	2	0
RYR2	RYR2	1	0	0
RYR2	RYR3	0	2	0
RYR3	RYR3	1	0	0
S100A1	S100A1	1	0	0
S100A1	S100A12	0	2	0
S100A1	S100A2	0	2	0
S100A1	S100A3	0	2	0
S100A1	S100A4	0	2	0
S100A1	S100A5	0	2	0
S100A1	S100A6	0	2	0
S100A1	S100A9	0	2	0
S100A1	S100B	0	2	0
S100A1	S100G	0	2	0
S100A1	S100P	0	2	0
S100A1	S100Z	0	2	0
S100A10	S100A10	1	0	0
S100A11	S100A11	1	0	0
S100A12	S100A12	3	0	0
S100A12	S100A2	0	2	0
S100A12	S100A3	0	2	0
S100A12	S100A4	0	2	0
S100A12	S100A5	0	2	0
S100A12	S100A6	0	2	0
S100A12	S100A9	0	2	0
S100A12	S100B	0	2	0
S100A12	S100G	0	2	0
S100A12	S100P	0	2	0
S100A12	S100Z	0	2	0
S100A13	S100A13	1	0	0
S100A13	S100A8	0	2	0
S100A14	S100A14	1	0	0
S100A16	S100A16	1	0	0
S100A2	S100A2	1	0	0
S100A2	S100A3	0	2	0
S100A2	S100A4	0	2	0
S100A2	S100A5	0	2	0
S100A2	S100A6	0	2	0
S100A2	S100A9	0	2	0
S100A2	S100B	0	2	0
S100A2	S100G	0	2	0
S100A2	S100P	0	2	0
S100A2	S100Z	0	2	0
S100A3	S100A3	1	0	0
S100A3	S100A4	0	2	0
S100A3	S100A5	0	2	0
S100A3	S100A6	0	2	0
S100A3	S100A9	0	2	0
S100A3	S100B	0	2	0
S100A3	S100G	0	2	0
S100A3	S100P	0	2	0
S100A3	S100Z	0	2	0
S100A4	S100A4	1	0	0
S100A4	S100A5	0	2	0
S100A4	S100A6	0	2	0
S100A4	S100A9	0	2	0
S100A4	S100B	0	2	0
S100A4	S100G	0	2	0
S100A4	S100P	0	2	0
S100A4	S100Z	0	2	0
S100A5	S100A5	1	0	0
S100A5	S100A6	0	2	0
S100A5	S100A9	0	2	0
S100A5	S100B	0	2	0
S100A5	S100G	0	2	0
S100A5	S100P	0	2	0
S100A5	S100Z	0	2	0
S100A6	S100A6	1	0	0
S100A6	S100A9	0	2	0
S100A6	S100B	0	2	0
S100A6	S100G	0	2	0
S100A6	S100P	0	2	0
S100A6	S100Z	0	2	0
S100A7	S100A7	1	0	0
S100A7	S100A7L2	0	2	0
S100A7L2	S100A7L2	1	0	0
S100A8	S100A8	1	0	0
S100A9	S100A9	1	0	0
S100A9	S100B	0	2	0
S100A9	S100G	0	2	0
S100A9	S100P	0	2	0
S100A9	S100Z	0	2	0
S100B	S100B	1	0	0
S100B	S100G	0	2	0
S100B	S100P	0	2	0
S100B	S100Z	0	2	0
S100G	S100G	1	0	0
S100G	S100P	0	2	0
S100G	S100Z	0	2	0
S100P	S100P	1	0	0
S100P	S100Z	0	2	0
S100PBP	S100PBP	1	0	0
S100Z	S100Z	1	0	0
S1PR1	S1PR1	1	0	0
S1PR1	S1PR2	0	2	0
S1PR1	S1PR3	0	2	0
S1PR2	S1PR2	1	0	0
S1PR2	S1PR3	0	2	0
S1PR3	S1PR3	1	0	0
SAA1	SAA1	1	0	0
SAA1	SAA2	0	2	0
SAA2	SAA2	1	0	0
SAAL1	SAAL1	1	0	0
SAC3D1	SAC3D1	1	0	0
SACM1L	SACM1L	1	0	0
SACS	SACS	1	0	0
SAE1	SAE1	1	0	0
SAFB	SAFB	1	0	0
SAFB	SAFB2	0	2	0
SAFB	SLTM	0	2	0
SAFB2	SAFB2	1	0	0
SAFB2	SLTM	0	2	0
SAG	SAG	1	0	0
SALL1	SALL1	1	0	0
SALL1	SALL2	0	2	0
SALL1	SALL3	0	2	0
SALL1	SALL4	0	2	0
SALL2	SALL2	1	0	0
SALL2	SALL3	0	2	0
SALL2	SALL4	0	2	0
SALL3	SALL3	1	0	0
SALL3	SALL4	0	2	0
SALL4	SALL4	1	0	0
SAMD1	SAMD1	1	0	0
SAMD10	SAMD10	1	0	0
SAMD10	SAMD12	0	2	0
SAMD11	SAMD11	1	0	0
SAMD12	SAMD12	1	0	0
SAMD13	SAMD13	1	0	0
SAMD14	SAMD14	3	0	0
SAMD15	SAMD15	1	0	0
SAMD3	SAMD3	1	0	0
SAMD4A	SAMD4A	1	0	0
SAMD4A	SAMD4B	0	2	0
SAMD4B	SAMD4B	1	0	0
SAMD5	SAMD5	1	0	0
SAMD7	SAMD7	1	0	0
SAMD8	SAMD8	1	0	0
SAMD8	SGMS1	0	2	0
SAMD8	SGMS2	0	2	0
SAMD9	SAMD9	1	0	0
SAMHD1	SAMHD1	1	0	0
SAMM50	SAMM50	3	0	0
SAMSN1	SAMSN1	1	0	0
SAMSN1	SASH3	0	2	0
SANBR	SANBR	1	0	0
SAP130	SAP130	1	0	0
SAP18	SAP18	1	0	0
SAP25	SAP25	1	0	0
SAP30	SAP30	1	0	0
SAP30	SAP30L	0	2	0
SAP30BP	SAP30BP	1	0	0
SAP30L	SAP30L	1	0	0
SAPCD1	SAPCD1	1	0	0
SAPCD2	SAPCD2	1	0	0
SAR1A	SAR1A	1	0	0
SAR1A	SAR1B	0	2	0
SAR1B	SAR1B	1	0	0
SARAF	SARAF	1	0	0
SARDH	SARDH	1	0	0
SARM1	SARM1	1	0	0
SARNP	SARNP	3	0	0
SARS1	SARS1	1	0	0
SART1	SART1	1	0	0
SART3	SART3	1	0	0
SASH1	SASH1	1	0	0
SASH3	SASH3	1	0	0
SASS6	SASS6	1	0	0
SAT2	SAT2	1	0	0
SATB1	SATB1	1	0	0
SATB1	SATB2	0	2	0
SATB2	SATB2	1	0	0
SATL1	SATL1	1	0	0
SAV1	SAV1	1	0	0
SAXO1	SAXO1	1	0	0
SAXO1	SAXO2	0	2	0
SAXO2	SAXO2	1	0	0
SAYSD1	SAYSD1	1	0	0
SBDS	SBDS	1	0	0
SBF1	SBF1	1	0	0
SBK1	SBK1	3	0	0
SBK2	SBK2	1	0	2
SBK2	SBK3	0	2	0
SBK3	SBK3	1	0	0
SBNO1	SBNO1	1	0	0
SBNO2	SBNO2	1	0	0
SBSN	SBSN	1	0	0
SBSPON	SBSPON	1	0	0
SC5D	SC5D	1	0	0
SCAF1	SCAF1	1	0	0
SCAF11	SCAF11	1	0	0
SCAF4	SCAF4	3	0	0
SCAF4	SCAF8	0	6	0
SCAF8	SCAF8	3	0	0
SCAI	SCAI	1	0	0
SCAMP1	SCAMP1	1	0	0
SCAMP1	SCAMP2	0	2	0
SCAMP1	SCAMP3	0	2	0
SCAMP2	SCAMP2	1	0	0
SCAMP2	SCAMP3	0	2	0
SCAMP3	SCAMP3	1	0	0
SCAMP4	SCAMP4	1	0	0
SCAMP4	SCAMP5	0	2	0
SCAMP5	SCAMP5	1	0	0
SCAND1	SCAND1	6	0	0
SCAP	SCAP	1	0	0
SCAPER	SCAPER	1	0	0
SCARA3	SCARA3	1	0	0
SCARA5	SCARA5	1	0	0
SCARB1	SCARB1	1	0	0
SCARB1	SCARB2	0	2	0
SCARB2	SCARB2	1	0	0
SCARF1	SCARF1	1	0	0
SCARF1	SCARF2	0	2	0
SCARF2	SCARF2	3	0	0
SCCPDH	SCCPDH	3	0	0
SCD	SCD	1	0	0
SCD	SCD5	0	2	0
SCD5	SCD5	1	0	0
SCEL	SCEL	1	0	0
SCFD1	SCFD1	1	0	0
SCFD2	SCFD2	1	0	0
SCG2	SCG2	1	0	0
SCG3	SCG3	1	0	0
SCG5	SCG5	1	0	0
SCGB1A1	SCGB1A1	1	0	0
SCGB1A1	SCGB1D1	0	2	0
SCGB1A1	SCGB1D2	0	2	0
SCGB1A1	SCGB1D4	0	2	0
SCGB1D1	SCGB1D1	1	0	0
SCGB1D1	SCGB1D2	0	2	0
SCGB1D1	SCGB1D4	0	2	0
SCGB1D2	SCGB1D2	1	0	0
SCGB1D2	SCGB1D4	0	2	0
SCGB1D4	SCGB1D4	1	0	0
SCGB2A1	SCGB2A1	1	0	0
SCGB2A1	SCGB2A2	0	2	0
SCGB2A2	SCGB2A2	1	0	0
SCGB2B2	SCGB2B2	1	0	0
SCGB3A1	SCGB3A1	1	0	0
SCGB3A1	SCGB3A2	0	2	0
SCGB3A2	SCGB3A2	3	0	0
SCGN	SCGN	1	0	0
SCIMP	SCIMP	3	0	0
SCIN	SCIN	1	0	0
SCIN	VIL1	0	2	0
SCIN	VILL	0	2	0
SCLT1	SCLT1	3	0	0
SCLY	SCLY	6	0	0
SCMH1	SCMH1	1	0	0
SCMH1	SCML4	0	2	0
SCML1	SCML1	3	0	0
SCML4	SCML4	1	0	0
SCN10A	SCN10A	1	0	0
SCN10A	SCN11A	0	2	0
SCN10A	SCN1A	0	2	0
SCN10A	SCN2A	0	2	0
SCN10A	SCN3A	0	2	0
SCN10A	SCN4A	0	2	0
SCN10A	SCN5A	0	2	0
SCN10A	SCN7A	0	2	0
SCN10A	SCN8A	0	2	0
SCN10A	SCN9A	0	2	0
SCN11A	SCN11A	1	0	0
SCN11A	SCN1A	0	2	0
SCN11A	SCN2A	0	2	0
SCN11A	SCN3A	0	2	0
SCN11A	SCN4A	0	2	0
SCN11A	SCN5A	0	2	0
SCN11A	SCN7A	0	2	0
SCN11A	SCN8A	0	2	0
SCN11A	SCN9A	0	2	0
SCN1A	SCN1A	1	0	0
SCN1A	SCN2A	0	2	0
SCN1A	SCN3A	0	2	0
SCN1A	SCN4A	0	2	0
SCN1A	SCN5A	0	2	0
SCN1A	SCN7A	0	2	0
SCN1A	SCN8A	0	2	0
SCN1A	SCN9A	0	2	0
SCN1B	SCN1B	1	0	0
SCN1B	SCN3B	0	2	0
SCN2A	SCN2A	3	0	0
SCN2A	SCN3A	0	2	0
SCN2A	SCN4A	0	2	0
SCN2A	SCN5A	0	2	0
SCN2A	SCN7A	0	2	0
SCN2A	SCN8A	0	2	0
SCN2A	SCN9A	0	2	0
SCN2B	SCN2B	1	0	0
SCN3A	SCN3A	1	0	0
SCN3A	SCN4A	0	2	0
SCN3A	SCN5A	0	2	0
SCN3A	SCN7A	0	2	0
SCN3A	SCN8A	0	2	0
SCN3A	SCN9A	0	2	0
SCN3B	SCN3B	1	0	0
SCN4A	SCN4A	1	0	0
SCN4A	SCN5A	0	2	0
SCN4A	SCN7A	0	2	0
SCN4A	SCN8A	0	2	0
SCN4A	SCN9A	0	2	0
SCN4B	SCN4B	3	0	0
SCN5A	SCN5A	1	0	0
SCN5A	SCN7A	0	2	0
SCN5A	SCN8A	0	2	0
SCN5A	SCN9A	0	2	0
SCN7A	SCN7A	1	0	0
SCN7A	SCN8A	0	2	0
SCN7A	SCN9A	0	2	0
SCN8A	SCN8A	1	0	0
SCN8A	SCN9A	0	2	0
SCN9A	SCN9A	1	0	0
SCNM1	SCNM1	3	0	0
SCNN1A	SCNN1A	1	0	0
SCNN1A	SCNN1B	0	2	0
SCNN1A	SCNN1D	0	2	0
SCNN1A	SCNN1G	0	2	0
SCNN1B	SCNN1B	1	0	0
SCNN1B	SCNN1D	0	2	0
SCNN1B	SCNN1G	0	2	0
SCNN1D	SCNN1D	1	0	0
SCNN1D	SCNN1G	0	2	0
SCNN1G	SCNN1G	1	0	0
SCO1	SCO1	1	0	0
SCO1	SCO2	0	2	0
SCO2	SCO2	1	0	0
SCOC	SCOC	3	0	0
SCP2	SCP2	1	0	0
SCP2D1	SCP2D1	3	0	0
SCPEP1	SCPEP1	3	0	0
SCRG1	SCRG1	1	0	0
SCRN1	SCRN1	3	0	0
SCRN1	SCRN2	0	2	0
SCRN1	SCRN3	0	2	0
SCRN2	SCRN2	1	0	0
SCRN2	SCRN3	0	2	0
SCRN3	SCRN3	1	0	0
SCRT1	SCRT1	1	0	0
SCRT1	SCRT2	0	2	0
SCRT1	SNAI1	0	2	0
SCRT1	SNAI2	0	2	0
SCRT1	SNAI3	0	2	0
SCRT2	SCRT2	1	0	0
SCRT2	SNAI1	0	2	0
SCRT2	SNAI2	0	2	0
SCRT2	SNAI3	0	2	0
SCT	SCT	1	0	0
SCTR	SCTR	0	0	1
SCUBE1	SCUBE1	1	0	0
SCUBE1	SCUBE2	0	2	0
SCUBE1	SCUBE3	0	2	0
SCUBE2	SCUBE2	1	0	0
SCUBE2	SCUBE3	0	2	0
SCUBE3	SCUBE3	1	0	0
SCX	SCX	1	0	0
SCX	TCF15	0	2	0
SCX	TCF21	0	2	0
SCYL1	SCYL1	1	0	0
SCYL3	SCYL3	1	0	0
SDAD1	SDAD1	1	0	0
SDC1	SDC1	1	0	0
SDC1	SDC2	0	2	0
SDC1	SDC3	0	2	0
SDC1	SDC4	0	2	0
SDC2	SDC2	3	0	0
SDC2	SDC3	0	2	0
SDC2	SDC4	0	2	0
SDC3	SDC3	1	0	0
SDC3	SDC4	0	2	0
SDC4	SDC4	1	0	0
SDCBP	SDCBP	1	0	0
SDCBP	SDCBP2	0	2	0
SDCBP2	SDCBP2	1	0	0
SDCCAG8	SDCCAG8	1	0	0
SDE2	SDE2	1	0	0
SDF2L1	SDF2L1	3	0	0
SDF4	SDF4	1	0	0
SDHAF1	SDHAF1	1	0	0
SDHAF2	SDHAF2	6	0	0
SDHAF3	SDHAF3	1	0	0
SDHAF4	SDHAF4	3	0	0
SDHB	SDHB	1	0	0
SDHC	SDHC	1	0	0
SDK1	SDK1	1	0	0
SDK1	SDK2	0	2	0
SDK2	SDK2	1	0	0
SDR16C5	SDR16C5	1	0	0
SDR39U1	SDR39U1	1	0	0
SDR42E1	SDR42E1	1	0	0
SDR42E1	SDR42E2	0	2	0
SDR42E2	SDR42E2	1	0	0
SDR9C7	SDR9C7	1	0	0
SDS	SDS	1	0	0
SDS	SDSL	0	2	0
SDS	SRR	0	2	0
SDSL	SDSL	1	0	0
SDSL	SRR	0	2	0
SEBOX	SEBOX	1	0	0
SEC11A	SEC11A	6	0	0
SEC11A	SEC11C	0	2	0
SEC11C	SEC11C	1	0	0
SEC13	SEC13	1	0	0
SEC13	SEH1L	0	2	0
SEC14L1	SEC14L1	1	0	0
SEC14L1	SEC14L5	0	2	0
SEC14L2	SEC14L2	1	0	0
SEC14L2	SEC14L3	0	2	0
SEC14L2	SEC14L4	0	2	0
SEC14L2	SEC14L6	0	2	0
SEC14L3	SEC14L3	3	0	0
SEC14L3	SEC14L4	0	6	0
SEC14L3	SEC14L6	0	2	0
SEC14L4	SEC14L4	3	0	0
SEC14L4	SEC14L6	0	2	0
SEC14L5	SEC14L5	1	0	0
SEC14L6	SEC14L6	1	0	0
SEC16A	SEC16A	1	0	0
SEC16B	SEC16B	1	0	0
SEC22A	SEC22A	1	0	0
SEC22A	SEC22C	0	2	0
SEC22B	SEC22B	1	0	0
SEC22C	SEC22C	1	0	0
SEC23A	SEC23A	1	0	0
SEC23A	SEC23B	0	2	0
SEC23B	SEC23B	1	0	0
SEC23IP	SEC23IP	1	0	0
SEC24A	SEC24A	1	0	0
SEC24A	SEC24B	0	2	0
SEC24A	SEC24C	0	2	0
SEC24B	SEC24B	1	0	0
SEC24B	SEC24C	0	2	0
SEC24C	SEC24C	1	0	0
SEC31A	SEC31A	1	0	0
SEC31A	SEC31B	0	2	0
SEC31B	SEC31B	1	0	0
SEC61A1	SEC61A1	3	0	0
SEC61A1	SEC61A2	0	6	0
SEC61A2	SEC61A2	3	0	0
SEC61B	SEC61B	1	0	0
SEC61G	SEC61G	3	0	0
SEC62	SEC62	3	0	0
SEC63	SEC63	3	0	0
SECISBP2	SECISBP2	1	0	0
SECISBP2L	SECISBP2L	1	0	0
SECTM1	SECTM1	1	0	0
SEH1L	SEH1L	1	0	0
SEL1L	SEL1L	1	0	0
SEL1L	SEL1L2	0	2	0
SEL1L2	SEL1L2	3	0	0
SEL1L3	SEL1L3	3	0	0
SELE	SELE	1	0	0
SELE	SELP	0	2	0
SELENBP1	SELENBP1	1	0	0
SELENOH	SELENOH	1	0	0
SELENOI	SELENOI	1	0	0
SELENOK	SELENOK	1	0	0
SELENOM	SELENOM	3	0	0
SELENON	SELENON	1	0	2
SELENOO	SELENOO	6	0	0
SELENOS	SELENOS	3	0	0
SELENOT	SELENOT	6	0	0
SELENOV	SELENOV	1	0	0
SELL	SELL	1	0	0
SELP	SELP	1	0	0
SELPLG	SELPLG	1	0	0
SEMA3A	SEMA3A	0	0	1
SEMA3B	SEMA3B	0	0	1
SEMA3C	SEMA3C	0	0	1
SEMA3D	SEMA3D	0	0	1
SEMA3E	SEMA3E	0	0	1
SEMA3F	SEMA3F	0	0	1
SEMA3G	SEMA3G	0	0	1
SEMA4A	SEMA4A	0	0	1
SEMA4B	SEMA4B	0	0	1
SEMA4C	SEMA4C	0	0	1
SEMA4D	SEMA4D	0	0	3
SEMA4F	SEMA4F	0	0	1
SEMA4G	SEMA4G	0	0	1
SEMA5A	SEMA5A	1	0	0
SEMA5A	SEMA5B	0	2	0
SEMA5A	SEMA6A	0	2	0
SEMA5A	SEMA6B	0	2	0
SEMA5A	SEMA6C	0	2	0
SEMA5A	SEMA6D	0	2	0
SEMA5B	SEMA5B	1	0	0
SEMA5B	SEMA6A	0	2	0
SEMA5B	SEMA6B	0	2	0
SEMA5B	SEMA6C	0	2	0
SEMA5B	SEMA6D	0	2	0
SEMA6A	SEMA6A	1	0	0
SEMA6A	SEMA6B	0	2	0
SEMA6A	SEMA6C	0	2	0
SEMA6A	SEMA6D	0	2	0
SEMA6B	SEMA6B	1	0	0
SEMA6B	SEMA6C	0	2	0
SEMA6B	SEMA6D	0	2	0
SEMA6C	SEMA6C	1	0	0
SEMA6C	SEMA6D	0	2	0
SEMA6D	SEMA6D	1	0	0
SEMA7A	SEMA7A	6	0	0
SEMG1	SEMG1	1	0	0
SEMG1	SEMG2	0	2	0
SEMG2	SEMG2	1	0	0
SENP1	SENP1	1	0	0
SENP1	SENP2	0	2	0
SENP2	SENP2	1	0	0
SENP3	SENP3	1	0	0
SENP3	SENP5	0	2	0
SENP5	SENP5	1	0	0
SENP6	SENP6	1	0	0
SENP7	SENP7	3	0	0
SEPHS1	SEPHS1	1	0	0
SEPSECS	SEPSECS	1	0	0
SEPTIN1	SEPTIN1	0	0	1
SEPTIN10	SEPTIN10	0	0	1
SEPTIN11	SEPTIN11	0	0	1
SEPTIN12	SEPTIN12	0	0	1
SEPTIN14	SEPTIN14	0	0	1
SEPTIN2	SEPTIN2	0	0	1
SEPTIN3	SEPTIN3	0	0	1
SEPTIN4	SEPTIN4	0	0	3
SEPTIN5	SEPTIN5	0	0	3
SEPTIN6	SEPTIN6	0	0	1
SEPTIN7	SEPTIN7	0	0	3
SEPTIN8	SEPTIN8	0	0	3
SEPTIN9	SEPTIN9	1	0	0
SERAC1	SERAC1	1	0	0
SERBP1	SERBP1	1	0	0
SERF2	SERF2	1	0	0
SERGEF	SERGEF	1	0	0
SERHL2	SERHL2	1	0	0
SERINC1	SERINC1	1	0	0
SERINC1	SERINC2	0	2	0
SERINC1	SERINC3	0	2	0
SERINC1	SERINC4	0	2	0
SERINC1	SERINC5	0	2	0
SERINC2	SERINC2	1	0	0
SERINC2	SERINC3	0	2	0
SERINC2	SERINC4	0	2	0
SERINC2	SERINC5	0	2	0
SERINC3	SERINC3	1	0	0
SERINC3	SERINC4	0	2	0
SERINC3	SERINC5	0	2	0
SERINC4	SERINC4	3	0	0
SERINC4	SERINC5	0	2	0
SERINC5	SERINC5	1	0	0
SERP1	SERP1	1	0	0
SERP1	SERP2	0	2	0
SERP2	SERP2	1	0	0
SERPINA1	SERPINA1	0	0	6
SERPINA10	SERPINA10	0	0	1
SERPINA11	SERPINA11	0	0	1
SERPINA12	SERPINA12	0	0	3
SERPINA3	SERPINA3	0	0	1
SERPINA4	SERPINA4	0	0	1
SERPINA5	SERPINA5	0	0	3
SERPINA6	SERPINA6	0	0	1
SERPINA7	SERPINA7	0	0	1
SERPINA9	SERPINA9	0	0	3
SERPINB1	SERPINB1	0	0	1
SERPINB10	SERPINB10	0	0	3
SERPINB11	SERPINB11	0	0	1
SERPINB12	SERPINB12	0	0	1
SERPINB13	SERPINB13	0	0	1
SERPINB2	SERPINB2	0	0	1
SERPINB4	SERPINB4	0	0	1
SERPINB5	SERPINB5	0	0	1
SERPINB6	SERPINB6	0	0	1
SERPINB7	SERPINB7	0	0	1
SERPINB8	SERPINB8	0	0	3
SERPINB9	SERPINB9	0	0	3
SERPINC1	SERPINC1	0	0	1
SERPIND1	SERPIND1	1	0	0
SERPINE1	SERPINE1	0	0	1
SERPINE2	SERPINE2	0	0	3
SERPINE3	SERPINE3	1	0	0
SERPINF1	SERPINF1	1	0	0
SERPINF2	SERPINF2	1	0	0
SERPING1	SERPING1	6	0	0
SERPINH1	SERPINH1	1	0	0
SERPINI1	SERPINI1	0	0	1
SERPINI2	SERPINI2	0	0	1
SERTAD1	SERTAD1	1	0	0
SERTAD1	SERTAD3	0	2	0
SERTAD2	SERTAD2	1	0	0
SERTAD3	SERTAD3	3	0	0
SERTAD4	SERTAD4	1	0	0
SERTM1	SERTM1	1	0	0
SESN1	SESN1	1	0	0
SESN1	SESN2	0	2	0
SESN1	SESN3	0	2	0
SESN2	SESN2	1	0	0
SESN2	SESN3	0	2	0
SESN3	SESN3	1	0	0
SESTD1	SESTD1	3	0	0
SET	SET	1	0	0
SET	SETSIP	0	2	0
SETBP1	SETBP1	1	0	0
SETD1A	SETD1A	1	0	0
SETD1A	SETD1B	0	2	0
SETD1B	SETD1B	1	0	0
SETD2	SETD2	1	0	0
SETD3	SETD3	1	0	0
SETD4	SETD4	1	0	0
SETD5	SETD5	1	0	0
SETD6	SETD6	1	0	0
SETD7	SETD7	1	0	0
SETD9	SETD9	1	0	0
SETDB1	SETDB1	1	0	0
SETDB1	SETDB2	0	2	0
SETDB1	SUV39H2	0	2	0
SETDB2	SETDB2	1	0	0
SETDB2	SUV39H2	0	2	0
SETMAR	SETMAR	1	0	0
SETSIP	SETSIP	1	0	0
SETX	SETX	1	0	0
SEZ6	SEZ6	1	0	0
SEZ6	SEZ6L	0	2	0
SEZ6	SEZ6L2	0	2	0
SEZ6L	SEZ6L	1	0	0
SEZ6L	SEZ6L2	0	2	0
SEZ6L2	SEZ6L2	1	0	0
SF1	SF1	1	0	0
SF3A1	SF3A1	1	0	0
SF3A2	SF3A2	1	0	0
SF3A3	SF3A3	1	0	0
SF3B1	SF3B1	1	0	0
SF3B2	SF3B2	1	0	0
SF3B3	SF3B3	1	0	0
SF3B4	SF3B4	3	0	0
SF3B5	SF3B5	1	0	0
SF3B6	SF3B6	1	0	0
SFI1	SFI1	1	0	0
SFMBT1	SFMBT1	1	0	0
SFMBT1	SFMBT2	0	2	0
SFMBT2	SFMBT2	1	0	0
SFN	SFN	0	0	1
SFPQ	SFPQ	1	0	0
SFR1	SFR1	1	0	0
SFRP1	SFRP1	1	0	0
SFRP1	SFRP2	0	2	0
SFRP1	SFRP5	0	2	0
SFRP2	SFRP2	1	0	0
SFRP2	SFRP5	0	2	0
SFRP4	SFRP4	1	0	0
SFRP5	SFRP5	1	0	0
SFSWAP	SFSWAP	1	0	0
SFT2D1	SFT2D1	1	0	0
SFT2D1	SFT2D2	0	2	0
SFT2D2	SFT2D2	1	0	0
SFT2D3	SFT2D3	1	0	0
SFTA2	SFTA2	1	0	0
SFTA3	SFTA3	1	0	0
SFTPA1	SFTPA1	0	0	1
SFTPA2	SFTPA2	0	0	1
SFTPB	SFTPB	1	0	0
SFTPC	SFTPC	1	0	0
SFTPD	SFTPD	0	0	1
SFXN1	SFXN1	1	0	0
SFXN1	SFXN2	0	2	0
SFXN1	SFXN3	0	2	0
SFXN1	SFXN4	0	2	0
SFXN1	SFXN5	0	2	0
SFXN2	SFXN2	1	0	0
SFXN2	SFXN3	0	2	0
SFXN2	SFXN4	0	2	0
SFXN2	SFXN5	0	2	0
SFXN3	SFXN3	1	0	0
SFXN3	SFXN4	0	2	0
SFXN3	SFXN5	0	2	0
SFXN4	SFXN4	3	0	0
SFXN4	SFXN5	0	2	0
SFXN5	SFXN5	1	0	0
SGCA	SGCA	1	0	0
SGCA	SGCE	0	2	0
SGCB	SGCB	1	0	0
SGCD	SGCD	1	0	0
SGCD	SGCG	0	2	0
SGCD	SGCZ	0	2	0
SGCE	SGCE	1	0	0
SGCG	SGCG	1	0	0
SGCG	SGCZ	0	2	0
SGCZ	SGCZ	1	0	0
SGF29	SGF29	1	0	0
SGIP1	SGIP1	1	0	0
SGK1	SGK1	0	0	1
SGK2	SGK2	0	0	1
SGMS1	SGMS1	1	0	0
SGMS1	SGMS2	0	2	0
SGMS2	SGMS2	1	0	0
SGO1	SGO1	1	0	0
SGO2	SGO2	1	0	0
SGPL1	SGPL1	1	0	0
SGPP1	SGPP1	1	0	0
SGPP1	SGPP2	0	2	0
SGPP2	SGPP2	1	0	0
SGSH	SGSH	1	0	0
SGSM1	SGSM1	1	0	0
SGSM1	SGSM2	0	2	0
SGSM2	SGSM2	1	0	0
SGSM3	SGSM3	1	0	0
SGTA	SGTA	1	0	0
SGTA	SGTB	0	2	0
SGTB	SGTB	1	0	0
SH2B1	SH2B1	1	0	0
SH2B1	SH2B2	0	2	0
SH2B1	SH2B3	0	2	0
SH2B2	SH2B2	1	0	0
SH2B2	SH2B3	0	2	0
SH2B3	SH2B3	1	0	0
SH2D1A	SH2D1A	6	0	0
SH2D1A	SH2D1B	0	6	0
SH2D1B	SH2D1B	3	0	0
SH2D2A	SH2D2A	1	0	0
SH2D3A	SH2D3A	1	0	0
SH2D3A	SH2D3C	0	2	0
SH2D3C	SH2D3C	1	0	0
SH2D4A	SH2D4A	1	0	0
SH2D4A	SH2D4B	0	2	0
SH2D4B	SH2D4B	1	0	0
SH2D5	SH2D5	3	0	0
SH2D6	SH2D6	1	0	0
SH2D7	SH2D7	1	0	0
SH3BGR	SH3BGR	1	0	0
SH3BGR	SH3BGRL	0	2	0
SH3BGR	SH3BGRL2	0	2	0
SH3BGR	SH3BGRL3	0	2	0
SH3BGRL	SH3BGRL	1	0	0
SH3BGRL	SH3BGRL2	0	2	0
SH3BGRL	SH3BGRL3	0	2	0
SH3BGRL2	SH3BGRL2	3	0	0
SH3BGRL2	SH3BGRL3	0	6	0
SH3BGRL3	SH3BGRL3	3	0	0
SH3BP1	SH3BP1	1	0	0
SH3BP2	SH3BP2	1	0	0
SH3BP4	SH3BP4	1	0	0
SH3BP5	SH3BP5	1	0	0
SH3BP5L	SH3BP5L	1	0	0
SH3D19	SH3D19	1	0	0
SH3D21	SH3D21	1	0	0
SH3GL1	SH3GL1	1	0	0
SH3GL1	SH3GL2	0	2	0
SH3GL1	SH3GL3	0	2	0
SH3GL2	SH3GL2	1	0	0
SH3GL2	SH3GL3	0	2	0
SH3GL3	SH3GL3	1	0	0
SH3GLB1	SH3GLB1	1	0	0
SH3GLB1	SH3GLB2	0	2	0
SH3GLB2	SH3GLB2	1	0	0
SH3PXD2A	SH3PXD2A	3	0	0
SH3PXD2A	SH3PXD2B	0	2	0
SH3PXD2B	SH3PXD2B	1	0	0
SH3RF1	SH3RF1	1	0	0
SH3RF1	SH3RF2	0	2	0
SH3RF1	SH3RF3	0	2	0
SH3RF2	SH3RF2	1	0	0
SH3RF2	SH3RF3	0	2	0
SH3RF3	SH3RF3	1	0	0
SH3TC1	SH3TC1	1	0	0
SH3TC1	SH3TC2	0	2	0
SH3TC2	SH3TC2	1	0	0
SH3YL1	SH3YL1	1	0	0
SHANK1	SHANK1	1	0	2
SHANK1	SHANK2	0	4	0
SHANK1	SHANK3	0	2	0
SHANK2	SHANK2	6	0	0
SHANK2	SHANK3	0	2	0
SHANK3	SHANK3	1	0	0
SHARPIN	SHARPIN	1	0	0
SHB	SHB	1	0	0
SHB	SHD	0	2	0
SHB	SHF	0	2	0
SHBG	SHBG	1	0	0
SHC1	SHC1	1	0	0
SHC1	SHC3	0	2	0
SHC1	SHC4	0	2	0
SHC2	SHC2	1	0	0
SHC3	SHC3	1	0	0
SHC3	SHC4	0	2	0
SHC4	SHC4	1	0	0
SHCBP1	SHCBP1	1	0	0
SHCBP1	SHCBP1L	0	2	0
SHCBP1L	SHCBP1L	1	0	0
SHD	SHD	1	0	0
SHD	SHF	0	2	0
SHF	SHF	3	0	0
SHFL	SHFL	3	0	0
SHH	SHH	1	0	0
SHISA2	SHISA2	1	0	0
SHISA2	SHISA3	0	2	0
SHISA3	SHISA3	1	0	0
SHISA4	SHISA4	1	0	0
SHISA4	SHISA5	0	2	0
SHISA5	SHISA5	1	0	0
SHISA6	SHISA6	1	0	0
SHISA6	SHISA8	0	2	0
SHISA6	SHISA9	0	2	0
SHISA7	SHISA7	3	0	0
SHISA8	SHISA8	1	0	0
SHISA8	SHISA9	0	2	0
SHISA9	SHISA9	1	0	0
SHISAL1	SHISAL1	1	0	0
SHISAL2A	SHISAL2A	1	0	0
SHISAL2A	SHISAL2B	0	2	0
SHISAL2B	SHISAL2B	1	0	0
SHKBP1	SHKBP1	1	0	0
SHLD1	SHLD1	3	0	0
SHLD2	SHLD2	1	0	0
SHMT1	SHMT1	1	0	0
SHMT1	SHMT2	0	2	0
SHMT2	SHMT2	1	0	0
SHOC1	SHOC1	1	0	0
SHOC2	SHOC2	0	0	1
SHPRH	SHPRH	3	0	0
SHQ1	SHQ1	1	0	0
SHROOM1	SHROOM1	1	0	0
SHROOM3	SHROOM3	1	0	0
SHROOM3	SHROOM4	0	2	0
SHROOM4	SHROOM4	1	0	0
SHTN1	SHTN1	1	0	0
SI	SI	1	0	0
SIAE	SIAE	1	0	0
SIAH1	SIAH1	3	0	0
SIAH1	SIAH2	0	2	0
SIAH2	SIAH2	1	0	0
SIAH3	SIAH3	1	0	0
SIDT1	SIDT1	3	0	0
SIDT1	SIDT2	0	2	0
SIDT2	SIDT2	1	0	0
SIGIRR	SIGIRR	1	0	0
SIGLEC1	SIGLEC1	1	0	0
SIGLEC10	SIGLEC10	1	0	0
SIGLEC10	SIGLEC11	0	2	0
SIGLEC10	SIGLEC6	0	2	0
SIGLEC10	SIGLEC8	0	2	0
SIGLEC11	SIGLEC11	1	0	0
SIGLEC11	SIGLEC6	0	2	0
SIGLEC11	SIGLEC8	0	2	0
SIGLEC15	SIGLEC15	1	0	0
SIGLEC6	SIGLEC6	1	0	0
SIGLEC6	SIGLEC8	0	2	0
SIGLEC8	SIGLEC8	1	0	0
SIGLECL1	SIGLECL1	1	0	0
SIGMAR1	SIGMAR1	1	0	0
SIK2	SIK2	3	0	0
SIK3	SIK3	1	0	0
SIKE1	SIKE1	1	0	0
SIL1	SIL1	1	0	0
SIM1	SIM1	1	0	0
SIM1	SIM2	0	2	0
SIM2	SIM2	3	0	0
SIMC1	SIMC1	1	0	0
SIN3A	SIN3A	1	0	0
SIN3A	SIN3B	0	2	0
SIN3B	SIN3B	1	0	0
SINHCAF	SINHCAF	1	0	0
SIPA1L1	SIPA1L1	1	0	0
SIPA1L1	SIPA1L2	0	2	0
SIPA1L1	SIPA1L3	0	2	0
SIPA1L2	SIPA1L2	1	0	0
SIPA1L2	SIPA1L3	0	2	0
SIPA1L3	SIPA1L3	3	0	0
SIRPA	SIRPA	1	0	0
SIRPB2	SIRPB2	1	0	0
SIRPB2	SIRPD	0	2	0
SIRPB2	SIRPG	0	2	0
SIRPD	SIRPD	1	0	0
SIRPD	SIRPG	0	2	0
SIRPG	SIRPG	1	0	0
SIRT1	SIRT1	1	0	0
SIRT2	SIRT2	3	0	0
SIRT4	SIRT4	1	0	0
SIRT4	SIRT5	0	2	0
SIRT5	SIRT5	1	0	0
SIRT6	SIRT6	1	0	0
SIRT7	SIRT7	1	0	0
SIT1	SIT1	1	0	0
SIVA1	SIVA1	1	0	0
SIX1	SIX1	1	0	0
SIX1	SIX2	0	2	0
SIX1	SIX3	0	2	0
SIX1	SIX6	0	2	0
SIX2	SIX2	1	0	0
SIX2	SIX3	0	2	0
SIX2	SIX6	0	2	0
SIX3	SIX3	1	0	0
SIX3	SIX6	0	2	0
SIX4	SIX4	1	0	0
SIX4	SIX5	0	2	0
SIX5	SIX5	3	0	0
SIX6	SIX6	3	0	0
SKA1	SKA1	1	0	0
SKA2	SKA2	1	0	0
SKA3	SKA3	1	0	0
SKAP1	SKAP1	1	0	0
SKAP1	SKAP2	0	2	0
SKAP2	SKAP2	1	0	0
SKI	SKI	1	0	0
SKIDA1	SKIDA1	1	0	0
SKIL	SKIL	1	0	0
SKIV2L	SKIV2L	1	0	0
SKOR1	SKOR1	1	0	0
SKOR1	SKOR2	0	2	0
SKOR2	SKOR2	3	0	0
SKP1	SKP1	3	0	0
SKP2	SKP2	3	0	0
SLA	SLA	1	0	0
SLA	SLA2	0	2	0
SLA2	SLA2	1	0	0
SLAIN1	SLAIN1	3	0	0
SLAIN1	SLAIN2	0	2	0
SLAIN2	SLAIN2	1	0	0
SLAMF1	SLAMF1	1	0	0
SLAMF1	SLAMF6	0	2	0
SLAMF1	SLAMF7	0	2	0
SLAMF1	SLAMF9	0	2	0
SLAMF6	SLAMF6	1	0	0
SLAMF6	SLAMF7	0	2	0
SLAMF6	SLAMF9	0	2	0
SLAMF7	SLAMF7	1	0	0
SLAMF7	SLAMF9	0	2	0
SLAMF8	SLAMF8	3	0	0
SLAMF9	SLAMF9	1	0	0
SLBP	SLBP	1	0	0
SLC10A1	SLC10A1	1	0	0
SLC10A1	SLC10A2	0	2	0
SLC10A1	SLC10A6	0	2	0
SLC10A2	SLC10A2	3	0	0
SLC10A2	SLC10A6	0	2	0
SLC10A4	SLC10A4	3	0	0
SLC10A5	SLC10A5	1	0	0
SLC10A6	SLC10A6	1	0	0
SLC10A7	SLC10A7	1	0	0
SLC11A1	SLC11A1	1	0	0
SLC11A1	SLC11A2	0	2	0
SLC11A2	SLC11A2	1	0	0
SLC12A1	SLC12A1	1	0	0
SLC12A1	SLC12A2	0	2	0
SLC12A1	SLC12A3	0	2	0
SLC12A1	SLC12A4	0	2	0
SLC12A1	SLC12A5	0	2	0
SLC12A1	SLC12A6	0	2	0
SLC12A1	SLC12A7	0	2	0
SLC12A2	SLC12A2	1	0	0
SLC12A2	SLC12A3	0	2	0
SLC12A2	SLC12A4	0	2	0
SLC12A2	SLC12A5	0	2	0
SLC12A2	SLC12A6	0	2	0
SLC12A2	SLC12A7	0	2	0
SLC12A3	SLC12A3	1	0	0
SLC12A3	SLC12A4	0	2	0
SLC12A3	SLC12A5	0	2	0
SLC12A3	SLC12A6	0	2	0
SLC12A3	SLC12A7	0	2	0
SLC12A4	SLC12A4	1	0	0
SLC12A4	SLC12A5	0	2	0
SLC12A4	SLC12A6	0	2	0
SLC12A4	SLC12A7	0	2	0
SLC12A5	SLC12A5	1	0	0
SLC12A5	SLC12A6	0	2	0
SLC12A5	SLC12A7	0	2	0
SLC12A6	SLC12A6	1	0	0
SLC12A6	SLC12A7	0	2	0
SLC12A7	SLC12A7	1	0	0
SLC12A8	SLC12A8	1	0	0
SLC12A9	SLC12A9	1	0	0
SLC13A1	SLC13A1	1	0	0
SLC13A1	SLC13A2	0	2	0
SLC13A1	SLC13A3	0	2	0
SLC13A1	SLC13A4	0	2	0
SLC13A1	SLC13A5	0	2	0
SLC13A2	SLC13A2	1	0	0
SLC13A2	SLC13A3	0	2	0
SLC13A2	SLC13A4	0	2	0
SLC13A2	SLC13A5	0	2	0
SLC13A3	SLC13A3	1	0	0
SLC13A3	SLC13A4	0	2	0
SLC13A3	SLC13A5	0	2	0
SLC13A4	SLC13A4	1	0	0
SLC13A4	SLC13A5	0	2	0
SLC13A5	SLC13A5	1	0	0
SLC14A1	SLC14A1	6	0	0
SLC14A1	SLC14A2	0	2	0
SLC14A2	SLC14A2	1	0	0
SLC15A1	SLC15A1	1	0	0
SLC15A1	SLC15A2	0	2	0
SLC15A2	SLC15A2	1	0	0
SLC15A3	SLC15A3	0	0	1
SLC15A4	SLC15A4	0	0	3
SLC15A5	SLC15A5	1	0	0
SLC16A1	SLC16A1	0	0	1
SLC16A10	SLC16A10	1	0	0
SLC16A10	SLC16A2	0	2	0
SLC16A11	SLC16A11	0	0	1
SLC16A12	SLC16A12	0	0	1
SLC16A13	SLC16A13	0	0	1
SLC16A14	SLC16A14	1	0	0
SLC16A2	SLC16A2	1	0	0
SLC16A3	SLC16A3	0	0	1
SLC16A4	SLC16A4	0	0	1
SLC16A5	SLC16A5	0	0	1
SLC16A6	SLC16A6	1	0	0
SLC16A7	SLC16A7	0	0	1
SLC16A8	SLC16A8	0	0	1
SLC16A9	SLC16A9	1	0	0
SLC17A1	SLC17A1	0	0	1
SLC17A2	SLC17A2	0	0	1
SLC17A3	SLC17A3	0	0	1
SLC17A4	SLC17A4	0	0	3
SLC17A5	SLC17A5	0	0	1
SLC17A6	SLC17A6	0	0	1
SLC17A7	SLC17A7	0	0	1
SLC17A8	SLC17A8	0	0	1
SLC17A9	SLC17A9	1	0	0
SLC18A1	SLC18A1	1	0	0
SLC18A1	SLC18A2	0	2	0
SLC18A1	SLC18A3	0	2	0
SLC18A2	SLC18A2	1	0	0
SLC18A2	SLC18A3	0	2	0
SLC18A3	SLC18A3	1	0	0
SLC18B1	SLC18B1	1	0	0
SLC19A1	SLC19A1	1	0	0
SLC19A1	SLC19A2	0	2	0
SLC19A1	SLC19A3	0	2	0
SLC19A2	SLC19A2	1	0	0
SLC19A2	SLC19A3	0	2	0
SLC19A3	SLC19A3	3	0	0
SLC1A1	SLC1A1	0	0	1
SLC1A2	SLC1A2	0	0	1
SLC1A3	SLC1A3	0	0	1
SLC1A4	SLC1A4	0	0	1
SLC1A5	SLC1A5	0	0	1
SLC1A6	SLC1A6	0	0	3
SLC1A7	SLC1A7	0	0	1
SLC20A1	SLC20A1	1	0	0
SLC20A1	SLC20A2	0	2	0
SLC20A2	SLC20A2	1	0	0
SLC22A1	SLC22A1	0	0	1
SLC22A10	SLC22A10	0	0	1
SLC22A11	SLC22A11	0	0	1
SLC22A12	SLC22A12	0	0	3
SLC22A13	SLC22A13	0	0	1
SLC22A14	SLC22A14	1	0	0
SLC22A15	SLC22A15	0	0	1
SLC22A16	SLC22A16	0	0	1
SLC22A17	SLC22A17	3	0	0
SLC22A17	SLC22A31	0	1	0
SLC22A18	SLC22A18	3	0	0
SLC22A2	SLC22A2	0	0	6
SLC22A23	SLC22A23	6	0	0
SLC22A25	SLC22A25	0	0	1
SLC22A3	SLC22A3	0	0	1
SLC22A31	SLC22A31	0	0	1
SLC22A4	SLC22A4	0	0	3
SLC22A5	SLC22A5	0	0	1
SLC22A6	SLC22A6	0	0	1
SLC22A7	SLC22A7	0	0	1
SLC22A8	SLC22A8	0	0	1
SLC22A9	SLC22A9	0	0	1
SLC23A1	SLC23A1	1	0	0
SLC23A1	SLC23A2	0	2	0
SLC23A1	SLC23A3	0	2	0
SLC23A2	SLC23A2	1	0	0
SLC23A2	SLC23A3	0	2	0
SLC23A3	SLC23A3	1	0	0
SLC24A1	SLC24A1	1	0	0
SLC24A1	SLC24A2	0	2	0
SLC24A1	SLC24A3	0	2	0
SLC24A2	SLC24A2	1	0	0
SLC24A2	SLC24A3	0	2	0
SLC24A3	SLC24A3	1	0	0
SLC24A5	SLC24A5	1	0	0
SLC25A1	SLC25A1	0	0	1
SLC25A10	SLC25A10	0	0	1
SLC25A11	SLC25A11	0	0	1
SLC25A12	SLC25A12	1	0	0
SLC25A12	SLC25A13	0	2	0
SLC25A13	SLC25A13	1	0	0
SLC25A14	SLC25A14	0	0	1
SLC25A15	SLC25A15	0	0	1
SLC25A16	SLC25A16	0	0	3
SLC25A17	SLC25A17	1	0	0
SLC25A18	SLC25A18	0	0	1
SLC25A19	SLC25A19	0	0	1
SLC25A2	SLC25A2	0	0	1
SLC25A20	SLC25A20	0	0	1
SLC25A21	SLC25A21	0	0	1
SLC25A23	SLC25A23	3	0	0
SLC25A23	SLC25A24	0	6	0
SLC25A23	SLC25A25	0	2	0
SLC25A23	SLC25A41	0	2	0
SLC25A24	SLC25A24	3	0	0
SLC25A24	SLC25A25	0	2	0
SLC25A24	SLC25A41	0	2	0
SLC25A25	SLC25A25	1	0	0
SLC25A25	SLC25A41	0	2	0
SLC25A26	SLC25A26	1	0	0
SLC25A26	SLC25A28	0	2	0
SLC25A26	SLC25A37	0	2	0
SLC25A27	SLC25A27	0	0	1
SLC25A28	SLC25A28	1	0	0
SLC25A28	SLC25A37	0	2	0
SLC25A29	SLC25A29	0	0	3
SLC25A3	SLC25A3	1	0	0
SLC25A30	SLC25A30	0	0	1
SLC25A31	SLC25A31	0	0	1
SLC25A32	SLC25A32	1	0	0
SLC25A32	SLC25A33	0	2	0
SLC25A32	SLC25A36	0	2	0
SLC25A33	SLC25A33	1	0	0
SLC25A33	SLC25A36	0	2	0
SLC25A34	SLC25A34	0	0	1
SLC25A35	SLC25A35	0	0	1
SLC25A36	SLC25A36	1	0	0
SLC25A37	SLC25A37	1	0	0
SLC25A38	SLC25A38	0	0	1
SLC25A39	SLC25A39	1	0	0
SLC25A39	SLC25A40	0	2	0
SLC25A4	SLC25A4	0	0	3
SLC25A40	SLC25A40	3	0	0
SLC25A41	SLC25A41	1	0	0
SLC25A42	SLC25A42	0	0	1
SLC25A44	SLC25A44	1	0	0
SLC25A45	SLC25A45	0	0	3
SLC25A46	SLC25A46	1	0	0
SLC25A47	SLC25A47	0	0	1
SLC25A48	SLC25A48	0	0	1
SLC25A5	SLC25A5	0	0	3
SLC25A51	SLC25A51	1	0	0
SLC25A51	SLC25A53	0	2	0
SLC25A53	SLC25A53	1	0	0
SLC25A6	SLC25A6	0	0	1
SLC26A1	SLC26A1	1	0	0
SLC26A1	SLC26A10	0	2	0
SLC26A1	SLC26A2	0	2	0
SLC26A1	SLC26A3	0	2	0
SLC26A1	SLC26A4	0	2	0
SLC26A1	SLC26A5	0	2	0
SLC26A1	SLC26A6	0	2	0
SLC26A1	SLC26A7	0	2	0
SLC26A1	SLC26A8	0	2	0
SLC26A1	SLC26A9	0	2	0
SLC26A10	SLC26A10	1	0	0
SLC26A10	SLC26A2	0	2	0
SLC26A10	SLC26A3	0	2	0
SLC26A10	SLC26A4	0	2	0
SLC26A10	SLC26A5	0	2	0
SLC26A10	SLC26A6	0	2	0
SLC26A10	SLC26A7	0	2	0
SLC26A10	SLC26A8	0	2	0
SLC26A10	SLC26A9	0	2	0
SLC26A11	SLC26A11	1	0	0
SLC26A2	SLC26A2	1	0	0
SLC26A2	SLC26A3	0	2	0
SLC26A2	SLC26A4	0	2	0
SLC26A2	SLC26A5	0	2	0
SLC26A2	SLC26A6	0	2	0
SLC26A2	SLC26A7	0	2	0
SLC26A2	SLC26A8	0	2	0
SLC26A2	SLC26A9	0	2	0
SLC26A3	SLC26A3	1	0	0
SLC26A3	SLC26A4	0	2	0
SLC26A3	SLC26A5	0	2	0
SLC26A3	SLC26A6	0	2	0
SLC26A3	SLC26A7	0	2	0
SLC26A3	SLC26A8	0	2	0
SLC26A3	SLC26A9	0	2	0
SLC26A4	SLC26A4	1	0	0
SLC26A4	SLC26A5	0	2	0
SLC26A4	SLC26A6	0	2	0
SLC26A4	SLC26A7	0	2	0
SLC26A4	SLC26A8	0	2	0
SLC26A4	SLC26A9	0	2	0
SLC26A5	SLC26A5	1	0	0
SLC26A5	SLC26A6	0	2	0
SLC26A5	SLC26A7	0	2	0
SLC26A5	SLC26A8	0	2	0
SLC26A5	SLC26A9	0	2	0
SLC26A6	SLC26A6	1	0	0
SLC26A6	SLC26A7	0	2	0
SLC26A6	SLC26A8	0	2	0
SLC26A6	SLC26A9	0	2	0
SLC26A7	SLC26A7	1	0	0
SLC26A7	SLC26A8	0	2	0
SLC26A7	SLC26A9	0	2	0
SLC26A8	SLC26A8	1	0	0
SLC26A8	SLC26A9	0	2	0
SLC26A9	SLC26A9	1	0	0
SLC27A1	SLC27A1	1	0	0
SLC27A1	SLC27A2	0	2	0
SLC27A1	SLC27A3	0	2	0
SLC27A1	SLC27A4	0	2	0
SLC27A1	SLC27A5	0	2	0
SLC27A1	SLC27A6	0	2	0
SLC27A2	SLC27A2	1	0	0
SLC27A2	SLC27A3	0	2	0
SLC27A2	SLC27A4	0	2	0
SLC27A2	SLC27A5	0	2	0
SLC27A2	SLC27A6	0	2	0
SLC27A3	SLC27A3	1	0	0
SLC27A3	SLC27A4	0	2	0
SLC27A3	SLC27A5	0	2	0
SLC27A3	SLC27A6	0	2	0
SLC27A4	SLC27A4	1	0	0
SLC27A4	SLC27A5	0	2	0
SLC27A4	SLC27A6	0	2	0
SLC27A5	SLC27A5	1	0	0
SLC27A5	SLC27A6	0	2	0
SLC27A6	SLC27A6	1	0	0
SLC28A1	SLC28A1	1	0	0
SLC28A1	SLC28A2	0	2	0
SLC28A1	SLC28A3	0	2	0
SLC28A2	SLC28A2	1	0	0
SLC28A2	SLC28A3	0	2	0
SLC28A3	SLC28A3	1	0	0
SLC29A1	SLC29A1	3	0	0
SLC29A1	SLC29A2	0	2	0
SLC29A1	SLC29A3	0	2	0
SLC29A2	SLC29A2	1	0	0
SLC29A2	SLC29A3	0	2	0
SLC29A3	SLC29A3	1	0	0
SLC29A4	SLC29A4	1	0	0
SLC2A1	SLC2A1	0	0	1
SLC2A10	SLC2A10	1	0	0
SLC2A10	SLC2A12	0	2	0
SLC2A11	SLC2A11	0	0	6
SLC2A12	SLC2A12	1	0	0
SLC2A13	SLC2A13	1	0	0
SLC2A14	SLC2A14	0	0	1
SLC2A2	SLC2A2	0	0	1
SLC2A3	SLC2A3	0	0	1
SLC2A4	SLC2A4	0	0	3
SLC2A4RG	SLC2A4RG	3	0	0
SLC2A4RG	ZNF395	0	2	0
SLC2A4RG	ZNF704	0	2	0
SLC2A5	SLC2A5	0	0	1
SLC2A6	SLC2A6	0	0	1
SLC2A7	SLC2A7	0	0	1
SLC2A8	SLC2A8	0	0	1
SLC2A9	SLC2A9	0	0	1
SLC30A1	SLC30A1	1	0	0
SLC30A1	SLC30A10	0	2	0
SLC30A10	SLC30A10	3	0	0
SLC30A2	SLC30A2	1	0	0
SLC30A2	SLC30A3	0	2	0
SLC30A2	SLC30A4	0	2	0
SLC30A2	SLC30A7	0	2	0
SLC30A2	SLC30A8	0	2	0
SLC30A3	SLC30A3	1	0	0
SLC30A3	SLC30A4	0	2	0
SLC30A3	SLC30A7	0	2	0
SLC30A3	SLC30A8	0	2	0
SLC30A4	SLC30A4	1	0	0
SLC30A4	SLC30A7	0	2	0
SLC30A4	SLC30A8	0	2	0
SLC30A5	SLC30A5	1	0	0
SLC30A6	SLC30A6	1	0	0
SLC30A7	SLC30A7	1	0	0
SLC30A7	SLC30A8	0	2	0
SLC30A8	SLC30A8	1	0	0
SLC30A9	SLC30A9	1	0	0
SLC31A1	SLC31A1	3	0	0
SLC31A2	SLC31A2	1	0	0
SLC32A1	SLC32A1	1	0	0
SLC33A1	SLC33A1	1	0	0
SLC34A1	SLC34A1	1	0	0
SLC34A1	SLC34A2	0	2	0
SLC34A1	SLC34A3	0	2	0
SLC34A2	SLC34A2	1	0	0
SLC34A2	SLC34A3	0	2	0
SLC34A3	SLC34A3	1	0	0
SLC35A1	SLC35A1	1	0	0
SLC35A1	SLC35A2	0	2	0
SLC35A2	SLC35A2	1	0	0
SLC35A5	SLC35A5	1	0	0
SLC35B1	SLC35B1	1	0	0
SLC35B2	SLC35B2	1	0	0
SLC35B2	SLC35B3	0	2	0
SLC35B3	SLC35B3	1	0	0
SLC35B4	SLC35B4	1	0	0
SLC35C1	SLC35C1	1	0	0
SLC35C2	SLC35C2	1	0	0
SLC35D1	SLC35D1	1	0	0
SLC35D1	SLC35D2	0	2	0
SLC35D2	SLC35D2	1	0	0
SLC35D3	SLC35D3	1	0	0
SLC35E1	SLC35E1	1	0	0
SLC35E2B	SLC35E2B	1	0	0
SLC35E3	SLC35E3	1	0	0
SLC35E4	SLC35E4	1	0	0
SLC35F1	SLC35F1	3	0	0
SLC35F1	SLC35F2	0	2	0
SLC35F2	SLC35F2	1	0	0
SLC35F3	SLC35F3	1	0	0
SLC35F3	SLC35F4	0	2	0
SLC35F4	SLC35F4	1	0	0
SLC35F5	SLC35F5	1	0	0
SLC35F6	SLC35F6	1	0	0
SLC35G1	SLC35G1	3	0	0
SLC35G2	SLC35G2	1	0	0
SLC35G2	SLC35G6	0	2	0
SLC35G6	SLC35G6	1	0	0
SLC36A1	SLC36A1	1	0	0
SLC36A1	SLC36A2	0	2	0
SLC36A1	SLC36A4	0	2	0
SLC36A2	SLC36A2	1	0	0
SLC36A2	SLC36A4	0	2	0
SLC36A4	SLC36A4	1	0	0
SLC37A1	SLC37A1	1	0	0
SLC37A1	SLC37A2	0	2	0
SLC37A1	SLC37A3	0	2	0
SLC37A2	SLC37A2	1	0	0
SLC37A2	SLC37A3	0	2	0
SLC37A3	SLC37A3	1	0	0
SLC38A1	SLC38A1	1	0	0
SLC38A1	SLC38A2	0	2	0
SLC38A1	SLC38A3	0	2	0
SLC38A1	SLC38A4	0	2	0
SLC38A1	SLC38A5	0	2	0
SLC38A1	SLC38A6	0	2	0
SLC38A10	SLC38A10	1	0	0
SLC38A11	SLC38A11	1	0	0
SLC38A2	SLC38A2	1	0	0
SLC38A2	SLC38A3	0	2	0
SLC38A2	SLC38A4	0	2	0
SLC38A2	SLC38A5	0	2	0
SLC38A2	SLC38A6	0	2	0
SLC38A3	SLC38A3	1	0	0
SLC38A3	SLC38A4	0	2	0
SLC38A3	SLC38A5	0	2	0
SLC38A3	SLC38A6	0	2	0
SLC38A4	SLC38A4	1	0	0
SLC38A4	SLC38A5	0	2	0
SLC38A4	SLC38A6	0	2	0
SLC38A5	SLC38A5	3	0	0
SLC38A5	SLC38A6	0	2	0
SLC38A6	SLC38A6	1	0	0
SLC38A7	SLC38A7	1	0	0
SLC38A7	SLC38A8	0	2	0
SLC38A8	SLC38A8	1	0	0
SLC38A9	SLC38A9	1	0	0
SLC39A1	SLC39A1	1	0	0
SLC39A1	SLC39A2	0	2	0
SLC39A1	SLC39A3	0	2	0
SLC39A10	SLC39A10	3	0	0
SLC39A10	SLC39A6	0	2	0
SLC39A11	SLC39A11	1	0	0
SLC39A12	SLC39A12	1	0	0
SLC39A12	SLC39A4	0	2	0
SLC39A13	SLC39A13	3	0	0
SLC39A13	SLC39A7	0	2	0
SLC39A14	SLC39A14	1	0	0
SLC39A14	SLC39A5	0	2	0
SLC39A14	SLC39A8	0	2	0
SLC39A2	SLC39A2	1	0	0
SLC39A2	SLC39A3	0	2	0
SLC39A3	SLC39A3	3	0	0
SLC39A4	SLC39A4	1	0	0
SLC39A5	SLC39A5	1	0	0
SLC39A5	SLC39A8	0	2	0
SLC39A6	SLC39A6	1	0	0
SLC39A7	SLC39A7	1	0	0
SLC39A8	SLC39A8	1	0	0
SLC39A9	SLC39A9	1	0	0
SLC3A1	SLC3A1	1	0	0
SLC3A2	SLC3A2	1	0	0
SLC40A1	SLC40A1	1	0	0
SLC41A1	SLC41A1	1	0	0
SLC41A1	SLC41A2	0	2	0
SLC41A1	SLC41A3	0	2	0
SLC41A2	SLC41A2	1	0	0
SLC41A2	SLC41A3	0	2	0
SLC41A3	SLC41A3	1	0	0
SLC43A2	SLC43A2	1	0	0
SLC43A2	SLC43A3	0	2	0
SLC43A3	SLC43A3	3	0	0
SLC44A1	SLC44A1	3	0	0
SLC44A1	SLC44A2	0	2	0
SLC44A1	SLC44A3	0	2	0
SLC44A1	SLC44A4	0	2	0
SLC44A1	SLC44A5	0	2	0
SLC44A2	SLC44A2	1	0	0
SLC44A2	SLC44A3	0	2	0
SLC44A2	SLC44A4	0	2	0
SLC44A2	SLC44A5	0	2	0
SLC44A3	SLC44A3	1	0	0
SLC44A3	SLC44A4	0	2	0
SLC44A3	SLC44A5	0	2	0
SLC44A4	SLC44A4	1	0	0
SLC44A4	SLC44A5	0	2	0
SLC44A5	SLC44A5	1	0	0
SLC45A1	SLC45A1	1	0	0
SLC45A2	SLC45A2	1	0	0
SLC45A3	SLC45A3	1	0	0
SLC45A4	SLC45A4	1	0	0
SLC46A1	SLC46A1	1	0	0
SLC46A2	SLC46A2	1	0	0
SLC46A2	SLC46A3	0	2	0
SLC46A3	SLC46A3	1	0	0
SLC47A1	SLC47A1	1	0	0
SLC47A1	SLC47A2	0	2	0
SLC47A2	SLC47A2	1	0	0
SLC48A1	SLC48A1	1	0	0
SLC49A3	SLC49A3	1	0	0
SLC49A4	SLC49A4	1	0	0
SLC4A1	SLC4A1	6	0	0
SLC4A1	SLC4A2	0	2	0
SLC4A1	SLC4A3	0	2	0
SLC4A10	SLC4A10	1	0	0
SLC4A10	SLC4A4	0	2	0
SLC4A10	SLC4A5	0	2	0
SLC4A10	SLC4A7	0	2	0
SLC4A10	SLC4A8	0	2	0
SLC4A10	SLC4A9	0	2	0
SLC4A11	SLC4A11	1	0	0
SLC4A1AP	SLC4A1AP	1	0	0
SLC4A2	SLC4A2	1	0	0
SLC4A2	SLC4A3	0	2	0
SLC4A3	SLC4A3	1	0	0
SLC4A4	SLC4A4	1	0	0
SLC4A4	SLC4A5	0	2	0
SLC4A4	SLC4A7	0	2	0
SLC4A4	SLC4A8	0	2	0
SLC4A4	SLC4A9	0	2	0
SLC4A5	SLC4A5	1	0	0
SLC4A5	SLC4A7	0	2	0
SLC4A5	SLC4A8	0	2	0
SLC4A5	SLC4A9	0	2	0
SLC4A7	SLC4A7	1	0	0
SLC4A7	SLC4A8	0	2	0
SLC4A7	SLC4A9	0	2	0
SLC4A8	SLC4A8	1	0	0
SLC4A8	SLC4A9	0	2	0
SLC4A9	SLC4A9	1	0	0
SLC50A1	SLC50A1	1	0	0
SLC51A	SLC51A	1	0	0
SLC51B	SLC51B	1	0	0
SLC52A1	SLC52A1	1	0	0
SLC52A1	SLC52A2	0	2	0
SLC52A1	SLC52A3	0	2	0
SLC52A2	SLC52A2	1	0	0
SLC52A2	SLC52A3	0	2	0
SLC52A3	SLC52A3	1	0	0
SLC5A1	SLC5A1	3	0	0
SLC5A1	SLC5A10	0	2	0
SLC5A1	SLC5A11	0	2	0
SLC5A1	SLC5A2	0	2	0
SLC5A1	SLC5A4	0	2	0
SLC5A1	SLC5A9	0	2	0
SLC5A10	SLC5A10	1	0	0
SLC5A10	SLC5A11	0	2	0
SLC5A10	SLC5A2	0	2	0
SLC5A10	SLC5A4	0	2	0
SLC5A10	SLC5A9	0	2	0
SLC5A11	SLC5A11	1	0	0
SLC5A11	SLC5A2	0	2	0
SLC5A11	SLC5A4	0	2	0
SLC5A11	SLC5A9	0	2	0
SLC5A12	SLC5A12	1	0	0
SLC5A12	SLC5A5	0	2	0
SLC5A12	SLC5A6	0	2	0
SLC5A12	SLC5A8	0	2	0
SLC5A2	SLC5A2	1	0	0
SLC5A2	SLC5A4	0	2	0
SLC5A2	SLC5A9	0	2	0
SLC5A4	SLC5A4	1	0	0
SLC5A4	SLC5A9	0	2	0
SLC5A5	SLC5A5	1	0	0
SLC5A5	SLC5A6	0	2	0
SLC5A5	SLC5A8	0	2	0
SLC5A6	SLC5A6	1	0	0
SLC5A6	SLC5A8	0	2	0
SLC5A7	SLC5A7	1	0	0
SLC5A8	SLC5A8	1	0	0
SLC5A9	SLC5A9	1	0	0
SLC66A1	SLC66A1	3	0	0
SLC66A1L	SLC66A1L	1	0	0
SLC66A2	SLC66A2	1	0	0
SLC66A3	SLC66A3	1	0	0
SLC6A1	SLC6A1	0	0	1
SLC6A11	SLC6A11	0	0	1
SLC6A12	SLC6A12	0	0	1
SLC6A13	SLC6A13	0	0	1
SLC6A14	SLC6A14	0	0	1
SLC6A15	SLC6A15	0	0	1
SLC6A16	SLC6A16	3	0	0
SLC6A17	SLC6A17	0	0	1
SLC6A18	SLC6A18	0	0	1
SLC6A19	SLC6A19	0	0	1
SLC6A2	SLC6A2	0	0	1
SLC6A20	SLC6A20	0	0	1
SLC6A3	SLC6A3	0	0	1
SLC6A4	SLC6A4	0	0	1
SLC6A5	SLC6A5	0	0	3
SLC6A6	SLC6A6	0	0	1
SLC6A7	SLC6A7	0	0	1
SLC6A8	SLC6A8	0	0	1
SLC6A9	SLC6A9	0	0	1
SLC7A1	SLC7A1	0	0	1
SLC7A10	SLC7A10	0	0	1
SLC7A11	SLC7A11	0	0	1
SLC7A13	SLC7A13	0	0	1
SLC7A14	SLC7A14	0	0	1
SLC7A2	SLC7A2	0	0	1
SLC7A3	SLC7A3	0	0	1
SLC7A4	SLC7A4	0	0	1
SLC7A5	SLC7A5	0	0	6
SLC7A6	SLC7A6	0	0	1
SLC7A6OS	SLC7A6OS	3	0	0
SLC7A7	SLC7A7	0	0	1
SLC7A8	SLC7A8	0	0	1
SLC7A9	SLC7A9	0	0	1
SLC8A1	SLC8A1	1	0	0
SLC8A1	SLC8A2	0	2	0
SLC8A1	SLC8A3	0	2	0
SLC8A2	SLC8A2	1	0	0
SLC8A2	SLC8A3	0	2	0
SLC8A3	SLC8A3	1	0	0
SLC8B1	SLC8B1	1	0	0
SLC9A1	SLC9A1	3	0	0
SLC9A1	SLC9A2	0	2	0
SLC9A1	SLC9A3	0	6	0
SLC9A1	SLC9A4	0	2	0
SLC9A1	SLC9A5	0	2	0
SLC9A2	SLC9A2	1	0	0
SLC9A2	SLC9A3	0	2	0
SLC9A2	SLC9A4	0	2	0
SLC9A2	SLC9A5	0	2	0
SLC9A3	SLC9A3	3	0	0
SLC9A3	SLC9A4	0	2	0
SLC9A3	SLC9A5	0	2	0
SLC9A3R1	SLC9A3R1	1	0	0
SLC9A3R1	SLC9A3R2	0	2	0
SLC9A3R2	SLC9A3R2	1	0	0
SLC9A4	SLC9A4	1	0	0
SLC9A4	SLC9A5	0	2	0
SLC9A5	SLC9A5	1	0	0
SLC9A6	SLC9A6	1	0	0
SLC9A6	SLC9A7	0	2	0
SLC9A6	SLC9A8	0	2	0
SLC9A6	SLC9A9	0	2	0
SLC9A7	SLC9A7	1	0	0
SLC9A7	SLC9A8	0	2	0
SLC9A7	SLC9A9	0	2	0
SLC9A8	SLC9A8	1	0	0
SLC9A8	SLC9A9	0	2	0
SLC9A9	SLC9A9	1	0	0
SLC9B1	SLC9B1	3	0	0
SLC9B1	SLC9B2	0	2	0
SLC9B2	SLC9B2	1	0	0
SLC9C1	SLC9C1	3	0	0
SLC9C1	SLC9C2	0	2	0
SLC9C2	SLC9C2	3	0	0
SLCO1A2	SLCO1A2	1	0	0
SLCO1A2	SLCO1B1	0	2	0
SLCO1A2	SLCO1C1	0	2	0
SLCO1A2	SLCO2A1	0	2	0
SLCO1A2	SLCO2B1	0	2	0
SLCO1A2	SLCO3A1	0	2	0
SLCO1B1	SLCO1B1	1	0	0
SLCO1B1	SLCO1C1	0	2	0
SLCO1B1	SLCO2A1	0	2	0
SLCO1B1	SLCO2B1	0	2	0
SLCO1B1	SLCO3A1	0	2	0
SLCO1C1	SLCO1C1	1	0	0
SLCO1C1	SLCO2A1	0	2	0
SLCO1C1	SLCO2B1	0	2	0
SLCO1C1	SLCO3A1	0	2	0
SLCO2A1	SLCO2A1	1	0	0
SLCO2A1	SLCO2B1	0	2	0
SLCO2A1	SLCO3A1	0	2	0
SLCO2B1	SLCO2B1	1	0	0
SLCO2B1	SLCO3A1	0	2	0
SLCO3A1	SLCO3A1	1	0	0
SLCO4A1	SLCO4A1	1	0	0
SLCO4A1	SLCO4C1	0	2	0
SLCO4A1	SLCO5A1	0	2	0
SLCO4A1	SLCO6A1	0	2	0
SLCO4C1	SLCO4C1	1	0	0
SLCO4C1	SLCO5A1	0	2	0
SLCO4C1	SLCO6A1	0	2	0
SLCO5A1	SLCO5A1	1	0	0
SLCO5A1	SLCO6A1	0	2	0
SLCO6A1	SLCO6A1	1	0	0
SLF1	SLF1	3	0	0
SLF2	SLF2	3	0	0
SLFN11	SLFN11	1	0	0
SLFN11	SLFN12	0	2	0
SLFN11	SLFN12L	0	2	0
SLFN11	SLFN13	0	2	0
SLFN11	SLFN14	0	2	0
SLFN11	SLFN5	0	2	0
SLFN12	SLFN12	1	0	0
SLFN12	SLFN12L	0	2	0
SLFN12	SLFN13	0	2	0
SLFN12	SLFN14	0	2	0
SLFN12	SLFN5	0	2	0
SLFN12L	SLFN12L	1	0	0
SLFN12L	SLFN13	0	2	0
SLFN12L	SLFN14	0	2	0
SLFN12L	SLFN5	0	2	0
SLFN13	SLFN13	1	0	0
SLFN13	SLFN14	0	2	0
SLFN13	SLFN5	0	2	0
SLFN14	SLFN14	1	0	0
SLFN14	SLFN5	0	2	0
SLFN5	SLFN5	1	0	0
SLFNL1	SLFNL1	1	0	0
SLIRP	SLIRP	6	0	0
SLIT1	SLIT1	3	0	0
SLIT2	SLIT2	1	0	0
SLIT2	SLIT3	0	2	0
SLIT3	SLIT3	1	0	0
SLITRK1	SLITRK1	1	0	0
SLITRK3	SLITRK3	1	0	0
SLITRK3	SLITRK4	0	2	0
SLITRK3	SLITRK5	0	2	0
SLITRK3	SLITRK6	0	2	0
SLITRK4	SLITRK4	1	0	0
SLITRK4	SLITRK5	0	2	0
SLITRK4	SLITRK6	0	2	0
SLITRK5	SLITRK5	1	0	0
SLITRK5	SLITRK6	0	2	0
SLITRK6	SLITRK6	1	0	0
SLK	SLK	1	0	0
SLK	STK10	0	2	0
SLMAP	SLMAP	1	0	0
SLPI	SLPI	1	0	0
SLPI	WFDC12	0	2	0
SLTM	SLTM	1	0	0
SLU7	SLU7	1	0	0
SLURP1	SLURP1	1	0	0
SLX4	SLX4	1	0	0
SLX4IP	SLX4IP	6	0	0
SLX9	SLX9	1	0	0
SMAD1	SMAD1	1	0	0
SMAD1	SMAD2	0	2	0
SMAD1	SMAD3	0	2	0
SMAD1	SMAD5	0	2	0
SMAD1	SMAD9	0	2	0
SMAD2	SMAD2	1	0	0
SMAD2	SMAD3	0	2	0
SMAD2	SMAD5	0	2	0
SMAD2	SMAD9	0	2	0
SMAD3	SMAD3	1	0	0
SMAD3	SMAD5	0	2	0
SMAD3	SMAD9	0	2	0
SMAD4	SMAD4	1	0	0
SMAD5	SMAD5	1	0	0
SMAD5	SMAD9	0	2	0
SMAD6	SMAD6	1	0	0
SMAD6	SMAD7	0	2	0
SMAD7	SMAD7	1	0	0
SMAD9	SMAD9	1	0	0
SMAGP	SMAGP	1	0	0
SMAP1	SMAP1	1	0	0
SMAP1	SMAP2	0	2	0
SMAP2	SMAP2	3	0	0
SMARCA2	SMARCA2	1	0	0
SMARCAL1	SMARCAL1	1	0	0
SMARCB1	SMARCB1	1	0	0
SMARCC1	SMARCC1	1	0	0
SMARCC1	SMARCC2	0	2	0
SMARCC2	SMARCC2	1	0	0
SMARCD1	SMARCD1	1	0	0
SMARCD1	SMARCD2	0	2	0
SMARCD1	SMARCD3	0	2	0
SMARCD2	SMARCD2	1	0	0
SMARCD2	SMARCD3	0	2	0
SMARCD3	SMARCD3	1	0	0
SMARCE1	SMARCE1	1	0	0
SMC1A	SMC1A	1	0	0
SMC1A	SMC1B	0	2	0
SMC1A	SMC2	0	2	0
SMC1A	SMC3	0	2	0
SMC1A	SMC4	0	2	0
SMC1B	SMC1B	1	0	0
SMC1B	SMC2	0	2	0
SMC1B	SMC3	0	2	0
SMC1B	SMC4	0	2	0
SMC2	SMC2	1	0	0
SMC2	SMC3	0	2	0
SMC2	SMC4	0	2	0
SMC3	SMC3	1	0	0
SMC3	SMC4	0	2	0
SMC4	SMC4	1	0	0
SMC5	SMC5	1	0	0
SMC6	SMC6	1	0	0
SMCHD1	SMCHD1	1	0	0
SMCO1	SMCO1	1	0	0
SMCO2	SMCO2	1	0	0
SMCO3	SMCO3	1	0	0
SMCO4	SMCO4	1	0	0
SMCP	SMCP	1	0	2
SMCR8	SMCR8	1	0	0
SMDT1	SMDT1	1	0	0
SMG1	SMG1	1	0	0
SMG5	SMG5	1	0	0
SMG6	SMG6	1	0	0
SMG7	SMG7	1	0	0
SMG8	SMG8	3	0	0
SMG9	SMG9	1	0	0
SMIM1	SMIM1	3	0	0
SMIM10L1	SMIM10L1	1	0	0
SMIM12	SMIM12	1	0	0
SMIM13	SMIM13	1	0	0
SMIM15	SMIM15	1	0	2
SMIM17	SMIM17	1	0	0
SMIM19	SMIM19	1	0	0
SMIM20	SMIM20	1	0	0
SMIM21	SMIM21	1	0	0
SMIM22	SMIM22	1	0	0
SMIM23	SMIM23	1	0	0
SMIM24	SMIM24	1	0	0
SMIM26	SMIM26	1	0	0
SMIM29	SMIM29	1	0	0
SMIM3	SMIM3	1	0	0
SMIM30	SMIM30	1	0	0
SMIM4	SMIM4	1	0	0
SMIM5	SMIM5	1	0	0
SMIM6	SMIM6	1	0	0
SMIM7	SMIM7	3	0	0
SMIM8	SMIM8	1	0	0
SMIM9	SMIM9	1	0	0
SMLR1	SMLR1	1	0	0
SMNDC1	SMNDC1	1	0	0
SMO	SMO	1	0	0
SMOC1	SMOC1	1	0	0
SMOC1	SMOC2	0	2	0
SMOC2	SMOC2	1	0	0
SMOX	SMOX	1	0	0
SMPD1	SMPD1	1	0	0
SMPD2	SMPD2	1	0	0
SMPD3	SMPD3	1	0	0
SMPDL3A	SMPDL3A	1	0	0
SMPDL3B	SMPDL3B	1	0	0
SMPX	SMPX	6	0	0
SMR3A	SMR3A	0	0	1
SMS	SMS	1	0	0
SMTN	SMTN	1	0	0
SMTNL1	SMTNL1	1	0	0
SMTNL1	SMTNL2	0	2	0
SMTNL2	SMTNL2	1	0	0
SMU1	SMU1	1	0	0
SMUG1	SMUG1	1	0	0
SMURF1	SMURF1	0	0	1
SMURF2	SMURF2	0	0	1
SMYD1	SMYD1	1	0	0
SMYD1	SMYD2	0	2	0
SMYD1	SMYD3	0	2	0
SMYD2	SMYD2	3	0	0
SMYD2	SMYD3	0	2	0
SMYD3	SMYD3	1	0	0
SMYD4	SMYD4	1	0	0
SMYD5	SMYD5	1	0	0
SNAI1	SNAI1	1	0	0
SNAI1	SNAI2	0	2	0
SNAI1	SNAI3	0	2	0
SNAI2	SNAI2	1	0	0
SNAI2	SNAI3	0	2	0
SNAI3	SNAI3	1	0	0
SNAP23	SNAP23	1	0	0
SNAP23	SNAP25	0	2	0
SNAP25	SNAP25	1	0	0
SNAP29	SNAP29	1	0	0
SNAP47	SNAP47	1	0	0
SNAP91	SNAP91	1	0	0
SNAPC1	SNAPC1	1	0	0
SNAPC2	SNAPC2	1	0	0
SNAPC3	SNAPC3	3	0	0
SNAPC4	SNAPC4	1	0	0
SNAPC5	SNAPC5	1	0	0
SNAPIN	SNAPIN	1	0	0
SNCA	SNCA	1	0	0
SNCA	SNCB	0	2	0
SNCA	SNCG	0	2	0
SNCAIP	SNCAIP	1	0	0
SNCB	SNCB	1	0	0
SNCB	SNCG	0	2	0
SNCG	SNCG	1	0	0
SND1	SND1	1	0	0
SNED1	SNED1	3	0	0
SNF8	SNF8	1	0	0
SNIP1	SNIP1	1	0	0
SNN	SNN	1	0	0
SNPH	SNPH	0	0	1
SNRK	SNRK	1	0	0
SNRK	ULK2	0	2	0
SNRNP200	SNRNP200	1	0	0
SNRNP25	SNRNP25	1	0	0
SNRNP27	SNRNP27	3	0	0
SNRNP35	SNRNP35	1	0	0
SNRNP35	SNRNP70	0	2	0
SNRNP40	SNRNP40	0	0	1
SNRNP48	SNRNP48	1	0	0
SNRNP70	SNRNP70	1	0	0
SNRPA	SNRPA	1	0	0
SNRPA	SNRPB2	0	2	0
SNRPB	SNRPB	1	0	0
SNRPB	SNRPC	0	2	0
SNRPB	SNRPN	0	2	0
SNRPB2	SNRPB2	1	0	0
SNRPC	SNRPC	1	0	0
SNRPC	SNRPN	0	2	0
SNRPD1	SNRPD1	1	0	0
SNRPD1	SNRPD3	0	2	0
SNRPD2	SNRPD2	3	0	0
SNRPD3	SNRPD3	1	0	0
SNRPF	SNRPF	1	0	0
SNRPG	SNRPG	3	0	0
SNRPN	SNRPN	1	0	0
SNTA1	SNTA1	1	0	0
SNTA1	SNTB1	0	2	0
SNTA1	SNTB2	0	2	0
SNTB1	SNTB1	1	0	0
SNTB1	SNTB2	0	2	0
SNTB2	SNTB2	1	0	0
SNTG1	SNTG1	1	0	0
SNTG1	SNTG2	0	2	0
SNTG2	SNTG2	1	0	0
SNTN	SNTN	1	0	0
SNU13	SNU13	1	0	0
SNUPN	SNUPN	1	0	0
SNW1	SNW1	1	0	0
SNX1	SNX1	1	0	0
SNX1	SNX2	0	2	0
SNX10	SNX10	1	0	0
SNX11	SNX11	1	0	0
SNX12	SNX12	1	0	0
SNX12	SNX3	0	2	0
SNX13	SNX13	1	0	0
SNX14	SNX14	1	0	0
SNX15	SNX15	1	0	0
SNX16	SNX16	1	0	0
SNX17	SNX17	1	0	0
SNX17	SNX31	0	2	0
SNX18	SNX18	1	0	0
SNX18	SNX33	0	2	0
SNX18	SNX9	0	2	0
SNX19	SNX19	1	0	0
SNX2	SNX2	1	0	0
SNX20	SNX20	1	0	0
SNX20	SNX21	0	2	0
SNX21	SNX21	1	0	0
SNX22	SNX22	1	0	0
SNX22	SNX24	0	2	0
SNX24	SNX24	1	0	2
SNX25	SNX25	1	0	0
SNX27	SNX27	1	0	0
SNX29	SNX29	1	0	0
SNX3	SNX3	1	0	0
SNX30	SNX30	1	0	0
SNX30	SNX7	0	2	0
SNX31	SNX31	1	0	0
SNX32	SNX32	1	0	0
SNX32	SNX5	0	2	0
SNX32	SNX6	0	2	0
SNX33	SNX33	1	0	0
SNX33	SNX9	0	2	0
SNX4	SNX4	1	0	0
SNX5	SNX5	1	0	0
SNX5	SNX6	0	2	0
SNX6	SNX6	3	0	0
SNX7	SNX7	1	0	0
SNX8	SNX8	1	0	0
SNX9	SNX9	1	0	0
SOAT1	SOAT1	1	0	0
SOAT1	SOAT2	0	2	0
SOAT2	SOAT2	1	0	0
SOBP	SOBP	1	0	0
SOCS1	SOCS1	1	0	0
SOCS2	SOCS2	1	0	0
SOCS2	SOCS3	0	2	0
SOCS3	SOCS3	1	0	0
SOCS4	SOCS4	1	0	0
SOCS5	SOCS5	1	0	0
SOCS6	SOCS6	3	0	0
SOCS7	SOCS7	3	0	0
SOD1	SOD1	1	0	0
SOD1	SOD3	0	2	0
SOD2	SOD2	1	0	2
SOD3	SOD3	1	0	0
SOGA1	SOGA1	1	0	0
SOHLH1	SOHLH1	1	0	0
SON	SON	1	0	0
SORBS1	SORBS1	3	0	0
SORBS2	SORBS2	3	0	0
SORBS2	SORBS3	0	2	0
SORBS3	SORBS3	1	0	0
SORCS1	SORCS1	1	0	0
SORCS1	SORCS2	0	2	0
SORCS1	SORCS3	0	2	0
SORCS2	SORCS2	1	0	0
SORCS2	SORCS3	0	2	0
SORCS3	SORCS3	1	0	0
SORD	SORD	0	0	1
SORL1	SORL1	1	0	0
SORT1	SORT1	1	0	0
SOS1	SOS1	1	0	0
SOS1	SOS2	0	2	0
SOS2	SOS2	1	0	0
SOST	SOST	1	0	0
SOST	SOSTDC1	0	2	0
SOSTDC1	SOSTDC1	1	0	0
SOWAHB	SOWAHB	1	0	0
SOWAHB	SOWAHC	0	2	0
SOWAHC	SOWAHC	1	0	0
SOX1	SOX1	1	0	0
SOX1	SOX14	0	2	0
SOX1	SOX15	0	2	0
SOX1	SOX2	0	2	0
SOX1	SRY	0	2	0
SOX10	SOX10	1	0	0
SOX10	SOX8	0	2	0
SOX10	SOX9	0	2	0
SOX11	SOX11	1	0	0
SOX11	SOX12	0	2	0
SOX11	SOX4	0	2	0
SOX12	SOX12	1	0	0
SOX12	SOX4	0	2	0
SOX13	SOX13	1	0	0
SOX14	SOX14	1	0	0
SOX14	SOX15	0	2	0
SOX14	SOX2	0	2	0
SOX14	SRY	0	2	0
SOX15	SOX15	1	0	0
SOX15	SOX2	0	2	0
SOX15	SRY	0	2	0
SOX17	SOX17	1	0	0
SOX17	SOX18	0	2	0
SOX18	SOX18	1	0	0
SOX2	SOX2	1	0	0
SOX2	SRY	0	2	0
SOX30	SOX30	1	0	0
SOX4	SOX4	1	0	0
SOX5	SOX5	1	0	0
SOX5	SOX6	0	2	0
SOX6	SOX6	1	0	0
SOX8	SOX8	1	0	0
SOX8	SOX9	0	2	0
SOX9	SOX9	1	0	0
SP1	SP1	1	0	0
SP1	SP3	0	2	0
SP1	SP4	0	2	0
SP100	SP100	3	0	0
SP100	SP110	0	2	0
SP100	SP140	0	6	0
SP100	SP140L	0	2	0
SP110	SP110	1	0	0
SP110	SP140	0	2	0
SP110	SP140L	0	2	0
SP140	SP140	3	0	0
SP140	SP140L	0	2	0
SP140L	SP140L	1	0	0
SP2	SP2	1	0	0
SP3	SP3	3	0	0
SP3	SP4	0	2	0
SP4	SP4	1	0	0
SP5	SP5	3	0	0
SP5	SP6	0	2	0
SP5	SP7	0	2	0
SP5	SP8	0	2	0
SP5	SP9	0	2	0
SP5	ZNF793	0	2	0
SP6	SP6	1	0	0
SP6	SP7	0	2	0
SP6	SP8	0	2	0
SP6	SP9	0	2	0
SP6	ZNF793	0	2	0
SP7	SP7	1	0	0
SP7	SP8	0	2	0
SP7	SP9	0	2	0
SP7	ZNF793	0	2	0
SP8	SP8	1	0	0
SP8	SP9	0	2	0
SP8	ZNF793	0	2	0
SP9	SP9	3	0	0
SP9	ZNF793	0	2	0
SPA17	SPA17	1	0	0
SPACA1	SPACA1	1	0	0
SPACA3	SPACA3	3	0	0
SPACA4	SPACA4	3	0	0
SPACA6	SPACA6	3	0	0
SPACA7	SPACA7	1	0	0
SPACA9	SPACA9	1	0	0
SPAG1	SPAG1	1	0	0
SPAG16	SPAG16	0	0	1
SPAG17	SPAG17	1	0	0
SPAG4	SPAG4	3	0	0
SPAG5	SPAG5	3	0	0
SPAG6	SPAG6	1	0	0
SPAG7	SPAG7	1	0	0
SPAG8	SPAG8	1	0	0
SPAG9	SPAG9	1	0	0
SPAM1	SPAM1	1	0	0
SPARC	SPARC	1	0	0
SPARC	SPARCL1	0	2	0
SPARCL1	SPARCL1	1	0	0
SPART	SPART	1	0	0
SPAST	SPAST	1	0	0
SPATA1	SPATA1	2	0	4
SPATA12	SPATA12	1	0	0
SPATA16	SPATA16	1	0	0
SPATA17	SPATA17	1	0	0
SPATA18	SPATA18	1	0	0
SPATA19	SPATA19	1	0	0
SPATA2	SPATA2	1	0	0
SPATA20	SPATA20	1	0	0
SPATA21	SPATA21	3	0	0
SPATA22	SPATA22	1	0	0
SPATA24	SPATA24	3	0	0
SPATA25	SPATA25	3	0	0
SPATA2L	SPATA2L	1	0	0
SPATA3	SPATA3	1	0	0
SPATA31E1	SPATA31E1	1	0	0
SPATA32	SPATA32	1	0	0
SPATA33	SPATA33	1	0	0
SPATA4	SPATA4	1	0	0
SPATA46	SPATA46	1	0	0
SPATA48	SPATA48	1	0	0
SPATA5	SPATA5	1	0	0
SPATA5L1	SPATA5L1	1	0	0
SPATA5L1	VCP	0	2	0
SPATA6	SPATA6	1	0	0
SPATA6	SPATA6L	0	2	0
SPATA6L	SPATA6L	1	0	0
SPATA7	SPATA7	1	0	0
SPATA8	SPATA8	1	0	0
SPATA9	SPATA9	3	0	0
SPATC1	SPATC1	3	0	0
SPATC1	SPATC1L	0	2	0
SPATC1L	SPATC1L	1	0	0
SPATS1	SPATS1	1	0	0
SPATS2	SPATS2	1	0	0
SPATS2L	SPATS2L	1	0	0
SPC24	SPC24	1	0	0
SPC25	SPC25	1	0	0
SPCS1	SPCS1	1	0	0
SPCS2	SPCS2	1	0	0
SPCS3	SPCS3	1	0	0
SPDEF	SPDEF	1	0	0
SPDL1	SPDL1	1	0	0
SPDYA	SPDYA	1	0	0
SPDYA	SPDYC	0	2	0
SPDYC	SPDYC	3	0	0
SPDYE4	SPDYE4	1	0	0
SPECC1	SPECC1	1	0	0
SPECC1	SPECC1L	0	2	0
SPECC1L	SPECC1L	1	0	0
SPEF1	SPEF1	1	0	0
SPEF2	SPEF2	1	0	0
SPEM1	SPEM1	1	0	0
SPEM2	SPEM2	1	0	0
SPEN	SPEN	1	0	0
SPESP1	SPESP1	1	0	0
SPG11	SPG11	1	0	0
SPG21	SPG21	1	0	0
SPG7	SPG7	0	0	1
SPHK1	SPHK1	1	0	0
SPHK2	SPHK2	1	0	0
SPHKAP	SPHKAP	1	0	0
SPI1	SPI1	1	0	0
SPIC	SPIC	1	0	0
SPICE1	SPICE1	1	0	0
SPIDR	SPIDR	1	0	0
SPIN1	SPIN1	1	0	0
SPIN1	SPIN4	0	2	0
SPIN4	SPIN4	1	0	0
SPINDOC	SPINDOC	1	0	0
SPINK1	SPINK1	3	0	0
SPINK1	SPINK14	0	6	0
SPINK1	SPINK2	0	4	0
SPINK1	SPINK4	0	2	0
SPINK1	SPINK6	0	6	0
SPINK1	SPINK7	0	2	0
SPINK1	SPINK9	0	2	0
SPINK13	SPINK13	1	0	0
SPINK14	SPINK14	3	0	0
SPINK14	SPINK2	0	4	0
SPINK14	SPINK4	0	2	0
SPINK14	SPINK6	0	6	0
SPINK14	SPINK7	0	2	0
SPINK14	SPINK9	0	2	0
SPINK2	SPINK2	3	0	3
SPINK2	SPINK4	0	1	0
SPINK2	SPINK6	0	4	0
SPINK2	SPINK7	0	1	0
SPINK2	SPINK9	0	1	0
SPINK4	SPINK4	1	0	0
SPINK4	SPINK6	0	2	0
SPINK4	SPINK7	0	2	0
SPINK4	SPINK9	0	2	0
SPINK5	SPINK5	1	0	0
SPINK6	SPINK6	3	0	0
SPINK6	SPINK7	0	2	0
SPINK6	SPINK9	0	2	0
SPINK7	SPINK7	1	0	0
SPINK7	SPINK9	0	2	0
SPINK8	SPINK8	1	0	0
SPINK9	SPINK9	1	0	0
SPINT1	SPINT1	1	0	0
SPINT2	SPINT2	3	0	0
SPINT3	SPINT3	1	0	0
SPINT3	TFPI2	0	2	0
SPINT4	SPINT4	1	0	0
SPIRE1	SPIRE1	1	0	0
SPIRE1	SPIRE2	0	2	0
SPIRE2	SPIRE2	1	0	0
SPNS1	SPNS1	3	0	0
SPNS1	SPNS2	0	2	0
SPNS1	SPNS3	0	6	0
SPNS2	SPNS2	1	0	0
SPNS2	SPNS3	0	2	0
SPNS3	SPNS3	3	0	0
SPO11	SPO11	1	0	0
SPOCD1	SPOCD1	6	0	0
SPOCK1	SPOCK1	3	0	0
SPOCK1	SPOCK2	0	6	0
SPOCK1	SPOCK3	0	6	0
SPOCK2	SPOCK2	6	0	0
SPOCK2	SPOCK3	0	6	0
SPOCK3	SPOCK3	3	0	0
SPON2	SPON2	1	0	0
SPOP	SPOP	1	0	0
SPOP	SPOPL	0	2	0
SPOPL	SPOPL	1	0	0
SPOUT1	SPOUT1	1	0	0
SPP1	SPP1	1	0	0
SPP2	SPP2	1	0	0
SPPL2A	SPPL2A	1	0	0
SPPL2A	SPPL2B	0	2	0
SPPL2A	SPPL2C	0	2	0
SPPL2B	SPPL2B	1	0	0
SPPL2B	SPPL2C	0	2	0
SPPL2C	SPPL2C	1	0	0
SPPL3	SPPL3	1	0	0
SPR	SPR	3	0	0
SPRED1	SPRED1	1	0	0
SPRED1	SPRED2	0	2	0
SPRED1	SPRED3	0	2	0
SPRED2	SPRED2	1	0	0
SPRED2	SPRED3	0	2	0
SPRED3	SPRED3	6	0	0
SPRING1	SPRING1	1	0	0
SPRR2G	SPRR2G	0	0	1
SPRR3	SPRR3	0	0	1
SPRTN	SPRTN	1	0	0
SPRY1	SPRY1	3	0	0
SPRY1	SPRY2	0	2	0
SPRY1	SPRY4	0	2	0
SPRY2	SPRY2	1	0	0
SPRY2	SPRY4	0	2	0
SPRY4	SPRY4	1	0	0
SPRYD3	SPRYD3	1	0	0
SPRYD4	SPRYD4	1	0	0
SPRYD7	SPRYD7	3	0	0
SPSB1	SPSB1	1	0	0
SPSB1	SPSB2	0	2	0
SPSB1	SPSB4	0	2	0
SPSB2	SPSB2	1	0	0
SPSB2	SPSB4	0	2	0
SPSB3	SPSB3	1	0	0
SPSB4	SPSB4	1	0	0
SPTA1	SPTA1	1	0	0
SPTA1	SPTAN1	0	2	0
SPTAN1	SPTAN1	1	0	0
SPTB	SPTB	1	0	0
SPTB	SPTBN1	0	2	0
SPTB	SPTBN2	0	2	0
SPTB	SPTBN4	0	2	0
SPTBN1	SPTBN1	1	0	0
SPTBN1	SPTBN2	0	2	0
SPTBN1	SPTBN4	0	2	0
SPTBN2	SPTBN2	1	0	0
SPTBN2	SPTBN4	0	2	0
SPTBN4	SPTBN4	1	0	0
SPTBN5	SPTBN5	1	0	0
SPTLC1	SPTLC1	1	0	0
SPTLC2	SPTLC2	1	0	0
SPTLC2	SPTLC3	0	2	0
SPTLC3	SPTLC3	1	0	0
SPTSSA	SPTSSA	1	0	0
SPTSSA	SPTSSB	0	2	0
SPTSSB	SPTSSB	1	0	0
SPTY2D1	SPTY2D1	1	0	0
SPX	SPX	1	0	0
SQLE	SQLE	1	0	0
SQSTM1	SQSTM1	1	0	0
SRA1	SRA1	1	0	0
SRARP	SRARP	1	0	0
SRBD1	SRBD1	1	0	0
SRC	SRC	0	0	1
SRCAP	SRCAP	1	0	0
SRCIN1	SRCIN1	1	0	0
SRD5A1	SRD5A1	1	0	0
SRD5A1	SRD5A2	0	2	0
SRD5A2	SRD5A2	1	0	0
SRD5A3	SRD5A3	3	0	0
SREBF1	SREBF1	1	0	0
SREBF1	SREBF2	0	2	0
SREBF2	SREBF2	1	0	0
SREK1	SREK1	0	0	1
SREK1IP1	SREK1IP1	0	0	1
SRF	SRF	1	0	0
SRFBP1	SRFBP1	3	0	0
SRGAP1	SRGAP1	1	0	0
SRGAP1	SRGAP2	0	2	0
SRGAP1	SRGAP3	0	2	0
SRGAP2	SRGAP2	1	0	0
SRGAP2	SRGAP3	0	2	0
SRGAP3	SRGAP3	1	0	0
SRGN	SRGN	1	0	0
SRI	SRI	1	0	0
SRL	SRL	3	0	0
SRP14	SRP14	1	0	0
SRP19	SRP19	6	0	0
SRP68	SRP68	1	0	0
SRP9	SRP9	1	0	0
SRPK1	SRPK1	3	0	0
SRPK1	SRPK2	0	2	0
SRPK1	SRPK3	0	2	0
SRPK2	SRPK2	1	0	0
SRPK2	SRPK3	0	2	0
SRPK3	SRPK3	1	0	0
SRPRA	SRPRA	6	0	0
SRPRB	SRPRB	1	0	0
SRPX	SRPX	3	0	0
SRPX2	SRPX2	1	0	0
SRR	SRR	1	0	0
SRRD	SRRD	1	0	0
SRRM1	SRRM1	1	0	0
SRRM2	SRRM2	3	0	0
SRRM3	SRRM3	1	0	0
SRRM3	SRRM4	0	2	0
SRRM4	SRRM4	1	0	0
SRRM5	SRRM5	1	0	0
SRRT	SRRT	1	0	0
SRSF1	SRSF1	0	0	1
SRSF10	SRSF10	0	0	1
SRSF11	SRSF11	1	0	0
SRSF12	SRSF12	0	0	1
SRSF2	SRSF2	0	0	6
SRSF3	SRSF3	0	0	1
SRSF4	SRSF4	0	0	1
SRSF5	SRSF5	0	0	3
SRSF6	SRSF6	0	0	6
SRSF7	SRSF7	0	0	1
SRSF9	SRSF9	0	0	3
SRXN1	SRXN1	1	0	0
SRY	SRY	1	0	0
SS18	SS18	1	0	0
SS18	SS18L1	0	2	0
SS18L1	SS18L1	1	0	0
SSB	SSB	1	0	0
SSBP2	SSBP2	1	0	0
SSBP2	SSBP3	0	2	0
SSBP2	SSBP4	0	2	0
SSBP3	SSBP3	3	0	0
SSBP3	SSBP4	0	2	0
SSBP4	SSBP4	1	0	0
SSC4D	SSC4D	0	0	1
SSC5D	SSC5D	3	0	0
SSH1	SSH1	1	0	0
SSH1	SSH2	0	2	0
SSH2	SSH2	1	0	0
SSH3	SSH3	1	0	0
SSMEM1	SSMEM1	1	0	0
SSNA1	SSNA1	1	0	0
SSPN	SSPN	1	0	0
SSR1	SSR1	1	0	0
SSR2	SSR2	1	0	0
SSR3	SSR3	1	0	0
SSR4	SSR4	1	0	0
SSRP1	SSRP1	1	0	0
SST	SST	1	0	0
SSTR1	SSTR1	0	0	1
SSTR2	SSTR2	0	0	1
SSTR3	SSTR3	0	0	1
SSTR4	SSTR4	0	0	1
SSTR5	SSTR5	0	0	1
SSU72	SSU72	1	0	0
SSX2IP	SSX2IP	1	0	0
ST13	ST13	6	0	0
ST14	ST14	1	0	0
ST14	TMPRSS15	0	2	0
ST14	TMPRSS6	0	2	0
ST14	TMPRSS7	0	2	0
ST14	TMPRSS9	0	2	0
ST18	ST18	1	0	0
ST20	ST20	1	0	0
ST3GAL1	ST3GAL1	1	0	0
ST3GAL1	ST3GAL2	0	2	0
ST3GAL2	ST3GAL2	1	0	0
ST3GAL3	ST3GAL3	1	0	0
ST3GAL3	ST3GAL4	0	2	0
ST3GAL3	ST3GAL6	0	2	0
ST3GAL4	ST3GAL4	1	0	0
ST3GAL4	ST3GAL6	0	2	0
ST3GAL5	ST3GAL5	1	0	0
ST3GAL6	ST3GAL6	1	0	0
ST6GAL1	ST6GAL1	1	0	0
ST6GAL2	ST6GAL2	1	0	0
ST6GALNAC1	ST6GALNAC1	1	0	0
ST6GALNAC1	ST6GALNAC2	0	2	0
ST6GALNAC2	ST6GALNAC2	1	0	0
ST6GALNAC3	ST6GALNAC3	1	0	0
ST6GALNAC3	ST6GALNAC4	0	2	0
ST6GALNAC3	ST6GALNAC5	0	2	0
ST6GALNAC3	ST6GALNAC6	0	2	0
ST6GALNAC4	ST6GALNAC4	1	0	0
ST6GALNAC4	ST6GALNAC5	0	2	0
ST6GALNAC4	ST6GALNAC6	0	2	0
ST6GALNAC5	ST6GALNAC5	1	0	0
ST6GALNAC5	ST6GALNAC6	0	2	0
ST6GALNAC6	ST6GALNAC6	1	0	0
ST7L	ST7L	1	0	0
ST8SIA1	ST8SIA1	1	0	0
ST8SIA1	ST8SIA2	0	2	0
ST8SIA1	ST8SIA3	0	2	0
ST8SIA1	ST8SIA4	0	2	0
ST8SIA1	ST8SIA5	0	2	0
ST8SIA1	ST8SIA6	0	2	0
ST8SIA2	ST8SIA2	1	0	0
ST8SIA2	ST8SIA3	0	2	0
ST8SIA2	ST8SIA4	0	2	0
ST8SIA2	ST8SIA5	0	2	0
ST8SIA2	ST8SIA6	0	2	0
ST8SIA3	ST8SIA3	3	0	0
ST8SIA3	ST8SIA4	0	2	0
ST8SIA3	ST8SIA5	0	2	0
ST8SIA3	ST8SIA6	0	2	0
ST8SIA4	ST8SIA4	1	0	0
ST8SIA4	ST8SIA5	0	2	0
ST8SIA4	ST8SIA6	0	2	0
ST8SIA5	ST8SIA5	1	0	0
ST8SIA5	ST8SIA6	0	2	0
ST8SIA6	ST8SIA6	1	0	0
STAB1	STAB1	1	0	0
STAB1	STAB2	0	2	0
STAB2	STAB2	1	0	0
STAC	STAC	1	0	0
STAC	STAC2	0	2	0
STAC	STAC3	0	2	0
STAC2	STAC2	1	0	0
STAC2	STAC3	0	2	0
STAC3	STAC3	1	0	0
STAG1	STAG1	1	0	0
STAG1	STAG2	0	2	0
STAG1	STAG3	0	2	0
STAG2	STAG2	1	0	0
STAG2	STAG3	0	2	0
STAG3	STAG3	3	0	0
STAM	STAM	1	0	0
STAM	STAM2	0	2	0
STAM2	STAM2	1	0	0
STAMBP	STAMBP	1	0	0
STAMBP	STAMBPL1	0	2	0
STAMBPL1	STAMBPL1	1	0	0
STAP1	STAP1	1	0	0
STAP2	STAP2	1	0	0
STAR	STAR	1	0	0
STARD10	STARD10	3	0	0
STARD13	STARD13	1	0	0
STARD3	STARD3	1	0	0
STARD3	STARD3NL	0	2	0
STARD3NL	STARD3NL	1	0	0
STARD4	STARD4	1	0	0
STARD4	STARD5	0	2	0
STARD4	STARD6	0	2	0
STARD5	STARD5	1	0	0
STARD5	STARD6	0	2	0
STARD6	STARD6	1	0	0
STARD7	STARD7	1	0	0
STARD9	STARD9	1	0	0
STAT1	STAT1	3	0	0
STAT1	STAT2	0	2	0
STAT1	STAT3	0	2	0
STAT1	STAT4	0	2	0
STAT1	STAT5A	0	2	0
STAT1	STAT5B	0	2	0
STAT1	STAT6	0	2	0
STAT2	STAT2	1	0	0
STAT2	STAT3	0	2	0
STAT2	STAT4	0	2	0
STAT2	STAT5A	0	2	0
STAT2	STAT5B	0	2	0
STAT2	STAT6	0	2	0
STAT3	STAT3	1	0	0
STAT3	STAT4	0	2	0
STAT3	STAT5A	0	2	0
STAT3	STAT5B	0	2	0
STAT3	STAT6	0	2	0
STAT4	STAT4	1	0	0
STAT4	STAT5A	0	2	0
STAT4	STAT5B	0	2	0
STAT4	STAT6	0	2	0
STAT5A	STAT5A	1	0	0
STAT5A	STAT5B	0	2	0
STAT5A	STAT6	0	2	0
STAT5B	STAT5B	3	0	0
STAT5B	STAT6	0	2	0
STAT6	STAT6	1	0	0
STATH	STATH	1	0	0
STAU1	STAU1	1	0	0
STBD1	STBD1	3	0	0
STC1	STC1	1	0	0
STC2	STC2	1	0	0
STEAP1	STEAP1	1	0	0
STEAP2	STEAP2	1	0	0
STEAP2	STEAP3	0	2	0
STEAP2	STEAP4	0	2	0
STEAP3	STEAP3	1	0	0
STEAP3	STEAP4	0	2	0
STEAP4	STEAP4	1	0	0
STEEP1	STEEP1	1	0	0
STIL	STIL	1	0	0
STIM1	STIM1	1	0	0
STIM1	STIM2	0	2	0
STIM2	STIM2	3	0	0
STING1	STING1	1	0	0
STIP1	STIP1	1	0	0
STK10	STK10	1	0	0
STK11	STK11	1	0	0
STK11IP	STK11IP	1	0	0
STK16	STK16	1	0	0
STK17A	STK17A	3	0	0
STK17A	STK17B	0	2	0
STK17B	STK17B	1	0	0
STK19	STK19	1	0	0
STK24	STK24	0	0	1
STK25	STK25	0	0	1
STK26	STK26	0	0	1
STK3	STK3	0	0	1
STK31	STK31	1	0	0
STK32A	STK32A	1	0	0
STK32A	STK32B	0	2	0
STK32A	STK32C	0	2	0
STK32B	STK32B	1	0	0
STK32B	STK32C	0	2	0
STK32C	STK32C	1	0	0
STK33	STK33	1	0	0
STK35	STK35	1	0	0
STK36	STK36	1	0	0
STK36	ULK4	0	2	0
STK38	STK38	1	0	0
STK38	STK38L	0	2	0
STK38L	STK38L	1	0	0
STK39	STK39	0	0	3
STK4	STK4	0	0	1
STK40	STK40	1	0	0
STKLD1	STKLD1	1	0	0
STMN1	STMN1	1	0	0
STMN1	STMN2	0	2	0
STMN1	STMN3	0	2	0
STMN1	STMN4	0	2	0
STMN2	STMN2	1	0	0
STMN2	STMN3	0	2	0
STMN2	STMN4	0	2	0
STMN3	STMN3	1	0	0
STMN3	STMN4	0	2	0
STMN4	STMN4	1	0	0
STMND1	STMND1	1	0	0
STMP1	STMP1	3	0	0
STN1	STN1	1	0	0
STOM	STOM	1	0	0
STOM	STOML2	0	2	0
STOM	STOML3	0	2	0
STOML1	STOML1	1	0	0
STOML2	STOML2	1	0	0
STOML2	STOML3	0	2	0
STOML3	STOML3	1	0	0
STON2	STON2	1	0	0
STOX1	STOX1	1	0	0
STOX1	STOX2	0	2	0
STOX2	STOX2	1	0	0
STPG1	STPG1	1	0	0
STPG2	STPG2	1	0	0
STPG3	STPG3	1	0	0
STPG4	STPG4	1	0	0
STRA6	STRA6	1	0	0
STRA8	STRA8	3	0	0
STRADA	STRADA	1	0	0
STRADA	STRADB	0	2	0
STRADB	STRADB	1	0	0
STRAP	STRAP	1	0	0
STRBP	STRBP	1	0	0
STRC	STRC	3	0	0
STRIP1	STRIP1	1	0	0
STRIP1	STRIP2	0	2	0
STRIP2	STRIP2	1	0	0
STRN	STRN	1	0	0
STRN	STRN3	0	2	0
STRN	STRN4	0	2	0
STRN3	STRN3	1	0	0
STRN3	STRN4	0	2	0
STRN4	STRN4	1	0	0
STS	STS	0	0	3
STT3A	STT3A	1	0	0
STT3A	STT3B	0	2	0
STT3B	STT3B	3	0	0
STUB1	STUB1	3	0	0
STUM	STUM	3	0	0
STX10	STX10	1	0	0
STX10	STX6	0	2	0
STX11	STX11	1	0	0
STX11	STX19	0	2	0
STX11	STX1A	0	2	0
STX11	STX1B	0	2	0
STX11	STX2	0	2	0
STX11	STX3	0	2	0
STX11	STX4	0	2	0
STX12	STX12	3	0	0
STX12	STX7	0	2	0
STX12	TSNARE1	0	2	0
STX17	STX17	1	0	0
STX19	STX19	1	0	0
STX19	STX1A	0	2	0
STX19	STX1B	0	2	0
STX19	STX2	0	2	0
STX19	STX3	0	2	0
STX19	STX4	0	2	0
STX1A	STX1A	1	0	0
STX1A	STX1B	0	2	0
STX1A	STX2	0	2	0
STX1A	STX3	0	2	0
STX1A	STX4	0	2	0
STX1B	STX1B	1	0	0
STX1B	STX2	0	2	0
STX1B	STX3	0	2	0
STX1B	STX4	0	2	0
STX2	STX2	1	0	0
STX2	STX3	0	2	0
STX2	STX4	0	2	0
STX3	STX3	1	0	0
STX3	STX4	0	2	0
STX4	STX4	1	0	0
STX5	STX5	1	0	0
STX6	STX6	3	0	0
STX7	STX7	1	0	0
STX7	TSNARE1	0	2	0
STX8	STX8	3	0	0
STXBP1	STXBP1	1	0	0
STXBP1	STXBP2	0	2	0
STXBP1	STXBP3	0	2	0
STXBP2	STXBP2	1	0	0
STXBP2	STXBP3	0	2	0
STXBP3	STXBP3	1	0	0
STXBP4	STXBP4	1	0	0
STXBP5	STXBP5	1	0	0
STXBP5	STXBP5L	0	2	0
STXBP5L	STXBP5L	1	0	0
STXBP6	STXBP6	1	0	0
STYK1	STYK1	1	0	0
STYX	STYX	1	0	0
STYXL1	STYXL1	1	0	0
STYXL2	STYXL2	1	0	0
SUB1	SUB1	1	0	0
SUCLA2	SUCLA2	1	0	0
SUCLA2	SUCLG2	0	2	0
SUCLG1	SUCLG1	1	0	0
SUCLG2	SUCLG2	1	0	0
SUCNR1	SUCNR1	1	0	0
SUCO	SUCO	1	0	0
SUDS3	SUDS3	1	0	0
SUFU	SUFU	1	0	0
SUGCT	SUGCT	3	0	0
SUGP1	SUGP1	1	0	0
SUGP2	SUGP2	1	0	0
SUGT1	SUGT1	1	0	0
SULF1	SULF1	3	0	0
SULF1	SULF2	0	2	0
SULF2	SULF2	1	0	0
SULT1A2	SULT1A2	0	0	1
SULT1B1	SULT1B1	0	0	3
SULT1C2	SULT1C2	0	0	1
SULT1C3	SULT1C3	0	0	1
SULT1C4	SULT1C4	0	0	1
SULT1E1	SULT1E1	0	0	1
SULT2A1	SULT2A1	0	0	1
SULT2B1	SULT2B1	1	0	0
SULT4A1	SULT4A1	0	0	1
SULT6B1	SULT6B1	0	0	1
SUMF1	SUMF1	1	0	0
SUMF1	SUMF2	0	2	0
SUMF2	SUMF2	1	0	0
SUMO2	SUMO2	1	0	0
SUMO3	SUMO3	1	0	0
SUN1	SUN1	1	0	0
SUN1	SUN2	0	2	0
SUN2	SUN2	1	0	0
SUN3	SUN3	1	0	0
SUN3	SUN5	0	2	0
SUN5	SUN5	1	0	0
SUOX	SUOX	1	0	0
SUPT16H	SUPT16H	1	0	0
SUPT20H	SUPT20H	6	0	0
SUPT3H	SUPT3H	1	0	0
SUPT4H1	SUPT4H1	1	0	0
SUPT5H	SUPT5H	1	0	0
SUPT6H	SUPT6H	3	0	0
SUPT7L	SUPT7L	1	0	0
SUPV3L1	SUPV3L1	1	0	0
SURF1	SURF1	1	0	0
SURF2	SURF2	1	0	0
SURF4	SURF4	1	0	0
SURF6	SURF6	1	0	0
SUSD1	SUSD1	1	0	0
SUSD2	SUSD2	1	0	0
SUSD3	SUSD3	1	0	0
SUSD4	SUSD4	1	0	0
SUSD5	SUSD5	3	0	0
SUSD6	SUSD6	1	0	0
SUV39H2	SUV39H2	3	0	0
SUZ12	SUZ12	1	0	0
SV2A	SV2A	1	0	0
SV2A	SV2B	0	2	0
SV2A	SV2C	0	2	0
SV2B	SV2B	1	0	0
SV2B	SV2C	0	2	0
SV2C	SV2C	1	0	0
SVBP	SVBP	1	0	0
SVEP1	SVEP1	3	0	0
SVIL	SVIL	1	0	0
SVIP	SVIP	1	0	0
SVOP	SVOP	1	0	0
SVOP	SVOPL	0	2	0
SVOPL	SVOPL	3	0	0
SWAP70	SWAP70	3	0	0
SWI5	SWI5	1	0	0
SWSAP1	SWSAP1	1	0	0
SWT1	SWT1	1	0	0
SYAP1	SYAP1	1	0	0
SYBU	SYBU	1	0	0
SYCE1	SYCE1	1	0	0
SYCE1	SYCE1L	0	2	0
SYCE1L	SYCE1L	1	0	2
SYCE2	SYCE2	1	0	0
SYCE3	SYCE3	1	0	0
SYCN	SYCN	1	0	0
SYCP1	SYCP1	1	0	0
SYCP2	SYCP2	1	0	0
SYCP2L	SYCP2L	1	0	2
SYCP3	SYCP3	3	0	0
SYDE1	SYDE1	1	0	0
SYDE1	SYDE2	0	2	0
SYDE2	SYDE2	3	0	0
SYF2	SYF2	1	0	0
SYK	SYK	0	0	1
SYMPK	SYMPK	1	0	0
SYN2	SYN2	1	0	0
SYN2	SYN3	0	2	0
SYN3	SYN3	1	0	0
SYNC	SYNC	1	0	0
SYNCRIP	SYNCRIP	1	0	0
SYNDIG1	SYNDIG1	1	0	0
SYNDIG1	SYNDIG1L	0	2	0
SYNDIG1	TMEM91	0	2	0
SYNDIG1L	SYNDIG1L	1	0	0
SYNDIG1L	TMEM91	0	2	0
SYNE1	SYNE1	1	0	0
SYNE1	SYNE2	0	2	0
SYNE2	SYNE2	1	0	0
SYNE3	SYNE3	1	0	0
SYNE4	SYNE4	3	0	0
SYNGAP1	SYNGAP1	1	0	0
SYNGR1	SYNGR1	1	0	0
SYNGR1	SYNGR3	0	1	0
SYNGR1	SYNGR4	0	2	0
SYNGR3	SYNGR3	0	0	1
SYNGR3	SYNGR4	0	1	0
SYNGR4	SYNGR4	3	0	0
SYNJ1	SYNJ1	1	0	0
SYNJ1	SYNJ2	0	2	0
SYNJ2	SYNJ2	1	0	0
SYNJ2BP	SYNJ2BP	1	0	0
SYNM	SYNM	1	0	2
SYNPO	SYNPO	1	0	0
SYNPO	SYNPO2	0	2	0
SYNPO	SYNPO2L	0	2	0
SYNPO2	SYNPO2	1	0	0
SYNPO2	SYNPO2L	0	2	0
SYNPO2L	SYNPO2L	1	0	0
SYNPR	SYNPR	1	0	0
SYNPR	SYP	0	2	0
SYNPR	SYPL1	0	2	0
SYNPR	SYPL2	0	2	0
SYNRG	SYNRG	1	0	0
SYP	SYP	3	0	0
SYP	SYPL1	0	2	0
SYP	SYPL2	0	6	0
SYPL1	SYPL1	3	0	0
SYPL1	SYPL2	0	2	0
SYPL2	SYPL2	3	0	0
SYS1	SYS1	3	0	0
SYT1	SYT1	1	0	0
SYT1	SYT17	0	2	0
SYT1	SYT2	0	2	0
SYT1	SYT5	0	2	0
SYT1	SYT6	0	1	0
SYT1	SYT8	0	2	0
SYT10	SYT10	1	0	0
SYT10	SYT3	0	2	0
SYT11	SYT11	1	0	0
SYT11	SYT12	0	2	0
SYT11	SYT13	0	2	0
SYT11	SYT4	0	2	0
SYT11	SYT6	0	1	0
SYT11	SYT7	0	2	0
SYT11	SYT9	0	2	0
SYT12	SYT12	1	0	0
SYT12	SYT13	0	2	0
SYT12	SYT4	0	2	0
SYT12	SYT6	0	1	0
SYT12	SYT7	0	2	0
SYT12	SYT9	0	2	0
SYT13	SYT13	1	0	0
SYT13	SYT4	0	2	0
SYT13	SYT6	0	1	0
SYT13	SYT7	0	2	0
SYT13	SYT9	0	2	0
SYT14	SYT14	1	0	0
SYT14	SYT16	0	2	0
SYT16	SYT16	3	0	0
SYT17	SYT17	1	0	0
SYT17	SYT2	0	2	0
SYT17	SYT5	0	2	0
SYT17	SYT6	0	1	0
SYT17	SYT8	0	2	0
SYT2	SYT2	1	0	0
SYT2	SYT5	0	2	0
SYT2	SYT6	0	1	0
SYT2	SYT8	0	2	0
SYT3	SYT3	1	0	0
SYT4	SYT4	1	0	0
SYT4	SYT6	0	1	0
SYT4	SYT7	0	2	0
SYT4	SYT9	0	2	0
SYT5	SYT5	1	0	0
SYT5	SYT6	0	1	0
SYT5	SYT8	0	2	0
SYT6	SYT6	0	0	3
SYT6	SYT7	0	2	0
SYT6	SYT8	0	2	0
SYT6	SYT9	0	1	0
SYT7	SYT7	3	0	0
SYT7	SYT9	0	2	0
SYT8	SYT8	3	0	0
SYT9	SYT9	1	0	0
SYTL1	SYTL1	3	0	0
SYTL1	SYTL3	0	2	0
SYTL1	SYTL4	0	2	0
SYTL1	SYTL5	0	2	0
SYTL2	SYTL2	3	0	0
SYTL3	SYTL3	1	0	0
SYTL3	SYTL4	0	2	0
SYTL3	SYTL5	0	2	0
SYTL4	SYTL4	1	0	0
SYTL4	SYTL5	0	2	0
SYTL5	SYTL5	1	0	0
SYVN1	SYVN1	3	0	0
SZRD1	SZRD1	1	0	0
SZT2	SZT2	1	0	0
TAAR1	TAAR1	0	0	1
TAAR5	TAAR5	0	0	1
TAB1	TAB1	6	0	0
TAB2	TAB2	6	0	0
TAB2	TAB3	0	12	0
TAB3	TAB3	6	0	0
TAC1	TAC1	1	0	0
TAC3	TAC3	1	0	0
TAC4	TAC4	1	0	0
TACC1	TACC1	1	0	0
TACC1	TACC2	0	2	0
TACC1	TACC3	0	2	0
TACC2	TACC2	1	0	0
TACC2	TACC3	0	2	0
TACC3	TACC3	6	0	0
TACO1	TACO1	1	0	0
TACR1	TACR1	1	0	0
TACR1	TACR2	0	2	0
TACR1	TACR3	0	2	0
TACR2	TACR2	1	0	0
TACR2	TACR3	0	2	0
TACR3	TACR3	1	0	0
TADA1	TADA1	1	0	0
TADA2A	TADA2A	1	0	0
TADA2A	TADA2B	0	2	0
TADA2B	TADA2B	1	0	0
TADA3	TADA3	1	0	0
TAF10	TAF10	1	0	0
TAF11	TAF11	3	0	0
TAF12	TAF12	1	0	0
TAF13	TAF13	1	0	0
TAF15	TAF15	0	0	1
TAF1A	TAF1A	1	0	0
TAF1B	TAF1B	1	0	0
TAF1C	TAF1C	1	0	0
TAF1D	TAF1D	1	0	0
TAF1L	TAF1L	1	0	0
TAF2	TAF2	1	0	0
TAF3	TAF3	1	0	0
TAF4	TAF4	6	0	0
TAF4	TAF4B	0	2	0
TAF4B	TAF4B	1	0	0
TAF5	TAF5	1	0	0
TAF5	TAF5L	0	2	0
TAF5L	TAF5L	1	0	0
TAF6	TAF6	1	0	0
TAF6L	TAF6L	1	0	0
TAF7L	TAF7L	1	0	0
TAF8	TAF8	1	0	0
TAF9B	TAF9B	1	0	0
TAFA1	TAFA1	1	0	0
TAFA1	TAFA2	0	2	0
TAFA1	TAFA3	0	2	0
TAFA1	TAFA4	0	2	0
TAFA2	TAFA2	1	0	0
TAFA2	TAFA3	0	2	0
TAFA2	TAFA4	0	2	0
TAFA3	TAFA3	1	0	0
TAFA3	TAFA4	0	2	0
TAFA4	TAFA4	1	0	0
TAFA5	TAFA5	1	0	0
TAGAP	TAGAP	1	0	0
TAGLN	TAGLN	1	0	0
TAGLN	TAGLN2	0	2	0
TAGLN	TAGLN3	0	2	0
TAGLN2	TAGLN2	1	0	0
TAGLN2	TAGLN3	0	2	0
TAGLN3	TAGLN3	1	0	0
TAL1	TAL1	1	0	0
TAL2	TAL2	1	0	0
TALDO1	TALDO1	1	0	0
TAMM41	TAMM41	1	0	0
TANC1	TANC1	1	0	0
TANC1	TANC2	0	2	0
TANC2	TANC2	1	0	0
TANGO2	TANGO2	3	0	0
TANGO6	TANGO6	1	0	0
TANK	TANK	1	0	0
TAOK1	TAOK1	1	0	0
TAOK1	TAOK2	0	2	0
TAOK1	TAOK3	0	2	0
TAOK2	TAOK2	1	0	0
TAOK2	TAOK3	0	2	0
TAOK3	TAOK3	1	0	0
TAP1	TAP1	0	0	1
TAP2	TAP2	0	0	1
TAPBP	TAPBP	1	0	0
TAPBPL	TAPBPL	1	0	0
TAPT1	TAPT1	3	0	0
TARBP2	TARBP2	1	0	0
TARDBP	TARDBP	1	0	0
TARS1	TARS1	1	0	0
TARS1	TARS2	0	2	0
TARS1	TARS3	0	2	0
TARS2	TARS2	3	0	0
TARS2	TARS3	0	2	0
TARS3	TARS3	1	0	0
TAS1R1	TAS1R1	0	0	1
TAS1R2	TAS1R2	0	0	1
TAS1R3	TAS1R3	1	0	0
TAS2R1	TAS2R1	0	0	1
TAS2R10	TAS2R10	0	0	1
TAS2R13	TAS2R13	0	0	1
TAS2R14	TAS2R14	0	0	1
TAS2R16	TAS2R16	1	0	0
TAS2R20	TAS2R20	0	0	1
TAS2R3	TAS2R3	0	0	1
TAS2R38	TAS2R38	1	0	0
TAS2R39	TAS2R39	1	0	0
TAS2R39	TAS2R40	0	2	0
TAS2R4	TAS2R4	0	0	1
TAS2R40	TAS2R40	1	0	0
TAS2R41	TAS2R41	0	0	1
TAS2R42	TAS2R42	0	0	1
TAS2R5	TAS2R5	0	0	1
TAS2R60	TAS2R60	1	0	0
TAS2R7	TAS2R7	0	0	1
TAS2R8	TAS2R8	0	0	1
TAS2R9	TAS2R9	0	0	1
TASL	TASL	3	0	0
TASOR	TASOR	1	0	0
TASOR2	TASOR2	1	0	0
TASP1	TASP1	1	0	0
TAT	TAT	3	0	0
TATDN1	TATDN1	1	0	0
TATDN1	TATDN3	0	2	0
TATDN3	TATDN3	1	0	0
TAX1BP1	TAX1BP1	1	0	0
TAX1BP3	TAX1BP3	1	0	0
TBATA	TBATA	1	0	0
TBC1D1	TBC1D1	1	0	0
TBC1D1	TBC1D4	0	2	0
TBC1D10A	TBC1D10A	3	0	0
TBC1D10B	TBC1D10B	1	0	0
TBC1D10C	TBC1D10C	1	0	0
TBC1D12	TBC1D12	1	0	0
TBC1D12	TBC1D14	0	2	0
TBC1D13	TBC1D13	1	0	0
TBC1D14	TBC1D14	1	0	0
TBC1D15	TBC1D15	1	0	0
TBC1D15	TBC1D17	0	2	0
TBC1D16	TBC1D16	1	0	0
TBC1D17	TBC1D17	1	0	0
TBC1D19	TBC1D19	1	0	0
TBC1D2	TBC1D2	1	0	0
TBC1D2	TBC1D2B	0	2	0
TBC1D20	TBC1D20	1	0	0
TBC1D21	TBC1D21	1	0	0
TBC1D22A	TBC1D22A	1	0	0
TBC1D22A	TBC1D22B	0	2	0
TBC1D22B	TBC1D22B	1	0	0
TBC1D23	TBC1D23	1	0	0
TBC1D24	TBC1D24	1	0	0
TBC1D2B	TBC1D2B	1	0	0
TBC1D30	TBC1D30	1	0	0
TBC1D31	TBC1D31	1	0	0
TBC1D32	TBC1D32	1	0	0
TBC1D4	TBC1D4	1	0	0
TBC1D5	TBC1D5	3	0	0
TBC1D7	TBC1D7	1	0	0
TBC1D8	TBC1D8	1	0	0
TBC1D8	TBC1D8B	0	2	0
TBC1D8	TBC1D9	0	2	0
TBC1D8	TBC1D9B	0	2	0
TBC1D8B	TBC1D8B	1	0	0
TBC1D8B	TBC1D9	0	2	0
TBC1D8B	TBC1D9B	0	2	0
TBC1D9	TBC1D9	1	0	0
TBC1D9	TBC1D9B	0	2	0
TBC1D9B	TBC1D9B	1	0	0
TBCA	TBCA	3	0	0
TBCB	TBCB	3	0	0
TBCC	TBCC	1	0	0
TBCCD1	TBCCD1	1	0	0
TBCD	TBCD	1	0	0
TBCE	TBCE	1	0	0
TBCK	TBCK	1	0	0
TBK1	TBK1	1	0	0
TBKBP1	TBKBP1	1	0	0
TBL1XR1	TBL1XR1	1	0	0
TBL1XR1	TBL1Y	0	2	0
TBL1Y	TBL1Y	1	0	0
TBL2	TBL2	1	0	0
TBL3	TBL3	1	0	0
TBP	TBP	1	0	0
TBP	TBPL1	0	2	0
TBP	TBPL2	0	2	0
TBPL1	TBPL1	1	0	0
TBPL1	TBPL2	0	2	0
TBPL2	TBPL2	1	0	0
TBR1	TBR1	1	0	0
TBRG1	TBRG1	1	0	0
TBRG4	TBRG4	1	0	0
TBX1	TBX1	3	0	0
TBX1	TBX10	0	2	0
TBX1	TBX15	0	2	0
TBX1	TBX18	0	6	0
TBX1	TBX20	0	2	0
TBX1	TBX6	0	6	0
TBX10	TBX10	3	0	0
TBX10	TBX15	0	6	0
TBX10	TBX18	0	6	0
TBX10	TBX20	0	2	0
TBX10	TBX6	0	2	0
TBX15	TBX15	3	0	0
TBX15	TBX18	0	6	0
TBX15	TBX20	0	2	0
TBX15	TBX6	0	2	0
TBX18	TBX18	6	0	0
TBX18	TBX20	0	2	0
TBX18	TBX6	0	6	0
TBX19	TBX19	1	0	0
TBX19	TBXT	0	2	0
TBX2	TBX2	1	0	0
TBX2	TBX3	0	2	0
TBX20	TBX20	1	0	0
TBX20	TBX6	0	2	0
TBX21	TBX21	1	0	0
TBX22	TBX22	1	0	0
TBX3	TBX3	3	0	0
TBX4	TBX4	1	0	0
TBX4	TBX5	0	2	0
TBX5	TBX5	1	0	0
TBX6	TBX6	3	0	0
TBXA2R	TBXA2R	1	0	0
TBXAS1	TBXAS1	0	0	1
TBXT	TBXT	1	0	0
TC2N	TC2N	1	0	0
TCAF1	TCAF1	3	0	0
TCAF1	TCAF2	0	2	0
TCAF2	TCAF2	1	0	0
TCAIM	TCAIM	1	0	0
TCAP	TCAP	1	0	0
TCEA1	TCEA1	1	0	0
TCEA1	TCEA2	0	2	0
TCEA1	TCEA3	0	2	0
TCEA1	TCEANC	0	2	0
TCEA2	TCEA2	1	0	0
TCEA2	TCEA3	0	2	0
TCEA2	TCEANC	0	2	0
TCEA3	TCEA3	1	0	0
TCEA3	TCEANC	0	2	0
TCEAL1	TCEAL1	1	0	0
TCEAL1	TCEAL7	0	2	0
TCEAL4	TCEAL4	1	0	0
TCEAL7	TCEAL7	1	0	0
TCEANC	TCEANC	1	0	0
TCEANC2	TCEANC2	6	0	0
TCERG1	TCERG1	1	0	0
TCERG1L	TCERG1L	1	0	0
TCF12	TCF12	1	0	0
TCF12	TCF3	0	2	0
TCF12	TCF4	0	2	0
TCF15	TCF15	1	0	0
TCF15	TCF21	0	2	0
TCF19	TCF19	1	0	0
TCF20	TCF20	1	0	0
TCF21	TCF21	1	0	0
TCF23	TCF23	1	0	0
TCF23	TCF24	0	2	0
TCF24	TCF24	1	0	0
TCF25	TCF25	1	0	0
TCF3	TCF3	1	0	0
TCF3	TCF4	0	2	0
TCF4	TCF4	1	0	0
TCF7	TCF7	1	0	0
TCF7	TCF7L1	0	2	0
TCF7	TCF7L2	0	2	0
TCF7L1	TCF7L1	1	0	0
TCF7L1	TCF7L2	0	2	0
TCF7L2	TCF7L2	3	0	0
TCFL5	TCFL5	1	0	0
TCHHL1	TCHHL1	1	0	0
TCHP	TCHP	1	0	0
TCIM	TCIM	3	0	0
TCIRG1	TCIRG1	3	0	0
TCN1	TCN1	1	0	0
TCN1	TCN2	0	2	0
TCN2	TCN2	1	0	0
TCOF1	TCOF1	1	0	0
TCP1	TCP1	0	0	1
TCP10L	TCP10L	1	0	0
TCP11	TCP11	1	0	0
TCP11	TCP11L1	0	2	0
TCP11	TCP11L2	0	2	0
TCP11	TCP11X2	0	2	0
TCP11L1	TCP11L1	1	0	0
TCP11L1	TCP11L2	0	2	0
TCP11L1	TCP11X2	0	2	0
TCP11L2	TCP11L2	1	0	0
TCP11L2	TCP11X2	0	2	0
TCP11X2	TCP11X2	1	0	0
TCTA	TCTA	0	0	1
TCTN1	TCTN1	1	0	0
TCTN1	TCTN2	0	2	0
TCTN1	TCTN3	0	2	0
TCTN2	TCTN2	1	0	0
TCTN2	TCTN3	0	2	0
TCTN3	TCTN3	1	0	0
TDG	TDG	1	0	0
TDO2	TDO2	1	0	0
TDP1	TDP1	1	0	0
TDP2	TDP2	1	0	0
TDRD1	TDRD1	1	0	0
TDRD10	TDRD10	1	0	0
TDRD12	TDRD12	1	0	0
TDRD15	TDRD15	1	0	0
TDRD15	TDRD6	0	2	0
TDRD3	TDRD3	1	0	0
TDRD5	TDRD5	1	0	0
TDRD6	TDRD6	1	0	0
TDRD7	TDRD7	1	0	0
TDRD9	TDRD9	1	0	0
TDRKH	TDRKH	3	0	0
TDRP	TDRP	1	0	0
TEAD1	TEAD1	1	0	0
TEAD1	TEAD2	0	2	0
TEAD1	TEAD3	0	2	0
TEAD1	TEAD4	0	2	0
TEAD2	TEAD2	1	0	0
TEAD2	TEAD3	0	2	0
TEAD2	TEAD4	0	2	0
TEAD3	TEAD3	1	0	0
TEAD3	TEAD4	0	2	0
TEAD4	TEAD4	3	0	0
TEC	TEC	0	0	1
TECPR1	TECPR1	1	0	0
TECPR2	TECPR2	1	0	0
TECR	TECR	1	0	0
TECR	TECRL	0	2	0
TECRL	TECRL	1	0	0
TECTA	TECTA	1	0	0
TECTB	TECTB	1	0	0
TEDC1	TEDC1	3	0	0
TEDC2	TEDC2	1	0	0
TEDDM1	TEDDM1	1	0	0
TEF	TEF	1	0	0
TEFM	TEFM	1	0	0
TEK	TEK	1	0	0
TEK	TIE1	0	2	0
TEKT1	TEKT1	1	0	0
TEKT1	TEKT2	0	2	0
TEKT2	TEKT2	1	0	0
TEKT3	TEKT3	1	0	0
TEKT3	TEKT4	0	2	0
TEKT3	TEKT5	0	2	0
TEKT4	TEKT4	1	0	0
TEKT4	TEKT5	0	2	0
TEKT5	TEKT5	1	0	0
TELO2	TELO2	1	0	0
TEN1	TEN1	1	0	0
TENM1	TENM1	1	0	0
TENM1	TENM2	0	2	0
TENM1	TENM3	0	2	0
TENM1	TENM4	0	2	0
TENM2	TENM2	1	0	0
TENM2	TENM3	0	2	0
TENM2	TENM4	0	2	0
TENM3	TENM3	1	0	0
TENM3	TENM4	0	2	0
TENM4	TENM4	1	0	0
TENT2	TENT2	3	0	0
TENT4A	TENT4A	3	0	0
TENT4A	TENT4B	0	6	0
TENT4B	TENT4B	3	0	0
TENT5A	TENT5A	1	0	0
TENT5A	TENT5B	0	2	0
TENT5A	TENT5C	0	2	0
TENT5A	TENT5D	0	2	0
TENT5B	TENT5B	1	0	0
TENT5B	TENT5C	0	2	0
TENT5B	TENT5D	0	2	0
TENT5C	TENT5C	3	0	0
TENT5C	TENT5D	0	2	0
TENT5D	TENT5D	1	0	0
TEP1	TEP1	1	0	0
TEPSIN	TEPSIN	1	0	0
TERB1	TERB1	1	0	0
TERB2	TERB2	3	0	0
TERF1	TERF1	1	0	0
TERF2	TERF2	1	0	0
TERF2IP	TERF2IP	1	0	0
TERT	TERT	1	0	0
TES	TES	1	0	0
TESC	TESC	3	0	0
TESK1	TESK1	1	0	0
TESK2	TESK2	1	0	0
TESMIN	TESMIN	1	0	0
TESPA1	TESPA1	1	0	0
TET1	TET1	3	0	0
TET1	TET2	0	2	0
TET1	TET3	0	2	0
TET2	TET2	1	0	0
TET2	TET3	0	2	0
TET3	TET3	1	0	0
TEX10	TEX10	1	0	0
TEX101	TEX101	1	0	0
TEX11	TEX11	1	0	0
TEX13A	TEX13A	1	0	0
TEX13A	TEX13B	0	2	0
TEX13B	TEX13B	1	0	0
TEX14	TEX14	1	0	0
TEX15	TEX15	1	0	0
TEX19	TEX19	1	0	0
TEX2	TEX2	1	0	0
TEX26	TEX26	1	0	0
TEX261	TEX261	1	0	0
TEX264	TEX264	1	0	0
TEX28	TEX28	1	0	0
TEX29	TEX29	1	0	0
TEX30	TEX30	1	0	0
TEX33	TEX33	1	0	0
TEX35	TEX35	1	0	0
TEX36	TEX36	3	0	0
TEX37	TEX37	1	0	0
TEX38	TEX38	6	0	0
TEX43	TEX43	1	0	0
TEX44	TEX44	1	0	0
TEX45	TEX45	3	0	0
TEX46	TEX46	1	0	0
TEX47	TEX47	1	0	0
TEX48	TEX48	1	0	0
TEX49	TEX49	1	0	0
TEX50	TEX50	3	0	0
TEX51	TEX51	1	0	0
TEX52	TEX52	1	0	0
TEX55	TEX55	3	0	0
TEX9	TEX9	1	0	0
TF	TF	1	0	0
TFAM	TFAM	1	0	0
TFAP2A	TFAP2A	1	0	0
TFAP2A	TFAP2B	0	2	0
TFAP2A	TFAP2C	0	2	0
TFAP2A	TFAP2D	0	2	0
TFAP2A	TFAP2E	0	2	0
TFAP2B	TFAP2B	1	0	0
TFAP2B	TFAP2C	0	2	0
TFAP2B	TFAP2D	0	2	0
TFAP2B	TFAP2E	0	2	0
TFAP2C	TFAP2C	1	0	0
TFAP2C	TFAP2D	0	2	0
TFAP2C	TFAP2E	0	2	0
TFAP2D	TFAP2D	1	0	0
TFAP2D	TFAP2E	0	2	0
TFAP2E	TFAP2E	1	0	0
TFAP4	TFAP4	1	0	0
TFB1M	TFB1M	1	0	0
TFB2M	TFB2M	1	0	0
TFCP2	TFCP2	1	0	0
TFCP2	TFCP2L1	0	2	0
TFCP2	UBP1	0	2	0
TFCP2L1	TFCP2L1	1	0	0
TFCP2L1	UBP1	0	2	0
TFDP1	TFDP1	1	0	0
TFDP1	TFDP2	0	2	0
TFDP1	TFDP3	0	2	0
TFDP2	TFDP2	1	0	0
TFDP2	TFDP3	0	2	0
TFDP3	TFDP3	1	0	0
TFE3	TFE3	1	0	0
TFE3	TFEC	0	2	0
TFEC	TFEC	1	0	0
TFF1	TFF1	1	0	0
TFF1	TFF2	0	2	0
TFF1	TFF3	0	2	0
TFF2	TFF2	1	0	0
TFF2	TFF3	0	2	0
TFF3	TFF3	1	0	0
TFIP11	TFIP11	1	0	0
TFPI	TFPI	1	0	0
TFPI2	TFPI2	1	0	0
TFPT	TFPT	1	0	0
TFR2	TFR2	1	0	0
TFR2	TFRC	0	2	0
TFRC	TFRC	1	0	0
TG	TG	1	0	0
TGDS	TGDS	0	0	1
TGFA	TGFA	1	0	0
TGFB1	TGFB1	1	0	0
TGFB1	TGFB2	0	2	0
TGFB1	TGFB3	0	2	0
TGFB1I1	TGFB1I1	1	0	0
TGFB2	TGFB2	1	0	0
TGFB2	TGFB3	0	2	0
TGFB3	TGFB3	1	0	0
TGFBI	TGFBI	3	0	0
TGFBR1	TGFBR1	0	0	3
TGFBR2	TGFBR2	1	0	0
TGFBR3	TGFBR3	3	0	0
TGFBR3L	TGFBR3L	1	0	0
TGFBRAP1	TGFBRAP1	1	0	0
TGFBRAP1	VPS39	0	2	0
TGIF1	TGIF1	1	0	0
TGIF1	TGIF2	0	2	0
TGIF2	TGIF2	1	0	0
TGM1	TGM1	1	0	0
TGM1	TGM2	0	2	0
TGM1	TGM3	0	2	0
TGM1	TGM4	0	2	0
TGM1	TGM5	0	2	0
TGM1	TGM6	0	2	0
TGM1	TGM7	0	2	0
TGM2	TGM2	1	0	0
TGM2	TGM3	0	2	0
TGM2	TGM4	0	2	0
TGM2	TGM5	0	2	0
TGM2	TGM6	0	2	0
TGM2	TGM7	0	2	0
TGM3	TGM3	1	0	0
TGM3	TGM4	0	2	0
TGM3	TGM5	0	2	0
TGM3	TGM6	0	2	0
TGM3	TGM7	0	2	0
TGM4	TGM4	1	0	0
TGM4	TGM5	0	2	0
TGM4	TGM6	0	2	0
TGM4	TGM7	0	2	0
TGM5	TGM5	1	0	0
TGM5	TGM6	0	2	0
TGM5	TGM7	0	2	0
TGM6	TGM6	1	0	0
TGM6	TGM7	0	2	0
TGM7	TGM7	1	0	0
TGOLN2	TGOLN2	1	0	0
TGS1	TGS1	1	0	0
TH	TH	1	0	0
TH	TPH1	0	2	0
TH	TPH2	0	2	0
THADA	THADA	1	0	0
THAP1	THAP1	1	0	0
THAP1	THAP2	0	2	0
THAP1	THAP3	0	2	0
THAP1	THAP4	0	2	0
THAP1	THAP5	0	2	0
THAP1	THAP6	0	2	0
THAP1	THAP8	0	2	0
THAP10	THAP10	1	0	0
THAP11	THAP11	1	0	0
THAP12	THAP12	1	0	0
THAP2	THAP2	1	0	0
THAP2	THAP3	0	2	0
THAP2	THAP4	0	2	0
THAP2	THAP5	0	2	0
THAP2	THAP6	0	2	0
THAP2	THAP8	0	2	0
THAP3	THAP3	1	0	0
THAP3	THAP4	0	2	0
THAP3	THAP5	0	2	0
THAP3	THAP6	0	2	0
THAP3	THAP8	0	2	0
THAP4	THAP4	6	0	0
THAP4	THAP5	0	2	0
THAP4	THAP6	0	2	0
THAP4	THAP8	0	2	0
THAP5	THAP5	1	0	0
THAP5	THAP6	0	2	0
THAP5	THAP8	0	2	0
THAP6	THAP6	1	0	0
THAP6	THAP8	0	2	0
THAP7	THAP7	3	0	0
THAP7	THAP9	0	2	0
THAP8	THAP8	1	0	0
THAP9	THAP9	1	0	0
THBD	THBD	1	0	0
THBS1	THBS1	1	0	0
THBS1	THBS2	0	2	0
THBS1	THBS3	0	2	0
THBS1	THBS4	0	2	0
THBS2	THBS2	1	0	0
THBS2	THBS3	0	2	0
THBS2	THBS4	0	2	0
THBS3	THBS3	1	0	0
THBS3	THBS4	0	2	0
THBS4	THBS4	1	0	0
THEG	THEG	1	0	0
THEM4	THEM4	1	0	0
THEM4	THEM5	0	2	0
THEM5	THEM5	1	0	0
THEM6	THEM6	1	0	0
THEMIS	THEMIS	1	0	0
THEMIS	THEMIS2	0	2	0
THEMIS2	THEMIS2	1	0	0
THG1L	THG1L	1	0	0
THNSL1	THNSL1	1	0	0
THNSL2	THNSL2	1	0	0
THOC1	THOC1	1	0	0
THOC2	THOC2	1	0	0
THOC3	THOC3	1	0	0
THOC5	THOC5	1	0	0
THOC6	THOC6	1	0	0
THOC7	THOC7	1	0	0
THOP1	THOP1	1	0	0
THPO	THPO	1	0	0
THRA	THRA	3	0	0
THRAP3	THRAP3	1	0	0
THRB	THRB	1	0	0
THRSP	THRSP	1	0	0
THSD1	THSD1	1	0	0
THSD4	THSD4	1	0	0
THSD7A	THSD7A	1	0	0
THSD7A	THSD7B	0	2	0
THSD7B	THSD7B	1	0	0
THTPA	THTPA	1	0	0
THUMPD1	THUMPD1	1	0	0
THUMPD2	THUMPD2	1	0	0
THUMPD3	THUMPD3	1	0	0
THY1	THY1	1	0	0
THYN1	THYN1	3	0	0
TIAL1	TIAL1	1	0	0
TIAM1	TIAM1	3	0	3
TIAM1	TIAM2	0	2	0
TIAM2	TIAM2	1	0	0
TICAM1	TICAM1	1	0	0
TICAM2	TICAM2	3	0	0
TICRR	TICRR	1	0	0
TIE1	TIE1	1	0	0
TIFA	TIFA	1	0	0
TIFAB	TIFAB	3	0	0
TIGAR	TIGAR	1	0	0
TIGD1	TIGD1	1	0	0
TIGD3	TIGD3	1	0	0
TIGD3	TIGD4	0	2	0
TIGD3	TIGD5	0	2	0
TIGD3	TIGD6	0	2	0
TIGD3	TIGD7	0	2	0
TIGD4	TIGD4	1	0	0
TIGD4	TIGD5	0	2	0
TIGD4	TIGD6	0	2	0
TIGD4	TIGD7	0	2	0
TIGD5	TIGD5	1	0	0
TIGD5	TIGD6	0	2	0
TIGD5	TIGD7	0	2	0
TIGD6	TIGD6	1	0	0
TIGD6	TIGD7	0	2	0
TIGD7	TIGD7	3	0	0
TIGIT	TIGIT	1	0	0
TIMD4	TIMD4	6	0	0
TIMELESS	TIMELESS	1	0	0
TIMM10	TIMM10	1	0	0
TIMM10B	TIMM10B	3	0	0
TIMM13	TIMM13	3	0	0
TIMM17A	TIMM17A	1	0	0
TIMM17A	TIMM17B	0	2	0
TIMM17B	TIMM17B	1	0	0
TIMM21	TIMM21	3	0	0
TIMM22	TIMM22	3	0	0
TIMM23	TIMM23	1	0	0
TIMM29	TIMM29	1	0	0
TIMM44	TIMM44	1	0	0
TIMM50	TIMM50	6	0	0
TIMM8A	TIMM8A	1	0	0
TIMM8A	TIMM8B	0	2	0
TIMM8B	TIMM8B	3	0	0
TIMM9	TIMM9	3	0	0
TIMMDC1	TIMMDC1	1	0	0
TIMP2	TIMP2	1	0	0
TIMP2	TIMP3	0	2	0
TIMP2	TIMP4	0	2	0
TIMP3	TIMP3	1	0	0
TIMP3	TIMP4	0	2	0
TIMP4	TIMP4	1	0	0
TINAG	TINAG	1	0	0
TINAG	TINAGL1	0	2	0
TINAGL1	TINAGL1	1	0	0
TINF2	TINF2	1	0	0
TIPARP	TIPARP	6	0	0
TIPIN	TIPIN	1	0	0
TIPRL	TIPRL	1	0	0
TIRAP	TIRAP	1	0	0
TJAP1	TJAP1	1	0	0
TJP1	TJP1	1	0	0
TJP2	TJP2	1	0	0
TJP2	TJP3	0	2	0
TJP3	TJP3	1	0	0
TK1	TK1	1	0	0
TK2	TK2	3	0	0
TKFC	TKFC	3	0	0
TKT	TKT	1	0	0
TKT	TKTL1	0	2	0
TKT	TKTL2	0	2	0
TKTL1	TKTL1	1	0	0
TKTL1	TKTL2	0	2	0
TKTL2	TKTL2	1	0	0
TLCD1	TLCD1	1	0	0
TLCD1	TLCD2	0	2	0
TLCD2	TLCD2	1	0	0
TLCD3A	TLCD3A	1	0	0
TLCD3A	TLCD3B	0	2	0
TLCD3B	TLCD3B	1	0	0
TLCD4	TLCD4	1	0	0
TLCD5	TLCD5	1	0	0
TLDC2	TLDC2	1	0	0
TLE1	TLE1	1	0	0
TLE1	TLE2	0	2	0
TLE1	TLE3	0	2	0
TLE1	TLE4	0	2	0
TLE1	TLE6	0	2	0
TLE2	TLE2	1	0	0
TLE2	TLE3	0	2	0
TLE2	TLE4	0	2	0
TLE2	TLE6	0	2	0
TLE3	TLE3	1	0	0
TLE3	TLE4	0	2	0
TLE3	TLE6	0	2	0
TLE4	TLE4	3	0	0
TLE4	TLE6	0	2	0
TLE6	TLE6	3	0	0
TLK1	TLK1	1	0	0
TLK1	TLK2	0	2	0
TLK2	TLK2	1	0	0
TLL1	TLL1	1	0	0
TLL1	TLL2	0	2	0
TLL2	TLL2	3	0	0
TLN1	TLN1	1	0	0
TLN1	TLN2	0	2	0
TLN2	TLN2	1	0	0
TLR1	TLR1	1	0	0
TLR1	TLR10	0	2	0
TLR1	TLR6	0	2	0
TLR10	TLR10	3	0	0
TLR10	TLR2	0	2	0
TLR10	TLR6	0	2	0
TLR2	TLR2	1	0	0
TLR3	TLR3	3	0	0
TLR4	TLR4	3	0	0
TLR5	TLR5	1	0	0
TLR6	TLR6	1	0	0
TLR7	TLR7	3	0	0
TLR7	TLR8	0	2	0
TLR8	TLR8	1	0	0
TLX2	TLX2	1	0	0
TM2D1	TM2D1	1	0	0
TM2D2	TM2D2	1	0	0
TM2D3	TM2D3	1	0	0
TM4SF1	TM4SF1	3	0	0
TM4SF1	TM4SF18	0	2	0
TM4SF1	TM4SF20	0	2	0
TM4SF1	TM4SF4	0	2	0
TM4SF1	TM4SF5	0	2	0
TM4SF18	TM4SF18	1	0	0
TM4SF18	TM4SF20	0	2	0
TM4SF18	TM4SF4	0	2	0
TM4SF18	TM4SF5	0	2	0
TM4SF20	TM4SF20	1	0	0
TM4SF20	TM4SF4	0	2	0
TM4SF20	TM4SF5	0	2	0
TM4SF4	TM4SF4	1	0	0
TM4SF4	TM4SF5	0	2	0
TM4SF5	TM4SF5	1	0	0
TM6SF1	TM6SF1	1	0	0
TM6SF1	TM6SF2	0	2	0
TM6SF2	TM6SF2	1	0	0
TM7SF2	TM7SF2	1	0	0
TM7SF3	TM7SF3	1	0	0
TM9SF2	TM9SF2	0	0	3
TM9SF3	TM9SF3	0	0	1
TM9SF4	TM9SF4	0	0	1
TMA16	TMA16	1	0	0
TMA7	TMA7	1	0	0
TMBIM1	TMBIM1	0	0	1
TMBIM4	TMBIM4	0	0	1
TMBIM6	TMBIM6	1	0	0
TMC1	TMC1	1	0	0
TMC1	TMC2	0	2	0
TMC2	TMC2	1	0	0
TMC3	TMC3	1	0	0
TMC4	TMC4	1	0	0
TMC4	TMC7	0	2	0
TMC4	TMC8	0	2	0
TMC5	TMC5	1	0	0
TMC5	TMC6	0	2	0
TMC6	TMC6	1	0	0
TMC7	TMC7	1	0	0
TMC7	TMC8	0	2	0
TMC8	TMC8	1	0	0
TMCC1	TMCC1	1	0	0
TMCC1	TMCC2	0	2	0
TMCC1	TMCC3	0	2	0
TMCC2	TMCC2	1	0	0
TMCC2	TMCC3	0	2	0
TMCC3	TMCC3	1	0	0
TMCO1	TMCO1	1	0	0
TMCO2	TMCO2	1	0	0
TMCO3	TMCO3	1	0	0
TMCO4	TMCO4	1	0	0
TMCO5A	TMCO5A	1	0	0
TMCO6	TMCO6	1	0	0
TMED1	TMED1	1	0	0
TMED1	TMED5	0	2	0
TMED10	TMED10	1	0	0
TMED2	TMED2	1	0	0
TMED3	TMED3	1	0	0
TMED3	TMED7	0	2	0
TMED4	TMED4	1	0	0
TMED4	TMED9	0	2	0
TMED5	TMED5	1	0	0
TMED7	TMED7	3	0	0
TMED8	TMED8	1	0	0
TMED9	TMED9	1	0	0
TMEFF1	TMEFF1	1	0	0
TMEFF1	TMEFF2	0	2	0
TMEFF2	TMEFF2	1	0	0
TMEM100	TMEM100	1	0	0
TMEM101	TMEM101	1	0	0
TMEM102	TMEM102	1	0	0
TMEM104	TMEM104	3	0	0
TMEM105	TMEM105	1	0	0
TMEM106A	TMEM106A	1	0	0
TMEM106A	TMEM106B	0	2	0
TMEM106A	TMEM106C	0	2	0
TMEM106B	TMEM106B	1	0	0
TMEM106B	TMEM106C	0	2	0
TMEM106C	TMEM106C	1	0	0
TMEM107	TMEM107	1	0	0
TMEM108	TMEM108	1	0	0
TMEM109	TMEM109	1	0	0
TMEM11	TMEM11	1	0	0
TMEM114	TMEM114	1	0	0
TMEM114	TMEM235	0	2	0
TMEM115	TMEM115	1	0	0
TMEM116	TMEM116	1	0	0
TMEM117	TMEM117	1	0	0
TMEM119	TMEM119	1	0	0
TMEM120A	TMEM120A	1	0	0
TMEM120B	TMEM120B	1	0	0
TMEM121	TMEM121	1	0	0
TMEM121B	TMEM121B	1	0	0
TMEM123	TMEM123	1	0	0
TMEM125	TMEM125	1	0	0
TMEM126A	TMEM126A	1	0	0
TMEM126B	TMEM126B	1	0	0
TMEM127	TMEM127	1	0	0
TMEM128	TMEM128	1	0	0
TMEM129	TMEM129	1	0	0
TMEM130	TMEM130	1	0	0
TMEM131	TMEM131	1	0	0
TMEM131L	TMEM131L	3	0	0
TMEM132A	TMEM132A	1	0	0
TMEM132A	TMEM132B	0	2	0
TMEM132A	TMEM132C	0	2	0
TMEM132A	TMEM132D	0	2	0
TMEM132A	TMEM132E	0	2	0
TMEM132B	TMEM132B	1	0	0
TMEM132B	TMEM132C	0	2	0
TMEM132B	TMEM132D	0	2	0
TMEM132B	TMEM132E	0	2	0
TMEM132C	TMEM132C	1	0	0
TMEM132C	TMEM132D	0	2	0
TMEM132C	TMEM132E	0	2	0
TMEM132D	TMEM132D	1	0	0
TMEM132D	TMEM132E	0	2	0
TMEM132E	TMEM132E	1	0	0
TMEM134	TMEM134	1	0	0
TMEM135	TMEM135	3	0	0
TMEM138	TMEM138	1	0	0
TMEM139	TMEM139	1	0	0
TMEM140	TMEM140	1	0	0
TMEM141	TMEM141	1	0	0
TMEM143	TMEM143	1	0	0
TMEM144	TMEM144	1	0	0
TMEM145	TMEM145	1	0	0
TMEM147	TMEM147	1	0	0
TMEM14A	TMEM14A	1	0	0
TMEM14A	TMEM14B	0	2	0
TMEM14A	TMEM14C	0	2	0
TMEM14B	TMEM14B	1	0	0
TMEM14B	TMEM14C	0	2	0
TMEM14C	TMEM14C	1	0	0
TMEM150A	TMEM150A	1	0	0
TMEM150B	TMEM150B	1	0	0
TMEM150B	TMEM150C	0	2	0
TMEM150C	TMEM150C	1	0	0
TMEM151A	TMEM151A	3	0	0
TMEM151A	TMEM151B	0	2	0
TMEM151B	TMEM151B	3	0	0
TMEM156	TMEM156	1	0	0
TMEM158	TMEM158	1	0	0
TMEM160	TMEM160	1	0	0
TMEM161A	TMEM161A	1	0	0
TMEM161A	TMEM161B	0	2	0
TMEM161B	TMEM161B	1	0	0
TMEM163	TMEM163	1	0	0
TMEM164	TMEM164	1	0	0
TMEM165	TMEM165	1	0	0
TMEM167A	TMEM167A	1	0	0
TMEM167A	TMEM167B	0	2	0
TMEM167B	TMEM167B	1	0	0
TMEM168	TMEM168	1	0	0
TMEM169	TMEM169	1	0	0
TMEM17	TMEM17	1	0	0
TMEM170A	TMEM170A	1	0	0
TMEM170A	TMEM170B	0	2	0
TMEM170B	TMEM170B	3	0	0
TMEM171	TMEM171	1	0	0
TMEM174	TMEM174	1	0	0
TMEM175	TMEM175	1	0	0
TMEM176A	TMEM176A	1	0	0
TMEM176B	TMEM176B	1	0	0
TMEM178A	TMEM178A	1	0	0
TMEM178A	TMEM178B	0	2	0
TMEM178B	TMEM178B	1	0	0
TMEM179	TMEM179	1	0	0
TMEM179B	TMEM179B	1	0	0
TMEM18	TMEM18	1	0	0
TMEM181	TMEM181	1	0	0
TMEM182	TMEM182	1	0	0
TMEM183A	TMEM183A	3	0	0
TMEM184A	TMEM184A	1	0	0
TMEM184A	TMEM184B	0	2	0
TMEM184A	TMEM184C	0	2	0
TMEM184B	TMEM184B	1	0	0
TMEM184B	TMEM184C	0	2	0
TMEM184C	TMEM184C	1	0	0
TMEM185B	TMEM185B	1	0	0
TMEM186	TMEM186	1	0	0
TMEM19	TMEM19	1	0	0
TMEM190	TMEM190	1	0	0
TMEM192	TMEM192	1	0	0
TMEM196	TMEM196	1	0	0
TMEM198	TMEM198	1	0	0
TMEM199	TMEM199	1	0	0
TMEM200A	TMEM200A	1	0	0
TMEM200A	TMEM200B	0	2	0
TMEM200A	TMEM200C	0	2	0
TMEM200B	TMEM200B	1	0	0
TMEM200B	TMEM200C	0	2	0
TMEM200C	TMEM200C	1	0	0
TMEM201	TMEM201	1	0	0
TMEM202	TMEM202	1	0	0
TMEM204	TMEM204	1	0	0
TMEM205	TMEM205	1	0	0
TMEM207	TMEM207	1	0	0
TMEM208	TMEM208	1	0	0
TMEM209	TMEM209	1	0	0
TMEM210	TMEM210	1	0	0
TMEM211	TMEM211	1	0	0
TMEM212	TMEM212	1	0	0
TMEM213	TMEM213	1	0	0
TMEM214	TMEM214	1	0	0
TMEM215	TMEM215	1	0	0
TMEM216	TMEM216	1	0	0
TMEM216	TMEM80	0	2	0
TMEM217	TMEM217	1	0	0
TMEM218	TMEM218	1	0	0
TMEM219	TMEM219	1	0	0
TMEM220	TMEM220	1	0	0
TMEM221	TMEM221	1	0	0
TMEM222	TMEM222	1	0	0
TMEM223	TMEM223	1	0	0
TMEM225	TMEM225	3	0	0
TMEM229A	TMEM229A	1	0	0
TMEM229A	TMEM229B	0	2	0
TMEM229B	TMEM229B	1	0	0
TMEM230	TMEM230	1	0	0
TMEM231	TMEM231	6	0	0
TMEM232	TMEM232	1	0	0
TMEM233	TMEM233	1	0	0
TMEM233	TRARG1	0	2	0
TMEM234	TMEM234	1	0	0
TMEM235	TMEM235	1	0	0
TMEM236	TMEM236	1	0	0
TMEM237	TMEM237	1	0	0
TMEM239	TMEM239	1	0	0
TMEM240	TMEM240	1	0	0
TMEM241	TMEM241	1	0	0
TMEM242	TMEM242	1	0	0
TMEM243	TMEM243	3	0	0
TMEM244	TMEM244	1	0	0
TMEM245	TMEM245	1	0	0
TMEM247	TMEM247	3	0	0
TMEM248	TMEM248	1	0	0
TMEM249	TMEM249	3	0	0
TMEM25	TMEM25	1	0	0
TMEM250	TMEM250	1	0	0
TMEM251	TMEM251	1	0	0
TMEM252	TMEM252	1	0	0
TMEM253	TMEM253	1	0	0
TMEM254	TMEM254	3	0	0
TMEM255B	TMEM255B	1	0	2
TMEM256	TMEM256	1	0	0
TMEM258	TMEM258	1	0	0
TMEM259	TMEM259	1	0	0
TMEM26	TMEM26	1	0	0
TMEM260	TMEM260	1	0	0
TMEM262	TMEM262	1	0	0
TMEM263	TMEM263	1	0	0
TMEM266	TMEM266	3	0	0
TMEM267	TMEM267	1	0	0
TMEM268	TMEM268	1	0	0
TMEM269	TMEM269	1	0	2
TMEM270	TMEM270	1	0	0
TMEM272	TMEM272	1	0	0
TMEM273	TMEM273	1	0	0
TMEM30A	TMEM30A	1	0	0
TMEM30A	TMEM30B	0	2	0
TMEM30B	TMEM30B	1	0	0
TMEM31	TMEM31	1	0	0
TMEM33	TMEM33	1	0	0
TMEM35A	TMEM35A	1	0	0
TMEM35B	TMEM35B	1	0	0
TMEM37	TMEM37	1	0	0
TMEM38A	TMEM38A	1	0	0
TMEM38A	TMEM38B	0	2	0
TMEM38B	TMEM38B	1	0	0
TMEM39A	TMEM39A	1	0	0
TMEM39A	TMEM39B	0	2	0
TMEM39B	TMEM39B	1	0	0
TMEM40	TMEM40	1	0	0
TMEM41A	TMEM41A	1	0	0
TMEM41B	TMEM41B	1	0	0
TMEM42	TMEM42	1	0	0
TMEM43	TMEM43	1	0	0
TMEM44	TMEM44	1	0	0
TMEM45A	TMEM45A	1	0	0
TMEM45A	TMEM45B	0	2	0
TMEM45B	TMEM45B	1	0	0
TMEM50B	TMEM50B	1	0	0
TMEM51	TMEM51	1	0	0
TMEM52	TMEM52	3	0	0
TMEM52B	TMEM52B	1	0	0
TMEM53	TMEM53	1	0	0
TMEM54	TMEM54	1	0	0
TMEM59	TMEM59	1	0	0
TMEM59	TMEM59L	0	2	0
TMEM59L	TMEM59L	1	0	0
TMEM60	TMEM60	3	0	0
TMEM61	TMEM61	1	0	0
TMEM62	TMEM62	1	0	0
TMEM63A	TMEM63A	1	0	0
TMEM63A	TMEM63B	0	2	0
TMEM63A	TMEM63C	0	2	0
TMEM63B	TMEM63B	1	0	0
TMEM63B	TMEM63C	0	2	0
TMEM63C	TMEM63C	1	0	0
TMEM64	TMEM64	3	0	0
TMEM65	TMEM65	1	0	0
TMEM67	TMEM67	1	0	0
TMEM68	TMEM68	1	0	0
TMEM69	TMEM69	1	0	0
TMEM70	TMEM70	3	0	0
TMEM71	TMEM71	1	0	0
TMEM72	TMEM72	1	0	0
TMEM74	TMEM74	1	0	0
TMEM74B	TMEM74B	3	0	0
TMEM79	TMEM79	1	0	0
TMEM80	TMEM80	1	0	0
TMEM81	TMEM81	1	0	0
TMEM82	TMEM82	1	0	0
TMEM86A	TMEM86A	1	0	0
TMEM86A	TMEM86B	0	2	0
TMEM86B	TMEM86B	1	0	0
TMEM87A	TMEM87A	1	0	0
TMEM87A	TMEM87B	0	2	0
TMEM87B	TMEM87B	1	0	0
TMEM88	TMEM88	1	0	0
TMEM88	TMEM88B	0	2	0
TMEM88B	TMEM88B	1	0	0
TMEM89	TMEM89	1	0	0
TMEM8B	TMEM8B	1	0	0
TMEM9	TMEM9	1	0	0
TMEM9	TMEM9B	0	2	0
TMEM91	TMEM91	1	0	0
TMEM92	TMEM92	1	0	0
TMEM94	TMEM94	1	0	0
TMEM95	TMEM95	1	0	0
TMEM97	TMEM97	1	0	0
TMEM98	TMEM98	1	0	0
TMEM9B	TMEM9B	1	0	0
TMF1	TMF1	1	0	0
TMIE	TMIE	1	0	0
TMIGD1	TMIGD1	3	0	0
TMIGD2	TMIGD2	1	0	0
TMIGD3	TMIGD3	0	0	1
TMOD1	TMOD1	1	0	0
TMOD1	TMOD2	0	2	0
TMOD1	TMOD3	0	2	0
TMOD1	TMOD4	0	2	0
TMOD2	TMOD2	1	0	0
TMOD2	TMOD3	0	2	0
TMOD2	TMOD4	0	2	0
TMOD3	TMOD3	1	0	0
TMOD3	TMOD4	0	2	0
TMOD4	TMOD4	1	0	0
TMPRSS11A	TMPRSS11A	1	0	0
TMPRSS11A	TMPRSS11B	0	2	0
TMPRSS11A	TMPRSS11D	0	2	0
TMPRSS11A	TMPRSS11E	0	2	0
TMPRSS11A	TMPRSS11F	0	2	0
TMPRSS11B	TMPRSS11B	1	0	0
TMPRSS11B	TMPRSS11D	0	2	0
TMPRSS11B	TMPRSS11E	0	2	0
TMPRSS11B	TMPRSS11F	0	2	0
TMPRSS11D	TMPRSS11D	1	0	0
TMPRSS11D	TMPRSS11E	0	2	0
TMPRSS11D	TMPRSS11F	0	2	0
TMPRSS11E	TMPRSS11E	1	0	0
TMPRSS11E	TMPRSS11F	0	2	0
TMPRSS11F	TMPRSS11F	1	0	0
TMPRSS12	TMPRSS12	1	0	0
TMPRSS13	TMPRSS13	1	0	0
TMPRSS15	TMPRSS15	1	0	0
TMPRSS15	TMPRSS6	0	2	0
TMPRSS15	TMPRSS7	0	2	0
TMPRSS15	TMPRSS9	0	2	0
TMPRSS2	TMPRSS2	1	0	0
TMPRSS2	TMPRSS3	0	2	0
TMPRSS2	TMPRSS4	0	2	0
TMPRSS3	TMPRSS3	1	0	0
TMPRSS3	TMPRSS4	0	2	0
TMPRSS4	TMPRSS4	1	0	0
TMPRSS6	TMPRSS6	1	0	0
TMPRSS6	TMPRSS7	0	2	0
TMPRSS6	TMPRSS9	0	2	0
TMPRSS7	TMPRSS7	3	0	0
TMPRSS7	TMPRSS9	0	2	0
TMPRSS9	TMPRSS9	1	0	0
TMSB10	TMSB10	1	0	0
TMTC1	TMTC1	1	0	0
TMTC1	TMTC2	0	2	0
TMTC1	TMTC3	0	2	0
TMTC1	TMTC4	0	2	0
TMTC2	TMTC2	3	0	0
TMTC2	TMTC3	0	2	0
TMTC2	TMTC4	0	2	0
TMTC3	TMTC3	1	0	0
TMTC3	TMTC4	0	2	0
TMTC4	TMTC4	1	0	0
TMUB1	TMUB1	3	0	0
TMUB1	TMUB2	0	2	0
TMUB2	TMUB2	1	0	0
TMX1	TMX1	1	0	0
TMX1	TMX4	0	2	0
TMX2	TMX2	6	0	0
TMX3	TMX3	1	0	0
TMX4	TMX4	3	0	0
TNC	TNC	1	0	0
TNC	TNN	0	2	0
TNC	TNR	0	2	0
TNFAIP1	TNFAIP1	1	0	0
TNFAIP2	TNFAIP2	3	0	0
TNFAIP3	TNFAIP3	1	0	0
TNFAIP6	TNFAIP6	1	0	0
TNFAIP8	TNFAIP8	1	0	0
TNFAIP8	TNFAIP8L1	0	2	0
TNFAIP8	TNFAIP8L2	0	2	0
TNFAIP8	TNFAIP8L3	0	2	0
TNFAIP8L1	TNFAIP8L1	1	0	0
TNFAIP8L1	TNFAIP8L2	0	2	0
TNFAIP8L1	TNFAIP8L3	0	2	0
TNFAIP8L2	TNFAIP8L2	1	0	0
TNFAIP8L2	TNFAIP8L3	0	2	0
TNFAIP8L3	TNFAIP8L3	1	0	0
TNFRSF10A	TNFRSF10A	1	0	0
TNFRSF10A	TNFRSF10B	0	2	0
TNFRSF10B	TNFRSF10B	1	0	0
TNFRSF10C	TNFRSF10C	1	0	0
TNFRSF11A	TNFRSF11A	3	0	0
TNFRSF11B	TNFRSF11B	1	0	0
TNFRSF12A	TNFRSF12A	1	0	0
TNFRSF13B	TNFRSF13B	3	0	0
TNFRSF13C	TNFRSF13C	1	0	0
TNFRSF14	TNFRSF14	1	0	0
TNFRSF14	TNFRSF1B	0	2	0
TNFRSF14	TNFRSF8	0	2	0
TNFRSF17	TNFRSF17	1	0	0
TNFRSF18	TNFRSF18	1	0	0
TNFRSF19	TNFRSF19	3	0	0
TNFRSF1A	TNFRSF1A	1	0	0
TNFRSF1B	TNFRSF1B	1	0	0
TNFRSF1B	TNFRSF8	0	2	0
TNFRSF21	TNFRSF21	1	0	0
TNFRSF25	TNFRSF25	1	0	0
TNFRSF4	TNFRSF4	1	0	0
TNFRSF8	TNFRSF8	1	0	0
TNFRSF9	TNFRSF9	1	0	0
TNFSF10	TNFSF10	1	0	0
TNFSF11	TNFSF11	6	0	0
TNFSF12	TNFSF12	3	0	0
TNFSF13	TNFSF13	3	0	0
TNFSF13	TNFSF13B	0	2	0
TNFSF13B	TNFSF13B	1	0	0
TNFSF14	TNFSF14	1	0	0
TNFSF15	TNFSF15	1	0	0
TNFSF18	TNFSF18	3	0	0
TNFSF4	TNFSF4	1	0	0
TNFSF8	TNFSF8	1	0	0
TNFSF9	TNFSF9	1	0	0
TNIK	TNIK	1	0	0
TNIP1	TNIP1	1	0	0
TNIP1	TNIP3	0	2	0
TNIP2	TNIP2	1	0	0
TNIP3	TNIP3	1	0	0
TNK1	TNK1	1	0	0
TNK2	TNK2	1	0	0
TNKS	TNKS	1	0	0
TNKS	TNKS2	0	2	0
TNKS1BP1	TNKS1BP1	1	0	0
TNKS2	TNKS2	1	0	0
TNMD	TNMD	1	0	0
TNN	TNN	1	0	0
TNN	TNR	0	2	0
TNNC1	TNNC1	0	0	1
TNNC2	TNNC2	0	0	1
TNNI1	TNNI1	1	0	0
TNNI1	TNNI2	0	2	0
TNNI1	TNNI3	0	2	0
TNNI2	TNNI2	3	0	0
TNNI2	TNNI3	0	2	0
TNNI3	TNNI3	1	0	0
TNNI3K	TNNI3K	1	0	0
TNNT1	TNNT1	1	0	0
TNNT1	TNNT2	0	2	0
TNNT2	TNNT2	1	0	0
TNP1	TNP1	1	0	0
TNP2	TNP2	1	0	0
TNPO1	TNPO1	1	0	0
TNPO1	TNPO2	0	2	0
TNPO2	TNPO2	1	0	0
TNPO3	TNPO3	1	0	0
TNR	TNR	1	0	0
TNRC18	TNRC18	1	0	0
TNRC6A	TNRC6A	1	0	0
TNRC6A	TNRC6B	0	2	0
TNRC6A	TNRC6C	0	2	0
TNRC6B	TNRC6B	1	0	0
TNRC6B	TNRC6C	0	2	0
TNRC6C	TNRC6C	1	0	0
TNS1	TNS1	1	0	0
TNS1	TNS2	0	2	0
TNS1	TNS3	0	2	0
TNS1	TNS4	0	2	0
TNS2	TNS2	1	0	0
TNS2	TNS3	0	2	0
TNS2	TNS4	0	2	0
TNS3	TNS3	3	0	0
TNS3	TNS4	0	2	0
TNS4	TNS4	1	0	0
TOB1	TOB1	1	0	0
TOE1	TOE1	1	0	0
TOGARAM1	TOGARAM1	1	0	0
TOGARAM2	TOGARAM2	1	0	0
TOLLIP	TOLLIP	1	0	0
TOM1	TOM1	1	0	0
TOM1	TOM1L1	0	2	0
TOM1	TOM1L2	0	2	0
TOM1L1	TOM1L1	1	0	0
TOM1L1	TOM1L2	0	2	0
TOM1L2	TOM1L2	1	0	0
TOMM20	TOMM20	6	0	0
TOMM20	TOMM20L	0	6	0
TOMM20L	TOMM20L	3	0	0
TOMM22	TOMM22	3	0	0
TOMM34	TOMM34	3	0	0
TOMM40	TOMM40	6	0	0
TOMM40	TOMM40L	0	2	0
TOMM40L	TOMM40L	1	0	0
TOMM5	TOMM5	1	0	0
TOMM6	TOMM6	3	0	0
TOMM7	TOMM7	3	0	0
TOMM70	TOMM70	1	0	0
TOP1	TOP1	3	0	0
TOP2A	TOP2A	3	0	0
TOP2A	TOP2B	0	2	0
TOP2B	TOP2B	3	0	0
TOP3A	TOP3A	1	0	0
TOP3A	TOP3B	0	2	0
TOP3B	TOP3B	1	0	0
TOPAZ1	TOPAZ1	1	0	0
TOPBP1	TOPBP1	1	0	0
TOPORS	TOPORS	1	0	0
TOR1A	TOR1A	1	0	0
TOR1A	TOR1B	0	2	0
TOR1A	TOR3A	0	2	0
TOR1AIP1	TOR1AIP1	1	0	0
TOR1B	TOR1B	1	0	0
TOR1B	TOR3A	0	2	0
TOR3A	TOR3A	3	0	0
TOR4A	TOR4A	1	0	0
TOX	TOX	1	0	0
TOX	TOX2	0	2	0
TOX	TOX3	0	2	0
TOX2	TOX2	1	0	0
TOX2	TOX3	0	2	0
TOX3	TOX3	1	0	0
TOX4	TOX4	1	0	0
TP53	TP53	1	0	0
TP53AIP1	TP53AIP1	1	0	0
TP53BP1	TP53BP1	1	0	0
TP53BP2	TP53BP2	1	0	0
TP53I11	TP53I11	1	0	0
TP53I13	TP53I13	1	0	0
TP53I3	TP53I3	0	0	1
TP53INP1	TP53INP1	1	0	0
TP53INP1	TP53INP2	0	2	0
TP53INP2	TP53INP2	1	0	0
TP53RK	TP53RK	1	0	0
TP53TG5	TP53TG5	1	0	0
TP63	TP63	1	0	0
TP63	TP73	0	2	0
TP73	TP73	1	0	0
TPBG	TPBG	1	0	0
TPCN1	TPCN1	1	0	0
TPCN2	TPCN2	1	0	0
TPD52	TPD52	1	0	0
TPD52	TPD52L1	0	2	0
TPD52	TPD52L3	0	2	0
TPD52L1	TPD52L1	1	0	0
TPD52L1	TPD52L3	0	2	0
TPD52L3	TPD52L3	3	0	0
TPGS1	TPGS1	1	0	0
TPGS2	TPGS2	1	0	0
TPH1	TPH1	1	0	0
TPH1	TPH2	0	2	0
TPH2	TPH2	3	0	0
TPI1	TPI1	1	0	0
TPK1	TPK1	1	0	0
TPM1	TPM1	0	0	1
TPM2	TPM2	0	0	1
TPM3	TPM3	0	0	1
TPM4	TPM4	0	0	1
TPMT	TPMT	1	0	0
TPP1	TPP1	1	0	0
TPP2	TPP2	1	0	0
TPPP	TPPP	1	0	0
TPPP	TPPP3	0	2	0
TPPP3	TPPP3	1	0	0
TPR	TPR	3	0	0
TPRA1	TPRA1	1	0	0
TPRG1	TPRG1	1	0	0
TPRKB	TPRKB	1	0	0
TPRN	TPRN	1	0	0
TPRX1	TPRX1	1	0	0
TPSG1	TPSG1	1	0	0
TPST2	TPST2	1	0	0
TPTE2	TPTE2	1	0	0
TPX2	TPX2	1	0	0
TRA2A	TRA2A	1	0	0
TRA2A	TRA2B	0	2	0
TRA2B	TRA2B	1	0	0
TRABD	TRABD	3	0	0
TRABD2A	TRABD2A	1	0	0
TRABD2A	TRABD2B	0	2	0
TRABD2B	TRABD2B	1	0	0
TRADD	TRADD	1	0	0
TRAF1	TRAF1	1	0	0
TRAF1	TRAF2	0	2	0
TRAF1	TRAF3	0	2	0
TRAF1	TRAF4	0	2	0
TRAF1	TRAF5	0	2	0
TRAF2	TRAF2	1	0	0
TRAF2	TRAF3	0	2	0
TRAF2	TRAF4	0	2	0
TRAF2	TRAF5	0	2	0
TRAF3	TRAF3	1	0	0
TRAF3	TRAF4	0	2	0
TRAF3	TRAF5	0	2	0
TRAF3IP1	TRAF3IP1	1	0	0
TRAF3IP2	TRAF3IP2	1	0	0
TRAF3IP3	TRAF3IP3	1	0	0
TRAF4	TRAF4	1	0	0
TRAF4	TRAF5	0	2	0
TRAF5	TRAF5	1	0	0
TRAF6	TRAF6	1	0	2
TRAF7	TRAF7	1	0	0
TRAFD1	TRAFD1	1	0	0
TRAIP	TRAIP	1	0	0
TRAK1	TRAK1	1	0	0
TRAK1	TRAK2	0	2	0
TRAK2	TRAK2	1	0	0
TRAM1	TRAM1	6	0	0
TRAM1	TRAM1L1	0	6	0
TRAM1	TRAM2	0	12	0
TRAM1L1	TRAM1L1	3	0	0
TRAM1L1	TRAM2	0	6	0
TRAM2	TRAM2	6	0	0
TRANK1	TRANK1	1	0	0
TRAP1	TRAP1	1	0	0
TRAPPC1	TRAPPC1	1	0	0
TRAPPC10	TRAPPC10	1	0	0
TRAPPC11	TRAPPC11	1	0	0
TRAPPC12	TRAPPC12	1	0	0
TRAPPC13	TRAPPC13	1	0	0
TRAPPC14	TRAPPC14	1	0	0
TRAPPC2L	TRAPPC2L	1	0	0
TRAPPC3	TRAPPC3	1	0	0
TRAPPC3	TRAPPC3L	0	2	0
TRAPPC3L	TRAPPC3L	1	0	0
TRAPPC4	TRAPPC4	1	0	0
TRAPPC6A	TRAPPC6A	1	0	0
TRAPPC6A	TRAPPC6B	0	2	0
TRAPPC6B	TRAPPC6B	1	0	0
TRAPPC8	TRAPPC8	1	0	0
TRAPPC9	TRAPPC9	1	0	0
TRARG1	TRARG1	1	0	0
TRAT1	TRAT1	1	0	0
TRDMT1	TRDMT1	1	0	0
TRDN	TRDN	1	0	0
TREH	TREH	1	0	0
TREM2	TREM2	1	0	0
TREM2	TREML1	0	2	0
TREML1	TREML1	1	0	0
TREML2	TREML2	1	0	0
TREML4	TREML4	1	0	0
TRERF1	TRERF1	1	0	0
TREX1	TREX1	1	0	0
TREX1	TREX2	0	1	0
TREX2	TREX2	0	0	1
TRH	TRH	1	0	0
TRHDE	TRHDE	0	0	1
TRHR	TRHR	1	0	0
TRIAP1	TRIAP1	1	0	0
TRIB1	TRIB1	1	0	0
TRIB1	TRIB2	0	2	0
TRIB1	TRIB3	0	2	0
TRIB2	TRIB2	1	0	0
TRIB2	TRIB3	0	2	0
TRIB3	TRIB3	1	0	0
TRIL	TRIL	1	0	0
TRIM10	TRIM10	0	0	1
TRIM11	TRIM11	0	0	1
TRIM13	TRIM13	1	0	0
TRIM14	TRIM14	1	0	0
TRIM14	TRIM65	0	2	0
TRIM15	TRIM15	0	0	1
TRIM17	TRIM17	0	0	1
TRIM2	TRIM2	1	0	0
TRIM2	TRIM3	0	2	0
TRIM21	TRIM21	0	0	1
TRIM22	TRIM22	0	0	3
TRIM23	TRIM23	1	0	0
TRIM24	TRIM24	1	0	0
TRIM25	TRIM25	0	0	1
TRIM26	TRIM26	0	0	1
TRIM27	TRIM27	0	0	1
TRIM28	TRIM28	1	0	0
TRIM28	TRIM33	0	2	0
TRIM29	TRIM29	1	0	0
TRIM3	TRIM3	1	0	0
TRIM31	TRIM31	0	0	1
TRIM32	TRIM32	1	0	0
TRIM33	TRIM33	1	0	0
TRIM35	TRIM35	0	0	1
TRIM36	TRIM36	1	0	0
TRIM36	TRIM46	0	2	0
TRIM37	TRIM37	1	0	0
TRIM38	TRIM38	0	0	1
TRIM39	TRIM39	0	0	1
TRIM4	TRIM4	0	0	1
TRIM40	TRIM40	3	0	0
TRIM41	TRIM41	1	0	0
TRIM41	TRIM52	0	2	0
TRIM42	TRIM42	1	0	0
TRIM44	TRIM44	1	0	0
TRIM45	TRIM45	1	0	0
TRIM46	TRIM46	1	0	0
TRIM47	TRIM47	1	0	0
TRIM49B	TRIM49B	0	0	1
TRIM5	TRIM5	0	0	1
TRIM50	TRIM50	0	0	1
TRIM52	TRIM52	3	0	0
TRIM54	TRIM54	1	0	0
TRIM54	TRIM55	0	2	0
TRIM54	TRIM63	0	2	0
TRIM55	TRIM55	1	0	0
TRIM55	TRIM63	0	2	0
TRIM56	TRIM56	1	0	0
TRIM58	TRIM58	0	0	1
TRIM6	TRIM6	0	0	1
TRIM60	TRIM60	0	0	1
TRIM62	TRIM62	0	0	1
TRIM63	TRIM63	1	0	0
TRIM64C	TRIM64C	0	0	1
TRIM65	TRIM65	1	0	0
TRIM67	TRIM67	3	0	0
TRIM67	TRIM9	0	2	0
TRIM68	TRIM68	0	0	1
TRIM69	TRIM69	0	0	1
TRIM7	TRIM7	0	0	1
TRIM71	TRIM71	1	0	0
TRIM72	TRIM72	0	0	1
TRIM8	TRIM8	1	0	0
TRIM9	TRIM9	1	0	0
TRIML1	TRIML1	0	0	1
TRIML2	TRIML2	1	0	0
TRIO	TRIO	1	0	0
TRIOBP	TRIOBP	1	0	0
TRIP10	TRIP10	1	0	0
TRIP11	TRIP11	3	0	0
TRIP12	TRIP12	1	0	0
TRIP13	TRIP13	1	0	0
TRIP4	TRIP4	1	0	0
TRIP6	TRIP6	3	0	0
TRIP6	WTIP	0	2	0
TRIP6	ZYX	0	6	0
TRIQK	TRIQK	1	0	0
TRIR	TRIR	1	0	0
TRIT1	TRIT1	1	0	0
TRMO	TRMO	1	0	0
TRMT1	TRMT1	1	0	0
TRMT10A	TRMT10A	1	0	0
TRMT10A	TRMT10B	0	2	0
TRMT10B	TRMT10B	1	0	0
TRMT10C	TRMT10C	1	0	0
TRMT11	TRMT11	1	0	0
TRMT13	TRMT13	3	0	0
TRMT1L	TRMT1L	1	0	0
TRMT2A	TRMT2A	1	0	0
TRMT2B	TRMT2B	1	0	0
TRMT44	TRMT44	3	0	0
TRMT5	TRMT5	1	0	0
TRMT6	TRMT6	3	0	0
TRMT61A	TRMT61A	1	0	0
TRMT61B	TRMT61B	1	0	0
TRMT9B	TRMT9B	3	0	0
TRMU	TRMU	1	0	0
TRNAU1AP	TRNAU1AP	3	0	0
TRNP1	TRNP1	1	0	0
TRNT1	TRNT1	1	0	0
TROAP	TROAP	1	0	0
TRPA1	TRPA1	1	0	0
TRPC1	TRPC1	1	0	0
TRPC1	TRPC3	0	2	0
TRPC1	TRPC6	0	2	0
TRPC1	TRPC7	0	2	0
TRPC3	TRPC3	1	0	0
TRPC3	TRPC6	0	2	0
TRPC3	TRPC7	0	2	0
TRPC4	TRPC4	1	0	0
TRPC4	TRPC5	0	2	0
TRPC4AP	TRPC4AP	1	0	0
TRPC5	TRPC5	1	0	0
TRPC6	TRPC6	1	0	0
TRPC6	TRPC7	0	2	0
TRPC7	TRPC7	1	0	0
TRPM1	TRPM1	1	0	0
TRPM1	TRPM3	0	2	0
TRPM2	TRPM2	1	0	0
TRPM3	TRPM3	1	0	0
TRPM4	TRPM4	1	0	0
TRPM4	TRPM5	0	2	0
TRPM4	TRPM8	0	2	0
TRPM5	TRPM5	1	0	0
TRPM5	TRPM8	0	2	0
TRPM6	TRPM6	1	0	0
TRPM6	TRPM7	0	2	0
TRPM7	TRPM7	1	0	0
TRPM8	TRPM8	1	0	0
TRPS1	TRPS1	1	0	0
TRPT1	TRPT1	1	0	0
TRPV1	TRPV1	1	0	0
TRPV1	TRPV2	0	2	0
TRPV1	TRPV3	0	2	0
TRPV1	TRPV4	0	2	0
TRPV1	TRPV5	0	2	0
TRPV1	TRPV6	0	2	0
TRPV2	TRPV2	1	0	0
TRPV2	TRPV3	0	2	0
TRPV2	TRPV4	0	2	0
TRPV2	TRPV5	0	2	0
TRPV2	TRPV6	0	2	0
TRPV3	TRPV3	1	0	0
TRPV3	TRPV4	0	2	0
TRPV3	TRPV5	0	2	0
TRPV3	TRPV6	0	2	0
TRPV4	TRPV4	1	0	0
TRPV4	TRPV5	0	2	0
TRPV4	TRPV6	0	2	0
TRPV5	TRPV5	1	0	0
TRPV5	TRPV6	0	2	0
TRPV6	TRPV6	1	0	0
TRRAP	TRRAP	1	0	0
TRUB1	TRUB1	1	0	0
TRUB2	TRUB2	1	0	0
TSBP1	TSBP1	1	0	0
TSC1	TSC1	1	0	0
TSC2	TSC2	1	0	0
TSC22D1	TSC22D1	1	0	0
TSC22D1	TSC22D3	0	2	0
TSC22D2	TSC22D2	1	0	0
TSC22D3	TSC22D3	3	0	0
TSC22D4	TSC22D4	1	0	0
TSEN15	TSEN15	1	0	0
TSEN2	TSEN2	1	0	0
TSEN34	TSEN34	1	0	0
TSEN54	TSEN54	1	0	0
TSFM	TSFM	1	0	0
TSG101	TSG101	1	0	0
TSGA10	TSGA10	1	0	0
TSGA13	TSGA13	1	0	0
TSHB	TSHB	1	0	0
TSHR	TSHR	1	0	0
TSHZ1	TSHZ1	3	0	0
TSHZ1	TSHZ2	0	2	0
TSHZ1	TSHZ3	0	2	0
TSHZ2	TSHZ2	1	0	0
TSHZ2	TSHZ3	0	2	0
TSHZ3	TSHZ3	1	0	0
TSKS	TSKS	1	0	0
TSKU	TSKU	6	0	0
TSLP	TSLP	3	0	0
TSN	TSN	1	0	0
TSNARE1	TSNARE1	1	0	0
TSNAX	TSNAX	1	0	0
TSNAXIP1	TSNAXIP1	1	0	0
TSPAN1	TSPAN1	0	0	1
TSPAN10	TSPAN10	3	0	0
TSPAN10	TSPAN14	0	2	0
TSPAN10	TSPAN15	0	2	0
TSPAN10	TSPAN17	0	2	0
TSPAN10	TSPAN33	0	2	0
TSPAN10	TSPAN5	0	2	0
TSPAN11	TSPAN11	0	0	1
TSPAN12	TSPAN12	1	0	0
TSPAN13	TSPAN13	1	0	0
TSPAN13	TSPAN31	0	2	0
TSPAN14	TSPAN14	1	0	0
TSPAN14	TSPAN15	0	2	0
TSPAN14	TSPAN17	0	2	0
TSPAN14	TSPAN33	0	2	0
TSPAN14	TSPAN5	0	2	0
TSPAN15	TSPAN15	1	0	0
TSPAN15	TSPAN17	0	2	0
TSPAN15	TSPAN33	0	2	0
TSPAN15	TSPAN5	0	2	0
TSPAN16	TSPAN16	1	0	0
TSPAN17	TSPAN17	1	0	0
TSPAN17	TSPAN33	0	2	0
TSPAN17	TSPAN5	0	2	0
TSPAN18	TSPAN18	0	0	1
TSPAN19	TSPAN19	1	0	0
TSPAN2	TSPAN2	0	0	1
TSPAN3	TSPAN3	1	0	0
TSPAN3	TSPAN6	0	2	0
TSPAN31	TSPAN31	1	0	0
TSPAN33	TSPAN33	1	0	0
TSPAN33	TSPAN5	0	2	0
TSPAN4	TSPAN4	0	0	3
TSPAN5	TSPAN5	1	0	0
TSPAN6	TSPAN6	1	0	0
TSPAN8	TSPAN8	0	0	1
TSPAN9	TSPAN9	0	0	1
TSPEAR	TSPEAR	3	0	0
TSPO	TSPO	3	0	0
TSPO	TSPO2	0	2	0
TSPO2	TSPO2	3	0	0
TSPOAP1	TSPOAP1	3	0	0
TSPYL1	TSPYL1	3	0	0
TSPYL1	TSPYL4	0	2	0
TSPYL1	TSPYL5	0	2	0
TSPYL1	TSPYL6	0	2	0
TSPYL4	TSPYL4	1	0	0
TSPYL4	TSPYL5	0	2	0
TSPYL4	TSPYL6	0	2	0
TSPYL5	TSPYL5	3	0	0
TSPYL5	TSPYL6	0	2	0
TSPYL6	TSPYL6	1	0	0
TSR1	TSR1	1	0	0
TSR3	TSR3	1	0	0
TSSC4	TSSC4	3	0	0
TSSK2	TSSK2	0	0	1
TSSK3	TSSK3	0	0	3
TSSK4	TSSK4	1	0	0
TST	TST	1	0	0
TSTD1	TSTD1	1	0	0
TSTD2	TSTD2	1	0	0
TSTD3	TSTD3	1	0	0
TTBK1	TTBK1	1	0	2
TTBK1	TTBK2	0	2	0
TTBK2	TTBK2	1	0	0
TTC1	TTC1	1	0	0
TTC12	TTC12	1	0	0
TTC13	TTC13	1	0	0
TTC14	TTC14	3	0	0
TTC16	TTC16	1	0	0
TTC17	TTC17	1	0	0
TTC19	TTC19	1	0	0
TTC21A	TTC21A	1	0	0
TTC21A	TTC21B	0	2	0
TTC21B	TTC21B	1	0	0
TTC22	TTC22	3	0	0
TTC23	TTC23	1	0	0
TTC23	TTC23L	0	2	0
TTC23L	TTC23L	1	0	0
TTC24	TTC24	1	0	0
TTC26	TTC26	1	0	0
TTC27	TTC27	1	0	0
TTC28	TTC28	1	0	0
TTC29	TTC29	1	0	0
TTC3	TTC3	1	0	0
TTC30A	TTC30A	1	0	0
TTC30A	TTC30B	0	2	0
TTC30B	TTC30B	1	0	0
TTC31	TTC31	1	0	0
TTC32	TTC32	1	0	0
TTC33	TTC33	1	0	0
TTC34	TTC34	3	0	0
TTC36	TTC36	1	0	0
TTC37	TTC37	1	0	0
TTC38	TTC38	1	0	0
TTC39A	TTC39A	1	0	0
TTC39A	TTC39B	0	2	0
TTC39A	TTC39C	0	2	0
TTC39B	TTC39B	1	0	0
TTC39B	TTC39C	0	2	0
TTC39C	TTC39C	1	0	0
TTC4	TTC4	1	0	0
TTC5	TTC5	1	0	0
TTC6	TTC6	1	0	0
TTC7A	TTC7A	1	0	0
TTC7A	TTC7B	0	2	0
TTC7B	TTC7B	1	0	0
TTC8	TTC8	3	0	0
TTC9	TTC9	3	0	0
TTC9	TTC9B	0	2	0
TTC9	TTC9C	0	2	0
TTC9B	TTC9B	1	0	0
TTC9B	TTC9C	0	2	0
TTC9C	TTC9C	1	0	0
TTF1	TTF1	1	0	0
TTF2	TTF2	1	0	0
TTI1	TTI1	1	0	0
TTI2	TTI2	1	0	0
TTK	TTK	1	0	0
TTL	TTL	1	0	0
TTLL1	TTLL1	1	0	0
TTLL1	TTLL10	0	2	0
TTLL1	TTLL9	0	2	0
TTLL10	TTLL10	1	0	0
TTLL10	TTLL9	0	2	0
TTLL11	TTLL11	1	0	0
TTLL12	TTLL12	1	0	0
TTLL2	TTLL2	1	0	0
TTLL3	TTLL3	1	0	0
TTLL3	TTLL8	0	2	0
TTLL4	TTLL4	1	0	0
TTLL5	TTLL5	1	0	0
TTLL6	TTLL6	1	0	0
TTLL7	TTLL7	1	0	0
TTLL8	TTLL8	3	0	0
TTLL9	TTLL9	1	0	0
TTN	TTN	3	0	0
TTPA	TTPA	1	0	0
TTPA	TTPAL	0	2	0
TTPAL	TTPAL	1	0	0
TTR	TTR	1	0	0
TTYH1	TTYH1	1	0	0
TTYH1	TTYH2	0	2	0
TTYH1	TTYH3	0	2	0
TTYH2	TTYH2	1	0	0
TTYH2	TTYH3	0	2	0
TTYH3	TTYH3	1	0	0
TUB	TUB	1	0	0
TUB	TULP1	0	2	0
TUB	TULP2	0	2	0
TUB	TULP3	0	2	0
TUBA1A	TUBA1A	0	0	1
TUBA1C	TUBA1C	0	0	1
TUBA3C	TUBA3C	0	0	1
TUBA4A	TUBA4A	0	0	1
TUBAL3	TUBAL3	0	0	1
TUBB	TUBB	0	0	1
TUBB1	TUBB1	0	0	1
TUBB2A	TUBB2A	0	0	1
TUBB3	TUBB3	0	0	1
TUBB4A	TUBB4A	0	0	1
TUBB4B	TUBB4B	0	0	1
TUBB6	TUBB6	0	0	1
TUBB8	TUBB8	0	0	1
TUBD1	TUBD1	1	0	0
TUBE1	TUBE1	0	0	1
TUBG1	TUBG1	0	0	1
TUBG2	TUBG2	0	0	3
TUBGCP2	TUBGCP2	3	0	0
TUBGCP3	TUBGCP3	1	0	0
TUBGCP4	TUBGCP4	1	0	0
TUBGCP6	TUBGCP6	1	0	0
TUFM	TUFM	0	0	3
TUFT1	TUFT1	1	0	0
TULP1	TULP1	1	0	0
TULP1	TULP2	0	2	0
TULP1	TULP3	0	2	0
TULP2	TULP2	1	0	0
TULP2	TULP3	0	2	0
TULP3	TULP3	1	0	0
TULP4	TULP4	1	0	0
TUSC3	TUSC3	3	0	0
TUT1	TUT1	3	0	0
TUT4	TUT4	1	0	0
TUT7	TUT7	1	0	0
TVP23A	TVP23A	1	0	0
TWF1	TWF1	1	0	0
TWF1	TWF2	0	2	0
TWF2	TWF2	1	0	0
TWIST1	TWIST1	1	0	0
TWNK	TWNK	1	0	0
TWSG1	TWSG1	1	0	0
TXK	TXK	0	0	1
TXLNA	TXLNA	1	0	0
TXLNA	TXLNG	0	2	0
TXLNB	TXLNB	1	0	0
TXLNG	TXLNG	1	0	0
TXN	TXN	0	0	1
TXN2	TXN2	0	0	1
TXNDC11	TXNDC11	1	0	0
TXNDC12	TXNDC12	1	0	0
TXNDC15	TXNDC15	1	0	0
TXNDC16	TXNDC16	1	0	0
TXNDC17	TXNDC17	1	0	0
TXNDC2	TXNDC2	0	0	3
TXNDC5	TXNDC5	1	0	0
TXNDC8	TXNDC8	0	0	1
TXNDC9	TXNDC9	1	0	0
TXNL1	TXNL1	1	0	0
TXNL4A	TXNL4A	1	0	0
TXNL4A	TXNL4B	0	2	0
TXNL4B	TXNL4B	1	0	0
TXNRD1	TXNRD1	0	0	1
TXNRD2	TXNRD2	0	0	1
TXNRD3	TXNRD3	0	0	1
TYK2	TYK2	1	0	0
TYMP	TYMP	1	0	0
TYMS	TYMS	1	0	0
TYR	TYR	1	0	0
TYR	TYRP1	0	2	0
TYRO3	TYRO3	1	0	0
TYROBP	TYROBP	1	0	0
TYRP1	TYRP1	1	0	0
TYSND1	TYSND1	3	0	0
TYW1B	TYW1B	1	0	0
TYW3	TYW3	1	0	0
TYW5	TYW5	1	0	0
U2AF1L4	U2AF1L4	3	0	0
U2AF2	U2AF2	1	0	0
U2SURP	U2SURP	1	0	0
UACA	UACA	1	0	0
UAP1	UAP1	1	0	0
UAP1	UAP1L1	0	2	0
UAP1L1	UAP1L1	1	0	0
UBA2	UBA2	1	0	0
UBA3	UBA3	1	0	0
UBA5	UBA5	1	0	0
UBA6	UBA6	1	0	0
UBA6	UBA7	0	2	0
UBA7	UBA7	1	0	0
UBAC1	UBAC1	1	0	0
UBAC2	UBAC2	1	0	0
UBALD1	UBALD1	1	0	0
UBALD1	UBALD2	0	2	0
UBALD2	UBALD2	1	0	0
UBAP1	UBAP1	1	0	0
UBAP1L	UBAP1L	1	0	0
UBAP2	UBAP2	1	0	0
UBAP2	UBAP2L	0	2	0
UBAP2L	UBAP2L	1	0	0
UBASH3A	UBASH3A	3	0	0
UBASH3A	UBASH3B	0	2	0
UBASH3B	UBASH3B	1	0	0
UBD	UBD	1	0	0
UBE2A	UBE2A	0	0	1
UBE2B	UBE2B	0	0	3
UBE2D1	UBE2D1	0	0	1
UBE2D2	UBE2D2	0	0	1
UBE2D3	UBE2D3	0	0	1
UBE2E1	UBE2E1	0	0	3
UBE2E2	UBE2E2	0	0	1
UBE2E3	UBE2E3	0	0	6
UBE2F	UBE2F	6	0	0
UBE2F	UBE2M	0	2	0
UBE2G1	UBE2G1	1	0	0
UBE2G1	UBE2G2	0	2	0
UBE2G1	UBE2R2	0	2	0
UBE2G2	UBE2G2	1	0	0
UBE2G2	UBE2R2	0	2	0
UBE2H	UBE2H	1	0	0
UBE2I	UBE2I	3	0	0
UBE2J1	UBE2J1	0	0	1
UBE2J1	UBE2J2	0	1	0
UBE2J2	UBE2J2	1	0	0
UBE2K	UBE2K	0	0	1
UBE2L3	UBE2L3	0	0	3
UBE2L6	UBE2L6	0	0	1
UBE2M	UBE2M	1	0	0
UBE2N	UBE2N	0	0	1
UBE2O	UBE2O	1	0	0
UBE2Q1	UBE2Q1	1	0	0
UBE2Q1	UBE2Q2	0	2	0
UBE2Q1	UBE2QL1	0	2	0
UBE2Q2	UBE2Q2	1	0	0
UBE2Q2	UBE2QL1	0	2	0
UBE2QL1	UBE2QL1	1	0	0
UBE2R2	UBE2R2	1	0	0
UBE2S	UBE2S	1	0	0
UBE2T	UBE2T	0	0	1
UBE2U	UBE2U	1	0	0
UBE2V1	UBE2V1	1	0	0
UBE2V2	UBE2V2	1	0	0
UBE2W	UBE2W	1	0	0
UBE2Z	UBE2Z	1	0	0
UBE3A	UBE3A	0	0	1
UBE3B	UBE3B	0	0	1
UBE3C	UBE3C	0	0	1
UBE3D	UBE3D	1	0	0
UBE4A	UBE4A	1	0	0
UBE4B	UBE4B	1	0	0
UBFD1	UBFD1	1	0	0
UBIAD1	UBIAD1	1	0	0
UBL3	UBL3	1	0	0
UBL4A	UBL4A	1	0	0
UBL4A	UBL4B	0	2	0
UBL4B	UBL4B	1	0	0
UBL5	UBL5	1	0	0
UBL7	UBL7	1	0	0
UBLCP1	UBLCP1	1	0	0
UBN1	UBN1	1	0	0
UBN1	UBN2	0	2	0
UBN2	UBN2	1	0	0
UBOX5	UBOX5	1	0	0
UBP1	UBP1	6	0	0
UBQLN1	UBQLN1	1	0	0
UBQLN1	UBQLN2	0	2	0
UBQLN1	UBQLN3	0	2	0
UBQLN1	UBQLN4	0	2	0
UBQLN2	UBQLN2	1	0	0
UBQLN2	UBQLN3	0	2	0
UBQLN2	UBQLN4	0	2	0
UBQLN3	UBQLN3	3	0	0
UBQLN3	UBQLN4	0	6	0
UBQLN4	UBQLN4	3	0	0
UBR1	UBR1	1	0	0
UBR1	UBR2	0	2	0
UBR2	UBR2	1	0	0
UBR3	UBR3	3	0	0
UBR4	UBR4	1	0	0
UBR5	UBR5	1	0	0
UBR7	UBR7	3	0	0
UBTD1	UBTD1	1	0	0
UBTD1	UBTD2	0	2	0
UBTD2	UBTD2	1	0	0
UBXN1	UBXN1	1	0	0
UBXN1	UBXN4	0	2	0
UBXN10	UBXN10	1	0	0
UBXN11	UBXN11	1	0	0
UBXN2A	UBXN2A	1	0	0
UBXN2A	UBXN2B	0	2	0
UBXN2B	UBXN2B	1	0	0
UBXN4	UBXN4	1	0	0
UBXN6	UBXN6	1	0	0
UBXN7	UBXN7	1	0	0
UBXN8	UBXN8	1	0	0
UCHL1	UCHL1	3	0	0
UCHL5	UCHL5	1	0	0
UCK1	UCK1	1	0	0
UCK1	UCK2	0	2	0
UCK2	UCK2	3	0	0
UCKL1	UCKL1	1	0	0
UCMA	UCMA	1	0	0
UCN	UCN	1	0	0
UCN3	UCN3	1	0	0
UCP1	UCP1	0	0	1
UCP2	UCP2	0	0	1
UCP3	UCP3	0	0	1
UEVLD	UEVLD	1	0	0
UFC1	UFC1	1	0	0
UFD1	UFD1	1	0	0
UFL1	UFL1	1	0	0
UFM1	UFM1	1	0	0
UFSP1	UFSP1	1	0	0
UFSP2	UFSP2	3	0	0
UGCG	UGCG	1	0	0
UGDH	UGDH	1	0	0
UGGT1	UGGT1	1	0	0
UGGT1	UGGT2	0	2	0
UGGT2	UGGT2	1	0	0
UGP2	UGP2	1	0	0
UGT2A3	UGT2A3	0	0	1
UGT2B4	UGT2B4	0	0	1
UGT2B7	UGT2B7	0	0	1
UGT3A1	UGT3A1	0	0	1
UGT3A2	UGT3A2	0	0	1
UGT8	UGT8	0	0	1
UHMK1	UHMK1	1	0	0
UHRF1	UHRF1	1	0	0
UHRF1	UHRF2	0	2	0
UHRF1BP1	UHRF1BP1	1	0	0
UHRF1BP1	UHRF1BP1L	0	2	0
UHRF1BP1L	UHRF1BP1L	1	0	0
UHRF2	UHRF2	1	0	0
UIMC1	UIMC1	1	0	0
ULBP3	ULBP3	1	0	0
ULK2	ULK2	1	0	0
ULK3	ULK3	0	0	1
ULK4	ULK4	1	0	0
UMOD	UMOD	3	0	0
UMODL1	UMODL1	3	0	0
UMPS	UMPS	1	0	0
UNC119	UNC119	1	0	0
UNC119	UNC119B	0	2	0
UNC119B	UNC119B	1	0	0
UNC13A	UNC13A	1	0	0
UNC13A	UNC13B	0	2	0
UNC13B	UNC13B	3	0	0
UNC13D	UNC13D	1	0	0
UNC45A	UNC45A	1	0	0
UNC45A	UNC45B	0	2	0
UNC45B	UNC45B	1	0	0
UNC50	UNC50	1	0	0
UNC5A	UNC5A	1	0	0
UNC5A	UNC5B	0	2	0
UNC5A	UNC5C	0	2	0
UNC5A	UNC5D	0	2	0
UNC5B	UNC5B	1	0	0
UNC5B	UNC5C	0	2	0
UNC5B	UNC5D	0	2	0
UNC5C	UNC5C	1	0	0
UNC5C	UNC5D	0	2	0
UNC5CL	UNC5CL	1	0	0
UNC5D	UNC5D	1	0	0
UNC79	UNC79	1	0	0
UNC80	UNC80	1	0	0
UNC93A	UNC93A	3	0	0
UNC93A	UNC93B1	0	2	0
UNC93B1	UNC93B1	1	0	0
UNG	UNG	1	0	0
UNK	UNK	1	0	0
UNK	UNKL	0	2	0
UNKL	UNKL	3	0	0
UPB1	UPB1	1	0	0
UPF1	UPF1	1	0	0
UPF2	UPF2	1	0	0
UPF3A	UPF3A	1	0	0
UPF3A	UPF3B	0	2	0
UPF3B	UPF3B	1	0	0
UPK1A	UPK1A	1	0	0
UPK1A	UPK1B	0	2	0
UPK1B	UPK1B	1	0	0
UPK2	UPK2	1	0	0
UPK3A	UPK3A	1	0	0
UPP1	UPP1	1	0	0
UPP1	UPP2	0	2	0
UPP2	UPP2	1	0	0
UPRT	UPRT	1	0	0
UQCC1	UQCC1	1	0	0
UQCC2	UQCC2	1	0	0
UQCC3	UQCC3	1	0	0
UQCR10	UQCR10	1	0	0
UQCRB	UQCRB	1	0	0
UQCRC1	UQCRC1	1	0	0
UQCRC2	UQCRC2	1	0	0
UQCRFS1	UQCRFS1	3	0	0
URAD	URAD	3	0	0
URB1	URB1	6	0	0
URB2	URB2	3	0	0
URGCP	URGCP	1	0	0
URI1	URI1	1	0	0
URM1	URM1	1	0	0
UROC1	UROC1	1	0	0
UROD	UROD	1	0	0
UROS	UROS	1	0	0
USB1	USB1	3	0	0
USE1	USE1	1	0	0
USF1	USF1	3	0	0
USF1	USF2	0	2	0
USF2	USF2	3	0	0
USF3	USF3	6	0	0
USH1C	USH1C	1	0	0
USH1G	USH1G	1	0	0
USH2A	USH2A	1	0	0
USO1	USO1	1	0	0
USP1	USP1	1	0	0
USP10	USP10	1	0	0
USP11	USP11	1	0	0
USP12	USP12	1	0	0
USP12	USP46	0	2	0
USP12	USP50	0	2	0
USP13	USP13	1	0	0
USP13	USP5	0	2	0
USP14	USP14	1	0	0
USP15	USP15	1	0	0
USP15	USP4	0	2	0
USP16	USP16	3	0	0
USP16	USP45	0	2	0
USP18	USP18	1	0	0
USP19	USP19	1	0	0
USP2	USP2	3	0	0
USP2	USP21	0	2	0
USP20	USP20	1	0	0
USP20	USP33	0	2	0
USP21	USP21	3	0	0
USP22	USP22	1	0	0
USP22	USP3	0	2	0
USP24	USP24	1	0	0
USP25	USP25	1	0	0
USP25	USP28	0	2	0
USP26	USP26	1	0	0
USP26	USP37	0	2	0
USP27X	USP27X	1	0	0
USP28	USP28	1	0	0
USP3	USP3	1	0	0
USP30	USP30	6	0	0
USP31	USP31	1	0	0
USP31	USP43	0	2	0
USP32	USP32	1	0	0
USP32	USP6	0	2	0
USP33	USP33	1	0	0
USP34	USP34	1	0	0
USP36	USP36	1	0	0
USP37	USP37	1	0	0
USP38	USP38	1	0	0
USP39	USP39	1	0	0
USP4	USP4	1	0	0
USP40	USP40	1	0	0
USP42	USP42	1	0	0
USP43	USP43	1	0	0
USP44	USP44	1	0	0
USP45	USP45	1	0	0
USP46	USP46	3	0	0
USP46	USP50	0	2	0
USP47	USP47	1	0	0
USP48	USP48	1	0	0
USP5	USP5	1	0	0
USP50	USP50	1	0	0
USP53	USP53	1	0	0
USP54	USP54	1	0	0
USP6	USP6	1	0	0
USP6NL	USP6NL	1	0	0
USP7	USP7	3	0	0
USP8	USP8	1	0	0
USP9X	USP9X	1	0	0
USPL1	USPL1	1	0	0
UST	UST	1	0	0
UTF1	UTF1	1	0	0
UTP11	UTP11	1	0	0
UTP14A	UTP14A	1	0	0
UTP14A	UTP14C	0	2	0
UTP14C	UTP14C	1	0	0
UTP15	UTP15	1	0	0
UTP20	UTP20	1	0	0
UTP23	UTP23	1	0	0
UTP25	UTP25	3	0	0
UTP4	UTP4	1	0	0
UTP6	UTP6	1	0	0
UTRN	UTRN	1	0	0
UTS2	UTS2	1	0	0
UTS2B	UTS2B	1	0	0
UTS2R	UTS2R	1	0	0
UTY	UTY	1	0	0
UVRAG	UVRAG	1	0	0
UVSSA	UVSSA	1	0	0
UXS1	UXS1	1	0	0
UXT	UXT	1	0	0
VAC14	VAC14	1	0	0
VAMP1	VAMP1	1	0	0
VAMP1	VAMP3	0	2	0
VAMP1	VAMP4	0	2	0
VAMP1	VAMP5	0	2	0
VAMP1	VAMP8	0	2	0
VAMP3	VAMP3	1	0	0
VAMP3	VAMP4	0	2	0
VAMP3	VAMP5	0	2	0
VAMP3	VAMP8	0	2	0
VAMP4	VAMP4	1	0	0
VAMP4	VAMP5	0	2	0
VAMP4	VAMP8	0	2	0
VAMP5	VAMP5	1	0	0
VAMP5	VAMP8	0	2	0
VAMP7	VAMP7	1	0	0
VAMP8	VAMP8	1	0	0
VANGL1	VANGL1	1	0	0
VANGL1	VANGL2	0	2	0
VANGL2	VANGL2	1	0	0
VAPA	VAPA	1	0	0
VAPA	VAPB	0	2	0
VAPB	VAPB	1	0	0
VARS1	VARS1	1	0	0
VARS1	VARS2	0	2	0
VARS2	VARS2	1	0	0
VASH1	VASH1	1	0	0
VASH1	VASH2	0	2	0
VASH2	VASH2	1	0	0
VASN	VASN	3	0	0
VASP	VASP	1	0	0
VAT1	VAT1	3	0	0
VAT1	VAT1L	0	2	0
VAT1L	VAT1L	1	0	0
VAV1	VAV1	1	0	0
VAV1	VAV2	0	2	0
VAV1	VAV3	0	2	0
VAV2	VAV2	1	0	0
VAV2	VAV3	0	2	0
VAV3	VAV3	1	0	0
VAX1	VAX1	1	0	0
VAX1	VAX2	0	2	0
VAX2	VAX2	1	0	0
VBP1	VBP1	1	0	0
VCAM1	VCAM1	1	0	0
VCAN	VCAN	1	0	0
VCL	VCL	1	0	0
VCP	VCP	1	0	0
VCPIP1	VCPIP1	3	0	0
VCPKMT	VCPKMT	1	0	0
VDAC1	VDAC1	1	0	0
VDAC1	VDAC3	0	2	0
VDAC3	VDAC3	1	0	0
VDR	VDR	1	0	0
VEGFA	VEGFA	3	0	0
VEGFA	VEGFB	0	2	0
VEGFB	VEGFB	1	0	0
VEGFC	VEGFC	1	0	0
VEGFC	VEGFD	0	2	0
VEGFD	VEGFD	1	0	0
VENTX	VENTX	1	0	0
VEPH1	VEPH1	1	0	0
VEZF1	VEZF1	1	0	0
VEZF1	ZNF430	0	2	0
VEZF1	ZNF431	0	2	0
VEZT	VEZT	1	0	0
VGF	VGF	1	0	0
VGLL1	VGLL1	3	0	0
VGLL1	VGLL2	0	2	0
VGLL1	VGLL3	0	2	0
VGLL2	VGLL2	1	0	0
VGLL2	VGLL3	0	2	0
VGLL3	VGLL3	1	0	0
VGLL4	VGLL4	1	0	0
VHL	VHL	1	0	0
VIL1	VIL1	1	0	0
VIL1	VILL	0	2	0
VILL	VILL	1	0	0
VIM	VIM	0	0	1
VIP	VIP	3	0	0
VIPR1	VIPR1	0	0	1
VIPR2	VIPR2	0	0	1
VIRMA	VIRMA	1	0	0
VIT	VIT	1	0	0
VKORC1	VKORC1	3	0	0
VLDLR	VLDLR	1	0	0
VMA21	VMA21	1	0	0
VMAC	VMAC	1	0	0
VMO1	VMO1	1	0	0
VMP1	VMP1	1	0	0
VNN1	VNN1	1	0	0
VNN1	VNN2	0	2	0
VNN1	VNN3P	0	2	0
VNN2	VNN2	1	0	0
VNN2	VNN3P	0	2	0
VNN3P	VNN3P	1	0	0
VOPP1	VOPP1	1	0	0
VPREB1	VPREB1	1	0	0
VPREB3	VPREB3	1	0	0
VPS13A	VPS13A	1	0	0
VPS13A	VPS13C	0	2	0
VPS13B	VPS13B	1	0	0
VPS13C	VPS13C	1	0	0
VPS13D	VPS13D	1	0	0
VPS16	VPS16	1	0	0
VPS18	VPS18	1	0	0
VPS25	VPS25	1	0	0
VPS26A	VPS26A	1	0	0
VPS26A	VPS26B	0	2	0
VPS26B	VPS26B	1	0	0
VPS26C	VPS26C	1	0	0
VPS28	VPS28	1	0	0
VPS29	VPS29	1	0	0
VPS33B	VPS33B	1	0	0
VPS35	VPS35	1	0	0
VPS35L	VPS35L	1	0	0
VPS36	VPS36	1	0	0
VPS37A	VPS37A	1	0	0
VPS37B	VPS37B	1	0	0
VPS37B	VPS37C	0	2	0
VPS37B	VPS37D	0	2	0
VPS37C	VPS37C	1	0	0
VPS37C	VPS37D	0	2	0
VPS37D	VPS37D	1	0	0
VPS39	VPS39	1	0	0
VPS41	VPS41	1	0	0
VPS45	VPS45	1	0	0
VPS4B	VPS4B	1	0	0
VPS50	VPS50	1	0	0
VPS51	VPS51	1	0	0
VPS52	VPS52	1	0	0
VPS53	VPS53	1	0	0
VPS54	VPS54	1	0	0
VPS72	VPS72	1	0	0
VPS8	VPS8	1	0	0
VPS9D1	VPS9D1	1	0	0
VRK1	VRK1	1	0	0
VRK1	VRK2	0	2	0
VRK2	VRK2	1	0	0
VRK3	VRK3	1	0	0
VSIG1	VSIG1	6	0	0
VSIG1	VSIG2	0	6	0
VSIG10	VSIG10	1	0	0
VSIG10	VSIG10L	0	2	0
VSIG10L	VSIG10L	1	0	0
VSIG2	VSIG2	3	0	0
VSIG4	VSIG4	1	0	0
VSIG8	VSIG8	3	0	0
VSIR	VSIR	3	0	0
VSNL1	VSNL1	0	0	1
VSTM1	VSTM1	3	0	3
VSTM2A	VSTM2A	1	0	0
VSTM2A	VSTM2B	0	2	0
VSTM2B	VSTM2B	1	0	0
VSTM2L	VSTM2L	1	0	0
VSTM4	VSTM4	3	0	0
VSTM5	VSTM5	1	0	2
VSX1	VSX1	1	0	0
VSX1	VSX2	0	2	0
VSX2	VSX2	1	0	0
VTA1	VTA1	1	0	0
VTCN1	VTCN1	1	0	0
VTI1A	VTI1A	1	0	0
VTI1B	VTI1B	1	0	0
VTN	VTN	3	0	0
VWA1	VWA1	1	0	0
VWA2	VWA2	1	0	0
VWA3A	VWA3A	1	0	0
VWA3A	VWA3B	0	2	0
VWA3B	VWA3B	1	0	0
VWA5A	VWA5A	1	0	0
VWA5B1	VWA5B1	3	0	0
VWA5B1	VWA5B2	0	2	0
VWA5B2	VWA5B2	1	0	0
VWA7	VWA7	1	0	0
VWA8	VWA8	1	0	0
VWC2	VWC2	3	0	0
VWC2	VWC2L	0	2	0
VWC2L	VWC2L	1	0	0
VWCE	VWCE	1	0	0
VWDE	VWDE	1	0	0
VWF	VWF	1	0	0
VXN	VXN	1	0	0
WAC	WAC	1	0	0
WAPL	WAPL	1	0	0
WARS1	WARS1	1	0	0
WARS2	WARS2	1	0	0
WASF1	WASF1	1	0	0
WASF1	WASF2	0	2	0
WASF1	WASF3	0	2	0
WASF2	WASF2	1	0	0
WASF2	WASF3	0	2	0
WASF3	WASF3	1	0	0
WASHC3	WASHC3	1	0	0
WASHC4	WASHC4	1	0	0
WASHC5	WASHC5	1	0	0
WASL	WASL	0	0	3
WBP11	WBP11	1	0	0
WBP2	WBP2	1	0	0
WBP2	WBP2NL	0	2	0
WBP2NL	WBP2NL	1	0	0
WBP4	WBP4	1	0	0
WDCP	WDCP	1	0	0
WDFY1	WDFY1	1	0	0
WDFY1	WDFY2	0	2	0
WDFY2	WDFY2	3	0	0
WDFY3	WDFY3	1	0	0
WDFY4	WDFY4	6	0	0
WDHD1	WDHD1	1	0	0
WDPCP	WDPCP	1	0	0
WDR1	WDR1	1	0	0
WDR11	WDR11	1	0	0
WDR12	WDR12	1	0	0
WDR13	WDR13	1	0	0
WDR17	WDR17	1	0	0
WDR18	WDR18	1	0	0
WDR19	WDR19	1	0	0
WDR20	WDR20	1	0	0
WDR24	WDR24	1	0	0
WDR25	WDR25	1	0	0
WDR26	WDR26	1	0	0
WDR27	WDR27	1	0	0
WDR3	WDR3	1	0	0
WDR31	WDR31	1	0	0
WDR33	WDR33	1	0	0
WDR35	WDR35	1	0	0
WDR36	WDR36	1	0	0
WDR37	WDR37	1	0	0
WDR38	WDR38	0	0	1
WDR4	WDR4	1	0	0
WDR41	WDR41	1	0	0
WDR43	WDR43	1	0	0
WDR45	WDR45	1	0	0
WDR45B	WDR45B	1	0	0
WDR45B	WIPI1	0	2	0
WDR45B	WIPI2	0	2	0
WDR46	WDR46	1	0	0
WDR47	WDR47	1	0	0
WDR48	WDR48	1	0	0
WDR49	WDR49	1	0	0
WDR5	WDR5	0	0	1
WDR53	WDR53	3	0	0
WDR54	WDR54	1	0	0
WDR55	WDR55	1	0	0
WDR59	WDR59	1	0	0
WDR5B	WDR5B	0	0	1
WDR6	WDR6	1	0	0
WDR61	WDR61	1	0	0
WDR61	WDR88	0	2	0
WDR62	WDR62	1	0	0
WDR64	WDR64	1	0	0
WDR7	WDR7	1	0	0
WDR7	WDR72	0	2	0
WDR70	WDR70	1	0	0
WDR72	WDR72	1	0	0
WDR73	WDR73	1	0	0
WDR75	WDR75	1	0	0
WDR76	WDR76	1	0	0
WDR77	WDR77	1	0	0
WDR81	WDR81	3	0	0
WDR82	WDR82	1	0	0
WDR83	WDR83	0	0	1
WDR83OS	WDR83OS	3	0	0
WDR86	WDR86	3	0	0
WDR87	WDR87	3	0	0
WDR88	WDR88	1	0	0
WDR89	WDR89	1	0	0
WDR90	WDR90	1	0	0
WDR91	WDR91	1	0	0
WDR93	WDR93	6	0	0
WDR97	WDR97	3	0	0
WDSUB1	WDSUB1	1	0	0
WDTC1	WDTC1	1	0	0
WEE1	WEE1	1	0	0
WEE1	WEE2	0	2	0
WEE2	WEE2	1	0	0
WFDC1	WFDC1	1	0	0
WFDC10A	WFDC10A	1	0	0
WFDC10A	WFDC10B	0	2	0
WFDC10B	WFDC10B	3	0	0
WFDC11	WFDC11	1	0	0
WFDC11	WFDC9	0	2	0
WFDC12	WFDC12	1	0	0
WFDC13	WFDC13	3	0	0
WFDC2	WFDC2	1	0	0
WFDC3	WFDC3	3	0	0
WFDC5	WFDC5	3	0	0
WFDC8	WFDC8	1	0	0
WFDC9	WFDC9	1	0	0
WFIKKN1	WFIKKN1	1	0	0
WFIKKN1	WFIKKN2	0	2	0
WFIKKN2	WFIKKN2	3	0	0
WHAMM	WHAMM	6	0	0
WHRN	WHRN	1	0	0
WIF1	WIF1	1	0	0
WIPF1	WIPF1	0	0	1
WIPF2	WIPF2	0	0	1
WIPF3	WIPF3	0	0	3
WIPI1	WIPI1	1	0	0
WIPI1	WIPI2	0	2	0
WIPI2	WIPI2	1	0	0
WLS	WLS	1	0	0
WNK1	WNK1	1	0	0
WNK1	WNK2	0	2	0
WNK2	WNK2	1	0	2
WNK3	WNK3	1	0	0
WNK4	WNK4	1	0	0
WNT1	WNT1	0	0	1
WNT10A	WNT10A	1	0	0
WNT10A	WNT10B	0	2	0
WNT10B	WNT10B	3	0	0
WNT11	WNT11	0	0	1
WNT16	WNT16	0	0	1
WNT2	WNT2	0	0	1
WNT2B	WNT2B	0	0	1
WNT3	WNT3	0	0	1
WNT3A	WNT3A	0	0	6
WNT4	WNT4	0	0	1
WNT5A	WNT5A	0	0	1
WNT5B	WNT5B	0	0	1
WNT6	WNT6	0	0	1
WNT7A	WNT7A	0	0	1
WNT7B	WNT7B	0	0	3
WNT8A	WNT8A	1	0	0
WNT8A	WNT8B	0	2	0
WNT8B	WNT8B	1	0	0
WNT9A	WNT9A	0	0	3
WRAP53	WRAP53	1	0	0
WRAP73	WRAP73	1	0	0
WRN	WRN	3	0	0
WRNIP1	WRNIP1	3	0	0
WSB1	WSB1	1	0	0
WSB1	WSB2	0	2	0
WSB2	WSB2	1	0	0
WSCD1	WSCD1	1	0	0
WSCD1	WSCD2	0	2	0
WSCD2	WSCD2	1	0	0
WT1	WT1	1	0	0
WT1	ZNF662	0	2	0
WTAP	WTAP	3	0	0
WTIP	WTIP	3	0	0
WTIP	ZYX	0	2	0
WWC1	WWC1	1	0	0
WWC1	WWC2	0	2	0
WWC1	WWC3	0	2	0
WWC2	WWC2	1	0	0
WWC2	WWC3	0	2	0
WWC3	WWC3	1	0	0
WWOX	WWOX	1	0	0
WWP1	WWP1	0	0	1
WWP2	WWP2	0	0	1
WWTR1	WWTR1	3	0	0
WWTR1	YAP1	0	2	0
XAB2	XAB2	1	0	0
XAF1	XAF1	1	0	0
XAGE2	XAGE2	1	0	0
XAGE2	XAGE3	0	2	0
XAGE2	XAGE5	0	2	0
XAGE3	XAGE3	1	0	0
XAGE3	XAGE5	0	2	0
XAGE5	XAGE5	1	0	0
XBP1	XBP1	3	0	0
XCR1	XCR1	0	0	1
XDH	XDH	1	0	0
XG	XG	6	0	0
XIAP	XIAP	1	0	0
XIRP1	XIRP1	3	0	0
XIRP1	XIRP2	0	2	0
XIRP2	XIRP2	1	0	0
XKR3	XKR3	1	0	0
XKR3	XKRX	0	2	0
XKR4	XKR4	3	0	0
XKR4	XKR6	0	2	0
XKR4	XKR7	0	2	0
XKR5	XKR5	1	0	0
XKR6	XKR6	3	0	0
XKR6	XKR7	0	2	0
XKR7	XKR7	1	0	0
XKR8	XKR8	1	0	0
XKR8	XKR9	0	2	0
XKR9	XKR9	1	0	0
XKRX	XKRX	3	0	0
XPA	XPA	1	0	0
XPC	XPC	1	0	0
XPNPEP1	XPNPEP1	1	0	0
XPNPEP1	XPNPEP2	0	2	0
XPNPEP2	XPNPEP2	1	0	0
XPNPEP3	XPNPEP3	1	0	0
XPO1	XPO1	1	0	0
XPO4	XPO4	1	0	0
XPO5	XPO5	1	0	0
XPO6	XPO6	1	0	0
XPO7	XPO7	1	0	0
XPOT	XPOT	1	0	0
XPR1	XPR1	1	0	0
XRCC1	XRCC1	3	0	0
XRCC2	XRCC2	1	0	0
XRCC3	XRCC3	1	0	0
XRCC4	XRCC4	1	0	0
XRCC5	XRCC5	1	0	0
XRCC6	XRCC6	1	0	0
XRN1	XRN1	1	0	0
XRN1	XRN2	0	2	0
XRN2	XRN2	1	0	0
XRRA1	XRRA1	1	0	0
XXYLT1	XXYLT1	3	0	0
XYLB	XYLB	1	0	0
XYLT1	XYLT1	1	0	0
XYLT1	XYLT2	0	2	0
XYLT2	XYLT2	3	0	0
YAE1	YAE1	1	0	0
YAF2	YAF2	1	0	0
YAP1	YAP1	1	0	0
YARS1	YARS1	1	0	0
YARS2	YARS2	1	0	0
YBEY	YBEY	6	0	0
YBX2	YBX2	1	0	0
YBX2	YBX3	0	2	0
YBX3	YBX3	1	0	0
YDJC	YDJC	1	0	0
YEATS2	YEATS2	1	0	0
YEATS4	YEATS4	1	0	0
YES1	YES1	0	0	1
YIF1A	YIF1A	1	0	0
YIF1A	YIF1B	0	2	0
YIF1B	YIF1B	1	0	0
YIPF1	YIPF1	1	0	0
YIPF1	YIPF2	0	2	0
YIPF2	YIPF2	1	0	0
YIPF3	YIPF3	1	0	0
YIPF4	YIPF4	1	0	0
YIPF5	YIPF5	1	0	0
YIPF5	YIPF7	0	2	0
YIPF6	YIPF6	1	0	0
YIPF7	YIPF7	1	0	0
YJEFN3	YJEFN3	1	0	0
YJU2	YJU2	1	0	0
YJU2	YJU2B	0	2	0
YJU2B	YJU2B	1	0	0
YKT6	YKT6	1	0	0
YLPM1	YLPM1	1	0	0
YME1L1	YME1L1	1	0	0
YOD1	YOD1	1	0	0
YPEL1	YPEL1	1	0	0
YPEL1	YPEL2	0	2	0
YPEL1	YPEL3	0	2	0
YPEL1	YPEL4	0	2	0
YPEL1	YPEL5	0	2	0
YPEL2	YPEL2	1	0	0
YPEL2	YPEL3	0	2	0
YPEL2	YPEL4	0	2	0
YPEL2	YPEL5	0	2	0
YPEL3	YPEL3	1	0	0
YPEL3	YPEL4	0	2	0
YPEL3	YPEL5	0	2	0
YPEL4	YPEL4	1	0	0
YPEL4	YPEL5	0	2	0
YPEL5	YPEL5	1	0	0
YRDC	YRDC	1	0	0
YTHDC1	YTHDC1	1	0	0
YTHDC2	YTHDC2	1	0	0
YTHDF1	YTHDF1	1	0	0
YTHDF1	YTHDF2	0	2	0
YTHDF2	YTHDF2	1	0	0
YWHAB	YWHAB	0	0	1
YWHAE	YWHAE	0	0	1
YWHAG	YWHAG	0	0	1
YWHAH	YWHAH	0	0	3
YWHAQ	YWHAQ	0	0	1
YWHAZ	YWHAZ	0	0	1
YY1	YY1	6	0	0
YY1	ZFP42	0	6	0
YY1	ZFP69	0	2	0
YY1	ZFP69B	0	2	0
YY1AP1	YY1AP1	1	0	0
ZACN	ZACN	1	0	0
ZADH2	ZADH2	1	0	0
ZAP70	ZAP70	3	0	0
ZAR1	ZAR1	1	0	0
ZAR1	ZAR1L	0	2	0
ZAR1L	ZAR1L	3	0	0
ZBBX	ZBBX	1	0	2
ZBED2	ZBED2	1	0	0
ZBED3	ZBED3	1	0	0
ZBED4	ZBED4	1	0	0
ZBED5	ZBED5	1	0	0
ZBED5	ZBED8	0	2	0
ZBED8	ZBED8	1	0	0
ZBED9	ZBED9	1	0	0
ZBP1	ZBP1	3	0	0
ZBTB1	ZBTB1	1	0	0
ZBTB10	ZBTB10	1	0	0
ZBTB11	ZBTB11	1	0	0
ZBTB12	ZBTB12	1	0	0
ZBTB12	ZBTB26	0	2	0
ZBTB12	ZBTB43	0	2	0
ZBTB12	ZBTB6	0	2	0
ZBTB14	ZBTB14	1	0	0
ZBTB14	ZNF691	0	1	0
ZBTB16	ZBTB16	1	0	0
ZBTB17	ZBTB17	1	0	0
ZBTB18	ZBTB18	3	0	0
ZBTB18	ZBTB3	0	2	0
ZBTB18	ZBTB42	0	2	0
ZBTB2	ZBTB2	3	0	0
ZBTB2	ZBTB25	0	2	0
ZBTB20	ZBTB20	1	0	0
ZBTB20	ZBTB45	0	2	0
ZBTB21	ZBTB21	1	0	0
ZBTB22	ZBTB22	1	0	0
ZBTB24	ZBTB24	1	0	0
ZBTB25	ZBTB25	1	0	0
ZBTB26	ZBTB26	1	0	0
ZBTB26	ZBTB43	0	2	0
ZBTB26	ZBTB6	0	2	0
ZBTB3	ZBTB3	1	0	0
ZBTB3	ZBTB42	0	2	0
ZBTB32	ZBTB32	1	0	0
ZBTB33	ZBTB33	1	0	0
ZBTB34	ZBTB34	1	0	0
ZBTB34	ZBTB37	0	2	0
ZBTB37	ZBTB37	1	0	0
ZBTB38	ZBTB38	1	0	0
ZBTB38	ZNF721	0	2	0
ZBTB38	ZNF729	0	2	0
ZBTB38	ZNF99	0	2	0
ZBTB39	ZBTB39	1	0	0
ZBTB4	ZBTB4	3	0	0
ZBTB40	ZBTB40	1	0	0
ZBTB41	ZBTB41	1	0	0
ZBTB42	ZBTB42	1	0	0
ZBTB43	ZBTB43	1	0	0
ZBTB43	ZBTB6	0	2	0
ZBTB44	ZBTB44	1	0	0
ZBTB45	ZBTB45	1	0	0
ZBTB46	ZBTB46	3	0	0
ZBTB47	ZBTB47	1	0	0
ZBTB48	ZBTB48	0	0	1
ZBTB49	ZBTB49	1	0	0
ZBTB5	ZBTB5	1	0	0
ZBTB6	ZBTB6	1	0	0
ZBTB7A	ZBTB7A	1	0	0
ZBTB7A	ZBTB7B	0	2	0
ZBTB7A	ZBTB7C	0	2	0
ZBTB7B	ZBTB7B	1	0	0
ZBTB7B	ZBTB7C	0	2	0
ZBTB7C	ZBTB7C	1	0	0
ZBTB8A	ZBTB8A	1	0	0
ZBTB8OS	ZBTB8OS	3	0	0
ZBTB9	ZBTB9	1	0	0
ZC2HC1A	ZC2HC1A	3	0	0
ZC2HC1A	ZC2HC1B	0	2	0
ZC2HC1B	ZC2HC1B	1	0	0
ZC2HC1C	ZC2HC1C	1	0	0
ZC3H10	ZC3H10	1	0	0
ZC3H11A	ZC3H11A	1	0	0
ZC3H12A	ZC3H12A	1	0	0
ZC3H12A	ZC3H12D	0	2	0
ZC3H12B	ZC3H12B	1	0	0
ZC3H12B	ZC3H12C	0	2	0
ZC3H12C	ZC3H12C	1	0	0
ZC3H12D	ZC3H12D	3	0	0
ZC3H13	ZC3H13	1	0	0
ZC3H14	ZC3H14	1	0	0
ZC3H15	ZC3H15	1	0	0
ZC3H18	ZC3H18	1	0	0
ZC3H3	ZC3H3	1	0	0
ZC3H4	ZC3H4	1	0	0
ZC3H4	ZC3H6	0	2	0
ZC3H6	ZC3H6	1	0	0
ZC3H7A	ZC3H7A	1	0	0
ZC3H7A	ZC3H7B	0	2	0
ZC3H7B	ZC3H7B	1	0	0
ZC3H8	ZC3H8	1	0	0
ZC3HAV1	ZC3HAV1	1	0	0
ZC3HAV1	ZC3HAV1L	0	2	0
ZC3HAV1L	ZC3HAV1L	3	0	0
ZC3HC1	ZC3HC1	1	0	0
ZC4H2	ZC4H2	1	0	0
ZCCHC10	ZCCHC10	1	0	0
ZCCHC12	ZCCHC12	1	0	0
ZCCHC14	ZCCHC14	1	0	0
ZCCHC17	ZCCHC17	0	0	1
ZCCHC2	ZCCHC2	1	0	0
ZCCHC24	ZCCHC24	3	0	0
ZCCHC3	ZCCHC3	1	0	0
ZCCHC4	ZCCHC4	1	0	0
ZCCHC7	ZCCHC7	3	0	0
ZCCHC8	ZCCHC8	1	0	0
ZCCHC9	ZCCHC9	1	0	0
ZCRB1	ZCRB1	1	0	0
ZCWPW2	ZCWPW2	1	0	0
ZDBF2	ZDBF2	3	0	0
ZDHHC1	ZDHHC1	1	0	0
ZDHHC12	ZDHHC12	0	0	1
ZDHHC13	ZDHHC13	1	0	0
ZDHHC13	ZDHHC17	0	2	0
ZDHHC14	ZDHHC14	1	0	0
ZDHHC14	ZDHHC18	0	2	0
ZDHHC15	ZDHHC15	0	0	1
ZDHHC16	ZDHHC16	0	0	1
ZDHHC17	ZDHHC17	1	0	0
ZDHHC18	ZDHHC18	1	0	0
ZDHHC19	ZDHHC19	1	0	0
ZDHHC2	ZDHHC2	0	0	1
ZDHHC20	ZDHHC20	0	0	1
ZDHHC21	ZDHHC21	0	0	1
ZDHHC22	ZDHHC22	1	0	0
ZDHHC23	ZDHHC23	1	0	0
ZDHHC24	ZDHHC24	1	0	0
ZDHHC3	ZDHHC3	0	0	1
ZDHHC4	ZDHHC4	1	0	0
ZDHHC5	ZDHHC5	1	0	0
ZDHHC5	ZDHHC8	0	2	0
ZDHHC6	ZDHHC6	1	0	0
ZDHHC7	ZDHHC7	0	0	1
ZDHHC8	ZDHHC8	1	0	0
ZEB1	ZEB1	1	0	0
ZEB1	ZEB2	0	2	0
ZEB2	ZEB2	3	0	0
ZER1	ZER1	1	0	0
ZER1	ZYG11A	0	2	0
ZER1	ZYG11B	0	2	0
ZFAND1	ZFAND1	1	0	0
ZFAND1	ZFAND2B	0	2	0
ZFAND2B	ZFAND2B	1	0	0
ZFAND3	ZFAND3	1	0	0
ZFAND4	ZFAND4	3	0	0
ZFAND5	ZFAND5	1	0	0
ZFAT	ZFAT	1	0	0
ZFC3H1	ZFC3H1	1	0	0
ZFHX2	ZFHX2	1	0	0
ZFHX2	ZFHX3	0	2	0
ZFHX2	ZFHX4	0	2	0
ZFHX3	ZFHX3	1	0	0
ZFHX3	ZFHX4	0	2	0
ZFHX4	ZFHX4	1	0	0
ZFP1	ZFP1	0	0	1
ZFP2	ZFP2	0	0	1
ZFP28	ZFP28	3	0	0
ZFP28	ZNF160	0	2	0
ZFP28	ZNF268	0	2	0
ZFP28	ZNF841	0	2	0
ZFP28	ZNF845	0	2	0
ZFP3	ZFP3	0	0	1
ZFP30	ZFP30	0	0	1
ZFP36	ZFP36	1	0	0
ZFP36	ZFP36L1	0	2	0
ZFP36L1	ZFP36L1	1	0	0
ZFP37	ZFP37	1	0	0
ZFP42	ZFP42	3	0	0
ZFP42	ZFP69	0	2	0
ZFP42	ZFP69B	0	2	0
ZFP57	ZFP57	1	0	0
ZFP62	ZFP62	0	0	1
ZFP64	ZFP64	1	0	0
ZFP69	ZFP69	1	0	0
ZFP69	ZFP69B	0	2	0
ZFP69B	ZFP69B	1	0	0
ZFP82	ZFP82	0	0	1
ZFP90	ZFP90	0	0	1
ZFPL1	ZFPL1	1	0	0
ZFPM1	ZFPM1	1	0	0
ZFPM1	ZFPM2	0	2	0
ZFPM2	ZFPM2	1	0	0
ZFR	ZFR	1	0	0
ZFR	ZFR2	0	2	0
ZFR2	ZFR2	1	0	0
ZFTA	ZFTA	3	0	0
ZFX	ZFX	1	0	0
ZFX	ZFY	0	2	0
ZFX	ZNF711	0	2	0
ZFY	ZFY	1	0	0
ZFY	ZNF711	0	2	0
ZFYVE1	ZFYVE1	1	0	0
ZFYVE16	ZFYVE16	1	0	0
ZFYVE16	ZFYVE9	0	2	0
ZFYVE19	ZFYVE19	1	0	0
ZFYVE21	ZFYVE21	3	0	0
ZFYVE26	ZFYVE26	1	0	0
ZFYVE27	ZFYVE27	1	0	0
ZFYVE28	ZFYVE28	3	0	0
ZFYVE9	ZFYVE9	1	0	0
ZG16	ZG16	1	0	0
ZG16B	ZG16B	1	0	2
ZGPAT	ZGPAT	3	0	3
ZGRF1	ZGRF1	1	0	0
ZHX1	ZHX1	1	0	0
ZHX1	ZHX2	0	2	0
ZHX1	ZHX3	0	2	0
ZHX2	ZHX2	1	0	0
ZHX2	ZHX3	0	2	0
ZHX3	ZHX3	1	0	0
ZIC1	ZIC1	3	0	0
ZIC1	ZIC2	0	2	0
ZIC1	ZIC4	0	2	0
ZIC2	ZIC2	1	0	0
ZIC2	ZIC4	0	2	0
ZIC4	ZIC4	1	0	0
ZIC5	ZIC5	1	0	0
ZIK1	ZIK1	0	0	1
ZIM2	ZIM2	1	0	0
ZIM3	ZIM3	0	0	1
ZKSCAN1	ZKSCAN1	3	0	0
ZKSCAN1	ZKSCAN8	0	2	0
ZKSCAN2	ZKSCAN2	1	0	0
ZKSCAN2	ZSCAN20	0	2	0
ZKSCAN3	ZKSCAN3	1	0	0
ZKSCAN3	ZKSCAN4	0	2	0
ZKSCAN3	ZNF213	0	2	0
ZKSCAN4	ZKSCAN4	3	0	0
ZKSCAN4	ZNF213	0	2	0
ZKSCAN5	ZKSCAN5	1	0	0
ZKSCAN8	ZKSCAN8	1	0	0
ZMAT2	ZMAT2	1	0	0
ZMAT3	ZMAT3	1	0	0
ZMAT4	ZMAT4	1	0	0
ZMAT4	ZNF346	0	2	0
ZMAT5	ZMAT5	1	0	0
ZMIZ1	ZMIZ1	1	0	0
ZMIZ1	ZMIZ2	0	2	0
ZMIZ2	ZMIZ2	1	0	0
ZMPSTE24	ZMPSTE24	1	0	0
ZMYM1	ZMYM1	1	0	0
ZMYM2	ZMYM2	3	0	0
ZMYM2	ZMYM4	0	2	0
ZMYM2	ZMYM5	0	6	0
ZMYM4	ZMYM4	1	0	0
ZMYM4	ZMYM5	0	2	0
ZMYM5	ZMYM5	3	0	0
ZMYM6	ZMYM6	3	0	0
ZMYND10	ZMYND10	1	0	0
ZMYND11	ZMYND11	1	0	0
ZMYND12	ZMYND12	1	0	0
ZMYND15	ZMYND15	1	0	0
ZMYND19	ZMYND19	1	0	0
ZMYND8	ZMYND8	1	0	0
ZNF10	ZNF10	0	0	1
ZNF101	ZNF101	0	0	1
ZNF106	ZNF106	3	0	0
ZNF112	ZNF112	3	0	0
ZNF114	ZNF114	1	0	0
ZNF121	ZNF121	0	0	1
ZNF124	ZNF124	0	0	1
ZNF131	ZNF131	1	0	0
ZNF132	ZNF132	0	0	3
ZNF133	ZNF133	3	0	0
ZNF134	ZNF134	0	0	1
ZNF135	ZNF135	0	0	1
ZNF136	ZNF136	0	0	1
ZNF14	ZNF14	0	0	1
ZNF140	ZNF140	0	0	1
ZNF140	ZNF304	0	1	0
ZNF141	ZNF141	0	0	1
ZNF142	ZNF142	1	0	0
ZNF143	ZNF143	1	0	0
ZNF146	ZNF146	0	0	1
ZNF148	ZNF148	1	0	0
ZNF154	ZNF154	0	0	1
ZNF155	ZNF155	1	0	0
ZNF155	ZNF222	0	2	0
ZNF155	ZNF230	0	2	0
ZNF155	ZNF284	0	1	0
ZNF157	ZNF157	1	0	2
ZNF160	ZNF160	1	0	0
ZNF160	ZNF268	0	2	0
ZNF160	ZNF841	0	2	0
ZNF160	ZNF845	0	2	0
ZNF165	ZNF165	0	0	1
ZNF169	ZNF169	1	0	0
ZNF169	ZNF343	0	2	0
ZNF169	ZNF875	0	2	0
ZNF17	ZNF17	0	0	1
ZNF174	ZNF174	1	0	0
ZNF174	ZNF397	0	2	0
ZNF174	ZSCAN30	0	2	0
ZNF175	ZNF175	1	0	0
ZNF175	ZNF334	0	2	0
ZNF175	ZNF41	0	1	0
ZNF175	ZNF546	0	2	0
ZNF175	ZNF585A	0	2	0
ZNF175	ZNF585B	0	2	0
ZNF175	ZNF615	0	2	0
ZNF175	ZNF81	0	2	0
ZNF18	ZNF18	1	0	0
ZNF180	ZNF180	1	0	0
ZNF180	ZNF358	0	2	0
ZNF181	ZNF181	0	0	1
ZNF182	ZNF182	0	0	1
ZNF184	ZNF184	0	0	1
ZNF185	ZNF185	1	0	0
ZNF189	ZNF189	0	0	1
ZNF19	ZNF19	3	0	0
ZNF195	ZNF195	1	0	0
ZNF197	ZNF197	1	0	0
ZNF2	ZNF2	0	0	1
ZNF200	ZNF200	1	0	0
ZNF202	ZNF202	1	0	0
ZNF202	ZNF641	0	2	0
ZNF205	ZNF205	3	0	0
ZNF207	ZNF207	1	0	0
ZNF211	ZNF211	0	0	1
ZNF212	ZNF212	1	0	0
ZNF212	ZNF398	0	2	0
ZNF212	ZNF746	0	2	0
ZNF212	ZNF783	0	2	0
ZNF213	ZNF213	1	0	0
ZNF214	ZNF214	0	0	3
ZNF215	ZNF215	3	0	0
ZNF217	ZNF217	3	0	0
ZNF219	ZNF219	1	0	0
ZNF22	ZNF22	0	0	1
ZNF221	ZNF221	0	0	1
ZNF222	ZNF222	1	0	0
ZNF222	ZNF230	0	2	0
ZNF222	ZNF284	0	1	0
ZNF224	ZNF224	1	0	0
ZNF224	ZNF226	0	2	0
ZNF224	ZNF234	0	2	0
ZNF226	ZNF226	1	0	0
ZNF226	ZNF234	0	2	0
ZNF227	ZNF227	0	0	1
ZNF229	ZNF229	1	0	0
ZNF229	ZNF233	0	2	0
ZNF23	ZNF23	0	0	1
ZNF230	ZNF230	1	0	0
ZNF230	ZNF284	0	1	0
ZNF232	ZNF232	1	0	0
ZNF233	ZNF233	1	0	0
ZNF234	ZNF234	1	0	0
ZNF235	ZNF235	0	0	1
ZNF236	ZNF236	1	0	0
ZNF24	ZNF24	1	0	0
ZNF24	ZNF396	0	2	0
ZNF24	ZNF444	0	2	0
ZNF24	ZNF514	0	1	0
ZNF24	ZNF75D	0	2	0
ZNF24	ZSCAN1	0	2	0
ZNF24	ZSCAN16	0	2	0
ZNF24	ZSCAN23	0	2	0
ZNF24	ZSCAN31	0	2	0
ZNF24	ZSCAN9	0	2	0
ZNF248	ZNF248	3	0	0
ZNF248	ZNF510	0	2	0
ZNF25	ZNF25	0	0	1
ZNF250	ZNF250	0	0	1
ZNF251	ZNF251	1	0	0
ZNF253	ZNF253	0	0	1
ZNF256	ZNF256	0	0	1
ZNF257	ZNF257	0	0	1
ZNF26	ZNF26	0	0	1
ZNF260	ZNF260	0	0	1
ZNF263	ZNF263	1	0	0
ZNF264	ZNF264	1	0	0
ZNF264	ZNF805	0	2	0
ZNF267	ZNF267	0	0	1
ZNF268	ZNF268	1	0	0
ZNF268	ZNF841	0	2	0
ZNF268	ZNF845	0	2	0
ZNF274	ZNF274	1	0	0
ZNF275	ZNF275	0	0	1
ZNF276	ZNF276	1	0	0
ZNF277	ZNF277	1	0	0
ZNF280A	ZNF280A	1	0	0
ZNF282	ZNF282	1	0	0
ZNF283	ZNF283	0	0	3
ZNF284	ZNF284	0	0	1
ZNF285	ZNF285	1	0	0
ZNF286A	ZNF286A	0	0	1
ZNF287	ZNF287	1	0	0
ZNF287	ZNF483	0	2	0
ZNF292	ZNF292	1	0	0
ZNF296	ZNF296	1	0	0
ZNF3	ZNF3	0	0	1
ZNF30	ZNF30	0	0	1
ZNF300	ZNF300	0	0	1
ZNF302	ZNF302	1	0	0
ZNF304	ZNF304	1	0	0
ZNF311	ZNF311	1	0	0
ZNF317	ZNF317	1	0	0
ZNF317	ZNF426	0	2	0
ZNF317	ZNF561	0	2	0
ZNF318	ZNF318	1	0	0
ZNF319	ZNF319	1	0	0
ZNF32	ZNF32	0	0	1
ZNF320	ZNF320	0	0	1
ZNF322	ZNF322	0	0	1
ZNF324	ZNF324	1	0	0
ZNF324	ZNF324B	0	2	0
ZNF324B	ZNF324B	1	0	0
ZNF326	ZNF326	1	0	0
ZNF329	ZNF329	0	0	3
ZNF330	ZNF330	1	0	0
ZNF331	ZNF331	0	0	1
ZNF333	ZNF333	1	0	0
ZNF334	ZNF334	1	0	0
ZNF334	ZNF41	0	1	0
ZNF334	ZNF546	0	2	0
ZNF334	ZNF585A	0	2	0
ZNF334	ZNF585B	0	2	0
ZNF334	ZNF615	0	2	0
ZNF334	ZNF81	0	2	0
ZNF335	ZNF335	1	0	0
ZNF337	ZNF337	1	0	0
ZNF33A	ZNF33A	1	0	0
ZNF33A	ZNF33B	0	2	0
ZNF33B	ZNF33B	1	0	0
ZNF34	ZNF34	0	0	1
ZNF341	ZNF341	1	0	0
ZNF343	ZNF343	1	0	0
ZNF343	ZNF875	0	2	0
ZNF345	ZNF345	0	0	1
ZNF346	ZNF346	1	0	0
ZNF35	ZNF35	1	0	0
ZNF350	ZNF350	1	0	0
ZNF350	ZNF613	0	2	0
ZNF350	ZNF614	0	2	0
ZNF350	ZNF649	0	2	0
ZNF354A	ZNF354A	0	0	3
ZNF354B	ZNF354B	1	0	0
ZNF354C	ZNF354C	1	0	0
ZNF358	ZNF358	1	0	0
ZNF362	ZNF362	1	0	0
ZNF366	ZNF366	1	0	0
ZNF367	ZNF367	1	0	0
ZNF37A	ZNF37A	0	0	1
ZNF382	ZNF382	1	0	0
ZNF383	ZNF383	0	0	1
ZNF384	ZNF384	0	0	1
ZNF385A	ZNF385A	1	0	0
ZNF385A	ZNF385B	0	2	0
ZNF385A	ZNF385C	0	2	0
ZNF385A	ZNF385D	0	2	0
ZNF385B	ZNF385B	1	0	0
ZNF385B	ZNF385C	0	2	0
ZNF385B	ZNF385D	0	2	0
ZNF385C	ZNF385C	3	0	0
ZNF385C	ZNF385D	0	2	0
ZNF385D	ZNF385D	1	0	0
ZNF391	ZNF391	0	0	1
ZNF394	ZNF394	3	0	0
ZNF395	ZNF395	1	0	0
ZNF395	ZNF704	0	2	0
ZNF396	ZNF396	3	0	0
ZNF396	ZNF444	0	2	0
ZNF396	ZNF514	0	1	0
ZNF396	ZNF75D	0	6	0
ZNF396	ZSCAN1	0	2	0
ZNF396	ZSCAN16	0	2	0
ZNF396	ZSCAN23	0	2	0
ZNF396	ZSCAN31	0	2	0
ZNF396	ZSCAN9	0	2	0
ZNF397	ZNF397	1	0	0
ZNF397	ZSCAN30	0	2	0
ZNF398	ZNF398	1	0	0
ZNF398	ZNF746	0	2	0
ZNF398	ZNF783	0	2	0
ZNF404	ZNF404	0	0	1
ZNF407	ZNF407	1	0	0
ZNF408	ZNF408	1	0	0
ZNF41	ZNF41	0	0	1
ZNF41	ZNF546	0	1	0
ZNF41	ZNF585A	0	1	0
ZNF41	ZNF585B	0	1	0
ZNF41	ZNF615	0	1	0
ZNF41	ZNF81	0	1	0
ZNF410	ZNF410	1	0	0
ZNF414	ZNF414	1	0	0
ZNF415	ZNF415	1	0	0
ZNF415	ZNF578	0	2	0
ZNF415	ZNF611	0	1	0
ZNF415	ZNF766	0	1	0
ZNF415	ZNF860	0	2	0
ZNF416	ZNF416	1	0	0
ZNF418	ZNF418	0	0	1
ZNF420	ZNF420	0	0	1
ZNF423	ZNF423	1	0	0
ZNF423	ZNF521	0	2	0
ZNF425	ZNF425	1	0	0
ZNF426	ZNF426	1	0	0
ZNF426	ZNF561	0	2	0
ZNF428	ZNF428	1	0	0
ZNF430	ZNF430	1	0	0
ZNF430	ZNF431	0	2	0
ZNF431	ZNF431	1	0	0
ZNF432	ZNF432	0	0	1
ZNF433	ZNF433	0	0	1
ZNF436	ZNF436	0	0	1
ZNF438	ZNF438	1	0	0
ZNF439	ZNF439	1	0	0
ZNF439	ZNF700	0	2	0
ZNF44	ZNF44	0	0	1
ZNF440	ZNF440	0	0	1
ZNF441	ZNF441	0	0	1
ZNF442	ZNF442	0	0	1
ZNF443	ZNF443	0	0	1
ZNF444	ZNF444	1	0	0
ZNF444	ZNF514	0	1	0
ZNF444	ZNF75D	0	2	0
ZNF444	ZSCAN1	0	2	0
ZNF444	ZSCAN16	0	2	0
ZNF444	ZSCAN23	0	2	0
ZNF444	ZSCAN31	0	2	0
ZNF444	ZSCAN9	0	2	0
ZNF445	ZNF445	1	0	0
ZNF446	ZNF446	3	0	0
ZNF449	ZNF449	0	0	1
ZNF45	ZNF45	0	0	1
ZNF451	ZNF451	1	0	0
ZNF454	ZNF454	0	0	1
ZNF460	ZNF460	0	0	1
ZNF461	ZNF461	0	0	3
ZNF462	ZNF462	1	0	0
ZNF467	ZNF467	1	0	0
ZNF468	ZNF468	0	0	1
ZNF470	ZNF470	0	0	1
ZNF471	ZNF471	0	0	1
ZNF473	ZNF473	3	0	0
ZNF48	ZNF48	1	0	0
ZNF480	ZNF480	0	0	1
ZNF483	ZNF483	1	0	0
ZNF484	ZNF484	1	0	0
ZNF485	ZNF485	0	0	1
ZNF496	ZNF496	1	0	0
ZNF497	ZNF497	0	0	1
ZNF501	ZNF501	0	0	1
ZNF502	ZNF502	0	0	1
ZNF503	ZNF503	1	0	0
ZNF503	ZNF703	0	2	0
ZNF506	ZNF506	0	0	1
ZNF507	ZNF507	1	0	0
ZNF510	ZNF510	1	0	0
ZNF511	ZNF511	1	0	0
ZNF512	ZNF512	1	0	0
ZNF512B	ZNF512B	1	0	0
ZNF513	ZNF513	1	0	0
ZNF514	ZNF514	0	0	1
ZNF514	ZNF75D	0	1	0
ZNF514	ZSCAN1	0	1	0
ZNF514	ZSCAN16	0	1	0
ZNF514	ZSCAN23	0	1	0
ZNF514	ZSCAN31	0	1	0
ZNF514	ZSCAN9	0	1	0
ZNF516	ZNF516	1	0	0
ZNF517	ZNF517	1	0	0
ZNF517	ZNF575	0	2	0
ZNF518A	ZNF518A	1	0	0
ZNF518B	ZNF518B	1	0	0
ZNF519	ZNF519	0	0	1
ZNF521	ZNF521	1	0	0
ZNF524	ZNF524	1	0	0
ZNF527	ZNF527	0	0	1
ZNF528	ZNF528	0	0	1
ZNF529	ZNF529	0	0	1
ZNF530	ZNF530	0	0	1
ZNF534	ZNF534	0	0	1
ZNF536	ZNF536	1	0	0
ZNF540	ZNF540	0	0	1
ZNF541	ZNF541	1	0	0
ZNF543	ZNF543	1	0	0
ZNF543	ZNF599	0	2	0
ZNF544	ZNF544	0	0	1
ZNF546	ZNF546	1	0	0
ZNF546	ZNF585A	0	2	0
ZNF546	ZNF585B	0	2	0
ZNF546	ZNF615	0	2	0
ZNF546	ZNF81	0	2	0
ZNF547	ZNF547	0	0	1
ZNF548	ZNF548	0	0	1
ZNF549	ZNF549	0	0	1
ZNF550	ZNF550	1	0	0
ZNF551	ZNF551	0	0	1
ZNF552	ZNF552	0	0	1
ZNF554	ZNF554	0	0	1
ZNF555	ZNF555	0	0	3
ZNF556	ZNF556	0	0	1
ZNF557	ZNF557	0	0	1
ZNF558	ZNF558	0	0	1
ZNF560	ZNF560	1	0	0
ZNF561	ZNF561	1	0	0
ZNF562	ZNF562	0	0	1
ZNF563	ZNF563	0	0	1
ZNF564	ZNF564	0	0	1
ZNF565	ZNF565	0	0	1
ZNF566	ZNF566	0	0	1
ZNF567	ZNF567	0	0	1
ZNF568	ZNF568	0	0	1
ZNF569	ZNF569	0	0	1
ZNF57	ZNF57	0	0	1
ZNF570	ZNF570	1	0	0
ZNF570	ZNF582	0	2	0
ZNF570	ZNF8	0	2	0
ZNF571	ZNF571	0	0	1
ZNF572	ZNF572	1	0	5
ZNF573	ZNF573	0	0	1
ZNF574	ZNF574	3	0	0
ZNF575	ZNF575	1	0	0
ZNF576	ZNF576	1	0	0
ZNF577	ZNF577	1	0	0
ZNF578	ZNF578	1	0	0
ZNF578	ZNF611	0	1	0
ZNF578	ZNF766	0	1	0
ZNF578	ZNF860	0	2	0
ZNF579	ZNF579	1	0	0
ZNF580	ZNF580	3	0	0
ZNF580	ZNF581	0	2	0
ZNF581	ZNF581	1	0	0
ZNF582	ZNF582	1	0	0
ZNF582	ZNF8	0	2	0
ZNF583	ZNF583	1	0	0
ZNF584	ZNF584	1	0	2
ZNF585A	ZNF585A	1	0	0
ZNF585A	ZNF585B	0	2	0
ZNF585A	ZNF615	0	2	0
ZNF585A	ZNF81	0	2	0
ZNF585B	ZNF585B	1	0	0
ZNF585B	ZNF615	0	2	0
ZNF585B	ZNF81	0	2	0
ZNF586	ZNF586	0	0	1
ZNF589	ZNF589	0	0	1
ZNF592	ZNF592	1	0	0
ZNF592	ZNF687	0	2	0
ZNF593	ZNF593	6	0	0
ZNF595	ZNF595	0	0	1
ZNF596	ZNF596	0	0	1
ZNF597	ZNF597	1	0	0
ZNF597	ZSCAN22	0	1	0
ZNF598	ZNF598	1	0	0
ZNF599	ZNF599	1	0	0
ZNF600	ZNF600	1	0	0
ZNF605	ZNF605	0	0	3
ZNF606	ZNF606	1	0	2
ZNF607	ZNF607	0	0	1
ZNF608	ZNF608	1	0	0
ZNF608	ZNF609	0	2	0
ZNF609	ZNF609	1	0	0
ZNF611	ZNF611	0	0	1
ZNF611	ZNF766	0	1	0
ZNF611	ZNF860	0	1	0
ZNF613	ZNF613	1	0	0
ZNF613	ZNF614	0	2	0
ZNF613	ZNF649	0	2	0
ZNF614	ZNF614	1	0	0
ZNF614	ZNF649	0	2	0
ZNF615	ZNF615	1	0	0
ZNF615	ZNF81	0	2	0
ZNF616	ZNF616	1	0	0
ZNF616	ZNF780B	0	2	0
ZNF618	ZNF618	1	0	0
ZNF619	ZNF619	1	0	0
ZNF619	ZNF620	0	2	0
ZNF619	ZNF621	0	2	0
ZNF620	ZNF620	1	0	0
ZNF620	ZNF621	0	2	0
ZNF621	ZNF621	1	0	0
ZNF622	ZNF622	1	0	0
ZNF625	ZNF625	0	0	1
ZNF627	ZNF627	0	0	1
ZNF628	ZNF628	3	0	0
ZNF629	ZNF629	1	0	0
ZNF638	ZNF638	1	0	0
ZNF639	ZNF639	1	0	0
ZNF641	ZNF641	1	0	0
ZNF644	ZNF644	1	0	0
ZNF646	ZNF646	1	0	0
ZNF648	ZNF648	0	0	1
ZNF649	ZNF649	1	0	0
ZNF653	ZNF653	1	0	0
ZNF654	ZNF654	1	0	0
ZNF655	ZNF655	1	0	0
ZNF662	ZNF662	1	0	0
ZNF664	ZNF664	0	0	1
ZNF665	ZNF665	0	0	1
ZNF667	ZNF667	0	0	1
ZNF668	ZNF668	0	0	1
ZNF669	ZNF669	0	0	1
ZNF670	ZNF670	0	0	1
ZNF671	ZNF671	0	0	1
ZNF672	ZNF672	0	0	3
ZNF674	ZNF674	0	0	1
ZNF675	ZNF675	0	0	1
ZNF677	ZNF677	1	0	0
ZNF678	ZNF678	0	0	1
ZNF679	ZNF679	0	0	1
ZNF680	ZNF680	1	0	0
ZNF682	ZNF682	0	0	1
ZNF683	ZNF683	1	0	0
ZNF684	ZNF684	0	0	1
ZNF687	ZNF687	1	0	0
ZNF688	ZNF688	1	0	0
ZNF688	ZNF764	0	2	0
ZNF688	ZNF785	0	2	0
ZNF689	ZNF689	3	0	0
ZNF691	ZNF691	0	0	1
ZNF692	ZNF692	1	0	0
ZNF695	ZNF695	0	0	1
ZNF696	ZNF696	0	0	1
ZNF697	ZNF697	0	0	1
ZNF699	ZNF699	0	0	1
ZNF7	ZNF7	0	0	1
ZNF70	ZNF70	0	0	1
ZNF700	ZNF700	1	0	0
ZNF703	ZNF703	1	0	0
ZNF704	ZNF704	1	0	0
ZNF708	ZNF708	0	0	1
ZNF71	ZNF71	0	0	1
ZNF710	ZNF710	6	0	0
ZNF711	ZNF711	1	0	0
ZNF713	ZNF713	0	0	1
ZNF714	ZNF714	0	0	1
ZNF716	ZNF716	0	0	1
ZNF718	ZNF718	0	0	1
ZNF721	ZNF721	1	0	0
ZNF721	ZNF729	0	2	0
ZNF721	ZNF99	0	2	0
ZNF728	ZNF728	0	0	1
ZNF729	ZNF729	1	0	0
ZNF729	ZNF99	0	2	0
ZNF730	ZNF730	0	0	1
ZNF732	ZNF732	0	0	1
ZNF736	ZNF736	0	0	1
ZNF74	ZNF74	1	0	0
ZNF740	ZNF740	1	0	0
ZNF746	ZNF746	1	0	0
ZNF746	ZNF783	0	2	0
ZNF750	ZNF750	1	0	0
ZNF75A	ZNF75A	1	0	0
ZNF75D	ZNF75D	3	0	0
ZNF75D	ZSCAN1	0	2	0
ZNF75D	ZSCAN16	0	2	0
ZNF75D	ZSCAN23	0	2	0
ZNF75D	ZSCAN31	0	2	0
ZNF75D	ZSCAN9	0	2	0
ZNF76	ZNF76	0	0	3
ZNF764	ZNF764	1	0	0
ZNF764	ZNF785	0	2	0
ZNF766	ZNF766	0	0	1
ZNF766	ZNF860	0	1	0
ZNF768	ZNF768	1	0	0
ZNF77	ZNF77	0	0	1
ZNF770	ZNF770	1	0	0
ZNF771	ZNF771	0	0	1
ZNF772	ZNF772	0	0	1
ZNF773	ZNF773	0	0	1
ZNF775	ZNF775	1	0	0
ZNF777	ZNF777	0	0	1
ZNF778	ZNF778	1	0	0
ZNF780B	ZNF780B	1	0	0
ZNF782	ZNF782	1	0	0
ZNF783	ZNF783	1	0	0
ZNF784	ZNF784	1	0	0
ZNF785	ZNF785	1	0	2
ZNF786	ZNF786	3	0	0
ZNF789	ZNF789	1	0	0
ZNF789	ZSCAN21	0	2	0
ZNF789	ZSCAN26	0	2	0
ZNF79	ZNF79	0	0	1
ZNF791	ZNF791	0	0	1
ZNF792	ZNF792	1	0	0
ZNF793	ZNF793	1	0	0
ZNF799	ZNF799	0	0	1
ZNF8	ZNF8	1	0	0
ZNF80	ZNF80	0	0	1
ZNF800	ZNF800	1	0	0
ZNF804A	ZNF804A	1	0	0
ZNF804B	ZNF804B	1	0	0
ZNF805	ZNF805	1	0	0
ZNF81	ZNF81	1	0	0
ZNF821	ZNF821	1	0	0
ZNF827	ZNF827	3	0	0
ZNF829	ZNF829	0	0	1
ZNF830	ZNF830	1	0	0
ZNF831	ZNF831	1	0	0
ZNF835	ZNF835	0	0	1
ZNF839	ZNF839	3	0	0
ZNF84	ZNF84	0	0	1
ZNF841	ZNF841	1	0	0
ZNF841	ZNF845	0	2	0
ZNF843	ZNF843	1	0	0
ZNF845	ZNF845	1	0	0
ZNF852	ZNF852	0	0	1
ZNF860	ZNF860	1	0	0
ZNF862	ZNF862	1	0	2
ZNF875	ZNF875	3	0	0
ZNF878	ZNF878	0	0	1
ZNF879	ZNF879	0	0	3
ZNF891	ZNF891	1	0	0
ZNF90	ZNF90	0	0	1
ZNF92	ZNF92	0	0	1
ZNF99	ZNF99	1	0	0
ZNFX1	ZNFX1	1	0	0
ZNHIT1	ZNHIT1	1	0	0
ZNHIT2	ZNHIT2	1	0	0
ZNHIT3	ZNHIT3	1	0	0
ZNHIT6	ZNHIT6	1	0	0
ZNRF1	ZNRF1	1	0	0
ZNRF1	ZNRF2	0	2	0
ZNRF2	ZNRF2	1	0	0
ZNRF3	ZNRF3	3	0	0
ZP1	ZP1	1	0	0
ZP1	ZP4	0	2	0
ZP2	ZP2	1	0	0
ZP3	ZP3	1	0	0
ZP4	ZP4	1	0	0
ZPBP	ZPBP	1	0	0
ZPBP	ZPBP2	0	2	0
ZPBP2	ZPBP2	1	0	0
ZPLD1	ZPLD1	1	0	0
ZPR1	ZPR1	1	0	0
ZRANB1	ZRANB1	1	0	0
ZRANB2	ZRANB2	0	0	1
ZRANB3	ZRANB3	1	0	0
ZRSR2	ZRSR2	1	0	0
ZSCAN1	ZSCAN1	1	0	0
ZSCAN1	ZSCAN16	0	2	0
ZSCAN1	ZSCAN23	0	2	0
ZSCAN1	ZSCAN31	0	2	0
ZSCAN1	ZSCAN9	0	2	0
ZSCAN10	ZSCAN10	1	0	0
ZSCAN12	ZSCAN12	1	0	0
ZSCAN16	ZSCAN16	1	0	0
ZSCAN16	ZSCAN23	0	2	0
ZSCAN16	ZSCAN31	0	2	0
ZSCAN16	ZSCAN9	0	2	0
ZSCAN18	ZSCAN18	1	0	0
ZSCAN2	ZSCAN2	0	0	1
ZSCAN20	ZSCAN20	1	0	0
ZSCAN21	ZSCAN21	3	0	0
ZSCAN21	ZSCAN26	0	2	0
ZSCAN22	ZSCAN22	0	0	1
ZSCAN23	ZSCAN23	1	0	0
ZSCAN23	ZSCAN31	0	2	0
ZSCAN23	ZSCAN9	0	2	0
ZSCAN25	ZSCAN25	1	0	0
ZSCAN26	ZSCAN26	1	0	0
ZSCAN29	ZSCAN29	1	0	0
ZSCAN29	ZSCAN32	0	2	0
ZSCAN30	ZSCAN30	3	0	0
ZSCAN31	ZSCAN31	1	0	0
ZSCAN31	ZSCAN9	0	2	0
ZSCAN32	ZSCAN32	1	0	0
ZSCAN4	ZSCAN4	3	0	0
ZSCAN5A	ZSCAN5A	1	0	0
ZSCAN5A	ZSCAN5B	0	2	0
ZSCAN5B	ZSCAN5B	1	0	0
ZSCAN9	ZSCAN9	1	0	0
ZSWIM1	ZSWIM1	1	0	0
ZSWIM2	ZSWIM2	1	0	0
ZSWIM3	ZSWIM3	1	0	0
ZSWIM4	ZSWIM4	1	0	0
ZSWIM4	ZSWIM5	0	2	0
ZSWIM4	ZSWIM6	0	2	0
ZSWIM5	ZSWIM5	1	0	0
ZSWIM5	ZSWIM6	0	2	0
ZSWIM6	ZSWIM6	1	0	0
ZSWIM7	ZSWIM7	1	0	0
ZSWIM8	ZSWIM8	1	0	0
ZSWIM9	ZSWIM9	3	0	0
ZUP1	ZUP1	1	0	0
ZW10	ZW10	1	0	0
ZWILCH	ZWILCH	1	0	0
ZWINT	ZWINT	1	0	0
ZXDC	ZXDC	1	0	0
ZYG11A	ZYG11A	1	0	0
ZYG11A	ZYG11B	0	2	0
ZYG11B	ZYG11B	1	0	0
ZYX	ZYX	3	0	0
ZZEF1	ZZEF1	1	0	0
ZZZ3	ZZZ3	1	0	0
