family	protein_a	protein_b	before	after	historical	baseline_only
APP	A7RTM2	B0V0E5	TP	TP	all_matched_unflagged	all_matched_unflagged
APP	A7RTM2	B7QN64	TP	TP	all_matched_unflagged	all_matched_unflagged
APP	A7RTM2	C3XR12	TP	TP	annotation_positive	annotation_positive
APP	A7RTM2	E1C440	TP	TP	all_matched_unflagged	all_matched_unflagged
APP	A7RTM2	F1LRS5	TP	TP	all_matched_unflagged	all_matched_unflagged
APP	A7RTM2	F1MIL3	TP	TP	all_matched_unflagged	all_matched_unflagged
APP	A7RTM2	F1P0A7	TP	TP	all_matched_unflagged	all_matched_unflagged
APP	A7RTM2	F1P603	TP	TP	all_matched_unflagged	all_matched_unflagged
APP	A7RTM2	F6TDQ9	TP	TP	all_matched_unflagged	all_matched_unflagged
APP	A7RTM2	F6YNC0	TP	TP	all_matched_unflagged	missing_without_positive
APP	A7RTM2	F7DF67	TP	TP	all_matched_unflagged	missing_without_positive
APP	A7RTM2	G3R2X8	TP	TP	all_matched_unflagged	all_matched_unflagged
APP	A7RTM2	H2LQ91	TP	TP	all_matched_unflagged	all_matched_unflagged
APP	A7RTM2	H2LYH0	TP	TP	all_matched_unflagged	all_matched_unflagged
APP	A7RTM2	H2Q546	TP	TP	all_matched_unflagged	all_matched_unflagged
APP	A7RTM2	P05067	TP	TP	all_matched_unflagged	all_matched_unflagged
APP	A7RTM2	P08592	TP	TP	all_matched_unflagged	all_matched_unflagged
APP	A7RTM2	P12023	TP	TP	all_matched_unflagged	all_matched_unflagged
APP	A7RTM2	P15943	TP	TP	all_matched_unflagged	all_matched_unflagged
APP	A7RTM2	P51693	TP	TP	all_matched_unflagged	all_matched_unflagged
APP	A7RTM2	Q03157	TP	TP	all_matched_unflagged	all_matched_unflagged
APP	A7RTM2	Q06335	TP	TP	all_matched_unflagged	all_matched_unflagged
APP	A7RTM2	Q06481	TP	TP	all_matched_unflagged	all_matched_unflagged
APP	A7RTM2	Q10651	TP	TP	all_matched_unflagged	all_matched_unflagged
APP	A7RTM2	Q5IS80	TP	TP	all_matched_unflagged	all_matched_unflagged
APP	A7RTM2	Q7QCS9	TP	TP	all_matched_unflagged	all_matched_unflagged
APP	B0V0E5	B7QN64	TP	TP	all_matched_unflagged	all_matched_unflagged
APP	B0V0E5	C3XR12	TP	TP	annotation_positive	annotation_positive
APP	B0V0E5	E1C440	TP	TP	all_matched_unflagged	all_matched_unflagged
APP	B0V0E5	F1LRS5	FP	TN	all_matched_unflagged	all_matched_unflagged
APP	B0V0E5	F1MIL3	FP	TN	all_matched_unflagged	all_matched_unflagged
APP	B0V0E5	F1P0A7	FP	TN	all_matched_unflagged	all_matched_unflagged
APP	B0V0E5	F1P603	TP	TP	all_matched_unflagged	all_matched_unflagged
APP	B0V0E5	F6TDQ9	FP	TN	all_matched_unflagged	all_matched_unflagged
APP	B0V0E5	F6YNC0	FP	TN	all_matched_unflagged	missing_without_positive
APP	B0V0E5	F7DF67	FP	TN	all_matched_unflagged	missing_without_positive
APP	B0V0E5	G3R2X8	FP	TN	all_matched_unflagged	all_matched_unflagged
APP	B0V0E5	H2LQ91	FP	TN	all_matched_unflagged	all_matched_unflagged
APP	B0V0E5	H2LYH0	TP	TP	all_matched_unflagged	all_matched_unflagged
APP	B0V0E5	H2Q546	FP	TN	all_matched_unflagged	all_matched_unflagged
APP	B0V0E5	P05067	TP	TP	all_matched_unflagged	all_matched_unflagged
APP	B0V0E5	P08592	TP	TP	all_matched_unflagged	all_matched_unflagged
APP	B0V0E5	P12023	TP	TP	all_matched_unflagged	all_matched_unflagged
APP	B0V0E5	P15943	FP	TN	all_matched_unflagged	all_matched_unflagged
APP	B0V0E5	P51693	FP	TN	all_matched_unflagged	all_matched_unflagged
APP	B0V0E5	Q03157	FP	TN	all_matched_unflagged	all_matched_unflagged
APP	B0V0E5	Q06335	FP	TN	all_matched_unflagged	all_matched_unflagged
APP	B0V0E5	Q06481	FP	TN	all_matched_unflagged	all_matched_unflagged
APP	B0V0E5	Q10651	TP	TP	all_matched_unflagged	all_matched_unflagged
APP	B0V0E5	Q5IS80	TP	TP	all_matched_unflagged	all_matched_unflagged
APP	B0V0E5	Q7QCS9	TP	TP	all_matched_unflagged	all_matched_unflagged
APP	B7QN64	C3XR12	TP	TP	annotation_positive	annotation_positive
APP	B7QN64	E1C440	TP	TP	all_matched_unflagged	all_matched_unflagged
APP	B7QN64	F1LRS5	TP	TP	all_matched_unflagged	all_matched_unflagged
APP	B7QN64	F1MIL3	TP	TP	all_matched_unflagged	all_matched_unflagged
APP	B7QN64	F1P0A7	TP	TP	all_matched_unflagged	all_matched_unflagged
APP	B7QN64	F1P603	TP	TP	all_matched_unflagged	all_matched_unflagged
APP	B7QN64	F6TDQ9	TP	TP	all_matched_unflagged	all_matched_unflagged
APP	B7QN64	F6YNC0	TP	TP	all_matched_unflagged	missing_without_positive
APP	B7QN64	F7DF67	TP	TP	all_matched_unflagged	missing_without_positive
APP	B7QN64	G3R2X8	TP	TP	all_matched_unflagged	all_matched_unflagged
APP	B7QN64	H2LQ91	TP	TP	all_matched_unflagged	all_matched_unflagged
APP	B7QN64	H2LYH0	TP	TP	all_matched_unflagged	all_matched_unflagged
APP	B7QN64	H2Q546	TP	TP	all_matched_unflagged	all_matched_unflagged
APP	B7QN64	P05067	TP	TP	all_matched_unflagged	all_matched_unflagged
APP	B7QN64	P08592	TP	TP	all_matched_unflagged	all_matched_unflagged
APP	B7QN64	P12023	TP	TP	all_matched_unflagged	all_matched_unflagged
APP	B7QN64	P15943	TP	TP	all_matched_unflagged	all_matched_unflagged
APP	B7QN64	P51693	TP	TP	all_matched_unflagged	all_matched_unflagged
APP	B7QN64	Q03157	TP	TP	all_matched_unflagged	all_matched_unflagged
APP	B7QN64	Q06335	TP	TP	all_matched_unflagged	all_matched_unflagged
APP	B7QN64	Q06481	TP	TP	all_matched_unflagged	all_matched_unflagged
APP	B7QN64	Q10651	TP	TP	all_matched_unflagged	all_matched_unflagged
APP	B7QN64	Q5IS80	TP	TP	all_matched_unflagged	all_matched_unflagged
APP	B7QN64	Q7QCS9	TP	TP	all_matched_unflagged	all_matched_unflagged
APP	C3XR12	E1C440	TP	TP	annotation_positive	annotation_positive
APP	C3XR12	F1LRS5	TP	TP	annotation_positive	annotation_positive
APP	C3XR12	F1MIL3	TP	TP	annotation_positive	annotation_positive
APP	C3XR12	F1P0A7	TP	TP	annotation_positive	annotation_positive
APP	C3XR12	F1P603	TP	TP	annotation_positive	annotation_positive
APP	C3XR12	F6TDQ9	TP	TP	annotation_positive	annotation_positive
APP	C3XR12	F6YNC0	TP	TP	annotation_positive	annotation_positive
APP	C3XR12	F7DF67	TP	TP	annotation_positive	annotation_positive
APP	C3XR12	G3R2X8	TP	TP	annotation_positive	annotation_positive
APP	C3XR12	H2LQ91	TP	TP	annotation_positive	annotation_positive
APP	C3XR12	H2LYH0	TP	TP	annotation_positive	annotation_positive
APP	C3XR12	H2Q546	TP	TP	annotation_positive	annotation_positive
APP	C3XR12	P05067	TP	TP	annotation_positive	annotation_positive
APP	C3XR12	P08592	TP	TP	annotation_positive	annotation_positive
APP	C3XR12	P12023	TP	TP	annotation_positive	annotation_positive
APP	C3XR12	P15943	TP	TP	annotation_positive	annotation_positive
APP	C3XR12	P51693	TP	TP	annotation_positive	annotation_positive
APP	C3XR12	Q03157	TP	TP	annotation_positive	annotation_positive
APP	C3XR12	Q06335	TP	TP	annotation_positive	annotation_positive
APP	C3XR12	Q06481	TP	TP	annotation_positive	annotation_positive
APP	C3XR12	Q10651	TP	TP	annotation_positive	annotation_positive
APP	C3XR12	Q5IS80	TP	TP	annotation_positive	annotation_positive
APP	C3XR12	Q7QCS9	TP	TP	annotation_positive	annotation_positive
APP	E1C440	F1LRS5	FP	TN	all_matched_unflagged	all_matched_unflagged
APP	E1C440	F1MIL3	FP	TN	all_matched_unflagged	all_matched_unflagged
APP	E1C440	F1P0A7	TN	TN	all_matched_unflagged	all_matched_unflagged
APP	E1C440	F1P603	TP	TP	all_matched_unflagged	all_matched_unflagged
APP	E1C440	F6TDQ9	FP	TN	all_matched_unflagged	all_matched_unflagged
APP	E1C440	F6YNC0	FP	TN	all_matched_unflagged	missing_without_positive
APP	E1C440	F7DF67	FP	TN	all_matched_unflagged	missing_without_positive
APP	E1C440	G3R2X8	FP	TN	all_matched_unflagged	all_matched_unflagged
APP	E1C440	H2LQ91	FP	TN	all_matched_unflagged	all_matched_unflagged
APP	E1C440	H2LYH0	TP	TP	all_matched_unflagged	all_matched_unflagged
APP	E1C440	H2Q546	FP	TN	all_matched_unflagged	all_matched_unflagged
APP	E1C440	P05067	TP	TP	all_matched_unflagged	all_matched_unflagged
APP	E1C440	P08592	TP	TP	all_matched_unflagged	all_matched_unflagged
APP	E1C440	P12023	TP	TP	all_matched_unflagged	all_matched_unflagged
APP	E1C440	P15943	FP	TN	all_matched_unflagged	all_matched_unflagged
APP	E1C440	P51693	FP	TN	all_matched_unflagged	all_matched_unflagged
APP	E1C440	Q03157	FP	TN	all_matched_unflagged	all_matched_unflagged
APP	E1C440	Q06335	FP	TN	all_matched_unflagged	all_matched_unflagged
APP	E1C440	Q06481	FP	TN	all_matched_unflagged	all_matched_unflagged
APP	E1C440	Q10651	TP	TP	all_matched_unflagged	all_matched_unflagged
APP	E1C440	Q5IS80	TP	TP	all_matched_unflagged	all_matched_unflagged
APP	E1C440	Q7QCS9	TP	TP	all_matched_unflagged	all_matched_unflagged
APP	F1LRS5	F1MIL3	TP	TP	all_matched_unflagged	all_matched_unflagged
APP	F1LRS5	F1P0A7	FP	TN	all_matched_unflagged	all_matched_unflagged
APP	F1LRS5	F1P603	FP	TN	all_matched_unflagged	all_matched_unflagged
APP	F1LRS5	F6TDQ9	TP	TP	all_matched_unflagged	all_matched_unflagged
APP	F1LRS5	F6YNC0	TP	TP	all_matched_unflagged	missing_without_positive
APP	F1LRS5	F7DF67	FP	TN	all_matched_unflagged	missing_without_positive
APP	F1LRS5	G3R2X8	FP	TN	all_matched_unflagged	all_matched_unflagged
APP	F1LRS5	H2LQ91	TP	TP	all_matched_unflagged	all_matched_unflagged
APP	F1LRS5	H2LYH0	FP	TN	all_matched_unflagged	all_matched_unflagged
APP	F1LRS5	H2Q546	FP	TN	all_matched_unflagged	all_matched_unflagged
APP	F1LRS5	P05067	FP	TN	all_matched_unflagged	all_matched_unflagged
APP	F1LRS5	P08592	TN	TN	all_matched_unflagged	all_matched_unflagged
APP	F1LRS5	P12023	FP	TN	all_matched_unflagged	all_matched_unflagged
APP	F1LRS5	P15943	TN	TN	all_matched_unflagged	all_matched_unflagged
APP	F1LRS5	P51693	TP	TP	all_matched_unflagged	all_matched_unflagged
APP	F1LRS5	Q03157	TP	TP	all_matched_unflagged	all_matched_unflagged
APP	F1LRS5	Q06335	FP	TN	all_matched_unflagged	all_matched_unflagged
APP	F1LRS5	Q06481	FP	TN	all_matched_unflagged	all_matched_unflagged
APP	F1LRS5	Q10651	TP	TP	all_matched_unflagged	all_matched_unflagged
APP	F1LRS5	Q5IS80	FP	TN	all_matched_unflagged	all_matched_unflagged
APP	F1LRS5	Q7QCS9	TP	TP	all_matched_unflagged	all_matched_unflagged
APP	F1MIL3	F1P0A7	FP	TN	all_matched_unflagged	all_matched_unflagged
APP	F1MIL3	F1P603	FP	TN	all_matched_unflagged	all_matched_unflagged
APP	F1MIL3	F6TDQ9	TP	TP	all_matched_unflagged	all_matched_unflagged
APP	F1MIL3	F6YNC0	TP	TP	all_matched_unflagged	missing_without_positive
APP	F1MIL3	F7DF67	FP	TN	all_matched_unflagged	missing_without_positive
APP	F1MIL3	G3R2X8	FP	TN	all_matched_unflagged	all_matched_unflagged
APP	F1MIL3	H2LQ91	TP	TP	all_matched_unflagged	all_matched_unflagged
APP	F1MIL3	H2LYH0	FP	TN	all_matched_unflagged	all_matched_unflagged
APP	F1MIL3	H2Q546	FP	TN	all_matched_unflagged	all_matched_unflagged
APP	F1MIL3	P05067	FP	TN	all_matched_unflagged	all_matched_unflagged
APP	F1MIL3	P08592	FP	TN	all_matched_unflagged	all_matched_unflagged
APP	F1MIL3	P12023	FP	TN	all_matched_unflagged	all_matched_unflagged
APP	F1MIL3	P15943	FP	TN	all_matched_unflagged	all_matched_unflagged
APP	F1MIL3	P51693	TP	TP	all_matched_unflagged	all_matched_unflagged
APP	F1MIL3	Q03157	TP	TP	all_matched_unflagged	all_matched_unflagged
APP	F1MIL3	Q06335	FP	TN	all_matched_unflagged	all_matched_unflagged
APP	F1MIL3	Q06481	FP	TN	all_matched_unflagged	all_matched_unflagged
APP	F1MIL3	Q10651	TP	TP	all_matched_unflagged	all_matched_unflagged
APP	F1MIL3	Q5IS80	FP	TN	all_matched_unflagged	all_matched_unflagged
APP	F1MIL3	Q7QCS9	TP	TP	all_matched_unflagged	all_matched_unflagged
APP	F1P0A7	F1P603	FP	TN	all_matched_unflagged	all_matched_unflagged
APP	F1P0A7	F6TDQ9	FP	TN	all_matched_unflagged	all_matched_unflagged
APP	F1P0A7	F6YNC0	FP	TN	all_matched_unflagged	missing_without_positive
APP	F1P0A7	F7DF67	TP	TP	all_matched_unflagged	missing_without_positive
APP	F1P0A7	G3R2X8	TP	TP	all_matched_unflagged	all_matched_unflagged
APP	F1P0A7	H2LQ91	FP	TN	all_matched_unflagged	all_matched_unflagged
APP	F1P0A7	H2LYH0	FP	TN	all_matched_unflagged	all_matched_unflagged
APP	F1P0A7	H2Q546	TP	TP	all_matched_unflagged	all_matched_unflagged
APP	F1P0A7	P05067	FP	TN	all_matched_unflagged	all_matched_unflagged
APP	F1P0A7	P08592	FP	TN	all_matched_unflagged	all_matched_unflagged
APP	F1P0A7	P12023	FP	TN	all_matched_unflagged	all_matched_unflagged
APP	F1P0A7	P15943	TP	TP	all_matched_unflagged	all_matched_unflagged
APP	F1P0A7	P51693	FP	TN	all_matched_unflagged	all_matched_unflagged
APP	F1P0A7	Q03157	FP	TN	all_matched_unflagged	all_matched_unflagged
APP	F1P0A7	Q06335	TP	TP	all_matched_unflagged	all_matched_unflagged
APP	F1P0A7	Q06481	TP	TP	all_matched_unflagged	all_matched_unflagged
APP	F1P0A7	Q10651	TP	TP	all_matched_unflagged	all_matched_unflagged
APP	F1P0A7	Q5IS80	FP	TN	all_matched_unflagged	all_matched_unflagged
APP	F1P0A7	Q7QCS9	TP	TP	all_matched_unflagged	all_matched_unflagged
APP	F1P603	F6TDQ9	FP	TN	all_matched_unflagged	all_matched_unflagged
APP	F1P603	F6YNC0	FP	TN	all_matched_unflagged	missing_without_positive
APP	F1P603	F7DF67	FP	TN	all_matched_unflagged	missing_without_positive
APP	F1P603	G3R2X8	FP	TN	all_matched_unflagged	all_matched_unflagged
APP	F1P603	H2LQ91	FP	TN	all_matched_unflagged	all_matched_unflagged
APP	F1P603	H2LYH0	TP	TP	all_matched_unflagged	all_matched_unflagged
APP	F1P603	H2Q546	FP	TN	all_matched_unflagged	all_matched_unflagged
APP	F1P603	P05067	TP	TP	all_matched_unflagged	all_matched_unflagged
APP	F1P603	P08592	TP	TP	all_matched_unflagged	all_matched_unflagged
APP	F1P603	P12023	TP	TP	all_matched_unflagged	all_matched_unflagged
APP	F1P603	P15943	FP	TN	all_matched_unflagged	all_matched_unflagged
APP	F1P603	P51693	FP	TN	all_matched_unflagged	all_matched_unflagged
APP	F1P603	Q03157	FP	TN	all_matched_unflagged	all_matched_unflagged
APP	F1P603	Q06335	FP	TN	all_matched_unflagged	all_matched_unflagged
APP	F1P603	Q06481	FP	TN	all_matched_unflagged	all_matched_unflagged
APP	F1P603	Q10651	TP	TP	all_matched_unflagged	all_matched_unflagged
APP	F1P603	Q5IS80	TP	TP	all_matched_unflagged	all_matched_unflagged
APP	F1P603	Q7QCS9	TP	TP	all_matched_unflagged	all_matched_unflagged
APP	F6TDQ9	F6YNC0	TP	TP	all_matched_unflagged	missing_without_positive
APP	F6TDQ9	F7DF67	FP	TN	all_matched_unflagged	missing_without_positive
APP	F6TDQ9	G3R2X8	FP	TN	all_matched_unflagged	all_matched_unflagged
APP	F6TDQ9	H2LQ91	TP	TP	all_matched_unflagged	all_matched_unflagged
APP	F6TDQ9	H2LYH0	FP	TN	all_matched_unflagged	all_matched_unflagged
APP	F6TDQ9	H2Q546	FP	TN	all_matched_unflagged	all_matched_unflagged
APP	F6TDQ9	P05067	FP	TN	all_matched_unflagged	all_matched_unflagged
APP	F6TDQ9	P08592	FP	TN	all_matched_unflagged	all_matched_unflagged
APP	F6TDQ9	P12023	FP	TN	all_matched_unflagged	all_matched_unflagged
APP	F6TDQ9	P15943	FP	TN	all_matched_unflagged	all_matched_unflagged
APP	F6TDQ9	P51693	TP	TP	all_matched_unflagged	all_matched_unflagged
APP	F6TDQ9	Q03157	TP	TP	all_matched_unflagged	all_matched_unflagged
APP	F6TDQ9	Q06335	FP	TN	all_matched_unflagged	all_matched_unflagged
APP	F6TDQ9	Q06481	FP	TN	all_matched_unflagged	all_matched_unflagged
APP	F6TDQ9	Q10651	TP	TP	all_matched_unflagged	all_matched_unflagged
APP	F6TDQ9	Q5IS80	FP	TN	all_matched_unflagged	all_matched_unflagged
APP	F6TDQ9	Q7QCS9	TP	TP	all_matched_unflagged	all_matched_unflagged
APP	F6YNC0	F7DF67	TN	TN	all_matched_unflagged	missing_without_positive
APP	F6YNC0	G3R2X8	FP	TN	all_matched_unflagged	missing_without_positive
APP	F6YNC0	H2LQ91	TP	TP	all_matched_unflagged	missing_without_positive
APP	F6YNC0	H2LYH0	FP	TN	all_matched_unflagged	missing_without_positive
APP	F6YNC0	H2Q546	FP	TN	all_matched_unflagged	missing_without_positive
APP	F6YNC0	P05067	FP	TN	all_matched_unflagged	missing_without_positive
APP	F6YNC0	P08592	FP	TN	all_matched_unflagged	missing_without_positive
APP	F6YNC0	P12023	FP	TN	all_matched_unflagged	missing_without_positive
APP	F6YNC0	P15943	FP	TN	all_matched_unflagged	missing_without_positive
APP	F6YNC0	P51693	TP	TP	all_matched_unflagged	missing_without_positive
APP	F6YNC0	Q03157	TP	TP	all_matched_unflagged	missing_without_positive
APP	F6YNC0	Q06335	FP	TN	all_matched_unflagged	missing_without_positive
APP	F6YNC0	Q06481	FP	TN	all_matched_unflagged	missing_without_positive
APP	F6YNC0	Q10651	TP	TP	all_matched_unflagged	missing_without_positive
APP	F6YNC0	Q5IS80	FP	TN	all_matched_unflagged	missing_without_positive
APP	F6YNC0	Q7QCS9	TP	TP	all_matched_unflagged	missing_without_positive
APP	F7DF67	G3R2X8	TP	TP	all_matched_unflagged	missing_without_positive
APP	F7DF67	H2LQ91	FP	TN	all_matched_unflagged	missing_without_positive
APP	F7DF67	H2LYH0	FP	TN	all_matched_unflagged	missing_without_positive
APP	F7DF67	H2Q546	TP	TP	all_matched_unflagged	missing_without_positive
APP	F7DF67	P05067	FP	TN	all_matched_unflagged	missing_without_positive
APP	F7DF67	P08592	FP	TN	all_matched_unflagged	missing_without_positive
APP	F7DF67	P12023	FP	TN	all_matched_unflagged	missing_without_positive
APP	F7DF67	P15943	TP	TP	all_matched_unflagged	missing_without_positive
APP	F7DF67	P51693	FP	TN	all_matched_unflagged	missing_without_positive
APP	F7DF67	Q03157	FP	TN	all_matched_unflagged	missing_without_positive
APP	F7DF67	Q06335	TP	TP	all_matched_unflagged	missing_without_positive
APP	F7DF67	Q06481	TP	TP	all_matched_unflagged	missing_without_positive
APP	F7DF67	Q10651	TP	TP	all_matched_unflagged	missing_without_positive
APP	F7DF67	Q5IS80	FP	TN	all_matched_unflagged	missing_without_positive
APP	F7DF67	Q7QCS9	TP	TP	all_matched_unflagged	missing_without_positive
APP	G3R2X8	H2LQ91	FP	TN	all_matched_unflagged	all_matched_unflagged
APP	G3R2X8	H2LYH0	FP	TN	all_matched_unflagged	all_matched_unflagged
APP	G3R2X8	H2Q546	TP	TP	all_matched_unflagged	all_matched_unflagged
APP	G3R2X8	P05067	FP	TN	all_matched_unflagged	all_matched_unflagged
APP	G3R2X8	P08592	FP	TN	all_matched_unflagged	all_matched_unflagged
APP	G3R2X8	P12023	FP	TN	all_matched_unflagged	all_matched_unflagged
APP	G3R2X8	P15943	TP	TP	all_matched_unflagged	all_matched_unflagged
APP	G3R2X8	P51693	FP	TN	all_matched_unflagged	all_matched_unflagged
APP	G3R2X8	Q03157	FP	TN	all_matched_unflagged	all_matched_unflagged
APP	G3R2X8	Q06335	TP	TP	all_matched_unflagged	all_matched_unflagged
APP	G3R2X8	Q06481	TP	TP	all_matched_unflagged	all_matched_unflagged
APP	G3R2X8	Q10651	TP	TP	all_matched_unflagged	all_matched_unflagged
APP	G3R2X8	Q5IS80	FP	TN	all_matched_unflagged	all_matched_unflagged
APP	G3R2X8	Q7QCS9	TP	TP	all_matched_unflagged	all_matched_unflagged
APP	H2LQ91	H2LYH0	TN	TN	all_matched_unflagged	all_matched_unflagged
APP	H2LQ91	H2Q546	FP	TN	all_matched_unflagged	all_matched_unflagged
APP	H2LQ91	P05067	FP	TN	all_matched_unflagged	all_matched_unflagged
APP	H2LQ91	P08592	FP	TN	all_matched_unflagged	all_matched_unflagged
APP	H2LQ91	P12023	FP	TN	all_matched_unflagged	all_matched_unflagged
APP	H2LQ91	P15943	FP	TN	all_matched_unflagged	all_matched_unflagged
APP	H2LQ91	P51693	TP	TP	all_matched_unflagged	all_matched_unflagged
APP	H2LQ91	Q03157	TP	TP	all_matched_unflagged	all_matched_unflagged
APP	H2LQ91	Q06335	FP	TN	all_matched_unflagged	all_matched_unflagged
APP	H2LQ91	Q06481	FP	TN	all_matched_unflagged	all_matched_unflagged
APP	H2LQ91	Q10651	TP	TP	all_matched_unflagged	all_matched_unflagged
APP	H2LQ91	Q5IS80	FP	TN	all_matched_unflagged	all_matched_unflagged
APP	H2LQ91	Q7QCS9	TP	TP	all_matched_unflagged	all_matched_unflagged
APP	H2LYH0	H2Q546	FP	TN	all_matched_unflagged	all_matched_unflagged
APP	H2LYH0	P05067	TP	TP	all_matched_unflagged	all_matched_unflagged
APP	H2LYH0	P08592	TP	TP	all_matched_unflagged	all_matched_unflagged
APP	H2LYH0	P12023	TP	TP	all_matched_unflagged	all_matched_unflagged
APP	H2LYH0	P15943	FP	TN	all_matched_unflagged	all_matched_unflagged
APP	H2LYH0	P51693	FP	TN	all_matched_unflagged	all_matched_unflagged
APP	H2LYH0	Q03157	FP	TN	all_matched_unflagged	all_matched_unflagged
APP	H2LYH0	Q06335	FP	TN	all_matched_unflagged	all_matched_unflagged
APP	H2LYH0	Q06481	FP	TN	all_matched_unflagged	all_matched_unflagged
APP	H2LYH0	Q10651	TP	TP	all_matched_unflagged	all_matched_unflagged
APP	H2LYH0	Q5IS80	TP	TP	all_matched_unflagged	all_matched_unflagged
APP	H2LYH0	Q7QCS9	TP	TP	all_matched_unflagged	all_matched_unflagged
APP	H2Q546	P05067	FP	TN	all_matched_unflagged	all_matched_unflagged
APP	H2Q546	P08592	FP	TN	all_matched_unflagged	all_matched_unflagged
APP	H2Q546	P12023	FP	TN	all_matched_unflagged	all_matched_unflagged
APP	H2Q546	P15943	TP	TP	all_matched_unflagged	all_matched_unflagged
APP	H2Q546	P51693	FP	TN	all_matched_unflagged	all_matched_unflagged
APP	H2Q546	Q03157	FP	TN	all_matched_unflagged	all_matched_unflagged
APP	H2Q546	Q06335	TP	TP	all_matched_unflagged	all_matched_unflagged
APP	H2Q546	Q06481	TP	TP	all_matched_unflagged	all_matched_unflagged
APP	H2Q546	Q10651	TP	TP	all_matched_unflagged	all_matched_unflagged
APP	H2Q546	Q5IS80	TN	TN	all_matched_unflagged	all_matched_unflagged
APP	H2Q546	Q7QCS9	TP	TP	all_matched_unflagged	all_matched_unflagged
APP	P05067	P08592	TP	TP	all_matched_unflagged	all_matched_unflagged
APP	P05067	P12023	TP	TP	all_matched_unflagged	all_matched_unflagged
APP	P05067	P15943	FP	TN	all_matched_unflagged	all_matched_unflagged
APP	P05067	P51693	TN	TN	all_matched_unflagged	all_matched_unflagged
APP	P05067	Q03157	FP	TN	all_matched_unflagged	all_matched_unflagged
APP	P05067	Q06335	FP	TN	all_matched_unflagged	all_matched_unflagged
APP	P05067	Q06481	TN	TN	all_matched_unflagged	all_matched_unflagged
APP	P05067	Q10651	TP	TP	all_matched_unflagged	all_matched_unflagged
APP	P05067	Q5IS80	TP	TP	all_matched_unflagged	all_matched_unflagged
APP	P05067	Q7QCS9	TP	TP	all_matched_unflagged	all_matched_unflagged
APP	P08592	P12023	TP	TP	all_matched_unflagged	all_matched_unflagged
APP	P08592	P15943	TN	TN	all_matched_unflagged	all_matched_unflagged
APP	P08592	P51693	FP	TN	all_matched_unflagged	all_matched_unflagged
APP	P08592	Q03157	FP	TN	all_matched_unflagged	all_matched_unflagged
APP	P08592	Q06335	FP	TN	all_matched_unflagged	all_matched_unflagged
APP	P08592	Q06481	FP	TN	all_matched_unflagged	all_matched_unflagged
APP	P08592	Q10651	TP	TP	all_matched_unflagged	all_matched_unflagged
APP	P08592	Q5IS80	TP	TP	all_matched_unflagged	all_matched_unflagged
APP	P08592	Q7QCS9	TP	TP	all_matched_unflagged	all_matched_unflagged
APP	P12023	P15943	FP	TN	all_matched_unflagged	all_matched_unflagged
APP	P12023	P51693	FP	TN	all_matched_unflagged	all_matched_unflagged
APP	P12023	Q03157	TN	TN	all_matched_unflagged	all_matched_unflagged
APP	P12023	Q06335	TN	TN	all_matched_unflagged	all_matched_unflagged
APP	P12023	Q06481	FP	TN	all_matched_unflagged	all_matched_unflagged
APP	P12023	Q10651	TP	TP	all_matched_unflagged	all_matched_unflagged
APP	P12023	Q5IS80	TP	TP	all_matched_unflagged	all_matched_unflagged
APP	P12023	Q7QCS9	TP	TP	all_matched_unflagged	all_matched_unflagged
APP	P15943	P51693	FP	TN	all_matched_unflagged	all_matched_unflagged
APP	P15943	Q03157	FP	TN	all_matched_unflagged	all_matched_unflagged
APP	P15943	Q06335	TP	TP	all_matched_unflagged	all_matched_unflagged
APP	P15943	Q06481	TP	TP	all_matched_unflagged	all_matched_unflagged
APP	P15943	Q10651	TP	TP	all_matched_unflagged	all_matched_unflagged
APP	P15943	Q5IS80	FP	TN	all_matched_unflagged	all_matched_unflagged
APP	P15943	Q7QCS9	TP	TP	all_matched_unflagged	all_matched_unflagged
APP	P51693	Q03157	TP	TP	all_matched_unflagged	all_matched_unflagged
APP	P51693	Q06335	FP	TN	all_matched_unflagged	all_matched_unflagged
APP	P51693	Q06481	TN	TN	all_matched_unflagged	all_matched_unflagged
APP	P51693	Q10651	TP	TP	all_matched_unflagged	all_matched_unflagged
APP	P51693	Q5IS80	FP	TN	all_matched_unflagged	all_matched_unflagged
APP	P51693	Q7QCS9	TP	TP	all_matched_unflagged	all_matched_unflagged
APP	Q03157	Q06335	TN	TN	all_matched_unflagged	all_matched_unflagged
APP	Q03157	Q06481	FP	TN	all_matched_unflagged	all_matched_unflagged
APP	Q03157	Q10651	TP	TP	all_matched_unflagged	all_matched_unflagged
APP	Q03157	Q5IS80	FP	TN	all_matched_unflagged	all_matched_unflagged
APP	Q03157	Q7QCS9	TP	TP	all_matched_unflagged	all_matched_unflagged
APP	Q06335	Q06481	TP	TP	all_matched_unflagged	all_matched_unflagged
APP	Q06335	Q10651	TP	TP	all_matched_unflagged	all_matched_unflagged
APP	Q06335	Q5IS80	FP	TN	all_matched_unflagged	all_matched_unflagged
APP	Q06335	Q7QCS9	TP	TP	all_matched_unflagged	all_matched_unflagged
APP	Q06481	Q10651	TP	TP	all_matched_unflagged	all_matched_unflagged
APP	Q06481	Q5IS80	FP	TN	all_matched_unflagged	all_matched_unflagged
APP	Q06481	Q7QCS9	TP	TP	all_matched_unflagged	all_matched_unflagged
APP	Q10651	Q5IS80	TP	TP	all_matched_unflagged	all_matched_unflagged
APP	Q10651	Q7QCS9	TP	TP	all_matched_unflagged	all_matched_unflagged
APP	Q5IS80	Q7QCS9	TP	TP	all_matched_unflagged	all_matched_unflagged
ASTER	A0BRT2	A4D9G4	FN	FN	all_matched_unflagged	all_matched_unflagged
ASTER	A0BRT2	A7EFA2	FN	FN	all_matched_unflagged	all_matched_unflagged
ASTER	A0BRT2	A7RTY3	FN	FN	all_matched_unflagged	all_matched_unflagged
ASTER	A0BRT2	A8IJC4	FN	FN	all_matched_unflagged	all_matched_unflagged
ASTER	A0BRT2	A9TN27	FN	FN	all_matched_unflagged	all_matched_unflagged
ASTER	A0BRT2	B7P4G5	FN	FN	all_matched_unflagged	all_matched_unflagged
ASTER	A0BRT2	C3ZJ28	FN	FN	all_matched_unflagged	all_matched_unflagged
ASTER	A0BRT2	E3JVR2	FN	FN	all_matched_unflagged	all_matched_unflagged
ASTER	A0BRT2	F1PKC8	FN	FN	all_matched_unflagged	all_matched_unflagged
ASTER	A0BRT2	F4NWI3	FN	FN	all_matched_unflagged	all_matched_unflagged
ASTER	A0BRT2	F6QLB4	FN	FN	all_matched_unflagged	missing_without_positive
ASTER	A0BRT2	F6UJ88	FN	FN	all_matched_unflagged	all_matched_unflagged
ASTER	A0BRT2	G3RC27	FN	FN	all_matched_unflagged	all_matched_unflagged
ASTER	A0BRT2	H2QFG1	FN	FN	all_matched_unflagged	all_matched_unflagged
ASTER	A0BRT2	H3GWW4	FN	FN	all_matched_unflagged	all_matched_unflagged
ASTER	A0BRT2	Q09714	FN	FN	all_matched_unflagged	all_matched_unflagged
ASTER	A0BRT2	Q09993	FN	FN	all_matched_unflagged	all_matched_unflagged
ASTER	A0BRT2	Q0V6H7	FN	FN	all_matched_unflagged	all_matched_unflagged
ASTER	A0BRT2	Q10CL8	FN	FN	all_matched_unflagged	all_matched_unflagged
ASTER	A0BRT2	Q12160	FN	FN	all_matched_unflagged	all_matched_unflagged
ASTER	A0BRT2	Q2M2T6	FN	FN	all_matched_unflagged	all_matched_unflagged
ASTER	A0BRT2	Q5KPK8	FN	FN	all_matched_unflagged	all_matched_unflagged
ASTER	A0BRT2	Q6CDT4	FN	FN	all_matched_unflagged	all_matched_unflagged
ASTER	A0BRT2	Q6PC46	FN	FN	all_matched_unflagged	all_matched_unflagged
ASTER	A0BRT2	Q6ZWX0	FN	FN	all_matched_unflagged	all_matched_unflagged
ASTER	A0BRT2	Q7QIP7	FN	FN	all_matched_unflagged	all_matched_unflagged
ASTER	A0BRT2	Q7SGX6	FN	FN	all_matched_unflagged	all_matched_unflagged
ASTER	A0BRT2	Q86H65	FN	FN	all_matched_unflagged	all_matched_unflagged
ASTER	A0BRT2	Q9SD88	FN	FN	all_matched_unflagged	all_matched_unflagged
ASTER	A0BRT2	Q9VRJ8	FN	FN	all_matched_unflagged	all_matched_unflagged
ASTER	A0BRT2	Q9Y284	FN	FN	all_matched_unflagged	all_matched_unflagged
ASTER	A4D9G4	A7EFA2	TP	TP	all_matched_unflagged	all_matched_unflagged
ASTER	A4D9G4	A7RTY3	FN	FN	all_matched_unflagged	all_matched_unflagged
ASTER	A4D9G4	A8IJC4	FN	FN	all_matched_unflagged	all_matched_unflagged
ASTER	A4D9G4	A9TN27	FN	FN	all_matched_unflagged	all_matched_unflagged
ASTER	A4D9G4	B7P4G5	FN	FN	all_matched_unflagged	all_matched_unflagged
ASTER	A4D9G4	C3ZJ28	FN	FN	all_matched_unflagged	all_matched_unflagged
ASTER	A4D9G4	E3JVR2	FN	FN	all_matched_unflagged	all_matched_unflagged
ASTER	A4D9G4	F1PKC8	FN	FN	all_matched_unflagged	all_matched_unflagged
ASTER	A4D9G4	F4NWI3	FN	FN	all_matched_unflagged	all_matched_unflagged
ASTER	A4D9G4	F6QLB4	FN	FN	all_matched_unflagged	missing_without_positive
ASTER	A4D9G4	F6UJ88	FN	FN	all_matched_unflagged	all_matched_unflagged
ASTER	A4D9G4	G3RC27	FN	FN	all_matched_unflagged	all_matched_unflagged
ASTER	A4D9G4	H2QFG1	FN	FN	all_matched_unflagged	all_matched_unflagged
ASTER	A4D9G4	H3GWW4	FN	FN	all_matched_unflagged	all_matched_unflagged
ASTER	A4D9G4	Q09714	FN	FN	all_matched_unflagged	all_matched_unflagged
ASTER	A4D9G4	Q09993	FN	FN	all_matched_unflagged	all_matched_unflagged
ASTER	A4D9G4	Q0V6H7	TP	TP	all_matched_unflagged	all_matched_unflagged
ASTER	A4D9G4	Q10CL8	FN	FN	all_matched_unflagged	all_matched_unflagged
ASTER	A4D9G4	Q12160	TP	TP	all_matched_unflagged	all_matched_unflagged
ASTER	A4D9G4	Q2M2T6	FN	FN	all_matched_unflagged	all_matched_unflagged
ASTER	A4D9G4	Q5KPK8	FN	FN	all_matched_unflagged	all_matched_unflagged
ASTER	A4D9G4	Q6CDT4	TP	TP	all_matched_unflagged	all_matched_unflagged
ASTER	A4D9G4	Q6PC46	FN	FN	all_matched_unflagged	all_matched_unflagged
ASTER	A4D9G4	Q6ZWX0	FN	FN	all_matched_unflagged	all_matched_unflagged
ASTER	A4D9G4	Q7QIP7	FN	FN	all_matched_unflagged	all_matched_unflagged
ASTER	A4D9G4	Q7SGX6	TP	TP	all_matched_unflagged	all_matched_unflagged
ASTER	A4D9G4	Q86H65	FN	FN	all_matched_unflagged	all_matched_unflagged
ASTER	A4D9G4	Q9SD88	FN	FN	all_matched_unflagged	all_matched_unflagged
ASTER	A4D9G4	Q9VRJ8	FN	FN	all_matched_unflagged	all_matched_unflagged
ASTER	A4D9G4	Q9Y284	FN	FN	all_matched_unflagged	all_matched_unflagged
ASTER	A7EFA2	A7RTY3	FN	FN	all_matched_unflagged	all_matched_unflagged
ASTER	A7EFA2	A8IJC4	FN	FN	all_matched_unflagged	all_matched_unflagged
ASTER	A7EFA2	A9TN27	FN	FN	all_matched_unflagged	all_matched_unflagged
ASTER	A7EFA2	B7P4G5	FN	FN	all_matched_unflagged	all_matched_unflagged
ASTER	A7EFA2	C3ZJ28	FN	FN	all_matched_unflagged	all_matched_unflagged
ASTER	A7EFA2	E3JVR2	FN	FN	all_matched_unflagged	all_matched_unflagged
ASTER	A7EFA2	F1PKC8	FN	FN	all_matched_unflagged	all_matched_unflagged
ASTER	A7EFA2	F4NWI3	FN	FN	all_matched_unflagged	all_matched_unflagged
ASTER	A7EFA2	F6QLB4	FN	FN	all_matched_unflagged	missing_without_positive
ASTER	A7EFA2	F6UJ88	FN	FN	all_matched_unflagged	all_matched_unflagged
ASTER	A7EFA2	G3RC27	FN	FN	all_matched_unflagged	all_matched_unflagged
ASTER	A7EFA2	H2QFG1	FN	FN	all_matched_unflagged	all_matched_unflagged
ASTER	A7EFA2	H3GWW4	FN	FN	all_matched_unflagged	all_matched_unflagged
ASTER	A7EFA2	Q09714	FN	FN	all_matched_unflagged	all_matched_unflagged
ASTER	A7EFA2	Q09993	FN	FN	all_matched_unflagged	all_matched_unflagged
ASTER	A7EFA2	Q0V6H7	TP	TP	all_matched_unflagged	all_matched_unflagged
ASTER	A7EFA2	Q10CL8	FN	FN	all_matched_unflagged	all_matched_unflagged
ASTER	A7EFA2	Q12160	TP	TP	all_matched_unflagged	all_matched_unflagged
ASTER	A7EFA2	Q2M2T6	FN	FN	all_matched_unflagged	all_matched_unflagged
ASTER	A7EFA2	Q5KPK8	FN	FN	all_matched_unflagged	all_matched_unflagged
ASTER	A7EFA2	Q6CDT4	TP	TP	all_matched_unflagged	all_matched_unflagged
ASTER	A7EFA2	Q6PC46	FN	FN	all_matched_unflagged	all_matched_unflagged
ASTER	A7EFA2	Q6ZWX0	FN	FN	all_matched_unflagged	all_matched_unflagged
ASTER	A7EFA2	Q7QIP7	FN	FN	all_matched_unflagged	all_matched_unflagged
ASTER	A7EFA2	Q7SGX6	TP	TP	all_matched_unflagged	all_matched_unflagged
ASTER	A7EFA2	Q86H65	FN	FN	all_matched_unflagged	all_matched_unflagged
ASTER	A7EFA2	Q9SD88	FN	FN	all_matched_unflagged	all_matched_unflagged
ASTER	A7EFA2	Q9VRJ8	FN	FN	all_matched_unflagged	all_matched_unflagged
ASTER	A7EFA2	Q9Y284	FN	FN	all_matched_unflagged	all_matched_unflagged
ASTER	A7RTY3	A8IJC4	FN	FN	all_matched_unflagged	all_matched_unflagged
ASTER	A7RTY3	A9TN27	FN	FN	all_matched_unflagged	all_matched_unflagged
ASTER	A7RTY3	B7P4G5	TP	TP	all_matched_unflagged	all_matched_unflagged
ASTER	A7RTY3	C3ZJ28	TP	TP	all_matched_unflagged	all_matched_unflagged
ASTER	A7RTY3	E3JVR2	FN	FN	all_matched_unflagged	all_matched_unflagged
ASTER	A7RTY3	F1PKC8	TP	TP	all_matched_unflagged	all_matched_unflagged
ASTER	A7RTY3	F4NWI3	FN	FN	all_matched_unflagged	all_matched_unflagged
ASTER	A7RTY3	F6QLB4	TP	TP	all_matched_unflagged	missing_without_positive
ASTER	A7RTY3	F6UJ88	TP	TP	all_matched_unflagged	all_matched_unflagged
ASTER	A7RTY3	G3RC27	TP	TP	all_matched_unflagged	all_matched_unflagged
ASTER	A7RTY3	H2QFG1	TP	TP	all_matched_unflagged	all_matched_unflagged
ASTER	A7RTY3	H3GWW4	FN	FN	all_matched_unflagged	all_matched_unflagged
ASTER	A7RTY3	Q09714	FN	FN	all_matched_unflagged	all_matched_unflagged
ASTER	A7RTY3	Q09993	TP	TP	all_matched_unflagged	all_matched_unflagged
ASTER	A7RTY3	Q0V6H7	FN	FN	all_matched_unflagged	all_matched_unflagged
ASTER	A7RTY3	Q10CL8	FN	FN	all_matched_unflagged	all_matched_unflagged
ASTER	A7RTY3	Q12160	FN	FN	all_matched_unflagged	all_matched_unflagged
ASTER	A7RTY3	Q2M2T6	TP	TP	all_matched_unflagged	all_matched_unflagged
ASTER	A7RTY3	Q5KPK8	FN	FN	all_matched_unflagged	all_matched_unflagged
ASTER	A7RTY3	Q6CDT4	FN	FN	all_matched_unflagged	all_matched_unflagged
ASTER	A7RTY3	Q6PC46	TP	TP	all_matched_unflagged	all_matched_unflagged
ASTER	A7RTY3	Q6ZWX0	TP	TP	all_matched_unflagged	all_matched_unflagged
ASTER	A7RTY3	Q7QIP7	TP	TP	all_matched_unflagged	all_matched_unflagged
ASTER	A7RTY3	Q7SGX6	FN	FN	all_matched_unflagged	all_matched_unflagged
ASTER	A7RTY3	Q86H65	FN	FN	all_matched_unflagged	all_matched_unflagged
ASTER	A7RTY3	Q9SD88	FN	FN	all_matched_unflagged	all_matched_unflagged
ASTER	A7RTY3	Q9VRJ8	TP	TP	all_matched_unflagged	all_matched_unflagged
ASTER	A7RTY3	Q9Y284	TP	TP	all_matched_unflagged	all_matched_unflagged
ASTER	A8IJC4	A9TN27	FN	FN	all_matched_unflagged	all_matched_unflagged
ASTER	A8IJC4	B7P4G5	FN	FN	all_matched_unflagged	all_matched_unflagged
ASTER	A8IJC4	C3ZJ28	FN	FN	all_matched_unflagged	all_matched_unflagged
ASTER	A8IJC4	E3JVR2	FN	FN	all_matched_unflagged	all_matched_unflagged
ASTER	A8IJC4	F1PKC8	FN	FN	all_matched_unflagged	all_matched_unflagged
ASTER	A8IJC4	F4NWI3	FN	FN	all_matched_unflagged	all_matched_unflagged
ASTER	A8IJC4	F6QLB4	FN	FN	all_matched_unflagged	missing_without_positive
ASTER	A8IJC4	F6UJ88	FN	FN	all_matched_unflagged	all_matched_unflagged
ASTER	A8IJC4	G3RC27	FN	FN	all_matched_unflagged	all_matched_unflagged
ASTER	A8IJC4	H2QFG1	FN	FN	all_matched_unflagged	all_matched_unflagged
ASTER	A8IJC4	H3GWW4	FN	FN	all_matched_unflagged	all_matched_unflagged
ASTER	A8IJC4	Q09714	FN	FN	all_matched_unflagged	all_matched_unflagged
ASTER	A8IJC4	Q09993	FN	FN	all_matched_unflagged	all_matched_unflagged
ASTER	A8IJC4	Q0V6H7	FN	FN	all_matched_unflagged	all_matched_unflagged
ASTER	A8IJC4	Q10CL8	FN	FN	all_matched_unflagged	all_matched_unflagged
ASTER	A8IJC4	Q12160	FN	FN	all_matched_unflagged	all_matched_unflagged
ASTER	A8IJC4	Q2M2T6	FN	FN	all_matched_unflagged	all_matched_unflagged
ASTER	A8IJC4	Q5KPK8	FN	FN	all_matched_unflagged	all_matched_unflagged
ASTER	A8IJC4	Q6CDT4	FN	FN	all_matched_unflagged	all_matched_unflagged
ASTER	A8IJC4	Q6PC46	FN	FN	all_matched_unflagged	all_matched_unflagged
ASTER	A8IJC4	Q6ZWX0	FN	FN	all_matched_unflagged	all_matched_unflagged
ASTER	A8IJC4	Q7QIP7	FN	FN	all_matched_unflagged	all_matched_unflagged
ASTER	A8IJC4	Q7SGX6	FN	FN	all_matched_unflagged	all_matched_unflagged
ASTER	A8IJC4	Q86H65	FN	FN	all_matched_unflagged	all_matched_unflagged
ASTER	A8IJC4	Q9SD88	FN	FN	all_matched_unflagged	all_matched_unflagged
ASTER	A8IJC4	Q9VRJ8	FN	FN	all_matched_unflagged	all_matched_unflagged
ASTER	A8IJC4	Q9Y284	FN	FN	all_matched_unflagged	all_matched_unflagged
ASTER	A9TN27	B7P4G5	FN	FN	all_matched_unflagged	all_matched_unflagged
ASTER	A9TN27	C3ZJ28	FN	FN	all_matched_unflagged	all_matched_unflagged
ASTER	A9TN27	E3JVR2	FN	FN	all_matched_unflagged	all_matched_unflagged
ASTER	A9TN27	F1PKC8	FN	FN	all_matched_unflagged	all_matched_unflagged
ASTER	A9TN27	F4NWI3	FN	FN	all_matched_unflagged	all_matched_unflagged
ASTER	A9TN27	F6QLB4	FN	FN	all_matched_unflagged	missing_without_positive
ASTER	A9TN27	F6UJ88	FN	FN	all_matched_unflagged	all_matched_unflagged
ASTER	A9TN27	G3RC27	FN	FN	all_matched_unflagged	all_matched_unflagged
ASTER	A9TN27	H2QFG1	FN	FN	all_matched_unflagged	all_matched_unflagged
ASTER	A9TN27	H3GWW4	FN	FN	all_matched_unflagged	all_matched_unflagged
ASTER	A9TN27	Q09714	FN	FN	all_matched_unflagged	all_matched_unflagged
ASTER	A9TN27	Q09993	FN	FN	all_matched_unflagged	all_matched_unflagged
ASTER	A9TN27	Q0V6H7	FN	FN	all_matched_unflagged	all_matched_unflagged
ASTER	A9TN27	Q10CL8	TP	TP	all_matched_unflagged	all_matched_unflagged
ASTER	A9TN27	Q12160	FN	FN	all_matched_unflagged	all_matched_unflagged
ASTER	A9TN27	Q2M2T6	FN	FN	all_matched_unflagged	all_matched_unflagged
ASTER	A9TN27	Q5KPK8	FN	FN	all_matched_unflagged	all_matched_unflagged
ASTER	A9TN27	Q6CDT4	FN	FN	all_matched_unflagged	all_matched_unflagged
ASTER	A9TN27	Q6PC46	FN	FN	all_matched_unflagged	all_matched_unflagged
ASTER	A9TN27	Q6ZWX0	FN	FN	all_matched_unflagged	all_matched_unflagged
ASTER	A9TN27	Q7QIP7	FN	FN	all_matched_unflagged	all_matched_unflagged
ASTER	A9TN27	Q7SGX6	FN	FN	all_matched_unflagged	all_matched_unflagged
ASTER	A9TN27	Q86H65	FN	FN	all_matched_unflagged	all_matched_unflagged
ASTER	A9TN27	Q9SD88	TP	TP	all_matched_unflagged	all_matched_unflagged
ASTER	A9TN27	Q9VRJ8	FN	FN	all_matched_unflagged	all_matched_unflagged
ASTER	A9TN27	Q9Y284	FN	FN	all_matched_unflagged	all_matched_unflagged
ASTER	B7P4G5	C3ZJ28	TP	TP	all_matched_unflagged	all_matched_unflagged
ASTER	B7P4G5	E3JVR2	FN	FN	all_matched_unflagged	all_matched_unflagged
ASTER	B7P4G5	F1PKC8	TP	TP	all_matched_unflagged	all_matched_unflagged
ASTER	B7P4G5	F4NWI3	FN	FN	all_matched_unflagged	all_matched_unflagged
ASTER	B7P4G5	F6QLB4	TP	TP	all_matched_unflagged	missing_without_positive
ASTER	B7P4G5	F6UJ88	TP	TP	all_matched_unflagged	all_matched_unflagged
ASTER	B7P4G5	G3RC27	TP	TP	all_matched_unflagged	all_matched_unflagged
ASTER	B7P4G5	H2QFG1	TP	TP	all_matched_unflagged	all_matched_unflagged
ASTER	B7P4G5	H3GWW4	FN	FN	all_matched_unflagged	all_matched_unflagged
ASTER	B7P4G5	Q09714	FN	FN	all_matched_unflagged	all_matched_unflagged
ASTER	B7P4G5	Q09993	TP	TP	all_matched_unflagged	all_matched_unflagged
ASTER	B7P4G5	Q0V6H7	FN	FN	all_matched_unflagged	all_matched_unflagged
ASTER	B7P4G5	Q10CL8	FN	FN	all_matched_unflagged	all_matched_unflagged
ASTER	B7P4G5	Q12160	FN	FN	all_matched_unflagged	all_matched_unflagged
ASTER	B7P4G5	Q2M2T6	TP	TP	all_matched_unflagged	all_matched_unflagged
ASTER	B7P4G5	Q5KPK8	FN	FN	all_matched_unflagged	all_matched_unflagged
ASTER	B7P4G5	Q6CDT4	FN	FN	all_matched_unflagged	all_matched_unflagged
ASTER	B7P4G5	Q6PC46	TP	TP	all_matched_unflagged	all_matched_unflagged
ASTER	B7P4G5	Q6ZWX0	TP	TP	all_matched_unflagged	all_matched_unflagged
ASTER	B7P4G5	Q7QIP7	TP	TP	all_matched_unflagged	all_matched_unflagged
ASTER	B7P4G5	Q7SGX6	FN	FN	all_matched_unflagged	all_matched_unflagged
ASTER	B7P4G5	Q86H65	FN	FN	all_matched_unflagged	all_matched_unflagged
ASTER	B7P4G5	Q9SD88	FN	FN	all_matched_unflagged	all_matched_unflagged
ASTER	B7P4G5	Q9VRJ8	TP	TP	all_matched_unflagged	all_matched_unflagged
ASTER	B7P4G5	Q9Y284	TP	TP	all_matched_unflagged	all_matched_unflagged
ASTER	C3ZJ28	E3JVR2	FN	FN	all_matched_unflagged	all_matched_unflagged
ASTER	C3ZJ28	F1PKC8	TP	TP	all_matched_unflagged	all_matched_unflagged
ASTER	C3ZJ28	F4NWI3	FN	FN	all_matched_unflagged	all_matched_unflagged
ASTER	C3ZJ28	F6QLB4	TP	TP	all_matched_unflagged	missing_without_positive
ASTER	C3ZJ28	F6UJ88	TP	TP	all_matched_unflagged	all_matched_unflagged
ASTER	C3ZJ28	G3RC27	TP	TP	all_matched_unflagged	all_matched_unflagged
ASTER	C3ZJ28	H2QFG1	TP	TP	all_matched_unflagged	all_matched_unflagged
ASTER	C3ZJ28	H3GWW4	FN	FN	all_matched_unflagged	all_matched_unflagged
ASTER	C3ZJ28	Q09714	FN	FN	all_matched_unflagged	all_matched_unflagged
ASTER	C3ZJ28	Q09993	TP	TP	all_matched_unflagged	all_matched_unflagged
ASTER	C3ZJ28	Q0V6H7	FN	FN	all_matched_unflagged	all_matched_unflagged
ASTER	C3ZJ28	Q10CL8	FN	FN	all_matched_unflagged	all_matched_unflagged
ASTER	C3ZJ28	Q12160	FN	FN	all_matched_unflagged	all_matched_unflagged
ASTER	C3ZJ28	Q2M2T6	TP	TP	all_matched_unflagged	all_matched_unflagged
ASTER	C3ZJ28	Q5KPK8	FN	FN	all_matched_unflagged	all_matched_unflagged
ASTER	C3ZJ28	Q6CDT4	FN	FN	all_matched_unflagged	all_matched_unflagged
ASTER	C3ZJ28	Q6PC46	TP	TP	all_matched_unflagged	all_matched_unflagged
ASTER	C3ZJ28	Q6ZWX0	TP	TP	all_matched_unflagged	all_matched_unflagged
ASTER	C3ZJ28	Q7QIP7	TP	TP	all_matched_unflagged	all_matched_unflagged
ASTER	C3ZJ28	Q7SGX6	FN	FN	all_matched_unflagged	all_matched_unflagged
ASTER	C3ZJ28	Q86H65	FN	FN	all_matched_unflagged	all_matched_unflagged
ASTER	C3ZJ28	Q9SD88	FN	FN	all_matched_unflagged	all_matched_unflagged
ASTER	C3ZJ28	Q9VRJ8	TP	TP	all_matched_unflagged	all_matched_unflagged
ASTER	C3ZJ28	Q9Y284	TP	TP	all_matched_unflagged	all_matched_unflagged
ASTER	E3JVR2	F1PKC8	FN	FN	all_matched_unflagged	all_matched_unflagged
ASTER	E3JVR2	F4NWI3	FN	FN	all_matched_unflagged	all_matched_unflagged
ASTER	E3JVR2	F6QLB4	FN	FN	all_matched_unflagged	missing_without_positive
ASTER	E3JVR2	F6UJ88	FN	FN	all_matched_unflagged	all_matched_unflagged
ASTER	E3JVR2	G3RC27	FN	FN	all_matched_unflagged	all_matched_unflagged
ASTER	E3JVR2	H2QFG1	FN	FN	all_matched_unflagged	all_matched_unflagged
ASTER	E3JVR2	H3GWW4	FN	FN	all_matched_unflagged	all_matched_unflagged
ASTER	E3JVR2	Q09714	FN	FN	all_matched_unflagged	all_matched_unflagged
ASTER	E3JVR2	Q09993	FN	FN	all_matched_unflagged	all_matched_unflagged
ASTER	E3JVR2	Q0V6H7	FN	FN	all_matched_unflagged	all_matched_unflagged
ASTER	E3JVR2	Q10CL8	FN	FN	all_matched_unflagged	all_matched_unflagged
ASTER	E3JVR2	Q12160	FN	FN	all_matched_unflagged	all_matched_unflagged
ASTER	E3JVR2	Q2M2T6	FN	FN	all_matched_unflagged	all_matched_unflagged
ASTER	E3JVR2	Q5KPK8	FN	FN	all_matched_unflagged	all_matched_unflagged
ASTER	E3JVR2	Q6CDT4	FN	FN	all_matched_unflagged	all_matched_unflagged
ASTER	E3JVR2	Q6PC46	FN	FN	all_matched_unflagged	all_matched_unflagged
ASTER	E3JVR2	Q6ZWX0	FN	FN	all_matched_unflagged	all_matched_unflagged
ASTER	E3JVR2	Q7QIP7	FN	FN	all_matched_unflagged	all_matched_unflagged
ASTER	E3JVR2	Q7SGX6	FN	FN	all_matched_unflagged	all_matched_unflagged
ASTER	E3JVR2	Q86H65	FN	FN	all_matched_unflagged	all_matched_unflagged
ASTER	E3JVR2	Q9SD88	FN	FN	all_matched_unflagged	all_matched_unflagged
ASTER	E3JVR2	Q9VRJ8	FN	FN	all_matched_unflagged	all_matched_unflagged
ASTER	E3JVR2	Q9Y284	FN	FN	all_matched_unflagged	all_matched_unflagged
ASTER	F1PKC8	F4NWI3	FN	FN	all_matched_unflagged	all_matched_unflagged
ASTER	F1PKC8	F6QLB4	TP	TP	all_matched_unflagged	missing_without_positive
ASTER	F1PKC8	F6UJ88	TP	TP	all_matched_unflagged	all_matched_unflagged
ASTER	F1PKC8	G3RC27	TP	TP	all_matched_unflagged	all_matched_unflagged
ASTER	F1PKC8	H2QFG1	TP	TP	all_matched_unflagged	all_matched_unflagged
ASTER	F1PKC8	H3GWW4	FN	FN	all_matched_unflagged	all_matched_unflagged
ASTER	F1PKC8	Q09714	FN	FN	all_matched_unflagged	all_matched_unflagged
ASTER	F1PKC8	Q09993	TP	TP	all_matched_unflagged	all_matched_unflagged
ASTER	F1PKC8	Q0V6H7	FN	FN	all_matched_unflagged	all_matched_unflagged
ASTER	F1PKC8	Q10CL8	FN	FN	all_matched_unflagged	all_matched_unflagged
ASTER	F1PKC8	Q12160	FN	FN	all_matched_unflagged	all_matched_unflagged
ASTER	F1PKC8	Q2M2T6	TP	TP	all_matched_unflagged	all_matched_unflagged
ASTER	F1PKC8	Q5KPK8	FN	FN	all_matched_unflagged	all_matched_unflagged
ASTER	F1PKC8	Q6CDT4	FN	FN	all_matched_unflagged	all_matched_unflagged
ASTER	F1PKC8	Q6PC46	TP	TP	all_matched_unflagged	all_matched_unflagged
ASTER	F1PKC8	Q6ZWX0	TP	TP	all_matched_unflagged	all_matched_unflagged
ASTER	F1PKC8	Q7QIP7	TP	TP	all_matched_unflagged	all_matched_unflagged
ASTER	F1PKC8	Q7SGX6	FN	FN	all_matched_unflagged	all_matched_unflagged
ASTER	F1PKC8	Q86H65	FN	FN	all_matched_unflagged	all_matched_unflagged
ASTER	F1PKC8	Q9SD88	FN	FN	all_matched_unflagged	all_matched_unflagged
ASTER	F1PKC8	Q9VRJ8	TP	TP	all_matched_unflagged	all_matched_unflagged
ASTER	F1PKC8	Q9Y284	TP	TP	all_matched_unflagged	all_matched_unflagged
ASTER	F4NWI3	F6QLB4	FN	FN	all_matched_unflagged	missing_without_positive
ASTER	F4NWI3	F6UJ88	FN	FN	all_matched_unflagged	all_matched_unflagged
ASTER	F4NWI3	G3RC27	FN	FN	all_matched_unflagged	all_matched_unflagged
ASTER	F4NWI3	H2QFG1	FN	FN	all_matched_unflagged	all_matched_unflagged
ASTER	F4NWI3	H3GWW4	TP	TP	all_matched_unflagged	all_matched_unflagged
ASTER	F4NWI3	Q09714	FN	FN	all_matched_unflagged	all_matched_unflagged
ASTER	F4NWI3	Q09993	FN	FN	all_matched_unflagged	all_matched_unflagged
ASTER	F4NWI3	Q0V6H7	FN	FN	all_matched_unflagged	all_matched_unflagged
ASTER	F4NWI3	Q10CL8	FN	FN	all_matched_unflagged	all_matched_unflagged
ASTER	F4NWI3	Q12160	FN	FN	all_matched_unflagged	all_matched_unflagged
ASTER	F4NWI3	Q2M2T6	FN	FN	all_matched_unflagged	all_matched_unflagged
ASTER	F4NWI3	Q5KPK8	FN	FN	all_matched_unflagged	all_matched_unflagged
ASTER	F4NWI3	Q6CDT4	FN	FN	all_matched_unflagged	all_matched_unflagged
ASTER	F4NWI3	Q6PC46	FN	FN	all_matched_unflagged	all_matched_unflagged
ASTER	F4NWI3	Q6ZWX0	FN	FN	all_matched_unflagged	all_matched_unflagged
ASTER	F4NWI3	Q7QIP7	FN	FN	all_matched_unflagged	all_matched_unflagged
ASTER	F4NWI3	Q7SGX6	FN	FN	all_matched_unflagged	all_matched_unflagged
ASTER	F4NWI3	Q86H65	FN	FN	all_matched_unflagged	all_matched_unflagged
ASTER	F4NWI3	Q9SD88	FN	FN	all_matched_unflagged	all_matched_unflagged
ASTER	F4NWI3	Q9VRJ8	FN	FN	all_matched_unflagged	all_matched_unflagged
ASTER	F4NWI3	Q9Y284	FN	FN	all_matched_unflagged	all_matched_unflagged
ASTER	F6QLB4	F6UJ88	TP	TP	all_matched_unflagged	missing_without_positive
ASTER	F6QLB4	G3RC27	TP	TP	all_matched_unflagged	missing_without_positive
ASTER	F6QLB4	H2QFG1	TP	TP	all_matched_unflagged	missing_without_positive
ASTER	F6QLB4	H3GWW4	FN	FN	all_matched_unflagged	missing_without_positive
ASTER	F6QLB4	Q09714	FN	FN	all_matched_unflagged	missing_without_positive
ASTER	F6QLB4	Q09993	TP	TP	all_matched_unflagged	missing_without_positive
ASTER	F6QLB4	Q0V6H7	FN	FN	all_matched_unflagged	missing_without_positive
ASTER	F6QLB4	Q10CL8	FN	FN	all_matched_unflagged	missing_without_positive
ASTER	F6QLB4	Q12160	FN	FN	all_matched_unflagged	missing_without_positive
ASTER	F6QLB4	Q2M2T6	TP	TP	all_matched_unflagged	missing_without_positive
ASTER	F6QLB4	Q5KPK8	FN	FN	all_matched_unflagged	missing_without_positive
ASTER	F6QLB4	Q6CDT4	FN	FN	all_matched_unflagged	missing_without_positive
ASTER	F6QLB4	Q6PC46	TP	TP	all_matched_unflagged	missing_without_positive
ASTER	F6QLB4	Q6ZWX0	TP	TP	all_matched_unflagged	missing_without_positive
ASTER	F6QLB4	Q7QIP7	TP	TP	all_matched_unflagged	missing_without_positive
ASTER	F6QLB4	Q7SGX6	FN	FN	all_matched_unflagged	missing_without_positive
ASTER	F6QLB4	Q86H65	FN	FN	all_matched_unflagged	missing_without_positive
ASTER	F6QLB4	Q9SD88	FN	FN	all_matched_unflagged	missing_without_positive
ASTER	F6QLB4	Q9VRJ8	TP	TP	all_matched_unflagged	missing_without_positive
ASTER	F6QLB4	Q9Y284	TP	TP	all_matched_unflagged	missing_without_positive
ASTER	F6UJ88	G3RC27	TP	TP	all_matched_unflagged	all_matched_unflagged
ASTER	F6UJ88	H2QFG1	TP	TP	all_matched_unflagged	all_matched_unflagged
ASTER	F6UJ88	H3GWW4	FN	FN	all_matched_unflagged	all_matched_unflagged
ASTER	F6UJ88	Q09714	FN	FN	all_matched_unflagged	all_matched_unflagged
ASTER	F6UJ88	Q09993	TP	TP	all_matched_unflagged	all_matched_unflagged
ASTER	F6UJ88	Q0V6H7	FN	FN	all_matched_unflagged	all_matched_unflagged
ASTER	F6UJ88	Q10CL8	FN	FN	all_matched_unflagged	all_matched_unflagged
ASTER	F6UJ88	Q12160	FN	FN	all_matched_unflagged	all_matched_unflagged
ASTER	F6UJ88	Q2M2T6	TP	TP	all_matched_unflagged	all_matched_unflagged
ASTER	F6UJ88	Q5KPK8	FN	FN	all_matched_unflagged	all_matched_unflagged
ASTER	F6UJ88	Q6CDT4	FN	FN	all_matched_unflagged	all_matched_unflagged
ASTER	F6UJ88	Q6PC46	TP	TP	all_matched_unflagged	all_matched_unflagged
ASTER	F6UJ88	Q6ZWX0	TP	TP	all_matched_unflagged	all_matched_unflagged
ASTER	F6UJ88	Q7QIP7	TP	TP	all_matched_unflagged	all_matched_unflagged
ASTER	F6UJ88	Q7SGX6	FN	FN	all_matched_unflagged	all_matched_unflagged
ASTER	F6UJ88	Q86H65	FN	FN	all_matched_unflagged	all_matched_unflagged
ASTER	F6UJ88	Q9SD88	FN	FN	all_matched_unflagged	all_matched_unflagged
ASTER	F6UJ88	Q9VRJ8	TP	TP	all_matched_unflagged	all_matched_unflagged
ASTER	F6UJ88	Q9Y284	TP	TP	all_matched_unflagged	all_matched_unflagged
ASTER	G3RC27	H2QFG1	TP	TP	all_matched_unflagged	all_matched_unflagged
ASTER	G3RC27	H3GWW4	FN	FN	all_matched_unflagged	all_matched_unflagged
ASTER	G3RC27	Q09714	FN	FN	all_matched_unflagged	all_matched_unflagged
ASTER	G3RC27	Q09993	TP	TP	all_matched_unflagged	all_matched_unflagged
ASTER	G3RC27	Q0V6H7	FN	FN	all_matched_unflagged	all_matched_unflagged
ASTER	G3RC27	Q10CL8	FN	FN	all_matched_unflagged	all_matched_unflagged
ASTER	G3RC27	Q12160	FN	FN	all_matched_unflagged	all_matched_unflagged
ASTER	G3RC27	Q2M2T6	TP	TP	all_matched_unflagged	all_matched_unflagged
ASTER	G3RC27	Q5KPK8	FN	FN	all_matched_unflagged	all_matched_unflagged
ASTER	G3RC27	Q6CDT4	FN	FN	all_matched_unflagged	all_matched_unflagged
ASTER	G3RC27	Q6PC46	TP	TP	all_matched_unflagged	all_matched_unflagged
ASTER	G3RC27	Q6ZWX0	TP	TP	all_matched_unflagged	all_matched_unflagged
ASTER	G3RC27	Q7QIP7	TP	TP	all_matched_unflagged	all_matched_unflagged
ASTER	G3RC27	Q7SGX6	FN	FN	all_matched_unflagged	all_matched_unflagged
ASTER	G3RC27	Q86H65	FN	FN	all_matched_unflagged	all_matched_unflagged
ASTER	G3RC27	Q9SD88	FN	FN	all_matched_unflagged	all_matched_unflagged
ASTER	G3RC27	Q9VRJ8	TP	TP	all_matched_unflagged	all_matched_unflagged
ASTER	G3RC27	Q9Y284	TP	TP	all_matched_unflagged	all_matched_unflagged
ASTER	H2QFG1	H3GWW4	FN	FN	all_matched_unflagged	all_matched_unflagged
ASTER	H2QFG1	Q09714	FN	FN	all_matched_unflagged	all_matched_unflagged
ASTER	H2QFG1	Q09993	TP	TP	all_matched_unflagged	all_matched_unflagged
ASTER	H2QFG1	Q0V6H7	FN	FN	all_matched_unflagged	all_matched_unflagged
ASTER	H2QFG1	Q10CL8	FN	FN	all_matched_unflagged	all_matched_unflagged
ASTER	H2QFG1	Q12160	FN	FN	all_matched_unflagged	all_matched_unflagged
ASTER	H2QFG1	Q2M2T6	TP	TP	all_matched_unflagged	all_matched_unflagged
ASTER	H2QFG1	Q5KPK8	FN	FN	all_matched_unflagged	all_matched_unflagged
ASTER	H2QFG1	Q6CDT4	FN	FN	all_matched_unflagged	all_matched_unflagged
ASTER	H2QFG1	Q6PC46	TP	TP	all_matched_unflagged	all_matched_unflagged
ASTER	H2QFG1	Q6ZWX0	TP	TP	all_matched_unflagged	all_matched_unflagged
ASTER	H2QFG1	Q7QIP7	TP	TP	all_matched_unflagged	all_matched_unflagged
ASTER	H2QFG1	Q7SGX6	FN	FN	all_matched_unflagged	all_matched_unflagged
ASTER	H2QFG1	Q86H65	FN	FN	all_matched_unflagged	all_matched_unflagged
ASTER	H2QFG1	Q9SD88	FN	FN	all_matched_unflagged	all_matched_unflagged
ASTER	H2QFG1	Q9VRJ8	TP	TP	all_matched_unflagged	all_matched_unflagged
ASTER	H2QFG1	Q9Y284	TP	TP	all_matched_unflagged	all_matched_unflagged
ASTER	H3GWW4	Q09714	FN	FN	all_matched_unflagged	all_matched_unflagged
ASTER	H3GWW4	Q09993	FN	FN	all_matched_unflagged	all_matched_unflagged
ASTER	H3GWW4	Q0V6H7	FN	FN	all_matched_unflagged	all_matched_unflagged
ASTER	H3GWW4	Q10CL8	FN	FN	all_matched_unflagged	all_matched_unflagged
ASTER	H3GWW4	Q12160	FN	FN	all_matched_unflagged	all_matched_unflagged
ASTER	H3GWW4	Q2M2T6	FN	FN	all_matched_unflagged	all_matched_unflagged
ASTER	H3GWW4	Q5KPK8	FN	FN	all_matched_unflagged	all_matched_unflagged
ASTER	H3GWW4	Q6CDT4	FN	FN	all_matched_unflagged	all_matched_unflagged
ASTER	H3GWW4	Q6PC46	FN	FN	all_matched_unflagged	all_matched_unflagged
ASTER	H3GWW4	Q6ZWX0	FN	FN	all_matched_unflagged	all_matched_unflagged
ASTER	H3GWW4	Q7QIP7	FN	FN	all_matched_unflagged	all_matched_unflagged
ASTER	H3GWW4	Q7SGX6	FN	FN	all_matched_unflagged	all_matched_unflagged
ASTER	H3GWW4	Q86H65	FN	FN	all_matched_unflagged	all_matched_unflagged
ASTER	H3GWW4	Q9SD88	FN	FN	all_matched_unflagged	all_matched_unflagged
ASTER	H3GWW4	Q9VRJ8	FN	FN	all_matched_unflagged	all_matched_unflagged
ASTER	H3GWW4	Q9Y284	FN	FN	all_matched_unflagged	all_matched_unflagged
ASTER	Q09714	Q09993	FN	FN	all_matched_unflagged	all_matched_unflagged
ASTER	Q09714	Q0V6H7	FN	FN	all_matched_unflagged	all_matched_unflagged
ASTER	Q09714	Q10CL8	FN	FN	all_matched_unflagged	all_matched_unflagged
ASTER	Q09714	Q12160	FN	FN	all_matched_unflagged	all_matched_unflagged
ASTER	Q09714	Q2M2T6	FN	FN	all_matched_unflagged	all_matched_unflagged
ASTER	Q09714	Q5KPK8	FN	FN	all_matched_unflagged	all_matched_unflagged
ASTER	Q09714	Q6CDT4	FN	FN	all_matched_unflagged	all_matched_unflagged
ASTER	Q09714	Q6PC46	FN	FN	all_matched_unflagged	all_matched_unflagged
ASTER	Q09714	Q6ZWX0	FN	FN	all_matched_unflagged	all_matched_unflagged
ASTER	Q09714	Q7QIP7	FN	FN	all_matched_unflagged	all_matched_unflagged
ASTER	Q09714	Q7SGX6	FN	FN	all_matched_unflagged	all_matched_unflagged
ASTER	Q09714	Q86H65	FN	FN	all_matched_unflagged	all_matched_unflagged
ASTER	Q09714	Q9SD88	FN	FN	all_matched_unflagged	all_matched_unflagged
ASTER	Q09714	Q9VRJ8	FN	FN	all_matched_unflagged	all_matched_unflagged
ASTER	Q09714	Q9Y284	FN	FN	all_matched_unflagged	all_matched_unflagged
ASTER	Q09993	Q0V6H7	FN	FN	all_matched_unflagged	all_matched_unflagged
ASTER	Q09993	Q10CL8	FN	FN	all_matched_unflagged	all_matched_unflagged
ASTER	Q09993	Q12160	FN	FN	all_matched_unflagged	all_matched_unflagged
ASTER	Q09993	Q2M2T6	TP	TP	all_matched_unflagged	all_matched_unflagged
ASTER	Q09993	Q5KPK8	FN	FN	all_matched_unflagged	all_matched_unflagged
ASTER	Q09993	Q6CDT4	FN	FN	all_matched_unflagged	all_matched_unflagged
ASTER	Q09993	Q6PC46	TP	TP	all_matched_unflagged	all_matched_unflagged
ASTER	Q09993	Q6ZWX0	TP	TP	all_matched_unflagged	all_matched_unflagged
ASTER	Q09993	Q7QIP7	TP	TP	all_matched_unflagged	all_matched_unflagged
ASTER	Q09993	Q7SGX6	FN	FN	all_matched_unflagged	all_matched_unflagged
ASTER	Q09993	Q86H65	FN	FN	all_matched_unflagged	all_matched_unflagged
ASTER	Q09993	Q9SD88	FN	FN	all_matched_unflagged	all_matched_unflagged
ASTER	Q09993	Q9VRJ8	TP	TP	all_matched_unflagged	all_matched_unflagged
ASTER	Q09993	Q9Y284	TP	TP	all_matched_unflagged	all_matched_unflagged
ASTER	Q0V6H7	Q10CL8	FN	FN	all_matched_unflagged	all_matched_unflagged
ASTER	Q0V6H7	Q12160	TP	TP	all_matched_unflagged	all_matched_unflagged
ASTER	Q0V6H7	Q2M2T6	FN	FN	all_matched_unflagged	all_matched_unflagged
ASTER	Q0V6H7	Q5KPK8	FN	FN	all_matched_unflagged	all_matched_unflagged
ASTER	Q0V6H7	Q6CDT4	TP	TP	all_matched_unflagged	all_matched_unflagged
ASTER	Q0V6H7	Q6PC46	FN	FN	all_matched_unflagged	all_matched_unflagged
ASTER	Q0V6H7	Q6ZWX0	FN	FN	all_matched_unflagged	all_matched_unflagged
ASTER	Q0V6H7	Q7QIP7	FN	FN	all_matched_unflagged	all_matched_unflagged
ASTER	Q0V6H7	Q7SGX6	TP	TP	all_matched_unflagged	all_matched_unflagged
ASTER	Q0V6H7	Q86H65	FN	FN	all_matched_unflagged	all_matched_unflagged
ASTER	Q0V6H7	Q9SD88	FN	FN	all_matched_unflagged	all_matched_unflagged
ASTER	Q0V6H7	Q9VRJ8	FN	FN	all_matched_unflagged	all_matched_unflagged
ASTER	Q0V6H7	Q9Y284	FN	FN	all_matched_unflagged	all_matched_unflagged
ASTER	Q10CL8	Q12160	FN	FN	all_matched_unflagged	all_matched_unflagged
ASTER	Q10CL8	Q2M2T6	FN	FN	all_matched_unflagged	all_matched_unflagged
ASTER	Q10CL8	Q5KPK8	FN	FN	all_matched_unflagged	all_matched_unflagged
ASTER	Q10CL8	Q6CDT4	FN	FN	all_matched_unflagged	all_matched_unflagged
ASTER	Q10CL8	Q6PC46	FN	FN	all_matched_unflagged	all_matched_unflagged
ASTER	Q10CL8	Q6ZWX0	FN	FN	all_matched_unflagged	all_matched_unflagged
ASTER	Q10CL8	Q7QIP7	FN	FN	all_matched_unflagged	all_matched_unflagged
ASTER	Q10CL8	Q7SGX6	FN	FN	all_matched_unflagged	all_matched_unflagged
ASTER	Q10CL8	Q86H65	FN	FN	all_matched_unflagged	all_matched_unflagged
ASTER	Q10CL8	Q9SD88	TP	TP	all_matched_unflagged	all_matched_unflagged
ASTER	Q10CL8	Q9VRJ8	FN	FN	all_matched_unflagged	all_matched_unflagged
ASTER	Q10CL8	Q9Y284	FN	FN	all_matched_unflagged	all_matched_unflagged
ASTER	Q12160	Q2M2T6	FN	FN	all_matched_unflagged	all_matched_unflagged
ASTER	Q12160	Q5KPK8	FN	FN	all_matched_unflagged	all_matched_unflagged
ASTER	Q12160	Q6CDT4	TP	TP	all_matched_unflagged	all_matched_unflagged
ASTER	Q12160	Q6PC46	FN	FN	all_matched_unflagged	all_matched_unflagged
ASTER	Q12160	Q6ZWX0	FN	FN	all_matched_unflagged	all_matched_unflagged
ASTER	Q12160	Q7QIP7	FN	FN	all_matched_unflagged	all_matched_unflagged
ASTER	Q12160	Q7SGX6	TP	TP	all_matched_unflagged	all_matched_unflagged
ASTER	Q12160	Q86H65	FN	FN	all_matched_unflagged	all_matched_unflagged
ASTER	Q12160	Q9SD88	FN	FN	all_matched_unflagged	all_matched_unflagged
ASTER	Q12160	Q9VRJ8	FN	FN	all_matched_unflagged	all_matched_unflagged
ASTER	Q12160	Q9Y284	FN	FN	all_matched_unflagged	all_matched_unflagged
ASTER	Q2M2T6	Q5KPK8	FN	FN	all_matched_unflagged	all_matched_unflagged
ASTER	Q2M2T6	Q6CDT4	FN	FN	all_matched_unflagged	all_matched_unflagged
ASTER	Q2M2T6	Q6PC46	TP	TP	all_matched_unflagged	all_matched_unflagged
ASTER	Q2M2T6	Q6ZWX0	TP	TP	all_matched_unflagged	all_matched_unflagged
ASTER	Q2M2T6	Q7QIP7	TP	TP	all_matched_unflagged	all_matched_unflagged
ASTER	Q2M2T6	Q7SGX6	FN	FN	all_matched_unflagged	all_matched_unflagged
ASTER	Q2M2T6	Q86H65	FN	FN	all_matched_unflagged	all_matched_unflagged
ASTER	Q2M2T6	Q9SD88	FN	FN	all_matched_unflagged	all_matched_unflagged
ASTER	Q2M2T6	Q9VRJ8	TP	TP	all_matched_unflagged	all_matched_unflagged
ASTER	Q2M2T6	Q9Y284	TP	TP	all_matched_unflagged	all_matched_unflagged
ASTER	Q5KPK8	Q6CDT4	FN	FN	all_matched_unflagged	all_matched_unflagged
ASTER	Q5KPK8	Q6PC46	FN	FN	all_matched_unflagged	all_matched_unflagged
ASTER	Q5KPK8	Q6ZWX0	FN	FN	all_matched_unflagged	all_matched_unflagged
ASTER	Q5KPK8	Q7QIP7	FN	FN	all_matched_unflagged	all_matched_unflagged
ASTER	Q5KPK8	Q7SGX6	FN	FN	all_matched_unflagged	all_matched_unflagged
ASTER	Q5KPK8	Q86H65	FN	FN	all_matched_unflagged	all_matched_unflagged
ASTER	Q5KPK8	Q9SD88	FN	FN	all_matched_unflagged	all_matched_unflagged
ASTER	Q5KPK8	Q9VRJ8	FN	FN	all_matched_unflagged	all_matched_unflagged
ASTER	Q5KPK8	Q9Y284	FN	FN	all_matched_unflagged	all_matched_unflagged
ASTER	Q6CDT4	Q6PC46	FN	FN	all_matched_unflagged	all_matched_unflagged
ASTER	Q6CDT4	Q6ZWX0	FN	FN	all_matched_unflagged	all_matched_unflagged
ASTER	Q6CDT4	Q7QIP7	FN	FN	all_matched_unflagged	all_matched_unflagged
ASTER	Q6CDT4	Q7SGX6	TP	TP	all_matched_unflagged	all_matched_unflagged
ASTER	Q6CDT4	Q86H65	FN	FN	all_matched_unflagged	all_matched_unflagged
ASTER	Q6CDT4	Q9SD88	FN	FN	all_matched_unflagged	all_matched_unflagged
ASTER	Q6CDT4	Q9VRJ8	FN	FN	all_matched_unflagged	all_matched_unflagged
ASTER	Q6CDT4	Q9Y284	FN	FN	all_matched_unflagged	all_matched_unflagged
ASTER	Q6PC46	Q6ZWX0	TP	TP	all_matched_unflagged	all_matched_unflagged
ASTER	Q6PC46	Q7QIP7	TP	TP	all_matched_unflagged	all_matched_unflagged
ASTER	Q6PC46	Q7SGX6	FN	FN	all_matched_unflagged	all_matched_unflagged
ASTER	Q6PC46	Q86H65	FN	FN	all_matched_unflagged	all_matched_unflagged
ASTER	Q6PC46	Q9SD88	FN	FN	all_matched_unflagged	all_matched_unflagged
ASTER	Q6PC46	Q9VRJ8	TP	TP	all_matched_unflagged	all_matched_unflagged
ASTER	Q6PC46	Q9Y284	TP	TP	all_matched_unflagged	all_matched_unflagged
ASTER	Q6ZWX0	Q7QIP7	TP	TP	all_matched_unflagged	all_matched_unflagged
ASTER	Q6ZWX0	Q7SGX6	FN	FN	all_matched_unflagged	all_matched_unflagged
ASTER	Q6ZWX0	Q86H65	FN	FN	all_matched_unflagged	all_matched_unflagged
ASTER	Q6ZWX0	Q9SD88	FN	FN	all_matched_unflagged	all_matched_unflagged
ASTER	Q6ZWX0	Q9VRJ8	TP	TP	all_matched_unflagged	all_matched_unflagged
ASTER	Q6ZWX0	Q9Y284	TP	TP	all_matched_unflagged	all_matched_unflagged
ASTER	Q7QIP7	Q7SGX6	FN	FN	all_matched_unflagged	all_matched_unflagged
ASTER	Q7QIP7	Q86H65	FN	FN	all_matched_unflagged	all_matched_unflagged
ASTER	Q7QIP7	Q9SD88	FN	FN	all_matched_unflagged	all_matched_unflagged
ASTER	Q7QIP7	Q9VRJ8	TP	TP	all_matched_unflagged	all_matched_unflagged
ASTER	Q7QIP7	Q9Y284	TP	TP	all_matched_unflagged	all_matched_unflagged
ASTER	Q7SGX6	Q86H65	FN	FN	all_matched_unflagged	all_matched_unflagged
ASTER	Q7SGX6	Q9SD88	FN	FN	all_matched_unflagged	all_matched_unflagged
ASTER	Q7SGX6	Q9VRJ8	FN	FN	all_matched_unflagged	all_matched_unflagged
ASTER	Q7SGX6	Q9Y284	FN	FN	all_matched_unflagged	all_matched_unflagged
ASTER	Q86H65	Q9SD88	FN	FN	all_matched_unflagged	all_matched_unflagged
ASTER	Q86H65	Q9VRJ8	FN	FN	all_matched_unflagged	all_matched_unflagged
ASTER	Q86H65	Q9Y284	FN	FN	all_matched_unflagged	all_matched_unflagged
ASTER	Q9SD88	Q9VRJ8	FN	FN	all_matched_unflagged	all_matched_unflagged
ASTER	Q9SD88	Q9Y284	FN	FN	all_matched_unflagged	all_matched_unflagged
ASTER	Q9VRJ8	Q9Y284	TP	TP	all_matched_unflagged	all_matched_unflagged
BAMBI	A0A5F8H622	B7PBM8	FN	FN	all_matched_unflagged	all_matched_unflagged
BAMBI	A0A5F8H622	C3ZPM5	FN	FN	all_matched_unflagged	all_matched_unflagged
BAMBI	A0A5F8H622	D6X0I9	FN	FN	all_matched_unflagged	all_matched_unflagged
BAMBI	A0A5F8H622	E1AWU3	TP	TP	all_matched_unflagged	all_matched_unflagged
BAMBI	A0A5F8H622	G3QPL0	TP	TP	all_matched_unflagged	all_matched_unflagged
BAMBI	A0A5F8H622	H2LI24	TP	TP	all_matched_unflagged	all_matched_unflagged
BAMBI	A0A5F8H622	K7AAP2	TP	TP	all_matched_unflagged	all_matched_unflagged
BAMBI	A0A5F8H622	Q13145	TP	TP	all_matched_unflagged	all_matched_unflagged
BAMBI	A0A5F8H622	Q1RMX1	TP	TP	all_matched_unflagged	all_matched_unflagged
BAMBI	A0A5F8H622	Q6GQM7	TP	TP	all_matched_unflagged	all_matched_unflagged
BAMBI	A0A5F8H622	Q91XN4	TP	TP	all_matched_unflagged	all_matched_unflagged
BAMBI	A0A5F8H622	Q9D0L6	TP	TP	all_matched_unflagged	all_matched_unflagged
BAMBI	A0A5F8H622	Q9DFZ0	TP	TP	all_matched_unflagged	all_matched_unflagged
BAMBI	B7PBM8	C3ZPM5	FN	FN	all_matched_unflagged	all_matched_unflagged
BAMBI	B7PBM8	D6X0I9	FN	FN	all_matched_unflagged	all_matched_unflagged
BAMBI	B7PBM8	E1AWU3	FN	FN	all_matched_unflagged	all_matched_unflagged
BAMBI	B7PBM8	G3QPL0	FN	FN	all_matched_unflagged	all_matched_unflagged
BAMBI	B7PBM8	H2LI24	FN	FN	all_matched_unflagged	all_matched_unflagged
BAMBI	B7PBM8	K7AAP2	FN	FN	all_matched_unflagged	all_matched_unflagged
BAMBI	B7PBM8	Q13145	FN	FN	all_matched_unflagged	all_matched_unflagged
BAMBI	B7PBM8	Q1RMX1	FN	FN	all_matched_unflagged	all_matched_unflagged
BAMBI	B7PBM8	Q6GQM7	FN	FN	all_matched_unflagged	all_matched_unflagged
BAMBI	B7PBM8	Q91XN4	FN	FN	all_matched_unflagged	all_matched_unflagged
BAMBI	B7PBM8	Q9D0L6	FN	FN	all_matched_unflagged	all_matched_unflagged
BAMBI	B7PBM8	Q9DFZ0	FN	FN	all_matched_unflagged	all_matched_unflagged
BAMBI	C3ZPM5	D6X0I9	FN	FN	all_matched_unflagged	all_matched_unflagged
BAMBI	C3ZPM5	E1AWU3	FN	FN	all_matched_unflagged	all_matched_unflagged
BAMBI	C3ZPM5	G3QPL0	FN	FN	all_matched_unflagged	all_matched_unflagged
BAMBI	C3ZPM5	H2LI24	FN	FN	all_matched_unflagged	all_matched_unflagged
BAMBI	C3ZPM5	K7AAP2	FN	FN	all_matched_unflagged	all_matched_unflagged
BAMBI	C3ZPM5	Q13145	FN	FN	all_matched_unflagged	all_matched_unflagged
BAMBI	C3ZPM5	Q1RMX1	FN	FN	all_matched_unflagged	all_matched_unflagged
BAMBI	C3ZPM5	Q6GQM7	FN	FN	all_matched_unflagged	all_matched_unflagged
BAMBI	C3ZPM5	Q91XN4	FN	FN	all_matched_unflagged	all_matched_unflagged
BAMBI	C3ZPM5	Q9D0L6	FN	FN	all_matched_unflagged	all_matched_unflagged
BAMBI	C3ZPM5	Q9DFZ0	FN	FN	all_matched_unflagged	all_matched_unflagged
BAMBI	D6X0I9	E1AWU3	FN	FN	all_matched_unflagged	all_matched_unflagged
BAMBI	D6X0I9	G3QPL0	FN	FN	all_matched_unflagged	all_matched_unflagged
BAMBI	D6X0I9	H2LI24	FN	FN	all_matched_unflagged	all_matched_unflagged
BAMBI	D6X0I9	K7AAP2	FN	FN	all_matched_unflagged	all_matched_unflagged
BAMBI	D6X0I9	Q13145	FN	FN	all_matched_unflagged	all_matched_unflagged
BAMBI	D6X0I9	Q1RMX1	FN	FN	all_matched_unflagged	all_matched_unflagged
BAMBI	D6X0I9	Q6GQM7	FN	FN	all_matched_unflagged	all_matched_unflagged
BAMBI	D6X0I9	Q91XN4	FN	FN	all_matched_unflagged	all_matched_unflagged
BAMBI	D6X0I9	Q9D0L6	FN	FN	all_matched_unflagged	all_matched_unflagged
BAMBI	D6X0I9	Q9DFZ0	FN	FN	all_matched_unflagged	all_matched_unflagged
BAMBI	E1AWU3	G3QPL0	TP	TP	all_matched_unflagged	all_matched_unflagged
BAMBI	E1AWU3	H2LI24	TP	TP	all_matched_unflagged	all_matched_unflagged
BAMBI	E1AWU3	K7AAP2	TP	TP	all_matched_unflagged	all_matched_unflagged
BAMBI	E1AWU3	Q13145	TP	TP	all_matched_unflagged	all_matched_unflagged
BAMBI	E1AWU3	Q1RMX1	TP	TP	all_matched_unflagged	all_matched_unflagged
BAMBI	E1AWU3	Q6GQM7	TP	TP	all_matched_unflagged	all_matched_unflagged
BAMBI	E1AWU3	Q91XN4	TP	TP	all_matched_unflagged	all_matched_unflagged
BAMBI	E1AWU3	Q9D0L6	TP	TP	all_matched_unflagged	all_matched_unflagged
BAMBI	E1AWU3	Q9DFZ0	TP	TP	all_matched_unflagged	all_matched_unflagged
BAMBI	G3QPL0	H2LI24	TP	TP	all_matched_unflagged	all_matched_unflagged
BAMBI	G3QPL0	K7AAP2	TP	TP	all_matched_unflagged	all_matched_unflagged
BAMBI	G3QPL0	Q13145	TP	TP	all_matched_unflagged	all_matched_unflagged
BAMBI	G3QPL0	Q1RMX1	TP	TP	all_matched_unflagged	all_matched_unflagged
BAMBI	G3QPL0	Q6GQM7	TP	TP	all_matched_unflagged	all_matched_unflagged
BAMBI	G3QPL0	Q91XN4	TP	TP	all_matched_unflagged	all_matched_unflagged
BAMBI	G3QPL0	Q9D0L6	TP	TP	all_matched_unflagged	all_matched_unflagged
BAMBI	G3QPL0	Q9DFZ0	TP	TP	all_matched_unflagged	all_matched_unflagged
BAMBI	H2LI24	K7AAP2	TP	TP	all_matched_unflagged	all_matched_unflagged
BAMBI	H2LI24	Q13145	TP	TP	all_matched_unflagged	all_matched_unflagged
BAMBI	H2LI24	Q1RMX1	TP	TP	all_matched_unflagged	all_matched_unflagged
BAMBI	H2LI24	Q6GQM7	FP	TN	all_matched_unflagged	all_matched_unflagged
BAMBI	H2LI24	Q91XN4	TP	TP	all_matched_unflagged	all_matched_unflagged
BAMBI	H2LI24	Q9D0L6	TP	TP	all_matched_unflagged	all_matched_unflagged
BAMBI	H2LI24	Q9DFZ0	TP	TP	all_matched_unflagged	all_matched_unflagged
BAMBI	K7AAP2	Q13145	TP	TP	all_matched_unflagged	all_matched_unflagged
BAMBI	K7AAP2	Q1RMX1	TP	TP	all_matched_unflagged	all_matched_unflagged
BAMBI	K7AAP2	Q6GQM7	TP	TP	all_matched_unflagged	all_matched_unflagged
BAMBI	K7AAP2	Q91XN4	TP	TP	all_matched_unflagged	all_matched_unflagged
BAMBI	K7AAP2	Q9D0L6	TP	TP	all_matched_unflagged	all_matched_unflagged
BAMBI	K7AAP2	Q9DFZ0	TP	TP	all_matched_unflagged	all_matched_unflagged
BAMBI	Q13145	Q1RMX1	TP	TP	all_matched_unflagged	all_matched_unflagged
BAMBI	Q13145	Q6GQM7	TP	TP	all_matched_unflagged	all_matched_unflagged
BAMBI	Q13145	Q91XN4	TP	TP	all_matched_unflagged	all_matched_unflagged
BAMBI	Q13145	Q9D0L6	TP	TP	all_matched_unflagged	all_matched_unflagged
BAMBI	Q13145	Q9DFZ0	TP	TP	all_matched_unflagged	all_matched_unflagged
BAMBI	Q1RMX1	Q6GQM7	TP	TP	all_matched_unflagged	all_matched_unflagged
BAMBI	Q1RMX1	Q91XN4	TP	TP	all_matched_unflagged	all_matched_unflagged
BAMBI	Q1RMX1	Q9D0L6	TP	TP	all_matched_unflagged	all_matched_unflagged
BAMBI	Q1RMX1	Q9DFZ0	TP	TP	all_matched_unflagged	all_matched_unflagged
BAMBI	Q6GQM7	Q91XN4	TP	TP	all_matched_unflagged	all_matched_unflagged
BAMBI	Q6GQM7	Q9D0L6	TP	TP	all_matched_unflagged	all_matched_unflagged
BAMBI	Q6GQM7	Q9DFZ0	TN	TN	all_matched_unflagged	all_matched_unflagged
BAMBI	Q91XN4	Q9D0L6	TP	TP	all_matched_unflagged	all_matched_unflagged
BAMBI	Q91XN4	Q9DFZ0	TP	TP	all_matched_unflagged	all_matched_unflagged
BAMBI	Q9D0L6	Q9DFZ0	TP	TP	all_matched_unflagged	all_matched_unflagged
BAR	A4FUG5	A7ENZ2	TN	TN	all_matched_unflagged	all_matched_unflagged
BAR	A4FUG5	A7S0R8	TN	TN	all_matched_unflagged	all_matched_unflagged
BAR	A4FUG5	A7SPL1	FN	FN	all_matched_unflagged	all_matched_unflagged
BAR	A4FUG5	A9UPC6	TN	TN	all_matched_unflagged	all_matched_unflagged
BAR	A4FUG5	B1H1H2	TN	TN	all_matched_unflagged	all_matched_unflagged
BAR	A4FUG5	B7PLE6	FN	FN	all_matched_unflagged	all_matched_unflagged
BAR	A4FUG5	B7PU93	TN	TN	annotation_positive	annotation_positive
BAR	A4FUG5	C3YHW0	FN	FN	annotation_positive	annotation_positive
BAR	A4FUG5	C3YIY0	TN	TN	all_matched_unflagged	all_matched_unflagged
BAR	A4FUG5	D3Z6Q9	TP	TP	all_matched_unflagged	all_matched_unflagged
BAR	A4FUG5	E7FD40	FP	TN	all_matched_unflagged	all_matched_unflagged
BAR	A4FUG5	F1NZ04	FP	TN	all_matched_unflagged	all_matched_unflagged
BAR	A4FUG5	F1PTG7	TN	TN	all_matched_unflagged	all_matched_unflagged
BAR	A4FUG5	F1PZH8	TP	TP	all_matched_unflagged	all_matched_unflagged
BAR	A4FUG5	F1QJB5	TP	TP	all_matched_unflagged	all_matched_unflagged
BAR	A4FUG5	F1QK94	FP	TN	all_matched_unflagged	all_matched_unflagged
BAR	A4FUG5	F4NYQ0	TN	TN	all_matched_unflagged	all_matched_unflagged
BAR	A4FUG5	F6XMZ3	TN	TN	all_matched_unflagged	all_matched_unflagged
BAR	A4FUG5	F6YXG1	TN	TN	all_matched_unflagged	all_matched_unflagged
BAR	A4FUG5	F6ZUK5	TP	TP	all_matched_unflagged	all_matched_unflagged
BAR	A4FUG5	G3QJ12	TN	TN	all_matched_unflagged	all_matched_unflagged
BAR	A4FUG5	G3R5Y4	FP	TN	all_matched_unflagged	all_matched_unflagged
BAR	A4FUG5	G3RIZ8	FP	TN	all_matched_unflagged	all_matched_unflagged
BAR	A4FUG5	H2M5R5	TN	TN	all_matched_unflagged	all_matched_unflagged
BAR	A4FUG5	H2Q5Y0	TP	TP	all_matched_unflagged	all_matched_unflagged
BAR	A4FUG5	H2QIN5	FP	TN	all_matched_unflagged	all_matched_unflagged
BAR	A4FUG5	H2R019	FP	TN	all_matched_unflagged	all_matched_unflagged
BAR	A4FUG5	H2RDE5	TN	TN	all_matched_unflagged	all_matched_unflagged
BAR	A4FUG5	O00499	FP	TN	all_matched_unflagged	all_matched_unflagged
BAR	A4FUG5	O08539	FP	TN	all_matched_unflagged	all_matched_unflagged
BAR	A4FUG5	O08839	FP	TN	all_matched_unflagged	all_matched_unflagged
BAR	A4FUG5	P25343	TN	TN	all_matched_unflagged	all_matched_unflagged
BAR	A4FUG5	P49418	FP	TN	all_matched_unflagged	all_matched_unflagged
BAR	A4FUG5	Q0UGL3	TN	TN	all_matched_unflagged	all_matched_unflagged
BAR	A4FUG5	Q21004	TP	TP	all_matched_unflagged	all_matched_unflagged
BAR	A4FUG5	Q4WTS7	TN	TN	all_matched_unflagged	all_matched_unflagged
BAR	A4FUG5	Q54IA6	FN	FN	all_matched_unflagged	all_matched_unflagged
BAR	A4FUG5	Q54NT2	FN	FN	all_matched_unflagged	all_matched_unflagged
BAR	A4FUG5	Q5AFE4	TN	TN	all_matched_unflagged	all_matched_unflagged
BAR	A4FUG5	Q5KLL3	TN	TN	all_matched_unflagged	all_matched_unflagged
BAR	A4FUG5	Q5ZKL7	TP	TP	all_matched_unflagged	all_matched_unflagged
BAR	A4FUG5	Q68FR2	TP	TP	all_matched_unflagged	all_matched_unflagged
BAR	A4FUG5	Q68FW8	TN	TN	all_matched_unflagged	all_matched_unflagged
BAR	A4FUG5	Q6CCM8	TN	TN	all_matched_unflagged	all_matched_unflagged
BAR	A4FUG5	Q7KLE5	TP	TP	all_matched_unflagged	all_matched_unflagged
BAR	A4FUG5	Q7Q9R8	TP	TP	all_matched_unflagged	all_matched_unflagged
BAR	A4FUG5	Q7S814	TN	TN	all_matched_unflagged	all_matched_unflagged
BAR	A4FUG5	Q7TQF7	FP	TN	all_matched_unflagged	all_matched_unflagged
BAR	A4FUG5	Q9JI08	TN	TN	all_matched_unflagged	all_matched_unflagged
BAR	A4FUG5	Q9NQY0	TN	TN	all_matched_unflagged	all_matched_unflagged
BAR	A4FUG5	Q9UBW5	TP	TP	all_matched_unflagged	all_matched_unflagged
BAR	A4FUG5	Q9UUM7	TN	TN	all_matched_unflagged	all_matched_unflagged
BAR	A7ENZ2	A7S0R8	TP	TP	all_matched_unflagged	all_matched_unflagged
BAR	A7ENZ2	A7SPL1	TN	TN	all_matched_unflagged	all_matched_unflagged
BAR	A7ENZ2	A9UPC6	FN	FN	all_matched_unflagged	all_matched_unflagged
BAR	A7ENZ2	B1H1H2	TP	TP	all_matched_unflagged	all_matched_unflagged
BAR	A7ENZ2	B7PLE6	TN	TN	all_matched_unflagged	all_matched_unflagged
BAR	A7ENZ2	B7PU93	FN	FN	annotation_positive	annotation_positive
BAR	A7ENZ2	C3YHW0	TN	TN	annotation_positive	annotation_positive
BAR	A7ENZ2	C3YIY0	TP	TP	all_matched_unflagged	all_matched_unflagged
BAR	A7ENZ2	D3Z6Q9	TN	TN	all_matched_unflagged	all_matched_unflagged
BAR	A7ENZ2	E7FD40	TN	TN	all_matched_unflagged	all_matched_unflagged
BAR	A7ENZ2	F1NZ04	TN	TN	all_matched_unflagged	all_matched_unflagged
BAR	A7ENZ2	F1PTG7	TP	TP	all_matched_unflagged	all_matched_unflagged
BAR	A7ENZ2	F1PZH8	TN	TN	all_matched_unflagged	all_matched_unflagged
BAR	A7ENZ2	F1QJB5	TN	TN	all_matched_unflagged	all_matched_unflagged
BAR	A7ENZ2	F1QK94	TN	TN	all_matched_unflagged	all_matched_unflagged
BAR	A7ENZ2	F4NYQ0	TP	TP	all_matched_unflagged	all_matched_unflagged
BAR	A7ENZ2	F6XMZ3	TP	TP	all_matched_unflagged	all_matched_unflagged
BAR	A7ENZ2	F6YXG1	TP	TP	all_matched_unflagged	all_matched_unflagged
BAR	A7ENZ2	F6ZUK5	TN	TN	all_matched_unflagged	all_matched_unflagged
BAR	A7ENZ2	G3QJ12	TP	TP	all_matched_unflagged	all_matched_unflagged
BAR	A7ENZ2	G3R5Y4	TN	TN	all_matched_unflagged	all_matched_unflagged
BAR	A7ENZ2	G3RIZ8	TN	TN	all_matched_unflagged	all_matched_unflagged
BAR	A7ENZ2	H2M5R5	TP	TP	all_matched_unflagged	all_matched_unflagged
BAR	A7ENZ2	H2Q5Y0	TN	TN	all_matched_unflagged	all_matched_unflagged
BAR	A7ENZ2	H2QIN5	TN	TN	all_matched_unflagged	all_matched_unflagged
BAR	A7ENZ2	H2R019	TN	TN	all_matched_unflagged	all_matched_unflagged
BAR	A7ENZ2	H2RDE5	TP	TP	all_matched_unflagged	all_matched_unflagged
BAR	A7ENZ2	O00499	TN	TN	all_matched_unflagged	all_matched_unflagged
BAR	A7ENZ2	O08539	TN	TN	all_matched_unflagged	all_matched_unflagged
BAR	A7ENZ2	O08839	TN	TN	all_matched_unflagged	all_matched_unflagged
BAR	A7ENZ2	P25343	TP	TP	all_matched_unflagged	all_matched_unflagged
BAR	A7ENZ2	P49418	TN	TN	all_matched_unflagged	all_matched_unflagged
BAR	A7ENZ2	Q0UGL3	TP	TP	all_matched_unflagged	all_matched_unflagged
BAR	A7ENZ2	Q21004	TN	TN	all_matched_unflagged	all_matched_unflagged
BAR	A7ENZ2	Q4WTS7	TP	TP	all_matched_unflagged	all_matched_unflagged
BAR	A7ENZ2	Q54IA6	FN	FN	all_matched_unflagged	all_matched_unflagged
BAR	A7ENZ2	Q54NT2	FN	FN	all_matched_unflagged	all_matched_unflagged
BAR	A7ENZ2	Q5AFE4	TP	TP	all_matched_unflagged	all_matched_unflagged
BAR	A7ENZ2	Q5KLL3	TP	TP	all_matched_unflagged	all_matched_unflagged
BAR	A7ENZ2	Q5ZKL7	TN	TN	all_matched_unflagged	all_matched_unflagged
BAR	A7ENZ2	Q68FR2	TN	TN	all_matched_unflagged	all_matched_unflagged
BAR	A7ENZ2	Q68FW8	TP	TP	all_matched_unflagged	all_matched_unflagged
BAR	A7ENZ2	Q6CCM8	TP	TP	all_matched_unflagged	all_matched_unflagged
BAR	A7ENZ2	Q7KLE5	TN	TN	all_matched_unflagged	all_matched_unflagged
BAR	A7ENZ2	Q7Q9R8	TN	TN	all_matched_unflagged	all_matched_unflagged
BAR	A7ENZ2	Q7S814	TP	TP	all_matched_unflagged	all_matched_unflagged
BAR	A7ENZ2	Q7TQF7	TN	TN	all_matched_unflagged	all_matched_unflagged
BAR	A7ENZ2	Q9JI08	TP	TP	all_matched_unflagged	all_matched_unflagged
BAR	A7ENZ2	Q9NQY0	TP	TP	all_matched_unflagged	all_matched_unflagged
BAR	A7ENZ2	Q9UBW5	TN	TN	all_matched_unflagged	all_matched_unflagged
BAR	A7ENZ2	Q9UUM7	TP	TP	all_matched_unflagged	all_matched_unflagged
BAR	A7S0R8	A7SPL1	TN	TN	all_matched_unflagged	all_matched_unflagged
BAR	A7S0R8	A9UPC6	FN	FN	all_matched_unflagged	all_matched_unflagged
BAR	A7S0R8	B1H1H2	TP	TP	all_matched_unflagged	all_matched_unflagged
BAR	A7S0R8	B7PLE6	TN	TN	all_matched_unflagged	all_matched_unflagged
BAR	A7S0R8	B7PU93	FN	FN	annotation_positive	annotation_positive
BAR	A7S0R8	C3YHW0	TN	TN	annotation_positive	annotation_positive
BAR	A7S0R8	C3YIY0	TP	TP	all_matched_unflagged	all_matched_unflagged
BAR	A7S0R8	D3Z6Q9	TN	TN	all_matched_unflagged	all_matched_unflagged
BAR	A7S0R8	E7FD40	TN	TN	all_matched_unflagged	all_matched_unflagged
BAR	A7S0R8	F1NZ04	TN	TN	all_matched_unflagged	all_matched_unflagged
BAR	A7S0R8	F1PTG7	TP	TP	all_matched_unflagged	all_matched_unflagged
BAR	A7S0R8	F1PZH8	TN	TN	all_matched_unflagged	all_matched_unflagged
BAR	A7S0R8	F1QJB5	TN	TN	all_matched_unflagged	all_matched_unflagged
BAR	A7S0R8	F1QK94	TN	TN	all_matched_unflagged	all_matched_unflagged
BAR	A7S0R8	F4NYQ0	TP	TP	all_matched_unflagged	all_matched_unflagged
BAR	A7S0R8	F6XMZ3	TP	TP	all_matched_unflagged	all_matched_unflagged
BAR	A7S0R8	F6YXG1	TP	TP	all_matched_unflagged	all_matched_unflagged
BAR	A7S0R8	F6ZUK5	TN	TN	all_matched_unflagged	all_matched_unflagged
BAR	A7S0R8	G3QJ12	TP	TP	all_matched_unflagged	all_matched_unflagged
BAR	A7S0R8	G3R5Y4	TN	TN	all_matched_unflagged	all_matched_unflagged
BAR	A7S0R8	G3RIZ8	TN	TN	all_matched_unflagged	all_matched_unflagged
BAR	A7S0R8	H2M5R5	TP	TP	all_matched_unflagged	all_matched_unflagged
BAR	A7S0R8	H2Q5Y0	TN	TN	all_matched_unflagged	all_matched_unflagged
BAR	A7S0R8	H2QIN5	TN	TN	all_matched_unflagged	all_matched_unflagged
BAR	A7S0R8	H2R019	TN	TN	all_matched_unflagged	all_matched_unflagged
BAR	A7S0R8	H2RDE5	TP	TP	all_matched_unflagged	all_matched_unflagged
BAR	A7S0R8	O00499	TN	TN	all_matched_unflagged	all_matched_unflagged
BAR	A7S0R8	O08539	TN	TN	all_matched_unflagged	all_matched_unflagged
BAR	A7S0R8	O08839	TN	TN	all_matched_unflagged	all_matched_unflagged
BAR	A7S0R8	P25343	TP	TP	all_matched_unflagged	all_matched_unflagged
BAR	A7S0R8	P49418	TN	TN	all_matched_unflagged	all_matched_unflagged
BAR	A7S0R8	Q0UGL3	TP	TP	all_matched_unflagged	all_matched_unflagged
BAR	A7S0R8	Q21004	TN	TN	all_matched_unflagged	all_matched_unflagged
BAR	A7S0R8	Q4WTS7	TP	TP	all_matched_unflagged	all_matched_unflagged
BAR	A7S0R8	Q54IA6	FN	FN	all_matched_unflagged	all_matched_unflagged
BAR	A7S0R8	Q54NT2	FN	FN	all_matched_unflagged	all_matched_unflagged
BAR	A7S0R8	Q5AFE4	TP	TP	all_matched_unflagged	all_matched_unflagged
BAR	A7S0R8	Q5KLL3	TP	TP	all_matched_unflagged	all_matched_unflagged
BAR	A7S0R8	Q5ZKL7	TN	TN	all_matched_unflagged	all_matched_unflagged
BAR	A7S0R8	Q68FR2	TN	TN	all_matched_unflagged	all_matched_unflagged
BAR	A7S0R8	Q68FW8	TP	TP	all_matched_unflagged	all_matched_unflagged
BAR	A7S0R8	Q6CCM8	TP	TP	all_matched_unflagged	all_matched_unflagged
BAR	A7S0R8	Q7KLE5	TN	TN	all_matched_unflagged	all_matched_unflagged
BAR	A7S0R8	Q7Q9R8	TN	TN	all_matched_unflagged	all_matched_unflagged
BAR	A7S0R8	Q7S814	TP	TP	all_matched_unflagged	all_matched_unflagged
BAR	A7S0R8	Q7TQF7	TN	TN	all_matched_unflagged	all_matched_unflagged
BAR	A7S0R8	Q9JI08	TP	TP	all_matched_unflagged	all_matched_unflagged
BAR	A7S0R8	Q9NQY0	TP	TP	all_matched_unflagged	all_matched_unflagged
BAR	A7S0R8	Q9UBW5	TN	TN	all_matched_unflagged	all_matched_unflagged
BAR	A7S0R8	Q9UUM7	TP	TP	all_matched_unflagged	all_matched_unflagged
BAR	A7SPL1	A9UPC6	TN	TN	all_matched_unflagged	all_matched_unflagged
BAR	A7SPL1	B1H1H2	TN	TN	all_matched_unflagged	all_matched_unflagged
BAR	A7SPL1	B7PLE6	FN	FN	all_matched_unflagged	all_matched_unflagged
BAR	A7SPL1	B7PU93	TN	TN	annotation_positive	annotation_positive
BAR	A7SPL1	C3YHW0	FN	FN	annotation_positive	annotation_positive
BAR	A7SPL1	C3YIY0	TN	TN	all_matched_unflagged	all_matched_unflagged
BAR	A7SPL1	D3Z6Q9	FN	FN	all_matched_unflagged	all_matched_unflagged
BAR	A7SPL1	E7FD40	FN	FN	all_matched_unflagged	all_matched_unflagged
BAR	A7SPL1	F1NZ04	FN	FN	all_matched_unflagged	all_matched_unflagged
BAR	A7SPL1	F1PTG7	TN	TN	all_matched_unflagged	all_matched_unflagged
BAR	A7SPL1	F1PZH8	FN	FN	all_matched_unflagged	all_matched_unflagged
BAR	A7SPL1	F1QJB5	FN	FN	all_matched_unflagged	all_matched_unflagged
BAR	A7SPL1	F1QK94	FN	FN	all_matched_unflagged	all_matched_unflagged
BAR	A7SPL1	F4NYQ0	TN	TN	all_matched_unflagged	all_matched_unflagged
BAR	A7SPL1	F6XMZ3	TN	TN	all_matched_unflagged	all_matched_unflagged
BAR	A7SPL1	F6YXG1	TN	TN	all_matched_unflagged	all_matched_unflagged
BAR	A7SPL1	F6ZUK5	FN	FN	all_matched_unflagged	all_matched_unflagged
BAR	A7SPL1	G3QJ12	TN	TN	all_matched_unflagged	all_matched_unflagged
BAR	A7SPL1	G3R5Y4	FN	FN	all_matched_unflagged	all_matched_unflagged
BAR	A7SPL1	G3RIZ8	FN	FN	all_matched_unflagged	all_matched_unflagged
BAR	A7SPL1	H2M5R5	TN	TN	all_matched_unflagged	all_matched_unflagged
BAR	A7SPL1	H2Q5Y0	FN	FN	all_matched_unflagged	all_matched_unflagged
BAR	A7SPL1	H2QIN5	FN	FN	all_matched_unflagged	all_matched_unflagged
BAR	A7SPL1	H2R019	FN	FN	all_matched_unflagged	all_matched_unflagged
BAR	A7SPL1	H2RDE5	TN	TN	all_matched_unflagged	all_matched_unflagged
BAR	A7SPL1	O00499	FN	FN	all_matched_unflagged	all_matched_unflagged
BAR	A7SPL1	O08539	FN	FN	all_matched_unflagged	all_matched_unflagged
BAR	A7SPL1	O08839	FN	FN	all_matched_unflagged	all_matched_unflagged
BAR	A7SPL1	P25343	TN	TN	all_matched_unflagged	all_matched_unflagged
BAR	A7SPL1	P49418	FN	FN	all_matched_unflagged	all_matched_unflagged
BAR	A7SPL1	Q0UGL3	TN	TN	all_matched_unflagged	all_matched_unflagged
BAR	A7SPL1	Q21004	FN	FN	all_matched_unflagged	all_matched_unflagged
BAR	A7SPL1	Q4WTS7	TN	TN	all_matched_unflagged	all_matched_unflagged
BAR	A7SPL1	Q54IA6	FN	FN	all_matched_unflagged	all_matched_unflagged
BAR	A7SPL1	Q54NT2	FN	FN	all_matched_unflagged	all_matched_unflagged
BAR	A7SPL1	Q5AFE4	TN	TN	all_matched_unflagged	all_matched_unflagged
BAR	A7SPL1	Q5KLL3	TN	TN	all_matched_unflagged	all_matched_unflagged
BAR	A7SPL1	Q5ZKL7	FN	FN	all_matched_unflagged	all_matched_unflagged
BAR	A7SPL1	Q68FR2	FN	FN	all_matched_unflagged	all_matched_unflagged
BAR	A7SPL1	Q68FW8	TN	TN	all_matched_unflagged	all_matched_unflagged
BAR	A7SPL1	Q6CCM8	TN	TN	all_matched_unflagged	all_matched_unflagged
BAR	A7SPL1	Q7KLE5	FN	FN	all_matched_unflagged	all_matched_unflagged
BAR	A7SPL1	Q7Q9R8	FN	FN	all_matched_unflagged	all_matched_unflagged
BAR	A7SPL1	Q7S814	TN	TN	all_matched_unflagged	all_matched_unflagged
BAR	A7SPL1	Q7TQF7	FN	FN	all_matched_unflagged	all_matched_unflagged
BAR	A7SPL1	Q9JI08	TN	TN	all_matched_unflagged	all_matched_unflagged
BAR	A7SPL1	Q9NQY0	TN	TN	all_matched_unflagged	all_matched_unflagged
BAR	A7SPL1	Q9UBW5	FN	FN	all_matched_unflagged	all_matched_unflagged
BAR	A7SPL1	Q9UUM7	TN	TN	all_matched_unflagged	all_matched_unflagged
BAR	A9UPC6	B1H1H2	FN	FN	all_matched_unflagged	all_matched_unflagged
BAR	A9UPC6	B7PLE6	TN	TN	all_matched_unflagged	all_matched_unflagged
BAR	A9UPC6	B7PU93	FN	FN	annotation_positive	annotation_positive
BAR	A9UPC6	C3YHW0	TN	TN	annotation_positive	annotation_positive
BAR	A9UPC6	C3YIY0	FN	FN	all_matched_unflagged	all_matched_unflagged
BAR	A9UPC6	D3Z6Q9	TN	TN	all_matched_unflagged	all_matched_unflagged
BAR	A9UPC6	E7FD40	TN	TN	all_matched_unflagged	all_matched_unflagged
BAR	A9UPC6	F1NZ04	TN	TN	all_matched_unflagged	all_matched_unflagged
BAR	A9UPC6	F1PTG7	FN	FN	all_matched_unflagged	all_matched_unflagged
BAR	A9UPC6	F1PZH8	TN	TN	all_matched_unflagged	all_matched_unflagged
BAR	A9UPC6	F1QJB5	TN	TN	all_matched_unflagged	all_matched_unflagged
BAR	A9UPC6	F1QK94	TN	TN	all_matched_unflagged	all_matched_unflagged
BAR	A9UPC6	F4NYQ0	FN	FN	all_matched_unflagged	all_matched_unflagged
BAR	A9UPC6	F6XMZ3	FN	FN	all_matched_unflagged	all_matched_unflagged
BAR	A9UPC6	F6YXG1	FN	FN	all_matched_unflagged	all_matched_unflagged
BAR	A9UPC6	F6ZUK5	TN	TN	all_matched_unflagged	all_matched_unflagged
BAR	A9UPC6	G3QJ12	FN	FN	all_matched_unflagged	all_matched_unflagged
BAR	A9UPC6	G3R5Y4	TN	TN	all_matched_unflagged	all_matched_unflagged
BAR	A9UPC6	G3RIZ8	TN	TN	all_matched_unflagged	all_matched_unflagged
BAR	A9UPC6	H2M5R5	FN	FN	all_matched_unflagged	all_matched_unflagged
BAR	A9UPC6	H2Q5Y0	TN	TN	all_matched_unflagged	all_matched_unflagged
BAR	A9UPC6	H2QIN5	TN	TN	all_matched_unflagged	all_matched_unflagged
BAR	A9UPC6	H2R019	TN	TN	all_matched_unflagged	all_matched_unflagged
BAR	A9UPC6	H2RDE5	FN	FN	all_matched_unflagged	all_matched_unflagged
BAR	A9UPC6	O00499	TN	TN	all_matched_unflagged	all_matched_unflagged
BAR	A9UPC6	O08539	TN	TN	all_matched_unflagged	all_matched_unflagged
BAR	A9UPC6	O08839	TN	TN	all_matched_unflagged	all_matched_unflagged
BAR	A9UPC6	P25343	FN	FN	all_matched_unflagged	all_matched_unflagged
BAR	A9UPC6	P49418	TN	TN	all_matched_unflagged	all_matched_unflagged
BAR	A9UPC6	Q0UGL3	FN	FN	all_matched_unflagged	all_matched_unflagged
BAR	A9UPC6	Q21004	TN	TN	all_matched_unflagged	all_matched_unflagged
BAR	A9UPC6	Q4WTS7	FN	FN	all_matched_unflagged	all_matched_unflagged
BAR	A9UPC6	Q54IA6	FN	FN	all_matched_unflagged	all_matched_unflagged
BAR	A9UPC6	Q54NT2	FN	FN	all_matched_unflagged	all_matched_unflagged
BAR	A9UPC6	Q5AFE4	FN	FN	all_matched_unflagged	all_matched_unflagged
BAR	A9UPC6	Q5KLL3	FN	FN	all_matched_unflagged	all_matched_unflagged
BAR	A9UPC6	Q5ZKL7	TN	TN	all_matched_unflagged	all_matched_unflagged
BAR	A9UPC6	Q68FR2	TN	TN	all_matched_unflagged	all_matched_unflagged
BAR	A9UPC6	Q68FW8	FN	FN	all_matched_unflagged	all_matched_unflagged
BAR	A9UPC6	Q6CCM8	FN	FN	all_matched_unflagged	all_matched_unflagged
BAR	A9UPC6	Q7KLE5	TN	TN	all_matched_unflagged	all_matched_unflagged
BAR	A9UPC6	Q7Q9R8	TN	TN	all_matched_unflagged	all_matched_unflagged
BAR	A9UPC6	Q7S814	FN	FN	all_matched_unflagged	all_matched_unflagged
BAR	A9UPC6	Q7TQF7	TN	TN	all_matched_unflagged	all_matched_unflagged
BAR	A9UPC6	Q9JI08	FN	FN	all_matched_unflagged	all_matched_unflagged
BAR	A9UPC6	Q9NQY0	FN	FN	all_matched_unflagged	all_matched_unflagged
BAR	A9UPC6	Q9UBW5	TN	TN	all_matched_unflagged	all_matched_unflagged
BAR	A9UPC6	Q9UUM7	FN	FN	all_matched_unflagged	all_matched_unflagged
BAR	B1H1H2	B7PLE6	TN	TN	all_matched_unflagged	all_matched_unflagged
BAR	B1H1H2	B7PU93	FN	FN	annotation_positive	annotation_positive
BAR	B1H1H2	C3YHW0	TN	TN	annotation_positive	annotation_positive
BAR	B1H1H2	C3YIY0	TP	TP	all_matched_unflagged	all_matched_unflagged
BAR	B1H1H2	D3Z6Q9	TN	TN	all_matched_unflagged	all_matched_unflagged
BAR	B1H1H2	E7FD40	TN	TN	all_matched_unflagged	all_matched_unflagged
BAR	B1H1H2	F1NZ04	TN	TN	all_matched_unflagged	all_matched_unflagged
BAR	B1H1H2	F1PTG7	TP	TP	all_matched_unflagged	all_matched_unflagged
BAR	B1H1H2	F1PZH8	TN	TN	all_matched_unflagged	all_matched_unflagged
BAR	B1H1H2	F1QJB5	TN	TN	all_matched_unflagged	all_matched_unflagged
BAR	B1H1H2	F1QK94	TN	TN	all_matched_unflagged	all_matched_unflagged
BAR	B1H1H2	F4NYQ0	TP	TP	all_matched_unflagged	all_matched_unflagged
BAR	B1H1H2	F6XMZ3	TP	TP	all_matched_unflagged	all_matched_unflagged
BAR	B1H1H2	F6YXG1	TP	TP	all_matched_unflagged	all_matched_unflagged
BAR	B1H1H2	F6ZUK5	TN	TN	all_matched_unflagged	all_matched_unflagged
BAR	B1H1H2	G3QJ12	TP	TP	all_matched_unflagged	all_matched_unflagged
BAR	B1H1H2	G3R5Y4	TN	TN	all_matched_unflagged	all_matched_unflagged
BAR	B1H1H2	G3RIZ8	TN	TN	all_matched_unflagged	all_matched_unflagged
BAR	B1H1H2	H2M5R5	TP	TP	all_matched_unflagged	all_matched_unflagged
BAR	B1H1H2	H2Q5Y0	TN	TN	all_matched_unflagged	all_matched_unflagged
BAR	B1H1H2	H2QIN5	TN	TN	all_matched_unflagged	all_matched_unflagged
BAR	B1H1H2	H2R019	TN	TN	all_matched_unflagged	all_matched_unflagged
BAR	B1H1H2	H2RDE5	TP	TP	all_matched_unflagged	all_matched_unflagged
BAR	B1H1H2	O00499	TN	TN	all_matched_unflagged	all_matched_unflagged
BAR	B1H1H2	O08539	TN	TN	all_matched_unflagged	all_matched_unflagged
BAR	B1H1H2	O08839	TN	TN	all_matched_unflagged	all_matched_unflagged
BAR	B1H1H2	P25343	TP	TP	all_matched_unflagged	all_matched_unflagged
BAR	B1H1H2	P49418	TN	TN	all_matched_unflagged	all_matched_unflagged
BAR	B1H1H2	Q0UGL3	TP	TP	all_matched_unflagged	all_matched_unflagged
BAR	B1H1H2	Q21004	TN	TN	all_matched_unflagged	all_matched_unflagged
BAR	B1H1H2	Q4WTS7	TP	TP	all_matched_unflagged	all_matched_unflagged
BAR	B1H1H2	Q54IA6	FN	FN	all_matched_unflagged	all_matched_unflagged
BAR	B1H1H2	Q54NT2	FN	FN	all_matched_unflagged	all_matched_unflagged
BAR	B1H1H2	Q5AFE4	TP	TP	all_matched_unflagged	all_matched_unflagged
BAR	B1H1H2	Q5KLL3	TP	TP	all_matched_unflagged	all_matched_unflagged
BAR	B1H1H2	Q5ZKL7	TN	TN	all_matched_unflagged	all_matched_unflagged
BAR	B1H1H2	Q68FR2	TN	TN	all_matched_unflagged	all_matched_unflagged
BAR	B1H1H2	Q68FW8	TP	TP	all_matched_unflagged	all_matched_unflagged
BAR	B1H1H2	Q6CCM8	TP	TP	all_matched_unflagged	all_matched_unflagged
BAR	B1H1H2	Q7KLE5	TN	TN	all_matched_unflagged	all_matched_unflagged
BAR	B1H1H2	Q7Q9R8	TN	TN	all_matched_unflagged	all_matched_unflagged
BAR	B1H1H2	Q7S814	TP	TP	all_matched_unflagged	all_matched_unflagged
BAR	B1H1H2	Q7TQF7	TN	TN	all_matched_unflagged	all_matched_unflagged
BAR	B1H1H2	Q9JI08	TP	TP	all_matched_unflagged	all_matched_unflagged
BAR	B1H1H2	Q9NQY0	TP	TP	all_matched_unflagged	all_matched_unflagged
BAR	B1H1H2	Q9UBW5	TN	TN	all_matched_unflagged	all_matched_unflagged
BAR	B1H1H2	Q9UUM7	TP	TP	all_matched_unflagged	all_matched_unflagged
BAR	B7PLE6	B7PU93	TN	TN	annotation_positive	annotation_positive
BAR	B7PLE6	C3YHW0	FN	FN	annotation_positive	annotation_positive
BAR	B7PLE6	C3YIY0	TN	TN	all_matched_unflagged	all_matched_unflagged
BAR	B7PLE6	D3Z6Q9	FN	FN	all_matched_unflagged	all_matched_unflagged
BAR	B7PLE6	E7FD40	FN	FN	all_matched_unflagged	all_matched_unflagged
BAR	B7PLE6	F1NZ04	FN	FN	all_matched_unflagged	all_matched_unflagged
BAR	B7PLE6	F1PTG7	TN	TN	all_matched_unflagged	all_matched_unflagged
BAR	B7PLE6	F1PZH8	FN	FN	all_matched_unflagged	all_matched_unflagged
BAR	B7PLE6	F1QJB5	FN	FN	all_matched_unflagged	all_matched_unflagged
BAR	B7PLE6	F1QK94	FN	FN	all_matched_unflagged	all_matched_unflagged
BAR	B7PLE6	F4NYQ0	TN	TN	all_matched_unflagged	all_matched_unflagged
BAR	B7PLE6	F6XMZ3	TN	TN	all_matched_unflagged	all_matched_unflagged
BAR	B7PLE6	F6YXG1	TN	TN	all_matched_unflagged	all_matched_unflagged
BAR	B7PLE6	F6ZUK5	FN	FN	all_matched_unflagged	all_matched_unflagged
BAR	B7PLE6	G3QJ12	TN	TN	all_matched_unflagged	all_matched_unflagged
BAR	B7PLE6	G3R5Y4	FN	FN	all_matched_unflagged	all_matched_unflagged
BAR	B7PLE6	G3RIZ8	FN	FN	all_matched_unflagged	all_matched_unflagged
BAR	B7PLE6	H2M5R5	TN	TN	all_matched_unflagged	all_matched_unflagged
BAR	B7PLE6	H2Q5Y0	FN	FN	all_matched_unflagged	all_matched_unflagged
BAR	B7PLE6	H2QIN5	FN	FN	all_matched_unflagged	all_matched_unflagged
BAR	B7PLE6	H2R019	FN	FN	all_matched_unflagged	all_matched_unflagged
BAR	B7PLE6	H2RDE5	TN	TN	all_matched_unflagged	all_matched_unflagged
BAR	B7PLE6	O00499	FN	FN	all_matched_unflagged	all_matched_unflagged
BAR	B7PLE6	O08539	FN	FN	all_matched_unflagged	all_matched_unflagged
BAR	B7PLE6	O08839	FN	FN	all_matched_unflagged	all_matched_unflagged
BAR	B7PLE6	P25343	TN	TN	all_matched_unflagged	all_matched_unflagged
BAR	B7PLE6	P49418	FN	FN	all_matched_unflagged	all_matched_unflagged
BAR	B7PLE6	Q0UGL3	TN	TN	all_matched_unflagged	all_matched_unflagged
BAR	B7PLE6	Q21004	FN	FN	all_matched_unflagged	all_matched_unflagged
BAR	B7PLE6	Q4WTS7	TN	TN	all_matched_unflagged	all_matched_unflagged
BAR	B7PLE6	Q54IA6	FN	FN	all_matched_unflagged	all_matched_unflagged
BAR	B7PLE6	Q54NT2	FN	FN	all_matched_unflagged	all_matched_unflagged
BAR	B7PLE6	Q5AFE4	TN	TN	all_matched_unflagged	all_matched_unflagged
BAR	B7PLE6	Q5KLL3	TN	TN	all_matched_unflagged	all_matched_unflagged
BAR	B7PLE6	Q5ZKL7	FN	FN	all_matched_unflagged	all_matched_unflagged
BAR	B7PLE6	Q68FR2	FN	FN	all_matched_unflagged	all_matched_unflagged
BAR	B7PLE6	Q68FW8	TN	TN	all_matched_unflagged	all_matched_unflagged
BAR	B7PLE6	Q6CCM8	TN	TN	all_matched_unflagged	all_matched_unflagged
BAR	B7PLE6	Q7KLE5	FN	FN	all_matched_unflagged	all_matched_unflagged
BAR	B7PLE6	Q7Q9R8	FN	FN	all_matched_unflagged	all_matched_unflagged
BAR	B7PLE6	Q7S814	TN	TN	all_matched_unflagged	all_matched_unflagged
BAR	B7PLE6	Q7TQF7	FN	FN	all_matched_unflagged	all_matched_unflagged
BAR	B7PLE6	Q9JI08	TN	TN	all_matched_unflagged	all_matched_unflagged
BAR	B7PLE6	Q9NQY0	TN	TN	all_matched_unflagged	all_matched_unflagged
BAR	B7PLE6	Q9UBW5	FN	FN	all_matched_unflagged	all_matched_unflagged
BAR	B7PLE6	Q9UUM7	TN	TN	all_matched_unflagged	all_matched_unflagged
BAR	B7PU93	C3YHW0	TN	TN	annotation_positive	annotation_positive
BAR	B7PU93	C3YIY0	FN	FN	annotation_positive	annotation_positive
BAR	B7PU93	D3Z6Q9	TN	TN	annotation_positive	annotation_positive
BAR	B7PU93	E7FD40	TN	TN	annotation_positive	annotation_positive
BAR	B7PU93	F1NZ04	TN	TN	annotation_positive	annotation_positive
BAR	B7PU93	F1PTG7	FN	FN	annotation_positive	annotation_positive
BAR	B7PU93	F1PZH8	TN	TN	annotation_positive	annotation_positive
BAR	B7PU93	F1QJB5	TN	TN	annotation_positive	annotation_positive
BAR	B7PU93	F1QK94	TN	TN	annotation_positive	annotation_positive
BAR	B7PU93	F4NYQ0	FN	FN	annotation_positive	annotation_positive
BAR	B7PU93	F6XMZ3	FN	FN	annotation_positive	annotation_positive
BAR	B7PU93	F6YXG1	FN	FN	annotation_positive	annotation_positive
BAR	B7PU93	F6ZUK5	TN	TN	annotation_positive	annotation_positive
BAR	B7PU93	G3QJ12	FN	FN	annotation_positive	annotation_positive
BAR	B7PU93	G3R5Y4	TN	TN	annotation_positive	annotation_positive
BAR	B7PU93	G3RIZ8	TN	TN	annotation_positive	annotation_positive
BAR	B7PU93	H2M5R5	FN	FN	annotation_positive	annotation_positive
BAR	B7PU93	H2Q5Y0	TN	TN	annotation_positive	annotation_positive
BAR	B7PU93	H2QIN5	TN	TN	annotation_positive	annotation_positive
BAR	B7PU93	H2R019	TN	TN	annotation_positive	annotation_positive
BAR	B7PU93	H2RDE5	FN	FN	annotation_positive	annotation_positive
BAR	B7PU93	O00499	TN	TN	annotation_positive	annotation_positive
BAR	B7PU93	O08539	TN	TN	annotation_positive	annotation_positive
BAR	B7PU93	O08839	TN	TN	annotation_positive	annotation_positive
BAR	B7PU93	P25343	FN	FN	annotation_positive	annotation_positive
BAR	B7PU93	P49418	TN	TN	annotation_positive	annotation_positive
BAR	B7PU93	Q0UGL3	FN	FN	annotation_positive	annotation_positive
BAR	B7PU93	Q21004	TN	TN	annotation_positive	annotation_positive
BAR	B7PU93	Q4WTS7	FN	FN	annotation_positive	annotation_positive
BAR	B7PU93	Q54IA6	FN	FN	annotation_positive	annotation_positive
BAR	B7PU93	Q54NT2	FN	FN	annotation_positive	annotation_positive
BAR	B7PU93	Q5AFE4	FN	FN	annotation_positive	annotation_positive
BAR	B7PU93	Q5KLL3	FN	FN	annotation_positive	annotation_positive
BAR	B7PU93	Q5ZKL7	TN	TN	annotation_positive	annotation_positive
BAR	B7PU93	Q68FR2	TN	TN	annotation_positive	annotation_positive
BAR	B7PU93	Q68FW8	FN	FN	annotation_positive	annotation_positive
BAR	B7PU93	Q6CCM8	FN	FN	annotation_positive	annotation_positive
BAR	B7PU93	Q7KLE5	TN	TN	annotation_positive	annotation_positive
BAR	B7PU93	Q7Q9R8	TN	TN	annotation_positive	annotation_positive
BAR	B7PU93	Q7S814	FN	FN	annotation_positive	annotation_positive
BAR	B7PU93	Q7TQF7	TN	TN	annotation_positive	annotation_positive
BAR	B7PU93	Q9JI08	FN	FN	annotation_positive	annotation_positive
BAR	B7PU93	Q9NQY0	FN	FN	annotation_positive	annotation_positive
BAR	B7PU93	Q9UBW5	TN	TN	annotation_positive	annotation_positive
BAR	B7PU93	Q9UUM7	FN	FN	annotation_positive	annotation_positive
BAR	C3YHW0	C3YIY0	TN	TN	annotation_positive	annotation_positive
BAR	C3YHW0	D3Z6Q9	FN	FN	annotation_positive	annotation_positive
BAR	C3YHW0	E7FD40	FN	FN	annotation_positive	annotation_positive
BAR	C3YHW0	F1NZ04	FN	FN	annotation_positive	annotation_positive
BAR	C3YHW0	F1PTG7	TN	TN	annotation_positive	annotation_positive
BAR	C3YHW0	F1PZH8	FN	FN	annotation_positive	annotation_positive
BAR	C3YHW0	F1QJB5	FN	FN	annotation_positive	annotation_positive
BAR	C3YHW0	F1QK94	FN	FN	annotation_positive	annotation_positive
BAR	C3YHW0	F4NYQ0	TN	TN	annotation_positive	annotation_positive
BAR	C3YHW0	F6XMZ3	TN	TN	annotation_positive	annotation_positive
BAR	C3YHW0	F6YXG1	TN	TN	annotation_positive	annotation_positive
BAR	C3YHW0	F6ZUK5	FN	FN	annotation_positive	annotation_positive
BAR	C3YHW0	G3QJ12	TN	TN	annotation_positive	annotation_positive
BAR	C3YHW0	G3R5Y4	FN	FN	annotation_positive	annotation_positive
BAR	C3YHW0	G3RIZ8	FN	FN	annotation_positive	annotation_positive
BAR	C3YHW0	H2M5R5	TN	TN	annotation_positive	annotation_positive
BAR	C3YHW0	H2Q5Y0	FN	FN	annotation_positive	annotation_positive
BAR	C3YHW0	H2QIN5	FN	FN	annotation_positive	annotation_positive
BAR	C3YHW0	H2R019	FN	FN	annotation_positive	annotation_positive
BAR	C3YHW0	H2RDE5	TN	TN	annotation_positive	annotation_positive
BAR	C3YHW0	O00499	FN	FN	annotation_positive	annotation_positive
BAR	C3YHW0	O08539	FN	FN	annotation_positive	annotation_positive
BAR	C3YHW0	O08839	FN	FN	annotation_positive	annotation_positive
BAR	C3YHW0	P25343	TN	TN	annotation_positive	annotation_positive
BAR	C3YHW0	P49418	FN	FN	annotation_positive	annotation_positive
BAR	C3YHW0	Q0UGL3	TN	TN	annotation_positive	annotation_positive
BAR	C3YHW0	Q21004	FN	FN	annotation_positive	annotation_positive
BAR	C3YHW0	Q4WTS7	TN	TN	annotation_positive	annotation_positive
BAR	C3YHW0	Q54IA6	FN	FN	annotation_positive	annotation_positive
BAR	C3YHW0	Q54NT2	FN	FN	annotation_positive	annotation_positive
BAR	C3YHW0	Q5AFE4	TN	TN	annotation_positive	annotation_positive
BAR	C3YHW0	Q5KLL3	TN	TN	annotation_positive	annotation_positive
BAR	C3YHW0	Q5ZKL7	FN	FN	annotation_positive	annotation_positive
BAR	C3YHW0	Q68FR2	FN	FN	annotation_positive	annotation_positive
BAR	C3YHW0	Q68FW8	TN	TN	annotation_positive	annotation_positive
BAR	C3YHW0	Q6CCM8	TN	TN	annotation_positive	annotation_positive
BAR	C3YHW0	Q7KLE5	FN	FN	annotation_positive	annotation_positive
BAR	C3YHW0	Q7Q9R8	FN	FN	annotation_positive	annotation_positive
BAR	C3YHW0	Q7S814	TN	TN	annotation_positive	annotation_positive
BAR	C3YHW0	Q7TQF7	FN	FN	annotation_positive	annotation_positive
BAR	C3YHW0	Q9JI08	TN	TN	annotation_positive	annotation_positive
BAR	C3YHW0	Q9NQY0	TN	TN	annotation_positive	annotation_positive
BAR	C3YHW0	Q9UBW5	FN	FN	annotation_positive	annotation_positive
BAR	C3YHW0	Q9UUM7	TN	TN	annotation_positive	annotation_positive
BAR	C3YIY0	D3Z6Q9	TN	TN	all_matched_unflagged	all_matched_unflagged
BAR	C3YIY0	E7FD40	TN	TN	all_matched_unflagged	all_matched_unflagged
BAR	C3YIY0	F1NZ04	TN	TN	all_matched_unflagged	all_matched_unflagged
BAR	C3YIY0	F1PTG7	TP	TP	all_matched_unflagged	all_matched_unflagged
BAR	C3YIY0	F1PZH8	TN	TN	all_matched_unflagged	all_matched_unflagged
BAR	C3YIY0	F1QJB5	TN	TN	all_matched_unflagged	all_matched_unflagged
BAR	C3YIY0	F1QK94	TN	TN	all_matched_unflagged	all_matched_unflagged
BAR	C3YIY0	F4NYQ0	TP	TP	all_matched_unflagged	all_matched_unflagged
BAR	C3YIY0	F6XMZ3	TP	TP	all_matched_unflagged	all_matched_unflagged
BAR	C3YIY0	F6YXG1	TP	TP	all_matched_unflagged	all_matched_unflagged
BAR	C3YIY0	F6ZUK5	TN	TN	all_matched_unflagged	all_matched_unflagged
BAR	C3YIY0	G3QJ12	TP	TP	all_matched_unflagged	all_matched_unflagged
BAR	C3YIY0	G3R5Y4	TN	TN	all_matched_unflagged	all_matched_unflagged
BAR	C3YIY0	G3RIZ8	TN	TN	all_matched_unflagged	all_matched_unflagged
BAR	C3YIY0	H2M5R5	TP	TP	all_matched_unflagged	all_matched_unflagged
BAR	C3YIY0	H2Q5Y0	TN	TN	all_matched_unflagged	all_matched_unflagged
BAR	C3YIY0	H2QIN5	TN	TN	all_matched_unflagged	all_matched_unflagged
BAR	C3YIY0	H2R019	TN	TN	all_matched_unflagged	all_matched_unflagged
BAR	C3YIY0	H2RDE5	TP	TP	all_matched_unflagged	all_matched_unflagged
BAR	C3YIY0	O00499	TN	TN	all_matched_unflagged	all_matched_unflagged
BAR	C3YIY0	O08539	TN	TN	all_matched_unflagged	all_matched_unflagged
BAR	C3YIY0	O08839	TN	TN	all_matched_unflagged	all_matched_unflagged
BAR	C3YIY0	P25343	TP	TP	all_matched_unflagged	all_matched_unflagged
BAR	C3YIY0	P49418	TN	TN	all_matched_unflagged	all_matched_unflagged
BAR	C3YIY0	Q0UGL3	TP	TP	all_matched_unflagged	all_matched_unflagged
BAR	C3YIY0	Q21004	TN	TN	all_matched_unflagged	all_matched_unflagged
BAR	C3YIY0	Q4WTS7	TP	TP	all_matched_unflagged	all_matched_unflagged
BAR	C3YIY0	Q54IA6	FN	FN	all_matched_unflagged	all_matched_unflagged
BAR	C3YIY0	Q54NT2	FN	FN	all_matched_unflagged	all_matched_unflagged
BAR	C3YIY0	Q5AFE4	TP	TP	all_matched_unflagged	all_matched_unflagged
BAR	C3YIY0	Q5KLL3	TP	TP	all_matched_unflagged	all_matched_unflagged
BAR	C3YIY0	Q5ZKL7	TN	TN	all_matched_unflagged	all_matched_unflagged
BAR	C3YIY0	Q68FR2	TN	TN	all_matched_unflagged	all_matched_unflagged
BAR	C3YIY0	Q68FW8	TP	TP	all_matched_unflagged	all_matched_unflagged
BAR	C3YIY0	Q6CCM8	TP	TP	all_matched_unflagged	all_matched_unflagged
BAR	C3YIY0	Q7KLE5	TN	TN	all_matched_unflagged	all_matched_unflagged
BAR	C3YIY0	Q7Q9R8	TN	TN	all_matched_unflagged	all_matched_unflagged
BAR	C3YIY0	Q7S814	TP	TP	all_matched_unflagged	all_matched_unflagged
BAR	C3YIY0	Q7TQF7	TN	TN	all_matched_unflagged	all_matched_unflagged
BAR	C3YIY0	Q9JI08	TP	TP	all_matched_unflagged	all_matched_unflagged
BAR	C3YIY0	Q9NQY0	TP	TP	all_matched_unflagged	all_matched_unflagged
BAR	C3YIY0	Q9UBW5	TN	TN	all_matched_unflagged	all_matched_unflagged
BAR	C3YIY0	Q9UUM7	TP	TP	all_matched_unflagged	all_matched_unflagged
BAR	D3Z6Q9	E7FD40	FP	TN	all_matched_unflagged	all_matched_unflagged
BAR	D3Z6Q9	F1NZ04	FP	TN	all_matched_unflagged	all_matched_unflagged
BAR	D3Z6Q9	F1PTG7	TN	TN	all_matched_unflagged	all_matched_unflagged
BAR	D3Z6Q9	F1PZH8	TP	TP	all_matched_unflagged	all_matched_unflagged
BAR	D3Z6Q9	F1QJB5	TP	TP	all_matched_unflagged	all_matched_unflagged
BAR	D3Z6Q9	F1QK94	FP	TN	all_matched_unflagged	all_matched_unflagged
BAR	D3Z6Q9	F4NYQ0	TN	TN	all_matched_unflagged	all_matched_unflagged
BAR	D3Z6Q9	F6XMZ3	TN	TN	all_matched_unflagged	all_matched_unflagged
BAR	D3Z6Q9	F6YXG1	TN	TN	all_matched_unflagged	all_matched_unflagged
BAR	D3Z6Q9	F6ZUK5	TP	TP	all_matched_unflagged	all_matched_unflagged
BAR	D3Z6Q9	G3QJ12	TN	TN	all_matched_unflagged	all_matched_unflagged
BAR	D3Z6Q9	G3R5Y4	FP	TN	all_matched_unflagged	all_matched_unflagged
BAR	D3Z6Q9	G3RIZ8	FP	TN	all_matched_unflagged	all_matched_unflagged
BAR	D3Z6Q9	H2M5R5	TN	TN	all_matched_unflagged	all_matched_unflagged
BAR	D3Z6Q9	H2Q5Y0	TP	TP	all_matched_unflagged	all_matched_unflagged
BAR	D3Z6Q9	H2QIN5	FP	TN	all_matched_unflagged	all_matched_unflagged
BAR	D3Z6Q9	H2R019	FP	TN	all_matched_unflagged	all_matched_unflagged
BAR	D3Z6Q9	H2RDE5	TN	TN	all_matched_unflagged	all_matched_unflagged
BAR	D3Z6Q9	O00499	FP	TN	all_matched_unflagged	all_matched_unflagged
BAR	D3Z6Q9	O08539	TN	TN	all_matched_unflagged	all_matched_unflagged
BAR	D3Z6Q9	O08839	FP	TN	all_matched_unflagged	all_matched_unflagged
BAR	D3Z6Q9	P25343	TN	TN	all_matched_unflagged	all_matched_unflagged
BAR	D3Z6Q9	P49418	FP	TN	all_matched_unflagged	all_matched_unflagged
BAR	D3Z6Q9	Q0UGL3	TN	TN	all_matched_unflagged	all_matched_unflagged
BAR	D3Z6Q9	Q21004	TP	TP	all_matched_unflagged	all_matched_unflagged
BAR	D3Z6Q9	Q4WTS7	TN	TN	all_matched_unflagged	all_matched_unflagged
BAR	D3Z6Q9	Q54IA6	FN	FN	all_matched_unflagged	all_matched_unflagged
BAR	D3Z6Q9	Q54NT2	FN	FN	all_matched_unflagged	all_matched_unflagged
BAR	D3Z6Q9	Q5AFE4	TN	TN	all_matched_unflagged	all_matched_unflagged
BAR	D3Z6Q9	Q5KLL3	TN	TN	all_matched_unflagged	all_matched_unflagged
BAR	D3Z6Q9	Q5ZKL7	TP	TP	all_matched_unflagged	all_matched_unflagged
BAR	D3Z6Q9	Q68FR2	TP	TP	all_matched_unflagged	all_matched_unflagged
BAR	D3Z6Q9	Q68FW8	TN	TN	all_matched_unflagged	all_matched_unflagged
BAR	D3Z6Q9	Q6CCM8	TN	TN	all_matched_unflagged	all_matched_unflagged
BAR	D3Z6Q9	Q7KLE5	TP	TP	all_matched_unflagged	all_matched_unflagged
BAR	D3Z6Q9	Q7Q9R8	TP	TP	all_matched_unflagged	all_matched_unflagged
BAR	D3Z6Q9	Q7S814	TN	TN	all_matched_unflagged	all_matched_unflagged
BAR	D3Z6Q9	Q7TQF7	TN	TN	all_matched_unflagged	all_matched_unflagged
BAR	D3Z6Q9	Q9JI08	TN	TN	all_matched_unflagged	all_matched_unflagged
BAR	D3Z6Q9	Q9NQY0	TN	TN	all_matched_unflagged	all_matched_unflagged
BAR	D3Z6Q9	Q9UBW5	TP	TP	all_matched_unflagged	all_matched_unflagged
BAR	D3Z6Q9	Q9UUM7	TN	TN	all_matched_unflagged	all_matched_unflagged
BAR	E7FD40	F1NZ04	TP	TP	all_matched_unflagged	all_matched_unflagged
BAR	E7FD40	F1PTG7	TN	TN	all_matched_unflagged	all_matched_unflagged
BAR	E7FD40	F1PZH8	FP	TN	all_matched_unflagged	all_matched_unflagged
BAR	E7FD40	F1QJB5	TN	TN	all_matched_unflagged	all_matched_unflagged
BAR	E7FD40	F1QK94	TN	TN	all_matched_unflagged	all_matched_unflagged
BAR	E7FD40	F4NYQ0	TN	TN	all_matched_unflagged	all_matched_unflagged
BAR	E7FD40	F6XMZ3	TN	TN	all_matched_unflagged	all_matched_unflagged
BAR	E7FD40	F6YXG1	TN	TN	all_matched_unflagged	all_matched_unflagged
BAR	E7FD40	F6ZUK5	TP	TP	all_matched_unflagged	all_matched_unflagged
BAR	E7FD40	G3QJ12	TN	TN	all_matched_unflagged	all_matched_unflagged
BAR	E7FD40	G3R5Y4	FP	TN	all_matched_unflagged	all_matched_unflagged
BAR	E7FD40	G3RIZ8	TP	TP	all_matched_unflagged	all_matched_unflagged
BAR	E7FD40	H2M5R5	TN	TN	all_matched_unflagged	all_matched_unflagged
BAR	E7FD40	H2Q5Y0	FP	TN	all_matched_unflagged	all_matched_unflagged
BAR	E7FD40	H2QIN5	TP	TP	all_matched_unflagged	all_matched_unflagged
BAR	E7FD40	H2R019	FP	TN	all_matched_unflagged	all_matched_unflagged
BAR	E7FD40	H2RDE5	TN	TN	all_matched_unflagged	all_matched_unflagged
BAR	E7FD40	O00499	TP	TP	all_matched_unflagged	all_matched_unflagged
BAR	E7FD40	O08539	TP	TP	all_matched_unflagged	all_matched_unflagged
BAR	E7FD40	O08839	TP	TP	all_matched_unflagged	all_matched_unflagged
BAR	E7FD40	P25343	TN	TN	all_matched_unflagged	all_matched_unflagged
BAR	E7FD40	P49418	FP	TN	all_matched_unflagged	all_matched_unflagged
BAR	E7FD40	Q0UGL3	TN	TN	all_matched_unflagged	all_matched_unflagged
BAR	E7FD40	Q21004	TP	TP	all_matched_unflagged	all_matched_unflagged
BAR	E7FD40	Q4WTS7	TN	TN	all_matched_unflagged	all_matched_unflagged
BAR	E7FD40	Q54IA6	FN	FN	all_matched_unflagged	all_matched_unflagged
BAR	E7FD40	Q54NT2	FN	FN	all_matched_unflagged	all_matched_unflagged
BAR	E7FD40	Q5AFE4	TN	TN	all_matched_unflagged	all_matched_unflagged
BAR	E7FD40	Q5KLL3	TN	TN	all_matched_unflagged	all_matched_unflagged
BAR	E7FD40	Q5ZKL7	FP	TN	all_matched_unflagged	all_matched_unflagged
BAR	E7FD40	Q68FR2	FP	TN	all_matched_unflagged	all_matched_unflagged
BAR	E7FD40	Q68FW8	TN	TN	all_matched_unflagged	all_matched_unflagged
BAR	E7FD40	Q6CCM8	TN	TN	all_matched_unflagged	all_matched_unflagged
BAR	E7FD40	Q7KLE5	TP	TP	all_matched_unflagged	all_matched_unflagged
BAR	E7FD40	Q7Q9R8	TP	TP	all_matched_unflagged	all_matched_unflagged
BAR	E7FD40	Q7S814	TN	TN	all_matched_unflagged	all_matched_unflagged
BAR	E7FD40	Q7TQF7	FP	TN	all_matched_unflagged	all_matched_unflagged
BAR	E7FD40	Q9JI08	TN	TN	all_matched_unflagged	all_matched_unflagged
BAR	E7FD40	Q9NQY0	TN	TN	all_matched_unflagged	all_matched_unflagged
BAR	E7FD40	Q9UBW5	FP	TN	all_matched_unflagged	all_matched_unflagged
BAR	E7FD40	Q9UUM7	TN	TN	all_matched_unflagged	all_matched_unflagged
BAR	F1NZ04	F1PTG7	TN	TN	all_matched_unflagged	all_matched_unflagged
BAR	F1NZ04	F1PZH8	FP	TN	all_matched_unflagged	all_matched_unflagged
BAR	F1NZ04	F1QJB5	FP	TN	all_matched_unflagged	all_matched_unflagged
BAR	F1NZ04	F1QK94	FP	TN	all_matched_unflagged	all_matched_unflagged
BAR	F1NZ04	F4NYQ0	TN	TN	all_matched_unflagged	all_matched_unflagged
BAR	F1NZ04	F6XMZ3	TN	TN	all_matched_unflagged	all_matched_unflagged
BAR	F1NZ04	F6YXG1	TN	TN	all_matched_unflagged	all_matched_unflagged
BAR	F1NZ04	F6ZUK5	TP	TP	all_matched_unflagged	all_matched_unflagged
BAR	F1NZ04	G3QJ12	TN	TN	all_matched_unflagged	all_matched_unflagged
BAR	F1NZ04	G3R5Y4	FP	TN	all_matched_unflagged	all_matched_unflagged
BAR	F1NZ04	G3RIZ8	TP	TP	all_matched_unflagged	all_matched_unflagged
BAR	F1NZ04	H2M5R5	TN	TN	all_matched_unflagged	all_matched_unflagged
BAR	F1NZ04	H2Q5Y0	FP	TN	all_matched_unflagged	all_matched_unflagged
BAR	F1NZ04	H2QIN5	TP	TP	all_matched_unflagged	all_matched_unflagged
BAR	F1NZ04	H2R019	FP	TN	all_matched_unflagged	all_matched_unflagged
BAR	F1NZ04	H2RDE5	TN	TN	all_matched_unflagged	all_matched_unflagged
BAR	F1NZ04	O00499	TP	TP	all_matched_unflagged	all_matched_unflagged
BAR	F1NZ04	O08539	TP	TP	all_matched_unflagged	all_matched_unflagged
BAR	F1NZ04	O08839	TP	TP	all_matched_unflagged	all_matched_unflagged
BAR	F1NZ04	P25343	TN	TN	all_matched_unflagged	all_matched_unflagged
BAR	F1NZ04	P49418	FP	TN	all_matched_unflagged	all_matched_unflagged
BAR	F1NZ04	Q0UGL3	TN	TN	all_matched_unflagged	all_matched_unflagged
BAR	F1NZ04	Q21004	TP	TP	all_matched_unflagged	all_matched_unflagged
BAR	F1NZ04	Q4WTS7	TN	TN	all_matched_unflagged	all_matched_unflagged
BAR	F1NZ04	Q54IA6	FN	FN	all_matched_unflagged	all_matched_unflagged
BAR	F1NZ04	Q54NT2	FN	FN	all_matched_unflagged	all_matched_unflagged
BAR	F1NZ04	Q5AFE4	TN	TN	all_matched_unflagged	all_matched_unflagged
BAR	F1NZ04	Q5KLL3	TN	TN	all_matched_unflagged	all_matched_unflagged
BAR	F1NZ04	Q5ZKL7	TN	TN	all_matched_unflagged	all_matched_unflagged
BAR	F1NZ04	Q68FR2	FP	TN	all_matched_unflagged	all_matched_unflagged
BAR	F1NZ04	Q68FW8	TN	TN	all_matched_unflagged	all_matched_unflagged
BAR	F1NZ04	Q6CCM8	TN	TN	all_matched_unflagged	all_matched_unflagged
BAR	F1NZ04	Q7KLE5	TP	TP	all_matched_unflagged	all_matched_unflagged
BAR	F1NZ04	Q7Q9R8	TP	TP	all_matched_unflagged	all_matched_unflagged
BAR	F1NZ04	Q7S814	TN	TN	all_matched_unflagged	all_matched_unflagged
BAR	F1NZ04	Q7TQF7	FP	TN	all_matched_unflagged	all_matched_unflagged
BAR	F1NZ04	Q9JI08	TN	TN	all_matched_unflagged	all_matched_unflagged
BAR	F1NZ04	Q9NQY0	TN	TN	all_matched_unflagged	all_matched_unflagged
BAR	F1NZ04	Q9UBW5	FP	TN	all_matched_unflagged	all_matched_unflagged
BAR	F1NZ04	Q9UUM7	TN	TN	all_matched_unflagged	all_matched_unflagged
BAR	F1PTG7	F1PZH8	TN	TN	all_matched_unflagged	all_matched_unflagged
BAR	F1PTG7	F1QJB5	TN	TN	all_matched_unflagged	all_matched_unflagged
BAR	F1PTG7	F1QK94	TN	TN	all_matched_unflagged	all_matched_unflagged
BAR	F1PTG7	F4NYQ0	TP	TP	all_matched_unflagged	all_matched_unflagged
BAR	F1PTG7	F6XMZ3	TP	TP	all_matched_unflagged	all_matched_unflagged
BAR	F1PTG7	F6YXG1	TP	TP	all_matched_unflagged	all_matched_unflagged
BAR	F1PTG7	F6ZUK5	TN	TN	all_matched_unflagged	all_matched_unflagged
BAR	F1PTG7	G3QJ12	TP	TP	all_matched_unflagged	all_matched_unflagged
BAR	F1PTG7	G3R5Y4	TN	TN	all_matched_unflagged	all_matched_unflagged
BAR	F1PTG7	G3RIZ8	TN	TN	all_matched_unflagged	all_matched_unflagged
BAR	F1PTG7	H2M5R5	TP	TP	all_matched_unflagged	all_matched_unflagged
BAR	F1PTG7	H2Q5Y0	TN	TN	all_matched_unflagged	all_matched_unflagged
BAR	F1PTG7	H2QIN5	TN	TN	all_matched_unflagged	all_matched_unflagged
BAR	F1PTG7	H2R019	TN	TN	all_matched_unflagged	all_matched_unflagged
BAR	F1PTG7	H2RDE5	TP	TP	all_matched_unflagged	all_matched_unflagged
BAR	F1PTG7	O00499	TN	TN	all_matched_unflagged	all_matched_unflagged
BAR	F1PTG7	O08539	TN	TN	all_matched_unflagged	all_matched_unflagged
BAR	F1PTG7	O08839	TN	TN	all_matched_unflagged	all_matched_unflagged
BAR	F1PTG7	P25343	TP	TP	all_matched_unflagged	all_matched_unflagged
BAR	F1PTG7	P49418	TN	TN	all_matched_unflagged	all_matched_unflagged
BAR	F1PTG7	Q0UGL3	TP	TP	all_matched_unflagged	all_matched_unflagged
BAR	F1PTG7	Q21004	TN	TN	all_matched_unflagged	all_matched_unflagged
BAR	F1PTG7	Q4WTS7	TP	TP	all_matched_unflagged	all_matched_unflagged
BAR	F1PTG7	Q54IA6	FN	FN	all_matched_unflagged	all_matched_unflagged
BAR	F1PTG7	Q54NT2	FN	FN	all_matched_unflagged	all_matched_unflagged
BAR	F1PTG7	Q5AFE4	TP	TP	all_matched_unflagged	all_matched_unflagged
BAR	F1PTG7	Q5KLL3	TP	TP	all_matched_unflagged	all_matched_unflagged
BAR	F1PTG7	Q5ZKL7	TN	TN	all_matched_unflagged	all_matched_unflagged
BAR	F1PTG7	Q68FR2	TN	TN	all_matched_unflagged	all_matched_unflagged
BAR	F1PTG7	Q68FW8	TP	TP	all_matched_unflagged	all_matched_unflagged
BAR	F1PTG7	Q6CCM8	TP	TP	all_matched_unflagged	all_matched_unflagged
BAR	F1PTG7	Q7KLE5	TN	TN	all_matched_unflagged	all_matched_unflagged
BAR	F1PTG7	Q7Q9R8	TN	TN	all_matched_unflagged	all_matched_unflagged
BAR	F1PTG7	Q7S814	TP	TP	all_matched_unflagged	all_matched_unflagged
BAR	F1PTG7	Q7TQF7	TN	TN	all_matched_unflagged	all_matched_unflagged
BAR	F1PTG7	Q9JI08	TP	TP	all_matched_unflagged	all_matched_unflagged
BAR	F1PTG7	Q9NQY0	TP	TP	all_matched_unflagged	all_matched_unflagged
BAR	F1PTG7	Q9UBW5	TN	TN	all_matched_unflagged	all_matched_unflagged
BAR	F1PTG7	Q9UUM7	TP	TP	all_matched_unflagged	all_matched_unflagged
BAR	F1PZH8	F1QJB5	TP	TP	all_matched_unflagged	all_matched_unflagged
BAR	F1PZH8	F1QK94	FP	TN	all_matched_unflagged	all_matched_unflagged
BAR	F1PZH8	F4NYQ0	TN	TN	all_matched_unflagged	all_matched_unflagged
BAR	F1PZH8	F6XMZ3	TN	TN	all_matched_unflagged	all_matched_unflagged
BAR	F1PZH8	F6YXG1	TN	TN	all_matched_unflagged	all_matched_unflagged
BAR	F1PZH8	F6ZUK5	TP	TP	all_matched_unflagged	all_matched_unflagged
BAR	F1PZH8	G3QJ12	TN	TN	all_matched_unflagged	all_matched_unflagged
BAR	F1PZH8	G3R5Y4	FP	TN	all_matched_unflagged	all_matched_unflagged
BAR	F1PZH8	G3RIZ8	FP	TN	all_matched_unflagged	all_matched_unflagged
BAR	F1PZH8	H2M5R5	TN	TN	all_matched_unflagged	all_matched_unflagged
BAR	F1PZH8	H2Q5Y0	TP	TP	all_matched_unflagged	all_matched_unflagged
BAR	F1PZH8	H2QIN5	FP	TN	all_matched_unflagged	all_matched_unflagged
BAR	F1PZH8	H2R019	FP	TN	all_matched_unflagged	all_matched_unflagged
BAR	F1PZH8	H2RDE5	TN	TN	all_matched_unflagged	all_matched_unflagged
BAR	F1PZH8	O00499	FP	TN	all_matched_unflagged	all_matched_unflagged
BAR	F1PZH8	O08539	FP	TN	all_matched_unflagged	all_matched_unflagged
BAR	F1PZH8	O08839	FP	TN	all_matched_unflagged	all_matched_unflagged
BAR	F1PZH8	P25343	TN	TN	all_matched_unflagged	all_matched_unflagged
BAR	F1PZH8	P49418	FP	TN	all_matched_unflagged	all_matched_unflagged
BAR	F1PZH8	Q0UGL3	TN	TN	all_matched_unflagged	all_matched_unflagged
BAR	F1PZH8	Q21004	TP	TP	all_matched_unflagged	all_matched_unflagged
BAR	F1PZH8	Q4WTS7	TN	TN	all_matched_unflagged	all_matched_unflagged
BAR	F1PZH8	Q54IA6	FN	FN	all_matched_unflagged	all_matched_unflagged
BAR	F1PZH8	Q54NT2	FN	FN	all_matched_unflagged	all_matched_unflagged
BAR	F1PZH8	Q5AFE4	TN	TN	all_matched_unflagged	all_matched_unflagged
BAR	F1PZH8	Q5KLL3	TN	TN	all_matched_unflagged	all_matched_unflagged
BAR	F1PZH8	Q5ZKL7	TP	TP	all_matched_unflagged	all_matched_unflagged
BAR	F1PZH8	Q68FR2	TP	TP	all_matched_unflagged	all_matched_unflagged
BAR	F1PZH8	Q68FW8	TN	TN	all_matched_unflagged	all_matched_unflagged
BAR	F1PZH8	Q6CCM8	TN	TN	all_matched_unflagged	all_matched_unflagged
BAR	F1PZH8	Q7KLE5	TP	TP	all_matched_unflagged	all_matched_unflagged
BAR	F1PZH8	Q7Q9R8	TP	TP	all_matched_unflagged	all_matched_unflagged
BAR	F1PZH8	Q7S814	TN	TN	all_matched_unflagged	all_matched_unflagged
BAR	F1PZH8	Q7TQF7	FP	TN	all_matched_unflagged	all_matched_unflagged
BAR	F1PZH8	Q9JI08	TN	TN	all_matched_unflagged	all_matched_unflagged
BAR	F1PZH8	Q9NQY0	TN	TN	all_matched_unflagged	all_matched_unflagged
BAR	F1PZH8	Q9UBW5	TP	TP	all_matched_unflagged	all_matched_unflagged
BAR	F1PZH8	Q9UUM7	TN	TN	all_matched_unflagged	all_matched_unflagged
BAR	F1QJB5	F1QK94	TN	TN	all_matched_unflagged	all_matched_unflagged
BAR	F1QJB5	F4NYQ0	TN	TN	all_matched_unflagged	all_matched_unflagged
BAR	F1QJB5	F6XMZ3	TN	TN	all_matched_unflagged	all_matched_unflagged
BAR	F1QJB5	F6YXG1	TN	TN	all_matched_unflagged	all_matched_unflagged
BAR	F1QJB5	F6ZUK5	TP	TP	all_matched_unflagged	all_matched_unflagged
BAR	F1QJB5	G3QJ12	TN	TN	all_matched_unflagged	all_matched_unflagged
BAR	F1QJB5	G3R5Y4	FP	TN	all_matched_unflagged	all_matched_unflagged
BAR	F1QJB5	G3RIZ8	FP	TN	all_matched_unflagged	all_matched_unflagged
BAR	F1QJB5	H2M5R5	TN	TN	all_matched_unflagged	all_matched_unflagged
BAR	F1QJB5	H2Q5Y0	TP	TP	all_matched_unflagged	all_matched_unflagged
BAR	F1QJB5	H2QIN5	FP	TN	all_matched_unflagged	all_matched_unflagged
BAR	F1QJB5	H2R019	FP	TN	all_matched_unflagged	all_matched_unflagged
BAR	F1QJB5	H2RDE5	TN	TN	all_matched_unflagged	all_matched_unflagged
BAR	F1QJB5	O00499	FP	TN	all_matched_unflagged	all_matched_unflagged
BAR	F1QJB5	O08539	FP	TN	all_matched_unflagged	all_matched_unflagged
BAR	F1QJB5	O08839	FP	TN	all_matched_unflagged	all_matched_unflagged
BAR	F1QJB5	P25343	TN	TN	all_matched_unflagged	all_matched_unflagged
BAR	F1QJB5	P49418	FP	TN	all_matched_unflagged	all_matched_unflagged
BAR	F1QJB5	Q0UGL3	TN	TN	all_matched_unflagged	all_matched_unflagged
BAR	F1QJB5	Q21004	TP	TP	all_matched_unflagged	all_matched_unflagged
BAR	F1QJB5	Q4WTS7	TN	TN	all_matched_unflagged	all_matched_unflagged
BAR	F1QJB5	Q54IA6	FN	FN	all_matched_unflagged	all_matched_unflagged
BAR	F1QJB5	Q54NT2	FN	FN	all_matched_unflagged	all_matched_unflagged
BAR	F1QJB5	Q5AFE4	TN	TN	all_matched_unflagged	all_matched_unflagged
BAR	F1QJB5	Q5KLL3	TN	TN	all_matched_unflagged	all_matched_unflagged
BAR	F1QJB5	Q5ZKL7	TP	TP	all_matched_unflagged	all_matched_unflagged
BAR	F1QJB5	Q68FR2	TP	TP	all_matched_unflagged	all_matched_unflagged
BAR	F1QJB5	Q68FW8	TN	TN	all_matched_unflagged	all_matched_unflagged
BAR	F1QJB5	Q6CCM8	TN	TN	all_matched_unflagged	all_matched_unflagged
BAR	F1QJB5	Q7KLE5	TP	TP	all_matched_unflagged	all_matched_unflagged
BAR	F1QJB5	Q7Q9R8	TP	TP	all_matched_unflagged	all_matched_unflagged
BAR	F1QJB5	Q7S814	TN	TN	all_matched_unflagged	all_matched_unflagged
BAR	F1QJB5	Q7TQF7	FP	TN	all_matched_unflagged	all_matched_unflagged
BAR	F1QJB5	Q9JI08	TN	TN	all_matched_unflagged	all_matched_unflagged
BAR	F1QJB5	Q9NQY0	TN	TN	all_matched_unflagged	all_matched_unflagged
BAR	F1QJB5	Q9UBW5	TP	TP	all_matched_unflagged	all_matched_unflagged
BAR	F1QJB5	Q9UUM7	TN	TN	all_matched_unflagged	all_matched_unflagged
BAR	F1QK94	F4NYQ0	TN	TN	all_matched_unflagged	all_matched_unflagged
BAR	F1QK94	F6XMZ3	TN	TN	all_matched_unflagged	all_matched_unflagged
BAR	F1QK94	F6YXG1	TN	TN	all_matched_unflagged	all_matched_unflagged
BAR	F1QK94	F6ZUK5	TP	TP	all_matched_unflagged	all_matched_unflagged
BAR	F1QK94	G3QJ12	TN	TN	all_matched_unflagged	all_matched_unflagged
BAR	F1QK94	G3R5Y4	TP	TP	all_matched_unflagged	all_matched_unflagged
BAR	F1QK94	G3RIZ8	FP	TN	all_matched_unflagged	all_matched_unflagged
BAR	F1QK94	H2M5R5	TN	TN	all_matched_unflagged	all_matched_unflagged
BAR	F1QK94	H2Q5Y0	FP	TN	all_matched_unflagged	all_matched_unflagged
BAR	F1QK94	H2QIN5	FP	TN	all_matched_unflagged	all_matched_unflagged
BAR	F1QK94	H2R019	TP	TP	all_matched_unflagged	all_matched_unflagged
BAR	F1QK94	H2RDE5	TN	TN	all_matched_unflagged	all_matched_unflagged
BAR	F1QK94	O00499	FP	TN	all_matched_unflagged	all_matched_unflagged
BAR	F1QK94	O08539	FP	TN	all_matched_unflagged	all_matched_unflagged
BAR	F1QK94	O08839	FP	TN	all_matched_unflagged	all_matched_unflagged
BAR	F1QK94	P25343	TN	TN	all_matched_unflagged	all_matched_unflagged
BAR	F1QK94	P49418	TP	TP	all_matched_unflagged	all_matched_unflagged
BAR	F1QK94	Q0UGL3	TN	TN	all_matched_unflagged	all_matched_unflagged
BAR	F1QK94	Q21004	TP	TP	all_matched_unflagged	all_matched_unflagged
BAR	F1QK94	Q4WTS7	TN	TN	all_matched_unflagged	all_matched_unflagged
BAR	F1QK94	Q54IA6	FN	FN	all_matched_unflagged	all_matched_unflagged
BAR	F1QK94	Q54NT2	FN	FN	all_matched_unflagged	all_matched_unflagged
BAR	F1QK94	Q5AFE4	TN	TN	all_matched_unflagged	all_matched_unflagged
BAR	F1QK94	Q5KLL3	TN	TN	all_matched_unflagged	all_matched_unflagged
BAR	F1QK94	Q5ZKL7	FP	TN	all_matched_unflagged	all_matched_unflagged
BAR	F1QK94	Q68FR2	FP	TN	all_matched_unflagged	all_matched_unflagged
BAR	F1QK94	Q68FW8	TN	TN	all_matched_unflagged	all_matched_unflagged
BAR	F1QK94	Q6CCM8	TN	TN	all_matched_unflagged	all_matched_unflagged
BAR	F1QK94	Q7KLE5	TP	TP	all_matched_unflagged	all_matched_unflagged
BAR	F1QK94	Q7Q9R8	TP	TP	all_matched_unflagged	all_matched_unflagged
BAR	F1QK94	Q7S814	TN	TN	all_matched_unflagged	all_matched_unflagged
BAR	F1QK94	Q7TQF7	TP	TP	all_matched_unflagged	all_matched_unflagged
BAR	F1QK94	Q9JI08	TN	TN	all_matched_unflagged	all_matched_unflagged
BAR	F1QK94	Q9NQY0	TN	TN	all_matched_unflagged	all_matched_unflagged
BAR	F1QK94	Q9UBW5	FP	TN	all_matched_unflagged	all_matched_unflagged
BAR	F1QK94	Q9UUM7	TN	TN	all_matched_unflagged	all_matched_unflagged
BAR	F4NYQ0	F6XMZ3	TP	TP	all_matched_unflagged	all_matched_unflagged
BAR	F4NYQ0	F6YXG1	TP	TP	all_matched_unflagged	all_matched_unflagged
BAR	F4NYQ0	F6ZUK5	TN	TN	all_matched_unflagged	all_matched_unflagged
BAR	F4NYQ0	G3QJ12	TP	TP	all_matched_unflagged	all_matched_unflagged
BAR	F4NYQ0	G3R5Y4	TN	TN	all_matched_unflagged	all_matched_unflagged
BAR	F4NYQ0	G3RIZ8	TN	TN	all_matched_unflagged	all_matched_unflagged
BAR	F4NYQ0	H2M5R5	TP	TP	all_matched_unflagged	all_matched_unflagged
BAR	F4NYQ0	H2Q5Y0	TN	TN	all_matched_unflagged	all_matched_unflagged
BAR	F4NYQ0	H2QIN5	TN	TN	all_matched_unflagged	all_matched_unflagged
BAR	F4NYQ0	H2R019	TN	TN	all_matched_unflagged	all_matched_unflagged
BAR	F4NYQ0	H2RDE5	TP	TP	all_matched_unflagged	all_matched_unflagged
BAR	F4NYQ0	O00499	TN	TN	all_matched_unflagged	all_matched_unflagged
BAR	F4NYQ0	O08539	TN	TN	all_matched_unflagged	all_matched_unflagged
BAR	F4NYQ0	O08839	TN	TN	all_matched_unflagged	all_matched_unflagged
BAR	F4NYQ0	P25343	TP	TP	all_matched_unflagged	all_matched_unflagged
BAR	F4NYQ0	P49418	TN	TN	all_matched_unflagged	all_matched_unflagged
BAR	F4NYQ0	Q0UGL3	TP	TP	all_matched_unflagged	all_matched_unflagged
BAR	F4NYQ0	Q21004	TN	TN	all_matched_unflagged	all_matched_unflagged
BAR	F4NYQ0	Q4WTS7	TP	TP	all_matched_unflagged	all_matched_unflagged
BAR	F4NYQ0	Q54IA6	FN	FN	all_matched_unflagged	all_matched_unflagged
BAR	F4NYQ0	Q54NT2	FN	FN	all_matched_unflagged	all_matched_unflagged
BAR	F4NYQ0	Q5AFE4	TP	TP	all_matched_unflagged	all_matched_unflagged
BAR	F4NYQ0	Q5KLL3	TP	TP	all_matched_unflagged	all_matched_unflagged
BAR	F4NYQ0	Q5ZKL7	TN	TN	all_matched_unflagged	all_matched_unflagged
BAR	F4NYQ0	Q68FR2	TN	TN	all_matched_unflagged	all_matched_unflagged
BAR	F4NYQ0	Q68FW8	TP	TP	all_matched_unflagged	all_matched_unflagged
BAR	F4NYQ0	Q6CCM8	TP	TP	all_matched_unflagged	all_matched_unflagged
BAR	F4NYQ0	Q7KLE5	TN	TN	all_matched_unflagged	all_matched_unflagged
BAR	F4NYQ0	Q7Q9R8	TN	TN	all_matched_unflagged	all_matched_unflagged
BAR	F4NYQ0	Q7S814	TP	TP	all_matched_unflagged	all_matched_unflagged
BAR	F4NYQ0	Q7TQF7	TN	TN	all_matched_unflagged	all_matched_unflagged
BAR	F4NYQ0	Q9JI08	TP	TP	all_matched_unflagged	all_matched_unflagged
BAR	F4NYQ0	Q9NQY0	TP	TP	all_matched_unflagged	all_matched_unflagged
BAR	F4NYQ0	Q9UBW5	TN	TN	all_matched_unflagged	all_matched_unflagged
BAR	F4NYQ0	Q9UUM7	TP	TP	all_matched_unflagged	all_matched_unflagged
BAR	F6XMZ3	F6YXG1	TP	TP	all_matched_unflagged	all_matched_unflagged
BAR	F6XMZ3	F6ZUK5	TN	TN	all_matched_unflagged	all_matched_unflagged
BAR	F6XMZ3	G3QJ12	TP	TP	all_matched_unflagged	all_matched_unflagged
BAR	F6XMZ3	G3R5Y4	TN	TN	all_matched_unflagged	all_matched_unflagged
BAR	F6XMZ3	G3RIZ8	TN	TN	all_matched_unflagged	all_matched_unflagged
BAR	F6XMZ3	H2M5R5	TP	TP	all_matched_unflagged	all_matched_unflagged
BAR	F6XMZ3	H2Q5Y0	TN	TN	all_matched_unflagged	all_matched_unflagged
BAR	F6XMZ3	H2QIN5	TN	TN	all_matched_unflagged	all_matched_unflagged
BAR	F6XMZ3	H2R019	TN	TN	all_matched_unflagged	all_matched_unflagged
BAR	F6XMZ3	H2RDE5	TP	TP	all_matched_unflagged	all_matched_unflagged
BAR	F6XMZ3	O00499	TN	TN	all_matched_unflagged	all_matched_unflagged
BAR	F6XMZ3	O08539	TN	TN	all_matched_unflagged	all_matched_unflagged
BAR	F6XMZ3	O08839	TN	TN	all_matched_unflagged	all_matched_unflagged
BAR	F6XMZ3	P25343	TP	TP	all_matched_unflagged	all_matched_unflagged
BAR	F6XMZ3	P49418	TN	TN	all_matched_unflagged	all_matched_unflagged
BAR	F6XMZ3	Q0UGL3	TP	TP	all_matched_unflagged	all_matched_unflagged
BAR	F6XMZ3	Q21004	TN	TN	all_matched_unflagged	all_matched_unflagged
BAR	F6XMZ3	Q4WTS7	TP	TP	all_matched_unflagged	all_matched_unflagged
BAR	F6XMZ3	Q54IA6	FN	FN	all_matched_unflagged	all_matched_unflagged
BAR	F6XMZ3	Q54NT2	FN	FN	all_matched_unflagged	all_matched_unflagged
BAR	F6XMZ3	Q5AFE4	TP	TP	all_matched_unflagged	all_matched_unflagged
BAR	F6XMZ3	Q5KLL3	TP	TP	all_matched_unflagged	all_matched_unflagged
BAR	F6XMZ3	Q5ZKL7	TN	TN	all_matched_unflagged	all_matched_unflagged
BAR	F6XMZ3	Q68FR2	TN	TN	all_matched_unflagged	all_matched_unflagged
BAR	F6XMZ3	Q68FW8	TP	TP	all_matched_unflagged	all_matched_unflagged
BAR	F6XMZ3	Q6CCM8	TP	TP	all_matched_unflagged	all_matched_unflagged
BAR	F6XMZ3	Q7KLE5	TN	TN	all_matched_unflagged	all_matched_unflagged
BAR	F6XMZ3	Q7Q9R8	TN	TN	all_matched_unflagged	all_matched_unflagged
BAR	F6XMZ3	Q7S814	TP	TP	all_matched_unflagged	all_matched_unflagged
BAR	F6XMZ3	Q7TQF7	TN	TN	all_matched_unflagged	all_matched_unflagged
BAR	F6XMZ3	Q9JI08	TP	TP	all_matched_unflagged	all_matched_unflagged
BAR	F6XMZ3	Q9NQY0	TP	TP	all_matched_unflagged	all_matched_unflagged
BAR	F6XMZ3	Q9UBW5	TN	TN	all_matched_unflagged	all_matched_unflagged
BAR	F6XMZ3	Q9UUM7	TP	TP	all_matched_unflagged	all_matched_unflagged
BAR	F6YXG1	F6ZUK5	TN	TN	all_matched_unflagged	all_matched_unflagged
BAR	F6YXG1	G3QJ12	TP	TP	all_matched_unflagged	all_matched_unflagged
BAR	F6YXG1	G3R5Y4	TN	TN	all_matched_unflagged	all_matched_unflagged
BAR	F6YXG1	G3RIZ8	TN	TN	all_matched_unflagged	all_matched_unflagged
BAR	F6YXG1	H2M5R5	TP	TP	all_matched_unflagged	all_matched_unflagged
BAR	F6YXG1	H2Q5Y0	TN	TN	all_matched_unflagged	all_matched_unflagged
BAR	F6YXG1	H2QIN5	TN	TN	all_matched_unflagged	all_matched_unflagged
BAR	F6YXG1	H2R019	TN	TN	all_matched_unflagged	all_matched_unflagged
BAR	F6YXG1	H2RDE5	TP	TP	all_matched_unflagged	all_matched_unflagged
BAR	F6YXG1	O00499	TN	TN	all_matched_unflagged	all_matched_unflagged
BAR	F6YXG1	O08539	TN	TN	all_matched_unflagged	all_matched_unflagged
BAR	F6YXG1	O08839	TN	TN	all_matched_unflagged	all_matched_unflagged
BAR	F6YXG1	P25343	TP	TP	all_matched_unflagged	all_matched_unflagged
BAR	F6YXG1	P49418	TN	TN	all_matched_unflagged	all_matched_unflagged
BAR	F6YXG1	Q0UGL3	TP	TP	all_matched_unflagged	all_matched_unflagged
BAR	F6YXG1	Q21004	TN	TN	all_matched_unflagged	all_matched_unflagged
BAR	F6YXG1	Q4WTS7	TP	TP	all_matched_unflagged	all_matched_unflagged
BAR	F6YXG1	Q54IA6	FN	FN	all_matched_unflagged	all_matched_unflagged
BAR	F6YXG1	Q54NT2	FN	FN	all_matched_unflagged	all_matched_unflagged
BAR	F6YXG1	Q5AFE4	TP	TP	all_matched_unflagged	all_matched_unflagged
BAR	F6YXG1	Q5KLL3	TP	TP	all_matched_unflagged	all_matched_unflagged
BAR	F6YXG1	Q5ZKL7	TN	TN	all_matched_unflagged	all_matched_unflagged
BAR	F6YXG1	Q68FR2	TN	TN	all_matched_unflagged	all_matched_unflagged
BAR	F6YXG1	Q68FW8	TP	TP	all_matched_unflagged	all_matched_unflagged
BAR	F6YXG1	Q6CCM8	TP	TP	all_matched_unflagged	all_matched_unflagged
BAR	F6YXG1	Q7KLE5	TN	TN	all_matched_unflagged	all_matched_unflagged
BAR	F6YXG1	Q7Q9R8	TN	TN	all_matched_unflagged	all_matched_unflagged
BAR	F6YXG1	Q7S814	TP	TP	all_matched_unflagged	all_matched_unflagged
BAR	F6YXG1	Q7TQF7	TN	TN	all_matched_unflagged	all_matched_unflagged
BAR	F6YXG1	Q9JI08	TP	TP	all_matched_unflagged	all_matched_unflagged
BAR	F6YXG1	Q9NQY0	TP	TP	all_matched_unflagged	all_matched_unflagged
BAR	F6YXG1	Q9UBW5	TN	TN	all_matched_unflagged	all_matched_unflagged
BAR	F6YXG1	Q9UUM7	TP	TP	all_matched_unflagged	all_matched_unflagged
BAR	F6ZUK5	G3QJ12	TN	TN	all_matched_unflagged	all_matched_unflagged
BAR	F6ZUK5	G3R5Y4	TP	TP	all_matched_unflagged	all_matched_unflagged
BAR	F6ZUK5	G3RIZ8	TP	TP	all_matched_unflagged	all_matched_unflagged
BAR	F6ZUK5	H2M5R5	TN	TN	all_matched_unflagged	all_matched_unflagged
BAR	F6ZUK5	H2Q5Y0	TP	TP	all_matched_unflagged	all_matched_unflagged
BAR	F6ZUK5	H2QIN5	TP	TP	all_matched_unflagged	all_matched_unflagged
BAR	F6ZUK5	H2R019	TP	TP	all_matched_unflagged	all_matched_unflagged
BAR	F6ZUK5	H2RDE5	TN	TN	all_matched_unflagged	all_matched_unflagged
BAR	F6ZUK5	O00499	TP	TP	all_matched_unflagged	all_matched_unflagged
BAR	F6ZUK5	O08539	TP	TP	all_matched_unflagged	all_matched_unflagged
BAR	F6ZUK5	O08839	TP	TP	all_matched_unflagged	all_matched_unflagged
BAR	F6ZUK5	P25343	TN	TN	all_matched_unflagged	all_matched_unflagged
BAR	F6ZUK5	P49418	TP	TP	all_matched_unflagged	all_matched_unflagged
BAR	F6ZUK5	Q0UGL3	TN	TN	all_matched_unflagged	all_matched_unflagged
BAR	F6ZUK5	Q21004	TP	TP	all_matched_unflagged	all_matched_unflagged
BAR	F6ZUK5	Q4WTS7	TN	TN	all_matched_unflagged	all_matched_unflagged
BAR	F6ZUK5	Q54IA6	FN	FN	all_matched_unflagged	all_matched_unflagged
BAR	F6ZUK5	Q54NT2	FN	FN	all_matched_unflagged	all_matched_unflagged
BAR	F6ZUK5	Q5AFE4	TN	TN	all_matched_unflagged	all_matched_unflagged
BAR	F6ZUK5	Q5KLL3	TN	TN	all_matched_unflagged	all_matched_unflagged
BAR	F6ZUK5	Q5ZKL7	TP	TP	all_matched_unflagged	all_matched_unflagged
BAR	F6ZUK5	Q68FR2	TP	TP	all_matched_unflagged	all_matched_unflagged
BAR	F6ZUK5	Q68FW8	TN	TN	all_matched_unflagged	all_matched_unflagged
BAR	F6ZUK5	Q6CCM8	TN	TN	all_matched_unflagged	all_matched_unflagged
BAR	F6ZUK5	Q7KLE5	TP	TP	all_matched_unflagged	all_matched_unflagged
BAR	F6ZUK5	Q7Q9R8	TP	TP	all_matched_unflagged	all_matched_unflagged
BAR	F6ZUK5	Q7S814	TN	TN	all_matched_unflagged	all_matched_unflagged
BAR	F6ZUK5	Q7TQF7	TP	TP	all_matched_unflagged	all_matched_unflagged
BAR	F6ZUK5	Q9JI08	TN	TN	all_matched_unflagged	all_matched_unflagged
BAR	F6ZUK5	Q9NQY0	TN	TN	all_matched_unflagged	all_matched_unflagged
BAR	F6ZUK5	Q9UBW5	TP	TP	all_matched_unflagged	all_matched_unflagged
BAR	F6ZUK5	Q9UUM7	TN	TN	all_matched_unflagged	all_matched_unflagged
BAR	G3QJ12	G3R5Y4	TN	TN	all_matched_unflagged	all_matched_unflagged
BAR	G3QJ12	G3RIZ8	TN	TN	all_matched_unflagged	all_matched_unflagged
BAR	G3QJ12	H2M5R5	TP	TP	all_matched_unflagged	all_matched_unflagged
BAR	G3QJ12	H2Q5Y0	TN	TN	all_matched_unflagged	all_matched_unflagged
BAR	G3QJ12	H2QIN5	TN	TN	all_matched_unflagged	all_matched_unflagged
BAR	G3QJ12	H2R019	TN	TN	all_matched_unflagged	all_matched_unflagged
BAR	G3QJ12	H2RDE5	TP	TP	all_matched_unflagged	all_matched_unflagged
BAR	G3QJ12	O00499	TN	TN	all_matched_unflagged	all_matched_unflagged
BAR	G3QJ12	O08539	TN	TN	all_matched_unflagged	all_matched_unflagged
BAR	G3QJ12	O08839	TN	TN	all_matched_unflagged	all_matched_unflagged
BAR	G3QJ12	P25343	TP	TP	all_matched_unflagged	all_matched_unflagged
BAR	G3QJ12	P49418	TN	TN	all_matched_unflagged	all_matched_unflagged
BAR	G3QJ12	Q0UGL3	TP	TP	all_matched_unflagged	all_matched_unflagged
BAR	G3QJ12	Q21004	TN	TN	all_matched_unflagged	all_matched_unflagged
BAR	G3QJ12	Q4WTS7	TP	TP	all_matched_unflagged	all_matched_unflagged
BAR	G3QJ12	Q54IA6	FN	FN	all_matched_unflagged	all_matched_unflagged
BAR	G3QJ12	Q54NT2	FN	FN	all_matched_unflagged	all_matched_unflagged
BAR	G3QJ12	Q5AFE4	TP	TP	all_matched_unflagged	all_matched_unflagged
BAR	G3QJ12	Q5KLL3	TP	TP	all_matched_unflagged	all_matched_unflagged
BAR	G3QJ12	Q5ZKL7	TN	TN	all_matched_unflagged	all_matched_unflagged
BAR	G3QJ12	Q68FR2	TN	TN	all_matched_unflagged	all_matched_unflagged
BAR	G3QJ12	Q68FW8	TP	TP	all_matched_unflagged	all_matched_unflagged
BAR	G3QJ12	Q6CCM8	TP	TP	all_matched_unflagged	all_matched_unflagged
BAR	G3QJ12	Q7KLE5	TN	TN	all_matched_unflagged	all_matched_unflagged
BAR	G3QJ12	Q7Q9R8	TN	TN	all_matched_unflagged	all_matched_unflagged
BAR	G3QJ12	Q7S814	TP	TP	all_matched_unflagged	all_matched_unflagged
BAR	G3QJ12	Q7TQF7	TN	TN	all_matched_unflagged	all_matched_unflagged
BAR	G3QJ12	Q9JI08	TP	TP	all_matched_unflagged	all_matched_unflagged
BAR	G3QJ12	Q9NQY0	TP	TP	all_matched_unflagged	all_matched_unflagged
BAR	G3QJ12	Q9UBW5	TN	TN	all_matched_unflagged	all_matched_unflagged
BAR	G3QJ12	Q9UUM7	TP	TP	all_matched_unflagged	all_matched_unflagged
BAR	G3R5Y4	G3RIZ8	TN	TN	all_matched_unflagged	all_matched_unflagged
BAR	G3R5Y4	H2M5R5	TN	TN	all_matched_unflagged	all_matched_unflagged
BAR	G3R5Y4	H2Q5Y0	FP	TN	all_matched_unflagged	all_matched_unflagged
BAR	G3R5Y4	H2QIN5	FP	TN	all_matched_unflagged	all_matched_unflagged
BAR	G3R5Y4	H2R019	TP	TP	all_matched_unflagged	all_matched_unflagged
BAR	G3R5Y4	H2RDE5	TN	TN	all_matched_unflagged	all_matched_unflagged
BAR	G3R5Y4	O00499	FP	TN	all_matched_unflagged	all_matched_unflagged
BAR	G3R5Y4	O08539	FP	TN	all_matched_unflagged	all_matched_unflagged
BAR	G3R5Y4	O08839	FP	TN	all_matched_unflagged	all_matched_unflagged
BAR	G3R5Y4	P25343	TN	TN	all_matched_unflagged	all_matched_unflagged
BAR	G3R5Y4	P49418	TP	TP	all_matched_unflagged	all_matched_unflagged
BAR	G3R5Y4	Q0UGL3	TN	TN	all_matched_unflagged	all_matched_unflagged
BAR	G3R5Y4	Q21004	TP	TP	all_matched_unflagged	all_matched_unflagged
BAR	G3R5Y4	Q4WTS7	TN	TN	all_matched_unflagged	all_matched_unflagged
BAR	G3R5Y4	Q54IA6	FN	FN	all_matched_unflagged	all_matched_unflagged
BAR	G3R5Y4	Q54NT2	FN	FN	all_matched_unflagged	all_matched_unflagged
BAR	G3R5Y4	Q5AFE4	TN	TN	all_matched_unflagged	all_matched_unflagged
BAR	G3R5Y4	Q5KLL3	TN	TN	all_matched_unflagged	all_matched_unflagged
BAR	G3R5Y4	Q5ZKL7	FP	TN	all_matched_unflagged	all_matched_unflagged
BAR	G3R5Y4	Q68FR2	FP	TN	all_matched_unflagged	all_matched_unflagged
BAR	G3R5Y4	Q68FW8	TN	TN	all_matched_unflagged	all_matched_unflagged
BAR	G3R5Y4	Q6CCM8	TN	TN	all_matched_unflagged	all_matched_unflagged
BAR	G3R5Y4	Q7KLE5	TP	TP	all_matched_unflagged	all_matched_unflagged
BAR	G3R5Y4	Q7Q9R8	TP	TP	all_matched_unflagged	all_matched_unflagged
BAR	G3R5Y4	Q7S814	TN	TN	all_matched_unflagged	all_matched_unflagged
BAR	G3R5Y4	Q7TQF7	TP	TP	all_matched_unflagged	all_matched_unflagged
BAR	G3R5Y4	Q9JI08	TN	TN	all_matched_unflagged	all_matched_unflagged
BAR	G3R5Y4	Q9NQY0	TN	TN	all_matched_unflagged	all_matched_unflagged
BAR	G3R5Y4	Q9UBW5	FP	TN	all_matched_unflagged	all_matched_unflagged
BAR	G3R5Y4	Q9UUM7	TN	TN	all_matched_unflagged	all_matched_unflagged
BAR	G3RIZ8	H2M5R5	TN	TN	all_matched_unflagged	all_matched_unflagged
BAR	G3RIZ8	H2Q5Y0	FP	TN	all_matched_unflagged	all_matched_unflagged
BAR	G3RIZ8	H2QIN5	TP	TP	all_matched_unflagged	all_matched_unflagged
BAR	G3RIZ8	H2R019	FP	TN	all_matched_unflagged	all_matched_unflagged
BAR	G3RIZ8	H2RDE5	TN	TN	all_matched_unflagged	all_matched_unflagged
BAR	G3RIZ8	O00499	TP	TP	all_matched_unflagged	all_matched_unflagged
BAR	G3RIZ8	O08539	TP	TP	all_matched_unflagged	all_matched_unflagged
BAR	G3RIZ8	O08839	TP	TP	all_matched_unflagged	all_matched_unflagged
BAR	G3RIZ8	P25343	TN	TN	all_matched_unflagged	all_matched_unflagged
BAR	G3RIZ8	P49418	FP	TN	all_matched_unflagged	all_matched_unflagged
BAR	G3RIZ8	Q0UGL3	TN	TN	all_matched_unflagged	all_matched_unflagged
BAR	G3RIZ8	Q21004	TP	TP	all_matched_unflagged	all_matched_unflagged
BAR	G3RIZ8	Q4WTS7	TN	TN	all_matched_unflagged	all_matched_unflagged
BAR	G3RIZ8	Q54IA6	FN	FN	all_matched_unflagged	all_matched_unflagged
BAR	G3RIZ8	Q54NT2	FN	FN	all_matched_unflagged	all_matched_unflagged
BAR	G3RIZ8	Q5AFE4	TN	TN	all_matched_unflagged	all_matched_unflagged
BAR	G3RIZ8	Q5KLL3	TN	TN	all_matched_unflagged	all_matched_unflagged
BAR	G3RIZ8	Q5ZKL7	FP	TN	all_matched_unflagged	all_matched_unflagged
BAR	G3RIZ8	Q68FR2	FP	TN	all_matched_unflagged	all_matched_unflagged
BAR	G3RIZ8	Q68FW8	TN	TN	all_matched_unflagged	all_matched_unflagged
BAR	G3RIZ8	Q6CCM8	TN	TN	all_matched_unflagged	all_matched_unflagged
BAR	G3RIZ8	Q7KLE5	TP	TP	all_matched_unflagged	all_matched_unflagged
BAR	G3RIZ8	Q7Q9R8	TP	TP	all_matched_unflagged	all_matched_unflagged
BAR	G3RIZ8	Q7S814	TN	TN	all_matched_unflagged	all_matched_unflagged
BAR	G3RIZ8	Q7TQF7	FP	TN	all_matched_unflagged	all_matched_unflagged
BAR	G3RIZ8	Q9JI08	TN	TN	all_matched_unflagged	all_matched_unflagged
BAR	G3RIZ8	Q9NQY0	TN	TN	all_matched_unflagged	all_matched_unflagged
BAR	G3RIZ8	Q9UBW5	FP	TN	all_matched_unflagged	all_matched_unflagged
BAR	G3RIZ8	Q9UUM7	TN	TN	all_matched_unflagged	all_matched_unflagged
BAR	H2M5R5	H2Q5Y0	TN	TN	all_matched_unflagged	all_matched_unflagged
BAR	H2M5R5	H2QIN5	TN	TN	all_matched_unflagged	all_matched_unflagged
BAR	H2M5R5	H2R019	TN	TN	all_matched_unflagged	all_matched_unflagged
BAR	H2M5R5	H2RDE5	TP	TP	all_matched_unflagged	all_matched_unflagged
BAR	H2M5R5	O00499	TN	TN	all_matched_unflagged	all_matched_unflagged
BAR	H2M5R5	O08539	TN	TN	all_matched_unflagged	all_matched_unflagged
BAR	H2M5R5	O08839	TN	TN	all_matched_unflagged	all_matched_unflagged
BAR	H2M5R5	P25343	TP	TP	all_matched_unflagged	all_matched_unflagged
BAR	H2M5R5	P49418	TN	TN	all_matched_unflagged	all_matched_unflagged
BAR	H2M5R5	Q0UGL3	TP	TP	all_matched_unflagged	all_matched_unflagged
BAR	H2M5R5	Q21004	TN	TN	all_matched_unflagged	all_matched_unflagged
BAR	H2M5R5	Q4WTS7	TP	TP	all_matched_unflagged	all_matched_unflagged
BAR	H2M5R5	Q54IA6	FN	FN	all_matched_unflagged	all_matched_unflagged
BAR	H2M5R5	Q54NT2	FN	FN	all_matched_unflagged	all_matched_unflagged
BAR	H2M5R5	Q5AFE4	TP	TP	all_matched_unflagged	all_matched_unflagged
BAR	H2M5R5	Q5KLL3	TP	TP	all_matched_unflagged	all_matched_unflagged
BAR	H2M5R5	Q5ZKL7	TN	TN	all_matched_unflagged	all_matched_unflagged
BAR	H2M5R5	Q68FR2	TN	TN	all_matched_unflagged	all_matched_unflagged
BAR	H2M5R5	Q68FW8	TP	TP	all_matched_unflagged	all_matched_unflagged
BAR	H2M5R5	Q6CCM8	TP	TP	all_matched_unflagged	all_matched_unflagged
BAR	H2M5R5	Q7KLE5	TN	TN	all_matched_unflagged	all_matched_unflagged
BAR	H2M5R5	Q7Q9R8	TN	TN	all_matched_unflagged	all_matched_unflagged
BAR	H2M5R5	Q7S814	TP	TP	all_matched_unflagged	all_matched_unflagged
BAR	H2M5R5	Q7TQF7	TN	TN	all_matched_unflagged	all_matched_unflagged
BAR	H2M5R5	Q9JI08	TP	TP	all_matched_unflagged	all_matched_unflagged
BAR	H2M5R5	Q9NQY0	TP	TP	all_matched_unflagged	all_matched_unflagged
BAR	H2M5R5	Q9UBW5	TN	TN	all_matched_unflagged	all_matched_unflagged
BAR	H2M5R5	Q9UUM7	TP	TP	all_matched_unflagged	all_matched_unflagged
BAR	H2Q5Y0	H2QIN5	TN	TN	all_matched_unflagged	all_matched_unflagged
BAR	H2Q5Y0	H2R019	TN	TN	all_matched_unflagged	all_matched_unflagged
BAR	H2Q5Y0	H2RDE5	TN	TN	all_matched_unflagged	all_matched_unflagged
BAR	H2Q5Y0	O00499	FP	TN	all_matched_unflagged	all_matched_unflagged
BAR	H2Q5Y0	O08539	FP	TN	all_matched_unflagged	all_matched_unflagged
BAR	H2Q5Y0	O08839	FP	TN	all_matched_unflagged	all_matched_unflagged
BAR	H2Q5Y0	P25343	TN	TN	all_matched_unflagged	all_matched_unflagged
BAR	H2Q5Y0	P49418	FP	TN	all_matched_unflagged	all_matched_unflagged
BAR	H2Q5Y0	Q0UGL3	TN	TN	all_matched_unflagged	all_matched_unflagged
BAR	H2Q5Y0	Q21004	TP	TP	all_matched_unflagged	all_matched_unflagged
BAR	H2Q5Y0	Q4WTS7	TN	TN	all_matched_unflagged	all_matched_unflagged
BAR	H2Q5Y0	Q54IA6	FN	FN	all_matched_unflagged	all_matched_unflagged
BAR	H2Q5Y0	Q54NT2	FN	FN	all_matched_unflagged	all_matched_unflagged
BAR	H2Q5Y0	Q5AFE4	TN	TN	all_matched_unflagged	all_matched_unflagged
BAR	H2Q5Y0	Q5KLL3	TN	TN	all_matched_unflagged	all_matched_unflagged
BAR	H2Q5Y0	Q5ZKL7	TP	TP	all_matched_unflagged	all_matched_unflagged
BAR	H2Q5Y0	Q68FR2	TP	TP	all_matched_unflagged	all_matched_unflagged
BAR	H2Q5Y0	Q68FW8	TN	TN	all_matched_unflagged	all_matched_unflagged
BAR	H2Q5Y0	Q6CCM8	TN	TN	all_matched_unflagged	all_matched_unflagged
BAR	H2Q5Y0	Q7KLE5	TP	TP	all_matched_unflagged	all_matched_unflagged
BAR	H2Q5Y0	Q7Q9R8	TP	TP	all_matched_unflagged	all_matched_unflagged
BAR	H2Q5Y0	Q7S814	TN	TN	all_matched_unflagged	all_matched_unflagged
BAR	H2Q5Y0	Q7TQF7	FP	TN	all_matched_unflagged	all_matched_unflagged
BAR	H2Q5Y0	Q9JI08	TN	TN	all_matched_unflagged	all_matched_unflagged
BAR	H2Q5Y0	Q9NQY0	TN	TN	all_matched_unflagged	all_matched_unflagged
BAR	H2Q5Y0	Q9UBW5	TP	FN	all_matched_unflagged	all_matched_unflagged
BAR	H2Q5Y0	Q9UUM7	TN	TN	all_matched_unflagged	all_matched_unflagged
BAR	H2QIN5	H2R019	TN	TN	all_matched_unflagged	all_matched_unflagged
BAR	H2QIN5	H2RDE5	TN	TN	all_matched_unflagged	all_matched_unflagged
BAR	H2QIN5	O00499	TP	TP	all_matched_unflagged	all_matched_unflagged
BAR	H2QIN5	O08539	TP	TP	all_matched_unflagged	all_matched_unflagged
BAR	H2QIN5	O08839	TP	TP	all_matched_unflagged	all_matched_unflagged
BAR	H2QIN5	P25343	TN	TN	all_matched_unflagged	all_matched_unflagged
BAR	H2QIN5	P49418	FP	TN	all_matched_unflagged	all_matched_unflagged
BAR	H2QIN5	Q0UGL3	TN	TN	all_matched_unflagged	all_matched_unflagged
BAR	H2QIN5	Q21004	TP	TP	all_matched_unflagged	all_matched_unflagged
BAR	H2QIN5	Q4WTS7	TN	TN	all_matched_unflagged	all_matched_unflagged
BAR	H2QIN5	Q54IA6	FN	FN	all_matched_unflagged	all_matched_unflagged
BAR	H2QIN5	Q54NT2	FN	FN	all_matched_unflagged	all_matched_unflagged
BAR	H2QIN5	Q5AFE4	TN	TN	all_matched_unflagged	all_matched_unflagged
BAR	H2QIN5	Q5KLL3	TN	TN	all_matched_unflagged	all_matched_unflagged
BAR	H2QIN5	Q5ZKL7	FP	TN	all_matched_unflagged	all_matched_unflagged
BAR	H2QIN5	Q68FR2	FP	TN	all_matched_unflagged	all_matched_unflagged
BAR	H2QIN5	Q68FW8	TN	TN	all_matched_unflagged	all_matched_unflagged
BAR	H2QIN5	Q6CCM8	TN	TN	all_matched_unflagged	all_matched_unflagged
BAR	H2QIN5	Q7KLE5	TP	TP	all_matched_unflagged	all_matched_unflagged
BAR	H2QIN5	Q7Q9R8	TP	TP	all_matched_unflagged	all_matched_unflagged
BAR	H2QIN5	Q7S814	TN	TN	all_matched_unflagged	all_matched_unflagged
BAR	H2QIN5	Q7TQF7	FP	TN	all_matched_unflagged	all_matched_unflagged
BAR	H2QIN5	Q9JI08	TN	TN	all_matched_unflagged	all_matched_unflagged
BAR	H2QIN5	Q9NQY0	TN	TN	all_matched_unflagged	all_matched_unflagged
BAR	H2QIN5	Q9UBW5	FP	TN	all_matched_unflagged	all_matched_unflagged
BAR	H2QIN5	Q9UUM7	TN	TN	all_matched_unflagged	all_matched_unflagged
BAR	H2R019	H2RDE5	TN	TN	all_matched_unflagged	all_matched_unflagged
BAR	H2R019	O00499	FP	TN	all_matched_unflagged	all_matched_unflagged
BAR	H2R019	O08539	FP	TN	all_matched_unflagged	all_matched_unflagged
BAR	H2R019	O08839	FP	TN	all_matched_unflagged	all_matched_unflagged
BAR	H2R019	P25343	TN	TN	all_matched_unflagged	all_matched_unflagged
BAR	H2R019	P49418	TP	TP	all_matched_unflagged	all_matched_unflagged
BAR	H2R019	Q0UGL3	TN	TN	all_matched_unflagged	all_matched_unflagged
BAR	H2R019	Q21004	TP	TP	all_matched_unflagged	all_matched_unflagged
BAR	H2R019	Q4WTS7	TN	TN	all_matched_unflagged	all_matched_unflagged
BAR	H2R019	Q54IA6	FN	FN	all_matched_unflagged	all_matched_unflagged
BAR	H2R019	Q54NT2	FN	FN	all_matched_unflagged	all_matched_unflagged
BAR	H2R019	Q5AFE4	TN	TN	all_matched_unflagged	all_matched_unflagged
BAR	H2R019	Q5KLL3	TN	TN	all_matched_unflagged	all_matched_unflagged
BAR	H2R019	Q5ZKL7	FP	TN	all_matched_unflagged	all_matched_unflagged
BAR	H2R019	Q68FR2	FP	TN	all_matched_unflagged	all_matched_unflagged
BAR	H2R019	Q68FW8	TN	TN	all_matched_unflagged	all_matched_unflagged
BAR	H2R019	Q6CCM8	TN	TN	all_matched_unflagged	all_matched_unflagged
BAR	H2R019	Q7KLE5	TP	TP	all_matched_unflagged	all_matched_unflagged
BAR	H2R019	Q7Q9R8	TP	TP	all_matched_unflagged	all_matched_unflagged
BAR	H2R019	Q7S814	TN	TN	all_matched_unflagged	all_matched_unflagged
BAR	H2R019	Q7TQF7	TP	TP	all_matched_unflagged	all_matched_unflagged
BAR	H2R019	Q9JI08	TN	TN	all_matched_unflagged	all_matched_unflagged
BAR	H2R019	Q9NQY0	TN	TN	all_matched_unflagged	all_matched_unflagged
BAR	H2R019	Q9UBW5	FP	TN	all_matched_unflagged	all_matched_unflagged
BAR	H2R019	Q9UUM7	TN	TN	all_matched_unflagged	all_matched_unflagged
BAR	H2RDE5	O00499	TN	TN	all_matched_unflagged	all_matched_unflagged
BAR	H2RDE5	O08539	TN	TN	all_matched_unflagged	all_matched_unflagged
BAR	H2RDE5	O08839	TN	TN	all_matched_unflagged	all_matched_unflagged
BAR	H2RDE5	P25343	TP	TP	all_matched_unflagged	all_matched_unflagged
BAR	H2RDE5	P49418	TN	TN	all_matched_unflagged	all_matched_unflagged
BAR	H2RDE5	Q0UGL3	TP	TP	all_matched_unflagged	all_matched_unflagged
BAR	H2RDE5	Q21004	TN	TN	all_matched_unflagged	all_matched_unflagged
BAR	H2RDE5	Q4WTS7	TP	TP	all_matched_unflagged	all_matched_unflagged
BAR	H2RDE5	Q54IA6	FN	FN	all_matched_unflagged	all_matched_unflagged
BAR	H2RDE5	Q54NT2	FN	FN	all_matched_unflagged	all_matched_unflagged
BAR	H2RDE5	Q5AFE4	TP	TP	all_matched_unflagged	all_matched_unflagged
BAR	H2RDE5	Q5KLL3	TP	TP	all_matched_unflagged	all_matched_unflagged
BAR	H2RDE5	Q5ZKL7	TN	TN	all_matched_unflagged	all_matched_unflagged
BAR	H2RDE5	Q68FR2	TN	TN	all_matched_unflagged	all_matched_unflagged
BAR	H2RDE5	Q68FW8	TP	TP	all_matched_unflagged	all_matched_unflagged
BAR	H2RDE5	Q6CCM8	TP	TP	all_matched_unflagged	all_matched_unflagged
BAR	H2RDE5	Q7KLE5	TN	TN	all_matched_unflagged	all_matched_unflagged
BAR	H2RDE5	Q7Q9R8	TN	TN	all_matched_unflagged	all_matched_unflagged
BAR	H2RDE5	Q7S814	TP	TP	all_matched_unflagged	all_matched_unflagged
BAR	H2RDE5	Q7TQF7	TN	TN	all_matched_unflagged	all_matched_unflagged
BAR	H2RDE5	Q9JI08	TP	TP	all_matched_unflagged	all_matched_unflagged
BAR	H2RDE5	Q9NQY0	TP	TP	all_matched_unflagged	all_matched_unflagged
BAR	H2RDE5	Q9UBW5	TN	TN	all_matched_unflagged	all_matched_unflagged
BAR	H2RDE5	Q9UUM7	TP	TP	all_matched_unflagged	all_matched_unflagged
BAR	O00499	O08539	TP	TP	all_matched_unflagged	all_matched_unflagged
BAR	O00499	O08839	TP	TP	all_matched_unflagged	all_matched_unflagged
BAR	O00499	P25343	TN	TN	all_matched_unflagged	all_matched_unflagged
BAR	O00499	P49418	TN	TN	all_matched_unflagged	all_matched_unflagged
BAR	O00499	Q0UGL3	TN	TN	all_matched_unflagged	all_matched_unflagged
BAR	O00499	Q21004	TP	TP	all_matched_unflagged	all_matched_unflagged
BAR	O00499	Q4WTS7	TN	TN	all_matched_unflagged	all_matched_unflagged
BAR	O00499	Q54IA6	FN	FN	all_matched_unflagged	all_matched_unflagged
BAR	O00499	Q54NT2	FN	FN	all_matched_unflagged	all_matched_unflagged
BAR	O00499	Q5AFE4	TN	TN	all_matched_unflagged	all_matched_unflagged
BAR	O00499	Q5KLL3	TN	TN	all_matched_unflagged	all_matched_unflagged
BAR	O00499	Q5ZKL7	FP	TN	all_matched_unflagged	all_matched_unflagged
BAR	O00499	Q68FR2	FP	TN	all_matched_unflagged	all_matched_unflagged
BAR	O00499	Q68FW8	TN	TN	all_matched_unflagged	all_matched_unflagged
BAR	O00499	Q6CCM8	TN	TN	all_matched_unflagged	all_matched_unflagged
BAR	O00499	Q7KLE5	TP	TP	all_matched_unflagged	all_matched_unflagged
BAR	O00499	Q7Q9R8	TP	TP	all_matched_unflagged	all_matched_unflagged
BAR	O00499	Q7S814	TN	TN	all_matched_unflagged	all_matched_unflagged
BAR	O00499	Q7TQF7	FP	TN	all_matched_unflagged	all_matched_unflagged
BAR	O00499	Q9JI08	TN	TN	all_matched_unflagged	all_matched_unflagged
BAR	O00499	Q9NQY0	TN	TN	all_matched_unflagged	all_matched_unflagged
BAR	O00499	Q9UBW5	TN	TN	all_matched_unflagged	all_matched_unflagged
BAR	O00499	Q9UUM7	TN	TN	all_matched_unflagged	all_matched_unflagged
BAR	O08539	O08839	TP	TP	all_matched_unflagged	all_matched_unflagged
BAR	O08539	P25343	TN	TN	all_matched_unflagged	all_matched_unflagged
BAR	O08539	P49418	FP	TN	all_matched_unflagged	all_matched_unflagged
BAR	O08539	Q0UGL3	TN	TN	all_matched_unflagged	all_matched_unflagged
BAR	O08539	Q21004	TP	TP	all_matched_unflagged	all_matched_unflagged
BAR	O08539	Q4WTS7	TN	TN	all_matched_unflagged	all_matched_unflagged
BAR	O08539	Q54IA6	FN	FN	all_matched_unflagged	all_matched_unflagged
BAR	O08539	Q54NT2	FN	FN	all_matched_unflagged	all_matched_unflagged
BAR	O08539	Q5AFE4	TN	TN	all_matched_unflagged	all_matched_unflagged
BAR	O08539	Q5KLL3	TN	TN	all_matched_unflagged	all_matched_unflagged
BAR	O08539	Q5ZKL7	FP	TN	all_matched_unflagged	all_matched_unflagged
BAR	O08539	Q68FR2	FP	TN	all_matched_unflagged	all_matched_unflagged
BAR	O08539	Q68FW8	TN	TN	all_matched_unflagged	all_matched_unflagged
BAR	O08539	Q6CCM8	TN	TN	all_matched_unflagged	all_matched_unflagged
BAR	O08539	Q7KLE5	TP	TP	all_matched_unflagged	all_matched_unflagged
BAR	O08539	Q7Q9R8	TP	TP	all_matched_unflagged	all_matched_unflagged
BAR	O08539	Q7S814	TN	TN	all_matched_unflagged	all_matched_unflagged
BAR	O08539	Q7TQF7	TN	TN	all_matched_unflagged	all_matched_unflagged
BAR	O08539	Q9JI08	TN	TN	all_matched_unflagged	all_matched_unflagged
BAR	O08539	Q9NQY0	TN	TN	all_matched_unflagged	all_matched_unflagged
BAR	O08539	Q9UBW5	FP	TN	all_matched_unflagged	all_matched_unflagged
BAR	O08539	Q9UUM7	TN	TN	all_matched_unflagged	all_matched_unflagged
BAR	O08839	P25343	TN	TN	all_matched_unflagged	all_matched_unflagged
BAR	O08839	P49418	FP	TN	all_matched_unflagged	all_matched_unflagged
BAR	O08839	Q0UGL3	TN	TN	all_matched_unflagged	all_matched_unflagged
BAR	O08839	Q21004	TP	TP	all_matched_unflagged	all_matched_unflagged
BAR	O08839	Q4WTS7	TN	TN	all_matched_unflagged	all_matched_unflagged
BAR	O08839	Q54IA6	FN	FN	all_matched_unflagged	all_matched_unflagged
BAR	O08839	Q54NT2	FN	FN	all_matched_unflagged	all_matched_unflagged
BAR	O08839	Q5AFE4	TN	TN	all_matched_unflagged	all_matched_unflagged
BAR	O08839	Q5KLL3	TN	TN	all_matched_unflagged	all_matched_unflagged
BAR	O08839	Q5ZKL7	FP	TN	all_matched_unflagged	all_matched_unflagged
BAR	O08839	Q68FR2	TN	TN	all_matched_unflagged	all_matched_unflagged
BAR	O08839	Q68FW8	TN	TN	all_matched_unflagged	all_matched_unflagged
BAR	O08839	Q6CCM8	TN	TN	all_matched_unflagged	all_matched_unflagged
BAR	O08839	Q7KLE5	TP	TP	all_matched_unflagged	all_matched_unflagged
BAR	O08839	Q7Q9R8	TP	TP	all_matched_unflagged	all_matched_unflagged
BAR	O08839	Q7S814	TN	TN	all_matched_unflagged	all_matched_unflagged
BAR	O08839	Q7TQF7	FP	TN	all_matched_unflagged	all_matched_unflagged
BAR	O08839	Q9JI08	TN	TN	all_matched_unflagged	all_matched_unflagged
BAR	O08839	Q9NQY0	TN	TN	all_matched_unflagged	all_matched_unflagged
BAR	O08839	Q9UBW5	FP	TN	all_matched_unflagged	all_matched_unflagged
BAR	O08839	Q9UUM7	TN	TN	all_matched_unflagged	all_matched_unflagged
BAR	P25343	P49418	TN	TN	all_matched_unflagged	all_matched_unflagged
BAR	P25343	Q0UGL3	TP	TP	all_matched_unflagged	all_matched_unflagged
BAR	P25343	Q21004	TN	TN	all_matched_unflagged	all_matched_unflagged
BAR	P25343	Q4WTS7	TP	TP	all_matched_unflagged	all_matched_unflagged
BAR	P25343	Q54IA6	FN	FN	all_matched_unflagged	all_matched_unflagged
BAR	P25343	Q54NT2	FN	FN	all_matched_unflagged	all_matched_unflagged
BAR	P25343	Q5AFE4	TP	TP	all_matched_unflagged	all_matched_unflagged
BAR	P25343	Q5KLL3	TP	TP	all_matched_unflagged	all_matched_unflagged
BAR	P25343	Q5ZKL7	TN	TN	all_matched_unflagged	all_matched_unflagged
BAR	P25343	Q68FR2	TN	TN	all_matched_unflagged	all_matched_unflagged
BAR	P25343	Q68FW8	TP	TP	all_matched_unflagged	all_matched_unflagged
BAR	P25343	Q6CCM8	TP	TP	all_matched_unflagged	all_matched_unflagged
BAR	P25343	Q7KLE5	TN	TN	all_matched_unflagged	all_matched_unflagged
BAR	P25343	Q7Q9R8	TN	TN	all_matched_unflagged	all_matched_unflagged
BAR	P25343	Q7S814	TP	TP	all_matched_unflagged	all_matched_unflagged
BAR	P25343	Q7TQF7	TN	TN	all_matched_unflagged	all_matched_unflagged
BAR	P25343	Q9JI08	TP	TP	all_matched_unflagged	all_matched_unflagged
BAR	P25343	Q9NQY0	TP	TP	all_matched_unflagged	all_matched_unflagged
BAR	P25343	Q9UBW5	TN	TN	all_matched_unflagged	all_matched_unflagged
BAR	P25343	Q9UUM7	TP	TP	all_matched_unflagged	all_matched_unflagged
BAR	P49418	Q0UGL3	TN	TN	all_matched_unflagged	all_matched_unflagged
BAR	P49418	Q21004	TP	TP	all_matched_unflagged	all_matched_unflagged
BAR	P49418	Q4WTS7	TN	TN	all_matched_unflagged	all_matched_unflagged
BAR	P49418	Q54IA6	FN	FN	all_matched_unflagged	all_matched_unflagged
BAR	P49418	Q54NT2	FN	FN	all_matched_unflagged	all_matched_unflagged
BAR	P49418	Q5AFE4	TN	TN	all_matched_unflagged	all_matched_unflagged
BAR	P49418	Q5KLL3	TN	TN	all_matched_unflagged	all_matched_unflagged
BAR	P49418	Q5ZKL7	FP	TN	all_matched_unflagged	all_matched_unflagged
BAR	P49418	Q68FR2	FP	TN	all_matched_unflagged	all_matched_unflagged
BAR	P49418	Q68FW8	TN	TN	all_matched_unflagged	all_matched_unflagged
BAR	P49418	Q6CCM8	TN	TN	all_matched_unflagged	all_matched_unflagged
BAR	P49418	Q7KLE5	TP	TP	all_matched_unflagged	all_matched_unflagged
BAR	P49418	Q7Q9R8	TP	TP	all_matched_unflagged	all_matched_unflagged
BAR	P49418	Q7S814	TN	TN	all_matched_unflagged	all_matched_unflagged
BAR	P49418	Q7TQF7	TP	TP	all_matched_unflagged	all_matched_unflagged
BAR	P49418	Q9JI08	TN	TN	all_matched_unflagged	all_matched_unflagged
BAR	P49418	Q9NQY0	TN	TN	all_matched_unflagged	all_matched_unflagged
BAR	P49418	Q9UBW5	TN	TN	all_matched_unflagged	all_matched_unflagged
BAR	P49418	Q9UUM7	TN	TN	all_matched_unflagged	all_matched_unflagged
BAR	Q0UGL3	Q21004	TN	TN	all_matched_unflagged	all_matched_unflagged
BAR	Q0UGL3	Q4WTS7	TP	TP	all_matched_unflagged	all_matched_unflagged
BAR	Q0UGL3	Q54IA6	FN	FN	all_matched_unflagged	all_matched_unflagged
BAR	Q0UGL3	Q54NT2	FN	FN	all_matched_unflagged	all_matched_unflagged
BAR	Q0UGL3	Q5AFE4	TP	TP	all_matched_unflagged	all_matched_unflagged
BAR	Q0UGL3	Q5KLL3	TP	TP	all_matched_unflagged	all_matched_unflagged
BAR	Q0UGL3	Q5ZKL7	TN	TN	all_matched_unflagged	all_matched_unflagged
BAR	Q0UGL3	Q68FR2	TN	TN	all_matched_unflagged	all_matched_unflagged
BAR	Q0UGL3	Q68FW8	TP	TP	all_matched_unflagged	all_matched_unflagged
BAR	Q0UGL3	Q6CCM8	TP	TP	all_matched_unflagged	all_matched_unflagged
BAR	Q0UGL3	Q7KLE5	TN	TN	all_matched_unflagged	all_matched_unflagged
BAR	Q0UGL3	Q7Q9R8	TN	TN	all_matched_unflagged	all_matched_unflagged
BAR	Q0UGL3	Q7S814	TP	TP	all_matched_unflagged	all_matched_unflagged
BAR	Q0UGL3	Q7TQF7	TN	TN	all_matched_unflagged	all_matched_unflagged
BAR	Q0UGL3	Q9JI08	TP	TP	all_matched_unflagged	all_matched_unflagged
BAR	Q0UGL3	Q9NQY0	TP	TP	all_matched_unflagged	all_matched_unflagged
BAR	Q0UGL3	Q9UBW5	TN	TN	all_matched_unflagged	all_matched_unflagged
BAR	Q0UGL3	Q9UUM7	TP	TP	all_matched_unflagged	all_matched_unflagged
BAR	Q21004	Q4WTS7	TN	TN	all_matched_unflagged	all_matched_unflagged
BAR	Q21004	Q54IA6	FN	FN	all_matched_unflagged	all_matched_unflagged
BAR	Q21004	Q54NT2	FN	FN	all_matched_unflagged	all_matched_unflagged
BAR	Q21004	Q5AFE4	TN	TN	all_matched_unflagged	all_matched_unflagged
BAR	Q21004	Q5KLL3	TN	TN	all_matched_unflagged	all_matched_unflagged
BAR	Q21004	Q5ZKL7	TP	TP	all_matched_unflagged	all_matched_unflagged
BAR	Q21004	Q68FR2	TP	TP	all_matched_unflagged	all_matched_unflagged
BAR	Q21004	Q68FW8	TN	TN	all_matched_unflagged	all_matched_unflagged
BAR	Q21004	Q6CCM8	TN	TN	all_matched_unflagged	all_matched_unflagged
BAR	Q21004	Q7KLE5	TP	TP	all_matched_unflagged	all_matched_unflagged
BAR	Q21004	Q7Q9R8	TP	TP	all_matched_unflagged	all_matched_unflagged
BAR	Q21004	Q7S814	TN	TN	all_matched_unflagged	all_matched_unflagged
BAR	Q21004	Q7TQF7	TP	TP	all_matched_unflagged	all_matched_unflagged
BAR	Q21004	Q9JI08	TN	TN	all_matched_unflagged	all_matched_unflagged
BAR	Q21004	Q9NQY0	TN	TN	all_matched_unflagged	all_matched_unflagged
BAR	Q21004	Q9UBW5	TP	TP	all_matched_unflagged	all_matched_unflagged
BAR	Q21004	Q9UUM7	TN	TN	all_matched_unflagged	all_matched_unflagged
BAR	Q4WTS7	Q54IA6	FN	FN	all_matched_unflagged	all_matched_unflagged
BAR	Q4WTS7	Q54NT2	FN	FN	all_matched_unflagged	all_matched_unflagged
BAR	Q4WTS7	Q5AFE4	TP	TP	all_matched_unflagged	all_matched_unflagged
BAR	Q4WTS7	Q5KLL3	TP	TP	all_matched_unflagged	all_matched_unflagged
BAR	Q4WTS7	Q5ZKL7	TN	TN	all_matched_unflagged	all_matched_unflagged
BAR	Q4WTS7	Q68FR2	TN	TN	all_matched_unflagged	all_matched_unflagged
BAR	Q4WTS7	Q68FW8	TP	TP	all_matched_unflagged	all_matched_unflagged
BAR	Q4WTS7	Q6CCM8	TP	TP	all_matched_unflagged	all_matched_unflagged
BAR	Q4WTS7	Q7KLE5	TN	TN	all_matched_unflagged	all_matched_unflagged
BAR	Q4WTS7	Q7Q9R8	TN	TN	all_matched_unflagged	all_matched_unflagged
BAR	Q4WTS7	Q7S814	TP	TP	all_matched_unflagged	all_matched_unflagged
BAR	Q4WTS7	Q7TQF7	TN	TN	all_matched_unflagged	all_matched_unflagged
BAR	Q4WTS7	Q9JI08	TP	TP	all_matched_unflagged	all_matched_unflagged
BAR	Q4WTS7	Q9NQY0	TP	TP	all_matched_unflagged	all_matched_unflagged
BAR	Q4WTS7	Q9UBW5	TN	TN	all_matched_unflagged	all_matched_unflagged
BAR	Q4WTS7	Q9UUM7	TP	TP	all_matched_unflagged	all_matched_unflagged
BAR	Q54IA6	Q54NT2	TN	TN	all_matched_unflagged	all_matched_unflagged
BAR	Q54IA6	Q5AFE4	FN	FN	all_matched_unflagged	all_matched_unflagged
BAR	Q54IA6	Q5KLL3	FN	FN	all_matched_unflagged	all_matched_unflagged
BAR	Q54IA6	Q5ZKL7	FN	FN	all_matched_unflagged	all_matched_unflagged
BAR	Q54IA6	Q68FR2	FN	FN	all_matched_unflagged	all_matched_unflagged
BAR	Q54IA6	Q68FW8	FN	FN	all_matched_unflagged	all_matched_unflagged
BAR	Q54IA6	Q6CCM8	FN	FN	all_matched_unflagged	all_matched_unflagged
BAR	Q54IA6	Q7KLE5	FN	FN	all_matched_unflagged	all_matched_unflagged
BAR	Q54IA6	Q7Q9R8	FN	FN	all_matched_unflagged	all_matched_unflagged
BAR	Q54IA6	Q7S814	FN	FN	all_matched_unflagged	all_matched_unflagged
BAR	Q54IA6	Q7TQF7	FN	FN	all_matched_unflagged	all_matched_unflagged
BAR	Q54IA6	Q9JI08	FN	FN	all_matched_unflagged	all_matched_unflagged
BAR	Q54IA6	Q9NQY0	FN	FN	all_matched_unflagged	all_matched_unflagged
BAR	Q54IA6	Q9UBW5	FN	FN	all_matched_unflagged	all_matched_unflagged
BAR	Q54IA6	Q9UUM7	FN	FN	all_matched_unflagged	all_matched_unflagged
BAR	Q54NT2	Q5AFE4	FN	FN	all_matched_unflagged	all_matched_unflagged
BAR	Q54NT2	Q5KLL3	FN	FN	all_matched_unflagged	all_matched_unflagged
BAR	Q54NT2	Q5ZKL7	FN	FN	all_matched_unflagged	all_matched_unflagged
BAR	Q54NT2	Q68FR2	FN	FN	all_matched_unflagged	all_matched_unflagged
BAR	Q54NT2	Q68FW8	FN	FN	all_matched_unflagged	all_matched_unflagged
BAR	Q54NT2	Q6CCM8	FN	FN	all_matched_unflagged	all_matched_unflagged
BAR	Q54NT2	Q7KLE5	FN	FN	all_matched_unflagged	all_matched_unflagged
BAR	Q54NT2	Q7Q9R8	FN	FN	all_matched_unflagged	all_matched_unflagged
BAR	Q54NT2	Q7S814	FN	FN	all_matched_unflagged	all_matched_unflagged
BAR	Q54NT2	Q7TQF7	FN	FN	all_matched_unflagged	all_matched_unflagged
BAR	Q54NT2	Q9JI08	FN	FN	all_matched_unflagged	all_matched_unflagged
BAR	Q54NT2	Q9NQY0	FN	FN	all_matched_unflagged	all_matched_unflagged
BAR	Q54NT2	Q9UBW5	FN	FN	all_matched_unflagged	all_matched_unflagged
BAR	Q54NT2	Q9UUM7	FN	FN	all_matched_unflagged	all_matched_unflagged
BAR	Q5AFE4	Q5KLL3	TP	TP	all_matched_unflagged	all_matched_unflagged
BAR	Q5AFE4	Q5ZKL7	TN	TN	all_matched_unflagged	all_matched_unflagged
BAR	Q5AFE4	Q68FR2	TN	TN	all_matched_unflagged	all_matched_unflagged
BAR	Q5AFE4	Q68FW8	TP	TP	all_matched_unflagged	all_matched_unflagged
BAR	Q5AFE4	Q6CCM8	TP	TP	all_matched_unflagged	all_matched_unflagged
BAR	Q5AFE4	Q7KLE5	TN	TN	all_matched_unflagged	all_matched_unflagged
BAR	Q5AFE4	Q7Q9R8	TN	TN	all_matched_unflagged	all_matched_unflagged
BAR	Q5AFE4	Q7S814	TP	TP	all_matched_unflagged	all_matched_unflagged
BAR	Q5AFE4	Q7TQF7	TN	TN	all_matched_unflagged	all_matched_unflagged
BAR	Q5AFE4	Q9JI08	TP	TP	all_matched_unflagged	all_matched_unflagged
BAR	Q5AFE4	Q9NQY0	TP	TP	all_matched_unflagged	all_matched_unflagged
BAR	Q5AFE4	Q9UBW5	TN	TN	all_matched_unflagged	all_matched_unflagged
BAR	Q5AFE4	Q9UUM7	TP	TP	all_matched_unflagged	all_matched_unflagged
BAR	Q5KLL3	Q5ZKL7	TN	TN	all_matched_unflagged	all_matched_unflagged
BAR	Q5KLL3	Q68FR2	TN	TN	all_matched_unflagged	all_matched_unflagged
BAR	Q5KLL3	Q68FW8	TP	TP	all_matched_unflagged	all_matched_unflagged
BAR	Q5KLL3	Q6CCM8	TP	TP	all_matched_unflagged	all_matched_unflagged
BAR	Q5KLL3	Q7KLE5	TN	TN	all_matched_unflagged	all_matched_unflagged
BAR	Q5KLL3	Q7Q9R8	TN	TN	all_matched_unflagged	all_matched_unflagged
BAR	Q5KLL3	Q7S814	TP	TP	all_matched_unflagged	all_matched_unflagged
BAR	Q5KLL3	Q7TQF7	TN	TN	all_matched_unflagged	all_matched_unflagged
BAR	Q5KLL3	Q9JI08	TP	TP	all_matched_unflagged	all_matched_unflagged
BAR	Q5KLL3	Q9NQY0	TP	TP	all_matched_unflagged	all_matched_unflagged
BAR	Q5KLL3	Q9UBW5	TN	TN	all_matched_unflagged	all_matched_unflagged
BAR	Q5KLL3	Q9UUM7	TP	TP	all_matched_unflagged	all_matched_unflagged
BAR	Q5ZKL7	Q68FR2	TP	TP	all_matched_unflagged	all_matched_unflagged
BAR	Q5ZKL7	Q68FW8	TN	TN	all_matched_unflagged	all_matched_unflagged
BAR	Q5ZKL7	Q6CCM8	TN	TN	all_matched_unflagged	all_matched_unflagged
BAR	Q5ZKL7	Q7KLE5	TP	TP	all_matched_unflagged	all_matched_unflagged
BAR	Q5ZKL7	Q7Q9R8	TP	TP	all_matched_unflagged	all_matched_unflagged
BAR	Q5ZKL7	Q7S814	TN	TN	all_matched_unflagged	all_matched_unflagged
BAR	Q5ZKL7	Q7TQF7	FP	TN	all_matched_unflagged	all_matched_unflagged
BAR	Q5ZKL7	Q9JI08	TN	TN	all_matched_unflagged	all_matched_unflagged
BAR	Q5ZKL7	Q9NQY0	TN	TN	all_matched_unflagged	all_matched_unflagged
BAR	Q5ZKL7	Q9UBW5	TP	TP	all_matched_unflagged	all_matched_unflagged
BAR	Q5ZKL7	Q9UUM7	TN	TN	all_matched_unflagged	all_matched_unflagged
BAR	Q68FR2	Q68FW8	TN	TN	all_matched_unflagged	all_matched_unflagged
BAR	Q68FR2	Q6CCM8	TN	TN	all_matched_unflagged	all_matched_unflagged
BAR	Q68FR2	Q7KLE5	TP	TP	all_matched_unflagged	all_matched_unflagged
BAR	Q68FR2	Q7Q9R8	TP	TP	all_matched_unflagged	all_matched_unflagged
BAR	Q68FR2	Q7S814	TN	TN	all_matched_unflagged	all_matched_unflagged
BAR	Q68FR2	Q7TQF7	FP	TN	all_matched_unflagged	all_matched_unflagged
BAR	Q68FR2	Q9JI08	TN	TN	all_matched_unflagged	all_matched_unflagged
BAR	Q68FR2	Q9NQY0	TN	TN	all_matched_unflagged	all_matched_unflagged
BAR	Q68FR2	Q9UBW5	TP	TP	all_matched_unflagged	all_matched_unflagged
BAR	Q68FR2	Q9UUM7	TN	TN	all_matched_unflagged	all_matched_unflagged
BAR	Q68FW8	Q6CCM8	TP	TP	all_matched_unflagged	all_matched_unflagged
BAR	Q68FW8	Q7KLE5	TN	TN	all_matched_unflagged	all_matched_unflagged
BAR	Q68FW8	Q7Q9R8	TN	TN	all_matched_unflagged	all_matched_unflagged
BAR	Q68FW8	Q7S814	TP	TP	all_matched_unflagged	all_matched_unflagged
BAR	Q68FW8	Q7TQF7	TN	TN	all_matched_unflagged	all_matched_unflagged
BAR	Q68FW8	Q9JI08	TP	TP	all_matched_unflagged	all_matched_unflagged
BAR	Q68FW8	Q9NQY0	TP	TP	all_matched_unflagged	all_matched_unflagged
BAR	Q68FW8	Q9UBW5	TN	TN	all_matched_unflagged	all_matched_unflagged
BAR	Q68FW8	Q9UUM7	TP	TP	all_matched_unflagged	all_matched_unflagged
BAR	Q6CCM8	Q7KLE5	TN	TN	all_matched_unflagged	all_matched_unflagged
BAR	Q6CCM8	Q7Q9R8	TN	TN	all_matched_unflagged	all_matched_unflagged
BAR	Q6CCM8	Q7S814	TP	TP	all_matched_unflagged	all_matched_unflagged
BAR	Q6CCM8	Q7TQF7	TN	TN	all_matched_unflagged	all_matched_unflagged
BAR	Q6CCM8	Q9JI08	TP	TP	all_matched_unflagged	all_matched_unflagged
BAR	Q6CCM8	Q9NQY0	TP	TP	all_matched_unflagged	all_matched_unflagged
BAR	Q6CCM8	Q9UBW5	TN	TN	all_matched_unflagged	all_matched_unflagged
BAR	Q6CCM8	Q9UUM7	TP	TP	all_matched_unflagged	all_matched_unflagged
BAR	Q7KLE5	Q7Q9R8	TP	TP	all_matched_unflagged	all_matched_unflagged
BAR	Q7KLE5	Q7S814	TN	TN	all_matched_unflagged	all_matched_unflagged
BAR	Q7KLE5	Q7TQF7	TP	TP	all_matched_unflagged	all_matched_unflagged
BAR	Q7KLE5	Q9JI08	TN	TN	all_matched_unflagged	all_matched_unflagged
BAR	Q7KLE5	Q9NQY0	TN	TN	all_matched_unflagged	all_matched_unflagged
BAR	Q7KLE5	Q9UBW5	TP	TP	all_matched_unflagged	all_matched_unflagged
BAR	Q7KLE5	Q9UUM7	TN	TN	all_matched_unflagged	all_matched_unflagged
BAR	Q7Q9R8	Q7S814	TN	TN	all_matched_unflagged	all_matched_unflagged
BAR	Q7Q9R8	Q7TQF7	TP	TP	all_matched_unflagged	all_matched_unflagged
BAR	Q7Q9R8	Q9JI08	TN	TN	all_matched_unflagged	all_matched_unflagged
BAR	Q7Q9R8	Q9NQY0	TN	TN	all_matched_unflagged	all_matched_unflagged
BAR	Q7Q9R8	Q9UBW5	TP	TP	all_matched_unflagged	all_matched_unflagged
BAR	Q7Q9R8	Q9UUM7	TN	TN	all_matched_unflagged	all_matched_unflagged
BAR	Q7S814	Q7TQF7	TN	TN	all_matched_unflagged	all_matched_unflagged
BAR	Q7S814	Q9JI08	TP	TP	all_matched_unflagged	all_matched_unflagged
BAR	Q7S814	Q9NQY0	TP	TP	all_matched_unflagged	all_matched_unflagged
BAR	Q7S814	Q9UBW5	TN	TN	all_matched_unflagged	all_matched_unflagged
BAR	Q7S814	Q9UUM7	TP	TP	all_matched_unflagged	all_matched_unflagged
BAR	Q7TQF7	Q9JI08	TN	TN	all_matched_unflagged	all_matched_unflagged
BAR	Q7TQF7	Q9NQY0	TN	TN	all_matched_unflagged	all_matched_unflagged
BAR	Q7TQF7	Q9UBW5	FP	TN	all_matched_unflagged	all_matched_unflagged
BAR	Q7TQF7	Q9UUM7	TN	TN	all_matched_unflagged	all_matched_unflagged
BAR	Q9JI08	Q9NQY0	TP	TP	all_matched_unflagged	all_matched_unflagged
BAR	Q9JI08	Q9UBW5	TN	TN	all_matched_unflagged	all_matched_unflagged
BAR	Q9JI08	Q9UUM7	TP	TP	all_matched_unflagged	all_matched_unflagged
BAR	Q9NQY0	Q9UBW5	TN	TN	all_matched_unflagged	all_matched_unflagged
BAR	Q9NQY0	Q9UUM7	TP	TP	all_matched_unflagged	all_matched_unflagged
BAR	Q9UBW5	Q9UUM7	TN	TN	all_matched_unflagged	all_matched_unflagged
CASP	A3A2W2	O23413	TN	TN	all_matched_unflagged	all_matched_unflagged
CASP	A3A2W2	P0CB17	TN	TN	all_matched_unflagged	all_matched_unflagged
CASP	A3A2W2	Q0DHM7	TN	TN	all_matched_unflagged	all_matched_unflagged
CASP	A3A2W2	Q0ILZ7	TN	TN	all_matched_unflagged	all_matched_unflagged
CASP	A3A2W2	Q0IN16	TN	TN	all_matched_unflagged	all_matched_unflagged
CASP	A3A2W2	Q10EJ2	TN	TN	all_matched_unflagged	all_matched_unflagged
CASP	A3A2W2	Q10QH3	TN	TN	all_matched_unflagged	all_matched_unflagged
CASP	A3A2W2	Q1PFB8	TN	TN	all_matched_unflagged	all_matched_unflagged
CASP	A3A2W2	Q2QNE3	TN	TN	all_matched_unflagged	all_matched_unflagged
CASP	A3A2W2	Q2R2T4	TN	TN	all_matched_unflagged	all_matched_unflagged
CASP	A3A2W2	Q3EA54	TN	TN	all_matched_unflagged	all_matched_unflagged
CASP	A3A2W2	Q3EB59	TN	TN	all_matched_unflagged	all_matched_unflagged
CASP	A3A2W2	Q3ECT8	TN	TN	all_matched_unflagged	all_matched_unflagged
CASP	A3A2W2	Q501G6	TP	TP	all_matched_unflagged	all_matched_unflagged
CASP	A3A2W2	Q56X75	TN	TN	all_matched_unflagged	all_matched_unflagged
CASP	A3A2W2	Q5JM57	TN	TN	all_matched_unflagged	all_matched_unflagged
CASP	A3A2W2	Q5N794	TN	TN	all_matched_unflagged	all_matched_unflagged
CASP	A3A2W2	Q66GI1	TN	TN	all_matched_unflagged	all_matched_unflagged
CASP	A3A2W2	Q67W83	TN	TN	all_matched_unflagged	all_matched_unflagged
CASP	A3A2W2	Q67X40	TN	TN	all_matched_unflagged	all_matched_unflagged
CASP	A3A2W2	Q6EP58	TN	TN	all_matched_unflagged	all_matched_unflagged
CASP	A3A2W2	Q6ETN2	TN	TN	all_matched_unflagged	all_matched_unflagged
CASP	A3A2W2	Q6K478	TN	TN	all_matched_unflagged	all_matched_unflagged
CASP	A3A2W2	Q6NPF8	TN	TN	all_matched_unflagged	all_matched_unflagged
CASP	A3A2W2	Q6YT98	TN	TN	all_matched_unflagged	all_matched_unflagged
CASP	A3A2W2	Q6YW53	TN	TN	all_matched_unflagged	all_matched_unflagged
CASP	A3A2W2	Q6Z1Y7	TN	TN	all_matched_unflagged	all_matched_unflagged
CASP	A3A2W2	Q6Z2U5	TN	TN	all_matched_unflagged	all_matched_unflagged
CASP	A3A2W2	Q7XPU9	TN	TN	all_matched_unflagged	all_matched_unflagged
CASP	A3A2W2	Q7XUV7	TN	TN	all_matched_unflagged	all_matched_unflagged
CASP	A3A2W2	Q84UT5	TN	TN	all_matched_unflagged	all_matched_unflagged
CASP	A3A2W2	Q84WP5	TP	TP	all_matched_unflagged	all_matched_unflagged
CASP	A3A2W2	Q8GWD5	TN	TN	all_matched_unflagged	all_matched_unflagged
CASP	A3A2W2	Q8L7R5	TN	TN	all_matched_unflagged	all_matched_unflagged
CASP	A3A2W2	Q8L8U9	TN	TN	all_matched_unflagged	all_matched_unflagged
CASP	A3A2W2	Q8L8Z1	TN	TN	all_matched_unflagged	all_matched_unflagged
CASP	A3A2W2	Q8L924	TN	TN	all_matched_unflagged	all_matched_unflagged
CASP	A3A2W2	Q8L9B5	TN	TN	all_matched_unflagged	all_matched_unflagged
CASP	A3A2W2	Q8LE26	TN	TN	all_matched_unflagged	all_matched_unflagged
CASP	A3A2W2	Q8VZQ3	TN	TN	all_matched_unflagged	all_matched_unflagged
CASP	A3A2W2	Q945M8	TN	TN	all_matched_unflagged	all_matched_unflagged
CASP	A3A2W2	Q9ARX2	TN	TN	all_matched_unflagged	all_matched_unflagged
CASP	A3A2W2	Q9CAX3	TN	TN	all_matched_unflagged	all_matched_unflagged
CASP	A3A2W2	Q9FE29	TN	TN	all_matched_unflagged	all_matched_unflagged
CASP	A3A2W2	Q9FFT2	TN	TN	all_matched_unflagged	all_matched_unflagged
CASP	A3A2W2	Q9FFZ7	TN	TN	all_matched_unflagged	all_matched_unflagged
CASP	A3A2W2	Q9FI10	TN	TN	all_matched_unflagged	all_matched_unflagged
CASP	A3A2W2	Q9FNE8	TP	TP	all_matched_unflagged	all_matched_unflagged
CASP	A3A2W2	Q9LI17	TN	TN	all_matched_unflagged	all_matched_unflagged
CASP	A3A2W2	Q9LR57	TN	TN	all_matched_unflagged	all_matched_unflagged
CASP	A3A2W2	Q9LUL1	TN	TN	all_matched_unflagged	all_matched_unflagged
CASP	A3A2W2	Q9LXF3	TN	TN	all_matched_unflagged	all_matched_unflagged
CASP	A3A2W2	Q9LZM5	TN	TN	all_matched_unflagged	all_matched_unflagged
CASP	A3A2W2	Q9M0L3	TN	TN	all_matched_unflagged	all_matched_unflagged
CASP	A3A2W2	Q9M2U0	TN	TN	all_matched_unflagged	all_matched_unflagged
CASP	A3A2W2	Q9SIH4	TN	TN	all_matched_unflagged	all_matched_unflagged
CASP	A3A2W2	Q9SKN3	TN	TN	all_matched_unflagged	all_matched_unflagged
CASP	A3A2W2	Q9SQU2	TN	TN	all_matched_unflagged	all_matched_unflagged
CASP	A3A2W2	Q9SUP0	TN	TN	all_matched_unflagged	all_matched_unflagged
CASP	A3A2W2	Q9XI72	TN	TN	all_matched_unflagged	all_matched_unflagged
CASP	A3A2W2	Q9ZQI2	TN	TN	all_matched_unflagged	all_matched_unflagged
CASP	A3A2W2	Q9ZT81	TN	TN	all_matched_unflagged	all_matched_unflagged
CASP	O23413	P0CB17	TN	TN	all_matched_unflagged	all_matched_unflagged
CASP	O23413	Q0DHM7	TN	TN	all_matched_unflagged	all_matched_unflagged
CASP	O23413	Q0ILZ7	TN	TN	all_matched_unflagged	all_matched_unflagged
CASP	O23413	Q0IN16	TN	TN	all_matched_unflagged	all_matched_unflagged
CASP	O23413	Q10EJ2	TN	TN	all_matched_unflagged	all_matched_unflagged
CASP	O23413	Q10QH3	TN	TN	all_matched_unflagged	all_matched_unflagged
CASP	O23413	Q1PFB8	TN	TN	all_matched_unflagged	all_matched_unflagged
CASP	O23413	Q2QNE3	TN	TN	all_matched_unflagged	all_matched_unflagged
CASP	O23413	Q2R2T4	TN	TN	all_matched_unflagged	all_matched_unflagged
CASP	O23413	Q3EA54	TN	TN	all_matched_unflagged	all_matched_unflagged
CASP	O23413	Q3EB59	TN	TN	all_matched_unflagged	all_matched_unflagged
CASP	O23413	Q3ECT8	TN	TN	all_matched_unflagged	all_matched_unflagged
CASP	O23413	Q501G6	TN	TN	all_matched_unflagged	all_matched_unflagged
CASP	O23413	Q56X75	TN	TN	all_matched_unflagged	all_matched_unflagged
CASP	O23413	Q5JM57	TN	TN	all_matched_unflagged	all_matched_unflagged
CASP	O23413	Q5N794	TN	TN	all_matched_unflagged	all_matched_unflagged
CASP	O23413	Q66GI1	TN	TN	all_matched_unflagged	all_matched_unflagged
CASP	O23413	Q67W83	TN	TN	all_matched_unflagged	all_matched_unflagged
CASP	O23413	Q67X40	TN	TN	all_matched_unflagged	all_matched_unflagged
CASP	O23413	Q6EP58	TN	TN	all_matched_unflagged	all_matched_unflagged
CASP	O23413	Q6ETN2	TN	TN	all_matched_unflagged	all_matched_unflagged
CASP	O23413	Q6K478	TN	TN	all_matched_unflagged	all_matched_unflagged
CASP	O23413	Q6NPF8	TN	TN	all_matched_unflagged	all_matched_unflagged
CASP	O23413	Q6YT98	TN	TN	all_matched_unflagged	all_matched_unflagged
CASP	O23413	Q6YW53	TN	TN	all_matched_unflagged	all_matched_unflagged
CASP	O23413	Q6Z1Y7	TN	TN	all_matched_unflagged	all_matched_unflagged
CASP	O23413	Q6Z2U5	TN	TN	all_matched_unflagged	all_matched_unflagged
CASP	O23413	Q7XPU9	TN	TN	all_matched_unflagged	all_matched_unflagged
CASP	O23413	Q7XUV7	TN	TN	all_matched_unflagged	all_matched_unflagged
CASP	O23413	Q84UT5	TN	TN	all_matched_unflagged	all_matched_unflagged
CASP	O23413	Q84WP5	TN	TN	all_matched_unflagged	all_matched_unflagged
CASP	O23413	Q8GWD5	TN	TN	all_matched_unflagged	all_matched_unflagged
CASP	O23413	Q8L7R5	TN	TN	all_matched_unflagged	all_matched_unflagged
CASP	O23413	Q8L8U9	TN	TN	all_matched_unflagged	all_matched_unflagged
CASP	O23413	Q8L8Z1	TN	TN	all_matched_unflagged	all_matched_unflagged
CASP	O23413	Q8L924	TN	TN	all_matched_unflagged	all_matched_unflagged
CASP	O23413	Q8L9B5	TN	TN	all_matched_unflagged	all_matched_unflagged
CASP	O23413	Q8LE26	TN	TN	all_matched_unflagged	all_matched_unflagged
CASP	O23413	Q8VZQ3	TN	TN	all_matched_unflagged	all_matched_unflagged
CASP	O23413	Q945M8	TN	TN	all_matched_unflagged	all_matched_unflagged
CASP	O23413	Q9ARX2	TP	TP	all_matched_unflagged	all_matched_unflagged
CASP	O23413	Q9CAX3	TN	TN	all_matched_unflagged	all_matched_unflagged
CASP	O23413	Q9FE29	TN	TN	all_matched_unflagged	all_matched_unflagged
CASP	O23413	Q9FFT2	TN	TN	all_matched_unflagged	all_matched_unflagged
CASP	O23413	Q9FFZ7	TN	TN	all_matched_unflagged	all_matched_unflagged
CASP	O23413	Q9FI10	TN	TN	all_matched_unflagged	all_matched_unflagged
CASP	O23413	Q9FNE8	TN	TN	all_matched_unflagged	all_matched_unflagged
CASP	O23413	Q9LI17	TN	TN	all_matched_unflagged	all_matched_unflagged
CASP	O23413	Q9LR57	TN	TN	all_matched_unflagged	all_matched_unflagged
CASP	O23413	Q9LUL1	TN	TN	all_matched_unflagged	all_matched_unflagged
CASP	O23413	Q9LXF3	TN	TN	all_matched_unflagged	all_matched_unflagged
CASP	O23413	Q9LZM5	TN	TN	all_matched_unflagged	all_matched_unflagged
CASP	O23413	Q9M0L3	TN	TN	all_matched_unflagged	all_matched_unflagged
CASP	O23413	Q9M2U0	TN	TN	all_matched_unflagged	all_matched_unflagged
CASP	O23413	Q9SIH4	TN	TN	all_matched_unflagged	all_matched_unflagged
CASP	O23413	Q9SKN3	TN	TN	all_matched_unflagged	all_matched_unflagged
CASP	O23413	Q9SQU2	TN	TN	all_matched_unflagged	all_matched_unflagged
CASP	O23413	Q9SUP0	TN	TN	all_matched_unflagged	all_matched_unflagged
CASP	O23413	Q9XI72	TN	TN	all_matched_unflagged	all_matched_unflagged
CASP	O23413	Q9ZQI2	TN	TN	all_matched_unflagged	all_matched_unflagged
CASP	O23413	Q9ZT81	TN	TN	all_matched_unflagged	all_matched_unflagged
CASP	P0CB17	Q0DHM7	TN	TN	all_matched_unflagged	all_matched_unflagged
CASP	P0CB17	Q0ILZ7	TN	TN	all_matched_unflagged	all_matched_unflagged
CASP	P0CB17	Q0IN16	TN	TN	all_matched_unflagged	all_matched_unflagged
CASP	P0CB17	Q10EJ2	FN	FN	all_matched_unflagged	all_matched_unflagged
CASP	P0CB17	Q10QH3	TN	TN	all_matched_unflagged	all_matched_unflagged
CASP	P0CB17	Q1PFB8	TN	TN	all_matched_unflagged	all_matched_unflagged
CASP	P0CB17	Q2QNE3	TN	TN	all_matched_unflagged	all_matched_unflagged
CASP	P0CB17	Q2R2T4	TN	TN	all_matched_unflagged	all_matched_unflagged
CASP	P0CB17	Q3EA54	TN	TN	all_matched_unflagged	all_matched_unflagged
CASP	P0CB17	Q3EB59	TN	TN	all_matched_unflagged	all_matched_unflagged
CASP	P0CB17	Q3ECT8	TN	TN	all_matched_unflagged	all_matched_unflagged
CASP	P0CB17	Q501G6	TN	TN	all_matched_unflagged	all_matched_unflagged
CASP	P0CB17	Q56X75	TN	TN	all_matched_unflagged	all_matched_unflagged
CASP	P0CB17	Q5JM57	TN	TN	all_matched_unflagged	all_matched_unflagged
CASP	P0CB17	Q5N794	TN	TN	all_matched_unflagged	all_matched_unflagged
CASP	P0CB17	Q66GI1	TN	TN	all_matched_unflagged	all_matched_unflagged
CASP	P0CB17	Q67W83	TN	TN	all_matched_unflagged	all_matched_unflagged
CASP	P0CB17	Q67X40	TN	TN	all_matched_unflagged	all_matched_unflagged
CASP	P0CB17	Q6EP58	TN	TN	all_matched_unflagged	all_matched_unflagged
CASP	P0CB17	Q6ETN2	TN	TN	all_matched_unflagged	all_matched_unflagged
CASP	P0CB17	Q6K478	TN	TN	all_matched_unflagged	all_matched_unflagged
CASP	P0CB17	Q6NPF8	TN	TN	all_matched_unflagged	all_matched_unflagged
CASP	P0CB17	Q6YT98	TN	TN	all_matched_unflagged	all_matched_unflagged
CASP	P0CB17	Q6YW53	TN	TN	all_matched_unflagged	all_matched_unflagged
CASP	P0CB17	Q6Z1Y7	TN	TN	all_matched_unflagged	all_matched_unflagged
CASP	P0CB17	Q6Z2U5	TN	TN	all_matched_unflagged	all_matched_unflagged
CASP	P0CB17	Q7XPU9	TN	TN	all_matched_unflagged	all_matched_unflagged
CASP	P0CB17	Q7XUV7	TN	TN	all_matched_unflagged	all_matched_unflagged
CASP	P0CB17	Q84UT5	TN	TN	all_matched_unflagged	all_matched_unflagged
CASP	P0CB17	Q84WP5	TN	TN	all_matched_unflagged	all_matched_unflagged
CASP	P0CB17	Q8GWD5	TN	TN	all_matched_unflagged	all_matched_unflagged
CASP	P0CB17	Q8L7R5	TN	TN	all_matched_unflagged	all_matched_unflagged
CASP	P0CB17	Q8L8U9	TN	TN	all_matched_unflagged	all_matched_unflagged
CASP	P0CB17	Q8L8Z1	TN	TN	all_matched_unflagged	all_matched_unflagged
CASP	P0CB17	Q8L924	TN	TN	all_matched_unflagged	all_matched_unflagged
CASP	P0CB17	Q8L9B5	TN	TN	all_matched_unflagged	all_matched_unflagged
CASP	P0CB17	Q8LE26	TN	TN	all_matched_unflagged	all_matched_unflagged
CASP	P0CB17	Q8VZQ3	TN	TN	all_matched_unflagged	all_matched_unflagged
CASP	P0CB17	Q945M8	TN	TN	all_matched_unflagged	all_matched_unflagged
CASP	P0CB17	Q9ARX2	TN	TN	all_matched_unflagged	all_matched_unflagged
CASP	P0CB17	Q9CAX3	TN	TN	all_matched_unflagged	all_matched_unflagged
CASP	P0CB17	Q9FE29	TN	TN	all_matched_unflagged	all_matched_unflagged
CASP	P0CB17	Q9FFT2	TN	TN	all_matched_unflagged	all_matched_unflagged
CASP	P0CB17	Q9FFZ7	TN	TN	all_matched_unflagged	all_matched_unflagged
CASP	P0CB17	Q9FI10	TN	TN	all_matched_unflagged	all_matched_unflagged
CASP	P0CB17	Q9FNE8	TN	TN	all_matched_unflagged	all_matched_unflagged
CASP	P0CB17	Q9LI17	TN	TN	all_matched_unflagged	all_matched_unflagged
CASP	P0CB17	Q9LR57	TN	TN	all_matched_unflagged	all_matched_unflagged
CASP	P0CB17	Q9LUL1	TN	TN	all_matched_unflagged	all_matched_unflagged
CASP	P0CB17	Q9LXF3	TN	TN	all_matched_unflagged	all_matched_unflagged
CASP	P0CB17	Q9LZM5	TN	TN	all_matched_unflagged	all_matched_unflagged
CASP	P0CB17	Q9M0L3	TN	TN	all_matched_unflagged	all_matched_unflagged
CASP	P0CB17	Q9M2U0	TN	TN	all_matched_unflagged	all_matched_unflagged
CASP	P0CB17	Q9SIH4	TN	TN	all_matched_unflagged	all_matched_unflagged
CASP	P0CB17	Q9SKN3	TN	TN	all_matched_unflagged	all_matched_unflagged
CASP	P0CB17	Q9SQU2	TN	TN	all_matched_unflagged	all_matched_unflagged
CASP	P0CB17	Q9SUP0	TN	TN	all_matched_unflagged	all_matched_unflagged
CASP	P0CB17	Q9XI72	TN	TN	all_matched_unflagged	all_matched_unflagged
CASP	P0CB17	Q9ZQI2	TN	TN	all_matched_unflagged	all_matched_unflagged
CASP	P0CB17	Q9ZT81	TN	TN	all_matched_unflagged	all_matched_unflagged
CASP	Q0DHM7	Q0ILZ7	TN	TN	all_matched_unflagged	all_matched_unflagged
CASP	Q0DHM7	Q0IN16	TN	TN	all_matched_unflagged	all_matched_unflagged
CASP	Q0DHM7	Q10EJ2	TN	TN	all_matched_unflagged	all_matched_unflagged
CASP	Q0DHM7	Q10QH3	TN	TN	all_matched_unflagged	all_matched_unflagged
CASP	Q0DHM7	Q1PFB8	TN	TN	all_matched_unflagged	all_matched_unflagged
CASP	Q0DHM7	Q2QNE3	TN	TN	all_matched_unflagged	all_matched_unflagged
CASP	Q0DHM7	Q2R2T4	TN	TN	all_matched_unflagged	all_matched_unflagged
CASP	Q0DHM7	Q3EA54	TN	TN	all_matched_unflagged	all_matched_unflagged
CASP	Q0DHM7	Q3EB59	TN	TN	all_matched_unflagged	all_matched_unflagged
CASP	Q0DHM7	Q3ECT8	TN	TN	all_matched_unflagged	all_matched_unflagged
CASP	Q0DHM7	Q501G6	TN	TN	all_matched_unflagged	all_matched_unflagged
CASP	Q0DHM7	Q56X75	TN	TN	all_matched_unflagged	all_matched_unflagged
CASP	Q0DHM7	Q5JM57	TN	TN	all_matched_unflagged	all_matched_unflagged
CASP	Q0DHM7	Q5N794	TN	TN	all_matched_unflagged	all_matched_unflagged
CASP	Q0DHM7	Q66GI1	TN	TN	all_matched_unflagged	all_matched_unflagged
CASP	Q0DHM7	Q67W83	TN	TN	all_matched_unflagged	all_matched_unflagged
CASP	Q0DHM7	Q67X40	TN	TN	all_matched_unflagged	all_matched_unflagged
CASP	Q0DHM7	Q6EP58	TN	TN	all_matched_unflagged	all_matched_unflagged
CASP	Q0DHM7	Q6ETN2	TN	TN	all_matched_unflagged	all_matched_unflagged
CASP	Q0DHM7	Q6K478	TN	TN	all_matched_unflagged	all_matched_unflagged
CASP	Q0DHM7	Q6NPF8	TN	TN	all_matched_unflagged	all_matched_unflagged
CASP	Q0DHM7	Q6YT98	TN	TN	all_matched_unflagged	all_matched_unflagged
CASP	Q0DHM7	Q6YW53	TN	TN	all_matched_unflagged	all_matched_unflagged
CASP	Q0DHM7	Q6Z1Y7	TN	TN	all_matched_unflagged	all_matched_unflagged
CASP	Q0DHM7	Q6Z2U5	TN	TN	all_matched_unflagged	all_matched_unflagged
CASP	Q0DHM7	Q7XPU9	TN	TN	all_matched_unflagged	all_matched_unflagged
CASP	Q0DHM7	Q7XUV7	TN	TN	all_matched_unflagged	all_matched_unflagged
CASP	Q0DHM7	Q84UT5	TN	TN	all_matched_unflagged	all_matched_unflagged
CASP	Q0DHM7	Q84WP5	TN	TN	all_matched_unflagged	all_matched_unflagged
CASP	Q0DHM7	Q8GWD5	TN	TN	all_matched_unflagged	all_matched_unflagged
CASP	Q0DHM7	Q8L7R5	FP	FP	all_matched_unflagged	all_matched_unflagged
CASP	Q0DHM7	Q8L8U9	TN	TN	all_matched_unflagged	all_matched_unflagged
CASP	Q0DHM7	Q8L8Z1	TN	TN	all_matched_unflagged	all_matched_unflagged
CASP	Q0DHM7	Q8L924	TN	TN	all_matched_unflagged	all_matched_unflagged
CASP	Q0DHM7	Q8L9B5	TN	TN	all_matched_unflagged	all_matched_unflagged
CASP	Q0DHM7	Q8LE26	TN	TN	all_matched_unflagged	all_matched_unflagged
CASP	Q0DHM7	Q8VZQ3	TN	TN	all_matched_unflagged	all_matched_unflagged
CASP	Q0DHM7	Q945M8	TP	TP	all_matched_unflagged	all_matched_unflagged
CASP	Q0DHM7	Q9ARX2	TN	TN	all_matched_unflagged	all_matched_unflagged
CASP	Q0DHM7	Q9CAX3	TN	TN	all_matched_unflagged	all_matched_unflagged
CASP	Q0DHM7	Q9FE29	TN	TN	all_matched_unflagged	all_matched_unflagged
CASP	Q0DHM7	Q9FFT2	TN	TN	all_matched_unflagged	all_matched_unflagged
CASP	Q0DHM7	Q9FFZ7	TN	TN	all_matched_unflagged	all_matched_unflagged
CASP	Q0DHM7	Q9FI10	TN	TN	all_matched_unflagged	all_matched_unflagged
CASP	Q0DHM7	Q9FNE8	TN	TN	all_matched_unflagged	all_matched_unflagged
CASP	Q0DHM7	Q9LI17	TN	TN	all_matched_unflagged	all_matched_unflagged
CASP	Q0DHM7	Q9LR57	TN	TN	all_matched_unflagged	all_matched_unflagged
CASP	Q0DHM7	Q9LUL1	TN	TN	all_matched_unflagged	all_matched_unflagged
CASP	Q0DHM7	Q9LXF3	TN	TN	all_matched_unflagged	all_matched_unflagged
CASP	Q0DHM7	Q9LZM5	TP	TP	all_matched_unflagged	all_matched_unflagged
CASP	Q0DHM7	Q9M0L3	TN	TN	all_matched_unflagged	all_matched_unflagged
CASP	Q0DHM7	Q9M2U0	TN	TN	all_matched_unflagged	all_matched_unflagged
CASP	Q0DHM7	Q9SIH4	TN	TN	all_matched_unflagged	all_matched_unflagged
CASP	Q0DHM7	Q9SKN3	TN	TN	all_matched_unflagged	all_matched_unflagged
CASP	Q0DHM7	Q9SQU2	TN	TN	all_matched_unflagged	all_matched_unflagged
CASP	Q0DHM7	Q9SUP0	TN	TN	all_matched_unflagged	all_matched_unflagged
CASP	Q0DHM7	Q9XI72	TN	TN	all_matched_unflagged	all_matched_unflagged
CASP	Q0DHM7	Q9ZQI2	TN	TN	all_matched_unflagged	all_matched_unflagged
CASP	Q0DHM7	Q9ZT81	TN	TN	all_matched_unflagged	all_matched_unflagged
CASP	Q0ILZ7	Q0IN16	TN	TN	all_matched_unflagged	all_matched_unflagged
CASP	Q0ILZ7	Q10EJ2	TN	TN	all_matched_unflagged	all_matched_unflagged
CASP	Q0ILZ7	Q10QH3	TN	TN	all_matched_unflagged	all_matched_unflagged
CASP	Q0ILZ7	Q1PFB8	TN	TN	all_matched_unflagged	all_matched_unflagged
CASP	Q0ILZ7	Q2QNE3	TN	TN	all_matched_unflagged	all_matched_unflagged
CASP	Q0ILZ7	Q2R2T4	TN	TN	all_matched_unflagged	all_matched_unflagged
CASP	Q0ILZ7	Q3EA54	TN	TN	all_matched_unflagged	all_matched_unflagged
CASP	Q0ILZ7	Q3EB59	TN	TN	all_matched_unflagged	all_matched_unflagged
CASP	Q0ILZ7	Q3ECT8	TN	TN	all_matched_unflagged	all_matched_unflagged
CASP	Q0ILZ7	Q501G6	TN	TN	all_matched_unflagged	all_matched_unflagged
CASP	Q0ILZ7	Q56X75	TN	TN	all_matched_unflagged	all_matched_unflagged
CASP	Q0ILZ7	Q5JM57	TN	TN	all_matched_unflagged	all_matched_unflagged
CASP	Q0ILZ7	Q5N794	TN	TN	all_matched_unflagged	all_matched_unflagged
CASP	Q0ILZ7	Q66GI1	TN	TN	all_matched_unflagged	all_matched_unflagged
CASP	Q0ILZ7	Q67W83	TN	TN	all_matched_unflagged	all_matched_unflagged
CASP	Q0ILZ7	Q67X40	TN	TN	all_matched_unflagged	all_matched_unflagged
CASP	Q0ILZ7	Q6EP58	TN	TN	all_matched_unflagged	all_matched_unflagged
CASP	Q0ILZ7	Q6ETN2	TN	TN	all_matched_unflagged	all_matched_unflagged
CASP	Q0ILZ7	Q6K478	TN	TN	all_matched_unflagged	all_matched_unflagged
CASP	Q0ILZ7	Q6NPF8	TN	TN	all_matched_unflagged	all_matched_unflagged
CASP	Q0ILZ7	Q6YT98	TN	TN	all_matched_unflagged	all_matched_unflagged
CASP	Q0ILZ7	Q6YW53	TN	TN	all_matched_unflagged	all_matched_unflagged
CASP	Q0ILZ7	Q6Z1Y7	TN	TN	all_matched_unflagged	all_matched_unflagged
CASP	Q0ILZ7	Q6Z2U5	TN	TN	all_matched_unflagged	all_matched_unflagged
CASP	Q0ILZ7	Q7XPU9	TN	TN	all_matched_unflagged	all_matched_unflagged
CASP	Q0ILZ7	Q7XUV7	TN	TN	all_matched_unflagged	all_matched_unflagged
CASP	Q0ILZ7	Q84UT5	TN	TN	all_matched_unflagged	all_matched_unflagged
CASP	Q0ILZ7	Q84WP5	TN	TN	all_matched_unflagged	all_matched_unflagged
CASP	Q0ILZ7	Q8GWD5	TN	TN	all_matched_unflagged	all_matched_unflagged
CASP	Q0ILZ7	Q8L7R5	TN	TN	all_matched_unflagged	all_matched_unflagged
CASP	Q0ILZ7	Q8L8U9	TN	TN	all_matched_unflagged	all_matched_unflagged
CASP	Q0ILZ7	Q8L8Z1	TN	TN	all_matched_unflagged	all_matched_unflagged
CASP	Q0ILZ7	Q8L924	TN	TN	all_matched_unflagged	all_matched_unflagged
CASP	Q0ILZ7	Q8L9B5	TN	TN	all_matched_unflagged	all_matched_unflagged
CASP	Q0ILZ7	Q8LE26	TN	TN	all_matched_unflagged	all_matched_unflagged
CASP	Q0ILZ7	Q8VZQ3	TN	TN	all_matched_unflagged	all_matched_unflagged
CASP	Q0ILZ7	Q945M8	TN	TN	all_matched_unflagged	all_matched_unflagged
CASP	Q0ILZ7	Q9ARX2	TN	TN	all_matched_unflagged	all_matched_unflagged
CASP	Q0ILZ7	Q9CAX3	TN	TN	all_matched_unflagged	all_matched_unflagged
CASP	Q0ILZ7	Q9FE29	TN	TN	all_matched_unflagged	all_matched_unflagged
CASP	Q0ILZ7	Q9FFT2	TN	TN	all_matched_unflagged	all_matched_unflagged
CASP	Q0ILZ7	Q9FFZ7	TN	TN	all_matched_unflagged	all_matched_unflagged
CASP	Q0ILZ7	Q9FI10	FN	FN	all_matched_unflagged	all_matched_unflagged
CASP	Q0ILZ7	Q9FNE8	TN	TN	all_matched_unflagged	all_matched_unflagged
CASP	Q0ILZ7	Q9LI17	TN	TN	all_matched_unflagged	all_matched_unflagged
CASP	Q0ILZ7	Q9LR57	FP	FP	all_matched_unflagged	all_matched_unflagged
CASP	Q0ILZ7	Q9LUL1	TN	TN	all_matched_unflagged	all_matched_unflagged
CASP	Q0ILZ7	Q9LXF3	TN	TN	all_matched_unflagged	all_matched_unflagged
CASP	Q0ILZ7	Q9LZM5	TN	TN	all_matched_unflagged	all_matched_unflagged
CASP	Q0ILZ7	Q9M0L3	TN	TN	all_matched_unflagged	all_matched_unflagged
CASP	Q0ILZ7	Q9M2U0	TN	TN	all_matched_unflagged	all_matched_unflagged
CASP	Q0ILZ7	Q9SIH4	TN	TN	all_matched_unflagged	all_matched_unflagged
CASP	Q0ILZ7	Q9SKN3	TN	TN	all_matched_unflagged	all_matched_unflagged
CASP	Q0ILZ7	Q9SQU2	TN	TN	all_matched_unflagged	all_matched_unflagged
CASP	Q0ILZ7	Q9SUP0	FN	FN	all_matched_unflagged	all_matched_unflagged
CASP	Q0ILZ7	Q9XI72	TN	TN	all_matched_unflagged	all_matched_unflagged
CASP	Q0ILZ7	Q9ZQI2	TN	TN	all_matched_unflagged	all_matched_unflagged
CASP	Q0ILZ7	Q9ZT81	FP	FP	all_matched_unflagged	all_matched_unflagged
CASP	Q0IN16	Q10EJ2	TN	TN	all_matched_unflagged	all_matched_unflagged
CASP	Q0IN16	Q10QH3	TN	TN	all_matched_unflagged	all_matched_unflagged
CASP	Q0IN16	Q1PFB8	TN	TN	all_matched_unflagged	all_matched_unflagged
CASP	Q0IN16	Q2QNE3	TN	TN	all_matched_unflagged	all_matched_unflagged
CASP	Q0IN16	Q2R2T4	TN	TN	all_matched_unflagged	all_matched_unflagged
CASP	Q0IN16	Q3EA54	TN	TN	all_matched_unflagged	all_matched_unflagged
CASP	Q0IN16	Q3EB59	TN	TN	all_matched_unflagged	all_matched_unflagged
CASP	Q0IN16	Q3ECT8	TN	TN	all_matched_unflagged	all_matched_unflagged
CASP	Q0IN16	Q501G6	TN	TN	all_matched_unflagged	all_matched_unflagged
CASP	Q0IN16	Q56X75	TN	TN	all_matched_unflagged	all_matched_unflagged
CASP	Q0IN16	Q5JM57	TN	TN	all_matched_unflagged	all_matched_unflagged
CASP	Q0IN16	Q5N794	TN	TN	all_matched_unflagged	all_matched_unflagged
CASP	Q0IN16	Q66GI1	TN	TN	all_matched_unflagged	all_matched_unflagged
CASP	Q0IN16	Q67W83	TN	TN	all_matched_unflagged	all_matched_unflagged
CASP	Q0IN16	Q67X40	TN	TN	all_matched_unflagged	all_matched_unflagged
CASP	Q0IN16	Q6EP58	TN	TN	all_matched_unflagged	all_matched_unflagged
CASP	Q0IN16	Q6ETN2	TN	TN	all_matched_unflagged	all_matched_unflagged
CASP	Q0IN16	Q6K478	TN	TN	all_matched_unflagged	all_matched_unflagged
CASP	Q0IN16	Q6NPF8	TN	TN	all_matched_unflagged	all_matched_unflagged
CASP	Q0IN16	Q6YT98	TN	TN	all_matched_unflagged	all_matched_unflagged
CASP	Q0IN16	Q6YW53	TN	TN	all_matched_unflagged	all_matched_unflagged
CASP	Q0IN16	Q6Z1Y7	TN	TN	all_matched_unflagged	all_matched_unflagged
CASP	Q0IN16	Q6Z2U5	TN	TN	all_matched_unflagged	all_matched_unflagged
CASP	Q0IN16	Q7XPU9	TN	TN	all_matched_unflagged	all_matched_unflagged
CASP	Q0IN16	Q7XUV7	TN	TN	all_matched_unflagged	all_matched_unflagged
CASP	Q0IN16	Q84UT5	TN	TN	all_matched_unflagged	all_matched_unflagged
CASP	Q0IN16	Q84WP5	TN	TN	all_matched_unflagged	all_matched_unflagged
CASP	Q0IN16	Q8GWD5	TN	TN	all_matched_unflagged	all_matched_unflagged
CASP	Q0IN16	Q8L7R5	TN	TN	all_matched_unflagged	all_matched_unflagged
CASP	Q0IN16	Q8L8U9	TN	TN	all_matched_unflagged	all_matched_unflagged
CASP	Q0IN16	Q8L8Z1	TN	TN	all_matched_unflagged	all_matched_unflagged
CASP	Q0IN16	Q8L924	TP	TP	all_matched_unflagged	all_matched_unflagged
CASP	Q0IN16	Q8L9B5	TP	TP	all_matched_unflagged	all_matched_unflagged
CASP	Q0IN16	Q8LE26	TN	TN	all_matched_unflagged	all_matched_unflagged
CASP	Q0IN16	Q8VZQ3	TN	TN	all_matched_unflagged	all_matched_unflagged
CASP	Q0IN16	Q945M8	TN	TN	all_matched_unflagged	all_matched_unflagged
CASP	Q0IN16	Q9ARX2	TN	TN	all_matched_unflagged	all_matched_unflagged
CASP	Q0IN16	Q9CAX3	TN	TN	all_matched_unflagged	all_matched_unflagged
CASP	Q0IN16	Q9FE29	TN	TN	all_matched_unflagged	all_matched_unflagged
CASP	Q0IN16	Q9FFT2	TN	TN	all_matched_unflagged	all_matched_unflagged
CASP	Q0IN16	Q9FFZ7	TN	TN	all_matched_unflagged	all_matched_unflagged
CASP	Q0IN16	Q9FI10	TN	TN	all_matched_unflagged	all_matched_unflagged
CASP	Q0IN16	Q9FNE8	TN	TN	all_matched_unflagged	all_matched_unflagged
CASP	Q0IN16	Q9LI17	TN	TN	all_matched_unflagged	all_matched_unflagged
CASP	Q0IN16	Q9LR57	TN	TN	all_matched_unflagged	all_matched_unflagged
CASP	Q0IN16	Q9LUL1	TN	TN	all_matched_unflagged	all_matched_unflagged
CASP	Q0IN16	Q9LXF3	TN	TN	all_matched_unflagged	all_matched_unflagged
CASP	Q0IN16	Q9LZM5	TN	TN	all_matched_unflagged	all_matched_unflagged
CASP	Q0IN16	Q9M0L3	TN	TN	all_matched_unflagged	all_matched_unflagged
CASP	Q0IN16	Q9M2U0	TN	TN	all_matched_unflagged	all_matched_unflagged
CASP	Q0IN16	Q9SIH4	TN	TN	all_matched_unflagged	all_matched_unflagged
CASP	Q0IN16	Q9SKN3	TN	TN	all_matched_unflagged	all_matched_unflagged
CASP	Q0IN16	Q9SQU2	TN	TN	all_matched_unflagged	all_matched_unflagged
CASP	Q0IN16	Q9SUP0	TN	TN	all_matched_unflagged	all_matched_unflagged
CASP	Q0IN16	Q9XI72	TN	TN	all_matched_unflagged	all_matched_unflagged
CASP	Q0IN16	Q9ZQI2	TN	TN	all_matched_unflagged	all_matched_unflagged
CASP	Q0IN16	Q9ZT81	TN	TN	all_matched_unflagged	all_matched_unflagged
CASP	Q10EJ2	Q10QH3	TN	TN	all_matched_unflagged	all_matched_unflagged
CASP	Q10EJ2	Q1PFB8	TN	TN	all_matched_unflagged	all_matched_unflagged
CASP	Q10EJ2	Q2QNE3	TN	TN	all_matched_unflagged	all_matched_unflagged
CASP	Q10EJ2	Q2R2T4	TN	TN	all_matched_unflagged	all_matched_unflagged
CASP	Q10EJ2	Q3EA54	TN	TN	all_matched_unflagged	all_matched_unflagged
CASP	Q10EJ2	Q3EB59	TN	TN	all_matched_unflagged	all_matched_unflagged
CASP	Q10EJ2	Q3ECT8	TP	TP	all_matched_unflagged	all_matched_unflagged
CASP	Q10EJ2	Q501G6	TN	TN	all_matched_unflagged	all_matched_unflagged
CASP	Q10EJ2	Q56X75	TN	TN	all_matched_unflagged	all_matched_unflagged
CASP	Q10EJ2	Q5JM57	TN	TN	all_matched_unflagged	all_matched_unflagged
CASP	Q10EJ2	Q5N794	TN	TN	all_matched_unflagged	all_matched_unflagged
CASP	Q10EJ2	Q66GI1	FN	FN	all_matched_unflagged	all_matched_unflagged
CASP	Q10EJ2	Q67W83	TN	TN	all_matched_unflagged	all_matched_unflagged
CASP	Q10EJ2	Q67X40	TN	TN	all_matched_unflagged	all_matched_unflagged
CASP	Q10EJ2	Q6EP58	TN	TN	all_matched_unflagged	all_matched_unflagged
CASP	Q10EJ2	Q6ETN2	TN	TN	all_matched_unflagged	all_matched_unflagged
CASP	Q10EJ2	Q6K478	TN	TN	all_matched_unflagged	all_matched_unflagged
CASP	Q10EJ2	Q6NPF8	TN	TN	all_matched_unflagged	all_matched_unflagged
CASP	Q10EJ2	Q6YT98	TN	TN	all_matched_unflagged	all_matched_unflagged
CASP	Q10EJ2	Q6YW53	TN	TN	all_matched_unflagged	all_matched_unflagged
CASP	Q10EJ2	Q6Z1Y7	TN	TN	all_matched_unflagged	all_matched_unflagged
CASP	Q10EJ2	Q6Z2U5	TN	TN	all_matched_unflagged	all_matched_unflagged
CASP	Q10EJ2	Q7XPU9	TN	TN	all_matched_unflagged	all_matched_unflagged
CASP	Q10EJ2	Q7XUV7	TN	TN	all_matched_unflagged	all_matched_unflagged
CASP	Q10EJ2	Q84UT5	TN	TN	all_matched_unflagged	all_matched_unflagged
CASP	Q10EJ2	Q84WP5	TN	TN	all_matched_unflagged	all_matched_unflagged
CASP	Q10EJ2	Q8GWD5	TN	TN	all_matched_unflagged	all_matched_unflagged
CASP	Q10EJ2	Q8L7R5	TN	TN	all_matched_unflagged	all_matched_unflagged
CASP	Q10EJ2	Q8L8U9	TN	TN	all_matched_unflagged	all_matched_unflagged
CASP	Q10EJ2	Q8L8Z1	TN	TN	all_matched_unflagged	all_matched_unflagged
CASP	Q10EJ2	Q8L924	TN	TN	all_matched_unflagged	all_matched_unflagged
CASP	Q10EJ2	Q8L9B5	TN	TN	all_matched_unflagged	all_matched_unflagged
CASP	Q10EJ2	Q8LE26	TN	TN	all_matched_unflagged	all_matched_unflagged
CASP	Q10EJ2	Q8VZQ3	TN	TN	all_matched_unflagged	all_matched_unflagged
CASP	Q10EJ2	Q945M8	TN	TN	all_matched_unflagged	all_matched_unflagged
CASP	Q10EJ2	Q9ARX2	TN	TN	all_matched_unflagged	all_matched_unflagged
CASP	Q10EJ2	Q9CAX3	TN	TN	all_matched_unflagged	all_matched_unflagged
CASP	Q10EJ2	Q9FE29	TN	TN	all_matched_unflagged	all_matched_unflagged
CASP	Q10EJ2	Q9FFT2	TN	TN	all_matched_unflagged	all_matched_unflagged
CASP	Q10EJ2	Q9FFZ7	TN	TN	all_matched_unflagged	all_matched_unflagged
CASP	Q10EJ2	Q9FI10	TN	TN	all_matched_unflagged	all_matched_unflagged
CASP	Q10EJ2	Q9FNE8	TN	TN	all_matched_unflagged	all_matched_unflagged
CASP	Q10EJ2	Q9LI17	TN	TN	all_matched_unflagged	all_matched_unflagged
CASP	Q10EJ2	Q9LR57	TN	TN	all_matched_unflagged	all_matched_unflagged
CASP	Q10EJ2	Q9LUL1	TN	TN	all_matched_unflagged	all_matched_unflagged
CASP	Q10EJ2	Q9LXF3	TN	TN	all_matched_unflagged	all_matched_unflagged
CASP	Q10EJ2	Q9LZM5	TN	TN	all_matched_unflagged	all_matched_unflagged
CASP	Q10EJ2	Q9M0L3	TN	TN	all_matched_unflagged	all_matched_unflagged
CASP	Q10EJ2	Q9M2U0	TN	TN	all_matched_unflagged	all_matched_unflagged
CASP	Q10EJ2	Q9SIH4	TN	TN	all_matched_unflagged	all_matched_unflagged
CASP	Q10EJ2	Q9SKN3	TN	TN	all_matched_unflagged	all_matched_unflagged
CASP	Q10EJ2	Q9SQU2	TN	TN	all_matched_unflagged	all_matched_unflagged
CASP	Q10EJ2	Q9SUP0	TN	TN	all_matched_unflagged	all_matched_unflagged
CASP	Q10EJ2	Q9XI72	TN	TN	all_matched_unflagged	all_matched_unflagged
CASP	Q10EJ2	Q9ZQI2	TN	TN	all_matched_unflagged	all_matched_unflagged
CASP	Q10EJ2	Q9ZT81	TN	TN	all_matched_unflagged	all_matched_unflagged
CASP	Q10QH3	Q1PFB8	TN	TN	all_matched_unflagged	all_matched_unflagged
CASP	Q10QH3	Q2QNE3	TN	TN	all_matched_unflagged	all_matched_unflagged
CASP	Q10QH3	Q2R2T4	TN	TN	all_matched_unflagged	all_matched_unflagged
CASP	Q10QH3	Q3EA54	TN	TN	all_matched_unflagged	all_matched_unflagged
CASP	Q10QH3	Q3EB59	TN	TN	all_matched_unflagged	all_matched_unflagged
CASP	Q10QH3	Q3ECT8	TN	TN	all_matched_unflagged	all_matched_unflagged
CASP	Q10QH3	Q501G6	TN	TN	all_matched_unflagged	all_matched_unflagged
CASP	Q10QH3	Q56X75	TN	TN	all_matched_unflagged	all_matched_unflagged
CASP	Q10QH3	Q5JM57	TN	TN	all_matched_unflagged	all_matched_unflagged
CASP	Q10QH3	Q5N794	TN	TN	all_matched_unflagged	all_matched_unflagged
CASP	Q10QH3	Q66GI1	TN	TN	all_matched_unflagged	all_matched_unflagged
CASP	Q10QH3	Q67W83	TN	TN	all_matched_unflagged	all_matched_unflagged
CASP	Q10QH3	Q67X40	TN	TN	all_matched_unflagged	all_matched_unflagged
CASP	Q10QH3	Q6EP58	TN	TN	all_matched_unflagged	all_matched_unflagged
CASP	Q10QH3	Q6ETN2	TN	TN	all_matched_unflagged	all_matched_unflagged
CASP	Q10QH3	Q6K478	TN	TN	all_matched_unflagged	all_matched_unflagged
CASP	Q10QH3	Q6NPF8	TN	TN	all_matched_unflagged	all_matched_unflagged
CASP	Q10QH3	Q6YT98	TN	TN	all_matched_unflagged	all_matched_unflagged
CASP	Q10QH3	Q6YW53	TN	TN	all_matched_unflagged	all_matched_unflagged
CASP	Q10QH3	Q6Z1Y7	TN	TN	all_matched_unflagged	all_matched_unflagged
CASP	Q10QH3	Q6Z2U5	TN	TN	all_matched_unflagged	all_matched_unflagged
CASP	Q10QH3	Q7XPU9	TN	TN	all_matched_unflagged	all_matched_unflagged
CASP	Q10QH3	Q7XUV7	TN	TN	all_matched_unflagged	all_matched_unflagged
CASP	Q10QH3	Q84UT5	TN	TN	all_matched_unflagged	all_matched_unflagged
CASP	Q10QH3	Q84WP5	TN	TN	all_matched_unflagged	all_matched_unflagged
CASP	Q10QH3	Q8GWD5	TN	TN	all_matched_unflagged	all_matched_unflagged
CASP	Q10QH3	Q8L7R5	TN	TN	all_matched_unflagged	all_matched_unflagged
CASP	Q10QH3	Q8L8U9	TN	TN	all_matched_unflagged	all_matched_unflagged
CASP	Q10QH3	Q8L8Z1	TN	TN	all_matched_unflagged	all_matched_unflagged
CASP	Q10QH3	Q8L924	TP	TP	all_matched_unflagged	all_matched_unflagged
CASP	Q10QH3	Q8L9B5	TP	TP	all_matched_unflagged	all_matched_unflagged
CASP	Q10QH3	Q8LE26	TN	TN	all_matched_unflagged	all_matched_unflagged
CASP	Q10QH3	Q8VZQ3	TN	TN	all_matched_unflagged	all_matched_unflagged
CASP	Q10QH3	Q945M8	TN	TN	all_matched_unflagged	all_matched_unflagged
CASP	Q10QH3	Q9ARX2	TN	TN	all_matched_unflagged	all_matched_unflagged
CASP	Q10QH3	Q9CAX3	TN	TN	all_matched_unflagged	all_matched_unflagged
CASP	Q10QH3	Q9FE29	TN	TN	all_matched_unflagged	all_matched_unflagged
CASP	Q10QH3	Q9FFT2	TN	TN	all_matched_unflagged	all_matched_unflagged
CASP	Q10QH3	Q9FFZ7	TN	TN	all_matched_unflagged	all_matched_unflagged
CASP	Q10QH3	Q9FI10	TN	TN	all_matched_unflagged	all_matched_unflagged
CASP	Q10QH3	Q9FNE8	TN	TN	all_matched_unflagged	all_matched_unflagged
CASP	Q10QH3	Q9LI17	TN	TN	all_matched_unflagged	all_matched_unflagged
CASP	Q10QH3	Q9LR57	TN	TN	all_matched_unflagged	all_matched_unflagged
CASP	Q10QH3	Q9LUL1	TN	TN	all_matched_unflagged	all_matched_unflagged
CASP	Q10QH3	Q9LXF3	TN	TN	all_matched_unflagged	all_matched_unflagged
CASP	Q10QH3	Q9LZM5	TN	TN	all_matched_unflagged	all_matched_unflagged
CASP	Q10QH3	Q9M0L3	TN	TN	all_matched_unflagged	all_matched_unflagged
CASP	Q10QH3	Q9M2U0	TN	TN	all_matched_unflagged	all_matched_unflagged
CASP	Q10QH3	Q9SIH4	TN	TN	all_matched_unflagged	all_matched_unflagged
CASP	Q10QH3	Q9SKN3	TN	TN	all_matched_unflagged	all_matched_unflagged
CASP	Q10QH3	Q9SQU2	TN	TN	all_matched_unflagged	all_matched_unflagged
CASP	Q10QH3	Q9SUP0	TN	TN	all_matched_unflagged	all_matched_unflagged
CASP	Q10QH3	Q9XI72	TN	TN	all_matched_unflagged	all_matched_unflagged
CASP	Q10QH3	Q9ZQI2	TN	TN	all_matched_unflagged	all_matched_unflagged
CASP	Q10QH3	Q9ZT81	TN	TN	all_matched_unflagged	all_matched_unflagged
CASP	Q1PFB8	Q2QNE3	TN	TN	all_matched_unflagged	all_matched_unflagged
CASP	Q1PFB8	Q2R2T4	TN	TN	all_matched_unflagged	all_matched_unflagged
CASP	Q1PFB8	Q3EA54	TN	TN	all_matched_unflagged	all_matched_unflagged
CASP	Q1PFB8	Q3EB59	TN	TN	all_matched_unflagged	all_matched_unflagged
CASP	Q1PFB8	Q3ECT8	TN	TN	all_matched_unflagged	all_matched_unflagged
CASP	Q1PFB8	Q501G6	TN	TN	all_matched_unflagged	all_matched_unflagged
CASP	Q1PFB8	Q56X75	TN	TN	all_matched_unflagged	all_matched_unflagged
CASP	Q1PFB8	Q5JM57	TP	TP	all_matched_unflagged	all_matched_unflagged
CASP	Q1PFB8	Q5N794	TN	TN	all_matched_unflagged	all_matched_unflagged
CASP	Q1PFB8	Q66GI1	TN	TN	all_matched_unflagged	all_matched_unflagged
CASP	Q1PFB8	Q67W83	TN	TN	all_matched_unflagged	all_matched_unflagged
CASP	Q1PFB8	Q67X40	TN	TN	all_matched_unflagged	all_matched_unflagged
CASP	Q1PFB8	Q6EP58	TN	TN	all_matched_unflagged	all_matched_unflagged
CASP	Q1PFB8	Q6ETN2	TN	TN	all_matched_unflagged	all_matched_unflagged
CASP	Q1PFB8	Q6K478	TN	TN	all_matched_unflagged	all_matched_unflagged
CASP	Q1PFB8	Q6NPF8	TN	TN	all_matched_unflagged	all_matched_unflagged
CASP	Q1PFB8	Q6YT98	TN	TN	all_matched_unflagged	all_matched_unflagged
CASP	Q1PFB8	Q6YW53	TN	TN	all_matched_unflagged	all_matched_unflagged
CASP	Q1PFB8	Q6Z1Y7	TN	TN	all_matched_unflagged	all_matched_unflagged
CASP	Q1PFB8	Q6Z2U5	TN	TN	all_matched_unflagged	all_matched_unflagged
CASP	Q1PFB8	Q7XPU9	TN	TN	all_matched_unflagged	all_matched_unflagged
CASP	Q1PFB8	Q7XUV7	TN	TN	all_matched_unflagged	all_matched_unflagged
CASP	Q1PFB8	Q84UT5	TN	TN	all_matched_unflagged	all_matched_unflagged
CASP	Q1PFB8	Q84WP5	TN	TN	all_matched_unflagged	all_matched_unflagged
CASP	Q1PFB8	Q8GWD5	TN	TN	all_matched_unflagged	all_matched_unflagged
CASP	Q1PFB8	Q8L7R5	TN	TN	all_matched_unflagged	all_matched_unflagged
CASP	Q1PFB8	Q8L8U9	TN	TN	all_matched_unflagged	all_matched_unflagged
CASP	Q1PFB8	Q8L8Z1	TN	TN	all_matched_unflagged	all_matched_unflagged
CASP	Q1PFB8	Q8L924	TN	TN	all_matched_unflagged	all_matched_unflagged
CASP	Q1PFB8	Q8L9B5	TN	TN	all_matched_unflagged	all_matched_unflagged
CASP	Q1PFB8	Q8LE26	TN	TN	all_matched_unflagged	all_matched_unflagged
CASP	Q1PFB8	Q8VZQ3	TN	TN	all_matched_unflagged	all_matched_unflagged
CASP	Q1PFB8	Q945M8	TN	TN	all_matched_unflagged	all_matched_unflagged
CASP	Q1PFB8	Q9ARX2	TN	TN	all_matched_unflagged	all_matched_unflagged
CASP	Q1PFB8	Q9CAX3	TN	TN	all_matched_unflagged	all_matched_unflagged
CASP	Q1PFB8	Q9FE29	TN	TN	all_matched_unflagged	all_matched_unflagged
CASP	Q1PFB8	Q9FFT2	TN	TN	all_matched_unflagged	all_matched_unflagged
CASP	Q1PFB8	Q9FFZ7	TN	TN	all_matched_unflagged	all_matched_unflagged
CASP	Q1PFB8	Q9FI10	TN	TN	all_matched_unflagged	all_matched_unflagged
CASP	Q1PFB8	Q9FNE8	TN	TN	all_matched_unflagged	all_matched_unflagged
CASP	Q1PFB8	Q9LI17	TN	TN	all_matched_unflagged	all_matched_unflagged
CASP	Q1PFB8	Q9LR57	TN	TN	all_matched_unflagged	all_matched_unflagged
CASP	Q1PFB8	Q9LUL1	TN	TN	all_matched_unflagged	all_matched_unflagged
CASP	Q1PFB8	Q9LXF3	TN	TN	all_matched_unflagged	all_matched_unflagged
CASP	Q1PFB8	Q9LZM5	TN	TN	all_matched_unflagged	all_matched_unflagged
CASP	Q1PFB8	Q9M0L3	TN	TN	all_matched_unflagged	all_matched_unflagged
CASP	Q1PFB8	Q9M2U0	TN	TN	all_matched_unflagged	all_matched_unflagged
CASP	Q1PFB8	Q9SIH4	TN	TN	all_matched_unflagged	all_matched_unflagged
CASP	Q1PFB8	Q9SKN3	TN	TN	all_matched_unflagged	all_matched_unflagged
CASP	Q1PFB8	Q9SQU2	TN	TN	all_matched_unflagged	all_matched_unflagged
CASP	Q1PFB8	Q9SUP0	TN	TN	all_matched_unflagged	all_matched_unflagged
CASP	Q1PFB8	Q9XI72	TN	TN	all_matched_unflagged	all_matched_unflagged
CASP	Q1PFB8	Q9ZQI2	TN	TN	all_matched_unflagged	all_matched_unflagged
CASP	Q1PFB8	Q9ZT81	TN	TN	all_matched_unflagged	all_matched_unflagged
CASP	Q2QNE3	Q2R2T4	TN	TN	all_matched_unflagged	all_matched_unflagged
CASP	Q2QNE3	Q3EA54	TN	TN	all_matched_unflagged	all_matched_unflagged
CASP	Q2QNE3	Q3EB59	TN	TN	all_matched_unflagged	all_matched_unflagged
CASP	Q2QNE3	Q3ECT8	TN	TN	all_matched_unflagged	all_matched_unflagged
CASP	Q2QNE3	Q501G6	TN	TN	all_matched_unflagged	all_matched_unflagged
CASP	Q2QNE3	Q56X75	TN	TN	all_matched_unflagged	all_matched_unflagged
CASP	Q2QNE3	Q5JM57	TN	TN	all_matched_unflagged	all_matched_unflagged
CASP	Q2QNE3	Q5N794	TN	TN	all_matched_unflagged	all_matched_unflagged
CASP	Q2QNE3	Q66GI1	TN	TN	all_matched_unflagged	all_matched_unflagged
CASP	Q2QNE3	Q67W83	TN	TN	all_matched_unflagged	all_matched_unflagged
CASP	Q2QNE3	Q67X40	TN	TN	all_matched_unflagged	all_matched_unflagged
CASP	Q2QNE3	Q6EP58	TN	TN	all_matched_unflagged	all_matched_unflagged
CASP	Q2QNE3	Q6ETN2	TN	TN	all_matched_unflagged	all_matched_unflagged
CASP	Q2QNE3	Q6K478	TN	TN	all_matched_unflagged	all_matched_unflagged
CASP	Q2QNE3	Q6NPF8	TN	TN	all_matched_unflagged	all_matched_unflagged
CASP	Q2QNE3	Q6YT98	TN	TN	all_matched_unflagged	all_matched_unflagged
CASP	Q2QNE3	Q6YW53	TN	TN	all_matched_unflagged	all_matched_unflagged
CASP	Q2QNE3	Q6Z1Y7	TN	TN	all_matched_unflagged	all_matched_unflagged
CASP	Q2QNE3	Q6Z2U5	TN	TN	all_matched_unflagged	all_matched_unflagged
CASP	Q2QNE3	Q7XPU9	TN	TN	all_matched_unflagged	all_matched_unflagged
CASP	Q2QNE3	Q7XUV7	TN	TN	all_matched_unflagged	all_matched_unflagged
CASP	Q2QNE3	Q84UT5	TN	TN	all_matched_unflagged	all_matched_unflagged
CASP	Q2QNE3	Q84WP5	TN	TN	all_matched_unflagged	all_matched_unflagged
CASP	Q2QNE3	Q8GWD5	TN	TN	all_matched_unflagged	all_matched_unflagged
CASP	Q2QNE3	Q8L7R5	TN	TN	all_matched_unflagged	all_matched_unflagged
CASP	Q2QNE3	Q8L8U9	TN	TN	all_matched_unflagged	all_matched_unflagged
CASP	Q2QNE3	Q8L8Z1	TN	TN	all_matched_unflagged	all_matched_unflagged
CASP	Q2QNE3	Q8L924	TN	TN	all_matched_unflagged	all_matched_unflagged
CASP	Q2QNE3	Q8L9B5	TN	TN	all_matched_unflagged	all_matched_unflagged
CASP	Q2QNE3	Q8LE26	TN	TN	all_matched_unflagged	all_matched_unflagged
CASP	Q2QNE3	Q8VZQ3	TN	TN	all_matched_unflagged	all_matched_unflagged
CASP	Q2QNE3	Q945M8	TN	TN	all_matched_unflagged	all_matched_unflagged
CASP	Q2QNE3	Q9ARX2	TN	TN	all_matched_unflagged	all_matched_unflagged
CASP	Q2QNE3	Q9CAX3	TN	TN	all_matched_unflagged	all_matched_unflagged
CASP	Q2QNE3	Q9FE29	TN	TN	all_matched_unflagged	all_matched_unflagged
CASP	Q2QNE3	Q9FFT2	TN	TN	all_matched_unflagged	all_matched_unflagged
CASP	Q2QNE3	Q9FFZ7	TN	TN	all_matched_unflagged	all_matched_unflagged
CASP	Q2QNE3	Q9FI10	TN	TN	all_matched_unflagged	all_matched_unflagged
CASP	Q2QNE3	Q9FNE8	TN	TN	all_matched_unflagged	all_matched_unflagged
CASP	Q2QNE3	Q9LI17	TN	TN	all_matched_unflagged	all_matched_unflagged
CASP	Q2QNE3	Q9LR57	TN	TN	all_matched_unflagged	all_matched_unflagged
CASP	Q2QNE3	Q9LUL1	TN	TN	all_matched_unflagged	all_matched_unflagged
CASP	Q2QNE3	Q9LXF3	TN	TN	all_matched_unflagged	all_matched_unflagged
CASP	Q2QNE3	Q9LZM5	TN	TN	all_matched_unflagged	all_matched_unflagged
CASP	Q2QNE3	Q9M0L3	TN	TN	all_matched_unflagged	all_matched_unflagged
CASP	Q2QNE3	Q9M2U0	TP	TP	all_matched_unflagged	all_matched_unflagged
CASP	Q2QNE3	Q9SIH4	TN	TN	all_matched_unflagged	all_matched_unflagged
CASP	Q2QNE3	Q9SKN3	TN	TN	all_matched_unflagged	all_matched_unflagged
CASP	Q2QNE3	Q9SQU2	TN	TN	all_matched_unflagged	all_matched_unflagged
CASP	Q2QNE3	Q9SUP0	TN	TN	all_matched_unflagged	all_matched_unflagged
CASP	Q2QNE3	Q9XI72	TN	TN	all_matched_unflagged	all_matched_unflagged
CASP	Q2QNE3	Q9ZQI2	TN	TN	all_matched_unflagged	all_matched_unflagged
CASP	Q2QNE3	Q9ZT81	TN	TN	all_matched_unflagged	all_matched_unflagged
CASP	Q2R2T4	Q3EA54	TN	TN	all_matched_unflagged	all_matched_unflagged
CASP	Q2R2T4	Q3EB59	TN	TN	all_matched_unflagged	all_matched_unflagged
CASP	Q2R2T4	Q3ECT8	TN	TN	all_matched_unflagged	all_matched_unflagged
CASP	Q2R2T4	Q501G6	TN	TN	all_matched_unflagged	all_matched_unflagged
CASP	Q2R2T4	Q56X75	TP	TP	all_matched_unflagged	all_matched_unflagged
CASP	Q2R2T4	Q5JM57	TN	TN	all_matched_unflagged	all_matched_unflagged
CASP	Q2R2T4	Q5N794	TN	TN	all_matched_unflagged	all_matched_unflagged
CASP	Q2R2T4	Q66GI1	TN	TN	all_matched_unflagged	all_matched_unflagged
CASP	Q2R2T4	Q67W83	TN	TN	all_matched_unflagged	all_matched_unflagged
CASP	Q2R2T4	Q67X40	TN	TN	all_matched_unflagged	all_matched_unflagged
CASP	Q2R2T4	Q6EP58	TN	TN	all_matched_unflagged	all_matched_unflagged
CASP	Q2R2T4	Q6ETN2	TN	TN	all_matched_unflagged	all_matched_unflagged
CASP	Q2R2T4	Q6K478	TN	TN	all_matched_unflagged	all_matched_unflagged
CASP	Q2R2T4	Q6NPF8	TN	TN	all_matched_unflagged	all_matched_unflagged
CASP	Q2R2T4	Q6YT98	TN	TN	all_matched_unflagged	all_matched_unflagged
CASP	Q2R2T4	Q6YW53	TN	TN	all_matched_unflagged	all_matched_unflagged
CASP	Q2R2T4	Q6Z1Y7	TN	TN	all_matched_unflagged	all_matched_unflagged
CASP	Q2R2T4	Q6Z2U5	TN	TN	all_matched_unflagged	all_matched_unflagged
CASP	Q2R2T4	Q7XPU9	TN	TN	all_matched_unflagged	all_matched_unflagged
CASP	Q2R2T4	Q7XUV7	TN	TN	all_matched_unflagged	all_matched_unflagged
CASP	Q2R2T4	Q84UT5	TN	TN	all_matched_unflagged	all_matched_unflagged
CASP	Q2R2T4	Q84WP5	TN	TN	all_matched_unflagged	all_matched_unflagged
CASP	Q2R2T4	Q8GWD5	TP	TP	all_matched_unflagged	all_matched_unflagged
CASP	Q2R2T4	Q8L7R5	TN	TN	all_matched_unflagged	all_matched_unflagged
CASP	Q2R2T4	Q8L8U9	TN	TN	all_matched_unflagged	all_matched_unflagged
CASP	Q2R2T4	Q8L8Z1	TN	TN	all_matched_unflagged	all_matched_unflagged
CASP	Q2R2T4	Q8L924	TN	TN	all_matched_unflagged	all_matched_unflagged
CASP	Q2R2T4	Q8L9B5	TN	TN	all_matched_unflagged	all_matched_unflagged
CASP	Q2R2T4	Q8LE26	TN	TN	all_matched_unflagged	all_matched_unflagged
CASP	Q2R2T4	Q8VZQ3	TN	TN	all_matched_unflagged	all_matched_unflagged
CASP	Q2R2T4	Q945M8	TN	TN	all_matched_unflagged	all_matched_unflagged
CASP	Q2R2T4	Q9ARX2	TN	TN	all_matched_unflagged	all_matched_unflagged
CASP	Q2R2T4	Q9CAX3	TN	TN	all_matched_unflagged	all_matched_unflagged
CASP	Q2R2T4	Q9FE29	TN	TN	all_matched_unflagged	all_matched_unflagged
CASP	Q2R2T4	Q9FFT2	TN	TN	all_matched_unflagged	all_matched_unflagged
CASP	Q2R2T4	Q9FFZ7	TN	TN	all_matched_unflagged	all_matched_unflagged
CASP	Q2R2T4	Q9FI10	TN	TN	all_matched_unflagged	all_matched_unflagged
CASP	Q2R2T4	Q9FNE8	TN	TN	all_matched_unflagged	all_matched_unflagged
CASP	Q2R2T4	Q9LI17	TN	TN	all_matched_unflagged	all_matched_unflagged
CASP	Q2R2T4	Q9LR57	TN	TN	all_matched_unflagged	all_matched_unflagged
CASP	Q2R2T4	Q9LUL1	TN	TN	all_matched_unflagged	all_matched_unflagged
CASP	Q2R2T4	Q9LXF3	TN	TN	all_matched_unflagged	all_matched_unflagged
CASP	Q2R2T4	Q9LZM5	TN	TN	all_matched_unflagged	all_matched_unflagged
CASP	Q2R2T4	Q9M0L3	TN	TN	all_matched_unflagged	all_matched_unflagged
CASP	Q2R2T4	Q9M2U0	TN	TN	all_matched_unflagged	all_matched_unflagged
CASP	Q2R2T4	Q9SIH4	TN	TN	all_matched_unflagged	all_matched_unflagged
CASP	Q2R2T4	Q9SKN3	TN	TN	all_matched_unflagged	all_matched_unflagged
CASP	Q2R2T4	Q9SQU2	TN	TN	all_matched_unflagged	all_matched_unflagged
CASP	Q2R2T4	Q9SUP0	TN	TN	all_matched_unflagged	all_matched_unflagged
CASP	Q2R2T4	Q9XI72	TN	TN	all_matched_unflagged	all_matched_unflagged
CASP	Q2R2T4	Q9ZQI2	TN	TN	all_matched_unflagged	all_matched_unflagged
CASP	Q2R2T4	Q9ZT81	TN	TN	all_matched_unflagged	all_matched_unflagged
CASP	Q3EA54	Q3EB59	TN	TN	all_matched_unflagged	all_matched_unflagged
CASP	Q3EA54	Q3ECT8	TN	TN	all_matched_unflagged	all_matched_unflagged
CASP	Q3EA54	Q501G6	TN	TN	all_matched_unflagged	all_matched_unflagged
CASP	Q3EA54	Q56X75	TN	TN	all_matched_unflagged	all_matched_unflagged
CASP	Q3EA54	Q5JM57	TN	TN	all_matched_unflagged	all_matched_unflagged
CASP	Q3EA54	Q5N794	TN	TN	all_matched_unflagged	all_matched_unflagged
CASP	Q3EA54	Q66GI1	TN	TN	all_matched_unflagged	all_matched_unflagged
CASP	Q3EA54	Q67W83	TN	TN	all_matched_unflagged	all_matched_unflagged
CASP	Q3EA54	Q67X40	TN	TN	all_matched_unflagged	all_matched_unflagged
CASP	Q3EA54	Q6EP58	TN	TN	all_matched_unflagged	all_matched_unflagged
CASP	Q3EA54	Q6ETN2	TN	TN	all_matched_unflagged	all_matched_unflagged
CASP	Q3EA54	Q6K478	TN	TN	all_matched_unflagged	all_matched_unflagged
CASP	Q3EA54	Q6NPF8	TN	TN	all_matched_unflagged	all_matched_unflagged
CASP	Q3EA54	Q6YT98	TN	TN	all_matched_unflagged	all_matched_unflagged
CASP	Q3EA54	Q6YW53	TN	TN	all_matched_unflagged	all_matched_unflagged
CASP	Q3EA54	Q6Z1Y7	TN	TN	all_matched_unflagged	all_matched_unflagged
CASP	Q3EA54	Q6Z2U5	TN	TN	all_matched_unflagged	all_matched_unflagged
CASP	Q3EA54	Q7XPU9	TN	TN	all_matched_unflagged	all_matched_unflagged
CASP	Q3EA54	Q7XUV7	TN	TN	all_matched_unflagged	all_matched_unflagged
CASP	Q3EA54	Q84UT5	TN	TN	all_matched_unflagged	all_matched_unflagged
CASP	Q3EA54	Q84WP5	TN	TN	all_matched_unflagged	all_matched_unflagged
CASP	Q3EA54	Q8GWD5	TN	TN	all_matched_unflagged	all_matched_unflagged
CASP	Q3EA54	Q8L7R5	TN	TN	all_matched_unflagged	all_matched_unflagged
CASP	Q3EA54	Q8L8U9	TN	TN	all_matched_unflagged	all_matched_unflagged
CASP	Q3EA54	Q8L8Z1	TN	TN	all_matched_unflagged	all_matched_unflagged
CASP	Q3EA54	Q8L924	TN	TN	all_matched_unflagged	all_matched_unflagged
CASP	Q3EA54	Q8L9B5	TN	TN	all_matched_unflagged	all_matched_unflagged
CASP	Q3EA54	Q8LE26	TN	TN	all_matched_unflagged	all_matched_unflagged
CASP	Q3EA54	Q8VZQ3	TN	TN	all_matched_unflagged	all_matched_unflagged
CASP	Q3EA54	Q945M8	TN	TN	all_matched_unflagged	all_matched_unflagged
CASP	Q3EA54	Q9ARX2	TN	TN	all_matched_unflagged	all_matched_unflagged
CASP	Q3EA54	Q9CAX3	TN	TN	all_matched_unflagged	all_matched_unflagged
CASP	Q3EA54	Q9FE29	TN	TN	all_matched_unflagged	all_matched_unflagged
CASP	Q3EA54	Q9FFT2	TN	TN	all_matched_unflagged	all_matched_unflagged
CASP	Q3EA54	Q9FFZ7	TN	TN	all_matched_unflagged	all_matched_unflagged
CASP	Q3EA54	Q9FI10	TN	TN	all_matched_unflagged	all_matched_unflagged
CASP	Q3EA54	Q9FNE8	TN	TN	all_matched_unflagged	all_matched_unflagged
CASP	Q3EA54	Q9LI17	TN	TN	all_matched_unflagged	all_matched_unflagged
CASP	Q3EA54	Q9LR57	TN	TN	all_matched_unflagged	all_matched_unflagged
CASP	Q3EA54	Q9LUL1	TN	TN	all_matched_unflagged	all_matched_unflagged
CASP	Q3EA54	Q9LXF3	TN	TN	all_matched_unflagged	all_matched_unflagged
CASP	Q3EA54	Q9LZM5	TN	TN	all_matched_unflagged	all_matched_unflagged
CASP	Q3EA54	Q9M0L3	TN	TN	all_matched_unflagged	all_matched_unflagged
CASP	Q3EA54	Q9M2U0	TN	TN	all_matched_unflagged	all_matched_unflagged
CASP	Q3EA54	Q9SIH4	TN	TN	all_matched_unflagged	all_matched_unflagged
CASP	Q3EA54	Q9SKN3	TN	TN	all_matched_unflagged	all_matched_unflagged
CASP	Q3EA54	Q9SQU2	TN	TN	all_matched_unflagged	all_matched_unflagged
CASP	Q3EA54	Q9SUP0	TN	TN	all_matched_unflagged	all_matched_unflagged
CASP	Q3EA54	Q9XI72	TN	TN	all_matched_unflagged	all_matched_unflagged
CASP	Q3EA54	Q9ZQI2	TN	TN	all_matched_unflagged	all_matched_unflagged
CASP	Q3EA54	Q9ZT81	TN	TN	all_matched_unflagged	all_matched_unflagged
CASP	Q3EB59	Q3ECT8	TN	TN	all_matched_unflagged	all_matched_unflagged
CASP	Q3EB59	Q501G6	TN	TN	all_matched_unflagged	all_matched_unflagged
CASP	Q3EB59	Q56X75	TN	TN	all_matched_unflagged	all_matched_unflagged
CASP	Q3EB59	Q5JM57	TP	TP	all_matched_unflagged	all_matched_unflagged
CASP	Q3EB59	Q5N794	TN	TN	all_matched_unflagged	all_matched_unflagged
CASP	Q3EB59	Q66GI1	TN	TN	all_matched_unflagged	all_matched_unflagged
CASP	Q3EB59	Q67W83	TN	TN	all_matched_unflagged	all_matched_unflagged
CASP	Q3EB59	Q67X40	TN	TN	all_matched_unflagged	all_matched_unflagged
CASP	Q3EB59	Q6EP58	TN	TN	all_matched_unflagged	all_matched_unflagged
CASP	Q3EB59	Q6ETN2	TN	TN	all_matched_unflagged	all_matched_unflagged
CASP	Q3EB59	Q6K478	TN	TN	all_matched_unflagged	all_matched_unflagged
CASP	Q3EB59	Q6NPF8	TN	TN	all_matched_unflagged	all_matched_unflagged
CASP	Q3EB59	Q6YT98	TN	TN	all_matched_unflagged	all_matched_unflagged
CASP	Q3EB59	Q6YW53	TN	TN	all_matched_unflagged	all_matched_unflagged
CASP	Q3EB59	Q6Z1Y7	TN	TN	all_matched_unflagged	all_matched_unflagged
CASP	Q3EB59	Q6Z2U5	TN	TN	all_matched_unflagged	all_matched_unflagged
CASP	Q3EB59	Q7XPU9	TN	TN	all_matched_unflagged	all_matched_unflagged
CASP	Q3EB59	Q7XUV7	TN	TN	all_matched_unflagged	all_matched_unflagged
CASP	Q3EB59	Q84UT5	TN	TN	all_matched_unflagged	all_matched_unflagged
CASP	Q3EB59	Q84WP5	TN	TN	all_matched_unflagged	all_matched_unflagged
CASP	Q3EB59	Q8GWD5	TN	TN	all_matched_unflagged	all_matched_unflagged
CASP	Q3EB59	Q8L7R5	TN	TN	all_matched_unflagged	all_matched_unflagged
CASP	Q3EB59	Q8L8U9	TN	TN	all_matched_unflagged	all_matched_unflagged
CASP	Q3EB59	Q8L8Z1	TN	TN	all_matched_unflagged	all_matched_unflagged
CASP	Q3EB59	Q8L924	TN	TN	all_matched_unflagged	all_matched_unflagged
CASP	Q3EB59	Q8L9B5	TN	TN	all_matched_unflagged	all_matched_unflagged
CASP	Q3EB59	Q8LE26	TN	TN	all_matched_unflagged	all_matched_unflagged
CASP	Q3EB59	Q8VZQ3	TN	TN	all_matched_unflagged	all_matched_unflagged
CASP	Q3EB59	Q945M8	TN	TN	all_matched_unflagged	all_matched_unflagged
CASP	Q3EB59	Q9ARX2	TN	TN	all_matched_unflagged	all_matched_unflagged
CASP	Q3EB59	Q9CAX3	TN	TN	all_matched_unflagged	all_matched_unflagged
CASP	Q3EB59	Q9FE29	TN	TN	all_matched_unflagged	all_matched_unflagged
CASP	Q3EB59	Q9FFT2	TN	TN	all_matched_unflagged	all_matched_unflagged
CASP	Q3EB59	Q9FFZ7	TN	TN	all_matched_unflagged	all_matched_unflagged
CASP	Q3EB59	Q9FI10	TN	TN	all_matched_unflagged	all_matched_unflagged
CASP	Q3EB59	Q9FNE8	TN	TN	all_matched_unflagged	all_matched_unflagged
CASP	Q3EB59	Q9LI17	TN	TN	all_matched_unflagged	all_matched_unflagged
CASP	Q3EB59	Q9LR57	TN	TN	all_matched_unflagged	all_matched_unflagged
CASP	Q3EB59	Q9LUL1	TN	TN	all_matched_unflagged	all_matched_unflagged
CASP	Q3EB59	Q9LXF3	TN	TN	all_matched_unflagged	all_matched_unflagged
CASP	Q3EB59	Q9LZM5	TN	TN	all_matched_unflagged	all_matched_unflagged
CASP	Q3EB59	Q9M0L3	TN	TN	all_matched_unflagged	all_matched_unflagged
CASP	Q3EB59	Q9M2U0	TN	TN	all_matched_unflagged	all_matched_unflagged
CASP	Q3EB59	Q9SIH4	TN	TN	all_matched_unflagged	all_matched_unflagged
CASP	Q3EB59	Q9SKN3	TN	TN	all_matched_unflagged	all_matched_unflagged
CASP	Q3EB59	Q9SQU2	TN	TN	all_matched_unflagged	all_matched_unflagged
CASP	Q3EB59	Q9SUP0	TN	TN	all_matched_unflagged	all_matched_unflagged
CASP	Q3EB59	Q9XI72	TN	TN	all_matched_unflagged	all_matched_unflagged
CASP	Q3EB59	Q9ZQI2	TN	TN	all_matched_unflagged	all_matched_unflagged
CASP	Q3EB59	Q9ZT81	TN	TN	all_matched_unflagged	all_matched_unflagged
CASP	Q3ECT8	Q501G6	TN	TN	all_matched_unflagged	all_matched_unflagged
CASP	Q3ECT8	Q56X75	TN	TN	all_matched_unflagged	all_matched_unflagged
CASP	Q3ECT8	Q5JM57	TN	TN	all_matched_unflagged	all_matched_unflagged
CASP	Q3ECT8	Q5N794	TN	TN	all_matched_unflagged	all_matched_unflagged
CASP	Q3ECT8	Q66GI1	TN	TN	all_matched_unflagged	all_matched_unflagged
CASP	Q3ECT8	Q67W83	TN	TN	all_matched_unflagged	all_matched_unflagged
CASP	Q3ECT8	Q67X40	TN	TN	all_matched_unflagged	all_matched_unflagged
CASP	Q3ECT8	Q6EP58	TN	TN	all_matched_unflagged	all_matched_unflagged
CASP	Q3ECT8	Q6ETN2	TN	TN	all_matched_unflagged	all_matched_unflagged
CASP	Q3ECT8	Q6K478	TN	TN	all_matched_unflagged	all_matched_unflagged
CASP	Q3ECT8	Q6NPF8	TN	TN	all_matched_unflagged	all_matched_unflagged
CASP	Q3ECT8	Q6YT98	TN	TN	all_matched_unflagged	all_matched_unflagged
CASP	Q3ECT8	Q6YW53	TN	TN	all_matched_unflagged	all_matched_unflagged
CASP	Q3ECT8	Q6Z1Y7	TN	TN	all_matched_unflagged	all_matched_unflagged
CASP	Q3ECT8	Q6Z2U5	TN	TN	all_matched_unflagged	all_matched_unflagged
CASP	Q3ECT8	Q7XPU9	TN	TN	all_matched_unflagged	all_matched_unflagged
CASP	Q3ECT8	Q7XUV7	TN	TN	all_matched_unflagged	all_matched_unflagged
CASP	Q3ECT8	Q84UT5	TN	TN	all_matched_unflagged	all_matched_unflagged
CASP	Q3ECT8	Q84WP5	TN	TN	all_matched_unflagged	all_matched_unflagged
CASP	Q3ECT8	Q8GWD5	TN	TN	all_matched_unflagged	all_matched_unflagged
CASP	Q3ECT8	Q8L7R5	TN	TN	all_matched_unflagged	all_matched_unflagged
CASP	Q3ECT8	Q8L8U9	TN	TN	all_matched_unflagged	all_matched_unflagged
CASP	Q3ECT8	Q8L8Z1	TN	TN	all_matched_unflagged	all_matched_unflagged
CASP	Q3ECT8	Q8L924	TN	TN	all_matched_unflagged	all_matched_unflagged
CASP	Q3ECT8	Q8L9B5	TN	TN	all_matched_unflagged	all_matched_unflagged
CASP	Q3ECT8	Q8LE26	TN	TN	all_matched_unflagged	all_matched_unflagged
CASP	Q3ECT8	Q8VZQ3	TN	TN	all_matched_unflagged	all_matched_unflagged
CASP	Q3ECT8	Q945M8	TN	TN	all_matched_unflagged	all_matched_unflagged
CASP	Q3ECT8	Q9ARX2	TN	TN	all_matched_unflagged	all_matched_unflagged
CASP	Q3ECT8	Q9CAX3	TN	TN	all_matched_unflagged	all_matched_unflagged
CASP	Q3ECT8	Q9FE29	TN	TN	all_matched_unflagged	all_matched_unflagged
CASP	Q3ECT8	Q9FFT2	TN	TN	all_matched_unflagged	all_matched_unflagged
CASP	Q3ECT8	Q9FFZ7	TN	TN	all_matched_unflagged	all_matched_unflagged
CASP	Q3ECT8	Q9FI10	TN	TN	all_matched_unflagged	all_matched_unflagged
CASP	Q3ECT8	Q9FNE8	TN	TN	all_matched_unflagged	all_matched_unflagged
CASP	Q3ECT8	Q9LI17	TN	TN	all_matched_unflagged	all_matched_unflagged
CASP	Q3ECT8	Q9LR57	TN	TN	all_matched_unflagged	all_matched_unflagged
CASP	Q3ECT8	Q9LUL1	TN	TN	all_matched_unflagged	all_matched_unflagged
CASP	Q3ECT8	Q9LXF3	TN	TN	all_matched_unflagged	all_matched_unflagged
CASP	Q3ECT8	Q9LZM5	TN	TN	all_matched_unflagged	all_matched_unflagged
CASP	Q3ECT8	Q9M0L3	TN	TN	all_matched_unflagged	all_matched_unflagged
CASP	Q3ECT8	Q9M2U0	TN	TN	all_matched_unflagged	all_matched_unflagged
CASP	Q3ECT8	Q9SIH4	TN	TN	all_matched_unflagged	all_matched_unflagged
CASP	Q3ECT8	Q9SKN3	TN	TN	all_matched_unflagged	all_matched_unflagged
CASP	Q3ECT8	Q9SQU2	TN	TN	all_matched_unflagged	all_matched_unflagged
CASP	Q3ECT8	Q9SUP0	TN	TN	all_matched_unflagged	all_matched_unflagged
CASP	Q3ECT8	Q9XI72	TN	TN	all_matched_unflagged	all_matched_unflagged
CASP	Q3ECT8	Q9ZQI2	TN	TN	all_matched_unflagged	all_matched_unflagged
CASP	Q3ECT8	Q9ZT81	TN	TN	all_matched_unflagged	all_matched_unflagged
CASP	Q501G6	Q56X75	TN	TN	all_matched_unflagged	all_matched_unflagged
CASP	Q501G6	Q5JM57	TN	TN	all_matched_unflagged	all_matched_unflagged
CASP	Q501G6	Q5N794	TN	TN	all_matched_unflagged	all_matched_unflagged
CASP	Q501G6	Q66GI1	TN	TN	all_matched_unflagged	all_matched_unflagged
CASP	Q501G6	Q67W83	TN	TN	all_matched_unflagged	all_matched_unflagged
CASP	Q501G6	Q67X40	TN	TN	all_matched_unflagged	all_matched_unflagged
CASP	Q501G6	Q6EP58	TN	TN	all_matched_unflagged	all_matched_unflagged
CASP	Q501G6	Q6ETN2	TN	TN	all_matched_unflagged	all_matched_unflagged
CASP	Q501G6	Q6K478	TN	TN	all_matched_unflagged	all_matched_unflagged
CASP	Q501G6	Q6NPF8	TN	TN	all_matched_unflagged	all_matched_unflagged
CASP	Q501G6	Q6YT98	TN	TN	all_matched_unflagged	all_matched_unflagged
CASP	Q501G6	Q6YW53	TN	TN	all_matched_unflagged	all_matched_unflagged
CASP	Q501G6	Q6Z1Y7	TN	TN	all_matched_unflagged	all_matched_unflagged
CASP	Q501G6	Q6Z2U5	TN	TN	all_matched_unflagged	all_matched_unflagged
CASP	Q501G6	Q7XPU9	TN	TN	all_matched_unflagged	all_matched_unflagged
CASP	Q501G6	Q7XUV7	TN	TN	all_matched_unflagged	all_matched_unflagged
CASP	Q501G6	Q84UT5	TN	TN	all_matched_unflagged	all_matched_unflagged
CASP	Q501G6	Q84WP5	TN	TN	all_matched_unflagged	all_matched_unflagged
CASP	Q501G6	Q8GWD5	TN	TN	all_matched_unflagged	all_matched_unflagged
CASP	Q501G6	Q8L7R5	TN	TN	all_matched_unflagged	all_matched_unflagged
CASP	Q501G6	Q8L8U9	TN	TN	all_matched_unflagged	all_matched_unflagged
CASP	Q501G6	Q8L8Z1	TN	TN	all_matched_unflagged	all_matched_unflagged
CASP	Q501G6	Q8L924	TN	TN	all_matched_unflagged	all_matched_unflagged
CASP	Q501G6	Q8L9B5	TN	TN	all_matched_unflagged	all_matched_unflagged
CASP	Q501G6	Q8LE26	TN	TN	all_matched_unflagged	all_matched_unflagged
CASP	Q501G6	Q8VZQ3	TN	TN	all_matched_unflagged	all_matched_unflagged
CASP	Q501G6	Q945M8	TN	TN	all_matched_unflagged	all_matched_unflagged
CASP	Q501G6	Q9ARX2	TN	TN	all_matched_unflagged	all_matched_unflagged
CASP	Q501G6	Q9CAX3	TN	TN	all_matched_unflagged	all_matched_unflagged
CASP	Q501G6	Q9FE29	TN	TN	all_matched_unflagged	all_matched_unflagged
CASP	Q501G6	Q9FFT2	TN	TN	all_matched_unflagged	all_matched_unflagged
CASP	Q501G6	Q9FFZ7	TN	TN	all_matched_unflagged	all_matched_unflagged
CASP	Q501G6	Q9FI10	TN	TN	all_matched_unflagged	all_matched_unflagged
CASP	Q501G6	Q9FNE8	TN	TN	all_matched_unflagged	all_matched_unflagged
CASP	Q501G6	Q9LI17	TN	TN	all_matched_unflagged	all_matched_unflagged
CASP	Q501G6	Q9LR57	TN	TN	all_matched_unflagged	all_matched_unflagged
CASP	Q501G6	Q9LUL1	TN	TN	all_matched_unflagged	all_matched_unflagged
CASP	Q501G6	Q9LXF3	TN	TN	all_matched_unflagged	all_matched_unflagged
CASP	Q501G6	Q9LZM5	TN	TN	all_matched_unflagged	all_matched_unflagged
CASP	Q501G6	Q9M0L3	TN	TN	all_matched_unflagged	all_matched_unflagged
CASP	Q501G6	Q9M2U0	TN	TN	all_matched_unflagged	all_matched_unflagged
CASP	Q501G6	Q9SIH4	TN	TN	all_matched_unflagged	all_matched_unflagged
CASP	Q501G6	Q9SKN3	TN	TN	all_matched_unflagged	all_matched_unflagged
CASP	Q501G6	Q9SQU2	TN	TN	all_matched_unflagged	all_matched_unflagged
CASP	Q501G6	Q9SUP0	TN	TN	all_matched_unflagged	all_matched_unflagged
CASP	Q501G6	Q9XI72	TN	TN	all_matched_unflagged	all_matched_unflagged
CASP	Q501G6	Q9ZQI2	TN	TN	all_matched_unflagged	all_matched_unflagged
CASP	Q501G6	Q9ZT81	TN	TN	all_matched_unflagged	all_matched_unflagged
CASP	Q56X75	Q5JM57	TN	TN	all_matched_unflagged	all_matched_unflagged
CASP	Q56X75	Q5N794	TN	TN	all_matched_unflagged	all_matched_unflagged
CASP	Q56X75	Q66GI1	TN	TN	all_matched_unflagged	all_matched_unflagged
CASP	Q56X75	Q67W83	TN	TN	all_matched_unflagged	all_matched_unflagged
CASP	Q56X75	Q67X40	TN	TN	all_matched_unflagged	all_matched_unflagged
CASP	Q56X75	Q6EP58	TN	TN	all_matched_unflagged	all_matched_unflagged
CASP	Q56X75	Q6ETN2	TN	TN	all_matched_unflagged	all_matched_unflagged
CASP	Q56X75	Q6K478	TN	TN	all_matched_unflagged	all_matched_unflagged
CASP	Q56X75	Q6NPF8	TN	TN	all_matched_unflagged	all_matched_unflagged
CASP	Q56X75	Q6YT98	TN	TN	all_matched_unflagged	all_matched_unflagged
CASP	Q56X75	Q6YW53	TN	TN	all_matched_unflagged	all_matched_unflagged
CASP	Q56X75	Q6Z1Y7	TN	TN	all_matched_unflagged	all_matched_unflagged
CASP	Q56X75	Q6Z2U5	TN	TN	all_matched_unflagged	all_matched_unflagged
CASP	Q56X75	Q7XPU9	TN	TN	all_matched_unflagged	all_matched_unflagged
CASP	Q56X75	Q7XUV7	TN	TN	all_matched_unflagged	all_matched_unflagged
CASP	Q56X75	Q84UT5	TN	TN	all_matched_unflagged	all_matched_unflagged
CASP	Q56X75	Q84WP5	TN	TN	all_matched_unflagged	all_matched_unflagged
CASP	Q56X75	Q8GWD5	TN	TN	all_matched_unflagged	all_matched_unflagged
CASP	Q56X75	Q8L7R5	TN	TN	all_matched_unflagged	all_matched_unflagged
CASP	Q56X75	Q8L8U9	TN	TN	all_matched_unflagged	all_matched_unflagged
CASP	Q56X75	Q8L8Z1	TN	TN	all_matched_unflagged	all_matched_unflagged
CASP	Q56X75	Q8L924	TN	TN	all_matched_unflagged	all_matched_unflagged
CASP	Q56X75	Q8L9B5	TN	TN	all_matched_unflagged	all_matched_unflagged
CASP	Q56X75	Q8LE26	TN	TN	all_matched_unflagged	all_matched_unflagged
CASP	Q56X75	Q8VZQ3	TN	TN	all_matched_unflagged	all_matched_unflagged
CASP	Q56X75	Q945M8	TN	TN	all_matched_unflagged	all_matched_unflagged
CASP	Q56X75	Q9ARX2	TN	TN	all_matched_unflagged	all_matched_unflagged
CASP	Q56X75	Q9CAX3	TN	TN	all_matched_unflagged	all_matched_unflagged
CASP	Q56X75	Q9FE29	TN	TN	all_matched_unflagged	all_matched_unflagged
CASP	Q56X75	Q9FFT2	TN	TN	all_matched_unflagged	all_matched_unflagged
CASP	Q56X75	Q9FFZ7	TN	TN	all_matched_unflagged	all_matched_unflagged
CASP	Q56X75	Q9FI10	TN	TN	all_matched_unflagged	all_matched_unflagged
CASP	Q56X75	Q9FNE8	TN	TN	all_matched_unflagged	all_matched_unflagged
CASP	Q56X75	Q9LI17	TN	TN	all_matched_unflagged	all_matched_unflagged
CASP	Q56X75	Q9LR57	TN	TN	all_matched_unflagged	all_matched_unflagged
CASP	Q56X75	Q9LUL1	TN	TN	all_matched_unflagged	all_matched_unflagged
CASP	Q56X75	Q9LXF3	TN	TN	all_matched_unflagged	all_matched_unflagged
CASP	Q56X75	Q9LZM5	TN	TN	all_matched_unflagged	all_matched_unflagged
CASP	Q56X75	Q9M0L3	TN	TN	all_matched_unflagged	all_matched_unflagged
CASP	Q56X75	Q9M2U0	TN	TN	all_matched_unflagged	all_matched_unflagged
CASP	Q56X75	Q9SIH4	TN	TN	all_matched_unflagged	all_matched_unflagged
CASP	Q56X75	Q9SKN3	TN	TN	all_matched_unflagged	all_matched_unflagged
CASP	Q56X75	Q9SQU2	TN	TN	all_matched_unflagged	all_matched_unflagged
CASP	Q56X75	Q9SUP0	TN	TN	all_matched_unflagged	all_matched_unflagged
CASP	Q56X75	Q9XI72	TN	TN	all_matched_unflagged	all_matched_unflagged
CASP	Q56X75	Q9ZQI2	TN	TN	all_matched_unflagged	all_matched_unflagged
CASP	Q56X75	Q9ZT81	TN	TN	all_matched_unflagged	all_matched_unflagged
CASP	Q5JM57	Q5N794	TN	TN	all_matched_unflagged	all_matched_unflagged
CASP	Q5JM57	Q66GI1	TN	TN	all_matched_unflagged	all_matched_unflagged
CASP	Q5JM57	Q67W83	TN	TN	all_matched_unflagged	all_matched_unflagged
CASP	Q5JM57	Q67X40	TN	TN	all_matched_unflagged	all_matched_unflagged
CASP	Q5JM57	Q6EP58	TN	TN	all_matched_unflagged	all_matched_unflagged
CASP	Q5JM57	Q6ETN2	TN	TN	all_matched_unflagged	all_matched_unflagged
CASP	Q5JM57	Q6K478	TN	TN	all_matched_unflagged	all_matched_unflagged
CASP	Q5JM57	Q6NPF8	TN	TN	all_matched_unflagged	all_matched_unflagged
CASP	Q5JM57	Q6YT98	TN	TN	all_matched_unflagged	all_matched_unflagged
CASP	Q5JM57	Q6YW53	TN	TN	all_matched_unflagged	all_matched_unflagged
CASP	Q5JM57	Q6Z1Y7	TN	TN	all_matched_unflagged	all_matched_unflagged
CASP	Q5JM57	Q6Z2U5	TN	TN	all_matched_unflagged	all_matched_unflagged
CASP	Q5JM57	Q7XPU9	TN	TN	all_matched_unflagged	all_matched_unflagged
CASP	Q5JM57	Q7XUV7	TN	TN	all_matched_unflagged	all_matched_unflagged
CASP	Q5JM57	Q84UT5	TN	TN	all_matched_unflagged	all_matched_unflagged
CASP	Q5JM57	Q84WP5	TN	TN	all_matched_unflagged	all_matched_unflagged
CASP	Q5JM57	Q8GWD5	TN	TN	all_matched_unflagged	all_matched_unflagged
CASP	Q5JM57	Q8L7R5	TN	TN	all_matched_unflagged	all_matched_unflagged
CASP	Q5JM57	Q8L8U9	TN	TN	all_matched_unflagged	all_matched_unflagged
CASP	Q5JM57	Q8L8Z1	TN	TN	all_matched_unflagged	all_matched_unflagged
CASP	Q5JM57	Q8L924	TN	TN	all_matched_unflagged	all_matched_unflagged
CASP	Q5JM57	Q8L9B5	TN	TN	all_matched_unflagged	all_matched_unflagged
CASP	Q5JM57	Q8LE26	TN	TN	all_matched_unflagged	all_matched_unflagged
CASP	Q5JM57	Q8VZQ3	TN	TN	all_matched_unflagged	all_matched_unflagged
CASP	Q5JM57	Q945M8	TN	TN	all_matched_unflagged	all_matched_unflagged
CASP	Q5JM57	Q9ARX2	TN	TN	all_matched_unflagged	all_matched_unflagged
CASP	Q5JM57	Q9CAX3	TN	TN	all_matched_unflagged	all_matched_unflagged
CASP	Q5JM57	Q9FE29	TN	TN	all_matched_unflagged	all_matched_unflagged
CASP	Q5JM57	Q9FFT2	TN	TN	all_matched_unflagged	all_matched_unflagged
CASP	Q5JM57	Q9FFZ7	TN	TN	all_matched_unflagged	all_matched_unflagged
CASP	Q5JM57	Q9FI10	TN	TN	all_matched_unflagged	all_matched_unflagged
CASP	Q5JM57	Q9FNE8	TN	TN	all_matched_unflagged	all_matched_unflagged
CASP	Q5JM57	Q9LI17	TN	TN	all_matched_unflagged	all_matched_unflagged
CASP	Q5JM57	Q9LR57	TN	TN	all_matched_unflagged	all_matched_unflagged
CASP	Q5JM57	Q9LUL1	TN	TN	all_matched_unflagged	all_matched_unflagged
CASP	Q5JM57	Q9LXF3	TN	TN	all_matched_unflagged	all_matched_unflagged
CASP	Q5JM57	Q9LZM5	TN	TN	all_matched_unflagged	all_matched_unflagged
CASP	Q5JM57	Q9M0L3	TN	TN	all_matched_unflagged	all_matched_unflagged
CASP	Q5JM57	Q9M2U0	TN	TN	all_matched_unflagged	all_matched_unflagged
CASP	Q5JM57	Q9SIH4	TN	TN	all_matched_unflagged	all_matched_unflagged
CASP	Q5JM57	Q9SKN3	TN	TN	all_matched_unflagged	all_matched_unflagged
CASP	Q5JM57	Q9SQU2	TN	TN	all_matched_unflagged	all_matched_unflagged
CASP	Q5JM57	Q9SUP0	TN	TN	all_matched_unflagged	all_matched_unflagged
CASP	Q5JM57	Q9XI72	TN	TN	all_matched_unflagged	all_matched_unflagged
CASP	Q5JM57	Q9ZQI2	TN	TN	all_matched_unflagged	all_matched_unflagged
CASP	Q5JM57	Q9ZT81	TN	TN	all_matched_unflagged	all_matched_unflagged
CASP	Q5N794	Q66GI1	TN	TN	all_matched_unflagged	all_matched_unflagged
CASP	Q5N794	Q67W83	TN	TN	all_matched_unflagged	all_matched_unflagged
CASP	Q5N794	Q67X40	TN	TN	all_matched_unflagged	all_matched_unflagged
CASP	Q5N794	Q6EP58	TN	TN	all_matched_unflagged	all_matched_unflagged
CASP	Q5N794	Q6ETN2	TN	TN	all_matched_unflagged	all_matched_unflagged
CASP	Q5N794	Q6K478	TN	TN	all_matched_unflagged	all_matched_unflagged
CASP	Q5N794	Q6NPF8	TN	TN	all_matched_unflagged	all_matched_unflagged
CASP	Q5N794	Q6YT98	TN	TN	all_matched_unflagged	all_matched_unflagged
CASP	Q5N794	Q6YW53	TN	TN	all_matched_unflagged	all_matched_unflagged
CASP	Q5N794	Q6Z1Y7	TN	TN	all_matched_unflagged	all_matched_unflagged
CASP	Q5N794	Q6Z2U5	TN	TN	all_matched_unflagged	all_matched_unflagged
CASP	Q5N794	Q7XPU9	TN	TN	all_matched_unflagged	all_matched_unflagged
CASP	Q5N794	Q7XUV7	TN	TN	all_matched_unflagged	all_matched_unflagged
CASP	Q5N794	Q84UT5	TN	TN	all_matched_unflagged	all_matched_unflagged
CASP	Q5N794	Q84WP5	TN	TN	all_matched_unflagged	all_matched_unflagged
CASP	Q5N794	Q8GWD5	TN	TN	all_matched_unflagged	all_matched_unflagged
CASP	Q5N794	Q8L7R5	FP	FP	all_matched_unflagged	all_matched_unflagged
CASP	Q5N794	Q8L8U9	TN	TN	all_matched_unflagged	all_matched_unflagged
CASP	Q5N794	Q8L8Z1	TN	TN	all_matched_unflagged	all_matched_unflagged
CASP	Q5N794	Q8L924	TN	TN	all_matched_unflagged	all_matched_unflagged
CASP	Q5N794	Q8L9B5	TN	TN	all_matched_unflagged	all_matched_unflagged
CASP	Q5N794	Q8LE26	TN	TN	all_matched_unflagged	all_matched_unflagged
CASP	Q5N794	Q8VZQ3	TN	TN	all_matched_unflagged	all_matched_unflagged
CASP	Q5N794	Q945M8	TP	TP	all_matched_unflagged	all_matched_unflagged
CASP	Q5N794	Q9ARX2	TN	TN	all_matched_unflagged	all_matched_unflagged
CASP	Q5N794	Q9CAX3	TN	TN	all_matched_unflagged	all_matched_unflagged
CASP	Q5N794	Q9FE29	TN	TN	all_matched_unflagged	all_matched_unflagged
CASP	Q5N794	Q9FFT2	TN	TN	all_matched_unflagged	all_matched_unflagged
CASP	Q5N794	Q9FFZ7	TN	TN	all_matched_unflagged	all_matched_unflagged
CASP	Q5N794	Q9FI10	TN	TN	all_matched_unflagged	all_matched_unflagged
CASP	Q5N794	Q9FNE8	TN	TN	all_matched_unflagged	all_matched_unflagged
CASP	Q5N794	Q9LI17	TN	TN	all_matched_unflagged	all_matched_unflagged
CASP	Q5N794	Q9LR57	TN	TN	all_matched_unflagged	all_matched_unflagged
CASP	Q5N794	Q9LUL1	TN	TN	all_matched_unflagged	all_matched_unflagged
CASP	Q5N794	Q9LXF3	TN	TN	all_matched_unflagged	all_matched_unflagged
CASP	Q5N794	Q9LZM5	TP	TP	all_matched_unflagged	all_matched_unflagged
CASP	Q5N794	Q9M0L3	TN	TN	all_matched_unflagged	all_matched_unflagged
CASP	Q5N794	Q9M2U0	TN	TN	all_matched_unflagged	all_matched_unflagged
CASP	Q5N794	Q9SIH4	TN	TN	all_matched_unflagged	all_matched_unflagged
CASP	Q5N794	Q9SKN3	TN	TN	all_matched_unflagged	all_matched_unflagged
CASP	Q5N794	Q9SQU2	TN	TN	all_matched_unflagged	all_matched_unflagged
CASP	Q5N794	Q9SUP0	TN	TN	all_matched_unflagged	all_matched_unflagged
CASP	Q5N794	Q9XI72	TN	TN	all_matched_unflagged	all_matched_unflagged
CASP	Q5N794	Q9ZQI2	TN	TN	all_matched_unflagged	all_matched_unflagged
CASP	Q5N794	Q9ZT81	TN	TN	all_matched_unflagged	all_matched_unflagged
CASP	Q66GI1	Q67W83	TN	TN	all_matched_unflagged	all_matched_unflagged
CASP	Q66GI1	Q67X40	TN	TN	all_matched_unflagged	all_matched_unflagged
CASP	Q66GI1	Q6EP58	TN	TN	all_matched_unflagged	all_matched_unflagged
CASP	Q66GI1	Q6ETN2	TN	TN	all_matched_unflagged	all_matched_unflagged
CASP	Q66GI1	Q6K478	TN	TN	all_matched_unflagged	all_matched_unflagged
CASP	Q66GI1	Q6NPF8	TN	TN	all_matched_unflagged	all_matched_unflagged
CASP	Q66GI1	Q6YT98	TN	TN	all_matched_unflagged	all_matched_unflagged
CASP	Q66GI1	Q6YW53	TN	TN	all_matched_unflagged	all_matched_unflagged
CASP	Q66GI1	Q6Z1Y7	TN	TN	all_matched_unflagged	all_matched_unflagged
CASP	Q66GI1	Q6Z2U5	TN	TN	all_matched_unflagged	all_matched_unflagged
CASP	Q66GI1	Q7XPU9	TN	TN	all_matched_unflagged	all_matched_unflagged
CASP	Q66GI1	Q7XUV7	TN	TN	all_matched_unflagged	all_matched_unflagged
CASP	Q66GI1	Q84UT5	TN	TN	all_matched_unflagged	all_matched_unflagged
CASP	Q66GI1	Q84WP5	TN	TN	all_matched_unflagged	all_matched_unflagged
CASP	Q66GI1	Q8GWD5	TN	TN	all_matched_unflagged	all_matched_unflagged
CASP	Q66GI1	Q8L7R5	TN	TN	all_matched_unflagged	all_matched_unflagged
CASP	Q66GI1	Q8L8U9	TN	TN	all_matched_unflagged	all_matched_unflagged
CASP	Q66GI1	Q8L8Z1	TN	TN	all_matched_unflagged	all_matched_unflagged
CASP	Q66GI1	Q8L924	TN	TN	all_matched_unflagged	all_matched_unflagged
CASP	Q66GI1	Q8L9B5	TN	TN	all_matched_unflagged	all_matched_unflagged
CASP	Q66GI1	Q8LE26	TN	TN	all_matched_unflagged	all_matched_unflagged
CASP	Q66GI1	Q8VZQ3	TN	TN	all_matched_unflagged	all_matched_unflagged
CASP	Q66GI1	Q945M8	TN	TN	all_matched_unflagged	all_matched_unflagged
CASP	Q66GI1	Q9ARX2	TN	TN	all_matched_unflagged	all_matched_unflagged
CASP	Q66GI1	Q9CAX3	TN	TN	all_matched_unflagged	all_matched_unflagged
CASP	Q66GI1	Q9FE29	TN	TN	all_matched_unflagged	all_matched_unflagged
CASP	Q66GI1	Q9FFT2	TN	TN	all_matched_unflagged	all_matched_unflagged
CASP	Q66GI1	Q9FFZ7	TN	TN	all_matched_unflagged	all_matched_unflagged
CASP	Q66GI1	Q9FI10	TN	TN	all_matched_unflagged	all_matched_unflagged
CASP	Q66GI1	Q9FNE8	TN	TN	all_matched_unflagged	all_matched_unflagged
CASP	Q66GI1	Q9LI17	TN	TN	all_matched_unflagged	all_matched_unflagged
CASP	Q66GI1	Q9LR57	TN	TN	all_matched_unflagged	all_matched_unflagged
CASP	Q66GI1	Q9LUL1	TN	TN	all_matched_unflagged	all_matched_unflagged
CASP	Q66GI1	Q9LXF3	TN	TN	all_matched_unflagged	all_matched_unflagged
CASP	Q66GI1	Q9LZM5	TN	TN	all_matched_unflagged	all_matched_unflagged
CASP	Q66GI1	Q9M0L3	TN	TN	all_matched_unflagged	all_matched_unflagged
CASP	Q66GI1	Q9M2U0	TN	TN	all_matched_unflagged	all_matched_unflagged
CASP	Q66GI1	Q9SIH4	TN	TN	all_matched_unflagged	all_matched_unflagged
CASP	Q66GI1	Q9SKN3	TN	TN	all_matched_unflagged	all_matched_unflagged
CASP	Q66GI1	Q9SQU2	TN	TN	all_matched_unflagged	all_matched_unflagged
CASP	Q66GI1	Q9SUP0	TN	TN	all_matched_unflagged	all_matched_unflagged
CASP	Q66GI1	Q9XI72	TN	TN	all_matched_unflagged	all_matched_unflagged
CASP	Q66GI1	Q9ZQI2	TN	TN	all_matched_unflagged	all_matched_unflagged
CASP	Q66GI1	Q9ZT81	TN	TN	all_matched_unflagged	all_matched_unflagged
CASP	Q67W83	Q67X40	TN	TN	all_matched_unflagged	all_matched_unflagged
CASP	Q67W83	Q6EP58	TN	TN	all_matched_unflagged	all_matched_unflagged
CASP	Q67W83	Q6ETN2	TN	TN	all_matched_unflagged	all_matched_unflagged
CASP	Q67W83	Q6K478	TN	TN	all_matched_unflagged	all_matched_unflagged
CASP	Q67W83	Q6NPF8	TN	TN	all_matched_unflagged	all_matched_unflagged
CASP	Q67W83	Q6YT98	TN	TN	all_matched_unflagged	all_matched_unflagged
CASP	Q67W83	Q6YW53	TN	TN	all_matched_unflagged	all_matched_unflagged
CASP	Q67W83	Q6Z1Y7	TN	TN	all_matched_unflagged	all_matched_unflagged
CASP	Q67W83	Q6Z2U5	TN	TN	all_matched_unflagged	all_matched_unflagged
CASP	Q67W83	Q7XPU9	TN	TN	all_matched_unflagged	all_matched_unflagged
CASP	Q67W83	Q7XUV7	TN	TN	all_matched_unflagged	all_matched_unflagged
CASP	Q67W83	Q84UT5	TN	TN	all_matched_unflagged	all_matched_unflagged
CASP	Q67W83	Q84WP5	TN	TN	all_matched_unflagged	all_matched_unflagged
CASP	Q67W83	Q8GWD5	TN	TN	all_matched_unflagged	all_matched_unflagged
CASP	Q67W83	Q8L7R5	TN	TN	all_matched_unflagged	all_matched_unflagged
CASP	Q67W83	Q8L8U9	TP	TP	all_matched_unflagged	all_matched_unflagged
CASP	Q67W83	Q8L8Z1	TN	TN	all_matched_unflagged	all_matched_unflagged
CASP	Q67W83	Q8L924	TN	TN	all_matched_unflagged	all_matched_unflagged
CASP	Q67W83	Q8L9B5	TN	TN	all_matched_unflagged	all_matched_unflagged
CASP	Q67W83	Q8LE26	TN	TN	all_matched_unflagged	all_matched_unflagged
CASP	Q67W83	Q8VZQ3	TN	TN	all_matched_unflagged	all_matched_unflagged
CASP	Q67W83	Q945M8	TN	TN	all_matched_unflagged	all_matched_unflagged
CASP	Q67W83	Q9ARX2	TN	TN	all_matched_unflagged	all_matched_unflagged
CASP	Q67W83	Q9CAX3	TN	TN	all_matched_unflagged	all_matched_unflagged
CASP	Q67W83	Q9FE29	TN	TN	all_matched_unflagged	all_matched_unflagged
CASP	Q67W83	Q9FFT2	TN	TN	all_matched_unflagged	all_matched_unflagged
CASP	Q67W83	Q9FFZ7	TN	TN	all_matched_unflagged	all_matched_unflagged
CASP	Q67W83	Q9FI10	TN	TN	all_matched_unflagged	all_matched_unflagged
CASP	Q67W83	Q9FNE8	TN	TN	all_matched_unflagged	all_matched_unflagged
CASP	Q67W83	Q9LI17	TN	TN	all_matched_unflagged	all_matched_unflagged
CASP	Q67W83	Q9LR57	TN	TN	all_matched_unflagged	all_matched_unflagged
CASP	Q67W83	Q9LUL1	TN	TN	all_matched_unflagged	all_matched_unflagged
CASP	Q67W83	Q9LXF3	TN	TN	all_matched_unflagged	all_matched_unflagged
CASP	Q67W83	Q9LZM5	TN	TN	all_matched_unflagged	all_matched_unflagged
CASP	Q67W83	Q9M0L3	TN	TN	all_matched_unflagged	all_matched_unflagged
CASP	Q67W83	Q9M2U0	TN	TN	all_matched_unflagged	all_matched_unflagged
CASP	Q67W83	Q9SIH4	TN	TN	all_matched_unflagged	all_matched_unflagged
CASP	Q67W83	Q9SKN3	TN	TN	all_matched_unflagged	all_matched_unflagged
CASP	Q67W83	Q9SQU2	TN	TN	all_matched_unflagged	all_matched_unflagged
CASP	Q67W83	Q9SUP0	TN	TN	all_matched_unflagged	all_matched_unflagged
CASP	Q67W83	Q9XI72	TN	TN	all_matched_unflagged	all_matched_unflagged
CASP	Q67W83	Q9ZQI2	TN	TN	all_matched_unflagged	all_matched_unflagged
CASP	Q67W83	Q9ZT81	TN	TN	all_matched_unflagged	all_matched_unflagged
CASP	Q67X40	Q6EP58	TN	TN	all_matched_unflagged	all_matched_unflagged
CASP	Q67X40	Q6ETN2	TN	TN	all_matched_unflagged	all_matched_unflagged
CASP	Q67X40	Q6K478	TN	TN	all_matched_unflagged	all_matched_unflagged
CASP	Q67X40	Q6NPF8	TN	TN	all_matched_unflagged	all_matched_unflagged
CASP	Q67X40	Q6YT98	TN	TN	all_matched_unflagged	all_matched_unflagged
CASP	Q67X40	Q6YW53	TN	TN	all_matched_unflagged	all_matched_unflagged
CASP	Q67X40	Q6Z1Y7	TN	TN	all_matched_unflagged	all_matched_unflagged
CASP	Q67X40	Q6Z2U5	TN	TN	all_matched_unflagged	all_matched_unflagged
CASP	Q67X40	Q7XPU9	TN	TN	all_matched_unflagged	all_matched_unflagged
CASP	Q67X40	Q7XUV7	TN	TN	all_matched_unflagged	all_matched_unflagged
CASP	Q67X40	Q84UT5	TN	TN	all_matched_unflagged	all_matched_unflagged
CASP	Q67X40	Q84WP5	TN	TN	all_matched_unflagged	all_matched_unflagged
CASP	Q67X40	Q8GWD5	TN	TN	all_matched_unflagged	all_matched_unflagged
CASP	Q67X40	Q8L7R5	TN	TN	all_matched_unflagged	all_matched_unflagged
CASP	Q67X40	Q8L8U9	TN	TN	all_matched_unflagged	all_matched_unflagged
CASP	Q67X40	Q8L8Z1	TN	TN	all_matched_unflagged	all_matched_unflagged
CASP	Q67X40	Q8L924	TN	TN	all_matched_unflagged	all_matched_unflagged
CASP	Q67X40	Q8L9B5	TN	TN	all_matched_unflagged	all_matched_unflagged
CASP	Q67X40	Q8LE26	TN	TN	all_matched_unflagged	all_matched_unflagged
CASP	Q67X40	Q8VZQ3	TN	TN	all_matched_unflagged	all_matched_unflagged
CASP	Q67X40	Q945M8	TN	TN	all_matched_unflagged	all_matched_unflagged
CASP	Q67X40	Q9ARX2	TN	TN	all_matched_unflagged	all_matched_unflagged
CASP	Q67X40	Q9CAX3	FP	TN	all_matched_unflagged	all_matched_unflagged
CASP	Q67X40	Q9FE29	TN	TN	all_matched_unflagged	all_matched_unflagged
CASP	Q67X40	Q9FFT2	TN	TN	all_matched_unflagged	all_matched_unflagged
CASP	Q67X40	Q9FFZ7	FP	TN	all_matched_unflagged	all_matched_unflagged
CASP	Q67X40	Q9FI10	TN	TN	all_matched_unflagged	all_matched_unflagged
CASP	Q67X40	Q9FNE8	TN	TN	all_matched_unflagged	all_matched_unflagged
CASP	Q67X40	Q9LI17	TN	TN	all_matched_unflagged	all_matched_unflagged
CASP	Q67X40	Q9LR57	TN	TN	all_matched_unflagged	all_matched_unflagged
CASP	Q67X40	Q9LUL1	TN	TN	all_matched_unflagged	all_matched_unflagged
CASP	Q67X40	Q9LXF3	TP	TP	all_matched_unflagged	all_matched_unflagged
CASP	Q67X40	Q9LZM5	TN	TN	all_matched_unflagged	all_matched_unflagged
CASP	Q67X40	Q9M0L3	TN	TN	all_matched_unflagged	all_matched_unflagged
CASP	Q67X40	Q9M2U0	TN	TN	all_matched_unflagged	all_matched_unflagged
CASP	Q67X40	Q9SIH4	FP	TN	all_matched_unflagged	all_matched_unflagged
CASP	Q67X40	Q9SKN3	TN	TN	all_matched_unflagged	all_matched_unflagged
CASP	Q67X40	Q9SQU2	TN	TN	all_matched_unflagged	all_matched_unflagged
CASP	Q67X40	Q9SUP0	TN	TN	all_matched_unflagged	all_matched_unflagged
CASP	Q67X40	Q9XI72	TP	TP	all_matched_unflagged	all_matched_unflagged
CASP	Q67X40	Q9ZQI2	FP	TN	all_matched_unflagged	all_matched_unflagged
CASP	Q67X40	Q9ZT81	TN	TN	all_matched_unflagged	all_matched_unflagged
CASP	Q6EP58	Q6ETN2	TN	TN	all_matched_unflagged	all_matched_unflagged
CASP	Q6EP58	Q6K478	TN	TN	all_matched_unflagged	all_matched_unflagged
CASP	Q6EP58	Q6NPF8	TN	TN	all_matched_unflagged	all_matched_unflagged
CASP	Q6EP58	Q6YT98	TN	TN	all_matched_unflagged	all_matched_unflagged
CASP	Q6EP58	Q6YW53	TN	TN	all_matched_unflagged	all_matched_unflagged
CASP	Q6EP58	Q6Z1Y7	TN	TN	all_matched_unflagged	all_matched_unflagged
CASP	Q6EP58	Q6Z2U5	TN	TN	all_matched_unflagged	all_matched_unflagged
CASP	Q6EP58	Q7XPU9	TN	TN	all_matched_unflagged	all_matched_unflagged
CASP	Q6EP58	Q7XUV7	TN	TN	all_matched_unflagged	all_matched_unflagged
CASP	Q6EP58	Q84UT5	TN	TN	all_matched_unflagged	all_matched_unflagged
CASP	Q6EP58	Q84WP5	TN	TN	all_matched_unflagged	all_matched_unflagged
CASP	Q6EP58	Q8GWD5	TN	TN	all_matched_unflagged	all_matched_unflagged
CASP	Q6EP58	Q8L7R5	TN	TN	all_matched_unflagged	all_matched_unflagged
CASP	Q6EP58	Q8L8U9	TN	TN	all_matched_unflagged	all_matched_unflagged
CASP	Q6EP58	Q8L8Z1	TN	TN	all_matched_unflagged	all_matched_unflagged
CASP	Q6EP58	Q8L924	TN	TN	all_matched_unflagged	all_matched_unflagged
CASP	Q6EP58	Q8L9B5	TN	TN	all_matched_unflagged	all_matched_unflagged
CASP	Q6EP58	Q8LE26	TN	TN	all_matched_unflagged	all_matched_unflagged
CASP	Q6EP58	Q8VZQ3	TN	TN	all_matched_unflagged	all_matched_unflagged
CASP	Q6EP58	Q945M8	TN	TN	all_matched_unflagged	all_matched_unflagged
CASP	Q6EP58	Q9ARX2	TN	TN	all_matched_unflagged	all_matched_unflagged
CASP	Q6EP58	Q9CAX3	FP	TN	all_matched_unflagged	all_matched_unflagged
CASP	Q6EP58	Q9FE29	TN	TN	all_matched_unflagged	all_matched_unflagged
CASP	Q6EP58	Q9FFT2	TN	TN	all_matched_unflagged	all_matched_unflagged
CASP	Q6EP58	Q9FFZ7	FP	TN	all_matched_unflagged	all_matched_unflagged
CASP	Q6EP58	Q9FI10	TN	TN	all_matched_unflagged	all_matched_unflagged
CASP	Q6EP58	Q9FNE8	TN	TN	all_matched_unflagged	all_matched_unflagged
CASP	Q6EP58	Q9LI17	TN	TN	all_matched_unflagged	all_matched_unflagged
CASP	Q6EP58	Q9LR57	TN	TN	all_matched_unflagged	all_matched_unflagged
CASP	Q6EP58	Q9LUL1	TN	TN	all_matched_unflagged	all_matched_unflagged
CASP	Q6EP58	Q9LXF3	TP	TP	all_matched_unflagged	all_matched_unflagged
CASP	Q6EP58	Q9LZM5	TN	TN	all_matched_unflagged	all_matched_unflagged
CASP	Q6EP58	Q9M0L3	TN	TN	all_matched_unflagged	all_matched_unflagged
CASP	Q6EP58	Q9M2U0	TN	TN	all_matched_unflagged	all_matched_unflagged
CASP	Q6EP58	Q9SIH4	FP	TN	all_matched_unflagged	all_matched_unflagged
CASP	Q6EP58	Q9SKN3	TN	TN	all_matched_unflagged	all_matched_unflagged
CASP	Q6EP58	Q9SQU2	TN	TN	all_matched_unflagged	all_matched_unflagged
CASP	Q6EP58	Q9SUP0	TN	TN	all_matched_unflagged	all_matched_unflagged
CASP	Q6EP58	Q9XI72	TP	TP	all_matched_unflagged	all_matched_unflagged
CASP	Q6EP58	Q9ZQI2	FP	TN	all_matched_unflagged	all_matched_unflagged
CASP	Q6EP58	Q9ZT81	TN	TN	all_matched_unflagged	all_matched_unflagged
CASP	Q6ETN2	Q6K478	TN	TN	all_matched_unflagged	all_matched_unflagged
CASP	Q6ETN2	Q6NPF8	TN	TN	all_matched_unflagged	all_matched_unflagged
CASP	Q6ETN2	Q6YT98	TN	TN	all_matched_unflagged	all_matched_unflagged
CASP	Q6ETN2	Q6YW53	TN	TN	all_matched_unflagged	all_matched_unflagged
CASP	Q6ETN2	Q6Z1Y7	TN	TN	all_matched_unflagged	all_matched_unflagged
CASP	Q6ETN2	Q6Z2U5	TN	TN	all_matched_unflagged	all_matched_unflagged
CASP	Q6ETN2	Q7XPU9	TN	TN	all_matched_unflagged	all_matched_unflagged
CASP	Q6ETN2	Q7XUV7	TN	TN	all_matched_unflagged	all_matched_unflagged
CASP	Q6ETN2	Q84UT5	TN	TN	all_matched_unflagged	all_matched_unflagged
CASP	Q6ETN2	Q84WP5	TN	TN	all_matched_unflagged	all_matched_unflagged
CASP	Q6ETN2	Q8GWD5	TN	TN	all_matched_unflagged	all_matched_unflagged
CASP	Q6ETN2	Q8L7R5	TN	TN	all_matched_unflagged	all_matched_unflagged
CASP	Q6ETN2	Q8L8U9	TP	TP	all_matched_unflagged	all_matched_unflagged
CASP	Q6ETN2	Q8L8Z1	TN	TN	all_matched_unflagged	all_matched_unflagged
CASP	Q6ETN2	Q8L924	TN	TN	all_matched_unflagged	all_matched_unflagged
CASP	Q6ETN2	Q8L9B5	TN	TN	all_matched_unflagged	all_matched_unflagged
CASP	Q6ETN2	Q8LE26	TN	TN	all_matched_unflagged	all_matched_unflagged
CASP	Q6ETN2	Q8VZQ3	TN	TN	all_matched_unflagged	all_matched_unflagged
CASP	Q6ETN2	Q945M8	TN	TN	all_matched_unflagged	all_matched_unflagged
CASP	Q6ETN2	Q9ARX2	TN	TN	all_matched_unflagged	all_matched_unflagged
CASP	Q6ETN2	Q9CAX3	TN	TN	all_matched_unflagged	all_matched_unflagged
CASP	Q6ETN2	Q9FE29	TN	TN	all_matched_unflagged	all_matched_unflagged
CASP	Q6ETN2	Q9FFT2	TN	TN	all_matched_unflagged	all_matched_unflagged
CASP	Q6ETN2	Q9FFZ7	TN	TN	all_matched_unflagged	all_matched_unflagged
CASP	Q6ETN2	Q9FI10	TN	TN	all_matched_unflagged	all_matched_unflagged
CASP	Q6ETN2	Q9FNE8	TN	TN	all_matched_unflagged	all_matched_unflagged
CASP	Q6ETN2	Q9LI17	TN	TN	all_matched_unflagged	all_matched_unflagged
CASP	Q6ETN2	Q9LR57	TN	TN	all_matched_unflagged	all_matched_unflagged
CASP	Q6ETN2	Q9LUL1	TN	TN	all_matched_unflagged	all_matched_unflagged
CASP	Q6ETN2	Q9LXF3	TN	TN	all_matched_unflagged	all_matched_unflagged
CASP	Q6ETN2	Q9LZM5	TN	TN	all_matched_unflagged	all_matched_unflagged
CASP	Q6ETN2	Q9M0L3	TN	TN	all_matched_unflagged	all_matched_unflagged
CASP	Q6ETN2	Q9M2U0	TN	TN	all_matched_unflagged	all_matched_unflagged
CASP	Q6ETN2	Q9SIH4	TN	TN	all_matched_unflagged	all_matched_unflagged
CASP	Q6ETN2	Q9SKN3	TN	TN	all_matched_unflagged	all_matched_unflagged
CASP	Q6ETN2	Q9SQU2	TN	TN	all_matched_unflagged	all_matched_unflagged
CASP	Q6ETN2	Q9SUP0	TN	TN	all_matched_unflagged	all_matched_unflagged
CASP	Q6ETN2	Q9XI72	TN	TN	all_matched_unflagged	all_matched_unflagged
CASP	Q6ETN2	Q9ZQI2	TN	TN	all_matched_unflagged	all_matched_unflagged
CASP	Q6ETN2	Q9ZT81	TN	TN	all_matched_unflagged	all_matched_unflagged
CASP	Q6K478	Q6NPF8	TN	TN	all_matched_unflagged	all_matched_unflagged
CASP	Q6K478	Q6YT98	TN	TN	all_matched_unflagged	all_matched_unflagged
CASP	Q6K478	Q6YW53	TN	TN	all_matched_unflagged	all_matched_unflagged
CASP	Q6K478	Q6Z1Y7	TN	TN	all_matched_unflagged	all_matched_unflagged
CASP	Q6K478	Q6Z2U5	TN	TN	all_matched_unflagged	all_matched_unflagged
CASP	Q6K478	Q7XPU9	TN	TN	all_matched_unflagged	all_matched_unflagged
CASP	Q6K478	Q7XUV7	TN	TN	all_matched_unflagged	all_matched_unflagged
CASP	Q6K478	Q84UT5	TN	TN	all_matched_unflagged	all_matched_unflagged
CASP	Q6K478	Q84WP5	TN	TN	all_matched_unflagged	all_matched_unflagged
CASP	Q6K478	Q8GWD5	TN	TN	all_matched_unflagged	all_matched_unflagged
CASP	Q6K478	Q8L7R5	FP	FP	all_matched_unflagged	all_matched_unflagged
CASP	Q6K478	Q8L8U9	TN	TN	all_matched_unflagged	all_matched_unflagged
CASP	Q6K478	Q8L8Z1	TN	TN	all_matched_unflagged	all_matched_unflagged
CASP	Q6K478	Q8L924	TN	TN	all_matched_unflagged	all_matched_unflagged
CASP	Q6K478	Q8L9B5	TN	TN	all_matched_unflagged	all_matched_unflagged
CASP	Q6K478	Q8LE26	TN	TN	all_matched_unflagged	all_matched_unflagged
CASP	Q6K478	Q8VZQ3	TN	TN	all_matched_unflagged	all_matched_unflagged
CASP	Q6K478	Q945M8	TP	TP	all_matched_unflagged	all_matched_unflagged
CASP	Q6K478	Q9ARX2	TN	TN	all_matched_unflagged	all_matched_unflagged
CASP	Q6K478	Q9CAX3	TN	TN	all_matched_unflagged	all_matched_unflagged
CASP	Q6K478	Q9FE29	TN	TN	all_matched_unflagged	all_matched_unflagged
CASP	Q6K478	Q9FFT2	TN	TN	all_matched_unflagged	all_matched_unflagged
CASP	Q6K478	Q9FFZ7	TN	TN	all_matched_unflagged	all_matched_unflagged
CASP	Q6K478	Q9FI10	TN	TN	all_matched_unflagged	all_matched_unflagged
CASP	Q6K478	Q9FNE8	TN	TN	all_matched_unflagged	all_matched_unflagged
CASP	Q6K478	Q9LI17	TN	TN	all_matched_unflagged	all_matched_unflagged
CASP	Q6K478	Q9LR57	TN	TN	all_matched_unflagged	all_matched_unflagged
CASP	Q6K478	Q9LUL1	TN	TN	all_matched_unflagged	all_matched_unflagged
CASP	Q6K478	Q9LXF3	TN	TN	all_matched_unflagged	all_matched_unflagged
CASP	Q6K478	Q9LZM5	TP	TP	all_matched_unflagged	all_matched_unflagged
CASP	Q6K478	Q9M0L3	TN	TN	all_matched_unflagged	all_matched_unflagged
CASP	Q6K478	Q9M2U0	TN	TN	all_matched_unflagged	all_matched_unflagged
CASP	Q6K478	Q9SIH4	TN	TN	all_matched_unflagged	all_matched_unflagged
CASP	Q6K478	Q9SKN3	TN	TN	all_matched_unflagged	all_matched_unflagged
CASP	Q6K478	Q9SQU2	TN	TN	all_matched_unflagged	all_matched_unflagged
CASP	Q6K478	Q9SUP0	TN	TN	all_matched_unflagged	all_matched_unflagged
CASP	Q6K478	Q9XI72	TN	TN	all_matched_unflagged	all_matched_unflagged
CASP	Q6K478	Q9ZQI2	TN	TN	all_matched_unflagged	all_matched_unflagged
CASP	Q6K478	Q9ZT81	TN	TN	all_matched_unflagged	all_matched_unflagged
CASP	Q6NPF8	Q6YT98	TN	TN	all_matched_unflagged	all_matched_unflagged
CASP	Q6NPF8	Q6YW53	TN	TN	all_matched_unflagged	all_matched_unflagged
CASP	Q6NPF8	Q6Z1Y7	TN	TN	all_matched_unflagged	all_matched_unflagged
CASP	Q6NPF8	Q6Z2U5	TN	TN	all_matched_unflagged	all_matched_unflagged
CASP	Q6NPF8	Q7XPU9	TN	TN	all_matched_unflagged	all_matched_unflagged
CASP	Q6NPF8	Q7XUV7	TN	TN	all_matched_unflagged	all_matched_unflagged
CASP	Q6NPF8	Q84UT5	TN	TN	all_matched_unflagged	all_matched_unflagged
CASP	Q6NPF8	Q84WP5	TN	TN	all_matched_unflagged	all_matched_unflagged
CASP	Q6NPF8	Q8GWD5	TN	TN	all_matched_unflagged	all_matched_unflagged
CASP	Q6NPF8	Q8L7R5	TN	TN	all_matched_unflagged	all_matched_unflagged
CASP	Q6NPF8	Q8L8U9	TN	TN	all_matched_unflagged	all_matched_unflagged
CASP	Q6NPF8	Q8L8Z1	TN	TN	all_matched_unflagged	all_matched_unflagged
CASP	Q6NPF8	Q8L924	TN	TN	all_matched_unflagged	all_matched_unflagged
CASP	Q6NPF8	Q8L9B5	TN	TN	all_matched_unflagged	all_matched_unflagged
CASP	Q6NPF8	Q8LE26	TN	TN	all_matched_unflagged	all_matched_unflagged
CASP	Q6NPF8	Q8VZQ3	TN	TN	all_matched_unflagged	all_matched_unflagged
CASP	Q6NPF8	Q945M8	TN	TN	all_matched_unflagged	all_matched_unflagged
CASP	Q6NPF8	Q9ARX2	TN	TN	all_matched_unflagged	all_matched_unflagged
CASP	Q6NPF8	Q9CAX3	TN	TN	all_matched_unflagged	all_matched_unflagged
CASP	Q6NPF8	Q9FE29	TN	TN	all_matched_unflagged	all_matched_unflagged
CASP	Q6NPF8	Q9FFT2	TN	TN	all_matched_unflagged	all_matched_unflagged
CASP	Q6NPF8	Q9FFZ7	TN	TN	all_matched_unflagged	all_matched_unflagged
CASP	Q6NPF8	Q9FI10	TN	TN	all_matched_unflagged	all_matched_unflagged
CASP	Q6NPF8	Q9FNE8	TN	TN	all_matched_unflagged	all_matched_unflagged
CASP	Q6NPF8	Q9LI17	TN	TN	all_matched_unflagged	all_matched_unflagged
CASP	Q6NPF8	Q9LR57	TN	TN	all_matched_unflagged	all_matched_unflagged
CASP	Q6NPF8	Q9LUL1	TN	TN	all_matched_unflagged	all_matched_unflagged
CASP	Q6NPF8	Q9LXF3	TN	TN	all_matched_unflagged	all_matched_unflagged
CASP	Q6NPF8	Q9LZM5	TN	TN	all_matched_unflagged	all_matched_unflagged
CASP	Q6NPF8	Q9M0L3	TN	TN	all_matched_unflagged	all_matched_unflagged
CASP	Q6NPF8	Q9M2U0	TN	TN	all_matched_unflagged	all_matched_unflagged
CASP	Q6NPF8	Q9SIH4	TN	TN	all_matched_unflagged	all_matched_unflagged
CASP	Q6NPF8	Q9SKN3	TN	TN	all_matched_unflagged	all_matched_unflagged
CASP	Q6NPF8	Q9SQU2	TN	TN	all_matched_unflagged	all_matched_unflagged
CASP	Q6NPF8	Q9SUP0	TN	TN	all_matched_unflagged	all_matched_unflagged
CASP	Q6NPF8	Q9XI72	TN	TN	all_matched_unflagged	all_matched_unflagged
CASP	Q6NPF8	Q9ZQI2	TN	TN	all_matched_unflagged	all_matched_unflagged
CASP	Q6NPF8	Q9ZT81	TN	TN	all_matched_unflagged	all_matched_unflagged
CASP	Q6YT98	Q6YW53	TN	TN	all_matched_unflagged	all_matched_unflagged
CASP	Q6YT98	Q6Z1Y7	TN	TN	all_matched_unflagged	all_matched_unflagged
CASP	Q6YT98	Q6Z2U5	TN	TN	all_matched_unflagged	all_matched_unflagged
CASP	Q6YT98	Q7XPU9	TN	TN	all_matched_unflagged	all_matched_unflagged
CASP	Q6YT98	Q7XUV7	TN	TN	all_matched_unflagged	all_matched_unflagged
CASP	Q6YT98	Q84UT5	TN	TN	all_matched_unflagged	all_matched_unflagged
CASP	Q6YT98	Q84WP5	TN	TN	all_matched_unflagged	all_matched_unflagged
CASP	Q6YT98	Q8GWD5	TN	TN	all_matched_unflagged	all_matched_unflagged
CASP	Q6YT98	Q8L7R5	TN	TN	all_matched_unflagged	all_matched_unflagged
CASP	Q6YT98	Q8L8U9	TN	TN	all_matched_unflagged	all_matched_unflagged
CASP	Q6YT98	Q8L8Z1	TN	TN	all_matched_unflagged	all_matched_unflagged
CASP	Q6YT98	Q8L924	TN	TN	all_matched_unflagged	all_matched_unflagged
CASP	Q6YT98	Q8L9B5	TN	TN	all_matched_unflagged	all_matched_unflagged
CASP	Q6YT98	Q8LE26	TN	TN	all_matched_unflagged	all_matched_unflagged
CASP	Q6YT98	Q8VZQ3	TN	TN	all_matched_unflagged	all_matched_unflagged
CASP	Q6YT98	Q945M8	TN	TN	all_matched_unflagged	all_matched_unflagged
CASP	Q6YT98	Q9ARX2	TN	TN	all_matched_unflagged	all_matched_unflagged
CASP	Q6YT98	Q9CAX3	TN	TN	all_matched_unflagged	all_matched_unflagged
CASP	Q6YT98	Q9FE29	TP	TP	all_matched_unflagged	all_matched_unflagged
CASP	Q6YT98	Q9FFT2	TN	TN	all_matched_unflagged	all_matched_unflagged
CASP	Q6YT98	Q9FFZ7	TN	TN	all_matched_unflagged	all_matched_unflagged
CASP	Q6YT98	Q9FI10	TN	TN	all_matched_unflagged	all_matched_unflagged
CASP	Q6YT98	Q9FNE8	TN	TN	all_matched_unflagged	all_matched_unflagged
CASP	Q6YT98	Q9LI17	TN	TN	all_matched_unflagged	all_matched_unflagged
CASP	Q6YT98	Q9LR57	TN	TN	all_matched_unflagged	all_matched_unflagged
CASP	Q6YT98	Q9LUL1	TN	TN	all_matched_unflagged	all_matched_unflagged
CASP	Q6YT98	Q9LXF3	TN	TN	all_matched_unflagged	all_matched_unflagged
CASP	Q6YT98	Q9LZM5	TN	TN	all_matched_unflagged	all_matched_unflagged
CASP	Q6YT98	Q9M0L3	TN	TN	all_matched_unflagged	all_matched_unflagged
CASP	Q6YT98	Q9M2U0	TN	TN	all_matched_unflagged	all_matched_unflagged
CASP	Q6YT98	Q9SIH4	TN	TN	all_matched_unflagged	all_matched_unflagged
CASP	Q6YT98	Q9SKN3	TN	TN	all_matched_unflagged	all_matched_unflagged
CASP	Q6YT98	Q9SQU2	TP	TP	all_matched_unflagged	all_matched_unflagged
CASP	Q6YT98	Q9SUP0	TN	TN	all_matched_unflagged	all_matched_unflagged
CASP	Q6YT98	Q9XI72	TN	TN	all_matched_unflagged	all_matched_unflagged
CASP	Q6YT98	Q9ZQI2	TN	TN	all_matched_unflagged	all_matched_unflagged
CASP	Q6YT98	Q9ZT81	TN	TN	all_matched_unflagged	all_matched_unflagged
CASP	Q6YW53	Q6Z1Y7	TN	TN	all_matched_unflagged	all_matched_unflagged
CASP	Q6YW53	Q6Z2U5	TN	TN	all_matched_unflagged	all_matched_unflagged
CASP	Q6YW53	Q7XPU9	TN	TN	all_matched_unflagged	all_matched_unflagged
CASP	Q6YW53	Q7XUV7	TN	TN	all_matched_unflagged	all_matched_unflagged
CASP	Q6YW53	Q84UT5	TN	TN	all_matched_unflagged	all_matched_unflagged
CASP	Q6YW53	Q84WP5	TN	TN	all_matched_unflagged	all_matched_unflagged
CASP	Q6YW53	Q8GWD5	TN	TN	all_matched_unflagged	all_matched_unflagged
CASP	Q6YW53	Q8L7R5	TN	TN	all_matched_unflagged	all_matched_unflagged
CASP	Q6YW53	Q8L8U9	TN	TN	all_matched_unflagged	all_matched_unflagged
CASP	Q6YW53	Q8L8Z1	TN	TN	all_matched_unflagged	all_matched_unflagged
CASP	Q6YW53	Q8L924	TN	TN	all_matched_unflagged	all_matched_unflagged
CASP	Q6YW53	Q8L9B5	TN	TN	all_matched_unflagged	all_matched_unflagged
CASP	Q6YW53	Q8LE26	TN	TN	all_matched_unflagged	all_matched_unflagged
CASP	Q6YW53	Q8VZQ3	FP	FP	all_matched_unflagged	all_matched_unflagged
CASP	Q6YW53	Q945M8	TN	TN	all_matched_unflagged	all_matched_unflagged
CASP	Q6YW53	Q9ARX2	TN	TN	all_matched_unflagged	all_matched_unflagged
CASP	Q6YW53	Q9CAX3	TN	TN	all_matched_unflagged	all_matched_unflagged
CASP	Q6YW53	Q9FE29	TN	TN	all_matched_unflagged	all_matched_unflagged
CASP	Q6YW53	Q9FFT2	FN	FN	all_matched_unflagged	all_matched_unflagged
CASP	Q6YW53	Q9FFZ7	TN	TN	all_matched_unflagged	all_matched_unflagged
CASP	Q6YW53	Q9FI10	TN	TN	all_matched_unflagged	all_matched_unflagged
CASP	Q6YW53	Q9FNE8	TN	TN	all_matched_unflagged	all_matched_unflagged
CASP	Q6YW53	Q9LI17	TN	TN	all_matched_unflagged	all_matched_unflagged
CASP	Q6YW53	Q9LR57	TN	TN	all_matched_unflagged	all_matched_unflagged
CASP	Q6YW53	Q9LUL1	FP	FP	all_matched_unflagged	all_matched_unflagged
CASP	Q6YW53	Q9LXF3	TN	TN	all_matched_unflagged	all_matched_unflagged
CASP	Q6YW53	Q9LZM5	TN	TN	all_matched_unflagged	all_matched_unflagged
CASP	Q6YW53	Q9M0L3	TN	TN	all_matched_unflagged	all_matched_unflagged
CASP	Q6YW53	Q9M2U0	TN	TN	all_matched_unflagged	all_matched_unflagged
CASP	Q6YW53	Q9SIH4	TN	TN	all_matched_unflagged	all_matched_unflagged
CASP	Q6YW53	Q9SKN3	TN	TN	all_matched_unflagged	all_matched_unflagged
CASP	Q6YW53	Q9SQU2	TN	TN	all_matched_unflagged	all_matched_unflagged
CASP	Q6YW53	Q9SUP0	TN	TN	all_matched_unflagged	all_matched_unflagged
CASP	Q6YW53	Q9XI72	TN	TN	all_matched_unflagged	all_matched_unflagged
CASP	Q6YW53	Q9ZQI2	TN	TN	all_matched_unflagged	all_matched_unflagged
CASP	Q6YW53	Q9ZT81	TN	TN	all_matched_unflagged	all_matched_unflagged
CASP	Q6Z1Y7	Q6Z2U5	TN	TN	all_matched_unflagged	all_matched_unflagged
CASP	Q6Z1Y7	Q7XPU9	TN	TN	all_matched_unflagged	all_matched_unflagged
CASP	Q6Z1Y7	Q7XUV7	TN	TN	all_matched_unflagged	all_matched_unflagged
CASP	Q6Z1Y7	Q84UT5	TN	TN	all_matched_unflagged	all_matched_unflagged
CASP	Q6Z1Y7	Q84WP5	TN	TN	all_matched_unflagged	all_matched_unflagged
CASP	Q6Z1Y7	Q8GWD5	TN	TN	all_matched_unflagged	all_matched_unflagged
CASP	Q6Z1Y7	Q8L7R5	TN	TN	all_matched_unflagged	all_matched_unflagged
CASP	Q6Z1Y7	Q8L8U9	TN	TN	all_matched_unflagged	all_matched_unflagged
CASP	Q6Z1Y7	Q8L8Z1	TN	TN	all_matched_unflagged	all_matched_unflagged
CASP	Q6Z1Y7	Q8L924	TN	TN	all_matched_unflagged	all_matched_unflagged
CASP	Q6Z1Y7	Q8L9B5	TN	TN	all_matched_unflagged	all_matched_unflagged
CASP	Q6Z1Y7	Q8LE26	TN	TN	all_matched_unflagged	all_matched_unflagged
CASP	Q6Z1Y7	Q8VZQ3	TN	TN	all_matched_unflagged	all_matched_unflagged
CASP	Q6Z1Y7	Q945M8	TN	TN	all_matched_unflagged	all_matched_unflagged
CASP	Q6Z1Y7	Q9ARX2	TN	TN	all_matched_unflagged	all_matched_unflagged
CASP	Q6Z1Y7	Q9CAX3	TP	TP	all_matched_unflagged	all_matched_unflagged
CASP	Q6Z1Y7	Q9FE29	TN	TN	all_matched_unflagged	all_matched_unflagged
CASP	Q6Z1Y7	Q9FFT2	TN	TN	all_matched_unflagged	all_matched_unflagged
CASP	Q6Z1Y7	Q9FFZ7	TP	TP	all_matched_unflagged	all_matched_unflagged
CASP	Q6Z1Y7	Q9FI10	TN	TN	all_matched_unflagged	all_matched_unflagged
CASP	Q6Z1Y7	Q9FNE8	TN	TN	all_matched_unflagged	all_matched_unflagged
CASP	Q6Z1Y7	Q9LI17	TN	TN	all_matched_unflagged	all_matched_unflagged
CASP	Q6Z1Y7	Q9LR57	TN	TN	all_matched_unflagged	all_matched_unflagged
CASP	Q6Z1Y7	Q9LUL1	TN	TN	all_matched_unflagged	all_matched_unflagged
CASP	Q6Z1Y7	Q9LXF3	FP	TN	all_matched_unflagged	all_matched_unflagged
CASP	Q6Z1Y7	Q9LZM5	TN	TN	all_matched_unflagged	all_matched_unflagged
CASP	Q6Z1Y7	Q9M0L3	TN	TN	all_matched_unflagged	all_matched_unflagged
CASP	Q6Z1Y7	Q9M2U0	TN	TN	all_matched_unflagged	all_matched_unflagged
CASP	Q6Z1Y7	Q9SIH4	TP	TP	all_matched_unflagged	all_matched_unflagged
CASP	Q6Z1Y7	Q9SKN3	TN	TN	all_matched_unflagged	all_matched_unflagged
CASP	Q6Z1Y7	Q9SQU2	TN	TN	all_matched_unflagged	all_matched_unflagged
CASP	Q6Z1Y7	Q9SUP0	TN	TN	all_matched_unflagged	all_matched_unflagged
CASP	Q6Z1Y7	Q9XI72	FP	TN	all_matched_unflagged	all_matched_unflagged
CASP	Q6Z1Y7	Q9ZQI2	TP	TP	all_matched_unflagged	all_matched_unflagged
CASP	Q6Z1Y7	Q9ZT81	TN	TN	all_matched_unflagged	all_matched_unflagged
CASP	Q6Z2U5	Q7XPU9	TN	TN	all_matched_unflagged	all_matched_unflagged
CASP	Q6Z2U5	Q7XUV7	TN	TN	all_matched_unflagged	all_matched_unflagged
CASP	Q6Z2U5	Q84UT5	TN	TN	all_matched_unflagged	all_matched_unflagged
CASP	Q6Z2U5	Q84WP5	TN	TN	all_matched_unflagged	all_matched_unflagged
CASP	Q6Z2U5	Q8GWD5	TN	TN	all_matched_unflagged	all_matched_unflagged
CASP	Q6Z2U5	Q8L7R5	TN	TN	all_matched_unflagged	all_matched_unflagged
CASP	Q6Z2U5	Q8L8U9	TN	TN	all_matched_unflagged	all_matched_unflagged
CASP	Q6Z2U5	Q8L8Z1	TN	TN	all_matched_unflagged	all_matched_unflagged
CASP	Q6Z2U5	Q8L924	TN	TN	all_matched_unflagged	all_matched_unflagged
CASP	Q6Z2U5	Q8L9B5	TN	TN	all_matched_unflagged	all_matched_unflagged
CASP	Q6Z2U5	Q8LE26	TN	TN	all_matched_unflagged	all_matched_unflagged
CASP	Q6Z2U5	Q8VZQ3	TN	TN	all_matched_unflagged	all_matched_unflagged
CASP	Q6Z2U5	Q945M8	TN	TN	all_matched_unflagged	all_matched_unflagged
CASP	Q6Z2U5	Q9ARX2	TN	TN	all_matched_unflagged	all_matched_unflagged
CASP	Q6Z2U5	Q9CAX3	FP	TN	all_matched_unflagged	all_matched_unflagged
CASP	Q6Z2U5	Q9FE29	TN	TN	all_matched_unflagged	all_matched_unflagged
CASP	Q6Z2U5	Q9FFT2	TN	TN	all_matched_unflagged	all_matched_unflagged
CASP	Q6Z2U5	Q9FFZ7	FP	TN	all_matched_unflagged	all_matched_unflagged
CASP	Q6Z2U5	Q9FI10	TN	TN	all_matched_unflagged	all_matched_unflagged
CASP	Q6Z2U5	Q9FNE8	TN	TN	all_matched_unflagged	all_matched_unflagged
CASP	Q6Z2U5	Q9LI17	TN	TN	all_matched_unflagged	all_matched_unflagged
CASP	Q6Z2U5	Q9LR57	TN	TN	all_matched_unflagged	all_matched_unflagged
CASP	Q6Z2U5	Q9LUL1	TN	TN	all_matched_unflagged	all_matched_unflagged
CASP	Q6Z2U5	Q9LXF3	TP	TP	all_matched_unflagged	all_matched_unflagged
CASP	Q6Z2U5	Q9LZM5	TN	TN	all_matched_unflagged	all_matched_unflagged
CASP	Q6Z2U5	Q9M0L3	TN	TN	all_matched_unflagged	all_matched_unflagged
CASP	Q6Z2U5	Q9M2U0	TN	TN	all_matched_unflagged	all_matched_unflagged
CASP	Q6Z2U5	Q9SIH4	FP	TN	all_matched_unflagged	all_matched_unflagged
CASP	Q6Z2U5	Q9SKN3	TN	TN	all_matched_unflagged	all_matched_unflagged
CASP	Q6Z2U5	Q9SQU2	TN	TN	all_matched_unflagged	all_matched_unflagged
CASP	Q6Z2U5	Q9SUP0	TN	TN	all_matched_unflagged	all_matched_unflagged
CASP	Q6Z2U5	Q9XI72	TP	TP	all_matched_unflagged	all_matched_unflagged
CASP	Q6Z2U5	Q9ZQI2	FP	TN	all_matched_unflagged	all_matched_unflagged
CASP	Q6Z2U5	Q9ZT81	TN	TN	all_matched_unflagged	all_matched_unflagged
CASP	Q7XPU9	Q7XUV7	TN	TN	all_matched_unflagged	all_matched_unflagged
CASP	Q7XPU9	Q84UT5	TN	TN	all_matched_unflagged	all_matched_unflagged
CASP	Q7XPU9	Q84WP5	TN	TN	all_matched_unflagged	all_matched_unflagged
CASP	Q7XPU9	Q8GWD5	TN	TN	all_matched_unflagged	all_matched_unflagged
CASP	Q7XPU9	Q8L7R5	TN	TN	all_matched_unflagged	all_matched_unflagged
CASP	Q7XPU9	Q8L8U9	TN	TN	all_matched_unflagged	all_matched_unflagged
CASP	Q7XPU9	Q8L8Z1	TN	TN	all_matched_unflagged	all_matched_unflagged
CASP	Q7XPU9	Q8L924	TN	TN	all_matched_unflagged	all_matched_unflagged
CASP	Q7XPU9	Q8L9B5	TN	TN	all_matched_unflagged	all_matched_unflagged
CASP	Q7XPU9	Q8LE26	TN	TN	all_matched_unflagged	all_matched_unflagged
CASP	Q7XPU9	Q8VZQ3	TN	TN	all_matched_unflagged	all_matched_unflagged
CASP	Q7XPU9	Q945M8	TN	TN	all_matched_unflagged	all_matched_unflagged
CASP	Q7XPU9	Q9ARX2	TN	TN	all_matched_unflagged	all_matched_unflagged
CASP	Q7XPU9	Q9CAX3	TP	TP	all_matched_unflagged	all_matched_unflagged
CASP	Q7XPU9	Q9FE29	TN	TN	all_matched_unflagged	all_matched_unflagged
CASP	Q7XPU9	Q9FFT2	TN	TN	all_matched_unflagged	all_matched_unflagged
CASP	Q7XPU9	Q9FFZ7	TP	TP	all_matched_unflagged	all_matched_unflagged
CASP	Q7XPU9	Q9FI10	TN	TN	all_matched_unflagged	all_matched_unflagged
CASP	Q7XPU9	Q9FNE8	TN	TN	all_matched_unflagged	all_matched_unflagged
CASP	Q7XPU9	Q9LI17	TN	TN	all_matched_unflagged	all_matched_unflagged
CASP	Q7XPU9	Q9LR57	TN	TN	all_matched_unflagged	all_matched_unflagged
CASP	Q7XPU9	Q9LUL1	TN	TN	all_matched_unflagged	all_matched_unflagged
CASP	Q7XPU9	Q9LXF3	FP	TN	all_matched_unflagged	all_matched_unflagged
CASP	Q7XPU9	Q9LZM5	TN	TN	all_matched_unflagged	all_matched_unflagged
CASP	Q7XPU9	Q9M0L3	TN	TN	all_matched_unflagged	all_matched_unflagged
CASP	Q7XPU9	Q9M2U0	TN	TN	all_matched_unflagged	all_matched_unflagged
CASP	Q7XPU9	Q9SIH4	TP	TP	all_matched_unflagged	all_matched_unflagged
CASP	Q7XPU9	Q9SKN3	TN	TN	all_matched_unflagged	all_matched_unflagged
CASP	Q7XPU9	Q9SQU2	TN	TN	all_matched_unflagged	all_matched_unflagged
CASP	Q7XPU9	Q9SUP0	TN	TN	all_matched_unflagged	all_matched_unflagged
CASP	Q7XPU9	Q9XI72	FP	TN	all_matched_unflagged	all_matched_unflagged
CASP	Q7XPU9	Q9ZQI2	TP	TP	all_matched_unflagged	all_matched_unflagged
CASP	Q7XPU9	Q9ZT81	TN	TN	all_matched_unflagged	all_matched_unflagged
CASP	Q7XUV7	Q84UT5	TN	TN	all_matched_unflagged	all_matched_unflagged
CASP	Q7XUV7	Q84WP5	TN	TN	all_matched_unflagged	all_matched_unflagged
CASP	Q7XUV7	Q8GWD5	TN	TN	all_matched_unflagged	all_matched_unflagged
CASP	Q7XUV7	Q8L7R5	TN	TN	all_matched_unflagged	all_matched_unflagged
CASP	Q7XUV7	Q8L8U9	TN	TN	all_matched_unflagged	all_matched_unflagged
CASP	Q7XUV7	Q8L8Z1	TN	TN	all_matched_unflagged	all_matched_unflagged
CASP	Q7XUV7	Q8L924	TN	TN	all_matched_unflagged	all_matched_unflagged
CASP	Q7XUV7	Q8L9B5	TN	TN	all_matched_unflagged	all_matched_unflagged
CASP	Q7XUV7	Q8LE26	TN	TN	all_matched_unflagged	all_matched_unflagged
CASP	Q7XUV7	Q8VZQ3	TN	TN	all_matched_unflagged	all_matched_unflagged
CASP	Q7XUV7	Q945M8	TN	TN	all_matched_unflagged	all_matched_unflagged
CASP	Q7XUV7	Q9ARX2	TN	TN	all_matched_unflagged	all_matched_unflagged
CASP	Q7XUV7	Q9CAX3	FP	TN	all_matched_unflagged	all_matched_unflagged
CASP	Q7XUV7	Q9FE29	TN	TN	all_matched_unflagged	all_matched_unflagged
CASP	Q7XUV7	Q9FFT2	TN	TN	all_matched_unflagged	all_matched_unflagged
CASP	Q7XUV7	Q9FFZ7	FP	TN	all_matched_unflagged	all_matched_unflagged
CASP	Q7XUV7	Q9FI10	TN	TN	all_matched_unflagged	all_matched_unflagged
CASP	Q7XUV7	Q9FNE8	TN	TN	all_matched_unflagged	all_matched_unflagged
CASP	Q7XUV7	Q9LI17	TN	TN	all_matched_unflagged	all_matched_unflagged
CASP	Q7XUV7	Q9LR57	TN	TN	all_matched_unflagged	all_matched_unflagged
CASP	Q7XUV7	Q9LUL1	TN	TN	all_matched_unflagged	all_matched_unflagged
CASP	Q7XUV7	Q9LXF3	TP	TP	all_matched_unflagged	all_matched_unflagged
CASP	Q7XUV7	Q9LZM5	TN	TN	all_matched_unflagged	all_matched_unflagged
CASP	Q7XUV7	Q9M0L3	TN	TN	all_matched_unflagged	all_matched_unflagged
CASP	Q7XUV7	Q9M2U0	TN	TN	all_matched_unflagged	all_matched_unflagged
CASP	Q7XUV7	Q9SIH4	FP	TN	all_matched_unflagged	all_matched_unflagged
CASP	Q7XUV7	Q9SKN3	TN	TN	all_matched_unflagged	all_matched_unflagged
CASP	Q7XUV7	Q9SQU2	TN	TN	all_matched_unflagged	all_matched_unflagged
CASP	Q7XUV7	Q9SUP0	TN	TN	all_matched_unflagged	all_matched_unflagged
CASP	Q7XUV7	Q9XI72	TP	TP	all_matched_unflagged	all_matched_unflagged
CASP	Q7XUV7	Q9ZQI2	FP	TN	all_matched_unflagged	all_matched_unflagged
CASP	Q7XUV7	Q9ZT81	TN	TN	all_matched_unflagged	all_matched_unflagged
CASP	Q84UT5	Q84WP5	TN	TN	all_matched_unflagged	all_matched_unflagged
CASP	Q84UT5	Q8GWD5	TN	TN	all_matched_unflagged	all_matched_unflagged
CASP	Q84UT5	Q8L7R5	TN	TN	all_matched_unflagged	all_matched_unflagged
CASP	Q84UT5	Q8L8U9	TN	TN	all_matched_unflagged	all_matched_unflagged
CASP	Q84UT5	Q8L8Z1	TN	TN	all_matched_unflagged	all_matched_unflagged
CASP	Q84UT5	Q8L924	TN	TN	all_matched_unflagged	all_matched_unflagged
CASP	Q84UT5	Q8L9B5	TN	TN	all_matched_unflagged	all_matched_unflagged
CASP	Q84UT5	Q8LE26	TN	TN	all_matched_unflagged	all_matched_unflagged
CASP	Q84UT5	Q8VZQ3	TN	TN	all_matched_unflagged	all_matched_unflagged
CASP	Q84UT5	Q945M8	TN	TN	all_matched_unflagged	all_matched_unflagged
CASP	Q84UT5	Q9ARX2	TN	TN	all_matched_unflagged	all_matched_unflagged
CASP	Q84UT5	Q9CAX3	TN	TN	all_matched_unflagged	all_matched_unflagged
CASP	Q84UT5	Q9FE29	TN	TN	all_matched_unflagged	all_matched_unflagged
CASP	Q84UT5	Q9FFT2	TN	TN	all_matched_unflagged	all_matched_unflagged
CASP	Q84UT5	Q9FFZ7	TN	TN	all_matched_unflagged	all_matched_unflagged
CASP	Q84UT5	Q9FI10	TN	TN	all_matched_unflagged	all_matched_unflagged
CASP	Q84UT5	Q9FNE8	TN	TN	all_matched_unflagged	all_matched_unflagged
CASP	Q84UT5	Q9LI17	TN	TN	all_matched_unflagged	all_matched_unflagged
CASP	Q84UT5	Q9LR57	TP	TP	all_matched_unflagged	all_matched_unflagged
CASP	Q84UT5	Q9LUL1	TN	TN	all_matched_unflagged	all_matched_unflagged
CASP	Q84UT5	Q9LXF3	TN	TN	all_matched_unflagged	all_matched_unflagged
CASP	Q84UT5	Q9LZM5	TN	TN	all_matched_unflagged	all_matched_unflagged
CASP	Q84UT5	Q9M0L3	TN	TN	all_matched_unflagged	all_matched_unflagged
CASP	Q84UT5	Q9M2U0	TN	TN	all_matched_unflagged	all_matched_unflagged
CASP	Q84UT5	Q9SIH4	TN	TN	all_matched_unflagged	all_matched_unflagged
CASP	Q84UT5	Q9SKN3	TN	TN	all_matched_unflagged	all_matched_unflagged
CASP	Q84UT5	Q9SQU2	TN	TN	all_matched_unflagged	all_matched_unflagged
CASP	Q84UT5	Q9SUP0	TN	TN	all_matched_unflagged	all_matched_unflagged
CASP	Q84UT5	Q9XI72	TN	TN	all_matched_unflagged	all_matched_unflagged
CASP	Q84UT5	Q9ZQI2	TN	TN	all_matched_unflagged	all_matched_unflagged
CASP	Q84UT5	Q9ZT81	TP	TP	all_matched_unflagged	all_matched_unflagged
CASP	Q84WP5	Q8GWD5	TN	TN	all_matched_unflagged	all_matched_unflagged
CASP	Q84WP5	Q8L7R5	TN	TN	all_matched_unflagged	all_matched_unflagged
CASP	Q84WP5	Q8L8U9	TN	TN	all_matched_unflagged	all_matched_unflagged
CASP	Q84WP5	Q8L8Z1	TN	TN	all_matched_unflagged	all_matched_unflagged
CASP	Q84WP5	Q8L924	TN	TN	all_matched_unflagged	all_matched_unflagged
CASP	Q84WP5	Q8L9B5	TN	TN	all_matched_unflagged	all_matched_unflagged
CASP	Q84WP5	Q8LE26	TN	TN	all_matched_unflagged	all_matched_unflagged
CASP	Q84WP5	Q8VZQ3	TN	TN	all_matched_unflagged	all_matched_unflagged
CASP	Q84WP5	Q945M8	TN	TN	all_matched_unflagged	all_matched_unflagged
CASP	Q84WP5	Q9ARX2	TN	TN	all_matched_unflagged	all_matched_unflagged
CASP	Q84WP5	Q9CAX3	TN	TN	all_matched_unflagged	all_matched_unflagged
CASP	Q84WP5	Q9FE29	TN	TN	all_matched_unflagged	all_matched_unflagged
CASP	Q84WP5	Q9FFT2	TN	TN	all_matched_unflagged	all_matched_unflagged
CASP	Q84WP5	Q9FFZ7	TN	TN	all_matched_unflagged	all_matched_unflagged
CASP	Q84WP5	Q9FI10	TN	TN	all_matched_unflagged	all_matched_unflagged
CASP	Q84WP5	Q9FNE8	TN	TN	all_matched_unflagged	all_matched_unflagged
CASP	Q84WP5	Q9LI17	TN	TN	all_matched_unflagged	all_matched_unflagged
CASP	Q84WP5	Q9LR57	TN	TN	all_matched_unflagged	all_matched_unflagged
CASP	Q84WP5	Q9LUL1	TN	TN	all_matched_unflagged	all_matched_unflagged
CASP	Q84WP5	Q9LXF3	TN	TN	all_matched_unflagged	all_matched_unflagged
CASP	Q84WP5	Q9LZM5	TN	TN	all_matched_unflagged	all_matched_unflagged
CASP	Q84WP5	Q9M0L3	TN	TN	all_matched_unflagged	all_matched_unflagged
CASP	Q84WP5	Q9M2U0	TN	TN	all_matched_unflagged	all_matched_unflagged
CASP	Q84WP5	Q9SIH4	TN	TN	all_matched_unflagged	all_matched_unflagged
CASP	Q84WP5	Q9SKN3	TN	TN	all_matched_unflagged	all_matched_unflagged
CASP	Q84WP5	Q9SQU2	TN	TN	all_matched_unflagged	all_matched_unflagged
CASP	Q84WP5	Q9SUP0	TN	TN	all_matched_unflagged	all_matched_unflagged
CASP	Q84WP5	Q9XI72	TN	TN	all_matched_unflagged	all_matched_unflagged
CASP	Q84WP5	Q9ZQI2	TN	TN	all_matched_unflagged	all_matched_unflagged
CASP	Q84WP5	Q9ZT81	TN	TN	all_matched_unflagged	all_matched_unflagged
CASP	Q8GWD5	Q8L7R5	TN	TN	all_matched_unflagged	all_matched_unflagged
CASP	Q8GWD5	Q8L8U9	TN	TN	all_matched_unflagged	all_matched_unflagged
CASP	Q8GWD5	Q8L8Z1	TN	TN	all_matched_unflagged	all_matched_unflagged
CASP	Q8GWD5	Q8L924	TN	TN	all_matched_unflagged	all_matched_unflagged
CASP	Q8GWD5	Q8L9B5	TN	TN	all_matched_unflagged	all_matched_unflagged
CASP	Q8GWD5	Q8LE26	TN	TN	all_matched_unflagged	all_matched_unflagged
CASP	Q8GWD5	Q8VZQ3	TN	TN	all_matched_unflagged	all_matched_unflagged
CASP	Q8GWD5	Q945M8	TN	TN	all_matched_unflagged	all_matched_unflagged
CASP	Q8GWD5	Q9ARX2	TN	TN	all_matched_unflagged	all_matched_unflagged
CASP	Q8GWD5	Q9CAX3	TN	TN	all_matched_unflagged	all_matched_unflagged
CASP	Q8GWD5	Q9FE29	TN	TN	all_matched_unflagged	all_matched_unflagged
CASP	Q8GWD5	Q9FFT2	TN	TN	all_matched_unflagged	all_matched_unflagged
CASP	Q8GWD5	Q9FFZ7	TN	TN	all_matched_unflagged	all_matched_unflagged
CASP	Q8GWD5	Q9FI10	TN	TN	all_matched_unflagged	all_matched_unflagged
CASP	Q8GWD5	Q9FNE8	TN	TN	all_matched_unflagged	all_matched_unflagged
CASP	Q8GWD5	Q9LI17	TN	TN	all_matched_unflagged	all_matched_unflagged
CASP	Q8GWD5	Q9LR57	TN	TN	all_matched_unflagged	all_matched_unflagged
CASP	Q8GWD5	Q9LUL1	TN	TN	all_matched_unflagged	all_matched_unflagged
CASP	Q8GWD5	Q9LXF3	TN	TN	all_matched_unflagged	all_matched_unflagged
CASP	Q8GWD5	Q9LZM5	TN	TN	all_matched_unflagged	all_matched_unflagged
CASP	Q8GWD5	Q9M0L3	TN	TN	all_matched_unflagged	all_matched_unflagged
CASP	Q8GWD5	Q9M2U0	TN	TN	all_matched_unflagged	all_matched_unflagged
CASP	Q8GWD5	Q9SIH4	TN	TN	all_matched_unflagged	all_matched_unflagged
CASP	Q8GWD5	Q9SKN3	TN	TN	all_matched_unflagged	all_matched_unflagged
CASP	Q8GWD5	Q9SQU2	TN	TN	all_matched_unflagged	all_matched_unflagged
CASP	Q8GWD5	Q9SUP0	TN	TN	all_matched_unflagged	all_matched_unflagged
CASP	Q8GWD5	Q9XI72	TN	TN	all_matched_unflagged	all_matched_unflagged
CASP	Q8GWD5	Q9ZQI2	TN	TN	all_matched_unflagged	all_matched_unflagged
CASP	Q8GWD5	Q9ZT81	TN	TN	all_matched_unflagged	all_matched_unflagged
CASP	Q8L7R5	Q8L8U9	TN	TN	all_matched_unflagged	all_matched_unflagged
CASP	Q8L7R5	Q8L8Z1	TN	TN	all_matched_unflagged	all_matched_unflagged
CASP	Q8L7R5	Q8L924	TN	TN	all_matched_unflagged	all_matched_unflagged
CASP	Q8L7R5	Q8L9B5	TN	TN	all_matched_unflagged	all_matched_unflagged
CASP	Q8L7R5	Q8LE26	TN	TN	all_matched_unflagged	all_matched_unflagged
CASP	Q8L7R5	Q8VZQ3	TN	TN	all_matched_unflagged	all_matched_unflagged
CASP	Q8L7R5	Q945M8	TN	TN	all_matched_unflagged	all_matched_unflagged
CASP	Q8L7R5	Q9ARX2	TN	TN	all_matched_unflagged	all_matched_unflagged
CASP	Q8L7R5	Q9CAX3	TN	TN	all_matched_unflagged	all_matched_unflagged
CASP	Q8L7R5	Q9FE29	TN	TN	all_matched_unflagged	all_matched_unflagged
CASP	Q8L7R5	Q9FFT2	TN	TN	all_matched_unflagged	all_matched_unflagged
CASP	Q8L7R5	Q9FFZ7	TN	TN	all_matched_unflagged	all_matched_unflagged
CASP	Q8L7R5	Q9FI10	TN	TN	all_matched_unflagged	all_matched_unflagged
CASP	Q8L7R5	Q9FNE8	TN	TN	all_matched_unflagged	all_matched_unflagged
CASP	Q8L7R5	Q9LI17	TN	TN	all_matched_unflagged	all_matched_unflagged
CASP	Q8L7R5	Q9LR57	TN	TN	all_matched_unflagged	all_matched_unflagged
CASP	Q8L7R5	Q9LUL1	TN	TN	all_matched_unflagged	all_matched_unflagged
CASP	Q8L7R5	Q9LXF3	TN	TN	all_matched_unflagged	all_matched_unflagged
CASP	Q8L7R5	Q9LZM5	TN	TN	all_matched_unflagged	all_matched_unflagged
CASP	Q8L7R5	Q9M0L3	TN	TN	all_matched_unflagged	all_matched_unflagged
CASP	Q8L7R5	Q9M2U0	TN	TN	all_matched_unflagged	all_matched_unflagged
CASP	Q8L7R5	Q9SIH4	TN	TN	all_matched_unflagged	all_matched_unflagged
CASP	Q8L7R5	Q9SKN3	TN	TN	all_matched_unflagged	all_matched_unflagged
CASP	Q8L7R5	Q9SQU2	TN	TN	all_matched_unflagged	all_matched_unflagged
CASP	Q8L7R5	Q9SUP0	TN	TN	all_matched_unflagged	all_matched_unflagged
CASP	Q8L7R5	Q9XI72	TN	TN	all_matched_unflagged	all_matched_unflagged
CASP	Q8L7R5	Q9ZQI2	TN	TN	all_matched_unflagged	all_matched_unflagged
CASP	Q8L7R5	Q9ZT81	TN	TN	all_matched_unflagged	all_matched_unflagged
CASP	Q8L8U9	Q8L8Z1	TN	TN	all_matched_unflagged	all_matched_unflagged
CASP	Q8L8U9	Q8L924	TN	TN	all_matched_unflagged	all_matched_unflagged
CASP	Q8L8U9	Q8L9B5	TN	TN	all_matched_unflagged	all_matched_unflagged
CASP	Q8L8U9	Q8LE26	TN	TN	all_matched_unflagged	all_matched_unflagged
CASP	Q8L8U9	Q8VZQ3	TN	TN	all_matched_unflagged	all_matched_unflagged
CASP	Q8L8U9	Q945M8	TN	TN	all_matched_unflagged	all_matched_unflagged
CASP	Q8L8U9	Q9ARX2	TN	TN	all_matched_unflagged	all_matched_unflagged
CASP	Q8L8U9	Q9CAX3	TN	TN	all_matched_unflagged	all_matched_unflagged
CASP	Q8L8U9	Q9FE29	TN	TN	all_matched_unflagged	all_matched_unflagged
CASP	Q8L8U9	Q9FFT2	TN	TN	all_matched_unflagged	all_matched_unflagged
CASP	Q8L8U9	Q9FFZ7	TN	TN	all_matched_unflagged	all_matched_unflagged
CASP	Q8L8U9	Q9FI10	TN	TN	all_matched_unflagged	all_matched_unflagged
CASP	Q8L8U9	Q9FNE8	TN	TN	all_matched_unflagged	all_matched_unflagged
CASP	Q8L8U9	Q9LI17	TN	TN	all_matched_unflagged	all_matched_unflagged
CASP	Q8L8U9	Q9LR57	TN	TN	all_matched_unflagged	all_matched_unflagged
CASP	Q8L8U9	Q9LUL1	TN	TN	all_matched_unflagged	all_matched_unflagged
CASP	Q8L8U9	Q9LXF3	TN	TN	all_matched_unflagged	all_matched_unflagged
CASP	Q8L8U9	Q9LZM5	TN	TN	all_matched_unflagged	all_matched_unflagged
CASP	Q8L8U9	Q9M0L3	TN	TN	all_matched_unflagged	all_matched_unflagged
CASP	Q8L8U9	Q9M2U0	TN	TN	all_matched_unflagged	all_matched_unflagged
CASP	Q8L8U9	Q9SIH4	TN	TN	all_matched_unflagged	all_matched_unflagged
CASP	Q8L8U9	Q9SKN3	TN	TN	all_matched_unflagged	all_matched_unflagged
CASP	Q8L8U9	Q9SQU2	TN	TN	all_matched_unflagged	all_matched_unflagged
CASP	Q8L8U9	Q9SUP0	TN	TN	all_matched_unflagged	all_matched_unflagged
CASP	Q8L8U9	Q9XI72	TN	TN	all_matched_unflagged	all_matched_unflagged
CASP	Q8L8U9	Q9ZQI2	TN	TN	all_matched_unflagged	all_matched_unflagged
CASP	Q8L8U9	Q9ZT81	TN	TN	all_matched_unflagged	all_matched_unflagged
CASP	Q8L8Z1	Q8L924	TN	TN	all_matched_unflagged	all_matched_unflagged
CASP	Q8L8Z1	Q8L9B5	TN	TN	all_matched_unflagged	all_matched_unflagged
CASP	Q8L8Z1	Q8LE26	TN	TN	all_matched_unflagged	all_matched_unflagged
CASP	Q8L8Z1	Q8VZQ3	TN	TN	all_matched_unflagged	all_matched_unflagged
CASP	Q8L8Z1	Q945M8	TN	TN	all_matched_unflagged	all_matched_unflagged
CASP	Q8L8Z1	Q9ARX2	TP	TP	all_matched_unflagged	all_matched_unflagged
CASP	Q8L8Z1	Q9CAX3	TN	TN	all_matched_unflagged	all_matched_unflagged
CASP	Q8L8Z1	Q9FE29	TN	TN	all_matched_unflagged	all_matched_unflagged
CASP	Q8L8Z1	Q9FFT2	TN	TN	all_matched_unflagged	all_matched_unflagged
CASP	Q8L8Z1	Q9FFZ7	TN	TN	all_matched_unflagged	all_matched_unflagged
CASP	Q8L8Z1	Q9FI10	TN	TN	all_matched_unflagged	all_matched_unflagged
CASP	Q8L8Z1	Q9FNE8	TN	TN	all_matched_unflagged	all_matched_unflagged
CASP	Q8L8Z1	Q9LI17	TN	TN	all_matched_unflagged	all_matched_unflagged
CASP	Q8L8Z1	Q9LR57	TN	TN	all_matched_unflagged	all_matched_unflagged
CASP	Q8L8Z1	Q9LUL1	TN	TN	all_matched_unflagged	all_matched_unflagged
CASP	Q8L8Z1	Q9LXF3	TN	TN	all_matched_unflagged	all_matched_unflagged
CASP	Q8L8Z1	Q9LZM5	TN	TN	all_matched_unflagged	all_matched_unflagged
CASP	Q8L8Z1	Q9M0L3	TN	TN	all_matched_unflagged	all_matched_unflagged
CASP	Q8L8Z1	Q9M2U0	TN	TN	all_matched_unflagged	all_matched_unflagged
CASP	Q8L8Z1	Q9SIH4	TN	TN	all_matched_unflagged	all_matched_unflagged
CASP	Q8L8Z1	Q9SKN3	TN	TN	all_matched_unflagged	all_matched_unflagged
CASP	Q8L8Z1	Q9SQU2	TN	TN	all_matched_unflagged	all_matched_unflagged
CASP	Q8L8Z1	Q9SUP0	TN	TN	all_matched_unflagged	all_matched_unflagged
CASP	Q8L8Z1	Q9XI72	TN	TN	all_matched_unflagged	all_matched_unflagged
CASP	Q8L8Z1	Q9ZQI2	TN	TN	all_matched_unflagged	all_matched_unflagged
CASP	Q8L8Z1	Q9ZT81	TN	TN	all_matched_unflagged	all_matched_unflagged
CASP	Q8L924	Q8L9B5	TN	TN	all_matched_unflagged	all_matched_unflagged
CASP	Q8L924	Q8LE26	TN	TN	all_matched_unflagged	all_matched_unflagged
CASP	Q8L924	Q8VZQ3	TN	TN	all_matched_unflagged	all_matched_unflagged
CASP	Q8L924	Q945M8	TN	TN	all_matched_unflagged	all_matched_unflagged
CASP	Q8L924	Q9ARX2	TN	TN	all_matched_unflagged	all_matched_unflagged
CASP	Q8L924	Q9CAX3	TN	TN	all_matched_unflagged	all_matched_unflagged
CASP	Q8L924	Q9FE29	TN	TN	all_matched_unflagged	all_matched_unflagged
CASP	Q8L924	Q9FFT2	TN	TN	all_matched_unflagged	all_matched_unflagged
CASP	Q8L924	Q9FFZ7	TN	TN	all_matched_unflagged	all_matched_unflagged
CASP	Q8L924	Q9FI10	TN	TN	all_matched_unflagged	all_matched_unflagged
CASP	Q8L924	Q9FNE8	TN	TN	all_matched_unflagged	all_matched_unflagged
CASP	Q8L924	Q9LI17	TN	TN	all_matched_unflagged	all_matched_unflagged
CASP	Q8L924	Q9LR57	TN	TN	all_matched_unflagged	all_matched_unflagged
CASP	Q8L924	Q9LUL1	TN	TN	all_matched_unflagged	all_matched_unflagged
CASP	Q8L924	Q9LXF3	TN	TN	all_matched_unflagged	all_matched_unflagged
CASP	Q8L924	Q9LZM5	TN	TN	all_matched_unflagged	all_matched_unflagged
CASP	Q8L924	Q9M0L3	TN	TN	all_matched_unflagged	all_matched_unflagged
CASP	Q8L924	Q9M2U0	TN	TN	all_matched_unflagged	all_matched_unflagged
CASP	Q8L924	Q9SIH4	TN	TN	all_matched_unflagged	all_matched_unflagged
CASP	Q8L924	Q9SKN3	TN	TN	all_matched_unflagged	all_matched_unflagged
CASP	Q8L924	Q9SQU2	TN	TN	all_matched_unflagged	all_matched_unflagged
CASP	Q8L924	Q9SUP0	TN	TN	all_matched_unflagged	all_matched_unflagged
CASP	Q8L924	Q9XI72	TN	TN	all_matched_unflagged	all_matched_unflagged
CASP	Q8L924	Q9ZQI2	TN	TN	all_matched_unflagged	all_matched_unflagged
CASP	Q8L924	Q9ZT81	TN	TN	all_matched_unflagged	all_matched_unflagged
CASP	Q8L9B5	Q8LE26	TN	TN	all_matched_unflagged	all_matched_unflagged
CASP	Q8L9B5	Q8VZQ3	TN	TN	all_matched_unflagged	all_matched_unflagged
CASP	Q8L9B5	Q945M8	TN	TN	all_matched_unflagged	all_matched_unflagged
CASP	Q8L9B5	Q9ARX2	TN	TN	all_matched_unflagged	all_matched_unflagged
CASP	Q8L9B5	Q9CAX3	TN	TN	all_matched_unflagged	all_matched_unflagged
CASP	Q8L9B5	Q9FE29	TN	TN	all_matched_unflagged	all_matched_unflagged
CASP	Q8L9B5	Q9FFT2	TN	TN	all_matched_unflagged	all_matched_unflagged
CASP	Q8L9B5	Q9FFZ7	TN	TN	all_matched_unflagged	all_matched_unflagged
CASP	Q8L9B5	Q9FI10	TN	TN	all_matched_unflagged	all_matched_unflagged
CASP	Q8L9B5	Q9FNE8	TN	TN	all_matched_unflagged	all_matched_unflagged
CASP	Q8L9B5	Q9LI17	TN	TN	all_matched_unflagged	all_matched_unflagged
CASP	Q8L9B5	Q9LR57	TN	TN	all_matched_unflagged	all_matched_unflagged
CASP	Q8L9B5	Q9LUL1	TN	TN	all_matched_unflagged	all_matched_unflagged
CASP	Q8L9B5	Q9LXF3	TN	TN	all_matched_unflagged	all_matched_unflagged
CASP	Q8L9B5	Q9LZM5	TN	TN	all_matched_unflagged	all_matched_unflagged
CASP	Q8L9B5	Q9M0L3	TN	TN	all_matched_unflagged	all_matched_unflagged
CASP	Q8L9B5	Q9M2U0	TN	TN	all_matched_unflagged	all_matched_unflagged
CASP	Q8L9B5	Q9SIH4	TN	TN	all_matched_unflagged	all_matched_unflagged
CASP	Q8L9B5	Q9SKN3	TN	TN	all_matched_unflagged	all_matched_unflagged
CASP	Q8L9B5	Q9SQU2	TN	TN	all_matched_unflagged	all_matched_unflagged
CASP	Q8L9B5	Q9SUP0	TN	TN	all_matched_unflagged	all_matched_unflagged
CASP	Q8L9B5	Q9XI72	TN	TN	all_matched_unflagged	all_matched_unflagged
CASP	Q8L9B5	Q9ZQI2	TN	TN	all_matched_unflagged	all_matched_unflagged
CASP	Q8L9B5	Q9ZT81	TN	TN	all_matched_unflagged	all_matched_unflagged
CASP	Q8LE26	Q8VZQ3	TN	TN	all_matched_unflagged	all_matched_unflagged
CASP	Q8LE26	Q945M8	TN	TN	all_matched_unflagged	all_matched_unflagged
CASP	Q8LE26	Q9ARX2	TN	TN	all_matched_unflagged	all_matched_unflagged
CASP	Q8LE26	Q9CAX3	TN	TN	all_matched_unflagged	all_matched_unflagged
CASP	Q8LE26	Q9FE29	TN	TN	all_matched_unflagged	all_matched_unflagged
CASP	Q8LE26	Q9FFT2	TN	TN	all_matched_unflagged	all_matched_unflagged
CASP	Q8LE26	Q9FFZ7	TN	TN	all_matched_unflagged	all_matched_unflagged
CASP	Q8LE26	Q9FI10	TN	TN	all_matched_unflagged	all_matched_unflagged
CASP	Q8LE26	Q9FNE8	TN	TN	all_matched_unflagged	all_matched_unflagged
CASP	Q8LE26	Q9LI17	TN	TN	all_matched_unflagged	all_matched_unflagged
CASP	Q8LE26	Q9LR57	TN	TN	all_matched_unflagged	all_matched_unflagged
CASP	Q8LE26	Q9LUL1	TN	TN	all_matched_unflagged	all_matched_unflagged
CASP	Q8LE26	Q9LXF3	TN	TN	all_matched_unflagged	all_matched_unflagged
CASP	Q8LE26	Q9LZM5	TN	TN	all_matched_unflagged	all_matched_unflagged
CASP	Q8LE26	Q9M0L3	TN	TN	all_matched_unflagged	all_matched_unflagged
CASP	Q8LE26	Q9M2U0	TN	TN	all_matched_unflagged	all_matched_unflagged
CASP	Q8LE26	Q9SIH4	TN	TN	all_matched_unflagged	all_matched_unflagged
CASP	Q8LE26	Q9SKN3	TN	TN	all_matched_unflagged	all_matched_unflagged
CASP	Q8LE26	Q9SQU2	TN	TN	all_matched_unflagged	all_matched_unflagged
CASP	Q8LE26	Q9SUP0	TN	TN	all_matched_unflagged	all_matched_unflagged
CASP	Q8LE26	Q9XI72	TN	TN	all_matched_unflagged	all_matched_unflagged
CASP	Q8LE26	Q9ZQI2	TN	TN	all_matched_unflagged	all_matched_unflagged
CASP	Q8LE26	Q9ZT81	TN	TN	all_matched_unflagged	all_matched_unflagged
CASP	Q8VZQ3	Q945M8	TN	TN	all_matched_unflagged	all_matched_unflagged
CASP	Q8VZQ3	Q9ARX2	TN	TN	all_matched_unflagged	all_matched_unflagged
CASP	Q8VZQ3	Q9CAX3	TN	TN	all_matched_unflagged	all_matched_unflagged
CASP	Q8VZQ3	Q9FE29	TN	TN	all_matched_unflagged	all_matched_unflagged
CASP	Q8VZQ3	Q9FFT2	TN	TN	all_matched_unflagged	all_matched_unflagged
CASP	Q8VZQ3	Q9FFZ7	TN	TN	all_matched_unflagged	all_matched_unflagged
CASP	Q8VZQ3	Q9FI10	TN	TN	all_matched_unflagged	all_matched_unflagged
CASP	Q8VZQ3	Q9FNE8	TN	TN	all_matched_unflagged	all_matched_unflagged
CASP	Q8VZQ3	Q9LI17	TN	TN	all_matched_unflagged	all_matched_unflagged
CASP	Q8VZQ3	Q9LR57	TN	TN	all_matched_unflagged	all_matched_unflagged
CASP	Q8VZQ3	Q9LUL1	TN	TN	all_matched_unflagged	all_matched_unflagged
CASP	Q8VZQ3	Q9LXF3	TN	TN	all_matched_unflagged	all_matched_unflagged
CASP	Q8VZQ3	Q9LZM5	TN	TN	all_matched_unflagged	all_matched_unflagged
CASP	Q8VZQ3	Q9M0L3	TN	TN	all_matched_unflagged	all_matched_unflagged
CASP	Q8VZQ3	Q9M2U0	TN	TN	all_matched_unflagged	all_matched_unflagged
CASP	Q8VZQ3	Q9SIH4	TN	TN	all_matched_unflagged	all_matched_unflagged
CASP	Q8VZQ3	Q9SKN3	TN	TN	all_matched_unflagged	all_matched_unflagged
CASP	Q8VZQ3	Q9SQU2	TN	TN	all_matched_unflagged	all_matched_unflagged
CASP	Q8VZQ3	Q9SUP0	TN	TN	all_matched_unflagged	all_matched_unflagged
CASP	Q8VZQ3	Q9XI72	TN	TN	all_matched_unflagged	all_matched_unflagged
CASP	Q8VZQ3	Q9ZQI2	TN	TN	all_matched_unflagged	all_matched_unflagged
CASP	Q8VZQ3	Q9ZT81	TN	TN	all_matched_unflagged	all_matched_unflagged
CASP	Q945M8	Q9ARX2	TN	TN	all_matched_unflagged	all_matched_unflagged
CASP	Q945M8	Q9CAX3	TN	TN	all_matched_unflagged	all_matched_unflagged
CASP	Q945M8	Q9FE29	TN	TN	all_matched_unflagged	all_matched_unflagged
CASP	Q945M8	Q9FFT2	TN	TN	all_matched_unflagged	all_matched_unflagged
CASP	Q945M8	Q9FFZ7	TN	TN	all_matched_unflagged	all_matched_unflagged
CASP	Q945M8	Q9FI10	TN	TN	all_matched_unflagged	all_matched_unflagged
CASP	Q945M8	Q9FNE8	TN	TN	all_matched_unflagged	all_matched_unflagged
CASP	Q945M8	Q9LI17	TN	TN	all_matched_unflagged	all_matched_unflagged
CASP	Q945M8	Q9LR57	TN	TN	all_matched_unflagged	all_matched_unflagged
CASP	Q945M8	Q9LUL1	TN	TN	all_matched_unflagged	all_matched_unflagged
CASP	Q945M8	Q9LXF3	TN	TN	all_matched_unflagged	all_matched_unflagged
CASP	Q945M8	Q9LZM5	TN	TN	all_matched_unflagged	all_matched_unflagged
CASP	Q945M8	Q9M0L3	TN	TN	all_matched_unflagged	all_matched_unflagged
CASP	Q945M8	Q9M2U0	TN	TN	all_matched_unflagged	all_matched_unflagged
CASP	Q945M8	Q9SIH4	TN	TN	all_matched_unflagged	all_matched_unflagged
CASP	Q945M8	Q9SKN3	TN	TN	all_matched_unflagged	all_matched_unflagged
CASP	Q945M8	Q9SQU2	TN	TN	all_matched_unflagged	all_matched_unflagged
CASP	Q945M8	Q9SUP0	TN	TN	all_matched_unflagged	all_matched_unflagged
CASP	Q945M8	Q9XI72	TN	TN	all_matched_unflagged	all_matched_unflagged
CASP	Q945M8	Q9ZQI2	TN	TN	all_matched_unflagged	all_matched_unflagged
CASP	Q945M8	Q9ZT81	TN	TN	all_matched_unflagged	all_matched_unflagged
CASP	Q9ARX2	Q9CAX3	TN	TN	all_matched_unflagged	all_matched_unflagged
CASP	Q9ARX2	Q9FE29	TN	TN	all_matched_unflagged	all_matched_unflagged
CASP	Q9ARX2	Q9FFT2	TN	TN	all_matched_unflagged	all_matched_unflagged
CASP	Q9ARX2	Q9FFZ7	TN	TN	all_matched_unflagged	all_matched_unflagged
CASP	Q9ARX2	Q9FI10	TN	TN	all_matched_unflagged	all_matched_unflagged
CASP	Q9ARX2	Q9FNE8	TN	TN	all_matched_unflagged	all_matched_unflagged
CASP	Q9ARX2	Q9LI17	TN	TN	all_matched_unflagged	all_matched_unflagged
CASP	Q9ARX2	Q9LR57	TN	TN	all_matched_unflagged	all_matched_unflagged
CASP	Q9ARX2	Q9LUL1	TN	TN	all_matched_unflagged	all_matched_unflagged
CASP	Q9ARX2	Q9LXF3	TN	TN	all_matched_unflagged	all_matched_unflagged
CASP	Q9ARX2	Q9LZM5	TN	TN	all_matched_unflagged	all_matched_unflagged
CASP	Q9ARX2	Q9M0L3	FP	FP	all_matched_unflagged	all_matched_unflagged
CASP	Q9ARX2	Q9M2U0	TN	TN	all_matched_unflagged	all_matched_unflagged
CASP	Q9ARX2	Q9SIH4	TN	TN	all_matched_unflagged	all_matched_unflagged
CASP	Q9ARX2	Q9SKN3	TN	TN	all_matched_unflagged	all_matched_unflagged
CASP	Q9ARX2	Q9SQU2	TN	TN	all_matched_unflagged	all_matched_unflagged
CASP	Q9ARX2	Q9SUP0	TN	TN	all_matched_unflagged	all_matched_unflagged
CASP	Q9ARX2	Q9XI72	TN	TN	all_matched_unflagged	all_matched_unflagged
CASP	Q9ARX2	Q9ZQI2	TN	TN	all_matched_unflagged	all_matched_unflagged
CASP	Q9ARX2	Q9ZT81	TN	TN	all_matched_unflagged	all_matched_unflagged
CASP	Q9CAX3	Q9FE29	TN	TN	all_matched_unflagged	all_matched_unflagged
CASP	Q9CAX3	Q9FFT2	TN	TN	all_matched_unflagged	all_matched_unflagged
CASP	Q9CAX3	Q9FFZ7	TN	TN	all_matched_unflagged	all_matched_unflagged
CASP	Q9CAX3	Q9FI10	TN	TN	all_matched_unflagged	all_matched_unflagged
CASP	Q9CAX3	Q9FNE8	TN	TN	all_matched_unflagged	all_matched_unflagged
CASP	Q9CAX3	Q9LI17	TN	TN	all_matched_unflagged	all_matched_unflagged
CASP	Q9CAX3	Q9LR57	TN	TN	all_matched_unflagged	all_matched_unflagged
CASP	Q9CAX3	Q9LUL1	TN	TN	all_matched_unflagged	all_matched_unflagged
CASP	Q9CAX3	Q9LXF3	TN	TN	all_matched_unflagged	all_matched_unflagged
CASP	Q9CAX3	Q9LZM5	TN	TN	all_matched_unflagged	all_matched_unflagged
CASP	Q9CAX3	Q9M0L3	TN	TN	all_matched_unflagged	all_matched_unflagged
CASP	Q9CAX3	Q9M2U0	TN	TN	all_matched_unflagged	all_matched_unflagged
CASP	Q9CAX3	Q9SIH4	TN	TN	all_matched_unflagged	all_matched_unflagged
CASP	Q9CAX3	Q9SKN3	TN	TN	all_matched_unflagged	all_matched_unflagged
CASP	Q9CAX3	Q9SQU2	TN	TN	all_matched_unflagged	all_matched_unflagged
CASP	Q9CAX3	Q9SUP0	TN	TN	all_matched_unflagged	all_matched_unflagged
CASP	Q9CAX3	Q9XI72	TN	TN	all_matched_unflagged	all_matched_unflagged
CASP	Q9CAX3	Q9ZQI2	TN	TN	all_matched_unflagged	all_matched_unflagged
CASP	Q9CAX3	Q9ZT81	TN	TN	all_matched_unflagged	all_matched_unflagged
CASP	Q9FE29	Q9FFT2	TN	TN	all_matched_unflagged	all_matched_unflagged
CASP	Q9FE29	Q9FFZ7	TN	TN	all_matched_unflagged	all_matched_unflagged
CASP	Q9FE29	Q9FI10	TN	TN	all_matched_unflagged	all_matched_unflagged
CASP	Q9FE29	Q9FNE8	TN	TN	all_matched_unflagged	all_matched_unflagged
CASP	Q9FE29	Q9LI17	TN	TN	all_matched_unflagged	all_matched_unflagged
CASP	Q9FE29	Q9LR57	TN	TN	all_matched_unflagged	all_matched_unflagged
CASP	Q9FE29	Q9LUL1	TN	TN	all_matched_unflagged	all_matched_unflagged
CASP	Q9FE29	Q9LXF3	TN	TN	all_matched_unflagged	all_matched_unflagged
CASP	Q9FE29	Q9LZM5	TN	TN	all_matched_unflagged	all_matched_unflagged
CASP	Q9FE29	Q9M0L3	TN	TN	all_matched_unflagged	all_matched_unflagged
CASP	Q9FE29	Q9M2U0	TN	TN	all_matched_unflagged	all_matched_unflagged
CASP	Q9FE29	Q9SIH4	TN	TN	all_matched_unflagged	all_matched_unflagged
CASP	Q9FE29	Q9SKN3	TN	TN	all_matched_unflagged	all_matched_unflagged
CASP	Q9FE29	Q9SQU2	TN	TN	all_matched_unflagged	all_matched_unflagged
CASP	Q9FE29	Q9SUP0	TN	TN	all_matched_unflagged	all_matched_unflagged
CASP	Q9FE29	Q9XI72	TN	TN	all_matched_unflagged	all_matched_unflagged
CASP	Q9FE29	Q9ZQI2	TN	TN	all_matched_unflagged	all_matched_unflagged
CASP	Q9FE29	Q9ZT81	TN	TN	all_matched_unflagged	all_matched_unflagged
CASP	Q9FFT2	Q9FFZ7	TN	TN	all_matched_unflagged	all_matched_unflagged
CASP	Q9FFT2	Q9FI10	TN	TN	all_matched_unflagged	all_matched_unflagged
CASP	Q9FFT2	Q9FNE8	TN	TN	all_matched_unflagged	all_matched_unflagged
CASP	Q9FFT2	Q9LI17	TN	TN	all_matched_unflagged	all_matched_unflagged
CASP	Q9FFT2	Q9LR57	TN	TN	all_matched_unflagged	all_matched_unflagged
CASP	Q9FFT2	Q9LUL1	TN	TN	all_matched_unflagged	all_matched_unflagged
CASP	Q9FFT2	Q9LXF3	TN	TN	all_matched_unflagged	all_matched_unflagged
CASP	Q9FFT2	Q9LZM5	TN	TN	all_matched_unflagged	all_matched_unflagged
CASP	Q9FFT2	Q9M0L3	TN	TN	all_matched_unflagged	all_matched_unflagged
CASP	Q9FFT2	Q9M2U0	TN	TN	all_matched_unflagged	all_matched_unflagged
CASP	Q9FFT2	Q9SIH4	TN	TN	all_matched_unflagged	all_matched_unflagged
CASP	Q9FFT2	Q9SKN3	TN	TN	all_matched_unflagged	all_matched_unflagged
CASP	Q9FFT2	Q9SQU2	TN	TN	all_matched_unflagged	all_matched_unflagged
CASP	Q9FFT2	Q9SUP0	TN	TN	all_matched_unflagged	all_matched_unflagged
CASP	Q9FFT2	Q9XI72	TN	TN	all_matched_unflagged	all_matched_unflagged
CASP	Q9FFT2	Q9ZQI2	TN	TN	all_matched_unflagged	all_matched_unflagged
CASP	Q9FFT2	Q9ZT81	TN	TN	all_matched_unflagged	all_matched_unflagged
CASP	Q9FFZ7	Q9FI10	TN	TN	all_matched_unflagged	all_matched_unflagged
CASP	Q9FFZ7	Q9FNE8	TN	TN	all_matched_unflagged	all_matched_unflagged
CASP	Q9FFZ7	Q9LI17	TN	TN	all_matched_unflagged	all_matched_unflagged
CASP	Q9FFZ7	Q9LR57	TN	TN	all_matched_unflagged	all_matched_unflagged
CASP	Q9FFZ7	Q9LUL1	TN	TN	all_matched_unflagged	all_matched_unflagged
CASP	Q9FFZ7	Q9LXF3	TN	TN	all_matched_unflagged	all_matched_unflagged
CASP	Q9FFZ7	Q9LZM5	TN	TN	all_matched_unflagged	all_matched_unflagged
CASP	Q9FFZ7	Q9M0L3	TN	TN	all_matched_unflagged	all_matched_unflagged
CASP	Q9FFZ7	Q9M2U0	TN	TN	all_matched_unflagged	all_matched_unflagged
CASP	Q9FFZ7	Q9SIH4	TN	TN	all_matched_unflagged	all_matched_unflagged
CASP	Q9FFZ7	Q9SKN3	TN	TN	all_matched_unflagged	all_matched_unflagged
CASP	Q9FFZ7	Q9SQU2	TN	TN	all_matched_unflagged	all_matched_unflagged
CASP	Q9FFZ7	Q9SUP0	TN	TN	all_matched_unflagged	all_matched_unflagged
CASP	Q9FFZ7	Q9XI72	TN	TN	all_matched_unflagged	all_matched_unflagged
CASP	Q9FFZ7	Q9ZQI2	TN	TN	all_matched_unflagged	all_matched_unflagged
CASP	Q9FFZ7	Q9ZT81	TN	TN	all_matched_unflagged	all_matched_unflagged
CASP	Q9FI10	Q9FNE8	TN	TN	all_matched_unflagged	all_matched_unflagged
CASP	Q9FI10	Q9LI17	TN	TN	all_matched_unflagged	all_matched_unflagged
CASP	Q9FI10	Q9LR57	TN	TN	all_matched_unflagged	all_matched_unflagged
CASP	Q9FI10	Q9LUL1	TN	TN	all_matched_unflagged	all_matched_unflagged
CASP	Q9FI10	Q9LXF3	TN	TN	all_matched_unflagged	all_matched_unflagged
CASP	Q9FI10	Q9LZM5	TN	TN	all_matched_unflagged	all_matched_unflagged
CASP	Q9FI10	Q9M0L3	TN	TN	all_matched_unflagged	all_matched_unflagged
CASP	Q9FI10	Q9M2U0	TN	TN	all_matched_unflagged	all_matched_unflagged
CASP	Q9FI10	Q9SIH4	TN	TN	all_matched_unflagged	all_matched_unflagged
CASP	Q9FI10	Q9SKN3	TN	TN	all_matched_unflagged	all_matched_unflagged
CASP	Q9FI10	Q9SQU2	TN	TN	all_matched_unflagged	all_matched_unflagged
CASP	Q9FI10	Q9SUP0	TN	TN	all_matched_unflagged	all_matched_unflagged
CASP	Q9FI10	Q9XI72	TN	TN	all_matched_unflagged	all_matched_unflagged
CASP	Q9FI10	Q9ZQI2	TN	TN	all_matched_unflagged	all_matched_unflagged
CASP	Q9FI10	Q9ZT81	TN	TN	all_matched_unflagged	all_matched_unflagged
CASP	Q9FNE8	Q9LI17	TN	TN	all_matched_unflagged	all_matched_unflagged
CASP	Q9FNE8	Q9LR57	TN	TN	all_matched_unflagged	all_matched_unflagged
CASP	Q9FNE8	Q9LUL1	TN	TN	all_matched_unflagged	all_matched_unflagged
CASP	Q9FNE8	Q9LXF3	TN	TN	all_matched_unflagged	all_matched_unflagged
CASP	Q9FNE8	Q9LZM5	TN	TN	all_matched_unflagged	all_matched_unflagged
CASP	Q9FNE8	Q9M0L3	TN	TN	all_matched_unflagged	all_matched_unflagged
CASP	Q9FNE8	Q9M2U0	TN	TN	all_matched_unflagged	all_matched_unflagged
CASP	Q9FNE8	Q9SIH4	TN	TN	all_matched_unflagged	all_matched_unflagged
CASP	Q9FNE8	Q9SKN3	TN	TN	all_matched_unflagged	all_matched_unflagged
CASP	Q9FNE8	Q9SQU2	TN	TN	all_matched_unflagged	all_matched_unflagged
CASP	Q9FNE8	Q9SUP0	TN	TN	all_matched_unflagged	all_matched_unflagged
CASP	Q9FNE8	Q9XI72	TN	TN	all_matched_unflagged	all_matched_unflagged
CASP	Q9FNE8	Q9ZQI2	TN	TN	all_matched_unflagged	all_matched_unflagged
CASP	Q9FNE8	Q9ZT81	TN	TN	all_matched_unflagged	all_matched_unflagged
CASP	Q9LI17	Q9LR57	TP	TP	all_matched_unflagged	all_matched_unflagged
CASP	Q9LI17	Q9LUL1	TN	TN	all_matched_unflagged	all_matched_unflagged
CASP	Q9LI17	Q9LXF3	TN	TN	all_matched_unflagged	all_matched_unflagged
CASP	Q9LI17	Q9LZM5	TN	TN	all_matched_unflagged	all_matched_unflagged
CASP	Q9LI17	Q9M0L3	TN	TN	all_matched_unflagged	all_matched_unflagged
CASP	Q9LI17	Q9M2U0	TN	TN	all_matched_unflagged	all_matched_unflagged
CASP	Q9LI17	Q9SIH4	TN	TN	all_matched_unflagged	all_matched_unflagged
CASP	Q9LI17	Q9SKN3	TN	TN	all_matched_unflagged	all_matched_unflagged
CASP	Q9LI17	Q9SQU2	TN	TN	all_matched_unflagged	all_matched_unflagged
CASP	Q9LI17	Q9SUP0	TN	TN	all_matched_unflagged	all_matched_unflagged
CASP	Q9LI17	Q9XI72	TN	TN	all_matched_unflagged	all_matched_unflagged
CASP	Q9LI17	Q9ZQI2	TN	TN	all_matched_unflagged	all_matched_unflagged
CASP	Q9LI17	Q9ZT81	TP	TP	all_matched_unflagged	all_matched_unflagged
CASP	Q9LR57	Q9LUL1	TN	TN	all_matched_unflagged	all_matched_unflagged
CASP	Q9LR57	Q9LXF3	TN	TN	all_matched_unflagged	all_matched_unflagged
CASP	Q9LR57	Q9LZM5	TN	TN	all_matched_unflagged	all_matched_unflagged
CASP	Q9LR57	Q9M0L3	TN	TN	all_matched_unflagged	all_matched_unflagged
CASP	Q9LR57	Q9M2U0	TN	TN	all_matched_unflagged	all_matched_unflagged
CASP	Q9LR57	Q9SIH4	TN	TN	all_matched_unflagged	all_matched_unflagged
CASP	Q9LR57	Q9SKN3	TN	TN	all_matched_unflagged	all_matched_unflagged
CASP	Q9LR57	Q9SQU2	TN	TN	all_matched_unflagged	all_matched_unflagged
CASP	Q9LR57	Q9SUP0	TN	TN	all_matched_unflagged	all_matched_unflagged
CASP	Q9LR57	Q9XI72	TN	TN	all_matched_unflagged	all_matched_unflagged
CASP	Q9LR57	Q9ZQI2	TN	TN	all_matched_unflagged	all_matched_unflagged
CASP	Q9LR57	Q9ZT81	TN	TN	all_matched_unflagged	all_matched_unflagged
CASP	Q9LUL1	Q9LXF3	TN	TN	all_matched_unflagged	all_matched_unflagged
CASP	Q9LUL1	Q9LZM5	TN	TN	all_matched_unflagged	all_matched_unflagged
CASP	Q9LUL1	Q9M0L3	TN	TN	all_matched_unflagged	all_matched_unflagged
CASP	Q9LUL1	Q9M2U0	TN	TN	all_matched_unflagged	all_matched_unflagged
CASP	Q9LUL1	Q9SIH4	TN	TN	all_matched_unflagged	all_matched_unflagged
CASP	Q9LUL1	Q9SKN3	TN	TN	all_matched_unflagged	all_matched_unflagged
CASP	Q9LUL1	Q9SQU2	TN	TN	all_matched_unflagged	all_matched_unflagged
CASP	Q9LUL1	Q9SUP0	TN	TN	all_matched_unflagged	all_matched_unflagged
CASP	Q9LUL1	Q9XI72	TN	TN	all_matched_unflagged	all_matched_unflagged
CASP	Q9LUL1	Q9ZQI2	TN	TN	all_matched_unflagged	all_matched_unflagged
CASP	Q9LUL1	Q9ZT81	TN	TN	all_matched_unflagged	all_matched_unflagged
CASP	Q9LXF3	Q9LZM5	TN	TN	all_matched_unflagged	all_matched_unflagged
CASP	Q9LXF3	Q9M0L3	TN	TN	all_matched_unflagged	all_matched_unflagged
CASP	Q9LXF3	Q9M2U0	TN	TN	all_matched_unflagged	all_matched_unflagged
CASP	Q9LXF3	Q9SIH4	TN	TN	all_matched_unflagged	all_matched_unflagged
CASP	Q9LXF3	Q9SKN3	TN	TN	all_matched_unflagged	all_matched_unflagged
CASP	Q9LXF3	Q9SQU2	TN	TN	all_matched_unflagged	all_matched_unflagged
CASP	Q9LXF3	Q9SUP0	TN	TN	all_matched_unflagged	all_matched_unflagged
CASP	Q9LXF3	Q9XI72	TN	TN	all_matched_unflagged	all_matched_unflagged
CASP	Q9LXF3	Q9ZQI2	TN	TN	all_matched_unflagged	all_matched_unflagged
CASP	Q9LXF3	Q9ZT81	TN	TN	all_matched_unflagged	all_matched_unflagged
CASP	Q9LZM5	Q9M0L3	TN	TN	all_matched_unflagged	all_matched_unflagged
CASP	Q9LZM5	Q9M2U0	TN	TN	all_matched_unflagged	all_matched_unflagged
CASP	Q9LZM5	Q9SIH4	TN	TN	all_matched_unflagged	all_matched_unflagged
CASP	Q9LZM5	Q9SKN3	TN	TN	all_matched_unflagged	all_matched_unflagged
CASP	Q9LZM5	Q9SQU2	TN	TN	all_matched_unflagged	all_matched_unflagged
CASP	Q9LZM5	Q9SUP0	TN	TN	all_matched_unflagged	all_matched_unflagged
CASP	Q9LZM5	Q9XI72	TN	TN	all_matched_unflagged	all_matched_unflagged
CASP	Q9LZM5	Q9ZQI2	TN	TN	all_matched_unflagged	all_matched_unflagged
CASP	Q9LZM5	Q9ZT81	TN	TN	all_matched_unflagged	all_matched_unflagged
CASP	Q9M0L3	Q9M2U0	TN	TN	all_matched_unflagged	all_matched_unflagged
CASP	Q9M0L3	Q9SIH4	TN	TN	all_matched_unflagged	all_matched_unflagged
CASP	Q9M0L3	Q9SKN3	TN	TN	all_matched_unflagged	all_matched_unflagged
CASP	Q9M0L3	Q9SQU2	TN	TN	all_matched_unflagged	all_matched_unflagged
CASP	Q9M0L3	Q9SUP0	TN	TN	all_matched_unflagged	all_matched_unflagged
CASP	Q9M0L3	Q9XI72	TN	TN	all_matched_unflagged	all_matched_unflagged
CASP	Q9M0L3	Q9ZQI2	TN	TN	all_matched_unflagged	all_matched_unflagged
CASP	Q9M0L3	Q9ZT81	TN	TN	all_matched_unflagged	all_matched_unflagged
CASP	Q9M2U0	Q9SIH4	TN	TN	all_matched_unflagged	all_matched_unflagged
CASP	Q9M2U0	Q9SKN3	TN	TN	all_matched_unflagged	all_matched_unflagged
CASP	Q9M2U0	Q9SQU2	TN	TN	all_matched_unflagged	all_matched_unflagged
CASP	Q9M2U0	Q9SUP0	TN	TN	all_matched_unflagged	all_matched_unflagged
CASP	Q9M2U0	Q9XI72	TN	TN	all_matched_unflagged	all_matched_unflagged
CASP	Q9M2U0	Q9ZQI2	TN	TN	all_matched_unflagged	all_matched_unflagged
CASP	Q9M2U0	Q9ZT81	TN	TN	all_matched_unflagged	all_matched_unflagged
CASP	Q9SIH4	Q9SKN3	TN	TN	all_matched_unflagged	all_matched_unflagged
CASP	Q9SIH4	Q9SQU2	TN	TN	all_matched_unflagged	all_matched_unflagged
CASP	Q9SIH4	Q9SUP0	TN	TN	all_matched_unflagged	all_matched_unflagged
CASP	Q9SIH4	Q9XI72	TN	TN	all_matched_unflagged	all_matched_unflagged
CASP	Q9SIH4	Q9ZQI2	TN	TN	all_matched_unflagged	all_matched_unflagged
CASP	Q9SIH4	Q9ZT81	TN	TN	all_matched_unflagged	all_matched_unflagged
CASP	Q9SKN3	Q9SQU2	TN	TN	all_matched_unflagged	all_matched_unflagged
CASP	Q9SKN3	Q9SUP0	TN	TN	all_matched_unflagged	all_matched_unflagged
CASP	Q9SKN3	Q9XI72	TN	TN	all_matched_unflagged	all_matched_unflagged
CASP	Q9SKN3	Q9ZQI2	TN	TN	all_matched_unflagged	all_matched_unflagged
CASP	Q9SKN3	Q9ZT81	TN	TN	all_matched_unflagged	all_matched_unflagged
CASP	Q9SQU2	Q9SUP0	TN	TN	all_matched_unflagged	all_matched_unflagged
CASP	Q9SQU2	Q9XI72	TN	TN	all_matched_unflagged	all_matched_unflagged
CASP	Q9SQU2	Q9ZQI2	TN	TN	all_matched_unflagged	all_matched_unflagged
CASP	Q9SQU2	Q9ZT81	TN	TN	all_matched_unflagged	all_matched_unflagged
CASP	Q9SUP0	Q9XI72	TN	TN	all_matched_unflagged	all_matched_unflagged
CASP	Q9SUP0	Q9ZQI2	TN	TN	all_matched_unflagged	all_matched_unflagged
CASP	Q9SUP0	Q9ZT81	TN	TN	all_matched_unflagged	all_matched_unflagged
CASP	Q9XI72	Q9ZQI2	TN	TN	all_matched_unflagged	all_matched_unflagged
CASP	Q9XI72	Q9ZT81	TN	TN	all_matched_unflagged	all_matched_unflagged
CASP	Q9ZQI2	Q9ZT81	TN	TN	all_matched_unflagged	all_matched_unflagged
CITE	A7SUP3	C3YX71	FN	FN	all_matched_unflagged	all_matched_unflagged
CITE	A7SUP3	E2RQM2	FN	FN	all_matched_unflagged	all_matched_unflagged
CITE	A7SUP3	F1QI18	FN	FN	all_matched_unflagged	all_matched_unflagged
CITE	A7SUP3	F1R408	FN	FN	all_matched_unflagged	all_matched_unflagged
CITE	A7SUP3	F6VBX1	FN	FN	all_matched_unflagged	all_matched_unflagged
CITE	A7SUP3	F6VSF3	FN	FN	all_matched_unflagged	all_matched_unflagged
CITE	A7SUP3	G3QDG8	FN	FN	all_matched_unflagged	all_matched_unflagged
CITE	A7SUP3	H2LW29	FN	FN	all_matched_unflagged	all_matched_unflagged
CITE	A7SUP3	H2M0T9	FN	FN	all_matched_unflagged	all_matched_unflagged
CITE	A7SUP3	H2MGS0	FN	FN	all_matched_unflagged	all_matched_unflagged
CITE	A7SUP3	H2PYS8	FN	FN	all_matched_unflagged	all_matched_unflagged
CITE	A7SUP3	J9JHR0	FN	FN	all_matched_unflagged	all_matched_unflagged
CITE	A7SUP3	O35740	FN	FN	all_matched_unflagged	all_matched_unflagged
CITE	A7SUP3	P97769	FN	FN	all_matched_unflagged	all_matched_unflagged
CITE	A7SUP3	Q0VCT9	FN	FN	all_matched_unflagged	all_matched_unflagged
CITE	A7SUP3	Q1L8S4	FN	FN	all_matched_unflagged	all_matched_unflagged
CITE	A7SUP3	Q2HJ78	FN	FN	all_matched_unflagged	all_matched_unflagged
CITE	A7SUP3	Q6NX30	FN	FN	all_matched_unflagged	all_matched_unflagged
CITE	A7SUP3	Q96RK1	FN	FN	all_matched_unflagged	all_matched_unflagged
CITE	A7SUP3	Q99966	FN	FN	all_matched_unflagged	all_matched_unflagged
CITE	A7SUP3	Q99967	FN	FN	all_matched_unflagged	all_matched_unflagged
CITE	A7SUP3	Q99MA0	FN	FN	all_matched_unflagged	all_matched_unflagged
CITE	A7SUP3	Q99MA1	FN	FN	all_matched_unflagged	all_matched_unflagged
CITE	A7SUP3	Q9BDI3	FN	FN	all_matched_unflagged	all_matched_unflagged
CITE	A7SUP3	Q9DDW4	FN	FN	all_matched_unflagged	all_matched_unflagged
CITE	A7SUP3	Q9I8K7	FN	FN	all_matched_unflagged	all_matched_unflagged
CITE	A7SUP3	Q9WUL8	FN	FN	all_matched_unflagged	all_matched_unflagged
CITE	C3YX71	E2RQM2	FN	FN	all_matched_unflagged	all_matched_unflagged
CITE	C3YX71	F1QI18	FN	FN	all_matched_unflagged	all_matched_unflagged
CITE	C3YX71	F1R408	TP	TP	all_matched_unflagged	all_matched_unflagged
CITE	C3YX71	F6VBX1	TP	TP	all_matched_unflagged	all_matched_unflagged
CITE	C3YX71	F6VSF3	TP	TP	all_matched_unflagged	all_matched_unflagged
CITE	C3YX71	G3QDG8	FN	FN	all_matched_unflagged	all_matched_unflagged
CITE	C3YX71	H2LW29	TP	TP	all_matched_unflagged	all_matched_unflagged
CITE	C3YX71	H2M0T9	FN	FN	all_matched_unflagged	all_matched_unflagged
CITE	C3YX71	H2MGS0	TP	TP	all_matched_unflagged	all_matched_unflagged
CITE	C3YX71	H2PYS8	TP	TP	all_matched_unflagged	all_matched_unflagged
CITE	C3YX71	J9JHR0	TP	TP	all_matched_unflagged	all_matched_unflagged
CITE	C3YX71	O35740	TP	TP	all_matched_unflagged	all_matched_unflagged
CITE	C3YX71	P97769	FN	FN	all_matched_unflagged	all_matched_unflagged
CITE	C3YX71	Q0VCT9	TP	TP	all_matched_unflagged	all_matched_unflagged
CITE	C3YX71	Q1L8S4	TP	TP	all_matched_unflagged	all_matched_unflagged
CITE	C3YX71	Q2HJ78	TP	TP	all_matched_unflagged	all_matched_unflagged
CITE	C3YX71	Q6NX30	TP	TP	all_matched_unflagged	all_matched_unflagged
CITE	C3YX71	Q96RK1	TP	TP	all_matched_unflagged	all_matched_unflagged
CITE	C3YX71	Q99966	FN	FN	all_matched_unflagged	all_matched_unflagged
CITE	C3YX71	Q99967	TP	TP	all_matched_unflagged	all_matched_unflagged
CITE	C3YX71	Q99MA0	TP	TP	all_matched_unflagged	all_matched_unflagged
CITE	C3YX71	Q99MA1	TP	TP	all_matched_unflagged	all_matched_unflagged
CITE	C3YX71	Q9BDI3	FN	FN	all_matched_unflagged	all_matched_unflagged
CITE	C3YX71	Q9DDW4	TP	TP	all_matched_unflagged	all_matched_unflagged
CITE	C3YX71	Q9I8K7	TP	TP	all_matched_unflagged	all_matched_unflagged
CITE	C3YX71	Q9WUL8	TP	TP	all_matched_unflagged	all_matched_unflagged
CITE	E2RQM2	F1QI18	TP	TP	all_matched_unflagged	all_matched_unflagged
CITE	E2RQM2	F1R408	TN	TN	all_matched_unflagged	all_matched_unflagged
CITE	E2RQM2	F6VBX1	TN	TN	all_matched_unflagged	all_matched_unflagged
CITE	E2RQM2	F6VSF3	TN	TN	all_matched_unflagged	all_matched_unflagged
CITE	E2RQM2	G3QDG8	TP	TP	all_matched_unflagged	all_matched_unflagged
CITE	E2RQM2	H2LW29	TN	TN	all_matched_unflagged	all_matched_unflagged
CITE	E2RQM2	H2M0T9	TP	TP	all_matched_unflagged	all_matched_unflagged
CITE	E2RQM2	H2MGS0	TN	TN	all_matched_unflagged	all_matched_unflagged
CITE	E2RQM2	H2PYS8	TN	TN	all_matched_unflagged	all_matched_unflagged
CITE	E2RQM2	J9JHR0	TN	TN	all_matched_unflagged	all_matched_unflagged
CITE	E2RQM2	O35740	TN	TN	all_matched_unflagged	all_matched_unflagged
CITE	E2RQM2	P97769	TP	TP	all_matched_unflagged	all_matched_unflagged
CITE	E2RQM2	Q0VCT9	TN	TN	all_matched_unflagged	all_matched_unflagged
CITE	E2RQM2	Q1L8S4	TN	TN	all_matched_unflagged	all_matched_unflagged
CITE	E2RQM2	Q2HJ78	TN	TN	all_matched_unflagged	all_matched_unflagged
CITE	E2RQM2	Q6NX30	TN	TN	all_matched_unflagged	all_matched_unflagged
CITE	E2RQM2	Q96RK1	TN	TN	all_matched_unflagged	all_matched_unflagged
CITE	E2RQM2	Q99966	TP	TP	all_matched_unflagged	all_matched_unflagged
CITE	E2RQM2	Q99967	TN	TN	all_matched_unflagged	all_matched_unflagged
CITE	E2RQM2	Q99MA0	TN	TN	all_matched_unflagged	all_matched_unflagged
CITE	E2RQM2	Q99MA1	TN	TN	all_matched_unflagged	all_matched_unflagged
CITE	E2RQM2	Q9BDI3	TP	TP	all_matched_unflagged	all_matched_unflagged
CITE	E2RQM2	Q9DDW4	TN	TN	all_matched_unflagged	all_matched_unflagged
CITE	E2RQM2	Q9I8K7	TN	TN	all_matched_unflagged	all_matched_unflagged
CITE	E2RQM2	Q9WUL8	TN	TN	all_matched_unflagged	all_matched_unflagged
CITE	F1QI18	F1R408	TN	TN	all_matched_unflagged	all_matched_unflagged
CITE	F1QI18	F6VBX1	TN	TN	all_matched_unflagged	all_matched_unflagged
CITE	F1QI18	F6VSF3	TN	TN	all_matched_unflagged	all_matched_unflagged
CITE	F1QI18	G3QDG8	TP	TP	all_matched_unflagged	all_matched_unflagged
CITE	F1QI18	H2LW29	TN	TN	all_matched_unflagged	all_matched_unflagged
CITE	F1QI18	H2M0T9	TP	TP	all_matched_unflagged	all_matched_unflagged
CITE	F1QI18	H2MGS0	TN	TN	all_matched_unflagged	all_matched_unflagged
CITE	F1QI18	H2PYS8	TN	TN	all_matched_unflagged	all_matched_unflagged
CITE	F1QI18	J9JHR0	TN	TN	all_matched_unflagged	all_matched_unflagged
CITE	F1QI18	O35740	TN	TN	all_matched_unflagged	all_matched_unflagged
CITE	F1QI18	P97769	TP	TP	all_matched_unflagged	all_matched_unflagged
CITE	F1QI18	Q0VCT9	TN	TN	all_matched_unflagged	all_matched_unflagged
CITE	F1QI18	Q1L8S4	TN	TN	all_matched_unflagged	all_matched_unflagged
CITE	F1QI18	Q2HJ78	TN	TN	all_matched_unflagged	all_matched_unflagged
CITE	F1QI18	Q6NX30	TN	TN	all_matched_unflagged	all_matched_unflagged
CITE	F1QI18	Q96RK1	TN	TN	all_matched_unflagged	all_matched_unflagged
CITE	F1QI18	Q99966	TP	TP	all_matched_unflagged	all_matched_unflagged
CITE	F1QI18	Q99967	TN	TN	all_matched_unflagged	all_matched_unflagged
CITE	F1QI18	Q99MA0	TN	TN	all_matched_unflagged	all_matched_unflagged
CITE	F1QI18	Q99MA1	TN	TN	all_matched_unflagged	all_matched_unflagged
CITE	F1QI18	Q9BDI3	TP	TP	all_matched_unflagged	all_matched_unflagged
CITE	F1QI18	Q9DDW4	TN	TN	all_matched_unflagged	all_matched_unflagged
CITE	F1QI18	Q9I8K7	TN	TN	all_matched_unflagged	all_matched_unflagged
CITE	F1QI18	Q9WUL8	TN	TN	all_matched_unflagged	all_matched_unflagged
CITE	F1R408	F6VBX1	FP	TN	all_matched_unflagged	all_matched_unflagged
CITE	F1R408	F6VSF3	TP	TP	all_matched_unflagged	all_matched_unflagged
CITE	F1R408	G3QDG8	TN	TN	all_matched_unflagged	all_matched_unflagged
CITE	F1R408	H2LW29	FP	TN	all_matched_unflagged	all_matched_unflagged
CITE	F1R408	H2M0T9	TN	TN	all_matched_unflagged	all_matched_unflagged
CITE	F1R408	H2MGS0	FP	TN	all_matched_unflagged	all_matched_unflagged
CITE	F1R408	H2PYS8	FP	TN	all_matched_unflagged	all_matched_unflagged
CITE	F1R408	J9JHR0	TP	TP	all_matched_unflagged	all_matched_unflagged
CITE	F1R408	O35740	TP	TP	all_matched_unflagged	all_matched_unflagged
CITE	F1R408	P97769	TN	TN	all_matched_unflagged	all_matched_unflagged
CITE	F1R408	Q0VCT9	TP	TP	all_matched_unflagged	all_matched_unflagged
CITE	F1R408	Q1L8S4	TN	TN	all_matched_unflagged	all_matched_unflagged
CITE	F1R408	Q2HJ78	FP	TN	all_matched_unflagged	all_matched_unflagged
CITE	F1R408	Q6NX30	TP	TP	all_matched_unflagged	all_matched_unflagged
CITE	F1R408	Q96RK1	FP	TN	all_matched_unflagged	all_matched_unflagged
CITE	F1R408	Q99966	TN	TN	all_matched_unflagged	all_matched_unflagged
CITE	F1R408	Q99967	TP	TP	all_matched_unflagged	all_matched_unflagged
CITE	F1R408	Q99MA0	FP	TN	all_matched_unflagged	all_matched_unflagged
CITE	F1R408	Q99MA1	TP	TP	all_matched_unflagged	all_matched_unflagged
CITE	F1R408	Q9BDI3	TN	TN	all_matched_unflagged	all_matched_unflagged
CITE	F1R408	Q9DDW4	TP	TP	all_matched_unflagged	all_matched_unflagged
CITE	F1R408	Q9I8K7	FP	TN	all_matched_unflagged	all_matched_unflagged
CITE	F1R408	Q9WUL8	FP	TN	all_matched_unflagged	all_matched_unflagged
CITE	F6VBX1	F6VSF3	TN	TN	all_matched_unflagged	all_matched_unflagged
CITE	F6VBX1	G3QDG8	TN	TN	all_matched_unflagged	all_matched_unflagged
CITE	F6VBX1	H2LW29	TP	FN	all_matched_unflagged	all_matched_unflagged
CITE	F6VBX1	H2M0T9	TN	TN	all_matched_unflagged	all_matched_unflagged
CITE	F6VBX1	H2MGS0	TP	FN	all_matched_unflagged	all_matched_unflagged
CITE	F6VBX1	H2PYS8	TP	TP	all_matched_unflagged	all_matched_unflagged
CITE	F6VBX1	J9JHR0	FP	TN	all_matched_unflagged	all_matched_unflagged
CITE	F6VBX1	O35740	FP	TN	all_matched_unflagged	all_matched_unflagged
CITE	F6VBX1	P97769	TN	TN	all_matched_unflagged	all_matched_unflagged
CITE	F6VBX1	Q0VCT9	FP	TN	all_matched_unflagged	all_matched_unflagged
CITE	F6VBX1	Q1L8S4	TP	FN	all_matched_unflagged	all_matched_unflagged
CITE	F6VBX1	Q2HJ78	TP	TP	all_matched_unflagged	all_matched_unflagged
CITE	F6VBX1	Q6NX30	FP	TN	all_matched_unflagged	all_matched_unflagged
CITE	F6VBX1	Q96RK1	TP	TP	all_matched_unflagged	all_matched_unflagged
CITE	F6VBX1	Q99966	TN	TN	all_matched_unflagged	all_matched_unflagged
CITE	F6VBX1	Q99967	FP	TN	all_matched_unflagged	all_matched_unflagged
CITE	F6VBX1	Q99MA0	TP	TP	all_matched_unflagged	all_matched_unflagged
CITE	F6VBX1	Q99MA1	FP	TN	all_matched_unflagged	all_matched_unflagged
CITE	F6VBX1	Q9BDI3	TN	TN	all_matched_unflagged	all_matched_unflagged
CITE	F6VBX1	Q9DDW4	FP	TN	all_matched_unflagged	all_matched_unflagged
CITE	F6VBX1	Q9I8K7	TP	TP	all_matched_unflagged	all_matched_unflagged
CITE	F6VBX1	Q9WUL8	TP	TP	all_matched_unflagged	all_matched_unflagged
CITE	F6VSF3	G3QDG8	TN	TN	all_matched_unflagged	all_matched_unflagged
CITE	F6VSF3	H2LW29	FP	TN	all_matched_unflagged	all_matched_unflagged
CITE	F6VSF3	H2M0T9	TN	TN	all_matched_unflagged	all_matched_unflagged
CITE	F6VSF3	H2MGS0	FP	TN	all_matched_unflagged	all_matched_unflagged
CITE	F6VSF3	H2PYS8	FP	TN	all_matched_unflagged	all_matched_unflagged
CITE	F6VSF3	J9JHR0	TP	TP	all_matched_unflagged	all_matched_unflagged
CITE	F6VSF3	O35740	TP	TP	all_matched_unflagged	all_matched_unflagged
CITE	F6VSF3	P97769	TN	TN	all_matched_unflagged	all_matched_unflagged
CITE	F6VSF3	Q0VCT9	TP	TP	all_matched_unflagged	all_matched_unflagged
CITE	F6VSF3	Q1L8S4	FP	TN	all_matched_unflagged	all_matched_unflagged
CITE	F6VSF3	Q2HJ78	FP	TN	all_matched_unflagged	all_matched_unflagged
CITE	F6VSF3	Q6NX30	TP	TP	all_matched_unflagged	all_matched_unflagged
CITE	F6VSF3	Q96RK1	FP	TN	all_matched_unflagged	all_matched_unflagged
CITE	F6VSF3	Q99966	TN	TN	all_matched_unflagged	all_matched_unflagged
CITE	F6VSF3	Q99967	TP	TP	all_matched_unflagged	all_matched_unflagged
CITE	F6VSF3	Q99MA0	FP	TN	all_matched_unflagged	all_matched_unflagged
CITE	F6VSF3	Q99MA1	TP	TP	all_matched_unflagged	all_matched_unflagged
CITE	F6VSF3	Q9BDI3	TN	TN	all_matched_unflagged	all_matched_unflagged
CITE	F6VSF3	Q9DDW4	TP	TP	all_matched_unflagged	all_matched_unflagged
CITE	F6VSF3	Q9I8K7	FP	TN	all_matched_unflagged	all_matched_unflagged
CITE	F6VSF3	Q9WUL8	FP	TN	all_matched_unflagged	all_matched_unflagged
CITE	G3QDG8	H2LW29	TN	TN	all_matched_unflagged	all_matched_unflagged
CITE	G3QDG8	H2M0T9	TP	TP	all_matched_unflagged	all_matched_unflagged
CITE	G3QDG8	H2MGS0	TN	TN	all_matched_unflagged	all_matched_unflagged
CITE	G3QDG8	H2PYS8	TN	TN	all_matched_unflagged	all_matched_unflagged
CITE	G3QDG8	J9JHR0	TN	TN	all_matched_unflagged	all_matched_unflagged
CITE	G3QDG8	O35740	TN	TN	all_matched_unflagged	all_matched_unflagged
CITE	G3QDG8	P97769	TP	TP	all_matched_unflagged	all_matched_unflagged
CITE	G3QDG8	Q0VCT9	TN	TN	all_matched_unflagged	all_matched_unflagged
CITE	G3QDG8	Q1L8S4	TN	TN	all_matched_unflagged	all_matched_unflagged
CITE	G3QDG8	Q2HJ78	TN	TN	all_matched_unflagged	all_matched_unflagged
CITE	G3QDG8	Q6NX30	TN	TN	all_matched_unflagged	all_matched_unflagged
CITE	G3QDG8	Q96RK1	TN	TN	all_matched_unflagged	all_matched_unflagged
CITE	G3QDG8	Q99966	TP	TP	all_matched_unflagged	all_matched_unflagged
CITE	G3QDG8	Q99967	TN	TN	all_matched_unflagged	all_matched_unflagged
CITE	G3QDG8	Q99MA0	TN	TN	all_matched_unflagged	all_matched_unflagged
CITE	G3QDG8	Q99MA1	TN	TN	all_matched_unflagged	all_matched_unflagged
CITE	G3QDG8	Q9BDI3	TP	TP	all_matched_unflagged	all_matched_unflagged
CITE	G3QDG8	Q9DDW4	TN	TN	all_matched_unflagged	all_matched_unflagged
CITE	G3QDG8	Q9I8K7	TN	TN	all_matched_unflagged	all_matched_unflagged
CITE	G3QDG8	Q9WUL8	TN	TN	all_matched_unflagged	all_matched_unflagged
CITE	H2LW29	H2M0T9	TN	TN	all_matched_unflagged	all_matched_unflagged
CITE	H2LW29	H2MGS0	TN	TN	all_matched_unflagged	all_matched_unflagged
CITE	H2LW29	H2PYS8	TP	FN	all_matched_unflagged	all_matched_unflagged
CITE	H2LW29	J9JHR0	FP	TN	all_matched_unflagged	all_matched_unflagged
CITE	H2LW29	O35740	FP	TN	all_matched_unflagged	all_matched_unflagged
CITE	H2LW29	P97769	TN	TN	all_matched_unflagged	all_matched_unflagged
CITE	H2LW29	Q0VCT9	FP	TN	all_matched_unflagged	all_matched_unflagged
CITE	H2LW29	Q1L8S4	TP	FN	all_matched_unflagged	all_matched_unflagged
CITE	H2LW29	Q2HJ78	TP	FN	all_matched_unflagged	all_matched_unflagged
CITE	H2LW29	Q6NX30	FP	TN	all_matched_unflagged	all_matched_unflagged
CITE	H2LW29	Q96RK1	TP	FN	all_matched_unflagged	all_matched_unflagged
CITE	H2LW29	Q99966	TN	TN	all_matched_unflagged	all_matched_unflagged
CITE	H2LW29	Q99967	FP	TN	all_matched_unflagged	all_matched_unflagged
CITE	H2LW29	Q99MA0	TP	FN	all_matched_unflagged	all_matched_unflagged
CITE	H2LW29	Q99MA1	FP	TN	all_matched_unflagged	all_matched_unflagged
CITE	H2LW29	Q9BDI3	TN	TN	all_matched_unflagged	all_matched_unflagged
CITE	H2LW29	Q9DDW4	FP	TN	all_matched_unflagged	all_matched_unflagged
CITE	H2LW29	Q9I8K7	TP	FN	all_matched_unflagged	all_matched_unflagged
CITE	H2LW29	Q9WUL8	TP	FN	all_matched_unflagged	all_matched_unflagged
CITE	H2M0T9	H2MGS0	TN	TN	all_matched_unflagged	all_matched_unflagged
CITE	H2M0T9	H2PYS8	TN	TN	all_matched_unflagged	all_matched_unflagged
CITE	H2M0T9	J9JHR0	TN	TN	all_matched_unflagged	all_matched_unflagged
CITE	H2M0T9	O35740	TN	TN	all_matched_unflagged	all_matched_unflagged
CITE	H2M0T9	P97769	TP	TP	all_matched_unflagged	all_matched_unflagged
CITE	H2M0T9	Q0VCT9	TN	TN	all_matched_unflagged	all_matched_unflagged
CITE	H2M0T9	Q1L8S4	TN	TN	all_matched_unflagged	all_matched_unflagged
CITE	H2M0T9	Q2HJ78	TN	TN	all_matched_unflagged	all_matched_unflagged
CITE	H2M0T9	Q6NX30	TN	TN	all_matched_unflagged	all_matched_unflagged
CITE	H2M0T9	Q96RK1	TN	TN	all_matched_unflagged	all_matched_unflagged
CITE	H2M0T9	Q99966	TP	TP	all_matched_unflagged	all_matched_unflagged
CITE	H2M0T9	Q99967	TN	TN	all_matched_unflagged	all_matched_unflagged
CITE	H2M0T9	Q99MA0	TN	TN	all_matched_unflagged	all_matched_unflagged
CITE	H2M0T9	Q99MA1	TN	TN	all_matched_unflagged	all_matched_unflagged
CITE	H2M0T9	Q9BDI3	TP	TP	all_matched_unflagged	all_matched_unflagged
CITE	H2M0T9	Q9DDW4	TN	TN	all_matched_unflagged	all_matched_unflagged
CITE	H2M0T9	Q9I8K7	TN	TN	all_matched_unflagged	all_matched_unflagged
CITE	H2M0T9	Q9WUL8	TN	TN	all_matched_unflagged	all_matched_unflagged
CITE	H2MGS0	H2PYS8	TP	FN	all_matched_unflagged	all_matched_unflagged
CITE	H2MGS0	J9JHR0	FP	TN	all_matched_unflagged	all_matched_unflagged
CITE	H2MGS0	O35740	FP	TN	all_matched_unflagged	all_matched_unflagged
CITE	H2MGS0	P97769	TN	TN	all_matched_unflagged	all_matched_unflagged
CITE	H2MGS0	Q0VCT9	FP	TN	all_matched_unflagged	all_matched_unflagged
CITE	H2MGS0	Q1L8S4	FP	TN	all_matched_unflagged	all_matched_unflagged
CITE	H2MGS0	Q2HJ78	TP	FN	all_matched_unflagged	all_matched_unflagged
CITE	H2MGS0	Q6NX30	FP	TN	all_matched_unflagged	all_matched_unflagged
CITE	H2MGS0	Q96RK1	TP	FN	all_matched_unflagged	all_matched_unflagged
CITE	H2MGS0	Q99966	TN	TN	all_matched_unflagged	all_matched_unflagged
CITE	H2MGS0	Q99967	FP	TN	all_matched_unflagged	all_matched_unflagged
CITE	H2MGS0	Q99MA0	TP	FN	all_matched_unflagged	all_matched_unflagged
CITE	H2MGS0	Q99MA1	FP	TN	all_matched_unflagged	all_matched_unflagged
CITE	H2MGS0	Q9BDI3	TN	TN	all_matched_unflagged	all_matched_unflagged
CITE	H2MGS0	Q9DDW4	FP	TN	all_matched_unflagged	all_matched_unflagged
CITE	H2MGS0	Q9I8K7	TP	FN	all_matched_unflagged	all_matched_unflagged
CITE	H2MGS0	Q9WUL8	TP	FN	all_matched_unflagged	all_matched_unflagged
CITE	H2PYS8	J9JHR0	FP	TN	all_matched_unflagged	all_matched_unflagged
CITE	H2PYS8	O35740	FP	TN	all_matched_unflagged	all_matched_unflagged
CITE	H2PYS8	P97769	TN	TN	all_matched_unflagged	all_matched_unflagged
CITE	H2PYS8	Q0VCT9	FP	TN	all_matched_unflagged	all_matched_unflagged
CITE	H2PYS8	Q1L8S4	TP	FN	all_matched_unflagged	all_matched_unflagged
CITE	H2PYS8	Q2HJ78	TP	TP	all_matched_unflagged	all_matched_unflagged
CITE	H2PYS8	Q6NX30	FP	TN	all_matched_unflagged	all_matched_unflagged
CITE	H2PYS8	Q96RK1	TP	TP	all_matched_unflagged	all_matched_unflagged
CITE	H2PYS8	Q99966	TN	TN	all_matched_unflagged	all_matched_unflagged
CITE	H2PYS8	Q99967	FP	TN	all_matched_unflagged	all_matched_unflagged
CITE	H2PYS8	Q99MA0	TP	TP	all_matched_unflagged	all_matched_unflagged
CITE	H2PYS8	Q99MA1	FP	TN	all_matched_unflagged	all_matched_unflagged
CITE	H2PYS8	Q9BDI3	TN	TN	all_matched_unflagged	all_matched_unflagged
CITE	H2PYS8	Q9DDW4	FP	TN	all_matched_unflagged	all_matched_unflagged
CITE	H2PYS8	Q9I8K7	TP	TP	all_matched_unflagged	all_matched_unflagged
CITE	H2PYS8	Q9WUL8	TP	TP	all_matched_unflagged	all_matched_unflagged
CITE	J9JHR0	O35740	TP	TP	all_matched_unflagged	all_matched_unflagged
CITE	J9JHR0	P97769	TN	TN	all_matched_unflagged	all_matched_unflagged
CITE	J9JHR0	Q0VCT9	TP	TP	all_matched_unflagged	all_matched_unflagged
CITE	J9JHR0	Q1L8S4	FP	TN	all_matched_unflagged	all_matched_unflagged
CITE	J9JHR0	Q2HJ78	FP	TN	all_matched_unflagged	all_matched_unflagged
CITE	J9JHR0	Q6NX30	TP	TP	all_matched_unflagged	all_matched_unflagged
CITE	J9JHR0	Q96RK1	FP	TN	all_matched_unflagged	all_matched_unflagged
CITE	J9JHR0	Q99966	TN	TN	all_matched_unflagged	all_matched_unflagged
CITE	J9JHR0	Q99967	TP	TP	all_matched_unflagged	all_matched_unflagged
CITE	J9JHR0	Q99MA0	FP	TN	all_matched_unflagged	all_matched_unflagged
CITE	J9JHR0	Q99MA1	TP	TP	all_matched_unflagged	all_matched_unflagged
CITE	J9JHR0	Q9BDI3	TN	TN	all_matched_unflagged	all_matched_unflagged
CITE	J9JHR0	Q9DDW4	TP	TP	all_matched_unflagged	all_matched_unflagged
CITE	J9JHR0	Q9I8K7	FP	TN	all_matched_unflagged	all_matched_unflagged
CITE	J9JHR0	Q9WUL8	FP	TN	all_matched_unflagged	all_matched_unflagged
CITE	O35740	P97769	TN	TN	all_matched_unflagged	all_matched_unflagged
CITE	O35740	Q0VCT9	TP	TP	all_matched_unflagged	all_matched_unflagged
CITE	O35740	Q1L8S4	FP	TN	all_matched_unflagged	all_matched_unflagged
CITE	O35740	Q2HJ78	FP	TN	all_matched_unflagged	all_matched_unflagged
CITE	O35740	Q6NX30	TP	TP	all_matched_unflagged	all_matched_unflagged
CITE	O35740	Q96RK1	FP	TN	all_matched_unflagged	all_matched_unflagged
CITE	O35740	Q99966	TN	TN	all_matched_unflagged	all_matched_unflagged
CITE	O35740	Q99967	TP	TP	all_matched_unflagged	all_matched_unflagged
CITE	O35740	Q99MA0	FP	TN	all_matched_unflagged	all_matched_unflagged
CITE	O35740	Q99MA1	TP	TP	all_matched_unflagged	all_matched_unflagged
CITE	O35740	Q9BDI3	TN	TN	all_matched_unflagged	all_matched_unflagged
CITE	O35740	Q9DDW4	TP	TP	all_matched_unflagged	all_matched_unflagged
CITE	O35740	Q9I8K7	FP	TN	all_matched_unflagged	all_matched_unflagged
CITE	O35740	Q9WUL8	TN	TN	all_matched_unflagged	all_matched_unflagged
CITE	P97769	Q0VCT9	TN	TN	all_matched_unflagged	all_matched_unflagged
CITE	P97769	Q1L8S4	TN	TN	all_matched_unflagged	all_matched_unflagged
CITE	P97769	Q2HJ78	TN	TN	all_matched_unflagged	all_matched_unflagged
CITE	P97769	Q6NX30	TN	TN	all_matched_unflagged	all_matched_unflagged
CITE	P97769	Q96RK1	TN	TN	all_matched_unflagged	all_matched_unflagged
CITE	P97769	Q99966	TP	TP	all_matched_unflagged	all_matched_unflagged
CITE	P97769	Q99967	TN	TN	all_matched_unflagged	all_matched_unflagged
CITE	P97769	Q99MA0	TN	TN	all_matched_unflagged	all_matched_unflagged
CITE	P97769	Q99MA1	TN	TN	all_matched_unflagged	all_matched_unflagged
CITE	P97769	Q9BDI3	TP	TP	all_matched_unflagged	all_matched_unflagged
CITE	P97769	Q9DDW4	TN	TN	all_matched_unflagged	all_matched_unflagged
CITE	P97769	Q9I8K7	TN	TN	all_matched_unflagged	all_matched_unflagged
CITE	P97769	Q9WUL8	TN	TN	all_matched_unflagged	all_matched_unflagged
CITE	Q0VCT9	Q1L8S4	FP	TN	all_matched_unflagged	all_matched_unflagged
CITE	Q0VCT9	Q2HJ78	TN	TN	all_matched_unflagged	all_matched_unflagged
CITE	Q0VCT9	Q6NX30	TP	TP	all_matched_unflagged	all_matched_unflagged
CITE	Q0VCT9	Q96RK1	FP	TN	all_matched_unflagged	all_matched_unflagged
CITE	Q0VCT9	Q99966	TN	TN	all_matched_unflagged	all_matched_unflagged
CITE	Q0VCT9	Q99967	TP	TP	all_matched_unflagged	all_matched_unflagged
CITE	Q0VCT9	Q99MA0	FP	TN	all_matched_unflagged	all_matched_unflagged
CITE	Q0VCT9	Q99MA1	TP	TP	all_matched_unflagged	all_matched_unflagged
CITE	Q0VCT9	Q9BDI3	TN	TN	all_matched_unflagged	all_matched_unflagged
CITE	Q0VCT9	Q9DDW4	TP	TP	all_matched_unflagged	all_matched_unflagged
CITE	Q0VCT9	Q9I8K7	FP	TN	all_matched_unflagged	all_matched_unflagged
CITE	Q0VCT9	Q9WUL8	FP	TN	all_matched_unflagged	all_matched_unflagged
CITE	Q1L8S4	Q2HJ78	TP	FN	all_matched_unflagged	all_matched_unflagged
CITE	Q1L8S4	Q6NX30	FP	TN	all_matched_unflagged	all_matched_unflagged
CITE	Q1L8S4	Q96RK1	TP	FN	all_matched_unflagged	all_matched_unflagged
CITE	Q1L8S4	Q99966	TN	TN	all_matched_unflagged	all_matched_unflagged
CITE	Q1L8S4	Q99967	FP	TN	all_matched_unflagged	all_matched_unflagged
CITE	Q1L8S4	Q99MA0	TP	FN	all_matched_unflagged	all_matched_unflagged
CITE	Q1L8S4	Q99MA1	FP	TN	all_matched_unflagged	all_matched_unflagged
CITE	Q1L8S4	Q9BDI3	TN	TN	all_matched_unflagged	all_matched_unflagged
CITE	Q1L8S4	Q9DDW4	FP	TN	all_matched_unflagged	all_matched_unflagged
CITE	Q1L8S4	Q9I8K7	TP	FN	all_matched_unflagged	all_matched_unflagged
CITE	Q1L8S4	Q9WUL8	TP	FN	all_matched_unflagged	all_matched_unflagged
CITE	Q2HJ78	Q6NX30	FP	TN	all_matched_unflagged	all_matched_unflagged
CITE	Q2HJ78	Q96RK1	TP	TP	all_matched_unflagged	all_matched_unflagged
CITE	Q2HJ78	Q99966	TN	TN	all_matched_unflagged	all_matched_unflagged
CITE	Q2HJ78	Q99967	FP	TN	all_matched_unflagged	all_matched_unflagged
CITE	Q2HJ78	Q99MA0	TP	TP	all_matched_unflagged	all_matched_unflagged
CITE	Q2HJ78	Q99MA1	FP	TN	all_matched_unflagged	all_matched_unflagged
CITE	Q2HJ78	Q9BDI3	TN	TN	all_matched_unflagged	all_matched_unflagged
CITE	Q2HJ78	Q9DDW4	FP	TN	all_matched_unflagged	all_matched_unflagged
CITE	Q2HJ78	Q9I8K7	TP	TP	all_matched_unflagged	all_matched_unflagged
CITE	Q2HJ78	Q9WUL8	TP	TP	all_matched_unflagged	all_matched_unflagged
CITE	Q6NX30	Q96RK1	FP	TN	all_matched_unflagged	all_matched_unflagged
CITE	Q6NX30	Q99966	TN	TN	all_matched_unflagged	all_matched_unflagged
CITE	Q6NX30	Q99967	TP	TP	all_matched_unflagged	all_matched_unflagged
CITE	Q6NX30	Q99MA0	FP	TN	all_matched_unflagged	all_matched_unflagged
CITE	Q6NX30	Q99MA1	TP	TP	all_matched_unflagged	all_matched_unflagged
CITE	Q6NX30	Q9BDI3	TN	TN	all_matched_unflagged	all_matched_unflagged
CITE	Q6NX30	Q9DDW4	TP	TP	all_matched_unflagged	all_matched_unflagged
CITE	Q6NX30	Q9I8K7	FP	TN	all_matched_unflagged	all_matched_unflagged
CITE	Q6NX30	Q9WUL8	FP	TN	all_matched_unflagged	all_matched_unflagged
CITE	Q96RK1	Q99966	TN	TN	all_matched_unflagged	all_matched_unflagged
CITE	Q96RK1	Q99967	TN	TN	all_matched_unflagged	all_matched_unflagged
CITE	Q96RK1	Q99MA0	TP	TP	all_matched_unflagged	all_matched_unflagged
CITE	Q96RK1	Q99MA1	FP	TN	all_matched_unflagged	all_matched_unflagged
CITE	Q96RK1	Q9BDI3	TN	TN	all_matched_unflagged	all_matched_unflagged
CITE	Q96RK1	Q9DDW4	FP	TN	all_matched_unflagged	all_matched_unflagged
CITE	Q96RK1	Q9I8K7	TP	TP	all_matched_unflagged	all_matched_unflagged
CITE	Q96RK1	Q9WUL8	TP	TP	all_matched_unflagged	all_matched_unflagged
CITE	Q99966	Q99967	TN	TN	all_matched_unflagged	all_matched_unflagged
CITE	Q99966	Q99MA0	TN	TN	all_matched_unflagged	all_matched_unflagged
CITE	Q99966	Q99MA1	TN	TN	all_matched_unflagged	all_matched_unflagged
CITE	Q99966	Q9BDI3	TP	TP	all_matched_unflagged	all_matched_unflagged
CITE	Q99966	Q9DDW4	TN	TN	all_matched_unflagged	all_matched_unflagged
CITE	Q99966	Q9I8K7	TN	TN	all_matched_unflagged	all_matched_unflagged
CITE	Q99966	Q9WUL8	TN	TN	all_matched_unflagged	all_matched_unflagged
CITE	Q99967	Q99MA0	FP	TN	all_matched_unflagged	all_matched_unflagged
CITE	Q99967	Q99MA1	TP	TP	all_matched_unflagged	all_matched_unflagged
CITE	Q99967	Q9BDI3	TN	TN	all_matched_unflagged	all_matched_unflagged
CITE	Q99967	Q9DDW4	TP	TP	all_matched_unflagged	all_matched_unflagged
CITE	Q99967	Q9I8K7	FP	TN	all_matched_unflagged	all_matched_unflagged
CITE	Q99967	Q9WUL8	FP	TN	all_matched_unflagged	all_matched_unflagged
CITE	Q99MA0	Q99MA1	TN	TN	all_matched_unflagged	all_matched_unflagged
CITE	Q99MA0	Q9BDI3	TN	TN	all_matched_unflagged	all_matched_unflagged
CITE	Q99MA0	Q9DDW4	FP	TN	all_matched_unflagged	all_matched_unflagged
CITE	Q99MA0	Q9I8K7	TP	TP	all_matched_unflagged	all_matched_unflagged
CITE	Q99MA0	Q9WUL8	TP	TP	all_matched_unflagged	all_matched_unflagged
CITE	Q99MA1	Q9BDI3	TN	TN	all_matched_unflagged	all_matched_unflagged
CITE	Q99MA1	Q9DDW4	TP	TP	all_matched_unflagged	all_matched_unflagged
CITE	Q99MA1	Q9I8K7	FP	TN	all_matched_unflagged	all_matched_unflagged
CITE	Q99MA1	Q9WUL8	FP	TN	all_matched_unflagged	all_matched_unflagged
CITE	Q9BDI3	Q9DDW4	TN	TN	all_matched_unflagged	all_matched_unflagged
CITE	Q9BDI3	Q9I8K7	TN	TN	all_matched_unflagged	all_matched_unflagged
CITE	Q9BDI3	Q9WUL8	TN	TN	all_matched_unflagged	all_matched_unflagged
CITE	Q9DDW4	Q9I8K7	TN	TN	all_matched_unflagged	all_matched_unflagged
CITE	Q9DDW4	Q9WUL8	FP	TN	all_matched_unflagged	all_matched_unflagged
CITE	Q9I8K7	Q9WUL8	TP	TP	all_matched_unflagged	all_matched_unflagged
Clusterin	A5PMY8	F1MWI1	FP	TN	all_matched_unflagged	all_matched_unflagged
Clusterin	A5PMY8	F1N8T1	TP	TP	all_matched_unflagged	all_matched_unflagged
Clusterin	A5PMY8	F6UX07	FP	TN	all_matched_unflagged	all_matched_unflagged
Clusterin	A5PMY8	F7G367	TP	TP	all_matched_unflagged	all_matched_unflagged
Clusterin	A5PMY8	G3RL83	FP	TN	all_matched_unflagged	all_matched_unflagged
Clusterin	A5PMY8	H2MTZ0	FP	TN	all_matched_unflagged	all_matched_unflagged
Clusterin	A5PMY8	P05371	FP	TN	all_matched_unflagged	all_matched_unflagged
Clusterin	A5PMY8	P10909	FP	TN	all_matched_unflagged	all_matched_unflagged
Clusterin	A5PMY8	P17697	FP	TN	all_matched_unflagged	all_matched_unflagged
Clusterin	A5PMY8	Q06890	FP	TN	all_matched_unflagged	all_matched_unflagged
Clusterin	A5PMY8	Q15846	TP	TP	all_matched_unflagged	all_matched_unflagged
Clusterin	A5PMY8	Q3ZRW6	TP	TP	all_matched_unflagged	all_matched_unflagged
Clusterin	A5PMY8	Q3ZRW7	TP	TP	all_matched_unflagged	all_matched_unflagged
Clusterin	A5PMY8	Q3ZRW9	TP	TP	all_matched_unflagged	all_matched_unflagged
Clusterin	A5PMY8	Q5SPR2	TN	TN	all_matched_unflagged	all_matched_unflagged
Clusterin	A5PMY8	Q95KN1	TP	TP	all_matched_unflagged	all_matched_unflagged
Clusterin	F1MWI1	F1N8T1	FP	TN	all_matched_unflagged	all_matched_unflagged
Clusterin	F1MWI1	F6UX07	TP	TP	all_matched_unflagged	all_matched_unflagged
Clusterin	F1MWI1	F7G367	FP	TN	all_matched_unflagged	all_matched_unflagged
Clusterin	F1MWI1	G3RL83	TP	TP	all_matched_unflagged	all_matched_unflagged
Clusterin	F1MWI1	H2MTZ0	TP	TP	all_matched_unflagged	all_matched_unflagged
Clusterin	F1MWI1	P05371	TP	TP	all_matched_unflagged	all_matched_unflagged
Clusterin	F1MWI1	P10909	TP	TP	all_matched_unflagged	all_matched_unflagged
Clusterin	F1MWI1	P17697	TN	TN	all_matched_unflagged	all_matched_unflagged
Clusterin	F1MWI1	Q06890	TP	TP	all_matched_unflagged	all_matched_unflagged
Clusterin	F1MWI1	Q15846	FP	TN	all_matched_unflagged	all_matched_unflagged
Clusterin	F1MWI1	Q3ZRW6	FP	TN	all_matched_unflagged	all_matched_unflagged
Clusterin	F1MWI1	Q3ZRW7	FP	TN	all_matched_unflagged	all_matched_unflagged
Clusterin	F1MWI1	Q3ZRW9	TN	TN	all_matched_unflagged	all_matched_unflagged
Clusterin	F1MWI1	Q5SPR2	TP	TP	all_matched_unflagged	all_matched_unflagged
Clusterin	F1MWI1	Q95KN1	FP	TN	all_matched_unflagged	all_matched_unflagged
Clusterin	F1N8T1	F6UX07	FP	TN	all_matched_unflagged	all_matched_unflagged
Clusterin	F1N8T1	F7G367	TP	TP	all_matched_unflagged	all_matched_unflagged
Clusterin	F1N8T1	G3RL83	FP	TN	all_matched_unflagged	all_matched_unflagged
Clusterin	F1N8T1	H2MTZ0	FP	TN	all_matched_unflagged	all_matched_unflagged
Clusterin	F1N8T1	P05371	FP	TN	all_matched_unflagged	all_matched_unflagged
Clusterin	F1N8T1	P10909	FP	TN	all_matched_unflagged	all_matched_unflagged
Clusterin	F1N8T1	P17697	FP	TN	all_matched_unflagged	all_matched_unflagged
Clusterin	F1N8T1	Q06890	FP	TN	all_matched_unflagged	all_matched_unflagged
Clusterin	F1N8T1	Q15846	TP	TP	all_matched_unflagged	all_matched_unflagged
Clusterin	F1N8T1	Q3ZRW6	TP	TP	all_matched_unflagged	all_matched_unflagged
Clusterin	F1N8T1	Q3ZRW7	TP	TP	all_matched_unflagged	all_matched_unflagged
Clusterin	F1N8T1	Q3ZRW9	TP	TP	all_matched_unflagged	all_matched_unflagged
Clusterin	F1N8T1	Q5SPR2	FP	TN	all_matched_unflagged	all_matched_unflagged
Clusterin	F1N8T1	Q95KN1	TP	TP	all_matched_unflagged	all_matched_unflagged
Clusterin	F6UX07	F7G367	TN	TN	all_matched_unflagged	all_matched_unflagged
Clusterin	F6UX07	G3RL83	TP	TP	all_matched_unflagged	all_matched_unflagged
Clusterin	F6UX07	H2MTZ0	TP	TP	all_matched_unflagged	all_matched_unflagged
Clusterin	F6UX07	P05371	TP	TP	all_matched_unflagged	all_matched_unflagged
Clusterin	F6UX07	P10909	TP	TP	all_matched_unflagged	all_matched_unflagged
Clusterin	F6UX07	P17697	TP	TP	all_matched_unflagged	all_matched_unflagged
Clusterin	F6UX07	Q06890	TP	TP	all_matched_unflagged	all_matched_unflagged
Clusterin	F6UX07	Q15846	FP	TN	all_matched_unflagged	all_matched_unflagged
Clusterin	F6UX07	Q3ZRW6	FP	TN	all_matched_unflagged	all_matched_unflagged
Clusterin	F6UX07	Q3ZRW7	FP	TN	all_matched_unflagged	all_matched_unflagged
Clusterin	F6UX07	Q3ZRW9	FP	TN	all_matched_unflagged	all_matched_unflagged
Clusterin	F6UX07	Q5SPR2	TP	TP	all_matched_unflagged	all_matched_unflagged
Clusterin	F6UX07	Q95KN1	FP	TN	all_matched_unflagged	all_matched_unflagged
Clusterin	F7G367	G3RL83	FP	TN	all_matched_unflagged	all_matched_unflagged
Clusterin	F7G367	H2MTZ0	FP	TN	all_matched_unflagged	all_matched_unflagged
Clusterin	F7G367	P05371	FP	TN	all_matched_unflagged	all_matched_unflagged
Clusterin	F7G367	P10909	FP	TN	all_matched_unflagged	all_matched_unflagged
Clusterin	F7G367	P17697	FP	TN	all_matched_unflagged	all_matched_unflagged
Clusterin	F7G367	Q06890	FP	TN	all_matched_unflagged	all_matched_unflagged
Clusterin	F7G367	Q15846	TP	TP	all_matched_unflagged	all_matched_unflagged
Clusterin	F7G367	Q3ZRW6	TP	TP	all_matched_unflagged	all_matched_unflagged
Clusterin	F7G367	Q3ZRW7	TP	TP	all_matched_unflagged	all_matched_unflagged
Clusterin	F7G367	Q3ZRW9	TP	TP	all_matched_unflagged	all_matched_unflagged
Clusterin	F7G367	Q5SPR2	FP	TN	all_matched_unflagged	all_matched_unflagged
Clusterin	F7G367	Q95KN1	TP	TP	all_matched_unflagged	all_matched_unflagged
Clusterin	G3RL83	H2MTZ0	TP	TP	all_matched_unflagged	all_matched_unflagged
Clusterin	G3RL83	P05371	TP	TP	all_matched_unflagged	all_matched_unflagged
Clusterin	G3RL83	P10909	TP	TP	all_matched_unflagged	all_matched_unflagged
Clusterin	G3RL83	P17697	TP	TP	all_matched_unflagged	all_matched_unflagged
Clusterin	G3RL83	Q06890	TP	TP	all_matched_unflagged	all_matched_unflagged
Clusterin	G3RL83	Q15846	FP	TN	all_matched_unflagged	all_matched_unflagged
Clusterin	G3RL83	Q3ZRW6	FP	TN	all_matched_unflagged	all_matched_unflagged
Clusterin	G3RL83	Q3ZRW7	FP	TN	all_matched_unflagged	all_matched_unflagged
Clusterin	G3RL83	Q3ZRW9	FP	TN	all_matched_unflagged	all_matched_unflagged
Clusterin	G3RL83	Q5SPR2	TP	TP	all_matched_unflagged	all_matched_unflagged
Clusterin	G3RL83	Q95KN1	FP	TN	all_matched_unflagged	all_matched_unflagged
Clusterin	H2MTZ0	P05371	TP	TP	all_matched_unflagged	all_matched_unflagged
Clusterin	H2MTZ0	P10909	TP	TP	all_matched_unflagged	all_matched_unflagged
Clusterin	H2MTZ0	P17697	TP	TP	all_matched_unflagged	all_matched_unflagged
Clusterin	H2MTZ0	Q06890	TP	TP	all_matched_unflagged	all_matched_unflagged
Clusterin	H2MTZ0	Q15846	FP	TN	all_matched_unflagged	all_matched_unflagged
Clusterin	H2MTZ0	Q3ZRW6	FP	TN	all_matched_unflagged	all_matched_unflagged
Clusterin	H2MTZ0	Q3ZRW7	FP	TN	all_matched_unflagged	all_matched_unflagged
Clusterin	H2MTZ0	Q3ZRW9	FP	TN	all_matched_unflagged	all_matched_unflagged
Clusterin	H2MTZ0	Q5SPR2	TP	TP	all_matched_unflagged	all_matched_unflagged
Clusterin	H2MTZ0	Q95KN1	FP	TN	all_matched_unflagged	all_matched_unflagged
Clusterin	P05371	P10909	TP	TP	all_matched_unflagged	all_matched_unflagged
Clusterin	P05371	P17697	TP	TP	all_matched_unflagged	all_matched_unflagged
Clusterin	P05371	Q06890	TP	TP	all_matched_unflagged	all_matched_unflagged
Clusterin	P05371	Q15846	FP	TN	all_matched_unflagged	all_matched_unflagged
Clusterin	P05371	Q3ZRW6	FP	TN	all_matched_unflagged	all_matched_unflagged
Clusterin	P05371	Q3ZRW7	TN	TN	all_matched_unflagged	all_matched_unflagged
Clusterin	P05371	Q3ZRW9	FP	TN	all_matched_unflagged	all_matched_unflagged
Clusterin	P05371	Q5SPR2	TP	TP	all_matched_unflagged	all_matched_unflagged
Clusterin	P05371	Q95KN1	FP	TN	all_matched_unflagged	all_matched_unflagged
Clusterin	P10909	P17697	TP	TP	all_matched_unflagged	all_matched_unflagged
Clusterin	P10909	Q06890	TP	TP	all_matched_unflagged	all_matched_unflagged
Clusterin	P10909	Q15846	TN	TN	all_matched_unflagged	all_matched_unflagged
Clusterin	P10909	Q3ZRW6	FP	TN	all_matched_unflagged	all_matched_unflagged
Clusterin	P10909	Q3ZRW7	FP	TN	all_matched_unflagged	all_matched_unflagged
Clusterin	P10909	Q3ZRW9	FP	TN	all_matched_unflagged	all_matched_unflagged
Clusterin	P10909	Q5SPR2	TP	TP	all_matched_unflagged	all_matched_unflagged
Clusterin	P10909	Q95KN1	FP	TN	all_matched_unflagged	all_matched_unflagged
Clusterin	P17697	Q06890	TP	TP	all_matched_unflagged	all_matched_unflagged
Clusterin	P17697	Q15846	FP	TN	all_matched_unflagged	all_matched_unflagged
Clusterin	P17697	Q3ZRW6	FP	TN	all_matched_unflagged	all_matched_unflagged
Clusterin	P17697	Q3ZRW7	FP	TN	all_matched_unflagged	all_matched_unflagged
Clusterin	P17697	Q3ZRW9	TN	TN	all_matched_unflagged	all_matched_unflagged
Clusterin	P17697	Q5SPR2	TP	TP	all_matched_unflagged	all_matched_unflagged
Clusterin	P17697	Q95KN1	FP	TN	all_matched_unflagged	all_matched_unflagged
Clusterin	Q06890	Q15846	FP	TN	all_matched_unflagged	all_matched_unflagged
Clusterin	Q06890	Q3ZRW6	TN	TN	all_matched_unflagged	all_matched_unflagged
Clusterin	Q06890	Q3ZRW7	FP	TN	all_matched_unflagged	all_matched_unflagged
Clusterin	Q06890	Q3ZRW9	FP	TN	all_matched_unflagged	all_matched_unflagged
Clusterin	Q06890	Q5SPR2	TP	TP	all_matched_unflagged	all_matched_unflagged
Clusterin	Q06890	Q95KN1	FP	TN	all_matched_unflagged	all_matched_unflagged
Clusterin	Q15846	Q3ZRW6	TP	TP	all_matched_unflagged	all_matched_unflagged
Clusterin	Q15846	Q3ZRW7	TP	TP	all_matched_unflagged	all_matched_unflagged
Clusterin	Q15846	Q3ZRW9	TP	TP	all_matched_unflagged	all_matched_unflagged
Clusterin	Q15846	Q5SPR2	FP	TN	all_matched_unflagged	all_matched_unflagged
Clusterin	Q15846	Q95KN1	TP	TP	all_matched_unflagged	all_matched_unflagged
Clusterin	Q3ZRW6	Q3ZRW7	TP	TP	all_matched_unflagged	all_matched_unflagged
Clusterin	Q3ZRW6	Q3ZRW9	TP	TP	all_matched_unflagged	all_matched_unflagged
Clusterin	Q3ZRW6	Q5SPR2	FP	TN	all_matched_unflagged	all_matched_unflagged
Clusterin	Q3ZRW6	Q95KN1	TP	TP	all_matched_unflagged	all_matched_unflagged
Clusterin	Q3ZRW7	Q3ZRW9	TP	TP	all_matched_unflagged	all_matched_unflagged
Clusterin	Q3ZRW7	Q5SPR2	FP	TN	all_matched_unflagged	all_matched_unflagged
Clusterin	Q3ZRW7	Q95KN1	TP	TP	all_matched_unflagged	all_matched_unflagged
Clusterin	Q3ZRW9	Q5SPR2	FP	TN	all_matched_unflagged	all_matched_unflagged
Clusterin	Q3ZRW9	Q95KN1	TP	TP	all_matched_unflagged	all_matched_unflagged
Clusterin	Q5SPR2	Q95KN1	FP	TN	all_matched_unflagged	all_matched_unflagged
GH14	O23553	O65258	TN	TN	all_matched_unflagged	all_matched_unflagged
GH14	O23553	O80831	TN	TN	all_matched_unflagged	all_matched_unflagged
GH14	O23553	P25853	TN	TN	all_matched_unflagged	all_matched_unflagged
GH14	O23553	Q10LG9	TN	TN	all_matched_unflagged	all_matched_unflagged
GH14	O23553	Q10RZ1	FP	TN	all_matched_unflagged	all_matched_unflagged
GH14	O23553	Q5NB81	FP	TN	all_matched_unflagged	all_matched_unflagged
GH14	O23553	Q652P5	TN	TN	all_matched_unflagged	all_matched_unflagged
GH14	O23553	Q8L762	TN	TN	all_matched_unflagged	all_matched_unflagged
GH14	O23553	Q8VYW2	TN	TN	all_matched_unflagged	all_matched_unflagged
GH14	O23553	Q9AV88	FP	TN	all_matched_unflagged	all_matched_unflagged
GH14	O23553	Q9FH80	TN	TN	all_matched_unflagged	all_matched_unflagged
GH14	O23553	Q9FM68	TN	TN	all_matched_unflagged	all_matched_unflagged
GH14	O23553	Q9LIR6	TN	TN	all_matched_unflagged	all_matched_unflagged
GH14	O23553	Q9V7A4	TN	TN	all_matched_unflagged	all_matched_unflagged
GH14	O65258	O80831	TN	TN	all_matched_unflagged	all_matched_unflagged
GH14	O65258	P25853	TN	TN	all_matched_unflagged	all_matched_unflagged
GH14	O65258	Q10LG9	TN	TN	all_matched_unflagged	all_matched_unflagged
GH14	O65258	Q10RZ1	FP	TN	all_matched_unflagged	all_matched_unflagged
GH14	O65258	Q5NB81	FP	TN	all_matched_unflagged	all_matched_unflagged
GH14	O65258	Q652P5	FN	FN	all_matched_unflagged	all_matched_unflagged
GH14	O65258	Q8L762	TN	TN	all_matched_unflagged	all_matched_unflagged
GH14	O65258	Q8VYW2	TN	TN	all_matched_unflagged	all_matched_unflagged
GH14	O65258	Q9AV88	FP	TN	all_matched_unflagged	all_matched_unflagged
GH14	O65258	Q9FH80	TN	TN	all_matched_unflagged	all_matched_unflagged
GH14	O65258	Q9FM68	TN	TN	all_matched_unflagged	all_matched_unflagged
GH14	O65258	Q9LIR6	TN	TN	all_matched_unflagged	all_matched_unflagged
GH14	O65258	Q9V7A4	FN	FN	all_matched_unflagged	all_matched_unflagged
GH14	O80831	P25853	TN	TN	all_matched_unflagged	all_matched_unflagged
GH14	O80831	Q10LG9	TN	TN	all_matched_unflagged	all_matched_unflagged
GH14	O80831	Q10RZ1	TN	TN	all_matched_unflagged	all_matched_unflagged
GH14	O80831	Q5NB81	TN	TN	all_matched_unflagged	all_matched_unflagged
GH14	O80831	Q652P5	TP	FN	all_matched_unflagged	all_matched_unflagged
GH14	O80831	Q8L762	TN	TN	all_matched_unflagged	all_matched_unflagged
GH14	O80831	Q8VYW2	TN	TN	all_matched_unflagged	all_matched_unflagged
GH14	O80831	Q9AV88	TN	TN	all_matched_unflagged	all_matched_unflagged
GH14	O80831	Q9FH80	TN	TN	all_matched_unflagged	all_matched_unflagged
GH14	O80831	Q9FM68	TN	TN	all_matched_unflagged	all_matched_unflagged
GH14	O80831	Q9LIR6	TN	TN	all_matched_unflagged	all_matched_unflagged
GH14	O80831	Q9V7A4	FN	FN	all_matched_unflagged	all_matched_unflagged
GH14	P25853	Q10LG9	TN	TN	all_matched_unflagged	all_matched_unflagged
GH14	P25853	Q10RZ1	TN	TN	all_matched_unflagged	all_matched_unflagged
GH14	P25853	Q5NB81	TN	TN	all_matched_unflagged	all_matched_unflagged
GH14	P25853	Q652P5	TN	TN	all_matched_unflagged	all_matched_unflagged
GH14	P25853	Q8L762	TN	TN	all_matched_unflagged	all_matched_unflagged
GH14	P25853	Q8VYW2	TN	TN	all_matched_unflagged	all_matched_unflagged
GH14	P25853	Q9AV88	TN	TN	all_matched_unflagged	all_matched_unflagged
GH14	P25853	Q9FH80	TN	TN	all_matched_unflagged	all_matched_unflagged
GH14	P25853	Q9FM68	TN	TN	all_matched_unflagged	all_matched_unflagged
GH14	P25853	Q9LIR6	TN	TN	all_matched_unflagged	all_matched_unflagged
GH14	P25853	Q9V7A4	TN	TN	all_matched_unflagged	all_matched_unflagged
GH14	Q10LG9	Q10RZ1	TN	TN	all_matched_unflagged	all_matched_unflagged
GH14	Q10LG9	Q5NB81	TN	TN	all_matched_unflagged	all_matched_unflagged
GH14	Q10LG9	Q652P5	TN	TN	all_matched_unflagged	all_matched_unflagged
GH14	Q10LG9	Q8L762	TN	TN	all_matched_unflagged	all_matched_unflagged
GH14	Q10LG9	Q8VYW2	TP	TP	all_matched_unflagged	all_matched_unflagged
GH14	Q10LG9	Q9AV88	TN	TN	all_matched_unflagged	all_matched_unflagged
GH14	Q10LG9	Q9FH80	TN	TN	all_matched_unflagged	all_matched_unflagged
GH14	Q10LG9	Q9FM68	TN	TN	all_matched_unflagged	all_matched_unflagged
GH14	Q10LG9	Q9LIR6	TN	TN	all_matched_unflagged	all_matched_unflagged
GH14	Q10LG9	Q9V7A4	TN	TN	all_matched_unflagged	all_matched_unflagged
GH14	Q10RZ1	Q5NB81	TN	TN	all_matched_unflagged	all_matched_unflagged
GH14	Q10RZ1	Q652P5	TN	TN	all_matched_unflagged	all_matched_unflagged
GH14	Q10RZ1	Q8L762	TN	TN	all_matched_unflagged	all_matched_unflagged
GH14	Q10RZ1	Q8VYW2	TN	TN	all_matched_unflagged	all_matched_unflagged
GH14	Q10RZ1	Q9AV88	TN	TN	all_matched_unflagged	all_matched_unflagged
GH14	Q10RZ1	Q9FH80	TN	TN	all_matched_unflagged	all_matched_unflagged
GH14	Q10RZ1	Q9FM68	FP	TN	all_matched_unflagged	all_matched_unflagged
GH14	Q10RZ1	Q9LIR6	TP	TP	all_matched_unflagged	all_matched_unflagged
GH14	Q10RZ1	Q9V7A4	TN	TN	all_matched_unflagged	all_matched_unflagged
GH14	Q5NB81	Q652P5	TN	TN	all_matched_unflagged	all_matched_unflagged
GH14	Q5NB81	Q8L762	TN	TN	all_matched_unflagged	all_matched_unflagged
GH14	Q5NB81	Q8VYW2	TN	TN	all_matched_unflagged	all_matched_unflagged
GH14	Q5NB81	Q9AV88	TN	TN	all_matched_unflagged	all_matched_unflagged
GH14	Q5NB81	Q9FH80	TN	TN	all_matched_unflagged	all_matched_unflagged
GH14	Q5NB81	Q9FM68	FP	TN	all_matched_unflagged	all_matched_unflagged
GH14	Q5NB81	Q9LIR6	FP	TN	all_matched_unflagged	all_matched_unflagged
GH14	Q5NB81	Q9V7A4	TN	TN	all_matched_unflagged	all_matched_unflagged
GH14	Q652P5	Q8L762	FP	TN	all_matched_unflagged	all_matched_unflagged
GH14	Q652P5	Q8VYW2	TN	TN	all_matched_unflagged	all_matched_unflagged
GH14	Q652P5	Q9AV88	TN	TN	all_matched_unflagged	all_matched_unflagged
GH14	Q652P5	Q9FH80	TN	TN	all_matched_unflagged	all_matched_unflagged
GH14	Q652P5	Q9FM68	TN	TN	all_matched_unflagged	all_matched_unflagged
GH14	Q652P5	Q9LIR6	TN	TN	all_matched_unflagged	all_matched_unflagged
GH14	Q652P5	Q9V7A4	FN	FN	all_matched_unflagged	all_matched_unflagged
GH14	Q8L762	Q8VYW2	TN	TN	all_matched_unflagged	all_matched_unflagged
GH14	Q8L762	Q9AV88	TN	TN	all_matched_unflagged	all_matched_unflagged
GH14	Q8L762	Q9FH80	TN	TN	all_matched_unflagged	all_matched_unflagged
GH14	Q8L762	Q9FM68	TN	TN	all_matched_unflagged	all_matched_unflagged
GH14	Q8L762	Q9LIR6	TN	TN	all_matched_unflagged	all_matched_unflagged
GH14	Q8L762	Q9V7A4	TN	TN	all_matched_unflagged	all_matched_unflagged
GH14	Q8VYW2	Q9AV88	TN	TN	all_matched_unflagged	all_matched_unflagged
GH14	Q8VYW2	Q9FH80	TN	TN	all_matched_unflagged	all_matched_unflagged
GH14	Q8VYW2	Q9FM68	TN	TN	all_matched_unflagged	all_matched_unflagged
GH14	Q8VYW2	Q9LIR6	TN	TN	all_matched_unflagged	all_matched_unflagged
GH14	Q8VYW2	Q9V7A4	TN	TN	all_matched_unflagged	all_matched_unflagged
GH14	Q9AV88	Q9FH80	TN	TN	all_matched_unflagged	all_matched_unflagged
GH14	Q9AV88	Q9FM68	FP	TN	all_matched_unflagged	all_matched_unflagged
GH14	Q9AV88	Q9LIR6	TP	TP	all_matched_unflagged	all_matched_unflagged
GH14	Q9AV88	Q9V7A4	TN	TN	all_matched_unflagged	all_matched_unflagged
GH14	Q9FH80	Q9FM68	TN	TN	all_matched_unflagged	all_matched_unflagged
GH14	Q9FH80	Q9LIR6	TN	TN	all_matched_unflagged	all_matched_unflagged
GH14	Q9FH80	Q9V7A4	TN	TN	all_matched_unflagged	all_matched_unflagged
GH14	Q9FM68	Q9LIR6	TN	TN	all_matched_unflagged	all_matched_unflagged
GH14	Q9FM68	Q9V7A4	TN	TN	all_matched_unflagged	all_matched_unflagged
GH14	Q9LIR6	Q9V7A4	TN	TN	all_matched_unflagged	all_matched_unflagged
HOX	A0A6I8Q068	A2BE68	TN	TN	all_matched_unflagged	missing_without_positive
HOX	A0A6I8Q068	C3XTC7	TN	TN	annotation_positive	annotation_positive
HOX	A0A6I8Q068	C3XTC8	TN	TN	annotation_positive	annotation_positive
HOX	A0A6I8Q068	C3XTD0	TN	TN	annotation_positive	annotation_positive
HOX	A0A6I8Q068	C3XTD1	TN	TN	annotation_positive	annotation_positive
HOX	A0A6I8Q068	C3XTD2	FN	FN	annotation_positive	annotation_positive
HOX	A0A6I8Q068	E1BQM6	FP	TN	all_matched_unflagged	missing_without_positive
HOX	A0A6I8Q068	E1BRT6	TN	TN	all_matched_unflagged	missing_without_positive
HOX	A0A6I8Q068	F6PXE7	TN	TN	all_matched_unflagged	missing_without_positive
HOX	A0A6I8Q068	F6PXR2	TN	TN	all_matched_unflagged	missing_without_positive
HOX	A0A6I8Q068	F7BEF0	TN	TN	all_matched_unflagged	missing_without_positive
HOX	A0A6I8Q068	F7BEI0	TN	TN	all_matched_unflagged	missing_without_positive
HOX	A0A6I8Q068	F7D5A4	TN	TN	all_matched_unflagged	missing_without_positive
HOX	A0A6I8Q068	F7D5I9	TN	TN	all_matched_unflagged	missing_without_positive
HOX	A0A6I8Q068	O43248	TN	TN	all_matched_unflagged	missing_without_positive
HOX	A0A6I8Q068	P09087	FN	FN	all_matched_unflagged	missing_without_positive
HOX	A0A6I8Q068	P17482	FP	TN	all_matched_unflagged	missing_without_positive
HOX	A0A6I8Q068	P24342	TN	TN	all_matched_unflagged	missing_without_positive
HOX	A0A6I8Q068	P24343	TN	TN	all_matched_unflagged	missing_without_positive
HOX	A0A6I8Q068	P24344	TN	TN	all_matched_unflagged	missing_without_positive
HOX	A0A6I8Q068	P28356	FP	TN	all_matched_unflagged	missing_without_positive
HOX	A0A6I8Q068	P28358	TN	TN	all_matched_unflagged	missing_without_positive
HOX	A0A6I8Q068	P31258	TN	TN	all_matched_unflagged	missing_without_positive
HOX	A0A6I8Q068	P31260	TN	TN	all_matched_unflagged	missing_without_positive
HOX	A0A6I8Q068	P31269	FP	TN	all_matched_unflagged	missing_without_positive
HOX	A0A6I8Q068	P31270	TN	TN	all_matched_unflagged	missing_without_positive
HOX	A0A6I8Q068	P31271	TN	TN	all_matched_unflagged	missing_without_positive
HOX	A0A6I8Q068	P31274	TP	TP	all_matched_unflagged	missing_without_positive
HOX	A0A6I8Q068	P31275	TN	TN	all_matched_unflagged	missing_without_positive
HOX	A0A6I8Q068	P31276	TN	TN	all_matched_unflagged	missing_without_positive
HOX	A0A6I8Q068	P31277	TN	TN	all_matched_unflagged	missing_without_positive
HOX	A0A6I8Q068	P35452	TN	TN	all_matched_unflagged	missing_without_positive
HOX	A0A6I8Q068	P35453	TN	TN	all_matched_unflagged	missing_without_positive
HOX	A0A6I8Q068	P79724	TN	TN	all_matched_unflagged	missing_without_positive
HOX	A0A6I8Q068	Q1ECY2	TN	TN	all_matched_unflagged	missing_without_positive
HOX	A0A6I8Q068	Q58EL0	TN	TN	all_matched_unflagged	missing_without_positive
HOX	A0A6I8Q068	Q6JIY4	TN	TN	all_matched_unflagged	missing_without_positive
HOX	A0A6I8Q068	Q6JIY5	TN	TN	all_matched_unflagged	missing_without_positive
HOX	A0A6I8Q068	Q6W990	TN	TN	all_matched_unflagged	missing_without_positive
HOX	A0A6I8Q068	Q8AWY2	TN	TN	all_matched_unflagged	missing_without_positive
HOX	A0A6I8Q068	Q90469	TN	TN	all_matched_unflagged	missing_without_positive
HOX	A0A6I8Q068	Q90470	TN	TN	all_matched_unflagged	missing_without_positive
HOX	A0A6I8Q068	Q90471	TN	TN	all_matched_unflagged	missing_without_positive
HOX	A0A6I8Q068	Q90472	TN	TN	all_matched_unflagged	missing_without_positive
HOX	A0A6I8Q068	Q90X25	TN	TN	all_matched_unflagged	missing_without_positive
HOX	A0A6I8Q068	Q92826	TN	TN	all_matched_unflagged	missing_without_positive
HOX	A0A6I8Q068	Q98924	FP	TN	annotation_positive	annotation_positive
HOX	A0A6I8Q068	Q9DDU0	TN	TN	all_matched_unflagged	missing_without_positive
HOX	A0A6I8Q068	Q9DDU1	TN	TN	all_matched_unflagged	missing_without_positive
HOX	A0A6I8Q068	Q9NYD6	TN	TN	all_matched_unflagged	missing_without_positive
HOX	A0A6I8Q068	Q9PWL6	FP	TN	all_matched_unflagged	missing_without_positive
HOX	A0A6I8Q068	Q9PWM2	FP	TN	all_matched_unflagged	missing_without_positive
HOX	A0A6I8Q068	Q9PWM6	FP	TN	all_matched_unflagged	missing_without_positive
HOX	A0A6I8Q068	Q9YGT0	TN	TN	all_matched_unflagged	missing_without_positive
HOX	A0A6I8Q068	Q9YGT5	FP	TN	all_matched_unflagged	missing_without_positive
HOX	A2BE68	C3XTC7	TN	TN	annotation_positive	annotation_positive
HOX	A2BE68	C3XTC8	TN	TN	annotation_positive	annotation_positive
HOX	A2BE68	C3XTD0	FN	FN	annotation_positive	annotation_positive
HOX	A2BE68	C3XTD1	TN	TN	annotation_positive	annotation_positive
HOX	A2BE68	C3XTD2	TN	TN	annotation_positive	annotation_positive
HOX	A2BE68	E1BQM6	TN	TN	all_matched_unflagged	all_matched_unflagged
HOX	A2BE68	E1BRT6	TN	TN	all_matched_unflagged	all_matched_unflagged
HOX	A2BE68	F6PXE7	TN	TN	all_matched_unflagged	missing_without_positive
HOX	A2BE68	F6PXR2	TN	TN	all_matched_unflagged	missing_without_positive
HOX	A2BE68	F7BEF0	TN	TN	all_matched_unflagged	missing_without_positive
HOX	A2BE68	F7BEI0	TP	TP	all_matched_unflagged	missing_without_positive
HOX	A2BE68	F7D5A4	TN	TN	all_matched_unflagged	missing_without_positive
HOX	A2BE68	F7D5I9	TN	TN	all_matched_unflagged	missing_without_positive
HOX	A2BE68	O43248	TN	TN	all_matched_unflagged	all_matched_unflagged
HOX	A2BE68	P09087	FN	FN	all_matched_unflagged	all_matched_unflagged
HOX	A2BE68	P17482	TN	TN	all_matched_unflagged	all_matched_unflagged
HOX	A2BE68	P24342	TN	TN	all_matched_unflagged	all_matched_unflagged
HOX	A2BE68	P24343	FP	TN	all_matched_unflagged	all_matched_unflagged
HOX	A2BE68	P24344	TN	TN	all_matched_unflagged	all_matched_unflagged
HOX	A2BE68	P28356	TN	TN	all_matched_unflagged	all_matched_unflagged
HOX	A2BE68	P28358	TN	TN	all_matched_unflagged	all_matched_unflagged
HOX	A2BE68	P31258	TN	TN	all_matched_unflagged	all_matched_unflagged
HOX	A2BE68	P31260	TN	TN	all_matched_unflagged	all_matched_unflagged
HOX	A2BE68	P31269	TN	TN	all_matched_unflagged	all_matched_unflagged
HOX	A2BE68	P31270	TN	TN	all_matched_unflagged	all_matched_unflagged
HOX	A2BE68	P31271	TN	TN	all_matched_unflagged	all_matched_unflagged
HOX	A2BE68	P31274	TN	TN	all_matched_unflagged	all_matched_unflagged
HOX	A2BE68	P31275	TP	TP	all_matched_unflagged	all_matched_unflagged
HOX	A2BE68	P31276	TN	TN	all_matched_unflagged	all_matched_unflagged
HOX	A2BE68	P31277	TN	TN	all_matched_unflagged	all_matched_unflagged
HOX	A2BE68	P35452	FP	TN	all_matched_unflagged	all_matched_unflagged
HOX	A2BE68	P35453	TN	TN	all_matched_unflagged	all_matched_unflagged
HOX	A2BE68	P79724	TN	TN	all_matched_unflagged	all_matched_unflagged
HOX	A2BE68	Q1ECY2	TN	TN	all_matched_unflagged	all_matched_unflagged
HOX	A2BE68	Q58EL0	TN	TN	all_matched_unflagged	all_matched_unflagged
HOX	A2BE68	Q6JIY4	TN	TN	all_matched_unflagged	all_matched_unflagged
HOX	A2BE68	Q6JIY5	TN	TN	all_matched_unflagged	all_matched_unflagged
HOX	A2BE68	Q6W990	TN	TN	all_matched_unflagged	all_matched_unflagged
HOX	A2BE68	Q8AWY2	TN	TN	all_matched_unflagged	all_matched_unflagged
HOX	A2BE68	Q90469	TN	TN	all_matched_unflagged	all_matched_unflagged
HOX	A2BE68	Q90470	TN	TN	all_matched_unflagged	all_matched_unflagged
HOX	A2BE68	Q90471	TN	TN	all_matched_unflagged	all_matched_unflagged
HOX	A2BE68	Q90472	TN	TN	all_matched_unflagged	all_matched_unflagged
HOX	A2BE68	Q90X25	TN	TN	all_matched_unflagged	all_matched_unflagged
HOX	A2BE68	Q92826	TN	TN	all_matched_unflagged	all_matched_unflagged
HOX	A2BE68	Q98924	TN	TN	annotation_positive	annotation_positive
HOX	A2BE68	Q9DDU0	TN	TN	all_matched_unflagged	all_matched_unflagged
HOX	A2BE68	Q9DDU1	TN	TN	all_matched_unflagged	all_matched_unflagged
HOX	A2BE68	Q9NYD6	TN	TN	all_matched_unflagged	all_matched_unflagged
HOX	A2BE68	Q9PWL6	TN	TN	all_matched_unflagged	all_matched_unflagged
HOX	A2BE68	Q9PWM2	TN	TN	all_matched_unflagged	all_matched_unflagged
HOX	A2BE68	Q9PWM6	TN	TN	all_matched_unflagged	all_matched_unflagged
HOX	A2BE68	Q9YGT0	TN	TN	all_matched_unflagged	all_matched_unflagged
HOX	A2BE68	Q9YGT5	TN	TN	all_matched_unflagged	all_matched_unflagged
HOX	C3XTC7	C3XTC8	TN	TN	annotation_positive	annotation_positive
HOX	C3XTC7	C3XTD0	TN	TN	annotation_positive	annotation_positive
HOX	C3XTC7	C3XTD1	TN	TN	annotation_positive	annotation_positive
HOX	C3XTC7	C3XTD2	TN	TN	annotation_positive	annotation_positive
HOX	C3XTC7	E1BQM6	TN	TN	annotation_positive	annotation_positive
HOX	C3XTC7	E1BRT6	TN	TN	annotation_positive	annotation_positive
HOX	C3XTC7	F6PXE7	TN	TN	annotation_positive	annotation_positive
HOX	C3XTC7	F6PXR2	FN	FN	annotation_positive	annotation_positive
HOX	C3XTC7	F7BEF0	TN	TN	annotation_positive	annotation_positive
HOX	C3XTC7	F7BEI0	TN	TN	annotation_positive	annotation_positive
HOX	C3XTC7	F7D5A4	TN	TN	annotation_positive	annotation_positive
HOX	C3XTC7	F7D5I9	TN	TN	annotation_positive	annotation_positive
HOX	C3XTC7	O43248	TN	TN	annotation_positive	annotation_positive
HOX	C3XTC7	P09087	FN	FN	annotation_positive	annotation_positive
HOX	C3XTC7	P17482	TN	TN	annotation_positive	annotation_positive
HOX	C3XTC7	P24342	TN	TN	annotation_positive	annotation_positive
HOX	C3XTC7	P24343	TN	TN	annotation_positive	annotation_positive
HOX	C3XTC7	P24344	FN	FN	annotation_positive	annotation_positive
HOX	C3XTC7	P28356	TN	TN	annotation_positive	annotation_positive
HOX	C3XTC7	P28358	TN	TN	annotation_positive	annotation_positive
HOX	C3XTC7	P31258	TN	TN	annotation_positive	annotation_positive
HOX	C3XTC7	P31260	TN	TN	annotation_positive	annotation_positive
HOX	C3XTC7	P31269	TN	TN	annotation_positive	annotation_positive
HOX	C3XTC7	P31270	TN	TN	annotation_positive	annotation_positive
HOX	C3XTC7	P31271	FN	FN	annotation_positive	annotation_positive
HOX	C3XTC7	P31274	TN	TN	annotation_positive	annotation_positive
HOX	C3XTC7	P31275	TN	TN	annotation_positive	annotation_positive
HOX	C3XTC7	P31276	FN	FN	annotation_positive	annotation_positive
HOX	C3XTC7	P31277	TN	TN	annotation_positive	annotation_positive
HOX	C3XTC7	P35452	TN	TN	annotation_positive	annotation_positive
HOX	C3XTC7	P35453	FN	FN	annotation_positive	annotation_positive
HOX	C3XTC7	P79724	FN	FN	annotation_positive	annotation_positive
HOX	C3XTC7	Q1ECY2	FN	FN	annotation_positive	annotation_positive
HOX	C3XTC7	Q58EL0	TN	TN	annotation_positive	annotation_positive
HOX	C3XTC7	Q6JIY4	FN	FN	annotation_positive	annotation_positive
HOX	C3XTC7	Q6JIY5	FN	FN	annotation_positive	annotation_positive
HOX	C3XTC7	Q6W990	FN	FN	annotation_positive	annotation_positive
HOX	C3XTC7	Q8AWY2	TN	TN	annotation_positive	annotation_positive
HOX	C3XTC7	Q90469	TN	TN	annotation_positive	annotation_positive
HOX	C3XTC7	Q90470	TN	TN	annotation_positive	annotation_positive
HOX	C3XTC7	Q90471	TN	TN	annotation_positive	annotation_positive
HOX	C3XTC7	Q90472	FN	FN	annotation_positive	annotation_positive
HOX	C3XTC7	Q90X25	FN	FN	annotation_positive	annotation_positive
HOX	C3XTC7	Q92826	FN	FN	annotation_positive	annotation_positive
HOX	C3XTC7	Q98924	TN	TN	annotation_positive	annotation_positive
HOX	C3XTC7	Q9DDU0	TN	TN	annotation_positive	annotation_positive
HOX	C3XTC7	Q9DDU1	TN	TN	annotation_positive	annotation_positive
HOX	C3XTC7	Q9NYD6	TN	TN	annotation_positive	annotation_positive
HOX	C3XTC7	Q9PWL6	TN	TN	annotation_positive	annotation_positive
HOX	C3XTC7	Q9PWM2	TN	TN	annotation_positive	annotation_positive
HOX	C3XTC7	Q9PWM6	TN	TN	annotation_positive	annotation_positive
HOX	C3XTC7	Q9YGT0	TN	TN	annotation_positive	annotation_positive
HOX	C3XTC7	Q9YGT5	TN	TN	annotation_positive	annotation_positive
HOX	C3XTC8	C3XTD0	TN	TN	annotation_positive	annotation_positive
HOX	C3XTC8	C3XTD1	TN	TN	annotation_positive	annotation_positive
HOX	C3XTC8	C3XTD2	TN	TN	annotation_positive	annotation_positive
HOX	C3XTC8	E1BQM6	TN	TN	annotation_positive	annotation_positive
HOX	C3XTC8	E1BRT6	TN	TN	annotation_positive	annotation_positive
HOX	C3XTC8	F6PXE7	TN	TN	annotation_positive	annotation_positive
HOX	C3XTC8	F6PXR2	TN	TN	annotation_positive	annotation_positive
HOX	C3XTC8	F7BEF0	TN	TN	annotation_positive	annotation_positive
HOX	C3XTC8	F7BEI0	TN	TN	annotation_positive	annotation_positive
HOX	C3XTC8	F7D5A4	TN	TN	annotation_positive	annotation_positive
HOX	C3XTC8	F7D5I9	TN	TN	annotation_positive	annotation_positive
HOX	C3XTC8	O43248	TN	TN	annotation_positive	annotation_positive
HOX	C3XTC8	P09087	FN	FN	annotation_positive	annotation_positive
HOX	C3XTC8	P17482	TN	TN	annotation_positive	annotation_positive
HOX	C3XTC8	P24342	TN	TN	annotation_positive	annotation_positive
HOX	C3XTC8	P24343	TN	TN	annotation_positive	annotation_positive
HOX	C3XTC8	P24344	TN	TN	annotation_positive	annotation_positive
HOX	C3XTC8	P28356	TN	TN	annotation_positive	annotation_positive
HOX	C3XTC8	P28358	TN	TN	annotation_positive	annotation_positive
HOX	C3XTC8	P31258	TN	TN	annotation_positive	annotation_positive
HOX	C3XTC8	P31260	TN	TN	annotation_positive	annotation_positive
HOX	C3XTC8	P31269	TN	TN	annotation_positive	annotation_positive
HOX	C3XTC8	P31270	TN	TN	annotation_positive	annotation_positive
HOX	C3XTC8	P31271	TN	TN	annotation_positive	annotation_positive
HOX	C3XTC8	P31274	TN	TN	annotation_positive	annotation_positive
HOX	C3XTC8	P31275	TN	TN	annotation_positive	annotation_positive
HOX	C3XTC8	P31276	TN	TN	annotation_positive	annotation_positive
HOX	C3XTC8	P31277	TN	TN	annotation_positive	annotation_positive
HOX	C3XTC8	P35452	TN	TN	annotation_positive	annotation_positive
HOX	C3XTC8	P35453	TN	TN	annotation_positive	annotation_positive
HOX	C3XTC8	P79724	TN	TN	annotation_positive	annotation_positive
HOX	C3XTC8	Q1ECY2	TN	TN	annotation_positive	annotation_positive
HOX	C3XTC8	Q58EL0	TN	TN	annotation_positive	annotation_positive
HOX	C3XTC8	Q6JIY4	TN	TN	annotation_positive	annotation_positive
HOX	C3XTC8	Q6JIY5	TN	TN	annotation_positive	annotation_positive
HOX	C3XTC8	Q6W990	TN	TN	annotation_positive	annotation_positive
HOX	C3XTC8	Q8AWY2	TN	TN	annotation_positive	annotation_positive
HOX	C3XTC8	Q90469	TN	TN	annotation_positive	annotation_positive
HOX	C3XTC8	Q90470	TN	TN	annotation_positive	annotation_positive
HOX	C3XTC8	Q90471	TN	TN	annotation_positive	annotation_positive
HOX	C3XTC8	Q90472	TN	TN	annotation_positive	annotation_positive
HOX	C3XTC8	Q90X25	TN	TN	annotation_positive	annotation_positive
HOX	C3XTC8	Q92826	TN	TN	annotation_positive	annotation_positive
HOX	C3XTC8	Q98924	TN	TN	annotation_positive	annotation_positive
HOX	C3XTC8	Q9DDU0	TN	TN	annotation_positive	annotation_positive
HOX	C3XTC8	Q9DDU1	TN	TN	annotation_positive	annotation_positive
HOX	C3XTC8	Q9NYD6	TN	TN	annotation_positive	annotation_positive
HOX	C3XTC8	Q9PWL6	TN	TN	annotation_positive	annotation_positive
HOX	C3XTC8	Q9PWM2	TN	TN	annotation_positive	annotation_positive
HOX	C3XTC8	Q9PWM6	TN	TN	annotation_positive	annotation_positive
HOX	C3XTC8	Q9YGT0	TN	TN	annotation_positive	annotation_positive
HOX	C3XTC8	Q9YGT5	TN	TN	annotation_positive	annotation_positive
HOX	C3XTD0	C3XTD1	TN	TN	annotation_positive	annotation_positive
HOX	C3XTD0	C3XTD2	TN	TN	annotation_positive	annotation_positive
HOX	C3XTD0	E1BQM6	TN	TN	annotation_positive	annotation_positive
HOX	C3XTD0	E1BRT6	TN	TN	annotation_positive	annotation_positive
HOX	C3XTD0	F6PXE7	TN	TN	annotation_positive	annotation_positive
HOX	C3XTD0	F6PXR2	TN	TN	annotation_positive	annotation_positive
HOX	C3XTD0	F7BEF0	TN	TN	annotation_positive	annotation_positive
HOX	C3XTD0	F7BEI0	FN	FN	annotation_positive	annotation_positive
HOX	C3XTD0	F7D5A4	TN	TN	annotation_positive	annotation_positive
HOX	C3XTD0	F7D5I9	TN	TN	annotation_positive	annotation_positive
HOX	C3XTD0	O43248	TN	TN	annotation_positive	annotation_positive
HOX	C3XTD0	P09087	FN	FN	annotation_positive	annotation_positive
HOX	C3XTD0	P17482	TN	TN	annotation_positive	annotation_positive
HOX	C3XTD0	P24342	TN	TN	annotation_positive	annotation_positive
HOX	C3XTD0	P24343	FN	FN	annotation_positive	annotation_positive
HOX	C3XTD0	P24344	TN	TN	annotation_positive	annotation_positive
HOX	C3XTD0	P28356	TN	TN	annotation_positive	annotation_positive
HOX	C3XTD0	P28358	TN	TN	annotation_positive	annotation_positive
HOX	C3XTD0	P31258	TN	TN	annotation_positive	annotation_positive
HOX	C3XTD0	P31260	TN	TN	annotation_positive	annotation_positive
HOX	C3XTD0	P31269	TN	TN	annotation_positive	annotation_positive
HOX	C3XTD0	P31270	TN	TN	annotation_positive	annotation_positive
HOX	C3XTD0	P31271	TN	TN	annotation_positive	annotation_positive
HOX	C3XTD0	P31274	TN	TN	annotation_positive	annotation_positive
HOX	C3XTD0	P31275	FN	FN	annotation_positive	annotation_positive
HOX	C3XTD0	P31276	TN	TN	annotation_positive	annotation_positive
HOX	C3XTD0	P31277	TN	TN	annotation_positive	annotation_positive
HOX	C3XTD0	P35452	FN	FN	annotation_positive	annotation_positive
HOX	C3XTD0	P35453	TN	TN	annotation_positive	annotation_positive
HOX	C3XTD0	P79724	TN	TN	annotation_positive	annotation_positive
HOX	C3XTD0	Q1ECY2	TN	TN	annotation_positive	annotation_positive
HOX	C3XTD0	Q58EL0	TN	TN	annotation_positive	annotation_positive
HOX	C3XTD0	Q6JIY4	TN	TN	annotation_positive	annotation_positive
HOX	C3XTD0	Q6JIY5	TN	TN	annotation_positive	annotation_positive
HOX	C3XTD0	Q6W990	TN	TN	annotation_positive	annotation_positive
HOX	C3XTD0	Q8AWY2	TN	TN	annotation_positive	annotation_positive
HOX	C3XTD0	Q90469	TN	TN	annotation_positive	annotation_positive
HOX	C3XTD0	Q90470	TN	TN	annotation_positive	annotation_positive
HOX	C3XTD0	Q90471	FN	FN	annotation_positive	annotation_positive
HOX	C3XTD0	Q90472	TN	TN	annotation_positive	annotation_positive
HOX	C3XTD0	Q90X25	TN	TN	annotation_positive	annotation_positive
HOX	C3XTD0	Q92826	TN	TN	annotation_positive	annotation_positive
HOX	C3XTD0	Q98924	TN	TN	annotation_positive	annotation_positive
HOX	C3XTD0	Q9DDU0	TN	TN	annotation_positive	annotation_positive
HOX	C3XTD0	Q9DDU1	TN	TN	annotation_positive	annotation_positive
HOX	C3XTD0	Q9NYD6	TN	TN	annotation_positive	annotation_positive
HOX	C3XTD0	Q9PWL6	TN	TN	annotation_positive	annotation_positive
HOX	C3XTD0	Q9PWM2	TN	TN	annotation_positive	annotation_positive
HOX	C3XTD0	Q9PWM6	TN	TN	annotation_positive	annotation_positive
HOX	C3XTD0	Q9YGT0	FN	FN	annotation_positive	annotation_positive
HOX	C3XTD0	Q9YGT5	TN	TN	annotation_positive	annotation_positive
HOX	C3XTD1	C3XTD2	TN	TN	annotation_positive	annotation_positive
HOX	C3XTD1	E1BQM6	TN	TN	annotation_positive	annotation_positive
HOX	C3XTD1	E1BRT6	FN	FN	annotation_positive	annotation_positive
HOX	C3XTD1	F6PXE7	FN	FN	annotation_positive	annotation_positive
HOX	C3XTD1	F6PXR2	TN	TN	annotation_positive	annotation_positive
HOX	C3XTD1	F7BEF0	FN	FN	annotation_positive	annotation_positive
HOX	C3XTD1	F7BEI0	TN	TN	annotation_positive	annotation_positive
HOX	C3XTD1	F7D5A4	TN	TN	annotation_positive	annotation_positive
HOX	C3XTD1	F7D5I9	TN	TN	annotation_positive	annotation_positive
HOX	C3XTD1	O43248	TN	TN	annotation_positive	annotation_positive
HOX	C3XTD1	P09087	FN	FN	annotation_positive	annotation_positive
HOX	C3XTD1	P17482	TN	TN	annotation_positive	annotation_positive
HOX	C3XTD1	P24342	TN	TN	annotation_positive	annotation_positive
HOX	C3XTD1	P24343	TN	TN	annotation_positive	annotation_positive
HOX	C3XTD1	P24344	TN	TN	annotation_positive	annotation_positive
HOX	C3XTD1	P28356	TN	TN	annotation_positive	annotation_positive
HOX	C3XTD1	P28358	FN	FN	annotation_positive	annotation_positive
HOX	C3XTD1	P31258	TN	TN	annotation_positive	annotation_positive
HOX	C3XTD1	P31260	FN	FN	annotation_positive	annotation_positive
HOX	C3XTD1	P31269	TN	TN	annotation_positive	annotation_positive
HOX	C3XTD1	P31270	TN	TN	annotation_positive	annotation_positive
HOX	C3XTD1	P31271	TN	TN	annotation_positive	annotation_positive
HOX	C3XTD1	P31274	TN	TN	annotation_positive	annotation_positive
HOX	C3XTD1	P31275	TN	TN	annotation_positive	annotation_positive
HOX	C3XTD1	P31276	TN	TN	annotation_positive	annotation_positive
HOX	C3XTD1	P31277	TN	TN	annotation_positive	annotation_positive
HOX	C3XTD1	P35452	TN	TN	annotation_positive	annotation_positive
HOX	C3XTD1	P35453	TN	TN	annotation_positive	annotation_positive
HOX	C3XTD1	P79724	TN	TN	annotation_positive	annotation_positive
HOX	C3XTD1	Q1ECY2	TN	TN	annotation_positive	annotation_positive
HOX	C3XTD1	Q58EL0	TN	TN	annotation_positive	annotation_positive
HOX	C3XTD1	Q6JIY4	TN	TN	annotation_positive	annotation_positive
HOX	C3XTD1	Q6JIY5	TN	TN	annotation_positive	annotation_positive
HOX	C3XTD1	Q6W990	TN	TN	annotation_positive	annotation_positive
HOX	C3XTD1	Q8AWY2	FN	FN	annotation_positive	annotation_positive
HOX	C3XTD1	Q90469	FN	FN	annotation_positive	annotation_positive
HOX	C3XTD1	Q90470	TN	TN	annotation_positive	annotation_positive
HOX	C3XTD1	Q90471	TN	TN	annotation_positive	annotation_positive
HOX	C3XTD1	Q90472	TN	TN	annotation_positive	annotation_positive
HOX	C3XTD1	Q90X25	TN	TN	annotation_positive	annotation_positive
HOX	C3XTD1	Q92826	TN	TN	annotation_positive	annotation_positive
HOX	C3XTD1	Q98924	TN	TN	annotation_positive	annotation_positive
HOX	C3XTD1	Q9DDU0	TN	TN	annotation_positive	annotation_positive
HOX	C3XTD1	Q9DDU1	TN	TN	annotation_positive	annotation_positive
HOX	C3XTD1	Q9NYD6	FN	FN	annotation_positive	annotation_positive
HOX	C3XTD1	Q9PWL6	TN	TN	annotation_positive	annotation_positive
HOX	C3XTD1	Q9PWM2	TN	TN	annotation_positive	annotation_positive
HOX	C3XTD1	Q9PWM6	TN	TN	annotation_positive	annotation_positive
HOX	C3XTD1	Q9YGT0	TN	TN	annotation_positive	annotation_positive
HOX	C3XTD1	Q9YGT5	TN	TN	annotation_positive	annotation_positive
HOX	C3XTD2	E1BQM6	FN	FN	annotation_positive	annotation_positive
HOX	C3XTD2	E1BRT6	TN	TN	annotation_positive	annotation_positive
HOX	C3XTD2	F6PXE7	TN	TN	annotation_positive	annotation_positive
HOX	C3XTD2	F6PXR2	TN	TN	annotation_positive	annotation_positive
HOX	C3XTD2	F7BEF0	TN	TN	annotation_positive	annotation_positive
HOX	C3XTD2	F7BEI0	TN	TN	annotation_positive	annotation_positive
HOX	C3XTD2	F7D5A4	TN	TN	annotation_positive	annotation_positive
HOX	C3XTD2	F7D5I9	FN	FN	annotation_positive	annotation_positive
HOX	C3XTD2	O43248	TN	TN	annotation_positive	annotation_positive
HOX	C3XTD2	P09087	FN	FN	annotation_positive	annotation_positive
HOX	C3XTD2	P17482	FN	FN	annotation_positive	annotation_positive
HOX	C3XTD2	P24342	TN	TN	annotation_positive	annotation_positive
HOX	C3XTD2	P24343	TN	TN	annotation_positive	annotation_positive
HOX	C3XTD2	P24344	TN	TN	annotation_positive	annotation_positive
HOX	C3XTD2	P28356	FN	FN	annotation_positive	annotation_positive
HOX	C3XTD2	P28358	TN	TN	annotation_positive	annotation_positive
HOX	C3XTD2	P31258	TN	TN	annotation_positive	annotation_positive
HOX	C3XTD2	P31260	TN	TN	annotation_positive	annotation_positive
HOX	C3XTD2	P31269	FN	FN	annotation_positive	annotation_positive
HOX	C3XTD2	P31270	TN	TN	annotation_positive	annotation_positive
HOX	C3XTD2	P31271	TN	TN	annotation_positive	annotation_positive
HOX	C3XTD2	P31274	FN	FN	annotation_positive	annotation_positive
HOX	C3XTD2	P31275	TN	TN	annotation_positive	annotation_positive
HOX	C3XTD2	P31276	TN	TN	annotation_positive	annotation_positive
HOX	C3XTD2	P31277	TN	TN	annotation_positive	annotation_positive
HOX	C3XTD2	P35452	TN	TN	annotation_positive	annotation_positive
HOX	C3XTD2	P35453	TN	TN	annotation_positive	annotation_positive
HOX	C3XTD2	P79724	TN	TN	annotation_positive	annotation_positive
HOX	C3XTD2	Q1ECY2	TN	TN	annotation_positive	annotation_positive
HOX	C3XTD2	Q58EL0	TN	TN	annotation_positive	annotation_positive
HOX	C3XTD2	Q6JIY4	TN	TN	annotation_positive	annotation_positive
HOX	C3XTD2	Q6JIY5	TN	TN	annotation_positive	annotation_positive
HOX	C3XTD2	Q6W990	TN	TN	annotation_positive	annotation_positive
HOX	C3XTD2	Q8AWY2	TN	TN	annotation_positive	annotation_positive
HOX	C3XTD2	Q90469	TN	TN	annotation_positive	annotation_positive
HOX	C3XTD2	Q90470	TN	TN	annotation_positive	annotation_positive
HOX	C3XTD2	Q90471	TN	TN	annotation_positive	annotation_positive
HOX	C3XTD2	Q90472	TN	TN	annotation_positive	annotation_positive
HOX	C3XTD2	Q90X25	TN	TN	annotation_positive	annotation_positive
HOX	C3XTD2	Q92826	TN	TN	annotation_positive	annotation_positive
HOX	C3XTD2	Q98924	FN	FN	annotation_positive	annotation_positive
HOX	C3XTD2	Q9DDU0	TN	TN	annotation_positive	annotation_positive
HOX	C3XTD2	Q9DDU1	TN	TN	annotation_positive	annotation_positive
HOX	C3XTD2	Q9NYD6	TN	TN	annotation_positive	annotation_positive
HOX	C3XTD2	Q9PWL6	FN	FN	annotation_positive	annotation_positive
HOX	C3XTD2	Q9PWM2	FN	FN	annotation_positive	annotation_positive
HOX	C3XTD2	Q9PWM6	FN	FN	annotation_positive	annotation_positive
HOX	C3XTD2	Q9YGT0	TN	TN	annotation_positive	annotation_positive
HOX	C3XTD2	Q9YGT5	FN	FN	annotation_positive	annotation_positive
HOX	E1BQM6	E1BRT6	TN	TN	all_matched_unflagged	all_matched_unflagged
HOX	E1BQM6	F6PXE7	TN	TN	all_matched_unflagged	missing_without_positive
HOX	E1BQM6	F6PXR2	TN	TN	all_matched_unflagged	missing_without_positive
HOX	E1BQM6	F7BEF0	TN	TN	all_matched_unflagged	missing_without_positive
HOX	E1BQM6	F7BEI0	TN	TN	all_matched_unflagged	missing_without_positive
HOX	E1BQM6	F7D5A4	TN	TN	all_matched_unflagged	missing_without_positive
HOX	E1BQM6	F7D5I9	FP	TN	all_matched_unflagged	missing_without_positive
HOX	E1BQM6	O43248	TN	TN	all_matched_unflagged	all_matched_unflagged
HOX	E1BQM6	P09087	FN	FN	all_matched_unflagged	all_matched_unflagged
HOX	E1BQM6	P17482	TP	TP	all_matched_unflagged	all_matched_unflagged
HOX	E1BQM6	P24342	TN	TN	all_matched_unflagged	all_matched_unflagged
HOX	E1BQM6	P24343	TN	TN	all_matched_unflagged	all_matched_unflagged
HOX	E1BQM6	P24344	TN	TN	all_matched_unflagged	all_matched_unflagged
HOX	E1BQM6	P28356	FP	TN	all_matched_unflagged	all_matched_unflagged
HOX	E1BQM6	P28358	TN	TN	all_matched_unflagged	all_matched_unflagged
HOX	E1BQM6	P31258	TN	TN	all_matched_unflagged	all_matched_unflagged
HOX	E1BQM6	P31260	TN	TN	all_matched_unflagged	all_matched_unflagged
HOX	E1BQM6	P31269	FP	TN	all_matched_unflagged	all_matched_unflagged
HOX	E1BQM6	P31270	TN	TN	all_matched_unflagged	all_matched_unflagged
HOX	E1BQM6	P31271	TN	TN	all_matched_unflagged	all_matched_unflagged
HOX	E1BQM6	P31274	FP	TN	all_matched_unflagged	all_matched_unflagged
HOX	E1BQM6	P31275	TN	TN	all_matched_unflagged	all_matched_unflagged
HOX	E1BQM6	P31276	TN	TN	all_matched_unflagged	all_matched_unflagged
HOX	E1BQM6	P31277	TN	TN	all_matched_unflagged	all_matched_unflagged
HOX	E1BQM6	P35452	TN	TN	all_matched_unflagged	all_matched_unflagged
HOX	E1BQM6	P35453	TN	TN	all_matched_unflagged	all_matched_unflagged
HOX	E1BQM6	P79724	TN	TN	all_matched_unflagged	all_matched_unflagged
HOX	E1BQM6	Q1ECY2	TN	TN	all_matched_unflagged	all_matched_unflagged
HOX	E1BQM6	Q58EL0	TN	TN	all_matched_unflagged	all_matched_unflagged
HOX	E1BQM6	Q6JIY4	TN	TN	all_matched_unflagged	all_matched_unflagged
HOX	E1BQM6	Q6JIY5	TN	TN	all_matched_unflagged	all_matched_unflagged
HOX	E1BQM6	Q6W990	TN	TN	all_matched_unflagged	all_matched_unflagged
HOX	E1BQM6	Q8AWY2	TN	TN	all_matched_unflagged	all_matched_unflagged
HOX	E1BQM6	Q90469	TN	TN	all_matched_unflagged	all_matched_unflagged
HOX	E1BQM6	Q90470	TN	TN	all_matched_unflagged	all_matched_unflagged
HOX	E1BQM6	Q90471	TN	TN	all_matched_unflagged	all_matched_unflagged
HOX	E1BQM6	Q90472	TN	TN	all_matched_unflagged	all_matched_unflagged
HOX	E1BQM6	Q90X25	TN	TN	all_matched_unflagged	all_matched_unflagged
HOX	E1BQM6	Q92826	TN	TN	all_matched_unflagged	all_matched_unflagged
HOX	E1BQM6	Q98924	TN	TN	annotation_positive	annotation_positive
HOX	E1BQM6	Q9DDU0	TN	TN	all_matched_unflagged	all_matched_unflagged
HOX	E1BQM6	Q9DDU1	TN	TN	all_matched_unflagged	all_matched_unflagged
HOX	E1BQM6	Q9NYD6	TN	TN	all_matched_unflagged	all_matched_unflagged
HOX	E1BQM6	Q9PWL6	FP	TN	all_matched_unflagged	all_matched_unflagged
HOX	E1BQM6	Q9PWM2	TP	TP	all_matched_unflagged	all_matched_unflagged
HOX	E1BQM6	Q9PWM6	FP	TN	all_matched_unflagged	all_matched_unflagged
HOX	E1BQM6	Q9YGT0	TN	TN	all_matched_unflagged	all_matched_unflagged
HOX	E1BQM6	Q9YGT5	FP	TN	all_matched_unflagged	all_matched_unflagged
HOX	E1BRT6	F6PXE7	TP	TP	all_matched_unflagged	missing_without_positive
HOX	E1BRT6	F6PXR2	TN	TN	all_matched_unflagged	missing_without_positive
HOX	E1BRT6	F7BEF0	FP	TN	all_matched_unflagged	missing_without_positive
HOX	E1BRT6	F7BEI0	TN	TN	all_matched_unflagged	missing_without_positive
HOX	E1BRT6	F7D5A4	TN	TN	all_matched_unflagged	missing_without_positive
HOX	E1BRT6	F7D5I9	TN	TN	all_matched_unflagged	missing_without_positive
HOX	E1BRT6	O43248	TN	TN	all_matched_unflagged	all_matched_unflagged
HOX	E1BRT6	P09087	FN	FN	all_matched_unflagged	all_matched_unflagged
HOX	E1BRT6	P17482	TN	TN	all_matched_unflagged	all_matched_unflagged
HOX	E1BRT6	P24342	TN	TN	all_matched_unflagged	all_matched_unflagged
HOX	E1BRT6	P24343	TN	TN	all_matched_unflagged	all_matched_unflagged
HOX	E1BRT6	P24344	TN	TN	all_matched_unflagged	all_matched_unflagged
HOX	E1BRT6	P28356	TN	TN	all_matched_unflagged	all_matched_unflagged
HOX	E1BRT6	P28358	TP	TP	all_matched_unflagged	all_matched_unflagged
HOX	E1BRT6	P31258	TN	TN	all_matched_unflagged	all_matched_unflagged
HOX	E1BRT6	P31260	FP	TN	all_matched_unflagged	all_matched_unflagged
HOX	E1BRT6	P31269	TN	TN	all_matched_unflagged	all_matched_unflagged
HOX	E1BRT6	P31270	TN	TN	all_matched_unflagged	all_matched_unflagged
HOX	E1BRT6	P31271	TN	TN	all_matched_unflagged	all_matched_unflagged
HOX	E1BRT6	P31274	TN	TN	all_matched_unflagged	all_matched_unflagged
HOX	E1BRT6	P31275	TN	TN	all_matched_unflagged	all_matched_unflagged
HOX	E1BRT6	P31276	TN	TN	all_matched_unflagged	all_matched_unflagged
HOX	E1BRT6	P31277	TN	TN	all_matched_unflagged	all_matched_unflagged
HOX	E1BRT6	P35452	TN	TN	all_matched_unflagged	all_matched_unflagged
HOX	E1BRT6	P35453	TN	TN	all_matched_unflagged	all_matched_unflagged
HOX	E1BRT6	P79724	TN	TN	all_matched_unflagged	all_matched_unflagged
HOX	E1BRT6	Q1ECY2	TN	TN	all_matched_unflagged	all_matched_unflagged
HOX	E1BRT6	Q58EL0	TN	TN	all_matched_unflagged	all_matched_unflagged
HOX	E1BRT6	Q6JIY4	TN	TN	all_matched_unflagged	all_matched_unflagged
HOX	E1BRT6	Q6JIY5	TN	TN	all_matched_unflagged	all_matched_unflagged
HOX	E1BRT6	Q6W990	TN	TN	all_matched_unflagged	all_matched_unflagged
HOX	E1BRT6	Q8AWY2	FP	TN	all_matched_unflagged	all_matched_unflagged
HOX	E1BRT6	Q90469	TP	TP	all_matched_unflagged	all_matched_unflagged
HOX	E1BRT6	Q90470	TN	TN	all_matched_unflagged	all_matched_unflagged
HOX	E1BRT6	Q90471	TN	TN	all_matched_unflagged	all_matched_unflagged
HOX	E1BRT6	Q90472	TN	TN	all_matched_unflagged	all_matched_unflagged
HOX	E1BRT6	Q90X25	TN	TN	all_matched_unflagged	all_matched_unflagged
HOX	E1BRT6	Q92826	TN	TN	all_matched_unflagged	all_matched_unflagged
HOX	E1BRT6	Q98924	TN	TN	annotation_positive	annotation_positive
HOX	E1BRT6	Q9DDU0	TN	TN	all_matched_unflagged	all_matched_unflagged
HOX	E1BRT6	Q9DDU1	TN	TN	all_matched_unflagged	all_matched_unflagged
HOX	E1BRT6	Q9NYD6	FP	TN	all_matched_unflagged	all_matched_unflagged
HOX	E1BRT6	Q9PWL6	TN	TN	all_matched_unflagged	all_matched_unflagged
HOX	E1BRT6	Q9PWM2	TN	TN	all_matched_unflagged	all_matched_unflagged
HOX	E1BRT6	Q9PWM6	TN	TN	all_matched_unflagged	all_matched_unflagged
HOX	E1BRT6	Q9YGT0	TN	TN	all_matched_unflagged	all_matched_unflagged
HOX	E1BRT6	Q9YGT5	TN	TN	all_matched_unflagged	all_matched_unflagged
HOX	F6PXE7	F6PXR2	TN	TN	all_matched_unflagged	missing_without_positive
HOX	F6PXE7	F7BEF0	TN	TN	all_matched_unflagged	missing_without_positive
HOX	F6PXE7	F7BEI0	TN	TN	all_matched_unflagged	missing_without_positive
HOX	F6PXE7	F7D5A4	TN	TN	all_matched_unflagged	missing_without_positive
HOX	F6PXE7	F7D5I9	TN	TN	all_matched_unflagged	missing_without_positive
HOX	F6PXE7	O43248	TN	TN	all_matched_unflagged	missing_without_positive
HOX	F6PXE7	P09087	FN	FN	all_matched_unflagged	missing_without_positive
HOX	F6PXE7	P17482	TN	TN	all_matched_unflagged	missing_without_positive
HOX	F6PXE7	P24342	TN	TN	all_matched_unflagged	missing_without_positive
HOX	F6PXE7	P24343	TN	TN	all_matched_unflagged	missing_without_positive
HOX	F6PXE7	P24344	TN	TN	all_matched_unflagged	missing_without_positive
HOX	F6PXE7	P28356	TN	TN	all_matched_unflagged	missing_without_positive
HOX	F6PXE7	P28358	TP	TP	all_matched_unflagged	missing_without_positive
HOX	F6PXE7	P31258	TN	TN	all_matched_unflagged	missing_without_positive
HOX	F6PXE7	P31260	FP	TN	all_matched_unflagged	missing_without_positive
HOX	F6PXE7	P31269	TN	TN	all_matched_unflagged	missing_without_positive
HOX	F6PXE7	P31270	TN	TN	all_matched_unflagged	missing_without_positive
HOX	F6PXE7	P31271	TN	TN	all_matched_unflagged	missing_without_positive
HOX	F6PXE7	P31274	TN	TN	all_matched_unflagged	missing_without_positive
HOX	F6PXE7	P31275	TN	TN	all_matched_unflagged	missing_without_positive
HOX	F6PXE7	P31276	TN	TN	all_matched_unflagged	missing_without_positive
HOX	F6PXE7	P31277	TN	TN	all_matched_unflagged	missing_without_positive
HOX	F6PXE7	P35452	TN	TN	all_matched_unflagged	missing_without_positive
HOX	F6PXE7	P35453	TN	TN	all_matched_unflagged	missing_without_positive
HOX	F6PXE7	P79724	TN	TN	all_matched_unflagged	missing_without_positive
HOX	F6PXE7	Q1ECY2	TN	TN	all_matched_unflagged	missing_without_positive
HOX	F6PXE7	Q58EL0	TN	TN	all_matched_unflagged	missing_without_positive
HOX	F6PXE7	Q6JIY4	TN	TN	all_matched_unflagged	missing_without_positive
HOX	F6PXE7	Q6JIY5	TN	TN	all_matched_unflagged	missing_without_positive
HOX	F6PXE7	Q6W990	TN	TN	all_matched_unflagged	missing_without_positive
HOX	F6PXE7	Q8AWY2	FP	TN	all_matched_unflagged	missing_without_positive
HOX	F6PXE7	Q90469	TP	TP	all_matched_unflagged	missing_without_positive
HOX	F6PXE7	Q90470	TN	TN	all_matched_unflagged	missing_without_positive
HOX	F6PXE7	Q90471	TN	TN	all_matched_unflagged	missing_without_positive
HOX	F6PXE7	Q90472	TN	TN	all_matched_unflagged	missing_without_positive
HOX	F6PXE7	Q90X25	TN	TN	all_matched_unflagged	missing_without_positive
HOX	F6PXE7	Q92826	TN	TN	all_matched_unflagged	missing_without_positive
HOX	F6PXE7	Q98924	TN	TN	annotation_positive	annotation_positive
HOX	F6PXE7	Q9DDU0	TN	TN	all_matched_unflagged	missing_without_positive
HOX	F6PXE7	Q9DDU1	TN	TN	all_matched_unflagged	missing_without_positive
HOX	F6PXE7	Q9NYD6	FP	TN	all_matched_unflagged	missing_without_positive
HOX	F6PXE7	Q9PWL6	TN	TN	all_matched_unflagged	missing_without_positive
HOX	F6PXE7	Q9PWM2	TN	TN	all_matched_unflagged	missing_without_positive
HOX	F6PXE7	Q9PWM6	TN	TN	all_matched_unflagged	missing_without_positive
HOX	F6PXE7	Q9YGT0	TN	TN	all_matched_unflagged	missing_without_positive
HOX	F6PXE7	Q9YGT5	TN	TN	all_matched_unflagged	missing_without_positive
HOX	F6PXR2	F7BEF0	TN	TN	all_matched_unflagged	missing_without_positive
HOX	F6PXR2	F7BEI0	TN	TN	all_matched_unflagged	missing_without_positive
HOX	F6PXR2	F7D5A4	TN	TN	all_matched_unflagged	missing_without_positive
HOX	F6PXR2	F7D5I9	TN	TN	all_matched_unflagged	missing_without_positive
HOX	F6PXR2	O43248	TN	TN	all_matched_unflagged	missing_without_positive
HOX	F6PXR2	P09087	FN	FN	all_matched_unflagged	missing_without_positive
HOX	F6PXR2	P17482	TN	TN	all_matched_unflagged	missing_without_positive
HOX	F6PXR2	P24342	TN	TN	all_matched_unflagged	missing_without_positive
HOX	F6PXR2	P24343	TN	TN	all_matched_unflagged	missing_without_positive
HOX	F6PXR2	P24344	TP	TP	all_matched_unflagged	missing_without_positive
HOX	F6PXR2	P28356	TN	TN	all_matched_unflagged	missing_without_positive
HOX	F6PXR2	P28358	TN	TN	all_matched_unflagged	missing_without_positive
HOX	F6PXR2	P31258	TN	TN	all_matched_unflagged	missing_without_positive
HOX	F6PXR2	P31260	TN	TN	all_matched_unflagged	missing_without_positive
HOX	F6PXR2	P31269	TN	TN	all_matched_unflagged	missing_without_positive
HOX	F6PXR2	P31270	TN	TN	all_matched_unflagged	missing_without_positive
HOX	F6PXR2	P31271	FP	TN	all_matched_unflagged	missing_without_positive
HOX	F6PXR2	P31274	TN	TN	all_matched_unflagged	missing_without_positive
HOX	F6PXR2	P31275	TN	TN	all_matched_unflagged	missing_without_positive
HOX	F6PXR2	P31276	FP	TN	all_matched_unflagged	missing_without_positive
HOX	F6PXR2	P31277	TN	TN	all_matched_unflagged	missing_without_positive
HOX	F6PXR2	P35452	TN	TN	all_matched_unflagged	missing_without_positive
HOX	F6PXR2	P35453	TP	TP	all_matched_unflagged	missing_without_positive
HOX	F6PXR2	P79724	FP	TN	all_matched_unflagged	missing_without_positive
HOX	F6PXR2	Q1ECY2	FP	TN	all_matched_unflagged	missing_without_positive
HOX	F6PXR2	Q58EL0	TN	TN	all_matched_unflagged	missing_without_positive
HOX	F6PXR2	Q6JIY4	FP	TN	all_matched_unflagged	missing_without_positive
HOX	F6PXR2	Q6JIY5	FP	TN	all_matched_unflagged	missing_without_positive
HOX	F6PXR2	Q6W990	FP	TN	all_matched_unflagged	missing_without_positive
HOX	F6PXR2	Q8AWY2	TN	TN	all_matched_unflagged	missing_without_positive
HOX	F6PXR2	Q90469	TN	TN	all_matched_unflagged	missing_without_positive
HOX	F6PXR2	Q90470	TN	TN	all_matched_unflagged	missing_without_positive
HOX	F6PXR2	Q90471	TN	TN	all_matched_unflagged	missing_without_positive
HOX	F6PXR2	Q90472	FN	FN	all_matched_unflagged	missing_without_positive
HOX	F6PXR2	Q90X25	FP	TN	all_matched_unflagged	missing_without_positive
HOX	F6PXR2	Q92826	FP	TN	all_matched_unflagged	missing_without_positive
HOX	F6PXR2	Q98924	TN	TN	annotation_positive	annotation_positive
HOX	F6PXR2	Q9DDU0	TN	TN	all_matched_unflagged	missing_without_positive
HOX	F6PXR2	Q9DDU1	TN	TN	all_matched_unflagged	missing_without_positive
HOX	F6PXR2	Q9NYD6	TN	TN	all_matched_unflagged	missing_without_positive
HOX	F6PXR2	Q9PWL6	TN	TN	all_matched_unflagged	missing_without_positive
HOX	F6PXR2	Q9PWM2	TN	TN	all_matched_unflagged	missing_without_positive
HOX	F6PXR2	Q9PWM6	TN	TN	all_matched_unflagged	missing_without_positive
HOX	F6PXR2	Q9YGT0	TN	TN	all_matched_unflagged	missing_without_positive
HOX	F6PXR2	Q9YGT5	TN	TN	all_matched_unflagged	missing_without_positive
HOX	F7BEF0	F7BEI0	TN	TN	all_matched_unflagged	missing_without_positive
HOX	F7BEF0	F7D5A4	TN	TN	all_matched_unflagged	missing_without_positive
HOX	F7BEF0	F7D5I9	TN	TN	all_matched_unflagged	missing_without_positive
HOX	F7BEF0	O43248	TN	TN	all_matched_unflagged	missing_without_positive
HOX	F7BEF0	P09087	FN	FN	all_matched_unflagged	missing_without_positive
HOX	F7BEF0	P17482	TN	TN	all_matched_unflagged	missing_without_positive
HOX	F7BEF0	P24342	TN	TN	all_matched_unflagged	missing_without_positive
HOX	F7BEF0	P24343	TN	TN	all_matched_unflagged	missing_without_positive
HOX	F7BEF0	P24344	TN	TN	all_matched_unflagged	missing_without_positive
HOX	F7BEF0	P28356	TN	TN	all_matched_unflagged	missing_without_positive
HOX	F7BEF0	P28358	FP	TN	all_matched_unflagged	missing_without_positive
HOX	F7BEF0	P31258	TN	TN	all_matched_unflagged	missing_without_positive
HOX	F7BEF0	P31260	FP	TN	all_matched_unflagged	missing_without_positive
HOX	F7BEF0	P31269	TN	TN	all_matched_unflagged	missing_without_positive
HOX	F7BEF0	P31270	TN	TN	all_matched_unflagged	missing_without_positive
HOX	F7BEF0	P31271	TN	TN	all_matched_unflagged	missing_without_positive
HOX	F7BEF0	P31274	TN	TN	all_matched_unflagged	missing_without_positive
HOX	F7BEF0	P31275	TN	TN	all_matched_unflagged	missing_without_positive
HOX	F7BEF0	P31276	TN	TN	all_matched_unflagged	missing_without_positive
HOX	F7BEF0	P31277	TN	TN	all_matched_unflagged	missing_without_positive
HOX	F7BEF0	P35452	TN	TN	all_matched_unflagged	missing_without_positive
HOX	F7BEF0	P35453	TN	TN	all_matched_unflagged	missing_without_positive
HOX	F7BEF0	P79724	TN	TN	all_matched_unflagged	missing_without_positive
HOX	F7BEF0	Q1ECY2	TN	TN	all_matched_unflagged	missing_without_positive
HOX	F7BEF0	Q58EL0	TN	TN	all_matched_unflagged	missing_without_positive
HOX	F7BEF0	Q6JIY4	TN	TN	all_matched_unflagged	missing_without_positive
HOX	F7BEF0	Q6JIY5	TN	TN	all_matched_unflagged	missing_without_positive
HOX	F7BEF0	Q6W990	TN	TN	all_matched_unflagged	missing_without_positive
HOX	F7BEF0	Q8AWY2	FP	TN	all_matched_unflagged	missing_without_positive
HOX	F7BEF0	Q90469	FP	TN	all_matched_unflagged	missing_without_positive
HOX	F7BEF0	Q90470	TN	TN	all_matched_unflagged	missing_without_positive
HOX	F7BEF0	Q90471	TN	TN	all_matched_unflagged	missing_without_positive
HOX	F7BEF0	Q90472	TN	TN	all_matched_unflagged	missing_without_positive
HOX	F7BEF0	Q90X25	TN	TN	all_matched_unflagged	missing_without_positive
HOX	F7BEF0	Q92826	TN	TN	all_matched_unflagged	missing_without_positive
HOX	F7BEF0	Q98924	TN	TN	annotation_positive	annotation_positive
HOX	F7BEF0	Q9DDU0	TN	TN	all_matched_unflagged	missing_without_positive
HOX	F7BEF0	Q9DDU1	TN	TN	all_matched_unflagged	missing_without_positive
HOX	F7BEF0	Q9NYD6	TP	TP	all_matched_unflagged	missing_without_positive
HOX	F7BEF0	Q9PWL6	TN	TN	all_matched_unflagged	missing_without_positive
HOX	F7BEF0	Q9PWM2	TN	TN	all_matched_unflagged	missing_without_positive
HOX	F7BEF0	Q9PWM6	TN	TN	all_matched_unflagged	missing_without_positive
HOX	F7BEF0	Q9YGT0	TN	TN	all_matched_unflagged	missing_without_positive
HOX	F7BEF0	Q9YGT5	TN	TN	all_matched_unflagged	missing_without_positive
HOX	F7BEI0	F7D5A4	TN	TN	all_matched_unflagged	missing_without_positive
HOX	F7BEI0	F7D5I9	TN	TN	all_matched_unflagged	missing_without_positive
HOX	F7BEI0	O43248	TN	TN	all_matched_unflagged	missing_without_positive
HOX	F7BEI0	P09087	FN	FN	all_matched_unflagged	missing_without_positive
HOX	F7BEI0	P17482	TN	TN	all_matched_unflagged	missing_without_positive
HOX	F7BEI0	P24342	TN	TN	all_matched_unflagged	missing_without_positive
HOX	F7BEI0	P24343	FP	TN	all_matched_unflagged	missing_without_positive
HOX	F7BEI0	P24344	TN	TN	all_matched_unflagged	missing_without_positive
HOX	F7BEI0	P28356	TN	TN	all_matched_unflagged	missing_without_positive
HOX	F7BEI0	P28358	TN	TN	all_matched_unflagged	missing_without_positive
HOX	F7BEI0	P31258	TN	TN	all_matched_unflagged	missing_without_positive
HOX	F7BEI0	P31260	TN	TN	all_matched_unflagged	missing_without_positive
HOX	F7BEI0	P31269	TN	TN	all_matched_unflagged	missing_without_positive
HOX	F7BEI0	P31270	TN	TN	all_matched_unflagged	missing_without_positive
HOX	F7BEI0	P31271	TN	TN	all_matched_unflagged	missing_without_positive
HOX	F7BEI0	P31274	TN	TN	all_matched_unflagged	missing_without_positive
HOX	F7BEI0	P31275	TP	TP	all_matched_unflagged	missing_without_positive
HOX	F7BEI0	P31276	TN	TN	all_matched_unflagged	missing_without_positive
HOX	F7BEI0	P31277	TN	TN	all_matched_unflagged	missing_without_positive
HOX	F7BEI0	P35452	FP	TN	all_matched_unflagged	missing_without_positive
HOX	F7BEI0	P35453	TN	TN	all_matched_unflagged	missing_without_positive
HOX	F7BEI0	P79724	TN	TN	all_matched_unflagged	missing_without_positive
HOX	F7BEI0	Q1ECY2	TN	TN	all_matched_unflagged	missing_without_positive
HOX	F7BEI0	Q58EL0	TN	TN	all_matched_unflagged	missing_without_positive
HOX	F7BEI0	Q6JIY4	TN	TN	all_matched_unflagged	missing_without_positive
HOX	F7BEI0	Q6JIY5	TN	TN	all_matched_unflagged	missing_without_positive
HOX	F7BEI0	Q6W990	TN	TN	all_matched_unflagged	missing_without_positive
HOX	F7BEI0	Q8AWY2	TN	TN	all_matched_unflagged	missing_without_positive
HOX	F7BEI0	Q90469	TN	TN	all_matched_unflagged	missing_without_positive
HOX	F7BEI0	Q90470	TN	TN	all_matched_unflagged	missing_without_positive
HOX	F7BEI0	Q90471	FP	TN	all_matched_unflagged	missing_without_positive
HOX	F7BEI0	Q90472	TN	TN	all_matched_unflagged	missing_without_positive
HOX	F7BEI0	Q90X25	TN	TN	all_matched_unflagged	missing_without_positive
HOX	F7BEI0	Q92826	TN	TN	all_matched_unflagged	missing_without_positive
HOX	F7BEI0	Q98924	TN	TN	annotation_positive	annotation_positive
HOX	F7BEI0	Q9DDU0	TN	TN	all_matched_unflagged	missing_without_positive
HOX	F7BEI0	Q9DDU1	TN	TN	all_matched_unflagged	missing_without_positive
HOX	F7BEI0	Q9NYD6	TN	TN	all_matched_unflagged	missing_without_positive
HOX	F7BEI0	Q9PWL6	TN	TN	all_matched_unflagged	missing_without_positive
HOX	F7BEI0	Q9PWM2	TN	TN	all_matched_unflagged	missing_without_positive
HOX	F7BEI0	Q9PWM6	TN	TN	all_matched_unflagged	missing_without_positive
HOX	F7BEI0	Q9YGT0	TP	TP	all_matched_unflagged	missing_without_positive
HOX	F7BEI0	Q9YGT5	TN	TN	all_matched_unflagged	missing_without_positive
HOX	F7D5A4	F7D5I9	TN	TN	all_matched_unflagged	missing_without_positive
HOX	F7D5A4	O43248	FP	TN	all_matched_unflagged	missing_without_positive
HOX	F7D5A4	P09087	FN	FN	all_matched_unflagged	missing_without_positive
HOX	F7D5A4	P17482	TN	TN	all_matched_unflagged	missing_without_positive
HOX	F7D5A4	P24342	FP	TN	all_matched_unflagged	missing_without_positive
HOX	F7D5A4	P24343	TN	TN	all_matched_unflagged	missing_without_positive
HOX	F7D5A4	P24344	TN	TN	all_matched_unflagged	missing_without_positive
HOX	F7D5A4	P28356	TN	TN	all_matched_unflagged	missing_without_positive
HOX	F7D5A4	P28358	TN	TN	all_matched_unflagged	missing_without_positive
HOX	F7D5A4	P31258	TP	TP	all_matched_unflagged	missing_without_positive
HOX	F7D5A4	P31260	TN	TN	all_matched_unflagged	missing_without_positive
HOX	F7D5A4	P31269	TN	TN	all_matched_unflagged	missing_without_positive
HOX	F7D5A4	P31270	TP	TP	all_matched_unflagged	missing_without_positive
HOX	F7D5A4	P31271	TN	TN	all_matched_unflagged	missing_without_positive
HOX	F7D5A4	P31274	TN	TN	all_matched_unflagged	missing_without_positive
HOX	F7D5A4	P31275	TN	TN	all_matched_unflagged	missing_without_positive
HOX	F7D5A4	P31276	TN	TN	all_matched_unflagged	missing_without_positive
HOX	F7D5A4	P31277	FP	TN	all_matched_unflagged	missing_without_positive
HOX	F7D5A4	P35452	TN	TN	all_matched_unflagged	missing_without_positive
HOX	F7D5A4	P35453	TN	TN	all_matched_unflagged	missing_without_positive
HOX	F7D5A4	P79724	TN	TN	all_matched_unflagged	missing_without_positive
HOX	F7D5A4	Q1ECY2	TN	TN	all_matched_unflagged	missing_without_positive
HOX	F7D5A4	Q58EL0	FP	TN	all_matched_unflagged	missing_without_positive
HOX	F7D5A4	Q6JIY4	TN	TN	all_matched_unflagged	missing_without_positive
HOX	F7D5A4	Q6JIY5	TN	TN	all_matched_unflagged	missing_without_positive
HOX	F7D5A4	Q6W990	TN	TN	all_matched_unflagged	missing_without_positive
HOX	F7D5A4	Q8AWY2	TN	TN	all_matched_unflagged	missing_without_positive
HOX	F7D5A4	Q90469	TN	TN	all_matched_unflagged	missing_without_positive
HOX	F7D5A4	Q90470	FP	TN	all_matched_unflagged	missing_without_positive
HOX	F7D5A4	Q90471	TN	TN	all_matched_unflagged	missing_without_positive
HOX	F7D5A4	Q90472	TN	TN	all_matched_unflagged	missing_without_positive
HOX	F7D5A4	Q90X25	TN	TN	all_matched_unflagged	missing_without_positive
HOX	F7D5A4	Q92826	TN	TN	all_matched_unflagged	missing_without_positive
HOX	F7D5A4	Q98924	TN	TN	annotation_positive	annotation_positive
HOX	F7D5A4	Q9DDU0	TP	TP	all_matched_unflagged	missing_without_positive
HOX	F7D5A4	Q9DDU1	TP	TP	all_matched_unflagged	missing_without_positive
HOX	F7D5A4	Q9NYD6	TN	TN	all_matched_unflagged	missing_without_positive
HOX	F7D5A4	Q9PWL6	TN	TN	all_matched_unflagged	missing_without_positive
HOX	F7D5A4	Q9PWM2	TN	TN	all_matched_unflagged	missing_without_positive
HOX	F7D5A4	Q9PWM6	TN	TN	all_matched_unflagged	missing_without_positive
HOX	F7D5A4	Q9YGT0	TN	TN	all_matched_unflagged	missing_without_positive
HOX	F7D5A4	Q9YGT5	TN	TN	all_matched_unflagged	missing_without_positive
HOX	F7D5I9	O43248	TN	TN	all_matched_unflagged	missing_without_positive
HOX	F7D5I9	P09087	FN	FN	all_matched_unflagged	missing_without_positive
HOX	F7D5I9	P17482	FP	TN	all_matched_unflagged	missing_without_positive
HOX	F7D5I9	P24342	TN	TN	all_matched_unflagged	missing_without_positive
HOX	F7D5I9	P24343	TN	TN	all_matched_unflagged	missing_without_positive
HOX	F7D5I9	P24344	TN	TN	all_matched_unflagged	missing_without_positive
HOX	F7D5I9	P28356	FP	TN	all_matched_unflagged	missing_without_positive
HOX	F7D5I9	P28358	TN	TN	all_matched_unflagged	missing_without_positive
HOX	F7D5I9	P31258	TN	TN	all_matched_unflagged	missing_without_positive
HOX	F7D5I9	P31260	TN	TN	all_matched_unflagged	missing_without_positive
HOX	F7D5I9	P31269	TP	TP	all_matched_unflagged	missing_without_positive
HOX	F7D5I9	P31270	TN	TN	all_matched_unflagged	missing_without_positive
HOX	F7D5I9	P31271	TN	TN	all_matched_unflagged	missing_without_positive
HOX	F7D5I9	P31274	FP	TN	all_matched_unflagged	missing_without_positive
HOX	F7D5I9	P31275	TN	TN	all_matched_unflagged	missing_without_positive
HOX	F7D5I9	P31276	TN	TN	all_matched_unflagged	missing_without_positive
HOX	F7D5I9	P31277	TN	TN	all_matched_unflagged	missing_without_positive
HOX	F7D5I9	P35452	TN	TN	all_matched_unflagged	missing_without_positive
HOX	F7D5I9	P35453	TN	TN	all_matched_unflagged	missing_without_positive
HOX	F7D5I9	P79724	TN	TN	all_matched_unflagged	missing_without_positive
HOX	F7D5I9	Q1ECY2	TN	TN	all_matched_unflagged	missing_without_positive
HOX	F7D5I9	Q58EL0	TN	TN	all_matched_unflagged	missing_without_positive
HOX	F7D5I9	Q6JIY4	TN	TN	all_matched_unflagged	missing_without_positive
HOX	F7D5I9	Q6JIY5	TN	TN	all_matched_unflagged	missing_without_positive
HOX	F7D5I9	Q6W990	TN	TN	all_matched_unflagged	missing_without_positive
HOX	F7D5I9	Q8AWY2	TN	TN	all_matched_unflagged	missing_without_positive
HOX	F7D5I9	Q90469	TN	TN	all_matched_unflagged	missing_without_positive
HOX	F7D5I9	Q90470	TN	TN	all_matched_unflagged	missing_without_positive
HOX	F7D5I9	Q90471	TN	TN	all_matched_unflagged	missing_without_positive
HOX	F7D5I9	Q90472	TN	TN	all_matched_unflagged	missing_without_positive
HOX	F7D5I9	Q90X25	TN	TN	all_matched_unflagged	missing_without_positive
HOX	F7D5I9	Q92826	TN	TN	all_matched_unflagged	missing_without_positive
HOX	F7D5I9	Q98924	TP	TP	annotation_positive	annotation_positive
HOX	F7D5I9	Q9DDU0	TN	TN	all_matched_unflagged	missing_without_positive
HOX	F7D5I9	Q9DDU1	TN	TN	all_matched_unflagged	missing_without_positive
HOX	F7D5I9	Q9NYD6	TN	TN	all_matched_unflagged	missing_without_positive
HOX	F7D5I9	Q9PWL6	TP	TP	all_matched_unflagged	missing_without_positive
HOX	F7D5I9	Q9PWM2	FP	TN	all_matched_unflagged	missing_without_positive
HOX	F7D5I9	Q9PWM6	FP	TN	all_matched_unflagged	missing_without_positive
HOX	F7D5I9	Q9YGT0	TN	TN	all_matched_unflagged	missing_without_positive
HOX	F7D5I9	Q9YGT5	TP	TP	all_matched_unflagged	missing_without_positive
HOX	O43248	P09087	FN	FN	all_matched_unflagged	all_matched_unflagged
HOX	O43248	P17482	TN	TN	all_matched_unflagged	all_matched_unflagged
HOX	O43248	P24342	FP	TN	all_matched_unflagged	all_matched_unflagged
HOX	O43248	P24343	TN	TN	all_matched_unflagged	all_matched_unflagged
HOX	O43248	P24344	TN	TN	all_matched_unflagged	all_matched_unflagged
HOX	O43248	P28356	TN	TN	all_matched_unflagged	all_matched_unflagged
HOX	O43248	P28358	TN	TN	all_matched_unflagged	all_matched_unflagged
HOX	O43248	P31258	FP	TN	all_matched_unflagged	all_matched_unflagged
HOX	O43248	P31260	TN	TN	all_matched_unflagged	all_matched_unflagged
HOX	O43248	P31269	TN	TN	all_matched_unflagged	all_matched_unflagged
HOX	O43248	P31270	TN	TN	all_matched_unflagged	all_matched_unflagged
HOX	O43248	P31271	TN	TN	all_matched_unflagged	all_matched_unflagged
HOX	O43248	P31274	TN	TN	all_matched_unflagged	all_matched_unflagged
HOX	O43248	P31275	TN	TN	all_matched_unflagged	all_matched_unflagged
HOX	O43248	P31276	TN	TN	all_matched_unflagged	all_matched_unflagged
HOX	O43248	P31277	TN	TN	all_matched_unflagged	all_matched_unflagged
HOX	O43248	P35452	TN	TN	all_matched_unflagged	all_matched_unflagged
HOX	O43248	P35453	TN	TN	all_matched_unflagged	all_matched_unflagged
HOX	O43248	P79724	TN	TN	all_matched_unflagged	all_matched_unflagged
HOX	O43248	Q1ECY2	TN	TN	all_matched_unflagged	all_matched_unflagged
HOX	O43248	Q58EL0	TP	TP	all_matched_unflagged	all_matched_unflagged
HOX	O43248	Q6JIY4	TN	TN	all_matched_unflagged	all_matched_unflagged
HOX	O43248	Q6JIY5	TN	TN	all_matched_unflagged	all_matched_unflagged
HOX	O43248	Q6W990	TN	TN	all_matched_unflagged	all_matched_unflagged
HOX	O43248	Q8AWY2	TN	TN	all_matched_unflagged	all_matched_unflagged
HOX	O43248	Q90469	TN	TN	all_matched_unflagged	all_matched_unflagged
HOX	O43248	Q90470	FP	TN	all_matched_unflagged	all_matched_unflagged
HOX	O43248	Q90471	TN	TN	all_matched_unflagged	all_matched_unflagged
HOX	O43248	Q90472	TN	TN	all_matched_unflagged	all_matched_unflagged
HOX	O43248	Q90X25	TN	TN	all_matched_unflagged	all_matched_unflagged
HOX	O43248	Q92826	TN	TN	all_matched_unflagged	all_matched_unflagged
HOX	O43248	Q98924	TN	TN	annotation_positive	annotation_positive
HOX	O43248	Q9DDU0	FP	TN	all_matched_unflagged	all_matched_unflagged
HOX	O43248	Q9DDU1	FP	TN	all_matched_unflagged	all_matched_unflagged
HOX	O43248	Q9NYD6	TN	TN	all_matched_unflagged	all_matched_unflagged
HOX	O43248	Q9PWL6	TN	TN	all_matched_unflagged	all_matched_unflagged
HOX	O43248	Q9PWM2	TN	TN	all_matched_unflagged	all_matched_unflagged
HOX	O43248	Q9PWM6	TN	TN	all_matched_unflagged	all_matched_unflagged
HOX	O43248	Q9YGT0	TN	TN	all_matched_unflagged	all_matched_unflagged
HOX	O43248	Q9YGT5	TN	TN	all_matched_unflagged	all_matched_unflagged
HOX	P09087	P17482	FN	FN	all_matched_unflagged	all_matched_unflagged
HOX	P09087	P24342	FN	FN	all_matched_unflagged	all_matched_unflagged
HOX	P09087	P24343	FN	FN	all_matched_unflagged	all_matched_unflagged
HOX	P09087	P24344	FN	FN	all_matched_unflagged	all_matched_unflagged
HOX	P09087	P28356	FN	FN	all_matched_unflagged	all_matched_unflagged
HOX	P09087	P28358	FN	FN	all_matched_unflagged	all_matched_unflagged
HOX	P09087	P31258	FN	FN	all_matched_unflagged	all_matched_unflagged
HOX	P09087	P31260	FN	FN	all_matched_unflagged	all_matched_unflagged
HOX	P09087	P31269	FN	FN	all_matched_unflagged	all_matched_unflagged
HOX	P09087	P31270	FN	FN	all_matched_unflagged	all_matched_unflagged
HOX	P09087	P31271	FN	FN	all_matched_unflagged	all_matched_unflagged
HOX	P09087	P31274	FN	FN	all_matched_unflagged	all_matched_unflagged
HOX	P09087	P31275	FN	FN	all_matched_unflagged	all_matched_unflagged
HOX	P09087	P31276	FN	FN	all_matched_unflagged	all_matched_unflagged
HOX	P09087	P31277	FN	FN	all_matched_unflagged	all_matched_unflagged
HOX	P09087	P35452	FN	FN	all_matched_unflagged	all_matched_unflagged
HOX	P09087	P35453	FN	FN	all_matched_unflagged	all_matched_unflagged
HOX	P09087	P79724	FN	FN	all_matched_unflagged	all_matched_unflagged
HOX	P09087	Q1ECY2	FN	FN	all_matched_unflagged	all_matched_unflagged
HOX	P09087	Q58EL0	FN	FN	all_matched_unflagged	all_matched_unflagged
HOX	P09087	Q6JIY4	FN	FN	all_matched_unflagged	all_matched_unflagged
HOX	P09087	Q6JIY5	FN	FN	all_matched_unflagged	all_matched_unflagged
HOX	P09087	Q6W990	FN	FN	all_matched_unflagged	all_matched_unflagged
HOX	P09087	Q8AWY2	FN	FN	all_matched_unflagged	all_matched_unflagged
HOX	P09087	Q90469	FN	FN	all_matched_unflagged	all_matched_unflagged
HOX	P09087	Q90470	FN	FN	all_matched_unflagged	all_matched_unflagged
HOX	P09087	Q90471	FN	FN	all_matched_unflagged	all_matched_unflagged
HOX	P09087	Q90472	FN	FN	all_matched_unflagged	all_matched_unflagged
HOX	P09087	Q90X25	FN	FN	all_matched_unflagged	all_matched_unflagged
HOX	P09087	Q92826	FN	FN	all_matched_unflagged	all_matched_unflagged
HOX	P09087	Q98924	FN	FN	annotation_positive	annotation_positive
HOX	P09087	Q9DDU0	FN	FN	all_matched_unflagged	all_matched_unflagged
HOX	P09087	Q9DDU1	FN	FN	all_matched_unflagged	all_matched_unflagged
HOX	P09087	Q9NYD6	FN	FN	all_matched_unflagged	all_matched_unflagged
HOX	P09087	Q9PWL6	FN	FN	all_matched_unflagged	all_matched_unflagged
HOX	P09087	Q9PWM2	FN	FN	all_matched_unflagged	all_matched_unflagged
HOX	P09087	Q9PWM6	FN	FN	all_matched_unflagged	all_matched_unflagged
HOX	P09087	Q9YGT0	FN	FN	all_matched_unflagged	all_matched_unflagged
HOX	P09087	Q9YGT5	FN	FN	all_matched_unflagged	all_matched_unflagged
HOX	P17482	P24342	TN	TN	all_matched_unflagged	all_matched_unflagged
HOX	P17482	P24343	TN	TN	all_matched_unflagged	all_matched_unflagged
HOX	P17482	P24344	TN	TN	all_matched_unflagged	all_matched_unflagged
HOX	P17482	P28356	TN	TN	all_matched_unflagged	all_matched_unflagged
HOX	P17482	P28358	TN	TN	all_matched_unflagged	all_matched_unflagged
HOX	P17482	P31258	TN	TN	all_matched_unflagged	all_matched_unflagged
HOX	P17482	P31260	TN	TN	all_matched_unflagged	all_matched_unflagged
HOX	P17482	P31269	TN	TN	all_matched_unflagged	all_matched_unflagged
HOX	P17482	P31270	TN	TN	all_matched_unflagged	all_matched_unflagged
HOX	P17482	P31271	TN	TN	all_matched_unflagged	all_matched_unflagged
HOX	P17482	P31274	TN	TN	all_matched_unflagged	all_matched_unflagged
HOX	P17482	P31275	TN	TN	all_matched_unflagged	all_matched_unflagged
HOX	P17482	P31276	TN	TN	all_matched_unflagged	all_matched_unflagged
HOX	P17482	P31277	TN	TN	all_matched_unflagged	all_matched_unflagged
HOX	P17482	P35452	TN	TN	all_matched_unflagged	all_matched_unflagged
HOX	P17482	P35453	TN	TN	all_matched_unflagged	all_matched_unflagged
HOX	P17482	P79724	TN	TN	all_matched_unflagged	all_matched_unflagged
HOX	P17482	Q1ECY2	TN	TN	all_matched_unflagged	all_matched_unflagged
HOX	P17482	Q58EL0	TN	TN	all_matched_unflagged	all_matched_unflagged
HOX	P17482	Q6JIY4	TN	TN	all_matched_unflagged	all_matched_unflagged
HOX	P17482	Q6JIY5	TN	TN	all_matched_unflagged	all_matched_unflagged
HOX	P17482	Q6W990	TN	TN	all_matched_unflagged	all_matched_unflagged
HOX	P17482	Q8AWY2	TN	TN	all_matched_unflagged	all_matched_unflagged
HOX	P17482	Q90469	TN	TN	all_matched_unflagged	all_matched_unflagged
HOX	P17482	Q90470	TN	TN	all_matched_unflagged	all_matched_unflagged
HOX	P17482	Q90471	TN	TN	all_matched_unflagged	all_matched_unflagged
HOX	P17482	Q90472	TN	TN	all_matched_unflagged	all_matched_unflagged
HOX	P17482	Q90X25	TN	TN	all_matched_unflagged	all_matched_unflagged
HOX	P17482	Q92826	TN	TN	all_matched_unflagged	all_matched_unflagged
HOX	P17482	Q98924	FP	TN	annotation_positive	annotation_positive
HOX	P17482	Q9DDU0	TN	TN	all_matched_unflagged	all_matched_unflagged
HOX	P17482	Q9DDU1	TN	TN	all_matched_unflagged	all_matched_unflagged
HOX	P17482	Q9NYD6	TN	TN	all_matched_unflagged	all_matched_unflagged
HOX	P17482	Q9PWL6	FP	TN	all_matched_unflagged	all_matched_unflagged
HOX	P17482	Q9PWM2	TP	TP	all_matched_unflagged	all_matched_unflagged
HOX	P17482	Q9PWM6	FP	TN	all_matched_unflagged	all_matched_unflagged
HOX	P17482	Q9YGT0	TN	TN	all_matched_unflagged	all_matched_unflagged
HOX	P17482	Q9YGT5	FP	TN	all_matched_unflagged	all_matched_unflagged
HOX	P24342	P24343	TN	TN	all_matched_unflagged	all_matched_unflagged
HOX	P24342	P24344	TN	TN	all_matched_unflagged	all_matched_unflagged
HOX	P24342	P28356	TN	TN	all_matched_unflagged	all_matched_unflagged
HOX	P24342	P28358	TN	TN	all_matched_unflagged	all_matched_unflagged
HOX	P24342	P31258	TN	TN	all_matched_unflagged	all_matched_unflagged
HOX	P24342	P31260	TN	TN	all_matched_unflagged	all_matched_unflagged
HOX	P24342	P31269	TN	TN	all_matched_unflagged	all_matched_unflagged
HOX	P24342	P31270	FP	TN	all_matched_unflagged	all_matched_unflagged
HOX	P24342	P31271	TN	TN	all_matched_unflagged	all_matched_unflagged
HOX	P24342	P31274	TN	TN	all_matched_unflagged	all_matched_unflagged
HOX	P24342	P31275	TN	TN	all_matched_unflagged	all_matched_unflagged
HOX	P24342	P31276	TN	TN	all_matched_unflagged	all_matched_unflagged
HOX	P24342	P31277	TP	TP	all_matched_unflagged	all_matched_unflagged
HOX	P24342	P35452	TN	TN	all_matched_unflagged	all_matched_unflagged
HOX	P24342	P35453	TN	TN	all_matched_unflagged	all_matched_unflagged
HOX	P24342	P79724	TN	TN	all_matched_unflagged	all_matched_unflagged
HOX	P24342	Q1ECY2	TN	TN	all_matched_unflagged	all_matched_unflagged
HOX	P24342	Q58EL0	FP	TN	all_matched_unflagged	all_matched_unflagged
HOX	P24342	Q6JIY4	TN	TN	all_matched_unflagged	all_matched_unflagged
HOX	P24342	Q6JIY5	TN	TN	all_matched_unflagged	all_matched_unflagged
HOX	P24342	Q6W990	TN	TN	all_matched_unflagged	all_matched_unflagged
HOX	P24342	Q8AWY2	TN	TN	all_matched_unflagged	all_matched_unflagged
HOX	P24342	Q90469	TN	TN	all_matched_unflagged	all_matched_unflagged
HOX	P24342	Q90470	TP	TP	all_matched_unflagged	all_matched_unflagged
HOX	P24342	Q90471	TN	TN	all_matched_unflagged	all_matched_unflagged
HOX	P24342	Q90472	TN	TN	all_matched_unflagged	all_matched_unflagged
HOX	P24342	Q90X25	TN	TN	all_matched_unflagged	all_matched_unflagged
HOX	P24342	Q92826	TN	TN	all_matched_unflagged	all_matched_unflagged
HOX	P24342	Q98924	TN	TN	annotation_positive	annotation_positive
HOX	P24342	Q9DDU0	FP	TN	all_matched_unflagged	all_matched_unflagged
HOX	P24342	Q9DDU1	FP	TN	all_matched_unflagged	all_matched_unflagged
HOX	P24342	Q9NYD6	TN	TN	all_matched_unflagged	all_matched_unflagged
HOX	P24342	Q9PWL6	TN	TN	all_matched_unflagged	all_matched_unflagged
HOX	P24342	Q9PWM2	TN	TN	all_matched_unflagged	all_matched_unflagged
HOX	P24342	Q9PWM6	TN	TN	all_matched_unflagged	all_matched_unflagged
HOX	P24342	Q9YGT0	TN	TN	all_matched_unflagged	all_matched_unflagged
HOX	P24342	Q9YGT5	TN	TN	all_matched_unflagged	all_matched_unflagged
HOX	P24343	P24344	TN	TN	all_matched_unflagged	all_matched_unflagged
HOX	P24343	P28356	TN	TN	all_matched_unflagged	all_matched_unflagged
HOX	P24343	P28358	TN	TN	all_matched_unflagged	all_matched_unflagged
HOX	P24343	P31258	TN	TN	all_matched_unflagged	all_matched_unflagged
HOX	P24343	P31260	TN	TN	all_matched_unflagged	all_matched_unflagged
HOX	P24343	P31269	TN	TN	all_matched_unflagged	all_matched_unflagged
HOX	P24343	P31270	TN	TN	all_matched_unflagged	all_matched_unflagged
HOX	P24343	P31271	TN	TN	all_matched_unflagged	all_matched_unflagged
HOX	P24343	P31274	TN	TN	all_matched_unflagged	all_matched_unflagged
HOX	P24343	P31275	FP	TN	all_matched_unflagged	all_matched_unflagged
HOX	P24343	P31276	TN	TN	all_matched_unflagged	all_matched_unflagged
HOX	P24343	P31277	TN	TN	all_matched_unflagged	all_matched_unflagged
HOX	P24343	P35452	TP	TP	all_matched_unflagged	all_matched_unflagged
HOX	P24343	P35453	TN	TN	all_matched_unflagged	all_matched_unflagged
HOX	P24343	P79724	TN	TN	all_matched_unflagged	all_matched_unflagged
HOX	P24343	Q1ECY2	TN	TN	all_matched_unflagged	all_matched_unflagged
HOX	P24343	Q58EL0	TN	TN	all_matched_unflagged	all_matched_unflagged
HOX	P24343	Q6JIY4	TN	TN	all_matched_unflagged	all_matched_unflagged
HOX	P24343	Q6JIY5	TN	TN	all_matched_unflagged	all_matched_unflagged
HOX	P24343	Q6W990	TN	TN	all_matched_unflagged	all_matched_unflagged
HOX	P24343	Q8AWY2	TN	TN	all_matched_unflagged	all_matched_unflagged
HOX	P24343	Q90469	TN	TN	all_matched_unflagged	all_matched_unflagged
HOX	P24343	Q90470	TN	TN	all_matched_unflagged	all_matched_unflagged
HOX	P24343	Q90471	TP	TP	all_matched_unflagged	all_matched_unflagged
HOX	P24343	Q90472	TN	TN	all_matched_unflagged	all_matched_unflagged
HOX	P24343	Q90X25	TN	TN	all_matched_unflagged	all_matched_unflagged
HOX	P24343	Q92826	TN	TN	all_matched_unflagged	all_matched_unflagged
HOX	P24343	Q98924	TN	TN	annotation_positive	annotation_positive
HOX	P24343	Q9DDU0	TN	TN	all_matched_unflagged	all_matched_unflagged
HOX	P24343	Q9DDU1	TN	TN	all_matched_unflagged	all_matched_unflagged
HOX	P24343	Q9NYD6	TN	TN	all_matched_unflagged	all_matched_unflagged
HOX	P24343	Q9PWL6	TN	TN	all_matched_unflagged	all_matched_unflagged
HOX	P24343	Q9PWM2	TN	TN	all_matched_unflagged	all_matched_unflagged
HOX	P24343	Q9PWM6	TN	TN	all_matched_unflagged	all_matched_unflagged
HOX	P24343	Q9YGT0	FP	TN	all_matched_unflagged	all_matched_unflagged
HOX	P24343	Q9YGT5	TN	TN	all_matched_unflagged	all_matched_unflagged
HOX	P24344	P28356	TN	TN	all_matched_unflagged	all_matched_unflagged
HOX	P24344	P28358	TN	TN	all_matched_unflagged	all_matched_unflagged
HOX	P24344	P31258	TN	TN	all_matched_unflagged	all_matched_unflagged
HOX	P24344	P31260	TN	TN	all_matched_unflagged	all_matched_unflagged
HOX	P24344	P31269	TN	TN	all_matched_unflagged	all_matched_unflagged
HOX	P24344	P31270	TN	TN	all_matched_unflagged	all_matched_unflagged
HOX	P24344	P31271	FP	TN	all_matched_unflagged	all_matched_unflagged
HOX	P24344	P31274	TN	TN	all_matched_unflagged	all_matched_unflagged
HOX	P24344	P31275	TN	TN	all_matched_unflagged	all_matched_unflagged
HOX	P24344	P31276	FP	TN	all_matched_unflagged	all_matched_unflagged
HOX	P24344	P31277	TN	TN	all_matched_unflagged	all_matched_unflagged
HOX	P24344	P35452	TN	TN	all_matched_unflagged	all_matched_unflagged
HOX	P24344	P35453	TP	TP	all_matched_unflagged	all_matched_unflagged
HOX	P24344	P79724	FP	TN	all_matched_unflagged	all_matched_unflagged
HOX	P24344	Q1ECY2	FP	TN	all_matched_unflagged	all_matched_unflagged
HOX	P24344	Q58EL0	TN	TN	all_matched_unflagged	all_matched_unflagged
HOX	P24344	Q6JIY4	FP	TN	all_matched_unflagged	all_matched_unflagged
HOX	P24344	Q6JIY5	FP	TN	all_matched_unflagged	all_matched_unflagged
HOX	P24344	Q6W990	FP	TN	all_matched_unflagged	all_matched_unflagged
HOX	P24344	Q8AWY2	TN	TN	all_matched_unflagged	all_matched_unflagged
HOX	P24344	Q90469	TN	TN	all_matched_unflagged	all_matched_unflagged
HOX	P24344	Q90470	TN	TN	all_matched_unflagged	all_matched_unflagged
HOX	P24344	Q90471	TN	TN	all_matched_unflagged	all_matched_unflagged
HOX	P24344	Q90472	FN	FN	all_matched_unflagged	all_matched_unflagged
HOX	P24344	Q90X25	TN	TN	all_matched_unflagged	all_matched_unflagged
HOX	P24344	Q92826	FP	TN	all_matched_unflagged	all_matched_unflagged
HOX	P24344	Q98924	TN	TN	annotation_positive	annotation_positive
HOX	P24344	Q9DDU0	TN	TN	all_matched_unflagged	all_matched_unflagged
HOX	P24344	Q9DDU1	TN	TN	all_matched_unflagged	all_matched_unflagged
HOX	P24344	Q9NYD6	TN	TN	all_matched_unflagged	all_matched_unflagged
HOX	P24344	Q9PWL6	TN	TN	all_matched_unflagged	all_matched_unflagged
HOX	P24344	Q9PWM2	TN	TN	all_matched_unflagged	all_matched_unflagged
HOX	P24344	Q9PWM6	TN	TN	all_matched_unflagged	all_matched_unflagged
HOX	P24344	Q9YGT0	TN	TN	all_matched_unflagged	all_matched_unflagged
HOX	P24344	Q9YGT5	TN	TN	all_matched_unflagged	all_matched_unflagged
HOX	P28356	P28358	TN	TN	all_matched_unflagged	all_matched_unflagged
HOX	P28356	P31258	TN	TN	all_matched_unflagged	all_matched_unflagged
HOX	P28356	P31260	TN	TN	all_matched_unflagged	all_matched_unflagged
HOX	P28356	P31269	TN	TN	all_matched_unflagged	all_matched_unflagged
HOX	P28356	P31270	TN	TN	all_matched_unflagged	all_matched_unflagged
HOX	P28356	P31271	TN	TN	all_matched_unflagged	all_matched_unflagged
HOX	P28356	P31274	TN	TN	all_matched_unflagged	all_matched_unflagged
HOX	P28356	P31275	TN	TN	all_matched_unflagged	all_matched_unflagged
HOX	P28356	P31276	TN	TN	all_matched_unflagged	all_matched_unflagged
HOX	P28356	P31277	TN	TN	all_matched_unflagged	all_matched_unflagged
HOX	P28356	P35452	TN	TN	all_matched_unflagged	all_matched_unflagged
HOX	P28356	P35453	TN	TN	all_matched_unflagged	all_matched_unflagged
HOX	P28356	P79724	TN	TN	all_matched_unflagged	all_matched_unflagged
HOX	P28356	Q1ECY2	TN	TN	all_matched_unflagged	all_matched_unflagged
HOX	P28356	Q58EL0	TN	TN	all_matched_unflagged	all_matched_unflagged
HOX	P28356	Q6JIY4	TN	TN	all_matched_unflagged	all_matched_unflagged
HOX	P28356	Q6JIY5	TN	TN	all_matched_unflagged	all_matched_unflagged
HOX	P28356	Q6W990	TN	TN	all_matched_unflagged	all_matched_unflagged
HOX	P28356	Q8AWY2	TN	TN	all_matched_unflagged	all_matched_unflagged
HOX	P28356	Q90469	TN	TN	all_matched_unflagged	all_matched_unflagged
HOX	P28356	Q90470	TN	TN	all_matched_unflagged	all_matched_unflagged
HOX	P28356	Q90471	TN	TN	all_matched_unflagged	all_matched_unflagged
HOX	P28356	Q90472	TN	TN	all_matched_unflagged	all_matched_unflagged
HOX	P28356	Q90X25	TN	TN	all_matched_unflagged	all_matched_unflagged
HOX	P28356	Q92826	TN	TN	all_matched_unflagged	all_matched_unflagged
HOX	P28356	Q98924	FP	TN	annotation_positive	annotation_positive
HOX	P28356	Q9DDU0	TN	TN	all_matched_unflagged	all_matched_unflagged
HOX	P28356	Q9DDU1	TN	TN	all_matched_unflagged	all_matched_unflagged
HOX	P28356	Q9NYD6	TN	TN	all_matched_unflagged	all_matched_unflagged
HOX	P28356	Q9PWL6	FP	TN	all_matched_unflagged	all_matched_unflagged
HOX	P28356	Q9PWM2	FP	TN	all_matched_unflagged	all_matched_unflagged
HOX	P28356	Q9PWM6	TP	TP	all_matched_unflagged	all_matched_unflagged
HOX	P28356	Q9YGT0	TN	TN	all_matched_unflagged	all_matched_unflagged
HOX	P28356	Q9YGT5	FP	TN	all_matched_unflagged	all_matched_unflagged
HOX	P28358	P31258	TN	TN	all_matched_unflagged	all_matched_unflagged
HOX	P28358	P31260	TN	TN	all_matched_unflagged	all_matched_unflagged
HOX	P28358	P31269	TN	TN	all_matched_unflagged	all_matched_unflagged
HOX	P28358	P31270	TN	TN	all_matched_unflagged	all_matched_unflagged
HOX	P28358	P31271	TN	TN	all_matched_unflagged	all_matched_unflagged
HOX	P28358	P31274	TN	TN	all_matched_unflagged	all_matched_unflagged
HOX	P28358	P31275	TN	TN	all_matched_unflagged	all_matched_unflagged
HOX	P28358	P31276	TN	TN	all_matched_unflagged	all_matched_unflagged
HOX	P28358	P31277	TN	TN	all_matched_unflagged	all_matched_unflagged
HOX	P28358	P35452	TN	TN	all_matched_unflagged	all_matched_unflagged
HOX	P28358	P35453	TN	TN	all_matched_unflagged	all_matched_unflagged
HOX	P28358	P79724	TN	TN	all_matched_unflagged	all_matched_unflagged
HOX	P28358	Q1ECY2	TN	TN	all_matched_unflagged	all_matched_unflagged
HOX	P28358	Q58EL0	TN	TN	all_matched_unflagged	all_matched_unflagged
HOX	P28358	Q6JIY4	TN	TN	all_matched_unflagged	all_matched_unflagged
HOX	P28358	Q6JIY5	TN	TN	all_matched_unflagged	all_matched_unflagged
HOX	P28358	Q6W990	TN	TN	all_matched_unflagged	all_matched_unflagged
HOX	P28358	Q8AWY2	FP	TN	all_matched_unflagged	all_matched_unflagged
HOX	P28358	Q90469	TP	TP	all_matched_unflagged	all_matched_unflagged
HOX	P28358	Q90470	TN	TN	all_matched_unflagged	all_matched_unflagged
HOX	P28358	Q90471	TN	TN	all_matched_unflagged	all_matched_unflagged
HOX	P28358	Q90472	TN	TN	all_matched_unflagged	all_matched_unflagged
HOX	P28358	Q90X25	TN	TN	all_matched_unflagged	all_matched_unflagged
HOX	P28358	Q92826	TN	TN	all_matched_unflagged	all_matched_unflagged
HOX	P28358	Q98924	TN	TN	annotation_positive	annotation_positive
HOX	P28358	Q9DDU0	TN	TN	all_matched_unflagged	all_matched_unflagged
HOX	P28358	Q9DDU1	TN	TN	all_matched_unflagged	all_matched_unflagged
HOX	P28358	Q9NYD6	TN	TN	all_matched_unflagged	all_matched_unflagged
HOX	P28358	Q9PWL6	TN	TN	all_matched_unflagged	all_matched_unflagged
HOX	P28358	Q9PWM2	TN	TN	all_matched_unflagged	all_matched_unflagged
HOX	P28358	Q9PWM6	TN	TN	all_matched_unflagged	all_matched_unflagged
HOX	P28358	Q9YGT0	TN	TN	all_matched_unflagged	all_matched_unflagged
HOX	P28358	Q9YGT5	TN	TN	all_matched_unflagged	all_matched_unflagged
HOX	P31258	P31260	TN	TN	all_matched_unflagged	all_matched_unflagged
HOX	P31258	P31269	TN	TN	all_matched_unflagged	all_matched_unflagged
HOX	P31258	P31270	TP	TP	all_matched_unflagged	all_matched_unflagged
HOX	P31258	P31271	TN	TN	all_matched_unflagged	all_matched_unflagged
HOX	P31258	P31274	TN	TN	all_matched_unflagged	all_matched_unflagged
HOX	P31258	P31275	TN	TN	all_matched_unflagged	all_matched_unflagged
HOX	P31258	P31276	TN	TN	all_matched_unflagged	all_matched_unflagged
HOX	P31258	P31277	FP	TN	all_matched_unflagged	all_matched_unflagged
HOX	P31258	P35452	TN	TN	all_matched_unflagged	all_matched_unflagged
HOX	P31258	P35453	TN	TN	all_matched_unflagged	all_matched_unflagged
HOX	P31258	P79724	TN	TN	all_matched_unflagged	all_matched_unflagged
HOX	P31258	Q1ECY2	TN	TN	all_matched_unflagged	all_matched_unflagged
HOX	P31258	Q58EL0	FP	TN	all_matched_unflagged	all_matched_unflagged
HOX	P31258	Q6JIY4	TN	TN	all_matched_unflagged	all_matched_unflagged
HOX	P31258	Q6JIY5	TN	TN	all_matched_unflagged	all_matched_unflagged
HOX	P31258	Q6W990	TN	TN	all_matched_unflagged	all_matched_unflagged
HOX	P31258	Q8AWY2	TN	TN	all_matched_unflagged	all_matched_unflagged
HOX	P31258	Q90469	TN	TN	all_matched_unflagged	all_matched_unflagged
HOX	P31258	Q90470	FP	TN	all_matched_unflagged	all_matched_unflagged
HOX	P31258	Q90471	TN	TN	all_matched_unflagged	all_matched_unflagged
HOX	P31258	Q90472	TN	TN	all_matched_unflagged	all_matched_unflagged
HOX	P31258	Q90X25	TN	TN	all_matched_unflagged	all_matched_unflagged
HOX	P31258	Q92826	TN	TN	all_matched_unflagged	all_matched_unflagged
HOX	P31258	Q98924	TN	TN	annotation_positive	annotation_positive
HOX	P31258	Q9DDU0	TP	TP	all_matched_unflagged	all_matched_unflagged
HOX	P31258	Q9DDU1	TP	TP	all_matched_unflagged	all_matched_unflagged
HOX	P31258	Q9NYD6	TN	TN	all_matched_unflagged	all_matched_unflagged
HOX	P31258	Q9PWL6	TN	TN	all_matched_unflagged	all_matched_unflagged
HOX	P31258	Q9PWM2	TN	TN	all_matched_unflagged	all_matched_unflagged
HOX	P31258	Q9PWM6	TN	TN	all_matched_unflagged	all_matched_unflagged
HOX	P31258	Q9YGT0	TN	TN	all_matched_unflagged	all_matched_unflagged
HOX	P31258	Q9YGT5	TN	TN	all_matched_unflagged	all_matched_unflagged
HOX	P31260	P31269	TN	TN	all_matched_unflagged	all_matched_unflagged
HOX	P31260	P31270	TN	TN	all_matched_unflagged	all_matched_unflagged
HOX	P31260	P31271	TN	TN	all_matched_unflagged	all_matched_unflagged
HOX	P31260	P31274	TN	TN	all_matched_unflagged	all_matched_unflagged
HOX	P31260	P31275	TN	TN	all_matched_unflagged	all_matched_unflagged
HOX	P31260	P31276	TN	TN	all_matched_unflagged	all_matched_unflagged
HOX	P31260	P31277	TN	TN	all_matched_unflagged	all_matched_unflagged
HOX	P31260	P35452	TN	TN	all_matched_unflagged	all_matched_unflagged
HOX	P31260	P35453	TN	TN	all_matched_unflagged	all_matched_unflagged
HOX	P31260	P79724	TN	TN	all_matched_unflagged	all_matched_unflagged
HOX	P31260	Q1ECY2	TN	TN	all_matched_unflagged	all_matched_unflagged
HOX	P31260	Q58EL0	TN	TN	all_matched_unflagged	all_matched_unflagged
HOX	P31260	Q6JIY4	TN	TN	all_matched_unflagged	all_matched_unflagged
HOX	P31260	Q6JIY5	TN	TN	all_matched_unflagged	all_matched_unflagged
HOX	P31260	Q6W990	TN	TN	all_matched_unflagged	all_matched_unflagged
HOX	P31260	Q8AWY2	TP	TP	all_matched_unflagged	all_matched_unflagged
HOX	P31260	Q90469	FP	TN	all_matched_unflagged	all_matched_unflagged
HOX	P31260	Q90470	TN	TN	all_matched_unflagged	all_matched_unflagged
HOX	P31260	Q90471	TN	TN	all_matched_unflagged	all_matched_unflagged
HOX	P31260	Q90472	TN	TN	all_matched_unflagged	all_matched_unflagged
HOX	P31260	Q90X25	TN	TN	all_matched_unflagged	all_matched_unflagged
HOX	P31260	Q92826	TN	TN	all_matched_unflagged	all_matched_unflagged
HOX	P31260	Q98924	TN	TN	annotation_positive	annotation_positive
HOX	P31260	Q9DDU0	TN	TN	all_matched_unflagged	all_matched_unflagged
HOX	P31260	Q9DDU1	TN	TN	all_matched_unflagged	all_matched_unflagged
HOX	P31260	Q9NYD6	TN	TN	all_matched_unflagged	all_matched_unflagged
HOX	P31260	Q9PWL6	TN	TN	all_matched_unflagged	all_matched_unflagged
HOX	P31260	Q9PWM2	TN	TN	all_matched_unflagged	all_matched_unflagged
HOX	P31260	Q9PWM6	TN	TN	all_matched_unflagged	all_matched_unflagged
HOX	P31260	Q9YGT0	TN	TN	all_matched_unflagged	all_matched_unflagged
HOX	P31260	Q9YGT5	TN	TN	all_matched_unflagged	all_matched_unflagged
HOX	P31269	P31270	TN	TN	all_matched_unflagged	all_matched_unflagged
HOX	P31269	P31271	TN	TN	all_matched_unflagged	all_matched_unflagged
HOX	P31269	P31274	TN	TN	all_matched_unflagged	all_matched_unflagged
HOX	P31269	P31275	TN	TN	all_matched_unflagged	all_matched_unflagged
HOX	P31269	P31276	TN	TN	all_matched_unflagged	all_matched_unflagged
HOX	P31269	P31277	TN	TN	all_matched_unflagged	all_matched_unflagged
HOX	P31269	P35452	TN	TN	all_matched_unflagged	all_matched_unflagged
HOX	P31269	P35453	TN	TN	all_matched_unflagged	all_matched_unflagged
HOX	P31269	P79724	TN	TN	all_matched_unflagged	all_matched_unflagged
HOX	P31269	Q1ECY2	TN	TN	all_matched_unflagged	all_matched_unflagged
HOX	P31269	Q58EL0	TN	TN	all_matched_unflagged	all_matched_unflagged
HOX	P31269	Q6JIY4	TN	TN	all_matched_unflagged	all_matched_unflagged
HOX	P31269	Q6JIY5	TN	TN	all_matched_unflagged	all_matched_unflagged
HOX	P31269	Q6W990	TN	TN	all_matched_unflagged	all_matched_unflagged
HOX	P31269	Q8AWY2	TN	TN	all_matched_unflagged	all_matched_unflagged
HOX	P31269	Q90469	TN	TN	all_matched_unflagged	all_matched_unflagged
HOX	P31269	Q90470	TN	TN	all_matched_unflagged	all_matched_unflagged
HOX	P31269	Q90471	TN	TN	all_matched_unflagged	all_matched_unflagged
HOX	P31269	Q90472	TN	TN	all_matched_unflagged	all_matched_unflagged
HOX	P31269	Q90X25	TN	TN	all_matched_unflagged	all_matched_unflagged
HOX	P31269	Q92826	TN	TN	all_matched_unflagged	all_matched_unflagged
HOX	P31269	Q98924	TP	TP	annotation_positive	annotation_positive
HOX	P31269	Q9DDU0	TN	TN	all_matched_unflagged	all_matched_unflagged
HOX	P31269	Q9DDU1	TN	TN	all_matched_unflagged	all_matched_unflagged
HOX	P31269	Q9NYD6	TN	TN	all_matched_unflagged	all_matched_unflagged
HOX	P31269	Q9PWL6	TP	TP	all_matched_unflagged	all_matched_unflagged
HOX	P31269	Q9PWM2	FP	TN	all_matched_unflagged	all_matched_unflagged
HOX	P31269	Q9PWM6	FP	TN	all_matched_unflagged	all_matched_unflagged
HOX	P31269	Q9YGT0	TN	TN	all_matched_unflagged	all_matched_unflagged
HOX	P31269	Q9YGT5	TP	TP	all_matched_unflagged	all_matched_unflagged
HOX	P31270	P31271	TN	TN	all_matched_unflagged	all_matched_unflagged
HOX	P31270	P31274	TN	TN	all_matched_unflagged	all_matched_unflagged
HOX	P31270	P31275	TN	TN	all_matched_unflagged	all_matched_unflagged
HOX	P31270	P31276	TN	TN	all_matched_unflagged	all_matched_unflagged
HOX	P31270	P31277	TN	TN	all_matched_unflagged	all_matched_unflagged
HOX	P31270	P35452	TN	TN	all_matched_unflagged	all_matched_unflagged
HOX	P31270	P35453	TN	TN	all_matched_unflagged	all_matched_unflagged
HOX	P31270	P79724	TN	TN	all_matched_unflagged	all_matched_unflagged
HOX	P31270	Q1ECY2	TN	TN	all_matched_unflagged	all_matched_unflagged
HOX	P31270	Q58EL0	FP	TN	all_matched_unflagged	all_matched_unflagged
HOX	P31270	Q6JIY4	TN	TN	all_matched_unflagged	all_matched_unflagged
HOX	P31270	Q6JIY5	TN	TN	all_matched_unflagged	all_matched_unflagged
HOX	P31270	Q6W990	TN	TN	all_matched_unflagged	all_matched_unflagged
HOX	P31270	Q8AWY2	TN	TN	all_matched_unflagged	all_matched_unflagged
HOX	P31270	Q90469	TN	TN	all_matched_unflagged	all_matched_unflagged
HOX	P31270	Q90470	FP	TN	all_matched_unflagged	all_matched_unflagged
HOX	P31270	Q90471	TN	TN	all_matched_unflagged	all_matched_unflagged
HOX	P31270	Q90472	TN	TN	all_matched_unflagged	all_matched_unflagged
HOX	P31270	Q90X25	TN	TN	all_matched_unflagged	all_matched_unflagged
HOX	P31270	Q92826	TN	TN	all_matched_unflagged	all_matched_unflagged
HOX	P31270	Q98924	TN	TN	annotation_positive	annotation_positive
HOX	P31270	Q9DDU0	TP	TP	all_matched_unflagged	all_matched_unflagged
HOX	P31270	Q9DDU1	TP	TP	all_matched_unflagged	all_matched_unflagged
HOX	P31270	Q9NYD6	TN	TN	all_matched_unflagged	all_matched_unflagged
HOX	P31270	Q9PWL6	TN	TN	all_matched_unflagged	all_matched_unflagged
HOX	P31270	Q9PWM2	TN	TN	all_matched_unflagged	all_matched_unflagged
HOX	P31270	Q9PWM6	TN	TN	all_matched_unflagged	all_matched_unflagged
HOX	P31270	Q9YGT0	TN	TN	all_matched_unflagged	all_matched_unflagged
HOX	P31270	Q9YGT5	TN	TN	all_matched_unflagged	all_matched_unflagged
HOX	P31271	P31274	TN	TN	all_matched_unflagged	all_matched_unflagged
HOX	P31271	P31275	TN	TN	all_matched_unflagged	all_matched_unflagged
HOX	P31271	P31276	TN	TN	all_matched_unflagged	all_matched_unflagged
HOX	P31271	P31277	TN	TN	all_matched_unflagged	all_matched_unflagged
HOX	P31271	P35452	TN	TN	all_matched_unflagged	all_matched_unflagged
HOX	P31271	P35453	TN	TN	all_matched_unflagged	all_matched_unflagged
HOX	P31271	P79724	TP	TP	all_matched_unflagged	all_matched_unflagged
HOX	P31271	Q1ECY2	FP	TN	all_matched_unflagged	all_matched_unflagged
HOX	P31271	Q58EL0	TN	TN	all_matched_unflagged	all_matched_unflagged
HOX	P31271	Q6JIY4	FP	TN	all_matched_unflagged	all_matched_unflagged
HOX	P31271	Q6JIY5	FP	TN	all_matched_unflagged	all_matched_unflagged
HOX	P31271	Q6W990	TP	TP	all_matched_unflagged	all_matched_unflagged
HOX	P31271	Q8AWY2	TN	TN	all_matched_unflagged	all_matched_unflagged
HOX	P31271	Q90469	TN	TN	all_matched_unflagged	all_matched_unflagged
HOX	P31271	Q90470	TN	TN	all_matched_unflagged	all_matched_unflagged
HOX	P31271	Q90471	TN	TN	all_matched_unflagged	all_matched_unflagged
HOX	P31271	Q90472	TN	TN	all_matched_unflagged	all_matched_unflagged
HOX	P31271	Q90X25	TP	TP	all_matched_unflagged	all_matched_unflagged
HOX	P31271	Q92826	TN	TN	all_matched_unflagged	all_matched_unflagged
HOX	P31271	Q98924	TN	TN	annotation_positive	annotation_positive
HOX	P31271	Q9DDU0	TN	TN	all_matched_unflagged	all_matched_unflagged
HOX	P31271	Q9DDU1	TN	TN	all_matched_unflagged	all_matched_unflagged
HOX	P31271	Q9NYD6	TN	TN	all_matched_unflagged	all_matched_unflagged
HOX	P31271	Q9PWL6	TN	TN	all_matched_unflagged	all_matched_unflagged
HOX	P31271	Q9PWM2	TN	TN	all_matched_unflagged	all_matched_unflagged
HOX	P31271	Q9PWM6	TN	TN	all_matched_unflagged	all_matched_unflagged
HOX	P31271	Q9YGT0	TN	TN	all_matched_unflagged	all_matched_unflagged
HOX	P31271	Q9YGT5	TN	TN	all_matched_unflagged	all_matched_unflagged
HOX	P31274	P31275	TN	TN	all_matched_unflagged	all_matched_unflagged
HOX	P31274	P31276	TN	TN	all_matched_unflagged	all_matched_unflagged
HOX	P31274	P31277	TN	TN	all_matched_unflagged	all_matched_unflagged
HOX	P31274	P35452	TN	TN	all_matched_unflagged	all_matched_unflagged
HOX	P31274	P35453	TN	TN	all_matched_unflagged	all_matched_unflagged
HOX	P31274	P79724	TN	TN	all_matched_unflagged	all_matched_unflagged
HOX	P31274	Q1ECY2	TN	TN	all_matched_unflagged	all_matched_unflagged
HOX	P31274	Q58EL0	TN	TN	all_matched_unflagged	all_matched_unflagged
HOX	P31274	Q6JIY4	TN	TN	all_matched_unflagged	all_matched_unflagged
HOX	P31274	Q6JIY5	TN	TN	all_matched_unflagged	all_matched_unflagged
HOX	P31274	Q6W990	TN	TN	all_matched_unflagged	all_matched_unflagged
HOX	P31274	Q8AWY2	TN	TN	all_matched_unflagged	all_matched_unflagged
HOX	P31274	Q90469	TN	TN	all_matched_unflagged	all_matched_unflagged
HOX	P31274	Q90470	TN	TN	all_matched_unflagged	all_matched_unflagged
HOX	P31274	Q90471	TN	TN	all_matched_unflagged	all_matched_unflagged
HOX	P31274	Q90472	TN	TN	all_matched_unflagged	all_matched_unflagged
HOX	P31274	Q90X25	TN	TN	all_matched_unflagged	all_matched_unflagged
HOX	P31274	Q92826	TN	TN	all_matched_unflagged	all_matched_unflagged
HOX	P31274	Q98924	FP	TN	annotation_positive	annotation_positive
HOX	P31274	Q9DDU0	TN	TN	all_matched_unflagged	all_matched_unflagged
HOX	P31274	Q9DDU1	TN	TN	all_matched_unflagged	all_matched_unflagged
HOX	P31274	Q9NYD6	TN	TN	all_matched_unflagged	all_matched_unflagged
HOX	P31274	Q9PWL6	FP	TN	all_matched_unflagged	all_matched_unflagged
HOX	P31274	Q9PWM2	FP	TN	all_matched_unflagged	all_matched_unflagged
HOX	P31274	Q9PWM6	FP	TN	all_matched_unflagged	all_matched_unflagged
HOX	P31274	Q9YGT0	TN	TN	all_matched_unflagged	all_matched_unflagged
HOX	P31274	Q9YGT5	FP	TN	all_matched_unflagged	all_matched_unflagged
HOX	P31275	P31276	TN	TN	all_matched_unflagged	all_matched_unflagged
HOX	P31275	P31277	TN	TN	all_matched_unflagged	all_matched_unflagged
HOX	P31275	P35452	TN	TN	all_matched_unflagged	all_matched_unflagged
HOX	P31275	P35453	TN	TN	all_matched_unflagged	all_matched_unflagged
HOX	P31275	P79724	TN	TN	all_matched_unflagged	all_matched_unflagged
HOX	P31275	Q1ECY2	TN	TN	all_matched_unflagged	all_matched_unflagged
HOX	P31275	Q58EL0	TN	TN	all_matched_unflagged	all_matched_unflagged
HOX	P31275	Q6JIY4	TN	TN	all_matched_unflagged	all_matched_unflagged
HOX	P31275	Q6JIY5	TN	TN	all_matched_unflagged	all_matched_unflagged
HOX	P31275	Q6W990	TN	TN	all_matched_unflagged	all_matched_unflagged
HOX	P31275	Q8AWY2	TN	TN	all_matched_unflagged	all_matched_unflagged
HOX	P31275	Q90469	TN	TN	all_matched_unflagged	all_matched_unflagged
HOX	P31275	Q90470	TN	TN	all_matched_unflagged	all_matched_unflagged
HOX	P31275	Q90471	FP	TN	all_matched_unflagged	all_matched_unflagged
HOX	P31275	Q90472	TN	TN	all_matched_unflagged	all_matched_unflagged
HOX	P31275	Q90X25	TN	TN	all_matched_unflagged	all_matched_unflagged
HOX	P31275	Q92826	TN	TN	all_matched_unflagged	all_matched_unflagged
HOX	P31275	Q98924	TN	TN	annotation_positive	annotation_positive
HOX	P31275	Q9DDU0	TN	TN	all_matched_unflagged	all_matched_unflagged
HOX	P31275	Q9DDU1	TN	TN	all_matched_unflagged	all_matched_unflagged
HOX	P31275	Q9NYD6	TN	TN	all_matched_unflagged	all_matched_unflagged
HOX	P31275	Q9PWL6	TN	TN	all_matched_unflagged	all_matched_unflagged
HOX	P31275	Q9PWM2	TN	TN	all_matched_unflagged	all_matched_unflagged
HOX	P31275	Q9PWM6	TN	TN	all_matched_unflagged	all_matched_unflagged
HOX	P31275	Q9YGT0	TP	TP	all_matched_unflagged	all_matched_unflagged
HOX	P31275	Q9YGT5	TN	TN	all_matched_unflagged	all_matched_unflagged
HOX	P31276	P31277	TN	TN	all_matched_unflagged	all_matched_unflagged
HOX	P31276	P35452	TN	TN	all_matched_unflagged	all_matched_unflagged
HOX	P31276	P35453	TN	TN	all_matched_unflagged	all_matched_unflagged
HOX	P31276	P79724	FP	TN	all_matched_unflagged	all_matched_unflagged
HOX	P31276	Q1ECY2	FP	TN	all_matched_unflagged	all_matched_unflagged
HOX	P31276	Q58EL0	TN	TN	all_matched_unflagged	all_matched_unflagged
HOX	P31276	Q6JIY4	TP	TP	all_matched_unflagged	all_matched_unflagged
HOX	P31276	Q6JIY5	TP	TP	all_matched_unflagged	all_matched_unflagged
HOX	P31276	Q6W990	FP	TN	all_matched_unflagged	all_matched_unflagged
HOX	P31276	Q8AWY2	TN	TN	all_matched_unflagged	all_matched_unflagged
HOX	P31276	Q90469	TN	TN	all_matched_unflagged	all_matched_unflagged
HOX	P31276	Q90470	TN	TN	all_matched_unflagged	all_matched_unflagged
HOX	P31276	Q90471	TN	TN	all_matched_unflagged	all_matched_unflagged
HOX	P31276	Q90472	TN	TN	all_matched_unflagged	all_matched_unflagged
HOX	P31276	Q90X25	FP	TN	all_matched_unflagged	all_matched_unflagged
HOX	P31276	Q92826	TN	TN	all_matched_unflagged	all_matched_unflagged
HOX	P31276	Q98924	TN	TN	annotation_positive	annotation_positive
HOX	P31276	Q9DDU0	TN	TN	all_matched_unflagged	all_matched_unflagged
HOX	P31276	Q9DDU1	TN	TN	all_matched_unflagged	all_matched_unflagged
HOX	P31276	Q9NYD6	TN	TN	all_matched_unflagged	all_matched_unflagged
HOX	P31276	Q9PWL6	TN	TN	all_matched_unflagged	all_matched_unflagged
HOX	P31276	Q9PWM2	TN	TN	all_matched_unflagged	all_matched_unflagged
HOX	P31276	Q9PWM6	TN	TN	all_matched_unflagged	all_matched_unflagged
HOX	P31276	Q9YGT0	TN	TN	all_matched_unflagged	all_matched_unflagged
HOX	P31276	Q9YGT5	TN	TN	all_matched_unflagged	all_matched_unflagged
HOX	P31277	P35452	TN	TN	all_matched_unflagged	all_matched_unflagged
HOX	P31277	P35453	TN	TN	all_matched_unflagged	all_matched_unflagged
HOX	P31277	P79724	TN	TN	all_matched_unflagged	all_matched_unflagged
HOX	P31277	Q1ECY2	TN	TN	all_matched_unflagged	all_matched_unflagged
HOX	P31277	Q58EL0	FP	TN	all_matched_unflagged	all_matched_unflagged
HOX	P31277	Q6JIY4	TN	TN	all_matched_unflagged	all_matched_unflagged
HOX	P31277	Q6JIY5	TN	TN	all_matched_unflagged	all_matched_unflagged
HOX	P31277	Q6W990	TN	TN	all_matched_unflagged	all_matched_unflagged
HOX	P31277	Q8AWY2	TN	TN	all_matched_unflagged	all_matched_unflagged
HOX	P31277	Q90469	TN	TN	all_matched_unflagged	all_matched_unflagged
HOX	P31277	Q90470	TP	TP	all_matched_unflagged	all_matched_unflagged
HOX	P31277	Q90471	TN	TN	all_matched_unflagged	all_matched_unflagged
HOX	P31277	Q90472	TN	TN	all_matched_unflagged	all_matched_unflagged
HOX	P31277	Q90X25	TN	TN	all_matched_unflagged	all_matched_unflagged
HOX	P31277	Q92826	TN	TN	all_matched_unflagged	all_matched_unflagged
HOX	P31277	Q98924	TN	TN	annotation_positive	annotation_positive
HOX	P31277	Q9DDU0	FP	TN	all_matched_unflagged	all_matched_unflagged
HOX	P31277	Q9DDU1	FP	TN	all_matched_unflagged	all_matched_unflagged
HOX	P31277	Q9NYD6	TN	TN	all_matched_unflagged	all_matched_unflagged
HOX	P31277	Q9PWL6	TN	TN	all_matched_unflagged	all_matched_unflagged
HOX	P31277	Q9PWM2	TN	TN	all_matched_unflagged	all_matched_unflagged
HOX	P31277	Q9PWM6	TN	TN	all_matched_unflagged	all_matched_unflagged
HOX	P31277	Q9YGT0	TN	TN	all_matched_unflagged	all_matched_unflagged
HOX	P31277	Q9YGT5	TN	TN	all_matched_unflagged	all_matched_unflagged
HOX	P35452	P35453	TN	TN	all_matched_unflagged	all_matched_unflagged
HOX	P35452	P79724	TN	TN	all_matched_unflagged	all_matched_unflagged
HOX	P35452	Q1ECY2	TN	TN	all_matched_unflagged	all_matched_unflagged
HOX	P35452	Q58EL0	TN	TN	all_matched_unflagged	all_matched_unflagged
HOX	P35452	Q6JIY4	TN	TN	all_matched_unflagged	all_matched_unflagged
HOX	P35452	Q6JIY5	TN	TN	all_matched_unflagged	all_matched_unflagged
HOX	P35452	Q6W990	TN	TN	all_matched_unflagged	all_matched_unflagged
HOX	P35452	Q8AWY2	TN	TN	all_matched_unflagged	all_matched_unflagged
HOX	P35452	Q90469	TN	TN	all_matched_unflagged	all_matched_unflagged
HOX	P35452	Q90470	TN	TN	all_matched_unflagged	all_matched_unflagged
HOX	P35452	Q90471	TP	TP	all_matched_unflagged	all_matched_unflagged
HOX	P35452	Q90472	TN	TN	all_matched_unflagged	all_matched_unflagged
HOX	P35452	Q90X25	TN	TN	all_matched_unflagged	all_matched_unflagged
HOX	P35452	Q92826	TN	TN	all_matched_unflagged	all_matched_unflagged
HOX	P35452	Q98924	TN	TN	annotation_positive	annotation_positive
HOX	P35452	Q9DDU0	TN	TN	all_matched_unflagged	all_matched_unflagged
HOX	P35452	Q9DDU1	TN	TN	all_matched_unflagged	all_matched_unflagged
HOX	P35452	Q9NYD6	TN	TN	all_matched_unflagged	all_matched_unflagged
HOX	P35452	Q9PWL6	TN	TN	all_matched_unflagged	all_matched_unflagged
HOX	P35452	Q9PWM2	TN	TN	all_matched_unflagged	all_matched_unflagged
HOX	P35452	Q9PWM6	TN	TN	all_matched_unflagged	all_matched_unflagged
HOX	P35452	Q9YGT0	FP	TN	all_matched_unflagged	all_matched_unflagged
HOX	P35452	Q9YGT5	TN	TN	all_matched_unflagged	all_matched_unflagged
HOX	P35453	P79724	FP	TN	all_matched_unflagged	all_matched_unflagged
HOX	P35453	Q1ECY2	FP	TN	all_matched_unflagged	all_matched_unflagged
HOX	P35453	Q58EL0	TN	TN	all_matched_unflagged	all_matched_unflagged
HOX	P35453	Q6JIY4	FP	TN	all_matched_unflagged	all_matched_unflagged
HOX	P35453	Q6JIY5	FP	TN	all_matched_unflagged	all_matched_unflagged
HOX	P35453	Q6W990	FP	TN	all_matched_unflagged	all_matched_unflagged
HOX	P35453	Q8AWY2	TN	TN	all_matched_unflagged	all_matched_unflagged
HOX	P35453	Q90469	TN	TN	all_matched_unflagged	all_matched_unflagged
HOX	P35453	Q90470	TN	TN	all_matched_unflagged	all_matched_unflagged
HOX	P35453	Q90471	TN	TN	all_matched_unflagged	all_matched_unflagged
HOX	P35453	Q90472	FN	FN	all_matched_unflagged	all_matched_unflagged
HOX	P35453	Q90X25	FP	TN	all_matched_unflagged	all_matched_unflagged
HOX	P35453	Q92826	TN	TN	all_matched_unflagged	all_matched_unflagged
HOX	P35453	Q98924	TN	TN	annotation_positive	annotation_positive
HOX	P35453	Q9DDU0	TN	TN	all_matched_unflagged	all_matched_unflagged
HOX	P35453	Q9DDU1	TN	TN	all_matched_unflagged	all_matched_unflagged
HOX	P35453	Q9NYD6	TN	TN	all_matched_unflagged	all_matched_unflagged
HOX	P35453	Q9PWL6	TN	TN	all_matched_unflagged	all_matched_unflagged
HOX	P35453	Q9PWM2	TN	TN	all_matched_unflagged	all_matched_unflagged
HOX	P35453	Q9PWM6	TN	TN	all_matched_unflagged	all_matched_unflagged
HOX	P35453	Q9YGT0	TN	TN	all_matched_unflagged	all_matched_unflagged
HOX	P35453	Q9YGT5	TN	TN	all_matched_unflagged	all_matched_unflagged
HOX	P79724	Q1ECY2	TN	TN	all_matched_unflagged	all_matched_unflagged
HOX	P79724	Q58EL0	TN	TN	all_matched_unflagged	all_matched_unflagged
HOX	P79724	Q6JIY4	TN	TN	all_matched_unflagged	all_matched_unflagged
HOX	P79724	Q6JIY5	TN	TN	all_matched_unflagged	all_matched_unflagged
HOX	P79724	Q6W990	TN	TN	all_matched_unflagged	all_matched_unflagged
HOX	P79724	Q8AWY2	TN	TN	all_matched_unflagged	all_matched_unflagged
HOX	P79724	Q90469	TN	TN	all_matched_unflagged	all_matched_unflagged
HOX	P79724	Q90470	TN	TN	all_matched_unflagged	all_matched_unflagged
HOX	P79724	Q90471	TN	TN	all_matched_unflagged	all_matched_unflagged
HOX	P79724	Q90472	TN	TN	all_matched_unflagged	all_matched_unflagged
HOX	P79724	Q90X25	TP	TP	all_matched_unflagged	all_matched_unflagged
HOX	P79724	Q92826	FP	TN	all_matched_unflagged	all_matched_unflagged
HOX	P79724	Q98924	TN	TN	annotation_positive	annotation_positive
HOX	P79724	Q9DDU0	TN	TN	all_matched_unflagged	all_matched_unflagged
HOX	P79724	Q9DDU1	TN	TN	all_matched_unflagged	all_matched_unflagged
HOX	P79724	Q9NYD6	TN	TN	all_matched_unflagged	all_matched_unflagged
HOX	P79724	Q9PWL6	TN	TN	all_matched_unflagged	all_matched_unflagged
HOX	P79724	Q9PWM2	TN	TN	all_matched_unflagged	all_matched_unflagged
HOX	P79724	Q9PWM6	TN	TN	all_matched_unflagged	all_matched_unflagged
HOX	P79724	Q9YGT0	TN	TN	all_matched_unflagged	all_matched_unflagged
HOX	P79724	Q9YGT5	TN	TN	all_matched_unflagged	all_matched_unflagged
HOX	Q1ECY2	Q58EL0	TN	TN	all_matched_unflagged	all_matched_unflagged
HOX	Q1ECY2	Q6JIY4	TN	TN	all_matched_unflagged	all_matched_unflagged
HOX	Q1ECY2	Q6JIY5	TN	TN	all_matched_unflagged	all_matched_unflagged
HOX	Q1ECY2	Q6W990	TN	TN	all_matched_unflagged	all_matched_unflagged
HOX	Q1ECY2	Q8AWY2	TN	TN	all_matched_unflagged	all_matched_unflagged
HOX	Q1ECY2	Q90469	TN	TN	all_matched_unflagged	all_matched_unflagged
HOX	Q1ECY2	Q90470	TN	TN	all_matched_unflagged	all_matched_unflagged
HOX	Q1ECY2	Q90471	TN	TN	all_matched_unflagged	all_matched_unflagged
HOX	Q1ECY2	Q90472	TN	TN	all_matched_unflagged	all_matched_unflagged
HOX	Q1ECY2	Q90X25	FP	TN	all_matched_unflagged	all_matched_unflagged
HOX	Q1ECY2	Q92826	TP	TP	all_matched_unflagged	all_matched_unflagged
HOX	Q1ECY2	Q98924	TN	TN	annotation_positive	annotation_positive
HOX	Q1ECY2	Q9DDU0	TN	TN	all_matched_unflagged	all_matched_unflagged
HOX	Q1ECY2	Q9DDU1	TN	TN	all_matched_unflagged	all_matched_unflagged
HOX	Q1ECY2	Q9NYD6	TN	TN	all_matched_unflagged	all_matched_unflagged
HOX	Q1ECY2	Q9PWL6	TN	TN	all_matched_unflagged	all_matched_unflagged
HOX	Q1ECY2	Q9PWM2	TN	TN	all_matched_unflagged	all_matched_unflagged
HOX	Q1ECY2	Q9PWM6	TN	TN	all_matched_unflagged	all_matched_unflagged
HOX	Q1ECY2	Q9YGT0	TN	TN	all_matched_unflagged	all_matched_unflagged
HOX	Q1ECY2	Q9YGT5	TN	TN	all_matched_unflagged	all_matched_unflagged
HOX	Q58EL0	Q6JIY4	TN	TN	all_matched_unflagged	all_matched_unflagged
HOX	Q58EL0	Q6JIY5	TN	TN	all_matched_unflagged	all_matched_unflagged
HOX	Q58EL0	Q6W990	TN	TN	all_matched_unflagged	all_matched_unflagged
HOX	Q58EL0	Q8AWY2	TN	TN	all_matched_unflagged	all_matched_unflagged
HOX	Q58EL0	Q90469	TN	TN	all_matched_unflagged	all_matched_unflagged
HOX	Q58EL0	Q90470	TN	TN	all_matched_unflagged	all_matched_unflagged
HOX	Q58EL0	Q90471	TN	TN	all_matched_unflagged	all_matched_unflagged
HOX	Q58EL0	Q90472	TN	TN	all_matched_unflagged	all_matched_unflagged
HOX	Q58EL0	Q90X25	TN	TN	all_matched_unflagged	all_matched_unflagged
HOX	Q58EL0	Q92826	TN	TN	all_matched_unflagged	all_matched_unflagged
HOX	Q58EL0	Q98924	TN	TN	annotation_positive	annotation_positive
HOX	Q58EL0	Q9DDU0	TN	TN	all_matched_unflagged	all_matched_unflagged
HOX	Q58EL0	Q9DDU1	TN	TN	all_matched_unflagged	all_matched_unflagged
HOX	Q58EL0	Q9NYD6	TN	TN	all_matched_unflagged	all_matched_unflagged
HOX	Q58EL0	Q9PWL6	TN	TN	all_matched_unflagged	all_matched_unflagged
HOX	Q58EL0	Q9PWM2	TN	TN	all_matched_unflagged	all_matched_unflagged
HOX	Q58EL0	Q9PWM6	TN	TN	all_matched_unflagged	all_matched_unflagged
HOX	Q58EL0	Q9YGT0	TN	TN	all_matched_unflagged	all_matched_unflagged
HOX	Q58EL0	Q9YGT5	TN	TN	all_matched_unflagged	all_matched_unflagged
HOX	Q6JIY4	Q6JIY5	TN	TN	all_matched_unflagged	all_matched_unflagged
HOX	Q6JIY4	Q6W990	TN	TN	all_matched_unflagged	all_matched_unflagged
HOX	Q6JIY4	Q8AWY2	TN	TN	all_matched_unflagged	all_matched_unflagged
HOX	Q6JIY4	Q90469	TN	TN	all_matched_unflagged	all_matched_unflagged
HOX	Q6JIY4	Q90470	TN	TN	all_matched_unflagged	all_matched_unflagged
HOX	Q6JIY4	Q90471	TN	TN	all_matched_unflagged	all_matched_unflagged
HOX	Q6JIY4	Q90472	TN	TN	all_matched_unflagged	all_matched_unflagged
HOX	Q6JIY4	Q90X25	FP	TN	all_matched_unflagged	all_matched_unflagged
HOX	Q6JIY4	Q92826	FP	TN	all_matched_unflagged	all_matched_unflagged
HOX	Q6JIY4	Q98924	TN	TN	annotation_positive	annotation_positive
HOX	Q6JIY4	Q9DDU0	TN	TN	all_matched_unflagged	all_matched_unflagged
HOX	Q6JIY4	Q9DDU1	TN	TN	all_matched_unflagged	all_matched_unflagged
HOX	Q6JIY4	Q9NYD6	TN	TN	all_matched_unflagged	all_matched_unflagged
HOX	Q6JIY4	Q9PWL6	TN	TN	all_matched_unflagged	all_matched_unflagged
HOX	Q6JIY4	Q9PWM2	TN	TN	all_matched_unflagged	all_matched_unflagged
HOX	Q6JIY4	Q9PWM6	TN	TN	all_matched_unflagged	all_matched_unflagged
HOX	Q6JIY4	Q9YGT0	TN	TN	all_matched_unflagged	all_matched_unflagged
HOX	Q6JIY4	Q9YGT5	TN	TN	all_matched_unflagged	all_matched_unflagged
HOX	Q6JIY5	Q6W990	TN	TN	all_matched_unflagged	all_matched_unflagged
HOX	Q6JIY5	Q8AWY2	TN	TN	all_matched_unflagged	all_matched_unflagged
HOX	Q6JIY5	Q90469	TN	TN	all_matched_unflagged	all_matched_unflagged
HOX	Q6JIY5	Q90470	TN	TN	all_matched_unflagged	all_matched_unflagged
HOX	Q6JIY5	Q90471	TN	TN	all_matched_unflagged	all_matched_unflagged
HOX	Q6JIY5	Q90472	TN	TN	all_matched_unflagged	all_matched_unflagged
HOX	Q6JIY5	Q90X25	FP	TN	all_matched_unflagged	all_matched_unflagged
HOX	Q6JIY5	Q92826	FP	TN	all_matched_unflagged	all_matched_unflagged
HOX	Q6JIY5	Q98924	TN	TN	annotation_positive	annotation_positive
HOX	Q6JIY5	Q9DDU0	TN	TN	all_matched_unflagged	all_matched_unflagged
HOX	Q6JIY5	Q9DDU1	TN	TN	all_matched_unflagged	all_matched_unflagged
HOX	Q6JIY5	Q9NYD6	TN	TN	all_matched_unflagged	all_matched_unflagged
HOX	Q6JIY5	Q9PWL6	TN	TN	all_matched_unflagged	all_matched_unflagged
HOX	Q6JIY5	Q9PWM2	TN	TN	all_matched_unflagged	all_matched_unflagged
HOX	Q6JIY5	Q9PWM6	TN	TN	all_matched_unflagged	all_matched_unflagged
HOX	Q6JIY5	Q9YGT0	TN	TN	all_matched_unflagged	all_matched_unflagged
HOX	Q6JIY5	Q9YGT5	TN	TN	all_matched_unflagged	all_matched_unflagged
HOX	Q6W990	Q8AWY2	TN	TN	all_matched_unflagged	all_matched_unflagged
HOX	Q6W990	Q90469	TN	TN	all_matched_unflagged	all_matched_unflagged
HOX	Q6W990	Q90470	TN	TN	all_matched_unflagged	all_matched_unflagged
HOX	Q6W990	Q90471	TN	TN	all_matched_unflagged	all_matched_unflagged
HOX	Q6W990	Q90472	TN	TN	all_matched_unflagged	all_matched_unflagged
HOX	Q6W990	Q90X25	TP	TP	all_matched_unflagged	all_matched_unflagged
HOX	Q6W990	Q92826	FP	TN	all_matched_unflagged	all_matched_unflagged
HOX	Q6W990	Q98924	TN	TN	annotation_positive	annotation_positive
HOX	Q6W990	Q9DDU0	TN	TN	all_matched_unflagged	all_matched_unflagged
HOX	Q6W990	Q9DDU1	TN	TN	all_matched_unflagged	all_matched_unflagged
HOX	Q6W990	Q9NYD6	TN	TN	all_matched_unflagged	all_matched_unflagged
HOX	Q6W990	Q9PWL6	TN	TN	all_matched_unflagged	all_matched_unflagged
HOX	Q6W990	Q9PWM2	TN	TN	all_matched_unflagged	all_matched_unflagged
HOX	Q6W990	Q9PWM6	TN	TN	all_matched_unflagged	all_matched_unflagged
HOX	Q6W990	Q9YGT0	TN	TN	all_matched_unflagged	all_matched_unflagged
HOX	Q6W990	Q9YGT5	TN	TN	all_matched_unflagged	all_matched_unflagged
HOX	Q8AWY2	Q90469	TN	TN	all_matched_unflagged	all_matched_unflagged
HOX	Q8AWY2	Q90470	TN	TN	all_matched_unflagged	all_matched_unflagged
HOX	Q8AWY2	Q90471	TN	TN	all_matched_unflagged	all_matched_unflagged
HOX	Q8AWY2	Q90472	TN	TN	all_matched_unflagged	all_matched_unflagged
HOX	Q8AWY2	Q90X25	TN	TN	all_matched_unflagged	all_matched_unflagged
HOX	Q8AWY2	Q92826	TN	TN	all_matched_unflagged	all_matched_unflagged
HOX	Q8AWY2	Q98924	TN	TN	annotation_positive	annotation_positive
HOX	Q8AWY2	Q9DDU0	TN	TN	all_matched_unflagged	all_matched_unflagged
HOX	Q8AWY2	Q9DDU1	TN	TN	all_matched_unflagged	all_matched_unflagged
HOX	Q8AWY2	Q9NYD6	FP	TN	all_matched_unflagged	all_matched_unflagged
HOX	Q8AWY2	Q9PWL6	TN	TN	all_matched_unflagged	all_matched_unflagged
HOX	Q8AWY2	Q9PWM2	TN	TN	all_matched_unflagged	all_matched_unflagged
HOX	Q8AWY2	Q9PWM6	TN	TN	all_matched_unflagged	all_matched_unflagged
HOX	Q8AWY2	Q9YGT0	TN	TN	all_matched_unflagged	all_matched_unflagged
HOX	Q8AWY2	Q9YGT5	TN	TN	all_matched_unflagged	all_matched_unflagged
HOX	Q90469	Q90470	TN	TN	all_matched_unflagged	all_matched_unflagged
HOX	Q90469	Q90471	TN	TN	all_matched_unflagged	all_matched_unflagged
HOX	Q90469	Q90472	TN	TN	all_matched_unflagged	all_matched_unflagged
HOX	Q90469	Q90X25	TN	TN	all_matched_unflagged	all_matched_unflagged
HOX	Q90469	Q92826	TN	TN	all_matched_unflagged	all_matched_unflagged
HOX	Q90469	Q98924	TN	TN	annotation_positive	annotation_positive
HOX	Q90469	Q9DDU0	TN	TN	all_matched_unflagged	all_matched_unflagged
HOX	Q90469	Q9DDU1	TN	TN	all_matched_unflagged	all_matched_unflagged
HOX	Q90469	Q9NYD6	FP	TN	all_matched_unflagged	all_matched_unflagged
HOX	Q90469	Q9PWL6	TN	TN	all_matched_unflagged	all_matched_unflagged
HOX	Q90469	Q9PWM2	TN	TN	all_matched_unflagged	all_matched_unflagged
HOX	Q90469	Q9PWM6	TN	TN	all_matched_unflagged	all_matched_unflagged
HOX	Q90469	Q9YGT0	TN	TN	all_matched_unflagged	all_matched_unflagged
HOX	Q90469	Q9YGT5	TN	TN	all_matched_unflagged	all_matched_unflagged
HOX	Q90470	Q90471	TN	TN	all_matched_unflagged	all_matched_unflagged
HOX	Q90470	Q90472	TN	TN	all_matched_unflagged	all_matched_unflagged
HOX	Q90470	Q90X25	TN	TN	all_matched_unflagged	all_matched_unflagged
HOX	Q90470	Q92826	TN	TN	all_matched_unflagged	all_matched_unflagged
HOX	Q90470	Q98924	TN	TN	annotation_positive	annotation_positive
HOX	Q90470	Q9DDU0	TN	TN	all_matched_unflagged	all_matched_unflagged
HOX	Q90470	Q9DDU1	TN	TN	all_matched_unflagged	all_matched_unflagged
HOX	Q90470	Q9NYD6	TN	TN	all_matched_unflagged	all_matched_unflagged
HOX	Q90470	Q9PWL6	TN	TN	all_matched_unflagged	all_matched_unflagged
HOX	Q90470	Q9PWM2	TN	TN	all_matched_unflagged	all_matched_unflagged
HOX	Q90470	Q9PWM6	TN	TN	all_matched_unflagged	all_matched_unflagged
HOX	Q90470	Q9YGT0	TN	TN	all_matched_unflagged	all_matched_unflagged
HOX	Q90470	Q9YGT5	TN	TN	all_matched_unflagged	all_matched_unflagged
HOX	Q90471	Q90472	TN	TN	all_matched_unflagged	all_matched_unflagged
HOX	Q90471	Q90X25	TN	TN	all_matched_unflagged	all_matched_unflagged
HOX	Q90471	Q92826	TN	TN	all_matched_unflagged	all_matched_unflagged
HOX	Q90471	Q98924	TN	TN	annotation_positive	annotation_positive
HOX	Q90471	Q9DDU0	TN	TN	all_matched_unflagged	all_matched_unflagged
HOX	Q90471	Q9DDU1	TN	TN	all_matched_unflagged	all_matched_unflagged
HOX	Q90471	Q9NYD6	TN	TN	all_matched_unflagged	all_matched_unflagged
HOX	Q90471	Q9PWL6	TN	TN	all_matched_unflagged	all_matched_unflagged
HOX	Q90471	Q9PWM2	TN	TN	all_matched_unflagged	all_matched_unflagged
HOX	Q90471	Q9PWM6	TN	TN	all_matched_unflagged	all_matched_unflagged
HOX	Q90471	Q9YGT0	TN	TN	all_matched_unflagged	all_matched_unflagged
HOX	Q90471	Q9YGT5	TN	TN	all_matched_unflagged	all_matched_unflagged
HOX	Q90472	Q90X25	TN	TN	all_matched_unflagged	all_matched_unflagged
HOX	Q90472	Q92826	TN	TN	all_matched_unflagged	all_matched_unflagged
HOX	Q90472	Q98924	TN	TN	annotation_positive	annotation_positive
HOX	Q90472	Q9DDU0	TN	TN	all_matched_unflagged	all_matched_unflagged
HOX	Q90472	Q9DDU1	TN	TN	all_matched_unflagged	all_matched_unflagged
HOX	Q90472	Q9NYD6	TN	TN	all_matched_unflagged	all_matched_unflagged
HOX	Q90472	Q9PWL6	TN	TN	all_matched_unflagged	all_matched_unflagged
HOX	Q90472	Q9PWM2	TN	TN	all_matched_unflagged	all_matched_unflagged
HOX	Q90472	Q9PWM6	TN	TN	all_matched_unflagged	all_matched_unflagged
HOX	Q90472	Q9YGT0	TN	TN	all_matched_unflagged	all_matched_unflagged
HOX	Q90472	Q9YGT5	TN	TN	all_matched_unflagged	all_matched_unflagged
HOX	Q90X25	Q92826	FP	TN	all_matched_unflagged	all_matched_unflagged
HOX	Q90X25	Q98924	TN	TN	annotation_positive	annotation_positive
HOX	Q90X25	Q9DDU0	TN	TN	all_matched_unflagged	all_matched_unflagged
HOX	Q90X25	Q9DDU1	TN	TN	all_matched_unflagged	all_matched_unflagged
HOX	Q90X25	Q9NYD6	TN	TN	all_matched_unflagged	all_matched_unflagged
HOX	Q90X25	Q9PWL6	TN	TN	all_matched_unflagged	all_matched_unflagged
HOX	Q90X25	Q9PWM2	TN	TN	all_matched_unflagged	all_matched_unflagged
HOX	Q90X25	Q9PWM6	TN	TN	all_matched_unflagged	all_matched_unflagged
HOX	Q90X25	Q9YGT0	TN	TN	all_matched_unflagged	all_matched_unflagged
HOX	Q90X25	Q9YGT5	TN	TN	all_matched_unflagged	all_matched_unflagged
HOX	Q92826	Q98924	TN	TN	annotation_positive	annotation_positive
HOX	Q92826	Q9DDU0	TN	TN	all_matched_unflagged	all_matched_unflagged
HOX	Q92826	Q9DDU1	TN	TN	all_matched_unflagged	all_matched_unflagged
HOX	Q92826	Q9NYD6	TN	TN	all_matched_unflagged	all_matched_unflagged
HOX	Q92826	Q9PWL6	TN	TN	all_matched_unflagged	all_matched_unflagged
HOX	Q92826	Q9PWM2	TN	TN	all_matched_unflagged	all_matched_unflagged
HOX	Q92826	Q9PWM6	TN	TN	all_matched_unflagged	all_matched_unflagged
HOX	Q92826	Q9YGT0	TN	TN	all_matched_unflagged	all_matched_unflagged
HOX	Q92826	Q9YGT5	TN	TN	all_matched_unflagged	all_matched_unflagged
HOX	Q98924	Q9DDU0	TN	TN	annotation_positive	annotation_positive
HOX	Q98924	Q9DDU1	TN	TN	annotation_positive	annotation_positive
HOX	Q98924	Q9NYD6	TN	TN	annotation_positive	annotation_positive
HOX	Q98924	Q9PWL6	TP	TP	annotation_positive	annotation_positive
HOX	Q98924	Q9PWM2	FP	TN	annotation_positive	annotation_positive
HOX	Q98924	Q9PWM6	FP	TN	annotation_positive	annotation_positive
HOX	Q98924	Q9YGT0	TN	TN	annotation_positive	annotation_positive
HOX	Q98924	Q9YGT5	TP	TP	annotation_positive	annotation_positive
HOX	Q9DDU0	Q9DDU1	TN	TN	all_matched_unflagged	all_matched_unflagged
HOX	Q9DDU0	Q9NYD6	TN	TN	all_matched_unflagged	all_matched_unflagged
HOX	Q9DDU0	Q9PWL6	TN	TN	all_matched_unflagged	all_matched_unflagged
HOX	Q9DDU0	Q9PWM2	TN	TN	all_matched_unflagged	all_matched_unflagged
HOX	Q9DDU0	Q9PWM6	TN	TN	all_matched_unflagged	all_matched_unflagged
HOX	Q9DDU0	Q9YGT0	TN	TN	all_matched_unflagged	all_matched_unflagged
HOX	Q9DDU0	Q9YGT5	TN	TN	all_matched_unflagged	all_matched_unflagged
HOX	Q9DDU1	Q9NYD6	TN	TN	all_matched_unflagged	all_matched_unflagged
HOX	Q9DDU1	Q9PWL6	TN	TN	all_matched_unflagged	all_matched_unflagged
HOX	Q9DDU1	Q9PWM2	TN	TN	all_matched_unflagged	all_matched_unflagged
HOX	Q9DDU1	Q9PWM6	TN	TN	all_matched_unflagged	all_matched_unflagged
HOX	Q9DDU1	Q9YGT0	TN	TN	all_matched_unflagged	all_matched_unflagged
HOX	Q9DDU1	Q9YGT5	TN	TN	all_matched_unflagged	all_matched_unflagged
HOX	Q9NYD6	Q9PWL6	TN	TN	all_matched_unflagged	all_matched_unflagged
HOX	Q9NYD6	Q9PWM2	TN	TN	all_matched_unflagged	all_matched_unflagged
HOX	Q9NYD6	Q9PWM6	TN	TN	all_matched_unflagged	all_matched_unflagged
HOX	Q9NYD6	Q9YGT0	TN	TN	all_matched_unflagged	all_matched_unflagged
HOX	Q9NYD6	Q9YGT5	TN	TN	all_matched_unflagged	all_matched_unflagged
HOX	Q9PWL6	Q9PWM2	TN	TN	all_matched_unflagged	all_matched_unflagged
HOX	Q9PWL6	Q9PWM6	TN	TN	all_matched_unflagged	all_matched_unflagged
HOX	Q9PWL6	Q9YGT0	TN	TN	all_matched_unflagged	all_matched_unflagged
HOX	Q9PWL6	Q9YGT5	TN	TN	all_matched_unflagged	all_matched_unflagged
HOX	Q9PWM2	Q9PWM6	TN	TN	all_matched_unflagged	all_matched_unflagged
HOX	Q9PWM2	Q9YGT0	TN	TN	all_matched_unflagged	all_matched_unflagged
HOX	Q9PWM2	Q9YGT5	TN	TN	all_matched_unflagged	all_matched_unflagged
HOX	Q9PWM6	Q9YGT0	TN	TN	all_matched_unflagged	all_matched_unflagged
HOX	Q9PWM6	Q9YGT5	TN	TN	all_matched_unflagged	all_matched_unflagged
HOX	Q9YGT0	Q9YGT5	TN	TN	all_matched_unflagged	all_matched_unflagged
MAPT	F1MEW3	F6VD01	FN	FN	all_matched_unflagged	all_matched_unflagged
MAPT	F1MEW3	H2R011	TP	TP	all_matched_unflagged	all_matched_unflagged
MAPT	F1MEW3	P10636	FP	TN	all_matched_unflagged	all_matched_unflagged
MAPT	F1MEW3	P11137	TP	TP	all_matched_unflagged	all_matched_unflagged
MAPT	F1MEW3	P20357	TP	TP	all_matched_unflagged	all_matched_unflagged
MAPT	F1MEW3	P27546	TN	TN	all_matched_unflagged	all_matched_unflagged
MAPT	F1MEW3	P27816	TN	TN	all_matched_unflagged	all_matched_unflagged
MAPT	F1MEW3	P29172	TN	TN	all_matched_unflagged	all_matched_unflagged
MAPT	F1MEW3	P36225	TN	TN	all_matched_unflagged	all_matched_unflagged
MAPT	F1MEW3	Q5M7W5	TN	TN	all_matched_unflagged	all_matched_unflagged
MAPT	F1MEW3	Q5YCW0	FP	TN	all_matched_unflagged	all_matched_unflagged
MAPT	F1MEW3	Q5YCW1	FP	TN	all_matched_unflagged	all_matched_unflagged
MAPT	F6VD01	H2R011	FN	FN	all_matched_unflagged	all_matched_unflagged
MAPT	F6VD01	P10636	FN	FN	all_matched_unflagged	all_matched_unflagged
MAPT	F6VD01	P11137	FN	FN	all_matched_unflagged	all_matched_unflagged
MAPT	F6VD01	P20357	FN	FN	all_matched_unflagged	all_matched_unflagged
MAPT	F6VD01	P27546	FN	FN	all_matched_unflagged	all_matched_unflagged
MAPT	F6VD01	P27816	FN	FN	all_matched_unflagged	all_matched_unflagged
MAPT	F6VD01	P29172	FN	FN	all_matched_unflagged	all_matched_unflagged
MAPT	F6VD01	P36225	FN	FN	all_matched_unflagged	all_matched_unflagged
MAPT	F6VD01	Q5M7W5	FN	FN	all_matched_unflagged	all_matched_unflagged
MAPT	F6VD01	Q5YCW0	FN	FN	all_matched_unflagged	all_matched_unflagged
MAPT	F6VD01	Q5YCW1	FN	FN	all_matched_unflagged	all_matched_unflagged
MAPT	H2R011	P10636	FP	TN	all_matched_unflagged	all_matched_unflagged
MAPT	H2R011	P11137	TP	TP	all_matched_unflagged	all_matched_unflagged
MAPT	H2R011	P20357	TP	TP	all_matched_unflagged	all_matched_unflagged
MAPT	H2R011	P27546	TN	TN	all_matched_unflagged	all_matched_unflagged
MAPT	H2R011	P27816	TN	TN	all_matched_unflagged	all_matched_unflagged
MAPT	H2R011	P29172	FP	TN	all_matched_unflagged	all_matched_unflagged
MAPT	H2R011	P36225	TN	TN	all_matched_unflagged	all_matched_unflagged
MAPT	H2R011	Q5M7W5	TN	TN	all_matched_unflagged	all_matched_unflagged
MAPT	H2R011	Q5YCW0	FP	TN	all_matched_unflagged	all_matched_unflagged
MAPT	H2R011	Q5YCW1	TN	TN	all_matched_unflagged	all_matched_unflagged
MAPT	P10636	P11137	TN	TN	all_matched_unflagged	all_matched_unflagged
MAPT	P10636	P20357	FP	TN	all_matched_unflagged	all_matched_unflagged
MAPT	P10636	P27546	TN	TN	all_matched_unflagged	all_matched_unflagged
MAPT	P10636	P27816	TN	TN	all_matched_unflagged	all_matched_unflagged
MAPT	P10636	P29172	TP	TP	all_matched_unflagged	all_matched_unflagged
MAPT	P10636	P36225	TN	TN	all_matched_unflagged	all_matched_unflagged
MAPT	P10636	Q5M7W5	TN	TN	all_matched_unflagged	all_matched_unflagged
MAPT	P10636	Q5YCW0	TP	TP	all_matched_unflagged	all_matched_unflagged
MAPT	P10636	Q5YCW1	TP	TP	all_matched_unflagged	all_matched_unflagged
MAPT	P11137	P20357	TP	TP	all_matched_unflagged	all_matched_unflagged
MAPT	P11137	P27546	TN	TN	all_matched_unflagged	all_matched_unflagged
MAPT	P11137	P27816	TN	TN	all_matched_unflagged	all_matched_unflagged
MAPT	P11137	P29172	FP	TN	all_matched_unflagged	all_matched_unflagged
MAPT	P11137	P36225	TN	TN	all_matched_unflagged	all_matched_unflagged
MAPT	P11137	Q5M7W5	TN	TN	all_matched_unflagged	all_matched_unflagged
MAPT	P11137	Q5YCW0	FP	TN	all_matched_unflagged	all_matched_unflagged
MAPT	P11137	Q5YCW1	FP	TN	all_matched_unflagged	all_matched_unflagged
MAPT	P20357	P27546	TN	TN	all_matched_unflagged	all_matched_unflagged
MAPT	P20357	P27816	TN	TN	all_matched_unflagged	all_matched_unflagged
MAPT	P20357	P29172	FP	TN	all_matched_unflagged	all_matched_unflagged
MAPT	P20357	P36225	TN	TN	all_matched_unflagged	all_matched_unflagged
MAPT	P20357	Q5M7W5	TN	TN	all_matched_unflagged	all_matched_unflagged
MAPT	P20357	Q5YCW0	FP	TN	all_matched_unflagged	all_matched_unflagged
MAPT	P20357	Q5YCW1	FP	TN	all_matched_unflagged	all_matched_unflagged
MAPT	P27546	P27816	TP	TP	all_matched_unflagged	all_matched_unflagged
MAPT	P27546	P29172	TN	TN	all_matched_unflagged	all_matched_unflagged
MAPT	P27546	P36225	TP	TP	all_matched_unflagged	all_matched_unflagged
MAPT	P27546	Q5M7W5	TP	TP	all_matched_unflagged	all_matched_unflagged
MAPT	P27546	Q5YCW0	TN	TN	all_matched_unflagged	all_matched_unflagged
MAPT	P27546	Q5YCW1	TN	TN	all_matched_unflagged	all_matched_unflagged
MAPT	P27816	P29172	TN	TN	all_matched_unflagged	all_matched_unflagged
MAPT	P27816	P36225	TP	TP	all_matched_unflagged	all_matched_unflagged
MAPT	P27816	Q5M7W5	TP	TP	all_matched_unflagged	all_matched_unflagged
MAPT	P27816	Q5YCW0	TN	TN	all_matched_unflagged	all_matched_unflagged
MAPT	P27816	Q5YCW1	TN	TN	all_matched_unflagged	all_matched_unflagged
MAPT	P29172	P36225	TN	TN	all_matched_unflagged	all_matched_unflagged
MAPT	P29172	Q5M7W5	TN	TN	all_matched_unflagged	all_matched_unflagged
MAPT	P29172	Q5YCW0	TP	TP	all_matched_unflagged	all_matched_unflagged
MAPT	P29172	Q5YCW1	TP	TP	all_matched_unflagged	all_matched_unflagged
MAPT	P36225	Q5M7W5	TP	TP	all_matched_unflagged	all_matched_unflagged
MAPT	P36225	Q5YCW0	TN	TN	all_matched_unflagged	all_matched_unflagged
MAPT	P36225	Q5YCW1	TN	TN	all_matched_unflagged	all_matched_unflagged
MAPT	Q5M7W5	Q5YCW0	TN	TN	all_matched_unflagged	all_matched_unflagged
MAPT	Q5M7W5	Q5YCW1	TN	TN	all_matched_unflagged	all_matched_unflagged
MAPT	Q5YCW0	Q5YCW1	TP	TP	all_matched_unflagged	all_matched_unflagged
NOX	A0A3B3IDP9	A0A3Q2U7E3	FP	TN	all_matched_unflagged	all_matched_unflagged
NOX	A0A3B3IDP9	A0A3Q2UE93	TP	TP	all_matched_unflagged	all_matched_unflagged
NOX	A0A3B3IDP9	A0A5F4CEF0	FP	TN	all_matched_unflagged	all_matched_unflagged
NOX	A0A3B3IDP9	A7E3L1	FP	TN	all_matched_unflagged	all_matched_unflagged
NOX	A0A3B3IDP9	A7RPH5	FP	TN	annotation_positive	annotation_positive
NOX	A0A3B3IDP9	A7SCJ4	TP	TP	all_matched_unflagged	all_matched_unflagged
NOX	A0A3B3IDP9	A7SD95	TP	TP	all_matched_unflagged	all_matched_unflagged
NOX	A0A3B3IDP9	A9V5V7	TP	TP	all_matched_unflagged	all_matched_unflagged
NOX	A0A3B3IDP9	C3XUP1	TP	TP	all_matched_unflagged	all_matched_unflagged
NOX	A0A3B3IDP9	C3YUJ9	TN	TN	all_matched_unflagged	all_matched_unflagged
NOX	A0A3B3IDP9	C3ZTT7	TN	TN	all_matched_unflagged	all_matched_unflagged
NOX	A0A3B3IDP9	E1BFF3	FP	TN	all_matched_unflagged	all_matched_unflagged
NOX	A0A3B3IDP9	E1BPJ7	TP	TP	all_matched_unflagged	all_matched_unflagged
NOX	A0A3B3IDP9	F1MQX5	FP	TN	all_matched_unflagged	all_matched_unflagged
NOX	A0A3B3IDP9	F1NVG4	FP	TN	all_matched_unflagged	all_matched_unflagged
NOX	A0A3B3IDP9	F1PL03	TP	TP	all_matched_unflagged	all_matched_unflagged
NOX	A0A3B3IDP9	F1PSM8	FP	TN	all_matched_unflagged	all_matched_unflagged
NOX	A0A3B3IDP9	F6U2X4	FP	TN	all_matched_unflagged	all_matched_unflagged
NOX	A0A3B3IDP9	F6YS00	TN	TN	all_matched_unflagged	all_matched_unflagged
NOX	A0A3B3IDP9	F6Z703	FP	TN	all_matched_unflagged	all_matched_unflagged
NOX	A0A3B3IDP9	F7AMC8	TP	TP	all_matched_unflagged	missing_without_positive
NOX	A0A3B3IDP9	F7CLH6	FP	TN	all_matched_unflagged	missing_without_positive
NOX	A0A3B3IDP9	F7ELK5	FP	TN	all_matched_unflagged	all_matched_unflagged
NOX	A0A3B3IDP9	G3QVH2	TP	TP	all_matched_unflagged	all_matched_unflagged
NOX	A0A3B3IDP9	G3QXY3	FP	TN	all_matched_unflagged	all_matched_unflagged
NOX	A0A3B3IDP9	G3RI51	FP	TN	all_matched_unflagged	all_matched_unflagged
NOX	A0A3B3IDP9	H2L879	TN	TN	all_matched_unflagged	all_matched_unflagged
NOX	A0A3B3IDP9	H2M5R6	TN	TN	all_matched_unflagged	all_matched_unflagged
NOX	A0A3B3IDP9	H2QTY3	FP	TN	all_matched_unflagged	all_matched_unflagged
NOX	A0A3B3IDP9	H2R4R9	FP	TN	all_matched_unflagged	all_matched_unflagged
NOX	A0A3B3IDP9	H2R516	FP	TN	all_matched_unflagged	all_matched_unflagged
NOX	A0A3B3IDP9	O46522	FP	TN	all_matched_unflagged	all_matched_unflagged
NOX	A0A3B3IDP9	P04839	FP	TN	all_matched_unflagged	all_matched_unflagged
NOX	A0A3B3IDP9	Q505H9	FP	TN	all_matched_unflagged	all_matched_unflagged
NOX	A0A3B3IDP9	Q61093	FP	TN	all_matched_unflagged	all_matched_unflagged
NOX	A0A3B3IDP9	Q672J9	FP	TN	all_matched_unflagged	all_matched_unflagged
NOX	A0A3B3IDP9	Q672K1	FP	TN	all_matched_unflagged	all_matched_unflagged
NOX	A0A3B3IDP9	Q7PS77	TN	TN	all_matched_unflagged	all_matched_unflagged
NOX	A0A3B3IDP9	Q7RW00	TP	TP	all_matched_unflagged	all_matched_unflagged
NOX	A0A3B3IDP9	Q86GL4	FN	FN	all_matched_unflagged	all_matched_unflagged
NOX	A0A3B3IDP9	Q8CIZ9	TP	TP	all_matched_unflagged	all_matched_unflagged
NOX	A0A3B3IDP9	Q924V1	FP	TN	all_matched_unflagged	all_matched_unflagged
NOX	A0A3B3IDP9	Q9ERL1	FP	TN	all_matched_unflagged	all_matched_unflagged
NOX	A0A3B3IDP9	Q9HBY0	FP	TN	all_matched_unflagged	all_matched_unflagged
NOX	A0A3B3IDP9	Q9JHI8	FP	TN	all_matched_unflagged	all_matched_unflagged
NOX	A0A3B3IDP9	Q9NPH5	FP	TN	all_matched_unflagged	all_matched_unflagged
NOX	A0A3B3IDP9	Q9WV87	TP	TP	all_matched_unflagged	all_matched_unflagged
NOX	A0A3B3IDP9	Q9XYS3	TP	TP	all_matched_unflagged	all_matched_unflagged
NOX	A0A3B3IDP9	Q9Y5S8	TP	TP	all_matched_unflagged	all_matched_unflagged
NOX	A0A3Q2U7E3	A0A3Q2UE93	TN	TN	all_matched_unflagged	all_matched_unflagged
NOX	A0A3Q2U7E3	A0A5F4CEF0	FP	TN	all_matched_unflagged	all_matched_unflagged
NOX	A0A3Q2U7E3	A7E3L1	FP	TN	all_matched_unflagged	all_matched_unflagged
NOX	A0A3Q2U7E3	A7RPH5	TP	TP	annotation_positive	annotation_positive
NOX	A0A3Q2U7E3	A7SCJ4	FP	TN	all_matched_unflagged	all_matched_unflagged
NOX	A0A3Q2U7E3	A7SD95	FP	TN	all_matched_unflagged	all_matched_unflagged
NOX	A0A3Q2U7E3	A9V5V7	FP	FP	all_matched_unflagged	all_matched_unflagged
NOX	A0A3Q2U7E3	C3XUP1	FP	TN	all_matched_unflagged	all_matched_unflagged
NOX	A0A3Q2U7E3	C3YUJ9	FN	FN	all_matched_unflagged	all_matched_unflagged
NOX	A0A3Q2U7E3	C3ZTT7	FN	FN	all_matched_unflagged	all_matched_unflagged
NOX	A0A3Q2U7E3	E1BFF3	FP	TN	all_matched_unflagged	all_matched_unflagged
NOX	A0A3Q2U7E3	E1BPJ7	FP	TN	all_matched_unflagged	all_matched_unflagged
NOX	A0A3Q2U7E3	F1MQX5	TP	TP	all_matched_unflagged	all_matched_unflagged
NOX	A0A3Q2U7E3	F1NVG4	TN	TN	all_matched_unflagged	all_matched_unflagged
NOX	A0A3Q2U7E3	F1PL03	FP	TN	all_matched_unflagged	all_matched_unflagged
NOX	A0A3Q2U7E3	F1PSM8	TP	TP	all_matched_unflagged	all_matched_unflagged
NOX	A0A3Q2U7E3	F6U2X4	FP	TN	all_matched_unflagged	all_matched_unflagged
NOX	A0A3Q2U7E3	F6YS00	FN	FN	all_matched_unflagged	all_matched_unflagged
NOX	A0A3Q2U7E3	F6Z703	TP	TP	all_matched_unflagged	all_matched_unflagged
NOX	A0A3Q2U7E3	F7AMC8	FP	TN	all_matched_unflagged	missing_without_positive
NOX	A0A3Q2U7E3	F7CLH6	TP	TP	all_matched_unflagged	missing_without_positive
NOX	A0A3Q2U7E3	F7ELK5	FP	TN	all_matched_unflagged	all_matched_unflagged
NOX	A0A3Q2U7E3	G3QVH2	FP	TN	all_matched_unflagged	all_matched_unflagged
NOX	A0A3Q2U7E3	G3QXY3	FP	TN	all_matched_unflagged	all_matched_unflagged
NOX	A0A3Q2U7E3	G3RI51	FP	TN	all_matched_unflagged	all_matched_unflagged
NOX	A0A3Q2U7E3	H2L879	FP	TN	all_matched_unflagged	all_matched_unflagged
NOX	A0A3Q2U7E3	H2M5R6	TP	TP	all_matched_unflagged	all_matched_unflagged
NOX	A0A3Q2U7E3	H2QTY3	FP	TN	all_matched_unflagged	all_matched_unflagged
NOX	A0A3Q2U7E3	H2R4R9	FP	TN	all_matched_unflagged	all_matched_unflagged
NOX	A0A3Q2U7E3	H2R516	TP	TP	all_matched_unflagged	all_matched_unflagged
NOX	A0A3Q2U7E3	O46522	FP	TN	all_matched_unflagged	all_matched_unflagged
NOX	A0A3Q2U7E3	P04839	FP	TN	all_matched_unflagged	all_matched_unflagged
NOX	A0A3Q2U7E3	Q505H9	FP	TN	all_matched_unflagged	all_matched_unflagged
NOX	A0A3Q2U7E3	Q61093	FP	TN	all_matched_unflagged	all_matched_unflagged
NOX	A0A3Q2U7E3	Q672J9	FP	TN	all_matched_unflagged	all_matched_unflagged
NOX	A0A3Q2U7E3	Q672K1	FP	TN	all_matched_unflagged	all_matched_unflagged
NOX	A0A3Q2U7E3	Q7PS77	FN	FN	all_matched_unflagged	all_matched_unflagged
NOX	A0A3Q2U7E3	Q7RW00	TP	TP	all_matched_unflagged	all_matched_unflagged
NOX	A0A3Q2U7E3	Q86GL4	FN	FN	all_matched_unflagged	all_matched_unflagged
NOX	A0A3Q2U7E3	Q8CIZ9	FP	TN	all_matched_unflagged	all_matched_unflagged
NOX	A0A3Q2U7E3	Q924V1	TP	TP	all_matched_unflagged	all_matched_unflagged
NOX	A0A3Q2U7E3	Q9ERL1	FP	TN	all_matched_unflagged	all_matched_unflagged
NOX	A0A3Q2U7E3	Q9HBY0	FP	TN	all_matched_unflagged	all_matched_unflagged
NOX	A0A3Q2U7E3	Q9JHI8	TP	TP	all_matched_unflagged	all_matched_unflagged
NOX	A0A3Q2U7E3	Q9NPH5	TP	TP	all_matched_unflagged	all_matched_unflagged
NOX	A0A3Q2U7E3	Q9WV87	FP	TN	all_matched_unflagged	all_matched_unflagged
NOX	A0A3Q2U7E3	Q9XYS3	TP	TP	all_matched_unflagged	all_matched_unflagged
NOX	A0A3Q2U7E3	Q9Y5S8	FP	TN	all_matched_unflagged	all_matched_unflagged
NOX	A0A3Q2UE93	A0A5F4CEF0	FP	TN	all_matched_unflagged	all_matched_unflagged
NOX	A0A3Q2UE93	A7E3L1	FP	TN	all_matched_unflagged	all_matched_unflagged
NOX	A0A3Q2UE93	A7RPH5	FP	TN	annotation_positive	annotation_positive
NOX	A0A3Q2UE93	A7SCJ4	TP	TP	all_matched_unflagged	all_matched_unflagged
NOX	A0A3Q2UE93	A7SD95	TP	TP	all_matched_unflagged	all_matched_unflagged
NOX	A0A3Q2UE93	A9V5V7	TP	TP	all_matched_unflagged	all_matched_unflagged
NOX	A0A3Q2UE93	C3XUP1	TP	TP	all_matched_unflagged	all_matched_unflagged
NOX	A0A3Q2UE93	C3YUJ9	TN	TN	all_matched_unflagged	all_matched_unflagged
NOX	A0A3Q2UE93	C3ZTT7	TN	TN	all_matched_unflagged	all_matched_unflagged
NOX	A0A3Q2UE93	E1BFF3	FP	TN	all_matched_unflagged	all_matched_unflagged
NOX	A0A3Q2UE93	E1BPJ7	TP	TP	all_matched_unflagged	all_matched_unflagged
NOX	A0A3Q2UE93	F1MQX5	FP	TN	all_matched_unflagged	all_matched_unflagged
NOX	A0A3Q2UE93	F1NVG4	TN	TN	all_matched_unflagged	all_matched_unflagged
NOX	A0A3Q2UE93	F1PL03	TP	TP	all_matched_unflagged	all_matched_unflagged
NOX	A0A3Q2UE93	F1PSM8	FP	TN	all_matched_unflagged	all_matched_unflagged
NOX	A0A3Q2UE93	F6U2X4	FP	TN	all_matched_unflagged	all_matched_unflagged
NOX	A0A3Q2UE93	F6YS00	TN	TN	all_matched_unflagged	all_matched_unflagged
NOX	A0A3Q2UE93	F6Z703	FP	TN	all_matched_unflagged	all_matched_unflagged
NOX	A0A3Q2UE93	F7AMC8	TP	TP	all_matched_unflagged	missing_without_positive
NOX	A0A3Q2UE93	F7CLH6	FP	TN	all_matched_unflagged	missing_without_positive
NOX	A0A3Q2UE93	F7ELK5	FP	TN	all_matched_unflagged	all_matched_unflagged
NOX	A0A3Q2UE93	G3QVH2	TP	TP	all_matched_unflagged	all_matched_unflagged
NOX	A0A3Q2UE93	G3QXY3	FP	TN	all_matched_unflagged	all_matched_unflagged
NOX	A0A3Q2UE93	G3RI51	FP	TN	all_matched_unflagged	all_matched_unflagged
NOX	A0A3Q2UE93	H2L879	FP	TN	all_matched_unflagged	all_matched_unflagged
NOX	A0A3Q2UE93	H2M5R6	FP	TN	all_matched_unflagged	all_matched_unflagged
NOX	A0A3Q2UE93	H2QTY3	FP	TN	all_matched_unflagged	all_matched_unflagged
NOX	A0A3Q2UE93	H2R4R9	FP	TN	all_matched_unflagged	all_matched_unflagged
NOX	A0A3Q2UE93	H2R516	FP	TN	all_matched_unflagged	all_matched_unflagged
NOX	A0A3Q2UE93	O46522	FP	TN	all_matched_unflagged	all_matched_unflagged
NOX	A0A3Q2UE93	P04839	FP	TN	all_matched_unflagged	all_matched_unflagged
NOX	A0A3Q2UE93	Q505H9	FP	TN	all_matched_unflagged	all_matched_unflagged
NOX	A0A3Q2UE93	Q61093	FP	TN	all_matched_unflagged	all_matched_unflagged
NOX	A0A3Q2UE93	Q672J9	FP	TN	all_matched_unflagged	all_matched_unflagged
NOX	A0A3Q2UE93	Q672K1	FP	TN	all_matched_unflagged	all_matched_unflagged
NOX	A0A3Q2UE93	Q7PS77	TN	TN	all_matched_unflagged	all_matched_unflagged
NOX	A0A3Q2UE93	Q7RW00	TP	TP	all_matched_unflagged	all_matched_unflagged
NOX	A0A3Q2UE93	Q86GL4	FN	FN	all_matched_unflagged	all_matched_unflagged
NOX	A0A3Q2UE93	Q8CIZ9	TP	TP	all_matched_unflagged	all_matched_unflagged
NOX	A0A3Q2UE93	Q924V1	FP	TN	all_matched_unflagged	all_matched_unflagged
NOX	A0A3Q2UE93	Q9ERL1	FP	TN	all_matched_unflagged	all_matched_unflagged
NOX	A0A3Q2UE93	Q9HBY0	FP	TN	all_matched_unflagged	all_matched_unflagged
NOX	A0A3Q2UE93	Q9JHI8	FP	TN	all_matched_unflagged	all_matched_unflagged
NOX	A0A3Q2UE93	Q9NPH5	FP	TN	all_matched_unflagged	all_matched_unflagged
NOX	A0A3Q2UE93	Q9WV87	TP	TP	all_matched_unflagged	all_matched_unflagged
NOX	A0A3Q2UE93	Q9XYS3	TP	TP	all_matched_unflagged	all_matched_unflagged
NOX	A0A3Q2UE93	Q9Y5S8	TP	TP	all_matched_unflagged	all_matched_unflagged
NOX	A0A5F4CEF0	A7E3L1	TN	TN	all_matched_unflagged	all_matched_unflagged
NOX	A0A5F4CEF0	A7RPH5	FP	TN	annotation_positive	annotation_positive
NOX	A0A5F4CEF0	A7SCJ4	TP	TP	all_matched_unflagged	all_matched_unflagged
NOX	A0A5F4CEF0	A7SD95	TP	TP	all_matched_unflagged	all_matched_unflagged
NOX	A0A5F4CEF0	A9V5V7	TP	TP	all_matched_unflagged	all_matched_unflagged
NOX	A0A5F4CEF0	C3XUP1	TP	TP	all_matched_unflagged	all_matched_unflagged
NOX	A0A5F4CEF0	C3YUJ9	TN	TN	all_matched_unflagged	all_matched_unflagged
NOX	A0A5F4CEF0	C3ZTT7	TN	TN	all_matched_unflagged	all_matched_unflagged
NOX	A0A5F4CEF0	E1BFF3	FP	TN	all_matched_unflagged	all_matched_unflagged
NOX	A0A5F4CEF0	E1BPJ7	FP	TN	all_matched_unflagged	all_matched_unflagged
NOX	A0A5F4CEF0	F1MQX5	FP	TN	all_matched_unflagged	all_matched_unflagged
NOX	A0A5F4CEF0	F1NVG4	FP	TN	all_matched_unflagged	all_matched_unflagged
NOX	A0A5F4CEF0	F1PL03	TN	TN	all_matched_unflagged	all_matched_unflagged
NOX	A0A5F4CEF0	F1PSM8	TN	TN	all_matched_unflagged	all_matched_unflagged
NOX	A0A5F4CEF0	F6U2X4	TP	TP	all_matched_unflagged	all_matched_unflagged
NOX	A0A5F4CEF0	F6YS00	TN	TN	all_matched_unflagged	all_matched_unflagged
NOX	A0A5F4CEF0	F6Z703	FP	TN	all_matched_unflagged	all_matched_unflagged
NOX	A0A5F4CEF0	F7AMC8	FP	TN	all_matched_unflagged	missing_without_positive
NOX	A0A5F4CEF0	F7CLH6	FP	TN	all_matched_unflagged	missing_without_positive
NOX	A0A5F4CEF0	F7ELK5	FP	TN	all_matched_unflagged	all_matched_unflagged
NOX	A0A5F4CEF0	G3QVH2	FP	TN	all_matched_unflagged	all_matched_unflagged
NOX	A0A5F4CEF0	G3QXY3	TP	TP	all_matched_unflagged	all_matched_unflagged
NOX	A0A5F4CEF0	G3RI51	FP	TN	all_matched_unflagged	all_matched_unflagged
NOX	A0A5F4CEF0	H2L879	TP	TP	all_matched_unflagged	all_matched_unflagged
NOX	A0A5F4CEF0	H2M5R6	FP	TN	all_matched_unflagged	all_matched_unflagged
NOX	A0A5F4CEF0	H2QTY3	FP	TN	all_matched_unflagged	all_matched_unflagged
NOX	A0A5F4CEF0	H2R4R9	TP	TP	all_matched_unflagged	all_matched_unflagged
NOX	A0A5F4CEF0	H2R516	FP	TN	all_matched_unflagged	all_matched_unflagged
NOX	A0A5F4CEF0	O46522	TP	TP	all_matched_unflagged	all_matched_unflagged
NOX	A0A5F4CEF0	P04839	TP	TP	all_matched_unflagged	all_matched_unflagged
NOX	A0A5F4CEF0	Q505H9	TP	TP	all_matched_unflagged	all_matched_unflagged
NOX	A0A5F4CEF0	Q61093	TP	TP	all_matched_unflagged	all_matched_unflagged
NOX	A0A5F4CEF0	Q672J9	FP	TN	all_matched_unflagged	all_matched_unflagged
NOX	A0A5F4CEF0	Q672K1	FP	TN	all_matched_unflagged	all_matched_unflagged
NOX	A0A5F4CEF0	Q7PS77	TN	TN	all_matched_unflagged	all_matched_unflagged
NOX	A0A5F4CEF0	Q7RW00	TP	TP	all_matched_unflagged	all_matched_unflagged
NOX	A0A5F4CEF0	Q86GL4	FN	FN	all_matched_unflagged	all_matched_unflagged
NOX	A0A5F4CEF0	Q8CIZ9	FP	TN	all_matched_unflagged	all_matched_unflagged
NOX	A0A5F4CEF0	Q924V1	FP	TN	all_matched_unflagged	all_matched_unflagged
NOX	A0A5F4CEF0	Q9ERL1	TP	TP	all_matched_unflagged	all_matched_unflagged
NOX	A0A5F4CEF0	Q9HBY0	FP	TN	all_matched_unflagged	all_matched_unflagged
NOX	A0A5F4CEF0	Q9JHI8	FP	TN	all_matched_unflagged	all_matched_unflagged
NOX	A0A5F4CEF0	Q9NPH5	FP	TN	all_matched_unflagged	all_matched_unflagged
NOX	A0A5F4CEF0	Q9WV87	FP	TN	all_matched_unflagged	all_matched_unflagged
NOX	A0A5F4CEF0	Q9XYS3	TP	TP	all_matched_unflagged	all_matched_unflagged
NOX	A0A5F4CEF0	Q9Y5S8	FP	TN	all_matched_unflagged	all_matched_unflagged
NOX	A7E3L1	A7RPH5	FP	TN	annotation_positive	annotation_positive
NOX	A7E3L1	A7SCJ4	TP	TP	all_matched_unflagged	all_matched_unflagged
NOX	A7E3L1	A7SD95	TP	TP	all_matched_unflagged	all_matched_unflagged
NOX	A7E3L1	A9V5V7	TP	TP	all_matched_unflagged	all_matched_unflagged
NOX	A7E3L1	C3XUP1	TP	TP	all_matched_unflagged	all_matched_unflagged
NOX	A7E3L1	C3YUJ9	TN	TN	all_matched_unflagged	all_matched_unflagged
NOX	A7E3L1	C3ZTT7	TN	TN	all_matched_unflagged	all_matched_unflagged
NOX	A7E3L1	E1BFF3	TP	TP	all_matched_unflagged	all_matched_unflagged
NOX	A7E3L1	E1BPJ7	FP	TN	all_matched_unflagged	all_matched_unflagged
NOX	A7E3L1	F1MQX5	FP	TN	all_matched_unflagged	all_matched_unflagged
NOX	A7E3L1	F1NVG4	TP	TP	all_matched_unflagged	all_matched_unflagged
NOX	A7E3L1	F1PL03	TN	TN	all_matched_unflagged	all_matched_unflagged
NOX	A7E3L1	F1PSM8	TN	TN	all_matched_unflagged	all_matched_unflagged
NOX	A7E3L1	F6U2X4	FP	TN	all_matched_unflagged	all_matched_unflagged
NOX	A7E3L1	F6YS00	TN	TN	all_matched_unflagged	all_matched_unflagged
NOX	A7E3L1	F6Z703	FP	TN	all_matched_unflagged	all_matched_unflagged
NOX	A7E3L1	F7AMC8	FP	TN	all_matched_unflagged	missing_without_positive
NOX	A7E3L1	F7CLH6	FP	TN	all_matched_unflagged	missing_without_positive
NOX	A7E3L1	F7ELK5	TP	TP	all_matched_unflagged	all_matched_unflagged
NOX	A7E3L1	G3QVH2	FP	TN	all_matched_unflagged	all_matched_unflagged
NOX	A7E3L1	G3QXY3	FP	TN	all_matched_unflagged	all_matched_unflagged
NOX	A7E3L1	G3RI51	TP	TP	all_matched_unflagged	all_matched_unflagged
NOX	A7E3L1	H2L879	FP	TN	all_matched_unflagged	all_matched_unflagged
NOX	A7E3L1	H2M5R6	FP	TN	all_matched_unflagged	all_matched_unflagged
NOX	A7E3L1	H2QTY3	TP	TP	all_matched_unflagged	all_matched_unflagged
NOX	A7E3L1	H2R4R9	FP	TN	all_matched_unflagged	all_matched_unflagged
NOX	A7E3L1	H2R516	FP	TN	all_matched_unflagged	all_matched_unflagged
NOX	A7E3L1	O46522	FP	TN	all_matched_unflagged	all_matched_unflagged
NOX	A7E3L1	P04839	FP	TN	all_matched_unflagged	all_matched_unflagged
NOX	A7E3L1	Q505H9	FP	TN	all_matched_unflagged	all_matched_unflagged
NOX	A7E3L1	Q61093	FP	TN	all_matched_unflagged	all_matched_unflagged
NOX	A7E3L1	Q672J9	TP	TP	all_matched_unflagged	all_matched_unflagged
NOX	A7E3L1	Q672K1	TP	TP	all_matched_unflagged	all_matched_unflagged
NOX	A7E3L1	Q7PS77	TN	TN	all_matched_unflagged	all_matched_unflagged
NOX	A7E3L1	Q7RW00	TP	TP	all_matched_unflagged	all_matched_unflagged
NOX	A7E3L1	Q86GL4	FN	FN	all_matched_unflagged	all_matched_unflagged
NOX	A7E3L1	Q8CIZ9	FP	TN	all_matched_unflagged	all_matched_unflagged
NOX	A7E3L1	Q924V1	FP	TN	all_matched_unflagged	all_matched_unflagged
NOX	A7E3L1	Q9ERL1	FP	TN	all_matched_unflagged	all_matched_unflagged
NOX	A7E3L1	Q9HBY0	TP	TP	all_matched_unflagged	all_matched_unflagged
NOX	A7E3L1	Q9JHI8	FP	TN	all_matched_unflagged	all_matched_unflagged
NOX	A7E3L1	Q9NPH5	FP	TN	all_matched_unflagged	all_matched_unflagged
NOX	A7E3L1	Q9WV87	FP	TN	all_matched_unflagged	all_matched_unflagged
NOX	A7E3L1	Q9XYS3	TP	TP	all_matched_unflagged	all_matched_unflagged
NOX	A7E3L1	Q9Y5S8	FP	TN	all_matched_unflagged	all_matched_unflagged
NOX	A7RPH5	A7SCJ4	TN	TN	annotation_positive	annotation_positive
NOX	A7RPH5	A7SD95	TN	TN	annotation_positive	annotation_positive
NOX	A7RPH5	A9V5V7	FP	FP	annotation_positive	annotation_positive
NOX	A7RPH5	C3XUP1	FP	TN	annotation_positive	annotation_positive
NOX	A7RPH5	C3YUJ9	FN	FN	annotation_positive	annotation_positive
NOX	A7RPH5	C3ZTT7	FN	FN	annotation_positive	annotation_positive
NOX	A7RPH5	E1BFF3	FP	TN	annotation_positive	annotation_positive
NOX	A7RPH5	E1BPJ7	FP	TN	annotation_positive	annotation_positive
NOX	A7RPH5	F1MQX5	TP	TP	annotation_positive	annotation_positive
NOX	A7RPH5	F1NVG4	FP	TN	annotation_positive	annotation_positive
NOX	A7RPH5	F1PL03	FP	TN	annotation_positive	annotation_positive
NOX	A7RPH5	F1PSM8	TP	TP	annotation_positive	annotation_positive
NOX	A7RPH5	F6U2X4	FP	TN	annotation_positive	annotation_positive
NOX	A7RPH5	F6YS00	FN	FN	annotation_positive	annotation_positive
NOX	A7RPH5	F6Z703	TP	TP	annotation_positive	annotation_positive
NOX	A7RPH5	F7AMC8	FP	TN	annotation_positive	annotation_positive
NOX	A7RPH5	F7CLH6	TP	TP	annotation_positive	annotation_positive
NOX	A7RPH5	F7ELK5	FP	TN	annotation_positive	annotation_positive
NOX	A7RPH5	G3QVH2	FP	TN	annotation_positive	annotation_positive
NOX	A7RPH5	G3QXY3	FP	TN	annotation_positive	annotation_positive
NOX	A7RPH5	G3RI51	FP	TN	annotation_positive	annotation_positive
NOX	A7RPH5	H2L879	FP	TN	annotation_positive	annotation_positive
NOX	A7RPH5	H2M5R6	TP	TP	annotation_positive	annotation_positive
NOX	A7RPH5	H2QTY3	FP	TN	annotation_positive	annotation_positive
NOX	A7RPH5	H2R4R9	FP	TN	annotation_positive	annotation_positive
NOX	A7RPH5	H2R516	TP	TP	annotation_positive	annotation_positive
NOX	A7RPH5	O46522	FP	TN	annotation_positive	annotation_positive
NOX	A7RPH5	P04839	FP	TN	annotation_positive	annotation_positive
NOX	A7RPH5	Q505H9	FP	TN	annotation_positive	annotation_positive
NOX	A7RPH5	Q61093	FP	TN	annotation_positive	annotation_positive
NOX	A7RPH5	Q672J9	FP	TN	annotation_positive	annotation_positive
NOX	A7RPH5	Q672K1	FP	TN	annotation_positive	annotation_positive
NOX	A7RPH5	Q7PS77	FN	FN	annotation_positive	annotation_positive
NOX	A7RPH5	Q7RW00	TP	TP	annotation_positive	annotation_positive
NOX	A7RPH5	Q86GL4	FN	FN	annotation_positive	annotation_positive
NOX	A7RPH5	Q8CIZ9	FP	TN	annotation_positive	annotation_positive
NOX	A7RPH5	Q924V1	TP	TP	annotation_positive	annotation_positive
NOX	A7RPH5	Q9ERL1	FP	TN	annotation_positive	annotation_positive
NOX	A7RPH5	Q9HBY0	FP	TN	annotation_positive	annotation_positive
NOX	A7RPH5	Q9JHI8	TP	TP	annotation_positive	annotation_positive
NOX	A7RPH5	Q9NPH5	TP	TP	annotation_positive	annotation_positive
NOX	A7RPH5	Q9WV87	FP	TN	annotation_positive	annotation_positive
NOX	A7RPH5	Q9XYS3	TP	TP	annotation_positive	annotation_positive
NOX	A7RPH5	Q9Y5S8	FP	TN	annotation_positive	annotation_positive
NOX	A7SCJ4	A7SD95	TN	TN	all_matched_unflagged	all_matched_unflagged
NOX	A7SCJ4	A9V5V7	TP	TP	all_matched_unflagged	all_matched_unflagged
NOX	A7SCJ4	C3XUP1	TP	TP	all_matched_unflagged	all_matched_unflagged
NOX	A7SCJ4	C3YUJ9	TN	TN	all_matched_unflagged	all_matched_unflagged
NOX	A7SCJ4	C3ZTT7	TN	TN	all_matched_unflagged	all_matched_unflagged
NOX	A7SCJ4	E1BFF3	TP	TP	all_matched_unflagged	all_matched_unflagged
NOX	A7SCJ4	E1BPJ7	TP	TP	all_matched_unflagged	all_matched_unflagged
NOX	A7SCJ4	F1MQX5	FP	TN	all_matched_unflagged	all_matched_unflagged
NOX	A7SCJ4	F1NVG4	TP	TP	all_matched_unflagged	all_matched_unflagged
NOX	A7SCJ4	F1PL03	TP	TP	all_matched_unflagged	all_matched_unflagged
NOX	A7SCJ4	F1PSM8	FP	TN	all_matched_unflagged	all_matched_unflagged
NOX	A7SCJ4	F6U2X4	TP	TP	all_matched_unflagged	all_matched_unflagged
NOX	A7SCJ4	F6YS00	TN	TN	all_matched_unflagged	all_matched_unflagged
NOX	A7SCJ4	F6Z703	FP	TN	all_matched_unflagged	all_matched_unflagged
NOX	A7SCJ4	F7AMC8	TP	TP	all_matched_unflagged	missing_without_positive
NOX	A7SCJ4	F7CLH6	FP	TN	all_matched_unflagged	missing_without_positive
NOX	A7SCJ4	F7ELK5	TP	TP	all_matched_unflagged	all_matched_unflagged
NOX	A7SCJ4	G3QVH2	TP	TP	all_matched_unflagged	all_matched_unflagged
NOX	A7SCJ4	G3QXY3	TP	TP	all_matched_unflagged	all_matched_unflagged
NOX	A7SCJ4	G3RI51	TP	TP	all_matched_unflagged	all_matched_unflagged
NOX	A7SCJ4	H2L879	TP	TP	all_matched_unflagged	all_matched_unflagged
NOX	A7SCJ4	H2M5R6	FP	TN	all_matched_unflagged	all_matched_unflagged
NOX	A7SCJ4	H2QTY3	TP	TP	all_matched_unflagged	all_matched_unflagged
NOX	A7SCJ4	H2R4R9	TP	TP	all_matched_unflagged	all_matched_unflagged
NOX	A7SCJ4	H2R516	FP	TN	all_matched_unflagged	all_matched_unflagged
NOX	A7SCJ4	O46522	TP	TP	all_matched_unflagged	all_matched_unflagged
NOX	A7SCJ4	P04839	TP	TP	all_matched_unflagged	all_matched_unflagged
NOX	A7SCJ4	Q505H9	TP	TP	all_matched_unflagged	all_matched_unflagged
NOX	A7SCJ4	Q61093	TP	TP	all_matched_unflagged	all_matched_unflagged
NOX	A7SCJ4	Q672J9	TP	TP	all_matched_unflagged	all_matched_unflagged
NOX	A7SCJ4	Q672K1	TP	TP	all_matched_unflagged	all_matched_unflagged
NOX	A7SCJ4	Q7PS77	TN	TN	all_matched_unflagged	all_matched_unflagged
NOX	A7SCJ4	Q7RW00	TP	TP	all_matched_unflagged	all_matched_unflagged
NOX	A7SCJ4	Q86GL4	FN	FN	all_matched_unflagged	all_matched_unflagged
NOX	A7SCJ4	Q8CIZ9	TP	TP	all_matched_unflagged	all_matched_unflagged
NOX	A7SCJ4	Q924V1	FP	TN	all_matched_unflagged	all_matched_unflagged
NOX	A7SCJ4	Q9ERL1	TP	TP	all_matched_unflagged	all_matched_unflagged
NOX	A7SCJ4	Q9HBY0	TP	TP	all_matched_unflagged	all_matched_unflagged
NOX	A7SCJ4	Q9JHI8	FP	TN	all_matched_unflagged	all_matched_unflagged
NOX	A7SCJ4	Q9NPH5	FP	TN	all_matched_unflagged	all_matched_unflagged
NOX	A7SCJ4	Q9WV87	TP	TP	all_matched_unflagged	all_matched_unflagged
NOX	A7SCJ4	Q9XYS3	TP	TP	all_matched_unflagged	all_matched_unflagged
NOX	A7SCJ4	Q9Y5S8	TP	TP	all_matched_unflagged	all_matched_unflagged
NOX	A7SD95	A9V5V7	TP	TP	all_matched_unflagged	all_matched_unflagged
NOX	A7SD95	C3XUP1	TP	TP	all_matched_unflagged	all_matched_unflagged
NOX	A7SD95	C3YUJ9	TN	TN	all_matched_unflagged	all_matched_unflagged
NOX	A7SD95	C3ZTT7	TN	TN	all_matched_unflagged	all_matched_unflagged
NOX	A7SD95	E1BFF3	TP	TP	all_matched_unflagged	all_matched_unflagged
NOX	A7SD95	E1BPJ7	TP	TP	all_matched_unflagged	all_matched_unflagged
NOX	A7SD95	F1MQX5	FP	TN	all_matched_unflagged	all_matched_unflagged
NOX	A7SD95	F1NVG4	TP	TP	all_matched_unflagged	all_matched_unflagged
NOX	A7SD95	F1PL03	TP	TP	all_matched_unflagged	all_matched_unflagged
NOX	A7SD95	F1PSM8	FP	TN	all_matched_unflagged	all_matched_unflagged
NOX	A7SD95	F6U2X4	TP	TP	all_matched_unflagged	all_matched_unflagged
NOX	A7SD95	F6YS00	TN	TN	all_matched_unflagged	all_matched_unflagged
NOX	A7SD95	F6Z703	FP	TN	all_matched_unflagged	all_matched_unflagged
NOX	A7SD95	F7AMC8	TP	TP	all_matched_unflagged	missing_without_positive
NOX	A7SD95	F7CLH6	FP	TN	all_matched_unflagged	missing_without_positive
NOX	A7SD95	F7ELK5	TP	TP	all_matched_unflagged	all_matched_unflagged
NOX	A7SD95	G3QVH2	TP	TP	all_matched_unflagged	all_matched_unflagged
NOX	A7SD95	G3QXY3	TP	TP	all_matched_unflagged	all_matched_unflagged
NOX	A7SD95	G3RI51	TP	TP	all_matched_unflagged	all_matched_unflagged
NOX	A7SD95	H2L879	TP	TP	all_matched_unflagged	all_matched_unflagged
NOX	A7SD95	H2M5R6	FP	TN	all_matched_unflagged	all_matched_unflagged
NOX	A7SD95	H2QTY3	TP	TP	all_matched_unflagged	all_matched_unflagged
NOX	A7SD95	H2R4R9	TP	TP	all_matched_unflagged	all_matched_unflagged
NOX	A7SD95	H2R516	FP	TN	all_matched_unflagged	all_matched_unflagged
NOX	A7SD95	O46522	TP	TP	all_matched_unflagged	all_matched_unflagged
NOX	A7SD95	P04839	TP	TP	all_matched_unflagged	all_matched_unflagged
NOX	A7SD95	Q505H9	TP	TP	all_matched_unflagged	all_matched_unflagged
NOX	A7SD95	Q61093	TP	TP	all_matched_unflagged	all_matched_unflagged
NOX	A7SD95	Q672J9	TP	TP	all_matched_unflagged	all_matched_unflagged
NOX	A7SD95	Q672K1	TP	TP	all_matched_unflagged	all_matched_unflagged
NOX	A7SD95	Q7PS77	TN	TN	all_matched_unflagged	all_matched_unflagged
NOX	A7SD95	Q7RW00	TP	TP	all_matched_unflagged	all_matched_unflagged
NOX	A7SD95	Q86GL4	FN	FN	all_matched_unflagged	all_matched_unflagged
NOX	A7SD95	Q8CIZ9	TP	TP	all_matched_unflagged	all_matched_unflagged
NOX	A7SD95	Q924V1	FP	TN	all_matched_unflagged	all_matched_unflagged
NOX	A7SD95	Q9ERL1	TP	TP	all_matched_unflagged	all_matched_unflagged
NOX	A7SD95	Q9HBY0	TP	TP	all_matched_unflagged	all_matched_unflagged
NOX	A7SD95	Q9JHI8	FP	TN	all_matched_unflagged	all_matched_unflagged
NOX	A7SD95	Q9NPH5	FP	TN	all_matched_unflagged	all_matched_unflagged
NOX	A7SD95	Q9WV87	TP	TP	all_matched_unflagged	all_matched_unflagged
NOX	A7SD95	Q9XYS3	TP	TP	all_matched_unflagged	all_matched_unflagged
NOX	A7SD95	Q9Y5S8	TP	TP	all_matched_unflagged	all_matched_unflagged
NOX	A9V5V7	C3XUP1	TP	TP	all_matched_unflagged	all_matched_unflagged
NOX	A9V5V7	C3YUJ9	TN	TN	all_matched_unflagged	all_matched_unflagged
NOX	A9V5V7	C3ZTT7	TN	TN	all_matched_unflagged	all_matched_unflagged
NOX	A9V5V7	E1BFF3	TP	TP	all_matched_unflagged	all_matched_unflagged
NOX	A9V5V7	E1BPJ7	TP	TP	all_matched_unflagged	all_matched_unflagged
NOX	A9V5V7	F1MQX5	FP	FP	all_matched_unflagged	all_matched_unflagged
NOX	A9V5V7	F1NVG4	TP	TP	all_matched_unflagged	all_matched_unflagged
NOX	A9V5V7	F1PL03	TP	TP	all_matched_unflagged	all_matched_unflagged
NOX	A9V5V7	F1PSM8	FP	FP	all_matched_unflagged	all_matched_unflagged
NOX	A9V5V7	F6U2X4	TP	TP	all_matched_unflagged	all_matched_unflagged
NOX	A9V5V7	F6YS00	TN	TN	all_matched_unflagged	all_matched_unflagged
NOX	A9V5V7	F6Z703	FP	FP	all_matched_unflagged	all_matched_unflagged
NOX	A9V5V7	F7AMC8	TP	TP	all_matched_unflagged	missing_without_positive
NOX	A9V5V7	F7CLH6	FP	FP	all_matched_unflagged	missing_without_positive
NOX	A9V5V7	F7ELK5	TP	TP	all_matched_unflagged	all_matched_unflagged
NOX	A9V5V7	G3QVH2	TP	TP	all_matched_unflagged	all_matched_unflagged
NOX	A9V5V7	G3QXY3	TP	TP	all_matched_unflagged	all_matched_unflagged
NOX	A9V5V7	G3RI51	TP	TP	all_matched_unflagged	all_matched_unflagged
NOX	A9V5V7	H2L879	TP	TP	all_matched_unflagged	all_matched_unflagged
NOX	A9V5V7	H2M5R6	FP	FP	all_matched_unflagged	all_matched_unflagged
NOX	A9V5V7	H2QTY3	TP	TP	all_matched_unflagged	all_matched_unflagged
NOX	A9V5V7	H2R4R9	TP	TP	all_matched_unflagged	all_matched_unflagged
NOX	A9V5V7	H2R516	FP	FP	all_matched_unflagged	all_matched_unflagged
NOX	A9V5V7	O46522	TP	TP	all_matched_unflagged	all_matched_unflagged
NOX	A9V5V7	P04839	TP	TP	all_matched_unflagged	all_matched_unflagged
NOX	A9V5V7	Q505H9	TP	TP	all_matched_unflagged	all_matched_unflagged
NOX	A9V5V7	Q61093	TP	TP	all_matched_unflagged	all_matched_unflagged
NOX	A9V5V7	Q672J9	TP	TP	all_matched_unflagged	all_matched_unflagged
NOX	A9V5V7	Q672K1	TP	TP	all_matched_unflagged	all_matched_unflagged
NOX	A9V5V7	Q7PS77	TN	TN	all_matched_unflagged	all_matched_unflagged
NOX	A9V5V7	Q7RW00	TP	TP	all_matched_unflagged	all_matched_unflagged
NOX	A9V5V7	Q86GL4	FN	FN	all_matched_unflagged	all_matched_unflagged
NOX	A9V5V7	Q8CIZ9	TP	TP	all_matched_unflagged	all_matched_unflagged
NOX	A9V5V7	Q924V1	FP	FP	all_matched_unflagged	all_matched_unflagged
NOX	A9V5V7	Q9ERL1	TP	TP	all_matched_unflagged	all_matched_unflagged
NOX	A9V5V7	Q9HBY0	TP	TP	all_matched_unflagged	all_matched_unflagged
NOX	A9V5V7	Q9JHI8	FP	FP	all_matched_unflagged	all_matched_unflagged
NOX	A9V5V7	Q9NPH5	FP	FP	all_matched_unflagged	all_matched_unflagged
NOX	A9V5V7	Q9WV87	TP	TP	all_matched_unflagged	all_matched_unflagged
NOX	A9V5V7	Q9XYS3	TP	TP	all_matched_unflagged	all_matched_unflagged
NOX	A9V5V7	Q9Y5S8	TP	TP	all_matched_unflagged	all_matched_unflagged
NOX	C3XUP1	C3YUJ9	TN	TN	all_matched_unflagged	all_matched_unflagged
NOX	C3XUP1	C3ZTT7	TN	TN	all_matched_unflagged	all_matched_unflagged
NOX	C3XUP1	E1BFF3	TP	TP	all_matched_unflagged	all_matched_unflagged
NOX	C3XUP1	E1BPJ7	TP	TP	all_matched_unflagged	all_matched_unflagged
NOX	C3XUP1	F1MQX5	FP	TN	all_matched_unflagged	all_matched_unflagged
NOX	C3XUP1	F1NVG4	TP	TP	all_matched_unflagged	all_matched_unflagged
NOX	C3XUP1	F1PL03	TP	TP	all_matched_unflagged	all_matched_unflagged
NOX	C3XUP1	F1PSM8	FP	TN	all_matched_unflagged	all_matched_unflagged
NOX	C3XUP1	F6U2X4	TP	TP	all_matched_unflagged	all_matched_unflagged
NOX	C3XUP1	F6YS00	TN	TN	all_matched_unflagged	all_matched_unflagged
NOX	C3XUP1	F6Z703	FP	TN	all_matched_unflagged	all_matched_unflagged
NOX	C3XUP1	F7AMC8	TP	TP	all_matched_unflagged	missing_without_positive
NOX	C3XUP1	F7CLH6	FP	TN	all_matched_unflagged	missing_without_positive
NOX	C3XUP1	F7ELK5	TP	TP	all_matched_unflagged	all_matched_unflagged
NOX	C3XUP1	G3QVH2	TP	TP	all_matched_unflagged	all_matched_unflagged
NOX	C3XUP1	G3QXY3	TP	TP	all_matched_unflagged	all_matched_unflagged
NOX	C3XUP1	G3RI51	TP	TP	all_matched_unflagged	all_matched_unflagged
NOX	C3XUP1	H2L879	TP	TP	all_matched_unflagged	all_matched_unflagged
NOX	C3XUP1	H2M5R6	FP	TN	all_matched_unflagged	all_matched_unflagged
NOX	C3XUP1	H2QTY3	TP	TP	all_matched_unflagged	all_matched_unflagged
NOX	C3XUP1	H2R4R9	TP	TP	all_matched_unflagged	all_matched_unflagged
NOX	C3XUP1	H2R516	FP	TN	all_matched_unflagged	all_matched_unflagged
NOX	C3XUP1	O46522	TP	TP	all_matched_unflagged	all_matched_unflagged
NOX	C3XUP1	P04839	TP	TP	all_matched_unflagged	all_matched_unflagged
NOX	C3XUP1	Q505H9	TP	TP	all_matched_unflagged	all_matched_unflagged
NOX	C3XUP1	Q61093	TP	TP	all_matched_unflagged	all_matched_unflagged
NOX	C3XUP1	Q672J9	TP	TP	all_matched_unflagged	all_matched_unflagged
NOX	C3XUP1	Q672K1	TP	TP	all_matched_unflagged	all_matched_unflagged
NOX	C3XUP1	Q7PS77	TN	TN	all_matched_unflagged	all_matched_unflagged
NOX	C3XUP1	Q7RW00	TP	TP	all_matched_unflagged	all_matched_unflagged
NOX	C3XUP1	Q86GL4	FN	FN	all_matched_unflagged	all_matched_unflagged
NOX	C3XUP1	Q8CIZ9	TP	TP	all_matched_unflagged	all_matched_unflagged
NOX	C3XUP1	Q924V1	FP	TN	all_matched_unflagged	all_matched_unflagged
NOX	C3XUP1	Q9ERL1	TP	TP	all_matched_unflagged	all_matched_unflagged
NOX	C3XUP1	Q9HBY0	TP	TP	all_matched_unflagged	all_matched_unflagged
NOX	C3XUP1	Q9JHI8	FP	TN	all_matched_unflagged	all_matched_unflagged
NOX	C3XUP1	Q9NPH5	FP	TN	all_matched_unflagged	all_matched_unflagged
NOX	C3XUP1	Q9WV87	TP	TP	all_matched_unflagged	all_matched_unflagged
NOX	C3XUP1	Q9XYS3	TP	TP	all_matched_unflagged	all_matched_unflagged
NOX	C3XUP1	Q9Y5S8	TP	TP	all_matched_unflagged	all_matched_unflagged
NOX	C3YUJ9	C3ZTT7	TN	TN	all_matched_unflagged	all_matched_unflagged
NOX	C3YUJ9	E1BFF3	TN	TN	all_matched_unflagged	all_matched_unflagged
NOX	C3YUJ9	E1BPJ7	TN	TN	all_matched_unflagged	all_matched_unflagged
NOX	C3YUJ9	F1MQX5	FN	FN	all_matched_unflagged	all_matched_unflagged
NOX	C3YUJ9	F1NVG4	TN	TN	all_matched_unflagged	all_matched_unflagged
NOX	C3YUJ9	F1PL03	TN	TN	all_matched_unflagged	all_matched_unflagged
NOX	C3YUJ9	F1PSM8	FN	FN	all_matched_unflagged	all_matched_unflagged
NOX	C3YUJ9	F6U2X4	TN	TN	all_matched_unflagged	all_matched_unflagged
NOX	C3YUJ9	F6YS00	FN	FN	all_matched_unflagged	all_matched_unflagged
NOX	C3YUJ9	F6Z703	FN	FN	all_matched_unflagged	all_matched_unflagged
NOX	C3YUJ9	F7AMC8	TN	TN	all_matched_unflagged	missing_without_positive
NOX	C3YUJ9	F7CLH6	FN	FN	all_matched_unflagged	missing_without_positive
NOX	C3YUJ9	F7ELK5	TN	TN	all_matched_unflagged	all_matched_unflagged
NOX	C3YUJ9	G3QVH2	TN	TN	all_matched_unflagged	all_matched_unflagged
NOX	C3YUJ9	G3QXY3	TN	TN	all_matched_unflagged	all_matched_unflagged
NOX	C3YUJ9	G3RI51	TN	TN	all_matched_unflagged	all_matched_unflagged
NOX	C3YUJ9	H2L879	TN	TN	all_matched_unflagged	all_matched_unflagged
NOX	C3YUJ9	H2M5R6	FN	FN	all_matched_unflagged	all_matched_unflagged
NOX	C3YUJ9	H2QTY3	TN	TN	all_matched_unflagged	all_matched_unflagged
NOX	C3YUJ9	H2R4R9	TN	TN	all_matched_unflagged	all_matched_unflagged
NOX	C3YUJ9	H2R516	FN	FN	all_matched_unflagged	all_matched_unflagged
NOX	C3YUJ9	O46522	TN	TN	all_matched_unflagged	all_matched_unflagged
NOX	C3YUJ9	P04839	TN	TN	all_matched_unflagged	all_matched_unflagged
NOX	C3YUJ9	Q505H9	TN	TN	all_matched_unflagged	all_matched_unflagged
NOX	C3YUJ9	Q61093	TN	TN	all_matched_unflagged	all_matched_unflagged
NOX	C3YUJ9	Q672J9	TN	TN	all_matched_unflagged	all_matched_unflagged
NOX	C3YUJ9	Q672K1	TN	TN	all_matched_unflagged	all_matched_unflagged
NOX	C3YUJ9	Q7PS77	FN	FN	all_matched_unflagged	all_matched_unflagged
NOX	C3YUJ9	Q7RW00	FN	FN	all_matched_unflagged	all_matched_unflagged
NOX	C3YUJ9	Q86GL4	FN	FN	all_matched_unflagged	all_matched_unflagged
NOX	C3YUJ9	Q8CIZ9	TN	TN	all_matched_unflagged	all_matched_unflagged
NOX	C3YUJ9	Q924V1	FN	FN	all_matched_unflagged	all_matched_unflagged
NOX	C3YUJ9	Q9ERL1	TN	TN	all_matched_unflagged	all_matched_unflagged
NOX	C3YUJ9	Q9HBY0	TN	TN	all_matched_unflagged	all_matched_unflagged
NOX	C3YUJ9	Q9JHI8	FN	FN	all_matched_unflagged	all_matched_unflagged
NOX	C3YUJ9	Q9NPH5	FN	FN	all_matched_unflagged	all_matched_unflagged
NOX	C3YUJ9	Q9WV87	TN	TN	all_matched_unflagged	all_matched_unflagged
NOX	C3YUJ9	Q9XYS3	FN	FN	all_matched_unflagged	all_matched_unflagged
NOX	C3YUJ9	Q9Y5S8	TN	TN	all_matched_unflagged	all_matched_unflagged
NOX	C3ZTT7	E1BFF3	TN	TN	all_matched_unflagged	all_matched_unflagged
NOX	C3ZTT7	E1BPJ7	TN	TN	all_matched_unflagged	all_matched_unflagged
NOX	C3ZTT7	F1MQX5	FN	FN	all_matched_unflagged	all_matched_unflagged
NOX	C3ZTT7	F1NVG4	TN	TN	all_matched_unflagged	all_matched_unflagged
NOX	C3ZTT7	F1PL03	TN	TN	all_matched_unflagged	all_matched_unflagged
NOX	C3ZTT7	F1PSM8	FN	FN	all_matched_unflagged	all_matched_unflagged
NOX	C3ZTT7	F6U2X4	TN	TN	all_matched_unflagged	all_matched_unflagged
NOX	C3ZTT7	F6YS00	FN	FN	all_matched_unflagged	all_matched_unflagged
NOX	C3ZTT7	F6Z703	FN	FN	all_matched_unflagged	all_matched_unflagged
NOX	C3ZTT7	F7AMC8	TN	TN	all_matched_unflagged	missing_without_positive
NOX	C3ZTT7	F7CLH6	FN	FN	all_matched_unflagged	missing_without_positive
NOX	C3ZTT7	F7ELK5	TN	TN	all_matched_unflagged	all_matched_unflagged
NOX	C3ZTT7	G3QVH2	TN	TN	all_matched_unflagged	all_matched_unflagged
NOX	C3ZTT7	G3QXY3	TN	TN	all_matched_unflagged	all_matched_unflagged
NOX	C3ZTT7	G3RI51	TN	TN	all_matched_unflagged	all_matched_unflagged
NOX	C3ZTT7	H2L879	TN	TN	all_matched_unflagged	all_matched_unflagged
NOX	C3ZTT7	H2M5R6	FN	FN	all_matched_unflagged	all_matched_unflagged
NOX	C3ZTT7	H2QTY3	TN	TN	all_matched_unflagged	all_matched_unflagged
NOX	C3ZTT7	H2R4R9	TN	TN	all_matched_unflagged	all_matched_unflagged
NOX	C3ZTT7	H2R516	FN	FN	all_matched_unflagged	all_matched_unflagged
NOX	C3ZTT7	O46522	TN	TN	all_matched_unflagged	all_matched_unflagged
NOX	C3ZTT7	P04839	TN	TN	all_matched_unflagged	all_matched_unflagged
NOX	C3ZTT7	Q505H9	TN	TN	all_matched_unflagged	all_matched_unflagged
NOX	C3ZTT7	Q61093	TN	TN	all_matched_unflagged	all_matched_unflagged
NOX	C3ZTT7	Q672J9	TN	TN	all_matched_unflagged	all_matched_unflagged
NOX	C3ZTT7	Q672K1	TN	TN	all_matched_unflagged	all_matched_unflagged
NOX	C3ZTT7	Q7PS77	FN	FN	all_matched_unflagged	all_matched_unflagged
NOX	C3ZTT7	Q7RW00	FN	FN	all_matched_unflagged	all_matched_unflagged
NOX	C3ZTT7	Q86GL4	FN	FN	all_matched_unflagged	all_matched_unflagged
NOX	C3ZTT7	Q8CIZ9	TN	TN	all_matched_unflagged	all_matched_unflagged
NOX	C3ZTT7	Q924V1	FN	FN	all_matched_unflagged	all_matched_unflagged
NOX	C3ZTT7	Q9ERL1	TN	TN	all_matched_unflagged	all_matched_unflagged
NOX	C3ZTT7	Q9HBY0	TN	TN	all_matched_unflagged	all_matched_unflagged
NOX	C3ZTT7	Q9JHI8	FN	FN	all_matched_unflagged	all_matched_unflagged
NOX	C3ZTT7	Q9NPH5	FN	FN	all_matched_unflagged	all_matched_unflagged
NOX	C3ZTT7	Q9WV87	TN	TN	all_matched_unflagged	all_matched_unflagged
NOX	C3ZTT7	Q9XYS3	FN	FN	all_matched_unflagged	all_matched_unflagged
NOX	C3ZTT7	Q9Y5S8	TN	TN	all_matched_unflagged	all_matched_unflagged
NOX	E1BFF3	E1BPJ7	TN	TN	all_matched_unflagged	all_matched_unflagged
NOX	E1BFF3	F1MQX5	TN	TN	all_matched_unflagged	all_matched_unflagged
NOX	E1BFF3	F1NVG4	TP	TP	all_matched_unflagged	all_matched_unflagged
NOX	E1BFF3	F1PL03	FP	TN	all_matched_unflagged	all_matched_unflagged
NOX	E1BFF3	F1PSM8	FP	TN	all_matched_unflagged	all_matched_unflagged
NOX	E1BFF3	F6U2X4	FP	TN	all_matched_unflagged	all_matched_unflagged
NOX	E1BFF3	F6YS00	TN	TN	all_matched_unflagged	all_matched_unflagged
NOX	E1BFF3	F6Z703	FP	TN	all_matched_unflagged	all_matched_unflagged
NOX	E1BFF3	F7AMC8	FP	TN	all_matched_unflagged	missing_without_positive
NOX	E1BFF3	F7CLH6	FP	TN	all_matched_unflagged	missing_without_positive
NOX	E1BFF3	F7ELK5	TP	TP	all_matched_unflagged	all_matched_unflagged
NOX	E1BFF3	G3QVH2	FP	TN	all_matched_unflagged	all_matched_unflagged
NOX	E1BFF3	G3QXY3	FP	TN	all_matched_unflagged	all_matched_unflagged
NOX	E1BFF3	G3RI51	TP	TP	all_matched_unflagged	all_matched_unflagged
NOX	E1BFF3	H2L879	FP	TN	all_matched_unflagged	all_matched_unflagged
NOX	E1BFF3	H2M5R6	FP	TN	all_matched_unflagged	all_matched_unflagged
NOX	E1BFF3	H2QTY3	TP	TP	all_matched_unflagged	all_matched_unflagged
NOX	E1BFF3	H2R4R9	FP	TN	all_matched_unflagged	all_matched_unflagged
NOX	E1BFF3	H2R516	FP	TN	all_matched_unflagged	all_matched_unflagged
NOX	E1BFF3	O46522	TN	TN	all_matched_unflagged	all_matched_unflagged
NOX	E1BFF3	P04839	FP	TN	all_matched_unflagged	all_matched_unflagged
NOX	E1BFF3	Q505H9	FP	TN	all_matched_unflagged	all_matched_unflagged
NOX	E1BFF3	Q61093	FP	TN	all_matched_unflagged	all_matched_unflagged
NOX	E1BFF3	Q672J9	TP	TP	all_matched_unflagged	all_matched_unflagged
NOX	E1BFF3	Q672K1	TP	TP	all_matched_unflagged	all_matched_unflagged
NOX	E1BFF3	Q7PS77	TN	TN	all_matched_unflagged	all_matched_unflagged
NOX	E1BFF3	Q7RW00	TP	TP	all_matched_unflagged	all_matched_unflagged
NOX	E1BFF3	Q86GL4	FN	FN	all_matched_unflagged	all_matched_unflagged
NOX	E1BFF3	Q8CIZ9	FP	TN	all_matched_unflagged	all_matched_unflagged
NOX	E1BFF3	Q924V1	FP	TN	all_matched_unflagged	all_matched_unflagged
NOX	E1BFF3	Q9ERL1	FP	TN	all_matched_unflagged	all_matched_unflagged
NOX	E1BFF3	Q9HBY0	TP	TP	all_matched_unflagged	all_matched_unflagged
NOX	E1BFF3	Q9JHI8	FP	TN	all_matched_unflagged	all_matched_unflagged
NOX	E1BFF3	Q9NPH5	FP	TN	all_matched_unflagged	all_matched_unflagged
NOX	E1BFF3	Q9WV87	FP	TN	all_matched_unflagged	all_matched_unflagged
NOX	E1BFF3	Q9XYS3	TP	TP	all_matched_unflagged	all_matched_unflagged
NOX	E1BFF3	Q9Y5S8	FP	TN	all_matched_unflagged	all_matched_unflagged
NOX	E1BPJ7	F1MQX5	TN	TN	all_matched_unflagged	all_matched_unflagged
NOX	E1BPJ7	F1NVG4	FP	TN	all_matched_unflagged	all_matched_unflagged
NOX	E1BPJ7	F1PL03	TP	TP	all_matched_unflagged	all_matched_unflagged
NOX	E1BPJ7	F1PSM8	FP	TN	all_matched_unflagged	all_matched_unflagged
NOX	E1BPJ7	F6U2X4	FP	TN	all_matched_unflagged	all_matched_unflagged
NOX	E1BPJ7	F6YS00	TN	TN	all_matched_unflagged	all_matched_unflagged
NOX	E1BPJ7	F6Z703	FP	TN	all_matched_unflagged	all_matched_unflagged
NOX	E1BPJ7	F7AMC8	TP	TP	all_matched_unflagged	missing_without_positive
NOX	E1BPJ7	F7CLH6	FP	TN	all_matched_unflagged	missing_without_positive
NOX	E1BPJ7	F7ELK5	FP	TN	all_matched_unflagged	all_matched_unflagged
NOX	E1BPJ7	G3QVH2	TP	TP	all_matched_unflagged	all_matched_unflagged
NOX	E1BPJ7	G3QXY3	FP	TN	all_matched_unflagged	all_matched_unflagged
NOX	E1BPJ7	G3RI51	FP	TN	all_matched_unflagged	all_matched_unflagged
NOX	E1BPJ7	H2L879	FP	TN	all_matched_unflagged	all_matched_unflagged
NOX	E1BPJ7	H2M5R6	FP	TN	all_matched_unflagged	all_matched_unflagged
NOX	E1BPJ7	H2QTY3	FP	TN	all_matched_unflagged	all_matched_unflagged
NOX	E1BPJ7	H2R4R9	FP	TN	all_matched_unflagged	all_matched_unflagged
NOX	E1BPJ7	H2R516	FP	TN	all_matched_unflagged	all_matched_unflagged
NOX	E1BPJ7	O46522	TN	TN	all_matched_unflagged	all_matched_unflagged
NOX	E1BPJ7	P04839	FP	TN	all_matched_unflagged	all_matched_unflagged
NOX	E1BPJ7	Q505H9	FP	TN	all_matched_unflagged	all_matched_unflagged
NOX	E1BPJ7	Q61093	FP	TN	all_matched_unflagged	all_matched_unflagged
NOX	E1BPJ7	Q672J9	FP	TN	all_matched_unflagged	all_matched_unflagged
NOX	E1BPJ7	Q672K1	FP	TN	all_matched_unflagged	all_matched_unflagged
NOX	E1BPJ7	Q7PS77	TN	TN	all_matched_unflagged	all_matched_unflagged
NOX	E1BPJ7	Q7RW00	TP	TP	all_matched_unflagged	all_matched_unflagged
NOX	E1BPJ7	Q86GL4	FN	FN	all_matched_unflagged	all_matched_unflagged
NOX	E1BPJ7	Q8CIZ9	TP	TP	all_matched_unflagged	all_matched_unflagged
NOX	E1BPJ7	Q924V1	FP	TN	all_matched_unflagged	all_matched_unflagged
NOX	E1BPJ7	Q9ERL1	FP	TN	all_matched_unflagged	all_matched_unflagged
NOX	E1BPJ7	Q9HBY0	FP	TN	all_matched_unflagged	all_matched_unflagged
NOX	E1BPJ7	Q9JHI8	FP	TN	all_matched_unflagged	all_matched_unflagged
NOX	E1BPJ7	Q9NPH5	FP	TN	all_matched_unflagged	all_matched_unflagged
NOX	E1BPJ7	Q9WV87	TP	TP	all_matched_unflagged	all_matched_unflagged
NOX	E1BPJ7	Q9XYS3	TP	TP	all_matched_unflagged	all_matched_unflagged
NOX	E1BPJ7	Q9Y5S8	TP	TP	all_matched_unflagged	all_matched_unflagged
NOX	F1MQX5	F1NVG4	FP	TN	all_matched_unflagged	all_matched_unflagged
NOX	F1MQX5	F1PL03	FP	TN	all_matched_unflagged	all_matched_unflagged
NOX	F1MQX5	F1PSM8	TP	TP	all_matched_unflagged	all_matched_unflagged
NOX	F1MQX5	F6U2X4	FP	TN	all_matched_unflagged	all_matched_unflagged
NOX	F1MQX5	F6YS00	FN	FN	all_matched_unflagged	all_matched_unflagged
NOX	F1MQX5	F6Z703	TP	TP	all_matched_unflagged	all_matched_unflagged
NOX	F1MQX5	F7AMC8	FP	TN	all_matched_unflagged	missing_without_positive
NOX	F1MQX5	F7CLH6	TP	TP	all_matched_unflagged	missing_without_positive
NOX	F1MQX5	F7ELK5	FP	TN	all_matched_unflagged	all_matched_unflagged
NOX	F1MQX5	G3QVH2	FP	TN	all_matched_unflagged	all_matched_unflagged
NOX	F1MQX5	G3QXY3	FP	TN	all_matched_unflagged	all_matched_unflagged
NOX	F1MQX5	G3RI51	FP	TN	all_matched_unflagged	all_matched_unflagged
NOX	F1MQX5	H2L879	FP	TN	all_matched_unflagged	all_matched_unflagged
NOX	F1MQX5	H2M5R6	TP	TP	all_matched_unflagged	all_matched_unflagged
NOX	F1MQX5	H2QTY3	FP	TN	all_matched_unflagged	all_matched_unflagged
NOX	F1MQX5	H2R4R9	FP	TN	all_matched_unflagged	all_matched_unflagged
NOX	F1MQX5	H2R516	TP	TP	all_matched_unflagged	all_matched_unflagged
NOX	F1MQX5	O46522	TN	TN	all_matched_unflagged	all_matched_unflagged
NOX	F1MQX5	P04839	FP	TN	all_matched_unflagged	all_matched_unflagged
NOX	F1MQX5	Q505H9	FP	TN	all_matched_unflagged	all_matched_unflagged
NOX	F1MQX5	Q61093	FP	TN	all_matched_unflagged	all_matched_unflagged
NOX	F1MQX5	Q672J9	FP	TN	all_matched_unflagged	all_matched_unflagged
NOX	F1MQX5	Q672K1	FP	TN	all_matched_unflagged	all_matched_unflagged
NOX	F1MQX5	Q7PS77	FN	FN	all_matched_unflagged	all_matched_unflagged
NOX	F1MQX5	Q7RW00	TP	TP	all_matched_unflagged	all_matched_unflagged
NOX	F1MQX5	Q86GL4	FN	FN	all_matched_unflagged	all_matched_unflagged
NOX	F1MQX5	Q8CIZ9	FP	TN	all_matched_unflagged	all_matched_unflagged
NOX	F1MQX5	Q924V1	TP	TP	all_matched_unflagged	all_matched_unflagged
NOX	F1MQX5	Q9ERL1	FP	TN	all_matched_unflagged	all_matched_unflagged
NOX	F1MQX5	Q9HBY0	FP	TN	all_matched_unflagged	all_matched_unflagged
NOX	F1MQX5	Q9JHI8	TP	TP	all_matched_unflagged	all_matched_unflagged
NOX	F1MQX5	Q9NPH5	TP	TP	all_matched_unflagged	all_matched_unflagged
NOX	F1MQX5	Q9WV87	FP	TN	all_matched_unflagged	all_matched_unflagged
NOX	F1MQX5	Q9XYS3	TP	TP	all_matched_unflagged	all_matched_unflagged
NOX	F1MQX5	Q9Y5S8	FP	TN	all_matched_unflagged	all_matched_unflagged
NOX	F1NVG4	F1PL03	FP	TN	all_matched_unflagged	all_matched_unflagged
NOX	F1NVG4	F1PSM8	FP	TN	all_matched_unflagged	all_matched_unflagged
NOX	F1NVG4	F6U2X4	FP	TN	all_matched_unflagged	all_matched_unflagged
NOX	F1NVG4	F6YS00	TN	TN	all_matched_unflagged	all_matched_unflagged
NOX	F1NVG4	F6Z703	FP	TN	all_matched_unflagged	all_matched_unflagged
NOX	F1NVG4	F7AMC8	FP	TN	all_matched_unflagged	missing_without_positive
NOX	F1NVG4	F7CLH6	FP	TN	all_matched_unflagged	missing_without_positive
NOX	F1NVG4	F7ELK5	TP	TP	all_matched_unflagged	all_matched_unflagged
NOX	F1NVG4	G3QVH2	FP	TN	all_matched_unflagged	all_matched_unflagged
NOX	F1NVG4	G3QXY3	FP	TN	all_matched_unflagged	all_matched_unflagged
NOX	F1NVG4	G3RI51	TP	TP	all_matched_unflagged	all_matched_unflagged
NOX	F1NVG4	H2L879	FP	TN	all_matched_unflagged	all_matched_unflagged
NOX	F1NVG4	H2M5R6	FP	TN	all_matched_unflagged	all_matched_unflagged
NOX	F1NVG4	H2QTY3	TP	TP	all_matched_unflagged	all_matched_unflagged
NOX	F1NVG4	H2R4R9	FP	TN	all_matched_unflagged	all_matched_unflagged
NOX	F1NVG4	H2R516	FP	TN	all_matched_unflagged	all_matched_unflagged
NOX	F1NVG4	O46522	FP	TN	all_matched_unflagged	all_matched_unflagged
NOX	F1NVG4	P04839	FP	TN	all_matched_unflagged	all_matched_unflagged
NOX	F1NVG4	Q505H9	FP	TN	all_matched_unflagged	all_matched_unflagged
NOX	F1NVG4	Q61093	FP	TN	all_matched_unflagged	all_matched_unflagged
NOX	F1NVG4	Q672J9	TP	TP	all_matched_unflagged	all_matched_unflagged
NOX	F1NVG4	Q672K1	TP	TP	all_matched_unflagged	all_matched_unflagged
NOX	F1NVG4	Q7PS77	TN	TN	all_matched_unflagged	all_matched_unflagged
NOX	F1NVG4	Q7RW00	TP	TP	all_matched_unflagged	all_matched_unflagged
NOX	F1NVG4	Q86GL4	FN	FN	all_matched_unflagged	all_matched_unflagged
NOX	F1NVG4	Q8CIZ9	FP	TN	all_matched_unflagged	all_matched_unflagged
NOX	F1NVG4	Q924V1	FP	TN	all_matched_unflagged	all_matched_unflagged
NOX	F1NVG4	Q9ERL1	FP	TN	all_matched_unflagged	all_matched_unflagged
NOX	F1NVG4	Q9HBY0	TP	TP	all_matched_unflagged	all_matched_unflagged
NOX	F1NVG4	Q9JHI8	FP	TN	all_matched_unflagged	all_matched_unflagged
NOX	F1NVG4	Q9NPH5	FP	TN	all_matched_unflagged	all_matched_unflagged
NOX	F1NVG4	Q9WV87	FP	TN	all_matched_unflagged	all_matched_unflagged
NOX	F1NVG4	Q9XYS3	TP	TP	all_matched_unflagged	all_matched_unflagged
NOX	F1NVG4	Q9Y5S8	FP	TN	all_matched_unflagged	all_matched_unflagged
NOX	F1PL03	F1PSM8	TN	TN	all_matched_unflagged	all_matched_unflagged
NOX	F1PL03	F6U2X4	FP	TN	all_matched_unflagged	all_matched_unflagged
NOX	F1PL03	F6YS00	TN	TN	all_matched_unflagged	all_matched_unflagged
NOX	F1PL03	F6Z703	FP	TN	all_matched_unflagged	all_matched_unflagged
NOX	F1PL03	F7AMC8	TP	TP	all_matched_unflagged	missing_without_positive
NOX	F1PL03	F7CLH6	FP	TN	all_matched_unflagged	missing_without_positive
NOX	F1PL03	F7ELK5	FP	TN	all_matched_unflagged	all_matched_unflagged
NOX	F1PL03	G3QVH2	TP	TP	all_matched_unflagged	all_matched_unflagged
NOX	F1PL03	G3QXY3	FP	TN	all_matched_unflagged	all_matched_unflagged
NOX	F1PL03	G3RI51	FP	TN	all_matched_unflagged	all_matched_unflagged
NOX	F1PL03	H2L879	FP	TN	all_matched_unflagged	all_matched_unflagged
NOX	F1PL03	H2M5R6	FP	TN	all_matched_unflagged	all_matched_unflagged
NOX	F1PL03	H2QTY3	FP	TN	all_matched_unflagged	all_matched_unflagged
NOX	F1PL03	H2R4R9	FP	TN	all_matched_unflagged	all_matched_unflagged
NOX	F1PL03	H2R516	FP	TN	all_matched_unflagged	all_matched_unflagged
NOX	F1PL03	O46522	FP	TN	all_matched_unflagged	all_matched_unflagged
NOX	F1PL03	P04839	FP	TN	all_matched_unflagged	all_matched_unflagged
NOX	F1PL03	Q505H9	FP	TN	all_matched_unflagged	all_matched_unflagged
NOX	F1PL03	Q61093	FP	TN	all_matched_unflagged	all_matched_unflagged
NOX	F1PL03	Q672J9	FP	TN	all_matched_unflagged	all_matched_unflagged
NOX	F1PL03	Q672K1	FP	TN	all_matched_unflagged	all_matched_unflagged
NOX	F1PL03	Q7PS77	TN	TN	all_matched_unflagged	all_matched_unflagged
NOX	F1PL03	Q7RW00	TP	TP	all_matched_unflagged	all_matched_unflagged
NOX	F1PL03	Q86GL4	FN	FN	all_matched_unflagged	all_matched_unflagged
NOX	F1PL03	Q8CIZ9	TP	TP	all_matched_unflagged	all_matched_unflagged
NOX	F1PL03	Q924V1	FP	TN	all_matched_unflagged	all_matched_unflagged
NOX	F1PL03	Q9ERL1	FP	TN	all_matched_unflagged	all_matched_unflagged
NOX	F1PL03	Q9HBY0	FP	TN	all_matched_unflagged	all_matched_unflagged
NOX	F1PL03	Q9JHI8	FP	TN	all_matched_unflagged	all_matched_unflagged
NOX	F1PL03	Q9NPH5	FP	TN	all_matched_unflagged	all_matched_unflagged
NOX	F1PL03	Q9WV87	TP	TP	all_matched_unflagged	all_matched_unflagged
NOX	F1PL03	Q9XYS3	TP	TP	all_matched_unflagged	all_matched_unflagged
NOX	F1PL03	Q9Y5S8	TP	TP	all_matched_unflagged	all_matched_unflagged
NOX	F1PSM8	F6U2X4	FP	TN	all_matched_unflagged	all_matched_unflagged
NOX	F1PSM8	F6YS00	FN	FN	all_matched_unflagged	all_matched_unflagged
NOX	F1PSM8	F6Z703	TP	TP	all_matched_unflagged	all_matched_unflagged
NOX	F1PSM8	F7AMC8	FP	TN	all_matched_unflagged	missing_without_positive
NOX	F1PSM8	F7CLH6	TP	TP	all_matched_unflagged	missing_without_positive
NOX	F1PSM8	F7ELK5	FP	TN	all_matched_unflagged	all_matched_unflagged
NOX	F1PSM8	G3QVH2	FP	TN	all_matched_unflagged	all_matched_unflagged
NOX	F1PSM8	G3QXY3	FP	TN	all_matched_unflagged	all_matched_unflagged
NOX	F1PSM8	G3RI51	FP	TN	all_matched_unflagged	all_matched_unflagged
NOX	F1PSM8	H2L879	FP	TN	all_matched_unflagged	all_matched_unflagged
NOX	F1PSM8	H2M5R6	TP	TP	all_matched_unflagged	all_matched_unflagged
NOX	F1PSM8	H2QTY3	FP	TN	all_matched_unflagged	all_matched_unflagged
NOX	F1PSM8	H2R4R9	FP	TN	all_matched_unflagged	all_matched_unflagged
NOX	F1PSM8	H2R516	TP	TP	all_matched_unflagged	all_matched_unflagged
NOX	F1PSM8	O46522	FP	TN	all_matched_unflagged	all_matched_unflagged
NOX	F1PSM8	P04839	FP	TN	all_matched_unflagged	all_matched_unflagged
NOX	F1PSM8	Q505H9	FP	TN	all_matched_unflagged	all_matched_unflagged
NOX	F1PSM8	Q61093	FP	TN	all_matched_unflagged	all_matched_unflagged
NOX	F1PSM8	Q672J9	FP	TN	all_matched_unflagged	all_matched_unflagged
NOX	F1PSM8	Q672K1	FP	TN	all_matched_unflagged	all_matched_unflagged
NOX	F1PSM8	Q7PS77	FN	FN	all_matched_unflagged	all_matched_unflagged
NOX	F1PSM8	Q7RW00	TP	TP	all_matched_unflagged	all_matched_unflagged
NOX	F1PSM8	Q86GL4	FN	FN	all_matched_unflagged	all_matched_unflagged
NOX	F1PSM8	Q8CIZ9	FP	TN	all_matched_unflagged	all_matched_unflagged
NOX	F1PSM8	Q924V1	TP	TP	all_matched_unflagged	all_matched_unflagged
NOX	F1PSM8	Q9ERL1	FP	TN	all_matched_unflagged	all_matched_unflagged
NOX	F1PSM8	Q9HBY0	FP	TN	all_matched_unflagged	all_matched_unflagged
NOX	F1PSM8	Q9JHI8	TP	TP	all_matched_unflagged	all_matched_unflagged
NOX	F1PSM8	Q9NPH5	TP	TP	all_matched_unflagged	all_matched_unflagged
NOX	F1PSM8	Q9WV87	FP	TN	all_matched_unflagged	all_matched_unflagged
NOX	F1PSM8	Q9XYS3	TP	TP	all_matched_unflagged	all_matched_unflagged
NOX	F1PSM8	Q9Y5S8	FP	TN	all_matched_unflagged	all_matched_unflagged
NOX	F6U2X4	F6YS00	TN	TN	all_matched_unflagged	all_matched_unflagged
NOX	F6U2X4	F6Z703	TN	TN	all_matched_unflagged	all_matched_unflagged
NOX	F6U2X4	F7AMC8	FP	TN	all_matched_unflagged	missing_without_positive
NOX	F6U2X4	F7CLH6	FP	TN	all_matched_unflagged	missing_without_positive
NOX	F6U2X4	F7ELK5	TN	TN	all_matched_unflagged	all_matched_unflagged
NOX	F6U2X4	G3QVH2	FP	TN	all_matched_unflagged	all_matched_unflagged
NOX	F6U2X4	G3QXY3	TP	TP	all_matched_unflagged	all_matched_unflagged
NOX	F6U2X4	G3RI51	FP	TN	all_matched_unflagged	all_matched_unflagged
NOX	F6U2X4	H2L879	TP	TP	all_matched_unflagged	all_matched_unflagged
NOX	F6U2X4	H2M5R6	FP	TN	all_matched_unflagged	all_matched_unflagged
NOX	F6U2X4	H2QTY3	FP	TN	all_matched_unflagged	all_matched_unflagged
NOX	F6U2X4	H2R4R9	TP	TP	all_matched_unflagged	all_matched_unflagged
NOX	F6U2X4	H2R516	FP	TN	all_matched_unflagged	all_matched_unflagged
NOX	F6U2X4	O46522	TP	TP	all_matched_unflagged	all_matched_unflagged
NOX	F6U2X4	P04839	TP	TP	all_matched_unflagged	all_matched_unflagged
NOX	F6U2X4	Q505H9	TP	TP	all_matched_unflagged	all_matched_unflagged
NOX	F6U2X4	Q61093	TP	TP	all_matched_unflagged	all_matched_unflagged
NOX	F6U2X4	Q672J9	FP	TN	all_matched_unflagged	all_matched_unflagged
NOX	F6U2X4	Q672K1	FP	TN	all_matched_unflagged	all_matched_unflagged
NOX	F6U2X4	Q7PS77	TN	TN	all_matched_unflagged	all_matched_unflagged
NOX	F6U2X4	Q7RW00	TP	TP	all_matched_unflagged	all_matched_unflagged
NOX	F6U2X4	Q86GL4	FN	FN	all_matched_unflagged	all_matched_unflagged
NOX	F6U2X4	Q8CIZ9	FP	TN	all_matched_unflagged	all_matched_unflagged
NOX	F6U2X4	Q924V1	FP	TN	all_matched_unflagged	all_matched_unflagged
NOX	F6U2X4	Q9ERL1	TP	TP	all_matched_unflagged	all_matched_unflagged
NOX	F6U2X4	Q9HBY0	FP	TN	all_matched_unflagged	all_matched_unflagged
NOX	F6U2X4	Q9JHI8	FP	TN	all_matched_unflagged	all_matched_unflagged
NOX	F6U2X4	Q9NPH5	FP	TN	all_matched_unflagged	all_matched_unflagged
NOX	F6U2X4	Q9WV87	FP	TN	all_matched_unflagged	all_matched_unflagged
NOX	F6U2X4	Q9XYS3	TP	TP	all_matched_unflagged	all_matched_unflagged
NOX	F6U2X4	Q9Y5S8	FP	TN	all_matched_unflagged	all_matched_unflagged
NOX	F6YS00	F6Z703	FN	FN	all_matched_unflagged	all_matched_unflagged
NOX	F6YS00	F7AMC8	TN	TN	all_matched_unflagged	missing_without_positive
NOX	F6YS00	F7CLH6	FN	FN	all_matched_unflagged	missing_without_positive
NOX	F6YS00	F7ELK5	TN	TN	all_matched_unflagged	all_matched_unflagged
NOX	F6YS00	G3QVH2	TN	TN	all_matched_unflagged	all_matched_unflagged
NOX	F6YS00	G3QXY3	TN	TN	all_matched_unflagged	all_matched_unflagged
NOX	F6YS00	G3RI51	TN	TN	all_matched_unflagged	all_matched_unflagged
NOX	F6YS00	H2L879	TN	TN	all_matched_unflagged	all_matched_unflagged
NOX	F6YS00	H2M5R6	FN	FN	all_matched_unflagged	all_matched_unflagged
NOX	F6YS00	H2QTY3	TN	TN	all_matched_unflagged	all_matched_unflagged
NOX	F6YS00	H2R4R9	TN	TN	all_matched_unflagged	all_matched_unflagged
NOX	F6YS00	H2R516	FN	FN	all_matched_unflagged	all_matched_unflagged
NOX	F6YS00	O46522	TN	TN	all_matched_unflagged	all_matched_unflagged
NOX	F6YS00	P04839	TN	TN	all_matched_unflagged	all_matched_unflagged
NOX	F6YS00	Q505H9	TN	TN	all_matched_unflagged	all_matched_unflagged
NOX	F6YS00	Q61093	TN	TN	all_matched_unflagged	all_matched_unflagged
NOX	F6YS00	Q672J9	TN	TN	all_matched_unflagged	all_matched_unflagged
NOX	F6YS00	Q672K1	TN	TN	all_matched_unflagged	all_matched_unflagged
NOX	F6YS00	Q7PS77	FN	FN	all_matched_unflagged	all_matched_unflagged
NOX	F6YS00	Q7RW00	FN	FN	all_matched_unflagged	all_matched_unflagged
NOX	F6YS00	Q86GL4	FN	FN	all_matched_unflagged	all_matched_unflagged
NOX	F6YS00	Q8CIZ9	TN	TN	all_matched_unflagged	all_matched_unflagged
NOX	F6YS00	Q924V1	FN	FN	all_matched_unflagged	all_matched_unflagged
NOX	F6YS00	Q9ERL1	TN	TN	all_matched_unflagged	all_matched_unflagged
NOX	F6YS00	Q9HBY0	TN	TN	all_matched_unflagged	all_matched_unflagged
NOX	F6YS00	Q9JHI8	FN	FN	all_matched_unflagged	all_matched_unflagged
NOX	F6YS00	Q9NPH5	FN	FN	all_matched_unflagged	all_matched_unflagged
NOX	F6YS00	Q9WV87	TN	TN	all_matched_unflagged	all_matched_unflagged
NOX	F6YS00	Q9XYS3	FN	FN	all_matched_unflagged	all_matched_unflagged
NOX	F6YS00	Q9Y5S8	TN	TN	all_matched_unflagged	all_matched_unflagged
NOX	F6Z703	F7AMC8	FP	TN	all_matched_unflagged	missing_without_positive
NOX	F6Z703	F7CLH6	TP	TP	all_matched_unflagged	missing_without_positive
NOX	F6Z703	F7ELK5	TN	TN	all_matched_unflagged	all_matched_unflagged
NOX	F6Z703	G3QVH2	FP	TN	all_matched_unflagged	all_matched_unflagged
NOX	F6Z703	G3QXY3	FP	TN	all_matched_unflagged	all_matched_unflagged
NOX	F6Z703	G3RI51	FP	TN	all_matched_unflagged	all_matched_unflagged
NOX	F6Z703	H2L879	FP	TN	all_matched_unflagged	all_matched_unflagged
NOX	F6Z703	H2M5R6	TP	TP	all_matched_unflagged	all_matched_unflagged
NOX	F6Z703	H2QTY3	FP	TN	all_matched_unflagged	all_matched_unflagged
NOX	F6Z703	H2R4R9	FP	TN	all_matched_unflagged	all_matched_unflagged
NOX	F6Z703	H2R516	TP	TP	all_matched_unflagged	all_matched_unflagged
NOX	F6Z703	O46522	FP	TN	all_matched_unflagged	all_matched_unflagged
NOX	F6Z703	P04839	FP	TN	all_matched_unflagged	all_matched_unflagged
NOX	F6Z703	Q505H9	FP	TN	all_matched_unflagged	all_matched_unflagged
NOX	F6Z703	Q61093	FP	TN	all_matched_unflagged	all_matched_unflagged
NOX	F6Z703	Q672J9	FP	TN	all_matched_unflagged	all_matched_unflagged
NOX	F6Z703	Q672K1	FP	TN	all_matched_unflagged	all_matched_unflagged
NOX	F6Z703	Q7PS77	FN	FN	all_matched_unflagged	all_matched_unflagged
NOX	F6Z703	Q7RW00	TP	TP	all_matched_unflagged	all_matched_unflagged
NOX	F6Z703	Q86GL4	FN	FN	all_matched_unflagged	all_matched_unflagged
NOX	F6Z703	Q8CIZ9	FP	TN	all_matched_unflagged	all_matched_unflagged
NOX	F6Z703	Q924V1	TP	TP	all_matched_unflagged	all_matched_unflagged
NOX	F6Z703	Q9ERL1	FP	TN	all_matched_unflagged	all_matched_unflagged
NOX	F6Z703	Q9HBY0	FP	TN	all_matched_unflagged	all_matched_unflagged
NOX	F6Z703	Q9JHI8	TP	TP	all_matched_unflagged	all_matched_unflagged
NOX	F6Z703	Q9NPH5	TP	TP	all_matched_unflagged	all_matched_unflagged
NOX	F6Z703	Q9WV87	FP	TN	all_matched_unflagged	all_matched_unflagged
NOX	F6Z703	Q9XYS3	TP	TP	all_matched_unflagged	all_matched_unflagged
NOX	F6Z703	Q9Y5S8	FP	TN	all_matched_unflagged	all_matched_unflagged
NOX	F7AMC8	F7CLH6	TN	TN	all_matched_unflagged	missing_without_positive
NOX	F7AMC8	F7ELK5	FP	TN	all_matched_unflagged	missing_without_positive
NOX	F7AMC8	G3QVH2	TP	TP	all_matched_unflagged	missing_without_positive
NOX	F7AMC8	G3QXY3	FP	TN	all_matched_unflagged	missing_without_positive
NOX	F7AMC8	G3RI51	FP	TN	all_matched_unflagged	missing_without_positive
NOX	F7AMC8	H2L879	FP	TN	all_matched_unflagged	missing_without_positive
NOX	F7AMC8	H2M5R6	FP	TN	all_matched_unflagged	missing_without_positive
NOX	F7AMC8	H2QTY3	FP	TN	all_matched_unflagged	missing_without_positive
NOX	F7AMC8	H2R4R9	FP	TN	all_matched_unflagged	missing_without_positive
NOX	F7AMC8	H2R516	FP	TN	all_matched_unflagged	missing_without_positive
NOX	F7AMC8	O46522	FP	TN	all_matched_unflagged	missing_without_positive
NOX	F7AMC8	P04839	FP	TN	all_matched_unflagged	missing_without_positive
NOX	F7AMC8	Q505H9	TN	TN	all_matched_unflagged	missing_without_positive
NOX	F7AMC8	Q61093	FP	TN	all_matched_unflagged	missing_without_positive
NOX	F7AMC8	Q672J9	FP	TN	all_matched_unflagged	missing_without_positive
NOX	F7AMC8	Q672K1	FP	TN	all_matched_unflagged	missing_without_positive
NOX	F7AMC8	Q7PS77	TN	TN	all_matched_unflagged	missing_without_positive
NOX	F7AMC8	Q7RW00	TP	TP	all_matched_unflagged	missing_without_positive
NOX	F7AMC8	Q86GL4	FN	FN	all_matched_unflagged	missing_without_positive
NOX	F7AMC8	Q8CIZ9	TP	TP	all_matched_unflagged	missing_without_positive
NOX	F7AMC8	Q924V1	FP	TN	all_matched_unflagged	missing_without_positive
NOX	F7AMC8	Q9ERL1	FP	TN	all_matched_unflagged	missing_without_positive
NOX	F7AMC8	Q9HBY0	FP	TN	all_matched_unflagged	missing_without_positive
NOX	F7AMC8	Q9JHI8	FP	TN	all_matched_unflagged	missing_without_positive
NOX	F7AMC8	Q9NPH5	FP	TN	all_matched_unflagged	missing_without_positive
NOX	F7AMC8	Q9WV87	TP	TP	all_matched_unflagged	missing_without_positive
NOX	F7AMC8	Q9XYS3	TP	TP	all_matched_unflagged	missing_without_positive
NOX	F7AMC8	Q9Y5S8	TP	TP	all_matched_unflagged	missing_without_positive
NOX	F7CLH6	F7ELK5	FP	TN	all_matched_unflagged	missing_without_positive
NOX	F7CLH6	G3QVH2	FP	TN	all_matched_unflagged	missing_without_positive
NOX	F7CLH6	G3QXY3	FP	TN	all_matched_unflagged	missing_without_positive
NOX	F7CLH6	G3RI51	FP	TN	all_matched_unflagged	missing_without_positive
NOX	F7CLH6	H2L879	FP	TN	all_matched_unflagged	missing_without_positive
NOX	F7CLH6	H2M5R6	TP	TP	all_matched_unflagged	missing_without_positive
NOX	F7CLH6	H2QTY3	FP	TN	all_matched_unflagged	missing_without_positive
NOX	F7CLH6	H2R4R9	FP	TN	all_matched_unflagged	missing_without_positive
NOX	F7CLH6	H2R516	TP	TP	all_matched_unflagged	missing_without_positive
NOX	F7CLH6	O46522	FP	TN	all_matched_unflagged	missing_without_positive
NOX	F7CLH6	P04839	FP	TN	all_matched_unflagged	missing_without_positive
NOX	F7CLH6	Q505H9	TN	TN	all_matched_unflagged	missing_without_positive
NOX	F7CLH6	Q61093	FP	TN	all_matched_unflagged	missing_without_positive
NOX	F7CLH6	Q672J9	FP	TN	all_matched_unflagged	missing_without_positive
NOX	F7CLH6	Q672K1	FP	TN	all_matched_unflagged	missing_without_positive
NOX	F7CLH6	Q7PS77	FN	FN	all_matched_unflagged	missing_without_positive
NOX	F7CLH6	Q7RW00	TP	TP	all_matched_unflagged	missing_without_positive
NOX	F7CLH6	Q86GL4	FN	FN	all_matched_unflagged	missing_without_positive
NOX	F7CLH6	Q8CIZ9	FP	TN	all_matched_unflagged	missing_without_positive
NOX	F7CLH6	Q924V1	TP	TP	all_matched_unflagged	missing_without_positive
NOX	F7CLH6	Q9ERL1	FP	TN	all_matched_unflagged	missing_without_positive
NOX	F7CLH6	Q9HBY0	FP	TN	all_matched_unflagged	missing_without_positive
NOX	F7CLH6	Q9JHI8	TP	TP	all_matched_unflagged	missing_without_positive
NOX	F7CLH6	Q9NPH5	TP	TP	all_matched_unflagged	missing_without_positive
NOX	F7CLH6	Q9WV87	FP	TN	all_matched_unflagged	missing_without_positive
NOX	F7CLH6	Q9XYS3	TP	TP	all_matched_unflagged	missing_without_positive
NOX	F7CLH6	Q9Y5S8	FP	TN	all_matched_unflagged	missing_without_positive
NOX	F7ELK5	G3QVH2	FP	TN	all_matched_unflagged	all_matched_unflagged
NOX	F7ELK5	G3QXY3	FP	TN	all_matched_unflagged	all_matched_unflagged
NOX	F7ELK5	G3RI51	TP	TP	all_matched_unflagged	all_matched_unflagged
NOX	F7ELK5	H2L879	FP	TN	all_matched_unflagged	all_matched_unflagged
NOX	F7ELK5	H2M5R6	FP	TN	all_matched_unflagged	all_matched_unflagged
NOX	F7ELK5	H2QTY3	TP	TP	all_matched_unflagged	all_matched_unflagged
NOX	F7ELK5	H2R4R9	FP	TN	all_matched_unflagged	all_matched_unflagged
NOX	F7ELK5	H2R516	FP	TN	all_matched_unflagged	all_matched_unflagged
NOX	F7ELK5	O46522	FP	TN	all_matched_unflagged	all_matched_unflagged
NOX	F7ELK5	P04839	FP	TN	all_matched_unflagged	all_matched_unflagged
NOX	F7ELK5	Q505H9	FP	TN	all_matched_unflagged	all_matched_unflagged
NOX	F7ELK5	Q61093	FP	TN	all_matched_unflagged	all_matched_unflagged
NOX	F7ELK5	Q672J9	TP	TP	all_matched_unflagged	all_matched_unflagged
NOX	F7ELK5	Q672K1	TP	TP	all_matched_unflagged	all_matched_unflagged
NOX	F7ELK5	Q7PS77	TN	TN	all_matched_unflagged	all_matched_unflagged
NOX	F7ELK5	Q7RW00	TP	TP	all_matched_unflagged	all_matched_unflagged
NOX	F7ELK5	Q86GL4	FN	FN	all_matched_unflagged	all_matched_unflagged
NOX	F7ELK5	Q8CIZ9	FP	TN	all_matched_unflagged	all_matched_unflagged
NOX	F7ELK5	Q924V1	FP	TN	all_matched_unflagged	all_matched_unflagged
NOX	F7ELK5	Q9ERL1	FP	TN	all_matched_unflagged	all_matched_unflagged
NOX	F7ELK5	Q9HBY0	TP	TP	all_matched_unflagged	all_matched_unflagged
NOX	F7ELK5	Q9JHI8	FP	TN	all_matched_unflagged	all_matched_unflagged
NOX	F7ELK5	Q9NPH5	FP	TN	all_matched_unflagged	all_matched_unflagged
NOX	F7ELK5	Q9WV87	FP	TN	all_matched_unflagged	all_matched_unflagged
NOX	F7ELK5	Q9XYS3	TP	TP	all_matched_unflagged	all_matched_unflagged
NOX	F7ELK5	Q9Y5S8	FP	TN	all_matched_unflagged	all_matched_unflagged
NOX	G3QVH2	G3QXY3	TN	TN	all_matched_unflagged	all_matched_unflagged
NOX	G3QVH2	G3RI51	TN	TN	all_matched_unflagged	all_matched_unflagged
NOX	G3QVH2	H2L879	FP	TN	all_matched_unflagged	all_matched_unflagged
NOX	G3QVH2	H2M5R6	FP	TN	all_matched_unflagged	all_matched_unflagged
NOX	G3QVH2	H2QTY3	FP	TN	all_matched_unflagged	all_matched_unflagged
NOX	G3QVH2	H2R4R9	FP	TN	all_matched_unflagged	all_matched_unflagged
NOX	G3QVH2	H2R516	FP	TN	all_matched_unflagged	all_matched_unflagged
NOX	G3QVH2	O46522	FP	TN	all_matched_unflagged	all_matched_unflagged
NOX	G3QVH2	P04839	FP	TN	all_matched_unflagged	all_matched_unflagged
NOX	G3QVH2	Q505H9	FP	TN	all_matched_unflagged	all_matched_unflagged
NOX	G3QVH2	Q61093	FP	TN	all_matched_unflagged	all_matched_unflagged
NOX	G3QVH2	Q672J9	FP	TN	all_matched_unflagged	all_matched_unflagged
NOX	G3QVH2	Q672K1	FP	TN	all_matched_unflagged	all_matched_unflagged
NOX	G3QVH2	Q7PS77	TN	TN	all_matched_unflagged	all_matched_unflagged
NOX	G3QVH2	Q7RW00	TP	TP	all_matched_unflagged	all_matched_unflagged
NOX	G3QVH2	Q86GL4	FN	FN	all_matched_unflagged	all_matched_unflagged
NOX	G3QVH2	Q8CIZ9	TP	TP	all_matched_unflagged	all_matched_unflagged
NOX	G3QVH2	Q924V1	FP	TN	all_matched_unflagged	all_matched_unflagged
NOX	G3QVH2	Q9ERL1	FP	TN	all_matched_unflagged	all_matched_unflagged
NOX	G3QVH2	Q9HBY0	FP	TN	all_matched_unflagged	all_matched_unflagged
NOX	G3QVH2	Q9JHI8	FP	TN	all_matched_unflagged	all_matched_unflagged
NOX	G3QVH2	Q9NPH5	FP	TN	all_matched_unflagged	all_matched_unflagged
NOX	G3QVH2	Q9WV87	TP	TP	all_matched_unflagged	all_matched_unflagged
NOX	G3QVH2	Q9XYS3	TP	TP	all_matched_unflagged	all_matched_unflagged
NOX	G3QVH2	Q9Y5S8	TP	TP	all_matched_unflagged	all_matched_unflagged
NOX	G3QXY3	G3RI51	TN	TN	all_matched_unflagged	all_matched_unflagged
NOX	G3QXY3	H2L879	TP	TP	all_matched_unflagged	all_matched_unflagged
NOX	G3QXY3	H2M5R6	FP	TN	all_matched_unflagged	all_matched_unflagged
NOX	G3QXY3	H2QTY3	FP	TN	all_matched_unflagged	all_matched_unflagged
NOX	G3QXY3	H2R4R9	TP	TP	all_matched_unflagged	all_matched_unflagged
NOX	G3QXY3	H2R516	FP	TN	all_matched_unflagged	all_matched_unflagged
NOX	G3QXY3	O46522	TP	TP	all_matched_unflagged	all_matched_unflagged
NOX	G3QXY3	P04839	TP	TP	all_matched_unflagged	all_matched_unflagged
NOX	G3QXY3	Q505H9	TP	TP	all_matched_unflagged	all_matched_unflagged
NOX	G3QXY3	Q61093	TP	TP	all_matched_unflagged	all_matched_unflagged
NOX	G3QXY3	Q672J9	FP	TN	all_matched_unflagged	all_matched_unflagged
NOX	G3QXY3	Q672K1	FP	TN	all_matched_unflagged	all_matched_unflagged
NOX	G3QXY3	Q7PS77	TN	TN	all_matched_unflagged	all_matched_unflagged
NOX	G3QXY3	Q7RW00	TP	TP	all_matched_unflagged	all_matched_unflagged
NOX	G3QXY3	Q86GL4	FN	FN	all_matched_unflagged	all_matched_unflagged
NOX	G3QXY3	Q8CIZ9	FP	TN	all_matched_unflagged	all_matched_unflagged
NOX	G3QXY3	Q924V1	FP	TN	all_matched_unflagged	all_matched_unflagged
NOX	G3QXY3	Q9ERL1	TP	TP	all_matched_unflagged	all_matched_unflagged
NOX	G3QXY3	Q9HBY0	FP	TN	all_matched_unflagged	all_matched_unflagged
NOX	G3QXY3	Q9JHI8	FP	TN	all_matched_unflagged	all_matched_unflagged
NOX	G3QXY3	Q9NPH5	FP	TN	all_matched_unflagged	all_matched_unflagged
NOX	G3QXY3	Q9WV87	FP	TN	all_matched_unflagged	all_matched_unflagged
NOX	G3QXY3	Q9XYS3	TP	TP	all_matched_unflagged	all_matched_unflagged
NOX	G3QXY3	Q9Y5S8	FP	TN	all_matched_unflagged	all_matched_unflagged
NOX	G3RI51	H2L879	FP	TN	all_matched_unflagged	all_matched_unflagged
NOX	G3RI51	H2M5R6	FP	TN	all_matched_unflagged	all_matched_unflagged
NOX	G3RI51	H2QTY3	TP	TP	all_matched_unflagged	all_matched_unflagged
NOX	G3RI51	H2R4R9	FP	TN	all_matched_unflagged	all_matched_unflagged
NOX	G3RI51	H2R516	FP	TN	all_matched_unflagged	all_matched_unflagged
NOX	G3RI51	O46522	FP	TN	all_matched_unflagged	all_matched_unflagged
NOX	G3RI51	P04839	FP	TN	all_matched_unflagged	all_matched_unflagged
NOX	G3RI51	Q505H9	FP	TN	all_matched_unflagged	all_matched_unflagged
NOX	G3RI51	Q61093	FP	TN	all_matched_unflagged	all_matched_unflagged
NOX	G3RI51	Q672J9	TP	TP	all_matched_unflagged	all_matched_unflagged
NOX	G3RI51	Q672K1	TP	TP	all_matched_unflagged	all_matched_unflagged
NOX	G3RI51	Q7PS77	TN	TN	all_matched_unflagged	all_matched_unflagged
NOX	G3RI51	Q7RW00	TP	TP	all_matched_unflagged	all_matched_unflagged
NOX	G3RI51	Q86GL4	FN	FN	all_matched_unflagged	all_matched_unflagged
NOX	G3RI51	Q8CIZ9	FP	TN	all_matched_unflagged	all_matched_unflagged
NOX	G3RI51	Q924V1	FP	TN	all_matched_unflagged	all_matched_unflagged
NOX	G3RI51	Q9ERL1	FP	TN	all_matched_unflagged	all_matched_unflagged
NOX	G3RI51	Q9HBY0	TP	TP	all_matched_unflagged	all_matched_unflagged
NOX	G3RI51	Q9JHI8	FP	TN	all_matched_unflagged	all_matched_unflagged
NOX	G3RI51	Q9NPH5	FP	TN	all_matched_unflagged	all_matched_unflagged
NOX	G3RI51	Q9WV87	FP	TN	all_matched_unflagged	all_matched_unflagged
NOX	G3RI51	Q9XYS3	TP	TP	all_matched_unflagged	all_matched_unflagged
NOX	G3RI51	Q9Y5S8	FP	TN	all_matched_unflagged	all_matched_unflagged
NOX	H2L879	H2M5R6	TN	TN	all_matched_unflagged	all_matched_unflagged
NOX	H2L879	H2QTY3	FP	TN	all_matched_unflagged	all_matched_unflagged
NOX	H2L879	H2R4R9	TP	TP	all_matched_unflagged	all_matched_unflagged
NOX	H2L879	H2R516	FP	TN	all_matched_unflagged	all_matched_unflagged
NOX	H2L879	O46522	TP	TP	all_matched_unflagged	all_matched_unflagged
NOX	H2L879	P04839	TP	TP	all_matched_unflagged	all_matched_unflagged
NOX	H2L879	Q505H9	TP	TP	all_matched_unflagged	all_matched_unflagged
NOX	H2L879	Q61093	TP	TP	all_matched_unflagged	all_matched_unflagged
NOX	H2L879	Q672J9	FP	TN	all_matched_unflagged	all_matched_unflagged
NOX	H2L879	Q672K1	FP	TN	all_matched_unflagged	all_matched_unflagged
NOX	H2L879	Q7PS77	TN	TN	all_matched_unflagged	all_matched_unflagged
NOX	H2L879	Q7RW00	TP	TP	all_matched_unflagged	all_matched_unflagged
NOX	H2L879	Q86GL4	FN	FN	all_matched_unflagged	all_matched_unflagged
NOX	H2L879	Q8CIZ9	FP	TN	all_matched_unflagged	all_matched_unflagged
NOX	H2L879	Q924V1	FP	TN	all_matched_unflagged	all_matched_unflagged
NOX	H2L879	Q9ERL1	TP	TP	all_matched_unflagged	all_matched_unflagged
NOX	H2L879	Q9HBY0	FP	TN	all_matched_unflagged	all_matched_unflagged
NOX	H2L879	Q9JHI8	FP	TN	all_matched_unflagged	all_matched_unflagged
NOX	H2L879	Q9NPH5	FP	TN	all_matched_unflagged	all_matched_unflagged
NOX	H2L879	Q9WV87	FP	TN	all_matched_unflagged	all_matched_unflagged
NOX	H2L879	Q9XYS3	TP	TP	all_matched_unflagged	all_matched_unflagged
NOX	H2L879	Q9Y5S8	FP	TN	all_matched_unflagged	all_matched_unflagged
NOX	H2M5R6	H2QTY3	FP	TN	all_matched_unflagged	all_matched_unflagged
NOX	H2M5R6	H2R4R9	FP	TN	all_matched_unflagged	all_matched_unflagged
NOX	H2M5R6	H2R516	TP	TP	all_matched_unflagged	all_matched_unflagged
NOX	H2M5R6	O46522	FP	TN	all_matched_unflagged	all_matched_unflagged
NOX	H2M5R6	P04839	FP	TN	all_matched_unflagged	all_matched_unflagged
NOX	H2M5R6	Q505H9	FP	TN	all_matched_unflagged	all_matched_unflagged
NOX	H2M5R6	Q61093	FP	TN	all_matched_unflagged	all_matched_unflagged
NOX	H2M5R6	Q672J9	FP	TN	all_matched_unflagged	all_matched_unflagged
NOX	H2M5R6	Q672K1	FP	TN	all_matched_unflagged	all_matched_unflagged
NOX	H2M5R6	Q7PS77	FN	FN	all_matched_unflagged	all_matched_unflagged
NOX	H2M5R6	Q7RW00	TP	TP	all_matched_unflagged	all_matched_unflagged
NOX	H2M5R6	Q86GL4	FN	FN	all_matched_unflagged	all_matched_unflagged
NOX	H2M5R6	Q8CIZ9	FP	TN	all_matched_unflagged	all_matched_unflagged
NOX	H2M5R6	Q924V1	TP	TP	all_matched_unflagged	all_matched_unflagged
NOX	H2M5R6	Q9ERL1	FP	TN	all_matched_unflagged	all_matched_unflagged
NOX	H2M5R6	Q9HBY0	FP	TN	all_matched_unflagged	all_matched_unflagged
NOX	H2M5R6	Q9JHI8	TP	TP	all_matched_unflagged	all_matched_unflagged
NOX	H2M5R6	Q9NPH5	TP	TP	all_matched_unflagged	all_matched_unflagged
NOX	H2M5R6	Q9WV87	FP	TN	all_matched_unflagged	all_matched_unflagged
NOX	H2M5R6	Q9XYS3	TP	TP	all_matched_unflagged	all_matched_unflagged
NOX	H2M5R6	Q9Y5S8	FP	TN	all_matched_unflagged	all_matched_unflagged
NOX	H2QTY3	H2R4R9	TN	TN	all_matched_unflagged	all_matched_unflagged
NOX	H2QTY3	H2R516	TN	TN	all_matched_unflagged	all_matched_unflagged
NOX	H2QTY3	O46522	FP	TN	all_matched_unflagged	all_matched_unflagged
NOX	H2QTY3	P04839	FP	TN	all_matched_unflagged	all_matched_unflagged
NOX	H2QTY3	Q505H9	FP	TN	all_matched_unflagged	all_matched_unflagged
NOX	H2QTY3	Q61093	FP	TN	all_matched_unflagged	all_matched_unflagged
NOX	H2QTY3	Q672J9	TP	TP	all_matched_unflagged	all_matched_unflagged
NOX	H2QTY3	Q672K1	TP	TP	all_matched_unflagged	all_matched_unflagged
NOX	H2QTY3	Q7PS77	TN	TN	all_matched_unflagged	all_matched_unflagged
NOX	H2QTY3	Q7RW00	TP	TP	all_matched_unflagged	all_matched_unflagged
NOX	H2QTY3	Q86GL4	FN	FN	all_matched_unflagged	all_matched_unflagged
NOX	H2QTY3	Q8CIZ9	FP	TN	all_matched_unflagged	all_matched_unflagged
NOX	H2QTY3	Q924V1	FP	TN	all_matched_unflagged	all_matched_unflagged
NOX	H2QTY3	Q9ERL1	FP	TN	all_matched_unflagged	all_matched_unflagged
NOX	H2QTY3	Q9HBY0	TP	TP	all_matched_unflagged	all_matched_unflagged
NOX	H2QTY3	Q9JHI8	FP	TN	all_matched_unflagged	all_matched_unflagged
NOX	H2QTY3	Q9NPH5	FP	TN	all_matched_unflagged	all_matched_unflagged
NOX	H2QTY3	Q9WV87	FP	TN	all_matched_unflagged	all_matched_unflagged
NOX	H2QTY3	Q9XYS3	TP	TP	all_matched_unflagged	all_matched_unflagged
NOX	H2QTY3	Q9Y5S8	FP	TN	all_matched_unflagged	all_matched_unflagged
NOX	H2R4R9	H2R516	TN	TN	all_matched_unflagged	all_matched_unflagged
NOX	H2R4R9	O46522	TP	TP	all_matched_unflagged	all_matched_unflagged
NOX	H2R4R9	P04839	TP	TP	all_matched_unflagged	all_matched_unflagged
NOX	H2R4R9	Q505H9	TP	TP	all_matched_unflagged	all_matched_unflagged
NOX	H2R4R9	Q61093	TP	TP	all_matched_unflagged	all_matched_unflagged
NOX	H2R4R9	Q672J9	FP	TN	all_matched_unflagged	all_matched_unflagged
NOX	H2R4R9	Q672K1	FP	TN	all_matched_unflagged	all_matched_unflagged
NOX	H2R4R9	Q7PS77	TN	TN	all_matched_unflagged	all_matched_unflagged
NOX	H2R4R9	Q7RW00	TP	TP	all_matched_unflagged	all_matched_unflagged
NOX	H2R4R9	Q86GL4	FN	FN	all_matched_unflagged	all_matched_unflagged
NOX	H2R4R9	Q8CIZ9	FP	TN	all_matched_unflagged	all_matched_unflagged
NOX	H2R4R9	Q924V1	FP	TN	all_matched_unflagged	all_matched_unflagged
NOX	H2R4R9	Q9ERL1	TP	TP	all_matched_unflagged	all_matched_unflagged
NOX	H2R4R9	Q9HBY0	FP	TN	all_matched_unflagged	all_matched_unflagged
NOX	H2R4R9	Q9JHI8	FP	TN	all_matched_unflagged	all_matched_unflagged
NOX	H2R4R9	Q9NPH5	FP	TN	all_matched_unflagged	all_matched_unflagged
NOX	H2R4R9	Q9WV87	FP	TN	all_matched_unflagged	all_matched_unflagged
NOX	H2R4R9	Q9XYS3	TP	TP	all_matched_unflagged	all_matched_unflagged
NOX	H2R4R9	Q9Y5S8	FP	TN	all_matched_unflagged	all_matched_unflagged
NOX	H2R516	O46522	FP	TN	all_matched_unflagged	all_matched_unflagged
NOX	H2R516	P04839	FP	TN	all_matched_unflagged	all_matched_unflagged
NOX	H2R516	Q505H9	FP	TN	all_matched_unflagged	all_matched_unflagged
NOX	H2R516	Q61093	FP	TN	all_matched_unflagged	all_matched_unflagged
NOX	H2R516	Q672J9	FP	TN	all_matched_unflagged	all_matched_unflagged
NOX	H2R516	Q672K1	FP	TN	all_matched_unflagged	all_matched_unflagged
NOX	H2R516	Q7PS77	FN	FN	all_matched_unflagged	all_matched_unflagged
NOX	H2R516	Q7RW00	TP	TP	all_matched_unflagged	all_matched_unflagged
NOX	H2R516	Q86GL4	FN	FN	all_matched_unflagged	all_matched_unflagged
NOX	H2R516	Q8CIZ9	FP	TN	all_matched_unflagged	all_matched_unflagged
NOX	H2R516	Q924V1	TP	TP	all_matched_unflagged	all_matched_unflagged
NOX	H2R516	Q9ERL1	FP	TN	all_matched_unflagged	all_matched_unflagged
NOX	H2R516	Q9HBY0	FP	TN	all_matched_unflagged	all_matched_unflagged
NOX	H2R516	Q9JHI8	TP	TP	all_matched_unflagged	all_matched_unflagged
NOX	H2R516	Q9NPH5	TP	FN	all_matched_unflagged	all_matched_unflagged
NOX	H2R516	Q9WV87	FP	TN	all_matched_unflagged	all_matched_unflagged
NOX	H2R516	Q9XYS3	TP	TP	all_matched_unflagged	all_matched_unflagged
NOX	H2R516	Q9Y5S8	FP	TN	all_matched_unflagged	all_matched_unflagged
NOX	O46522	P04839	TP	TP	all_matched_unflagged	all_matched_unflagged
NOX	O46522	Q505H9	TP	TP	all_matched_unflagged	all_matched_unflagged
NOX	O46522	Q61093	TP	TP	all_matched_unflagged	all_matched_unflagged
NOX	O46522	Q672J9	FP	TN	all_matched_unflagged	all_matched_unflagged
NOX	O46522	Q672K1	FP	TN	all_matched_unflagged	all_matched_unflagged
NOX	O46522	Q7PS77	TN	TN	all_matched_unflagged	all_matched_unflagged
NOX	O46522	Q7RW00	TP	TP	all_matched_unflagged	all_matched_unflagged
NOX	O46522	Q86GL4	FN	FN	all_matched_unflagged	all_matched_unflagged
NOX	O46522	Q8CIZ9	FP	TN	all_matched_unflagged	all_matched_unflagged
NOX	O46522	Q924V1	FP	TN	all_matched_unflagged	all_matched_unflagged
NOX	O46522	Q9ERL1	TP	TP	all_matched_unflagged	all_matched_unflagged
NOX	O46522	Q9HBY0	FP	TN	all_matched_unflagged	all_matched_unflagged
NOX	O46522	Q9JHI8	FP	TN	all_matched_unflagged	all_matched_unflagged
NOX	O46522	Q9NPH5	FP	TN	all_matched_unflagged	all_matched_unflagged
NOX	O46522	Q9WV87	FP	TN	all_matched_unflagged	all_matched_unflagged
NOX	O46522	Q9XYS3	TP	TP	all_matched_unflagged	all_matched_unflagged
NOX	O46522	Q9Y5S8	FP	TN	all_matched_unflagged	all_matched_unflagged
NOX	P04839	Q505H9	TP	TP	all_matched_unflagged	all_matched_unflagged
NOX	P04839	Q61093	TP	TP	all_matched_unflagged	all_matched_unflagged
NOX	P04839	Q672J9	FP	TN	all_matched_unflagged	all_matched_unflagged
NOX	P04839	Q672K1	FP	TN	all_matched_unflagged	all_matched_unflagged
NOX	P04839	Q7PS77	TN	TN	all_matched_unflagged	all_matched_unflagged
NOX	P04839	Q7RW00	TP	TP	all_matched_unflagged	all_matched_unflagged
NOX	P04839	Q86GL4	FN	FN	all_matched_unflagged	all_matched_unflagged
NOX	P04839	Q8CIZ9	FP	TN	all_matched_unflagged	all_matched_unflagged
NOX	P04839	Q924V1	FP	TN	all_matched_unflagged	all_matched_unflagged
NOX	P04839	Q9ERL1	TP	TP	all_matched_unflagged	all_matched_unflagged
NOX	P04839	Q9HBY0	TN	TN	all_matched_unflagged	all_matched_unflagged
NOX	P04839	Q9JHI8	FP	TN	all_matched_unflagged	all_matched_unflagged
NOX	P04839	Q9NPH5	TN	TN	all_matched_unflagged	all_matched_unflagged
NOX	P04839	Q9WV87	FP	TN	all_matched_unflagged	all_matched_unflagged
NOX	P04839	Q9XYS3	TP	TP	all_matched_unflagged	all_matched_unflagged
NOX	P04839	Q9Y5S8	TN	TN	all_matched_unflagged	all_matched_unflagged
NOX	Q505H9	Q61093	TP	TP	all_matched_unflagged	all_matched_unflagged
NOX	Q505H9	Q672J9	FP	TN	all_matched_unflagged	all_matched_unflagged
NOX	Q505H9	Q672K1	FP	TN	all_matched_unflagged	all_matched_unflagged
NOX	Q505H9	Q7PS77	TN	TN	all_matched_unflagged	all_matched_unflagged
NOX	Q505H9	Q7RW00	TP	TP	all_matched_unflagged	all_matched_unflagged
NOX	Q505H9	Q86GL4	FN	FN	all_matched_unflagged	all_matched_unflagged
NOX	Q505H9	Q8CIZ9	FP	TN	all_matched_unflagged	all_matched_unflagged
NOX	Q505H9	Q924V1	FP	TN	all_matched_unflagged	all_matched_unflagged
NOX	Q505H9	Q9ERL1	TP	TP	all_matched_unflagged	all_matched_unflagged
NOX	Q505H9	Q9HBY0	FP	TN	all_matched_unflagged	all_matched_unflagged
NOX	Q505H9	Q9JHI8	FP	TN	all_matched_unflagged	all_matched_unflagged
NOX	Q505H9	Q9NPH5	FP	TN	all_matched_unflagged	all_matched_unflagged
NOX	Q505H9	Q9WV87	FP	TN	all_matched_unflagged	all_matched_unflagged
NOX	Q505H9	Q9XYS3	TP	TP	all_matched_unflagged	all_matched_unflagged
NOX	Q505H9	Q9Y5S8	FP	TN	all_matched_unflagged	all_matched_unflagged
NOX	Q61093	Q672J9	TN	TN	all_matched_unflagged	all_matched_unflagged
NOX	Q61093	Q672K1	FP	TN	all_matched_unflagged	all_matched_unflagged
NOX	Q61093	Q7PS77	TN	TN	all_matched_unflagged	all_matched_unflagged
NOX	Q61093	Q7RW00	TP	TP	all_matched_unflagged	all_matched_unflagged
NOX	Q61093	Q86GL4	FN	FN	all_matched_unflagged	all_matched_unflagged
NOX	Q61093	Q8CIZ9	TN	TN	all_matched_unflagged	all_matched_unflagged
NOX	Q61093	Q924V1	FP	TN	all_matched_unflagged	all_matched_unflagged
NOX	Q61093	Q9ERL1	TP	TP	all_matched_unflagged	all_matched_unflagged
NOX	Q61093	Q9HBY0	FP	TN	all_matched_unflagged	all_matched_unflagged
NOX	Q61093	Q9JHI8	TN	TN	all_matched_unflagged	all_matched_unflagged
NOX	Q61093	Q9NPH5	FP	TN	all_matched_unflagged	all_matched_unflagged
NOX	Q61093	Q9WV87	FP	TN	all_matched_unflagged	all_matched_unflagged
NOX	Q61093	Q9XYS3	TP	TP	all_matched_unflagged	all_matched_unflagged
NOX	Q61093	Q9Y5S8	FP	TN	all_matched_unflagged	all_matched_unflagged
NOX	Q672J9	Q672K1	TP	TP	all_matched_unflagged	all_matched_unflagged
NOX	Q672J9	Q7PS77	TN	TN	all_matched_unflagged	all_matched_unflagged
NOX	Q672J9	Q7RW00	TP	TP	all_matched_unflagged	all_matched_unflagged
NOX	Q672J9	Q86GL4	FN	FN	all_matched_unflagged	all_matched_unflagged
NOX	Q672J9	Q8CIZ9	TN	TN	all_matched_unflagged	all_matched_unflagged
NOX	Q672J9	Q924V1	FP	TN	all_matched_unflagged	all_matched_unflagged
NOX	Q672J9	Q9ERL1	FP	TN	all_matched_unflagged	all_matched_unflagged
NOX	Q672J9	Q9HBY0	TP	TP	all_matched_unflagged	all_matched_unflagged
NOX	Q672J9	Q9JHI8	TN	TN	all_matched_unflagged	all_matched_unflagged
NOX	Q672J9	Q9NPH5	FP	TN	all_matched_unflagged	all_matched_unflagged
NOX	Q672J9	Q9WV87	FP	TN	all_matched_unflagged	all_matched_unflagged
NOX	Q672J9	Q9XYS3	TP	TP	all_matched_unflagged	all_matched_unflagged
NOX	Q672J9	Q9Y5S8	FP	TN	all_matched_unflagged	all_matched_unflagged
NOX	Q672K1	Q7PS77	TN	TN	all_matched_unflagged	all_matched_unflagged
NOX	Q672K1	Q7RW00	TP	TP	all_matched_unflagged	all_matched_unflagged
NOX	Q672K1	Q86GL4	FN	FN	all_matched_unflagged	all_matched_unflagged
NOX	Q672K1	Q8CIZ9	FP	TN	all_matched_unflagged	all_matched_unflagged
NOX	Q672K1	Q924V1	TN	TN	all_matched_unflagged	all_matched_unflagged
NOX	Q672K1	Q9ERL1	TN	TN	all_matched_unflagged	all_matched_unflagged
NOX	Q672K1	Q9HBY0	TP	TP	all_matched_unflagged	all_matched_unflagged
NOX	Q672K1	Q9JHI8	FP	TN	all_matched_unflagged	all_matched_unflagged
NOX	Q672K1	Q9NPH5	FP	TN	all_matched_unflagged	all_matched_unflagged
NOX	Q672K1	Q9WV87	TN	TN	all_matched_unflagged	all_matched_unflagged
NOX	Q672K1	Q9XYS3	TP	TP	all_matched_unflagged	all_matched_unflagged
NOX	Q672K1	Q9Y5S8	FP	TN	all_matched_unflagged	all_matched_unflagged
NOX	Q7PS77	Q7RW00	FN	FN	all_matched_unflagged	all_matched_unflagged
NOX	Q7PS77	Q86GL4	FN	FN	all_matched_unflagged	all_matched_unflagged
NOX	Q7PS77	Q8CIZ9	TN	TN	all_matched_unflagged	all_matched_unflagged
NOX	Q7PS77	Q924V1	FN	FN	all_matched_unflagged	all_matched_unflagged
NOX	Q7PS77	Q9ERL1	TN	TN	all_matched_unflagged	all_matched_unflagged
NOX	Q7PS77	Q9HBY0	TN	TN	all_matched_unflagged	all_matched_unflagged
NOX	Q7PS77	Q9JHI8	FN	FN	all_matched_unflagged	all_matched_unflagged
NOX	Q7PS77	Q9NPH5	FN	FN	all_matched_unflagged	all_matched_unflagged
NOX	Q7PS77	Q9WV87	TN	TN	all_matched_unflagged	all_matched_unflagged
NOX	Q7PS77	Q9XYS3	FN	FN	all_matched_unflagged	all_matched_unflagged
NOX	Q7PS77	Q9Y5S8	TN	TN	all_matched_unflagged	all_matched_unflagged
NOX	Q7RW00	Q86GL4	FN	FN	all_matched_unflagged	all_matched_unflagged
NOX	Q7RW00	Q8CIZ9	TP	TP	all_matched_unflagged	all_matched_unflagged
NOX	Q7RW00	Q924V1	TP	TP	all_matched_unflagged	all_matched_unflagged
NOX	Q7RW00	Q9ERL1	TP	TP	all_matched_unflagged	all_matched_unflagged
NOX	Q7RW00	Q9HBY0	TP	TP	all_matched_unflagged	all_matched_unflagged
NOX	Q7RW00	Q9JHI8	TP	TP	all_matched_unflagged	all_matched_unflagged
NOX	Q7RW00	Q9NPH5	TP	TP	all_matched_unflagged	all_matched_unflagged
NOX	Q7RW00	Q9WV87	TP	TP	all_matched_unflagged	all_matched_unflagged
NOX	Q7RW00	Q9XYS3	TP	TP	all_matched_unflagged	all_matched_unflagged
NOX	Q7RW00	Q9Y5S8	TP	TP	all_matched_unflagged	all_matched_unflagged
NOX	Q86GL4	Q8CIZ9	FN	FN	all_matched_unflagged	all_matched_unflagged
NOX	Q86GL4	Q924V1	FN	FN	all_matched_unflagged	all_matched_unflagged
NOX	Q86GL4	Q9ERL1	FN	FN	all_matched_unflagged	all_matched_unflagged
NOX	Q86GL4	Q9HBY0	FN	FN	all_matched_unflagged	all_matched_unflagged
NOX	Q86GL4	Q9JHI8	FN	FN	all_matched_unflagged	all_matched_unflagged
NOX	Q86GL4	Q9NPH5	FN	FN	all_matched_unflagged	all_matched_unflagged
NOX	Q86GL4	Q9WV87	FN	FN	all_matched_unflagged	all_matched_unflagged
NOX	Q86GL4	Q9XYS3	TN	TN	all_matched_unflagged	all_matched_unflagged
NOX	Q86GL4	Q9Y5S8	FN	FN	all_matched_unflagged	all_matched_unflagged
NOX	Q8CIZ9	Q924V1	FP	TN	all_matched_unflagged	all_matched_unflagged
NOX	Q8CIZ9	Q9ERL1	FP	TN	all_matched_unflagged	all_matched_unflagged
NOX	Q8CIZ9	Q9HBY0	FP	TN	all_matched_unflagged	all_matched_unflagged
NOX	Q8CIZ9	Q9JHI8	TN	TN	all_matched_unflagged	all_matched_unflagged
NOX	Q8CIZ9	Q9NPH5	FP	TN	all_matched_unflagged	all_matched_unflagged
NOX	Q8CIZ9	Q9WV87	TP	TP	all_matched_unflagged	all_matched_unflagged
NOX	Q8CIZ9	Q9XYS3	TP	TP	all_matched_unflagged	all_matched_unflagged
NOX	Q8CIZ9	Q9Y5S8	TP	TP	all_matched_unflagged	all_matched_unflagged
NOX	Q924V1	Q9ERL1	TN	TN	all_matched_unflagged	all_matched_unflagged
NOX	Q924V1	Q9HBY0	FP	TN	all_matched_unflagged	all_matched_unflagged
NOX	Q924V1	Q9JHI8	TP	TP	all_matched_unflagged	all_matched_unflagged
NOX	Q924V1	Q9NPH5	TP	TP	all_matched_unflagged	all_matched_unflagged
NOX	Q924V1	Q9WV87	TN	TN	all_matched_unflagged	all_matched_unflagged
NOX	Q924V1	Q9XYS3	TP	TP	all_matched_unflagged	all_matched_unflagged
NOX	Q924V1	Q9Y5S8	FP	TN	all_matched_unflagged	all_matched_unflagged
NOX	Q9ERL1	Q9HBY0	FP	TN	all_matched_unflagged	all_matched_unflagged
NOX	Q9ERL1	Q9JHI8	FP	TN	all_matched_unflagged	all_matched_unflagged
NOX	Q9ERL1	Q9NPH5	FP	TN	all_matched_unflagged	all_matched_unflagged
NOX	Q9ERL1	Q9WV87	TN	TN	all_matched_unflagged	all_matched_unflagged
NOX	Q9ERL1	Q9XYS3	TP	TP	all_matched_unflagged	all_matched_unflagged
NOX	Q9ERL1	Q9Y5S8	FP	TN	all_matched_unflagged	all_matched_unflagged
NOX	Q9HBY0	Q9JHI8	FP	TN	all_matched_unflagged	all_matched_unflagged
NOX	Q9HBY0	Q9NPH5	TN	TN	all_matched_unflagged	all_matched_unflagged
NOX	Q9HBY0	Q9WV87	FP	TN	all_matched_unflagged	all_matched_unflagged
NOX	Q9HBY0	Q9XYS3	TP	TP	all_matched_unflagged	all_matched_unflagged
NOX	Q9HBY0	Q9Y5S8	TN	TN	all_matched_unflagged	all_matched_unflagged
NOX	Q9JHI8	Q9NPH5	TP	TP	all_matched_unflagged	all_matched_unflagged
NOX	Q9JHI8	Q9WV87	FP	TN	all_matched_unflagged	all_matched_unflagged
NOX	Q9JHI8	Q9XYS3	TP	TP	all_matched_unflagged	all_matched_unflagged
NOX	Q9JHI8	Q9Y5S8	FP	TN	all_matched_unflagged	all_matched_unflagged
NOX	Q9NPH5	Q9WV87	FP	TN	all_matched_unflagged	all_matched_unflagged
NOX	Q9NPH5	Q9XYS3	TP	TP	all_matched_unflagged	all_matched_unflagged
NOX	Q9NPH5	Q9Y5S8	TN	TN	all_matched_unflagged	all_matched_unflagged
NOX	Q9WV87	Q9XYS3	TP	TP	all_matched_unflagged	all_matched_unflagged
NOX	Q9WV87	Q9Y5S8	TP	TP	all_matched_unflagged	all_matched_unflagged
NOX	Q9XYS3	Q9Y5S8	TP	TP	all_matched_unflagged	all_matched_unflagged
POP	A0A2J8M3H2	A5PJG2	TP	TP	all_matched_unflagged	all_matched_unflagged
POP	A0A2J8M3H2	B1H1F6	FP	TN	all_matched_unflagged	all_matched_unflagged
POP	A0A2J8M3H2	B1H1G2	TN	TN	all_matched_unflagged	all_matched_unflagged
POP	A0A2J8M3H2	E1BB94	TN	TN	all_matched_unflagged	all_matched_unflagged
POP	A0A2J8M3H2	E2R5H9	TN	TN	all_matched_unflagged	all_matched_unflagged
POP	A0A2J8M3H2	F1NPM0	TP	TP	all_matched_unflagged	all_matched_unflagged
POP	A0A2J8M3H2	F1R6V1	FP	TN	all_matched_unflagged	all_matched_unflagged
POP	A0A2J8M3H2	F6PGY0	TP	TP	all_matched_unflagged	all_matched_unflagged
POP	A0A2J8M3H2	F6VQE7	TN	TN	all_matched_unflagged	all_matched_unflagged
POP	A0A2J8M3H2	F6ZS78	FN	FN	all_matched_unflagged	all_matched_unflagged
POP	A0A2J8M3H2	F6ZWG8	TN	TN	all_matched_unflagged	all_matched_unflagged
POP	A0A2J8M3H2	F6ZWH6	FP	TN	all_matched_unflagged	all_matched_unflagged
POP	A0A2J8M3H2	G3N3W7	FP	TN	all_matched_unflagged	all_matched_unflagged
POP	A0A2J8M3H2	G3QNZ3	TP	TP	all_matched_unflagged	all_matched_unflagged
POP	A0A2J8M3H2	G3RLV4	FP	TN	all_matched_unflagged	all_matched_unflagged
POP	A0A2J8M3H2	G3RSB1	TN	TN	all_matched_unflagged	all_matched_unflagged
POP	A0A2J8M3H2	H2LXG3	TP	TP	all_matched_unflagged	all_matched_unflagged
POP	A0A2J8M3H2	H2MZF5	FP	TN	all_matched_unflagged	all_matched_unflagged
POP	A0A2J8M3H2	H2QTG8	TN	TN	all_matched_unflagged	all_matched_unflagged
POP	A0A2J8M3H2	H2QTG9	TN	TN	all_matched_unflagged	all_matched_unflagged
POP	A0A2J8M3H2	J9NU29	FP	TN	all_matched_unflagged	all_matched_unflagged
POP	A0A2J8M3H2	J9NZA1	TP	TP	all_matched_unflagged	all_matched_unflagged
POP	A0A2J8M3H2	Q3BCU4	TN	TN	all_matched_unflagged	all_matched_unflagged
POP	A0A2J8M3H2	Q5PQZ7	TN	TN	all_matched_unflagged	all_matched_unflagged
POP	A0A2J8M3H2	Q6JWV8	TP	TP	all_matched_unflagged	all_matched_unflagged
POP	A0A2J8M3H2	Q6P722	TP	TP	all_matched_unflagged	all_matched_unflagged
POP	A0A2J8M3H2	Q8NE79	TN	TN	all_matched_unflagged	all_matched_unflagged
POP	A0A2J8M3H2	Q9DG23	TN	TN	all_matched_unflagged	all_matched_unflagged
POP	A0A2J8M3H2	Q9ES81	FP	TN	all_matched_unflagged	all_matched_unflagged
POP	A0A2J8M3H2	Q9ES82	TP	TP	all_matched_unflagged	all_matched_unflagged
POP	A0A2J8M3H2	Q9ES83	TN	TN	all_matched_unflagged	all_matched_unflagged
POP	A0A2J8M3H2	Q9HBU9	TP	TP	all_matched_unflagged	all_matched_unflagged
POP	A0A2J8M3H2	Q9HBV1	FP	TN	all_matched_unflagged	all_matched_unflagged
POP	A5PJG2	B1H1F6	FP	TN	all_matched_unflagged	all_matched_unflagged
POP	A5PJG2	B1H1G2	TN	TN	all_matched_unflagged	all_matched_unflagged
POP	A5PJG2	E1BB94	TN	TN	all_matched_unflagged	all_matched_unflagged
POP	A5PJG2	E2R5H9	TN	TN	all_matched_unflagged	all_matched_unflagged
POP	A5PJG2	F1NPM0	TP	TP	all_matched_unflagged	all_matched_unflagged
POP	A5PJG2	F1R6V1	FP	TN	all_matched_unflagged	all_matched_unflagged
POP	A5PJG2	F6PGY0	TP	TP	all_matched_unflagged	all_matched_unflagged
POP	A5PJG2	F6VQE7	TN	TN	all_matched_unflagged	all_matched_unflagged
POP	A5PJG2	F6ZS78	FN	FN	all_matched_unflagged	all_matched_unflagged
POP	A5PJG2	F6ZWG8	TN	TN	all_matched_unflagged	all_matched_unflagged
POP	A5PJG2	F6ZWH6	FP	TN	all_matched_unflagged	all_matched_unflagged
POP	A5PJG2	G3N3W7	TN	TN	all_matched_unflagged	all_matched_unflagged
POP	A5PJG2	G3QNZ3	TP	TP	all_matched_unflagged	all_matched_unflagged
POP	A5PJG2	G3RLV4	FP	TN	all_matched_unflagged	all_matched_unflagged
POP	A5PJG2	G3RSB1	TN	TN	all_matched_unflagged	all_matched_unflagged
POP	A5PJG2	H2LXG3	TP	TP	all_matched_unflagged	all_matched_unflagged
POP	A5PJG2	H2MZF5	FP	TN	all_matched_unflagged	all_matched_unflagged
POP	A5PJG2	H2QTG8	TN	TN	all_matched_unflagged	all_matched_unflagged
POP	A5PJG2	H2QTG9	FP	TN	all_matched_unflagged	all_matched_unflagged
POP	A5PJG2	J9NU29	FP	TN	all_matched_unflagged	all_matched_unflagged
POP	A5PJG2	J9NZA1	TP	TP	all_matched_unflagged	all_matched_unflagged
POP	A5PJG2	Q3BCU4	TN	TN	all_matched_unflagged	all_matched_unflagged
POP	A5PJG2	Q5PQZ7	TN	TN	all_matched_unflagged	all_matched_unflagged
POP	A5PJG2	Q6JWV8	TP	TP	all_matched_unflagged	all_matched_unflagged
POP	A5PJG2	Q6P722	TP	TP	all_matched_unflagged	all_matched_unflagged
POP	A5PJG2	Q8NE79	TN	TN	all_matched_unflagged	all_matched_unflagged
POP	A5PJG2	Q9DG23	TN	TN	all_matched_unflagged	all_matched_unflagged
POP	A5PJG2	Q9ES81	FP	TN	all_matched_unflagged	all_matched_unflagged
POP	A5PJG2	Q9ES82	TP	TP	all_matched_unflagged	all_matched_unflagged
POP	A5PJG2	Q9ES83	TN	TN	all_matched_unflagged	all_matched_unflagged
POP	A5PJG2	Q9HBU9	TP	TP	all_matched_unflagged	all_matched_unflagged
POP	A5PJG2	Q9HBV1	FP	TN	all_matched_unflagged	all_matched_unflagged
POP	B1H1F6	B1H1G2	TN	TN	all_matched_unflagged	all_matched_unflagged
POP	B1H1F6	E1BB94	TN	TN	all_matched_unflagged	all_matched_unflagged
POP	B1H1F6	E2R5H9	TN	TN	all_matched_unflagged	all_matched_unflagged
POP	B1H1F6	F1NPM0	FP	TN	all_matched_unflagged	all_matched_unflagged
POP	B1H1F6	F1R6V1	TP	TP	all_matched_unflagged	all_matched_unflagged
POP	B1H1F6	F6PGY0	FP	TN	all_matched_unflagged	all_matched_unflagged
POP	B1H1F6	F6VQE7	TN	TN	all_matched_unflagged	all_matched_unflagged
POP	B1H1F6	F6ZS78	FN	FN	all_matched_unflagged	all_matched_unflagged
POP	B1H1F6	F6ZWG8	TN	TN	all_matched_unflagged	all_matched_unflagged
POP	B1H1F6	F6ZWH6	TP	TP	all_matched_unflagged	all_matched_unflagged
POP	B1H1F6	G3N3W7	TP	TP	all_matched_unflagged	all_matched_unflagged
POP	B1H1F6	G3QNZ3	FP	TN	all_matched_unflagged	all_matched_unflagged
POP	B1H1F6	G3RLV4	TP	TP	all_matched_unflagged	all_matched_unflagged
POP	B1H1F6	G3RSB1	TN	TN	all_matched_unflagged	all_matched_unflagged
POP	B1H1F6	H2LXG3	FP	TN	all_matched_unflagged	all_matched_unflagged
POP	B1H1F6	H2MZF5	TP	TP	all_matched_unflagged	all_matched_unflagged
POP	B1H1F6	H2QTG8	TN	TN	all_matched_unflagged	all_matched_unflagged
POP	B1H1F6	H2QTG9	TP	TP	all_matched_unflagged	all_matched_unflagged
POP	B1H1F6	J9NU29	TP	TP	all_matched_unflagged	all_matched_unflagged
POP	B1H1F6	J9NZA1	FP	TN	all_matched_unflagged	all_matched_unflagged
POP	B1H1F6	Q3BCU4	TN	TN	all_matched_unflagged	all_matched_unflagged
POP	B1H1F6	Q5PQZ7	TN	TN	all_matched_unflagged	all_matched_unflagged
POP	B1H1F6	Q6JWV8	FP	TN	all_matched_unflagged	all_matched_unflagged
POP	B1H1F6	Q6P722	FP	TN	all_matched_unflagged	all_matched_unflagged
POP	B1H1F6	Q8NE79	TN	TN	all_matched_unflagged	all_matched_unflagged
POP	B1H1F6	Q9DG23	TN	TN	all_matched_unflagged	all_matched_unflagged
POP	B1H1F6	Q9ES81	TP	TP	all_matched_unflagged	all_matched_unflagged
POP	B1H1F6	Q9ES82	FP	TN	all_matched_unflagged	all_matched_unflagged
POP	B1H1F6	Q9ES83	TN	TN	all_matched_unflagged	all_matched_unflagged
POP	B1H1F6	Q9HBU9	FP	TN	all_matched_unflagged	all_matched_unflagged
POP	B1H1F6	Q9HBV1	TP	TP	all_matched_unflagged	all_matched_unflagged
POP	B1H1G2	E1BB94	TP	TP	all_matched_unflagged	all_matched_unflagged
POP	B1H1G2	E2R5H9	TP	TP	all_matched_unflagged	all_matched_unflagged
POP	B1H1G2	F1NPM0	TN	TN	all_matched_unflagged	all_matched_unflagged
POP	B1H1G2	F1R6V1	TN	TN	all_matched_unflagged	all_matched_unflagged
POP	B1H1G2	F6PGY0	TN	TN	all_matched_unflagged	all_matched_unflagged
POP	B1H1G2	F6VQE7	TP	TP	all_matched_unflagged	all_matched_unflagged
POP	B1H1G2	F6ZS78	TN	TN	all_matched_unflagged	all_matched_unflagged
POP	B1H1G2	F6ZWG8	TP	TP	all_matched_unflagged	all_matched_unflagged
POP	B1H1G2	F6ZWH6	TN	TN	all_matched_unflagged	all_matched_unflagged
POP	B1H1G2	G3N3W7	TN	TN	all_matched_unflagged	all_matched_unflagged
POP	B1H1G2	G3QNZ3	TN	TN	all_matched_unflagged	all_matched_unflagged
POP	B1H1G2	G3RLV4	TN	TN	all_matched_unflagged	all_matched_unflagged
POP	B1H1G2	G3RSB1	TP	TP	all_matched_unflagged	all_matched_unflagged
POP	B1H1G2	H2LXG3	TN	TN	all_matched_unflagged	all_matched_unflagged
POP	B1H1G2	H2MZF5	TN	TN	all_matched_unflagged	all_matched_unflagged
POP	B1H1G2	H2QTG8	TP	TP	all_matched_unflagged	all_matched_unflagged
POP	B1H1G2	H2QTG9	TN	TN	all_matched_unflagged	all_matched_unflagged
POP	B1H1G2	J9NU29	TN	TN	all_matched_unflagged	all_matched_unflagged
POP	B1H1G2	J9NZA1	TN	TN	all_matched_unflagged	all_matched_unflagged
POP	B1H1G2	Q3BCU4	TP	TP	all_matched_unflagged	all_matched_unflagged
POP	B1H1G2	Q5PQZ7	TP	TP	all_matched_unflagged	all_matched_unflagged
POP	B1H1G2	Q6JWV8	TN	TN	all_matched_unflagged	all_matched_unflagged
POP	B1H1G2	Q6P722	TN	TN	all_matched_unflagged	all_matched_unflagged
POP	B1H1G2	Q8NE79	TP	TP	all_matched_unflagged	all_matched_unflagged
POP	B1H1G2	Q9DG23	TP	TP	all_matched_unflagged	all_matched_unflagged
POP	B1H1G2	Q9ES81	TN	TN	all_matched_unflagged	all_matched_unflagged
POP	B1H1G2	Q9ES82	TN	TN	all_matched_unflagged	all_matched_unflagged
POP	B1H1G2	Q9ES83	TP	TP	all_matched_unflagged	all_matched_unflagged
POP	B1H1G2	Q9HBU9	TN	TN	all_matched_unflagged	all_matched_unflagged
POP	B1H1G2	Q9HBV1	TN	TN	all_matched_unflagged	all_matched_unflagged
POP	E1BB94	E2R5H9	TP	TP	all_matched_unflagged	all_matched_unflagged
POP	E1BB94	F1NPM0	TN	TN	all_matched_unflagged	all_matched_unflagged
POP	E1BB94	F1R6V1	TN	TN	all_matched_unflagged	all_matched_unflagged
POP	E1BB94	F6PGY0	TN	TN	all_matched_unflagged	all_matched_unflagged
POP	E1BB94	F6VQE7	TP	TP	all_matched_unflagged	all_matched_unflagged
POP	E1BB94	F6ZS78	TN	TN	all_matched_unflagged	all_matched_unflagged
POP	E1BB94	F6ZWG8	TP	TP	all_matched_unflagged	all_matched_unflagged
POP	E1BB94	F6ZWH6	TN	TN	all_matched_unflagged	all_matched_unflagged
POP	E1BB94	G3N3W7	TN	TN	all_matched_unflagged	all_matched_unflagged
POP	E1BB94	G3QNZ3	TN	TN	all_matched_unflagged	all_matched_unflagged
POP	E1BB94	G3RLV4	TN	TN	all_matched_unflagged	all_matched_unflagged
POP	E1BB94	G3RSB1	TP	TP	all_matched_unflagged	all_matched_unflagged
POP	E1BB94	H2LXG3	TN	TN	all_matched_unflagged	all_matched_unflagged
POP	E1BB94	H2MZF5	TN	TN	all_matched_unflagged	all_matched_unflagged
POP	E1BB94	H2QTG8	TP	TP	all_matched_unflagged	all_matched_unflagged
POP	E1BB94	H2QTG9	TN	TN	all_matched_unflagged	all_matched_unflagged
POP	E1BB94	J9NU29	TN	TN	all_matched_unflagged	all_matched_unflagged
POP	E1BB94	J9NZA1	TN	TN	all_matched_unflagged	all_matched_unflagged
POP	E1BB94	Q3BCU4	TP	TP	all_matched_unflagged	all_matched_unflagged
POP	E1BB94	Q5PQZ7	TP	TP	all_matched_unflagged	all_matched_unflagged
POP	E1BB94	Q6JWV8	TN	TN	all_matched_unflagged	all_matched_unflagged
POP	E1BB94	Q6P722	TN	TN	all_matched_unflagged	all_matched_unflagged
POP	E1BB94	Q8NE79	TP	TP	all_matched_unflagged	all_matched_unflagged
POP	E1BB94	Q9DG23	TP	TP	all_matched_unflagged	all_matched_unflagged
POP	E1BB94	Q9ES81	TN	TN	all_matched_unflagged	all_matched_unflagged
POP	E1BB94	Q9ES82	TN	TN	all_matched_unflagged	all_matched_unflagged
POP	E1BB94	Q9ES83	TP	TP	all_matched_unflagged	all_matched_unflagged
POP	E1BB94	Q9HBU9	TN	TN	all_matched_unflagged	all_matched_unflagged
POP	E1BB94	Q9HBV1	TN	TN	all_matched_unflagged	all_matched_unflagged
POP	E2R5H9	F1NPM0	TN	TN	all_matched_unflagged	all_matched_unflagged
POP	E2R5H9	F1R6V1	TN	TN	all_matched_unflagged	all_matched_unflagged
POP	E2R5H9	F6PGY0	TN	TN	all_matched_unflagged	all_matched_unflagged
POP	E2R5H9	F6VQE7	TP	TP	all_matched_unflagged	all_matched_unflagged
POP	E2R5H9	F6ZS78	TN	TN	all_matched_unflagged	all_matched_unflagged
POP	E2R5H9	F6ZWG8	TP	TP	all_matched_unflagged	all_matched_unflagged
POP	E2R5H9	F6ZWH6	TN	TN	all_matched_unflagged	all_matched_unflagged
POP	E2R5H9	G3N3W7	TN	TN	all_matched_unflagged	all_matched_unflagged
POP	E2R5H9	G3QNZ3	TN	TN	all_matched_unflagged	all_matched_unflagged
POP	E2R5H9	G3RLV4	TN	TN	all_matched_unflagged	all_matched_unflagged
POP	E2R5H9	G3RSB1	TP	TP	all_matched_unflagged	all_matched_unflagged
POP	E2R5H9	H2LXG3	TN	TN	all_matched_unflagged	all_matched_unflagged
POP	E2R5H9	H2MZF5	TN	TN	all_matched_unflagged	all_matched_unflagged
POP	E2R5H9	H2QTG8	TP	TP	all_matched_unflagged	all_matched_unflagged
POP	E2R5H9	H2QTG9	TN	TN	all_matched_unflagged	all_matched_unflagged
POP	E2R5H9	J9NU29	TN	TN	all_matched_unflagged	all_matched_unflagged
POP	E2R5H9	J9NZA1	TN	TN	all_matched_unflagged	all_matched_unflagged
POP	E2R5H9	Q3BCU4	TP	TP	all_matched_unflagged	all_matched_unflagged
POP	E2R5H9	Q5PQZ7	TP	TP	all_matched_unflagged	all_matched_unflagged
POP	E2R5H9	Q6JWV8	TN	TN	all_matched_unflagged	all_matched_unflagged
POP	E2R5H9	Q6P722	TN	TN	all_matched_unflagged	all_matched_unflagged
POP	E2R5H9	Q8NE79	TP	TP	all_matched_unflagged	all_matched_unflagged
POP	E2R5H9	Q9DG23	TP	TP	all_matched_unflagged	all_matched_unflagged
POP	E2R5H9	Q9ES81	TN	TN	all_matched_unflagged	all_matched_unflagged
POP	E2R5H9	Q9ES82	TN	TN	all_matched_unflagged	all_matched_unflagged
POP	E2R5H9	Q9ES83	TP	TP	all_matched_unflagged	all_matched_unflagged
POP	E2R5H9	Q9HBU9	TN	TN	all_matched_unflagged	all_matched_unflagged
POP	E2R5H9	Q9HBV1	TN	TN	all_matched_unflagged	all_matched_unflagged
POP	F1NPM0	F1R6V1	FP	TN	all_matched_unflagged	all_matched_unflagged
POP	F1NPM0	F6PGY0	TP	TP	all_matched_unflagged	all_matched_unflagged
POP	F1NPM0	F6VQE7	TN	TN	all_matched_unflagged	all_matched_unflagged
POP	F1NPM0	F6ZS78	FN	FN	all_matched_unflagged	all_matched_unflagged
POP	F1NPM0	F6ZWG8	TN	TN	all_matched_unflagged	all_matched_unflagged
POP	F1NPM0	F6ZWH6	FP	TN	all_matched_unflagged	all_matched_unflagged
POP	F1NPM0	G3N3W7	FP	TN	all_matched_unflagged	all_matched_unflagged
POP	F1NPM0	G3QNZ3	TP	TP	all_matched_unflagged	all_matched_unflagged
POP	F1NPM0	G3RLV4	FP	TN	all_matched_unflagged	all_matched_unflagged
POP	F1NPM0	G3RSB1	TN	TN	all_matched_unflagged	all_matched_unflagged
POP	F1NPM0	H2LXG3	TP	TP	all_matched_unflagged	all_matched_unflagged
POP	F1NPM0	H2MZF5	FP	TN	all_matched_unflagged	all_matched_unflagged
POP	F1NPM0	H2QTG8	TN	TN	all_matched_unflagged	all_matched_unflagged
POP	F1NPM0	H2QTG9	FP	TN	all_matched_unflagged	all_matched_unflagged
POP	F1NPM0	J9NU29	FP	TN	all_matched_unflagged	all_matched_unflagged
POP	F1NPM0	J9NZA1	TP	TP	all_matched_unflagged	all_matched_unflagged
POP	F1NPM0	Q3BCU4	TN	TN	all_matched_unflagged	all_matched_unflagged
POP	F1NPM0	Q5PQZ7	TN	TN	all_matched_unflagged	all_matched_unflagged
POP	F1NPM0	Q6JWV8	TP	TP	all_matched_unflagged	all_matched_unflagged
POP	F1NPM0	Q6P722	TP	TP	all_matched_unflagged	all_matched_unflagged
POP	F1NPM0	Q8NE79	TN	TN	all_matched_unflagged	all_matched_unflagged
POP	F1NPM0	Q9DG23	TN	TN	all_matched_unflagged	all_matched_unflagged
POP	F1NPM0	Q9ES81	FP	TN	all_matched_unflagged	all_matched_unflagged
POP	F1NPM0	Q9ES82	TP	TP	all_matched_unflagged	all_matched_unflagged
POP	F1NPM0	Q9ES83	TN	TN	all_matched_unflagged	all_matched_unflagged
POP	F1NPM0	Q9HBU9	TP	TP	all_matched_unflagged	all_matched_unflagged
POP	F1NPM0	Q9HBV1	FP	TN	all_matched_unflagged	all_matched_unflagged
POP	F1R6V1	F6PGY0	FP	TN	all_matched_unflagged	all_matched_unflagged
POP	F1R6V1	F6VQE7	TN	TN	all_matched_unflagged	all_matched_unflagged
POP	F1R6V1	F6ZS78	FN	FN	all_matched_unflagged	all_matched_unflagged
POP	F1R6V1	F6ZWG8	TN	TN	all_matched_unflagged	all_matched_unflagged
POP	F1R6V1	F6ZWH6	TP	TP	all_matched_unflagged	all_matched_unflagged
POP	F1R6V1	G3N3W7	TP	TP	all_matched_unflagged	all_matched_unflagged
POP	F1R6V1	G3QNZ3	FP	TN	all_matched_unflagged	all_matched_unflagged
POP	F1R6V1	G3RLV4	TP	TP	all_matched_unflagged	all_matched_unflagged
POP	F1R6V1	G3RSB1	TN	TN	all_matched_unflagged	all_matched_unflagged
POP	F1R6V1	H2LXG3	FP	TN	all_matched_unflagged	all_matched_unflagged
POP	F1R6V1	H2MZF5	TP	TP	all_matched_unflagged	all_matched_unflagged
POP	F1R6V1	H2QTG8	TN	TN	all_matched_unflagged	all_matched_unflagged
POP	F1R6V1	H2QTG9	TP	TP	all_matched_unflagged	all_matched_unflagged
POP	F1R6V1	J9NU29	TP	TP	all_matched_unflagged	all_matched_unflagged
POP	F1R6V1	J9NZA1	FP	TN	all_matched_unflagged	all_matched_unflagged
POP	F1R6V1	Q3BCU4	TN	TN	all_matched_unflagged	all_matched_unflagged
POP	F1R6V1	Q5PQZ7	TN	TN	all_matched_unflagged	all_matched_unflagged
POP	F1R6V1	Q6JWV8	TN	TN	all_matched_unflagged	all_matched_unflagged
POP	F1R6V1	Q6P722	FP	TN	all_matched_unflagged	all_matched_unflagged
POP	F1R6V1	Q8NE79	TN	TN	all_matched_unflagged	all_matched_unflagged
POP	F1R6V1	Q9DG23	TN	TN	all_matched_unflagged	all_matched_unflagged
POP	F1R6V1	Q9ES81	TP	TP	all_matched_unflagged	all_matched_unflagged
POP	F1R6V1	Q9ES82	FP	TN	all_matched_unflagged	all_matched_unflagged
POP	F1R6V1	Q9ES83	TN	TN	all_matched_unflagged	all_matched_unflagged
POP	F1R6V1	Q9HBU9	FP	TN	all_matched_unflagged	all_matched_unflagged
POP	F1R6V1	Q9HBV1	TP	TP	all_matched_unflagged	all_matched_unflagged
POP	F6PGY0	F6VQE7	TN	TN	all_matched_unflagged	all_matched_unflagged
POP	F6PGY0	F6ZS78	FN	FN	all_matched_unflagged	all_matched_unflagged
POP	F6PGY0	F6ZWG8	TN	TN	all_matched_unflagged	all_matched_unflagged
POP	F6PGY0	F6ZWH6	TN	TN	all_matched_unflagged	all_matched_unflagged
POP	F6PGY0	G3N3W7	FP	TN	all_matched_unflagged	all_matched_unflagged
POP	F6PGY0	G3QNZ3	TP	TP	all_matched_unflagged	all_matched_unflagged
POP	F6PGY0	G3RLV4	FP	TN	all_matched_unflagged	all_matched_unflagged
POP	F6PGY0	G3RSB1	TN	TN	all_matched_unflagged	all_matched_unflagged
POP	F6PGY0	H2LXG3	TP	TP	all_matched_unflagged	all_matched_unflagged
POP	F6PGY0	H2MZF5	FP	TN	all_matched_unflagged	all_matched_unflagged
POP	F6PGY0	H2QTG8	TN	TN	all_matched_unflagged	all_matched_unflagged
POP	F6PGY0	H2QTG9	FP	TN	all_matched_unflagged	all_matched_unflagged
POP	F6PGY0	J9NU29	FP	TN	all_matched_unflagged	all_matched_unflagged
POP	F6PGY0	J9NZA1	TP	TP	all_matched_unflagged	all_matched_unflagged
POP	F6PGY0	Q3BCU4	TN	TN	all_matched_unflagged	all_matched_unflagged
POP	F6PGY0	Q5PQZ7	TN	TN	all_matched_unflagged	all_matched_unflagged
POP	F6PGY0	Q6JWV8	TP	TP	all_matched_unflagged	all_matched_unflagged
POP	F6PGY0	Q6P722	TP	TP	all_matched_unflagged	all_matched_unflagged
POP	F6PGY0	Q8NE79	TN	TN	all_matched_unflagged	all_matched_unflagged
POP	F6PGY0	Q9DG23	TN	TN	all_matched_unflagged	all_matched_unflagged
POP	F6PGY0	Q9ES81	FP	TN	all_matched_unflagged	all_matched_unflagged
POP	F6PGY0	Q9ES82	TP	TP	all_matched_unflagged	all_matched_unflagged
POP	F6PGY0	Q9ES83	TN	TN	all_matched_unflagged	all_matched_unflagged
POP	F6PGY0	Q9HBU9	TP	TP	all_matched_unflagged	all_matched_unflagged
POP	F6PGY0	Q9HBV1	FP	TN	all_matched_unflagged	all_matched_unflagged
POP	F6VQE7	F6ZS78	TN	TN	all_matched_unflagged	all_matched_unflagged
POP	F6VQE7	F6ZWG8	TP	TP	all_matched_unflagged	all_matched_unflagged
POP	F6VQE7	F6ZWH6	TN	TN	all_matched_unflagged	all_matched_unflagged
POP	F6VQE7	G3N3W7	TN	TN	all_matched_unflagged	all_matched_unflagged
POP	F6VQE7	G3QNZ3	TN	TN	all_matched_unflagged	all_matched_unflagged
POP	F6VQE7	G3RLV4	TN	TN	all_matched_unflagged	all_matched_unflagged
POP	F6VQE7	G3RSB1	TP	TP	all_matched_unflagged	all_matched_unflagged
POP	F6VQE7	H2LXG3	TN	TN	all_matched_unflagged	all_matched_unflagged
POP	F6VQE7	H2MZF5	TN	TN	all_matched_unflagged	all_matched_unflagged
POP	F6VQE7	H2QTG8	TP	TP	all_matched_unflagged	all_matched_unflagged
POP	F6VQE7	H2QTG9	TN	TN	all_matched_unflagged	all_matched_unflagged
POP	F6VQE7	J9NU29	TN	TN	all_matched_unflagged	all_matched_unflagged
POP	F6VQE7	J9NZA1	TN	TN	all_matched_unflagged	all_matched_unflagged
POP	F6VQE7	Q3BCU4	TP	TP	all_matched_unflagged	all_matched_unflagged
POP	F6VQE7	Q5PQZ7	TP	TP	all_matched_unflagged	all_matched_unflagged
POP	F6VQE7	Q6JWV8	TN	TN	all_matched_unflagged	all_matched_unflagged
POP	F6VQE7	Q6P722	TN	TN	all_matched_unflagged	all_matched_unflagged
POP	F6VQE7	Q8NE79	TP	TP	all_matched_unflagged	all_matched_unflagged
POP	F6VQE7	Q9DG23	TP	TP	all_matched_unflagged	all_matched_unflagged
POP	F6VQE7	Q9ES81	TN	TN	all_matched_unflagged	all_matched_unflagged
POP	F6VQE7	Q9ES82	TN	TN	all_matched_unflagged	all_matched_unflagged
POP	F6VQE7	Q9ES83	TP	TP	all_matched_unflagged	all_matched_unflagged
POP	F6VQE7	Q9HBU9	TN	TN	all_matched_unflagged	all_matched_unflagged
POP	F6VQE7	Q9HBV1	TN	TN	all_matched_unflagged	all_matched_unflagged
POP	F6ZS78	F6ZWG8	TN	TN	all_matched_unflagged	all_matched_unflagged
POP	F6ZS78	F6ZWH6	FN	FN	all_matched_unflagged	all_matched_unflagged
POP	F6ZS78	G3N3W7	FN	FN	all_matched_unflagged	all_matched_unflagged
POP	F6ZS78	G3QNZ3	FN	FN	all_matched_unflagged	all_matched_unflagged
POP	F6ZS78	G3RLV4	FN	FN	all_matched_unflagged	all_matched_unflagged
POP	F6ZS78	G3RSB1	TN	TN	all_matched_unflagged	all_matched_unflagged
POP	F6ZS78	H2LXG3	FN	FN	all_matched_unflagged	all_matched_unflagged
POP	F6ZS78	H2MZF5	FN	FN	all_matched_unflagged	all_matched_unflagged
POP	F6ZS78	H2QTG8	TN	TN	all_matched_unflagged	all_matched_unflagged
POP	F6ZS78	H2QTG9	FN	FN	all_matched_unflagged	all_matched_unflagged
POP	F6ZS78	J9NU29	FN	FN	all_matched_unflagged	all_matched_unflagged
POP	F6ZS78	J9NZA1	FN	FN	all_matched_unflagged	all_matched_unflagged
POP	F6ZS78	Q3BCU4	TN	TN	all_matched_unflagged	all_matched_unflagged
POP	F6ZS78	Q5PQZ7	TN	TN	all_matched_unflagged	all_matched_unflagged
POP	F6ZS78	Q6JWV8	FN	FN	all_matched_unflagged	all_matched_unflagged
POP	F6ZS78	Q6P722	FN	FN	all_matched_unflagged	all_matched_unflagged
POP	F6ZS78	Q8NE79	TN	TN	all_matched_unflagged	all_matched_unflagged
POP	F6ZS78	Q9DG23	TN	TN	all_matched_unflagged	all_matched_unflagged
POP	F6ZS78	Q9ES81	FN	FN	all_matched_unflagged	all_matched_unflagged
POP	F6ZS78	Q9ES82	FN	FN	all_matched_unflagged	all_matched_unflagged
POP	F6ZS78	Q9ES83	TN	TN	all_matched_unflagged	all_matched_unflagged
POP	F6ZS78	Q9HBU9	FN	FN	all_matched_unflagged	all_matched_unflagged
POP	F6ZS78	Q9HBV1	FN	FN	all_matched_unflagged	all_matched_unflagged
POP	F6ZWG8	F6ZWH6	TN	TN	all_matched_unflagged	all_matched_unflagged
POP	F6ZWG8	G3N3W7	TN	TN	all_matched_unflagged	all_matched_unflagged
POP	F6ZWG8	G3QNZ3	TN	TN	all_matched_unflagged	all_matched_unflagged
POP	F6ZWG8	G3RLV4	TN	TN	all_matched_unflagged	all_matched_unflagged
POP	F6ZWG8	G3RSB1	TP	TP	all_matched_unflagged	all_matched_unflagged
POP	F6ZWG8	H2LXG3	TN	TN	all_matched_unflagged	all_matched_unflagged
POP	F6ZWG8	H2MZF5	TN	TN	all_matched_unflagged	all_matched_unflagged
POP	F6ZWG8	H2QTG8	TP	TP	all_matched_unflagged	all_matched_unflagged
POP	F6ZWG8	H2QTG9	TN	TN	all_matched_unflagged	all_matched_unflagged
POP	F6ZWG8	J9NU29	TN	TN	all_matched_unflagged	all_matched_unflagged
POP	F6ZWG8	J9NZA1	TN	TN	all_matched_unflagged	all_matched_unflagged
POP	F6ZWG8	Q3BCU4	TP	TP	all_matched_unflagged	all_matched_unflagged
POP	F6ZWG8	Q5PQZ7	TP	TP	all_matched_unflagged	all_matched_unflagged
POP	F6ZWG8	Q6JWV8	TN	TN	all_matched_unflagged	all_matched_unflagged
POP	F6ZWG8	Q6P722	TN	TN	all_matched_unflagged	all_matched_unflagged
POP	F6ZWG8	Q8NE79	TP	TP	all_matched_unflagged	all_matched_unflagged
POP	F6ZWG8	Q9DG23	TP	TP	all_matched_unflagged	all_matched_unflagged
POP	F6ZWG8	Q9ES81	TN	TN	all_matched_unflagged	all_matched_unflagged
POP	F6ZWG8	Q9ES82	TN	TN	all_matched_unflagged	all_matched_unflagged
POP	F6ZWG8	Q9ES83	TP	TP	all_matched_unflagged	all_matched_unflagged
POP	F6ZWG8	Q9HBU9	TN	TN	all_matched_unflagged	all_matched_unflagged
POP	F6ZWG8	Q9HBV1	TN	TN	all_matched_unflagged	all_matched_unflagged
POP	F6ZWH6	G3N3W7	TP	TP	all_matched_unflagged	all_matched_unflagged
POP	F6ZWH6	G3QNZ3	FP	TN	all_matched_unflagged	all_matched_unflagged
POP	F6ZWH6	G3RLV4	TP	TP	all_matched_unflagged	all_matched_unflagged
POP	F6ZWH6	G3RSB1	TN	TN	all_matched_unflagged	all_matched_unflagged
POP	F6ZWH6	H2LXG3	FP	TN	all_matched_unflagged	all_matched_unflagged
POP	F6ZWH6	H2MZF5	TP	TP	all_matched_unflagged	all_matched_unflagged
POP	F6ZWH6	H2QTG8	TN	TN	all_matched_unflagged	all_matched_unflagged
POP	F6ZWH6	H2QTG9	TP	TP	all_matched_unflagged	all_matched_unflagged
POP	F6ZWH6	J9NU29	TP	TP	all_matched_unflagged	all_matched_unflagged
POP	F6ZWH6	J9NZA1	FP	TN	all_matched_unflagged	all_matched_unflagged
POP	F6ZWH6	Q3BCU4	TN	TN	all_matched_unflagged	all_matched_unflagged
POP	F6ZWH6	Q5PQZ7	TN	TN	all_matched_unflagged	all_matched_unflagged
POP	F6ZWH6	Q6JWV8	FP	TN	all_matched_unflagged	all_matched_unflagged
POP	F6ZWH6	Q6P722	FP	TN	all_matched_unflagged	all_matched_unflagged
POP	F6ZWH6	Q8NE79	TN	TN	all_matched_unflagged	all_matched_unflagged
POP	F6ZWH6	Q9DG23	TN	TN	all_matched_unflagged	all_matched_unflagged
POP	F6ZWH6	Q9ES81	TP	TP	all_matched_unflagged	all_matched_unflagged
POP	F6ZWH6	Q9ES82	FP	TN	all_matched_unflagged	all_matched_unflagged
POP	F6ZWH6	Q9ES83	TN	TN	all_matched_unflagged	all_matched_unflagged
POP	F6ZWH6	Q9HBU9	FP	TN	all_matched_unflagged	all_matched_unflagged
POP	F6ZWH6	Q9HBV1	TP	TP	all_matched_unflagged	all_matched_unflagged
POP	G3N3W7	G3QNZ3	FP	TN	all_matched_unflagged	all_matched_unflagged
POP	G3N3W7	G3RLV4	TP	TP	all_matched_unflagged	all_matched_unflagged
POP	G3N3W7	G3RSB1	TN	TN	all_matched_unflagged	all_matched_unflagged
POP	G3N3W7	H2LXG3	FP	TN	all_matched_unflagged	all_matched_unflagged
POP	G3N3W7	H2MZF5	TP	TP	all_matched_unflagged	all_matched_unflagged
POP	G3N3W7	H2QTG8	TN	TN	all_matched_unflagged	all_matched_unflagged
POP	G3N3W7	H2QTG9	TP	TP	all_matched_unflagged	all_matched_unflagged
POP	G3N3W7	J9NU29	TP	TP	all_matched_unflagged	all_matched_unflagged
POP	G3N3W7	J9NZA1	FP	TN	all_matched_unflagged	all_matched_unflagged
POP	G3N3W7	Q3BCU4	TN	TN	all_matched_unflagged	all_matched_unflagged
POP	G3N3W7	Q5PQZ7	TN	TN	all_matched_unflagged	all_matched_unflagged
POP	G3N3W7	Q6JWV8	FP	TN	all_matched_unflagged	all_matched_unflagged
POP	G3N3W7	Q6P722	FP	TN	all_matched_unflagged	all_matched_unflagged
POP	G3N3W7	Q8NE79	TN	TN	all_matched_unflagged	all_matched_unflagged
POP	G3N3W7	Q9DG23	TN	TN	all_matched_unflagged	all_matched_unflagged
POP	G3N3W7	Q9ES81	TP	TP	all_matched_unflagged	all_matched_unflagged
POP	G3N3W7	Q9ES82	FP	TN	all_matched_unflagged	all_matched_unflagged
POP	G3N3W7	Q9ES83	TN	TN	all_matched_unflagged	all_matched_unflagged
POP	G3N3W7	Q9HBU9	FP	TN	all_matched_unflagged	all_matched_unflagged
POP	G3N3W7	Q9HBV1	TP	TP	all_matched_unflagged	all_matched_unflagged
POP	G3QNZ3	G3RLV4	TN	TN	all_matched_unflagged	all_matched_unflagged
POP	G3QNZ3	G3RSB1	TN	TN	all_matched_unflagged	all_matched_unflagged
POP	G3QNZ3	H2LXG3	TP	TP	all_matched_unflagged	all_matched_unflagged
POP	G3QNZ3	H2MZF5	FP	TN	all_matched_unflagged	all_matched_unflagged
POP	G3QNZ3	H2QTG8	TN	TN	all_matched_unflagged	all_matched_unflagged
POP	G3QNZ3	H2QTG9	FP	TN	all_matched_unflagged	all_matched_unflagged
POP	G3QNZ3	J9NU29	FP	TN	all_matched_unflagged	all_matched_unflagged
POP	G3QNZ3	J9NZA1	TP	TP	all_matched_unflagged	all_matched_unflagged
POP	G3QNZ3	Q3BCU4	TN	TN	all_matched_unflagged	all_matched_unflagged
POP	G3QNZ3	Q5PQZ7	TN	TN	all_matched_unflagged	all_matched_unflagged
POP	G3QNZ3	Q6JWV8	TP	TP	all_matched_unflagged	all_matched_unflagged
POP	G3QNZ3	Q6P722	TP	TP	all_matched_unflagged	all_matched_unflagged
POP	G3QNZ3	Q8NE79	TN	TN	all_matched_unflagged	all_matched_unflagged
POP	G3QNZ3	Q9DG23	TN	TN	all_matched_unflagged	all_matched_unflagged
POP	G3QNZ3	Q9ES81	FP	TN	all_matched_unflagged	all_matched_unflagged
POP	G3QNZ3	Q9ES82	TP	TP	all_matched_unflagged	all_matched_unflagged
POP	G3QNZ3	Q9ES83	TN	TN	all_matched_unflagged	all_matched_unflagged
POP	G3QNZ3	Q9HBU9	TP	TP	all_matched_unflagged	all_matched_unflagged
POP	G3QNZ3	Q9HBV1	FP	TN	all_matched_unflagged	all_matched_unflagged
POP	G3RLV4	G3RSB1	TN	TN	all_matched_unflagged	all_matched_unflagged
POP	G3RLV4	H2LXG3	FP	TN	all_matched_unflagged	all_matched_unflagged
POP	G3RLV4	H2MZF5	TP	TP	all_matched_unflagged	all_matched_unflagged
POP	G3RLV4	H2QTG8	TN	TN	all_matched_unflagged	all_matched_unflagged
POP	G3RLV4	H2QTG9	TP	TP	all_matched_unflagged	all_matched_unflagged
POP	G3RLV4	J9NU29	TP	TP	all_matched_unflagged	all_matched_unflagged
POP	G3RLV4	J9NZA1	FP	TN	all_matched_unflagged	all_matched_unflagged
POP	G3RLV4	Q3BCU4	TN	TN	all_matched_unflagged	all_matched_unflagged
POP	G3RLV4	Q5PQZ7	TN	TN	all_matched_unflagged	all_matched_unflagged
POP	G3RLV4	Q6JWV8	FP	TN	all_matched_unflagged	all_matched_unflagged
POP	G3RLV4	Q6P722	FP	TN	all_matched_unflagged	all_matched_unflagged
POP	G3RLV4	Q8NE79	TN	TN	all_matched_unflagged	all_matched_unflagged
POP	G3RLV4	Q9DG23	TN	TN	all_matched_unflagged	all_matched_unflagged
POP	G3RLV4	Q9ES81	TP	TP	all_matched_unflagged	all_matched_unflagged
POP	G3RLV4	Q9ES82	FP	TN	all_matched_unflagged	all_matched_unflagged
POP	G3RLV4	Q9ES83	TN	TN	all_matched_unflagged	all_matched_unflagged
POP	G3RLV4	Q9HBU9	FP	TN	all_matched_unflagged	all_matched_unflagged
POP	G3RLV4	Q9HBV1	TP	TP	all_matched_unflagged	all_matched_unflagged
POP	G3RSB1	H2LXG3	TN	TN	all_matched_unflagged	all_matched_unflagged
POP	G3RSB1	H2MZF5	TN	TN	all_matched_unflagged	all_matched_unflagged
POP	G3RSB1	H2QTG8	TP	TP	all_matched_unflagged	all_matched_unflagged
POP	G3RSB1	H2QTG9	TN	TN	all_matched_unflagged	all_matched_unflagged
POP	G3RSB1	J9NU29	TN	TN	all_matched_unflagged	all_matched_unflagged
POP	G3RSB1	J9NZA1	TN	TN	all_matched_unflagged	all_matched_unflagged
POP	G3RSB1	Q3BCU4	TP	TP	all_matched_unflagged	all_matched_unflagged
POP	G3RSB1	Q5PQZ7	TP	TP	all_matched_unflagged	all_matched_unflagged
POP	G3RSB1	Q6JWV8	TN	TN	all_matched_unflagged	all_matched_unflagged
POP	G3RSB1	Q6P722	TN	TN	all_matched_unflagged	all_matched_unflagged
POP	G3RSB1	Q8NE79	TP	TP	all_matched_unflagged	all_matched_unflagged
POP	G3RSB1	Q9DG23	TP	TP	all_matched_unflagged	all_matched_unflagged
POP	G3RSB1	Q9ES81	TN	TN	all_matched_unflagged	all_matched_unflagged
POP	G3RSB1	Q9ES82	TN	TN	all_matched_unflagged	all_matched_unflagged
POP	G3RSB1	Q9ES83	TP	TP	all_matched_unflagged	all_matched_unflagged
POP	G3RSB1	Q9HBU9	TN	TN	all_matched_unflagged	all_matched_unflagged
POP	G3RSB1	Q9HBV1	TN	TN	all_matched_unflagged	all_matched_unflagged
POP	H2LXG3	H2MZF5	TN	TN	all_matched_unflagged	all_matched_unflagged
POP	H2LXG3	H2QTG8	TN	TN	all_matched_unflagged	all_matched_unflagged
POP	H2LXG3	H2QTG9	FP	TN	all_matched_unflagged	all_matched_unflagged
POP	H2LXG3	J9NU29	FP	TN	all_matched_unflagged	all_matched_unflagged
POP	H2LXG3	J9NZA1	TP	TP	all_matched_unflagged	all_matched_unflagged
POP	H2LXG3	Q3BCU4	TN	TN	all_matched_unflagged	all_matched_unflagged
POP	H2LXG3	Q5PQZ7	TN	TN	all_matched_unflagged	all_matched_unflagged
POP	H2LXG3	Q6JWV8	TP	TP	all_matched_unflagged	all_matched_unflagged
POP	H2LXG3	Q6P722	TP	TP	all_matched_unflagged	all_matched_unflagged
POP	H2LXG3	Q8NE79	TN	TN	all_matched_unflagged	all_matched_unflagged
POP	H2LXG3	Q9DG23	TN	TN	all_matched_unflagged	all_matched_unflagged
POP	H2LXG3	Q9ES81	FP	TN	all_matched_unflagged	all_matched_unflagged
POP	H2LXG3	Q9ES82	TP	TP	all_matched_unflagged	all_matched_unflagged
POP	H2LXG3	Q9ES83	TN	TN	all_matched_unflagged	all_matched_unflagged
POP	H2LXG3	Q9HBU9	TP	TP	all_matched_unflagged	all_matched_unflagged
POP	H2LXG3	Q9HBV1	FP	TN	all_matched_unflagged	all_matched_unflagged
POP	H2MZF5	H2QTG8	TN	TN	all_matched_unflagged	all_matched_unflagged
POP	H2MZF5	H2QTG9	TP	TP	all_matched_unflagged	all_matched_unflagged
POP	H2MZF5	J9NU29	TP	TP	all_matched_unflagged	all_matched_unflagged
POP	H2MZF5	J9NZA1	FP	TN	all_matched_unflagged	all_matched_unflagged
POP	H2MZF5	Q3BCU4	TN	TN	all_matched_unflagged	all_matched_unflagged
POP	H2MZF5	Q5PQZ7	TN	TN	all_matched_unflagged	all_matched_unflagged
POP	H2MZF5	Q6JWV8	FP	TN	all_matched_unflagged	all_matched_unflagged
POP	H2MZF5	Q6P722	FP	TN	all_matched_unflagged	all_matched_unflagged
POP	H2MZF5	Q8NE79	TN	TN	all_matched_unflagged	all_matched_unflagged
POP	H2MZF5	Q9DG23	TN	TN	all_matched_unflagged	all_matched_unflagged
POP	H2MZF5	Q9ES81	TP	TP	all_matched_unflagged	all_matched_unflagged
POP	H2MZF5	Q9ES82	FP	TN	all_matched_unflagged	all_matched_unflagged
POP	H2MZF5	Q9ES83	TN	TN	all_matched_unflagged	all_matched_unflagged
POP	H2MZF5	Q9HBU9	FP	TN	all_matched_unflagged	all_matched_unflagged
POP	H2MZF5	Q9HBV1	TP	TP	all_matched_unflagged	all_matched_unflagged
POP	H2QTG8	H2QTG9	TN	TN	all_matched_unflagged	all_matched_unflagged
POP	H2QTG8	J9NU29	TN	TN	all_matched_unflagged	all_matched_unflagged
POP	H2QTG8	J9NZA1	TN	TN	all_matched_unflagged	all_matched_unflagged
POP	H2QTG8	Q3BCU4	TP	TP	all_matched_unflagged	all_matched_unflagged
POP	H2QTG8	Q5PQZ7	TP	TP	all_matched_unflagged	all_matched_unflagged
POP	H2QTG8	Q6JWV8	TN	TN	all_matched_unflagged	all_matched_unflagged
POP	H2QTG8	Q6P722	TN	TN	all_matched_unflagged	all_matched_unflagged
POP	H2QTG8	Q8NE79	TP	TP	all_matched_unflagged	all_matched_unflagged
POP	H2QTG8	Q9DG23	TP	TP	all_matched_unflagged	all_matched_unflagged
POP	H2QTG8	Q9ES81	TN	TN	all_matched_unflagged	all_matched_unflagged
POP	H2QTG8	Q9ES82	TN	TN	all_matched_unflagged	all_matched_unflagged
POP	H2QTG8	Q9ES83	TP	TP	all_matched_unflagged	all_matched_unflagged
POP	H2QTG8	Q9HBU9	TN	TN	all_matched_unflagged	all_matched_unflagged
POP	H2QTG8	Q9HBV1	TN	TN	all_matched_unflagged	all_matched_unflagged
POP	H2QTG9	J9NU29	TP	TP	all_matched_unflagged	all_matched_unflagged
POP	H2QTG9	J9NZA1	FP	TN	all_matched_unflagged	all_matched_unflagged
POP	H2QTG9	Q3BCU4	TN	TN	all_matched_unflagged	all_matched_unflagged
POP	H2QTG9	Q5PQZ7	TN	TN	all_matched_unflagged	all_matched_unflagged
POP	H2QTG9	Q6JWV8	FP	TN	all_matched_unflagged	all_matched_unflagged
POP	H2QTG9	Q6P722	FP	TN	all_matched_unflagged	all_matched_unflagged
POP	H2QTG9	Q8NE79	TN	TN	all_matched_unflagged	all_matched_unflagged
POP	H2QTG9	Q9DG23	TN	TN	all_matched_unflagged	all_matched_unflagged
POP	H2QTG9	Q9ES81	TP	TP	all_matched_unflagged	all_matched_unflagged
POP	H2QTG9	Q9ES82	FP	TN	all_matched_unflagged	all_matched_unflagged
POP	H2QTG9	Q9ES83	TN	TN	all_matched_unflagged	all_matched_unflagged
POP	H2QTG9	Q9HBU9	FP	TN	all_matched_unflagged	all_matched_unflagged
POP	H2QTG9	Q9HBV1	TP	TP	all_matched_unflagged	all_matched_unflagged
POP	J9NU29	J9NZA1	TN	TN	all_matched_unflagged	all_matched_unflagged
POP	J9NU29	Q3BCU4	TN	TN	all_matched_unflagged	all_matched_unflagged
POP	J9NU29	Q5PQZ7	TN	TN	all_matched_unflagged	all_matched_unflagged
POP	J9NU29	Q6JWV8	FP	TN	all_matched_unflagged	all_matched_unflagged
POP	J9NU29	Q6P722	FP	TN	all_matched_unflagged	all_matched_unflagged
POP	J9NU29	Q8NE79	TN	TN	all_matched_unflagged	all_matched_unflagged
POP	J9NU29	Q9DG23	TN	TN	all_matched_unflagged	all_matched_unflagged
POP	J9NU29	Q9ES81	TP	TP	all_matched_unflagged	all_matched_unflagged
POP	J9NU29	Q9ES82	FP	TN	all_matched_unflagged	all_matched_unflagged
POP	J9NU29	Q9ES83	TN	TN	all_matched_unflagged	all_matched_unflagged
POP	J9NU29	Q9HBU9	FP	TN	all_matched_unflagged	all_matched_unflagged
POP	J9NU29	Q9HBV1	TP	TP	all_matched_unflagged	all_matched_unflagged
POP	J9NZA1	Q3BCU4	TN	TN	all_matched_unflagged	all_matched_unflagged
POP	J9NZA1	Q5PQZ7	TN	TN	all_matched_unflagged	all_matched_unflagged
POP	J9NZA1	Q6JWV8	TP	TP	all_matched_unflagged	all_matched_unflagged
POP	J9NZA1	Q6P722	TP	TP	all_matched_unflagged	all_matched_unflagged
POP	J9NZA1	Q8NE79	TN	TN	all_matched_unflagged	all_matched_unflagged
POP	J9NZA1	Q9DG23	TN	TN	all_matched_unflagged	all_matched_unflagged
POP	J9NZA1	Q9ES81	FP	TN	all_matched_unflagged	all_matched_unflagged
POP	J9NZA1	Q9ES82	TP	TP	all_matched_unflagged	all_matched_unflagged
POP	J9NZA1	Q9ES83	TN	TN	all_matched_unflagged	all_matched_unflagged
POP	J9NZA1	Q9HBU9	TP	TP	all_matched_unflagged	all_matched_unflagged
POP	J9NZA1	Q9HBV1	FP	TN	all_matched_unflagged	all_matched_unflagged
POP	Q3BCU4	Q5PQZ7	TP	TP	all_matched_unflagged	all_matched_unflagged
POP	Q3BCU4	Q6JWV8	TN	TN	all_matched_unflagged	all_matched_unflagged
POP	Q3BCU4	Q6P722	TN	TN	all_matched_unflagged	all_matched_unflagged
POP	Q3BCU4	Q8NE79	TP	TP	all_matched_unflagged	all_matched_unflagged
POP	Q3BCU4	Q9DG23	TP	TP	all_matched_unflagged	all_matched_unflagged
POP	Q3BCU4	Q9ES81	TN	TN	all_matched_unflagged	all_matched_unflagged
POP	Q3BCU4	Q9ES82	TN	TN	all_matched_unflagged	all_matched_unflagged
POP	Q3BCU4	Q9ES83	TP	TP	all_matched_unflagged	all_matched_unflagged
POP	Q3BCU4	Q9HBU9	TN	TN	all_matched_unflagged	all_matched_unflagged
POP	Q3BCU4	Q9HBV1	TN	TN	all_matched_unflagged	all_matched_unflagged
POP	Q5PQZ7	Q6JWV8	TN	TN	all_matched_unflagged	all_matched_unflagged
POP	Q5PQZ7	Q6P722	TN	TN	all_matched_unflagged	all_matched_unflagged
POP	Q5PQZ7	Q8NE79	TP	TP	all_matched_unflagged	all_matched_unflagged
POP	Q5PQZ7	Q9DG23	TP	TP	all_matched_unflagged	all_matched_unflagged
POP	Q5PQZ7	Q9ES81	TN	TN	all_matched_unflagged	all_matched_unflagged
POP	Q5PQZ7	Q9ES82	TN	TN	all_matched_unflagged	all_matched_unflagged
POP	Q5PQZ7	Q9ES83	TP	TP	all_matched_unflagged	all_matched_unflagged
POP	Q5PQZ7	Q9HBU9	TN	TN	all_matched_unflagged	all_matched_unflagged
POP	Q5PQZ7	Q9HBV1	TN	TN	all_matched_unflagged	all_matched_unflagged
POP	Q6JWV8	Q6P722	TP	TP	all_matched_unflagged	all_matched_unflagged
POP	Q6JWV8	Q8NE79	TN	TN	all_matched_unflagged	all_matched_unflagged
POP	Q6JWV8	Q9DG23	TN	TN	all_matched_unflagged	all_matched_unflagged
POP	Q6JWV8	Q9ES81	FP	TN	all_matched_unflagged	all_matched_unflagged
POP	Q6JWV8	Q9ES82	TP	TP	all_matched_unflagged	all_matched_unflagged
POP	Q6JWV8	Q9ES83	TN	TN	all_matched_unflagged	all_matched_unflagged
POP	Q6JWV8	Q9HBU9	TP	TP	all_matched_unflagged	all_matched_unflagged
POP	Q6JWV8	Q9HBV1	FP	TN	all_matched_unflagged	all_matched_unflagged
POP	Q6P722	Q8NE79	TN	TN	all_matched_unflagged	all_matched_unflagged
POP	Q6P722	Q9DG23	TN	TN	all_matched_unflagged	all_matched_unflagged
POP	Q6P722	Q9ES81	FP	TN	all_matched_unflagged	all_matched_unflagged
POP	Q6P722	Q9ES82	TP	TP	all_matched_unflagged	all_matched_unflagged
POP	Q6P722	Q9ES83	TN	TN	all_matched_unflagged	all_matched_unflagged
POP	Q6P722	Q9HBU9	TP	TP	all_matched_unflagged	all_matched_unflagged
POP	Q6P722	Q9HBV1	FP	TN	all_matched_unflagged	all_matched_unflagged
POP	Q8NE79	Q9DG23	TP	TP	all_matched_unflagged	all_matched_unflagged
POP	Q8NE79	Q9ES81	TN	TN	all_matched_unflagged	all_matched_unflagged
POP	Q8NE79	Q9ES82	TN	TN	all_matched_unflagged	all_matched_unflagged
POP	Q8NE79	Q9ES83	TP	TP	all_matched_unflagged	all_matched_unflagged
POP	Q8NE79	Q9HBU9	TN	TN	all_matched_unflagged	all_matched_unflagged
POP	Q8NE79	Q9HBV1	TN	TN	all_matched_unflagged	all_matched_unflagged
POP	Q9DG23	Q9ES81	TN	TN	all_matched_unflagged	all_matched_unflagged
POP	Q9DG23	Q9ES82	TN	TN	all_matched_unflagged	all_matched_unflagged
POP	Q9DG23	Q9ES83	TP	TP	all_matched_unflagged	all_matched_unflagged
POP	Q9DG23	Q9HBU9	TN	TN	all_matched_unflagged	all_matched_unflagged
POP	Q9DG23	Q9HBV1	TN	TN	all_matched_unflagged	all_matched_unflagged
POP	Q9ES81	Q9ES82	TN	TN	all_matched_unflagged	all_matched_unflagged
POP	Q9ES81	Q9ES83	TN	TN	all_matched_unflagged	all_matched_unflagged
POP	Q9ES81	Q9HBU9	FP	TN	all_matched_unflagged	all_matched_unflagged
POP	Q9ES81	Q9HBV1	TP	TP	all_matched_unflagged	all_matched_unflagged
POP	Q9ES82	Q9ES83	TN	TN	all_matched_unflagged	all_matched_unflagged
POP	Q9ES82	Q9HBU9	TP	TP	all_matched_unflagged	all_matched_unflagged
POP	Q9ES82	Q9HBV1	FP	TN	all_matched_unflagged	all_matched_unflagged
POP	Q9ES83	Q9HBU9	TN	TN	all_matched_unflagged	all_matched_unflagged
POP	Q9ES83	Q9HBV1	TN	TN	all_matched_unflagged	all_matched_unflagged
POP	Q9HBU9	Q9HBV1	TN	TN	all_matched_unflagged	all_matched_unflagged
PSEN	A7ST19	A9S846	FN	FN	all_matched_unflagged	all_matched_unflagged
PSEN	A7ST19	A9VBA9	FN	FN	all_matched_unflagged	all_matched_unflagged
PSEN	A7ST19	B8BVL0	FN	FN	annotation_positive	annotation_positive
PSEN	A7ST19	B8C3Y7	FN	FN	all_matched_unflagged	all_matched_unflagged
PSEN	A7ST19	C3Z2C5	FN	FN	all_matched_unflagged	all_matched_unflagged
PSEN	A7ST19	C7J054	FN	FN	all_matched_unflagged	all_matched_unflagged
PSEN	A7ST19	F1NGP7	FN	FN	all_matched_unflagged	all_matched_unflagged
PSEN	A7ST19	F4NZK7	FN	FN	all_matched_unflagged	all_matched_unflagged
PSEN	A7ST19	F6RA92	FN	FN	all_matched_unflagged	all_matched_unflagged
PSEN	A7ST19	F7C949	FN	FN	all_matched_unflagged	missing_without_positive
PSEN	A7ST19	G3QI95	FN	FN	all_matched_unflagged	all_matched_unflagged
PSEN	A7ST19	G3QLC6	FN	FN	all_matched_unflagged	all_matched_unflagged
PSEN	A7ST19	H2N0U7	FN	FN	all_matched_unflagged	all_matched_unflagged
PSEN	A7ST19	H2Q8K1	FN	FN	all_matched_unflagged	all_matched_unflagged
PSEN	A7ST19	H2R821	FN	FN	all_matched_unflagged	all_matched_unflagged
PSEN	A7ST19	H3GE34	FN	FN	all_matched_unflagged	all_matched_unflagged
PSEN	A7ST19	H3GSQ0	FN	FN	all_matched_unflagged	all_matched_unflagged
PSEN	A7ST19	H3GZZ9	FN	FN	all_matched_unflagged	all_matched_unflagged
PSEN	A7ST19	O02194	FN	FN	all_matched_unflagged	all_matched_unflagged
PSEN	A7ST19	O64668	FN	FN	all_matched_unflagged	all_matched_unflagged
PSEN	A7ST19	O88777	FN	FN	all_matched_unflagged	all_matched_unflagged
PSEN	A7ST19	P49768	FN	FN	all_matched_unflagged	all_matched_unflagged
PSEN	A7ST19	P49769	FN	FN	all_matched_unflagged	all_matched_unflagged
PSEN	A7ST19	P49810	FN	FN	all_matched_unflagged	all_matched_unflagged
PSEN	A7ST19	P97887	FN	FN	all_matched_unflagged	all_matched_unflagged
PSEN	A7ST19	Q4JIM4	FN	FN	all_matched_unflagged	all_matched_unflagged
PSEN	A7ST19	Q4QF26	FN	FN	all_matched_unflagged	all_matched_unflagged
PSEN	A7ST19	Q54DE8	FN	FN	all_matched_unflagged	all_matched_unflagged
PSEN	A7ST19	Q54ET2	FN	FN	all_matched_unflagged	all_matched_unflagged
PSEN	A7ST19	Q7PR98	FN	FN	all_matched_unflagged	all_matched_unflagged
PSEN	A7ST19	Q90ZE4	FN	FN	all_matched_unflagged	all_matched_unflagged
PSEN	A7ST19	Q9SIK7	FN	FN	all_matched_unflagged	all_matched_unflagged
PSEN	A7ST19	Q9XT96	FN	FN	all_matched_unflagged	all_matched_unflagged
PSEN	A7ST19	Q9XT97	FN	FN	all_matched_unflagged	all_matched_unflagged
PSEN	A9S846	A9VBA9	TP	FN	all_matched_unflagged	all_matched_unflagged
PSEN	A9S846	B8BVL0	FN	FN	annotation_positive	annotation_positive
PSEN	A9S846	B8C3Y7	TP	TP	all_matched_unflagged	all_matched_unflagged
PSEN	A9S846	C3Z2C5	TP	FN	all_matched_unflagged	all_matched_unflagged
PSEN	A9S846	C7J054	TP	TP	all_matched_unflagged	all_matched_unflagged
PSEN	A9S846	F1NGP7	TP	FN	all_matched_unflagged	all_matched_unflagged
PSEN	A9S846	F4NZK7	FN	FN	all_matched_unflagged	all_matched_unflagged
PSEN	A9S846	F6RA92	TP	FN	all_matched_unflagged	all_matched_unflagged
PSEN	A9S846	F7C949	TP	FN	all_matched_unflagged	missing_without_positive
PSEN	A9S846	G3QI95	TP	FN	all_matched_unflagged	all_matched_unflagged
PSEN	A9S846	G3QLC6	TP	FN	all_matched_unflagged	all_matched_unflagged
PSEN	A9S846	H2N0U7	TP	FN	all_matched_unflagged	all_matched_unflagged
PSEN	A9S846	H2Q8K1	TP	FN	all_matched_unflagged	all_matched_unflagged
PSEN	A9S846	H2R821	TP	FN	all_matched_unflagged	all_matched_unflagged
PSEN	A9S846	H3GE34	TP	TP	all_matched_unflagged	all_matched_unflagged
PSEN	A9S846	H3GSQ0	TP	TP	all_matched_unflagged	all_matched_unflagged
PSEN	A9S846	H3GZZ9	FN	FN	all_matched_unflagged	all_matched_unflagged
PSEN	A9S846	O02194	TP	FN	all_matched_unflagged	all_matched_unflagged
PSEN	A9S846	O64668	TP	TP	all_matched_unflagged	all_matched_unflagged
PSEN	A9S846	O88777	TP	FN	all_matched_unflagged	all_matched_unflagged
PSEN	A9S846	P49768	TP	FN	all_matched_unflagged	all_matched_unflagged
PSEN	A9S846	P49769	TP	FN	all_matched_unflagged	all_matched_unflagged
PSEN	A9S846	P49810	TP	FN	all_matched_unflagged	all_matched_unflagged
PSEN	A9S846	P97887	TP	FN	all_matched_unflagged	all_matched_unflagged
PSEN	A9S846	Q4JIM4	TP	FN	all_matched_unflagged	all_matched_unflagged
PSEN	A9S846	Q4QF26	TP	TP	all_matched_unflagged	all_matched_unflagged
PSEN	A9S846	Q54DE8	TP	TP	all_matched_unflagged	all_matched_unflagged
PSEN	A9S846	Q54ET2	TP	TP	all_matched_unflagged	all_matched_unflagged
PSEN	A9S846	Q7PR98	TP	FN	all_matched_unflagged	all_matched_unflagged
PSEN	A9S846	Q90ZE4	TP	FN	all_matched_unflagged	all_matched_unflagged
PSEN	A9S846	Q9SIK7	TP	TP	all_matched_unflagged	all_matched_unflagged
PSEN	A9S846	Q9XT96	TP	FN	all_matched_unflagged	all_matched_unflagged
PSEN	A9S846	Q9XT97	TP	FN	all_matched_unflagged	all_matched_unflagged
PSEN	A9VBA9	B8BVL0	FN	FN	annotation_positive	annotation_positive
PSEN	A9VBA9	B8C3Y7	TP	FN	all_matched_unflagged	all_matched_unflagged
PSEN	A9VBA9	C3Z2C5	TP	TP	all_matched_unflagged	all_matched_unflagged
PSEN	A9VBA9	C7J054	TP	FN	all_matched_unflagged	all_matched_unflagged
PSEN	A9VBA9	F1NGP7	TP	TP	all_matched_unflagged	all_matched_unflagged
PSEN	A9VBA9	F4NZK7	FN	FN	all_matched_unflagged	all_matched_unflagged
PSEN	A9VBA9	F6RA92	TP	TP	all_matched_unflagged	all_matched_unflagged
PSEN	A9VBA9	F7C949	TP	TP	all_matched_unflagged	missing_without_positive
PSEN	A9VBA9	G3QI95	TP	TP	all_matched_unflagged	all_matched_unflagged
PSEN	A9VBA9	G3QLC6	TP	TP	all_matched_unflagged	all_matched_unflagged
PSEN	A9VBA9	H2N0U7	TP	TP	all_matched_unflagged	all_matched_unflagged
PSEN	A9VBA9	H2Q8K1	TP	TP	all_matched_unflagged	all_matched_unflagged
PSEN	A9VBA9	H2R821	TP	TP	all_matched_unflagged	all_matched_unflagged
PSEN	A9VBA9	H3GE34	TP	FN	all_matched_unflagged	all_matched_unflagged
PSEN	A9VBA9	H3GSQ0	TP	FN	all_matched_unflagged	all_matched_unflagged
PSEN	A9VBA9	H3GZZ9	FN	FN	all_matched_unflagged	all_matched_unflagged
PSEN	A9VBA9	O02194	TP	TP	all_matched_unflagged	all_matched_unflagged
PSEN	A9VBA9	O64668	TP	FN	all_matched_unflagged	all_matched_unflagged
PSEN	A9VBA9	O88777	TP	TP	all_matched_unflagged	all_matched_unflagged
PSEN	A9VBA9	P49768	TP	TP	all_matched_unflagged	all_matched_unflagged
PSEN	A9VBA9	P49769	TP	TP	all_matched_unflagged	all_matched_unflagged
PSEN	A9VBA9	P49810	TP	TP	all_matched_unflagged	all_matched_unflagged
PSEN	A9VBA9	P97887	TP	TP	all_matched_unflagged	all_matched_unflagged
PSEN	A9VBA9	Q4JIM4	TP	TP	all_matched_unflagged	all_matched_unflagged
PSEN	A9VBA9	Q4QF26	TP	FN	all_matched_unflagged	all_matched_unflagged
PSEN	A9VBA9	Q54DE8	TP	FN	all_matched_unflagged	all_matched_unflagged
PSEN	A9VBA9	Q54ET2	TP	FN	all_matched_unflagged	all_matched_unflagged
PSEN	A9VBA9	Q7PR98	TP	TP	all_matched_unflagged	all_matched_unflagged
PSEN	A9VBA9	Q90ZE4	TP	TP	all_matched_unflagged	all_matched_unflagged
PSEN	A9VBA9	Q9SIK7	TP	FN	all_matched_unflagged	all_matched_unflagged
PSEN	A9VBA9	Q9XT96	TP	TP	all_matched_unflagged	all_matched_unflagged
PSEN	A9VBA9	Q9XT97	TP	TP	all_matched_unflagged	all_matched_unflagged
PSEN	B8BVL0	B8C3Y7	TN	TN	annotation_positive	annotation_positive
PSEN	B8BVL0	C3Z2C5	FN	FN	annotation_positive	annotation_positive
PSEN	B8BVL0	C7J054	FN	FN	annotation_positive	annotation_positive
PSEN	B8BVL0	F1NGP7	FN	FN	annotation_positive	annotation_positive
PSEN	B8BVL0	F4NZK7	FN	FN	annotation_positive	annotation_positive
PSEN	B8BVL0	F6RA92	FN	FN	annotation_positive	annotation_positive
PSEN	B8BVL0	F7C949	FN	FN	annotation_positive	annotation_positive
PSEN	B8BVL0	G3QI95	FN	FN	annotation_positive	annotation_positive
PSEN	B8BVL0	G3QLC6	FN	FN	annotation_positive	annotation_positive
PSEN	B8BVL0	H2N0U7	FN	FN	annotation_positive	annotation_positive
PSEN	B8BVL0	H2Q8K1	FN	FN	annotation_positive	annotation_positive
PSEN	B8BVL0	H2R821	FN	FN	annotation_positive	annotation_positive
PSEN	B8BVL0	H3GE34	FN	FN	annotation_positive	annotation_positive
PSEN	B8BVL0	H3GSQ0	FN	FN	annotation_positive	annotation_positive
PSEN	B8BVL0	H3GZZ9	FN	FN	annotation_positive	annotation_positive
PSEN	B8BVL0	O02194	FN	FN	annotation_positive	annotation_positive
PSEN	B8BVL0	O64668	FN	FN	annotation_positive	annotation_positive
PSEN	B8BVL0	O88777	FN	FN	annotation_positive	annotation_positive
PSEN	B8BVL0	P49768	FN	FN	annotation_positive	annotation_positive
PSEN	B8BVL0	P49769	FN	FN	annotation_positive	annotation_positive
PSEN	B8BVL0	P49810	FN	FN	annotation_positive	annotation_positive
PSEN	B8BVL0	P97887	FN	FN	annotation_positive	annotation_positive
PSEN	B8BVL0	Q4JIM4	FN	FN	annotation_positive	annotation_positive
PSEN	B8BVL0	Q4QF26	FN	FN	annotation_positive	annotation_positive
PSEN	B8BVL0	Q54DE8	FN	FN	annotation_positive	annotation_positive
PSEN	B8BVL0	Q54ET2	FN	FN	annotation_positive	annotation_positive
PSEN	B8BVL0	Q7PR98	FN	FN	annotation_positive	annotation_positive
PSEN	B8BVL0	Q90ZE4	FN	FN	annotation_positive	annotation_positive
PSEN	B8BVL0	Q9SIK7	FN	FN	annotation_positive	annotation_positive
PSEN	B8BVL0	Q9XT96	FN	FN	annotation_positive	annotation_positive
PSEN	B8BVL0	Q9XT97	FN	FN	annotation_positive	annotation_positive
PSEN	B8C3Y7	C3Z2C5	TP	FN	all_matched_unflagged	all_matched_unflagged
PSEN	B8C3Y7	C7J054	TP	TP	all_matched_unflagged	all_matched_unflagged
PSEN	B8C3Y7	F1NGP7	TP	FN	all_matched_unflagged	all_matched_unflagged
PSEN	B8C3Y7	F4NZK7	FN	FN	all_matched_unflagged	all_matched_unflagged
PSEN	B8C3Y7	F6RA92	TP	FN	all_matched_unflagged	all_matched_unflagged
PSEN	B8C3Y7	F7C949	TP	FN	all_matched_unflagged	missing_without_positive
PSEN	B8C3Y7	G3QI95	TP	FN	all_matched_unflagged	all_matched_unflagged
PSEN	B8C3Y7	G3QLC6	TP	FN	all_matched_unflagged	all_matched_unflagged
PSEN	B8C3Y7	H2N0U7	TP	FN	all_matched_unflagged	all_matched_unflagged
PSEN	B8C3Y7	H2Q8K1	TP	FN	all_matched_unflagged	all_matched_unflagged
PSEN	B8C3Y7	H2R821	TP	FN	all_matched_unflagged	all_matched_unflagged
PSEN	B8C3Y7	H3GE34	TP	FN	all_matched_unflagged	all_matched_unflagged
PSEN	B8C3Y7	H3GSQ0	TP	TP	all_matched_unflagged	all_matched_unflagged
PSEN	B8C3Y7	H3GZZ9	FN	FN	all_matched_unflagged	all_matched_unflagged
PSEN	B8C3Y7	O02194	TP	FN	all_matched_unflagged	all_matched_unflagged
PSEN	B8C3Y7	O64668	TP	TP	all_matched_unflagged	all_matched_unflagged
PSEN	B8C3Y7	O88777	TP	FN	all_matched_unflagged	all_matched_unflagged
PSEN	B8C3Y7	P49768	TP	FN	all_matched_unflagged	all_matched_unflagged
PSEN	B8C3Y7	P49769	TP	FN	all_matched_unflagged	all_matched_unflagged
PSEN	B8C3Y7	P49810	TP	FN	all_matched_unflagged	all_matched_unflagged
PSEN	B8C3Y7	P97887	TP	FN	all_matched_unflagged	all_matched_unflagged
PSEN	B8C3Y7	Q4JIM4	TP	FN	all_matched_unflagged	all_matched_unflagged
PSEN	B8C3Y7	Q4QF26	TP	TP	all_matched_unflagged	all_matched_unflagged
PSEN	B8C3Y7	Q54DE8	TP	TP	all_matched_unflagged	all_matched_unflagged
PSEN	B8C3Y7	Q54ET2	TP	TP	all_matched_unflagged	all_matched_unflagged
PSEN	B8C3Y7	Q7PR98	TP	FN	all_matched_unflagged	all_matched_unflagged
PSEN	B8C3Y7	Q90ZE4	TP	FN	all_matched_unflagged	all_matched_unflagged
PSEN	B8C3Y7	Q9SIK7	TP	TP	all_matched_unflagged	all_matched_unflagged
PSEN	B8C3Y7	Q9XT96	TP	FN	all_matched_unflagged	all_matched_unflagged
PSEN	B8C3Y7	Q9XT97	TP	FN	all_matched_unflagged	all_matched_unflagged
PSEN	C3Z2C5	C7J054	TP	FN	all_matched_unflagged	all_matched_unflagged
PSEN	C3Z2C5	F1NGP7	TP	TP	all_matched_unflagged	all_matched_unflagged
PSEN	C3Z2C5	F4NZK7	FN	FN	all_matched_unflagged	all_matched_unflagged
PSEN	C3Z2C5	F6RA92	TP	TP	all_matched_unflagged	all_matched_unflagged
PSEN	C3Z2C5	F7C949	TP	TP	all_matched_unflagged	missing_without_positive
PSEN	C3Z2C5	G3QI95	TP	TP	all_matched_unflagged	all_matched_unflagged
PSEN	C3Z2C5	G3QLC6	TP	TP	all_matched_unflagged	all_matched_unflagged
PSEN	C3Z2C5	H2N0U7	TP	TP	all_matched_unflagged	all_matched_unflagged
PSEN	C3Z2C5	H2Q8K1	TP	TP	all_matched_unflagged	all_matched_unflagged
PSEN	C3Z2C5	H2R821	TP	TP	all_matched_unflagged	all_matched_unflagged
PSEN	C3Z2C5	H3GE34	TP	FN	all_matched_unflagged	all_matched_unflagged
PSEN	C3Z2C5	H3GSQ0	TP	FN	all_matched_unflagged	all_matched_unflagged
PSEN	C3Z2C5	H3GZZ9	FN	FN	all_matched_unflagged	all_matched_unflagged
PSEN	C3Z2C5	O02194	TP	TP	all_matched_unflagged	all_matched_unflagged
PSEN	C3Z2C5	O64668	TP	FN	all_matched_unflagged	all_matched_unflagged
PSEN	C3Z2C5	O88777	TP	TP	all_matched_unflagged	all_matched_unflagged
PSEN	C3Z2C5	P49768	TP	TP	all_matched_unflagged	all_matched_unflagged
PSEN	C3Z2C5	P49769	TP	TP	all_matched_unflagged	all_matched_unflagged
PSEN	C3Z2C5	P49810	TP	TP	all_matched_unflagged	all_matched_unflagged
PSEN	C3Z2C5	P97887	TP	TP	all_matched_unflagged	all_matched_unflagged
PSEN	C3Z2C5	Q4JIM4	TP	TP	all_matched_unflagged	all_matched_unflagged
PSEN	C3Z2C5	Q4QF26	TP	FN	all_matched_unflagged	all_matched_unflagged
PSEN	C3Z2C5	Q54DE8	TP	FN	all_matched_unflagged	all_matched_unflagged
PSEN	C3Z2C5	Q54ET2	TP	FN	all_matched_unflagged	all_matched_unflagged
PSEN	C3Z2C5	Q7PR98	TP	TP	all_matched_unflagged	all_matched_unflagged
PSEN	C3Z2C5	Q90ZE4	TP	TP	all_matched_unflagged	all_matched_unflagged
PSEN	C3Z2C5	Q9SIK7	TP	FN	all_matched_unflagged	all_matched_unflagged
PSEN	C3Z2C5	Q9XT96	TP	TP	all_matched_unflagged	all_matched_unflagged
PSEN	C3Z2C5	Q9XT97	TP	TP	all_matched_unflagged	all_matched_unflagged
PSEN	C7J054	F1NGP7	TP	FN	all_matched_unflagged	all_matched_unflagged
PSEN	C7J054	F4NZK7	FN	FN	all_matched_unflagged	all_matched_unflagged
PSEN	C7J054	F6RA92	TP	FN	all_matched_unflagged	all_matched_unflagged
PSEN	C7J054	F7C949	TP	FN	all_matched_unflagged	missing_without_positive
PSEN	C7J054	G3QI95	TP	FN	all_matched_unflagged	all_matched_unflagged
PSEN	C7J054	G3QLC6	TP	FN	all_matched_unflagged	all_matched_unflagged
PSEN	C7J054	H2N0U7	TP	FN	all_matched_unflagged	all_matched_unflagged
PSEN	C7J054	H2Q8K1	TP	FN	all_matched_unflagged	all_matched_unflagged
PSEN	C7J054	H2R821	TP	FN	all_matched_unflagged	all_matched_unflagged
PSEN	C7J054	H3GE34	TP	TP	all_matched_unflagged	all_matched_unflagged
PSEN	C7J054	H3GSQ0	TP	TP	all_matched_unflagged	all_matched_unflagged
PSEN	C7J054	H3GZZ9	FN	FN	all_matched_unflagged	all_matched_unflagged
PSEN	C7J054	O02194	TP	FN	all_matched_unflagged	all_matched_unflagged
PSEN	C7J054	O64668	FP	TN	all_matched_unflagged	all_matched_unflagged
PSEN	C7J054	O88777	TP	FN	all_matched_unflagged	all_matched_unflagged
PSEN	C7J054	P49768	TP	FN	all_matched_unflagged	all_matched_unflagged
PSEN	C7J054	P49769	TP	FN	all_matched_unflagged	all_matched_unflagged
PSEN	C7J054	P49810	TP	FN	all_matched_unflagged	all_matched_unflagged
PSEN	C7J054	P97887	TP	FN	all_matched_unflagged	all_matched_unflagged
PSEN	C7J054	Q4JIM4	TP	FN	all_matched_unflagged	all_matched_unflagged
PSEN	C7J054	Q4QF26	TP	TP	all_matched_unflagged	all_matched_unflagged
PSEN	C7J054	Q54DE8	TP	TP	all_matched_unflagged	all_matched_unflagged
PSEN	C7J054	Q54ET2	TP	TP	all_matched_unflagged	all_matched_unflagged
PSEN	C7J054	Q7PR98	TP	FN	all_matched_unflagged	all_matched_unflagged
PSEN	C7J054	Q90ZE4	TP	FN	all_matched_unflagged	all_matched_unflagged
PSEN	C7J054	Q9SIK7	TP	TP	all_matched_unflagged	all_matched_unflagged
PSEN	C7J054	Q9XT96	TP	FN	all_matched_unflagged	all_matched_unflagged
PSEN	C7J054	Q9XT97	TP	FN	all_matched_unflagged	all_matched_unflagged
PSEN	F1NGP7	F4NZK7	FN	FN	all_matched_unflagged	all_matched_unflagged
PSEN	F1NGP7	F6RA92	TP	TP	all_matched_unflagged	all_matched_unflagged
PSEN	F1NGP7	F7C949	TP	TP	all_matched_unflagged	missing_without_positive
PSEN	F1NGP7	G3QI95	FP	TN	all_matched_unflagged	all_matched_unflagged
PSEN	F1NGP7	G3QLC6	TP	TP	all_matched_unflagged	all_matched_unflagged
PSEN	F1NGP7	H2N0U7	TP	TP	all_matched_unflagged	all_matched_unflagged
PSEN	F1NGP7	H2Q8K1	FP	TN	all_matched_unflagged	all_matched_unflagged
PSEN	F1NGP7	H2R821	TP	TP	all_matched_unflagged	all_matched_unflagged
PSEN	F1NGP7	H3GE34	TP	FN	all_matched_unflagged	all_matched_unflagged
PSEN	F1NGP7	H3GSQ0	TP	FN	all_matched_unflagged	all_matched_unflagged
PSEN	F1NGP7	H3GZZ9	FN	FN	all_matched_unflagged	all_matched_unflagged
PSEN	F1NGP7	O02194	TP	TP	all_matched_unflagged	all_matched_unflagged
PSEN	F1NGP7	O64668	TP	FN	all_matched_unflagged	all_matched_unflagged
PSEN	F1NGP7	O88777	TP	TP	all_matched_unflagged	all_matched_unflagged
PSEN	F1NGP7	P49768	FP	TN	all_matched_unflagged	all_matched_unflagged
PSEN	F1NGP7	P49769	FP	TN	all_matched_unflagged	all_matched_unflagged
PSEN	F1NGP7	P49810	TP	TP	all_matched_unflagged	all_matched_unflagged
PSEN	F1NGP7	P97887	FP	TN	all_matched_unflagged	all_matched_unflagged
PSEN	F1NGP7	Q4JIM4	TN	TN	all_matched_unflagged	all_matched_unflagged
PSEN	F1NGP7	Q4QF26	TP	FN	all_matched_unflagged	all_matched_unflagged
PSEN	F1NGP7	Q54DE8	TP	FN	all_matched_unflagged	all_matched_unflagged
PSEN	F1NGP7	Q54ET2	TP	FN	all_matched_unflagged	all_matched_unflagged
PSEN	F1NGP7	Q7PR98	TP	TP	all_matched_unflagged	all_matched_unflagged
PSEN	F1NGP7	Q90ZE4	TP	TP	all_matched_unflagged	all_matched_unflagged
PSEN	F1NGP7	Q9SIK7	TP	FN	all_matched_unflagged	all_matched_unflagged
PSEN	F1NGP7	Q9XT96	TP	TP	all_matched_unflagged	all_matched_unflagged
PSEN	F1NGP7	Q9XT97	FP	TN	all_matched_unflagged	all_matched_unflagged
PSEN	F4NZK7	F6RA92	FN	FN	all_matched_unflagged	all_matched_unflagged
PSEN	F4NZK7	F7C949	FN	FN	all_matched_unflagged	missing_without_positive
PSEN	F4NZK7	G3QI95	FN	FN	all_matched_unflagged	all_matched_unflagged
PSEN	F4NZK7	G3QLC6	FN	FN	all_matched_unflagged	all_matched_unflagged
PSEN	F4NZK7	H2N0U7	FN	FN	all_matched_unflagged	all_matched_unflagged
PSEN	F4NZK7	H2Q8K1	FN	FN	all_matched_unflagged	all_matched_unflagged
PSEN	F4NZK7	H2R821	FN	FN	all_matched_unflagged	all_matched_unflagged
PSEN	F4NZK7	H3GE34	FN	FN	all_matched_unflagged	all_matched_unflagged
PSEN	F4NZK7	H3GSQ0	FN	FN	all_matched_unflagged	all_matched_unflagged
PSEN	F4NZK7	H3GZZ9	FN	FN	all_matched_unflagged	all_matched_unflagged
PSEN	F4NZK7	O02194	FN	FN	all_matched_unflagged	all_matched_unflagged
PSEN	F4NZK7	O64668	FN	FN	all_matched_unflagged	all_matched_unflagged
PSEN	F4NZK7	O88777	FN	FN	all_matched_unflagged	all_matched_unflagged
PSEN	F4NZK7	P49768	FN	FN	all_matched_unflagged	all_matched_unflagged
PSEN	F4NZK7	P49769	FN	FN	all_matched_unflagged	all_matched_unflagged
PSEN	F4NZK7	P49810	FN	FN	all_matched_unflagged	all_matched_unflagged
PSEN	F4NZK7	P97887	FN	FN	all_matched_unflagged	all_matched_unflagged
PSEN	F4NZK7	Q4JIM4	FN	FN	all_matched_unflagged	all_matched_unflagged
PSEN	F4NZK7	Q4QF26	FN	FN	all_matched_unflagged	all_matched_unflagged
PSEN	F4NZK7	Q54DE8	FN	FN	all_matched_unflagged	all_matched_unflagged
PSEN	F4NZK7	Q54ET2	FN	FN	all_matched_unflagged	all_matched_unflagged
PSEN	F4NZK7	Q7PR98	FN	FN	all_matched_unflagged	all_matched_unflagged
PSEN	F4NZK7	Q90ZE4	FN	FN	all_matched_unflagged	all_matched_unflagged
PSEN	F4NZK7	Q9SIK7	FN	FN	all_matched_unflagged	all_matched_unflagged
PSEN	F4NZK7	Q9XT96	FN	FN	all_matched_unflagged	all_matched_unflagged
PSEN	F4NZK7	Q9XT97	FN	FN	all_matched_unflagged	all_matched_unflagged
PSEN	F6RA92	F7C949	TP	TP	all_matched_unflagged	missing_without_positive
PSEN	F6RA92	G3QI95	TP	TP	all_matched_unflagged	all_matched_unflagged
PSEN	F6RA92	G3QLC6	TP	TP	all_matched_unflagged	all_matched_unflagged
PSEN	F6RA92	H2N0U7	TP	TP	all_matched_unflagged	all_matched_unflagged
PSEN	F6RA92	H2Q8K1	TP	TP	all_matched_unflagged	all_matched_unflagged
PSEN	F6RA92	H2R821	TP	TP	all_matched_unflagged	all_matched_unflagged
PSEN	F6RA92	H3GE34	TP	FN	all_matched_unflagged	all_matched_unflagged
PSEN	F6RA92	H3GSQ0	TP	FN	all_matched_unflagged	all_matched_unflagged
PSEN	F6RA92	H3GZZ9	FN	FN	all_matched_unflagged	all_matched_unflagged
PSEN	F6RA92	O02194	TP	TP	all_matched_unflagged	all_matched_unflagged
PSEN	F6RA92	O64668	TP	FN	all_matched_unflagged	all_matched_unflagged
PSEN	F6RA92	O88777	TP	TP	all_matched_unflagged	all_matched_unflagged
PSEN	F6RA92	P49768	TP	TP	all_matched_unflagged	all_matched_unflagged
PSEN	F6RA92	P49769	TP	TP	all_matched_unflagged	all_matched_unflagged
PSEN	F6RA92	P49810	TP	TP	all_matched_unflagged	all_matched_unflagged
PSEN	F6RA92	P97887	TP	TP	all_matched_unflagged	all_matched_unflagged
PSEN	F6RA92	Q4JIM4	TP	TP	all_matched_unflagged	all_matched_unflagged
PSEN	F6RA92	Q4QF26	TP	FN	all_matched_unflagged	all_matched_unflagged
PSEN	F6RA92	Q54DE8	TP	FN	all_matched_unflagged	all_matched_unflagged
PSEN	F6RA92	Q54ET2	TP	FN	all_matched_unflagged	all_matched_unflagged
PSEN	F6RA92	Q7PR98	TP	TP	all_matched_unflagged	all_matched_unflagged
PSEN	F6RA92	Q90ZE4	TP	TP	all_matched_unflagged	all_matched_unflagged
PSEN	F6RA92	Q9SIK7	TP	FN	all_matched_unflagged	all_matched_unflagged
PSEN	F6RA92	Q9XT96	TP	TP	all_matched_unflagged	all_matched_unflagged
PSEN	F6RA92	Q9XT97	TP	TP	all_matched_unflagged	all_matched_unflagged
PSEN	F7C949	G3QI95	FP	TN	all_matched_unflagged	missing_without_positive
PSEN	F7C949	G3QLC6	TP	TP	all_matched_unflagged	missing_without_positive
PSEN	F7C949	H2N0U7	TP	TP	all_matched_unflagged	missing_without_positive
PSEN	F7C949	H2Q8K1	FP	TN	all_matched_unflagged	missing_without_positive
PSEN	F7C949	H2R821	TP	TP	all_matched_unflagged	missing_without_positive
PSEN	F7C949	H3GE34	TP	FN	all_matched_unflagged	missing_without_positive
PSEN	F7C949	H3GSQ0	TP	FN	all_matched_unflagged	missing_without_positive
PSEN	F7C949	H3GZZ9	FN	FN	all_matched_unflagged	missing_without_positive
PSEN	F7C949	O02194	TP	TP	all_matched_unflagged	missing_without_positive
PSEN	F7C949	O64668	TP	FN	all_matched_unflagged	missing_without_positive
PSEN	F7C949	O88777	TP	TP	all_matched_unflagged	missing_without_positive
PSEN	F7C949	P49768	FP	TN	all_matched_unflagged	missing_without_positive
PSEN	F7C949	P49769	FP	TN	all_matched_unflagged	missing_without_positive
PSEN	F7C949	P49810	TP	TP	all_matched_unflagged	missing_without_positive
PSEN	F7C949	P97887	FP	TN	all_matched_unflagged	missing_without_positive
PSEN	F7C949	Q4JIM4	FP	TN	all_matched_unflagged	missing_without_positive
PSEN	F7C949	Q4QF26	TP	FN	all_matched_unflagged	missing_without_positive
PSEN	F7C949	Q54DE8	TP	FN	all_matched_unflagged	missing_without_positive
PSEN	F7C949	Q54ET2	TP	FN	all_matched_unflagged	missing_without_positive
PSEN	F7C949	Q7PR98	TP	TP	all_matched_unflagged	missing_without_positive
PSEN	F7C949	Q90ZE4	TP	TP	all_matched_unflagged	missing_without_positive
PSEN	F7C949	Q9SIK7	TP	FN	all_matched_unflagged	missing_without_positive
PSEN	F7C949	Q9XT96	TP	TP	all_matched_unflagged	missing_without_positive
PSEN	F7C949	Q9XT97	FP	TN	all_matched_unflagged	missing_without_positive
PSEN	G3QI95	G3QLC6	TN	TN	all_matched_unflagged	all_matched_unflagged
PSEN	G3QI95	H2N0U7	FP	TN	all_matched_unflagged	all_matched_unflagged
PSEN	G3QI95	H2Q8K1	TP	TP	all_matched_unflagged	all_matched_unflagged
PSEN	G3QI95	H2R821	FP	TN	all_matched_unflagged	all_matched_unflagged
PSEN	G3QI95	H3GE34	TP	FN	all_matched_unflagged	all_matched_unflagged
PSEN	G3QI95	H3GSQ0	TP	FN	all_matched_unflagged	all_matched_unflagged
PSEN	G3QI95	H3GZZ9	FN	FN	all_matched_unflagged	all_matched_unflagged
PSEN	G3QI95	O02194	TP	TP	all_matched_unflagged	all_matched_unflagged
PSEN	G3QI95	O64668	TP	FN	all_matched_unflagged	all_matched_unflagged
PSEN	G3QI95	O88777	FP	TN	all_matched_unflagged	all_matched_unflagged
PSEN	G3QI95	P49768	TP	TP	all_matched_unflagged	all_matched_unflagged
PSEN	G3QI95	P49769	TP	TP	all_matched_unflagged	all_matched_unflagged
PSEN	G3QI95	P49810	FP	TN	all_matched_unflagged	all_matched_unflagged
PSEN	G3QI95	P97887	TP	TP	all_matched_unflagged	all_matched_unflagged
PSEN	G3QI95	Q4JIM4	TP	TP	all_matched_unflagged	all_matched_unflagged
PSEN	G3QI95	Q4QF26	TP	FN	all_matched_unflagged	all_matched_unflagged
PSEN	G3QI95	Q54DE8	TP	FN	all_matched_unflagged	all_matched_unflagged
PSEN	G3QI95	Q54ET2	TP	FN	all_matched_unflagged	all_matched_unflagged
PSEN	G3QI95	Q7PR98	TP	TP	all_matched_unflagged	all_matched_unflagged
PSEN	G3QI95	Q90ZE4	FP	TN	all_matched_unflagged	all_matched_unflagged
PSEN	G3QI95	Q9SIK7	TP	FN	all_matched_unflagged	all_matched_unflagged
PSEN	G3QI95	Q9XT96	FP	TN	all_matched_unflagged	all_matched_unflagged
PSEN	G3QI95	Q9XT97	TP	TP	all_matched_unflagged	all_matched_unflagged
PSEN	G3QLC6	H2N0U7	TP	TP	all_matched_unflagged	all_matched_unflagged
PSEN	G3QLC6	H2Q8K1	FP	TN	all_matched_unflagged	all_matched_unflagged
PSEN	G3QLC6	H2R821	TP	TP	all_matched_unflagged	all_matched_unflagged
PSEN	G3QLC6	H3GE34	TP	FN	all_matched_unflagged	all_matched_unflagged
PSEN	G3QLC6	H3GSQ0	TP	FN	all_matched_unflagged	all_matched_unflagged
PSEN	G3QLC6	H3GZZ9	FN	FN	all_matched_unflagged	all_matched_unflagged
PSEN	G3QLC6	O02194	TP	TP	all_matched_unflagged	all_matched_unflagged
PSEN	G3QLC6	O64668	TP	FN	all_matched_unflagged	all_matched_unflagged
PSEN	G3QLC6	O88777	TP	TP	all_matched_unflagged	all_matched_unflagged
PSEN	G3QLC6	P49768	FP	TN	all_matched_unflagged	all_matched_unflagged
PSEN	G3QLC6	P49769	FP	TN	all_matched_unflagged	all_matched_unflagged
PSEN	G3QLC6	P49810	TP	TP	all_matched_unflagged	all_matched_unflagged
PSEN	G3QLC6	P97887	FP	TN	all_matched_unflagged	all_matched_unflagged
PSEN	G3QLC6	Q4JIM4	FP	TN	all_matched_unflagged	all_matched_unflagged
PSEN	G3QLC6	Q4QF26	TP	FN	all_matched_unflagged	all_matched_unflagged
PSEN	G3QLC6	Q54DE8	TP	FN	all_matched_unflagged	all_matched_unflagged
PSEN	G3QLC6	Q54ET2	TP	FN	all_matched_unflagged	all_matched_unflagged
PSEN	G3QLC6	Q7PR98	TP	TP	all_matched_unflagged	all_matched_unflagged
PSEN	G3QLC6	Q90ZE4	TP	TP	all_matched_unflagged	all_matched_unflagged
PSEN	G3QLC6	Q9SIK7	TP	FN	all_matched_unflagged	all_matched_unflagged
PSEN	G3QLC6	Q9XT96	TP	TP	all_matched_unflagged	all_matched_unflagged
PSEN	G3QLC6	Q9XT97	FP	TN	all_matched_unflagged	all_matched_unflagged
PSEN	H2N0U7	H2Q8K1	FP	TN	all_matched_unflagged	all_matched_unflagged
PSEN	H2N0U7	H2R821	TP	TP	all_matched_unflagged	all_matched_unflagged
PSEN	H2N0U7	H3GE34	TP	FN	all_matched_unflagged	all_matched_unflagged
PSEN	H2N0U7	H3GSQ0	TP	FN	all_matched_unflagged	all_matched_unflagged
PSEN	H2N0U7	H3GZZ9	FN	FN	all_matched_unflagged	all_matched_unflagged
PSEN	H2N0U7	O02194	TP	TP	all_matched_unflagged	all_matched_unflagged
PSEN	H2N0U7	O64668	TP	FN	all_matched_unflagged	all_matched_unflagged
PSEN	H2N0U7	O88777	TP	TP	all_matched_unflagged	all_matched_unflagged
PSEN	H2N0U7	P49768	FP	TN	all_matched_unflagged	all_matched_unflagged
PSEN	H2N0U7	P49769	FP	TN	all_matched_unflagged	all_matched_unflagged
PSEN	H2N0U7	P49810	TP	TP	all_matched_unflagged	all_matched_unflagged
PSEN	H2N0U7	P97887	FP	TN	all_matched_unflagged	all_matched_unflagged
PSEN	H2N0U7	Q4JIM4	FP	TN	all_matched_unflagged	all_matched_unflagged
PSEN	H2N0U7	Q4QF26	TP	FN	all_matched_unflagged	all_matched_unflagged
PSEN	H2N0U7	Q54DE8	TP	FN	all_matched_unflagged	all_matched_unflagged
PSEN	H2N0U7	Q54ET2	TP	FN	all_matched_unflagged	all_matched_unflagged
PSEN	H2N0U7	Q7PR98	TP	TP	all_matched_unflagged	all_matched_unflagged
PSEN	H2N0U7	Q90ZE4	TP	TP	all_matched_unflagged	all_matched_unflagged
PSEN	H2N0U7	Q9SIK7	TP	FN	all_matched_unflagged	all_matched_unflagged
PSEN	H2N0U7	Q9XT96	TP	TP	all_matched_unflagged	all_matched_unflagged
PSEN	H2N0U7	Q9XT97	FP	TN	all_matched_unflagged	all_matched_unflagged
PSEN	H2Q8K1	H2R821	TN	TN	all_matched_unflagged	all_matched_unflagged
PSEN	H2Q8K1	H3GE34	TP	FN	all_matched_unflagged	all_matched_unflagged
PSEN	H2Q8K1	H3GSQ0	TP	FN	all_matched_unflagged	all_matched_unflagged
PSEN	H2Q8K1	H3GZZ9	FN	FN	all_matched_unflagged	all_matched_unflagged
PSEN	H2Q8K1	O02194	TP	TP	all_matched_unflagged	all_matched_unflagged
PSEN	H2Q8K1	O64668	TP	FN	all_matched_unflagged	all_matched_unflagged
PSEN	H2Q8K1	O88777	FP	TN	all_matched_unflagged	all_matched_unflagged
PSEN	H2Q8K1	P49768	TP	TP	all_matched_unflagged	all_matched_unflagged
PSEN	H2Q8K1	P49769	TP	TP	all_matched_unflagged	all_matched_unflagged
PSEN	H2Q8K1	P49810	FP	TN	all_matched_unflagged	all_matched_unflagged
PSEN	H2Q8K1	P97887	TP	TP	all_matched_unflagged	all_matched_unflagged
PSEN	H2Q8K1	Q4JIM4	TP	TP	all_matched_unflagged	all_matched_unflagged
PSEN	H2Q8K1	Q4QF26	TP	FN	all_matched_unflagged	all_matched_unflagged
PSEN	H2Q8K1	Q54DE8	TP	FN	all_matched_unflagged	all_matched_unflagged
PSEN	H2Q8K1	Q54ET2	TP	FN	all_matched_unflagged	all_matched_unflagged
PSEN	H2Q8K1	Q7PR98	TP	TP	all_matched_unflagged	all_matched_unflagged
PSEN	H2Q8K1	Q90ZE4	FP	TN	all_matched_unflagged	all_matched_unflagged
PSEN	H2Q8K1	Q9SIK7	TP	FN	all_matched_unflagged	all_matched_unflagged
PSEN	H2Q8K1	Q9XT96	FP	TN	all_matched_unflagged	all_matched_unflagged
PSEN	H2Q8K1	Q9XT97	TP	TP	all_matched_unflagged	all_matched_unflagged
PSEN	H2R821	H3GE34	TP	FN	all_matched_unflagged	all_matched_unflagged
PSEN	H2R821	H3GSQ0	TP	FN	all_matched_unflagged	all_matched_unflagged
PSEN	H2R821	H3GZZ9	FN	FN	all_matched_unflagged	all_matched_unflagged
PSEN	H2R821	O02194	TP	TP	all_matched_unflagged	all_matched_unflagged
PSEN	H2R821	O64668	TP	FN	all_matched_unflagged	all_matched_unflagged
PSEN	H2R821	O88777	TP	TP	all_matched_unflagged	all_matched_unflagged
PSEN	H2R821	P49768	FP	TN	all_matched_unflagged	all_matched_unflagged
PSEN	H2R821	P49769	FP	TN	all_matched_unflagged	all_matched_unflagged
PSEN	H2R821	P49810	TP	TP	all_matched_unflagged	all_matched_unflagged
PSEN	H2R821	P97887	FP	TN	all_matched_unflagged	all_matched_unflagged
PSEN	H2R821	Q4JIM4	FP	TN	all_matched_unflagged	all_matched_unflagged
PSEN	H2R821	Q4QF26	TP	FN	all_matched_unflagged	all_matched_unflagged
PSEN	H2R821	Q54DE8	TP	FN	all_matched_unflagged	all_matched_unflagged
PSEN	H2R821	Q54ET2	TP	FN	all_matched_unflagged	all_matched_unflagged
PSEN	H2R821	Q7PR98	TP	TP	all_matched_unflagged	all_matched_unflagged
PSEN	H2R821	Q90ZE4	TP	TP	all_matched_unflagged	all_matched_unflagged
PSEN	H2R821	Q9SIK7	TP	FN	all_matched_unflagged	all_matched_unflagged
PSEN	H2R821	Q9XT96	TP	TP	all_matched_unflagged	all_matched_unflagged
PSEN	H2R821	Q9XT97	FP	TN	all_matched_unflagged	all_matched_unflagged
PSEN	H3GE34	H3GSQ0	TN	TN	all_matched_unflagged	all_matched_unflagged
PSEN	H3GE34	H3GZZ9	TN	TN	all_matched_unflagged	all_matched_unflagged
PSEN	H3GE34	O02194	TP	FN	all_matched_unflagged	all_matched_unflagged
PSEN	H3GE34	O64668	TP	TP	all_matched_unflagged	all_matched_unflagged
PSEN	H3GE34	O88777	TP	FN	all_matched_unflagged	all_matched_unflagged
PSEN	H3GE34	P49768	TP	FN	all_matched_unflagged	all_matched_unflagged
PSEN	H3GE34	P49769	TP	FN	all_matched_unflagged	all_matched_unflagged
PSEN	H3GE34	P49810	TP	FN	all_matched_unflagged	all_matched_unflagged
PSEN	H3GE34	P97887	TP	FN	all_matched_unflagged	all_matched_unflagged
PSEN	H3GE34	Q4JIM4	TP	FN	all_matched_unflagged	all_matched_unflagged
PSEN	H3GE34	Q4QF26	TP	TP	all_matched_unflagged	all_matched_unflagged
PSEN	H3GE34	Q54DE8	TP	TP	all_matched_unflagged	all_matched_unflagged
PSEN	H3GE34	Q54ET2	TP	TP	all_matched_unflagged	all_matched_unflagged
PSEN	H3GE34	Q7PR98	TP	FN	all_matched_unflagged	all_matched_unflagged
PSEN	H3GE34	Q90ZE4	TP	FN	all_matched_unflagged	all_matched_unflagged
PSEN	H3GE34	Q9SIK7	TP	TP	all_matched_unflagged	all_matched_unflagged
PSEN	H3GE34	Q9XT96	TP	FN	all_matched_unflagged	all_matched_unflagged
PSEN	H3GE34	Q9XT97	TP	FN	all_matched_unflagged	all_matched_unflagged
PSEN	H3GSQ0	H3GZZ9	TN	TN	all_matched_unflagged	all_matched_unflagged
PSEN	H3GSQ0	O02194	TP	FN	all_matched_unflagged	all_matched_unflagged
PSEN	H3GSQ0	O64668	TP	TP	all_matched_unflagged	all_matched_unflagged
PSEN	H3GSQ0	O88777	TP	FN	all_matched_unflagged	all_matched_unflagged
PSEN	H3GSQ0	P49768	TP	FN	all_matched_unflagged	all_matched_unflagged
PSEN	H3GSQ0	P49769	TP	FN	all_matched_unflagged	all_matched_unflagged
PSEN	H3GSQ0	P49810	TP	FN	all_matched_unflagged	all_matched_unflagged
PSEN	H3GSQ0	P97887	TP	FN	all_matched_unflagged	all_matched_unflagged
PSEN	H3GSQ0	Q4JIM4	TP	FN	all_matched_unflagged	all_matched_unflagged
PSEN	H3GSQ0	Q4QF26	TP	TP	all_matched_unflagged	all_matched_unflagged
PSEN	H3GSQ0	Q54DE8	TP	TP	all_matched_unflagged	all_matched_unflagged
PSEN	H3GSQ0	Q54ET2	TP	TP	all_matched_unflagged	all_matched_unflagged
PSEN	H3GSQ0	Q7PR98	TP	FN	all_matched_unflagged	all_matched_unflagged
PSEN	H3GSQ0	Q90ZE4	TP	FN	all_matched_unflagged	all_matched_unflagged
PSEN	H3GSQ0	Q9SIK7	TP	TP	all_matched_unflagged	all_matched_unflagged
PSEN	H3GSQ0	Q9XT96	TP	FN	all_matched_unflagged	all_matched_unflagged
PSEN	H3GSQ0	Q9XT97	TP	FN	all_matched_unflagged	all_matched_unflagged
PSEN	H3GZZ9	O02194	FN	FN	all_matched_unflagged	all_matched_unflagged
PSEN	H3GZZ9	O64668	FN	FN	all_matched_unflagged	all_matched_unflagged
PSEN	H3GZZ9	O88777	FN	FN	all_matched_unflagged	all_matched_unflagged
PSEN	H3GZZ9	P49768	FN	FN	all_matched_unflagged	all_matched_unflagged
PSEN	H3GZZ9	P49769	FN	FN	all_matched_unflagged	all_matched_unflagged
PSEN	H3GZZ9	P49810	FN	FN	all_matched_unflagged	all_matched_unflagged
PSEN	H3GZZ9	P97887	FN	FN	all_matched_unflagged	all_matched_unflagged
PSEN	H3GZZ9	Q4JIM4	FN	FN	all_matched_unflagged	all_matched_unflagged
PSEN	H3GZZ9	Q4QF26	FN	FN	all_matched_unflagged	all_matched_unflagged
PSEN	H3GZZ9	Q54DE8	FN	FN	all_matched_unflagged	all_matched_unflagged
PSEN	H3GZZ9	Q54ET2	FN	FN	all_matched_unflagged	all_matched_unflagged
PSEN	H3GZZ9	Q7PR98	FN	FN	all_matched_unflagged	all_matched_unflagged
PSEN	H3GZZ9	Q90ZE4	FN	FN	all_matched_unflagged	all_matched_unflagged
PSEN	H3GZZ9	Q9SIK7	FN	FN	all_matched_unflagged	all_matched_unflagged
PSEN	H3GZZ9	Q9XT96	FN	FN	all_matched_unflagged	all_matched_unflagged
PSEN	H3GZZ9	Q9XT97	FN	FN	all_matched_unflagged	all_matched_unflagged
PSEN	O02194	O64668	TP	FN	all_matched_unflagged	all_matched_unflagged
PSEN	O02194	O88777	TP	TP	all_matched_unflagged	all_matched_unflagged
PSEN	O02194	P49768	TP	TP	all_matched_unflagged	all_matched_unflagged
PSEN	O02194	P49769	TP	TP	all_matched_unflagged	all_matched_unflagged
PSEN	O02194	P49810	TP	TP	all_matched_unflagged	all_matched_unflagged
PSEN	O02194	P97887	TP	TP	all_matched_unflagged	all_matched_unflagged
PSEN	O02194	Q4JIM4	TP	TP	all_matched_unflagged	all_matched_unflagged
PSEN	O02194	Q4QF26	TP	FN	all_matched_unflagged	all_matched_unflagged
PSEN	O02194	Q54DE8	TP	FN	all_matched_unflagged	all_matched_unflagged
PSEN	O02194	Q54ET2	TP	FN	all_matched_unflagged	all_matched_unflagged
PSEN	O02194	Q7PR98	TP	TP	all_matched_unflagged	all_matched_unflagged
PSEN	O02194	Q90ZE4	TP	TP	all_matched_unflagged	all_matched_unflagged
PSEN	O02194	Q9SIK7	TP	FN	all_matched_unflagged	all_matched_unflagged
PSEN	O02194	Q9XT96	TP	TP	all_matched_unflagged	all_matched_unflagged
PSEN	O02194	Q9XT97	TP	TP	all_matched_unflagged	all_matched_unflagged
PSEN	O64668	O88777	TP	FN	all_matched_unflagged	all_matched_unflagged
PSEN	O64668	P49768	TP	FN	all_matched_unflagged	all_matched_unflagged
PSEN	O64668	P49769	TP	FN	all_matched_unflagged	all_matched_unflagged
PSEN	O64668	P49810	TP	FN	all_matched_unflagged	all_matched_unflagged
PSEN	O64668	P97887	TP	FN	all_matched_unflagged	all_matched_unflagged
PSEN	O64668	Q4JIM4	TP	FN	all_matched_unflagged	all_matched_unflagged
PSEN	O64668	Q4QF26	TP	TP	all_matched_unflagged	all_matched_unflagged
PSEN	O64668	Q54DE8	TP	TP	all_matched_unflagged	all_matched_unflagged
PSEN	O64668	Q54ET2	TP	TP	all_matched_unflagged	all_matched_unflagged
PSEN	O64668	Q7PR98	TP	FN	all_matched_unflagged	all_matched_unflagged
PSEN	O64668	Q90ZE4	TP	FN	all_matched_unflagged	all_matched_unflagged
PSEN	O64668	Q9SIK7	TN	TN	all_matched_unflagged	all_matched_unflagged
PSEN	O64668	Q9XT96	TP	FN	all_matched_unflagged	all_matched_unflagged
PSEN	O64668	Q9XT97	TP	FN	all_matched_unflagged	all_matched_unflagged
PSEN	O88777	P49768	FP	TN	all_matched_unflagged	all_matched_unflagged
PSEN	O88777	P49769	FP	TN	all_matched_unflagged	all_matched_unflagged
PSEN	O88777	P49810	TP	TP	all_matched_unflagged	all_matched_unflagged
PSEN	O88777	P97887	TN	TN	all_matched_unflagged	all_matched_unflagged
PSEN	O88777	Q4JIM4	FP	TN	all_matched_unflagged	all_matched_unflagged
PSEN	O88777	Q4QF26	TP	FN	all_matched_unflagged	all_matched_unflagged
PSEN	O88777	Q54DE8	TP	FN	all_matched_unflagged	all_matched_unflagged
PSEN	O88777	Q54ET2	TP	FN	all_matched_unflagged	all_matched_unflagged
PSEN	O88777	Q7PR98	TP	TP	all_matched_unflagged	all_matched_unflagged
PSEN	O88777	Q90ZE4	TP	TP	all_matched_unflagged	all_matched_unflagged
PSEN	O88777	Q9SIK7	TP	FN	all_matched_unflagged	all_matched_unflagged
PSEN	O88777	Q9XT96	TP	TP	all_matched_unflagged	all_matched_unflagged
PSEN	O88777	Q9XT97	FP	TN	all_matched_unflagged	all_matched_unflagged
PSEN	P49768	P49769	TP	TP	all_matched_unflagged	all_matched_unflagged
PSEN	P49768	P49810	TN	TN	all_matched_unflagged	all_matched_unflagged
PSEN	P49768	P97887	TP	TP	all_matched_unflagged	all_matched_unflagged
PSEN	P49768	Q4JIM4	TP	TP	all_matched_unflagged	all_matched_unflagged
PSEN	P49768	Q4QF26	TP	FN	all_matched_unflagged	all_matched_unflagged
PSEN	P49768	Q54DE8	TP	FN	all_matched_unflagged	all_matched_unflagged
PSEN	P49768	Q54ET2	TP	FN	all_matched_unflagged	all_matched_unflagged
PSEN	P49768	Q7PR98	TP	TP	all_matched_unflagged	all_matched_unflagged
PSEN	P49768	Q90ZE4	FP	TN	all_matched_unflagged	all_matched_unflagged
PSEN	P49768	Q9SIK7	TP	FN	all_matched_unflagged	all_matched_unflagged
PSEN	P49768	Q9XT96	FP	TN	all_matched_unflagged	all_matched_unflagged
PSEN	P49768	Q9XT97	TP	TP	all_matched_unflagged	all_matched_unflagged
PSEN	P49769	P49810	FP	TN	all_matched_unflagged	all_matched_unflagged
PSEN	P49769	P97887	TP	TP	all_matched_unflagged	all_matched_unflagged
PSEN	P49769	Q4JIM4	TP	TP	all_matched_unflagged	all_matched_unflagged
PSEN	P49769	Q4QF26	TP	FN	all_matched_unflagged	all_matched_unflagged
PSEN	P49769	Q54DE8	TP	FN	all_matched_unflagged	all_matched_unflagged
PSEN	P49769	Q54ET2	TP	FN	all_matched_unflagged	all_matched_unflagged
PSEN	P49769	Q7PR98	TP	TP	all_matched_unflagged	all_matched_unflagged
PSEN	P49769	Q90ZE4	FP	TN	all_matched_unflagged	all_matched_unflagged
PSEN	P49769	Q9SIK7	TP	FN	all_matched_unflagged	all_matched_unflagged
PSEN	P49769	Q9XT96	FP	TN	all_matched_unflagged	all_matched_unflagged
PSEN	P49769	Q9XT97	TP	TP	all_matched_unflagged	all_matched_unflagged
PSEN	P49810	P97887	FP	TN	all_matched_unflagged	all_matched_unflagged
PSEN	P49810	Q4JIM4	FP	TN	all_matched_unflagged	all_matched_unflagged
PSEN	P49810	Q4QF26	TP	FN	all_matched_unflagged	all_matched_unflagged
PSEN	P49810	Q54DE8	TP	FN	all_matched_unflagged	all_matched_unflagged
PSEN	P49810	Q54ET2	TP	FN	all_matched_unflagged	all_matched_unflagged
PSEN	P49810	Q7PR98	TP	TP	all_matched_unflagged	all_matched_unflagged
PSEN	P49810	Q90ZE4	TP	TP	all_matched_unflagged	all_matched_unflagged
PSEN	P49810	Q9SIK7	TP	FN	all_matched_unflagged	all_matched_unflagged
PSEN	P49810	Q9XT96	TP	TP	all_matched_unflagged	all_matched_unflagged
PSEN	P49810	Q9XT97	FP	TN	all_matched_unflagged	all_matched_unflagged
PSEN	P97887	Q4JIM4	TP	TP	all_matched_unflagged	all_matched_unflagged
PSEN	P97887	Q4QF26	TP	FN	all_matched_unflagged	all_matched_unflagged
PSEN	P97887	Q54DE8	TP	FN	all_matched_unflagged	all_matched_unflagged
PSEN	P97887	Q54ET2	TP	FN	all_matched_unflagged	all_matched_unflagged
PSEN	P97887	Q7PR98	TP	TP	all_matched_unflagged	all_matched_unflagged
PSEN	P97887	Q90ZE4	FP	TN	all_matched_unflagged	all_matched_unflagged
PSEN	P97887	Q9SIK7	TP	FN	all_matched_unflagged	all_matched_unflagged
PSEN	P97887	Q9XT96	FP	TN	all_matched_unflagged	all_matched_unflagged
PSEN	P97887	Q9XT97	TP	TP	all_matched_unflagged	all_matched_unflagged
PSEN	Q4JIM4	Q4QF26	TP	FN	all_matched_unflagged	all_matched_unflagged
PSEN	Q4JIM4	Q54DE8	TP	FN	all_matched_unflagged	all_matched_unflagged
PSEN	Q4JIM4	Q54ET2	TP	FN	all_matched_unflagged	all_matched_unflagged
PSEN	Q4JIM4	Q7PR98	TP	TP	all_matched_unflagged	all_matched_unflagged
PSEN	Q4JIM4	Q90ZE4	FP	TN	all_matched_unflagged	all_matched_unflagged
PSEN	Q4JIM4	Q9SIK7	TP	FN	all_matched_unflagged	all_matched_unflagged
PSEN	Q4JIM4	Q9XT96	FP	TN	all_matched_unflagged	all_matched_unflagged
PSEN	Q4JIM4	Q9XT97	TP	TP	all_matched_unflagged	all_matched_unflagged
PSEN	Q4QF26	Q54DE8	TP	TP	all_matched_unflagged	all_matched_unflagged
PSEN	Q4QF26	Q54ET2	TP	TP	all_matched_unflagged	all_matched_unflagged
PSEN	Q4QF26	Q7PR98	TP	FN	all_matched_unflagged	all_matched_unflagged
PSEN	Q4QF26	Q90ZE4	TP	FN	all_matched_unflagged	all_matched_unflagged
PSEN	Q4QF26	Q9SIK7	TP	TP	all_matched_unflagged	all_matched_unflagged
PSEN	Q4QF26	Q9XT96	TP	FN	all_matched_unflagged	all_matched_unflagged
PSEN	Q4QF26	Q9XT97	TP	FN	all_matched_unflagged	all_matched_unflagged
PSEN	Q54DE8	Q54ET2	TN	TN	all_matched_unflagged	all_matched_unflagged
PSEN	Q54DE8	Q7PR98	TP	FN	all_matched_unflagged	all_matched_unflagged
PSEN	Q54DE8	Q90ZE4	TP	FN	all_matched_unflagged	all_matched_unflagged
PSEN	Q54DE8	Q9SIK7	TP	TP	all_matched_unflagged	all_matched_unflagged
PSEN	Q54DE8	Q9XT96	TP	FN	all_matched_unflagged	all_matched_unflagged
PSEN	Q54DE8	Q9XT97	TP	FN	all_matched_unflagged	all_matched_unflagged
PSEN	Q54ET2	Q7PR98	TP	FN	all_matched_unflagged	all_matched_unflagged
PSEN	Q54ET2	Q90ZE4	TP	FN	all_matched_unflagged	all_matched_unflagged
PSEN	Q54ET2	Q9SIK7	TP	TP	all_matched_unflagged	all_matched_unflagged
PSEN	Q54ET2	Q9XT96	TP	FN	all_matched_unflagged	all_matched_unflagged
PSEN	Q54ET2	Q9XT97	TP	FN	all_matched_unflagged	all_matched_unflagged
PSEN	Q7PR98	Q90ZE4	TP	TP	all_matched_unflagged	all_matched_unflagged
PSEN	Q7PR98	Q9SIK7	TP	FN	all_matched_unflagged	all_matched_unflagged
PSEN	Q7PR98	Q9XT96	TP	TP	all_matched_unflagged	all_matched_unflagged
PSEN	Q7PR98	Q9XT97	TP	TP	all_matched_unflagged	all_matched_unflagged
PSEN	Q90ZE4	Q9SIK7	TP	FN	all_matched_unflagged	all_matched_unflagged
PSEN	Q90ZE4	Q9XT96	TP	TP	all_matched_unflagged	all_matched_unflagged
PSEN	Q90ZE4	Q9XT97	FP	TN	all_matched_unflagged	all_matched_unflagged
PSEN	Q9SIK7	Q9XT96	TP	FN	all_matched_unflagged	all_matched_unflagged
PSEN	Q9SIK7	Q9XT97	TP	FN	all_matched_unflagged	all_matched_unflagged
PSEN	Q9XT96	Q9XT97	TN	TN	all_matched_unflagged	all_matched_unflagged
RPS	A8IWQ1	O66430	TP	TP	all_matched_unflagged	all_matched_unflagged
RPS	A8IWQ1	P21471	TP	TP	all_matched_unflagged	all_matched_unflagged
RPS	A8IWQ1	P35027	TP	TP	all_matched_unflagged	all_matched_unflagged
RPS	A8IWQ1	P35686	TP	FN	all_matched_unflagged	all_matched_unflagged
RPS	A8IWQ1	P54029	TP	TP	all_matched_unflagged	all_matched_unflagged
RPS	A8IWQ1	P61929	TP	TP	all_matched_unflagged	all_matched_unflagged
RPS	A8IWQ1	Q10P27	TP	FN	all_matched_unflagged	all_matched_unflagged
RPS	A8IWQ1	Q7NEF1	TP	TP	all_matched_unflagged	all_matched_unflagged
RPS	A8IWQ1	Q8IK02	TP	FN	all_matched_unflagged	all_matched_unflagged
RPS	A8IWQ1	Q8IKM3	FN	FN	all_matched_unflagged	all_matched_unflagged
RPS	A8IWQ1	Q8LNL2	TP	FN	all_matched_unflagged	all_matched_unflagged
RPS	O66430	P21471	TP	TP	all_matched_unflagged	all_matched_unflagged
RPS	O66430	P35027	TP	TP	all_matched_unflagged	all_matched_unflagged
RPS	O66430	P35686	TP	FN	all_matched_unflagged	all_matched_unflagged
RPS	O66430	P54029	TP	TP	all_matched_unflagged	all_matched_unflagged
RPS	O66430	P61929	TP	TP	all_matched_unflagged	all_matched_unflagged
RPS	O66430	Q10P27	TP	FN	all_matched_unflagged	all_matched_unflagged
RPS	O66430	Q7NEF1	TP	TP	all_matched_unflagged	all_matched_unflagged
RPS	O66430	Q8IK02	TP	FN	all_matched_unflagged	all_matched_unflagged
RPS	O66430	Q8IKM3	FN	FN	all_matched_unflagged	all_matched_unflagged
RPS	O66430	Q8LNL2	TP	FN	all_matched_unflagged	all_matched_unflagged
RPS	P21471	P35027	TP	TP	all_matched_unflagged	all_matched_unflagged
RPS	P21471	P35686	TP	FN	all_matched_unflagged	all_matched_unflagged
RPS	P21471	P54029	TP	TP	all_matched_unflagged	all_matched_unflagged
RPS	P21471	P61929	TP	TP	all_matched_unflagged	all_matched_unflagged
RPS	P21471	Q10P27	TP	FN	all_matched_unflagged	all_matched_unflagged
RPS	P21471	Q7NEF1	TP	TP	all_matched_unflagged	all_matched_unflagged
RPS	P21471	Q8IK02	TP	FN	all_matched_unflagged	all_matched_unflagged
RPS	P21471	Q8IKM3	FN	FN	all_matched_unflagged	all_matched_unflagged
RPS	P21471	Q8LNL2	TP	FN	all_matched_unflagged	all_matched_unflagged
RPS	P35027	P35686	TP	FN	all_matched_unflagged	all_matched_unflagged
RPS	P35027	P54029	TP	TP	all_matched_unflagged	all_matched_unflagged
RPS	P35027	P61929	TP	TP	all_matched_unflagged	all_matched_unflagged
RPS	P35027	Q10P27	TP	FN	all_matched_unflagged	all_matched_unflagged
RPS	P35027	Q7NEF1	TP	TP	all_matched_unflagged	all_matched_unflagged
RPS	P35027	Q8IK02	TP	FN	all_matched_unflagged	all_matched_unflagged
RPS	P35027	Q8IKM3	FN	FN	all_matched_unflagged	all_matched_unflagged
RPS	P35027	Q8LNL2	TP	FN	all_matched_unflagged	all_matched_unflagged
RPS	P35686	P54029	TP	FN	all_matched_unflagged	all_matched_unflagged
RPS	P35686	P61929	TP	FN	all_matched_unflagged	all_matched_unflagged
RPS	P35686	Q10P27	TN	TN	all_matched_unflagged	all_matched_unflagged
RPS	P35686	Q7NEF1	TP	FN	all_matched_unflagged	all_matched_unflagged
RPS	P35686	Q8IK02	TP	TP	all_matched_unflagged	all_matched_unflagged
RPS	P35686	Q8IKM3	FN	FN	all_matched_unflagged	all_matched_unflagged
RPS	P35686	Q8LNL2	TN	TN	all_matched_unflagged	all_matched_unflagged
RPS	P54029	P61929	TP	TP	all_matched_unflagged	all_matched_unflagged
RPS	P54029	Q10P27	TP	FN	all_matched_unflagged	all_matched_unflagged
RPS	P54029	Q7NEF1	TP	TP	all_matched_unflagged	all_matched_unflagged
RPS	P54029	Q8IK02	TP	FN	all_matched_unflagged	all_matched_unflagged
RPS	P54029	Q8IKM3	FN	FN	all_matched_unflagged	all_matched_unflagged
RPS	P54029	Q8LNL2	TP	FN	all_matched_unflagged	all_matched_unflagged
RPS	P61929	Q10P27	TP	FN	all_matched_unflagged	all_matched_unflagged
RPS	P61929	Q7NEF1	TP	TP	all_matched_unflagged	all_matched_unflagged
RPS	P61929	Q8IK02	TP	FN	all_matched_unflagged	all_matched_unflagged
RPS	P61929	Q8IKM3	FN	FN	all_matched_unflagged	all_matched_unflagged
RPS	P61929	Q8LNL2	TP	FN	all_matched_unflagged	all_matched_unflagged
RPS	Q10P27	Q7NEF1	TP	FN	all_matched_unflagged	all_matched_unflagged
RPS	Q10P27	Q8IK02	TP	TP	all_matched_unflagged	all_matched_unflagged
RPS	Q10P27	Q8IKM3	FN	FN	all_matched_unflagged	all_matched_unflagged
RPS	Q10P27	Q8LNL2	TN	TN	all_matched_unflagged	all_matched_unflagged
RPS	Q7NEF1	Q8IK02	TP	FN	all_matched_unflagged	all_matched_unflagged
RPS	Q7NEF1	Q8IKM3	FN	FN	all_matched_unflagged	all_matched_unflagged
RPS	Q7NEF1	Q8LNL2	TP	FN	all_matched_unflagged	all_matched_unflagged
RPS	Q8IK02	Q8IKM3	FN	FN	all_matched_unflagged	all_matched_unflagged
RPS	Q8IK02	Q8LNL2	TP	TP	all_matched_unflagged	all_matched_unflagged
RPS	Q8IKM3	Q8LNL2	FN	FN	all_matched_unflagged	all_matched_unflagged
SERC	A0A6I8Q293	A0C5A5	TP	TP	all_matched_unflagged	all_matched_unflagged
SERC	A0A6I8Q293	A0CSR0	TP	TP	all_matched_unflagged	all_matched_unflagged
SERC	A0A6I8Q293	A6NH21	TP	TP	all_matched_unflagged	all_matched_unflagged
SERC	A0A6I8Q293	A8WCG0	TP	TP	all_matched_unflagged	all_matched_unflagged
SERC	A0A6I8Q293	A9UY97	TP	TP	all_matched_unflagged	all_matched_unflagged
SERC	A0A6I8Q293	B7Q347	TP	FN	all_matched_unflagged	all_matched_unflagged
SERC	A0A6I8Q293	C3Y299	TP	TP	all_matched_unflagged	all_matched_unflagged
SERC	A0A6I8Q293	C3YMU1	FP	TN	all_matched_unflagged	all_matched_unflagged
SERC	A0A6I8Q293	E7F5D2	TP	TP	all_matched_unflagged	all_matched_unflagged
SERC	A0A6I8Q293	F7A8J9	TP	TP	all_matched_unflagged	all_matched_unflagged
SERC	A0A6I8Q293	O45719	TP	FN	all_matched_unflagged	all_matched_unflagged
SERC	A0A6I8Q293	Q0JBW5	FN	FN	all_matched_unflagged	all_matched_unflagged
SERC	A0A6I8Q293	Q12116	TP	TP	all_matched_unflagged	all_matched_unflagged
SERC	A0A6I8Q293	Q13530	FP	TN	all_matched_unflagged	all_matched_unflagged
SERC	A0A6I8Q293	Q494Q0	TP	TP	all_matched_unflagged	all_matched_unflagged
SERC	A0A6I8Q293	Q4FZV1	FP	TN	all_matched_unflagged	all_matched_unflagged
SERC	A0A6I8Q293	Q4Q8G8	TP	TP	all_matched_unflagged	all_matched_unflagged
SERC	A0A6I8Q293	Q4X0I0	TP	TP	all_matched_unflagged	all_matched_unflagged
SERC	A0A6I8Q293	Q54UF8	TP	TP	all_matched_unflagged	all_matched_unflagged
SERC	A0A6I8Q293	Q5KDT2	TP	TP	all_matched_unflagged	all_matched_unflagged
SERC	A0A6I8Q293	Q5U2V2	FP	TN	all_matched_unflagged	all_matched_unflagged
SERC	A0A6I8Q293	Q5VR48	FN	FN	all_matched_unflagged	all_matched_unflagged
SERC	A0A6I8Q293	Q5XK03	TP	TP	all_matched_unflagged	all_matched_unflagged
SERC	A0A6I8Q293	Q5ZME5	FP	TN	all_matched_unflagged	all_matched_unflagged
SERC	A0A6I8Q293	Q63175	FP	TN	all_matched_unflagged	all_matched_unflagged
SERC	A0A6I8Q293	Q6CHG9	TP	TP	all_matched_unflagged	all_matched_unflagged
SERC	A0A6I8Q293	Q6K688	TP	TP	all_matched_unflagged	all_matched_unflagged
SERC	A0A6I8Q293	Q7QCD1	TP	FN	all_matched_unflagged	all_matched_unflagged
SERC	A0A6I8Q293	Q7SAQ3	TP	TP	all_matched_unflagged	all_matched_unflagged
SERC	A0A6I8Q293	Q7SZW7	FP	TN	all_matched_unflagged	all_matched_unflagged
SERC	A0A6I8Q293	Q7TNK0	FP	TN	all_matched_unflagged	all_matched_unflagged
SERC	A0A6I8Q293	Q803X0	FP	TN	all_matched_unflagged	all_matched_unflagged
SERC	A0A6I8Q293	Q84SS3	TP	TP	all_matched_unflagged	all_matched_unflagged
SERC	A0A6I8Q293	Q86VE9	FP	TN	all_matched_unflagged	all_matched_unflagged
SERC	A0A6I8Q293	Q8BHJ6	FP	TN	all_matched_unflagged	all_matched_unflagged
SERC	A0A6I8Q293	Q8VZI4	FN	FN	all_matched_unflagged	all_matched_unflagged
SERC	A0A6I8Q293	Q95XV3	TP	FN	all_matched_unflagged	all_matched_unflagged
SERC	A0A6I8Q293	Q96SA4	FP	TN	all_matched_unflagged	all_matched_unflagged
SERC	A0A6I8Q293	Q9HDY3	TP	TP	all_matched_unflagged	all_matched_unflagged
SERC	A0A6I8Q293	Q9NRX5	FP	TN	all_matched_unflagged	all_matched_unflagged
SERC	A0A6I8Q293	Q9QZI8	FP	TN	all_matched_unflagged	all_matched_unflagged
SERC	A0A6I8Q293	Q9S9L9	TP	TP	all_matched_unflagged	all_matched_unflagged
SERC	A0C5A5	A0CSR0	TN	TN	all_matched_unflagged	all_matched_unflagged
SERC	A0C5A5	A6NH21	TP	TP	all_matched_unflagged	all_matched_unflagged
SERC	A0C5A5	A8WCG0	TP	TP	all_matched_unflagged	all_matched_unflagged
SERC	A0C5A5	A9UY97	TP	TP	all_matched_unflagged	all_matched_unflagged
SERC	A0C5A5	B7Q347	TP	TP	all_matched_unflagged	all_matched_unflagged
SERC	A0C5A5	C3Y299	TP	TP	all_matched_unflagged	all_matched_unflagged
SERC	A0C5A5	C3YMU1	TP	TP	all_matched_unflagged	all_matched_unflagged
SERC	A0C5A5	E7F5D2	TP	TP	all_matched_unflagged	all_matched_unflagged
SERC	A0C5A5	F7A8J9	TP	TP	all_matched_unflagged	all_matched_unflagged
SERC	A0C5A5	O45719	TP	TP	all_matched_unflagged	all_matched_unflagged
SERC	A0C5A5	Q0JBW5	FN	FN	all_matched_unflagged	all_matched_unflagged
SERC	A0C5A5	Q12116	TP	TP	all_matched_unflagged	all_matched_unflagged
SERC	A0C5A5	Q13530	TP	TP	all_matched_unflagged	all_matched_unflagged
SERC	A0C5A5	Q494Q0	TP	TP	all_matched_unflagged	all_matched_unflagged
SERC	A0C5A5	Q4FZV1	TP	TP	all_matched_unflagged	all_matched_unflagged
SERC	A0C5A5	Q4Q8G8	TP	TP	all_matched_unflagged	all_matched_unflagged
SERC	A0C5A5	Q4X0I0	TP	TP	all_matched_unflagged	all_matched_unflagged
SERC	A0C5A5	Q54UF8	TP	TP	all_matched_unflagged	all_matched_unflagged
SERC	A0C5A5	Q5KDT2	TP	TP	all_matched_unflagged	all_matched_unflagged
SERC	A0C5A5	Q5U2V2	TP	TP	all_matched_unflagged	all_matched_unflagged
SERC	A0C5A5	Q5VR48	FN	FN	all_matched_unflagged	all_matched_unflagged
SERC	A0C5A5	Q5XK03	TP	TP	all_matched_unflagged	all_matched_unflagged
SERC	A0C5A5	Q5ZME5	TP	TP	all_matched_unflagged	all_matched_unflagged
SERC	A0C5A5	Q63175	TP	TP	all_matched_unflagged	all_matched_unflagged
SERC	A0C5A5	Q6CHG9	TP	TP	all_matched_unflagged	all_matched_unflagged
SERC	A0C5A5	Q6K688	TP	TP	all_matched_unflagged	all_matched_unflagged
SERC	A0C5A5	Q7QCD1	TP	TP	all_matched_unflagged	all_matched_unflagged
SERC	A0C5A5	Q7SAQ3	TP	TP	all_matched_unflagged	all_matched_unflagged
SERC	A0C5A5	Q7SZW7	TP	TP	all_matched_unflagged	all_matched_unflagged
SERC	A0C5A5	Q7TNK0	TP	TP	all_matched_unflagged	all_matched_unflagged
SERC	A0C5A5	Q803X0	TP	TP	all_matched_unflagged	all_matched_unflagged
SERC	A0C5A5	Q84SS3	TP	TP	all_matched_unflagged	all_matched_unflagged
SERC	A0C5A5	Q86VE9	TP	TP	all_matched_unflagged	all_matched_unflagged
SERC	A0C5A5	Q8BHJ6	TP	TP	all_matched_unflagged	all_matched_unflagged
SERC	A0C5A5	Q8VZI4	FN	FN	all_matched_unflagged	all_matched_unflagged
SERC	A0C5A5	Q95XV3	TP	TP	all_matched_unflagged	all_matched_unflagged
SERC	A0C5A5	Q96SA4	TP	TP	all_matched_unflagged	all_matched_unflagged
SERC	A0C5A5	Q9HDY3	TP	TP	all_matched_unflagged	all_matched_unflagged
SERC	A0C5A5	Q9NRX5	TP	TP	all_matched_unflagged	all_matched_unflagged
SERC	A0C5A5	Q9QZI8	TP	TP	all_matched_unflagged	all_matched_unflagged
SERC	A0C5A5	Q9S9L9	TP	TP	all_matched_unflagged	all_matched_unflagged
SERC	A0CSR0	A6NH21	TP	TP	all_matched_unflagged	all_matched_unflagged
SERC	A0CSR0	A8WCG0	TP	TP	all_matched_unflagged	all_matched_unflagged
SERC	A0CSR0	A9UY97	TP	TP	all_matched_unflagged	all_matched_unflagged
SERC	A0CSR0	B7Q347	TP	TP	all_matched_unflagged	all_matched_unflagged
SERC	A0CSR0	C3Y299	TP	TP	all_matched_unflagged	all_matched_unflagged
SERC	A0CSR0	C3YMU1	TP	TP	all_matched_unflagged	all_matched_unflagged
SERC	A0CSR0	E7F5D2	TP	TP	all_matched_unflagged	all_matched_unflagged
SERC	A0CSR0	F7A8J9	TP	TP	all_matched_unflagged	all_matched_unflagged
SERC	A0CSR0	O45719	TP	TP	all_matched_unflagged	all_matched_unflagged
SERC	A0CSR0	Q0JBW5	FN	FN	all_matched_unflagged	all_matched_unflagged
SERC	A0CSR0	Q12116	TP	TP	all_matched_unflagged	all_matched_unflagged
SERC	A0CSR0	Q13530	TP	TP	all_matched_unflagged	all_matched_unflagged
SERC	A0CSR0	Q494Q0	TP	TP	all_matched_unflagged	all_matched_unflagged
SERC	A0CSR0	Q4FZV1	TP	TP	all_matched_unflagged	all_matched_unflagged
SERC	A0CSR0	Q4Q8G8	TP	TP	all_matched_unflagged	all_matched_unflagged
SERC	A0CSR0	Q4X0I0	TP	TP	all_matched_unflagged	all_matched_unflagged
SERC	A0CSR0	Q54UF8	TP	TP	all_matched_unflagged	all_matched_unflagged
SERC	A0CSR0	Q5KDT2	TP	TP	all_matched_unflagged	all_matched_unflagged
SERC	A0CSR0	Q5U2V2	TP	TP	all_matched_unflagged	all_matched_unflagged
SERC	A0CSR0	Q5VR48	FN	FN	all_matched_unflagged	all_matched_unflagged
SERC	A0CSR0	Q5XK03	TP	TP	all_matched_unflagged	all_matched_unflagged
SERC	A0CSR0	Q5ZME5	TP	TP	all_matched_unflagged	all_matched_unflagged
SERC	A0CSR0	Q63175	TP	TP	all_matched_unflagged	all_matched_unflagged
SERC	A0CSR0	Q6CHG9	TP	TP	all_matched_unflagged	all_matched_unflagged
SERC	A0CSR0	Q6K688	TP	TP	all_matched_unflagged	all_matched_unflagged
SERC	A0CSR0	Q7QCD1	TP	TP	all_matched_unflagged	all_matched_unflagged
SERC	A0CSR0	Q7SAQ3	TP	TP	all_matched_unflagged	all_matched_unflagged
SERC	A0CSR0	Q7SZW7	TP	TP	all_matched_unflagged	all_matched_unflagged
SERC	A0CSR0	Q7TNK0	TP	TP	all_matched_unflagged	all_matched_unflagged
SERC	A0CSR0	Q803X0	TP	TP	all_matched_unflagged	all_matched_unflagged
SERC	A0CSR0	Q84SS3	TP	TP	all_matched_unflagged	all_matched_unflagged
SERC	A0CSR0	Q86VE9	TP	TP	all_matched_unflagged	all_matched_unflagged
SERC	A0CSR0	Q8BHJ6	TP	TP	all_matched_unflagged	all_matched_unflagged
SERC	A0CSR0	Q8VZI4	FN	FN	all_matched_unflagged	all_matched_unflagged
SERC	A0CSR0	Q95XV3	TP	TP	all_matched_unflagged	all_matched_unflagged
SERC	A0CSR0	Q96SA4	TP	TP	all_matched_unflagged	all_matched_unflagged
SERC	A0CSR0	Q9HDY3	TP	TP	all_matched_unflagged	all_matched_unflagged
SERC	A0CSR0	Q9NRX5	TP	TP	all_matched_unflagged	all_matched_unflagged
SERC	A0CSR0	Q9QZI8	TP	TP	all_matched_unflagged	all_matched_unflagged
SERC	A0CSR0	Q9S9L9	TP	TP	all_matched_unflagged	all_matched_unflagged
SERC	A6NH21	A8WCG0	TP	TP	all_matched_unflagged	all_matched_unflagged
SERC	A6NH21	A9UY97	TP	TP	all_matched_unflagged	all_matched_unflagged
SERC	A6NH21	B7Q347	TP	FN	all_matched_unflagged	all_matched_unflagged
SERC	A6NH21	C3Y299	TP	TP	all_matched_unflagged	all_matched_unflagged
SERC	A6NH21	C3YMU1	FP	TN	all_matched_unflagged	all_matched_unflagged
SERC	A6NH21	E7F5D2	TP	TP	all_matched_unflagged	all_matched_unflagged
SERC	A6NH21	F7A8J9	TP	TP	all_matched_unflagged	all_matched_unflagged
SERC	A6NH21	O45719	TP	FN	all_matched_unflagged	all_matched_unflagged
SERC	A6NH21	Q0JBW5	FN	FN	all_matched_unflagged	all_matched_unflagged
SERC	A6NH21	Q12116	TP	TP	all_matched_unflagged	all_matched_unflagged
SERC	A6NH21	Q13530	TN	TN	all_matched_unflagged	all_matched_unflagged
SERC	A6NH21	Q494Q0	TP	TP	all_matched_unflagged	all_matched_unflagged
SERC	A6NH21	Q4FZV1	FP	TN	all_matched_unflagged	all_matched_unflagged
SERC	A6NH21	Q4Q8G8	TP	TP	all_matched_unflagged	all_matched_unflagged
SERC	A6NH21	Q4X0I0	TP	TP	all_matched_unflagged	all_matched_unflagged
SERC	A6NH21	Q54UF8	TP	TP	all_matched_unflagged	all_matched_unflagged
SERC	A6NH21	Q5KDT2	TP	TP	all_matched_unflagged	all_matched_unflagged
SERC	A6NH21	Q5U2V2	FP	TN	all_matched_unflagged	all_matched_unflagged
SERC	A6NH21	Q5VR48	FN	FN	all_matched_unflagged	all_matched_unflagged
SERC	A6NH21	Q5XK03	TP	TP	all_matched_unflagged	all_matched_unflagged
SERC	A6NH21	Q5ZME5	FP	TN	all_matched_unflagged	all_matched_unflagged
SERC	A6NH21	Q63175	FP	TN	all_matched_unflagged	all_matched_unflagged
SERC	A6NH21	Q6CHG9	TP	TP	all_matched_unflagged	all_matched_unflagged
SERC	A6NH21	Q6K688	TP	TP	all_matched_unflagged	all_matched_unflagged
SERC	A6NH21	Q7QCD1	TP	FN	all_matched_unflagged	all_matched_unflagged
SERC	A6NH21	Q7SAQ3	TP	TP	all_matched_unflagged	all_matched_unflagged
SERC	A6NH21	Q7SZW7	FP	TN	all_matched_unflagged	all_matched_unflagged
SERC	A6NH21	Q7TNK0	FP	TN	all_matched_unflagged	all_matched_unflagged
SERC	A6NH21	Q803X0	FP	TN	all_matched_unflagged	all_matched_unflagged
SERC	A6NH21	Q84SS3	TP	TP	all_matched_unflagged	all_matched_unflagged
SERC	A6NH21	Q86VE9	TN	TN	all_matched_unflagged	all_matched_unflagged
SERC	A6NH21	Q8BHJ6	FP	TN	all_matched_unflagged	all_matched_unflagged
SERC	A6NH21	Q8VZI4	FN	FN	all_matched_unflagged	all_matched_unflagged
SERC	A6NH21	Q95XV3	TP	FN	all_matched_unflagged	all_matched_unflagged
SERC	A6NH21	Q96SA4	TN	TN	all_matched_unflagged	all_matched_unflagged
SERC	A6NH21	Q9HDY3	TP	TP	all_matched_unflagged	all_matched_unflagged
SERC	A6NH21	Q9NRX5	TN	TN	all_matched_unflagged	all_matched_unflagged
SERC	A6NH21	Q9QZI8	FP	TN	all_matched_unflagged	all_matched_unflagged
SERC	A6NH21	Q9S9L9	TP	TP	all_matched_unflagged	all_matched_unflagged
SERC	A8WCG0	A9UY97	TP	TP	all_matched_unflagged	all_matched_unflagged
SERC	A8WCG0	B7Q347	TP	FN	all_matched_unflagged	all_matched_unflagged
SERC	A8WCG0	C3Y299	TP	TP	all_matched_unflagged	all_matched_unflagged
SERC	A8WCG0	C3YMU1	FP	TN	all_matched_unflagged	all_matched_unflagged
SERC	A8WCG0	E7F5D2	TP	TP	all_matched_unflagged	all_matched_unflagged
SERC	A8WCG0	F7A8J9	TP	TP	all_matched_unflagged	all_matched_unflagged
SERC	A8WCG0	O45719	TP	FN	all_matched_unflagged	all_matched_unflagged
SERC	A8WCG0	Q0JBW5	FN	FN	all_matched_unflagged	all_matched_unflagged
SERC	A8WCG0	Q12116	TP	TP	all_matched_unflagged	all_matched_unflagged
SERC	A8WCG0	Q13530	FP	TN	all_matched_unflagged	all_matched_unflagged
SERC	A8WCG0	Q494Q0	TP	TP	all_matched_unflagged	all_matched_unflagged
SERC	A8WCG0	Q4FZV1	TN	TN	all_matched_unflagged	all_matched_unflagged
SERC	A8WCG0	Q4Q8G8	TP	TP	all_matched_unflagged	all_matched_unflagged
SERC	A8WCG0	Q4X0I0	TP	TP	all_matched_unflagged	all_matched_unflagged
SERC	A8WCG0	Q54UF8	TP	TP	all_matched_unflagged	all_matched_unflagged
SERC	A8WCG0	Q5KDT2	TP	TP	all_matched_unflagged	all_matched_unflagged
SERC	A8WCG0	Q5U2V2	TN	TN	all_matched_unflagged	all_matched_unflagged
SERC	A8WCG0	Q5VR48	FN	FN	all_matched_unflagged	all_matched_unflagged
SERC	A8WCG0	Q5XK03	TP	TP	all_matched_unflagged	all_matched_unflagged
SERC	A8WCG0	Q5ZME5	FP	TN	all_matched_unflagged	all_matched_unflagged
SERC	A8WCG0	Q63175	TN	TN	all_matched_unflagged	all_matched_unflagged
SERC	A8WCG0	Q6CHG9	TP	TP	all_matched_unflagged	all_matched_unflagged
SERC	A8WCG0	Q6K688	TP	TP	all_matched_unflagged	all_matched_unflagged
SERC	A8WCG0	Q7QCD1	TP	FN	all_matched_unflagged	all_matched_unflagged
SERC	A8WCG0	Q7SAQ3	TP	TP	all_matched_unflagged	all_matched_unflagged
SERC	A8WCG0	Q7SZW7	FP	TN	all_matched_unflagged	all_matched_unflagged
SERC	A8WCG0	Q7TNK0	TN	TN	all_matched_unflagged	all_matched_unflagged
SERC	A8WCG0	Q803X0	FP	TN	all_matched_unflagged	all_matched_unflagged
SERC	A8WCG0	Q84SS3	TP	TP	all_matched_unflagged	all_matched_unflagged
SERC	A8WCG0	Q86VE9	FP	TN	all_matched_unflagged	all_matched_unflagged
SERC	A8WCG0	Q8BHJ6	FP	TN	all_matched_unflagged	all_matched_unflagged
SERC	A8WCG0	Q8VZI4	FN	FN	all_matched_unflagged	all_matched_unflagged
SERC	A8WCG0	Q95XV3	TP	FN	all_matched_unflagged	all_matched_unflagged
SERC	A8WCG0	Q96SA4	FP	TN	all_matched_unflagged	all_matched_unflagged
SERC	A8WCG0	Q9HDY3	TP	TP	all_matched_unflagged	all_matched_unflagged
SERC	A8WCG0	Q9NRX5	FP	TN	all_matched_unflagged	all_matched_unflagged
SERC	A8WCG0	Q9QZI8	FP	TN	all_matched_unflagged	all_matched_unflagged
SERC	A8WCG0	Q9S9L9	TP	TP	all_matched_unflagged	all_matched_unflagged
SERC	A9UY97	B7Q347	TP	TP	all_matched_unflagged	all_matched_unflagged
SERC	A9UY97	C3Y299	TP	TP	all_matched_unflagged	all_matched_unflagged
SERC	A9UY97	C3YMU1	TP	TP	all_matched_unflagged	all_matched_unflagged
SERC	A9UY97	E7F5D2	TP	TP	all_matched_unflagged	all_matched_unflagged
SERC	A9UY97	F7A8J9	TP	TP	all_matched_unflagged	all_matched_unflagged
SERC	A9UY97	O45719	TP	TP	all_matched_unflagged	all_matched_unflagged
SERC	A9UY97	Q0JBW5	FN	FN	all_matched_unflagged	all_matched_unflagged
SERC	A9UY97	Q12116	TP	TP	all_matched_unflagged	all_matched_unflagged
SERC	A9UY97	Q13530	TP	TP	all_matched_unflagged	all_matched_unflagged
SERC	A9UY97	Q494Q0	TP	TP	all_matched_unflagged	all_matched_unflagged
SERC	A9UY97	Q4FZV1	TP	TP	all_matched_unflagged	all_matched_unflagged
SERC	A9UY97	Q4Q8G8	TP	TP	all_matched_unflagged	all_matched_unflagged
SERC	A9UY97	Q4X0I0	TP	TP	all_matched_unflagged	all_matched_unflagged
SERC	A9UY97	Q54UF8	TP	TP	all_matched_unflagged	all_matched_unflagged
SERC	A9UY97	Q5KDT2	TP	TP	all_matched_unflagged	all_matched_unflagged
SERC	A9UY97	Q5U2V2	TP	TP	all_matched_unflagged	all_matched_unflagged
SERC	A9UY97	Q5VR48	FN	FN	all_matched_unflagged	all_matched_unflagged
SERC	A9UY97	Q5XK03	TP	TP	all_matched_unflagged	all_matched_unflagged
SERC	A9UY97	Q5ZME5	TP	TP	all_matched_unflagged	all_matched_unflagged
SERC	A9UY97	Q63175	TP	TP	all_matched_unflagged	all_matched_unflagged
SERC	A9UY97	Q6CHG9	TP	TP	all_matched_unflagged	all_matched_unflagged
SERC	A9UY97	Q6K688	TP	TP	all_matched_unflagged	all_matched_unflagged
SERC	A9UY97	Q7QCD1	TP	TP	all_matched_unflagged	all_matched_unflagged
SERC	A9UY97	Q7SAQ3	TP	TP	all_matched_unflagged	all_matched_unflagged
SERC	A9UY97	Q7SZW7	TP	TP	all_matched_unflagged	all_matched_unflagged
SERC	A9UY97	Q7TNK0	TP	TP	all_matched_unflagged	all_matched_unflagged
SERC	A9UY97	Q803X0	TP	TP	all_matched_unflagged	all_matched_unflagged
SERC	A9UY97	Q84SS3	TP	TP	all_matched_unflagged	all_matched_unflagged
SERC	A9UY97	Q86VE9	TP	TP	all_matched_unflagged	all_matched_unflagged
SERC	A9UY97	Q8BHJ6	TP	TP	all_matched_unflagged	all_matched_unflagged
SERC	A9UY97	Q8VZI4	FN	FN	all_matched_unflagged	all_matched_unflagged
SERC	A9UY97	Q95XV3	TP	TP	all_matched_unflagged	all_matched_unflagged
SERC	A9UY97	Q96SA4	TP	TP	all_matched_unflagged	all_matched_unflagged
SERC	A9UY97	Q9HDY3	TP	TP	all_matched_unflagged	all_matched_unflagged
SERC	A9UY97	Q9NRX5	TP	TP	all_matched_unflagged	all_matched_unflagged
SERC	A9UY97	Q9QZI8	TP	TP	all_matched_unflagged	all_matched_unflagged
SERC	A9UY97	Q9S9L9	TP	TP	all_matched_unflagged	all_matched_unflagged
SERC	B7Q347	C3Y299	TP	FN	all_matched_unflagged	all_matched_unflagged
SERC	B7Q347	C3YMU1	TP	TP	all_matched_unflagged	all_matched_unflagged
SERC	B7Q347	E7F5D2	TP	FN	all_matched_unflagged	all_matched_unflagged
SERC	B7Q347	F7A8J9	TP	FN	all_matched_unflagged	all_matched_unflagged
SERC	B7Q347	O45719	TP	TP	all_matched_unflagged	all_matched_unflagged
SERC	B7Q347	Q0JBW5	FN	FN	all_matched_unflagged	all_matched_unflagged
SERC	B7Q347	Q12116	TP	TP	all_matched_unflagged	all_matched_unflagged
SERC	B7Q347	Q13530	TP	TP	all_matched_unflagged	all_matched_unflagged
SERC	B7Q347	Q494Q0	TP	TP	all_matched_unflagged	all_matched_unflagged
SERC	B7Q347	Q4FZV1	TP	TP	all_matched_unflagged	all_matched_unflagged
SERC	B7Q347	Q4Q8G8	TP	TP	all_matched_unflagged	all_matched_unflagged
SERC	B7Q347	Q4X0I0	TP	TP	all_matched_unflagged	all_matched_unflagged
SERC	B7Q347	Q54UF8	TP	TP	all_matched_unflagged	all_matched_unflagged
SERC	B7Q347	Q5KDT2	TP	TP	all_matched_unflagged	all_matched_unflagged
SERC	B7Q347	Q5U2V2	TP	TP	all_matched_unflagged	all_matched_unflagged
SERC	B7Q347	Q5VR48	FN	FN	all_matched_unflagged	all_matched_unflagged
SERC	B7Q347	Q5XK03	TP	FN	all_matched_unflagged	all_matched_unflagged
SERC	B7Q347	Q5ZME5	TP	TP	all_matched_unflagged	all_matched_unflagged
SERC	B7Q347	Q63175	TP	FN	all_matched_unflagged	all_matched_unflagged
SERC	B7Q347	Q6CHG9	TP	TP	all_matched_unflagged	all_matched_unflagged
SERC	B7Q347	Q6K688	TP	TP	all_matched_unflagged	all_matched_unflagged
SERC	B7Q347	Q7QCD1	TP	TP	all_matched_unflagged	all_matched_unflagged
SERC	B7Q347	Q7SAQ3	TP	TP	all_matched_unflagged	all_matched_unflagged
SERC	B7Q347	Q7SZW7	TP	TP	all_matched_unflagged	all_matched_unflagged
SERC	B7Q347	Q7TNK0	TP	TP	all_matched_unflagged	all_matched_unflagged
SERC	B7Q347	Q803X0	TP	FN	all_matched_unflagged	all_matched_unflagged
SERC	B7Q347	Q84SS3	TP	TP	all_matched_unflagged	all_matched_unflagged
SERC	B7Q347	Q86VE9	TP	FN	all_matched_unflagged	all_matched_unflagged
SERC	B7Q347	Q8BHJ6	TP	FN	all_matched_unflagged	all_matched_unflagged
SERC	B7Q347	Q8VZI4	FN	FN	all_matched_unflagged	all_matched_unflagged
SERC	B7Q347	Q95XV3	TP	TP	all_matched_unflagged	all_matched_unflagged
SERC	B7Q347	Q96SA4	TP	TP	all_matched_unflagged	all_matched_unflagged
SERC	B7Q347	Q9HDY3	TP	TP	all_matched_unflagged	all_matched_unflagged
SERC	B7Q347	Q9NRX5	TP	TP	all_matched_unflagged	all_matched_unflagged
SERC	B7Q347	Q9QZI8	TP	TP	all_matched_unflagged	all_matched_unflagged
SERC	B7Q347	Q9S9L9	TP	TP	all_matched_unflagged	all_matched_unflagged
SERC	C3Y299	C3YMU1	TN	TN	all_matched_unflagged	all_matched_unflagged
SERC	C3Y299	E7F5D2	TP	TP	all_matched_unflagged	all_matched_unflagged
SERC	C3Y299	F7A8J9	TP	TP	all_matched_unflagged	all_matched_unflagged
SERC	C3Y299	O45719	TP	FN	all_matched_unflagged	all_matched_unflagged
SERC	C3Y299	Q0JBW5	FN	FN	all_matched_unflagged	all_matched_unflagged
SERC	C3Y299	Q12116	TP	TP	all_matched_unflagged	all_matched_unflagged
SERC	C3Y299	Q13530	FP	TN	all_matched_unflagged	all_matched_unflagged
SERC	C3Y299	Q494Q0	TP	TP	all_matched_unflagged	all_matched_unflagged
SERC	C3Y299	Q4FZV1	FP	TN	all_matched_unflagged	all_matched_unflagged
SERC	C3Y299	Q4Q8G8	TP	TP	all_matched_unflagged	all_matched_unflagged
SERC	C3Y299	Q4X0I0	TP	TP	all_matched_unflagged	all_matched_unflagged
SERC	C3Y299	Q54UF8	TP	TP	all_matched_unflagged	all_matched_unflagged
SERC	C3Y299	Q5KDT2	TP	TP	all_matched_unflagged	all_matched_unflagged
SERC	C3Y299	Q5U2V2	FP	TN	all_matched_unflagged	all_matched_unflagged
SERC	C3Y299	Q5VR48	FN	FN	all_matched_unflagged	all_matched_unflagged
SERC	C3Y299	Q5XK03	TP	TP	all_matched_unflagged	all_matched_unflagged
SERC	C3Y299	Q5ZME5	FP	TN	all_matched_unflagged	all_matched_unflagged
SERC	C3Y299	Q63175	TP	TP	all_matched_unflagged	all_matched_unflagged
SERC	C3Y299	Q6CHG9	TP	TP	all_matched_unflagged	all_matched_unflagged
SERC	C3Y299	Q6K688	TP	TP	all_matched_unflagged	all_matched_unflagged
SERC	C3Y299	Q7QCD1	TP	FN	all_matched_unflagged	all_matched_unflagged
SERC	C3Y299	Q7SAQ3	TP	TP	all_matched_unflagged	all_matched_unflagged
SERC	C3Y299	Q7SZW7	FP	TN	all_matched_unflagged	all_matched_unflagged
SERC	C3Y299	Q7TNK0	FP	TN	all_matched_unflagged	all_matched_unflagged
SERC	C3Y299	Q803X0	TP	TP	all_matched_unflagged	all_matched_unflagged
SERC	C3Y299	Q84SS3	TP	TP	all_matched_unflagged	all_matched_unflagged
SERC	C3Y299	Q86VE9	TP	TP	all_matched_unflagged	all_matched_unflagged
SERC	C3Y299	Q8BHJ6	TP	TP	all_matched_unflagged	all_matched_unflagged
SERC	C3Y299	Q8VZI4	FN	FN	all_matched_unflagged	all_matched_unflagged
SERC	C3Y299	Q95XV3	TP	FN	all_matched_unflagged	all_matched_unflagged
SERC	C3Y299	Q96SA4	FP	TN	all_matched_unflagged	all_matched_unflagged
SERC	C3Y299	Q9HDY3	TP	TP	all_matched_unflagged	all_matched_unflagged
SERC	C3Y299	Q9NRX5	FP	TN	all_matched_unflagged	all_matched_unflagged
SERC	C3Y299	Q9QZI8	FP	TN	all_matched_unflagged	all_matched_unflagged
SERC	C3Y299	Q9S9L9	TP	TP	all_matched_unflagged	all_matched_unflagged
SERC	C3YMU1	E7F5D2	FP	TN	all_matched_unflagged	all_matched_unflagged
SERC	C3YMU1	F7A8J9	FP	TN	all_matched_unflagged	all_matched_unflagged
SERC	C3YMU1	O45719	TP	TP	all_matched_unflagged	all_matched_unflagged
SERC	C3YMU1	Q0JBW5	FN	FN	all_matched_unflagged	all_matched_unflagged
SERC	C3YMU1	Q12116	TP	TP	all_matched_unflagged	all_matched_unflagged
SERC	C3YMU1	Q13530	TP	TP	all_matched_unflagged	all_matched_unflagged
SERC	C3YMU1	Q494Q0	TP	TP	all_matched_unflagged	all_matched_unflagged
SERC	C3YMU1	Q4FZV1	TP	TP	all_matched_unflagged	all_matched_unflagged
SERC	C3YMU1	Q4Q8G8	TP	TP	all_matched_unflagged	all_matched_unflagged
SERC	C3YMU1	Q4X0I0	TP	TP	all_matched_unflagged	all_matched_unflagged
SERC	C3YMU1	Q54UF8	TP	TP	all_matched_unflagged	all_matched_unflagged
SERC	C3YMU1	Q5KDT2	TP	TP	all_matched_unflagged	all_matched_unflagged
SERC	C3YMU1	Q5U2V2	TP	TP	all_matched_unflagged	all_matched_unflagged
SERC	C3YMU1	Q5VR48	FN	FN	all_matched_unflagged	all_matched_unflagged
SERC	C3YMU1	Q5XK03	FP	TN	all_matched_unflagged	all_matched_unflagged
SERC	C3YMU1	Q5ZME5	TP	TP	all_matched_unflagged	all_matched_unflagged
SERC	C3YMU1	Q63175	FP	TN	all_matched_unflagged	all_matched_unflagged
SERC	C3YMU1	Q6CHG9	TP	TP	all_matched_unflagged	all_matched_unflagged
SERC	C3YMU1	Q6K688	TP	TP	all_matched_unflagged	all_matched_unflagged
SERC	C3YMU1	Q7QCD1	TP	TP	all_matched_unflagged	all_matched_unflagged
SERC	C3YMU1	Q7SAQ3	TP	TP	all_matched_unflagged	all_matched_unflagged
SERC	C3YMU1	Q7SZW7	TP	TP	all_matched_unflagged	all_matched_unflagged
SERC	C3YMU1	Q7TNK0	TP	TP	all_matched_unflagged	all_matched_unflagged
SERC	C3YMU1	Q803X0	FP	TN	all_matched_unflagged	all_matched_unflagged
SERC	C3YMU1	Q84SS3	TP	TP	all_matched_unflagged	all_matched_unflagged
SERC	C3YMU1	Q86VE9	FP	TN	all_matched_unflagged	all_matched_unflagged
SERC	C3YMU1	Q8BHJ6	FP	TN	all_matched_unflagged	all_matched_unflagged
SERC	C3YMU1	Q8VZI4	FN	FN	all_matched_unflagged	all_matched_unflagged
SERC	C3YMU1	Q95XV3	TP	TP	all_matched_unflagged	all_matched_unflagged
SERC	C3YMU1	Q96SA4	TP	TP	all_matched_unflagged	all_matched_unflagged
SERC	C3YMU1	Q9HDY3	TP	TP	all_matched_unflagged	all_matched_unflagged
SERC	C3YMU1	Q9NRX5	TP	TP	all_matched_unflagged	all_matched_unflagged
SERC	C3YMU1	Q9QZI8	TP	TP	all_matched_unflagged	all_matched_unflagged
SERC	C3YMU1	Q9S9L9	TP	TP	all_matched_unflagged	all_matched_unflagged
SERC	E7F5D2	F7A8J9	TP	TP	all_matched_unflagged	all_matched_unflagged
SERC	E7F5D2	O45719	TP	FN	all_matched_unflagged	all_matched_unflagged
SERC	E7F5D2	Q0JBW5	FN	FN	all_matched_unflagged	all_matched_unflagged
SERC	E7F5D2	Q12116	TP	TP	all_matched_unflagged	all_matched_unflagged
SERC	E7F5D2	Q13530	FP	TN	all_matched_unflagged	all_matched_unflagged
SERC	E7F5D2	Q494Q0	TP	TP	all_matched_unflagged	all_matched_unflagged
SERC	E7F5D2	Q4FZV1	FP	TN	all_matched_unflagged	all_matched_unflagged
SERC	E7F5D2	Q4Q8G8	TP	TP	all_matched_unflagged	all_matched_unflagged
SERC	E7F5D2	Q4X0I0	TP	TP	all_matched_unflagged	all_matched_unflagged
SERC	E7F5D2	Q54UF8	TP	TP	all_matched_unflagged	all_matched_unflagged
SERC	E7F5D2	Q5KDT2	TP	TP	all_matched_unflagged	all_matched_unflagged
SERC	E7F5D2	Q5U2V2	FP	TN	all_matched_unflagged	all_matched_unflagged
SERC	E7F5D2	Q5VR48	FN	FN	all_matched_unflagged	all_matched_unflagged
SERC	E7F5D2	Q5XK03	TP	TP	all_matched_unflagged	all_matched_unflagged
SERC	E7F5D2	Q5ZME5	FP	TN	all_matched_unflagged	all_matched_unflagged
SERC	E7F5D2	Q63175	FP	TN	all_matched_unflagged	all_matched_unflagged
SERC	E7F5D2	Q6CHG9	TP	TP	all_matched_unflagged	all_matched_unflagged
SERC	E7F5D2	Q6K688	TP	TP	all_matched_unflagged	all_matched_unflagged
SERC	E7F5D2	Q7QCD1	TP	FN	all_matched_unflagged	all_matched_unflagged
SERC	E7F5D2	Q7SAQ3	TP	TP	all_matched_unflagged	all_matched_unflagged
SERC	E7F5D2	Q7SZW7	TN	TN	all_matched_unflagged	all_matched_unflagged
SERC	E7F5D2	Q7TNK0	FP	TN	all_matched_unflagged	all_matched_unflagged
SERC	E7F5D2	Q803X0	TN	TN	all_matched_unflagged	all_matched_unflagged
SERC	E7F5D2	Q84SS3	TP	TP	all_matched_unflagged	all_matched_unflagged
SERC	E7F5D2	Q86VE9	FP	TN	all_matched_unflagged	all_matched_unflagged
SERC	E7F5D2	Q8BHJ6	FP	TN	all_matched_unflagged	all_matched_unflagged
SERC	E7F5D2	Q8VZI4	FN	FN	all_matched_unflagged	all_matched_unflagged
SERC	E7F5D2	Q95XV3	TP	FN	all_matched_unflagged	all_matched_unflagged
SERC	E7F5D2	Q96SA4	FP	TN	all_matched_unflagged	all_matched_unflagged
SERC	E7F5D2	Q9HDY3	TP	TP	all_matched_unflagged	all_matched_unflagged
SERC	E7F5D2	Q9NRX5	FP	TN	all_matched_unflagged	all_matched_unflagged
SERC	E7F5D2	Q9QZI8	FP	TN	all_matched_unflagged	all_matched_unflagged
SERC	E7F5D2	Q9S9L9	TP	TP	all_matched_unflagged	all_matched_unflagged
SERC	F7A8J9	O45719	TP	FN	all_matched_unflagged	all_matched_unflagged
SERC	F7A8J9	Q0JBW5	FN	FN	all_matched_unflagged	all_matched_unflagged
SERC	F7A8J9	Q12116	TP	TP	all_matched_unflagged	all_matched_unflagged
SERC	F7A8J9	Q13530	FP	TN	all_matched_unflagged	all_matched_unflagged
SERC	F7A8J9	Q494Q0	TP	TP	all_matched_unflagged	all_matched_unflagged
SERC	F7A8J9	Q4FZV1	FP	TN	all_matched_unflagged	all_matched_unflagged
SERC	F7A8J9	Q4Q8G8	TP	TP	all_matched_unflagged	all_matched_unflagged
SERC	F7A8J9	Q4X0I0	TP	TP	all_matched_unflagged	all_matched_unflagged
SERC	F7A8J9	Q54UF8	TP	TP	all_matched_unflagged	all_matched_unflagged
SERC	F7A8J9	Q5KDT2	TP	TP	all_matched_unflagged	all_matched_unflagged
SERC	F7A8J9	Q5U2V2	FP	TN	all_matched_unflagged	all_matched_unflagged
SERC	F7A8J9	Q5VR48	FN	FN	all_matched_unflagged	all_matched_unflagged
SERC	F7A8J9	Q5XK03	TP	TP	all_matched_unflagged	all_matched_unflagged
SERC	F7A8J9	Q5ZME5	FP	TN	all_matched_unflagged	all_matched_unflagged
SERC	F7A8J9	Q63175	TP	TP	all_matched_unflagged	all_matched_unflagged
SERC	F7A8J9	Q6CHG9	TP	TP	all_matched_unflagged	all_matched_unflagged
SERC	F7A8J9	Q6K688	TP	TP	all_matched_unflagged	all_matched_unflagged
SERC	F7A8J9	Q7QCD1	TP	FN	all_matched_unflagged	all_matched_unflagged
SERC	F7A8J9	Q7SAQ3	TP	TP	all_matched_unflagged	all_matched_unflagged
SERC	F7A8J9	Q7SZW7	FP	TN	all_matched_unflagged	all_matched_unflagged
SERC	F7A8J9	Q7TNK0	FP	TN	all_matched_unflagged	all_matched_unflagged
SERC	F7A8J9	Q803X0	TP	TP	all_matched_unflagged	all_matched_unflagged
SERC	F7A8J9	Q84SS3	TP	TP	all_matched_unflagged	all_matched_unflagged
SERC	F7A8J9	Q86VE9	TP	TP	all_matched_unflagged	all_matched_unflagged
SERC	F7A8J9	Q8BHJ6	TP	TP	all_matched_unflagged	all_matched_unflagged
SERC	F7A8J9	Q8VZI4	FN	FN	all_matched_unflagged	all_matched_unflagged
SERC	F7A8J9	Q95XV3	TP	FN	all_matched_unflagged	all_matched_unflagged
SERC	F7A8J9	Q96SA4	FP	TN	all_matched_unflagged	all_matched_unflagged
SERC	F7A8J9	Q9HDY3	TP	TP	all_matched_unflagged	all_matched_unflagged
SERC	F7A8J9	Q9NRX5	FP	TN	all_matched_unflagged	all_matched_unflagged
SERC	F7A8J9	Q9QZI8	FP	TN	all_matched_unflagged	all_matched_unflagged
SERC	F7A8J9	Q9S9L9	TP	TP	all_matched_unflagged	all_matched_unflagged
SERC	O45719	Q0JBW5	FN	FN	all_matched_unflagged	all_matched_unflagged
SERC	O45719	Q12116	TP	TP	all_matched_unflagged	all_matched_unflagged
SERC	O45719	Q13530	TP	TP	all_matched_unflagged	all_matched_unflagged
SERC	O45719	Q494Q0	TP	TP	all_matched_unflagged	all_matched_unflagged
SERC	O45719	Q4FZV1	TP	TP	all_matched_unflagged	all_matched_unflagged
SERC	O45719	Q4Q8G8	TP	TP	all_matched_unflagged	all_matched_unflagged
SERC	O45719	Q4X0I0	TP	TP	all_matched_unflagged	all_matched_unflagged
SERC	O45719	Q54UF8	TP	TP	all_matched_unflagged	all_matched_unflagged
SERC	O45719	Q5KDT2	TP	TP	all_matched_unflagged	all_matched_unflagged
SERC	O45719	Q5U2V2	TP	TP	all_matched_unflagged	all_matched_unflagged
SERC	O45719	Q5VR48	FN	FN	all_matched_unflagged	all_matched_unflagged
SERC	O45719	Q5XK03	TP	FN	all_matched_unflagged	all_matched_unflagged
SERC	O45719	Q5ZME5	TP	TP	all_matched_unflagged	all_matched_unflagged
SERC	O45719	Q63175	TP	FN	all_matched_unflagged	all_matched_unflagged
SERC	O45719	Q6CHG9	TP	TP	all_matched_unflagged	all_matched_unflagged
SERC	O45719	Q6K688	TP	TP	all_matched_unflagged	all_matched_unflagged
SERC	O45719	Q7QCD1	TP	TP	all_matched_unflagged	all_matched_unflagged
SERC	O45719	Q7SAQ3	TP	TP	all_matched_unflagged	all_matched_unflagged
SERC	O45719	Q7SZW7	TP	TP	all_matched_unflagged	all_matched_unflagged
SERC	O45719	Q7TNK0	TP	TP	all_matched_unflagged	all_matched_unflagged
SERC	O45719	Q803X0	TP	FN	all_matched_unflagged	all_matched_unflagged
SERC	O45719	Q84SS3	TP	TP	all_matched_unflagged	all_matched_unflagged
SERC	O45719	Q86VE9	TP	FN	all_matched_unflagged	all_matched_unflagged
SERC	O45719	Q8BHJ6	TP	FN	all_matched_unflagged	all_matched_unflagged
SERC	O45719	Q8VZI4	FN	FN	all_matched_unflagged	all_matched_unflagged
SERC	O45719	Q95XV3	TN	TN	all_matched_unflagged	all_matched_unflagged
SERC	O45719	Q96SA4	TP	TP	all_matched_unflagged	all_matched_unflagged
SERC	O45719	Q9HDY3	TP	TP	all_matched_unflagged	all_matched_unflagged
SERC	O45719	Q9NRX5	TP	TP	all_matched_unflagged	all_matched_unflagged
SERC	O45719	Q9QZI8	TP	TP	all_matched_unflagged	all_matched_unflagged
SERC	O45719	Q9S9L9	TP	TP	all_matched_unflagged	all_matched_unflagged
SERC	Q0JBW5	Q12116	FN	FN	all_matched_unflagged	all_matched_unflagged
SERC	Q0JBW5	Q13530	FN	FN	all_matched_unflagged	all_matched_unflagged
SERC	Q0JBW5	Q494Q0	TN	TN	all_matched_unflagged	all_matched_unflagged
SERC	Q0JBW5	Q4FZV1	FN	FN	all_matched_unflagged	all_matched_unflagged
SERC	Q0JBW5	Q4Q8G8	FN	FN	all_matched_unflagged	all_matched_unflagged
SERC	Q0JBW5	Q4X0I0	FN	FN	all_matched_unflagged	all_matched_unflagged
SERC	Q0JBW5	Q54UF8	FN	FN	all_matched_unflagged	all_matched_unflagged
SERC	Q0JBW5	Q5KDT2	FN	FN	all_matched_unflagged	all_matched_unflagged
SERC	Q0JBW5	Q5U2V2	FN	FN	all_matched_unflagged	all_matched_unflagged
SERC	Q0JBW5	Q5VR48	TN	TN	all_matched_unflagged	all_matched_unflagged
SERC	Q0JBW5	Q5XK03	FN	FN	all_matched_unflagged	all_matched_unflagged
SERC	Q0JBW5	Q5ZME5	FN	FN	all_matched_unflagged	all_matched_unflagged
SERC	Q0JBW5	Q63175	FN	FN	all_matched_unflagged	all_matched_unflagged
SERC	Q0JBW5	Q6CHG9	FN	FN	all_matched_unflagged	all_matched_unflagged
SERC	Q0JBW5	Q6K688	TN	TN	all_matched_unflagged	all_matched_unflagged
SERC	Q0JBW5	Q7QCD1	FN	FN	all_matched_unflagged	all_matched_unflagged
SERC	Q0JBW5	Q7SAQ3	FN	FN	all_matched_unflagged	all_matched_unflagged
SERC	Q0JBW5	Q7SZW7	FN	FN	all_matched_unflagged	all_matched_unflagged
SERC	Q0JBW5	Q7TNK0	FN	FN	all_matched_unflagged	all_matched_unflagged
SERC	Q0JBW5	Q803X0	FN	FN	all_matched_unflagged	all_matched_unflagged
SERC	Q0JBW5	Q84SS3	TN	TN	all_matched_unflagged	all_matched_unflagged
SERC	Q0JBW5	Q86VE9	FN	FN	all_matched_unflagged	all_matched_unflagged
SERC	Q0JBW5	Q8BHJ6	FN	FN	all_matched_unflagged	all_matched_unflagged
SERC	Q0JBW5	Q8VZI4	FP	TN	all_matched_unflagged	all_matched_unflagged
SERC	Q0JBW5	Q95XV3	FN	FN	all_matched_unflagged	all_matched_unflagged
SERC	Q0JBW5	Q96SA4	FN	FN	all_matched_unflagged	all_matched_unflagged
SERC	Q0JBW5	Q9HDY3	FN	FN	all_matched_unflagged	all_matched_unflagged
SERC	Q0JBW5	Q9NRX5	FN	FN	all_matched_unflagged	all_matched_unflagged
SERC	Q0JBW5	Q9QZI8	FN	FN	all_matched_unflagged	all_matched_unflagged
SERC	Q0JBW5	Q9S9L9	TN	TN	all_matched_unflagged	all_matched_unflagged
SERC	Q12116	Q13530	TP	TP	all_matched_unflagged	all_matched_unflagged
SERC	Q12116	Q494Q0	TP	TP	all_matched_unflagged	all_matched_unflagged
SERC	Q12116	Q4FZV1	TP	TP	all_matched_unflagged	all_matched_unflagged
SERC	Q12116	Q4Q8G8	TP	TP	all_matched_unflagged	all_matched_unflagged
SERC	Q12116	Q4X0I0	TP	TP	all_matched_unflagged	all_matched_unflagged
SERC	Q12116	Q54UF8	TP	TP	all_matched_unflagged	all_matched_unflagged
SERC	Q12116	Q5KDT2	TP	TP	all_matched_unflagged	all_matched_unflagged
SERC	Q12116	Q5U2V2	TP	TP	all_matched_unflagged	all_matched_unflagged
SERC	Q12116	Q5VR48	FN	FN	all_matched_unflagged	all_matched_unflagged
SERC	Q12116	Q5XK03	TP	TP	all_matched_unflagged	all_matched_unflagged
SERC	Q12116	Q5ZME5	TP	TP	all_matched_unflagged	all_matched_unflagged
SERC	Q12116	Q63175	TP	TP	all_matched_unflagged	all_matched_unflagged
SERC	Q12116	Q6CHG9	TP	TP	all_matched_unflagged	all_matched_unflagged
SERC	Q12116	Q6K688	TP	TP	all_matched_unflagged	all_matched_unflagged
SERC	Q12116	Q7QCD1	TP	TP	all_matched_unflagged	all_matched_unflagged
SERC	Q12116	Q7SAQ3	TP	TP	all_matched_unflagged	all_matched_unflagged
SERC	Q12116	Q7SZW7	TP	TP	all_matched_unflagged	all_matched_unflagged
SERC	Q12116	Q7TNK0	TP	TP	all_matched_unflagged	all_matched_unflagged
SERC	Q12116	Q803X0	TP	TP	all_matched_unflagged	all_matched_unflagged
SERC	Q12116	Q84SS3	TP	TP	all_matched_unflagged	all_matched_unflagged
SERC	Q12116	Q86VE9	TP	TP	all_matched_unflagged	all_matched_unflagged
SERC	Q12116	Q8BHJ6	TP	TP	all_matched_unflagged	all_matched_unflagged
SERC	Q12116	Q8VZI4	FN	FN	all_matched_unflagged	all_matched_unflagged
SERC	Q12116	Q95XV3	TP	TP	all_matched_unflagged	all_matched_unflagged
SERC	Q12116	Q96SA4	TP	TP	all_matched_unflagged	all_matched_unflagged
SERC	Q12116	Q9HDY3	TP	TP	all_matched_unflagged	all_matched_unflagged
SERC	Q12116	Q9NRX5	TP	TP	all_matched_unflagged	all_matched_unflagged
SERC	Q12116	Q9QZI8	TP	TP	all_matched_unflagged	all_matched_unflagged
SERC	Q12116	Q9S9L9	TP	TP	all_matched_unflagged	all_matched_unflagged
SERC	Q13530	Q494Q0	TP	TP	all_matched_unflagged	all_matched_unflagged
SERC	Q13530	Q4FZV1	FP	TN	all_matched_unflagged	all_matched_unflagged
SERC	Q13530	Q4Q8G8	TP	TP	all_matched_unflagged	all_matched_unflagged
SERC	Q13530	Q4X0I0	TP	TP	all_matched_unflagged	all_matched_unflagged
SERC	Q13530	Q54UF8	TP	TP	all_matched_unflagged	all_matched_unflagged
SERC	Q13530	Q5KDT2	TP	TP	all_matched_unflagged	all_matched_unflagged
SERC	Q13530	Q5U2V2	TP	TP	all_matched_unflagged	all_matched_unflagged
SERC	Q13530	Q5VR48	FN	FN	all_matched_unflagged	all_matched_unflagged
SERC	Q13530	Q5XK03	FP	TN	all_matched_unflagged	all_matched_unflagged
SERC	Q13530	Q5ZME5	FP	TN	all_matched_unflagged	all_matched_unflagged
SERC	Q13530	Q63175	FP	TN	all_matched_unflagged	all_matched_unflagged
SERC	Q13530	Q6CHG9	TP	TP	all_matched_unflagged	all_matched_unflagged
SERC	Q13530	Q6K688	TP	TP	all_matched_unflagged	all_matched_unflagged
SERC	Q13530	Q7QCD1	TP	TP	all_matched_unflagged	all_matched_unflagged
SERC	Q13530	Q7SAQ3	TP	TP	all_matched_unflagged	all_matched_unflagged
SERC	Q13530	Q7SZW7	FP	TN	all_matched_unflagged	all_matched_unflagged
SERC	Q13530	Q7TNK0	FP	TN	all_matched_unflagged	all_matched_unflagged
SERC	Q13530	Q803X0	FP	TN	all_matched_unflagged	all_matched_unflagged
SERC	Q13530	Q84SS3	TP	TP	all_matched_unflagged	all_matched_unflagged
SERC	Q13530	Q86VE9	TN	TN	all_matched_unflagged	all_matched_unflagged
SERC	Q13530	Q8BHJ6	FP	TN	all_matched_unflagged	all_matched_unflagged
SERC	Q13530	Q8VZI4	FN	FN	all_matched_unflagged	all_matched_unflagged
SERC	Q13530	Q95XV3	TP	TP	all_matched_unflagged	all_matched_unflagged
SERC	Q13530	Q96SA4	TN	TN	all_matched_unflagged	all_matched_unflagged
SERC	Q13530	Q9HDY3	TP	TP	all_matched_unflagged	all_matched_unflagged
SERC	Q13530	Q9NRX5	TN	TN	all_matched_unflagged	all_matched_unflagged
SERC	Q13530	Q9QZI8	FP	TN	all_matched_unflagged	all_matched_unflagged
SERC	Q13530	Q9S9L9	TP	TP	all_matched_unflagged	all_matched_unflagged
SERC	Q494Q0	Q4FZV1	TP	TP	all_matched_unflagged	all_matched_unflagged
SERC	Q494Q0	Q4Q8G8	TP	TP	all_matched_unflagged	all_matched_unflagged
SERC	Q494Q0	Q4X0I0	TP	TP	all_matched_unflagged	all_matched_unflagged
SERC	Q494Q0	Q54UF8	TP	TP	all_matched_unflagged	all_matched_unflagged
SERC	Q494Q0	Q5KDT2	TP	TP	all_matched_unflagged	all_matched_unflagged
SERC	Q494Q0	Q5U2V2	TP	TP	all_matched_unflagged	all_matched_unflagged
SERC	Q494Q0	Q5VR48	TN	TN	all_matched_unflagged	all_matched_unflagged
SERC	Q494Q0	Q5XK03	TP	TP	all_matched_unflagged	all_matched_unflagged
SERC	Q494Q0	Q5ZME5	TP	TP	all_matched_unflagged	all_matched_unflagged
SERC	Q494Q0	Q63175	TP	TP	all_matched_unflagged	all_matched_unflagged
SERC	Q494Q0	Q6CHG9	TP	TP	all_matched_unflagged	all_matched_unflagged
SERC	Q494Q0	Q6K688	FP	TN	all_matched_unflagged	all_matched_unflagged
SERC	Q494Q0	Q7QCD1	TP	TP	all_matched_unflagged	all_matched_unflagged
SERC	Q494Q0	Q7SAQ3	TP	TP	all_matched_unflagged	all_matched_unflagged
SERC	Q494Q0	Q7SZW7	TP	TP	all_matched_unflagged	all_matched_unflagged
SERC	Q494Q0	Q7TNK0	TP	TP	all_matched_unflagged	all_matched_unflagged
SERC	Q494Q0	Q803X0	TP	TP	all_matched_unflagged	all_matched_unflagged
SERC	Q494Q0	Q84SS3	TP	TP	all_matched_unflagged	all_matched_unflagged
SERC	Q494Q0	Q86VE9	TP	TP	all_matched_unflagged	all_matched_unflagged
SERC	Q494Q0	Q8BHJ6	TP	TP	all_matched_unflagged	all_matched_unflagged
SERC	Q494Q0	Q8VZI4	TN	TN	all_matched_unflagged	all_matched_unflagged
SERC	Q494Q0	Q95XV3	TP	TP	all_matched_unflagged	all_matched_unflagged
SERC	Q494Q0	Q96SA4	TP	TP	all_matched_unflagged	all_matched_unflagged
SERC	Q494Q0	Q9HDY3	TP	TP	all_matched_unflagged	all_matched_unflagged
SERC	Q494Q0	Q9NRX5	TP	TP	all_matched_unflagged	all_matched_unflagged
SERC	Q494Q0	Q9QZI8	TP	TP	all_matched_unflagged	all_matched_unflagged
SERC	Q494Q0	Q9S9L9	TN	TN	all_matched_unflagged	all_matched_unflagged
SERC	Q4FZV1	Q4Q8G8	TP	TP	all_matched_unflagged	all_matched_unflagged
SERC	Q4FZV1	Q4X0I0	TP	TP	all_matched_unflagged	all_matched_unflagged
SERC	Q4FZV1	Q54UF8	TP	TP	all_matched_unflagged	all_matched_unflagged
SERC	Q4FZV1	Q5KDT2	TP	TP	all_matched_unflagged	all_matched_unflagged
SERC	Q4FZV1	Q5U2V2	TN	TN	all_matched_unflagged	all_matched_unflagged
SERC	Q4FZV1	Q5VR48	FN	FN	all_matched_unflagged	all_matched_unflagged
SERC	Q4FZV1	Q5XK03	FP	TN	all_matched_unflagged	all_matched_unflagged
SERC	Q4FZV1	Q5ZME5	FP	TN	all_matched_unflagged	all_matched_unflagged
SERC	Q4FZV1	Q63175	TN	TN	all_matched_unflagged	all_matched_unflagged
SERC	Q4FZV1	Q6CHG9	TP	TP	all_matched_unflagged	all_matched_unflagged
SERC	Q4FZV1	Q6K688	TP	TP	all_matched_unflagged	all_matched_unflagged
SERC	Q4FZV1	Q7QCD1	TP	TP	all_matched_unflagged	all_matched_unflagged
SERC	Q4FZV1	Q7SAQ3	TP	TP	all_matched_unflagged	all_matched_unflagged
SERC	Q4FZV1	Q7SZW7	FP	TN	all_matched_unflagged	all_matched_unflagged
SERC	Q4FZV1	Q7TNK0	TN	TN	all_matched_unflagged	all_matched_unflagged
SERC	Q4FZV1	Q803X0	FP	TN	all_matched_unflagged	all_matched_unflagged
SERC	Q4FZV1	Q84SS3	TP	TP	all_matched_unflagged	all_matched_unflagged
SERC	Q4FZV1	Q86VE9	FP	TN	all_matched_unflagged	all_matched_unflagged
SERC	Q4FZV1	Q8BHJ6	FP	TN	all_matched_unflagged	all_matched_unflagged
SERC	Q4FZV1	Q8VZI4	FN	FN	all_matched_unflagged	all_matched_unflagged
SERC	Q4FZV1	Q95XV3	TP	TP	all_matched_unflagged	all_matched_unflagged
SERC	Q4FZV1	Q96SA4	TP	TP	all_matched_unflagged	all_matched_unflagged
SERC	Q4FZV1	Q9HDY3	TP	TP	all_matched_unflagged	all_matched_unflagged
SERC	Q4FZV1	Q9NRX5	FP	TN	all_matched_unflagged	all_matched_unflagged
SERC	Q4FZV1	Q9QZI8	FP	TN	all_matched_unflagged	all_matched_unflagged
SERC	Q4FZV1	Q9S9L9	TP	TP	all_matched_unflagged	all_matched_unflagged
SERC	Q4Q8G8	Q4X0I0	TP	TP	all_matched_unflagged	all_matched_unflagged
SERC	Q4Q8G8	Q54UF8	TP	TP	all_matched_unflagged	all_matched_unflagged
SERC	Q4Q8G8	Q5KDT2	TP	TP	all_matched_unflagged	all_matched_unflagged
SERC	Q4Q8G8	Q5U2V2	TP	TP	all_matched_unflagged	all_matched_unflagged
SERC	Q4Q8G8	Q5VR48	FN	FN	all_matched_unflagged	all_matched_unflagged
SERC	Q4Q8G8	Q5XK03	TP	TP	all_matched_unflagged	all_matched_unflagged
SERC	Q4Q8G8	Q5ZME5	TP	TP	all_matched_unflagged	all_matched_unflagged
SERC	Q4Q8G8	Q63175	TP	TP	all_matched_unflagged	all_matched_unflagged
SERC	Q4Q8G8	Q6CHG9	TP	TP	all_matched_unflagged	all_matched_unflagged
SERC	Q4Q8G8	Q6K688	TP	TP	all_matched_unflagged	all_matched_unflagged
SERC	Q4Q8G8	Q7QCD1	TP	TP	all_matched_unflagged	all_matched_unflagged
SERC	Q4Q8G8	Q7SAQ3	TP	TP	all_matched_unflagged	all_matched_unflagged
SERC	Q4Q8G8	Q7SZW7	TP	TP	all_matched_unflagged	all_matched_unflagged
SERC	Q4Q8G8	Q7TNK0	TP	TP	all_matched_unflagged	all_matched_unflagged
SERC	Q4Q8G8	Q803X0	TP	TP	all_matched_unflagged	all_matched_unflagged
SERC	Q4Q8G8	Q84SS3	TP	TP	all_matched_unflagged	all_matched_unflagged
SERC	Q4Q8G8	Q86VE9	TP	TP	all_matched_unflagged	all_matched_unflagged
SERC	Q4Q8G8	Q8BHJ6	TP	TP	all_matched_unflagged	all_matched_unflagged
SERC	Q4Q8G8	Q8VZI4	FN	FN	all_matched_unflagged	all_matched_unflagged
SERC	Q4Q8G8	Q95XV3	TP	TP	all_matched_unflagged	all_matched_unflagged
SERC	Q4Q8G8	Q96SA4	TP	TP	all_matched_unflagged	all_matched_unflagged
SERC	Q4Q8G8	Q9HDY3	TP	TP	all_matched_unflagged	all_matched_unflagged
SERC	Q4Q8G8	Q9NRX5	TP	TP	all_matched_unflagged	all_matched_unflagged
SERC	Q4Q8G8	Q9QZI8	TP	TP	all_matched_unflagged	all_matched_unflagged
SERC	Q4Q8G8	Q9S9L9	TP	TP	all_matched_unflagged	all_matched_unflagged
SERC	Q4X0I0	Q54UF8	TP	TP	all_matched_unflagged	all_matched_unflagged
SERC	Q4X0I0	Q5KDT2	TP	TP	all_matched_unflagged	all_matched_unflagged
SERC	Q4X0I0	Q5U2V2	TP	TP	all_matched_unflagged	all_matched_unflagged
SERC	Q4X0I0	Q5VR48	FN	FN	all_matched_unflagged	all_matched_unflagged
SERC	Q4X0I0	Q5XK03	TP	TP	all_matched_unflagged	all_matched_unflagged
SERC	Q4X0I0	Q5ZME5	TP	TP	all_matched_unflagged	all_matched_unflagged
SERC	Q4X0I0	Q63175	TP	TP	all_matched_unflagged	all_matched_unflagged
SERC	Q4X0I0	Q6CHG9	TP	TP	all_matched_unflagged	all_matched_unflagged
SERC	Q4X0I0	Q6K688	TP	TP	all_matched_unflagged	all_matched_unflagged
SERC	Q4X0I0	Q7QCD1	TP	TP	all_matched_unflagged	all_matched_unflagged
SERC	Q4X0I0	Q7SAQ3	TP	TP	all_matched_unflagged	all_matched_unflagged
SERC	Q4X0I0	Q7SZW7	TP	TP	all_matched_unflagged	all_matched_unflagged
SERC	Q4X0I0	Q7TNK0	TP	TP	all_matched_unflagged	all_matched_unflagged
SERC	Q4X0I0	Q803X0	TP	TP	all_matched_unflagged	all_matched_unflagged
SERC	Q4X0I0	Q84SS3	TP	TP	all_matched_unflagged	all_matched_unflagged
SERC	Q4X0I0	Q86VE9	TP	TP	all_matched_unflagged	all_matched_unflagged
SERC	Q4X0I0	Q8BHJ6	TP	TP	all_matched_unflagged	all_matched_unflagged
SERC	Q4X0I0	Q8VZI4	FN	FN	all_matched_unflagged	all_matched_unflagged
SERC	Q4X0I0	Q95XV3	TP	TP	all_matched_unflagged	all_matched_unflagged
SERC	Q4X0I0	Q96SA4	TP	TP	all_matched_unflagged	all_matched_unflagged
SERC	Q4X0I0	Q9HDY3	TP	TP	all_matched_unflagged	all_matched_unflagged
SERC	Q4X0I0	Q9NRX5	TP	TP	all_matched_unflagged	all_matched_unflagged
SERC	Q4X0I0	Q9QZI8	TP	TP	all_matched_unflagged	all_matched_unflagged
SERC	Q4X0I0	Q9S9L9	TP	TP	all_matched_unflagged	all_matched_unflagged
SERC	Q54UF8	Q5KDT2	TP	TP	all_matched_unflagged	all_matched_unflagged
SERC	Q54UF8	Q5U2V2	TP	TP	all_matched_unflagged	all_matched_unflagged
SERC	Q54UF8	Q5VR48	FN	FN	all_matched_unflagged	all_matched_unflagged
SERC	Q54UF8	Q5XK03	TP	TP	all_matched_unflagged	all_matched_unflagged
SERC	Q54UF8	Q5ZME5	TP	TP	all_matched_unflagged	all_matched_unflagged
SERC	Q54UF8	Q63175	TP	TP	all_matched_unflagged	all_matched_unflagged
SERC	Q54UF8	Q6CHG9	TP	TP	all_matched_unflagged	all_matched_unflagged
SERC	Q54UF8	Q6K688	TP	TP	all_matched_unflagged	all_matched_unflagged
SERC	Q54UF8	Q7QCD1	TP	TP	all_matched_unflagged	all_matched_unflagged
SERC	Q54UF8	Q7SAQ3	TP	TP	all_matched_unflagged	all_matched_unflagged
SERC	Q54UF8	Q7SZW7	TP	TP	all_matched_unflagged	all_matched_unflagged
SERC	Q54UF8	Q7TNK0	TP	TP	all_matched_unflagged	all_matched_unflagged
SERC	Q54UF8	Q803X0	TP	TP	all_matched_unflagged	all_matched_unflagged
SERC	Q54UF8	Q84SS3	TP	TP	all_matched_unflagged	all_matched_unflagged
SERC	Q54UF8	Q86VE9	TP	TP	all_matched_unflagged	all_matched_unflagged
SERC	Q54UF8	Q8BHJ6	TP	TP	all_matched_unflagged	all_matched_unflagged
SERC	Q54UF8	Q8VZI4	FN	FN	all_matched_unflagged	all_matched_unflagged
SERC	Q54UF8	Q95XV3	TP	TP	all_matched_unflagged	all_matched_unflagged
SERC	Q54UF8	Q96SA4	TP	TP	all_matched_unflagged	all_matched_unflagged
SERC	Q54UF8	Q9HDY3	TP	TP	all_matched_unflagged	all_matched_unflagged
SERC	Q54UF8	Q9NRX5	TP	TP	all_matched_unflagged	all_matched_unflagged
SERC	Q54UF8	Q9QZI8	TP	TP	all_matched_unflagged	all_matched_unflagged
SERC	Q54UF8	Q9S9L9	TP	TP	all_matched_unflagged	all_matched_unflagged
SERC	Q5KDT2	Q5U2V2	TP	TP	all_matched_unflagged	all_matched_unflagged
SERC	Q5KDT2	Q5VR48	FN	FN	all_matched_unflagged	all_matched_unflagged
SERC	Q5KDT2	Q5XK03	TP	TP	all_matched_unflagged	all_matched_unflagged
SERC	Q5KDT2	Q5ZME5	TP	TP	all_matched_unflagged	all_matched_unflagged
SERC	Q5KDT2	Q63175	TP	TP	all_matched_unflagged	all_matched_unflagged
SERC	Q5KDT2	Q6CHG9	TP	TP	all_matched_unflagged	all_matched_unflagged
SERC	Q5KDT2	Q6K688	TP	TP	all_matched_unflagged	all_matched_unflagged
SERC	Q5KDT2	Q7QCD1	TP	TP	all_matched_unflagged	all_matched_unflagged
SERC	Q5KDT2	Q7SAQ3	TP	TP	all_matched_unflagged	all_matched_unflagged
SERC	Q5KDT2	Q7SZW7	TP	TP	all_matched_unflagged	all_matched_unflagged
SERC	Q5KDT2	Q7TNK0	TP	TP	all_matched_unflagged	all_matched_unflagged
SERC	Q5KDT2	Q803X0	TP	TP	all_matched_unflagged	all_matched_unflagged
SERC	Q5KDT2	Q84SS3	TP	TP	all_matched_unflagged	all_matched_unflagged
SERC	Q5KDT2	Q86VE9	TP	TP	all_matched_unflagged	all_matched_unflagged
SERC	Q5KDT2	Q8BHJ6	TP	TP	all_matched_unflagged	all_matched_unflagged
SERC	Q5KDT2	Q8VZI4	FN	FN	all_matched_unflagged	all_matched_unflagged
SERC	Q5KDT2	Q95XV3	TP	TP	all_matched_unflagged	all_matched_unflagged
SERC	Q5KDT2	Q96SA4	TP	TP	all_matched_unflagged	all_matched_unflagged
SERC	Q5KDT2	Q9HDY3	TP	TP	all_matched_unflagged	all_matched_unflagged
SERC	Q5KDT2	Q9NRX5	TP	TP	all_matched_unflagged	all_matched_unflagged
SERC	Q5KDT2	Q9QZI8	TP	TP	all_matched_unflagged	all_matched_unflagged
SERC	Q5KDT2	Q9S9L9	TP	TP	all_matched_unflagged	all_matched_unflagged
SERC	Q5U2V2	Q5VR48	FN	FN	all_matched_unflagged	all_matched_unflagged
SERC	Q5U2V2	Q5XK03	FP	TN	all_matched_unflagged	all_matched_unflagged
SERC	Q5U2V2	Q5ZME5	FP	TN	all_matched_unflagged	all_matched_unflagged
SERC	Q5U2V2	Q63175	TN	TN	all_matched_unflagged	all_matched_unflagged
SERC	Q5U2V2	Q6CHG9	TP	TP	all_matched_unflagged	all_matched_unflagged
SERC	Q5U2V2	Q6K688	TP	TP	all_matched_unflagged	all_matched_unflagged
SERC	Q5U2V2	Q7QCD1	TP	TP	all_matched_unflagged	all_matched_unflagged
SERC	Q5U2V2	Q7SAQ3	TP	TP	all_matched_unflagged	all_matched_unflagged
SERC	Q5U2V2	Q7SZW7	FP	TN	all_matched_unflagged	all_matched_unflagged
SERC	Q5U2V2	Q7TNK0	TN	TN	all_matched_unflagged	all_matched_unflagged
SERC	Q5U2V2	Q803X0	FP	TN	all_matched_unflagged	all_matched_unflagged
SERC	Q5U2V2	Q84SS3	TP	TP	all_matched_unflagged	all_matched_unflagged
SERC	Q5U2V2	Q86VE9	FP	TN	all_matched_unflagged	all_matched_unflagged
SERC	Q5U2V2	Q8BHJ6	FP	TN	all_matched_unflagged	all_matched_unflagged
SERC	Q5U2V2	Q8VZI4	FN	FN	all_matched_unflagged	all_matched_unflagged
SERC	Q5U2V2	Q95XV3	TP	TP	all_matched_unflagged	all_matched_unflagged
SERC	Q5U2V2	Q96SA4	FP	TN	all_matched_unflagged	all_matched_unflagged
SERC	Q5U2V2	Q9HDY3	TP	TP	all_matched_unflagged	all_matched_unflagged
SERC	Q5U2V2	Q9NRX5	FP	TN	all_matched_unflagged	all_matched_unflagged
SERC	Q5U2V2	Q9QZI8	FP	TN	all_matched_unflagged	all_matched_unflagged
SERC	Q5U2V2	Q9S9L9	TP	TP	all_matched_unflagged	all_matched_unflagged
SERC	Q5VR48	Q5XK03	FN	FN	all_matched_unflagged	all_matched_unflagged
SERC	Q5VR48	Q5ZME5	FN	FN	all_matched_unflagged	all_matched_unflagged
SERC	Q5VR48	Q63175	FN	FN	all_matched_unflagged	all_matched_unflagged
SERC	Q5VR48	Q6CHG9	FN	FN	all_matched_unflagged	all_matched_unflagged
SERC	Q5VR48	Q6K688	TN	TN	all_matched_unflagged	all_matched_unflagged
SERC	Q5VR48	Q7QCD1	FN	FN	all_matched_unflagged	all_matched_unflagged
SERC	Q5VR48	Q7SAQ3	FN	FN	all_matched_unflagged	all_matched_unflagged
SERC	Q5VR48	Q7SZW7	FN	FN	all_matched_unflagged	all_matched_unflagged
SERC	Q5VR48	Q7TNK0	FN	FN	all_matched_unflagged	all_matched_unflagged
SERC	Q5VR48	Q803X0	FN	FN	all_matched_unflagged	all_matched_unflagged
SERC	Q5VR48	Q84SS3	TN	TN	all_matched_unflagged	all_matched_unflagged
SERC	Q5VR48	Q86VE9	FN	FN	all_matched_unflagged	all_matched_unflagged
SERC	Q5VR48	Q8BHJ6	FN	FN	all_matched_unflagged	all_matched_unflagged
SERC	Q5VR48	Q8VZI4	TP	TP	all_matched_unflagged	all_matched_unflagged
SERC	Q5VR48	Q95XV3	FN	FN	all_matched_unflagged	all_matched_unflagged
SERC	Q5VR48	Q96SA4	FN	FN	all_matched_unflagged	all_matched_unflagged
SERC	Q5VR48	Q9HDY3	FN	FN	all_matched_unflagged	all_matched_unflagged
SERC	Q5VR48	Q9NRX5	FN	FN	all_matched_unflagged	all_matched_unflagged
SERC	Q5VR48	Q9QZI8	FN	FN	all_matched_unflagged	all_matched_unflagged
SERC	Q5VR48	Q9S9L9	TN	TN	all_matched_unflagged	all_matched_unflagged
SERC	Q5XK03	Q5ZME5	FP	TN	all_matched_unflagged	all_matched_unflagged
SERC	Q5XK03	Q63175	FP	TN	all_matched_unflagged	all_matched_unflagged
SERC	Q5XK03	Q6CHG9	TP	TP	all_matched_unflagged	all_matched_unflagged
SERC	Q5XK03	Q6K688	TP	TP	all_matched_unflagged	all_matched_unflagged
SERC	Q5XK03	Q7QCD1	TP	FN	all_matched_unflagged	all_matched_unflagged
SERC	Q5XK03	Q7SAQ3	TP	TP	all_matched_unflagged	all_matched_unflagged
SERC	Q5XK03	Q7SZW7	FP	TN	all_matched_unflagged	all_matched_unflagged
SERC	Q5XK03	Q7TNK0	FP	TN	all_matched_unflagged	all_matched_unflagged
SERC	Q5XK03	Q803X0	FP	TN	all_matched_unflagged	all_matched_unflagged
SERC	Q5XK03	Q84SS3	TP	TP	all_matched_unflagged	all_matched_unflagged
SERC	Q5XK03	Q86VE9	FP	TN	all_matched_unflagged	all_matched_unflagged
SERC	Q5XK03	Q8BHJ6	TN	TN	all_matched_unflagged	all_matched_unflagged
SERC	Q5XK03	Q8VZI4	FN	FN	all_matched_unflagged	all_matched_unflagged
SERC	Q5XK03	Q95XV3	TP	FN	all_matched_unflagged	all_matched_unflagged
SERC	Q5XK03	Q96SA4	FP	TN	all_matched_unflagged	all_matched_unflagged
SERC	Q5XK03	Q9HDY3	TP	TP	all_matched_unflagged	all_matched_unflagged
SERC	Q5XK03	Q9NRX5	FP	TN	all_matched_unflagged	all_matched_unflagged
SERC	Q5XK03	Q9QZI8	TN	TN	all_matched_unflagged	all_matched_unflagged
SERC	Q5XK03	Q9S9L9	TP	TP	all_matched_unflagged	all_matched_unflagged
SERC	Q5ZME5	Q63175	FP	TN	all_matched_unflagged	all_matched_unflagged
SERC	Q5ZME5	Q6CHG9	TP	TP	all_matched_unflagged	all_matched_unflagged
SERC	Q5ZME5	Q6K688	TP	TP	all_matched_unflagged	all_matched_unflagged
SERC	Q5ZME5	Q7QCD1	TP	TP	all_matched_unflagged	all_matched_unflagged
SERC	Q5ZME5	Q7SAQ3	TP	TP	all_matched_unflagged	all_matched_unflagged
SERC	Q5ZME5	Q7SZW7	TP	TP	all_matched_unflagged	all_matched_unflagged
SERC	Q5ZME5	Q7TNK0	TP	TP	all_matched_unflagged	all_matched_unflagged
SERC	Q5ZME5	Q803X0	FP	TN	all_matched_unflagged	all_matched_unflagged
SERC	Q5ZME5	Q84SS3	TP	TP	all_matched_unflagged	all_matched_unflagged
SERC	Q5ZME5	Q86VE9	FP	TN	all_matched_unflagged	all_matched_unflagged
SERC	Q5ZME5	Q8BHJ6	FP	TN	all_matched_unflagged	all_matched_unflagged
SERC	Q5ZME5	Q8VZI4	FN	FN	all_matched_unflagged	all_matched_unflagged
SERC	Q5ZME5	Q95XV3	TP	TP	all_matched_unflagged	all_matched_unflagged
SERC	Q5ZME5	Q96SA4	FP	TN	all_matched_unflagged	all_matched_unflagged
SERC	Q5ZME5	Q9HDY3	TP	TP	all_matched_unflagged	all_matched_unflagged
SERC	Q5ZME5	Q9NRX5	TP	TP	all_matched_unflagged	all_matched_unflagged
SERC	Q5ZME5	Q9QZI8	TP	TP	all_matched_unflagged	all_matched_unflagged
SERC	Q5ZME5	Q9S9L9	TP	TP	all_matched_unflagged	all_matched_unflagged
SERC	Q63175	Q6CHG9	TP	TP	all_matched_unflagged	all_matched_unflagged
SERC	Q63175	Q6K688	TP	TP	all_matched_unflagged	all_matched_unflagged
SERC	Q63175	Q7QCD1	TP	FN	all_matched_unflagged	all_matched_unflagged
SERC	Q63175	Q7SAQ3	TP	TP	all_matched_unflagged	all_matched_unflagged
SERC	Q63175	Q7SZW7	FP	TN	all_matched_unflagged	all_matched_unflagged
SERC	Q63175	Q7TNK0	TN	TN	all_matched_unflagged	all_matched_unflagged
SERC	Q63175	Q803X0	TP	TP	all_matched_unflagged	all_matched_unflagged
SERC	Q63175	Q84SS3	TP	TP	all_matched_unflagged	all_matched_unflagged
SERC	Q63175	Q86VE9	TP	TP	all_matched_unflagged	all_matched_unflagged
SERC	Q63175	Q8BHJ6	TP	TP	all_matched_unflagged	all_matched_unflagged
SERC	Q63175	Q8VZI4	FN	FN	all_matched_unflagged	all_matched_unflagged
SERC	Q63175	Q95XV3	TP	FN	all_matched_unflagged	all_matched_unflagged
SERC	Q63175	Q96SA4	FP	TN	all_matched_unflagged	all_matched_unflagged
SERC	Q63175	Q9HDY3	TP	TP	all_matched_unflagged	all_matched_unflagged
SERC	Q63175	Q9NRX5	FP	TN	all_matched_unflagged	all_matched_unflagged
SERC	Q63175	Q9QZI8	FP	TN	all_matched_unflagged	all_matched_unflagged
SERC	Q63175	Q9S9L9	TP	TP	all_matched_unflagged	all_matched_unflagged
SERC	Q6CHG9	Q6K688	TP	TP	all_matched_unflagged	all_matched_unflagged
SERC	Q6CHG9	Q7QCD1	TP	TP	all_matched_unflagged	all_matched_unflagged
SERC	Q6CHG9	Q7SAQ3	TP	TP	all_matched_unflagged	all_matched_unflagged
SERC	Q6CHG9	Q7SZW7	TP	TP	all_matched_unflagged	all_matched_unflagged
SERC	Q6CHG9	Q7TNK0	TP	TP	all_matched_unflagged	all_matched_unflagged
SERC	Q6CHG9	Q803X0	TP	TP	all_matched_unflagged	all_matched_unflagged
SERC	Q6CHG9	Q84SS3	TP	TP	all_matched_unflagged	all_matched_unflagged
SERC	Q6CHG9	Q86VE9	TP	TP	all_matched_unflagged	all_matched_unflagged
SERC	Q6CHG9	Q8BHJ6	TP	TP	all_matched_unflagged	all_matched_unflagged
SERC	Q6CHG9	Q8VZI4	FN	FN	all_matched_unflagged	all_matched_unflagged
SERC	Q6CHG9	Q95XV3	TP	TP	all_matched_unflagged	all_matched_unflagged
SERC	Q6CHG9	Q96SA4	TP	TP	all_matched_unflagged	all_matched_unflagged
SERC	Q6CHG9	Q9HDY3	TP	TP	all_matched_unflagged	all_matched_unflagged
SERC	Q6CHG9	Q9NRX5	TP	TP	all_matched_unflagged	all_matched_unflagged
SERC	Q6CHG9	Q9QZI8	TP	TP	all_matched_unflagged	all_matched_unflagged
SERC	Q6CHG9	Q9S9L9	TP	TP	all_matched_unflagged	all_matched_unflagged
SERC	Q6K688	Q7QCD1	TP	TP	all_matched_unflagged	all_matched_unflagged
SERC	Q6K688	Q7SAQ3	TP	TP	all_matched_unflagged	all_matched_unflagged
SERC	Q6K688	Q7SZW7	TP	TP	all_matched_unflagged	all_matched_unflagged
SERC	Q6K688	Q7TNK0	TP	TP	all_matched_unflagged	all_matched_unflagged
SERC	Q6K688	Q803X0	TP	TP	all_matched_unflagged	all_matched_unflagged
SERC	Q6K688	Q84SS3	TN	TN	all_matched_unflagged	all_matched_unflagged
SERC	Q6K688	Q86VE9	TP	TP	all_matched_unflagged	all_matched_unflagged
SERC	Q6K688	Q8BHJ6	TP	TP	all_matched_unflagged	all_matched_unflagged
SERC	Q6K688	Q8VZI4	TN	TN	all_matched_unflagged	all_matched_unflagged
SERC	Q6K688	Q95XV3	TP	TP	all_matched_unflagged	all_matched_unflagged
SERC	Q6K688	Q96SA4	TP	TP	all_matched_unflagged	all_matched_unflagged
SERC	Q6K688	Q9HDY3	TP	TP	all_matched_unflagged	all_matched_unflagged
SERC	Q6K688	Q9NRX5	TP	TP	all_matched_unflagged	all_matched_unflagged
SERC	Q6K688	Q9QZI8	TP	TP	all_matched_unflagged	all_matched_unflagged
SERC	Q6K688	Q9S9L9	TP	TP	all_matched_unflagged	all_matched_unflagged
SERC	Q7QCD1	Q7SAQ3	TP	TP	all_matched_unflagged	all_matched_unflagged
SERC	Q7QCD1	Q7SZW7	TP	TP	all_matched_unflagged	all_matched_unflagged
SERC	Q7QCD1	Q7TNK0	TP	TP	all_matched_unflagged	all_matched_unflagged
SERC	Q7QCD1	Q803X0	TP	FN	all_matched_unflagged	all_matched_unflagged
SERC	Q7QCD1	Q84SS3	TP	TP	all_matched_unflagged	all_matched_unflagged
SERC	Q7QCD1	Q86VE9	TP	FN	all_matched_unflagged	all_matched_unflagged
SERC	Q7QCD1	Q8BHJ6	TP	FN	all_matched_unflagged	all_matched_unflagged
SERC	Q7QCD1	Q8VZI4	FN	FN	all_matched_unflagged	all_matched_unflagged
SERC	Q7QCD1	Q95XV3	TP	TP	all_matched_unflagged	all_matched_unflagged
SERC	Q7QCD1	Q96SA4	TP	TP	all_matched_unflagged	all_matched_unflagged
SERC	Q7QCD1	Q9HDY3	TP	TP	all_matched_unflagged	all_matched_unflagged
SERC	Q7QCD1	Q9NRX5	TP	TP	all_matched_unflagged	all_matched_unflagged
SERC	Q7QCD1	Q9QZI8	TP	TP	all_matched_unflagged	all_matched_unflagged
SERC	Q7QCD1	Q9S9L9	TP	TP	all_matched_unflagged	all_matched_unflagged
SERC	Q7SAQ3	Q7SZW7	TP	TP	all_matched_unflagged	all_matched_unflagged
SERC	Q7SAQ3	Q7TNK0	TP	TP	all_matched_unflagged	all_matched_unflagged
SERC	Q7SAQ3	Q803X0	TP	TP	all_matched_unflagged	all_matched_unflagged
SERC	Q7SAQ3	Q84SS3	TP	TP	all_matched_unflagged	all_matched_unflagged
SERC	Q7SAQ3	Q86VE9	TP	TP	all_matched_unflagged	all_matched_unflagged
SERC	Q7SAQ3	Q8BHJ6	TP	TP	all_matched_unflagged	all_matched_unflagged
SERC	Q7SAQ3	Q8VZI4	FN	FN	all_matched_unflagged	all_matched_unflagged
SERC	Q7SAQ3	Q95XV3	TP	TP	all_matched_unflagged	all_matched_unflagged
SERC	Q7SAQ3	Q96SA4	TP	TP	all_matched_unflagged	all_matched_unflagged
SERC	Q7SAQ3	Q9HDY3	TP	TP	all_matched_unflagged	all_matched_unflagged
SERC	Q7SAQ3	Q9NRX5	TP	TP	all_matched_unflagged	all_matched_unflagged
SERC	Q7SAQ3	Q9QZI8	TP	TP	all_matched_unflagged	all_matched_unflagged
SERC	Q7SAQ3	Q9S9L9	TP	TP	all_matched_unflagged	all_matched_unflagged
SERC	Q7SZW7	Q7TNK0	TP	TP	all_matched_unflagged	all_matched_unflagged
SERC	Q7SZW7	Q803X0	TN	TN	all_matched_unflagged	all_matched_unflagged
SERC	Q7SZW7	Q84SS3	TP	TP	all_matched_unflagged	all_matched_unflagged
SERC	Q7SZW7	Q86VE9	FP	TN	all_matched_unflagged	all_matched_unflagged
SERC	Q7SZW7	Q8BHJ6	FP	TN	all_matched_unflagged	all_matched_unflagged
SERC	Q7SZW7	Q8VZI4	FN	FN	all_matched_unflagged	all_matched_unflagged
SERC	Q7SZW7	Q95XV3	TP	TP	all_matched_unflagged	all_matched_unflagged
SERC	Q7SZW7	Q96SA4	FP	TN	all_matched_unflagged	all_matched_unflagged
SERC	Q7SZW7	Q9HDY3	TP	TP	all_matched_unflagged	all_matched_unflagged
SERC	Q7SZW7	Q9NRX5	TP	TP	all_matched_unflagged	all_matched_unflagged
SERC	Q7SZW7	Q9QZI8	TP	TP	all_matched_unflagged	all_matched_unflagged
SERC	Q7SZW7	Q9S9L9	TP	TP	all_matched_unflagged	all_matched_unflagged
SERC	Q7TNK0	Q803X0	FP	TN	all_matched_unflagged	all_matched_unflagged
SERC	Q7TNK0	Q84SS3	TP	TP	all_matched_unflagged	all_matched_unflagged
SERC	Q7TNK0	Q86VE9	FP	TN	all_matched_unflagged	all_matched_unflagged
SERC	Q7TNK0	Q8BHJ6	FP	TN	all_matched_unflagged	all_matched_unflagged
SERC	Q7TNK0	Q8VZI4	FN	FN	all_matched_unflagged	all_matched_unflagged
SERC	Q7TNK0	Q95XV3	TP	TP	all_matched_unflagged	all_matched_unflagged
SERC	Q7TNK0	Q96SA4	FP	TN	all_matched_unflagged	all_matched_unflagged
SERC	Q7TNK0	Q9HDY3	TP	TP	all_matched_unflagged	all_matched_unflagged
SERC	Q7TNK0	Q9NRX5	TP	TP	all_matched_unflagged	all_matched_unflagged
SERC	Q7TNK0	Q9QZI8	TP	TP	all_matched_unflagged	all_matched_unflagged
SERC	Q7TNK0	Q9S9L9	TP	TP	all_matched_unflagged	all_matched_unflagged
SERC	Q803X0	Q84SS3	TP	TP	all_matched_unflagged	all_matched_unflagged
SERC	Q803X0	Q86VE9	TP	TP	all_matched_unflagged	all_matched_unflagged
SERC	Q803X0	Q8BHJ6	TP	TP	all_matched_unflagged	all_matched_unflagged
SERC	Q803X0	Q8VZI4	FN	FN	all_matched_unflagged	all_matched_unflagged
SERC	Q803X0	Q95XV3	TP	FN	all_matched_unflagged	all_matched_unflagged
SERC	Q803X0	Q96SA4	FP	TN	all_matched_unflagged	all_matched_unflagged
SERC	Q803X0	Q9HDY3	TP	TP	all_matched_unflagged	all_matched_unflagged
SERC	Q803X0	Q9NRX5	FP	TN	all_matched_unflagged	all_matched_unflagged
SERC	Q803X0	Q9QZI8	FP	TN	all_matched_unflagged	all_matched_unflagged
SERC	Q803X0	Q9S9L9	TP	TP	all_matched_unflagged	all_matched_unflagged
SERC	Q84SS3	Q86VE9	TP	TP	all_matched_unflagged	all_matched_unflagged
SERC	Q84SS3	Q8BHJ6	TP	TP	all_matched_unflagged	all_matched_unflagged
SERC	Q84SS3	Q8VZI4	TN	TN	all_matched_unflagged	all_matched_unflagged
SERC	Q84SS3	Q95XV3	TP	TP	all_matched_unflagged	all_matched_unflagged
SERC	Q84SS3	Q96SA4	TP	TP	all_matched_unflagged	all_matched_unflagged
SERC	Q84SS3	Q9HDY3	TP	TP	all_matched_unflagged	all_matched_unflagged
SERC	Q84SS3	Q9NRX5	TP	TP	all_matched_unflagged	all_matched_unflagged
SERC	Q84SS3	Q9QZI8	TP	TP	all_matched_unflagged	all_matched_unflagged
SERC	Q84SS3	Q9S9L9	FP	TN	all_matched_unflagged	all_matched_unflagged
SERC	Q86VE9	Q8BHJ6	TP	TP	all_matched_unflagged	all_matched_unflagged
SERC	Q86VE9	Q8VZI4	FN	FN	all_matched_unflagged	all_matched_unflagged
SERC	Q86VE9	Q95XV3	TP	FN	all_matched_unflagged	all_matched_unflagged
SERC	Q86VE9	Q96SA4	TN	TN	all_matched_unflagged	all_matched_unflagged
SERC	Q86VE9	Q9HDY3	TP	TP	all_matched_unflagged	all_matched_unflagged
SERC	Q86VE9	Q9NRX5	TN	TN	all_matched_unflagged	all_matched_unflagged
SERC	Q86VE9	Q9QZI8	FP	TN	all_matched_unflagged	all_matched_unflagged
SERC	Q86VE9	Q9S9L9	TP	TP	all_matched_unflagged	all_matched_unflagged
SERC	Q8BHJ6	Q8VZI4	FN	FN	all_matched_unflagged	all_matched_unflagged
SERC	Q8BHJ6	Q95XV3	TP	FN	all_matched_unflagged	all_matched_unflagged
SERC	Q8BHJ6	Q96SA4	FP	TN	all_matched_unflagged	all_matched_unflagged
SERC	Q8BHJ6	Q9HDY3	TP	TP	all_matched_unflagged	all_matched_unflagged
SERC	Q8BHJ6	Q9NRX5	FP	TN	all_matched_unflagged	all_matched_unflagged
SERC	Q8BHJ6	Q9QZI8	TN	TN	all_matched_unflagged	all_matched_unflagged
SERC	Q8BHJ6	Q9S9L9	TP	TP	all_matched_unflagged	all_matched_unflagged
SERC	Q8VZI4	Q95XV3	FN	FN	all_matched_unflagged	all_matched_unflagged
SERC	Q8VZI4	Q96SA4	FN	FN	all_matched_unflagged	all_matched_unflagged
SERC	Q8VZI4	Q9HDY3	FN	FN	all_matched_unflagged	all_matched_unflagged
SERC	Q8VZI4	Q9NRX5	FN	FN	all_matched_unflagged	all_matched_unflagged
SERC	Q8VZI4	Q9QZI8	FN	FN	all_matched_unflagged	all_matched_unflagged
SERC	Q8VZI4	Q9S9L9	TN	TN	all_matched_unflagged	all_matched_unflagged
SERC	Q95XV3	Q96SA4	TP	TP	all_matched_unflagged	all_matched_unflagged
SERC	Q95XV3	Q9HDY3	TP	TP	all_matched_unflagged	all_matched_unflagged
SERC	Q95XV3	Q9NRX5	TP	TP	all_matched_unflagged	all_matched_unflagged
SERC	Q95XV3	Q9QZI8	TP	TP	all_matched_unflagged	all_matched_unflagged
SERC	Q95XV3	Q9S9L9	TP	TP	all_matched_unflagged	all_matched_unflagged
SERC	Q96SA4	Q9HDY3	TP	TP	all_matched_unflagged	all_matched_unflagged
SERC	Q96SA4	Q9NRX5	TN	TN	all_matched_unflagged	all_matched_unflagged
SERC	Q96SA4	Q9QZI8	FP	TN	all_matched_unflagged	all_matched_unflagged
SERC	Q96SA4	Q9S9L9	TP	TP	all_matched_unflagged	all_matched_unflagged
SERC	Q9HDY3	Q9NRX5	TP	TP	all_matched_unflagged	all_matched_unflagged
SERC	Q9HDY3	Q9QZI8	TP	TP	all_matched_unflagged	all_matched_unflagged
SERC	Q9HDY3	Q9S9L9	TP	TP	all_matched_unflagged	all_matched_unflagged
SERC	Q9NRX5	Q9QZI8	TP	TP	all_matched_unflagged	all_matched_unflagged
SERC	Q9NRX5	Q9S9L9	TP	TP	all_matched_unflagged	all_matched_unflagged
SERC	Q9QZI8	Q9S9L9	TP	TP	all_matched_unflagged	all_matched_unflagged
SUMF	A9V4V4	A9V5J3	TN	TN	all_matched_unflagged	all_matched_unflagged
SUMF	A9V4V4	F1NWF3	FP	TN	all_matched_unflagged	all_matched_unflagged
SUMF	A9V4V4	F5HMR5	TP	TP	all_matched_unflagged	all_matched_unflagged
SUMF	A9V4V4	F7EQ26	FP	TN	all_matched_unflagged	all_matched_unflagged
SUMF	A9V4V4	H2LCF1	FP	TN	all_matched_unflagged	all_matched_unflagged
SUMF	A9V4V4	H2MHZ5	TP	TP	all_matched_unflagged	all_matched_unflagged
SUMF	A9V4V4	Q58CP2	FP	TN	all_matched_unflagged	all_matched_unflagged
SUMF	A9V4V4	Q5XJ75	FP	TN	all_matched_unflagged	all_matched_unflagged
SUMF	A9V4V4	Q8NBJ7	FP	TN	all_matched_unflagged	all_matched_unflagged
SUMF	A9V4V4	Q8NBK3	TP	TP	all_matched_unflagged	all_matched_unflagged
SUMF	A9V4V4	Q9W0U6	TP	TP	all_matched_unflagged	all_matched_unflagged
SUMF	A9V5J3	F1NWF3	TP	TP	all_matched_unflagged	all_matched_unflagged
SUMF	A9V5J3	F5HMR5	FP	TN	all_matched_unflagged	all_matched_unflagged
SUMF	A9V5J3	F7EQ26	TP	TP	all_matched_unflagged	all_matched_unflagged
SUMF	A9V5J3	H2LCF1	TP	TP	all_matched_unflagged	all_matched_unflagged
SUMF	A9V5J3	H2MHZ5	FP	TN	all_matched_unflagged	all_matched_unflagged
SUMF	A9V5J3	Q58CP2	TP	TP	all_matched_unflagged	all_matched_unflagged
SUMF	A9V5J3	Q5XJ75	TP	TP	all_matched_unflagged	all_matched_unflagged
SUMF	A9V5J3	Q8NBJ7	TP	TP	all_matched_unflagged	all_matched_unflagged
SUMF	A9V5J3	Q8NBK3	FP	TN	all_matched_unflagged	all_matched_unflagged
SUMF	A9V5J3	Q9W0U6	FP	TN	all_matched_unflagged	all_matched_unflagged
SUMF	F1NWF3	F5HMR5	FP	TN	all_matched_unflagged	all_matched_unflagged
SUMF	F1NWF3	F7EQ26	TP	TP	all_matched_unflagged	all_matched_unflagged
SUMF	F1NWF3	H2LCF1	TP	TP	all_matched_unflagged	all_matched_unflagged
SUMF	F1NWF3	H2MHZ5	FP	TN	all_matched_unflagged	all_matched_unflagged
SUMF	F1NWF3	Q58CP2	TP	TP	all_matched_unflagged	all_matched_unflagged
SUMF	F1NWF3	Q5XJ75	TP	TP	all_matched_unflagged	all_matched_unflagged
SUMF	F1NWF3	Q8NBJ7	TP	TP	all_matched_unflagged	all_matched_unflagged
SUMF	F1NWF3	Q8NBK3	FP	TN	all_matched_unflagged	all_matched_unflagged
SUMF	F1NWF3	Q9W0U6	FP	TN	all_matched_unflagged	all_matched_unflagged
SUMF	F5HMR5	F7EQ26	FP	TN	all_matched_unflagged	all_matched_unflagged
SUMF	F5HMR5	H2LCF1	FP	TN	all_matched_unflagged	all_matched_unflagged
SUMF	F5HMR5	H2MHZ5	TP	TP	all_matched_unflagged	all_matched_unflagged
SUMF	F5HMR5	Q58CP2	FP	TN	all_matched_unflagged	all_matched_unflagged
SUMF	F5HMR5	Q5XJ75	FP	TN	all_matched_unflagged	all_matched_unflagged
SUMF	F5HMR5	Q8NBJ7	FP	TN	all_matched_unflagged	all_matched_unflagged
SUMF	F5HMR5	Q8NBK3	TP	TP	all_matched_unflagged	all_matched_unflagged
SUMF	F5HMR5	Q9W0U6	TP	TP	all_matched_unflagged	all_matched_unflagged
SUMF	F7EQ26	H2LCF1	TP	TP	all_matched_unflagged	all_matched_unflagged
SUMF	F7EQ26	H2MHZ5	FP	TN	all_matched_unflagged	all_matched_unflagged
SUMF	F7EQ26	Q58CP2	TP	TP	all_matched_unflagged	all_matched_unflagged
SUMF	F7EQ26	Q5XJ75	TP	TP	all_matched_unflagged	all_matched_unflagged
SUMF	F7EQ26	Q8NBJ7	TP	TP	all_matched_unflagged	all_matched_unflagged
SUMF	F7EQ26	Q8NBK3	FP	TN	all_matched_unflagged	all_matched_unflagged
SUMF	F7EQ26	Q9W0U6	FP	TN	all_matched_unflagged	all_matched_unflagged
SUMF	H2LCF1	H2MHZ5	TN	TN	all_matched_unflagged	all_matched_unflagged
SUMF	H2LCF1	Q58CP2	TP	TP	all_matched_unflagged	all_matched_unflagged
SUMF	H2LCF1	Q5XJ75	TP	TP	all_matched_unflagged	all_matched_unflagged
SUMF	H2LCF1	Q8NBJ7	TP	TP	all_matched_unflagged	all_matched_unflagged
SUMF	H2LCF1	Q8NBK3	FP	TN	all_matched_unflagged	all_matched_unflagged
SUMF	H2LCF1	Q9W0U6	FP	TN	all_matched_unflagged	all_matched_unflagged
SUMF	H2MHZ5	Q58CP2	FP	TN	all_matched_unflagged	all_matched_unflagged
SUMF	H2MHZ5	Q5XJ75	FP	TN	all_matched_unflagged	all_matched_unflagged
SUMF	H2MHZ5	Q8NBJ7	FP	TN	all_matched_unflagged	all_matched_unflagged
SUMF	H2MHZ5	Q8NBK3	TP	TP	all_matched_unflagged	all_matched_unflagged
SUMF	H2MHZ5	Q9W0U6	TP	TP	all_matched_unflagged	all_matched_unflagged
SUMF	Q58CP2	Q5XJ75	TP	TP	all_matched_unflagged	all_matched_unflagged
SUMF	Q58CP2	Q8NBJ7	TP	TP	all_matched_unflagged	all_matched_unflagged
SUMF	Q58CP2	Q8NBK3	FP	TN	all_matched_unflagged	all_matched_unflagged
SUMF	Q58CP2	Q9W0U6	FP	TN	all_matched_unflagged	all_matched_unflagged
SUMF	Q5XJ75	Q8NBJ7	TP	TP	all_matched_unflagged	all_matched_unflagged
SUMF	Q5XJ75	Q8NBK3	FP	TN	all_matched_unflagged	all_matched_unflagged
SUMF	Q5XJ75	Q9W0U6	FP	TN	all_matched_unflagged	all_matched_unflagged
SUMF	Q8NBJ7	Q8NBK3	TN	TN	all_matched_unflagged	all_matched_unflagged
SUMF	Q8NBJ7	Q9W0U6	FP	TN	all_matched_unflagged	all_matched_unflagged
SUMF	Q8NBK3	Q9W0U6	TP	TP	all_matched_unflagged	all_matched_unflagged
TRFE	A5A6I6	D3ZAB1	FP	TN	all_matched_unflagged	all_matched_unflagged
TRFE	A5A6I6	D4ADK7	FP	TN	all_matched_unflagged	all_matched_unflagged
TRFE	A5A6I6	E1BG25	FP	TN	all_matched_unflagged	all_matched_unflagged
TRFE	A5A6I6	E1BVL8	FP	TN	all_matched_unflagged	all_matched_unflagged
TRFE	A5A6I6	E7F2E3	FP	TN	all_matched_unflagged	all_matched_unflagged
TRFE	A5A6I6	F1NVN3	FP	TN	all_matched_unflagged	all_matched_unflagged
TRFE	A5A6I6	F1PR54	FP	TN	all_matched_unflagged	all_matched_unflagged
TRFE	A5A6I6	F1R9Z0	FP	TN	all_matched_unflagged	all_matched_unflagged
TRFE	A5A6I6	G3QYG5	FP	TN	all_matched_unflagged	all_matched_unflagged
TRFE	A5A6I6	G3R4X1	TP	TP	all_matched_unflagged	all_matched_unflagged
TRFE	A5A6I6	G3RDQ3	FP	TN	all_matched_unflagged	all_matched_unflagged
TRFE	A5A6I6	G3X6N3	TP	TP	all_matched_unflagged	all_matched_unflagged
TRFE	A5A6I6	H2M6H2	FP	TN	all_matched_unflagged	all_matched_unflagged
TRFE	A5A6I6	H2MFE8	TN	TN	all_matched_unflagged	all_matched_unflagged
TRFE	A5A6I6	H2N079	TN	TN	all_matched_unflagged	all_matched_unflagged
TRFE	A5A6I6	H2QMG6	TN	TN	all_matched_unflagged	all_matched_unflagged
TRFE	A5A6I6	H2QP17	TN	TN	all_matched_unflagged	all_matched_unflagged
TRFE	A5A6I6	H9H969	TN	TN	all_matched_unflagged	all_matched_unflagged
TRFE	A5A6I6	P02787	TP	TP	all_matched_unflagged	all_matched_unflagged
TRFE	A5A6I6	P02788	FP	TN	all_matched_unflagged	all_matched_unflagged
TRFE	A5A6I6	P02789	TP	TP	all_matched_unflagged	all_matched_unflagged
TRFE	A5A6I6	P08071	FP	TN	all_matched_unflagged	all_matched_unflagged
TRFE	A5A6I6	P08582	FP	TN	all_matched_unflagged	all_matched_unflagged
TRFE	A5A6I6	P12346	TP	TP	all_matched_unflagged	all_matched_unflagged
TRFE	A5A6I6	P24627	FP	TN	all_matched_unflagged	all_matched_unflagged
TRFE	A5A6I6	Q0VIL3	TN	TN	all_matched_unflagged	all_matched_unflagged
TRFE	A5A6I6	Q501K5	TP	TP	all_matched_unflagged	all_matched_unflagged
TRFE	A5A6I6	Q921I1	TP	TP	all_matched_unflagged	all_matched_unflagged
TRFE	A5A6I6	Q9DBD0	FP	TN	all_matched_unflagged	all_matched_unflagged
TRFE	A5A6I6	Q9R0R1	FP	TN	all_matched_unflagged	all_matched_unflagged
TRFE	D3ZAB1	D4ADK7	TN	TN	all_matched_unflagged	all_matched_unflagged
TRFE	D3ZAB1	E1BG25	FP	TN	all_matched_unflagged	all_matched_unflagged
TRFE	D3ZAB1	E1BVL8	FP	TN	all_matched_unflagged	all_matched_unflagged
TRFE	D3ZAB1	E7F2E3	FP	TN	all_matched_unflagged	all_matched_unflagged
TRFE	D3ZAB1	F1NVN3	FP	TN	all_matched_unflagged	all_matched_unflagged
TRFE	D3ZAB1	F1PR54	TP	TP	all_matched_unflagged	all_matched_unflagged
TRFE	D3ZAB1	F1R9Z0	FP	TN	all_matched_unflagged	all_matched_unflagged
TRFE	D3ZAB1	G3QYG5	TP	TP	all_matched_unflagged	all_matched_unflagged
TRFE	D3ZAB1	G3R4X1	FP	TN	all_matched_unflagged	all_matched_unflagged
TRFE	D3ZAB1	G3RDQ3	FP	TN	all_matched_unflagged	all_matched_unflagged
TRFE	D3ZAB1	G3X6N3	FP	TN	all_matched_unflagged	all_matched_unflagged
TRFE	D3ZAB1	H2M6H2	FP	TN	all_matched_unflagged	all_matched_unflagged
TRFE	D3ZAB1	H2MFE8	TN	TN	all_matched_unflagged	all_matched_unflagged
TRFE	D3ZAB1	H2N079	TN	TN	all_matched_unflagged	all_matched_unflagged
TRFE	D3ZAB1	H2QMG6	TP	TP	all_matched_unflagged	all_matched_unflagged
TRFE	D3ZAB1	H2QP17	FP	TN	all_matched_unflagged	all_matched_unflagged
TRFE	D3ZAB1	H9H969	TN	TN	all_matched_unflagged	all_matched_unflagged
TRFE	D3ZAB1	P02787	FP	TN	all_matched_unflagged	all_matched_unflagged
TRFE	D3ZAB1	P02788	TP	TP	all_matched_unflagged	all_matched_unflagged
TRFE	D3ZAB1	P02789	TP	TP	all_matched_unflagged	all_matched_unflagged
TRFE	D3ZAB1	P08071	TP	TP	all_matched_unflagged	all_matched_unflagged
TRFE	D3ZAB1	P08582	FP	TN	all_matched_unflagged	all_matched_unflagged
TRFE	D3ZAB1	P12346	TN	TN	all_matched_unflagged	all_matched_unflagged
TRFE	D3ZAB1	P24627	TP	TP	all_matched_unflagged	all_matched_unflagged
TRFE	D3ZAB1	Q0VIL3	TN	TN	all_matched_unflagged	all_matched_unflagged
TRFE	D3ZAB1	Q501K5	TP	TP	all_matched_unflagged	all_matched_unflagged
TRFE	D3ZAB1	Q921I1	FP	TN	all_matched_unflagged	all_matched_unflagged
TRFE	D3ZAB1	Q9DBD0	FP	TN	all_matched_unflagged	all_matched_unflagged
TRFE	D3ZAB1	Q9R0R1	FP	TN	all_matched_unflagged	all_matched_unflagged
TRFE	D4ADK7	E1BG25	TP	TP	all_matched_unflagged	all_matched_unflagged
TRFE	D4ADK7	E1BVL8	FP	TN	all_matched_unflagged	all_matched_unflagged
TRFE	D4ADK7	E7F2E3	TP	TP	all_matched_unflagged	all_matched_unflagged
TRFE	D4ADK7	F1NVN3	TP	TP	all_matched_unflagged	all_matched_unflagged
TRFE	D4ADK7	F1PR54	FP	TN	all_matched_unflagged	all_matched_unflagged
TRFE	D4ADK7	F1R9Z0	FP	TN	all_matched_unflagged	all_matched_unflagged
TRFE	D4ADK7	G3QYG5	FP	TN	all_matched_unflagged	all_matched_unflagged
TRFE	D4ADK7	G3R4X1	FP	TN	all_matched_unflagged	all_matched_unflagged
TRFE	D4ADK7	G3RDQ3	TP	TP	all_matched_unflagged	all_matched_unflagged
TRFE	D4ADK7	G3X6N3	FP	TN	all_matched_unflagged	all_matched_unflagged
TRFE	D4ADK7	H2M6H2	TP	TP	all_matched_unflagged	all_matched_unflagged
TRFE	D4ADK7	H2MFE8	TN	TN	all_matched_unflagged	all_matched_unflagged
TRFE	D4ADK7	H2N079	TN	TN	all_matched_unflagged	all_matched_unflagged
TRFE	D4ADK7	H2QMG6	FP	TN	all_matched_unflagged	all_matched_unflagged
TRFE	D4ADK7	H2QP17	TP	TP	all_matched_unflagged	all_matched_unflagged
TRFE	D4ADK7	H9H969	FN	FN	all_matched_unflagged	all_matched_unflagged
TRFE	D4ADK7	P02787	FP	TN	all_matched_unflagged	all_matched_unflagged
TRFE	D4ADK7	P02788	FP	TN	all_matched_unflagged	all_matched_unflagged
TRFE	D4ADK7	P02789	FP	TN	all_matched_unflagged	all_matched_unflagged
TRFE	D4ADK7	P08071	FP	TN	all_matched_unflagged	all_matched_unflagged
TRFE	D4ADK7	P08582	TP	TP	all_matched_unflagged	all_matched_unflagged
TRFE	D4ADK7	P12346	TN	TN	all_matched_unflagged	all_matched_unflagged
TRFE	D4ADK7	P24627	FP	TN	all_matched_unflagged	all_matched_unflagged
TRFE	D4ADK7	Q0VIL3	TN	TN	all_matched_unflagged	all_matched_unflagged
TRFE	D4ADK7	Q501K5	FP	TN	all_matched_unflagged	all_matched_unflagged
TRFE	D4ADK7	Q921I1	FP	TN	all_matched_unflagged	all_matched_unflagged
TRFE	D4ADK7	Q9DBD0	FP	TN	all_matched_unflagged	all_matched_unflagged
TRFE	D4ADK7	Q9R0R1	TP	TP	all_matched_unflagged	all_matched_unflagged
TRFE	E1BG25	E1BVL8	FP	TN	all_matched_unflagged	all_matched_unflagged
TRFE	E1BG25	E7F2E3	TP	TP	all_matched_unflagged	all_matched_unflagged
TRFE	E1BG25	F1NVN3	TP	TP	all_matched_unflagged	all_matched_unflagged
TRFE	E1BG25	F1PR54	FP	TN	all_matched_unflagged	all_matched_unflagged
TRFE	E1BG25	F1R9Z0	FP	TN	all_matched_unflagged	all_matched_unflagged
TRFE	E1BG25	G3QYG5	FP	TN	all_matched_unflagged	all_matched_unflagged
TRFE	E1BG25	G3R4X1	FP	TN	all_matched_unflagged	all_matched_unflagged
TRFE	E1BG25	G3RDQ3	TP	TP	all_matched_unflagged	all_matched_unflagged
TRFE	E1BG25	G3X6N3	TN	TN	all_matched_unflagged	all_matched_unflagged
TRFE	E1BG25	H2M6H2	TP	TP	all_matched_unflagged	all_matched_unflagged
TRFE	E1BG25	H2MFE8	TN	TN	all_matched_unflagged	all_matched_unflagged
TRFE	E1BG25	H2N079	TN	TN	all_matched_unflagged	all_matched_unflagged
TRFE	E1BG25	H2QMG6	FP	TN	all_matched_unflagged	all_matched_unflagged
TRFE	E1BG25	H2QP17	TP	TP	all_matched_unflagged	all_matched_unflagged
TRFE	E1BG25	H9H969	FN	FN	all_matched_unflagged	all_matched_unflagged
TRFE	E1BG25	P02787	FP	TN	all_matched_unflagged	all_matched_unflagged
TRFE	E1BG25	P02788	FP	TN	all_matched_unflagged	all_matched_unflagged
TRFE	E1BG25	P02789	FP	TN	all_matched_unflagged	all_matched_unflagged
TRFE	E1BG25	P08071	FP	TN	all_matched_unflagged	all_matched_unflagged
TRFE	E1BG25	P08582	TP	TP	all_matched_unflagged	all_matched_unflagged
TRFE	E1BG25	P12346	FP	TN	all_matched_unflagged	all_matched_unflagged
TRFE	E1BG25	P24627	TN	TN	all_matched_unflagged	all_matched_unflagged
TRFE	E1BG25	Q0VIL3	TN	TN	all_matched_unflagged	all_matched_unflagged
TRFE	E1BG25	Q501K5	FP	TN	all_matched_unflagged	all_matched_unflagged
TRFE	E1BG25	Q921I1	FP	TN	all_matched_unflagged	all_matched_unflagged
TRFE	E1BG25	Q9DBD0	FP	TN	all_matched_unflagged	all_matched_unflagged
TRFE	E1BG25	Q9R0R1	TP	TP	all_matched_unflagged	all_matched_unflagged
TRFE	E1BVL8	E7F2E3	FP	TN	all_matched_unflagged	all_matched_unflagged
TRFE	E1BVL8	F1NVN3	TN	TN	all_matched_unflagged	all_matched_unflagged
TRFE	E1BVL8	F1PR54	FP	TN	all_matched_unflagged	all_matched_unflagged
TRFE	E1BVL8	F1R9Z0	TP	TP	all_matched_unflagged	all_matched_unflagged
TRFE	E1BVL8	G3QYG5	FP	TN	all_matched_unflagged	all_matched_unflagged
TRFE	E1BVL8	G3R4X1	FP	TN	all_matched_unflagged	all_matched_unflagged
TRFE	E1BVL8	G3RDQ3	FP	TN	all_matched_unflagged	all_matched_unflagged
TRFE	E1BVL8	G3X6N3	FP	TN	all_matched_unflagged	all_matched_unflagged
TRFE	E1BVL8	H2M6H2	FP	TN	all_matched_unflagged	all_matched_unflagged
TRFE	E1BVL8	H2MFE8	TN	TN	all_matched_unflagged	all_matched_unflagged
TRFE	E1BVL8	H2N079	FN	FN	all_matched_unflagged	all_matched_unflagged
TRFE	E1BVL8	H2QMG6	FP	TN	all_matched_unflagged	all_matched_unflagged
TRFE	E1BVL8	H2QP17	FP	TN	all_matched_unflagged	all_matched_unflagged
TRFE	E1BVL8	H9H969	TN	TN	all_matched_unflagged	all_matched_unflagged
TRFE	E1BVL8	P02787	FP	TN	all_matched_unflagged	all_matched_unflagged
TRFE	E1BVL8	P02788	FP	TN	all_matched_unflagged	all_matched_unflagged
TRFE	E1BVL8	P02789	TN	TN	all_matched_unflagged	all_matched_unflagged
TRFE	E1BVL8	P08071	FP	TN	all_matched_unflagged	all_matched_unflagged
TRFE	E1BVL8	P08582	FP	TN	all_matched_unflagged	all_matched_unflagged
TRFE	E1BVL8	P12346	FP	TN	all_matched_unflagged	all_matched_unflagged
TRFE	E1BVL8	P24627	FP	TN	all_matched_unflagged	all_matched_unflagged
TRFE	E1BVL8	Q0VIL3	TN	TN	all_matched_unflagged	all_matched_unflagged
TRFE	E1BVL8	Q501K5	FP	TN	all_matched_unflagged	all_matched_unflagged
TRFE	E1BVL8	Q921I1	FP	TN	all_matched_unflagged	all_matched_unflagged
TRFE	E1BVL8	Q9DBD0	FP	TN	all_matched_unflagged	all_matched_unflagged
TRFE	E1BVL8	Q9R0R1	FP	TN	all_matched_unflagged	all_matched_unflagged
TRFE	E7F2E3	F1NVN3	TP	TP	all_matched_unflagged	all_matched_unflagged
TRFE	E7F2E3	F1PR54	FP	TN	all_matched_unflagged	all_matched_unflagged
TRFE	E7F2E3	F1R9Z0	TN	TN	all_matched_unflagged	all_matched_unflagged
TRFE	E7F2E3	G3QYG5	FP	TN	all_matched_unflagged	all_matched_unflagged
TRFE	E7F2E3	G3R4X1	FP	TN	all_matched_unflagged	all_matched_unflagged
TRFE	E7F2E3	G3RDQ3	TP	TP	all_matched_unflagged	all_matched_unflagged
TRFE	E7F2E3	G3X6N3	FP	TN	all_matched_unflagged	all_matched_unflagged
TRFE	E7F2E3	H2M6H2	TP	TP	all_matched_unflagged	all_matched_unflagged
TRFE	E7F2E3	H2MFE8	TN	TN	all_matched_unflagged	all_matched_unflagged
TRFE	E7F2E3	H2N079	TN	TN	all_matched_unflagged	all_matched_unflagged
TRFE	E7F2E3	H2QMG6	FP	TN	all_matched_unflagged	all_matched_unflagged
TRFE	E7F2E3	H2QP17	TP	TP	all_matched_unflagged	all_matched_unflagged
TRFE	E7F2E3	H9H969	FN	FN	all_matched_unflagged	all_matched_unflagged
TRFE	E7F2E3	P02787	FP	TN	all_matched_unflagged	all_matched_unflagged
TRFE	E7F2E3	P02788	FP	TN	all_matched_unflagged	all_matched_unflagged
TRFE	E7F2E3	P02789	FP	TN	all_matched_unflagged	all_matched_unflagged
TRFE	E7F2E3	P08071	FP	TN	all_matched_unflagged	all_matched_unflagged
TRFE	E7F2E3	P08582	TP	TP	all_matched_unflagged	all_matched_unflagged
TRFE	E7F2E3	P12346	FP	TN	all_matched_unflagged	all_matched_unflagged
TRFE	E7F2E3	P24627	FP	TN	all_matched_unflagged	all_matched_unflagged
TRFE	E7F2E3	Q0VIL3	TN	TN	all_matched_unflagged	all_matched_unflagged
TRFE	E7F2E3	Q501K5	FP	TN	all_matched_unflagged	all_matched_unflagged
TRFE	E7F2E3	Q921I1	FP	TN	all_matched_unflagged	all_matched_unflagged
TRFE	E7F2E3	Q9DBD0	FP	TN	all_matched_unflagged	all_matched_unflagged
TRFE	E7F2E3	Q9R0R1	TP	TP	all_matched_unflagged	all_matched_unflagged
TRFE	F1NVN3	F1PR54	FP	TN	all_matched_unflagged	all_matched_unflagged
TRFE	F1NVN3	F1R9Z0	FP	TN	all_matched_unflagged	all_matched_unflagged
TRFE	F1NVN3	G3QYG5	FP	TN	all_matched_unflagged	all_matched_unflagged
TRFE	F1NVN3	G3R4X1	FP	TN	all_matched_unflagged	all_matched_unflagged
TRFE	F1NVN3	G3RDQ3	TP	TP	all_matched_unflagged	all_matched_unflagged
TRFE	F1NVN3	G3X6N3	FP	TN	all_matched_unflagged	all_matched_unflagged
TRFE	F1NVN3	H2M6H2	TP	TP	all_matched_unflagged	all_matched_unflagged
TRFE	F1NVN3	H2MFE8	TN	TN	all_matched_unflagged	all_matched_unflagged
TRFE	F1NVN3	H2N079	TN	TN	all_matched_unflagged	all_matched_unflagged
TRFE	F1NVN3	H2QMG6	FP	TN	all_matched_unflagged	all_matched_unflagged
TRFE	F1NVN3	H2QP17	TP	TP	all_matched_unflagged	all_matched_unflagged
TRFE	F1NVN3	H9H969	FN	FN	all_matched_unflagged	all_matched_unflagged
TRFE	F1NVN3	P02787	FP	TN	all_matched_unflagged	all_matched_unflagged
TRFE	F1NVN3	P02788	FP	TN	all_matched_unflagged	all_matched_unflagged
TRFE	F1NVN3	P02789	TN	TN	all_matched_unflagged	all_matched_unflagged
TRFE	F1NVN3	P08071	FP	TN	all_matched_unflagged	all_matched_unflagged
TRFE	F1NVN3	P08582	TP	TP	all_matched_unflagged	all_matched_unflagged
TRFE	F1NVN3	P12346	FP	TN	all_matched_unflagged	all_matched_unflagged
TRFE	F1NVN3	P24627	FP	TN	all_matched_unflagged	all_matched_unflagged
TRFE	F1NVN3	Q0VIL3	TN	TN	all_matched_unflagged	all_matched_unflagged
TRFE	F1NVN3	Q501K5	FP	TN	all_matched_unflagged	all_matched_unflagged
TRFE	F1NVN3	Q921I1	FP	TN	all_matched_unflagged	all_matched_unflagged
TRFE	F1NVN3	Q9DBD0	FP	TN	all_matched_unflagged	all_matched_unflagged
TRFE	F1NVN3	Q9R0R1	TP	TP	all_matched_unflagged	all_matched_unflagged
TRFE	F1PR54	F1R9Z0	FP	TN	all_matched_unflagged	all_matched_unflagged
TRFE	F1PR54	G3QYG5	TP	TP	all_matched_unflagged	all_matched_unflagged
TRFE	F1PR54	G3R4X1	FP	TN	all_matched_unflagged	all_matched_unflagged
TRFE	F1PR54	G3RDQ3	FP	TN	all_matched_unflagged	all_matched_unflagged
TRFE	F1PR54	G3X6N3	FP	TN	all_matched_unflagged	all_matched_unflagged
TRFE	F1PR54	H2M6H2	FP	TN	all_matched_unflagged	all_matched_unflagged
TRFE	F1PR54	H2MFE8	TN	TN	all_matched_unflagged	all_matched_unflagged
TRFE	F1PR54	H2N079	TN	TN	all_matched_unflagged	all_matched_unflagged
TRFE	F1PR54	H2QMG6	TP	TP	all_matched_unflagged	all_matched_unflagged
TRFE	F1PR54	H2QP17	FP	TN	all_matched_unflagged	all_matched_unflagged
TRFE	F1PR54	H9H969	TN	TN	all_matched_unflagged	all_matched_unflagged
TRFE	F1PR54	P02787	FP	TN	all_matched_unflagged	all_matched_unflagged
TRFE	F1PR54	P02788	TP	TP	all_matched_unflagged	all_matched_unflagged
TRFE	F1PR54	P02789	TP	TP	all_matched_unflagged	all_matched_unflagged
TRFE	F1PR54	P08071	TP	TP	all_matched_unflagged	all_matched_unflagged
TRFE	F1PR54	P08582	FP	TN	all_matched_unflagged	all_matched_unflagged
TRFE	F1PR54	P12346	FP	TN	all_matched_unflagged	all_matched_unflagged
TRFE	F1PR54	P24627	TP	TP	all_matched_unflagged	all_matched_unflagged
TRFE	F1PR54	Q0VIL3	TN	TN	all_matched_unflagged	all_matched_unflagged
TRFE	F1PR54	Q501K5	TP	TP	all_matched_unflagged	all_matched_unflagged
TRFE	F1PR54	Q921I1	FP	TN	all_matched_unflagged	all_matched_unflagged
TRFE	F1PR54	Q9DBD0	FP	TN	all_matched_unflagged	all_matched_unflagged
TRFE	F1PR54	Q9R0R1	FP	TN	all_matched_unflagged	all_matched_unflagged
TRFE	F1R9Z0	G3QYG5	FP	TN	all_matched_unflagged	all_matched_unflagged
TRFE	F1R9Z0	G3R4X1	FP	TN	all_matched_unflagged	all_matched_unflagged
TRFE	F1R9Z0	G3RDQ3	FP	TN	all_matched_unflagged	all_matched_unflagged
TRFE	F1R9Z0	G3X6N3	FP	TN	all_matched_unflagged	all_matched_unflagged
TRFE	F1R9Z0	H2M6H2	FP	TN	all_matched_unflagged	all_matched_unflagged
TRFE	F1R9Z0	H2MFE8	TN	TN	all_matched_unflagged	all_matched_unflagged
TRFE	F1R9Z0	H2N079	FN	FN	all_matched_unflagged	all_matched_unflagged
TRFE	F1R9Z0	H2QMG6	FP	TN	all_matched_unflagged	all_matched_unflagged
TRFE	F1R9Z0	H2QP17	FP	TN	all_matched_unflagged	all_matched_unflagged
TRFE	F1R9Z0	H9H969	TN	TN	all_matched_unflagged	all_matched_unflagged
TRFE	F1R9Z0	P02787	FP	TN	all_matched_unflagged	all_matched_unflagged
TRFE	F1R9Z0	P02788	FP	TN	all_matched_unflagged	all_matched_unflagged
TRFE	F1R9Z0	P02789	FP	TN	all_matched_unflagged	all_matched_unflagged
TRFE	F1R9Z0	P08071	FP	TN	all_matched_unflagged	all_matched_unflagged
TRFE	F1R9Z0	P08582	FP	TN	all_matched_unflagged	all_matched_unflagged
TRFE	F1R9Z0	P12346	FP	TN	all_matched_unflagged	all_matched_unflagged
TRFE	F1R9Z0	P24627	FP	TN	all_matched_unflagged	all_matched_unflagged
TRFE	F1R9Z0	Q0VIL3	TN	TN	all_matched_unflagged	all_matched_unflagged
TRFE	F1R9Z0	Q501K5	FP	TN	all_matched_unflagged	all_matched_unflagged
TRFE	F1R9Z0	Q921I1	FP	TN	all_matched_unflagged	all_matched_unflagged
TRFE	F1R9Z0	Q9DBD0	FP	TN	all_matched_unflagged	all_matched_unflagged
TRFE	F1R9Z0	Q9R0R1	FP	TN	all_matched_unflagged	all_matched_unflagged
TRFE	G3QYG5	G3R4X1	TN	TN	all_matched_unflagged	all_matched_unflagged
TRFE	G3QYG5	G3RDQ3	TN	TN	all_matched_unflagged	all_matched_unflagged
TRFE	G3QYG5	G3X6N3	FP	TN	all_matched_unflagged	all_matched_unflagged
TRFE	G3QYG5	H2M6H2	FP	TN	all_matched_unflagged	all_matched_unflagged
TRFE	G3QYG5	H2MFE8	TN	TN	all_matched_unflagged	all_matched_unflagged
TRFE	G3QYG5	H2N079	TN	TN	all_matched_unflagged	all_matched_unflagged
TRFE	G3QYG5	H2QMG6	TP	TP	all_matched_unflagged	all_matched_unflagged
TRFE	G3QYG5	H2QP17	FP	TN	all_matched_unflagged	all_matched_unflagged
TRFE	G3QYG5	H9H969	TN	TN	all_matched_unflagged	all_matched_unflagged
TRFE	G3QYG5	P02787	FP	TN	all_matched_unflagged	all_matched_unflagged
TRFE	G3QYG5	P02788	TP	TP	all_matched_unflagged	all_matched_unflagged
TRFE	G3QYG5	P02789	TP	TP	all_matched_unflagged	all_matched_unflagged
TRFE	G3QYG5	P08071	TP	TP	all_matched_unflagged	all_matched_unflagged
TRFE	G3QYG5	P08582	FP	TN	all_matched_unflagged	all_matched_unflagged
TRFE	G3QYG5	P12346	FP	TN	all_matched_unflagged	all_matched_unflagged
TRFE	G3QYG5	P24627	TP	TP	all_matched_unflagged	all_matched_unflagged
TRFE	G3QYG5	Q0VIL3	TN	TN	all_matched_unflagged	all_matched_unflagged
TRFE	G3QYG5	Q501K5	TP	TP	all_matched_unflagged	all_matched_unflagged
TRFE	G3QYG5	Q921I1	FP	TN	all_matched_unflagged	all_matched_unflagged
TRFE	G3QYG5	Q9DBD0	FP	TN	all_matched_unflagged	all_matched_unflagged
TRFE	G3QYG5	Q9R0R1	FP	TN	all_matched_unflagged	all_matched_unflagged
TRFE	G3R4X1	G3RDQ3	TN	TN	all_matched_unflagged	all_matched_unflagged
TRFE	G3R4X1	G3X6N3	TP	TP	all_matched_unflagged	all_matched_unflagged
TRFE	G3R4X1	H2M6H2	FP	TN	all_matched_unflagged	all_matched_unflagged
TRFE	G3R4X1	H2MFE8	TN	TN	all_matched_unflagged	all_matched_unflagged
TRFE	G3R4X1	H2N079	TN	TN	all_matched_unflagged	all_matched_unflagged
TRFE	G3R4X1	H2QMG6	FP	TN	all_matched_unflagged	all_matched_unflagged
TRFE	G3R4X1	H2QP17	FP	TN	all_matched_unflagged	all_matched_unflagged
TRFE	G3R4X1	H9H969	TN	TN	all_matched_unflagged	all_matched_unflagged
TRFE	G3R4X1	P02787	TP	TP	all_matched_unflagged	all_matched_unflagged
TRFE	G3R4X1	P02788	FP	TN	all_matched_unflagged	all_matched_unflagged
TRFE	G3R4X1	P02789	TP	TP	all_matched_unflagged	all_matched_unflagged
TRFE	G3R4X1	P08071	FP	TN	all_matched_unflagged	all_matched_unflagged
TRFE	G3R4X1	P08582	FP	TN	all_matched_unflagged	all_matched_unflagged
TRFE	G3R4X1	P12346	TP	TP	all_matched_unflagged	all_matched_unflagged
TRFE	G3R4X1	P24627	FP	TN	all_matched_unflagged	all_matched_unflagged
TRFE	G3R4X1	Q0VIL3	TN	TN	all_matched_unflagged	all_matched_unflagged
TRFE	G3R4X1	Q501K5	TP	TP	all_matched_unflagged	all_matched_unflagged
TRFE	G3R4X1	Q921I1	TP	TP	all_matched_unflagged	all_matched_unflagged
TRFE	G3R4X1	Q9DBD0	FP	TN	all_matched_unflagged	all_matched_unflagged
TRFE	G3R4X1	Q9R0R1	FP	TN	all_matched_unflagged	all_matched_unflagged
TRFE	G3RDQ3	G3X6N3	FP	TN	all_matched_unflagged	all_matched_unflagged
TRFE	G3RDQ3	H2M6H2	TP	TP	all_matched_unflagged	all_matched_unflagged
TRFE	G3RDQ3	H2MFE8	TN	TN	all_matched_unflagged	all_matched_unflagged
TRFE	G3RDQ3	H2N079	TN	TN	all_matched_unflagged	all_matched_unflagged
TRFE	G3RDQ3	H2QMG6	FP	TN	all_matched_unflagged	all_matched_unflagged
TRFE	G3RDQ3	H2QP17	TP	TP	all_matched_unflagged	all_matched_unflagged
TRFE	G3RDQ3	H9H969	FN	FN	all_matched_unflagged	all_matched_unflagged
TRFE	G3RDQ3	P02787	FP	TN	all_matched_unflagged	all_matched_unflagged
TRFE	G3RDQ3	P02788	FP	TN	all_matched_unflagged	all_matched_unflagged
TRFE	G3RDQ3	P02789	FP	TN	all_matched_unflagged	all_matched_unflagged
TRFE	G3RDQ3	P08071	FP	TN	all_matched_unflagged	all_matched_unflagged
TRFE	G3RDQ3	P08582	TP	TP	all_matched_unflagged	all_matched_unflagged
TRFE	G3RDQ3	P12346	FP	TN	all_matched_unflagged	all_matched_unflagged
TRFE	G3RDQ3	P24627	FP	TN	all_matched_unflagged	all_matched_unflagged
TRFE	G3RDQ3	Q0VIL3	TN	TN	all_matched_unflagged	all_matched_unflagged
TRFE	G3RDQ3	Q501K5	FP	TN	all_matched_unflagged	all_matched_unflagged
TRFE	G3RDQ3	Q921I1	FP	TN	all_matched_unflagged	all_matched_unflagged
TRFE	G3RDQ3	Q9DBD0	FP	TN	all_matched_unflagged	all_matched_unflagged
TRFE	G3RDQ3	Q9R0R1	TP	TP	all_matched_unflagged	all_matched_unflagged
TRFE	G3X6N3	H2M6H2	FP	TN	all_matched_unflagged	all_matched_unflagged
TRFE	G3X6N3	H2MFE8	TN	TN	all_matched_unflagged	all_matched_unflagged
TRFE	G3X6N3	H2N079	TN	TN	all_matched_unflagged	all_matched_unflagged
TRFE	G3X6N3	H2QMG6	FP	TN	all_matched_unflagged	all_matched_unflagged
TRFE	G3X6N3	H2QP17	FP	TN	all_matched_unflagged	all_matched_unflagged
TRFE	G3X6N3	H9H969	TN	TN	all_matched_unflagged	all_matched_unflagged
TRFE	G3X6N3	P02787	TP	TP	all_matched_unflagged	all_matched_unflagged
TRFE	G3X6N3	P02788	FP	TN	all_matched_unflagged	all_matched_unflagged
TRFE	G3X6N3	P02789	TP	TP	all_matched_unflagged	all_matched_unflagged
TRFE	G3X6N3	P08071	FP	TN	all_matched_unflagged	all_matched_unflagged
TRFE	G3X6N3	P08582	FP	TN	all_matched_unflagged	all_matched_unflagged
TRFE	G3X6N3	P12346	TP	TP	all_matched_unflagged	all_matched_unflagged
TRFE	G3X6N3	P24627	TN	TN	all_matched_unflagged	all_matched_unflagged
TRFE	G3X6N3	Q0VIL3	TN	TN	all_matched_unflagged	all_matched_unflagged
TRFE	G3X6N3	Q501K5	TP	TP	all_matched_unflagged	all_matched_unflagged
TRFE	G3X6N3	Q921I1	TP	TP	all_matched_unflagged	all_matched_unflagged
TRFE	G3X6N3	Q9DBD0	FP	TN	all_matched_unflagged	all_matched_unflagged
TRFE	G3X6N3	Q9R0R1	FP	TN	all_matched_unflagged	all_matched_unflagged
TRFE	H2M6H2	H2MFE8	TN	TN	all_matched_unflagged	all_matched_unflagged
TRFE	H2M6H2	H2N079	TN	TN	all_matched_unflagged	all_matched_unflagged
TRFE	H2M6H2	H2QMG6	FP	TN	all_matched_unflagged	all_matched_unflagged
TRFE	H2M6H2	H2QP17	TP	TP	all_matched_unflagged	all_matched_unflagged
TRFE	H2M6H2	H9H969	FN	FN	all_matched_unflagged	all_matched_unflagged
TRFE	H2M6H2	P02787	FP	TN	all_matched_unflagged	all_matched_unflagged
TRFE	H2M6H2	P02788	FP	TN	all_matched_unflagged	all_matched_unflagged
TRFE	H2M6H2	P02789	FP	TN	all_matched_unflagged	all_matched_unflagged
TRFE	H2M6H2	P08071	FP	TN	all_matched_unflagged	all_matched_unflagged
TRFE	H2M6H2	P08582	TP	TP	all_matched_unflagged	all_matched_unflagged
TRFE	H2M6H2	P12346	FP	TN	all_matched_unflagged	all_matched_unflagged
TRFE	H2M6H2	P24627	FP	TN	all_matched_unflagged	all_matched_unflagged
TRFE	H2M6H2	Q0VIL3	TN	TN	all_matched_unflagged	all_matched_unflagged
TRFE	H2M6H2	Q501K5	FP	TN	all_matched_unflagged	all_matched_unflagged
TRFE	H2M6H2	Q921I1	FP	TN	all_matched_unflagged	all_matched_unflagged
TRFE	H2M6H2	Q9DBD0	FP	TN	all_matched_unflagged	all_matched_unflagged
TRFE	H2M6H2	Q9R0R1	TP	TP	all_matched_unflagged	all_matched_unflagged
TRFE	H2MFE8	H2N079	TN	TN	all_matched_unflagged	all_matched_unflagged
TRFE	H2MFE8	H2QMG6	TN	TN	all_matched_unflagged	all_matched_unflagged
TRFE	H2MFE8	H2QP17	TN	TN	all_matched_unflagged	all_matched_unflagged
TRFE	H2MFE8	H9H969	TN	TN	all_matched_unflagged	all_matched_unflagged
TRFE	H2MFE8	P02787	TN	TN	all_matched_unflagged	all_matched_unflagged
TRFE	H2MFE8	P02788	TN	TN	all_matched_unflagged	all_matched_unflagged
TRFE	H2MFE8	P02789	TN	TN	all_matched_unflagged	all_matched_unflagged
TRFE	H2MFE8	P08071	TN	TN	all_matched_unflagged	all_matched_unflagged
TRFE	H2MFE8	P08582	TN	TN	all_matched_unflagged	all_matched_unflagged
TRFE	H2MFE8	P12346	TN	TN	all_matched_unflagged	all_matched_unflagged
TRFE	H2MFE8	P24627	TN	TN	all_matched_unflagged	all_matched_unflagged
TRFE	H2MFE8	Q0VIL3	TP	TP	all_matched_unflagged	all_matched_unflagged
TRFE	H2MFE8	Q501K5	TN	TN	all_matched_unflagged	all_matched_unflagged
TRFE	H2MFE8	Q921I1	TN	TN	all_matched_unflagged	all_matched_unflagged
TRFE	H2MFE8	Q9DBD0	TN	TN	all_matched_unflagged	all_matched_unflagged
TRFE	H2MFE8	Q9R0R1	TN	TN	all_matched_unflagged	all_matched_unflagged
TRFE	H2N079	H2QMG6	TN	TN	all_matched_unflagged	all_matched_unflagged
TRFE	H2N079	H2QP17	TN	TN	all_matched_unflagged	all_matched_unflagged
TRFE	H2N079	H9H969	TN	TN	all_matched_unflagged	all_matched_unflagged
TRFE	H2N079	P02787	TN	TN	all_matched_unflagged	all_matched_unflagged
TRFE	H2N079	P02788	TN	TN	all_matched_unflagged	all_matched_unflagged
TRFE	H2N079	P02789	TN	TN	all_matched_unflagged	all_matched_unflagged
TRFE	H2N079	P08071	TN	TN	all_matched_unflagged	all_matched_unflagged
TRFE	H2N079	P08582	TN	TN	all_matched_unflagged	all_matched_unflagged
TRFE	H2N079	P12346	TN	TN	all_matched_unflagged	all_matched_unflagged
TRFE	H2N079	P24627	TN	TN	all_matched_unflagged	all_matched_unflagged
TRFE	H2N079	Q0VIL3	TN	TN	all_matched_unflagged	all_matched_unflagged
TRFE	H2N079	Q501K5	TN	TN	all_matched_unflagged	all_matched_unflagged
TRFE	H2N079	Q921I1	TN	TN	all_matched_unflagged	all_matched_unflagged
TRFE	H2N079	Q9DBD0	TN	TN	all_matched_unflagged	all_matched_unflagged
TRFE	H2N079	Q9R0R1	TN	TN	all_matched_unflagged	all_matched_unflagged
TRFE	H2QMG6	H2QP17	TN	TN	all_matched_unflagged	all_matched_unflagged
TRFE	H2QMG6	H9H969	TN	TN	all_matched_unflagged	all_matched_unflagged
TRFE	H2QMG6	P02787	FP	TN	all_matched_unflagged	all_matched_unflagged
TRFE	H2QMG6	P02788	TP	TP	all_matched_unflagged	all_matched_unflagged
TRFE	H2QMG6	P02789	TP	TP	all_matched_unflagged	all_matched_unflagged
TRFE	H2QMG6	P08071	TP	TP	all_matched_unflagged	all_matched_unflagged
TRFE	H2QMG6	P08582	FP	TN	all_matched_unflagged	all_matched_unflagged
TRFE	H2QMG6	P12346	FP	TN	all_matched_unflagged	all_matched_unflagged
TRFE	H2QMG6	P24627	TP	TP	all_matched_unflagged	all_matched_unflagged
TRFE	H2QMG6	Q0VIL3	TN	TN	all_matched_unflagged	all_matched_unflagged
TRFE	H2QMG6	Q501K5	TP	TP	all_matched_unflagged	all_matched_unflagged
TRFE	H2QMG6	Q921I1	FP	TN	all_matched_unflagged	all_matched_unflagged
TRFE	H2QMG6	Q9DBD0	FP	TN	all_matched_unflagged	all_matched_unflagged
TRFE	H2QMG6	Q9R0R1	FP	TN	all_matched_unflagged	all_matched_unflagged
TRFE	H2QP17	H9H969	FN	FN	all_matched_unflagged	all_matched_unflagged
TRFE	H2QP17	P02787	FP	TN	all_matched_unflagged	all_matched_unflagged
TRFE	H2QP17	P02788	FP	TN	all_matched_unflagged	all_matched_unflagged
TRFE	H2QP17	P02789	FP	TN	all_matched_unflagged	all_matched_unflagged
TRFE	H2QP17	P08071	FP	TN	all_matched_unflagged	all_matched_unflagged
TRFE	H2QP17	P08582	TP	TP	all_matched_unflagged	all_matched_unflagged
TRFE	H2QP17	P12346	FP	TN	all_matched_unflagged	all_matched_unflagged
TRFE	H2QP17	P24627	FP	TN	all_matched_unflagged	all_matched_unflagged
TRFE	H2QP17	Q0VIL3	TN	TN	all_matched_unflagged	all_matched_unflagged
TRFE	H2QP17	Q501K5	FP	TN	all_matched_unflagged	all_matched_unflagged
TRFE	H2QP17	Q921I1	FP	TN	all_matched_unflagged	all_matched_unflagged
TRFE	H2QP17	Q9DBD0	FP	TN	all_matched_unflagged	all_matched_unflagged
TRFE	H2QP17	Q9R0R1	TP	TP	all_matched_unflagged	all_matched_unflagged
TRFE	H9H969	P02787	TN	TN	all_matched_unflagged	all_matched_unflagged
TRFE	H9H969	P02788	TN	TN	all_matched_unflagged	all_matched_unflagged
TRFE	H9H969	P02789	TN	TN	all_matched_unflagged	all_matched_unflagged
TRFE	H9H969	P08071	TN	TN	all_matched_unflagged	all_matched_unflagged
TRFE	H9H969	P08582	FN	FN	all_matched_unflagged	all_matched_unflagged
TRFE	H9H969	P12346	TN	TN	all_matched_unflagged	all_matched_unflagged
TRFE	H9H969	P24627	TN	TN	all_matched_unflagged	all_matched_unflagged
TRFE	H9H969	Q0VIL3	TN	TN	all_matched_unflagged	all_matched_unflagged
TRFE	H9H969	Q501K5	TN	TN	all_matched_unflagged	all_matched_unflagged
TRFE	H9H969	Q921I1	TN	TN	all_matched_unflagged	all_matched_unflagged
TRFE	H9H969	Q9DBD0	TN	TN	all_matched_unflagged	all_matched_unflagged
TRFE	H9H969	Q9R0R1	FN	FN	all_matched_unflagged	all_matched_unflagged
TRFE	P02787	P02788	TN	TN	all_matched_unflagged	all_matched_unflagged
TRFE	P02787	P02789	TP	TP	all_matched_unflagged	all_matched_unflagged
TRFE	P02787	P08071	FP	TN	all_matched_unflagged	all_matched_unflagged
TRFE	P02787	P08582	TN	TN	all_matched_unflagged	all_matched_unflagged
TRFE	P02787	P12346	TP	TP	all_matched_unflagged	all_matched_unflagged
TRFE	P02787	P24627	FP	TN	all_matched_unflagged	all_matched_unflagged
TRFE	P02787	Q0VIL3	TN	TN	all_matched_unflagged	all_matched_unflagged
TRFE	P02787	Q501K5	TP	TP	all_matched_unflagged	all_matched_unflagged
TRFE	P02787	Q921I1	TP	TP	all_matched_unflagged	all_matched_unflagged
TRFE	P02787	Q9DBD0	FP	TN	all_matched_unflagged	all_matched_unflagged
TRFE	P02787	Q9R0R1	FP	TN	all_matched_unflagged	all_matched_unflagged
TRFE	P02788	P02789	TP	TP	all_matched_unflagged	all_matched_unflagged
TRFE	P02788	P08071	TP	TP	all_matched_unflagged	all_matched_unflagged
TRFE	P02788	P08582	TN	TN	all_matched_unflagged	all_matched_unflagged
TRFE	P02788	P12346	FP	TN	all_matched_unflagged	all_matched_unflagged
TRFE	P02788	P24627	TP	TP	all_matched_unflagged	all_matched_unflagged
TRFE	P02788	Q0VIL3	TN	TN	all_matched_unflagged	all_matched_unflagged
TRFE	P02788	Q501K5	TP	TP	all_matched_unflagged	all_matched_unflagged
TRFE	P02788	Q921I1	FP	TN	all_matched_unflagged	all_matched_unflagged
TRFE	P02788	Q9DBD0	FP	TN	all_matched_unflagged	all_matched_unflagged
TRFE	P02788	Q9R0R1	FP	TN	all_matched_unflagged	all_matched_unflagged
TRFE	P02789	P08071	TP	TP	all_matched_unflagged	all_matched_unflagged
TRFE	P02789	P08582	FP	TN	all_matched_unflagged	all_matched_unflagged
TRFE	P02789	P12346	TP	TP	all_matched_unflagged	all_matched_unflagged
TRFE	P02789	P24627	TP	TP	all_matched_unflagged	all_matched_unflagged
TRFE	P02789	Q0VIL3	TN	TN	all_matched_unflagged	all_matched_unflagged
TRFE	P02789	Q501K5	TP	TP	all_matched_unflagged	all_matched_unflagged
TRFE	P02789	Q921I1	TP	TP	all_matched_unflagged	all_matched_unflagged
TRFE	P02789	Q9DBD0	TP	TP	all_matched_unflagged	all_matched_unflagged
TRFE	P02789	Q9R0R1	FP	TN	all_matched_unflagged	all_matched_unflagged
TRFE	P08071	P08582	FP	TN	all_matched_unflagged	all_matched_unflagged
TRFE	P08071	P12346	FP	TN	all_matched_unflagged	all_matched_unflagged
TRFE	P08071	P24627	TP	TP	all_matched_unflagged	all_matched_unflagged
TRFE	P08071	Q0VIL3	TN	TN	all_matched_unflagged	all_matched_unflagged
TRFE	P08071	Q501K5	TP	TP	all_matched_unflagged	all_matched_unflagged
TRFE	P08071	Q921I1	TN	TN	all_matched_unflagged	all_matched_unflagged
TRFE	P08071	Q9DBD0	TN	TN	all_matched_unflagged	all_matched_unflagged
TRFE	P08071	Q9R0R1	TN	TN	all_matched_unflagged	all_matched_unflagged
TRFE	P08582	P12346	FP	TN	all_matched_unflagged	all_matched_unflagged
TRFE	P08582	P24627	FP	TN	all_matched_unflagged	all_matched_unflagged
TRFE	P08582	Q0VIL3	TN	TN	all_matched_unflagged	all_matched_unflagged
TRFE	P08582	Q501K5	FP	TN	all_matched_unflagged	all_matched_unflagged
TRFE	P08582	Q921I1	FP	TN	all_matched_unflagged	all_matched_unflagged
TRFE	P08582	Q9DBD0	FP	TN	all_matched_unflagged	all_matched_unflagged
TRFE	P08582	Q9R0R1	TP	TP	all_matched_unflagged	all_matched_unflagged
TRFE	P12346	P24627	FP	TN	all_matched_unflagged	all_matched_unflagged
TRFE	P12346	Q0VIL3	TN	TN	all_matched_unflagged	all_matched_unflagged
TRFE	P12346	Q501K5	TP	TP	all_matched_unflagged	all_matched_unflagged
TRFE	P12346	Q921I1	TP	TP	all_matched_unflagged	all_matched_unflagged
TRFE	P12346	Q9DBD0	FP	TN	all_matched_unflagged	all_matched_unflagged
TRFE	P12346	Q9R0R1	FP	TN	all_matched_unflagged	all_matched_unflagged
TRFE	P24627	Q0VIL3	TN	TN	all_matched_unflagged	all_matched_unflagged
TRFE	P24627	Q501K5	TP	TP	all_matched_unflagged	all_matched_unflagged
TRFE	P24627	Q921I1	FP	TN	all_matched_unflagged	all_matched_unflagged
TRFE	P24627	Q9DBD0	FP	TN	all_matched_unflagged	all_matched_unflagged
TRFE	P24627	Q9R0R1	FP	TN	all_matched_unflagged	all_matched_unflagged
TRFE	Q0VIL3	Q501K5	TN	TN	all_matched_unflagged	all_matched_unflagged
TRFE	Q0VIL3	Q921I1	TN	TN	all_matched_unflagged	all_matched_unflagged
TRFE	Q0VIL3	Q9DBD0	TN	TN	all_matched_unflagged	all_matched_unflagged
TRFE	Q0VIL3	Q9R0R1	TN	TN	all_matched_unflagged	all_matched_unflagged
TRFE	Q501K5	Q921I1	TP	TP	all_matched_unflagged	all_matched_unflagged
TRFE	Q501K5	Q9DBD0	TP	TP	all_matched_unflagged	all_matched_unflagged
TRFE	Q501K5	Q9R0R1	FP	TN	all_matched_unflagged	all_matched_unflagged
TRFE	Q921I1	Q9DBD0	TN	TN	all_matched_unflagged	all_matched_unflagged
TRFE	Q921I1	Q9R0R1	TN	TN	all_matched_unflagged	all_matched_unflagged
TRFE	Q9DBD0	Q9R0R1	TN	TN	all_matched_unflagged	all_matched_unflagged
VATB	A8BPV3	A9SJK8	TP	FN	all_matched_unflagged	all_matched_unflagged
VATB	A8BPV3	A9SP56	TP	FN	all_matched_unflagged	all_matched_unflagged
VATB	A8BPV3	B7QDF5	TP	FN	all_matched_unflagged	all_matched_unflagged
VATB	A8BPV3	D3ZZS8	TP	FN	all_matched_unflagged	all_matched_unflagged
VATB	A8BPV3	F6SX31	TP	FN	all_matched_unflagged	missing_without_positive
VATB	A8BPV3	F7A8C2	TP	FN	all_matched_unflagged	all_matched_unflagged
VATB	A8BPV3	P11574	TP	FN	all_matched_unflagged	all_matched_unflagged
VATB	A8BPV3	P11593	TP	FN	all_matched_unflagged	all_matched_unflagged
VATB	A8BPV3	P15313	TP	FN	all_matched_unflagged	all_matched_unflagged
VATB	A8BPV3	P16140	TP	FN	all_matched_unflagged	all_matched_unflagged
VATB	A8BPV3	P21281	TP	FN	all_matched_unflagged	all_matched_unflagged
VATB	A8BPV3	P31409	TP	FN	all_matched_unflagged	all_matched_unflagged
VATB	A8BPV3	P31411	TP	FN	all_matched_unflagged	all_matched_unflagged
VATB	A8BPV3	P62814	TP	FN	all_matched_unflagged	all_matched_unflagged
VATB	A8BPV3	P62815	TP	FN	all_matched_unflagged	all_matched_unflagged
VATB	A8BPV3	Q0VGW2	TP	FN	all_matched_unflagged	all_matched_unflagged
VATB	A8BPV3	Q19626	TP	FN	all_matched_unflagged	all_matched_unflagged
VATB	A8BPV3	Q4Q821	TP	FN	all_matched_unflagged	all_matched_unflagged
VATB	A8BPV3	Q4X0J7	TP	FN	all_matched_unflagged	all_matched_unflagged
VATB	A8BPV3	Q59PT0	TP	FN	all_matched_unflagged	all_matched_unflagged
VATB	A8BPV3	Q5KBW0	TP	FN	all_matched_unflagged	all_matched_unflagged
VATB	A8BPV3	Q76NU1	TP	FN	all_matched_unflagged	all_matched_unflagged
VATB	A8BPV3	Q86WQ0	FN	FN	all_matched_unflagged	all_matched_unflagged
VATB	A8BPV3	Q8W4E2	TP	FN	all_matched_unflagged	all_matched_unflagged
VATB	A8BPV3	Q91YH6	TP	FN	all_matched_unflagged	all_matched_unflagged
VATB	A8BPV3	Q9N5A0	TP	FN	all_matched_unflagged	all_matched_unflagged
VATB	A8BPV3	Q9SZN1	TP	FN	all_matched_unflagged	all_matched_unflagged
VATB	A9SJK8	A9SP56	TN	TN	all_matched_unflagged	all_matched_unflagged
VATB	A9SJK8	B7QDF5	TP	TP	all_matched_unflagged	all_matched_unflagged
VATB	A9SJK8	D3ZZS8	TP	TP	all_matched_unflagged	all_matched_unflagged
VATB	A9SJK8	F6SX31	TP	TP	all_matched_unflagged	missing_without_positive
VATB	A9SJK8	F7A8C2	TP	TP	all_matched_unflagged	all_matched_unflagged
VATB	A9SJK8	P11574	TP	TP	all_matched_unflagged	all_matched_unflagged
VATB	A9SJK8	P11593	TP	TP	all_matched_unflagged	all_matched_unflagged
VATB	A9SJK8	P15313	TP	TP	all_matched_unflagged	all_matched_unflagged
VATB	A9SJK8	P16140	TP	TP	all_matched_unflagged	all_matched_unflagged
VATB	A9SJK8	P21281	TP	TP	all_matched_unflagged	all_matched_unflagged
VATB	A9SJK8	P31409	TP	TP	all_matched_unflagged	all_matched_unflagged
VATB	A9SJK8	P31411	TP	TP	all_matched_unflagged	all_matched_unflagged
VATB	A9SJK8	P62814	TP	TP	all_matched_unflagged	all_matched_unflagged
VATB	A9SJK8	P62815	TP	TP	all_matched_unflagged	all_matched_unflagged
VATB	A9SJK8	Q0VGW2	TP	TP	all_matched_unflagged	all_matched_unflagged
VATB	A9SJK8	Q19626	TP	TP	all_matched_unflagged	all_matched_unflagged
VATB	A9SJK8	Q4Q821	TP	TP	all_matched_unflagged	all_matched_unflagged
VATB	A9SJK8	Q4X0J7	TP	TP	all_matched_unflagged	all_matched_unflagged
VATB	A9SJK8	Q59PT0	TP	TP	all_matched_unflagged	all_matched_unflagged
VATB	A9SJK8	Q5KBW0	TP	TP	all_matched_unflagged	all_matched_unflagged
VATB	A9SJK8	Q76NU1	TP	TP	all_matched_unflagged	all_matched_unflagged
VATB	A9SJK8	Q86WQ0	FN	FN	all_matched_unflagged	all_matched_unflagged
VATB	A9SJK8	Q8W4E2	TP	TP	all_matched_unflagged	all_matched_unflagged
VATB	A9SJK8	Q91YH6	TP	TP	all_matched_unflagged	all_matched_unflagged
VATB	A9SJK8	Q9N5A0	TP	TP	all_matched_unflagged	all_matched_unflagged
VATB	A9SJK8	Q9SZN1	TP	TP	all_matched_unflagged	all_matched_unflagged
VATB	A9SP56	B7QDF5	TP	TP	all_matched_unflagged	all_matched_unflagged
VATB	A9SP56	D3ZZS8	TP	TP	all_matched_unflagged	all_matched_unflagged
VATB	A9SP56	F6SX31	TP	TP	all_matched_unflagged	missing_without_positive
VATB	A9SP56	F7A8C2	TP	TP	all_matched_unflagged	all_matched_unflagged
VATB	A9SP56	P11574	TP	TP	all_matched_unflagged	all_matched_unflagged
VATB	A9SP56	P11593	TP	TP	all_matched_unflagged	all_matched_unflagged
VATB	A9SP56	P15313	TP	TP	all_matched_unflagged	all_matched_unflagged
VATB	A9SP56	P16140	TP	TP	all_matched_unflagged	all_matched_unflagged
VATB	A9SP56	P21281	TP	TP	all_matched_unflagged	all_matched_unflagged
VATB	A9SP56	P31409	TP	TP	all_matched_unflagged	all_matched_unflagged
VATB	A9SP56	P31411	TP	TP	all_matched_unflagged	all_matched_unflagged
VATB	A9SP56	P62814	TP	TP	all_matched_unflagged	all_matched_unflagged
VATB	A9SP56	P62815	TP	TP	all_matched_unflagged	all_matched_unflagged
VATB	A9SP56	Q0VGW2	TP	TP	all_matched_unflagged	all_matched_unflagged
VATB	A9SP56	Q19626	TP	TP	all_matched_unflagged	all_matched_unflagged
VATB	A9SP56	Q4Q821	TP	TP	all_matched_unflagged	all_matched_unflagged
VATB	A9SP56	Q4X0J7	TP	TP	all_matched_unflagged	all_matched_unflagged
VATB	A9SP56	Q59PT0	TP	TP	all_matched_unflagged	all_matched_unflagged
VATB	A9SP56	Q5KBW0	TP	TP	all_matched_unflagged	all_matched_unflagged
VATB	A9SP56	Q76NU1	TP	TP	all_matched_unflagged	all_matched_unflagged
VATB	A9SP56	Q86WQ0	FN	FN	all_matched_unflagged	all_matched_unflagged
VATB	A9SP56	Q8W4E2	TP	TP	all_matched_unflagged	all_matched_unflagged
VATB	A9SP56	Q91YH6	TP	TP	all_matched_unflagged	all_matched_unflagged
VATB	A9SP56	Q9N5A0	TP	TP	all_matched_unflagged	all_matched_unflagged
VATB	A9SP56	Q9SZN1	TP	TP	all_matched_unflagged	all_matched_unflagged
VATB	B7QDF5	D3ZZS8	TP	TP	all_matched_unflagged	all_matched_unflagged
VATB	B7QDF5	F6SX31	TP	TP	all_matched_unflagged	missing_without_positive
VATB	B7QDF5	F7A8C2	TP	TP	all_matched_unflagged	all_matched_unflagged
VATB	B7QDF5	P11574	TP	TP	all_matched_unflagged	all_matched_unflagged
VATB	B7QDF5	P11593	TP	TP	all_matched_unflagged	all_matched_unflagged
VATB	B7QDF5	P15313	TP	TP	all_matched_unflagged	all_matched_unflagged
VATB	B7QDF5	P16140	TP	TP	all_matched_unflagged	all_matched_unflagged
VATB	B7QDF5	P21281	TP	TP	all_matched_unflagged	all_matched_unflagged
VATB	B7QDF5	P31409	TP	TP	all_matched_unflagged	all_matched_unflagged
VATB	B7QDF5	P31411	TP	TP	all_matched_unflagged	all_matched_unflagged
VATB	B7QDF5	P62814	TP	TP	all_matched_unflagged	all_matched_unflagged
VATB	B7QDF5	P62815	TP	TP	all_matched_unflagged	all_matched_unflagged
VATB	B7QDF5	Q0VGW2	TP	TP	all_matched_unflagged	all_matched_unflagged
VATB	B7QDF5	Q19626	TP	TP	all_matched_unflagged	all_matched_unflagged
VATB	B7QDF5	Q4Q821	TP	TP	all_matched_unflagged	all_matched_unflagged
VATB	B7QDF5	Q4X0J7	TP	TP	all_matched_unflagged	all_matched_unflagged
VATB	B7QDF5	Q59PT0	TP	TP	all_matched_unflagged	all_matched_unflagged
VATB	B7QDF5	Q5KBW0	TP	TP	all_matched_unflagged	all_matched_unflagged
VATB	B7QDF5	Q76NU1	TP	TP	all_matched_unflagged	all_matched_unflagged
VATB	B7QDF5	Q86WQ0	FN	FN	all_matched_unflagged	all_matched_unflagged
VATB	B7QDF5	Q8W4E2	TP	TP	all_matched_unflagged	all_matched_unflagged
VATB	B7QDF5	Q91YH6	TP	TP	all_matched_unflagged	all_matched_unflagged
VATB	B7QDF5	Q9N5A0	TP	TP	all_matched_unflagged	all_matched_unflagged
VATB	B7QDF5	Q9SZN1	TP	TP	all_matched_unflagged	all_matched_unflagged
VATB	D3ZZS8	F6SX31	TP	TP	all_matched_unflagged	missing_without_positive
VATB	D3ZZS8	F7A8C2	TP	TP	all_matched_unflagged	all_matched_unflagged
VATB	D3ZZS8	P11574	TP	TP	all_matched_unflagged	all_matched_unflagged
VATB	D3ZZS8	P11593	TP	TP	all_matched_unflagged	all_matched_unflagged
VATB	D3ZZS8	P15313	TP	TP	all_matched_unflagged	all_matched_unflagged
VATB	D3ZZS8	P16140	TP	TP	all_matched_unflagged	all_matched_unflagged
VATB	D3ZZS8	P21281	FP	TN	all_matched_unflagged	all_matched_unflagged
VATB	D3ZZS8	P31409	TP	TP	all_matched_unflagged	all_matched_unflagged
VATB	D3ZZS8	P31411	TP	TP	all_matched_unflagged	all_matched_unflagged
VATB	D3ZZS8	P62814	FP	TN	all_matched_unflagged	all_matched_unflagged
VATB	D3ZZS8	P62815	TN	TN	all_matched_unflagged	all_matched_unflagged
VATB	D3ZZS8	Q0VGW2	FP	TN	all_matched_unflagged	all_matched_unflagged
VATB	D3ZZS8	Q19626	TP	TP	all_matched_unflagged	all_matched_unflagged
VATB	D3ZZS8	Q4Q821	TP	TP	all_matched_unflagged	all_matched_unflagged
VATB	D3ZZS8	Q4X0J7	TP	TP	all_matched_unflagged	all_matched_unflagged
VATB	D3ZZS8	Q59PT0	TP	TP	all_matched_unflagged	all_matched_unflagged
VATB	D3ZZS8	Q5KBW0	TP	TP	all_matched_unflagged	all_matched_unflagged
VATB	D3ZZS8	Q76NU1	TP	TP	all_matched_unflagged	all_matched_unflagged
VATB	D3ZZS8	Q86WQ0	FN	FN	all_matched_unflagged	all_matched_unflagged
VATB	D3ZZS8	Q8W4E2	TP	TP	all_matched_unflagged	all_matched_unflagged
VATB	D3ZZS8	Q91YH6	TP	TP	all_matched_unflagged	all_matched_unflagged
VATB	D3ZZS8	Q9N5A0	TP	TP	all_matched_unflagged	all_matched_unflagged
VATB	D3ZZS8	Q9SZN1	TP	TP	all_matched_unflagged	all_matched_unflagged
VATB	F6SX31	F7A8C2	TP	TP	all_matched_unflagged	missing_without_positive
VATB	F6SX31	P11574	TP	TP	all_matched_unflagged	missing_without_positive
VATB	F6SX31	P11593	TP	TP	all_matched_unflagged	missing_without_positive
VATB	F6SX31	P15313	TP	TP	all_matched_unflagged	missing_without_positive
VATB	F6SX31	P16140	TP	TP	all_matched_unflagged	missing_without_positive
VATB	F6SX31	P21281	FP	TN	all_matched_unflagged	missing_without_positive
VATB	F6SX31	P31409	TP	TP	all_matched_unflagged	missing_without_positive
VATB	F6SX31	P31411	TP	TP	all_matched_unflagged	missing_without_positive
VATB	F6SX31	P62814	FP	TN	all_matched_unflagged	missing_without_positive
VATB	F6SX31	P62815	FP	TN	all_matched_unflagged	missing_without_positive
VATB	F6SX31	Q0VGW2	TN	TN	all_matched_unflagged	missing_without_positive
VATB	F6SX31	Q19626	TP	TP	all_matched_unflagged	missing_without_positive
VATB	F6SX31	Q4Q821	TP	TP	all_matched_unflagged	missing_without_positive
VATB	F6SX31	Q4X0J7	TP	TP	all_matched_unflagged	missing_without_positive
VATB	F6SX31	Q59PT0	TP	TP	all_matched_unflagged	missing_without_positive
VATB	F6SX31	Q5KBW0	TP	TP	all_matched_unflagged	missing_without_positive
VATB	F6SX31	Q76NU1	TP	TP	all_matched_unflagged	missing_without_positive
VATB	F6SX31	Q86WQ0	FN	FN	all_matched_unflagged	missing_without_positive
VATB	F6SX31	Q8W4E2	TP	TP	all_matched_unflagged	missing_without_positive
VATB	F6SX31	Q91YH6	TP	TP	all_matched_unflagged	missing_without_positive
VATB	F6SX31	Q9N5A0	TP	TP	all_matched_unflagged	missing_without_positive
VATB	F6SX31	Q9SZN1	TP	TP	all_matched_unflagged	missing_without_positive
VATB	F7A8C2	P11574	TP	TP	all_matched_unflagged	all_matched_unflagged
VATB	F7A8C2	P11593	TP	TP	all_matched_unflagged	all_matched_unflagged
VATB	F7A8C2	P15313	TP	TP	all_matched_unflagged	all_matched_unflagged
VATB	F7A8C2	P16140	TP	TP	all_matched_unflagged	all_matched_unflagged
VATB	F7A8C2	P21281	TP	TP	all_matched_unflagged	all_matched_unflagged
VATB	F7A8C2	P31409	TP	TP	all_matched_unflagged	all_matched_unflagged
VATB	F7A8C2	P31411	TP	TP	all_matched_unflagged	all_matched_unflagged
VATB	F7A8C2	P62814	TP	TP	all_matched_unflagged	all_matched_unflagged
VATB	F7A8C2	P62815	TP	TP	all_matched_unflagged	all_matched_unflagged
VATB	F7A8C2	Q0VGW2	TP	TP	all_matched_unflagged	all_matched_unflagged
VATB	F7A8C2	Q19626	TP	TP	all_matched_unflagged	all_matched_unflagged
VATB	F7A8C2	Q4Q821	TP	TP	all_matched_unflagged	all_matched_unflagged
VATB	F7A8C2	Q4X0J7	TP	TP	all_matched_unflagged	all_matched_unflagged
VATB	F7A8C2	Q59PT0	TP	TP	all_matched_unflagged	all_matched_unflagged
VATB	F7A8C2	Q5KBW0	TP	TP	all_matched_unflagged	all_matched_unflagged
VATB	F7A8C2	Q76NU1	TP	TP	all_matched_unflagged	all_matched_unflagged
VATB	F7A8C2	Q86WQ0	FN	FN	all_matched_unflagged	all_matched_unflagged
VATB	F7A8C2	Q8W4E2	TP	TP	all_matched_unflagged	all_matched_unflagged
VATB	F7A8C2	Q91YH6	TP	TP	all_matched_unflagged	all_matched_unflagged
VATB	F7A8C2	Q9N5A0	TP	TP	all_matched_unflagged	all_matched_unflagged
VATB	F7A8C2	Q9SZN1	TP	TP	all_matched_unflagged	all_matched_unflagged
VATB	P11574	P11593	TP	TP	all_matched_unflagged	all_matched_unflagged
VATB	P11574	P15313	TP	TP	all_matched_unflagged	all_matched_unflagged
VATB	P11574	P16140	TP	TP	all_matched_unflagged	all_matched_unflagged
VATB	P11574	P21281	TP	TP	all_matched_unflagged	all_matched_unflagged
VATB	P11574	P31409	TP	TP	all_matched_unflagged	all_matched_unflagged
VATB	P11574	P31411	TP	TP	all_matched_unflagged	all_matched_unflagged
VATB	P11574	P62814	TP	TP	all_matched_unflagged	all_matched_unflagged
VATB	P11574	P62815	TP	TP	all_matched_unflagged	all_matched_unflagged
VATB	P11574	Q0VGW2	TP	TP	all_matched_unflagged	all_matched_unflagged
VATB	P11574	Q19626	TP	TP	all_matched_unflagged	all_matched_unflagged
VATB	P11574	Q4Q821	TP	TP	all_matched_unflagged	all_matched_unflagged
VATB	P11574	Q4X0J7	TP	TP	all_matched_unflagged	all_matched_unflagged
VATB	P11574	Q59PT0	TP	TP	all_matched_unflagged	all_matched_unflagged
VATB	P11574	Q5KBW0	TP	TP	all_matched_unflagged	all_matched_unflagged
VATB	P11574	Q76NU1	TP	TP	all_matched_unflagged	all_matched_unflagged
VATB	P11574	Q86WQ0	FN	FN	all_matched_unflagged	all_matched_unflagged
VATB	P11574	Q8W4E2	TN	TN	all_matched_unflagged	all_matched_unflagged
VATB	P11574	Q91YH6	TP	TP	all_matched_unflagged	all_matched_unflagged
VATB	P11574	Q9N5A0	TP	TP	all_matched_unflagged	all_matched_unflagged
VATB	P11574	Q9SZN1	TN	TN	all_matched_unflagged	all_matched_unflagged
VATB	P11593	P15313	TP	TP	all_matched_unflagged	all_matched_unflagged
VATB	P11593	P16140	TP	TP	all_matched_unflagged	all_matched_unflagged
VATB	P11593	P21281	TP	TP	all_matched_unflagged	all_matched_unflagged
VATB	P11593	P31409	TP	TP	all_matched_unflagged	all_matched_unflagged
VATB	P11593	P31411	TP	TP	all_matched_unflagged	all_matched_unflagged
VATB	P11593	P62814	TP	TP	all_matched_unflagged	all_matched_unflagged
VATB	P11593	P62815	TP	TP	all_matched_unflagged	all_matched_unflagged
VATB	P11593	Q0VGW2	TP	TP	all_matched_unflagged	all_matched_unflagged
VATB	P11593	Q19626	TP	TP	all_matched_unflagged	all_matched_unflagged
VATB	P11593	Q4Q821	TP	TP	all_matched_unflagged	all_matched_unflagged
VATB	P11593	Q4X0J7	TP	TP	all_matched_unflagged	all_matched_unflagged
VATB	P11593	Q59PT0	TP	TP	all_matched_unflagged	all_matched_unflagged
VATB	P11593	Q5KBW0	TP	TP	all_matched_unflagged	all_matched_unflagged
VATB	P11593	Q76NU1	TP	TP	all_matched_unflagged	all_matched_unflagged
VATB	P11593	Q86WQ0	FN	FN	all_matched_unflagged	all_matched_unflagged
VATB	P11593	Q8W4E2	TP	TP	all_matched_unflagged	all_matched_unflagged
VATB	P11593	Q91YH6	TP	TP	all_matched_unflagged	all_matched_unflagged
VATB	P11593	Q9N5A0	TP	TP	all_matched_unflagged	all_matched_unflagged
VATB	P11593	Q9SZN1	TP	TP	all_matched_unflagged	all_matched_unflagged
VATB	P15313	P16140	TP	TP	all_matched_unflagged	all_matched_unflagged
VATB	P15313	P21281	TN	TN	all_matched_unflagged	all_matched_unflagged
VATB	P15313	P31409	TP	TP	all_matched_unflagged	all_matched_unflagged
VATB	P15313	P31411	TP	TP	all_matched_unflagged	all_matched_unflagged
VATB	P15313	P62814	FP	TN	all_matched_unflagged	all_matched_unflagged
VATB	P15313	P62815	FP	TN	all_matched_unflagged	all_matched_unflagged
VATB	P15313	Q0VGW2	FP	TN	all_matched_unflagged	all_matched_unflagged
VATB	P15313	Q19626	TP	TP	all_matched_unflagged	all_matched_unflagged
VATB	P15313	Q4Q821	TP	TP	all_matched_unflagged	all_matched_unflagged
VATB	P15313	Q4X0J7	TP	TP	all_matched_unflagged	all_matched_unflagged
VATB	P15313	Q59PT0	TP	TP	all_matched_unflagged	all_matched_unflagged
VATB	P15313	Q5KBW0	TP	TP	all_matched_unflagged	all_matched_unflagged
VATB	P15313	Q76NU1	TP	TP	all_matched_unflagged	all_matched_unflagged
VATB	P15313	Q86WQ0	FN	FN	all_matched_unflagged	all_matched_unflagged
VATB	P15313	Q8W4E2	TP	TP	all_matched_unflagged	all_matched_unflagged
VATB	P15313	Q91YH6	TP	TP	all_matched_unflagged	all_matched_unflagged
VATB	P15313	Q9N5A0	TP	TP	all_matched_unflagged	all_matched_unflagged
VATB	P15313	Q9SZN1	TP	TP	all_matched_unflagged	all_matched_unflagged
VATB	P16140	P21281	TP	TP	all_matched_unflagged	all_matched_unflagged
VATB	P16140	P31409	TP	TP	all_matched_unflagged	all_matched_unflagged
VATB	P16140	P31411	TP	TP	all_matched_unflagged	all_matched_unflagged
VATB	P16140	P62814	TP	TP	all_matched_unflagged	all_matched_unflagged
VATB	P16140	P62815	TP	TP	all_matched_unflagged	all_matched_unflagged
VATB	P16140	Q0VGW2	TP	TP	all_matched_unflagged	all_matched_unflagged
VATB	P16140	Q19626	TP	TP	all_matched_unflagged	all_matched_unflagged
VATB	P16140	Q4Q821	TP	TP	all_matched_unflagged	all_matched_unflagged
VATB	P16140	Q4X0J7	TP	TP	all_matched_unflagged	all_matched_unflagged
VATB	P16140	Q59PT0	TP	TP	all_matched_unflagged	all_matched_unflagged
VATB	P16140	Q5KBW0	TP	TP	all_matched_unflagged	all_matched_unflagged
VATB	P16140	Q76NU1	TP	TP	all_matched_unflagged	all_matched_unflagged
VATB	P16140	Q86WQ0	FN	FN	all_matched_unflagged	all_matched_unflagged
VATB	P16140	Q8W4E2	TP	TP	all_matched_unflagged	all_matched_unflagged
VATB	P16140	Q91YH6	TP	TP	all_matched_unflagged	all_matched_unflagged
VATB	P16140	Q9N5A0	TP	TP	all_matched_unflagged	all_matched_unflagged
VATB	P16140	Q9SZN1	TP	TP	all_matched_unflagged	all_matched_unflagged
VATB	P21281	P31409	TP	TP	all_matched_unflagged	all_matched_unflagged
VATB	P21281	P31411	TP	TP	all_matched_unflagged	all_matched_unflagged
VATB	P21281	P62814	TP	TP	all_matched_unflagged	all_matched_unflagged
VATB	P21281	P62815	TP	TP	all_matched_unflagged	all_matched_unflagged
VATB	P21281	Q0VGW2	TP	TP	all_matched_unflagged	all_matched_unflagged
VATB	P21281	Q19626	TP	TP	all_matched_unflagged	all_matched_unflagged
VATB	P21281	Q4Q821	TP	TP	all_matched_unflagged	all_matched_unflagged
VATB	P21281	Q4X0J7	TP	TP	all_matched_unflagged	all_matched_unflagged
VATB	P21281	Q59PT0	TP	TP	all_matched_unflagged	all_matched_unflagged
VATB	P21281	Q5KBW0	TP	TP	all_matched_unflagged	all_matched_unflagged
VATB	P21281	Q76NU1	TP	TP	all_matched_unflagged	all_matched_unflagged
VATB	P21281	Q86WQ0	FN	FN	all_matched_unflagged	all_matched_unflagged
VATB	P21281	Q8W4E2	TP	TP	all_matched_unflagged	all_matched_unflagged
VATB	P21281	Q91YH6	FP	TN	all_matched_unflagged	all_matched_unflagged
VATB	P21281	Q9N5A0	TP	TP	all_matched_unflagged	all_matched_unflagged
VATB	P21281	Q9SZN1	TP	TP	all_matched_unflagged	all_matched_unflagged
VATB	P31409	P31411	TP	TP	all_matched_unflagged	all_matched_unflagged
VATB	P31409	P62814	TP	TP	all_matched_unflagged	all_matched_unflagged
VATB	P31409	P62815	TP	TP	all_matched_unflagged	all_matched_unflagged
VATB	P31409	Q0VGW2	TP	TP	all_matched_unflagged	all_matched_unflagged
VATB	P31409	Q19626	TP	TP	all_matched_unflagged	all_matched_unflagged
VATB	P31409	Q4Q821	TP	TP	all_matched_unflagged	all_matched_unflagged
VATB	P31409	Q4X0J7	TP	TP	all_matched_unflagged	all_matched_unflagged
VATB	P31409	Q59PT0	TP	TP	all_matched_unflagged	all_matched_unflagged
VATB	P31409	Q5KBW0	TP	TP	all_matched_unflagged	all_matched_unflagged
VATB	P31409	Q76NU1	TP	TP	all_matched_unflagged	all_matched_unflagged
VATB	P31409	Q86WQ0	FN	FN	all_matched_unflagged	all_matched_unflagged
VATB	P31409	Q8W4E2	TP	TP	all_matched_unflagged	all_matched_unflagged
VATB	P31409	Q91YH6	TP	TP	all_matched_unflagged	all_matched_unflagged
VATB	P31409	Q9N5A0	TP	TP	all_matched_unflagged	all_matched_unflagged
VATB	P31409	Q9SZN1	TP	TP	all_matched_unflagged	all_matched_unflagged
VATB	P31411	P62814	TP	TP	all_matched_unflagged	all_matched_unflagged
VATB	P31411	P62815	TP	TP	all_matched_unflagged	all_matched_unflagged
VATB	P31411	Q0VGW2	TP	TP	all_matched_unflagged	all_matched_unflagged
VATB	P31411	Q19626	TP	TP	all_matched_unflagged	all_matched_unflagged
VATB	P31411	Q4Q821	TP	TP	all_matched_unflagged	all_matched_unflagged
VATB	P31411	Q4X0J7	TP	TP	all_matched_unflagged	all_matched_unflagged
VATB	P31411	Q59PT0	TP	TP	all_matched_unflagged	all_matched_unflagged
VATB	P31411	Q5KBW0	TP	TP	all_matched_unflagged	all_matched_unflagged
VATB	P31411	Q76NU1	TP	TP	all_matched_unflagged	all_matched_unflagged
VATB	P31411	Q86WQ0	FN	FN	all_matched_unflagged	all_matched_unflagged
VATB	P31411	Q8W4E2	TP	TP	all_matched_unflagged	all_matched_unflagged
VATB	P31411	Q91YH6	TP	TP	all_matched_unflagged	all_matched_unflagged
VATB	P31411	Q9N5A0	TP	TP	all_matched_unflagged	all_matched_unflagged
VATB	P31411	Q9SZN1	TP	TP	all_matched_unflagged	all_matched_unflagged
VATB	P62814	P62815	TP	TP	all_matched_unflagged	all_matched_unflagged
VATB	P62814	Q0VGW2	TP	TP	all_matched_unflagged	all_matched_unflagged
VATB	P62814	Q19626	TP	TP	all_matched_unflagged	all_matched_unflagged
VATB	P62814	Q4Q821	TP	TP	all_matched_unflagged	all_matched_unflagged
VATB	P62814	Q4X0J7	TP	TP	all_matched_unflagged	all_matched_unflagged
VATB	P62814	Q59PT0	TP	TP	all_matched_unflagged	all_matched_unflagged
VATB	P62814	Q5KBW0	TP	TP	all_matched_unflagged	all_matched_unflagged
VATB	P62814	Q76NU1	TP	TP	all_matched_unflagged	all_matched_unflagged
VATB	P62814	Q86WQ0	FN	FN	all_matched_unflagged	all_matched_unflagged
VATB	P62814	Q8W4E2	TP	TP	all_matched_unflagged	all_matched_unflagged
VATB	P62814	Q91YH6	TN	TN	all_matched_unflagged	all_matched_unflagged
VATB	P62814	Q9N5A0	TP	TP	all_matched_unflagged	all_matched_unflagged
VATB	P62814	Q9SZN1	TP	TP	all_matched_unflagged	all_matched_unflagged
VATB	P62815	Q0VGW2	TP	TP	all_matched_unflagged	all_matched_unflagged
VATB	P62815	Q19626	TP	TP	all_matched_unflagged	all_matched_unflagged
VATB	P62815	Q4Q821	TP	TP	all_matched_unflagged	all_matched_unflagged
VATB	P62815	Q4X0J7	TP	TP	all_matched_unflagged	all_matched_unflagged
VATB	P62815	Q59PT0	TP	TP	all_matched_unflagged	all_matched_unflagged
VATB	P62815	Q5KBW0	TP	TP	all_matched_unflagged	all_matched_unflagged
VATB	P62815	Q76NU1	TP	TP	all_matched_unflagged	all_matched_unflagged
VATB	P62815	Q86WQ0	FN	FN	all_matched_unflagged	all_matched_unflagged
VATB	P62815	Q8W4E2	TP	TP	all_matched_unflagged	all_matched_unflagged
VATB	P62815	Q91YH6	FP	TN	all_matched_unflagged	all_matched_unflagged
VATB	P62815	Q9N5A0	TP	TP	all_matched_unflagged	all_matched_unflagged
VATB	P62815	Q9SZN1	TP	TP	all_matched_unflagged	all_matched_unflagged
VATB	Q0VGW2	Q19626	TP	TP	all_matched_unflagged	all_matched_unflagged
VATB	Q0VGW2	Q4Q821	TP	TP	all_matched_unflagged	all_matched_unflagged
VATB	Q0VGW2	Q4X0J7	TP	TP	all_matched_unflagged	all_matched_unflagged
VATB	Q0VGW2	Q59PT0	TP	TP	all_matched_unflagged	all_matched_unflagged
VATB	Q0VGW2	Q5KBW0	TP	TP	all_matched_unflagged	all_matched_unflagged
VATB	Q0VGW2	Q76NU1	TP	TP	all_matched_unflagged	all_matched_unflagged
VATB	Q0VGW2	Q86WQ0	FN	FN	all_matched_unflagged	all_matched_unflagged
VATB	Q0VGW2	Q8W4E2	TP	TP	all_matched_unflagged	all_matched_unflagged
VATB	Q0VGW2	Q91YH6	FP	TN	all_matched_unflagged	all_matched_unflagged
VATB	Q0VGW2	Q9N5A0	TP	TP	all_matched_unflagged	all_matched_unflagged
VATB	Q0VGW2	Q9SZN1	TP	TP	all_matched_unflagged	all_matched_unflagged
VATB	Q19626	Q4Q821	TP	TP	all_matched_unflagged	all_matched_unflagged
VATB	Q19626	Q4X0J7	TP	TP	all_matched_unflagged	all_matched_unflagged
VATB	Q19626	Q59PT0	TP	TP	all_matched_unflagged	all_matched_unflagged
VATB	Q19626	Q5KBW0	TP	TP	all_matched_unflagged	all_matched_unflagged
VATB	Q19626	Q76NU1	TP	TP	all_matched_unflagged	all_matched_unflagged
VATB	Q19626	Q86WQ0	FN	FN	all_matched_unflagged	all_matched_unflagged
VATB	Q19626	Q8W4E2	TP	TP	all_matched_unflagged	all_matched_unflagged
VATB	Q19626	Q91YH6	TP	TP	all_matched_unflagged	all_matched_unflagged
VATB	Q19626	Q9N5A0	TN	TN	all_matched_unflagged	all_matched_unflagged
VATB	Q19626	Q9SZN1	TP	TP	all_matched_unflagged	all_matched_unflagged
VATB	Q4Q821	Q4X0J7	TP	TP	all_matched_unflagged	all_matched_unflagged
VATB	Q4Q821	Q59PT0	TP	TP	all_matched_unflagged	all_matched_unflagged
VATB	Q4Q821	Q5KBW0	TP	TP	all_matched_unflagged	all_matched_unflagged
VATB	Q4Q821	Q76NU1	TP	TP	all_matched_unflagged	all_matched_unflagged
VATB	Q4Q821	Q86WQ0	FN	FN	all_matched_unflagged	all_matched_unflagged
VATB	Q4Q821	Q8W4E2	TP	TP	all_matched_unflagged	all_matched_unflagged
VATB	Q4Q821	Q91YH6	TP	TP	all_matched_unflagged	all_matched_unflagged
VATB	Q4Q821	Q9N5A0	TP	TP	all_matched_unflagged	all_matched_unflagged
VATB	Q4Q821	Q9SZN1	TP	TP	all_matched_unflagged	all_matched_unflagged
VATB	Q4X0J7	Q59PT0	TP	TP	all_matched_unflagged	all_matched_unflagged
VATB	Q4X0J7	Q5KBW0	TP	TP	all_matched_unflagged	all_matched_unflagged
VATB	Q4X0J7	Q76NU1	TP	TP	all_matched_unflagged	all_matched_unflagged
VATB	Q4X0J7	Q86WQ0	FN	FN	all_matched_unflagged	all_matched_unflagged
VATB	Q4X0J7	Q8W4E2	TP	TP	all_matched_unflagged	all_matched_unflagged
VATB	Q4X0J7	Q91YH6	TP	TP	all_matched_unflagged	all_matched_unflagged
VATB	Q4X0J7	Q9N5A0	TP	TP	all_matched_unflagged	all_matched_unflagged
VATB	Q4X0J7	Q9SZN1	TP	TP	all_matched_unflagged	all_matched_unflagged
VATB	Q59PT0	Q5KBW0	TP	TP	all_matched_unflagged	all_matched_unflagged
VATB	Q59PT0	Q76NU1	TP	TP	all_matched_unflagged	all_matched_unflagged
VATB	Q59PT0	Q86WQ0	FN	FN	all_matched_unflagged	all_matched_unflagged
VATB	Q59PT0	Q8W4E2	TP	TP	all_matched_unflagged	all_matched_unflagged
VATB	Q59PT0	Q91YH6	TP	TP	all_matched_unflagged	all_matched_unflagged
VATB	Q59PT0	Q9N5A0	TP	TP	all_matched_unflagged	all_matched_unflagged
VATB	Q59PT0	Q9SZN1	TP	TP	all_matched_unflagged	all_matched_unflagged
VATB	Q5KBW0	Q76NU1	TP	TP	all_matched_unflagged	all_matched_unflagged
VATB	Q5KBW0	Q86WQ0	FN	FN	all_matched_unflagged	all_matched_unflagged
VATB	Q5KBW0	Q8W4E2	TP	TP	all_matched_unflagged	all_matched_unflagged
VATB	Q5KBW0	Q91YH6	TP	TP	all_matched_unflagged	all_matched_unflagged
VATB	Q5KBW0	Q9N5A0	TP	TP	all_matched_unflagged	all_matched_unflagged
VATB	Q5KBW0	Q9SZN1	TP	TP	all_matched_unflagged	all_matched_unflagged
VATB	Q76NU1	Q86WQ0	FN	FN	all_matched_unflagged	all_matched_unflagged
VATB	Q76NU1	Q8W4E2	TP	TP	all_matched_unflagged	all_matched_unflagged
VATB	Q76NU1	Q91YH6	TP	TP	all_matched_unflagged	all_matched_unflagged
VATB	Q76NU1	Q9N5A0	TP	TP	all_matched_unflagged	all_matched_unflagged
VATB	Q76NU1	Q9SZN1	TP	TP	all_matched_unflagged	all_matched_unflagged
VATB	Q86WQ0	Q8W4E2	FN	FN	all_matched_unflagged	all_matched_unflagged
VATB	Q86WQ0	Q91YH6	FN	FN	all_matched_unflagged	all_matched_unflagged
VATB	Q86WQ0	Q9N5A0	FN	FN	all_matched_unflagged	all_matched_unflagged
VATB	Q86WQ0	Q9SZN1	FN	FN	all_matched_unflagged	all_matched_unflagged
VATB	Q8W4E2	Q91YH6	TP	TP	all_matched_unflagged	all_matched_unflagged
VATB	Q8W4E2	Q9N5A0	TP	TP	all_matched_unflagged	all_matched_unflagged
VATB	Q8W4E2	Q9SZN1	TN	TN	all_matched_unflagged	all_matched_unflagged
VATB	Q91YH6	Q9N5A0	TP	TP	all_matched_unflagged	all_matched_unflagged
VATB	Q91YH6	Q9SZN1	TP	TP	all_matched_unflagged	all_matched_unflagged
VATB	Q9N5A0	Q9SZN1	TP	TP	all_matched_unflagged	all_matched_unflagged
