block	proteins	asserted_pairs	species
A1CF	2	1	HUMAN,PANTR
A2M	3	3	BOVIN,HUMAN,PANTR
A2ML1	2	1	HUMAN,PANTR
A3GALT2	3	3	CANLF,HUMAN,PANTR
A4GALT	3	3	BOVIN,HUMAN,PANTR
A4GNT	2	1	HUMAN,PANTR
AAAS	2	1	HUMAN,PANTR
AACS	2	1	HUMAN,PANTR
AADAC	2	1	HUMAN,PANTR
AADACL2	2	1	HUMAN,PANTR
AADACL3	2	1	HUMAN,PANTR
AADACL4	3	3	CANLF,HUMAN,PANTR
AADAT	2	1	HUMAN,PANTR
AAGAB	2	1	HUMAN,PANTR
AAK1	2	1	HUMAN,PANTR
AAMDC	2	1	HUMAN,PANTR
AAMP	2	1	HUMAN,PANTR
AANAT	2	1	HUMAN,PANTR
AAR2	2	1	HUMAN,PANTR
AARD	2	1	HUMAN,PANTR
AARS1	2	1	HUMAN,PANTR
AARS2	2	1	HUMAN,PANTR
AASDH	2	1	HUMAN,PANTR
AASDHPPT	2	1	HUMAN,PANTR
AASS	2	1	HUMAN,PANTR
AATF	2	1	HUMAN,PANTR
AATK	2	1	HUMAN,PANTR
ABAT	2	1	HUMAN,PANTR
ABCA1	2	1	HUMAN,PANTR
ABCA10	2	1	HUMAN,PANTR
ABCA12	2	1	HUMAN,PANTR
ABCA13	2	1	HUMAN,PANTR
ABCA2	2	1	HUMAN,PANTR
ABCA3	2	1	HUMAN,PANTR
ABCA4	2	1	HUMAN,PANTR
ABCA5	2	1	HUMAN,PANTR
ABCA6	2	1	HUMAN,PANTR
ABCA8	2	1	HUMAN,PANTR
ABCA9	2	1	HUMAN,PANTR
ABCB1	2	1	HUMAN,PANTR
ABCB10	2	1	HUMAN,PANTR
ABCB11	2	1	HUMAN,PANTR
ABCB4	3	3	BOVIN,HUMAN,PANTR
ABCB5	2	1	HUMAN,PANTR
ABCB6	4	6	BOVIN,CANLF,HUMAN,PANTR
ABCB7	2	1	HUMAN,PANTR
ABCB8	2	1	HUMAN,PANTR
ABCB9	2	1	HUMAN,PANTR
ABCC1	2	1	HUMAN,PANTR
ABCC10	2	1	HUMAN,PANTR
ABCC11	2	1	HUMAN,PANTR
ABCC12	2	1	HUMAN,PANTR
ABCC2	2	1	HUMAN,PANTR
ABCC3	2	1	HUMAN,PANTR
ABCC4	2	1	HUMAN,PANTR
ABCC5	2	1	HUMAN,PANTR
ABCC8	2	1	HUMAN,PANTR
ABCC9	2	1	HUMAN,PANTR
ABCD1	2	1	HUMAN,PANTR
ABCD2	3	3	BOVIN,HUMAN,PANTR
ABCD3	2	1	HUMAN,PANTR
ABCD4	3	3	BOVIN,HUMAN,PANTR
ABCE1	2	1	HUMAN,PANTR
ABCF1	2	1	HUMAN,PANTR
ABCF2	2	1	HUMAN,PANTR
ABCF3	2	1	HUMAN,PANTR
ABCG1	2	1	HUMAN,PANTR
ABCG2	4	6	BOVIN,CANLF,HUMAN,PANTR
ABCG4	2	1	HUMAN,PANTR
ABCG5	2	1	HUMAN,PANTR
ABCG8	2	1	HUMAN,PANTR
ABHD1	2	1	HUMAN,PANTR
ABHD10	3	3	CANLF,HUMAN,PANTR
ABHD11	2	1	HUMAN,PANTR
ABHD12	2	1	HUMAN,PANTR
ABHD12B	2	1	HUMAN,PANTR
ABHD13	2	1	HUMAN,PANTR
ABHD14A	2	1	HUMAN,PANTR
ABHD14B	2	1	HUMAN,PANTR
ABHD15	2	1	HUMAN,PANTR
ABHD16A	2	1	HUMAN,PANTR
ABHD16B	2	1	HUMAN,PANTR
ABHD17A	2	1	HUMAN,PANTR
ABHD17B	2	1	HUMAN,PANTR
ABHD17C	3	3	BOVIN,HUMAN,PANTR
ABHD18	2	1	HUMAN,PANTR
ABHD2	2	1	HUMAN,PANTR
ABHD3	2	1	HUMAN,PANTR
ABHD4	2	1	HUMAN,PANTR
ABHD5	2	1	HUMAN,PANTR
ABHD6	2	1	HUMAN,PANTR
ABHD8	2	1	HUMAN,PANTR
ABI1	2	1	HUMAN,PANTR
ABI2	2	1	HUMAN,PANTR
ABI3	2	1	HUMAN,PANTR
ABI3BP	2	1	HUMAN,PANTR
ABITRAM	2	1	HUMAN,PANTR
ABL1	2	1	HUMAN,PANTR
ABL2	3	3	CANLF,HUMAN,PANTR
ABLIM1	3	3	BOVIN,HUMAN,PANTR
ABLIM2	2	1	HUMAN,PANTR
ABLIM3	2	1	HUMAN,PANTR
ABR	2	1	HUMAN,PANTR
ABRA	2	1	HUMAN,PANTR
ABRACL	2	1	HUMAN,PANTR
ABRAXAS1	4	6	BOVIN,CANLF,HUMAN,PANTR
ABRAXAS2	2	1	HUMAN,PANTR
ABT1	2	1	HUMAN,PANTR
ABTB1	2	1	HUMAN,PANTR
ABTB2	2	1	HUMAN,PANTR
ACAA1	2	1	HUMAN,PANTR
ACAA2	2	1	HUMAN,PANTR
ACACA	2	1	HUMAN,PANTR
ACACB	2	1	HUMAN,PANTR
ACAD10	2	1	HUMAN,PANTR
ACAD11	2	1	HUMAN,PANTR
ACAD8	2	1	HUMAN,PANTR
ACAD9	2	1	HUMAN,PANTR
ACADL	2	1	HUMAN,PANTR
ACADM	2	1	HUMAN,PANTR
ACADS	4	6	BOVIN,CANLF,HUMAN,PANTR
ACADSB	3	3	CANLF,HUMAN,PANTR
ACADVL	3	3	CANLF,HUMAN,PANTR
ACAN	2	1	HUMAN,PANTR
ACAP1	2	1	HUMAN,PANTR
ACAP2	3	3	CANLF,HUMAN,PANTR
ACAP3	2	1	HUMAN,PANTR
ACAT1	2	1	HUMAN,PANTR
ACAT2	2	1	HUMAN,PANTR
ACBD3	2	1	HUMAN,PANTR
ACBD4	3	3	BOVIN,HUMAN,PANTR
ACBD5	2	1	HUMAN,PANTR
ACBD6	2	1	HUMAN,PANTR
ACBD7	2	1	HUMAN,PANTR
ACD	2	1	HUMAN,PANTR
ACE	2	1	HUMAN,PANTR
ACE2	2	1	HUMAN,PANTR
ACER1	2	1	HUMAN,PANTR
ACER2	2	1	HUMAN,PANTR
ACER3	2	1	HUMAN,PANTR
ACHE	3	3	CANLF,HUMAN,PANTR
ACIN1	2	1	HUMAN,PANTR
ACKR1	4	6	BOVIN,CANLF,HUMAN,PANTR
ACKR2	2	1	HUMAN,PANTR
ACKR3	2	1	HUMAN,PANTR
ACKR4	2	1	HUMAN,PANTR
ACLY	2	1	HUMAN,PANTR
ACMSD	2	1	HUMAN,PANTR
ACO1	2	1	HUMAN,PANTR
ACO2	2	1	HUMAN,PANTR
ACOD1	2	1	HUMAN,PANTR
ACOT11	2	1	HUMAN,PANTR
ACOT12	2	1	HUMAN,PANTR
ACOT13	2	1	HUMAN,PANTR
ACOT4	2	1	HUMAN,PANTR
ACOT6	3	3	CANLF,HUMAN,PANTR
ACOT7	3	3	CANLF,HUMAN,PANTR
ACOT8	2	1	HUMAN,PANTR
ACOT9	2	1	HUMAN,PANTR
ACOX1	2	1	HUMAN,PANTR
ACOX2	2	1	HUMAN,PANTR
ACP1	3	3	BOVIN,HUMAN,PANTR
ACP2	3	3	CANLF,HUMAN,PANTR
ACP3	2	1	HUMAN,PANTR
ACP4	3	3	CANLF,HUMAN,PANTR
ACP5	2	1	HUMAN,PANTR
ACP6	2	1	HUMAN,PANTR
ACP7	2	1	HUMAN,PANTR
ACR	2	1	HUMAN,PANTR
ACRBP	2	1	HUMAN,PANTR
ACRV1	2	1	HUMAN,PANTR
ACSBG1	2	1	HUMAN,PANTR
ACSBG2	3	3	CANLF,HUMAN,PANTR
ACSF2	2	1	HUMAN,PANTR
ACSF3	2	1	HUMAN,PANTR
ACSL1	2	1	HUMAN,PANTR
ACSL3	2	1	HUMAN,PANTR
ACSL4	2	1	HUMAN,PANTR
ACSL5	2	1	HUMAN,PANTR
ACSL6	4	6	BOVIN,CANLF,HUMAN,PANTR
ACSM1	2	1	HUMAN,PANTR
ACSM2A	2	1	HUMAN,PANTR
ACSM2B	2	1	HUMAN,PANTR
ACSM3	3	3	CANLF,HUMAN,PANTR
ACSM4	2	1	HUMAN,PANTR
ACSM5	2	1	HUMAN,PANTR
ACSM6	2	1	HUMAN,PANTR
ACSS1	3	3	CANLF,HUMAN,PANTR
ACSS2	2	1	HUMAN,PANTR
ACSS3	3	3	CANLF,HUMAN,PANTR
ACTA1	2	1	HUMAN,PANTR
ACTA2	2	1	HUMAN,PANTR
ACTB	2	1	HUMAN,PANTR
ACTBL2	2	1	HUMAN,PANTR
ACTC1	2	1	HUMAN,PANTR
ACTG1	2	1	HUMAN,PANTR
ACTG2	2	1	BOVIN,HUMAN
ACTL10	2	1	CANLF,HUMAN
ACTL6A	2	1	HUMAN,PANTR
ACTL6B	2	1	HUMAN,PANTR
ACTL7A	2	1	HUMAN,PANTR
ACTL7B	2	1	HUMAN,PANTR
ACTL8	2	1	HUMAN,PANTR
ACTL9	2	1	HUMAN,PANTR
ACTN1	2	1	HUMAN,PANTR
ACTN2	2	1	HUMAN,PANTR
ACTN3	3	3	BOVIN,CANLF,HUMAN
ACTN4	2	1	HUMAN,PANTR
ACTR10	2	1	HUMAN,PANTR
ACTR1A	2	1	HUMAN,PANTR
ACTR1B	2	1	HUMAN,PANTR
ACTR3B	2	1	HUMAN,PANTR
ACTR5	2	1	HUMAN,PANTR
ACTR6	2	1	HUMAN,PANTR
ACTR8	2	1	HUMAN,PANTR
ACTRT1	3	3	BOVIN,HUMAN,PANTR
ACTRT2	2	1	HUMAN,PANTR
ACTRT3	2	1	HUMAN,PANTR
ACVR1	2	1	HUMAN,PANTR
ACVR1B	2	1	HUMAN,PANTR
ACVR1C	2	1	HUMAN,PANTR
ACVR2A	2	1	HUMAN,PANTR
ACVR2B	2	1	HUMAN,PANTR
ACVRL1	2	1	HUMAN,PANTR
ACY3	2	1	HUMAN,PANTR
ACYP1	2	1	HUMAN,PANTR
ACYP2	2	1	HUMAN,PANTR
ADA	2	1	HUMAN,PANTR
ADA2	2	1	HUMAN,PANTR
ADAD1	2	1	HUMAN,PANTR
ADAD2	2	1	HUMAN,PANTR
ADAL	2	1	HUMAN,PANTR
ADAM10	3	3	CANLF,HUMAN,PANTR
ADAM11	3	3	BOVIN,HUMAN,PANTR
ADAM12	2	1	HUMAN,PANTR
ADAM15	2	1	HUMAN,PANTR
ADAM17	2	1	HUMAN,PANTR
ADAM18	2	1	HUMAN,PANTR
ADAM19	2	1	HUMAN,PANTR
ADAM2	2	1	HUMAN,PANTR
ADAM20	3	3	BOVIN,HUMAN,PANTR
ADAM21	2	1	HUMAN,PANTR
ADAM23	2	1	HUMAN,PANTR
ADAM28	2	1	HUMAN,PANTR
ADAM29	2	1	HUMAN,PANTR
ADAM30	2	1	HUMAN,PANTR
ADAM32	2	1	HUMAN,PANTR
ADAM33	2	1	HUMAN,PANTR
ADAM7	3	3	BOVIN,HUMAN,PANTR
ADAM8	2	1	HUMAN,PANTR
ADAM9	2	1	HUMAN,PANTR
ADAMDEC1	2	1	HUMAN,PANTR
ADAMTS1	2	1	HUMAN,PANTR
ADAMTS10	2	1	HUMAN,PANTR
ADAMTS12	3	3	CANLF,HUMAN,PANTR
ADAMTS13	2	1	HUMAN,PANTR
ADAMTS14	2	1	HUMAN,PANTR
ADAMTS15	3	3	CANLF,HUMAN,PANTR
ADAMTS16	2	1	HUMAN,PANTR
ADAMTS17	2	1	HUMAN,PANTR
ADAMTS18	2	1	HUMAN,PANTR
ADAMTS19	2	1	HUMAN,PANTR
ADAMTS2	2	1	HUMAN,PANTR
ADAMTS20	2	1	HUMAN,PANTR
ADAMTS3	2	1	HUMAN,PANTR
ADAMTS4	2	1	HUMAN,PANTR
ADAMTS5	2	1	HUMAN,PANTR
ADAMTS6	2	1	HUMAN,PANTR
ADAMTS7	3	3	BOVIN,HUMAN,PANTR
ADAMTS8	2	1	HUMAN,PANTR
ADAMTS9	2	1	HUMAN,PANTR
ADAMTSL1	2	1	HUMAN,PANTR
ADAMTSL2	2	1	HUMAN,PANTR
ADAMTSL3	2	1	HUMAN,PANTR
ADAMTSL4	2	1	HUMAN,PANTR
ADAMTSL5	2	1	HUMAN,PANTR
ADAP2	2	1	HUMAN,PANTR
ADAR	2	1	HUMAN,PANTR
ADARB1	2	1	CANLF,HUMAN
ADARB2	2	1	HUMAN,PANTR
ADAT1	2	1	HUMAN,PANTR
ADAT2	2	1	HUMAN,PANTR
ADCK1	2	1	HUMAN,PANTR
ADCK2	2	1	HUMAN,PANTR
ADCK5	2	1	HUMAN,PANTR
ADCY1	2	1	HUMAN,PANTR
ADCY10	4	6	BOVIN,CANLF,HUMAN,PANTR
ADCY2	2	1	HUMAN,PANTR
ADCY3	2	1	HUMAN,PANTR
ADCY4	2	1	HUMAN,PANTR
ADCY5	2	1	HUMAN,PANTR
ADCY6	2	1	HUMAN,PANTR
ADCY7	2	1	HUMAN,PANTR
ADCY8	2	1	HUMAN,PANTR
ADCY9	2	1	HUMAN,PANTR
ADCYAP1	2	1	HUMAN,PANTR
ADCYAP1R1	2	1	HUMAN,PANTR
ADD1	2	1	HUMAN,PANTR
ADD2	2	1	HUMAN,PANTR
ADD3	2	1	HUMAN,PANTR
ADGB	2	1	HUMAN,PANTR
ADGRA1	4	6	BOVIN,CANLF,HUMAN,PANTR
ADGRA2	2	1	HUMAN,PANTR
ADGRA3	2	1	HUMAN,PANTR
ADGRB1	2	1	HUMAN,PANTR
ADGRB2	2	1	HUMAN,PANTR
ADGRB3	2	1	HUMAN,PANTR
ADGRD1	3	3	BOVIN,CANLF,HUMAN
ADGRD2	2	1	HUMAN,PANTR
ADGRE1	2	1	HUMAN,PANTR
ADGRE2	2	1	HUMAN,PANTR
ADGRE3	4	6	BOVIN,CANLF,HUMAN,PANTR
ADGRE5	2	1	BOVIN,HUMAN
ADGRF1	2	1	HUMAN,PANTR
ADGRF3	2	1	HUMAN,PANTR
ADGRF4	2	1	HUMAN,PANTR
ADGRF5	2	1	HUMAN,PANTR
ADGRG1	2	1	HUMAN,PANTR
ADGRG2	2	1	HUMAN,PANTR
ADGRG3	2	1	HUMAN,PANTR
ADGRG4	2	1	HUMAN,PANTR
ADGRG5	2	1	HUMAN,PANTR
ADGRG6	2	1	HUMAN,PANTR
ADGRG7	2	1	HUMAN,PANTR
ADGRL1	2	1	HUMAN,PANTR
ADGRL2	3	3	BOVIN,HUMAN,PANTR
ADGRL3	3	3	BOVIN,HUMAN,PANTR
ADGRL4	2	1	HUMAN,PANTR
ADGRV1	2	1	HUMAN,PANTR
ADI1	2	1	HUMAN,PANTR
ADIG	2	1	HUMAN,PANTR
ADIPOQ	2	1	HUMAN,PANTR
ADIPOR1	2	1	HUMAN,PANTR
ADIPOR2	2	1	HUMAN,PANTR
ADIRF	2	1	HUMAN,PANTR
ADK	2	1	HUMAN,PANTR
ADM	2	1	HUMAN,PANTR
ADM2	2	1	HUMAN,PANTR
ADNP	2	1	HUMAN,PANTR
ADNP2	2	1	HUMAN,PANTR
ADO	2	1	HUMAN,PANTR
ADORA1	2	1	HUMAN,PANTR
ADORA2A	2	1	HUMAN,PANTR
ADORA2B	2	1	HUMAN,PANTR
ADORA3	2	1	BOVIN,HUMAN
ADPGK	2	1	HUMAN,PANTR
ADPRH	2	1	HUMAN,PANTR
ADPRHL1	2	1	HUMAN,PANTR
ADPRM	2	1	HUMAN,PANTR
ADPRS	3	3	CANLF,HUMAN,PANTR
ADRA1A	2	1	HUMAN,PANTR
ADRA1B	2	1	HUMAN,PANTR
ADRA1D	2	1	HUMAN,PANTR
ADRA2A	3	3	CANLF,HUMAN,PANTR
ADRA2B	2	1	HUMAN,PANTR
ADRA2C	2	1	HUMAN,PANTR
ADRB1	2	1	HUMAN,PANTR
ADRB2	2	1	HUMAN,PANTR
ADRB3	2	1	HUMAN,PANTR
ADRM1	2	1	HUMAN,PANTR
ADSL	3	3	BOVIN,HUMAN,PANTR
ADSS1	3	3	CANLF,HUMAN,PANTR
ADSS2	2	1	HUMAN,PANTR
ADTRP	2	1	HUMAN,PANTR
AEBP1	2	1	HUMAN,PANTR
AEBP2	2	1	HUMAN,PANTR
AEN	3	3	CANLF,HUMAN,PANTR
AFAP1	2	1	HUMAN,PANTR
AFAP1L1	2	1	HUMAN,PANTR
AFAP1L2	2	1	HUMAN,PANTR
AFDN	2	1	HUMAN,PANTR
AFF1	2	1	HUMAN,PANTR
AFF2	2	1	HUMAN,PANTR
AFF3	3	3	BOVIN,HUMAN,PANTR
AFF4	2	1	HUMAN,PANTR
AFG1L	2	1	HUMAN,PANTR
AFG3L2	2	1	HUMAN,PANTR
AFM	2	1	HUMAN,PANTR
AFMID	2	1	HUMAN,PANTR
AFP	2	1	HUMAN,PANTR
AFTPH	2	1	HUMAN,PANTR
AGA	2	1	HUMAN,PANTR
AGAP1	3	3	BOVIN,HUMAN,PANTR
AGAP2	2	1	HUMAN,PANTR
AGAP3	3	3	CANLF,HUMAN,PANTR
AGBL1	3	3	CANLF,HUMAN,PANTR
AGBL2	2	1	HUMAN,PANTR
AGBL3	2	1	HUMAN,PANTR
AGBL4	3	3	CANLF,HUMAN,PANTR
AGBL5	2	1	HUMAN,PANTR
AGER	2	1	HUMAN,PANTR
AGFG1	2	1	HUMAN,PANTR
AGFG2	2	1	HUMAN,PANTR
AGGF1	2	1	HUMAN,PANTR
AGK	2	1	HUMAN,PANTR
AGL	2	1	HUMAN,PANTR
AGMAT	2	1	HUMAN,PANTR
AGMO	2	1	HUMAN,PANTR
AGO1	3	3	CANLF,HUMAN,PANTR
AGO2	2	1	HUMAN,PANTR
AGO3	2	1	HUMAN,PANTR
AGO4	2	1	HUMAN,PANTR
AGPAT1	2	1	HUMAN,PANTR
AGPAT2	2	1	HUMAN,PANTR
AGPAT3	2	1	HUMAN,PANTR
AGPAT4	2	1	HUMAN,PANTR
AGPAT5	2	1	HUMAN,PANTR
AGPS	2	1	HUMAN,PANTR
AGR2	2	1	HUMAN,PANTR
AGR3	2	1	HUMAN,PANTR
AGRN	2	1	HUMAN,PANTR
AGRP	2	1	HUMAN,PANTR
AGT	2	1	HUMAN,PANTR
AGTPBP1	2	1	HUMAN,PANTR
AGTR1	2	1	HUMAN,PANTR
AGTR2	2	1	HUMAN,PANTR
AGTRAP	2	1	HUMAN,PANTR
AGXT	2	1	HUMAN,PANTR
AGXT2	3	3	CANLF,HUMAN,PANTR
AHCTF1	2	1	HUMAN,PANTR
AHCY	2	1	HUMAN,PANTR
AHCYL1	2	1	HUMAN,PANTR
AHCYL2	2	1	HUMAN,PANTR
AHDC1	2	1	HUMAN,PANTR
AHI1	3	3	BOVIN,HUMAN,PANTR
AHNAK	2	1	HUMAN,PANTR
AHNAK2	2	1	HUMAN,PANTR
AHR	3	3	CANLF,HUMAN,PANTR
AHSA1	2	1	HUMAN,PANTR
AHSG	2	1	HUMAN,PANTR
AHSP	2	1	HUMAN,PANTR
AICDA	2	1	HUMAN,PANTR
AIDA	2	1	HUMAN,PANTR
AIF1	2	1	HUMAN,PANTR
AIF1L	2	1	HUMAN,PANTR
AIFM1	2	1	HUMAN,PANTR
AIFM2	2	1	HUMAN,PANTR
AIFM3	2	1	HUMAN,PANTR
AIG1	2	1	HUMAN,PANTR
AIMP1	2	1	HUMAN,PANTR
AIMP2	2	1	HUMAN,PANTR
AIP	2	1	HUMAN,PANTR
AIPL1	2	1	HUMAN,PANTR
AIRE	3	3	BOVIN,HUMAN,PANTR
AJAP1	2	1	HUMAN,PANTR
AJM1	2	1	HUMAN,PANTR
AJUBA	2	1	HUMAN,PANTR
AK1	2	1	HUMAN,PANTR
AK2	2	1	HUMAN,PANTR
AK3	2	1	HUMAN,PANTR
AK4	2	1	HUMAN,PANTR
AK5	2	1	HUMAN,PANTR
AK6	2	1	HUMAN,PANTR
AK7	2	1	HUMAN,PANTR
AK8	2	1	HUMAN,PANTR
AK9	2	1	HUMAN,PANTR
AKAIN1	3	3	CANLF,HUMAN,PANTR
AKAP1	2	1	HUMAN,PANTR
AKAP10	2	1	HUMAN,PANTR
AKAP11	2	1	HUMAN,PANTR
AKAP12	2	1	HUMAN,PANTR
AKAP13	2	1	HUMAN,PANTR
AKAP14	2	1	HUMAN,PANTR
AKAP17A	2	1	HUMAN,PANTR
AKAP3	2	1	HUMAN,PANTR
AKAP4	2	1	HUMAN,PANTR
AKAP5	2	1	HUMAN,PANTR
AKAP6	2	1	HUMAN,PANTR
AKAP8	2	1	HUMAN,PANTR
AKAP8L	2	1	HUMAN,PANTR
AKAP9	2	1	HUMAN,PANTR
AKIP1	2	1	HUMAN,PANTR
AKIRIN2	2	1	HUMAN,PANTR
AKNA	2	1	HUMAN,PANTR
AKNAD1	2	1	HUMAN,PANTR
AKR1A1	2	1	HUMAN,PANTR
AKR1B1	2	1	HUMAN,PANTR
AKR1B10	2	1	HUMAN,PANTR
AKR1B15	2	1	HUMAN,PANTR
AKR1C2	2	1	HUMAN,PANTR
AKR1C3	2	1	HUMAN,PANTR
AKR1C4	2	1	HUMAN,PANTR
AKR1D1	2	1	HUMAN,PANTR
AKR1E2	3	3	BOVIN,HUMAN,PANTR
AKR7A2	2	1	HUMAN,PANTR
AKR7A3	2	1	HUMAN,PANTR
AKT1	2	1	HUMAN,PANTR
AKT1S1	2	1	HUMAN,PANTR
AKT2	2	1	HUMAN,PANTR
AKT3	2	1	HUMAN,PANTR
AKTIP	2	1	HUMAN,PANTR
ALAD	2	1	HUMAN,PANTR
ALAS1	2	1	HUMAN,PANTR
ALAS2	2	1	HUMAN,PANTR
ALB	3	3	BOVIN,HUMAN,PANTR
ALCAM	2	1	HUMAN,PANTR
ALDH16A1	2	1	HUMAN,PANTR
ALDH18A1	2	1	HUMAN,PANTR
ALDH1A1	2	1	HUMAN,PANTR
ALDH1A2	2	1	HUMAN,PANTR
ALDH1A3	2	1	HUMAN,PANTR
ALDH1B1	3	3	CANLF,HUMAN,PANTR
ALDH1L1	2	1	HUMAN,PANTR
ALDH1L2	2	1	HUMAN,PANTR
ALDH2	3	3	CANLF,HUMAN,PANTR
ALDH3A1	2	1	HUMAN,PANTR
ALDH3A2	3	3	CANLF,HUMAN,PANTR
ALDH3B1	3	3	BOVIN,CANLF,HUMAN
ALDH3B2	2	1	HUMAN,PANTR
ALDH4A1	2	1	HUMAN,PANTR
ALDH5A1	2	1	HUMAN,PANTR
ALDH6A1	2	1	HUMAN,PANTR
ALDH7A1	2	1	HUMAN,PANTR
ALDH8A1	2	1	HUMAN,PANTR
ALDH9A1	2	1	HUMAN,PANTR
ALDOA	2	1	HUMAN,PANTR
ALDOB	2	1	HUMAN,PANTR
ALDOC	2	1	HUMAN,PANTR
ALG1	2	1	HUMAN,PANTR
ALG11	2	1	HUMAN,PANTR
ALG12	2	1	HUMAN,PANTR
ALG13	2	1	HUMAN,PANTR
ALG14	2	1	HUMAN,PANTR
ALG1L	2	1	HUMAN,PANTR
ALG2	2	1	HUMAN,PANTR
ALG3	2	1	HUMAN,PANTR
ALG5	2	1	HUMAN,PANTR
ALG6	2	1	HUMAN,PANTR
ALG8	2	1	HUMAN,PANTR
ALK	2	1	HUMAN,PANTR
ALKAL1	2	1	HUMAN,PANTR
ALKAL2	2	1	HUMAN,PANTR
ALKBH1	3	3	BOVIN,HUMAN,PANTR
ALKBH2	2	1	HUMAN,PANTR
ALKBH3	2	1	HUMAN,PANTR
ALKBH4	2	1	HUMAN,PANTR
ALKBH5	3	3	CANLF,HUMAN,PANTR
ALKBH6	2	1	HUMAN,PANTR
ALKBH7	2	1	HUMAN,PANTR
ALKBH8	2	1	HUMAN,PANTR
ALLC	2	1	HUMAN,PANTR
ALMS1	2	1	HUMAN,PANTR
ALOX12	2	1	HUMAN,PANTR
ALOX12B	2	1	HUMAN,PANTR
ALOX15	2	1	HUMAN,PANTR
ALOX15B	3	3	BOVIN,HUMAN,PANTR
ALOX5	2	1	HUMAN,PANTR
ALOX5AP	3	3	CANLF,HUMAN,PANTR
ALOXE3	2	1	HUMAN,PANTR
ALPG	2	1	HUMAN,PANTR
ALPI	2	1	HUMAN,PANTR
ALPK1	2	1	HUMAN,PANTR
ALPK2	2	1	HUMAN,PANTR
ALPK3	2	1	HUMAN,PANTR
ALPP	2	1	HUMAN,PANTR
ALS2	2	1	HUMAN,PANTR
ALS2CL	3	3	CANLF,HUMAN,PANTR
ALX1	2	1	HUMAN,PANTR
ALX3	2	1	HUMAN,PANTR
ALX4	2	1	HUMAN,PANTR
ALYREF	2	1	HUMAN,PANTR
AMBN	2	1	HUMAN,PANTR
AMBP	3	3	CANLF,HUMAN,PANTR
AMBRA1	2	1	HUMAN,PANTR
AMD1	2	1	HUMAN,PANTR
AMDHD1	3	3	CANLF,HUMAN,PANTR
AMDHD2	2	1	HUMAN,PANTR
AMELX	2	1	HUMAN,PANTR
AMELY	2	1	HUMAN,PANTR
AMER1	2	1	HUMAN,PANTR
AMER2	2	1	HUMAN,PANTR
AMER3	2	1	HUMAN,PANTR
AMFR	2	1	HUMAN,PANTR
AMH	2	1	HUMAN,PANTR
AMHR2	2	1	HUMAN,PANTR
AMIGO1	2	1	HUMAN,PANTR
AMIGO2	2	1	HUMAN,PANTR
AMIGO3	2	1	HUMAN,PANTR
AMMECR1L	2	1	HUMAN,PANTR
AMN	2	1	HUMAN,PANTR
AMN1	2	1	HUMAN,PANTR
AMOT	2	1	HUMAN,PANTR
AMOTL1	2	1	HUMAN,PANTR
AMOTL2	2	1	HUMAN,PANTR
AMPD1	2	1	HUMAN,PANTR
AMPD2	2	1	HUMAN,PANTR
AMPD3	2	1	HUMAN,PANTR
AMPH	2	1	HUMAN,PANTR
AMT	3	3	CANLF,HUMAN,PANTR
AMTN	2	1	HUMAN,PANTR
AMZ1	2	1	HUMAN,PANTR
AMZ2	2	1	HUMAN,PANTR
ANAPC1	2	1	HUMAN,PANTR
ANAPC10	2	1	HUMAN,PANTR
ANAPC11	4	6	BOVIN,CANLF,HUMAN,PANTR
ANAPC13	2	1	HUMAN,PANTR
ANAPC16	2	1	HUMAN,PANTR
ANAPC2	3	3	BOVIN,HUMAN,PANTR
ANAPC4	2	1	HUMAN,PANTR
ANAPC5	2	1	HUMAN,PANTR
ANAPC7	4	6	BOVIN,CANLF,HUMAN,PANTR
ANG	2	1	HUMAN,PANTR
ANGEL1	2	1	HUMAN,PANTR
ANGEL2	2	1	HUMAN,PANTR
ANGPT1	3	3	BOVIN,HUMAN,PANTR
ANGPT2	2	1	HUMAN,PANTR
ANGPT4	2	1	HUMAN,PANTR
ANGPTL1	2	1	HUMAN,PANTR
ANGPTL2	2	1	HUMAN,PANTR
ANGPTL3	2	1	HUMAN,PANTR
ANGPTL4	2	1	HUMAN,PANTR
ANGPTL5	2	1	HUMAN,PANTR
ANGPTL6	2	1	HUMAN,PANTR
ANGPTL7	2	1	HUMAN,PANTR
ANGPTL8	2	1	HUMAN,PANTR
ANHX	2	1	HUMAN,PANTR
ANK1	2	1	HUMAN,PANTR
ANK2	2	1	HUMAN,PANTR
ANK3	2	1	HUMAN,PANTR
ANKAR	2	1	HUMAN,PANTR
ANKDD1A	2	1	HUMAN,PANTR
ANKDD1B	2	1	HUMAN,PANTR
ANKEF1	2	1	HUMAN,PANTR
ANKFN1	2	1	HUMAN,PANTR
ANKFY1	2	1	HUMAN,PANTR
ANKH	3	3	CANLF,HUMAN,PANTR
ANKIB1	2	1	HUMAN,PANTR
ANKK1	2	1	HUMAN,PANTR
ANKLE1	2	1	HUMAN,PANTR
ANKLE2	2	1	HUMAN,PANTR
ANKMY1	2	1	HUMAN,PANTR
ANKRA2	2	1	HUMAN,PANTR
ANKRD1	2	1	HUMAN,PANTR
ANKRD10	2	1	HUMAN,PANTR
ANKRD11	2	1	HUMAN,PANTR
ANKRD12	2	1	HUMAN,PANTR
ANKRD13A	2	1	HUMAN,PANTR
ANKRD13B	2	1	HUMAN,PANTR
ANKRD13C	3	3	BOVIN,HUMAN,PANTR
ANKRD13D	2	1	HUMAN,PANTR
ANKRD16	2	1	HUMAN,PANTR
ANKRD17	3	3	CANLF,HUMAN,PANTR
ANKRD18A	2	1	HUMAN,PANTR
ANKRD18B	2	1	HUMAN,PANTR
ANKRD2	2	1	HUMAN,PANTR
ANKRD22	2	1	HUMAN,PANTR
ANKRD23	2	1	HUMAN,PANTR
ANKRD24	2	1	HUMAN,PANTR
ANKRD26	2	1	HUMAN,PANTR
ANKRD27	2	1	HUMAN,PANTR
ANKRD28	2	1	HUMAN,PANTR
ANKRD29	2	1	HUMAN,PANTR
ANKRD30A	2	1	HUMAN,PANTR
ANKRD31	3	3	CANLF,HUMAN,PANTR
ANKRD33	2	1	HUMAN,PANTR
ANKRD33B	2	1	HUMAN,PANTR
ANKRD34A	2	1	HUMAN,PANTR
ANKRD34B	2	1	HUMAN,PANTR
ANKRD34C	2	1	HUMAN,PANTR
ANKRD35	2	1	HUMAN,PANTR
ANKRD36C	2	1	HUMAN,PANTR
ANKRD37	2	1	HUMAN,PANTR
ANKRD39	2	1	HUMAN,PANTR
ANKRD40	2	1	HUMAN,PANTR
ANKRD42	4	6	BOVIN,CANLF,HUMAN,PANTR
ANKRD44	4	6	BOVIN,CANLF,HUMAN,PANTR
ANKRD45	2	1	HUMAN,PANTR
ANKRD46	2	1	HUMAN,PANTR
ANKRD49	2	1	HUMAN,PANTR
ANKRD50	2	1	HUMAN,PANTR
ANKRD52	2	1	HUMAN,PANTR
ANKRD53	2	1	HUMAN,PANTR
ANKRD54	2	1	HUMAN,PANTR
ANKRD55	2	1	HUMAN,PANTR
ANKRD6	4	6	BOVIN,CANLF,HUMAN,PANTR
ANKRD60	2	1	HUMAN,PANTR
ANKRD61	2	1	HUMAN,PANTR
ANKRD62	2	1	HUMAN,PANTR
ANKRD63	2	1	HUMAN,PANTR
ANKRD65	3	3	CANLF,HUMAN,PANTR
ANKRD66	2	1	HUMAN,PANTR
ANKRD7	2	1	HUMAN,PANTR
ANKRD9	2	1	HUMAN,PANTR
ANKS1A	2	1	HUMAN,PANTR
ANKS1B	2	1	HUMAN,PANTR
ANKS3	2	1	HUMAN,PANTR
ANKS4B	2	1	HUMAN,PANTR
ANKS6	2	1	HUMAN,PANTR
ANKUB1	2	1	HUMAN,PANTR
ANKZF1	2	1	HUMAN,PANTR
ANLN	2	1	HUMAN,PANTR
ANO10	2	1	HUMAN,PANTR
ANO2	2	1	HUMAN,PANTR
ANO3	2	1	HUMAN,PANTR
ANO4	2	1	HUMAN,PANTR
ANO5	2	1	HUMAN,PANTR
ANO6	2	1	HUMAN,PANTR
ANO7	3	3	CANLF,HUMAN,PANTR
ANO8	2	1	HUMAN,PANTR
ANO9	2	1	HUMAN,PANTR
ANOS1	2	1	HUMAN,PANTR
ANP32A	2	1	HUMAN,PANTR
ANP32B	2	1	HUMAN,PANTR
ANP32E	2	1	HUMAN,PANTR
ANPEP	2	1	CANLF,HUMAN
ANTKMT	2	1	HUMAN,PANTR
ANTXR1	2	1	HUMAN,PANTR
ANTXR2	2	1	HUMAN,PANTR
ANXA1	2	1	HUMAN,PANTR
ANXA10	2	1	HUMAN,PANTR
ANXA11	2	1	HUMAN,PANTR
ANXA13	2	1	HUMAN,PANTR
ANXA2	2	1	HUMAN,PANTR
ANXA2R	2	1	HUMAN,PANTR
ANXA3	2	1	HUMAN,PANTR
ANXA4	2	1	HUMAN,PANTR
ANXA5	2	1	HUMAN,PANTR
ANXA7	2	1	HUMAN,PANTR
ANXA9	2	1	HUMAN,PANTR
AOAH	2	1	HUMAN,PANTR
AOC1	2	1	HUMAN,PANTR
AOC2	2	1	HUMAN,PANTR
AOC3	2	1	HUMAN,PANTR
AOPEP	2	1	HUMAN,PANTR
AOX1	2	1	HUMAN,PANTR
AP1AR	2	1	HUMAN,PANTR
AP1B1	2	1	HUMAN,PANTR
AP1G1	2	1	HUMAN,PANTR
AP1G2	2	1	HUMAN,PANTR
AP1M1	2	1	HUMAN,PANTR
AP1M2	2	1	HUMAN,PANTR
AP1S1	2	1	HUMAN,PANTR
AP1S2	2	1	CANLF,HUMAN
AP1S3	2	1	HUMAN,PANTR
AP2A1	2	1	HUMAN,PANTR
AP2A2	2	1	HUMAN,PANTR
AP2B1	2	1	HUMAN,PANTR
AP2M1	2	1	HUMAN,PANTR
AP2S1	2	1	HUMAN,PANTR
AP3B1	2	1	HUMAN,PANTR
AP3B2	2	1	HUMAN,PANTR
AP3D1	2	1	HUMAN,PANTR
AP3M1	2	1	HUMAN,PANTR
AP3M2	3	3	CANLF,HUMAN,PANTR
AP3S1	2	1	HUMAN,PANTR
AP3S2	3	3	BOVIN,CANLF,HUMAN
AP4B1	2	1	HUMAN,PANTR
AP4E1	2	1	HUMAN,PANTR
AP4M1	2	1	HUMAN,PANTR
AP4S1	2	1	HUMAN,PANTR
AP5M1	2	1	HUMAN,PANTR
AP5S1	2	1	HUMAN,PANTR
AP5Z1	2	1	HUMAN,PANTR
APAF1	3	3	CANLF,HUMAN,PANTR
APBA1	2	1	HUMAN,PANTR
APBA2	2	1	HUMAN,PANTR
APBA3	2	1	HUMAN,PANTR
APBB1	2	1	HUMAN,PANTR
APBB1IP	2	1	HUMAN,PANTR
APBB2	2	1	HUMAN,PANTR
APBB3	2	1	HUMAN,PANTR
APC	3	3	BOVIN,HUMAN,PANTR
APC2	3	3	CANLF,HUMAN,PANTR
APCDD1	2	1	HUMAN,PANTR
APCDD1L	2	1	HUMAN,PANTR
APCS	2	1	HUMAN,PANTR
APEH	2	1	HUMAN,PANTR
APELA	2	1	HUMAN,PANTR
APEX1	3	3	CANLF,HUMAN,PANTR
APEX2	2	1	HUMAN,PANTR
APH1A	2	1	HUMAN,PANTR
APH1B	2	1	HUMAN,PANTR
API5	2	1	HUMAN,PANTR
APIP	2	1	HUMAN,PANTR
APLF	4	6	BOVIN,CANLF,HUMAN,PANTR
APLNR	2	1	HUMAN,PANTR
APLP1	2	1	HUMAN,PANTR
APLP2	2	1	HUMAN,PANTR
APMAP	2	1	HUMAN,PANTR
APOA1	2	1	HUMAN,PANTR
APOA2	2	1	HUMAN,PANTR
APOA4	3	3	CANLF,HUMAN,PANTR
APOA5	2	1	HUMAN,PANTR
APOB	2	1	HUMAN,PANTR
APOBEC1	2	1	HUMAN,PANTR
APOBEC2	2	1	HUMAN,PANTR
APOBEC3B	2	1	HUMAN,PANTR
APOBEC3C	2	1	HUMAN,PANTR
APOBEC3D	2	1	HUMAN,PANTR
APOBEC3G	2	1	HUMAN,PANTR
APOBEC3H	2	1	HUMAN,PANTR
APOBEC4	2	1	HUMAN,PANTR
APOC1	2	1	HUMAN,PANTR
APOC2	3	3	BOVIN,CANLF,HUMAN
APOC3	3	3	BOVIN,HUMAN,PANTR
APOC4	4	6	BOVIN,CANLF,HUMAN,PANTR
APOD	2	1	HUMAN,PANTR
APOE	3	3	BOVIN,HUMAN,PANTR
APOF	3	3	BOVIN,HUMAN,PANTR
APOH	2	1	HUMAN,PANTR
APOL2	2	1	HUMAN,PANTR
APOL3	2	1	HUMAN,PANTR
APOL5	2	1	HUMAN,PANTR
APOL6	2	1	HUMAN,PANTR
APOLD1	2	1	HUMAN,PANTR
APOM	2	1	HUMAN,PANTR
APOO	2	1	HUMAN,PANTR
APOOL	2	1	HUMAN,PANTR
APP	2	1	HUMAN,PANTR
APPBP2	2	1	HUMAN,PANTR
APPL1	2	1	HUMAN,PANTR
APPL2	2	1	HUMAN,PANTR
APRT	2	1	HUMAN,PANTR
APTX	2	1	HUMAN,PANTR
AQP1	2	1	HUMAN,PANTR
AQP10	2	1	HUMAN,PANTR
AQP11	2	1	HUMAN,PANTR
AQP2	2	1	HUMAN,PANTR
AQP3	3	3	BOVIN,HUMAN,PANTR
AQP4	2	1	HUMAN,PANTR
AQP5	3	3	CANLF,HUMAN,PANTR
AQP6	2	1	HUMAN,PANTR
AQP7	2	1	HUMAN,PANTR
AQP8	2	1	HUMAN,PANTR
AQP9	2	1	HUMAN,PANTR
AQR	2	1	HUMAN,PANTR
ARAP1	2	1	HUMAN,PANTR
ARAP2	2	1	HUMAN,PANTR
ARAP3	2	1	HUMAN,PANTR
ARC	2	1	HUMAN,PANTR
ARCN1	2	1	HUMAN,PANTR
AREG	2	1	HUMAN,PANTR
AREL1	2	1	HUMAN,PANTR
ARF1	2	1	HUMAN,PANTR
ARF3	2	1	HUMAN,PANTR
ARF4	2	1	HUMAN,PANTR
ARF5	3	3	CANLF,HUMAN,PANTR
ARF6	2	1	HUMAN,PANTR
ARFGAP1	3	3	BOVIN,HUMAN,PANTR
ARFGAP2	2	1	HUMAN,PANTR
ARFGAP3	2	1	HUMAN,PANTR
ARFGEF1	2	1	HUMAN,PANTR
ARFGEF2	2	1	HUMAN,PANTR
ARFGEF3	2	1	HUMAN,PANTR
ARFIP1	2	1	HUMAN,PANTR
ARFIP2	2	1	HUMAN,PANTR
ARFRP1	2	1	HUMAN,PANTR
ARG1	2	1	HUMAN,PANTR
ARG2	2	1	HUMAN,PANTR
ARGFX	2	1	HUMAN,PANTR
ARGLU1	2	1	HUMAN,PANTR
ARHGAP1	2	1	HUMAN,PANTR
ARHGAP10	2	1	HUMAN,PANTR
ARHGAP11A	2	1	HUMAN,PANTR
ARHGAP12	2	1	HUMAN,PANTR
ARHGAP15	2	1	HUMAN,PANTR
ARHGAP17	2	1	HUMAN,PANTR
ARHGAP18	2	1	HUMAN,PANTR
ARHGAP20	2	1	HUMAN,PANTR
ARHGAP21	2	1	HUMAN,PANTR
ARHGAP22	3	3	CANLF,HUMAN,PANTR
ARHGAP23	3	3	BOVIN,HUMAN,PANTR
ARHGAP24	2	1	HUMAN,PANTR
ARHGAP25	2	1	HUMAN,PANTR
ARHGAP26	2	1	HUMAN,PANTR
ARHGAP27	2	1	HUMAN,PANTR
ARHGAP28	2	1	HUMAN,PANTR
ARHGAP29	2	1	HUMAN,PANTR
ARHGAP30	2	1	HUMAN,PANTR
ARHGAP31	2	1	HUMAN,PANTR
ARHGAP32	2	1	HUMAN,PANTR
ARHGAP33	2	1	HUMAN,PANTR
ARHGAP35	2	1	HUMAN,PANTR
ARHGAP36	2	1	HUMAN,PANTR
ARHGAP39	2	1	HUMAN,PANTR
ARHGAP4	2	1	HUMAN,PANTR
ARHGAP40	2	1	HUMAN,PANTR
ARHGAP42	2	1	HUMAN,PANTR
ARHGAP44	2	1	HUMAN,PANTR
ARHGAP5	2	1	HUMAN,PANTR
ARHGAP6	2	1	HUMAN,PANTR
ARHGAP9	2	1	HUMAN,PANTR
ARHGDIA	2	1	HUMAN,PANTR
ARHGDIB	2	1	HUMAN,PANTR
ARHGDIG	2	1	HUMAN,PANTR
ARHGEF1	3	3	BOVIN,HUMAN,PANTR
ARHGEF10	2	1	HUMAN,PANTR
ARHGEF10L	2	1	HUMAN,PANTR
ARHGEF11	3	3	BOVIN,HUMAN,PANTR
ARHGEF12	2	1	HUMAN,PANTR
ARHGEF15	2	1	HUMAN,PANTR
ARHGEF16	2	1	HUMAN,PANTR
ARHGEF19	2	1	HUMAN,PANTR
ARHGEF2	2	1	HUMAN,PANTR
ARHGEF25	2	1	HUMAN,PANTR
ARHGEF26	2	1	HUMAN,PANTR
ARHGEF28	2	1	HUMAN,PANTR
ARHGEF3	2	1	HUMAN,PANTR
ARHGEF33	3	3	BOVIN,HUMAN,PANTR
ARHGEF37	2	1	HUMAN,PANTR
ARHGEF38	2	1	HUMAN,PANTR
ARHGEF39	2	1	HUMAN,PANTR
ARHGEF4	4	6	BOVIN,CANLF,HUMAN,PANTR
ARHGEF40	2	1	HUMAN,PANTR
ARHGEF5	2	1	HUMAN,PANTR
ARHGEF6	2	1	HUMAN,PANTR
ARHGEF7	2	1	HUMAN,PANTR
ARHGEF9	2	1	HUMAN,PANTR
ARID1A	2	1	HUMAN,PANTR
ARID1B	3	3	CANLF,HUMAN,PANTR
ARID2	2	1	HUMAN,PANTR
ARID3A	2	1	HUMAN,PANTR
ARID3B	2	1	HUMAN,PANTR
ARID3C	2	1	HUMAN,PANTR
ARID4A	2	1	HUMAN,PANTR
ARID4B	2	1	HUMAN,PANTR
ARID5A	2	1	HUMAN,PANTR
ARID5B	2	1	HUMAN,PANTR
ARIH1	2	1	HUMAN,PANTR
ARIH2	2	1	HUMAN,PANTR
ARL1	2	1	HUMAN,PANTR
ARL10	2	1	HUMAN,PANTR
ARL11	2	1	HUMAN,PANTR
ARL13A	2	1	HUMAN,PANTR
ARL13B	2	1	HUMAN,PANTR
ARL14	2	1	HUMAN,PANTR
ARL14EP	2	1	HUMAN,PANTR
ARL14EPL	2	1	HUMAN,PANTR
ARL15	2	1	HUMAN,PANTR
ARL16	2	1	HUMAN,PANTR
ARL2	2	1	HUMAN,PANTR
ARL2BP	2	1	HUMAN,PANTR
ARL3	2	1	HUMAN,PANTR
ARL4A	2	1	HUMAN,PANTR
ARL4C	2	1	HUMAN,PANTR
ARL4D	2	1	HUMAN,PANTR
ARL5A	2	1	HUMAN,PANTR
ARL5B	2	1	HUMAN,PANTR
ARL5C	2	1	HUMAN,PANTR
ARL6	2	1	HUMAN,PANTR
ARL6IP1	2	1	HUMAN,PANTR
ARL6IP4	3	3	BOVIN,HUMAN,PANTR
ARL6IP5	2	1	HUMAN,PANTR
ARL6IP6	2	1	HUMAN,PANTR
ARL8A	2	1	HUMAN,PANTR
ARL8B	2	1	HUMAN,PANTR
ARL9	3	3	CANLF,HUMAN,PANTR
ARMC1	2	1	HUMAN,PANTR
ARMC10	2	1	HUMAN,PANTR
ARMC12	2	1	HUMAN,PANTR
ARMC2	3	3	BOVIN,HUMAN,PANTR
ARMC3	2	1	HUMAN,PANTR
ARMC5	2	1	HUMAN,PANTR
ARMC6	2	1	HUMAN,PANTR
ARMC7	3	3	CANLF,HUMAN,PANTR
ARMC8	2	1	HUMAN,PANTR
ARMC9	2	1	HUMAN,PANTR
ARMCX1	4	6	BOVIN,CANLF,HUMAN,PANTR
ARMCX2	4	6	BOVIN,CANLF,HUMAN,PANTR
ARMCX3	3	3	BOVIN,CANLF,HUMAN
ARMCX5	2	1	CANLF,HUMAN
ARMCX6	3	3	CANLF,HUMAN,PANTR
ARMH1	2	1	HUMAN,PANTR
ARMH3	2	1	HUMAN,PANTR
ARMH4	4	6	BOVIN,CANLF,HUMAN,PANTR
ARMT1	3	3	BOVIN,HUMAN,PANTR
ARNT	3	3	CANLF,HUMAN,PANTR
ARNT2	3	3	CANLF,HUMAN,PANTR
ARNTL	4	6	BOVIN,CANLF,HUMAN,PANTR
ARNTL2	4	6	BOVIN,CANLF,HUMAN,PANTR
ARPC1A	2	1	HUMAN,PANTR
ARPC1B	2	1	HUMAN,PANTR
ARPC2	3	3	BOVIN,HUMAN,PANTR
ARPC3	3	3	BOVIN,HUMAN,PANTR
ARPC4	3	3	CANLF,HUMAN,PANTR
ARPC5	3	3	CANLF,HUMAN,PANTR
ARPC5L	2	1	HUMAN,PANTR
ARPP19	2	1	HUMAN,PANTR
ARPP21	2	1	HUMAN,PANTR
ARR3	2	1	HUMAN,PANTR
ARRB1	2	1	HUMAN,PANTR
ARRB2	2	1	HUMAN,PANTR
ARRDC1	2	1	HUMAN,PANTR
ARRDC2	2	1	HUMAN,PANTR
ARRDC3	2	1	HUMAN,PANTR
ARRDC4	2	1	HUMAN,PANTR
ARRDC5	2	1	HUMAN,PANTR
ARSA	2	1	HUMAN,PANTR
ARSB	2	1	HUMAN,PANTR
ARSF	2	1	CANLF,HUMAN
ARSG	3	3	CANLF,HUMAN,PANTR
ARSH	3	3	CANLF,HUMAN,PANTR
ARSI	2	1	HUMAN,PANTR
ARSJ	2	1	HUMAN,PANTR
ARSK	2	1	HUMAN,PANTR
ART1	2	1	HUMAN,PANTR
ART3	2	1	HUMAN,PANTR
ART4	4	6	BOVIN,CANLF,HUMAN,PANTR
ART5	2	1	HUMAN,PANTR
ARTN	2	1	HUMAN,PANTR
ARV1	2	1	HUMAN,PANTR
ARVCF	2	1	HUMAN,PANTR
AS3MT	2	1	HUMAN,PANTR
ASAH1	2	1	HUMAN,PANTR
ASAP1	2	1	HUMAN,PANTR
ASAP2	2	1	HUMAN,PANTR
ASAP3	2	1	HUMAN,PANTR
ASB1	2	1	HUMAN,PANTR
ASB10	2	1	HUMAN,PANTR
ASB11	2	1	HUMAN,PANTR
ASB12	2	1	HUMAN,PANTR
ASB13	3	3	CANLF,HUMAN,PANTR
ASB14	2	1	HUMAN,PANTR
ASB15	2	1	HUMAN,PANTR
ASB16	2	1	HUMAN,PANTR
ASB17	2	1	HUMAN,PANTR
ASB18	2	1	HUMAN,PANTR
ASB2	2	1	HUMAN,PANTR
ASB3	2	1	HUMAN,PANTR
ASB4	2	1	HUMAN,PANTR
ASB5	2	1	HUMAN,PANTR
ASB6	2	1	HUMAN,PANTR
ASB7	2	1	HUMAN,PANTR
ASB8	2	1	HUMAN,PANTR
ASB9	2	1	HUMAN,PANTR
ASCC1	2	1	HUMAN,PANTR
ASCC2	2	1	HUMAN,PANTR
ASCC3	2	1	HUMAN,PANTR
ASCL1	2	1	HUMAN,PANTR
ASCL2	2	1	HUMAN,PANTR
ASCL3	3	3	BOVIN,HUMAN,PANTR
ASCL4	2	1	HUMAN,PANTR
ASCL5	2	1	HUMAN,PANTR
ASF1A	2	1	HUMAN,PANTR
ASF1B	2	1	HUMAN,PANTR
ASGR1	2	1	HUMAN,PANTR
ASGR2	3	3	CANLF,HUMAN,PANTR
ASH1L	2	1	HUMAN,PANTR
ASH2L	3	3	BOVIN,HUMAN,PANTR
ASIC1	2	1	HUMAN,PANTR
ASIC2	2	1	HUMAN,PANTR
ASIC3	2	1	HUMAN,PANTR
ASIC4	2	1	HUMAN,PANTR
ASIC5	2	1	HUMAN,PANTR
ASIP	2	1	HUMAN,PANTR
ASL	2	1	HUMAN,PANTR
ASNS	3	3	CANLF,HUMAN,PANTR
ASNSD1	2	1	HUMAN,PANTR
ASPA	2	1	HUMAN,PANTR
ASPDH	2	1	HUMAN,PANTR
ASPG	3	3	CANLF,HUMAN,PANTR
ASPH	2	1	HUMAN,PANTR
ASPHD1	2	1	HUMAN,PANTR
ASPHD2	2	1	HUMAN,PANTR
ASPM	2	1	HUMAN,PANTR
ASPN	2	1	HUMAN,PANTR
ASPSCR1	2	1	HUMAN,PANTR
ASRGL1	2	1	HUMAN,PANTR
ASS1	2	1	HUMAN,PANTR
ASTE1	3	3	CANLF,HUMAN,PANTR
ASTL	2	1	HUMAN,PANTR
ASTN1	2	1	HUMAN,PANTR
ASTN2	2	1	HUMAN,PANTR
ASXL1	2	1	HUMAN,PANTR
ASXL2	2	1	HUMAN,PANTR
ASXL3	2	1	HUMAN,PANTR
ASZ1	2	1	HUMAN,PANTR
ATAD1	2	1	HUMAN,PANTR
ATAD2	2	1	HUMAN,PANTR
ATAD2B	2	1	HUMAN,PANTR
ATAD3B	2	1	HUMAN,PANTR
ATAD3C	2	1	HUMAN,PANTR
ATAD5	2	1	HUMAN,PANTR
ATAT1	2	1	HUMAN,PANTR
ATCAY	2	1	HUMAN,PANTR
ATE1	2	1	HUMAN,PANTR
ATF1	2	1	HUMAN,PANTR
ATF2	2	1	HUMAN,PANTR
ATF3	2	1	HUMAN,PANTR
ATF4	2	1	HUMAN,PANTR
ATF5	2	1	HUMAN,PANTR
ATF6	2	1	HUMAN,PANTR
ATF6B	2	1	CANLF,HUMAN
ATF7	2	1	HUMAN,PANTR
ATF7IP	2	1	HUMAN,PANTR
ATF7IP2	3	3	CANLF,HUMAN,PANTR
ATG10	2	1	HUMAN,PANTR
ATG101	2	1	HUMAN,PANTR
ATG12	2	1	HUMAN,PANTR
ATG13	2	1	HUMAN,PANTR
ATG14	2	1	HUMAN,PANTR
ATG16L1	2	1	HUMAN,PANTR
ATG16L2	2	1	HUMAN,PANTR
ATG2A	2	1	HUMAN,PANTR
ATG2B	2	1	HUMAN,PANTR
ATG3	2	1	HUMAN,PANTR
ATG4A	2	1	HUMAN,PANTR
ATG4B	2	1	HUMAN,PANTR
ATG4C	2	1	HUMAN,PANTR
ATG4D	2	1	HUMAN,PANTR
ATG5	3	3	BOVIN,HUMAN,PANTR
ATG7	2	1	HUMAN,PANTR
ATG9A	2	1	HUMAN,PANTR
ATG9B	2	1	HUMAN,PANTR
ATIC	2	1	HUMAN,PANTR
ATL1	2	1	HUMAN,PANTR
ATL2	2	1	HUMAN,PANTR
ATL3	2	1	HUMAN,PANTR
ATM	2	1	HUMAN,PANTR
ATMIN	3	3	CANLF,HUMAN,PANTR
ATOH1	2	1	HUMAN,PANTR
ATOH7	2	1	HUMAN,PANTR
ATOH8	2	1	HUMAN,PANTR
ATOX1	2	1	HUMAN,PANTR
ATP10A	3	3	CANLF,HUMAN,PANTR
ATP10B	2	1	HUMAN,PANTR
ATP10D	4	6	BOVIN,CANLF,HUMAN,PANTR
ATP11A	2	1	HUMAN,PANTR
ATP11B	3	3	BOVIN,HUMAN,PANTR
ATP11C	2	1	HUMAN,PANTR
ATP12A	2	1	HUMAN,PANTR
ATP13A1	2	1	HUMAN,PANTR
ATP13A2	2	1	HUMAN,PANTR
ATP13A3	2	1	HUMAN,PANTR
ATP13A4	2	1	HUMAN,PANTR
ATP13A5	2	1	HUMAN,PANTR
ATP1A1	2	1	HUMAN,PANTR
ATP1A2	3	3	BOVIN,HUMAN,PANTR
ATP1A3	2	1	HUMAN,PANTR
ATP1A4	2	1	HUMAN,PANTR
ATP1B1	2	1	HUMAN,PANTR
ATP1B2	2	1	HUMAN,PANTR
ATP1B3	2	1	HUMAN,PANTR
ATP1B4	2	1	HUMAN,PANTR
ATP23	2	1	HUMAN,PANTR
ATP2A1	2	1	HUMAN,PANTR
ATP2A2	2	1	HUMAN,PANTR
ATP2A3	2	1	HUMAN,PANTR
ATP2B1	2	1	HUMAN,PANTR
ATP2B2	2	1	HUMAN,PANTR
ATP2B3	2	1	HUMAN,PANTR
ATP2B4	2	1	HUMAN,PANTR
ATP2C1	2	1	HUMAN,PANTR
ATP2C2	2	1	HUMAN,PANTR
ATP4A	2	1	HUMAN,PANTR
ATP4B	2	1	HUMAN,PANTR
ATP5F1A	3	3	CANLF,HUMAN,PANTR
ATP5F1B	2	1	HUMAN,PANTR
ATP5F1C	2	1	HUMAN,PANTR
ATP5F1E	3	3	BOVIN,HUMAN,PANTR
ATP5IF1	3	3	BOVIN,HUMAN,PANTR
ATP5MC1	4	6	BOVIN,CANLF,HUMAN,PANTR
ATP5MC2	3	3	BOVIN,HUMAN,PANTR
ATP5MC3	3	3	BOVIN,HUMAN,PANTR
ATP5ME	3	3	BOVIN,HUMAN,PANTR
ATP5MG	3	3	BOVIN,HUMAN,PANTR
ATP5MJ	2	1	HUMAN,PANTR
ATP5MK	3	3	BOVIN,HUMAN,PANTR
ATP5PB	2	1	HUMAN,PANTR
ATP5PD	2	1	HUMAN,PANTR
ATP5PO	3	3	BOVIN,HUMAN,PANTR
ATP6AP1	2	1	HUMAN,PANTR
ATP6AP1L	3	3	CANLF,HUMAN,PANTR
ATP6AP2	2	1	HUMAN,PANTR
ATP6V0A1	2	1	HUMAN,PANTR
ATP6V0A2	2	1	HUMAN,PANTR
ATP6V0A4	2	1	HUMAN,PANTR
ATP6V0B	2	1	HUMAN,PANTR
ATP6V0C	2	1	HUMAN,PANTR
ATP6V0D1	2	1	HUMAN,PANTR
ATP6V0D2	2	1	HUMAN,PANTR
ATP6V0E1	2	1	HUMAN,PANTR
ATP6V0E2	2	1	HUMAN,PANTR
ATP6V1A	2	1	HUMAN,PANTR
ATP6V1B1	2	1	HUMAN,PANTR
ATP6V1B2	2	1	HUMAN,PANTR
ATP6V1C1	2	1	HUMAN,PANTR
ATP6V1C2	2	1	HUMAN,PANTR
ATP6V1D	2	1	HUMAN,PANTR
ATP6V1E2	2	1	HUMAN,PANTR
ATP6V1FNB	2	1	CANLF,HUMAN
ATP6V1G1	2	1	HUMAN,PANTR
ATP6V1G2	4	6	BOVIN,CANLF,HUMAN,PANTR
ATP6V1G3	2	1	HUMAN,PANTR
ATP6V1H	2	1	HUMAN,PANTR
ATP7A	2	1	HUMAN,PANTR
ATP7B	2	1	HUMAN,PANTR
ATP8A1	2	1	HUMAN,PANTR
ATP8A2	3	3	CANLF,HUMAN,PANTR
ATP8B1	2	1	HUMAN,PANTR
ATP8B2	2	1	HUMAN,PANTR
ATP8B3	3	3	BOVIN,HUMAN,PANTR
ATP8B4	3	3	CANLF,HUMAN,PANTR
ATP9A	2	1	HUMAN,PANTR
ATP9B	3	3	CANLF,HUMAN,PANTR
ATPAF1	2	1	HUMAN,PANTR
ATPAF2	2	1	HUMAN,PANTR
ATPSCKMT	2	1	HUMAN,PANTR
ATR	2	1	HUMAN,PANTR
ATRAID	2	1	HUMAN,PANTR
ATRIP	2	1	HUMAN,PANTR
ATRN	2	1	HUMAN,PANTR
ATRNL1	3	3	BOVIN,HUMAN,PANTR
ATRX	2	1	HUMAN,PANTR
ATXN1	2	1	HUMAN,PANTR
ATXN10	2	1	HUMAN,PANTR
ATXN1L	2	1	HUMAN,PANTR
ATXN2	2	1	HUMAN,PANTR
ATXN2L	2	1	HUMAN,PANTR
ATXN3	3	3	BOVIN,HUMAN,PANTR
ATXN7	2	1	HUMAN,PANTR
ATXN7L2	2	1	HUMAN,PANTR
ATXN7L3B	2	1	HUMAN,PANTR
AUH	2	1	HUMAN,PANTR
AUNIP	2	1	HUMAN,PANTR
AUP1	2	1	HUMAN,PANTR
AURKA	2	1	HUMAN,PANTR
AURKAIP1	3	3	CANLF,HUMAN,PANTR
AURKB	2	1	HUMAN,PANTR
AURKC	2	1	HUMAN,PANTR
AUTS2	2	1	HUMAN,PANTR
AVEN	2	1	HUMAN,PANTR
AVIL	2	1	HUMAN,PANTR
AVL9	2	1	HUMAN,PANTR
AVP	2	1	HUMAN,PANTR
AVPI1	3	3	CANLF,HUMAN,PANTR
AVPR1A	2	1	HUMAN,PANTR
AVPR1B	2	1	HUMAN,PANTR
AVPR2	2	1	HUMAN,PANTR
AWAT1	2	1	HUMAN,PANTR
AWAT2	2	1	HUMAN,PANTR
AXDND1	2	1	HUMAN,PANTR
AXIN1	2	1	HUMAN,PANTR
AXIN2	2	1	HUMAN,PANTR
AXL	2	1	HUMAN,PANTR
AZGP1	2	1	HUMAN,PANTR
AZI2	2	1	HUMAN,PANTR
AZIN1	2	1	HUMAN,PANTR
AZIN2	3	3	BOVIN,HUMAN,PANTR
AZU1	2	1	HUMAN,PANTR
B2M	2	1	HUMAN,PANTR
B3GALNT2	2	1	HUMAN,PANTR
B3GALT1	2	1	HUMAN,PANTR
B3GALT2	2	1	HUMAN,PANTR
B3GALT5	2	1	BOVIN,HUMAN
B3GALT6	3	3	CANLF,HUMAN,PANTR
B3GAT1	2	1	HUMAN,PANTR
B3GAT2	2	1	HUMAN,PANTR
B3GAT3	2	1	HUMAN,PANTR
B3GLCT	2	1	HUMAN,PANTR
B3GNT2	3	3	BOVIN,HUMAN,PANTR
B3GNT4	3	3	CANLF,HUMAN,PANTR
B3GNT5	2	1	HUMAN,PANTR
B3GNT6	2	1	HUMAN,PANTR
B3GNT7	2	1	HUMAN,PANTR
B3GNT8	2	1	HUMAN,PANTR
B3GNT9	2	1	HUMAN,PANTR
B4GALNT1	2	1	HUMAN,PANTR
B4GALNT2	2	1	HUMAN,PANTR
B4GALNT3	2	1	HUMAN,PANTR
B4GALNT4	2	1	HUMAN,PANTR
B4GALT1	2	1	HUMAN,PANTR
B4GALT2	2	1	HUMAN,PANTR
B4GALT3	2	1	HUMAN,PANTR
B4GALT4	2	1	HUMAN,PANTR
B4GALT5	2	1	HUMAN,PANTR
B4GALT6	2	1	HUMAN,PANTR
B4GALT7	2	1	HUMAN,PANTR
B4GAT1	2	1	HUMAN,PANTR
B9D1	3	3	CANLF,HUMAN,PANTR
B9D2	2	1	HUMAN,PANTR
BAALC	2	1	HUMAN,PANTR
BAAT	2	1	CANLF,HUMAN
BABAM1	4	6	BOVIN,CANLF,HUMAN,PANTR
BABAM2	2	1	HUMAN,PANTR
BACE1	2	1	HUMAN,PANTR
BACH1	2	1	HUMAN,PANTR
BACH2	2	1	HUMAN,PANTR
BAD	2	1	HUMAN,PANTR
BAG1	2	1	HUMAN,PANTR
BAG2	2	1	HUMAN,PANTR
BAG3	2	1	HUMAN,PANTR
BAG4	2	1	HUMAN,PANTR
BAG5	2	1	HUMAN,PANTR
BAG6	2	1	HUMAN,PANTR
BAHCC1	3	3	BOVIN,HUMAN,PANTR
BAHD1	2	1	HUMAN,PANTR
BAIAP2	2	1	HUMAN,PANTR
BAIAP2L1	2	1	HUMAN,PANTR
BAIAP2L2	2	1	HUMAN,PANTR
BAIAP3	2	1	HUMAN,PANTR
BAK1	2	1	HUMAN,PANTR
BAMBI	2	1	HUMAN,PANTR
BANF1	3	3	BOVIN,HUMAN,PANTR
BANF2	4	6	BOVIN,CANLF,HUMAN,PANTR
BANK1	2	1	HUMAN,PANTR
BANP	2	1	HUMAN,PANTR
BAP1	2	1	HUMAN,PANTR
BARD1	2	1	HUMAN,PANTR
BARHL1	2	1	HUMAN,PANTR
BARHL2	2	1	HUMAN,PANTR
BARX1	2	1	HUMAN,PANTR
BARX2	2	1	HUMAN,PANTR
BASP1	2	1	HUMAN,PANTR
BATF	2	1	HUMAN,PANTR
BATF2	2	1	HUMAN,PANTR
BATF3	2	1	HUMAN,PANTR
BAX	2	1	HUMAN,PANTR
BAZ1A	3	3	BOVIN,HUMAN,PANTR
BAZ1B	2	1	HUMAN,PANTR
BAZ2A	2	1	HUMAN,PANTR
BAZ2B	4	6	BOVIN,CANLF,HUMAN,PANTR
BBIP1	2	1	HUMAN,PANTR
BBLN	4	6	BOVIN,CANLF,HUMAN,PANTR
BBOF1	2	1	HUMAN,PANTR
BBOX1	2	1	HUMAN,PANTR
BBS2	2	1	BOVIN,HUMAN
BBS7	2	1	HUMAN,PANTR
BBX	2	1	HUMAN,PANTR
BCAM	4	6	BOVIN,CANLF,HUMAN,PANTR
BCAN	2	1	HUMAN,PANTR
BCAP29	2	1	HUMAN,PANTR
BCAR1	2	1	HUMAN,PANTR
BCAR3	4	6	BOVIN,CANLF,HUMAN,PANTR
BCAS1	2	1	HUMAN,PANTR
BCAS2	2	1	HUMAN,PANTR
BCAS3	2	1	HUMAN,PANTR
BCAS4	2	1	HUMAN,PANTR
BCAT1	2	1	HUMAN,PANTR
BCAT2	2	1	HUMAN,PANTR
BCCIP	2	1	HUMAN,PANTR
BCDIN3D	2	1	HUMAN,PANTR
BCHE	2	1	HUMAN,PANTR
BCKDHB	2	1	HUMAN,PANTR
BCKDK	2	1	HUMAN,PANTR
BCL10	2	1	HUMAN,PANTR
BCL11A	3	3	BOVIN,HUMAN,PANTR
BCL11B	2	1	HUMAN,PANTR
BCL2	2	1	HUMAN,PANTR
BCL2A1	2	1	HUMAN,PANTR
BCL2L1	2	1	HUMAN,PANTR
BCL2L10	2	1	HUMAN,PANTR
BCL2L11	2	1	HUMAN,PANTR
BCL2L12	2	1	HUMAN,PANTR
BCL2L13	3	3	BOVIN,HUMAN,PANTR
BCL2L14	2	1	HUMAN,PANTR
BCL2L15	2	1	HUMAN,PANTR
BCL2L2	3	3	BOVIN,HUMAN,PANTR
BCL3	3	3	CANLF,HUMAN,PANTR
BCL6	2	1	HUMAN,PANTR
BCL6B	2	1	HUMAN,PANTR
BCL7A	3	3	BOVIN,HUMAN,PANTR
BCL7B	2	1	HUMAN,PANTR
BCL7C	2	1	HUMAN,PANTR
BCL9	2	1	HUMAN,PANTR
BCLAF1	2	1	HUMAN,PANTR
BCLAF3	2	1	HUMAN,PANTR
BCO1	2	1	HUMAN,PANTR
BCO2	2	1	HUMAN,PANTR
BCOR	4	6	BOVIN,CANLF,HUMAN,PANTR
BCR	3	3	BOVIN,HUMAN,PANTR
BCS1L	2	1	HUMAN,PANTR
BDH1	2	1	HUMAN,PANTR
BDKRB1	2	1	HUMAN,PANTR
BDKRB2	2	1	HUMAN,PANTR
BDNF	2	1	HUMAN,PANTR
BDP1	2	1	HUMAN,PANTR
BECN1	2	1	HUMAN,PANTR
BECN2	2	1	HUMAN,PANTR
BEND2	3	3	CANLF,HUMAN,PANTR
BEND3	2	1	HUMAN,PANTR
BEND4	2	1	HUMAN,PANTR
BEND5	2	1	HUMAN,PANTR
BEND6	2	1	HUMAN,PANTR
BEND7	2	1	HUMAN,PANTR
BEST1	2	1	HUMAN,PANTR
BEST2	2	1	HUMAN,PANTR
BEST3	2	1	HUMAN,PANTR
BEST4	2	1	HUMAN,PANTR
BET1	2	1	HUMAN,PANTR
BET1L	2	1	HUMAN,PANTR
BEX1	2	1	HUMAN,PANTR
BEX2	2	1	HUMAN,PANTR
BEX3	4	6	BOVIN,CANLF,HUMAN,PANTR
BEX4	2	1	HUMAN,PANTR
BEX5	4	6	BOVIN,CANLF,HUMAN,PANTR
BFAR	2	1	HUMAN,PANTR
BFSP1	2	1	HUMAN,PANTR
BFSP2	2	1	HUMAN,PANTR
BGLAP	2	1	HUMAN,PANTR
BGN	2	1	HUMAN,PANTR
BHLHA15	2	1	HUMAN,PANTR
BHLHA9	2	1	HUMAN,PANTR
BHLHB9	2	1	HUMAN,PANTR
BHLHE23	2	1	HUMAN,PANTR
BHLHE40	2	1	HUMAN,PANTR
BHLHE41	2	1	HUMAN,PANTR
BHMT2	2	1	HUMAN,PANTR
BICC1	2	1	HUMAN,PANTR
BICD1	2	1	HUMAN,PANTR
BICD2	2	1	HUMAN,PANTR
BICDL1	3	3	BOVIN,HUMAN,PANTR
BICDL2	2	1	HUMAN,PANTR
BICRAL	2	1	HUMAN,PANTR
BID	2	1	HUMAN,PANTR
BIK	2	1	HUMAN,PANTR
BIN1	2	1	HUMAN,PANTR
BIN2	2	1	HUMAN,PANTR
BIN3	2	1	HUMAN,PANTR
BIRC2	2	1	HUMAN,PANTR
BIRC3	3	3	CANLF,HUMAN,PANTR
BIRC5	2	1	HUMAN,PANTR
BIRC6	2	1	HUMAN,PANTR
BIRC7	2	1	HUMAN,PANTR
BLK	2	1	HUMAN,PANTR
BLM	3	3	BOVIN,HUMAN,PANTR
BLMH	2	1	HUMAN,PANTR
BLNK	2	1	HUMAN,PANTR
BLOC1S2	2	1	HUMAN,PANTR
BLOC1S3	4	6	BOVIN,CANLF,HUMAN,PANTR
BLOC1S4	2	1	HUMAN,PANTR
BLOC1S6	2	1	HUMAN,PANTR
BLVRA	2	1	HUMAN,PANTR
BLVRB	2	1	HUMAN,PANTR
BLZF1	2	1	HUMAN,PANTR
BMERB1	2	1	HUMAN,PANTR
BMF	2	1	HUMAN,PANTR
BMP1	2	1	HUMAN,PANTR
BMP10	2	1	HUMAN,PANTR
BMP15	2	1	HUMAN,PANTR
BMP2	2	1	HUMAN,PANTR
BMP2K	2	1	HUMAN,PANTR
BMP3	3	3	CANLF,HUMAN,PANTR
BMP4	2	1	HUMAN,PANTR
BMP5	2	1	HUMAN,PANTR
BMP6	3	3	CANLF,HUMAN,PANTR
BMP7	2	1	HUMAN,PANTR
BMP8B	2	1	HUMAN,PANTR
BMPER	2	1	HUMAN,PANTR
BMPR1A	2	1	HUMAN,PANTR
BMPR1B	2	1	HUMAN,PANTR
BMPR2	2	1	HUMAN,PANTR
BMS1	2	1	HUMAN,PANTR
BMT2	2	1	HUMAN,PANTR
BMX	2	1	HUMAN,PANTR
BNC1	2	1	HUMAN,PANTR
BNC2	3	3	BOVIN,HUMAN,PANTR
BNIP1	2	1	HUMAN,PANTR
BNIP2	2	1	HUMAN,PANTR
BNIP3	2	1	HUMAN,PANTR
BNIP5	3	3	CANLF,HUMAN,PANTR
BNIPL	2	1	HUMAN,PANTR
BOD1	2	1	HUMAN,PANTR
BOD1L1	2	1	HUMAN,PANTR
BOD1L2	2	1	HUMAN,PANTR
BOK	2	1	HUMAN,PANTR
BOLA1	2	1	HUMAN,PANTR
BOLA3	2	1	HUMAN,PANTR
BOLL	2	1	HUMAN,PANTR
BORA	2	1	HUMAN,PANTR
BORCS5	2	1	HUMAN,PANTR
BORCS6	3	3	BOVIN,HUMAN,PANTR
BORCS8	3	3	CANLF,HUMAN,PANTR
BPGM	2	1	HUMAN,PANTR
BPHL	3	3	BOVIN,HUMAN,PANTR
BPI	2	1	HUMAN,PANTR
BPIFA1	2	1	HUMAN,PANTR
BPIFA2	2	1	HUMAN,PANTR
BPIFA3	2	1	HUMAN,PANTR
BPIFB1	2	1	HUMAN,PANTR
BPIFB2	2	1	HUMAN,PANTR
BPIFB3	2	1	HUMAN,PANTR
BPIFB4	2	1	HUMAN,PANTR
BPIFB6	2	1	HUMAN,PANTR
BPIFC	2	1	HUMAN,PANTR
BPNT1	3	3	CANLF,HUMAN,PANTR
BPNT2	2	1	HUMAN,PANTR
BPTF	2	1	HUMAN,PANTR
BRAF	2	1	HUMAN,PANTR
BRAP	2	1	HUMAN,PANTR
BRAT1	2	1	HUMAN,PANTR
BRCA1	3	3	BOVIN,HUMAN,PANTR
BRCA2	2	1	HUMAN,PANTR
BRD1	2	1	HUMAN,PANTR
BRD2	2	1	HUMAN,PANTR
BRD3	2	1	HUMAN,PANTR
BRD4	2	1	HUMAN,PANTR
BRD7	2	1	HUMAN,PANTR
BRD8	2	1	HUMAN,PANTR
BRDT	2	1	HUMAN,PANTR
BRF1	2	1	HUMAN,PANTR
BRF2	2	1	HUMAN,PANTR
BRI3	2	1	HUMAN,PANTR
BRI3BP	2	1	HUMAN,PANTR
BRICD5	2	1	HUMAN,PANTR
BRINP1	2	1	HUMAN,PANTR
BRINP2	2	1	HUMAN,PANTR
BRINP3	2	1	HUMAN,PANTR
BRIP1	2	1	HUMAN,PANTR
BRIX1	2	1	HUMAN,PANTR
BRK1	2	1	HUMAN,PANTR
BRME1	2	1	HUMAN,PANTR
BRMS1	2	1	HUMAN,PANTR
BROX	2	1	HUMAN,PANTR
BRPF1	2	1	HUMAN,PANTR
BRPF3	2	1	HUMAN,PANTR
BRS3	2	1	HUMAN,PANTR
BRSK1	3	3	CANLF,HUMAN,PANTR
BRSK2	2	1	CANLF,HUMAN
BRWD1	2	1	HUMAN,PANTR
BRWD3	2	1	HUMAN,PANTR
BSCL2	2	1	HUMAN,PANTR
BSDC1	2	1	HUMAN,PANTR
BSG	4	6	BOVIN,CANLF,HUMAN,PANTR
BSN	3	3	CANLF,HUMAN,PANTR
BSND	2	1	HUMAN,PANTR
BSPH1	2	1	HUMAN,PANTR
BSPRY	2	1	HUMAN,PANTR
BST1	2	1	HUMAN,PANTR
BST2	2	1	HUMAN,PANTR
BSX	2	1	HUMAN,PANTR
BTAF1	3	3	BOVIN,HUMAN,PANTR
BTBD1	2	1	HUMAN,PANTR
BTBD10	2	1	HUMAN,PANTR
BTBD11	2	1	HUMAN,PANTR
BTBD16	2	1	HUMAN,PANTR
BTBD17	2	1	HUMAN,PANTR
BTBD18	2	1	HUMAN,PANTR
BTBD19	2	1	HUMAN,PANTR
BTBD2	3	3	CANLF,HUMAN,PANTR
BTBD3	2	1	HUMAN,PANTR
BTBD6	2	1	HUMAN,PANTR
BTBD7	2	1	HUMAN,PANTR
BTBD8	2	1	HUMAN,PANTR
BTBD9	3	3	CANLF,HUMAN,PANTR
BTC	2	1	HUMAN,PANTR
BTD	2	1	HUMAN,PANTR
BTF3	3	3	CANLF,HUMAN,PANTR
BTF3L4	2	1	HUMAN,PANTR
BTG1	2	1	HUMAN,PANTR
BTG2	2	1	HUMAN,PANTR
BTG3	2	1	HUMAN,PANTR
BTG4	3	3	CANLF,HUMAN,PANTR
BTK	2	1	HUMAN,PANTR
BTLA	2	1	HUMAN,PANTR
BTN1A1	2	1	HUMAN,PANTR
BTN2A1	2	1	HUMAN,PANTR
BTN2A2	2	1	HUMAN,PANTR
BTN3A1	2	1	HUMAN,PANTR
BTN3A3	2	1	HUMAN,PANTR
BTNL2	2	1	HUMAN,PANTR
BTNL3	2	1	HUMAN,PANTR
BTNL8	2	1	HUMAN,PANTR
BTNL9	2	1	HUMAN,PANTR
BTRC	2	1	HUMAN,PANTR
BUB1	2	1	HUMAN,PANTR
BUB1B	2	1	HUMAN,PANTR
BUB3	2	1	HUMAN,PANTR
BUD13	2	1	HUMAN,PANTR
BUD23	2	1	HUMAN,PANTR
BUD31	2	1	HUMAN,PANTR
BVES	2	1	HUMAN,PANTR
BYSL	2	1	HUMAN,PANTR
BZW1	2	1	HUMAN,PANTR
BZW2	2	1	HUMAN,PANTR
C10orf105	2	1	HUMAN,PANTR
C10orf120	3	3	BOVIN,HUMAN,PANTR
C10orf53	2	1	HUMAN,PANTR
C10orf62	2	1	CANLF,HUMAN
C10orf67	2	1	HUMAN,PANTR
C10orf71	2	1	HUMAN,PANTR
C10orf82	2	1	HUMAN,PANTR
C10orf88	2	1	HUMAN,PANTR
C10orf90	2	1	HUMAN,PANTR
C10orf99	2	1	HUMAN,PANTR
C11orf1	2	1	HUMAN,PANTR
C11orf16	3	3	CANLF,HUMAN,PANTR
C11orf24	3	3	CANLF,HUMAN,PANTR
C11orf40	2	1	HUMAN,PANTR
C11orf42	3	3	CANLF,HUMAN,PANTR
C11orf49	4	6	BOVIN,CANLF,HUMAN,PANTR
C11orf52	3	3	CANLF,HUMAN,PANTR
C11orf53	2	1	HUMAN,PANTR
C11orf54	3	3	CANLF,HUMAN,PANTR
C11orf65	3	3	CANLF,HUMAN,PANTR
C11orf68	3	3	BOVIN,HUMAN,PANTR
C11orf71	3	3	BOVIN,HUMAN,PANTR
C11orf80	3	3	CANLF,HUMAN,PANTR
C11orf86	3	3	CANLF,HUMAN,PANTR
C11orf87	3	3	CANLF,HUMAN,PANTR
C11orf91	2	1	CANLF,HUMAN
C11orf94	2	1	CANLF,HUMAN
C11orf97	2	1	CANLF,HUMAN
C12orf29	3	3	BOVIN,HUMAN,PANTR
C12orf4	3	3	CANLF,HUMAN,PANTR
C12orf40	3	3	CANLF,HUMAN,PANTR
C12orf42	2	1	HUMAN,PANTR
C12orf43	3	3	BOVIN,HUMAN,PANTR
C12orf50	3	3	BOVIN,HUMAN,PANTR
C12orf54	2	1	BOVIN,HUMAN
C12orf56	3	3	BOVIN,HUMAN,PANTR
C12orf57	2	1	CANLF,HUMAN
C12orf60	4	6	BOVIN,CANLF,HUMAN,PANTR
C12orf71	3	3	BOVIN,HUMAN,PANTR
C12orf73	3	3	BOVIN,HUMAN,PANTR
C12orf75	3	3	BOVIN,HUMAN,PANTR
C12orf76	2	1	HUMAN,PANTR
C13orf46	2	1	HUMAN,PANTR
C14orf119	2	1	HUMAN,PANTR
C14orf132	2	1	HUMAN,PANTR
C14orf178	2	1	HUMAN,PANTR
C14orf180	3	3	CANLF,HUMAN,PANTR
C14orf28	2	1	HUMAN,PANTR
C14orf39	3	3	CANLF,HUMAN,PANTR
C14orf93	3	3	CANLF,HUMAN,PANTR
C15orf39	2	1	HUMAN,PANTR
C15orf40	3	3	BOVIN,HUMAN,PANTR
C15orf48	3	3	CANLF,HUMAN,PANTR
C15orf61	2	1	HUMAN,PANTR
C15orf62	3	3	BOVIN,HUMAN,PANTR
C15orf65	2	1	HUMAN,PANTR
C16orf46	4	6	BOVIN,CANLF,HUMAN,PANTR
C16orf54	2	1	HUMAN,PANTR
C16orf72	2	1	HUMAN,PANTR
C16orf74	3	3	CANLF,HUMAN,PANTR
C16orf78	4	6	BOVIN,CANLF,HUMAN,PANTR
C16orf86	4	6	BOVIN,CANLF,HUMAN,PANTR
C16orf87	4	6	BOVIN,CANLF,HUMAN,PANTR
C16orf89	2	1	HUMAN,PANTR
C16orf90	2	1	HUMAN,PANTR
C16orf91	2	1	HUMAN,PANTR
C16orf92	2	1	HUMAN,PANTR
C16orf95	2	1	HUMAN,PANTR
C16orf96	2	1	HUMAN,PANTR
C17orf107	2	1	HUMAN,PANTR
C17orf113	2	1	HUMAN,PANTR
C17orf49	2	1	HUMAN,PANTR
C17orf50	2	1	HUMAN,PANTR
C17orf58	3	3	CANLF,HUMAN,PANTR
C17orf64	3	3	CANLF,HUMAN,PANTR
C17orf67	3	3	CANLF,HUMAN,PANTR
C17orf75	3	3	CANLF,HUMAN,PANTR
C17orf78	3	3	CANLF,HUMAN,PANTR
C17orf80	3	3	CANLF,HUMAN,PANTR
C17orf97	2	1	HUMAN,PANTR
C17orf98	3	3	CANLF,HUMAN,PANTR
C17orf99	3	3	CANLF,HUMAN,PANTR
C18orf21	3	3	BOVIN,HUMAN,PANTR
C18orf25	2	1	HUMAN,PANTR
C18orf32	2	1	HUMAN,PANTR
C18orf54	2	1	HUMAN,PANTR
C18orf63	2	1	HUMAN,PANTR
C19orf12	3	3	CANLF,HUMAN,PANTR
C19orf18	2	1	HUMAN,PANTR
C19orf33	2	1	HUMAN,PANTR
C19orf38	2	1	HUMAN,PANTR
C19orf44	3	3	BOVIN,HUMAN,PANTR
C19orf47	3	3	BOVIN,HUMAN,PANTR
C19orf48	2	1	HUMAN,PANTR
C19orf53	3	3	BOVIN,HUMAN,PANTR
C19orf54	4	6	BOVIN,CANLF,HUMAN,PANTR
C19orf67	3	3	CANLF,HUMAN,PANTR
C19orf71	2	1	HUMAN,PANTR
C19orf73	2	1	HUMAN,PANTR
C19orf81	3	3	BOVIN,HUMAN,PANTR
C19orf84	2	1	HUMAN,PANTR
C1D	2	1	HUMAN,PANTR
C1GALT1	2	1	HUMAN,PANTR
C1GALT1C1	2	1	HUMAN,PANTR
C1GALT1C1L	2	1	HUMAN,PANTR
C1QA	2	1	HUMAN,PANTR
C1QB	2	1	HUMAN,PANTR
C1QBP	2	1	HUMAN,PANTR
C1QC	3	3	CANLF,HUMAN,PANTR
C1QL1	2	1	HUMAN,PANTR
C1QL2	2	1	HUMAN,PANTR
C1QL3	2	1	HUMAN,PANTR
C1QL4	2	1	HUMAN,PANTR
C1QTNF1	3	3	CANLF,HUMAN,PANTR
C1QTNF12	2	1	HUMAN,PANTR
C1QTNF2	2	1	HUMAN,PANTR
C1QTNF5	2	1	CANLF,HUMAN
C1QTNF6	2	1	HUMAN,PANTR
C1QTNF7	2	1	HUMAN,PANTR
C1QTNF8	2	1	HUMAN,PANTR
C1QTNF9	2	1	HUMAN,PANTR
C1R	3	3	BOVIN,HUMAN,PANTR
C1RL	2	1	HUMAN,PANTR
C1S	2	1	HUMAN,PANTR
C1orf100	2	1	HUMAN,PANTR
C1orf105	2	1	HUMAN,PANTR
C1orf109	2	1	HUMAN,PANTR
C1orf112	2	1	HUMAN,PANTR
C1orf115	2	1	HUMAN,PANTR
C1orf116	3	3	CANLF,HUMAN,PANTR
C1orf127	2	1	HUMAN,PANTR
C1orf131	3	3	CANLF,HUMAN,PANTR
C1orf141	3	3	CANLF,HUMAN,PANTR
C1orf146	2	1	HUMAN,PANTR
C1orf159	3	3	CANLF,HUMAN,PANTR
C1orf162	3	3	CANLF,HUMAN,PANTR
C1orf167	2	1	HUMAN,PANTR
C1orf174	2	1	HUMAN,PANTR
C1orf185	3	3	BOVIN,HUMAN,PANTR
C1orf198	3	3	CANLF,HUMAN,PANTR
C1orf21	2	1	HUMAN,PANTR
C1orf210	3	3	CANLF,HUMAN,PANTR
C1orf216	2	1	HUMAN,PANTR
C1orf232	2	1	HUMAN,PANTR
C1orf35	2	1	HUMAN,PANTR
C1orf43	4	6	BOVIN,CANLF,HUMAN,PANTR
C1orf50	2	1	HUMAN,PANTR
C1orf52	2	1	HUMAN,PANTR
C1orf53	2	1	HUMAN,PANTR
C1orf54	2	1	HUMAN,PANTR
C1orf56	3	3	CANLF,HUMAN,PANTR
C1orf68	3	3	CANLF,HUMAN,PANTR
C1orf74	2	1	HUMAN,PANTR
C1orf87	2	1	HUMAN,PANTR
C1orf94	2	1	HUMAN,PANTR
C2	3	3	BOVIN,HUMAN,PANTR
C20orf141	4	6	BOVIN,CANLF,HUMAN,PANTR
C20orf144	3	3	BOVIN,HUMAN,PANTR
C20orf173	2	1	HUMAN,PANTR
C20orf202	2	1	HUMAN,PANTR
C20orf27	3	3	BOVIN,HUMAN,PANTR
C20orf85	3	3	BOVIN,HUMAN,PANTR
C20orf96	3	3	BOVIN,HUMAN,PANTR
C21orf140	4	6	BOVIN,CANLF,HUMAN,PANTR
C21orf58	3	3	CANLF,HUMAN,PANTR
C21orf62	2	1	HUMAN,PANTR
C21orf91	2	1	HUMAN,PANTR
C22orf15	2	1	HUMAN,PANTR
C22orf23	3	3	BOVIN,HUMAN,PANTR
C22orf31	2	1	HUMAN,PANTR
C22orf39	3	3	BOVIN,HUMAN,PANTR
C22orf42	2	1	HUMAN,PANTR
C2CD2	3	3	CANLF,HUMAN,PANTR
C2CD2L	2	1	HUMAN,PANTR
C2CD3	2	1	HUMAN,PANTR
C2CD4A	2	1	HUMAN,PANTR
C2CD4B	2	1	HUMAN,PANTR
C2CD4C	3	3	CANLF,HUMAN,PANTR
C2CD4D	2	1	HUMAN,PANTR
C2CD5	2	1	HUMAN,PANTR
C2CD6	2	1	HUMAN,PANTR
C2orf15	3	3	BOVIN,HUMAN,PANTR
C2orf16	2	1	HUMAN,PANTR
C2orf42	2	1	HUMAN,PANTR
C2orf49	2	1	HUMAN,PANTR
C2orf50	2	1	HUMAN,PANTR
C2orf66	2	1	HUMAN,PANTR
C2orf68	3	3	CANLF,HUMAN,PANTR
C2orf69	2	1	CANLF,HUMAN
C2orf73	2	1	HUMAN,PANTR
C2orf74	2	1	HUMAN,PANTR
C2orf78	4	6	BOVIN,CANLF,HUMAN,PANTR
C2orf80	4	4	CANLF,HUMAN,PANTR
C2orf83	2	1	HUMAN,PANTR
C2orf88	2	1	HUMAN,PANTR
C3	2	1	HUMAN,PANTR
C3AR1	2	1	HUMAN,PANTR
C3orf14	3	3	BOVIN,HUMAN,PANTR
C3orf18	3	3	CANLF,HUMAN,PANTR
C3orf20	3	3	BOVIN,HUMAN,PANTR
C3orf22	3	3	BOVIN,HUMAN,PANTR
C3orf33	2	1	HUMAN,PANTR
C3orf38	3	3	BOVIN,HUMAN,PANTR
C3orf49	3	3	CANLF,HUMAN,PANTR
C3orf52	3	3	CANLF,HUMAN,PANTR
C3orf56	2	1	HUMAN,PANTR
C3orf62	3	3	BOVIN,HUMAN,PANTR
C3orf70	2	1	HUMAN,PANTR
C3orf80	2	1	HUMAN,PANTR
C3orf84	3	3	BOVIN,HUMAN,PANTR
C4BPA	2	1	HUMAN,PANTR
C4BPB	2	1	HUMAN,PANTR
C4orf17	3	3	CANLF,HUMAN,PANTR
C4orf19	3	3	CANLF,HUMAN,PANTR
C4orf3	3	3	BOVIN,HUMAN,PANTR
C4orf33	2	1	HUMAN,PANTR
C4orf36	2	1	HUMAN,PANTR
C4orf45	2	1	HUMAN,PANTR
C4orf46	2	1	HUMAN,PANTR
C4orf47	3	3	CANLF,HUMAN,PANTR
C4orf48	2	1	HUMAN,PANTR
C4orf50	2	1	HUMAN,PANTR
C4orf51	2	1	HUMAN,PANTR
C4orf54	2	1	HUMAN,PANTR
C5	2	1	HUMAN,PANTR
C5AR1	2	1	HUMAN,PANTR
C5AR2	2	1	HUMAN,PANTR
C5orf15	2	1	HUMAN,PANTR
C5orf22	3	3	CANLF,HUMAN,PANTR
C5orf24	2	1	HUMAN,PANTR
C5orf34	3	3	CANLF,HUMAN,PANTR
C5orf38	2	1	HUMAN,PANTR
C5orf46	2	1	HUMAN,PANTR
C5orf47	2	1	HUMAN,PANTR
C5orf49	3	3	CANLF,HUMAN,PANTR
C5orf52	3	3	CANLF,HUMAN,PANTR
C5orf58	2	1	HUMAN,PANTR
C5orf63	2	1	HUMAN,PANTR
C6	2	1	HUMAN,PANTR
C6orf118	2	1	HUMAN,PANTR
C6orf120	4	6	BOVIN,CANLF,HUMAN,PANTR
C6orf132	4	6	BOVIN,CANLF,HUMAN,PANTR
C6orf136	4	6	BOVIN,CANLF,HUMAN,PANTR
C6orf141	2	1	HUMAN,PANTR
C6orf15	2	1	HUMAN,PANTR
C6orf163	3	3	CANLF,HUMAN,PANTR
C6orf201	3	3	CANLF,HUMAN,PANTR
C6orf223	2	1	HUMAN,PANTR
C6orf52	3	3	CANLF,HUMAN,PANTR
C6orf58	3	3	BOVIN,HUMAN,PANTR
C6orf62	2	1	HUMAN,PANTR
C6orf89	3	3	CANLF,HUMAN,PANTR
C7	2	1	HUMAN,PANTR
C7orf25	2	1	HUMAN,PANTR
C7orf26	2	1	HUMAN,PANTR
C7orf31	2	1	HUMAN,PANTR
C7orf33	2	1	HUMAN,PANTR
C7orf50	2	1	CANLF,HUMAN
C7orf57	3	3	CANLF,HUMAN,PANTR
C7orf61	2	1	HUMAN,PANTR
C7orf77	2	1	HUMAN,PANTR
C8A	2	1	HUMAN,PANTR
C8B	2	1	HUMAN,PANTR
C8G	2	1	HUMAN,PANTR
C8orf33	2	1	HUMAN,PANTR
C8orf34	2	1	HUMAN,PANTR
C8orf44	2	1	HUMAN,PANTR
C8orf48	3	3	CANLF,HUMAN,PANTR
C8orf74	2	1	HUMAN,PANTR
C8orf76	2	1	HUMAN,PANTR
C8orf82	2	1	HUMAN,PANTR
C8orf86	2	1	HUMAN,PANTR
C8orf88	2	1	HUMAN,PANTR
C8orf89	2	1	HUMAN,PANTR
C9	2	1	HUMAN,PANTR
C9orf116	3	3	BOVIN,HUMAN,PANTR
C9orf129	2	1	HUMAN,PANTR
C9orf131	2	1	HUMAN,PANTR
C9orf152	2	1	HUMAN,PANTR
C9orf153	2	1	HUMAN,PANTR
C9orf24	2	1	HUMAN,PANTR
C9orf40	2	1	HUMAN,PANTR
C9orf43	2	1	HUMAN,PANTR
C9orf50	2	1	HUMAN,PANTR
C9orf57	2	1	HUMAN,PANTR
C9orf64	3	3	BOVIN,HUMAN,PANTR
C9orf72	2	1	HUMAN,PANTR
C9orf78	2	1	HUMAN,PANTR
C9orf85	2	1	HUMAN,PANTR
C9orf92	2	1	HUMAN,PANTR
CA1	2	1	HUMAN,PANTR
CA10	2	1	HUMAN,PANTR
CA11	2	1	HUMAN,PANTR
CA12	2	1	HUMAN,PANTR
CA13	2	1	HUMAN,PANTR
CA14	2	1	HUMAN,PANTR
CA2	2	1	HUMAN,PANTR
CA3	2	1	HUMAN,PANTR
CA4	2	1	HUMAN,PANTR
CA5A	3	3	CANLF,HUMAN,PANTR
CA5B	2	1	HUMAN,PANTR
CA6	2	1	HUMAN,PANTR
CA7	2	1	HUMAN,PANTR
CA8	2	1	HUMAN,PANTR
CA9	2	1	HUMAN,PANTR
CAAP1	2	1	HUMAN,PANTR
CAB39	2	1	HUMAN,PANTR
CAB39L	2	1	HUMAN,PANTR
CABCOCO1	4	6	BOVIN,CANLF,HUMAN,PANTR
CABIN1	2	1	HUMAN,PANTR
CABLES1	2	1	HUMAN,PANTR
CABLES2	2	1	HUMAN,PANTR
CABP1	3	3	BOVIN,HUMAN,PANTR
CABP2	2	1	HUMAN,PANTR
CABP4	2	1	HUMAN,PANTR
CABP5	2	1	HUMAN,PANTR
CABP7	3	3	BOVIN,HUMAN,PANTR
CABS1	2	1	HUMAN,PANTR
CABYR	2	1	HUMAN,PANTR
CACFD1	2	1	HUMAN,PANTR
CACHD1	2	1	HUMAN,PANTR
CACNA1A	2	1	HUMAN,PANTR
CACNA1C	2	1	HUMAN,PANTR
CACNA1D	2	1	HUMAN,PANTR
CACNA1E	2	1	HUMAN,PANTR
CACNA1F	2	1	HUMAN,PANTR
CACNA1G	2	1	HUMAN,PANTR
CACNA1H	2	1	HUMAN,PANTR
CACNA1I	3	3	BOVIN,HUMAN,PANTR
CACNA1S	2	1	HUMAN,PANTR
CACNA2D1	2	1	HUMAN,PANTR
CACNA2D2	2	1	HUMAN,PANTR
CACNA2D3	2	1	HUMAN,PANTR
CACNA2D4	2	1	HUMAN,PANTR
CACNB1	2	1	HUMAN,PANTR
CACNB2	2	1	HUMAN,PANTR
CACNB3	2	1	HUMAN,PANTR
CACNB4	4	6	BOVIN,CANLF,HUMAN,PANTR
CACNG1	2	1	HUMAN,PANTR
CACNG2	2	1	HUMAN,PANTR
CACNG3	2	1	HUMAN,PANTR
CACNG4	2	1	HUMAN,PANTR
CACNG5	2	1	HUMAN,PANTR
CACNG6	2	1	HUMAN,PANTR
CACNG7	3	3	CANLF,HUMAN,PANTR
CACNG8	2	1	BOVIN,HUMAN
CACTIN	2	1	HUMAN,PANTR
CACUL1	3	3	BOVIN,HUMAN,PANTR
CACYBP	3	3	CANLF,HUMAN,PANTR
CAD	3	3	BOVIN,HUMAN,PANTR
CADM1	2	1	HUMAN,PANTR
CADM2	2	1	HUMAN,PANTR
CADM3	2	1	HUMAN,PANTR
CADM4	3	3	CANLF,HUMAN,PANTR
CADPS	2	1	HUMAN,PANTR
CADPS2	2	1	HUMAN,PANTR
CALB1	2	1	HUMAN,PANTR
CALB2	2	1	HUMAN,PANTR
CALCB	2	1	HUMAN,PANTR
CALCOCO1	2	1	HUMAN,PANTR
CALCOCO2	2	1	HUMAN,PANTR
CALCR	2	1	HUMAN,PANTR
CALCRL	2	1	HUMAN,PANTR
CALD1	2	1	HUMAN,PANTR
CALHM1	2	1	HUMAN,PANTR
CALHM2	2	1	HUMAN,PANTR
CALHM3	2	1	HUMAN,PANTR
CALHM4	2	1	HUMAN,PANTR
CALHM5	3	3	CANLF,HUMAN,PANTR
CALHM6	2	1	HUMAN,PANTR
CALM1	2	1	CANLF,HUMAN
CALML3	2	1	HUMAN,PANTR
CALML4	2	1	HUMAN,PANTR
CALML5	3	3	BOVIN,HUMAN,PANTR
CALML6	2	1	HUMAN,PANTR
CALR	3	3	CANLF,HUMAN,PANTR
CALR3	2	1	HUMAN,PANTR
CALU	2	1	HUMAN,PANTR
CALY	2	1	HUMAN,PANTR
CAMK1	2	1	HUMAN,PANTR
CAMK1D	2	1	HUMAN,PANTR
CAMK1G	2	1	HUMAN,PANTR
CAMK2A	2	1	HUMAN,PANTR
CAMK2B	2	1	HUMAN,PANTR
CAMK2D	4	6	BOVIN,CANLF,HUMAN,PANTR
CAMK2G	3	3	BOVIN,HUMAN,PANTR
CAMK2N1	2	1	HUMAN,PANTR
CAMK2N2	2	1	HUMAN,PANTR
CAMK4	3	3	CANLF,HUMAN,PANTR
CAMKK1	2	1	HUMAN,PANTR
CAMKK2	2	1	HUMAN,PANTR
CAMKMT	2	1	HUMAN,PANTR
CAMKV	2	1	HUMAN,PANTR
CAMLG	2	1	HUMAN,PANTR
CAMP	2	1	HUMAN,PANTR
CAMSAP1	2	1	HUMAN,PANTR
CAMSAP2	2	1	HUMAN,PANTR
CAMSAP3	2	1	HUMAN,PANTR
CAMTA1	2	1	HUMAN,PANTR
CAMTA2	2	1	HUMAN,PANTR
CAND1	2	1	HUMAN,PANTR
CAND2	3	3	CANLF,HUMAN,PANTR
CANT1	2	1	HUMAN,PANTR
CANX	2	1	HUMAN,PANTR
CAP1	2	1	HUMAN,PANTR
CAP2	2	1	HUMAN,PANTR
CAPG	2	1	HUMAN,PANTR
CAPN1	2	1	HUMAN,PANTR
CAPN10	2	1	HUMAN,PANTR
CAPN11	2	1	HUMAN,PANTR
CAPN12	2	1	HUMAN,PANTR
CAPN13	2	1	HUMAN,PANTR
CAPN14	2	1	HUMAN,PANTR
CAPN2	3	3	CANLF,HUMAN,PANTR
CAPN3	2	1	HUMAN,PANTR
CAPN6	2	1	HUMAN,PANTR
CAPN7	2	1	HUMAN,PANTR
CAPN8	2	1	HUMAN,PANTR
CAPN9	2	1	HUMAN,PANTR
CAPNS1	4	6	BOVIN,CANLF,HUMAN,PANTR
CAPRIN1	3	3	CANLF,HUMAN,PANTR
CAPRIN2	2	1	HUMAN,PANTR
CAPS	2	1	HUMAN,PANTR
CAPS2	2	1	HUMAN,PANTR
CAPSL	2	1	HUMAN,PANTR
CAPZA1	2	1	HUMAN,PANTR
CAPZA2	2	1	HUMAN,PANTR
CAPZA3	2	1	HUMAN,PANTR
CAPZB	3	3	CANLF,HUMAN,PANTR
CARD10	2	1	HUMAN,PANTR
CARD11	2	1	HUMAN,PANTR
CARD14	2	1	HUMAN,PANTR
CARD19	3	3	BOVIN,HUMAN,PANTR
CARD6	2	1	HUMAN,PANTR
CARD8	2	1	HUMAN,PANTR
CARD9	2	1	HUMAN,PANTR
CARF	2	1	HUMAN,PANTR
CARHSP1	2	1	HUMAN,PANTR
CARM1	2	1	HUMAN,PANTR
CARMIL1	2	1	HUMAN,PANTR
CARMIL2	2	1	HUMAN,PANTR
CARMIL3	2	1	HUMAN,PANTR
CARNMT1	2	1	HUMAN,PANTR
CARNS1	2	1	HUMAN,PANTR
CARS1	2	1	HUMAN,PANTR
CARS2	3	3	CANLF,HUMAN,PANTR
CARTPT	2	1	HUMAN,PANTR
CASC3	2	1	HUMAN,PANTR
CASD1	2	1	HUMAN,PANTR
CASK	2	1	HUMAN,PANTR
CASKIN1	2	1	HUMAN,PANTR
CASKIN2	2	1	HUMAN,PANTR
CASP1	2	1	HUMAN,PANTR
CASP10	2	1	HUMAN,PANTR
CASP12	2	1	HUMAN,PANTR
CASP14	2	1	HUMAN,PANTR
CASP2	2	1	HUMAN,PANTR
CASP3	2	1	HUMAN,PANTR
CASP4	2	1	HUMAN,PANTR
CASP5	2	1	HUMAN,PANTR
CASP6	3	3	CANLF,HUMAN,PANTR
CASP7	2	1	HUMAN,PANTR
CASP8	2	1	HUMAN,PANTR
CASP8AP2	2	1	HUMAN,PANTR
CASP9	3	3	CANLF,HUMAN,PANTR
CASQ1	2	1	HUMAN,PANTR
CASQ2	2	1	HUMAN,PANTR
CASR	2	1	HUMAN,PANTR
CASS4	2	1	HUMAN,PANTR
CAST	2	1	HUMAN,PANTR
CASTOR1	2	1	HUMAN,PANTR
CASZ1	2	1	HUMAN,PANTR
CAT	2	1	HUMAN,PANTR
CATIP	3	3	CANLF,HUMAN,PANTR
CATSPER1	3	3	BOVIN,HUMAN,PANTR
CATSPER3	2	1	HUMAN,PANTR
CATSPER4	4	6	BOVIN,CANLF,HUMAN,PANTR
CATSPERB	2	1	HUMAN,PANTR
CATSPERD	2	1	HUMAN,PANTR
CATSPERE	2	1	HUMAN,PANTR
CATSPERG	2	1	HUMAN,PANTR
CAV1	2	1	HUMAN,PANTR
CAV2	2	1	HUMAN,PANTR
CAV3	2	1	HUMAN,PANTR
CAVIN1	2	1	HUMAN,PANTR
CAVIN2	2	1	HUMAN,PANTR
CAVIN3	2	1	HUMAN,PANTR
CAVIN4	2	1	HUMAN,PANTR
CBARP	3	3	CANLF,HUMAN,PANTR
CBFA2T2	2	1	HUMAN,PANTR
CBFA2T3	3	3	CANLF,HUMAN,PANTR
CBFB	2	1	HUMAN,PANTR
CBL	2	1	HUMAN,PANTR
CBLB	2	1	HUMAN,PANTR
CBLC	2	1	HUMAN,PANTR
CBLIF	2	1	HUMAN,PANTR
CBLL1	4	6	BOVIN,CANLF,HUMAN,PANTR
CBLL2	2	1	HUMAN,PANTR
CBLN1	2	1	HUMAN,PANTR
CBLN2	2	1	HUMAN,PANTR
CBLN3	2	1	HUMAN,PANTR
CBLN4	2	1	HUMAN,PANTR
CBR1	2	1	HUMAN,PANTR
CBR3	3	3	BOVIN,HUMAN,PANTR
CBR4	2	1	HUMAN,PANTR
CBX2	3	3	CANLF,HUMAN,PANTR
CBX3	2	1	HUMAN,PANTR
CBX4	3	3	BOVIN,HUMAN,PANTR
CBX5	2	1	HUMAN,PANTR
CBX6	2	1	HUMAN,PANTR
CBX7	2	1	HUMAN,PANTR
CBX8	2	1	HUMAN,PANTR
CBY1	2	1	HUMAN,PANTR
CBY2	2	1	HUMAN,PANTR
CBY3	3	3	CANLF,HUMAN,PANTR
CC2D1A	2	1	HUMAN,PANTR
CC2D1B	2	1	HUMAN,PANTR
CC2D2A	3	3	CANLF,HUMAN,PANTR
CC2D2B	2	1	HUMAN,PANTR
CCAR1	2	1	HUMAN,PANTR
CCAR2	2	1	HUMAN,PANTR
CCBE1	2	1	HUMAN,PANTR
CCDC102A	2	1	HUMAN,PANTR
CCDC102B	3	3	BOVIN,HUMAN,PANTR
CCDC103	3	3	CANLF,HUMAN,PANTR
CCDC105	2	1	HUMAN,PANTR
CCDC106	2	1	HUMAN,PANTR
CCDC107	2	1	HUMAN,PANTR
CCDC110	2	1	HUMAN,PANTR
CCDC112	2	1	HUMAN,PANTR
CCDC113	2	1	HUMAN,PANTR
CCDC115	2	1	HUMAN,PANTR
CCDC116	4	6	BOVIN,CANLF,HUMAN,PANTR
CCDC117	2	1	HUMAN,PANTR
CCDC12	2	1	HUMAN,PANTR
CCDC120	2	1	HUMAN,PANTR
CCDC121	2	1	HUMAN,PANTR
CCDC122	2	1	HUMAN,PANTR
CCDC124	3	3	CANLF,HUMAN,PANTR
CCDC125	3	3	CANLF,HUMAN,PANTR
CCDC126	2	1	HUMAN,PANTR
CCDC127	2	1	HUMAN,PANTR
CCDC13	2	1	HUMAN,PANTR
CCDC134	2	1	HUMAN,PANTR
CCDC136	2	1	HUMAN,PANTR
CCDC137	2	1	HUMAN,PANTR
CCDC138	2	1	HUMAN,PANTR
CCDC14	2	1	HUMAN,PANTR
CCDC140	2	1	HUMAN,PANTR
CCDC141	2	1	HUMAN,PANTR
CCDC142	2	1	HUMAN,PANTR
CCDC146	2	1	HUMAN,PANTR
CCDC148	2	1	HUMAN,PANTR
CCDC149	2	1	HUMAN,PANTR
CCDC15	3	3	BOVIN,HUMAN,PANTR
CCDC150	3	3	BOVIN,HUMAN,PANTR
CCDC152	2	1	HUMAN,PANTR
CCDC153	2	1	HUMAN,PANTR
CCDC154	2	1	HUMAN,PANTR
CCDC157	2	1	HUMAN,PANTR
CCDC158	2	1	HUMAN,PANTR
CCDC159	2	1	HUMAN,PANTR
CCDC160	2	1	HUMAN,PANTR
CCDC163	2	1	HUMAN,PANTR
CCDC166	2	1	HUMAN,PANTR
CCDC167	2	1	HUMAN,PANTR
CCDC169	2	1	HUMAN,PANTR
CCDC17	2	1	HUMAN,PANTR
CCDC170	2	1	HUMAN,PANTR
CCDC171	2	1	HUMAN,PANTR
CCDC172	2	1	HUMAN,PANTR
CCDC174	2	1	HUMAN,PANTR
CCDC175	2	1	HUMAN,PANTR
CCDC177	2	1	HUMAN,PANTR
CCDC178	2	1	HUMAN,PANTR
CCDC179	2	1	CANLF,HUMAN
CCDC18	2	1	HUMAN,PANTR
CCDC180	2	1	HUMAN,PANTR
CCDC181	2	1	HUMAN,PANTR
CCDC182	2	1	HUMAN,PANTR
CCDC183	2	1	HUMAN,PANTR
CCDC184	2	1	HUMAN,PANTR
CCDC185	2	1	HUMAN,PANTR
CCDC186	2	1	HUMAN,PANTR
CCDC187	3	3	CANLF,HUMAN,PANTR
CCDC188	2	1	HUMAN,PANTR
CCDC190	2	1	HUMAN,PANTR
CCDC191	2	1	HUMAN,PANTR
CCDC192	3	3	CANLF,HUMAN,PANTR
CCDC196	2	1	BOVIN,HUMAN
CCDC197	2	1	BOVIN,HUMAN
CCDC198	2	1	HUMAN,PANTR
CCDC22	2	1	HUMAN,PANTR
CCDC24	2	1	HUMAN,PANTR
CCDC25	2	1	HUMAN,PANTR
CCDC27	2	1	HUMAN,PANTR
CCDC28A	3	3	BOVIN,HUMAN,PANTR
CCDC28B	2	1	HUMAN,PANTR
CCDC3	2	1	HUMAN,PANTR
CCDC30	2	1	HUMAN,PANTR
CCDC32	2	1	HUMAN,PANTR
CCDC33	2	1	HUMAN,PANTR
CCDC34	3	3	BOVIN,HUMAN,PANTR
CCDC38	2	1	HUMAN,PANTR
CCDC39	2	1	HUMAN,PANTR
CCDC40	2	1	HUMAN,PANTR
CCDC42	2	1	HUMAN,PANTR
CCDC43	2	1	HUMAN,PANTR
CCDC47	3	3	CANLF,HUMAN,PANTR
CCDC50	2	1	HUMAN,PANTR
CCDC51	2	1	HUMAN,PANTR
CCDC54	2	1	HUMAN,PANTR
CCDC57	2	1	HUMAN,PANTR
CCDC59	2	1	HUMAN,PANTR
CCDC6	2	1	HUMAN,PANTR
CCDC60	2	1	HUMAN,PANTR
CCDC61	2	1	HUMAN,PANTR
CCDC62	4	6	BOVIN,CANLF,HUMAN,PANTR
CCDC63	2	1	HUMAN,PANTR
CCDC65	2	1	HUMAN,PANTR
CCDC66	2	1	HUMAN,PANTR
CCDC68	2	1	HUMAN,PANTR
CCDC7	2	1	HUMAN,PANTR
CCDC70	2	1	HUMAN,PANTR
CCDC71	3	3	CANLF,HUMAN,PANTR
CCDC71L	2	1	HUMAN,PANTR
CCDC73	2	1	HUMAN,PANTR
CCDC77	2	1	HUMAN,PANTR
CCDC78	2	1	HUMAN,PANTR
CCDC8	2	1	HUMAN,PANTR
CCDC80	2	1	HUMAN,PANTR
CCDC81	2	1	HUMAN,PANTR
CCDC82	2	1	HUMAN,PANTR
CCDC83	2	1	HUMAN,PANTR
CCDC85A	2	1	HUMAN,PANTR
CCDC85B	2	1	HUMAN,PANTR
CCDC85C	2	1	HUMAN,PANTR
CCDC86	2	1	HUMAN,PANTR
CCDC87	2	1	HUMAN,PANTR
CCDC88A	2	1	HUMAN,PANTR
CCDC88C	2	1	HUMAN,PANTR
CCDC90B	2	1	HUMAN,PANTR
CCDC91	2	1	HUMAN,PANTR
CCDC92	2	1	HUMAN,PANTR
CCDC93	2	1	HUMAN,PANTR
CCDC96	4	6	BOVIN,CANLF,HUMAN,PANTR
CCDC97	2	1	HUMAN,PANTR
CCDC9B	3	3	BOVIN,HUMAN,PANTR
CCER1	2	1	HUMAN,PANTR
CCER2	3	3	BOVIN,HUMAN,PANTR
CCHCR1	2	1	HUMAN,PANTR
CCIN	2	1	HUMAN,PANTR
CCK	3	3	CANLF,HUMAN,PANTR
CCKAR	2	1	HUMAN,PANTR
CCKBR	2	1	HUMAN,PANTR
CCL1	2	1	HUMAN,PANTR
CCL11	2	1	HUMAN,PANTR
CCL13	2	1	HUMAN,PANTR
CCL14	3	3	CANLF,HUMAN,PANTR
CCL16	2	1	HUMAN,PANTR
CCL17	2	1	HUMAN,PANTR
CCL18	2	1	HUMAN,PANTR
CCL19	2	1	HUMAN,PANTR
CCL2	5	6	CANLF,HUMAN,PANTR
CCL20	2	1	HUMAN,PANTR
CCL21	2	1	HUMAN,PANTR
CCL22	2	1	HUMAN,PANTR
CCL23	2	1	HUMAN,PANTR
CCL24	2	1	HUMAN,PANTR
CCL25	2	1	HUMAN,PANTR
CCL26	2	1	HUMAN,PANTR
CCL27	2	1	HUMAN,PANTR
CCL28	2	1	HUMAN,PANTR
CCL5	3	3	CANLF,HUMAN,PANTR
CCL8	3	3	CANLF,HUMAN,PANTR
CCM2	2	1	HUMAN,PANTR
CCM2L	3	3	CANLF,HUMAN,PANTR
CCN1	2	1	HUMAN,PANTR
CCN2	2	1	HUMAN,PANTR
CCN3	3	3	CANLF,HUMAN,PANTR
CCN4	2	1	HUMAN,PANTR
CCN5	2	1	HUMAN,PANTR
CCN6	2	1	HUMAN,PANTR
CCNA1	2	1	HUMAN,PANTR
CCNA2	2	1	HUMAN,PANTR
CCNB1	2	1	HUMAN,PANTR
CCNB1IP1	2	1	HUMAN,PANTR
CCNB2	2	1	HUMAN,PANTR
CCNB3	2	1	BOVIN,HUMAN
CCNC	3	3	CANLF,HUMAN,PANTR
CCND1	2	1	HUMAN,PANTR
CCND2	2	1	HUMAN,PANTR
CCND3	2	1	HUMAN,PANTR
CCNDBP1	2	1	HUMAN,PANTR
CCNE1	2	1	HUMAN,PANTR
CCNE2	3	3	CANLF,HUMAN,PANTR
CCNF	2	1	HUMAN,PANTR
CCNG1	2	1	HUMAN,PANTR
CCNG2	2	1	HUMAN,PANTR
CCNH	2	1	HUMAN,PANTR
CCNI	3	3	CANLF,HUMAN,PANTR
CCNI2	3	3	BOVIN,HUMAN,PANTR
CCNJ	2	1	HUMAN,PANTR
CCNJL	2	1	HUMAN,PANTR
CCNK	2	1	HUMAN,PANTR
CCNL1	2	1	HUMAN,PANTR
CCNL2	2	1	HUMAN,PANTR
CCNO	3	3	CANLF,HUMAN,PANTR
CCNP	3	3	BOVIN,HUMAN,PANTR
CCNQ	3	3	BOVIN,CANLF,HUMAN
CCNT1	2	1	HUMAN,PANTR
CCNT2	2	1	HUMAN,PANTR
CCNY	2	1	HUMAN,PANTR
CCNYL1	4	6	BOVIN,CANLF,HUMAN,PANTR
CCP110	2	1	HUMAN,PANTR
CCPG1	2	1	HUMAN,PANTR
CCR1	2	1	HUMAN,PANTR
CCR10	2	1	HUMAN,PANTR
CCR2	3	3	CANLF,HUMAN,PANTR
CCR3	2	1	HUMAN,PANTR
CCR4	2	1	HUMAN,PANTR
CCR5	3	3	CANLF,HUMAN,PANTR
CCR7	2	1	HUMAN,PANTR
CCR9	2	1	HUMAN,PANTR
CCRL2	2	1	HUMAN,PANTR
CCS	2	1	HUMAN,PANTR
CCSAP	3	3	CANLF,HUMAN,PANTR
CCSER1	2	1	HUMAN,PANTR
CCSER2	2	1	HUMAN,PANTR
CCT2	2	1	HUMAN,PANTR
CCT3	2	1	HUMAN,PANTR
CCT4	2	1	HUMAN,PANTR
CCT5	2	1	HUMAN,PANTR
CCT6A	2	1	HUMAN,PANTR
CCT6B	2	1	HUMAN,PANTR
CCT7	2	1	HUMAN,PANTR
CCT8	2	1	HUMAN,PANTR
CCT8L2	2	1	CANLF,HUMAN
CD101	2	1	HUMAN,PANTR
CD109	2	1	HUMAN,PANTR
CD14	2	1	HUMAN,PANTR
CD151	4	6	BOVIN,CANLF,HUMAN,PANTR
CD160	2	1	HUMAN,PANTR
CD163	2	1	HUMAN,PANTR
CD163L1	2	1	HUMAN,PANTR
CD164	2	1	HUMAN,PANTR
CD164L2	2	1	HUMAN,PANTR
CD180	3	3	CANLF,HUMAN,PANTR
CD19	2	1	HUMAN,PANTR
CD1A	2	1	HUMAN,PANTR
CD1B	2	1	HUMAN,PANTR
CD1C	3	3	CANLF,HUMAN,PANTR
CD1D	2	1	HUMAN,PANTR
CD1E	2	1	HUMAN,PANTR
CD2	2	1	HUMAN,PANTR
CD200	2	1	HUMAN,PANTR
CD200R1	2	1	HUMAN,PANTR
CD200R1L	2	1	HUMAN,PANTR
CD207	2	1	HUMAN,PANTR
CD209	2	1	HUMAN,PANTR
CD22	2	1	HUMAN,PANTR
CD226	2	1	HUMAN,PANTR
CD244	3	3	CANLF,HUMAN,PANTR
CD247	2	1	HUMAN,PANTR
CD248	3	3	CANLF,HUMAN,PANTR
CD27	2	1	HUMAN,PANTR
CD274	2	1	HUMAN,PANTR
CD276	2	1	HUMAN,PANTR
CD28	2	1	HUMAN,PANTR
CD2AP	2	1	HUMAN,PANTR
CD2BP2	2	1	HUMAN,PANTR
CD300A	2	1	HUMAN,PANTR
CD300C	2	1	HUMAN,PANTR
CD300E	2	1	HUMAN,PANTR
CD300LB	2	1	HUMAN,PANTR
CD300LD	2	1	HUMAN,PANTR
CD300LF	2	1	HUMAN,PANTR
CD300LG	2	1	HUMAN,PANTR
CD302	2	1	BOVIN,HUMAN
CD320	3	3	BOVIN,HUMAN,PANTR
CD33	2	1	HUMAN,PANTR
CD34	2	1	HUMAN,PANTR
CD36	2	1	HUMAN,PANTR
CD37	2	1	HUMAN,PANTR
CD38	2	1	HUMAN,PANTR
CD3D	2	1	HUMAN,PANTR
CD3E	2	1	HUMAN,PANTR
CD3G	2	1	HUMAN,PANTR
CD4	2	1	HUMAN,PANTR
CD40	2	1	HUMAN,PANTR
CD40LG	2	1	HUMAN,PANTR
CD44	4	6	BOVIN,CANLF,HUMAN,PANTR
CD46	2	1	HUMAN,PANTR
CD47	2	1	HUMAN,PANTR
CD48	2	1	HUMAN,PANTR
CD5	2	1	HUMAN,PANTR
CD52	2	1	HUMAN,PANTR
CD53	2	1	HUMAN,PANTR
CD55	3	3	CANLF,HUMAN,PANTR
CD58	2	1	HUMAN,PANTR
CD59	4	6	BOVIN,CANLF,HUMAN,PANTR
CD5L	3	3	BOVIN,HUMAN,PANTR
CD6	2	1	HUMAN,PANTR
CD63	2	1	HUMAN,PANTR
CD68	2	1	HUMAN,PANTR
CD69	2	1	HUMAN,PANTR
CD7	2	1	HUMAN,PANTR
CD70	3	3	BOVIN,HUMAN,PANTR
CD72	2	1	HUMAN,PANTR
CD74	3	3	BOVIN,HUMAN,PANTR
CD79A	2	1	HUMAN,PANTR
CD79B	2	1	HUMAN,PANTR
CD80	2	1	HUMAN,PANTR
CD81	2	1	HUMAN,PANTR
CD82	2	1	HUMAN,PANTR
CD83	2	1	HUMAN,PANTR
CD84	3	3	BOVIN,HUMAN,PANTR
CD86	2	1	HUMAN,PANTR
CD8A	2	1	HUMAN,PANTR
CD8B	2	1	HUMAN,PANTR
CD9	2	1	HUMAN,PANTR
CD93	2	1	HUMAN,PANTR
CD96	2	1	HUMAN,PANTR
CD99	2	1	BOVIN,HUMAN
CD99L2	3	3	CANLF,HUMAN,PANTR
CDA	2	1	HUMAN,PANTR
CDADC1	2	1	HUMAN,PANTR
CDAN1	3	3	CANLF,HUMAN,PANTR
CDC123	2	1	HUMAN,PANTR
CDC14A	2	1	HUMAN,PANTR
CDC14B	4	6	BOVIN,CANLF,HUMAN,PANTR
CDC16	2	1	HUMAN,PANTR
CDC20	2	1	HUMAN,PANTR
CDC20B	2	1	HUMAN,PANTR
CDC23	3	3	CANLF,HUMAN,PANTR
CDC25A	2	1	HUMAN,PANTR
CDC25B	2	1	HUMAN,PANTR
CDC25C	2	1	HUMAN,PANTR
CDC26	2	1	HUMAN,PANTR
CDC27	3	3	CANLF,HUMAN,PANTR
CDC34	2	1	HUMAN,PANTR
CDC37L1	2	1	HUMAN,PANTR
CDC40	2	1	HUMAN,PANTR
CDC42	2	1	HUMAN,PANTR
CDC42BPA	2	1	HUMAN,PANTR
CDC42BPB	2	1	HUMAN,PANTR
CDC42BPG	2	1	HUMAN,PANTR
CDC42EP1	2	1	HUMAN,PANTR
CDC42EP2	2	1	HUMAN,PANTR
CDC42EP3	2	1	HUMAN,PANTR
CDC42EP5	2	1	HUMAN,PANTR
CDC42SE1	2	1	HUMAN,PANTR
CDC42SE2	2	1	HUMAN,PANTR
CDC45	2	1	HUMAN,PANTR
CDC5L	2	1	HUMAN,PANTR
CDC6	2	1	HUMAN,PANTR
CDC7	2	1	HUMAN,PANTR
CDC73	2	1	HUMAN,PANTR
CDCA2	3	3	BOVIN,HUMAN,PANTR
CDCA3	2	1	HUMAN,PANTR
CDCA4	2	1	HUMAN,PANTR
CDCA5	3	3	BOVIN,HUMAN,PANTR
CDCA7	2	1	HUMAN,PANTR
CDCA7L	2	1	HUMAN,PANTR
CDCA8	2	1	HUMAN,PANTR
CDCP1	2	1	HUMAN,PANTR
CDCP2	4	6	BOVIN,CANLF,HUMAN,PANTR
CDH1	3	3	CANLF,HUMAN,PANTR
CDH10	2	1	HUMAN,PANTR
CDH11	2	1	HUMAN,PANTR
CDH12	2	1	HUMAN,PANTR
CDH13	2	1	HUMAN,PANTR
CDH15	2	1	HUMAN,PANTR
CDH16	2	1	HUMAN,PANTR
CDH17	2	1	HUMAN,PANTR
CDH18	2	1	HUMAN,PANTR
CDH19	2	1	HUMAN,PANTR
CDH2	2	1	HUMAN,PANTR
CDH20	2	1	HUMAN,PANTR
CDH22	2	1	HUMAN,PANTR
CDH23	3	3	CANLF,HUMAN,PANTR
CDH24	2	1	HUMAN,PANTR
CDH26	3	3	CANLF,HUMAN,PANTR
CDH3	2	1	HUMAN,PANTR
CDH4	2	1	HUMAN,PANTR
CDH5	2	1	HUMAN,PANTR
CDH6	3	3	CANLF,HUMAN,PANTR
CDH7	2	1	HUMAN,PANTR
CDH8	2	1	HUMAN,PANTR
CDH9	2	1	HUMAN,PANTR
CDHR1	2	1	HUMAN,PANTR
CDHR2	2	1	HUMAN,PANTR
CDHR3	2	1	HUMAN,PANTR
CDHR4	2	1	HUMAN,PANTR
CDIN1	2	1	HUMAN,PANTR
CDIP1	2	1	HUMAN,PANTR
CDIPT	3	3	CANLF,HUMAN,PANTR
CDK1	2	1	HUMAN,PANTR
CDK12	2	1	HUMAN,PANTR
CDK13	2	1	HUMAN,PANTR
CDK14	2	1	HUMAN,PANTR
CDK15	2	1	HUMAN,PANTR
CDK16	2	1	HUMAN,PANTR
CDK17	2	1	HUMAN,PANTR
CDK18	2	1	HUMAN,PANTR
CDK19	2	1	HUMAN,PANTR
CDK2	2	1	HUMAN,PANTR
CDK20	2	1	HUMAN,PANTR
CDK2AP1	2	1	HUMAN,PANTR
CDK2AP2	3	3	CANLF,HUMAN,PANTR
CDK3	4	6	BOVIN,CANLF,HUMAN,PANTR
CDK4	2	1	HUMAN,PANTR
CDK5	3	3	CANLF,HUMAN,PANTR
CDK5R1	2	1	HUMAN,PANTR
CDK5R2	2	1	HUMAN,PANTR
CDK5RAP1	2	1	HUMAN,PANTR
CDK5RAP2	2	1	HUMAN,PANTR
CDK5RAP3	2	1	HUMAN,PANTR
CDK6	3	3	CANLF,HUMAN,PANTR
CDK7	2	1	HUMAN,PANTR
CDK8	2	1	HUMAN,PANTR
CDK9	2	1	HUMAN,PANTR
CDKAL1	2	1	HUMAN,PANTR
CDKL1	2	1	HUMAN,PANTR
CDKL2	2	1	HUMAN,PANTR
CDKL3	2	1	HUMAN,PANTR
CDKL4	2	1	HUMAN,PANTR
CDKL5	3	3	BOVIN,HUMAN,PANTR
CDKN1A	2	1	HUMAN,PANTR
CDKN1B	2	1	HUMAN,PANTR
CDKN2AIP	2	1	HUMAN,PANTR
CDKN2AIPNL	2	1	HUMAN,PANTR
CDKN2B	2	1	HUMAN,PANTR
CDKN2C	2	1	HUMAN,PANTR
CDKN2D	2	1	HUMAN,PANTR
CDKN3	2	1	HUMAN,PANTR
CDNF	2	1	HUMAN,PANTR
CDO1	2	1	HUMAN,PANTR
CDON	2	1	HUMAN,PANTR
CDPF1	2	1	HUMAN,PANTR
CDR2	2	1	HUMAN,PANTR
CDR2L	2	1	HUMAN,PANTR
CDRT4	4	6	BOVIN,CANLF,HUMAN,PANTR
CDS1	2	1	HUMAN,PANTR
CDS2	2	1	HUMAN,PANTR
CDSN	2	1	HUMAN,PANTR
CDT1	2	1	HUMAN,PANTR
CDV3	2	1	HUMAN,PANTR
CDX1	2	1	HUMAN,PANTR
CDX2	2	1	HUMAN,PANTR
CDX4	2	1	HUMAN,PANTR
CDYL	4	6	BOVIN,CANLF,HUMAN,PANTR
CDYL2	3	3	CANLF,HUMAN,PANTR
CEACAM1	2	1	HUMAN,PANTR
CEACAM16	2	1	HUMAN,PANTR
CEACAM19	2	1	HUMAN,PANTR
CEACAM20	3	3	CANLF,HUMAN,PANTR
CEACAM3	2	1	HUMAN,PANTR
CEACAM4	2	1	HUMAN,PANTR
CEACAM5	2	1	HUMAN,PANTR
CEACAM6	2	1	HUMAN,PANTR
CEACAM7	2	1	HUMAN,PANTR
CEACAM8	2	1	HUMAN,PANTR
CEBPB	3	3	CANLF,HUMAN,PANTR
CEBPD	2	1	HUMAN,PANTR
CEBPE	3	3	CANLF,HUMAN,PANTR
CEBPG	2	1	HUMAN,PANTR
CEBPZ	2	1	HUMAN,PANTR
CEBPZOS	2	1	HUMAN,PANTR
CECR2	4	6	BOVIN,CANLF,HUMAN,PANTR
CELA1	2	1	HUMAN,PANTR
CELA2A	2	1	HUMAN,PANTR
CELA2B	2	1	HUMAN,PANTR
CELA3A	2	1	HUMAN,PANTR
CELF2	2	1	HUMAN,PANTR
CELF3	2	1	HUMAN,PANTR
CELF4	2	1	HUMAN,PANTR
CELF5	3	3	BOVIN,HUMAN,PANTR
CELSR1	3	3	BOVIN,HUMAN,PANTR
CELSR2	2	1	HUMAN,PANTR
CELSR3	3	3	CANLF,HUMAN,PANTR
CEMIP	2	1	HUMAN,PANTR
CEMIP2	2	1	HUMAN,PANTR
CENATAC	2	1	HUMAN,PANTR
CEND1	2	1	HUMAN,PANTR
CENPA	2	1	HUMAN,PANTR
CENPB	2	1	HUMAN,PANTR
CENPC	2	1	HUMAN,PANTR
CENPE	2	1	HUMAN,PANTR
CENPF	2	1	HUMAN,PANTR
CENPH	2	1	HUMAN,PANTR
CENPJ	2	1	HUMAN,PANTR
CENPK	2	1	HUMAN,PANTR
CENPL	2	1	HUMAN,PANTR
CENPM	2	1	HUMAN,PANTR
CENPN	2	1	HUMAN,PANTR
CENPO	2	1	HUMAN,PANTR
CENPP	3	3	BOVIN,HUMAN,PANTR
CENPQ	2	1	HUMAN,PANTR
CENPS	2	1	HUMAN,PANTR
CENPT	2	1	HUMAN,PANTR
CENPU	2	1	HUMAN,PANTR
CENPV	3	3	CANLF,HUMAN,PANTR
CENPW	2	1	HUMAN,PANTR
CENPX	2	1	HUMAN,PANTR
CEP104	2	1	HUMAN,PANTR
CEP112	2	1	HUMAN,PANTR
CEP120	2	1	HUMAN,PANTR
CEP126	3	3	CANLF,HUMAN,PANTR
CEP128	3	3	BOVIN,HUMAN,PANTR
CEP131	3	3	CANLF,HUMAN,PANTR
CEP135	2	1	HUMAN,PANTR
CEP152	2	1	HUMAN,PANTR
CEP162	2	1	HUMAN,PANTR
CEP164	2	1	HUMAN,PANTR
CEP170	2	1	HUMAN,PANTR
CEP170B	2	1	HUMAN,PANTR
CEP19	2	1	HUMAN,PANTR
CEP192	2	1	HUMAN,PANTR
CEP250	2	1	HUMAN,PANTR
CEP290	2	1	HUMAN,PANTR
CEP295	2	1	HUMAN,PANTR
CEP295NL	2	1	HUMAN,PANTR
CEP350	2	1	HUMAN,PANTR
CEP41	2	1	HUMAN,PANTR
CEP43	2	1	HUMAN,PANTR
CEP44	2	1	HUMAN,PANTR
CEP55	2	1	HUMAN,PANTR
CEP57	2	1	HUMAN,PANTR
CEP57L1	2	1	HUMAN,PANTR
CEP63	2	1	HUMAN,PANTR
CEP68	2	1	HUMAN,PANTR
CEP70	2	1	HUMAN,PANTR
CEP72	2	1	HUMAN,PANTR
CEP76	2	1	HUMAN,PANTR
CEP78	2	1	HUMAN,PANTR
CEP83	2	1	HUMAN,PANTR
CEP85	2	1	HUMAN,PANTR
CEP85L	2	1	HUMAN,PANTR
CEP89	2	1	HUMAN,PANTR
CEP95	2	1	HUMAN,PANTR
CEP97	3	3	CANLF,HUMAN,PANTR
CEPT1	2	1	HUMAN,PANTR
CER1	2	1	HUMAN,PANTR
CERCAM	2	1	HUMAN,PANTR
CERK	4	6	BOVIN,CANLF,HUMAN,PANTR
CERKL	2	1	HUMAN,PANTR
CERS1	3	3	BOVIN,HUMAN,PANTR
CERS2	2	1	HUMAN,PANTR
CERS3	2	1	HUMAN,PANTR
CERS4	2	1	HUMAN,PANTR
CERS5	2	1	HUMAN,PANTR
CERS6	2	1	HUMAN,PANTR
CERT1	2	1	HUMAN,PANTR
CES2	2	1	HUMAN,PANTR
CES3	2	1	HUMAN,PANTR
CES5A	2	1	HUMAN,PANTR
CETN1	2	1	HUMAN,PANTR
CETN2	2	1	HUMAN,PANTR
CETN3	2	1	HUMAN,PANTR
CETP	2	1	HUMAN,PANTR
CFAP100	2	1	HUMAN,PANTR
CFAP107	2	1	HUMAN,PANTR
CFAP119	2	1	HUMAN,PANTR
CFAP126	3	3	CANLF,HUMAN,PANTR
CFAP141	2	1	HUMAN,PANTR
CFAP157	2	1	HUMAN,PANTR
CFAP161	2	1	HUMAN,PANTR
CFAP20	2	1	HUMAN,PANTR
CFAP206	4	6	BOVIN,CANLF,HUMAN,PANTR
CFAP20DC	3	3	CANLF,HUMAN,PANTR
CFAP210	2	1	HUMAN,PANTR
CFAP221	2	1	HUMAN,PANTR
CFAP251	2	1	HUMAN,PANTR
CFAP276	3	3	BOVIN,HUMAN,PANTR
CFAP298	2	1	HUMAN,PANTR
CFAP299	3	3	CANLF,HUMAN,PANTR
CFAP300	3	3	CANLF,HUMAN,PANTR
CFAP36	2	1	HUMAN,PANTR
CFAP410	3	3	BOVIN,HUMAN,PANTR
CFAP418	2	1	HUMAN,PANTR
CFAP43	2	1	HUMAN,PANTR
CFAP44	2	1	HUMAN,PANTR
CFAP45	2	1	HUMAN,PANTR
CFAP46	2	1	HUMAN,PANTR
CFAP52	2	1	HUMAN,PANTR
CFAP53	2	1	HUMAN,PANTR
CFAP54	2	1	HUMAN,PANTR
CFAP57	3	3	BOVIN,HUMAN,PANTR
CFAP58	2	1	HUMAN,PANTR
CFAP61	2	1	HUMAN,PANTR
CFAP65	3	3	BOVIN,HUMAN,PANTR
CFAP69	2	1	HUMAN,PANTR
CFAP70	2	1	HUMAN,PANTR
CFAP73	2	1	HUMAN,PANTR
CFAP74	2	1	HUMAN,PANTR
CFAP77	4	6	BOVIN,CANLF,HUMAN,PANTR
CFAP91	2	1	HUMAN,PANTR
CFAP95	3	3	CANLF,HUMAN,PANTR
CFAP97	2	1	HUMAN,PANTR
CFAP97D1	3	3	CANLF,HUMAN,PANTR
CFAP99	2	1	HUMAN,PANTR
CFD	2	1	HUMAN,PANTR
CFDP1	2	1	HUMAN,PANTR
CFH	2	1	HUMAN,PANTR
CFHR4	2	1	HUMAN,PANTR
CFHR5	2	1	HUMAN,PANTR
CFI	2	1	HUMAN,PANTR
CFL1	3	3	CANLF,HUMAN,PANTR
CFL2	2	1	HUMAN,PANTR
CFLAR	2	1	HUMAN,PANTR
CFP	2	1	HUMAN,PANTR
CGAS	2	1	HUMAN,PANTR
CGGBP1	2	1	HUMAN,PANTR
CGN	2	1	HUMAN,PANTR
CGNL1	2	1	HUMAN,PANTR
CGREF1	2	1	HUMAN,PANTR
CGRRF1	2	1	HUMAN,PANTR
CH25H	2	1	HUMAN,PANTR
CHAC1	2	1	HUMAN,PANTR
CHAC2	2	1	HUMAN,PANTR
CHAD	2	1	HUMAN,PANTR
CHADL	2	1	HUMAN,PANTR
CHAF1A	2	1	HUMAN,PANTR
CHAF1B	2	1	HUMAN,PANTR
CHAMP1	2	1	HUMAN,PANTR
CHAT	2	1	HUMAN,PANTR
CHCHD1	2	1	HUMAN,PANTR
CHCHD10	2	1	HUMAN,PANTR
CHCHD2	3	3	CANLF,HUMAN,PANTR
CHCHD3	2	1	HUMAN,PANTR
CHCHD4	2	1	HUMAN,PANTR
CHCHD5	2	1	HUMAN,PANTR
CHCHD6	2	1	HUMAN,PANTR
CHCHD7	2	1	HUMAN,PANTR
CHD1	2	1	HUMAN,PANTR
CHD1L	2	1	HUMAN,PANTR
CHD2	2	1	HUMAN,PANTR
CHD3	2	1	HUMAN,PANTR
CHD4	2	1	HUMAN,PANTR
CHD5	2	1	HUMAN,PANTR
CHD6	2	1	HUMAN,PANTR
CHD7	2	1	HUMAN,PANTR
CHD8	2	1	HUMAN,PANTR
CHD9	2	1	HUMAN,PANTR
CHDH	2	1	HUMAN,PANTR
CHEK1	3	3	CANLF,HUMAN,PANTR
CHEK2	2	1	HUMAN,PANTR
CHERP	2	1	HUMAN,PANTR
CHFR	2	1	HUMAN,PANTR
CHGA	2	1	HUMAN,PANTR
CHGB	2	1	HUMAN,PANTR
CHI3L1	2	1	HUMAN,PANTR
CHI3L2	2	1	HUMAN,PANTR
CHIA	2	1	HUMAN,PANTR
CHIC1	2	1	HUMAN,PANTR
CHIC2	2	1	HUMAN,PANTR
CHID1	2	1	HUMAN,PANTR
CHIT1	2	1	HUMAN,PANTR
CHKA	2	1	HUMAN,PANTR
CHKB	2	1	HUMAN,PANTR
CHL1	2	1	HUMAN,PANTR
CHM	2	1	HUMAN,PANTR
CHMP1A	2	1	HUMAN,PANTR
CHMP2A	2	1	HUMAN,PANTR
CHMP2B	2	1	HUMAN,PANTR
CHMP3	2	1	HUMAN,PANTR
CHMP4B	4	6	BOVIN,CANLF,HUMAN,PANTR
CHMP4C	2	1	HUMAN,PANTR
CHMP5	2	1	HUMAN,PANTR
CHMP6	3	3	CANLF,HUMAN,PANTR
CHMP7	2	1	HUMAN,PANTR
CHN1	3	3	CANLF,HUMAN,PANTR
CHN2	2	1	HUMAN,PANTR
CHODL	2	1	HUMAN,PANTR
CHORDC1	2	1	HUMAN,PANTR
CHP1	2	1	HUMAN,PANTR
CHP2	2	1	HUMAN,PANTR
CHPF	2	1	HUMAN,PANTR
CHPT1	2	1	HUMAN,PANTR
CHRAC1	3	3	CANLF,HUMAN,PANTR
CHRD	2	1	HUMAN,PANTR
CHRDL1	2	1	HUMAN,PANTR
CHRDL2	2	1	HUMAN,PANTR
CHRM1	2	1	HUMAN,PANTR
CHRM2	2	1	HUMAN,PANTR
CHRM3	2	1	HUMAN,PANTR
CHRM4	2	1	BOVIN,HUMAN
CHRM5	2	1	HUMAN,PANTR
CHRNA1	2	1	HUMAN,PANTR
CHRNA10	2	1	HUMAN,PANTR
CHRNA2	2	1	HUMAN,PANTR
CHRNA3	2	1	HUMAN,PANTR
CHRNA4	2	1	HUMAN,PANTR
CHRNA5	2	1	HUMAN,PANTR
CHRNA6	2	1	HUMAN,PANTR
CHRNA9	2	1	HUMAN,PANTR
CHRNB1	2	1	HUMAN,PANTR
CHRNB2	2	1	HUMAN,PANTR
CHRNB3	2	1	HUMAN,PANTR
CHRNB4	2	1	HUMAN,PANTR
CHRND	2	1	HUMAN,PANTR
CHRNE	2	1	HUMAN,PANTR
CHRNG	2	1	HUMAN,PANTR
CHST1	2	1	HUMAN,PANTR
CHST10	2	1	HUMAN,PANTR
CHST11	2	1	HUMAN,PANTR
CHST12	2	1	HUMAN,PANTR
CHST13	2	1	HUMAN,PANTR
CHST15	2	1	HUMAN,PANTR
CHST2	2	1	HUMAN,PANTR
CHST3	2	1	HUMAN,PANTR
CHST4	2	1	HUMAN,PANTR
CHST5	2	1	HUMAN,PANTR
CHST6	2	1	HUMAN,PANTR
CHST8	2	1	HUMAN,PANTR
CHST9	2	1	HUMAN,PANTR
CHSY3	3	3	CANLF,HUMAN,PANTR
CHTF18	2	1	HUMAN,PANTR
CHTF8	2	1	HUMAN,PANTR
CHTOP	3	3	CANLF,HUMAN,PANTR
CHUK	2	1	HUMAN,PANTR
CHURC1	2	1	HUMAN,PANTR
CIAO1	2	1	HUMAN,PANTR
CIAO2A	2	1	HUMAN,PANTR
CIAO2B	3	3	CANLF,HUMAN,PANTR
CIAO3	3	3	CANLF,HUMAN,PANTR
CIAPIN1	2	1	HUMAN,PANTR
CIART	2	1	HUMAN,PANTR
CIB1	2	1	HUMAN,PANTR
CIB2	2	1	HUMAN,PANTR
CIB3	2	1	HUMAN,PANTR
CIB4	2	1	HUMAN,PANTR
CIBAR1	2	1	CANLF,HUMAN
CIBAR2	2	1	HUMAN,PANTR
CIC	2	1	HUMAN,PANTR
CIDEA	2	1	HUMAN,PANTR
CIDEB	2	1	HUMAN,PANTR
CIDEC	2	1	HUMAN,PANTR
CIITA	2	1	HUMAN,PANTR
CILK1	2	1	HUMAN,PANTR
CILP	2	1	HUMAN,PANTR
CILP2	2	1	HUMAN,PANTR
CINP	2	1	HUMAN,PANTR
CIP2A	2	1	HUMAN,PANTR
CIPC	2	1	HUMAN,PANTR
CIR1	2	1	HUMAN,PANTR
CIRBP	3	3	CANLF,HUMAN,PANTR
CISD1	2	1	HUMAN,PANTR
CISD2	2	1	HUMAN,PANTR
CISD3	2	1	HUMAN,PANTR
CISH	2	1	HUMAN,PANTR
CIT	2	1	HUMAN,PANTR
CITED2	2	1	HUMAN,PANTR
CITED4	2	1	HUMAN,PANTR
CKAP2	2	1	HUMAN,PANTR
CKAP2L	2	1	HUMAN,PANTR
CKAP4	2	1	HUMAN,PANTR
CKAP5	2	1	HUMAN,PANTR
CKB	2	1	HUMAN,PANTR
CKM	2	1	HUMAN,PANTR
CKMT2	2	1	HUMAN,PANTR
CKS1B	2	1	HUMAN,PANTR
CKS2	2	1	HUMAN,PANTR
CLASP1	2	1	HUMAN,PANTR
CLASP2	2	1	HUMAN,PANTR
CLASRP	2	1	HUMAN,PANTR
CLBA1	3	3	BOVIN,HUMAN,PANTR
CLCA1	2	1	HUMAN,PANTR
CLCA2	2	1	HUMAN,PANTR
CLCA4	3	3	BOVIN,HUMAN,PANTR
CLCC1	2	1	HUMAN,PANTR
CLCF1	2	1	BOVIN,HUMAN
CLCN1	2	1	HUMAN,PANTR
CLCN2	2	1	HUMAN,PANTR
CLCN3	2	1	HUMAN,PANTR
CLCN4	2	1	HUMAN,PANTR
CLCN5	2	1	HUMAN,PANTR
CLCN6	2	1	HUMAN,PANTR
CLCN7	2	1	HUMAN,PANTR
CLCNKA	2	1	HUMAN,PANTR
CLCNKB	2	1	HUMAN,PANTR
CLDN1	2	1	HUMAN,PANTR
CLDN10	2	1	HUMAN,PANTR
CLDN11	3	3	BOVIN,HUMAN,PANTR
CLDN14	3	3	BOVIN,HUMAN,PANTR
CLDN15	2	1	HUMAN,PANTR
CLDN16	2	1	HUMAN,PANTR
CLDN17	2	1	HUMAN,PANTR
CLDN18	2	1	HUMAN,PANTR
CLDN19	2	1	HUMAN,PANTR
CLDN20	2	1	HUMAN,PANTR
CLDN22	2	1	HUMAN,PANTR
CLDN23	2	1	HUMAN,PANTR
CLDN24	2	1	HUMAN,PANTR
CLDN25	2	1	HUMAN,PANTR
CLDN3	2	1	HUMAN,PANTR
CLDN7	4	6	BOVIN,CANLF,HUMAN,PANTR
CLDN8	3	3	CANLF,HUMAN,PANTR
CLDND1	2	1	HUMAN,PANTR
CLDND2	3	3	BOVIN,HUMAN,PANTR
CLEC10A	3	3	BOVIN,HUMAN,PANTR
CLEC11A	2	1	HUMAN,PANTR
CLEC12A	2	1	HUMAN,PANTR
CLEC12B	2	1	HUMAN,PANTR
CLEC14A	2	1	HUMAN,PANTR
CLEC16A	2	1	HUMAN,PANTR
CLEC17A	2	1	HUMAN,PANTR
CLEC19A	2	1	HUMAN,PANTR
CLEC1A	2	1	HUMAN,PANTR
CLEC1B	2	1	HUMAN,PANTR
CLEC20A	2	1	HUMAN,PANTR
CLEC2A	2	1	HUMAN,PANTR
CLEC2B	2	1	HUMAN,PANTR
CLEC2D	2	1	HUMAN,PANTR
CLEC2L	4	6	BOVIN,CANLF,HUMAN,PANTR
CLEC3A	2	1	HUMAN,PANTR
CLEC3B	3	3	CANLF,HUMAN,PANTR
CLEC4A	2	1	HUMAN,PANTR
CLEC4C	2	1	HUMAN,PANTR
CLEC4D	2	1	HUMAN,PANTR
CLEC4E	2	1	HUMAN,PANTR
CLEC4F	2	1	HUMAN,PANTR
CLEC4G	2	1	HUMAN,PANTR
CLEC4M	2	1	HUMAN,PANTR
CLEC5A	2	1	HUMAN,PANTR
CLEC6A	2	1	HUMAN,PANTR
CLEC7A	2	1	HUMAN,PANTR
CLEC9A	2	1	HUMAN,PANTR
CLECL1	2	1	HUMAN,PANTR
CLGN	2	1	HUMAN,PANTR
CLHC1	2	1	HUMAN,PANTR
CLIC1	2	1	HUMAN,PANTR
CLIC2	2	1	HUMAN,PANTR
CLIC3	2	1	HUMAN,PANTR
CLIC4	2	1	HUMAN,PANTR
CLIC5	2	1	HUMAN,PANTR
CLIC6	3	3	CANLF,HUMAN,PANTR
CLINT1	2	1	HUMAN,PANTR
CLIP1	2	1	HUMAN,PANTR
CLIP2	3	3	CANLF,HUMAN,PANTR
CLIP3	2	1	HUMAN,PANTR
CLIP4	2	1	HUMAN,PANTR
CLK1	2	1	HUMAN,PANTR
CLK2	2	1	HUMAN,PANTR
CLK3	2	1	HUMAN,PANTR
CLK4	2	1	HUMAN,PANTR
CLMN	2	1	HUMAN,PANTR
CLMP	2	1	HUMAN,PANTR
CLN5	2	1	HUMAN,PANTR
CLN6	2	1	HUMAN,PANTR
CLN8	2	1	HUMAN,PANTR
CLNK	2	1	HUMAN,PANTR
CLOCK	2	1	HUMAN,PANTR
CLPB	2	1	HUMAN,PANTR
CLPP	2	1	HUMAN,PANTR
CLPS	3	3	BOVIN,HUMAN,PANTR
CLPSL1	2	1	HUMAN,PANTR
CLPSL2	2	1	HUMAN,PANTR
CLPTM1	2	1	HUMAN,PANTR
CLPX	2	1	HUMAN,PANTR
CLRN1	4	6	BOVIN,CANLF,HUMAN,PANTR
CLRN2	2	1	HUMAN,PANTR
CLRN3	2	1	HUMAN,PANTR
CLSPN	2	1	HUMAN,PANTR
CLSTN1	2	1	HUMAN,PANTR
CLSTN2	2	1	HUMAN,PANTR
CLSTN3	2	1	HUMAN,PANTR
CLTA	2	1	HUMAN,PANTR
CLTB	2	1	HUMAN,PANTR
CLTC	2	1	HUMAN,PANTR
CLTCL1	2	1	HUMAN,PANTR
CLTRN	2	1	HUMAN,PANTR
CLU	2	1	HUMAN,PANTR
CLUAP1	2	1	HUMAN,PANTR
CLUH	2	1	HUMAN,PANTR
CLUL1	2	1	HUMAN,PANTR
CLVS1	2	1	HUMAN,PANTR
CLVS2	2	1	HUMAN,PANTR
CLYBL	2	1	HUMAN,PANTR
CMA1	2	1	HUMAN,PANTR
CMAS	2	1	HUMAN,PANTR
CMBL	2	1	HUMAN,PANTR
CMC1	2	1	HUMAN,PANTR
CMC2	2	1	HUMAN,PANTR
CMC4	2	1	HUMAN,PANTR
CMIP	4	6	BOVIN,CANLF,HUMAN,PANTR
CMKLR1	2	1	HUMAN,PANTR
CMKLR2	2	1	HUMAN,PANTR
CMPK1	2	1	HUMAN,PANTR
CMPK2	2	1	HUMAN,PANTR
CMSS1	3	3	CANLF,HUMAN,PANTR
CMTM1	2	1	CANLF,HUMAN
CMTM2	2	1	HUMAN,PANTR
CMTM3	2	1	HUMAN,PANTR
CMTM4	3	3	CANLF,HUMAN,PANTR
CMTM5	2	1	HUMAN,PANTR
CMTM6	2	1	HUMAN,PANTR
CMTM7	3	3	CANLF,HUMAN,PANTR
CMTM8	2	1	HUMAN,PANTR
CMTR1	2	1	HUMAN,PANTR
CMYA5	2	1	HUMAN,PANTR
CNBD1	2	1	HUMAN,PANTR
CNBD2	3	3	BOVIN,HUMAN,PANTR
CNBP	2	1	HUMAN,PANTR
CNDP1	2	1	HUMAN,PANTR
CNDP2	2	1	HUMAN,PANTR
CNEP1R1	2	1	HUMAN,PANTR
CNFN	2	1	HUMAN,PANTR
CNGA1	2	1	HUMAN,PANTR
CNGA2	2	1	HUMAN,PANTR
CNGA3	2	1	HUMAN,PANTR
CNGA4	2	1	HUMAN,PANTR
CNGB1	3	3	CANLF,HUMAN,PANTR
CNGB3	2	1	HUMAN,PANTR
CNIH1	2	1	HUMAN,PANTR
CNIH2	2	1	HUMAN,PANTR
CNIH3	2	1	HUMAN,PANTR
CNIH4	2	1	HUMAN,PANTR
CNKSR1	2	1	HUMAN,PANTR
CNKSR2	2	1	HUMAN,PANTR
CNKSR3	2	1	HUMAN,PANTR
CNMD	2	1	HUMAN,PANTR
CNN1	3	3	CANLF,HUMAN,PANTR
CNN2	2	1	CANLF,HUMAN
CNN3	2	1	HUMAN,PANTR
CNNM1	2	1	HUMAN,PANTR
CNNM2	2	1	HUMAN,PANTR
CNNM3	2	1	HUMAN,PANTR
CNNM4	2	1	HUMAN,PANTR
CNOT1	2	1	HUMAN,PANTR
CNOT10	2	1	HUMAN,PANTR
CNOT11	2	1	HUMAN,PANTR
CNOT2	2	1	HUMAN,PANTR
CNOT3	2	1	HUMAN,PANTR
CNOT4	2	1	HUMAN,PANTR
CNOT6	2	1	HUMAN,PANTR
CNOT6L	2	1	HUMAN,PANTR
CNOT8	2	1	HUMAN,PANTR
CNOT9	2	1	HUMAN,PANTR
CNP	2	1	HUMAN,PANTR
CNPPD1	3	3	BOVIN,HUMAN,PANTR
CNPY1	2	1	HUMAN,PANTR
CNPY3	2	1	HUMAN,PANTR
CNPY4	2	1	HUMAN,PANTR
CNR2	2	1	HUMAN,PANTR
CNRIP1	3	3	CANLF,HUMAN,PANTR
CNST	2	1	HUMAN,PANTR
CNTD1	2	1	HUMAN,PANTR
CNTF	2	1	HUMAN,PANTR
CNTFR	2	1	HUMAN,PANTR
CNTLN	3	3	BOVIN,HUMAN,PANTR
CNTN1	2	1	HUMAN,PANTR
CNTN2	2	1	HUMAN,PANTR
CNTN3	2	1	HUMAN,PANTR
CNTN4	2	1	HUMAN,PANTR
CNTN5	2	1	HUMAN,PANTR
CNTN6	2	1	HUMAN,PANTR
CNTNAP1	2	1	HUMAN,PANTR
CNTNAP2	2	1	HUMAN,PANTR
CNTNAP4	2	1	HUMAN,PANTR
CNTNAP5	3	3	BOVIN,HUMAN,PANTR
CNTRL	3	3	CANLF,HUMAN,PANTR
CNTROB	3	3	BOVIN,HUMAN,PANTR
COA1	2	1	HUMAN,PANTR
COA3	2	1	HUMAN,PANTR
COA4	2	1	HUMAN,PANTR
COA5	2	1	HUMAN,PANTR
COA6	2	1	HUMAN,PANTR
COA7	4	6	BOVIN,CANLF,HUMAN,PANTR
COA8	2	1	CANLF,HUMAN
COASY	3	3	CANLF,HUMAN,PANTR
COBL	2	1	HUMAN,PANTR
COBLL1	2	1	HUMAN,PANTR
COCH	2	1	HUMAN,PANTR
COG1	2	1	HUMAN,PANTR
COG2	2	1	HUMAN,PANTR
COG3	2	1	HUMAN,PANTR
COG4	2	1	HUMAN,PANTR
COG5	3	3	BOVIN,HUMAN,PANTR
COG6	2	1	HUMAN,PANTR
COG7	2	1	HUMAN,PANTR
COIL	2	1	HUMAN,PANTR
COL10A1	2	1	HUMAN,PANTR
COL11A1	2	1	HUMAN,PANTR
COL11A2	2	1	HUMAN,PANTR
COL12A1	2	1	HUMAN,PANTR
COL13A1	2	1	HUMAN,PANTR
COL14A1	4	6	BOVIN,CANLF,HUMAN,PANTR
COL15A1	2	1	HUMAN,PANTR
COL16A1	2	1	HUMAN,PANTR
COL18A1	2	1	HUMAN,PANTR
COL19A1	2	1	HUMAN,PANTR
COL1A1	2	1	HUMAN,PANTR
COL1A2	2	1	HUMAN,PANTR
COL20A1	2	1	HUMAN,PANTR
COL21A1	2	1	HUMAN,PANTR
COL22A1	2	1	HUMAN,PANTR
COL23A1	3	3	CANLF,HUMAN,PANTR
COL24A1	2	1	HUMAN,PANTR
COL25A1	2	1	CANLF,HUMAN
COL27A1	4	6	BOVIN,CANLF,HUMAN,PANTR
COL28A1	2	1	HUMAN,PANTR
COL2A1	2	1	HUMAN,PANTR
COL3A1	2	1	HUMAN,PANTR
COL4A1	2	1	HUMAN,PANTR
COL4A2	2	1	HUMAN,PANTR
COL4A3	4	6	BOVIN,CANLF,HUMAN,PANTR
COL4A4	2	1	HUMAN,PANTR
COL4A5	3	3	CANLF,HUMAN,PANTR
COL4A6	2	1	HUMAN,PANTR
COL5A1	3	3	CANLF,HUMAN,PANTR
COL5A2	2	1	HUMAN,PANTR
COL5A3	2	1	HUMAN,PANTR
COL6A2	3	3	CANLF,HUMAN,PANTR
COL6A3	2	1	HUMAN,PANTR
COL6A5	2	1	HUMAN,PANTR
COL6A6	3	3	BOVIN,HUMAN,PANTR
COL8A1	2	1	HUMAN,PANTR
COL8A2	2	1	HUMAN,PANTR
COL9A1	3	3	BOVIN,HUMAN,PANTR
COL9A2	2	1	HUMAN,PANTR
COL9A3	2	1	HUMAN,PANTR
COLCA2	2	1	HUMAN,PANTR
COLEC10	2	1	HUMAN,PANTR
COLEC11	2	1	HUMAN,PANTR
COLEC12	2	1	HUMAN,PANTR
COLGALT1	4	6	BOVIN,CANLF,HUMAN,PANTR
COLGALT2	3	3	CANLF,HUMAN,PANTR
COLQ	2	1	HUMAN,PANTR
COMMD1	2	1	HUMAN,PANTR
COMMD10	2	1	HUMAN,PANTR
COMMD2	2	1	HUMAN,PANTR
COMMD3	2	1	HUMAN,PANTR
COMMD4	2	1	HUMAN,PANTR
COMMD5	2	1	HUMAN,PANTR
COMMD6	2	1	HUMAN,PANTR
COMMD7	2	1	HUMAN,PANTR
COMMD8	2	1	HUMAN,PANTR
COMMD9	2	1	HUMAN,PANTR
COMP	2	1	HUMAN,PANTR
COMT	2	1	HUMAN,PANTR
COMTD1	2	1	HUMAN,PANTR
COP1	3	3	CANLF,HUMAN,PANTR
COPA	2	1	HUMAN,PANTR
COPB1	2	1	HUMAN,PANTR
COPB2	2	1	HUMAN,PANTR
COPE	2	1	HUMAN,PANTR
COPG1	2	1	HUMAN,PANTR
COPG2	2	1	HUMAN,PANTR
COPRS	3	3	CANLF,HUMAN,PANTR
COPS2	2	1	HUMAN,PANTR
COPS3	2	1	HUMAN,PANTR
COPS4	2	1	HUMAN,PANTR
COPS5	3	3	CANLF,HUMAN,PANTR
COPS6	2	1	HUMAN,PANTR
COPS7A	2	1	HUMAN,PANTR
COPS7B	2	1	HUMAN,PANTR
COPS8	2	1	HUMAN,PANTR
COPS9	3	3	BOVIN,HUMAN,PANTR
COPZ1	2	1	HUMAN,PANTR
COPZ2	2	1	HUMAN,PANTR
COQ10A	2	1	HUMAN,PANTR
COQ10B	3	3	CANLF,HUMAN,PANTR
COQ2	2	1	HUMAN,PANTR
COQ3	2	1	HUMAN,PANTR
COQ4	3	3	BOVIN,HUMAN,PANTR
COQ5	2	1	HUMAN,PANTR
COQ6	2	1	HUMAN,PANTR
COQ7	2	1	HUMAN,PANTR
COQ8A	2	1	HUMAN,PANTR
COQ8B	2	1	HUMAN,PANTR
COQ9	2	1	HUMAN,PANTR
CORIN	2	1	HUMAN,PANTR
CORO1A	2	1	HUMAN,PANTR
CORO1B	2	1	HUMAN,PANTR
CORO1C	2	1	HUMAN,PANTR
CORO2A	2	1	HUMAN,PANTR
CORO2B	2	1	HUMAN,PANTR
CORO6	2	1	HUMAN,PANTR
COTL1	2	1	HUMAN,PANTR
COX10	2	1	HUMAN,PANTR
COX11	4	6	BOVIN,CANLF,HUMAN,PANTR
COX15	2	1	HUMAN,PANTR
COX16	3	3	CANLF,HUMAN,PANTR
COX18	3	3	BOVIN,HUMAN,PANTR
COX20	2	1	HUMAN,PANTR
COX4I1	2	1	HUMAN,PANTR
COX4I2	2	1	HUMAN,PANTR
COX5A	2	1	HUMAN,PANTR
COX5B	2	1	HUMAN,PANTR
COX6A1	2	1	HUMAN,PANTR
COX6A2	2	1	HUMAN,PANTR
COX6B1	2	1	HUMAN,PANTR
COX6B2	2	1	HUMAN,PANTR
COX6C	2	1	HUMAN,PANTR
COX7A1	3	3	CANLF,HUMAN,PANTR
COX7A2	3	3	BOVIN,HUMAN,PANTR
COX7A2L	2	1	HUMAN,PANTR
COX7B	2	1	HUMAN,PANTR
COX7B2	2	1	HUMAN,PANTR
COX8C	2	1	HUMAN,PANTR
CP	2	1	HUMAN,PANTR
CPA1	2	1	HUMAN,PANTR
CPA2	2	1	HUMAN,PANTR
CPA3	2	1	HUMAN,PANTR
CPA4	2	1	HUMAN,PANTR
CPA5	2	1	HUMAN,PANTR
CPA6	3	3	BOVIN,HUMAN,PANTR
CPB1	2	1	HUMAN,PANTR
CPB2	2	1	HUMAN,PANTR
CPD	2	1	HUMAN,PANTR
CPE	2	1	HUMAN,PANTR
CPEB2	3	3	CANLF,HUMAN,PANTR
CPEB3	2	1	HUMAN,PANTR
CPEB4	2	1	HUMAN,PANTR
CPED1	3	3	CANLF,HUMAN,PANTR
CPLANE1	3	3	CANLF,HUMAN,PANTR
CPLANE2	2	1	HUMAN,PANTR
CPLX1	3	3	BOVIN,HUMAN,PANTR
CPLX2	2	1	HUMAN,PANTR
CPLX3	2	1	HUMAN,PANTR
CPLX4	3	3	CANLF,HUMAN,PANTR
CPM	2	1	HUMAN,PANTR
CPN1	2	1	HUMAN,PANTR
CPN2	2	1	HUMAN,PANTR
CPNE2	2	1	HUMAN,PANTR
CPNE3	2	1	HUMAN,PANTR
CPNE4	3	3	BOVIN,HUMAN,PANTR
CPNE5	2	1	HUMAN,PANTR
CPNE6	2	1	HUMAN,PANTR
CPNE8	2	1	HUMAN,PANTR
CPNE9	2	1	HUMAN,PANTR
CPO	2	1	HUMAN,PANTR
CPOX	3	3	CANLF,HUMAN,PANTR
CPPED1	2	1	HUMAN,PANTR
CPQ	2	1	HUMAN,PANTR
CPS1	2	1	HUMAN,PANTR
CPSF2	2	1	HUMAN,PANTR
CPSF3	2	1	HUMAN,PANTR
CPSF4	2	1	HUMAN,PANTR
CPSF4L	2	1	HUMAN,PANTR
CPSF6	2	1	HUMAN,PANTR
CPSF7	2	1	HUMAN,PANTR
CPT1A	2	1	HUMAN,PANTR
CPT1B	2	1	HUMAN,PANTR
CPT1C	2	1	HUMAN,PANTR
CPT2	2	1	HUMAN,PANTR
CPTP	2	1	HUMAN,PANTR
CPVL	2	1	HUMAN,PANTR
CPXM1	2	1	HUMAN,PANTR
CPXM2	2	1	HUMAN,PANTR
CPZ	2	1	HUMAN,PANTR
CR1	2	1	HUMAN,PANTR
CR1L	2	1	HUMAN,PANTR
CR2	2	1	HUMAN,PANTR
CRABP1	2	1	HUMAN,PANTR
CRABP2	2	1	HUMAN,PANTR
CRACD	2	1	HUMAN,PANTR
CRACDL	3	3	BOVIN,HUMAN,PANTR
CRACR2A	2	1	HUMAN,PANTR
CRACR2B	2	1	BOVIN,HUMAN
CRADD	2	1	HUMAN,PANTR
CRAMP1	3	3	CANLF,HUMAN,PANTR
CRB1	2	1	HUMAN,PANTR
CRB2	2	1	HUMAN,PANTR
CRB3	2	1	HUMAN,PANTR
CRBN	2	1	HUMAN,PANTR
CRCT1	2	1	HUMAN,PANTR
CREB1	2	1	HUMAN,PANTR
CREB3	2	1	HUMAN,PANTR
CREB3L1	2	1	HUMAN,PANTR
CREB3L2	2	1	HUMAN,PANTR
CREB3L3	3	3	CANLF,HUMAN,PANTR
CREB3L4	2	1	HUMAN,PANTR
CREB5	2	1	HUMAN,PANTR
CREBBP	2	1	HUMAN,PANTR
CREBL2	2	1	HUMAN,PANTR
CREBRF	2	1	HUMAN,PANTR
CREG1	2	1	HUMAN,PANTR
CREG2	2	1	HUMAN,PANTR
CRELD1	2	1	HUMAN,PANTR
CRELD2	2	1	HUMAN,PANTR
CREM	3	3	CANLF,HUMAN,PANTR
CRH	2	1	HUMAN,PANTR
CRHBP	2	1	HUMAN,PANTR
CRHR1	2	1	HUMAN,PANTR
CRHR2	2	1	HUMAN,PANTR
CRIM1	2	1	HUMAN,PANTR
CRIP1	2	1	CANLF,HUMAN
CRIP2	2	1	HUMAN,PANTR
CRIP3	2	1	HUMAN,PANTR
CRIPT	2	1	HUMAN,PANTR
CRISP1	2	1	HUMAN,PANTR
CRISP2	3	3	BOVIN,HUMAN,PANTR
CRISPLD1	2	1	HUMAN,PANTR
CRISPLD2	2	1	HUMAN,PANTR
CRK	2	1	HUMAN,PANTR
CRKL	3	3	BOVIN,HUMAN,PANTR
CRLF1	2	1	HUMAN,PANTR
CRLF3	2	1	HUMAN,PANTR
CRLS1	2	1	HUMAN,PANTR
CRMP1	2	1	HUMAN,PANTR
CRNKL1	2	1	HUMAN,PANTR
CRNN	2	1	HUMAN,PANTR
CROCC	4	6	BOVIN,CANLF,HUMAN,PANTR
CROCC2	3	3	BOVIN,HUMAN,PANTR
CROT	2	1	HUMAN,PANTR
CRP	2	1	HUMAN,PANTR
CRPPA	2	1	HUMAN,PANTR
CRTAC1	2	1	HUMAN,PANTR
CRTAM	2	1	HUMAN,PANTR
CRTAP	2	1	HUMAN,PANTR
CRTC1	2	1	HUMAN,PANTR
CRTC2	3	3	CANLF,HUMAN,PANTR
CRTC3	3	3	CANLF,HUMAN,PANTR
CRX	2	1	HUMAN,PANTR
CRY1	2	1	HUMAN,PANTR
CRY2	2	1	HUMAN,PANTR
CRYAB	2	1	HUMAN,PANTR
CRYBA1	2	1	HUMAN,PANTR
CRYBA2	2	1	HUMAN,PANTR
CRYBA4	2	1	HUMAN,PANTR
CRYBB1	2	1	HUMAN,PANTR
CRYBB2	2	1	HUMAN,PANTR
CRYBB3	2	1	HUMAN,PANTR
CRYBG1	2	1	HUMAN,PANTR
CRYBG2	2	1	HUMAN,PANTR
CRYBG3	2	1	HUMAN,PANTR
CRYGA	3	3	CANLF,HUMAN,PANTR
CRYGB	3	3	BOVIN,HUMAN,PANTR
CRYGD	3	3	BOVIN,HUMAN,PANTR
CRYGN	2	1	HUMAN,PANTR
CRYGS	2	1	HUMAN,PANTR
CRYL1	2	1	HUMAN,PANTR
CRYM	2	1	HUMAN,PANTR
CRYZ	2	1	HUMAN,PANTR
CSAD	2	1	HUMAN,PANTR
CSDC2	2	1	HUMAN,PANTR
CSDE1	2	1	HUMAN,PANTR
CSE1L	2	1	HUMAN,PANTR
CSF1	2	1	HUMAN,PANTR
CSF1R	2	1	HUMAN,PANTR
CSF2	2	1	HUMAN,PANTR
CSF2RB	2	1	HUMAN,PANTR
CSF3	2	1	HUMAN,PANTR
CSF3R	2	1	HUMAN,PANTR
CSGALNACT1	2	1	HUMAN,PANTR
CSGALNACT2	2	1	HUMAN,PANTR
CSK	2	1	HUMAN,PANTR
CSKMT	3	3	CANLF,HUMAN,PANTR
CSMD2	2	1	HUMAN,PANTR
CSMD3	2	1	HUMAN,PANTR
CSN1S1	2	1	HUMAN,PANTR
CSN2	2	1	HUMAN,PANTR
CSN3	2	1	HUMAN,PANTR
CSNK1A1	3	3	BOVIN,HUMAN,PANTR
CSNK1A1L	2	1	HUMAN,PANTR
CSNK1D	2	1	HUMAN,PANTR
CSNK1E	3	3	CANLF,HUMAN,PANTR
CSNK1G1	2	1	HUMAN,PANTR
CSNK1G2	2	1	HUMAN,PANTR
CSNK1G3	2	1	HUMAN,PANTR
CSNK2A2	2	1	HUMAN,PANTR
CSNK2B	3	3	BOVIN,HUMAN,PANTR
CSPG4	4	6	BOVIN,CANLF,HUMAN,PANTR
CSPG5	2	1	HUMAN,PANTR
CSPP1	2	1	HUMAN,PANTR
CSRNP1	2	1	HUMAN,PANTR
CSRNP2	2	1	HUMAN,PANTR
CSRNP3	4	6	BOVIN,CANLF,HUMAN,PANTR
CSRP1	2	1	HUMAN,PANTR
CSRP2	2	1	HUMAN,PANTR
CSRP3	2	1	HUMAN,PANTR
CST1	2	1	HUMAN,PANTR
CST11	2	1	HUMAN,PANTR
CST5	2	1	HUMAN,PANTR
CST7	2	1	HUMAN,PANTR
CST8	2	1	HUMAN,PANTR
CST9	2	1	HUMAN,PANTR
CST9L	2	1	HUMAN,PANTR
CSTA	2	1	HUMAN,PANTR
CSTB	2	1	HUMAN,PANTR
CSTF1	2	1	HUMAN,PANTR
CSTF2	2	1	HUMAN,PANTR
CSTF3	2	1	HUMAN,PANTR
CSTL1	2	1	HUMAN,PANTR
CT55	2	1	HUMAN,PANTR
CT62	2	1	HUMAN,PANTR
CT83	2	1	HUMAN,PANTR
CTBP1	2	1	HUMAN,PANTR
CTBP2	3	3	BOVIN,HUMAN,PANTR
CTBS	2	1	HUMAN,PANTR
CTC1	2	1	HUMAN,PANTR
CTCF	2	1	HUMAN,PANTR
CTCFL	3	3	CANLF,HUMAN,PANTR
CTDNEP1	2	1	HUMAN,PANTR
CTDP1	2	1	HUMAN,PANTR
CTDSP1	2	1	HUMAN,PANTR
CTDSP2	2	1	HUMAN,PANTR
CTDSPL2	2	1	HUMAN,PANTR
CTF1	3	3	CANLF,HUMAN,PANTR
CTH	2	1	HUMAN,PANTR
CTHRC1	2	1	HUMAN,PANTR
CTIF	2	1	HUMAN,PANTR
CTLA4	2	1	HUMAN,PANTR
CTNNA1	3	3	CANLF,HUMAN,PANTR
CTNNA2	2	1	HUMAN,PANTR
CTNNA3	2	1	HUMAN,PANTR
CTNNAL1	2	1	HUMAN,PANTR
CTNNB1	2	1	HUMAN,PANTR
CTNNBIP1	2	1	HUMAN,PANTR
CTNNBL1	2	1	HUMAN,PANTR
CTNND1	2	1	HUMAN,PANTR
CTNND2	2	1	HUMAN,PANTR
CTNS	2	1	HUMAN,PANTR
CTPS1	2	1	HUMAN,PANTR
CTPS2	2	1	HUMAN,PANTR
CTR9	2	1	HUMAN,PANTR
CTRB2	2	1	HUMAN,PANTR
CTRC	2	1	HUMAN,PANTR
CTRL	2	1	HUMAN,PANTR
CTSA	2	1	HUMAN,PANTR
CTSB	2	1	HUMAN,PANTR
CTSC	2	1	HUMAN,PANTR
CTSE	2	1	HUMAN,PANTR
CTSF	2	1	HUMAN,PANTR
CTSG	2	1	HUMAN,PANTR
CTSH	2	1	HUMAN,PANTR
CTSK	2	1	HUMAN,PANTR
CTSL	2	1	HUMAN,PANTR
CTSO	4	6	BOVIN,CANLF,HUMAN,PANTR
CTSS	2	1	HUMAN,PANTR
CTSV	2	1	HUMAN,PANTR
CTSW	2	1	HUMAN,PANTR
CTSZ	2	1	HUMAN,PANTR
CTTNBP2	2	1	HUMAN,PANTR
CTTNBP2NL	2	1	HUMAN,PANTR
CTU1	2	1	HUMAN,PANTR
CTU2	2	1	HUMAN,PANTR
CTXN1	2	1	HUMAN,PANTR
CTXN2	2	1	HUMAN,PANTR
CTXN3	2	1	HUMAN,PANTR
CTXND2	2	1	HUMAN,PANTR
CUBN	2	1	HUMAN,PANTR
CUEDC1	2	1	HUMAN,PANTR
CUEDC2	3	3	BOVIN,HUMAN,PANTR
CUL1	3	3	BOVIN,HUMAN,PANTR
CUL2	2	1	HUMAN,PANTR
CUL3	2	1	HUMAN,PANTR
CUL4B	2	1	HUMAN,PANTR
CUL5	2	1	HUMAN,PANTR
CUL7	2	1	HUMAN,PANTR
CUL9	2	1	HUMAN,PANTR
CUTA	2	1	HUMAN,PANTR
CUTC	2	1	HUMAN,PANTR
CUX2	2	1	HUMAN,PANTR
CUZD1	2	1	HUMAN,PANTR
CWC15	3	3	BOVIN,CANLF,HUMAN
CWC22	2	1	HUMAN,PANTR
CWC25	2	1	HUMAN,PANTR
CWC27	2	1	HUMAN,PANTR
CWF19L1	4	6	BOVIN,CANLF,HUMAN,PANTR
CWF19L2	2	1	CANLF,HUMAN
CWH43	2	1	HUMAN,PANTR
CX3CL1	3	3	BOVIN,HUMAN,PANTR
CX3CR1	2	1	HUMAN,PANTR
CXADR	4	6	BOVIN,CANLF,HUMAN,PANTR
CXCL1	2	1	HUMAN,PANTR
CXCL10	2	1	HUMAN,PANTR
CXCL11	2	1	HUMAN,PANTR
CXCL12	2	1	HUMAN,PANTR
CXCL13	2	1	HUMAN,PANTR
CXCL14	2	1	HUMAN,PANTR
CXCL16	3	3	CANLF,HUMAN,PANTR
CXCL17	2	1	HUMAN,PANTR
CXCL2	2	1	HUMAN,PANTR
CXCL3	2	1	HUMAN,PANTR
CXCL5	2	1	HUMAN,PANTR
CXCL6	2	1	HUMAN,PANTR
CXCL8	2	1	HUMAN,PANTR
CXCL9	2	1	HUMAN,PANTR
CXCR1	2	1	HUMAN,PANTR
CXCR2	2	1	HUMAN,PANTR
CXCR4	2	1	HUMAN,PANTR
CXCR5	2	1	HUMAN,PANTR
CXCR6	2	1	HUMAN,PANTR
CXXC1	2	1	HUMAN,PANTR
CXXC4	3	3	CANLF,HUMAN,PANTR
CXXC5	2	1	HUMAN,PANTR
CXorf38	2	1	HUMAN,PANTR
CXorf66	2	1	HUMAN,PANTR
CYB561	3	3	CANLF,HUMAN,PANTR
CYB561A3	2	1	HUMAN,PANTR
CYB561D1	2	1	HUMAN,PANTR
CYB561D2	2	1	CANLF,HUMAN
CYB5A	2	1	HUMAN,PANTR
CYB5B	3	3	BOVIN,HUMAN,PANTR
CYB5D1	3	3	CANLF,HUMAN,PANTR
CYB5D2	2	1	HUMAN,PANTR
CYB5R1	2	1	HUMAN,PANTR
CYB5R2	2	1	HUMAN,PANTR
CYB5R3	3	3	BOVIN,HUMAN,PANTR
CYB5R4	3	3	CANLF,HUMAN,PANTR
CYB5RL	2	1	HUMAN,PANTR
CYBA	3	3	BOVIN,HUMAN,PANTR
CYBB	2	1	HUMAN,PANTR
CYBC1	2	1	HUMAN,PANTR
CYBRD1	3	3	BOVIN,HUMAN,PANTR
CYC1	2	1	HUMAN,PANTR
CYCS	2	1	HUMAN,PANTR
CYFIP1	2	1	HUMAN,PANTR
CYFIP2	3	3	CANLF,HUMAN,PANTR
CYGB	3	3	CANLF,HUMAN,PANTR
CYHR1	2	1	HUMAN,PANTR
CYLC1	2	1	HUMAN,PANTR
CYLC2	3	3	BOVIN,HUMAN,PANTR
CYLD	3	3	BOVIN,HUMAN,PANTR
CYP11A1	2	1	CANLF,HUMAN
CYP11B1	3	2	HUMAN,PANTR
CYP17A1	2	1	CANLF,HUMAN
CYP19A1	3	3	CANLF,HUMAN,PANTR
CYP1A1	3	3	CANLF,HUMAN,PANTR
CYP1A2	3	3	CANLF,HUMAN,PANTR
CYP1B1	3	3	CANLF,HUMAN,PANTR
CYP20A1	2	1	CANLF,HUMAN
CYP24A1	3	3	CANLF,HUMAN,PANTR
CYP26A1	3	3	CANLF,HUMAN,PANTR
CYP26B1	2	1	CANLF,HUMAN
CYP27A1	2	1	CANLF,HUMAN
CYP27B1	3	3	CANLF,HUMAN,PANTR
CYP27C1	2	1	CANLF,HUMAN
CYP2A7	2	1	HUMAN,PANTR
CYP2C19	2	1	HUMAN,PANTR
CYP2C8	2	1	HUMAN,PANTR
CYP2C9	2	1	HUMAN,PANTR
CYP2D6	2	1	HUMAN,PANTR
CYP2E1	3	3	CANLF,HUMAN,PANTR
CYP2F1	2	1	CANLF,HUMAN
CYP2J2	3	3	CANLF,HUMAN,PANTR
CYP2R1	3	3	CANLF,HUMAN,PANTR
CYP2S1	3	3	CANLF,HUMAN,PANTR
CYP2U1	3	3	CANLF,HUMAN,PANTR
CYP2W1	3	3	CANLF,HUMAN,PANTR
CYP39A1	3	3	CANLF,HUMAN,PANTR
CYP3A4	2	1	HUMAN,PANTR
CYP3A5	2	1	HUMAN,PANTR
CYP46A1	3	3	CANLF,HUMAN,PANTR
CYP4A22	2	1	HUMAN,PANTR
CYP4B1	3	3	CANLF,HUMAN,PANTR
CYP4F11	2	1	HUMAN,PANTR
CYP4F12	2	1	HUMAN,PANTR
CYP4F2	2	1	HUMAN,PANTR
CYP4F22	3	3	CANLF,HUMAN,PANTR
CYP4F3	2	1	HUMAN,PANTR
CYP4F8	2	1	HUMAN,PANTR
CYP4V2	3	3	CANLF,HUMAN,PANTR
CYP4X1	3	3	CANLF,HUMAN,PANTR
CYP4Z1	2	1	HUMAN,PANTR
CYP51A1	3	3	CANLF,HUMAN,PANTR
CYP7A1	3	3	CANLF,HUMAN,PANTR
CYP7B1	3	3	CANLF,HUMAN,PANTR
CYP8B1	3	3	CANLF,HUMAN,PANTR
CYREN	3	3	CANLF,HUMAN,PANTR
CYRIA	2	1	HUMAN,PANTR
CYRIB	2	1	HUMAN,PANTR
CYS1	2	1	HUMAN,PANTR
CYSLTR1	2	1	HUMAN,PANTR
CYSLTR2	3	3	CANLF,HUMAN,PANTR
CYSRT1	2	1	HUMAN,PANTR
CYSTM1	3	3	CANLF,HUMAN,PANTR
CYTH1	4	6	BOVIN,CANLF,HUMAN,PANTR
CYTH2	3	3	BOVIN,HUMAN,PANTR
CYTH3	3	3	CANLF,HUMAN,PANTR
CYTH4	3	3	BOVIN,HUMAN,PANTR
CYTIP	3	3	BOVIN,HUMAN,PANTR
CYTL1	2	1	HUMAN,PANTR
CYYR1	2	1	HUMAN,PANTR
CZIB	3	3	BOVIN,HUMAN,PANTR
D2HGDH	2	1	HUMAN,PANTR
DAAM1	2	1	HUMAN,PANTR
DAAM2	2	1	HUMAN,PANTR
DAB1	2	1	HUMAN,PANTR
DAB2	2	1	HUMAN,PANTR
DAB2IP	2	1	HUMAN,PANTR
DACH1	2	1	HUMAN,PANTR
DACH2	3	3	CANLF,HUMAN,PANTR
DACT1	2	1	HUMAN,PANTR
DACT2	2	1	HUMAN,PANTR
DACT3	3	3	CANLF,HUMAN,PANTR
DAD1	2	1	HUMAN,PANTR
DAG1	2	1	HUMAN,PANTR
DAGLA	2	1	HUMAN,PANTR
DALRD3	2	1	HUMAN,PANTR
DAND5	2	1	HUMAN,PANTR
DAO	2	1	HUMAN,PANTR
DAOA	2	1	HUMAN,PANTR
DAP3	2	1	HUMAN,PANTR
DAPK1	2	1	HUMAN,PANTR
DAPK2	4	6	BOVIN,CANLF,HUMAN,PANTR
DAPK3	2	1	HUMAN,PANTR
DAPL1	2	1	HUMAN,PANTR
DAPP1	2	1	HUMAN,PANTR
DARS1	2	1	HUMAN,PANTR
DARS2	2	1	HUMAN,PANTR
DAW1	2	1	HUMAN,PANTR
DAXX	2	1	HUMAN,PANTR
DAZAP1	2	1	HUMAN,PANTR
DAZAP2	2	1	HUMAN,PANTR
DAZL	3	3	BOVIN,HUMAN,PANTR
DBF4	2	1	HUMAN,PANTR
DBF4B	3	3	BOVIN,HUMAN,PANTR
DBH	2	1	HUMAN,PANTR
DBI	2	1	HUMAN,PANTR
DBN1	2	1	HUMAN,PANTR
DBNDD2	3	3	CANLF,HUMAN,PANTR
DBNL	2	1	HUMAN,PANTR
DBP	2	1	HUMAN,PANTR
DBR1	2	1	HUMAN,PANTR
DBT	2	1	HUMAN,PANTR
DBX1	3	3	CANLF,HUMAN,PANTR
DBX2	3	3	CANLF,HUMAN,PANTR
DCAF1	2	1	HUMAN,PANTR
DCAF10	2	1	HUMAN,PANTR
DCAF11	3	3	CANLF,HUMAN,PANTR
DCAF12	2	1	HUMAN,PANTR
DCAF12L1	2	1	HUMAN,PANTR
DCAF13	3	3	BOVIN,HUMAN,PANTR
DCAF15	2	1	HUMAN,PANTR
DCAF16	2	1	HUMAN,PANTR
DCAF17	2	1	HUMAN,PANTR
DCAF4	3	3	CANLF,HUMAN,PANTR
DCAF5	2	1	HUMAN,PANTR
DCAF6	2	1	HUMAN,PANTR
DCAF7	2	1	HUMAN,PANTR
DCAF8	2	1	HUMAN,PANTR
DCAF8L1	2	1	HUMAN,PANTR
DCAF8L2	2	1	HUMAN,PANTR
DCAKD	3	3	CANLF,HUMAN,PANTR
DCANP1	2	1	HUMAN,PANTR
DCBLD1	2	1	HUMAN,PANTR
DCBLD2	2	1	HUMAN,PANTR
DCC	2	1	HUMAN,PANTR
DCD	2	1	HUMAN,PANTR
DCDC2	2	1	HUMAN,PANTR
DCDC2B	2	1	HUMAN,PANTR
DCDC2C	2	1	HUMAN,PANTR
DCHS1	3	3	CANLF,HUMAN,PANTR
DCHS2	2	1	CANLF,HUMAN
DCK	2	1	HUMAN,PANTR
DCLK1	2	1	HUMAN,PANTR
DCLK2	2	1	HUMAN,PANTR
DCLK3	2	1	HUMAN,PANTR
DCLRE1A	2	1	HUMAN,PANTR
DCLRE1B	2	1	HUMAN,PANTR
DCLRE1C	4	6	BOVIN,CANLF,HUMAN,PANTR
DCN	3	3	CANLF,HUMAN,PANTR
DCP1A	2	1	HUMAN,PANTR
DCP1B	2	1	HUMAN,PANTR
DCP2	2	1	HUMAN,PANTR
DCST1	2	1	HUMAN,PANTR
DCST2	2	1	HUMAN,PANTR
DCSTAMP	2	1	HUMAN,PANTR
DCT	2	1	HUMAN,PANTR
DCTD	2	1	HUMAN,PANTR
DCTN1	2	1	HUMAN,PANTR
DCTN2	2	1	HUMAN,PANTR
DCTN3	2	1	HUMAN,PANTR
DCTN4	2	1	HUMAN,PANTR
DCTN5	2	1	HUMAN,PANTR
DCTN6	2	1	HUMAN,PANTR
DCTPP1	2	1	HUMAN,PANTR
DCUN1D1	2	1	HUMAN,PANTR
DCUN1D2	2	1	HUMAN,PANTR
DCUN1D3	2	1	HUMAN,PANTR
DCUN1D4	3	3	BOVIN,HUMAN,PANTR
DCUN1D5	3	3	CANLF,HUMAN,PANTR
DCX	4	6	BOVIN,CANLF,HUMAN,PANTR
DCXR	2	1	HUMAN,PANTR
DDA1	2	1	HUMAN,PANTR
DDAH1	2	1	HUMAN,PANTR
DDAH2	2	1	HUMAN,PANTR
DDB1	2	1	HUMAN,PANTR
DDB2	2	1	HUMAN,PANTR
DDC	3	3	BOVIN,HUMAN,PANTR
DDHD1	2	1	HUMAN,PANTR
DDHD2	2	1	HUMAN,PANTR
DDI2	2	1	HUMAN,PANTR
DDIAS	2	1	HUMAN,PANTR
DDIT4	2	1	HUMAN,PANTR
DDIT4L	2	1	HUMAN,PANTR
DDN	2	1	HUMAN,PANTR
DDO	2	1	HUMAN,PANTR
DDOST	2	1	HUMAN,PANTR
DDR1	4	6	BOVIN,CANLF,HUMAN,PANTR
DDR2	2	1	HUMAN,PANTR
DDRGK1	2	1	HUMAN,PANTR
DDT	2	1	HUMAN,PANTR
DDX1	2	1	HUMAN,PANTR
DDX10	2	1	HUMAN,PANTR
DDX11	2	1	HUMAN,PANTR
DDX17	2	1	HUMAN,PANTR
DDX18	2	1	HUMAN,PANTR
DDX19A	3	3	BOVIN,CANLF,HUMAN
DDX19B	2	1	HUMAN,PANTR
DDX20	2	1	HUMAN,PANTR
DDX21	2	1	HUMAN,PANTR
DDX23	2	1	HUMAN,PANTR
DDX24	2	1	HUMAN,PANTR
DDX25	2	1	HUMAN,PANTR
DDX27	4	6	BOVIN,CANLF,HUMAN,PANTR
DDX28	2	1	HUMAN,PANTR
DDX31	2	1	HUMAN,PANTR
DDX39A	2	1	HUMAN,PANTR
DDX39B	2	1	HUMAN,PANTR
DDX3X	3	3	BOVIN,CANLF,HUMAN
DDX3Y	2	1	HUMAN,PANTR
DDX4	2	1	HUMAN,PANTR
DDX41	2	1	HUMAN,PANTR
DDX42	2	1	HUMAN,PANTR
DDX43	2	1	HUMAN,PANTR
DDX46	2	1	HUMAN,PANTR
DDX47	2	1	HUMAN,PANTR
DDX49	2	1	HUMAN,PANTR
DDX5	2	1	HUMAN,PANTR
DDX50	2	1	HUMAN,PANTR
DDX51	2	1	HUMAN,PANTR
DDX52	2	1	HUMAN,PANTR
DDX53	2	1	HUMAN,PANTR
DDX54	2	1	HUMAN,PANTR
DDX55	2	1	HUMAN,PANTR
DDX56	2	1	HUMAN,PANTR
DDX58	2	1	HUMAN,PANTR
DDX59	2	1	HUMAN,PANTR
DDX6	2	1	HUMAN,PANTR
DDX60	2	1	HUMAN,PANTR
DDX60L	2	1	HUMAN,PANTR
DEAF1	2	1	HUMAN,PANTR
DECR1	2	1	HUMAN,PANTR
DECR2	3	3	CANLF,HUMAN,PANTR
DEDD	2	1	HUMAN,PANTR
DEDD2	2	1	HUMAN,PANTR
DEF6	2	1	HUMAN,PANTR
DEF8	2	1	HUMAN,PANTR
DEFA5	2	1	HUMAN,PANTR
DEFA6	2	1	HUMAN,PANTR
DEFB1	2	1	HUMAN,PANTR
DEFB110	2	1	HUMAN,PANTR
DEFB112	2	1	HUMAN,PANTR
DEFB113	2	1	HUMAN,PANTR
DEFB114	2	1	HUMAN,PANTR
DEFB115	2	1	HUMAN,PANTR
DEFB116	2	1	HUMAN,PANTR
DEFB118	2	1	HUMAN,PANTR
DEFB119	2	1	HUMAN,PANTR
DEFB121	2	1	HUMAN,PANTR
DEFB123	3	3	BOVIN,HUMAN,PANTR
DEFB124	2	1	HUMAN,PANTR
DEFB125	2	1	HUMAN,PANTR
DEFB126	2	1	HUMAN,PANTR
DEFB127	2	1	HUMAN,PANTR
DEFB129	2	1	HUMAN,PANTR
DEFB133	2	1	HUMAN,PANTR
DEFB134	2	1	HUMAN,PANTR
DEFB136	2	1	HUMAN,PANTR
DEGS1	2	1	HUMAN,PANTR
DEK	2	1	HUMAN,PANTR
DELE1	3	3	CANLF,HUMAN,PANTR
DENND10	4	6	BOVIN,CANLF,HUMAN,PANTR
DENND11	2	1	HUMAN,PANTR
DENND1A	2	1	HUMAN,PANTR
DENND1B	3	3	CANLF,HUMAN,PANTR
DENND1C	2	1	HUMAN,PANTR
DENND2A	2	1	HUMAN,PANTR
DENND2C	2	1	HUMAN,PANTR
DENND2D	2	1	HUMAN,PANTR
DENND3	2	1	HUMAN,PANTR
DENND4A	2	1	HUMAN,PANTR
DENND4B	2	1	HUMAN,PANTR
DENND4C	2	1	HUMAN,PANTR
DENND5A	3	3	BOVIN,HUMAN,PANTR
DENND5B	2	1	HUMAN,PANTR
DENND6A	2	1	HUMAN,PANTR
DENND6B	2	1	HUMAN,PANTR
DENR	3	3	CANLF,HUMAN,PANTR
DEPDC1	3	3	BOVIN,HUMAN,PANTR
DEPDC1B	2	1	HUMAN,PANTR
DEPDC4	2	1	HUMAN,PANTR
DEPDC5	2	1	HUMAN,PANTR
DEPDC7	2	1	HUMAN,PANTR
DEPP1	2	1	HUMAN,PANTR
DEPTOR	2	1	HUMAN,PANTR
DERA	2	1	HUMAN,PANTR
DERL1	2	1	HUMAN,PANTR
DERL2	2	1	HUMAN,PANTR
DERL3	2	1	HUMAN,PANTR
DERPC	2	1	HUMAN,PANTR
DES	2	1	HUMAN,PANTR
DESI1	2	1	HUMAN,PANTR
DESI2	2	1	HUMAN,PANTR
DEUP1	2	1	HUMAN,PANTR
DEXI	2	1	HUMAN,PANTR
DFFA	2	1	HUMAN,PANTR
DFFB	2	1	HUMAN,PANTR
DGAT1	2	1	HUMAN,PANTR
DGAT2	2	1	HUMAN,PANTR
DGAT2L6	2	1	HUMAN,PANTR
DGCR8	2	1	HUMAN,PANTR
DGKA	2	1	HUMAN,PANTR
DGKB	2	1	HUMAN,PANTR
DGKD	2	1	HUMAN,PANTR
DGKE	2	1	HUMAN,PANTR
DGKG	2	1	HUMAN,PANTR
DGKH	2	1	HUMAN,PANTR
DGKI	2	1	HUMAN,PANTR
DGKK	2	1	BOVIN,HUMAN
DGKQ	2	1	HUMAN,PANTR
DGKZ	2	1	HUMAN,PANTR
DGLUCY	2	1	HUMAN,PANTR
DGUOK	2	1	HUMAN,PANTR
DHCR24	2	1	HUMAN,PANTR
DHCR7	2	1	HUMAN,PANTR
DHDDS	2	1	HUMAN,PANTR
DHDH	2	1	HUMAN,PANTR
DHFR	2	1	HUMAN,PANTR
DHFR2	2	1	HUMAN,PANTR
DHH	2	1	HUMAN,PANTR
DHODH	3	3	CANLF,HUMAN,PANTR
DHPS	2	1	HUMAN,PANTR
DHRS1	3	3	CANLF,HUMAN,PANTR
DHRS11	2	1	HUMAN,PANTR
DHRS12	2	1	HUMAN,PANTR
DHRS13	3	3	CANLF,HUMAN,PANTR
DHRS3	2	1	HUMAN,PANTR
DHRS7	2	1	HUMAN,PANTR
DHRS7B	2	1	HUMAN,PANTR
DHRS7C	2	1	HUMAN,PANTR
DHRS9	2	1	HUMAN,PANTR
DHRSX	2	1	CANLF,HUMAN
DHTKD1	2	1	HUMAN,PANTR
DHX15	2	1	HUMAN,PANTR
DHX16	2	1	HUMAN,PANTR
DHX29	2	1	HUMAN,PANTR
DHX30	2	1	HUMAN,PANTR
DHX32	4	6	BOVIN,CANLF,HUMAN,PANTR
DHX33	2	1	HUMAN,PANTR
DHX34	2	1	HUMAN,PANTR
DHX35	2	1	HUMAN,PANTR
DHX36	2	1	HUMAN,PANTR
DHX37	2	1	HUMAN,PANTR
DHX38	3	3	BOVIN,HUMAN,PANTR
DHX40	2	1	HUMAN,PANTR
DHX57	2	1	HUMAN,PANTR
DHX58	2	1	HUMAN,PANTR
DHX8	2	1	HUMAN,PANTR
DHX9	2	1	HUMAN,PANTR
DIABLO	2	1	HUMAN,PANTR
DIAPH1	2	1	HUMAN,PANTR
DIAPH2	2	1	HUMAN,PANTR
DIAPH3	2	1	HUMAN,PANTR
DICER1	2	1	HUMAN,PANTR
DIMT1	3	3	CANLF,HUMAN,PANTR
DIO1	2	1	HUMAN,PANTR
DIO2	2	1	CANLF,HUMAN
DIP2A	2	1	HUMAN,PANTR
DIP2B	2	1	HUMAN,PANTR
DIP2C	2	1	HUMAN,PANTR
DIPK1A	2	1	HUMAN,PANTR
DIPK1B	2	1	HUMAN,PANTR
DIPK1C	3	3	CANLF,HUMAN,PANTR
DIPK2A	2	1	HUMAN,PANTR
DIPK2B	2	1	HUMAN,PANTR
DIRAS1	2	1	HUMAN,PANTR
DIRAS2	2	1	HUMAN,PANTR
DIRAS3	2	1	HUMAN,PANTR
DIS3	2	1	HUMAN,PANTR
DIS3L	2	1	HUMAN,PANTR
DIS3L2	2	1	HUMAN,PANTR
DISC1	2	1	HUMAN,PANTR
DISP1	2	1	HUMAN,PANTR
DISP2	2	1	HUMAN,PANTR
DISP3	2	1	HUMAN,PANTR
DIXDC1	2	1	HUMAN,PANTR
DKC1	2	1	HUMAN,PANTR
DKK1	3	3	CANLF,HUMAN,PANTR
DKK2	2	1	HUMAN,PANTR
DKK3	2	1	HUMAN,PANTR
DKK4	2	1	HUMAN,PANTR
DKKL1	2	1	HUMAN,PANTR
DLAT	2	1	HUMAN,PANTR
DLC1	2	1	HUMAN,PANTR
DLD	2	1	HUMAN,PANTR
DLEC1	2	1	HUMAN,PANTR
DLG1	3	3	BOVIN,HUMAN,PANTR
DLG2	2	1	HUMAN,PANTR
DLG3	3	3	BOVIN,HUMAN,PANTR
DLG4	2	1	HUMAN,PANTR
DLG5	3	3	CANLF,HUMAN,PANTR
DLGAP1	2	1	HUMAN,PANTR
DLGAP2	2	1	HUMAN,PANTR
DLGAP3	2	1	HUMAN,PANTR
DLGAP4	2	1	HUMAN,PANTR
DLGAP5	2	1	HUMAN,PANTR
DLK1	2	1	HUMAN,PANTR
DLK2	2	1	HUMAN,PANTR
DLL1	2	1	HUMAN,PANTR
DLL3	2	1	HUMAN,PANTR
DLL4	2	1	HUMAN,PANTR
DLST	2	1	HUMAN,PANTR
DLX1	2	1	HUMAN,PANTR
DLX2	2	1	HUMAN,PANTR
DLX3	3	3	BOVIN,HUMAN,PANTR
DLX4	3	3	CANLF,HUMAN,PANTR
DLX5	2	1	HUMAN,PANTR
DLX6	3	3	CANLF,HUMAN,PANTR
DMAC1	2	1	HUMAN,PANTR
DMAC2	3	3	BOVIN,HUMAN,PANTR
DMAC2L	4	6	BOVIN,CANLF,HUMAN,PANTR
DMAP1	3	3	BOVIN,HUMAN,PANTR
DMBX1	2	1	HUMAN,PANTR
DMC1	2	1	HUMAN,PANTR
DMD	2	1	CANLF,HUMAN
DMGDH	2	1	HUMAN,PANTR
DMKN	2	1	HUMAN,PANTR
DMP1	3	3	CANLF,HUMAN,PANTR
DMPK	2	1	HUMAN,PANTR
DMRT1	2	1	HUMAN,PANTR
DMRT2	3	3	CANLF,HUMAN,PANTR
DMRT3	2	1	HUMAN,PANTR
DMRTA1	3	3	CANLF,HUMAN,PANTR
DMRTA2	2	1	HUMAN,PANTR
DMRTB1	2	1	HUMAN,PANTR
DMRTC2	2	1	HUMAN,PANTR
DMTN	3	3	BOVIN,HUMAN,PANTR
DMWD	2	1	HUMAN,PANTR
DMXL1	2	1	HUMAN,PANTR
DMXL2	3	3	BOVIN,HUMAN,PANTR
DNA2	2	1	HUMAN,PANTR
DNAAF1	3	3	CANLF,HUMAN,PANTR
DNAAF11	4	6	BOVIN,CANLF,HUMAN,PANTR
DNAAF2	2	1	HUMAN,PANTR
DNAAF3	3	3	CANLF,HUMAN,PANTR
DNAAF6	2	1	HUMAN,PANTR
DNAAF8	2	1	HUMAN,PANTR
DNAAF9	3	3	BOVIN,HUMAN,PANTR
DNAH1	2	1	HUMAN,PANTR
DNAH10	2	1	HUMAN,PANTR
DNAH12	3	3	CANLF,HUMAN,PANTR
DNAH14	2	1	HUMAN,PANTR
DNAH17	2	1	HUMAN,PANTR
DNAH2	3	3	CANLF,HUMAN,PANTR
DNAH3	2	1	HUMAN,PANTR
DNAH5	2	1	HUMAN,PANTR
DNAH6	3	3	BOVIN,HUMAN,PANTR
DNAH7	2	1	HUMAN,PANTR
DNAH8	2	1	HUMAN,PANTR
DNAH9	2	1	HUMAN,PANTR
DNAI1	2	1	HUMAN,PANTR
DNAI2	2	1	HUMAN,PANTR
DNAI3	2	1	HUMAN,PANTR
DNAI4	2	1	HUMAN,PANTR
DNAI7	2	1	HUMAN,PANTR
DNAJA1	4	6	BOVIN,CANLF,HUMAN,PANTR
DNAJA2	2	1	HUMAN,PANTR
DNAJA3	3	3	CANLF,HUMAN,PANTR
DNAJA4	4	6	BOVIN,CANLF,HUMAN,PANTR
DNAJB1	3	3	CANLF,HUMAN,PANTR
DNAJB11	3	3	CANLF,HUMAN,PANTR
DNAJB12	3	3	BOVIN,HUMAN,PANTR
DNAJB13	3	3	BOVIN,CANLF,HUMAN
DNAJB14	2	1	BOVIN,HUMAN
DNAJB2	3	3	BOVIN,HUMAN,PANTR
DNAJB4	4	6	BOVIN,CANLF,HUMAN,PANTR
DNAJB5	4	6	BOVIN,CANLF,HUMAN,PANTR
DNAJB6	4	6	BOVIN,CANLF,HUMAN,PANTR
DNAJB7	3	3	CANLF,HUMAN,PANTR
DNAJB8	3	3	CANLF,HUMAN,PANTR
DNAJB9	3	3	CANLF,HUMAN,PANTR
DNAJC1	3	3	CANLF,HUMAN,PANTR
DNAJC10	4	6	BOVIN,CANLF,HUMAN,PANTR
DNAJC11	3	3	CANLF,HUMAN,PANTR
DNAJC12	3	3	BOVIN,HUMAN,PANTR
DNAJC13	4	6	BOVIN,CANLF,HUMAN,PANTR
DNAJC15	3	3	BOVIN,HUMAN,PANTR
DNAJC16	3	3	CANLF,HUMAN,PANTR
DNAJC17	4	6	BOVIN,CANLF,HUMAN,PANTR
DNAJC18	4	6	BOVIN,CANLF,HUMAN,PANTR
DNAJC19	3	3	CANLF,HUMAN,PANTR
DNAJC2	4	6	BOVIN,CANLF,HUMAN,PANTR
DNAJC21	2	1	HUMAN,PANTR
DNAJC22	2	1	HUMAN,PANTR
DNAJC24	3	3	BOVIN,HUMAN,PANTR
DNAJC25	4	6	BOVIN,CANLF,HUMAN,PANTR
DNAJC27	3	3	BOVIN,HUMAN,PANTR
DNAJC28	4	6	BOVIN,CANLF,HUMAN,PANTR
DNAJC3	3	3	BOVIN,HUMAN,PANTR
DNAJC30	2	1	CANLF,HUMAN
DNAJC4	4	6	BOVIN,CANLF,HUMAN,PANTR
DNAJC5	2	1	HUMAN,PANTR
DNAJC5B	4	6	BOVIN,CANLF,HUMAN,PANTR
DNAJC5G	2	1	BOVIN,HUMAN
DNAJC6	4	6	BOVIN,CANLF,HUMAN,PANTR
DNAJC7	4	6	BOVIN,CANLF,HUMAN,PANTR
DNAJC8	4	6	BOVIN,CANLF,HUMAN,PANTR
DNAJC9	3	3	BOVIN,HUMAN,PANTR
DNAL1	4	6	BOVIN,CANLF,HUMAN,PANTR
DNAL4	3	3	BOVIN,HUMAN,PANTR
DNALI1	2	1	HUMAN,PANTR
DNASE1	2	1	HUMAN,PANTR
DNASE1L2	2	1	HUMAN,PANTR
DNASE1L3	2	1	HUMAN,PANTR
DNASE2B	2	1	HUMAN,PANTR
DND1	2	1	HUMAN,PANTR
DNER	2	1	HUMAN,PANTR
DNHD1	2	1	HUMAN,PANTR
DNLZ	2	1	HUMAN,PANTR
DNM1	3	3	CANLF,HUMAN,PANTR
DNM1L	2	1	HUMAN,PANTR
DNM2	2	1	HUMAN,PANTR
DNM3	2	1	HUMAN,PANTR
DNMBP	2	1	HUMAN,PANTR
DNMT1	2	1	HUMAN,PANTR
DNMT3A	2	1	HUMAN,PANTR
DNMT3B	2	1	HUMAN,PANTR
DNMT3L	2	1	HUMAN,PANTR
DNPEP	2	1	HUMAN,PANTR
DNPH1	3	3	CANLF,HUMAN,PANTR
DNTT	2	1	HUMAN,PANTR
DNTTIP1	2	1	HUMAN,PANTR
DNTTIP2	2	1	HUMAN,PANTR
DOC2A	2	1	HUMAN,PANTR
DOC2B	3	3	BOVIN,HUMAN,PANTR
DOCK1	2	1	HUMAN,PANTR
DOCK10	2	1	HUMAN,PANTR
DOCK11	2	1	HUMAN,PANTR
DOCK2	2	1	HUMAN,PANTR
DOCK3	2	1	HUMAN,PANTR
DOCK4	2	1	HUMAN,PANTR
DOCK5	2	1	HUMAN,PANTR
DOCK6	2	1	HUMAN,PANTR
DOCK7	2	1	HUMAN,PANTR
DOCK8	2	1	HUMAN,PANTR
DOCK9	2	1	HUMAN,PANTR
DOHH	2	1	HUMAN,PANTR
DOK1	2	1	HUMAN,PANTR
DOK2	2	1	HUMAN,PANTR
DOK3	2	1	HUMAN,PANTR
DOK4	2	1	HUMAN,PANTR
DOK5	3	3	BOVIN,HUMAN,PANTR
DOK6	2	1	HUMAN,PANTR
DOK7	4	6	BOVIN,CANLF,HUMAN,PANTR
DOLK	2	1	HUMAN,PANTR
DOLPP1	2	1	HUMAN,PANTR
DONSON	3	3	BOVIN,HUMAN,PANTR
DOP1A	2	1	HUMAN,PANTR
DOP1B	2	1	HUMAN,PANTR
DOT1L	2	1	HUMAN,PANTR
DPAGT1	2	1	HUMAN,PANTR
DPCD	4	6	BOVIN,CANLF,HUMAN,PANTR
DPEP1	3	3	BOVIN,HUMAN,PANTR
DPEP2	3	3	BOVIN,HUMAN,PANTR
DPEP3	3	3	BOVIN,HUMAN,PANTR
DPF1	2	1	HUMAN,PANTR
DPF2	2	1	HUMAN,PANTR
DPF3	3	3	CANLF,HUMAN,PANTR
DPH1	2	1	HUMAN,PANTR
DPH2	2	1	HUMAN,PANTR
DPH3	4	6	BOVIN,CANLF,HUMAN,PANTR
DPH5	2	1	HUMAN,PANTR
DPH6	2	1	HUMAN,PANTR
DPH7	3	3	CANLF,HUMAN,PANTR
DPM1	2	1	HUMAN,PANTR
DPM2	3	3	CANLF,HUMAN,PANTR
DPM3	2	1	HUMAN,PANTR
DPP10	2	1	HUMAN,PANTR
DPP4	2	1	HUMAN,PANTR
DPP6	2	1	HUMAN,PANTR
DPP7	2	1	HUMAN,PANTR
DPP8	2	1	HUMAN,PANTR
DPP9	2	1	HUMAN,PANTR
DPPA2	2	1	HUMAN,PANTR
DPPA3	2	1	HUMAN,PANTR
DPPA4	2	1	HUMAN,PANTR
DPPA5	2	1	HUMAN,PANTR
DPT	2	1	HUMAN,PANTR
DPY19L1	2	1	HUMAN,PANTR
DPY19L2	2	1	HUMAN,PANTR
DPY19L3	2	1	BOVIN,HUMAN
DPY19L4	2	1	HUMAN,PANTR
DPY30	3	3	CANLF,HUMAN,PANTR
DPYD	2	1	HUMAN,PANTR
DPYS	2	1	HUMAN,PANTR
DPYSL2	2	1	HUMAN,PANTR
DPYSL3	2	1	HUMAN,PANTR
DPYSL4	2	1	HUMAN,PANTR
DPYSL5	2	1	HUMAN,PANTR
DQX1	2	1	HUMAN,PANTR
DR1	2	1	HUMAN,PANTR
DRAM1	2	1	HUMAN,PANTR
DRAM2	2	1	HUMAN,PANTR
DRAP1	2	1	HUMAN,PANTR
DRAXIN	2	1	HUMAN,PANTR
DRC1	2	1	HUMAN,PANTR
DRC3	3	3	CANLF,HUMAN,PANTR
DRC7	2	1	HUMAN,PANTR
DRD1	2	1	HUMAN,PANTR
DRD2	3	3	BOVIN,HUMAN,PANTR
DRD3	2	1	HUMAN,PANTR
DRD4	2	1	HUMAN,PANTR
DRD5	2	1	HUMAN,PANTR
DRG1	3	3	BOVIN,HUMAN,PANTR
DRG2	2	1	HUMAN,PANTR
DRGX	2	1	HUMAN,PANTR
DRICH1	2	1	HUMAN,PANTR
DROSHA	2	1	HUMAN,PANTR
DRP2	3	3	CANLF,HUMAN,PANTR
DSC1	2	1	HUMAN,PANTR
DSC2	2	1	HUMAN,PANTR
DSC3	2	1	HUMAN,PANTR
DSCAM	2	1	HUMAN,PANTR
DSCAML1	2	1	HUMAN,PANTR
DSCC1	3	3	CANLF,HUMAN,PANTR
DSE	3	3	BOVIN,HUMAN,PANTR
DSG1	2	1	HUMAN,PANTR
DSG2	2	1	HUMAN,PANTR
DSG3	2	1	HUMAN,PANTR
DSG4	2	1	HUMAN,PANTR
DSN1	2	1	HUMAN,PANTR
DSP	2	1	HUMAN,PANTR
DSPP	2	1	HUMAN,PANTR
DST	3	3	CANLF,HUMAN,PANTR
DSTN	2	1	HUMAN,PANTR
DSTYK	2	1	HUMAN,PANTR
DTD1	2	1	HUMAN,PANTR
DTHD1	2	1	HUMAN,PANTR
DTL	2	1	HUMAN,PANTR
DTNA	2	1	HUMAN,PANTR
DTNB	2	1	HUMAN,PANTR
DTNBP1	2	1	HUMAN,PANTR
DTWD1	2	1	HUMAN,PANTR
DTWD2	2	1	HUMAN,PANTR
DTX1	2	1	HUMAN,PANTR
DTX2	2	1	HUMAN,PANTR
DTX3	2	1	HUMAN,PANTR
DTX3L	2	1	HUMAN,PANTR
DTX4	3	3	BOVIN,HUMAN,PANTR
DTYMK	3	3	CANLF,HUMAN,PANTR
DUOX1	2	1	HUMAN,PANTR
DUOX2	2	1	HUMAN,PANTR
DUOXA1	2	1	HUMAN,PANTR
DUOXA2	2	1	HUMAN,PANTR
DUS1L	4	6	BOVIN,CANLF,HUMAN,PANTR
DUS2	2	1	HUMAN,PANTR
DUS3L	3	3	CANLF,HUMAN,PANTR
DUS4L	2	1	HUMAN,PANTR
DUSP1	3	3	CANLF,HUMAN,PANTR
DUSP10	2	1	HUMAN,PANTR
DUSP11	2	1	HUMAN,PANTR
DUSP12	2	1	HUMAN,PANTR
DUSP14	2	1	HUMAN,PANTR
DUSP15	2	1	HUMAN,PANTR
DUSP16	2	1	HUMAN,PANTR
DUSP18	2	1	HUMAN,PANTR
DUSP19	2	1	HUMAN,PANTR
DUSP2	2	1	HUMAN,PANTR
DUSP21	3	3	BOVIN,HUMAN,PANTR
DUSP22	2	1	HUMAN,PANTR
DUSP23	2	1	HUMAN,PANTR
DUSP26	3	3	CANLF,HUMAN,PANTR
DUSP29	2	1	HUMAN,PANTR
DUSP3	3	3	CANLF,HUMAN,PANTR
DUSP4	2	1	HUMAN,PANTR
DUSP5	2	1	HUMAN,PANTR
DUSP6	2	1	HUMAN,PANTR
DUSP7	2	1	HUMAN,PANTR
DUSP8	2	1	CANLF,HUMAN
DUT	3	3	CANLF,HUMAN,PANTR
DUXA	2	1	HUMAN,PANTR
DVL1	3	3	CANLF,HUMAN,PANTR
DVL2	2	1	HUMAN,PANTR
DVL3	2	1	HUMAN,PANTR
DYDC1	2	1	HUMAN,PANTR
DYDC2	3	3	CANLF,HUMAN,PANTR
DYM	2	1	HUMAN,PANTR
DYNAP	2	1	HUMAN,PANTR
DYNC1H1	2	1	HUMAN,PANTR
DYNC1I1	2	1	HUMAN,PANTR
DYNC1I2	2	1	HUMAN,PANTR
DYNC1LI1	2	1	HUMAN,PANTR
DYNC1LI2	2	1	HUMAN,PANTR
DYNC2H1	2	1	HUMAN,PANTR
DYNC2I2	2	1	HUMAN,PANTR
DYNC2LI1	2	1	HUMAN,PANTR
DYNLL1	2	1	HUMAN,PANTR
DYNLL2	2	1	HUMAN,PANTR
DYNLRB1	2	1	HUMAN,PANTR
DYNLRB2	2	1	HUMAN,PANTR
DYNLT1	3	3	CANLF,HUMAN,PANTR
DYNLT3	2	1	HUMAN,PANTR
DYNLT4	2	1	HUMAN,PANTR
DYNLT5	2	1	HUMAN,PANTR
DYRK1A	2	1	HUMAN,PANTR
DYRK1B	2	1	HUMAN,PANTR
DYRK2	3	3	BOVIN,HUMAN,PANTR
DYRK3	2	1	HUMAN,PANTR
DYRK4	3	3	BOVIN,HUMAN,PANTR
DYSF	2	1	HUMAN,PANTR
DYTN	2	1	HUMAN,PANTR
DZANK1	2	1	HUMAN,PANTR
DZIP1	2	1	HUMAN,PANTR
DZIP1L	3	3	BOVIN,HUMAN,PANTR
DZIP3	2	1	HUMAN,PANTR
E2F1	2	1	HUMAN,PANTR
E2F2	2	1	HUMAN,PANTR
E2F3	2	1	HUMAN,PANTR
E2F4	2	1	HUMAN,PANTR
E2F5	2	1	HUMAN,PANTR
E2F6	2	1	HUMAN,PANTR
E2F7	2	1	HUMAN,PANTR
E2F8	2	1	HUMAN,PANTR
E4F1	2	1	HUMAN,PANTR
EAF1	2	1	HUMAN,PANTR
EAF2	2	1	HUMAN,PANTR
EAPP	2	1	HUMAN,PANTR
EARS2	2	1	HUMAN,PANTR
EBF1	2	1	HUMAN,PANTR
EBF2	2	1	HUMAN,PANTR
EBF3	2	1	HUMAN,PANTR
EBF4	2	1	HUMAN,PANTR
EBNA1BP2	2	1	HUMAN,PANTR
EBPL	2	1	HUMAN,PANTR
ECE1	2	1	HUMAN,PANTR
ECE2	2	1	HUMAN,PANTR
ECEL1	2	1	HUMAN,PANTR
ECHDC1	2	1	HUMAN,PANTR
ECHDC2	3	3	BOVIN,HUMAN,PANTR
ECHDC3	2	1	HUMAN,PANTR
ECHS1	3	3	CANLF,HUMAN,PANTR
ECI1	3	3	CANLF,HUMAN,PANTR
ECI2	2	1	HUMAN,PANTR
ECM1	2	1	HUMAN,PANTR
ECM2	2	1	HUMAN,PANTR
ECPAS	2	1	HUMAN,PANTR
ECRG4	3	3	BOVIN,HUMAN,PANTR
ECSIT	2	1	HUMAN,PANTR
ECT2	2	1	HUMAN,PANTR
ECT2L	2	1	HUMAN,PANTR
EDA	3	3	CANLF,HUMAN,PANTR
EDA2R	2	1	HUMAN,PANTR
EDAR	2	1	HUMAN,PANTR
EDARADD	2	1	HUMAN,PANTR
EDC3	2	1	HUMAN,PANTR
EDC4	2	1	HUMAN,PANTR
EDDM3A	2	1	HUMAN,PANTR
EDDM3B	2	1	HUMAN,PANTR
EDEM1	2	1	HUMAN,PANTR
EDEM2	2	1	HUMAN,PANTR
EDEM3	2	1	HUMAN,PANTR
EDF1	2	1	HUMAN,PANTR
EDIL3	2	1	HUMAN,PANTR
EDN1	2	1	HUMAN,PANTR
EDN2	2	1	HUMAN,PANTR
EDN3	3	3	BOVIN,HUMAN,PANTR
EDNRA	2	1	HUMAN,PANTR
EDNRB	2	1	HUMAN,PANTR
EDRF1	2	1	HUMAN,PANTR
EEA1	2	1	HUMAN,PANTR
EEF1A1	3	3	BOVIN,HUMAN,PANTR
EEF1A2	2	1	HUMAN,PANTR
EEF1AKMT1	2	1	HUMAN,PANTR
EEF1AKMT2	2	1	HUMAN,PANTR
EEF1AKMT3	2	1	HUMAN,PANTR
EEF1B2	3	3	CANLF,HUMAN,PANTR
EEF1D	3	3	BOVIN,HUMAN,PANTR
EEF1G	2	1	HUMAN,PANTR
EEF2K	2	1	HUMAN,PANTR
EEF2KMT	2	1	HUMAN,PANTR
EEFSEC	2	1	HUMAN,PANTR
EEPD1	2	1	HUMAN,PANTR
EFCAB1	3	3	CANLF,HUMAN,PANTR
EFCAB10	2	1	HUMAN,PANTR
EFCAB11	2	1	HUMAN,PANTR
EFCAB12	2	1	HUMAN,PANTR
EFCAB13	2	1	HUMAN,PANTR
EFCAB14	2	1	HUMAN,PANTR
EFCAB2	2	1	HUMAN,PANTR
EFCAB3	2	1	HUMAN,PANTR
EFCAB5	2	1	HUMAN,PANTR
EFCAB6	2	1	HUMAN,PANTR
EFCAB7	2	1	HUMAN,PANTR
EFCAB8	3	3	CANLF,HUMAN,PANTR
EFCAB9	2	1	HUMAN,PANTR
EFCC1	2	1	HUMAN,PANTR
EFEMP2	2	1	HUMAN,PANTR
EFHB	2	1	HUMAN,PANTR
EFHC1	2	1	HUMAN,PANTR
EFHC2	2	1	HUMAN,PANTR
EFHD1	3	3	CANLF,HUMAN,PANTR
EFHD2	3	3	CANLF,HUMAN,PANTR
EFL1	2	1	HUMAN,PANTR
EFNA1	2	1	HUMAN,PANTR
EFNA2	2	1	HUMAN,PANTR
EFNA3	2	1	HUMAN,PANTR
EFNA4	2	1	HUMAN,PANTR
EFNA5	3	3	CANLF,HUMAN,PANTR
EFNB1	2	1	HUMAN,PANTR
EFNB2	2	1	HUMAN,PANTR
EFNB3	2	1	HUMAN,PANTR
EFR3A	2	1	HUMAN,PANTR
EFR3B	2	1	HUMAN,PANTR
EFTUD2	2	1	HUMAN,PANTR
EGF	3	3	BOVIN,HUMAN,PANTR
EGFL6	3	3	BOVIN,HUMAN,PANTR
EGFL7	3	3	BOVIN,HUMAN,PANTR
EGFLAM	2	1	HUMAN,PANTR
EGFR	3	3	CANLF,HUMAN,PANTR
EGLN1	2	1	HUMAN,PANTR
EGLN2	2	1	HUMAN,PANTR
EGLN3	2	1	HUMAN,PANTR
EGR1	3	3	CANLF,HUMAN,PANTR
EGR2	3	3	CANLF,HUMAN,PANTR
EGR3	2	1	HUMAN,PANTR
EGR4	2	1	HUMAN,PANTR
EHBP1	2	1	HUMAN,PANTR
EHBP1L1	2	1	HUMAN,PANTR
EHD1	3	3	CANLF,HUMAN,PANTR
EHD2	2	1	HUMAN,PANTR
EHD3	2	1	HUMAN,PANTR
EHD4	2	1	HUMAN,PANTR
EHF	2	1	HUMAN,PANTR
EHHADH	3	3	BOVIN,HUMAN,PANTR
EHMT1	4	6	BOVIN,CANLF,HUMAN,PANTR
EHMT2	3	3	CANLF,HUMAN,PANTR
EI24	2	1	HUMAN,PANTR
EID2	2	1	HUMAN,PANTR
EID2B	2	1	HUMAN,PANTR
EIF1	3	3	BOVIN,HUMAN,PANTR
EIF1AD	2	1	HUMAN,PANTR
EIF1AX	3	3	BOVIN,CANLF,HUMAN
EIF1B	2	1	HUMAN,PANTR
EIF2A	2	1	HUMAN,PANTR
EIF2AK2	2	1	HUMAN,PANTR
EIF2AK3	2	1	HUMAN,PANTR
EIF2AK4	2	1	HUMAN,PANTR
EIF2B1	2	1	HUMAN,PANTR
EIF2B2	2	1	HUMAN,PANTR
EIF2B3	2	1	HUMAN,PANTR
EIF2B4	2	1	HUMAN,PANTR
EIF2B5	2	1	HUMAN,PANTR
EIF2D	2	1	HUMAN,PANTR
EIF2S1	2	1	HUMAN,PANTR
EIF2S2	2	1	HUMAN,PANTR
EIF2S3	2	1	CANLF,HUMAN
EIF3A	2	1	HUMAN,PANTR
EIF3B	2	1	HUMAN,PANTR
EIF3D	2	1	HUMAN,PANTR
EIF3E	2	1	HUMAN,PANTR
EIF3F	2	1	HUMAN,PANTR
EIF3G	2	1	HUMAN,PANTR
EIF3H	2	1	HUMAN,PANTR
EIF3I	2	1	HUMAN,PANTR
EIF3J	2	1	HUMAN,PANTR
EIF3K	2	1	HUMAN,PANTR
EIF3L	2	1	HUMAN,PANTR
EIF3M	2	1	HUMAN,PANTR
EIF4A1	2	1	HUMAN,PANTR
EIF4A2	2	1	HUMAN,PANTR
EIF4A3	2	1	HUMAN,PANTR
EIF4B	2	1	HUMAN,PANTR
EIF4E	2	1	HUMAN,PANTR
EIF4E1B	2	1	HUMAN,PANTR
EIF4E2	2	1	HUMAN,PANTR
EIF4E3	2	1	HUMAN,PANTR
EIF4EBP1	2	1	HUMAN,PANTR
EIF4EBP2	2	1	HUMAN,PANTR
EIF4ENIF1	2	1	HUMAN,PANTR
EIF4G1	2	1	HUMAN,PANTR
EIF4G2	3	3	CANLF,HUMAN,PANTR
EIF4G3	2	1	HUMAN,PANTR
EIF4H	2	1	HUMAN,PANTR
EIF5	2	1	HUMAN,PANTR
EIF5A	2	1	HUMAN,PANTR
EIF5A2	2	1	HUMAN,PANTR
EIF5B	2	1	HUMAN,PANTR
EIF6	4	6	BOVIN,CANLF,HUMAN,PANTR
EIPR1	2	1	HUMAN,PANTR
ELAC1	3	3	CANLF,HUMAN,PANTR
ELAC2	2	1	HUMAN,PANTR
ELAPOR1	2	1	HUMAN,PANTR
ELAPOR2	2	1	HUMAN,PANTR
ELAVL1	2	1	HUMAN,PANTR
ELAVL2	3	3	CANLF,HUMAN,PANTR
ELAVL3	2	1	HUMAN,PANTR
ELAVL4	3	3	CANLF,HUMAN,PANTR
ELF1	2	1	HUMAN,PANTR
ELF2	2	1	HUMAN,PANTR
ELF3	2	1	HUMAN,PANTR
ELF5	2	1	HUMAN,PANTR
ELFN1	2	1	HUMAN,PANTR
ELFN2	3	3	BOVIN,HUMAN,PANTR
ELK1	2	1	HUMAN,PANTR
ELK3	2	1	HUMAN,PANTR
ELK4	2	1	HUMAN,PANTR
ELL	2	1	HUMAN,PANTR
ELL2	2	1	HUMAN,PANTR
ELL3	2	1	HUMAN,PANTR
ELMO1	2	1	HUMAN,PANTR
ELMO2	2	1	HUMAN,PANTR
ELMO3	2	1	HUMAN,PANTR
ELMOD1	2	1	HUMAN,PANTR
ELMOD2	2	1	HUMAN,PANTR
ELMOD3	2	1	HUMAN,PANTR
ELN	3	3	CANLF,HUMAN,PANTR
ELOA	4	6	BOVIN,CANLF,HUMAN,PANTR
ELOA2	2	1	HUMAN,PANTR
ELOF1	2	1	HUMAN,PANTR
ELOVL1	2	1	HUMAN,PANTR
ELOVL2	2	1	HUMAN,PANTR
ELOVL3	2	1	HUMAN,PANTR
ELOVL4	2	1	HUMAN,PANTR
ELOVL5	2	1	HUMAN,PANTR
ELOVL6	2	1	HUMAN,PANTR
ELOVL7	2	1	HUMAN,PANTR
ELP1	2	1	HUMAN,PANTR
ELP2	2	1	HUMAN,PANTR
ELP3	2	1	HUMAN,PANTR
ELP4	2	1	HUMAN,PANTR
ELP6	2	1	HUMAN,PANTR
ELSPBP1	2	1	HUMAN,PANTR
EMB	3	3	CANLF,HUMAN,PANTR
EMC1	2	1	HUMAN,PANTR
EMC10	2	1	HUMAN,PANTR
EMC2	2	1	HUMAN,PANTR
EMC3	2	1	HUMAN,PANTR
EMC4	2	1	HUMAN,PANTR
EMC6	2	1	HUMAN,PANTR
EMC7	3	3	BOVIN,HUMAN,PANTR
EMC8	2	1	HUMAN,PANTR
EMC9	2	1	HUMAN,PANTR
EMCN	3	3	BOVIN,HUMAN,PANTR
EMD	2	1	HUMAN,PANTR
EME1	2	1	HUMAN,PANTR
EME2	2	1	HUMAN,PANTR
EMG1	2	1	HUMAN,PANTR
EMID1	2	1	HUMAN,PANTR
EMILIN1	2	1	HUMAN,PANTR
EMILIN2	2	1	HUMAN,PANTR
EMILIN3	2	1	HUMAN,PANTR
EML1	3	3	BOVIN,HUMAN,PANTR
EML4	2	1	HUMAN,PANTR
EML5	2	1	HUMAN,PANTR
EML6	2	1	HUMAN,PANTR
EMP1	2	1	HUMAN,PANTR
EMP2	2	1	HUMAN,PANTR
EMP3	2	1	HUMAN,PANTR
EMSY	2	1	HUMAN,PANTR
EMX1	2	1	HUMAN,PANTR
EMX2	2	1	HUMAN,PANTR
EN1	2	1	HUMAN,PANTR
EN2	2	1	HUMAN,PANTR
ENAH	2	1	HUMAN,PANTR
ENAM	2	1	HUMAN,PANTR
ENC1	2	1	HUMAN,PANTR
ENDOD1	3	3	CANLF,HUMAN,PANTR
ENDOG	2	1	HUMAN,PANTR
ENDOU	2	1	HUMAN,PANTR
ENDOV	2	1	HUMAN,PANTR
ENG	3	3	BOVIN,HUMAN,PANTR
ENGASE	2	1	HUMAN,PANTR
ENHO	2	1	HUMAN,PANTR
ENKD1	2	1	HUMAN,PANTR
ENKUR	2	1	HUMAN,PANTR
ENO1	3	3	CANLF,HUMAN,PANTR
ENO2	2	1	HUMAN,PANTR
ENO3	2	1	HUMAN,PANTR
ENO4	2	1	HUMAN,PANTR
ENOPH1	2	1	HUMAN,PANTR
ENOSF1	2	1	HUMAN,PANTR
ENOX1	2	1	HUMAN,PANTR
ENPEP	2	1	HUMAN,PANTR
ENPP1	2	1	HUMAN,PANTR
ENPP2	2	1	HUMAN,PANTR
ENPP3	2	1	HUMAN,PANTR
ENPP4	2	1	HUMAN,PANTR
ENPP5	2	1	HUMAN,PANTR
ENPP6	2	1	HUMAN,PANTR
ENPP7	3	3	BOVIN,HUMAN,PANTR
ENSA	2	1	HUMAN,PANTR
ENTHD1	2	1	HUMAN,PANTR
ENTPD1	3	3	CANLF,HUMAN,PANTR
ENTPD2	2	1	HUMAN,PANTR
ENTPD3	2	1	HUMAN,PANTR
ENTPD4	3	3	BOVIN,HUMAN,PANTR
ENTPD5	2	1	HUMAN,PANTR
ENTPD6	3	3	CANLF,HUMAN,PANTR
ENTPD7	2	1	HUMAN,PANTR
ENTPD8	2	1	HUMAN,PANTR
ENTR1	2	1	HUMAN,PANTR
ENY2	3	3	CANLF,HUMAN,PANTR
EOGT	2	1	HUMAN,PANTR
EOMES	2	1	HUMAN,PANTR
EP300	2	1	HUMAN,PANTR
EP400	2	1	HUMAN,PANTR
EPAS1	2	1	HUMAN,PANTR
EPB41	2	1	HUMAN,PANTR
EPB41L1	2	1	HUMAN,PANTR
EPB41L2	2	1	HUMAN,PANTR
EPB41L3	2	1	HUMAN,PANTR
EPB41L4A	2	1	HUMAN,PANTR
EPB41L4B	2	1	HUMAN,PANTR
EPB41L5	2	1	HUMAN,PANTR
EPC1	2	1	HUMAN,PANTR
EPCAM	3	3	CANLF,HUMAN,PANTR
EPDR1	3	3	CANLF,HUMAN,PANTR
EPG5	2	1	HUMAN,PANTR
EPGN	3	3	BOVIN,HUMAN,PANTR
EPHA1	2	1	HUMAN,PANTR
EPHA10	2	1	HUMAN,PANTR
EPHA2	2	1	HUMAN,PANTR
EPHA3	2	1	HUMAN,PANTR
EPHA4	3	3	BOVIN,HUMAN,PANTR
EPHA5	2	1	HUMAN,PANTR
EPHA6	2	1	HUMAN,PANTR
EPHA7	2	1	HUMAN,PANTR
EPHA8	2	1	HUMAN,PANTR
EPHB1	2	1	HUMAN,PANTR
EPHB2	2	1	HUMAN,PANTR
EPHB3	2	1	HUMAN,PANTR
EPHB4	2	1	HUMAN,PANTR
EPHB6	2	1	HUMAN,PANTR
EPHX1	2	1	HUMAN,PANTR
EPHX2	2	1	HUMAN,PANTR
EPHX3	2	1	HUMAN,PANTR
EPHX4	2	1	HUMAN,PANTR
EPM2A	3	3	BOVIN,CANLF,PANTR
EPM2AIP1	2	1	HUMAN,PANTR
EPN1	2	1	HUMAN,PANTR
EPN2	2	1	HUMAN,PANTR
EPN3	2	1	HUMAN,PANTR
EPO	2	1	HUMAN,PANTR
EPOP	2	1	HUMAN,PANTR
EPOR	2	1	HUMAN,PANTR
EPRS1	2	1	HUMAN,PANTR
EPS15	3	3	CANLF,HUMAN,PANTR
EPS15L1	2	1	HUMAN,PANTR
EPS8	2	1	HUMAN,PANTR
EPS8L1	2	1	HUMAN,PANTR
EPS8L3	3	3	BOVIN,HUMAN,PANTR
EPSTI1	2	1	HUMAN,PANTR
EPX	2	1	HUMAN,PANTR
EPYC	2	1	HUMAN,PANTR
EQTN	3	3	BOVIN,HUMAN,PANTR
ERAL1	2	1	HUMAN,PANTR
ERAP1	2	1	HUMAN,PANTR
ERAP2	2	1	HUMAN,PANTR
ERBB2	2	1	HUMAN,PANTR
ERBB3	3	3	CANLF,HUMAN,PANTR
ERBB4	2	1	HUMAN,PANTR
ERBIN	2	1	HUMAN,PANTR
ERC1	2	1	HUMAN,PANTR
ERC2	2	1	HUMAN,PANTR
ERCC1	2	1	HUMAN,PANTR
ERCC2	2	1	HUMAN,PANTR
ERCC3	2	1	HUMAN,PANTR
ERCC4	2	1	HUMAN,PANTR
ERCC6L	3	3	CANLF,HUMAN,PANTR
ERCC6L2	3	3	BOVIN,HUMAN,PANTR
ERCC8	2	1	HUMAN,PANTR
EREG	2	1	HUMAN,PANTR
ERF	2	1	HUMAN,PANTR
ERFE	2	1	HUMAN,PANTR
ERG	2	1	HUMAN,PANTR
ERG28	3	3	BOVIN,HUMAN,PANTR
ERGIC1	2	1	HUMAN,PANTR
ERGIC2	2	1	HUMAN,PANTR
ERGIC3	2	1	HUMAN,PANTR
ERH	2	1	HUMAN,PANTR
ERI1	2	1	HUMAN,PANTR
ERI2	3	3	CANLF,HUMAN,PANTR
ERI3	4	6	BOVIN,CANLF,HUMAN,PANTR
ERICH1	3	3	CANLF,HUMAN,PANTR
ERICH2	2	1	HUMAN,PANTR
ERICH3	3	3	CANLF,HUMAN,PANTR
ERICH4	2	1	HUMAN,PANTR
ERICH5	2	1	HUMAN,PANTR
ERICH6	3	3	CANLF,HUMAN,PANTR
ERICH6B	2	1	HUMAN,PANTR
ERLEC1	2	1	HUMAN,PANTR
ERLIN1	2	1	HUMAN,PANTR
ERLIN2	2	1	HUMAN,PANTR
ERMAP	3	3	CANLF,HUMAN,PANTR
ERMARD	2	1	HUMAN,PANTR
ERMN	2	1	HUMAN,PANTR
ERMP1	2	1	HUMAN,PANTR
ERN1	2	1	HUMAN,PANTR
ERN2	2	1	HUMAN,PANTR
ERO1A	2	1	HUMAN,PANTR
ERO1B	2	1	HUMAN,PANTR
ERP27	3	3	BOVIN,HUMAN,PANTR
ERP29	2	1	HUMAN,PANTR
ERP44	3	3	CANLF,HUMAN,PANTR
ERRFI1	2	1	HUMAN,PANTR
ERVFRD-1	2	1	HUMAN,PANTR
ESAM	3	3	CANLF,HUMAN,PANTR
ESCO1	2	1	HUMAN,PANTR
ESCO2	3	3	BOVIN,HUMAN,PANTR
ESD	2	1	HUMAN,PANTR
ESF1	2	1	HUMAN,PANTR
ESM1	2	1	HUMAN,PANTR
ESPL1	2	1	HUMAN,PANTR
ESPN	2	1	CANLF,HUMAN
ESPNL	2	1	HUMAN,PANTR
ESR1	3	3	BOVIN,HUMAN,PANTR
ESR2	2	1	HUMAN,PANTR
ESRP1	2	1	HUMAN,PANTR
ESRP2	2	1	HUMAN,PANTR
ESRRA	2	1	HUMAN,PANTR
ESRRB	2	1	HUMAN,PANTR
ESRRG	2	1	HUMAN,PANTR
ESS2	2	1	HUMAN,PANTR
ESX1	3	3	CANLF,HUMAN,PANTR
ESYT1	2	1	HUMAN,PANTR
ESYT2	2	1	HUMAN,PANTR
ESYT3	2	1	HUMAN,PANTR
ETAA1	2	1	HUMAN,PANTR
ETF1	2	1	HUMAN,PANTR
ETFA	2	1	HUMAN,PANTR
ETFB	3	3	CANLF,HUMAN,PANTR
ETFBKMT	2	1	HUMAN,PANTR
ETFDH	2	1	HUMAN,PANTR
ETFRF1	2	1	HUMAN,PANTR
ETHE1	2	1	HUMAN,PANTR
ETNK1	2	1	HUMAN,PANTR
ETNK2	2	1	HUMAN,PANTR
ETNPPL	3	3	BOVIN,HUMAN,PANTR
ETS1	2	1	HUMAN,PANTR
ETS2	2	1	HUMAN,PANTR
ETV3	3	3	CANLF,HUMAN,PANTR
ETV3L	3	3	CANLF,HUMAN,PANTR
ETV4	2	1	HUMAN,PANTR
ETV5	2	1	HUMAN,PANTR
ETV6	2	1	HUMAN,PANTR
ETV7	2	1	HUMAN,PANTR
EVA1A	2	1	HUMAN,PANTR
EVA1B	3	3	CANLF,HUMAN,PANTR
EVC	2	1	HUMAN,PANTR
EVC2	2	1	HUMAN,PANTR
EVI2B	4	6	BOVIN,CANLF,HUMAN,PANTR
EVI5	3	3	BOVIN,HUMAN,PANTR
EVI5L	4	6	BOVIN,CANLF,HUMAN,PANTR
EVPL	4	6	BOVIN,CANLF,HUMAN,PANTR
EVX1	2	1	HUMAN,PANTR
EVX2	2	1	HUMAN,PANTR
EWSR1	3	3	CANLF,HUMAN,PANTR
EXD1	2	1	HUMAN,PANTR
EXD2	2	1	HUMAN,PANTR
EXO1	2	1	HUMAN,PANTR
EXO5	3	3	BOVIN,HUMAN,PANTR
EXOC1	3	3	CANLF,HUMAN,PANTR
EXOC2	2	1	HUMAN,PANTR
EXOC3	2	1	HUMAN,PANTR
EXOC3L1	3	3	CANLF,HUMAN,PANTR
EXOC3L2	3	3	CANLF,HUMAN,PANTR
EXOC3L4	2	1	HUMAN,PANTR
EXOC4	2	1	HUMAN,PANTR
EXOC5	2	1	HUMAN,PANTR
EXOC6	2	1	HUMAN,PANTR
EXOC6B	2	1	HUMAN,PANTR
EXOC7	2	1	HUMAN,PANTR
EXOC8	2	1	HUMAN,PANTR
EXOG	2	1	HUMAN,PANTR
EXOSC1	2	1	HUMAN,PANTR
EXOSC10	2	1	HUMAN,PANTR
EXOSC2	2	1	HUMAN,PANTR
EXOSC3	2	1	HUMAN,PANTR
EXOSC4	2	1	HUMAN,PANTR
EXOSC5	2	1	HUMAN,PANTR
EXOSC6	2	1	HUMAN,PANTR
EXOSC7	2	1	HUMAN,PANTR
EXOSC8	2	1	HUMAN,PANTR
EXOSC9	2	1	HUMAN,PANTR
EXPH5	2	1	HUMAN,PANTR
EXT1	2	1	HUMAN,PANTR
EXT2	2	1	HUMAN,PANTR
EXTL1	2	1	HUMAN,PANTR
EXTL2	2	1	HUMAN,PANTR
EXTL3	2	1	HUMAN,PANTR
EYA1	2	1	HUMAN,PANTR
EYA2	2	1	HUMAN,PANTR
EYA3	2	1	HUMAN,PANTR
EYA4	2	1	HUMAN,PANTR
EZH1	2	1	HUMAN,PANTR
EZR	2	1	HUMAN,PANTR
F10	2	1	HUMAN,PANTR
F11	2	1	HUMAN,PANTR
F11R	3	3	CANLF,HUMAN,PANTR
F12	2	1	HUMAN,PANTR
F13A1	2	1	HUMAN,PANTR
F13B	2	1	HUMAN,PANTR
F2	2	1	HUMAN,PANTR
F2R	2	1	HUMAN,PANTR
F2RL1	2	1	HUMAN,PANTR
F2RL2	3	3	CANLF,HUMAN,PANTR
F2RL3	2	1	HUMAN,PANTR
F3	3	3	CANLF,HUMAN,PANTR
F5	2	1	HUMAN,PANTR
F7	2	1	HUMAN,PANTR
F8	2	1	HUMAN,PANTR
F9	2	1	HUMAN,PANTR
FA2H	2	1	HUMAN,PANTR
FAAH	4	6	BOVIN,CANLF,HUMAN,PANTR
FAAH2	2	1	HUMAN,PANTR
FAAP100	2	1	HUMAN,PANTR
FAAP20	2	1	HUMAN,PANTR
FAAP24	2	1	HUMAN,PANTR
FABP1	2	1	HUMAN,PANTR
FABP12	2	1	HUMAN,PANTR
FABP2	2	1	HUMAN,PANTR
FABP3	2	1	HUMAN,PANTR
FABP4	2	1	HUMAN,PANTR
FABP5	2	1	HUMAN,PANTR
FABP6	2	1	HUMAN,PANTR
FABP7	2	1	HUMAN,PANTR
FABP9	3	3	BOVIN,HUMAN,PANTR
FADD	2	1	HUMAN,PANTR
FADS1	3	3	CANLF,HUMAN,PANTR
FADS2	2	1	HUMAN,PANTR
FADS3	2	1	HUMAN,PANTR
FADS6	2	1	HUMAN,PANTR
FAF1	2	1	HUMAN,PANTR
FAF2	2	1	HUMAN,PANTR
FAH	2	1	HUMAN,PANTR
FAIM	2	1	HUMAN,PANTR
FAIM2	2	1	HUMAN,PANTR
FAM102A	2	1	HUMAN,PANTR
FAM102B	2	1	HUMAN,PANTR
FAM104A	4	6	BOVIN,CANLF,HUMAN,PANTR
FAM104B	2	1	HUMAN,PANTR
FAM107A	2	1	HUMAN,PANTR
FAM107B	4	6	BOVIN,CANLF,HUMAN,PANTR
FAM110A	2	1	HUMAN,PANTR
FAM110B	2	1	HUMAN,PANTR
FAM110C	2	1	HUMAN,PANTR
FAM110D	2	1	HUMAN,PANTR
FAM111A	2	1	HUMAN,PANTR
FAM114A1	3	3	BOVIN,HUMAN,PANTR
FAM114A2	3	3	BOVIN,HUMAN,PANTR
FAM117A	2	1	HUMAN,PANTR
FAM117B	2	1	HUMAN,PANTR
FAM118A	2	1	HUMAN,PANTR
FAM118B	2	1	HUMAN,PANTR
FAM120A	3	3	CANLF,HUMAN,PANTR
FAM120B	2	1	HUMAN,PANTR
FAM120C	2	1	HUMAN,PANTR
FAM124A	2	1	HUMAN,PANTR
FAM124B	3	3	BOVIN,HUMAN,PANTR
FAM126A	2	1	HUMAN,PANTR
FAM126B	2	1	HUMAN,PANTR
FAM131A	2	1	HUMAN,PANTR
FAM131B	2	1	HUMAN,PANTR
FAM131C	2	1	HUMAN,PANTR
FAM133B	2	1	HUMAN,PANTR
FAM135A	2	1	HUMAN,PANTR
FAM135B	2	1	HUMAN,PANTR
FAM136A	2	1	HUMAN,PANTR
FAM13A	2	1	HUMAN,PANTR
FAM13B	3	3	BOVIN,HUMAN,PANTR
FAM13C	2	1	HUMAN,PANTR
FAM149A	2	1	HUMAN,PANTR
FAM149B1	2	1	HUMAN,PANTR
FAM151A	2	1	HUMAN,PANTR
FAM151B	2	1	HUMAN,PANTR
FAM161A	2	1	HUMAN,PANTR
FAM161B	2	1	HUMAN,PANTR
FAM162A	2	1	HUMAN,PANTR
FAM162B	2	1	HUMAN,PANTR
FAM163A	2	1	HUMAN,PANTR
FAM163B	2	1	HUMAN,PANTR
FAM166A	2	1	HUMAN,PANTR
FAM166B	3	3	CANLF,HUMAN,PANTR
FAM166C	3	3	CANLF,HUMAN,PANTR
FAM167A	2	1	HUMAN,PANTR
FAM167B	2	1	HUMAN,PANTR
FAM168A	2	1	HUMAN,PANTR
FAM168B	2	1	HUMAN,PANTR
FAM169A	2	1	HUMAN,PANTR
FAM169B	2	1	HUMAN,PANTR
FAM170A	2	1	HUMAN,PANTR
FAM170B	2	1	HUMAN,PANTR
FAM171A1	2	1	HUMAN,PANTR
FAM171A2	2	1	HUMAN,PANTR
FAM171B	2	1	HUMAN,PANTR
FAM172A	2	1	HUMAN,PANTR
FAM174A	2	1	HUMAN,PANTR
FAM174B	2	1	HUMAN,PANTR
FAM174C	2	1	HUMAN,PANTR
FAM177A1	2	1	HUMAN,PANTR
FAM177B	2	1	HUMAN,PANTR
FAM178B	2	1	HUMAN,PANTR
FAM180A	2	1	HUMAN,PANTR
FAM180B	2	1	HUMAN,PANTR
FAM181A	3	3	BOVIN,HUMAN,PANTR
FAM181B	2	1	HUMAN,PANTR
FAM183A	2	1	HUMAN,PANTR
FAM184A	2	1	HUMAN,PANTR
FAM184B	2	1	HUMAN,PANTR
FAM185A	2	1	HUMAN,PANTR
FAM186A	2	1	BOVIN,HUMAN
FAM186B	2	1	HUMAN,PANTR
FAM187A	2	1	BOVIN,HUMAN
FAM187B	2	1	HUMAN,PANTR
FAM189A2	2	1	HUMAN,PANTR
FAM189B	2	1	HUMAN,PANTR
FAM193A	2	1	HUMAN,PANTR
FAM193B	2	1	HUMAN,PANTR
FAM199X	3	3	BOVIN,HUMAN,PANTR
FAM200A	2	1	HUMAN,PANTR
FAM200B	2	1	HUMAN,PANTR
FAM204A	2	1	HUMAN,PANTR
FAM205A	2	1	HUMAN,PANTR
FAM205C	2	1	BOVIN,HUMAN
FAM209A	2	1	HUMAN,PANTR
FAM209B	2	1	HUMAN,PANTR
FAM20A	2	1	HUMAN,PANTR
FAM20B	2	1	HUMAN,PANTR
FAM210A	2	1	HUMAN,PANTR
FAM210B	2	1	HUMAN,PANTR
FAM214A	2	1	HUMAN,PANTR
FAM214B	2	1	HUMAN,PANTR
FAM216A	2	1	HUMAN,PANTR
FAM216B	2	1	HUMAN,PANTR
FAM217A	2	1	BOVIN,HUMAN
FAM217B	2	1	HUMAN,PANTR
FAM219A	2	1	HUMAN,PANTR
FAM219B	3	3	CANLF,HUMAN,PANTR
FAM220A	2	1	HUMAN,PANTR
FAM221A	2	1	HUMAN,PANTR
FAM221B	3	3	CANLF,HUMAN,PANTR
FAM222A	2	1	HUMAN,PANTR
FAM222B	2	1	HUMAN,PANTR
FAM227A	2	1	HUMAN,PANTR
FAM227B	2	1	HUMAN,PANTR
FAM228A	2	1	HUMAN,PANTR
FAM228B	2	1	HUMAN,PANTR
FAM229A	2	1	HUMAN,PANTR
FAM229B	2	1	HUMAN,PANTR
FAM234B	2	1	HUMAN,PANTR
FAM237A	2	1	HUMAN,PANTR
FAM237B	2	1	CANLF,HUMAN
FAM240A	2	1	HUMAN,PANTR
FAM241A	2	1	HUMAN,PANTR
FAM241B	2	1	HUMAN,PANTR
FAM24A	2	1	HUMAN,PANTR
FAM24B	2	1	HUMAN,PANTR
FAM32A	2	1	HUMAN,PANTR
FAM3A	3	3	CANLF,HUMAN,PANTR
FAM3B	2	1	HUMAN,PANTR
FAM3C	2	1	HUMAN,PANTR
FAM3D	2	1	HUMAN,PANTR
FAM43A	3	3	CANLF,HUMAN,PANTR
FAM43B	2	1	HUMAN,PANTR
FAM47B	2	1	HUMAN,PANTR
FAM47C	2	1	HUMAN,PANTR
FAM50A	2	1	HUMAN,PANTR
FAM53A	3	3	CANLF,HUMAN,PANTR
FAM53B	3	3	BOVIN,HUMAN,PANTR
FAM53C	2	1	HUMAN,PANTR
FAM71A	3	3	CANLF,HUMAN,PANTR
FAM71B	4	6	BOVIN,CANLF,HUMAN,PANTR
FAM71C	2	1	HUMAN,PANTR
FAM71D	4	6	BOVIN,CANLF,HUMAN,PANTR
FAM71E1	4	6	BOVIN,CANLF,HUMAN,PANTR
FAM71F1	3	3	CANLF,HUMAN,PANTR
FAM71F2	3	3	CANLF,HUMAN,PANTR
FAM76A	2	1	HUMAN,PANTR
FAM76B	2	1	HUMAN,PANTR
FAM78A	2	1	HUMAN,PANTR
FAM78B	2	1	HUMAN,PANTR
FAM81A	2	1	HUMAN,PANTR
FAM81B	2	1	HUMAN,PANTR
FAM83A	2	1	HUMAN,PANTR
FAM83B	2	1	HUMAN,PANTR
FAM83C	2	1	HUMAN,PANTR
FAM83D	2	1	HUMAN,PANTR
FAM83E	2	1	HUMAN,PANTR
FAM83F	3	3	CANLF,HUMAN,PANTR
FAM83G	2	1	HUMAN,PANTR
FAM83H	2	1	HUMAN,PANTR
FAM89A	2	1	HUMAN,PANTR
FAM89B	2	1	HUMAN,PANTR
FAM8A1	2	1	HUMAN,PANTR
FAM90A1	2	1	HUMAN,PANTR
FAM91A1	4	6	BOVIN,CANLF,HUMAN,PANTR
FAM98A	2	1	HUMAN,PANTR
FAM98B	2	1	HUMAN,PANTR
FAM98C	2	1	HUMAN,PANTR
FAM9B	2	1	HUMAN,PANTR
FAM9C	2	1	HUMAN,PANTR
FAN1	2	1	HUMAN,PANTR
FANCA	2	1	HUMAN,PANTR
FANCB	2	1	HUMAN,PANTR
FANCC	2	1	HUMAN,PANTR
FANCD2	2	1	HUMAN,PANTR
FANCD2OS	3	3	CANLF,HUMAN,PANTR
FANCE	2	1	HUMAN,PANTR
FANCF	2	1	HUMAN,PANTR
FANCG	2	1	HUMAN,PANTR
FANCI	2	1	HUMAN,PANTR
FANCL	2	1	HUMAN,PANTR
FANCM	2	1	HUMAN,PANTR
FANK1	2	1	HUMAN,PANTR
FAP	2	1	HUMAN,PANTR
FAR1	2	1	HUMAN,PANTR
FAR2	2	1	HUMAN,PANTR
FARP1	2	1	HUMAN,PANTR
FARP2	3	3	BOVIN,HUMAN,PANTR
FARS2	2	1	HUMAN,PANTR
FARSA	2	1	HUMAN,PANTR
FARSB	2	1	HUMAN,PANTR
FAS	2	1	HUMAN,PANTR
FASLG	2	1	HUMAN,PANTR
FASN	2	1	HUMAN,PANTR
FASTK	2	1	HUMAN,PANTR
FASTKD1	2	1	HUMAN,PANTR
FASTKD2	2	1	HUMAN,PANTR
FASTKD3	2	1	HUMAN,PANTR
FAT1	2	1	HUMAN,PANTR
FAT2	2	1	HUMAN,PANTR
FAT3	2	1	HUMAN,PANTR
FAT4	2	1	HUMAN,PANTR
FATE1	2	1	HUMAN,PANTR
FAU	2	1	CANLF,PANTR
FAXC	3	3	BOVIN,HUMAN,PANTR
FAXDC2	2	1	HUMAN,PANTR
FBF1	4	6	BOVIN,CANLF,HUMAN,PANTR
FBH1	2	1	HUMAN,PANTR
FBL	2	1	HUMAN,PANTR
FBLIM1	2	1	HUMAN,PANTR
FBLL1	2	1	HUMAN,PANTR
FBLN1	2	1	HUMAN,PANTR
FBLN2	2	1	HUMAN,PANTR
FBLN5	2	1	HUMAN,PANTR
FBLN7	2	1	HUMAN,PANTR
FBN1	2	1	HUMAN,PANTR
FBN2	3	3	BOVIN,HUMAN,PANTR
FBN3	2	1	HUMAN,PANTR
FBP1	2	1	HUMAN,PANTR
FBP2	2	1	HUMAN,PANTR
FBRS	2	1	HUMAN,PANTR
FBRSL1	3	3	CANLF,HUMAN,PANTR
FBXL12	2	1	HUMAN,PANTR
FBXL13	4	6	BOVIN,CANLF,HUMAN,PANTR
FBXL14	2	1	HUMAN,PANTR
FBXL15	3	3	CANLF,HUMAN,PANTR
FBXL16	3	3	CANLF,HUMAN,PANTR
FBXL17	3	3	CANLF,HUMAN,PANTR
FBXL18	3	3	CANLF,HUMAN,PANTR
FBXL19	2	1	HUMAN,PANTR
FBXL2	3	3	CANLF,HUMAN,PANTR
FBXL20	2	1	HUMAN,PANTR
FBXL3	2	1	HUMAN,PANTR
FBXL4	2	1	HUMAN,PANTR
FBXL5	2	1	HUMAN,PANTR
FBXL6	4	6	BOVIN,CANLF,HUMAN,PANTR
FBXL7	3	3	CANLF,HUMAN,PANTR
FBXO10	3	3	CANLF,HUMAN,PANTR
FBXO11	2	1	HUMAN,PANTR
FBXO15	2	1	HUMAN,PANTR
FBXO16	2	1	HUMAN,PANTR
FBXO17	2	1	HUMAN,PANTR
FBXO2	2	1	HUMAN,PANTR
FBXO21	2	1	HUMAN,PANTR
FBXO22	2	1	HUMAN,PANTR
FBXO24	3	3	CANLF,HUMAN,PANTR
FBXO25	2	1	HUMAN,PANTR
FBXO27	2	1	HUMAN,PANTR
FBXO28	2	1	HUMAN,PANTR
FBXO3	2	1	HUMAN,PANTR
FBXO30	2	1	HUMAN,PANTR
FBXO31	2	1	HUMAN,PANTR
FBXO32	2	1	HUMAN,PANTR
FBXO33	2	1	HUMAN,PANTR
FBXO34	2	1	HUMAN,PANTR
FBXO36	4	6	BOVIN,CANLF,HUMAN,PANTR
FBXO38	2	1	HUMAN,PANTR
FBXO39	2	1	HUMAN,PANTR
FBXO4	2	1	HUMAN,PANTR
FBXO40	2	1	HUMAN,PANTR
FBXO41	2	1	HUMAN,PANTR
FBXO42	2	1	HUMAN,PANTR
FBXO43	2	1	HUMAN,PANTR
FBXO44	2	1	HUMAN,PANTR
FBXO45	2	1	HUMAN,PANTR
FBXO46	2	1	HUMAN,PANTR
FBXO47	2	1	HUMAN,PANTR
FBXO48	2	1	HUMAN,PANTR
FBXO5	2	1	HUMAN,PANTR
FBXO6	2	1	HUMAN,PANTR
FBXO7	2	1	HUMAN,PANTR
FBXO8	2	1	HUMAN,PANTR
FBXO9	2	1	HUMAN,PANTR
FBXW11	2	1	HUMAN,PANTR
FBXW12	2	1	HUMAN,PANTR
FBXW2	2	1	HUMAN,PANTR
FBXW4	2	1	HUMAN,PANTR
FBXW5	2	1	HUMAN,PANTR
FBXW7	2	1	HUMAN,PANTR
FBXW8	2	1	HUMAN,PANTR
FBXW9	2	1	HUMAN,PANTR
FCAMR	2	1	HUMAN,PANTR
FCAR	2	1	HUMAN,PANTR
FCER1A	2	1	HUMAN,PANTR
FCER1G	2	1	HUMAN,PANTR
FCER2	2	1	HUMAN,PANTR
FCF1	2	1	HUMAN,PANTR
FCGBP	2	1	HUMAN,PANTR
FCGR1A	2	1	HUMAN,PANTR
FCGR2A	2	1	HUMAN,PANTR
FCGRT	2	1	HUMAN,PANTR
FCHO1	2	1	HUMAN,PANTR
FCHO2	2	1	HUMAN,PANTR
FCHSD1	2	1	HUMAN,PANTR
FCHSD2	2	1	HUMAN,PANTR
FCMR	2	1	HUMAN,PANTR
FCN1	2	1	HUMAN,PANTR
FCN2	2	1	HUMAN,PANTR
FCN3	2	1	HUMAN,PANTR
FCRL2	3	3	CANLF,HUMAN,PANTR
FCRL3	2	1	HUMAN,PANTR
FCRL4	2	1	HUMAN,PANTR
FCRL5	3	3	BOVIN,HUMAN,PANTR
FCRL6	3	3	BOVIN,HUMAN,PANTR
FCRLA	2	1	HUMAN,PANTR
FCRLB	2	1	HUMAN,PANTR
FCSK	2	1	HUMAN,PANTR
FDFT1	3	3	BOVIN,HUMAN,PANTR
FDPS	2	1	HUMAN,PANTR
FDX1	2	1	HUMAN,PANTR
FDX2	3	3	BOVIN,HUMAN,PANTR
FDXACB1	2	1	HUMAN,PANTR
FDXR	2	1	HUMAN,PANTR
FECH	2	1	HUMAN,PANTR
FEM1A	2	1	HUMAN,PANTR
FEM1B	2	1	HUMAN,PANTR
FEM1C	3	3	CANLF,HUMAN,PANTR
FEN1	2	1	HUMAN,PANTR
FER	2	1	HUMAN,PANTR
FER1L5	2	1	HUMAN,PANTR
FER1L6	2	1	HUMAN,PANTR
FERD3L	2	1	HUMAN,PANTR
FERMT1	2	1	HUMAN,PANTR
FERMT2	2	1	HUMAN,PANTR
FERMT3	2	1	HUMAN,PANTR
FES	2	1	HUMAN,PANTR
FETUB	2	1	HUMAN,PANTR
FEV	2	1	HUMAN,PANTR
FEZ1	2	1	HUMAN,PANTR
FEZ2	2	1	HUMAN,PANTR
FEZF1	2	1	HUMAN,PANTR
FEZF2	2	1	HUMAN,PANTR
FFAR1	2	1	HUMAN,PANTR
FFAR2	2	1	HUMAN,PANTR
FFAR4	2	1	HUMAN,PANTR
FGA	4	6	BOVIN,CANLF,HUMAN,PANTR
FGB	3	3	CANLF,HUMAN,PANTR
FGD1	2	1	HUMAN,PANTR
FGD2	2	1	HUMAN,PANTR
FGD3	2	1	HUMAN,PANTR
FGD4	2	1	HUMAN,PANTR
FGD5	2	1	HUMAN,PANTR
FGD6	2	1	HUMAN,PANTR
FGF1	3	3	CANLF,HUMAN,PANTR
FGF10	2	1	HUMAN,PANTR
FGF11	2	1	HUMAN,PANTR
FGF12	3	3	BOVIN,HUMAN,PANTR
FGF13	2	1	HUMAN,PANTR
FGF14	2	1	HUMAN,PANTR
FGF16	2	1	HUMAN,PANTR
FGF17	3	3	BOVIN,HUMAN,PANTR
FGF18	2	1	HUMAN,PANTR
FGF19	2	1	HUMAN,PANTR
FGF2	2	1	HUMAN,PANTR
FGF20	3	3	CANLF,HUMAN,PANTR
FGF21	2	1	HUMAN,PANTR
FGF22	3	3	BOVIN,HUMAN,PANTR
FGF23	2	1	HUMAN,PANTR
FGF3	2	1	HUMAN,PANTR
FGF4	2	1	HUMAN,PANTR
FGF6	2	1	HUMAN,PANTR
FGF7	2	1	HUMAN,PANTR
FGF8	2	1	HUMAN,PANTR
FGF9	3	3	BOVIN,HUMAN,PANTR
FGFBP1	2	1	HUMAN,PANTR
FGFBP2	2	1	HUMAN,PANTR
FGFBP3	2	1	HUMAN,PANTR
FGFR1	2	1	HUMAN,PANTR
FGFR1OP2	2	1	HUMAN,PANTR
FGFR2	2	1	HUMAN,PANTR
FGFR3	2	1	HUMAN,PANTR
FGFR4	2	1	HUMAN,PANTR
FGFRL1	2	1	HUMAN,PANTR
FGG	3	3	CANLF,HUMAN,PANTR
FGGY	2	1	HUMAN,PANTR
FGL1	2	1	HUMAN,PANTR
FGL2	2	1	HUMAN,PANTR
FGR	2	1	HUMAN,PANTR
FH	2	1	HUMAN,PANTR
FHAD1	2	1	HUMAN,PANTR
FHDC1	2	1	HUMAN,PANTR
FHIP1A	2	1	HUMAN,PANTR
FHIP1B	2	1	HUMAN,PANTR
FHIP2A	2	1	HUMAN,PANTR
FHIP2B	2	1	HUMAN,PANTR
FHIT	2	1	HUMAN,PANTR
FHL2	2	1	HUMAN,PANTR
FHL3	2	1	HUMAN,PANTR
FHL5	2	1	HUMAN,PANTR
FHOD1	2	1	HUMAN,PANTR
FHOD3	2	1	HUMAN,PANTR
FIBIN	2	1	CANLF,HUMAN
FIBP	2	1	HUMAN,PANTR
FICD	3	3	CANLF,HUMAN,PANTR
FIG4	2	1	HUMAN,PANTR
FIGLA	3	3	CANLF,HUMAN,PANTR
FIGN	3	3	CANLF,HUMAN,PANTR
FIGNL2	2	1	BOVIN,HUMAN
FILIP1	2	1	HUMAN,PANTR
FILIP1L	2	1	HUMAN,PANTR
FIP1L1	3	3	BOVIN,HUMAN,PANTR
FITM1	2	1	HUMAN,PANTR
FITM2	2	1	HUMAN,PANTR
FIZ1	3	3	BOVIN,HUMAN,PANTR
FJX1	3	3	BOVIN,HUMAN,PANTR
FKBP10	3	3	CANLF,HUMAN,PANTR
FKBP11	2	1	HUMAN,PANTR
FKBP14	2	1	HUMAN,PANTR
FKBP15	2	1	HUMAN,PANTR
FKBP1A	2	1	HUMAN,PANTR
FKBP1B	2	1	HUMAN,PANTR
FKBP2	2	1	HUMAN,PANTR
FKBP3	3	3	CANLF,HUMAN,PANTR
FKBP4	2	1	HUMAN,PANTR
FKBP5	2	1	HUMAN,PANTR
FKBP7	2	1	HUMAN,PANTR
FKBP8	2	1	HUMAN,PANTR
FKBP9	2	1	HUMAN,PANTR
FKBPL	2	1	HUMAN,PANTR
FKRP	2	1	HUMAN,PANTR
FKTN	2	1	HUMAN,PANTR
FLACC1	2	1	HUMAN,PANTR
FLAD1	4	6	BOVIN,CANLF,HUMAN,PANTR
FLCN	2	1	HUMAN,PANTR
FLG	2	1	HUMAN,PANTR
FLG2	2	1	HUMAN,PANTR
FLI1	2	1	HUMAN,PANTR
FLII	2	1	HUMAN,PANTR
FLNB	2	1	HUMAN,PANTR
FLNC	2	1	HUMAN,PANTR
FLOT1	2	1	HUMAN,PANTR
FLOT2	2	1	HUMAN,PANTR
FLRT1	2	1	HUMAN,PANTR
FLRT2	2	1	HUMAN,PANTR
FLRT3	2	1	HUMAN,PANTR
FLT1	2	1	HUMAN,PANTR
FLT3	2	1	HUMAN,PANTR
FLT3LG	2	1	HUMAN,PANTR
FLT4	2	1	HUMAN,PANTR
FLVCR1	2	1	HUMAN,PANTR
FLVCR2	3	3	CANLF,HUMAN,PANTR
FLYWCH1	2	1	HUMAN,PANTR
FLYWCH2	2	1	HUMAN,PANTR
FMN1	3	3	CANLF,HUMAN,PANTR
FMNL1	2	1	HUMAN,PANTR
FMNL2	2	1	HUMAN,PANTR
FMNL3	2	1	HUMAN,PANTR
FMO1	2	1	HUMAN,PANTR
FMO2	2	1	HUMAN,PANTR
FMO3	2	1	HUMAN,PANTR
FMO4	2	1	HUMAN,PANTR
FMO5	2	1	HUMAN,PANTR
FMOD	2	1	HUMAN,PANTR
FMR1	2	1	HUMAN,PANTR
FMR1NB	4	6	BOVIN,CANLF,HUMAN,PANTR
FN1	3	3	CANLF,HUMAN,PANTR
FN3K	2	1	HUMAN,PANTR
FN3KRP	2	1	HUMAN,PANTR
FNBP1	2	1	HUMAN,PANTR
FNBP1L	2	1	HUMAN,PANTR
FNBP4	3	3	BOVIN,HUMAN,PANTR
FNDC1	2	1	HUMAN,PANTR
FNDC10	2	1	HUMAN,PANTR
FNDC11	3	3	CANLF,HUMAN,PANTR
FNDC3A	2	1	HUMAN,PANTR
FNDC3B	2	1	HUMAN,PANTR
FNDC4	2	1	HUMAN,PANTR
FNDC5	2	1	HUMAN,PANTR
FNDC7	2	1	HUMAN,PANTR
FNDC8	2	1	HUMAN,PANTR
FNDC9	2	1	HUMAN,PANTR
FNIP1	2	1	HUMAN,PANTR
FNIP2	2	1	HUMAN,PANTR
FOCAD	2	1	HUMAN,PANTR
FOLR1	2	1	HUMAN,PANTR
FOLR2	2	1	HUMAN,PANTR
FOLR3	2	1	HUMAN,PANTR
FOS	2	1	HUMAN,PANTR
FOSL1	2	1	HUMAN,PANTR
FOXA1	3	3	CANLF,HUMAN,PANTR
FOXA2	2	1	HUMAN,PANTR
FOXA3	2	1	HUMAN,PANTR
FOXB1	2	1	HUMAN,PANTR
FOXB2	2	1	HUMAN,PANTR
FOXC1	2	1	HUMAN,PANTR
FOXC2	2	1	HUMAN,PANTR
FOXD1	2	1	HUMAN,PANTR
FOXD2	3	3	BOVIN,HUMAN,PANTR
FOXD3	3	3	CANLF,HUMAN,PANTR
FOXE1	2	1	HUMAN,PANTR
FOXE3	2	1	HUMAN,PANTR
FOXF1	2	1	HUMAN,PANTR
FOXF2	2	1	HUMAN,PANTR
FOXG1	2	1	HUMAN,PANTR
FOXH1	3	3	CANLF,HUMAN,PANTR
FOXI1	2	1	HUMAN,PANTR
FOXI2	2	1	HUMAN,PANTR
FOXI3	2	1	HUMAN,PANTR
FOXJ1	2	1	HUMAN,PANTR
FOXJ2	2	1	HUMAN,PANTR
FOXJ3	2	1	HUMAN,PANTR
FOXK1	2	1	HUMAN,PANTR
FOXK2	3	3	BOVIN,HUMAN,PANTR
FOXL1	2	1	HUMAN,PANTR
FOXL2NB	2	1	HUMAN,PANTR
FOXM1	2	1	HUMAN,PANTR
FOXN1	2	1	HUMAN,PANTR
FOXN2	2	1	HUMAN,PANTR
FOXN3	3	3	BOVIN,HUMAN,PANTR
FOXN4	2	1	HUMAN,PANTR
FOXO1	2	1	HUMAN,PANTR
FOXO3	2	1	HUMAN,PANTR
FOXO4	2	1	HUMAN,PANTR
FOXO6	3	3	BOVIN,HUMAN,PANTR
FOXP1	2	1	HUMAN,PANTR
FOXP2	3	3	BOVIN,HUMAN,PANTR
FOXP3	2	1	HUMAN,PANTR
FOXP4	2	1	HUMAN,PANTR
FOXQ1	2	1	HUMAN,PANTR
FOXR1	2	1	HUMAN,PANTR
FOXR2	2	1	HUMAN,PANTR
FOXRED1	2	1	HUMAN,PANTR
FOXRED2	2	1	HUMAN,PANTR
FOXS1	2	1	HUMAN,PANTR
FPGS	2	1	HUMAN,PANTR
FPGT	2	1	HUMAN,PANTR
FPR1	2	1	HUMAN,PANTR
FPR3	2	1	HUMAN,PANTR
FRA10AC1	3	3	CANLF,HUMAN,PANTR
FRAS1	2	1	HUMAN,PANTR
FRAT1	3	3	BOVIN,HUMAN,PANTR
FRAT2	3	3	BOVIN,HUMAN,PANTR
FREM1	2	1	HUMAN,PANTR
FREM2	2	1	HUMAN,PANTR
FREM3	2	1	HUMAN,PANTR
FRG2C	2	1	HUMAN,PANTR
FRK	2	1	HUMAN,PANTR
FRMD1	3	3	BOVIN,HUMAN,PANTR
FRMD3	2	1	HUMAN,PANTR
FRMD4A	2	1	HUMAN,PANTR
FRMD4B	2	1	HUMAN,PANTR
FRMD5	2	1	HUMAN,PANTR
FRMD6	2	1	HUMAN,PANTR
FRMD7	2	1	HUMAN,PANTR
FRMD8	3	3	BOVIN,CANLF,HUMAN
FRMPD1	3	3	CANLF,HUMAN,PANTR
FRMPD2	2	1	HUMAN,PANTR
FRMPD3	2	1	HUMAN,PANTR
FRMPD4	3	3	CANLF,HUMAN,PANTR
FRRS1	2	1	HUMAN,PANTR
FRRS1L	2	1	HUMAN,PANTR
FRS2	2	1	HUMAN,PANTR
FRS3	2	1	HUMAN,PANTR
FRY	2	1	HUMAN,PANTR
FRYL	2	1	HUMAN,PANTR
FRZB	3	3	CANLF,HUMAN,PANTR
FSBP	2	1	BOVIN,HUMAN
FSCB	2	1	CANLF,HUMAN
FSCN1	2	1	HUMAN,PANTR
FSCN2	2	1	HUMAN,PANTR
FSCN3	2	1	HUMAN,PANTR
FSD1	2	1	HUMAN,PANTR
FSD1L	2	1	HUMAN,PANTR
FSD2	2	1	HUMAN,PANTR
FSHB	2	1	HUMAN,PANTR
FSHR	2	1	HUMAN,PANTR
FSIP1	2	1	HUMAN,PANTR
FSIP2	4	6	BOVIN,CANLF,HUMAN,PANTR
FST	3	3	CANLF,HUMAN,PANTR
FSTL1	2	1	HUMAN,PANTR
FSTL3	2	1	HUMAN,PANTR
FSTL4	2	1	HUMAN,PANTR
FSTL5	2	1	HUMAN,PANTR
FTH1	3	3	BOVIN,CANLF,HUMAN
FTHL17	2	1	HUMAN,PANTR
FTL	2	1	HUMAN,PANTR
FTMT	3	3	BOVIN,HUMAN,PANTR
FTO	2	1	HUMAN,PANTR
FTSJ3	2	1	HUMAN,PANTR
FUBP1	3	3	BOVIN,HUMAN,PANTR
FUBP3	4	6	BOVIN,CANLF,HUMAN,PANTR
FUCA1	2	1	HUMAN,PANTR
FUCA2	3	3	CANLF,HUMAN,PANTR
FUNDC1	2	1	HUMAN,PANTR
FUNDC2	2	1	HUMAN,PANTR
FUOM	2	1	HUMAN,PANTR
FURIN	2	1	HUMAN,PANTR
FUS	2	1	HUMAN,PANTR
FUT1	3	3	BOVIN,HUMAN,PANTR
FUT10	2	1	HUMAN,PANTR
FUT11	2	1	HUMAN,PANTR
FUT2	2	1	HUMAN,PANTR
FUT3	2	1	HUMAN,PANTR
FUT4	3	3	CANLF,HUMAN,PANTR
FUT5	2	1	HUMAN,PANTR
FUT7	2	1	HUMAN,PANTR
FUT8	2	1	HUMAN,PANTR
FUT9	2	1	HUMAN,PANTR
FUZ	2	1	HUMAN,PANTR
FXN	2	1	HUMAN,PANTR
FXR1	3	3	BOVIN,CANLF,HUMAN
FXR2	4	6	BOVIN,CANLF,HUMAN,PANTR
FXYD1	2	1	HUMAN,PANTR
FXYD3	2	1	HUMAN,PANTR
FXYD4	2	1	HUMAN,PANTR
FXYD5	2	1	HUMAN,PANTR
FXYD6	4	6	BOVIN,CANLF,HUMAN,PANTR
FYB1	2	1	HUMAN,PANTR
FYB2	2	1	HUMAN,PANTR
FYCO1	2	1	HUMAN,PANTR
FYN	2	1	HUMAN,PANTR
FYTTD1	2	1	HUMAN,PANTR
FZD10	2	1	HUMAN,PANTR
FZD2	2	1	HUMAN,PANTR
FZD3	3	3	BOVIN,HUMAN,PANTR
FZD4	2	1	HUMAN,PANTR
FZD5	2	1	HUMAN,PANTR
FZD6	2	1	HUMAN,PANTR
FZD7	3	3	CANLF,HUMAN,PANTR
FZD8	2	1	HUMAN,PANTR
FZD9	2	1	HUMAN,PANTR
FZR1	2	1	HUMAN,PANTR
G0S2	2	1	HUMAN,PANTR
G2E3	2	1	HUMAN,PANTR
G3BP1	2	1	HUMAN,PANTR
G3BP2	2	1	HUMAN,PANTR
G6PC1	2	1	HUMAN,PANTR
G6PC2	2	1	HUMAN,PANTR
G6PC3	2	1	HUMAN,PANTR
G6PD	2	1	HUMAN,PANTR
GAA	2	1	HUMAN,PANTR
GAB1	2	1	HUMAN,PANTR
GAB2	2	1	HUMAN,PANTR
GAB3	3	3	CANLF,HUMAN,PANTR
GAB4	2	1	HUMAN,PANTR
GABARAP	2	1	HUMAN,PANTR
GABARAPL1	4	6	BOVIN,CANLF,HUMAN,PANTR
GABARAPL2	2	1	HUMAN,PANTR
GABBR1	2	1	HUMAN,PANTR
GABBR2	2	1	HUMAN,PANTR
GABPA	2	1	HUMAN,PANTR
GABPB1	2	1	HUMAN,PANTR
GABPB2	2	1	HUMAN,PANTR
GABRA1	2	1	HUMAN,PANTR
GABRA2	2	1	HUMAN,PANTR
GABRA3	2	1	HUMAN,PANTR
GABRA4	2	1	HUMAN,PANTR
GABRA5	2	1	HUMAN,PANTR
GABRA6	3	3	CANLF,HUMAN,PANTR
GABRB1	2	1	HUMAN,PANTR
GABRB2	3	3	BOVIN,HUMAN,PANTR
GABRB3	2	1	HUMAN,PANTR
GABRD	2	1	HUMAN,PANTR
GABRE	2	1	HUMAN,PANTR
GABRG1	2	1	HUMAN,PANTR
GABRG2	2	1	HUMAN,PANTR
GABRG3	2	1	HUMAN,PANTR
GABRP	2	1	HUMAN,PANTR
GABRQ	2	1	HUMAN,PANTR
GABRR1	2	1	HUMAN,PANTR
GABRR2	2	1	CANLF,HUMAN
GABRR3	3	3	BOVIN,HUMAN,PANTR
GAD1	2	1	HUMAN,PANTR
GAD2	2	1	HUMAN,PANTR
GADD45A	2	1	HUMAN,PANTR
GADD45B	2	1	HUMAN,PANTR
GADD45G	2	1	HUMAN,PANTR
GADD45GIP1	2	1	HUMAN,PANTR
GADL1	2	1	HUMAN,PANTR
GAK	2	1	HUMAN,PANTR
GAL	2	1	HUMAN,PANTR
GAL3ST1	2	1	HUMAN,PANTR
GAL3ST2	2	1	HUMAN,PANTR
GAL3ST3	2	1	HUMAN,PANTR
GAL3ST4	3	3	CANLF,HUMAN,PANTR
GALC	2	1	HUMAN,PANTR
GALE	2	1	HUMAN,PANTR
GALK1	2	1	HUMAN,PANTR
GALK2	2	1	HUMAN,PANTR
GALM	2	1	HUMAN,PANTR
GALNS	4	6	BOVIN,CANLF,HUMAN,PANTR
GALNT1	2	1	HUMAN,PANTR
GALNT10	2	1	HUMAN,PANTR
GALNT11	2	1	HUMAN,PANTR
GALNT12	2	1	HUMAN,PANTR
GALNT13	2	1	HUMAN,PANTR
GALNT14	2	1	HUMAN,PANTR
GALNT15	2	1	HUMAN,PANTR
GALNT16	2	1	HUMAN,PANTR
GALNT18	2	1	HUMAN,PANTR
GALNT2	2	1	HUMAN,PANTR
GALNT3	2	1	HUMAN,PANTR
GALNT5	3	3	CANLF,HUMAN,PANTR
GALNT6	2	1	HUMAN,PANTR
GALNT7	2	1	HUMAN,PANTR
GALNT8	2	1	BOVIN,HUMAN
GALNTL5	2	1	HUMAN,PANTR
GALNTL6	3	3	CANLF,HUMAN,PANTR
GALP	2	1	HUMAN,PANTR
GALR1	2	1	HUMAN,PANTR
GALR2	2	1	HUMAN,PANTR
GALR3	2	1	HUMAN,PANTR
GAMT	2	1	HUMAN,PANTR
GAN	2	1	HUMAN,PANTR
GANAB	2	1	HUMAN,PANTR
GANC	2	1	HUMAN,PANTR
GAP43	2	1	HUMAN,PANTR
GAPDH	2	1	HUMAN,PANTR
GAPT	3	3	CANLF,HUMAN,PANTR
GAPVD1	2	1	HUMAN,PANTR
GAR1	3	3	CANLF,HUMAN,PANTR
GAREM1	3	3	CANLF,HUMAN,PANTR
GAREM2	2	1	HUMAN,PANTR
GARNL3	2	1	HUMAN,PANTR
GARRE1	2	1	HUMAN,PANTR
GARS1	2	1	HUMAN,PANTR
GAS1	2	1	HUMAN,PANTR
GAS2	2	1	HUMAN,PANTR
GAS2L1	2	1	HUMAN,PANTR
GAS2L2	2	1	HUMAN,PANTR
GAS2L3	2	1	HUMAN,PANTR
GAS7	2	1	HUMAN,PANTR
GAS8	2	1	HUMAN,PANTR
GASK1A	2	1	HUMAN,PANTR
GASK1B	3	3	BOVIN,HUMAN,PANTR
GAST	2	1	HUMAN,PANTR
GATA2	2	1	HUMAN,PANTR
GATA3	2	1	HUMAN,PANTR
GATA4	2	1	HUMAN,PANTR
GATA5	2	1	HUMAN,PANTR
GATA6	3	3	BOVIN,HUMAN,PANTR
GATAD1	2	1	HUMAN,PANTR
GATAD2A	2	1	HUMAN,PANTR
GATAD2B	2	1	HUMAN,PANTR
GATB	3	3	BOVIN,HUMAN,PANTR
GATM	2	1	HUMAN,PANTR
GBA	2	1	HUMAN,PANTR
GBA2	2	1	HUMAN,PANTR
GBA3	3	3	BOVIN,CANLF,HUMAN
GBE1	3	3	BOVIN,HUMAN,PANTR
GBF1	3	3	BOVIN,HUMAN,PANTR
GBGT1	4	6	BOVIN,CANLF,HUMAN,PANTR
GBP1	2	1	HUMAN,PANTR
GBP2	2	1	HUMAN,PANTR
GBP3	2	1	HUMAN,PANTR
GBP4	2	1	HUMAN,PANTR
GBP5	3	3	BOVIN,HUMAN,PANTR
GBP6	2	1	HUMAN,PANTR
GBP7	2	1	HUMAN,PANTR
GBX1	3	3	BOVIN,HUMAN,PANTR
GBX2	2	1	HUMAN,PANTR
GC	2	1	HUMAN,PANTR
GCA	2	1	HUMAN,PANTR
GCAT	2	1	HUMAN,PANTR
GCC1	2	1	HUMAN,PANTR
GCC2	2	1	HUMAN,PANTR
GCDH	2	1	HUMAN,PANTR
GCFC2	2	1	HUMAN,PANTR
GCG	2	1	HUMAN,PANTR
GCGR	2	1	HUMAN,PANTR
GCH1	2	1	HUMAN,PANTR
GCHFR	2	1	HUMAN,PANTR
GCK	2	1	HUMAN,PANTR
GCKR	2	1	HUMAN,PANTR
GCLC	2	1	HUMAN,PANTR
GCLM	2	1	HUMAN,PANTR
GCM1	2	1	HUMAN,PANTR
GCM2	3	3	BOVIN,HUMAN,PANTR
GCN1	2	1	HUMAN,PANTR
GCNA	3	3	CANLF,HUMAN,PANTR
GCNT1	3	3	BOVIN,HUMAN,PANTR
GCNT3	2	1	CANLF,HUMAN
GCNT4	2	1	HUMAN,PANTR
GCNT7	2	1	BOVIN,HUMAN
GCSAM	2	1	HUMAN,PANTR
GCSAML	2	1	HUMAN,PANTR
GCSH	3	3	CANLF,HUMAN,PANTR
GDA	2	1	HUMAN,PANTR
GDAP1	2	1	HUMAN,PANTR
GDAP1L1	2	1	HUMAN,PANTR
GDAP2	2	1	HUMAN,PANTR
GDE1	2	1	HUMAN,PANTR
GDF1	2	1	BOVIN,HUMAN
GDF10	2	1	HUMAN,PANTR
GDF11	2	1	HUMAN,PANTR
GDF15	2	1	HUMAN,PANTR
GDF2	2	1	HUMAN,PANTR
GDF3	2	1	HUMAN,PANTR
GDF5	2	1	HUMAN,PANTR
GDF6	3	3	CANLF,HUMAN,PANTR
GDF7	2	1	HUMAN,PANTR
GDF9	2	1	HUMAN,PANTR
GDI1	2	1	HUMAN,PANTR
GDI2	2	1	HUMAN,PANTR
GDNF	2	1	HUMAN,PANTR
GDPD1	2	1	HUMAN,PANTR
GDPD2	2	1	HUMAN,PANTR
GDPD3	2	1	HUMAN,PANTR
GDPD4	2	1	HUMAN,PANTR
GDPGP1	2	1	HUMAN,PANTR
GEM	2	1	HUMAN,PANTR
GEMIN2	2	1	HUMAN,PANTR
GEMIN4	2	1	HUMAN,PANTR
GEMIN5	2	1	HUMAN,PANTR
GEMIN6	2	1	HUMAN,PANTR
GEMIN7	2	1	HUMAN,PANTR
GEMIN8	2	1	HUMAN,PANTR
GEN1	2	1	HUMAN,PANTR
GET1	2	1	HUMAN,PANTR
GET3	3	3	CANLF,HUMAN,PANTR
GET4	2	1	HUMAN,PANTR
GFAP	2	1	HUMAN,PANTR
GFI1	2	1	HUMAN,PANTR
GFI1B	2	1	HUMAN,PANTR
GFM1	2	1	HUMAN,PANTR
GFM2	2	1	HUMAN,PANTR
GFOD1	2	1	HUMAN,PANTR
GFOD2	2	1	HUMAN,PANTR
GFPT1	2	1	HUMAN,PANTR
GFPT2	2	1	HUMAN,PANTR
GFRA1	2	1	HUMAN,PANTR
GFRA2	2	1	HUMAN,PANTR
GFRA3	2	1	HUMAN,PANTR
GFRA4	3	3	BOVIN,HUMAN,PANTR
GFRAL	3	3	BOVIN,HUMAN,PANTR
GFY	2	1	HUMAN,PANTR
GGA1	2	1	HUMAN,PANTR
GGA2	2	1	HUMAN,PANTR
GGA3	2	1	HUMAN,PANTR
GGACT	2	1	HUMAN,PANTR
GGCT	3	3	CANLF,HUMAN,PANTR
GGCX	2	1	HUMAN,PANTR
GGH	2	1	HUMAN,PANTR
GGN	2	1	HUMAN,PANTR
GGNBP2	2	1	HUMAN,PANTR
GGPS1	2	1	HUMAN,PANTR
GGT5	2	1	HUMAN,PANTR
GGT6	2	1	HUMAN,PANTR
GGT7	2	1	HUMAN,PANTR
GGTLC1	2	1	HUMAN,PANTR
GHDC	2	1	HUMAN,PANTR
GHITM	2	1	HUMAN,PANTR
GHR	2	1	HUMAN,PANTR
GHRH	2	1	HUMAN,PANTR
GHRHR	2	1	HUMAN,PANTR
GHRL	2	1	HUMAN,PANTR
GHSR	2	1	HUMAN,PANTR
GID4	3	3	BOVIN,HUMAN,PANTR
GID8	2	1	HUMAN,PANTR
GIGYF1	2	1	HUMAN,PANTR
GIGYF2	2	1	HUMAN,PANTR
GIMAP1	2	1	HUMAN,PANTR
GIMAP2	2	1	HUMAN,PANTR
GIMAP4	2	1	HUMAN,PANTR
GIMAP6	2	1	HUMAN,PANTR
GIMAP7	2	1	HUMAN,PANTR
GIMAP8	2	1	HUMAN,PANTR
GIMD1	2	1	HUMAN,PANTR
GIN1	3	3	CANLF,HUMAN,PANTR
GINM1	3	3	CANLF,HUMAN,PANTR
GINS1	2	1	HUMAN,PANTR
GINS2	2	1	HUMAN,PANTR
GINS3	2	1	HUMAN,PANTR
GINS4	2	1	HUMAN,PANTR
GIP	2	1	HUMAN,PANTR
GIPC1	2	1	HUMAN,PANTR
GIPC2	2	1	HUMAN,PANTR
GIPC3	2	1	HUMAN,PANTR
GIPR	2	1	HUMAN,PANTR
GIT1	2	1	HUMAN,PANTR
GIT2	2	1	HUMAN,PANTR
GJA10	2	1	HUMAN,PANTR
GJA3	2	1	HUMAN,PANTR
GJA5	2	1	HUMAN,PANTR
GJA8	2	1	HUMAN,PANTR
GJA9	4	6	BOVIN,CANLF,HUMAN,PANTR
GJB1	2	1	HUMAN,PANTR
GJB2	2	1	HUMAN,PANTR
GJB4	2	1	HUMAN,PANTR
GJB5	2	1	HUMAN,PANTR
GJB6	2	1	HUMAN,PANTR
GJB7	2	1	HUMAN,PANTR
GJC1	2	1	HUMAN,PANTR
GJC2	2	1	HUMAN,PANTR
GJC3	3	3	CANLF,HUMAN,PANTR
GJD2	2	1	HUMAN,PANTR
GJD3	2	1	HUMAN,PANTR
GJD4	2	1	HUMAN,PANTR
GK2	3	3	CANLF,HUMAN,PANTR
GK5	3	3	CANLF,HUMAN,PANTR
GKAP1	2	1	HUMAN,PANTR
GKN1	2	1	HUMAN,PANTR
GKN2	2	1	HUMAN,PANTR
GLA	2	1	HUMAN,PANTR
GLB1	2	1	HUMAN,PANTR
GLB1L	2	1	HUMAN,PANTR
GLB1L2	3	3	BOVIN,HUMAN,PANTR
GLB1L3	3	3	BOVIN,HUMAN,PANTR
GLCCI1	2	1	HUMAN,PANTR
GLCE	2	1	HUMAN,PANTR
GLDC	2	1	HUMAN,PANTR
GLDN	2	1	HUMAN,PANTR
GLE1	2	1	HUMAN,PANTR
GLG1	2	1	HUMAN,PANTR
GLI1	2	1	HUMAN,PANTR
GLI2	2	1	HUMAN,PANTR
GLI3	2	1	HUMAN,PANTR
GLI4	2	1	HUMAN,PANTR
GLIPR1	2	1	HUMAN,PANTR
GLIPR1L1	2	1	HUMAN,PANTR
GLIPR1L2	2	1	HUMAN,PANTR
GLIPR2	2	1	HUMAN,PANTR
GLIS1	2	1	HUMAN,PANTR
GLIS2	2	1	HUMAN,PANTR
GLIS3	2	1	HUMAN,PANTR
GLMN	2	1	HUMAN,PANTR
GLMP	2	1	HUMAN,PANTR
GLO1	2	1	HUMAN,PANTR
GLOD4	3	3	CANLF,HUMAN,PANTR
GLP1R	2	1	HUMAN,PANTR
GLP2R	2	1	HUMAN,PANTR
GLRA1	2	1	HUMAN,PANTR
GLRA2	2	1	HUMAN,PANTR
GLRA3	3	3	BOVIN,HUMAN,PANTR
GLRB	2	1	HUMAN,PANTR
GLRX	2	1	HUMAN,PANTR
GLRX2	2	1	HUMAN,PANTR
GLRX3	2	1	HUMAN,PANTR
GLRX5	3	3	CANLF,HUMAN,PANTR
GLS	2	1	HUMAN,PANTR
GLS2	2	1	HUMAN,PANTR
GLT1D1	2	1	HUMAN,PANTR
GLT6D1	2	1	HUMAN,PANTR
GLT8D1	2	1	HUMAN,PANTR
GLT8D2	2	1	HUMAN,PANTR
GLTP	2	1	HUMAN,PANTR
GLTPD2	2	1	HUMAN,PANTR
GLUD1	2	1	HUMAN,PANTR
GLUL	2	1	HUMAN,PANTR
GLYAT	2	1	HUMAN,PANTR
GLYATL1	2	1	HUMAN,PANTR
GLYATL2	2	1	HUMAN,PANTR
GLYATL3	2	1	HUMAN,PANTR
GLYCTK	2	1	HUMAN,PANTR
GLYR1	2	1	HUMAN,PANTR
GM2A	2	1	HUMAN,PANTR
GMDS	3	3	BOVIN,HUMAN,PANTR
GMEB1	2	1	HUMAN,PANTR
GMEB2	2	1	HUMAN,PANTR
GMFB	2	1	HUMAN,PANTR
GMFG	3	3	CANLF,HUMAN,PANTR
GMIP	2	1	HUMAN,PANTR
GML	2	1	HUMAN,PANTR
GMNC	2	1	HUMAN,PANTR
GMNN	2	1	HUMAN,PANTR
GMPPA	2	1	HUMAN,PANTR
GMPPB	2	1	HUMAN,PANTR
GMPR	2	1	HUMAN,PANTR
GMPR2	2	1	HUMAN,PANTR
GMPS	2	1	HUMAN,PANTR
GNA11	2	1	HUMAN,PANTR
GNA12	2	1	HUMAN,PANTR
GNA13	2	1	HUMAN,PANTR
GNA14	2	1	HUMAN,PANTR
GNA15	2	1	HUMAN,PANTR
GNAI1	2	1	HUMAN,PANTR
GNAI2	2	1	HUMAN,PANTR
GNAI3	2	1	HUMAN,PANTR
GNAL	2	1	HUMAN,PANTR
GNAO1	3	3	BOVIN,HUMAN,PANTR
GNAQ	2	1	HUMAN,PANTR
GNAS	2	1	CANLF,PANTR
GNAT1	2	1	HUMAN,PANTR
GNAT2	2	1	HUMAN,PANTR
GNAT3	2	1	HUMAN,PANTR
GNAZ	2	1	HUMAN,PANTR
GNB1	2	1	HUMAN,PANTR
GNB1L	2	1	HUMAN,PANTR
GNB2	2	1	HUMAN,PANTR
GNB3	2	1	HUMAN,PANTR
GNB4	2	1	HUMAN,PANTR
GNB5	2	1	HUMAN,PANTR
GNE	4	6	BOVIN,CANLF,HUMAN,PANTR
GNG10	3	3	BOVIN,HUMAN,PANTR
GNG11	3	3	BOVIN,HUMAN,PANTR
GNG12	2	1	HUMAN,PANTR
GNG13	2	1	HUMAN,PANTR
GNG2	3	3	CANLF,HUMAN,PANTR
GNG3	2	1	HUMAN,PANTR
GNG4	3	3	CANLF,HUMAN,PANTR
GNG5	2	1	HUMAN,PANTR
GNG7	2	1	HUMAN,PANTR
GNG8	2	1	HUMAN,PANTR
GNGT1	2	1	HUMAN,PANTR
GNGT2	2	1	HUMAN,PANTR
GNL1	2	1	BOVIN,HUMAN
GNL2	2	1	HUMAN,PANTR
GNL3	2	1	HUMAN,PANTR
GNLY	2	1	HUMAN,PANTR
GNMT	2	1	HUMAN,PANTR
GNPAT	2	1	HUMAN,PANTR
GNPDA1	2	1	HUMAN,PANTR
GNPDA2	2	1	HUMAN,PANTR
GNPNAT1	2	1	HUMAN,PANTR
GNPTAB	2	1	HUMAN,PANTR
GNPTG	2	1	HUMAN,PANTR
GNRH1	2	1	HUMAN,PANTR
GNRH2	2	1	HUMAN,PANTR
GNRHR	2	1	HUMAN,PANTR
GNS	4	6	BOVIN,CANLF,HUMAN,PANTR
GOLGA1	2	1	HUMAN,PANTR
GOLGA3	2	1	HUMAN,PANTR
GOLGA4	2	1	HUMAN,PANTR
GOLGA5	2	1	HUMAN,PANTR
GOLGA7	2	1	HUMAN,PANTR
GOLGA7B	3	3	CANLF,HUMAN,PANTR
GOLGB1	2	1	HUMAN,PANTR
GOLIM4	2	1	HUMAN,PANTR
GOLM1	2	1	HUMAN,PANTR
GOLM2	2	1	HUMAN,PANTR
GOLPH3	2	1	HUMAN,PANTR
GOLPH3L	2	1	HUMAN,PANTR
GOLT1A	2	1	HUMAN,PANTR
GOLT1B	2	1	HUMAN,PANTR
GON4L	2	1	HUMAN,PANTR
GOPC	3	3	BOVIN,HUMAN,PANTR
GORAB	2	1	HUMAN,PANTR
GORASP1	2	1	HUMAN,PANTR
GORASP2	2	1	HUMAN,PANTR
GOSR1	2	1	HUMAN,PANTR
GOT1	2	1	HUMAN,PANTR
GOT1L1	2	1	HUMAN,PANTR
GOT2	2	1	HUMAN,PANTR
GP1BA	2	1	HUMAN,PANTR
GP1BB	2	1	HUMAN,PANTR
GP2	2	1	HUMAN,PANTR
GP5	2	1	HUMAN,PANTR
GP6	3	3	CANLF,HUMAN,PANTR
GP9	2	1	HUMAN,PANTR
GPA33	3	3	CANLF,HUMAN,PANTR
GPAA1	2	1	HUMAN,PANTR
GPALPP1	2	1	HUMAN,PANTR
GPAM	2	1	HUMAN,PANTR
GPANK1	2	1	HUMAN,PANTR
GPAT3	2	1	HUMAN,PANTR
GPAT4	2	1	HUMAN,PANTR
GPATCH1	2	1	HUMAN,PANTR
GPATCH11	2	1	HUMAN,PANTR
GPATCH2	2	1	HUMAN,PANTR
GPATCH2L	2	1	HUMAN,PANTR
GPATCH3	2	1	HUMAN,PANTR
GPATCH4	2	1	HUMAN,PANTR
GPATCH8	2	1	HUMAN,PANTR
GPBAR1	3	3	CANLF,HUMAN,PANTR
GPBP1	2	1	HUMAN,PANTR
GPBP1L1	3	3	BOVIN,HUMAN,PANTR
GPC1	2	1	HUMAN,PANTR
GPC2	2	1	HUMAN,PANTR
GPC3	2	1	HUMAN,PANTR
GPC4	2	1	HUMAN,PANTR
GPC5	2	1	HUMAN,PANTR
GPC6	2	1	HUMAN,PANTR
GPCPD1	2	1	HUMAN,PANTR
GPD1	2	1	HUMAN,PANTR
GPD2	2	1	HUMAN,PANTR
GPHA2	2	1	HUMAN,PANTR
GPHB5	3	3	CANLF,HUMAN,PANTR
GPHN	2	1	HUMAN,PANTR
GPI	2	1	HUMAN,PANTR
GPIHBP1	2	1	HUMAN,PANTR
GPLD1	2	1	HUMAN,PANTR
GPM6A	2	1	HUMAN,PANTR
GPM6B	2	1	HUMAN,PANTR
GPN1	2	1	HUMAN,PANTR
GPN2	2	1	HUMAN,PANTR
GPN3	2	1	HUMAN,PANTR
GPNMB	2	1	HUMAN,PANTR
GPR101	2	1	HUMAN,PANTR
GPR107	2	1	HUMAN,PANTR
GPR108	2	1	HUMAN,PANTR
GPR119	2	1	HUMAN,PANTR
GPR12	2	1	HUMAN,PANTR
GPR132	2	1	HUMAN,PANTR
GPR135	2	1	HUMAN,PANTR
GPR137	2	1	HUMAN,PANTR
GPR137B	2	1	HUMAN,PANTR
GPR137C	2	1	HUMAN,PANTR
GPR139	2	1	HUMAN,PANTR
GPR141	2	1	HUMAN,PANTR
GPR142	2	1	HUMAN,PANTR
GPR148	2	1	HUMAN,PANTR
GPR149	2	1	HUMAN,PANTR
GPR15	2	1	HUMAN,PANTR
GPR150	2	1	HUMAN,PANTR
GPR151	2	1	HUMAN,PANTR
GPR153	2	1	HUMAN,PANTR
GPR155	2	1	HUMAN,PANTR
GPR156	2	1	HUMAN,PANTR
GPR157	2	1	HUMAN,PANTR
GPR158	2	1	HUMAN,PANTR
GPR160	2	1	HUMAN,PANTR
GPR162	2	1	HUMAN,PANTR
GPR17	2	1	HUMAN,PANTR
GPR171	2	1	HUMAN,PANTR
GPR173	2	1	HUMAN,PANTR
GPR174	2	1	HUMAN,PANTR
GPR176	2	1	HUMAN,PANTR
GPR179	2	1	HUMAN,PANTR
GPR18	2	1	HUMAN,PANTR
GPR180	2	1	HUMAN,PANTR
GPR182	2	1	HUMAN,PANTR
GPR183	2	1	HUMAN,PANTR
GPR19	2	1	HUMAN,PANTR
GPR20	2	1	HUMAN,PANTR
GPR21	2	1	BOVIN,HUMAN
GPR22	2	1	HUMAN,PANTR
GPR25	2	1	HUMAN,PANTR
GPR26	3	3	BOVIN,HUMAN,PANTR
GPR27	2	1	HUMAN,PANTR
GPR3	2	1	HUMAN,PANTR
GPR31	2	1	HUMAN,PANTR
GPR32	2	1	HUMAN,PANTR
GPR33	4	6	BOVIN,CANLF,HUMAN,PANTR
GPR35	2	1	HUMAN,PANTR
GPR37	2	1	HUMAN,PANTR
GPR37L1	2	1	HUMAN,PANTR
GPR39	2	1	HUMAN,PANTR
GPR4	2	1	HUMAN,PANTR
GPR50	2	1	HUMAN,PANTR
GPR55	2	1	HUMAN,PANTR
GPR6	2	1	HUMAN,PANTR
GPR61	3	3	CANLF,HUMAN,PANTR
GPR63	2	1	HUMAN,PANTR
GPR65	2	1	HUMAN,PANTR
GPR68	2	1	HUMAN,PANTR
GPR78	2	1	HUMAN,PANTR
GPR82	2	1	HUMAN,PANTR
GPR83	2	1	HUMAN,PANTR
GPR84	2	1	HUMAN,PANTR
GPR87	2	1	HUMAN,PANTR
GPR88	3	3	CANLF,HUMAN,PANTR
GPRASP1	2	1	HUMAN,PANTR
GPRASP2	2	1	HUMAN,PANTR
GPRC5B	3	3	CANLF,HUMAN,PANTR
GPRC5C	3	3	CANLF,HUMAN,PANTR
GPRC5D	2	1	HUMAN,PANTR
GPRC6A	2	1	HUMAN,PANTR
GPRIN1	2	1	CANLF,HUMAN
GPRIN2	2	1	HUMAN,PANTR
GPRIN3	2	1	HUMAN,PANTR
GPS1	2	1	HUMAN,PANTR
GPS2	2	1	HUMAN,PANTR
GPSM1	2	1	HUMAN,PANTR
GPSM2	2	1	HUMAN,PANTR
GPSM3	2	1	HUMAN,PANTR
GPT	2	1	HUMAN,PANTR
GPT2	2	1	HUMAN,PANTR
GPX1	2	1	HUMAN,PANTR
GPX2	2	1	HUMAN,PANTR
GPX3	2	1	HUMAN,PANTR
GPX4	2	1	HUMAN,PANTR
GPX5	2	1	HUMAN,PANTR
GPX6	2	1	HUMAN,PANTR
GPX7	2	1	HUMAN,PANTR
GPX8	2	1	HUMAN,PANTR
GRAMD1A	2	1	HUMAN,PANTR
GRAMD1B	2	1	HUMAN,PANTR
GRAMD1C	2	1	HUMAN,PANTR
GRAMD2A	2	1	HUMAN,PANTR
GRAMD2B	2	1	HUMAN,PANTR
GRAMD4	2	1	HUMAN,PANTR
GRAP2	2	1	HUMAN,PANTR
GRB10	3	3	CANLF,HUMAN,PANTR
GRB14	2	1	HUMAN,PANTR
GRB2	2	1	HUMAN,PANTR
GRB7	2	1	HUMAN,PANTR
GREB1	2	1	HUMAN,PANTR
GREB1L	3	3	CANLF,HUMAN,PANTR
GREM2	2	1	HUMAN,PANTR
GRHL1	2	1	HUMAN,PANTR
GRHL2	2	1	HUMAN,PANTR
GRHL3	2	1	HUMAN,PANTR
GRHPR	2	1	HUMAN,PANTR
GRIA1	2	1	HUMAN,PANTR
GRIA2	2	1	HUMAN,PANTR
GRIA3	2	1	HUMAN,PANTR
GRIA4	2	1	HUMAN,PANTR
GRID1	4	6	BOVIN,CANLF,HUMAN,PANTR
GRID2	2	1	HUMAN,PANTR
GRID2IP	2	1	HUMAN,PANTR
GRIFIN	2	1	CANLF,HUMAN
GRIK1	3	3	BOVIN,HUMAN,PANTR
GRIK2	2	1	HUMAN,PANTR
GRIK3	2	1	HUMAN,PANTR
GRIK4	3	3	BOVIN,HUMAN,PANTR
GRIK5	3	3	BOVIN,HUMAN,PANTR
GRIN1	2	1	HUMAN,PANTR
GRIN2A	2	1	HUMAN,PANTR
GRIN2B	2	1	HUMAN,PANTR
GRIN2C	2	1	HUMAN,PANTR
GRIN3A	2	1	HUMAN,PANTR
GRIN3B	3	3	BOVIN,HUMAN,PANTR
GRINA	2	1	HUMAN,PANTR
GRIP1	3	3	BOVIN,HUMAN,PANTR
GRIP2	2	1	HUMAN,PANTR
GRK1	2	1	HUMAN,PANTR
GRK2	3	3	BOVIN,HUMAN,PANTR
GRK3	3	3	BOVIN,HUMAN,PANTR
GRK4	2	1	HUMAN,PANTR
GRK5	2	1	HUMAN,PANTR
GRK6	2	1	HUMAN,PANTR
GRK7	2	1	HUMAN,PANTR
GRM1	3	3	BOVIN,HUMAN,PANTR
GRM2	2	1	HUMAN,PANTR
GRM3	2	1	HUMAN,PANTR
GRM4	3	3	BOVIN,HUMAN,PANTR
GRM5	3	3	BOVIN,HUMAN,PANTR
GRM6	2	1	HUMAN,PANTR
GRM7	2	1	HUMAN,PANTR
GRM8	2	1	HUMAN,PANTR
GRN	2	1	HUMAN,PANTR
GRP	3	3	CANLF,HUMAN,PANTR
GRPEL1	2	1	HUMAN,PANTR
GRPEL2	2	1	HUMAN,PANTR
GRPR	2	1	HUMAN,PANTR
GRSF1	3	3	CANLF,HUMAN,PANTR
GRTP1	2	1	HUMAN,PANTR
GRWD1	2	1	HUMAN,PANTR
GRXCR1	3	3	BOVIN,HUMAN,PANTR
GRXCR2	2	1	HUMAN,PANTR
GSAP	2	1	HUMAN,PANTR
GSC	2	1	HUMAN,PANTR
GSC2	2	1	HUMAN,PANTR
GSDMA	2	1	HUMAN,PANTR
GSDMB	2	1	HUMAN,PANTR
GSDMC	2	1	HUMAN,PANTR
GSDMD	2	1	HUMAN,PANTR
GSDME	2	1	HUMAN,PANTR
GSE1	2	1	HUMAN,PANTR
GSG1	2	1	HUMAN,PANTR
GSG1L	2	1	HUMAN,PANTR
GSG1L2	2	1	HUMAN,PANTR
GSK3A	2	1	HUMAN,PANTR
GSK3B	2	1	HUMAN,PANTR
GSKIP	2	1	HUMAN,PANTR
GSN	2	1	HUMAN,PANTR
GSR	2	1	HUMAN,PANTR
GSS	2	1	HUMAN,PANTR
GSTA1	2	1	HUMAN,PANTR
GSTA2	2	1	HUMAN,PANTR
GSTA3	2	1	HUMAN,PANTR
GSTA4	3	3	BOVIN,HUMAN,PANTR
GSTA5	2	1	HUMAN,PANTR
GSTCD	2	1	HUMAN,PANTR
GSTK1	2	1	HUMAN,PANTR
GSTM1	2	1	HUMAN,PANTR
GSTM4	2	1	HUMAN,PANTR
GSTM5	2	1	HUMAN,PANTR
GSTO1	2	1	HUMAN,PANTR
GSTO2	2	1	HUMAN,PANTR
GSTP1	3	3	BOVIN,HUMAN,PANTR
GSTZ1	2	1	HUMAN,PANTR
GSX1	2	1	HUMAN,PANTR
GSX2	2	1	HUMAN,PANTR
GTDC1	2	1	HUMAN,PANTR
GTF2A1	2	1	HUMAN,PANTR
GTF2A1L	2	1	BOVIN,HUMAN
GTF2A2	2	1	HUMAN,PANTR
GTF2B	2	1	HUMAN,PANTR
GTF2E1	2	1	HUMAN,PANTR
GTF2E2	2	1	HUMAN,PANTR
GTF2F1	2	1	HUMAN,PANTR
GTF2F2	3	3	BOVIN,HUMAN,PANTR
GTF2H1	2	1	HUMAN,PANTR
GTF2H3	2	1	HUMAN,PANTR
GTF2H4	2	1	HUMAN,PANTR
GTF2H5	2	1	HUMAN,PANTR
GTF2I	3	3	CANLF,HUMAN,PANTR
GTF2IRD1	2	1	HUMAN,PANTR
GTF3A	2	1	HUMAN,PANTR
GTF3C1	2	1	HUMAN,PANTR
GTF3C2	2	1	HUMAN,PANTR
GTF3C3	2	1	HUMAN,PANTR
GTF3C4	2	1	HUMAN,PANTR
GTF3C5	2	1	HUMAN,PANTR
GTF3C6	2	1	HUMAN,PANTR
GTPBP1	2	1	HUMAN,PANTR
GTPBP10	2	1	HUMAN,PANTR
GTPBP2	2	1	HUMAN,PANTR
GTPBP3	2	1	HUMAN,PANTR
GTPBP4	2	1	HUMAN,PANTR
GTPBP8	4	6	BOVIN,CANLF,HUMAN,PANTR
GTSE1	2	1	HUMAN,PANTR
GTSF1	2	1	HUMAN,PANTR
GUCA1A	2	1	HUMAN,PANTR
GUCA1B	2	1	HUMAN,PANTR
GUCA1C	2	1	HUMAN,PANTR
GUCA2A	2	1	HUMAN,PANTR
GUCA2B	2	1	HUMAN,PANTR
GUCD1	2	1	HUMAN,PANTR
GUCY1A1	2	1	HUMAN,PANTR
GUCY1A2	2	1	HUMAN,PANTR
GUCY1B1	2	1	HUMAN,PANTR
GUCY2C	2	1	HUMAN,PANTR
GUCY2D	2	1	HUMAN,PANTR
GUF1	2	1	HUMAN,PANTR
GUK1	3	3	CANLF,HUMAN,PANTR
GULP1	3	3	CANLF,HUMAN,PANTR
GUSB	3	3	CANLF,HUMAN,PANTR
GXYLT1	3	3	CANLF,HUMAN,PANTR
GYG1	2	1	HUMAN,PANTR
GYG2	2	1	HUMAN,PANTR
GYPA	2	1	HUMAN,PANTR
GYPC	3	3	BOVIN,HUMAN,PANTR
GYS1	2	1	HUMAN,PANTR
GYS2	2	1	HUMAN,PANTR
GZF1	2	1	HUMAN,PANTR
GZMA	2	1	HUMAN,PANTR
GZMB	3	3	CANLF,HUMAN,PANTR
GZMK	2	1	HUMAN,PANTR
GZMM	2	1	HUMAN,PANTR
H1-0	3	3	CANLF,HUMAN,PANTR
H1-1	2	1	HUMAN,PANTR
H1-10	3	3	BOVIN,HUMAN,PANTR
H1-2	3	3	BOVIN,HUMAN,PANTR
H1-3	2	1	HUMAN,PANTR
H1-4	4	6	BOVIN,CANLF,HUMAN,PANTR
H1-5	3	3	CANLF,HUMAN,PANTR
H1-6	3	3	CANLF,HUMAN,PANTR
H1-7	4	6	BOVIN,CANLF,HUMAN,PANTR
H1-8	4	6	BOVIN,CANLF,HUMAN,PANTR
H1-9P	4	6	BOVIN,CANLF,HUMAN,PANTR
H2AB1	2	1	CANLF,HUMAN
H2AC1	4	6	BOVIN,CANLF,HUMAN,PANTR
H2AC11	5	4	BOVIN,CANLF,HUMAN
H2AC12	3	3	BOVIN,CANLF,HUMAN
H2AC14	3	3	CANLF,HUMAN,PANTR
H2AC18	5	6	BOVIN,CANLF,HUMAN,PANTR
H2AC20	2	1	BOVIN,HUMAN
H2AC21	3	3	BOVIN,HUMAN,PANTR
H2AC4	4	4	BOVIN,HUMAN,PANTR
H2AC6	4	6	BOVIN,CANLF,HUMAN,PANTR
H2AC7	2	1	CANLF,HUMAN
H2AJ	4	6	BOVIN,CANLF,HUMAN,PANTR
H2AP	2	1	HUMAN,PANTR
H2AW	4	6	BOVIN,CANLF,HUMAN,PANTR
H2AX	3	3	CANLF,HUMAN,PANTR
H2AZ1	4	6	BOVIN,CANLF,HUMAN,PANTR
H2AZ2	3	3	BOVIN,CANLF,HUMAN
H2BC1	2	1	HUMAN,PANTR
H2BC10	3	2	BOVIN,CANLF,HUMAN
H2BC11	3	3	BOVIN,HUMAN,PANTR
H2BC12	3	3	BOVIN,HUMAN,PANTR
H2BC14	3	3	BOVIN,HUMAN,PANTR
H2BC15	2	1	BOVIN,HUMAN
H2BC17	2	1	HUMAN,PANTR
H2BC18	3	3	BOVIN,CANLF,HUMAN
H2BC21	2	1	HUMAN,PANTR
H2BC3	3	3	BOVIN,HUMAN,PANTR
H2BC5	3	3	BOVIN,HUMAN,PANTR
H2BC9	2	1	HUMAN,PANTR
H2BK1	2	1	BOVIN,HUMAN
H2BU1	4	6	BOVIN,CANLF,HUMAN,PANTR
H2BU2P	2	1	CANLF,PANTR
H2BW1	3	3	CANLF,HUMAN,PANTR
H2BW2	2	1	HUMAN,PANTR
H3-3A	2	1	HUMAN,PANTR
H3-4	3	3	BOVIN,HUMAN,PANTR
H3-5	2	1	BOVIN,HUMAN
H3C13	3	3	BOVIN,HUMAN,PANTR
H4-16	11	13	BOVIN,CANLF,HUMAN,PANTR
H4C7	4	6	BOVIN,CANLF,HUMAN,PANTR
H6PD	2	1	HUMAN,PANTR
HABP2	4	6	BOVIN,CANLF,HUMAN,PANTR
HABP4	2	1	HUMAN,PANTR
HACD1	3	3	CANLF,HUMAN,PANTR
HACD2	3	3	CANLF,HUMAN,PANTR
HACD3	2	1	HUMAN,PANTR
HACD4	2	1	HUMAN,PANTR
HACE1	2	1	HUMAN,PANTR
HACL1	2	1	HUMAN,PANTR
HADH	2	1	HUMAN,PANTR
HADHA	3	3	CANLF,HUMAN,PANTR
HADHB	2	1	HUMAN,PANTR
HAGH	2	1	HUMAN,PANTR
HAGHL	2	1	HUMAN,PANTR
HAL	2	1	HUMAN,PANTR
HAMP	2	1	HUMAN,PANTR
HAND1	2	1	HUMAN,PANTR
HAO1	2	1	HUMAN,PANTR
HAO2	2	1	HUMAN,PANTR
HAP1	2	1	HUMAN,PANTR
HAPLN1	2	1	HUMAN,PANTR
HAPLN2	3	3	CANLF,HUMAN,PANTR
HAPLN3	2	1	HUMAN,PANTR
HAPLN4	3	3	BOVIN,HUMAN,PANTR
HARBI1	2	1	HUMAN,PANTR
HARS1	2	1	HUMAN,PANTR
HARS2	2	1	HUMAN,PANTR
HAS1	3	3	BOVIN,HUMAN,PANTR
HAS2	2	1	HUMAN,PANTR
HAS3	2	1	HUMAN,PANTR
HASPIN	4	6	BOVIN,CANLF,HUMAN,PANTR
HAT1	3	3	BOVIN,HUMAN,PANTR
HAUS1	2	1	HUMAN,PANTR
HAUS2	2	1	HUMAN,PANTR
HAUS3	2	1	HUMAN,PANTR
HAUS4	2	1	HUMAN,PANTR
HAUS5	2	1	HUMAN,PANTR
HAUS6	2	1	HUMAN,PANTR
HAUS8	2	1	HUMAN,PANTR
HAVCR1	2	1	HUMAN,PANTR
HAVCR2	2	1	HUMAN,PANTR
HAX1	2	1	HUMAN,PANTR
HBB	2	1	HUMAN,PANTR
HBD	2	1	HUMAN,PANTR
HBE1	2	1	HUMAN,PANTR
HBEGF	2	1	HUMAN,PANTR
HBM	2	1	HUMAN,PANTR
HBP1	2	1	HUMAN,PANTR
HBQ1	2	1	HUMAN,PANTR
HBS1L	2	1	HUMAN,PANTR
HBZ	2	1	HUMAN,PANTR
HCAR1	2	1	HUMAN,PANTR
HCAR3	2	1	HUMAN,PANTR
HCCS	2	1	HUMAN,PANTR
HCFC1	2	1	HUMAN,PANTR
HCFC1R1	2	1	HUMAN,PANTR
HCFC2	2	1	HUMAN,PANTR
HCK	2	1	HUMAN,PANTR
HCN1	2	1	HUMAN,PANTR
HCN2	2	1	CANLF,HUMAN
HCN3	2	1	HUMAN,PANTR
HCN4	2	1	HUMAN,PANTR
HCRT	2	1	HUMAN,PANTR
HCRTR1	2	1	HUMAN,PANTR
HCRTR2	2	1	HUMAN,PANTR
HCST	3	3	CANLF,HUMAN,PANTR
HDAC1	2	1	BOVIN,HUMAN
HDAC10	3	3	BOVIN,HUMAN,PANTR
HDAC11	3	3	BOVIN,HUMAN,PANTR
HDAC2	3	3	CANLF,HUMAN,PANTR
HDAC3	2	1	HUMAN,PANTR
HDAC4	2	1	HUMAN,PANTR
HDAC5	3	3	CANLF,HUMAN,PANTR
HDAC7	4	6	BOVIN,CANLF,HUMAN,PANTR
HDAC8	2	1	BOVIN,HUMAN
HDAC9	2	1	HUMAN,PANTR
HDC	2	1	HUMAN,PANTR
HDDC2	3	3	CANLF,HUMAN,PANTR
HDDC3	2	1	HUMAN,PANTR
HDGF	2	1	HUMAN,PANTR
HDGFL2	3	3	CANLF,HUMAN,PANTR
HDGFL3	4	6	BOVIN,CANLF,HUMAN,PANTR
HDHD2	2	1	HUMAN,PANTR
HDHD3	2	1	HUMAN,PANTR
HDHD5	2	1	HUMAN,PANTR
HDLBP	2	1	HUMAN,PANTR
HDX	2	1	HUMAN,PANTR
HEATR1	2	1	HUMAN,PANTR
HEATR3	2	1	HUMAN,PANTR
HEATR4	2	1	HUMAN,PANTR
HEATR5A	2	1	HUMAN,PANTR
HEATR5B	2	1	HUMAN,PANTR
HEATR6	2	1	HUMAN,PANTR
HEATR9	2	1	HUMAN,PANTR
HEBP1	2	1	HUMAN,PANTR
HEBP2	2	1	HUMAN,PANTR
HECA	2	1	HUMAN,PANTR
HECTD1	2	1	HUMAN,PANTR
HECTD2	2	1	HUMAN,PANTR
HECTD3	3	3	CANLF,HUMAN,PANTR
HECTD4	2	1	HUMAN,PANTR
HECW1	2	1	HUMAN,PANTR
HECW2	3	3	BOVIN,HUMAN,PANTR
HEG1	2	1	HUMAN,PANTR
HELB	2	1	HUMAN,PANTR
HELZ	3	3	BOVIN,HUMAN,PANTR
HELZ2	2	1	HUMAN,PANTR
HEMGN	2	1	HUMAN,PANTR
HEMK1	2	1	HUMAN,PANTR
HENMT1	2	1	HUMAN,PANTR
HEPACAM	2	1	HUMAN,PANTR
HEPACAM2	2	1	HUMAN,PANTR
HEPHL1	2	1	HUMAN,PANTR
HERC1	2	1	HUMAN,PANTR
HERC3	2	1	HUMAN,PANTR
HERC4	4	6	BOVIN,CANLF,HUMAN,PANTR
HERC5	2	1	HUMAN,PANTR
HERC6	2	1	HUMAN,PANTR
HERPUD1	2	1	HUMAN,PANTR
HERPUD2	2	1	HUMAN,PANTR
HES1	2	1	HUMAN,PANTR
HES2	2	1	HUMAN,PANTR
HES3	2	1	HUMAN,PANTR
HES4	3	3	CANLF,HUMAN,PANTR
HES5	2	1	HUMAN,PANTR
HES6	2	1	HUMAN,PANTR
HES7	2	1	HUMAN,PANTR
HESX1	2	1	HUMAN,PANTR
HEXB	2	1	HUMAN,PANTR
HEXD	3	3	BOVIN,HUMAN,PANTR
HEXIM1	2	1	HUMAN,PANTR
HEXIM2	2	1	HUMAN,PANTR
HEY1	3	3	CANLF,HUMAN,PANTR
HEY2	2	1	HUMAN,PANTR
HEYL	2	1	HUMAN,PANTR
HFE	2	1	HUMAN,PANTR
HFM1	2	1	HUMAN,PANTR
HGD	2	1	HUMAN,PANTR
HGF	2	1	HUMAN,PANTR
HGFAC	3	3	BOVIN,HUMAN,PANTR
HGH1	2	1	HUMAN,PANTR
HGSNAT	2	1	HUMAN,PANTR
HHAT	2	1	HUMAN,PANTR
HHEX	2	1	HUMAN,PANTR
HHIP	2	1	HUMAN,PANTR
HHIPL1	2	1	HUMAN,PANTR
HHIPL2	2	1	HUMAN,PANTR
HHLA1	2	1	HUMAN,PANTR
HIBADH	3	3	CANLF,HUMAN,PANTR
HIBCH	3	3	CANLF,HUMAN,PANTR
HIC1	2	1	HUMAN,PANTR
HIC2	2	1	HUMAN,PANTR
HID1	2	1	HUMAN,PANTR
HIF1A	2	1	HUMAN,PANTR
HIF1AN	2	1	HUMAN,PANTR
HIF3A	2	1	HUMAN,PANTR
HIGD1A	2	1	HUMAN,PANTR
HIGD1B	2	1	HUMAN,PANTR
HIGD1C	2	1	HUMAN,PANTR
HIGD2A	2	1	HUMAN,PANTR
HIKESHI	2	1	HUMAN,PANTR
HILPDA	2	1	HUMAN,PANTR
HINFP	2	1	HUMAN,PANTR
HINT1	2	1	HUMAN,PANTR
HINT2	2	1	HUMAN,PANTR
HINT3	2	1	HUMAN,PANTR
HIP1	2	1	HUMAN,PANTR
HIP1R	2	1	HUMAN,PANTR
HIPK1	2	1	HUMAN,PANTR
HIPK2	2	1	HUMAN,PANTR
HIPK3	2	1	HUMAN,PANTR
HIPK4	2	1	HUMAN,PANTR
HIRA	2	1	HUMAN,PANTR
HIRIP3	2	1	HUMAN,PANTR
HIVEP1	2	1	HUMAN,PANTR
HIVEP2	2	1	HUMAN,PANTR
HIVEP3	2	1	HUMAN,PANTR
HJURP	2	1	HUMAN,PANTR
HJV	2	1	HUMAN,PANTR
HK1	2	1	HUMAN,PANTR
HK2	2	1	HUMAN,PANTR
HK3	2	1	HUMAN,PANTR
HKDC1	2	1	HUMAN,PANTR
HLCS	2	1	HUMAN,PANTR
HLF	3	3	CANLF,HUMAN,PANTR
HLTF	2	1	HUMAN,PANTR
HLX	2	1	HUMAN,PANTR
HMBOX1	2	1	HUMAN,PANTR
HMBS	2	1	HUMAN,PANTR
HMCES	2	1	HUMAN,PANTR
HMCN1	2	1	HUMAN,PANTR
HMG20A	2	1	HUMAN,PANTR
HMG20B	2	1	HUMAN,PANTR
HMGA1	2	1	HUMAN,PANTR
HMGA2	2	1	HUMAN,PANTR
HMGB1	3	3	BOVIN,CANLF,HUMAN
HMGB2	2	1	HUMAN,PANTR
HMGB3	3	3	CANLF,HUMAN,PANTR
HMGCL	2	1	HUMAN,PANTR
HMGCLL1	2	1	HUMAN,PANTR
HMGCR	2	1	HUMAN,PANTR
HMGCS1	2	1	HUMAN,PANTR
HMGCS2	2	1	HUMAN,PANTR
HMGN2	2	1	HUMAN,PANTR
HMGN3	3	3	CANLF,HUMAN,PANTR
HMGN5	3	3	BOVIN,HUMAN,PANTR
HMGXB3	2	1	HUMAN,PANTR
HMGXB4	2	1	HUMAN,PANTR
HMMR	2	1	HUMAN,PANTR
HMOX1	2	1	HUMAN,PANTR
HMOX2	2	1	HUMAN,PANTR
HMX1	2	1	HUMAN,PANTR
HMX2	2	1	HUMAN,PANTR
HMX3	2	1	HUMAN,PANTR
HNF1A	2	1	HUMAN,PANTR
HNF1B	2	1	HUMAN,PANTR
HNF4A	2	1	HUMAN,PANTR
HNF4G	2	1	HUMAN,PANTR
HNMT	3	3	CANLF,HUMAN,PANTR
HNRNPA0	4	6	BOVIN,CANLF,HUMAN,PANTR
HNRNPA2B1	2	1	HUMAN,PANTR
HNRNPA3	2	1	HUMAN,PANTR
HNRNPAB	4	6	BOVIN,CANLF,HUMAN,PANTR
HNRNPD	2	1	HUMAN,PANTR
HNRNPDL	2	1	HUMAN,PANTR
HNRNPF	2	1	HUMAN,PANTR
HNRNPH1	3	3	BOVIN,CANLF,HUMAN
HNRNPH2	2	1	HUMAN,PANTR
HNRNPH3	2	1	HUMAN,PANTR
HNRNPK	3	3	CANLF,HUMAN,PANTR
HNRNPL	3	3	CANLF,HUMAN,PANTR
HNRNPLL	2	1	HUMAN,PANTR
HNRNPM	3	3	BOVIN,HUMAN,PANTR
HNRNPR	2	1	HUMAN,PANTR
HNRNPU	3	3	CANLF,HUMAN,PANTR
HNRNPUL1	3	3	CANLF,HUMAN,PANTR
HNRNPUL2	2	1	HUMAN,PANTR
HOATZ	4	6	BOVIN,CANLF,HUMAN,PANTR
HOMER1	2	1	HUMAN,PANTR
HOMER2	2	1	HUMAN,PANTR
HOMER3	2	1	HUMAN,PANTR
HOMEZ	2	1	HUMAN,PANTR
HOOK1	2	1	HUMAN,PANTR
HOOK2	2	1	HUMAN,PANTR
HOOK3	2	1	HUMAN,PANTR
HOPX	2	1	HUMAN,PANTR
HORMAD1	3	3	BOVIN,HUMAN,PANTR
HORMAD2	4	6	BOVIN,CANLF,HUMAN,PANTR
HOXA1	2	1	HUMAN,PANTR
HOXA10	3	3	BOVIN,HUMAN,PANTR
HOXA11	2	1	HUMAN,PANTR
HOXA13	3	3	BOVIN,HUMAN,PANTR
HOXA2	3	3	CANLF,HUMAN,PANTR
HOXA3	2	1	HUMAN,PANTR
HOXA4	2	1	HUMAN,PANTR
HOXA5	2	1	CANLF,HUMAN
HOXA6	2	1	HUMAN,PANTR
HOXA9	2	1	CANLF,HUMAN
HOXB1	2	1	HUMAN,PANTR
HOXB13	2	1	HUMAN,PANTR
HOXB2	2	1	HUMAN,PANTR
HOXB3	2	1	HUMAN,PANTR
HOXB4	2	1	HUMAN,PANTR
HOXB5	2	1	HUMAN,PANTR
HOXB6	2	1	HUMAN,PANTR
HOXB7	2	1	HUMAN,PANTR
HOXB8	2	1	HUMAN,PANTR
HOXB9	2	1	HUMAN,PANTR
HOXC10	3	3	BOVIN,HUMAN,PANTR
HOXC11	4	6	BOVIN,CANLF,HUMAN,PANTR
HOXC12	2	1	HUMAN,PANTR
HOXC13	2	1	HUMAN,PANTR
HOXC4	2	1	HUMAN,PANTR
HOXC5	3	3	BOVIN,HUMAN,PANTR
HOXC6	2	1	HUMAN,PANTR
HOXC8	2	1	HUMAN,PANTR
HOXC9	2	1	HUMAN,PANTR
HOXD1	2	1	HUMAN,PANTR
HOXD10	2	1	HUMAN,PANTR
HOXD11	2	1	HUMAN,PANTR
HOXD12	2	1	HUMAN,PANTR
HOXD13	2	1	HUMAN,PANTR
HOXD3	2	1	HUMAN,PANTR
HOXD4	2	1	HUMAN,PANTR
HOXD8	2	1	HUMAN,PANTR
HOXD9	2	1	HUMAN,PANTR
HP1BP3	2	1	HUMAN,PANTR
HPCA	3	3	CANLF,HUMAN,PANTR
HPCAL1	2	1	HUMAN,PANTR
HPCAL4	2	1	HUMAN,PANTR
HPD	2	1	HUMAN,PANTR
HPDL	2	1	HUMAN,PANTR
HPF1	3	3	BOVIN,HUMAN,PANTR
HPGD	3	3	BOVIN,HUMAN,PANTR
HPGDS	2	1	HUMAN,PANTR
HPN	2	1	HUMAN,PANTR
HPRT1	2	1	HUMAN,PANTR
HPS1	2	1	HUMAN,PANTR
HPS3	2	1	HUMAN,PANTR
HPS4	2	1	HUMAN,PANTR
HPS5	2	1	HUMAN,PANTR
HPS6	2	1	HUMAN,PANTR
HPSE	2	1	HUMAN,PANTR
HPSE2	2	1	HUMAN,PANTR
HPX	2	1	HUMAN,PANTR
HR	2	1	HUMAN,PANTR
HRAS	3	3	CANLF,HUMAN,PANTR
HRC	2	1	HUMAN,PANTR
HRCT1	2	1	HUMAN,PANTR
HRG	2	1	HUMAN,PANTR
HRH1	2	1	HUMAN,PANTR
HRH2	2	1	HUMAN,PANTR
HRH3	2	1	HUMAN,PANTR
HRH4	2	1	HUMAN,PANTR
HRK	2	1	HUMAN,PANTR
HRNR	2	1	HUMAN,PANTR
HROB	3	3	CANLF,HUMAN,PANTR
HS1BP3	3	3	BOVIN,HUMAN,PANTR
HS2ST1	2	1	HUMAN,PANTR
HS3ST1	2	1	HUMAN,PANTR
HS3ST2	2	1	HUMAN,PANTR
HS3ST3A1	3	3	CANLF,HUMAN,PANTR
HS3ST3B1	2	1	HUMAN,PANTR
HS3ST4	2	1	HUMAN,PANTR
HS3ST5	2	1	HUMAN,PANTR
HS3ST6	2	1	HUMAN,PANTR
HS6ST1	2	1	HUMAN,PANTR
HS6ST2	2	1	HUMAN,PANTR
HS6ST3	2	1	HUMAN,PANTR
HSBP1	2	1	HUMAN,PANTR
HSBP1L1	3	3	CANLF,HUMAN,PANTR
HSCB	2	1	HUMAN,PANTR
HSD11B1	2	1	HUMAN,PANTR
HSD11B1L	2	1	HUMAN,PANTR
HSD11B2	2	1	HUMAN,PANTR
HSD17B1	2	1	HUMAN,PANTR
HSD17B10	2	1	HUMAN,PANTR
HSD17B11	2	1	HUMAN,PANTR
HSD17B12	3	3	BOVIN,HUMAN,PANTR
HSD17B13	2	1	HUMAN,PANTR
HSD17B14	2	1	HUMAN,PANTR
HSD17B2	2	1	HUMAN,PANTR
HSD17B3	2	1	HUMAN,PANTR
HSD17B4	2	1	HUMAN,PANTR
HSD17B7	2	1	HUMAN,PANTR
HSD17B8	2	1	HUMAN,PANTR
HSD3B2	2	1	HUMAN,PANTR
HSD3B7	2	1	HUMAN,PANTR
HSDL1	2	1	HUMAN,PANTR
HSDL2	2	1	HUMAN,PANTR
HSF1	2	1	HUMAN,PANTR
HSF2	2	1	HUMAN,PANTR
HSF2BP	2	1	HUMAN,PANTR
HSF4	2	1	HUMAN,PANTR
HSF5	2	1	HUMAN,PANTR
HSH2D	2	1	HUMAN,PANTR
HSP90AA1	4	6	BOVIN,CANLF,HUMAN,PANTR
HSP90AB1	3	3	BOVIN,HUMAN,PANTR
HSP90B1	3	3	CANLF,HUMAN,PANTR
HSPA12A	4	6	BOVIN,CANLF,HUMAN,PANTR
HSPA12B	3	3	CANLF,HUMAN,PANTR
HSPA13	4	6	BOVIN,CANLF,HUMAN,PANTR
HSPA14	3	3	CANLF,HUMAN,PANTR
HSPA2	2	1	CANLF,HUMAN
HSPA4	4	6	BOVIN,CANLF,HUMAN,PANTR
HSPA4L	4	6	BOVIN,CANLF,HUMAN,PANTR
HSPA5	4	6	BOVIN,CANLF,HUMAN,PANTR
HSPA6	2	1	BOVIN,HUMAN
HSPA8	4	6	BOVIN,CANLF,HUMAN,PANTR
HSPA9	4	6	BOVIN,CANLF,HUMAN,PANTR
HSPB1	3	3	CANLF,HUMAN,PANTR
HSPB11	4	6	BOVIN,CANLF,HUMAN,PANTR
HSPB2	4	6	BOVIN,CANLF,HUMAN,PANTR
HSPB3	2	1	HUMAN,PANTR
HSPB6	3	3	CANLF,HUMAN,PANTR
HSPB7	4	6	BOVIN,CANLF,HUMAN,PANTR
HSPB8	4	6	BOVIN,CANLF,HUMAN,PANTR
HSPB9	3	3	BOVIN,HUMAN,PANTR
HSPBAP1	2	1	HUMAN,PANTR
HSPBP1	3	3	CANLF,HUMAN,PANTR
HSPD1	3	3	BOVIN,HUMAN,PANTR
HSPE1	4	4	BOVIN,HUMAN,PANTR
HSPG2	2	1	HUMAN,PANTR
HSPH1	4	6	BOVIN,CANLF,HUMAN,PANTR
HTATIP2	2	1	HUMAN,PANTR
HTN1	2	1	HUMAN,PANTR
HTN3	2	1	HUMAN,PANTR
HTR1A	2	1	HUMAN,PANTR
HTR1B	2	1	HUMAN,PANTR
HTR1D	2	1	HUMAN,PANTR
HTR1E	2	1	HUMAN,PANTR
HTR1F	2	1	HUMAN,PANTR
HTR2A	2	1	HUMAN,PANTR
HTR2B	2	1	HUMAN,PANTR
HTR2C	2	1	HUMAN,PANTR
HTR3A	2	1	HUMAN,PANTR
HTR3B	2	1	HUMAN,PANTR
HTR3C	2	1	HUMAN,PANTR
HTR3D	2	1	HUMAN,PANTR
HTR3E	2	1	HUMAN,PANTR
HTR4	2	1	HUMAN,PANTR
HTR5A	2	1	HUMAN,PANTR
HTR6	2	1	HUMAN,PANTR
HTR7	2	1	HUMAN,PANTR
HTRA1	2	1	HUMAN,PANTR
HTRA2	2	1	HUMAN,PANTR
HTRA3	2	1	HUMAN,PANTR
HTRA4	2	1	HUMAN,PANTR
HTT	2	1	HUMAN,PANTR
HUNK	3	3	CANLF,HUMAN,PANTR
HUS1	2	1	HUMAN,PANTR
HUWE1	2	1	HUMAN,PANTR
HVCN1	2	1	HUMAN,PANTR
HYAL1	2	1	HUMAN,PANTR
HYAL2	2	1	HUMAN,PANTR
HYAL3	3	3	CANLF,HUMAN,PANTR
HYAL4	3	3	BOVIN,HUMAN,PANTR
HYDIN	3	3	CANLF,HUMAN,PANTR
HYI	4	6	BOVIN,CANLF,HUMAN,PANTR
HYKK	2	1	HUMAN,PANTR
HYLS1	2	1	HUMAN,PANTR
HYOU1	3	3	CANLF,HUMAN,PANTR
HYPK	2	1	HUMAN,PANTR
IAH1	4	6	BOVIN,CANLF,HUMAN,PANTR
IAPP	2	1	HUMAN,PANTR
IARS1	2	1	HUMAN,PANTR
IARS2	2	1	HUMAN,PANTR
IBA57	2	1	HUMAN,PANTR
IBSP	2	1	HUMAN,PANTR
IBTK	2	1	HUMAN,PANTR
ICA1	2	1	HUMAN,PANTR
ICA1L	2	1	HUMAN,PANTR
ICAM1	2	1	HUMAN,PANTR
ICAM2	3	3	CANLF,HUMAN,PANTR
ICAM3	2	1	HUMAN,PANTR
ICAM4	4	6	BOVIN,CANLF,HUMAN,PANTR
ICAM5	2	1	HUMAN,PANTR
ICE1	2	1	HUMAN,PANTR
ICE2	2	1	HUMAN,PANTR
ICMT	2	1	HUMAN,PANTR
ICOS	2	1	HUMAN,PANTR
ID1	2	1	HUMAN,PANTR
ID2	3	3	BOVIN,HUMAN,PANTR
ID3	2	1	HUMAN,PANTR
ID4	2	1	HUMAN,PANTR
IDE	2	1	HUMAN,PANTR
IDH1	2	1	HUMAN,PANTR
IDH2	4	6	BOVIN,CANLF,HUMAN,PANTR
IDH3A	4	6	BOVIN,CANLF,HUMAN,PANTR
IDH3B	2	1	HUMAN,PANTR
IDH3G	4	6	BOVIN,CANLF,HUMAN,PANTR
IDI1	2	1	HUMAN,PANTR
IDO1	2	1	HUMAN,PANTR
IDO2	2	1	HUMAN,PANTR
IDS	2	1	CANLF,HUMAN
IER2	2	1	HUMAN,PANTR
IER3	2	1	CANLF,HUMAN
IER5	3	3	CANLF,HUMAN,PANTR
IFFO1	2	1	HUMAN,PANTR
IFFO2	2	1	HUMAN,PANTR
IFI16	2	1	HUMAN,PANTR
IFI27	2	1	HUMAN,PANTR
IFI27L1	2	1	HUMAN,PANTR
IFI27L2	2	1	HUMAN,PANTR
IFI30	2	1	HUMAN,PANTR
IFI35	2	1	HUMAN,PANTR
IFI44	2	1	HUMAN,PANTR
IFI44L	2	1	HUMAN,PANTR
IFI6	2	1	HUMAN,PANTR
IFIH1	2	1	HUMAN,PANTR
IFIT1	2	1	HUMAN,PANTR
IFIT1B	2	1	HUMAN,PANTR
IFIT2	2	1	HUMAN,PANTR
IFIT3	3	3	CANLF,HUMAN,PANTR
IFIT5	2	1	HUMAN,PANTR
IFITM1	2	1	HUMAN,PANTR
IFITM10	2	1	CANLF,HUMAN
IFITM2	2	1	HUMAN,PANTR
IFITM3	2	1	HUMAN,PANTR
IFITM5	2	1	HUMAN,PANTR
IFNA14	2	1	HUMAN,PANTR
IFNA2	2	1	HUMAN,PANTR
IFNA21	2	1	HUMAN,PANTR
IFNA5	2	1	HUMAN,PANTR
IFNA6	2	1	HUMAN,PANTR
IFNA8	2	1	HUMAN,PANTR
IFNAR1	2	1	HUMAN,PANTR
IFNAR2	2	1	HUMAN,PANTR
IFNB1	2	1	HUMAN,PANTR
IFNE	2	1	HUMAN,PANTR
IFNGR1	2	1	HUMAN,PANTR
IFNGR2	2	1	HUMAN,PANTR
IFNK	3	3	CANLF,HUMAN,PANTR
IFNL1	2	1	HUMAN,PANTR
IFNLR1	2	1	HUMAN,PANTR
IFNW1	2	1	HUMAN,PANTR
IFRD1	2	1	HUMAN,PANTR
IFRD2	2	1	HUMAN,PANTR
IFT122	2	1	HUMAN,PANTR
IFT140	2	1	HUMAN,PANTR
IFT172	2	1	HUMAN,PANTR
IFT20	2	1	HUMAN,PANTR
IFT22	3	3	CANLF,HUMAN,PANTR
IFT27	2	1	HUMAN,PANTR
IFT43	2	1	HUMAN,PANTR
IFT46	2	1	HUMAN,PANTR
IFT52	2	1	HUMAN,PANTR
IFT57	2	1	HUMAN,PANTR
IFT74	2	1	HUMAN,PANTR
IFT80	2	1	HUMAN,PANTR
IFT81	2	1	HUMAN,PANTR
IFT88	2	1	HUMAN,PANTR
IFTAP	3	3	CANLF,HUMAN,PANTR
IGBP1	3	3	CANLF,HUMAN,PANTR
IGDCC3	2	1	HUMAN,PANTR
IGDCC4	2	1	HUMAN,PANTR
IGF1	2	1	HUMAN,PANTR
IGF1R	2	1	HUMAN,PANTR
IGF2	2	1	HUMAN,PANTR
IGF2BP1	2	1	HUMAN,PANTR
IGF2BP2	2	1	HUMAN,PANTR
IGF2BP3	2	1	HUMAN,PANTR
IGF2R	2	1	HUMAN,PANTR
IGFALS	3	3	CANLF,HUMAN,PANTR
IGFBP1	2	1	HUMAN,PANTR
IGFBP2	2	1	HUMAN,PANTR
IGFBP3	2	1	HUMAN,PANTR
IGFBP4	2	1	HUMAN,PANTR
IGFBP5	2	1	HUMAN,PANTR
IGFBP6	2	1	HUMAN,PANTR
IGFBP7	2	1	HUMAN,PANTR
IGFBPL1	2	1	HUMAN,PANTR
IGFL1	3	3	BOVIN,HUMAN,PANTR
IGFL2	2	1	HUMAN,PANTR
IGFL3	2	1	HUMAN,PANTR
IGFLR1	2	1	HUMAN,PANTR
IGFN1	2	1	HUMAN,PANTR
IGHMBP2	2	1	HUMAN,PANTR
IGIP	3	3	BOVIN,HUMAN,PANTR
IGLON5	2	1	HUMAN,PANTR
IGSF1	3	3	BOVIN,HUMAN,PANTR
IGSF10	3	3	BOVIN,HUMAN,PANTR
IGSF11	4	6	BOVIN,CANLF,HUMAN,PANTR
IGSF21	3	3	BOVIN,HUMAN,PANTR
IGSF22	2	1	HUMAN,PANTR
IGSF23	4	6	BOVIN,CANLF,HUMAN,PANTR
IGSF3	2	1	HUMAN,PANTR
IGSF5	3	3	CANLF,HUMAN,PANTR
IGSF6	2	1	HUMAN,PANTR
IGSF8	2	1	HUMAN,PANTR
IGSF9	2	1	HUMAN,PANTR
IGSF9B	2	1	HUMAN,PANTR
IHH	2	1	HUMAN,PANTR
IHO1	2	1	HUMAN,PANTR
IK	2	1	HUMAN,PANTR
IKBIP	4	6	BOVIN,CANLF,HUMAN,PANTR
IKBKB	3	3	CANLF,HUMAN,PANTR
IKBKE	2	1	HUMAN,PANTR
IKBKG	2	1	HUMAN,PANTR
IKZF1	2	1	HUMAN,PANTR
IKZF2	3	3	BOVIN,HUMAN,PANTR
IKZF3	2	1	HUMAN,PANTR
IKZF4	2	1	HUMAN,PANTR
IKZF5	2	1	HUMAN,PANTR
IL10	2	1	HUMAN,PANTR
IL10RA	2	1	HUMAN,PANTR
IL10RB	2	1	BOVIN,HUMAN
IL11	2	1	HUMAN,PANTR
IL11RA	2	1	HUMAN,PANTR
IL12A	2	1	HUMAN,PANTR
IL12B	2	1	HUMAN,PANTR
IL12RB1	2	1	HUMAN,PANTR
IL12RB2	2	1	HUMAN,PANTR
IL13	2	1	HUMAN,PANTR
IL13RA1	2	1	HUMAN,PANTR
IL13RA2	2	1	HUMAN,PANTR
IL15	2	1	HUMAN,PANTR
IL15RA	2	1	HUMAN,PANTR
IL16	3	3	BOVIN,HUMAN,PANTR
IL17A	2	1	HUMAN,PANTR
IL17B	2	1	HUMAN,PANTR
IL17C	2	1	HUMAN,PANTR
IL17D	2	1	HUMAN,PANTR
IL17F	2	1	HUMAN,PANTR
IL17RA	2	1	HUMAN,PANTR
IL17RB	2	1	HUMAN,PANTR
IL17RC	2	1	HUMAN,PANTR
IL17RD	2	1	HUMAN,PANTR
IL17RE	2	1	HUMAN,PANTR
IL17REL	3	3	BOVIN,HUMAN,PANTR
IL18	2	1	HUMAN,PANTR
IL18BP	2	1	HUMAN,PANTR
IL18R1	2	1	HUMAN,PANTR
IL18RAP	2	1	HUMAN,PANTR
IL19	2	1	HUMAN,PANTR
IL1A	2	1	HUMAN,PANTR
IL1B	2	1	HUMAN,PANTR
IL1F10	3	3	CANLF,HUMAN,PANTR
IL1R1	2	1	HUMAN,PANTR
IL1R2	2	1	HUMAN,PANTR
IL1RAP	2	1	HUMAN,PANTR
IL1RAPL1	2	1	HUMAN,PANTR
IL1RAPL2	2	1	HUMAN,PANTR
IL1RL2	2	1	HUMAN,PANTR
IL1RN	2	1	HUMAN,PANTR
IL2	2	1	HUMAN,PANTR
IL20	2	1	HUMAN,PANTR
IL20RA	2	1	HUMAN,PANTR
IL20RB	2	1	HUMAN,PANTR
IL21	2	1	HUMAN,PANTR
IL21R	2	1	HUMAN,PANTR
IL22	2	1	HUMAN,PANTR
IL22RA1	2	1	HUMAN,PANTR
IL22RA2	2	1	HUMAN,PANTR
IL23A	2	1	HUMAN,PANTR
IL23R	2	1	HUMAN,PANTR
IL24	2	1	HUMAN,PANTR
IL25	2	1	HUMAN,PANTR
IL26	2	1	HUMAN,PANTR
IL27	2	1	HUMAN,PANTR
IL27RA	3	3	CANLF,HUMAN,PANTR
IL2RA	3	3	BOVIN,HUMAN,PANTR
IL2RB	2	1	HUMAN,PANTR
IL2RG	2	1	HUMAN,PANTR
IL3	3	3	CANLF,HUMAN,PANTR
IL31	2	1	HUMAN,PANTR
IL31RA	2	1	HUMAN,PANTR
IL32	2	1	HUMAN,PANTR
IL33	2	1	HUMAN,PANTR
IL34	2	1	HUMAN,PANTR
IL36A	3	3	BOVIN,HUMAN,PANTR
IL36G	2	1	HUMAN,PANTR
IL36RN	2	1	HUMAN,PANTR
IL4	2	1	HUMAN,PANTR
IL4I1	2	1	HUMAN,PANTR
IL4R	2	1	HUMAN,PANTR
IL5	2	1	HUMAN,PANTR
IL5RA	2	1	HUMAN,PANTR
IL6	2	1	HUMAN,PANTR
IL6R	2	1	HUMAN,PANTR
IL6ST	2	1	HUMAN,PANTR
IL7	2	1	HUMAN,PANTR
IL7R	2	1	HUMAN,PANTR
IL9	2	1	HUMAN,PANTR
ILDR1	2	1	HUMAN,PANTR
ILDR2	2	1	HUMAN,PANTR
ILF2	2	1	HUMAN,PANTR
ILF3	2	1	HUMAN,PANTR
ILK	2	1	HUMAN,PANTR
ILKAP	2	1	HUMAN,PANTR
ILRUN	3	3	CANLF,HUMAN,PANTR
ILVBL	2	1	HUMAN,PANTR
IMMP1L	2	1	HUMAN,PANTR
IMMP2L	2	1	HUMAN,PANTR
IMMT	2	1	HUMAN,PANTR
IMP3	2	1	HUMAN,PANTR
IMP4	2	1	HUMAN,PANTR
IMPA1	2	1	HUMAN,PANTR
IMPA2	2	1	HUMAN,PANTR
IMPACT	2	1	HUMAN,PANTR
IMPDH1	2	1	HUMAN,PANTR
IMPDH2	2	1	HUMAN,PANTR
IMPG1	2	1	HUMAN,PANTR
IMPG2	2	1	HUMAN,PANTR
INA	2	1	HUMAN,PANTR
INAFM1	2	1	HUMAN,PANTR
INAVA	2	1	HUMAN,PANTR
INCA1	2	1	HUMAN,PANTR
INCENP	2	1	HUMAN,PANTR
INF2	2	1	HUMAN,PANTR
ING1	2	1	HUMAN,PANTR
ING2	2	1	HUMAN,PANTR
ING3	2	1	HUMAN,PANTR
ING5	2	1	HUMAN,PANTR
INHA	2	1	HUMAN,PANTR
INHBA	2	1	HUMAN,PANTR
INHBB	2	1	HUMAN,PANTR
INHBC	2	1	HUMAN,PANTR
INHBE	2	1	HUMAN,PANTR
INIP	2	1	HUMAN,PANTR
INKA1	2	1	HUMAN,PANTR
INKA2	2	1	HUMAN,PANTR
INMT	2	1	HUMAN,PANTR
INO80	2	1	HUMAN,PANTR
INO80C	2	1	HUMAN,PANTR
INO80D	2	1	HUMAN,PANTR
INO80E	2	1	HUMAN,PANTR
INPP1	2	1	HUMAN,PANTR
INPP4B	2	1	BOVIN,HUMAN
INPP5A	2	1	HUMAN,PANTR
INPP5B	2	1	HUMAN,PANTR
INPP5D	2	1	HUMAN,PANTR
INPP5E	2	1	HUMAN,PANTR
INPP5F	2	1	HUMAN,PANTR
INPP5J	3	3	BOVIN,HUMAN,PANTR
INPP5K	2	1	HUMAN,PANTR
INPPL1	2	1	HUMAN,PANTR
INS	3	3	BOVIN,HUMAN,PANTR
INSC	2	1	HUMAN,PANTR
INSIG1	2	1	HUMAN,PANTR
INSIG2	2	1	HUMAN,PANTR
INSL4	2	1	HUMAN,PANTR
INSL5	3	3	BOVIN,HUMAN,PANTR
INSL6	2	1	HUMAN,PANTR
INSM2	2	1	HUMAN,PANTR
INSR	2	1	HUMAN,PANTR
INSRR	2	1	HUMAN,PANTR
INSYN1	3	3	BOVIN,HUMAN,PANTR
INSYN2A	2	1	HUMAN,PANTR
INSYN2B	2	1	HUMAN,PANTR
INTS1	2	1	HUMAN,PANTR
INTS10	2	1	HUMAN,PANTR
INTS11	2	1	HUMAN,PANTR
INTS12	2	1	HUMAN,PANTR
INTS13	2	1	HUMAN,PANTR
INTS14	2	1	HUMAN,PANTR
INTS2	2	1	HUMAN,PANTR
INTS3	2	1	HUMAN,PANTR
INTS4	3	3	CANLF,HUMAN,PANTR
INTS5	2	1	HUMAN,PANTR
INTS6	2	1	HUMAN,PANTR
INTS6L	2	1	HUMAN,PANTR
INTS7	2	1	HUMAN,PANTR
INTS8	2	1	HUMAN,PANTR
INTS9	2	1	HUMAN,PANTR
INTU	2	1	HUMAN,PANTR
INVS	2	1	HUMAN,PANTR
IP6K1	2	1	HUMAN,PANTR
IP6K2	2	1	HUMAN,PANTR
IP6K3	2	1	HUMAN,PANTR
IPCEF1	2	1	HUMAN,PANTR
IPMK	2	1	HUMAN,PANTR
IPO11	2	1	HUMAN,PANTR
IPO13	2	1	HUMAN,PANTR
IPO4	2	1	HUMAN,PANTR
IPO5	2	1	HUMAN,PANTR
IPO7	2	1	HUMAN,PANTR
IPO8	2	1	HUMAN,PANTR
IPO9	2	1	HUMAN,PANTR
IPPK	3	3	BOVIN,HUMAN,PANTR
IQCA1	2	1	HUMAN,PANTR
IQCB1	2	1	HUMAN,PANTR
IQCC	2	1	HUMAN,PANTR
IQCD	3	3	CANLF,HUMAN,PANTR
IQCE	2	1	HUMAN,PANTR
IQCF1	2	1	HUMAN,PANTR
IQCF2	2	1	HUMAN,PANTR
IQCF3	2	1	HUMAN,PANTR
IQCF5	2	1	HUMAN,PANTR
IQCF6	3	3	CANLF,HUMAN,PANTR
IQCG	2	1	HUMAN,PANTR
IQCH	2	1	HUMAN,PANTR
IQCJ	3	3	BOVIN,HUMAN,PANTR
IQCK	3	3	CANLF,HUMAN,PANTR
IQCM	3	3	CANLF,HUMAN,PANTR
IQCN	3	3	CANLF,HUMAN,PANTR
IQGAP1	2	1	HUMAN,PANTR
IQGAP2	2	1	HUMAN,PANTR
IQGAP3	3	3	CANLF,HUMAN,PANTR
IQSEC1	2	1	HUMAN,PANTR
IQSEC2	2	1	HUMAN,PANTR
IQSEC3	3	3	BOVIN,HUMAN,PANTR
IQUB	2	1	HUMAN,PANTR
IRAG2	2	1	HUMAN,PANTR
IRAK1	2	1	HUMAN,PANTR
IRAK1BP1	2	1	HUMAN,PANTR
IRAK2	2	1	HUMAN,PANTR
IRAK3	3	3	CANLF,HUMAN,PANTR
IRAK4	2	1	HUMAN,PANTR
IREB2	2	1	HUMAN,PANTR
IRF1	2	1	HUMAN,PANTR
IRF2	2	1	HUMAN,PANTR
IRF2BP1	2	1	HUMAN,PANTR
IRF2BP2	3	3	CANLF,HUMAN,PANTR
IRF3	3	3	CANLF,HUMAN,PANTR
IRF4	2	1	HUMAN,PANTR
IRF5	2	1	HUMAN,PANTR
IRF6	2	1	HUMAN,PANTR
IRF7	2	1	HUMAN,PANTR
IRF8	2	1	HUMAN,PANTR
IRF9	2	1	HUMAN,PANTR
IRGC	2	1	HUMAN,PANTR
IRGM	2	1	HUMAN,PANTR
IRGQ	2	1	HUMAN,PANTR
IRS1	2	1	HUMAN,PANTR
IRS2	2	1	HUMAN,PANTR
IRX1	2	1	HUMAN,PANTR
IRX2	2	1	HUMAN,PANTR
IRX3	2	1	HUMAN,PANTR
IRX4	3	3	CANLF,HUMAN,PANTR
IRX5	3	3	CANLF,HUMAN,PANTR
IRX6	2	1	HUMAN,PANTR
ISCA1	2	1	BOVIN,HUMAN
ISCA2	2	1	HUMAN,PANTR
ISG20	2	1	HUMAN,PANTR
ISG20L2	2	1	HUMAN,PANTR
ISL1	2	1	HUMAN,PANTR
ISL2	2	1	HUMAN,PANTR
ISLR	2	1	HUMAN,PANTR
ISLR2	2	1	CANLF,HUMAN
ISM1	2	1	HUMAN,PANTR
ISM2	2	1	HUMAN,PANTR
ISOC1	2	1	HUMAN,PANTR
ISOC2	2	1	HUMAN,PANTR
IST1	2	1	HUMAN,PANTR
ISX	2	1	HUMAN,PANTR
ISY1	2	1	HUMAN,PANTR
ISYNA1	2	1	HUMAN,PANTR
ITCH	2	1	HUMAN,PANTR
ITFG1	2	1	HUMAN,PANTR
ITFG2	2	1	HUMAN,PANTR
ITGA1	2	1	HUMAN,PANTR
ITGA10	2	1	HUMAN,PANTR
ITGA11	2	1	HUMAN,PANTR
ITGA2	2	1	HUMAN,PANTR
ITGA2B	2	1	HUMAN,PANTR
ITGA3	2	1	HUMAN,PANTR
ITGA4	2	1	HUMAN,PANTR
ITGA5	2	1	HUMAN,PANTR
ITGA6	2	1	HUMAN,PANTR
ITGA7	3	3	BOVIN,HUMAN,PANTR
ITGA8	2	1	HUMAN,PANTR
ITGA9	2	1	HUMAN,PANTR
ITGAD	2	1	HUMAN,PANTR
ITGAE	2	1	HUMAN,PANTR
ITGAL	2	1	HUMAN,PANTR
ITGAM	2	1	HUMAN,PANTR
ITGAV	2	1	HUMAN,PANTR
ITGAX	2	1	HUMAN,PANTR
ITGB1	2	1	HUMAN,PANTR
ITGB1BP1	2	1	HUMAN,PANTR
ITGB1BP2	2	1	HUMAN,PANTR
ITGB2	2	1	HUMAN,PANTR
ITGB3BP	3	3	CANLF,HUMAN,PANTR
ITGB4	2	1	HUMAN,PANTR
ITGB5	2	1	HUMAN,PANTR
ITGB6	2	1	HUMAN,PANTR
ITGB7	2	1	HUMAN,PANTR
ITGB8	2	1	HUMAN,PANTR
ITGBL1	3	3	BOVIN,HUMAN,PANTR
ITIH1	2	1	HUMAN,PANTR
ITIH2	2	1	HUMAN,PANTR
ITIH3	2	1	HUMAN,PANTR
ITIH4	2	1	HUMAN,PANTR
ITIH5	2	1	HUMAN,PANTR
ITIH6	2	1	HUMAN,PANTR
ITK	2	1	HUMAN,PANTR
ITLN1	2	1	HUMAN,PANTR
ITLN2	2	1	HUMAN,PANTR
ITM2A	2	1	HUMAN,PANTR
ITM2B	2	1	HUMAN,PANTR
ITM2C	2	1	HUMAN,PANTR
ITPA	2	1	HUMAN,PANTR
ITPK1	2	1	HUMAN,PANTR
ITPKA	2	1	HUMAN,PANTR
ITPKB	2	1	HUMAN,PANTR
ITPKC	2	1	HUMAN,PANTR
ITPR1	2	1	HUMAN,PANTR
ITPR2	2	1	HUMAN,PANTR
ITPR3	2	1	HUMAN,PANTR
ITPRID1	2	1	HUMAN,PANTR
ITPRID2	2	1	HUMAN,PANTR
ITPRIP	2	1	HUMAN,PANTR
ITPRIPL1	2	1	HUMAN,PANTR
ITPRIPL2	2	1	HUMAN,PANTR
ITSN1	2	1	HUMAN,PANTR
ITSN2	2	1	HUMAN,PANTR
IVD	2	1	HUMAN,PANTR
IVL	2	1	HUMAN,PANTR
IVNS1ABP	2	1	HUMAN,PANTR
IWS1	2	1	HUMAN,PANTR
IYD	2	1	HUMAN,PANTR
IZUMO1	3	3	BOVIN,HUMAN,PANTR
IZUMO1R	3	3	CANLF,HUMAN,PANTR
IZUMO2	2	1	HUMAN,PANTR
IZUMO3	2	1	HUMAN,PANTR
IZUMO4	2	1	HUMAN,PANTR
JADE1	2	1	HUMAN,PANTR
JADE2	2	1	HUMAN,PANTR
JADE3	2	1	HUMAN,PANTR
JAG1	2	1	HUMAN,PANTR
JAG2	2	1	HUMAN,PANTR
JAGN1	2	1	HUMAN,PANTR
JAK1	2	1	HUMAN,PANTR
JAK2	2	1	HUMAN,PANTR
JAK3	2	1	HUMAN,PANTR
JAKMIP1	2	1	HUMAN,PANTR
JAKMIP2	2	1	HUMAN,PANTR
JAKMIP3	2	1	HUMAN,PANTR
JAM2	3	3	CANLF,HUMAN,PANTR
JAM3	3	3	CANLF,HUMAN,PANTR
JAML	2	1	HUMAN,PANTR
JARID2	2	1	HUMAN,PANTR
JAZF1	2	1	HUMAN,PANTR
JCAD	3	3	BOVIN,HUMAN,PANTR
JCHAIN	2	1	HUMAN,PANTR
JDP2	2	1	HUMAN,PANTR
JHY	2	1	HUMAN,PANTR
JKAMP	2	1	HUMAN,PANTR
JMJD1C	2	1	HUMAN,PANTR
JMJD4	2	1	HUMAN,PANTR
JMJD6	2	1	HUMAN,PANTR
JMJD7	2	1	BOVIN,HUMAN
JMJD8	2	1	HUMAN,PANTR
JMY	2	1	HUMAN,PANTR
JOSD1	2	1	HUMAN,PANTR
JOSD2	2	1	HUMAN,PANTR
JPH1	2	1	HUMAN,PANTR
JPH2	3	3	CANLF,HUMAN,PANTR
JPH3	2	1	HUMAN,PANTR
JPH4	2	1	HUMAN,PANTR
JPT1	4	6	BOVIN,CANLF,HUMAN,PANTR
JPT2	2	1	HUMAN,PANTR
JRK	2	1	HUMAN,PANTR
JSRP1	2	1	HUMAN,PANTR
JUNB	2	1	HUMAN,PANTR
JUND	2	1	HUMAN,PANTR
JUP	2	1	HUMAN,PANTR
KALRN	2	1	HUMAN,PANTR
KANK1	3	3	BOVIN,CANLF,HUMAN
KANK2	2	1	HUMAN,PANTR
KANK3	2	1	HUMAN,PANTR
KANK4	3	3	BOVIN,HUMAN,PANTR
KANSL1	3	3	CANLF,HUMAN,PANTR
KANSL1L	2	1	HUMAN,PANTR
KANSL2	2	1	HUMAN,PANTR
KANSL3	2	1	HUMAN,PANTR
KARS1	2	1	HUMAN,PANTR
KASH5	2	1	HUMAN,PANTR
KAT14	2	1	HUMAN,PANTR
KAT2A	2	1	HUMAN,PANTR
KAT2B	2	1	HUMAN,PANTR
KAT5	2	1	HUMAN,PANTR
KAT6A	2	1	HUMAN,PANTR
KAT6B	2	1	HUMAN,PANTR
KAT7	2	1	HUMAN,PANTR
KAT8	2	1	HUMAN,PANTR
KATNA1	2	1	HUMAN,PANTR
KATNAL1	2	1	HUMAN,PANTR
KATNAL2	2	1	HUMAN,PANTR
KATNB1	3	3	CANLF,HUMAN,PANTR
KATNBL1	2	1	HUMAN,PANTR
KATNIP	2	1	HUMAN,PANTR
KAZALD1	2	1	HUMAN,PANTR
KAZN	2	1	HUMAN,PANTR
KBTBD11	2	1	HUMAN,PANTR
KBTBD12	2	1	HUMAN,PANTR
KBTBD13	2	1	HUMAN,PANTR
KBTBD2	2	1	HUMAN,PANTR
KBTBD3	2	1	HUMAN,PANTR
KBTBD4	2	1	HUMAN,PANTR
KBTBD6	4	6	BOVIN,CANLF,HUMAN,PANTR
KBTBD7	3	3	BOVIN,HUMAN,PANTR
KBTBD8	2	1	HUMAN,PANTR
KCMF1	2	1	HUMAN,PANTR
KCNA1	2	1	HUMAN,PANTR
KCNA10	2	1	HUMAN,PANTR
KCNA3	2	1	HUMAN,PANTR
KCNA5	2	1	HUMAN,PANTR
KCNA6	4	6	BOVIN,CANLF,HUMAN,PANTR
KCNA7	2	1	HUMAN,PANTR
KCNAB1	2	1	HUMAN,PANTR
KCNAB2	2	1	HUMAN,PANTR
KCNAB3	3	3	CANLF,HUMAN,PANTR
KCNB1	2	1	HUMAN,PANTR
KCNB2	2	1	HUMAN,PANTR
KCNC1	2	1	HUMAN,PANTR
KCNC2	2	1	HUMAN,PANTR
KCNC3	2	1	BOVIN,HUMAN
KCNC4	2	1	HUMAN,PANTR
KCND1	2	1	HUMAN,PANTR
KCND2	2	1	HUMAN,PANTR
KCND3	2	1	HUMAN,PANTR
KCNE2	2	1	HUMAN,PANTR
KCNE3	2	1	HUMAN,PANTR
KCNE4	3	3	CANLF,HUMAN,PANTR
KCNE5	2	1	HUMAN,PANTR
KCNF1	2	1	HUMAN,PANTR
KCNG1	2	1	HUMAN,PANTR
KCNG2	2	1	HUMAN,PANTR
KCNG3	2	1	HUMAN,PANTR
KCNG4	2	1	HUMAN,PANTR
KCNH1	3	3	CANLF,HUMAN,PANTR
KCNH2	2	1	HUMAN,PANTR
KCNH3	2	1	HUMAN,PANTR
KCNH4	2	1	HUMAN,PANTR
KCNH5	2	1	HUMAN,PANTR
KCNH6	2	1	HUMAN,PANTR
KCNH7	2	1	HUMAN,PANTR
KCNH8	2	1	HUMAN,PANTR
KCNIP1	2	1	HUMAN,PANTR
KCNIP2	2	1	HUMAN,PANTR
KCNIP3	3	3	BOVIN,HUMAN,PANTR
KCNIP4	2	1	HUMAN,PANTR
KCNJ11	2	1	HUMAN,PANTR
KCNJ13	2	1	HUMAN,PANTR
KCNJ14	2	1	HUMAN,PANTR
KCNJ15	2	1	HUMAN,PANTR
KCNJ16	2	1	HUMAN,PANTR
KCNJ2	2	1	HUMAN,PANTR
KCNJ3	2	1	HUMAN,PANTR
KCNJ4	2	1	HUMAN,PANTR
KCNJ5	2	1	HUMAN,PANTR
KCNJ6	3	3	BOVIN,HUMAN,PANTR
KCNJ8	2	1	HUMAN,PANTR
KCNJ9	2	1	HUMAN,PANTR
KCNK1	3	3	CANLF,HUMAN,PANTR
KCNK10	2	1	HUMAN,PANTR
KCNK12	2	1	HUMAN,PANTR
KCNK13	3	3	CANLF,HUMAN,PANTR
KCNK15	2	1	HUMAN,PANTR
KCNK16	2	1	HUMAN,PANTR
KCNK17	2	1	HUMAN,PANTR
KCNK18	2	1	HUMAN,PANTR
KCNK2	2	1	HUMAN,PANTR
KCNK3	2	1	HUMAN,PANTR
KCNK4	2	1	HUMAN,PANTR
KCNK5	2	1	HUMAN,PANTR
KCNK6	2	1	HUMAN,PANTR
KCNK7	2	1	HUMAN,PANTR
KCNK9	2	1	HUMAN,PANTR
KCNMA1	2	1	HUMAN,PANTR
KCNMB1	2	1	HUMAN,PANTR
KCNMB2	3	3	CANLF,HUMAN,PANTR
KCNMB3	2	1	HUMAN,PANTR
KCNMB4	2	1	HUMAN,PANTR
KCNN1	2	1	HUMAN,PANTR
KCNN2	2	1	HUMAN,PANTR
KCNN3	2	1	HUMAN,PANTR
KCNN4	2	1	HUMAN,PANTR
KCNQ1	2	1	CANLF,HUMAN
KCNQ2	2	1	HUMAN,PANTR
KCNQ3	2	1	HUMAN,PANTR
KCNQ4	2	1	HUMAN,PANTR
KCNQ5	3	3	BOVIN,HUMAN,PANTR
KCNRG	2	1	HUMAN,PANTR
KCNS1	2	1	HUMAN,PANTR
KCNS2	2	1	HUMAN,PANTR
KCNS3	2	1	HUMAN,PANTR
KCNT1	2	1	HUMAN,PANTR
KCNT2	2	1	HUMAN,PANTR
KCNU1	2	1	HUMAN,PANTR
KCNV1	2	1	HUMAN,PANTR
KCNV2	2	1	HUMAN,PANTR
KCP	3	3	BOVIN,HUMAN,PANTR
KCTD1	3	3	CANLF,HUMAN,PANTR
KCTD11	2	1	HUMAN,PANTR
KCTD13	2	1	HUMAN,PANTR
KCTD14	3	3	CANLF,HUMAN,PANTR
KCTD15	2	1	HUMAN,PANTR
KCTD16	3	3	CANLF,HUMAN,PANTR
KCTD17	3	3	CANLF,HUMAN,PANTR
KCTD18	3	3	CANLF,HUMAN,PANTR
KCTD19	2	1	HUMAN,PANTR
KCTD2	2	1	HUMAN,PANTR
KCTD20	2	1	HUMAN,PANTR
KCTD21	3	3	CANLF,HUMAN,PANTR
KCTD3	2	1	HUMAN,PANTR
KCTD4	2	1	HUMAN,PANTR
KCTD5	2	1	HUMAN,PANTR
KCTD6	2	1	HUMAN,PANTR
KCTD8	2	1	HUMAN,PANTR
KCTD9	2	1	HUMAN,PANTR
KDELR1	3	3	BOVIN,HUMAN,PANTR
KDELR2	2	1	HUMAN,PANTR
KDELR3	2	1	HUMAN,PANTR
KDF1	2	1	HUMAN,PANTR
KDM1A	2	1	HUMAN,PANTR
KDM1B	2	1	HUMAN,PANTR
KDM2A	3	3	BOVIN,HUMAN,PANTR
KDM2B	2	1	HUMAN,PANTR
KDM3A	2	1	HUMAN,PANTR
KDM3B	2	1	HUMAN,PANTR
KDM4A	2	1	HUMAN,PANTR
KDM4B	2	1	HUMAN,PANTR
KDM4C	2	1	HUMAN,PANTR
KDM4D	2	1	HUMAN,PANTR
KDM4E	2	1	HUMAN,PANTR
KDM5A	2	1	HUMAN,PANTR
KDM5B	2	1	HUMAN,PANTR
KDM5C	2	1	HUMAN,PANTR
KDM5D	2	1	HUMAN,PANTR
KDM6A	4	6	BOVIN,CANLF,HUMAN,PANTR
KDM6B	2	1	HUMAN,PANTR
KDM7A	3	3	CANLF,HUMAN,PANTR
KDM8	2	1	HUMAN,PANTR
KDR	2	1	HUMAN,PANTR
KDSR	3	3	CANLF,HUMAN,PANTR
KEAP1	2	1	HUMAN,PANTR
KEL	4	6	BOVIN,CANLF,HUMAN,PANTR
KERA	2	1	HUMAN,PANTR
KHDC3L	2	1	CANLF,HUMAN
KHDC4	2	1	HUMAN,PANTR
KHDRBS1	2	1	HUMAN,PANTR
KHDRBS2	2	1	HUMAN,PANTR
KHDRBS3	2	1	HUMAN,PANTR
KHK	2	1	HUMAN,PANTR
KHNYN	2	1	HUMAN,PANTR
KHSRP	2	1	HUMAN,PANTR
KIAA0040	3	3	CANLF,HUMAN,PANTR
KIAA0100	2	1	HUMAN,PANTR
KIAA0232	2	1	HUMAN,PANTR
KIAA0319	2	1	HUMAN,PANTR
KIAA0319L	2	1	HUMAN,PANTR
KIAA0408	2	1	HUMAN,PANTR
KIAA0513	2	1	HUMAN,PANTR
KIAA0586	2	1	HUMAN,PANTR
KIAA0753	2	1	HUMAN,PANTR
KIAA0825	2	1	HUMAN,PANTR
KIAA0895	2	1	HUMAN,PANTR
KIAA0895L	2	1	HUMAN,PANTR
KIAA0930	2	1	HUMAN,PANTR
KIAA1107	2	1	HUMAN,PANTR
KIAA1109	2	1	HUMAN,PANTR
KIAA1143	2	1	HUMAN,PANTR
KIAA1191	2	1	HUMAN,PANTR
KIAA1210	2	1	HUMAN,PANTR
KIAA1217	2	1	HUMAN,PANTR
KIAA1328	2	1	HUMAN,PANTR
KIAA1522	2	1	HUMAN,PANTR
KIAA1549	2	1	HUMAN,PANTR
KIAA1549L	2	1	HUMAN,PANTR
KIAA1586	2	1	HUMAN,PANTR
KIAA1614	2	1	HUMAN,PANTR
KIAA1671	2	1	HUMAN,PANTR
KIAA1755	2	1	HUMAN,PANTR
KIAA1958	2	1	HUMAN,PANTR
KIAA2012	2	1	HUMAN,PANTR
KIAA2013	3	3	CANLF,HUMAN,PANTR
KIAA2026	3	3	BOVIN,HUMAN,PANTR
KICS2	3	3	BOVIN,HUMAN,PANTR
KIDINS220	2	1	HUMAN,PANTR
KIF11	2	1	HUMAN,PANTR
KIF12	2	1	HUMAN,PANTR
KIF13A	3	3	BOVIN,HUMAN,PANTR
KIF13B	2	1	HUMAN,PANTR
KIF14	2	1	HUMAN,PANTR
KIF15	2	1	HUMAN,PANTR
KIF16B	2	1	HUMAN,PANTR
KIF17	2	1	HUMAN,PANTR
KIF18A	2	1	HUMAN,PANTR
KIF18B	2	1	HUMAN,PANTR
KIF19	2	1	HUMAN,PANTR
KIF1A	2	1	HUMAN,PANTR
KIF1B	2	1	HUMAN,PANTR
KIF1C	2	1	HUMAN,PANTR
KIF20A	2	1	HUMAN,PANTR
KIF20B	2	1	HUMAN,PANTR
KIF21A	2	1	HUMAN,PANTR
KIF21B	2	1	HUMAN,PANTR
KIF22	2	1	HUMAN,PANTR
KIF23	4	6	BOVIN,CANLF,HUMAN,PANTR
KIF24	2	1	HUMAN,PANTR
KIF25	3	3	CANLF,HUMAN,PANTR
KIF26A	4	6	BOVIN,CANLF,HUMAN,PANTR
KIF26B	2	1	HUMAN,PANTR
KIF27	2	1	HUMAN,PANTR
KIF2A	2	1	HUMAN,PANTR
KIF2B	3	3	CANLF,HUMAN,PANTR
KIF2C	2	1	HUMAN,PANTR
KIF3A	2	1	HUMAN,PANTR
KIF3B	2	1	HUMAN,PANTR
KIF3C	2	1	HUMAN,PANTR
KIF4A	2	1	HUMAN,PANTR
KIF5A	2	1	HUMAN,PANTR
KIF5B	2	1	HUMAN,PANTR
KIF5C	2	1	HUMAN,PANTR
KIF6	2	1	HUMAN,PANTR
KIF9	2	1	HUMAN,PANTR
KIFAP3	2	1	HUMAN,PANTR
KIFBP	2	1	HUMAN,PANTR
KIFC1	2	1	HUMAN,PANTR
KIFC2	2	1	HUMAN,PANTR
KIFC3	2	1	HUMAN,PANTR
KIN	3	3	BOVIN,HUMAN,PANTR
KIRREL1	2	1	HUMAN,PANTR
KIRREL3	2	1	HUMAN,PANTR
KISS1R	2	1	HUMAN,PANTR
KIT	2	1	HUMAN,PANTR
KITLG	2	1	HUMAN,PANTR
KIZ	2	1	HUMAN,PANTR
KL	2	1	HUMAN,PANTR
KLB	2	1	HUMAN,PANTR
KLC1	2	1	HUMAN,PANTR
KLC2	2	1	HUMAN,PANTR
KLC3	2	1	HUMAN,PANTR
KLC4	2	1	HUMAN,PANTR
KLF1	2	1	HUMAN,PANTR
KLF10	2	1	HUMAN,PANTR
KLF11	2	1	HUMAN,PANTR
KLF12	2	1	HUMAN,PANTR
KLF13	2	1	HUMAN,PANTR
KLF14	2	1	HUMAN,PANTR
KLF15	2	1	HUMAN,PANTR
KLF17	2	1	HUMAN,PANTR
KLF2	2	1	HUMAN,PANTR
KLF3	2	1	HUMAN,PANTR
KLF4	2	1	HUMAN,PANTR
KLF5	2	1	HUMAN,PANTR
KLF6	4	6	BOVIN,CANLF,HUMAN,PANTR
KLF7	3	3	BOVIN,HUMAN,PANTR
KLF8	2	1	HUMAN,PANTR
KLF9	3	3	CANLF,HUMAN,PANTR
KLHDC1	2	1	HUMAN,PANTR
KLHDC10	2	1	HUMAN,PANTR
KLHDC2	2	1	HUMAN,PANTR
KLHDC3	2	1	HUMAN,PANTR
KLHDC4	2	1	HUMAN,PANTR
KLHDC7A	2	1	HUMAN,PANTR
KLHDC7B	2	1	HUMAN,PANTR
KLHDC8A	2	1	HUMAN,PANTR
KLHDC8B	2	1	HUMAN,PANTR
KLHDC9	3	3	CANLF,HUMAN,PANTR
KLHL1	3	3	BOVIN,HUMAN,PANTR
KLHL10	2	1	HUMAN,PANTR
KLHL11	2	1	HUMAN,PANTR
KLHL12	2	1	HUMAN,PANTR
KLHL14	2	1	HUMAN,PANTR
KLHL15	2	1	HUMAN,PANTR
KLHL17	2	1	HUMAN,PANTR
KLHL18	2	1	HUMAN,PANTR
KLHL2	2	1	HUMAN,PANTR
KLHL20	2	1	HUMAN,PANTR
KLHL21	2	1	HUMAN,PANTR
KLHL22	2	1	HUMAN,PANTR
KLHL23	4	6	BOVIN,CANLF,HUMAN,PANTR
KLHL24	2	1	HUMAN,PANTR
KLHL25	2	1	HUMAN,PANTR
KLHL26	2	1	HUMAN,PANTR
KLHL28	2	1	HUMAN,PANTR
KLHL29	2	1	HUMAN,PANTR
KLHL3	2	1	HUMAN,PANTR
KLHL30	2	1	HUMAN,PANTR
KLHL31	2	1	HUMAN,PANTR
KLHL32	3	3	BOVIN,HUMAN,PANTR
KLHL33	2	1	HUMAN,PANTR
KLHL34	2	1	HUMAN,PANTR
KLHL35	2	1	HUMAN,PANTR
KLHL36	2	1	HUMAN,PANTR
KLHL38	2	1	HUMAN,PANTR
KLHL4	2	1	HUMAN,PANTR
KLHL40	3	3	CANLF,HUMAN,PANTR
KLHL41	2	1	HUMAN,PANTR
KLHL42	2	1	HUMAN,PANTR
KLHL5	2	1	HUMAN,PANTR
KLHL6	2	1	HUMAN,PANTR
KLHL7	2	1	HUMAN,PANTR
KLHL8	2	1	HUMAN,PANTR
KLHL9	2	1	HUMAN,PANTR
KLK1	3	3	BOVIN,HUMAN,PANTR
KLK10	2	1	HUMAN,PANTR
KLK11	2	1	HUMAN,PANTR
KLK12	2	1	HUMAN,PANTR
KLK13	2	1	HUMAN,PANTR
KLK15	2	1	HUMAN,PANTR
KLK2	2	1	HUMAN,PANTR
KLK3	2	1	HUMAN,PANTR
KLK4	2	1	HUMAN,PANTR
KLK5	2	1	HUMAN,PANTR
KLK6	3	3	CANLF,HUMAN,PANTR
KLK7	2	1	HUMAN,PANTR
KLK8	2	1	HUMAN,PANTR
KLKB1	2	1	HUMAN,PANTR
KLLN	2	1	HUMAN,PANTR
KLRB1	2	1	HUMAN,PANTR
KLRC1	2	1	HUMAN,PANTR
KLRD1	2	1	HUMAN,PANTR
KLRF1	2	1	HUMAN,PANTR
KLRF2	2	1	HUMAN,PANTR
KLRG1	2	1	HUMAN,PANTR
KLRG2	2	1	HUMAN,PANTR
KLRK1	2	1	HUMAN,PANTR
KMO	2	1	HUMAN,PANTR
KMT2A	2	1	HUMAN,PANTR
KMT2B	2	1	HUMAN,PANTR
KMT2D	2	1	HUMAN,PANTR
KMT2E	2	1	HUMAN,PANTR
KMT5A	3	3	BOVIN,HUMAN,PANTR
KMT5B	2	1	HUMAN,PANTR
KMT5C	2	1	HUMAN,PANTR
KNCN	2	1	HUMAN,PANTR
KNDC1	2	1	HUMAN,PANTR
KNG1	4	6	BOVIN,CANLF,HUMAN,PANTR
KNL1	2	1	HUMAN,PANTR
KNOP1	2	1	HUMAN,PANTR
KNSTRN	3	3	BOVIN,CANLF,HUMAN
KNTC1	2	1	HUMAN,PANTR
KPNA1	2	1	HUMAN,PANTR
KPNA3	2	1	HUMAN,PANTR
KPNA4	2	1	HUMAN,PANTR
KPNA5	2	1	HUMAN,PANTR
KPNA6	2	1	HUMAN,PANTR
KPNA7	2	1	HUMAN,PANTR
KPNB1	2	1	HUMAN,PANTR
KPRP	2	1	HUMAN,PANTR
KPTN	2	1	HUMAN,PANTR
KRAS	2	1	HUMAN,PANTR
KRBA1	2	1	HUMAN,PANTR
KRBA2	3	3	CANLF,HUMAN,PANTR
KRCC1	2	1	HUMAN,PANTR
KREMEN1	3	3	BOVIN,HUMAN,PANTR
KREMEN2	2	1	HUMAN,PANTR
KRI1	2	1	HUMAN,PANTR
KRIT1	2	1	HUMAN,PANTR
KRR1	2	1	HUMAN,PANTR
KRT1	2	1	HUMAN,PANTR
KRT10	2	1	HUMAN,PANTR
KRT12	2	1	HUMAN,PANTR
KRT13	2	1	HUMAN,PANTR
KRT14	4	6	BOVIN,CANLF,HUMAN,PANTR
KRT15	3	3	BOVIN,HUMAN,PANTR
KRT16	3	3	BOVIN,HUMAN,PANTR
KRT17	3	3	BOVIN,HUMAN,PANTR
KRT18	2	1	HUMAN,PANTR
KRT19	2	1	HUMAN,PANTR
KRT2	2	1	HUMAN,PANTR
KRT20	3	3	BOVIN,HUMAN,PANTR
KRT222	4	6	BOVIN,CANLF,HUMAN,PANTR
KRT23	2	1	HUMAN,PANTR
KRT24	2	1	HUMAN,PANTR
KRT25	2	1	HUMAN,PANTR
KRT26	2	1	HUMAN,PANTR
KRT27	3	3	CANLF,HUMAN,PANTR
KRT28	2	1	HUMAN,PANTR
KRT3	3	3	BOVIN,HUMAN,PANTR
KRT31	4	6	BOVIN,CANLF,HUMAN,PANTR
KRT32	3	3	CANLF,HUMAN,PANTR
KRT33A	4	6	BOVIN,CANLF,HUMAN,PANTR
KRT33B	4	6	BOVIN,CANLF,HUMAN,PANTR
KRT34	4	6	BOVIN,CANLF,HUMAN,PANTR
KRT35	2	1	HUMAN,PANTR
KRT36	2	1	HUMAN,PANTR
KRT37	4	6	BOVIN,CANLF,HUMAN,PANTR
KRT38	3	3	CANLF,HUMAN,PANTR
KRT39	2	1	HUMAN,PANTR
KRT4	2	1	HUMAN,PANTR
KRT40	2	1	HUMAN,PANTR
KRT41P	2	1	CANLF,PANTR
KRT5	2	1	BOVIN,HUMAN
KRT6A	2	1	HUMAN,PANTR
KRT7	2	1	HUMAN,PANTR
KRT71	2	1	HUMAN,PANTR
KRT72	2	1	HUMAN,PANTR
KRT73	2	1	HUMAN,PANTR
KRT74	2	1	HUMAN,PANTR
KRT75	3	3	CANLF,HUMAN,PANTR
KRT76	2	1	HUMAN,PANTR
KRT77	3	3	BOVIN,HUMAN,PANTR
KRT78	2	1	HUMAN,PANTR
KRT79	2	1	HUMAN,PANTR
KRT8	3	3	BOVIN,HUMAN,PANTR
KRT80	2	1	HUMAN,PANTR
KRT81	3	3	BOVIN,HUMAN,PANTR
KRT82	2	1	HUMAN,PANTR
KRT83	3	3	BOVIN,HUMAN,PANTR
KRT84	2	1	HUMAN,PANTR
KRT85	4	6	BOVIN,CANLF,HUMAN,PANTR
KRT86	3	3	BOVIN,HUMAN,PANTR
KRT9	2	1	HUMAN,PANTR
KRTAP1-4	2	1	HUMAN,PANTR
KRTAP10-11	2	1	HUMAN,PANTR
KRTAP10-2	2	1	HUMAN,PANTR
KRTAP11-1	2	1	HUMAN,PANTR
KRTAP12-3	2	1	HUMAN,PANTR
KRTAP13-2	2	1	HUMAN,PANTR
KRTAP16-1	2	1	HUMAN,PANTR
KRTAP17-1	2	1	HUMAN,PANTR
KRTAP20-1	2	1	HUMAN,PANTR
KRTAP24-1	2	1	HUMAN,PANTR
KRTAP25-1	2	1	HUMAN,PANTR
KRTAP26-1	2	1	HUMAN,PANTR
KRTAP27-1	2	1	HUMAN,PANTR
KRTAP29-1	2	1	HUMAN,PANTR
KRTAP3-1	2	1	HUMAN,PANTR
KRTAP4-2	2	1	HUMAN,PANTR
KRTAP4-3	2	1	HUMAN,PANTR
KRTAP4-5	2	1	HUMAN,PANTR
KRTAP5-11	2	1	HUMAN,PANTR
KRTAP5-3	2	1	HUMAN,PANTR
KRTAP6-2	2	1	HUMAN,PANTR
KRTAP6-3	2	1	HUMAN,PANTR
KRTAP7-1	2	1	CANLF,HUMAN
KRTAP9-1	2	1	HUMAN,PANTR
KRTCAP2	2	1	HUMAN,PANTR
KRTCAP3	2	1	HUMAN,PANTR
KRTDAP	2	1	HUMAN,PANTR
KSR1	2	1	HUMAN,PANTR
KSR2	2	1	HUMAN,PANTR
KTN1	2	1	HUMAN,PANTR
KXD1	2	1	HUMAN,PANTR
KY	2	1	HUMAN,PANTR
KYAT1	2	1	HUMAN,PANTR
KYAT3	2	1	HUMAN,PANTR
KYNU	2	1	HUMAN,PANTR
L1CAM	2	1	HUMAN,PANTR
L1TD1	2	1	HUMAN,PANTR
L2HGDH	3	3	CANLF,HUMAN,PANTR
L3HYPDH	2	1	HUMAN,PANTR
L3MBTL1	3	3	CANLF,HUMAN,PANTR
L3MBTL2	2	1	HUMAN,PANTR
L3MBTL3	3	3	CANLF,HUMAN,PANTR
L3MBTL4	2	1	HUMAN,PANTR
LACC1	2	1	HUMAN,PANTR
LACRT	2	1	HUMAN,PANTR
LACTB	2	1	HUMAN,PANTR
LACTB2	2	1	HUMAN,PANTR
LACTBL1	3	3	CANLF,HUMAN,PANTR
LAD1	2	1	HUMAN,PANTR
LAG3	2	1	HUMAN,PANTR
LAGE3	2	1	HUMAN,PANTR
LAIR1	2	1	HUMAN,PANTR
LAIR2	2	1	HUMAN,PANTR
LALBA	2	1	HUMAN,PANTR
LAMA1	2	1	HUMAN,PANTR
LAMA2	2	1	HUMAN,PANTR
LAMA3	2	1	HUMAN,PANTR
LAMA4	2	1	HUMAN,PANTR
LAMB1	2	1	HUMAN,PANTR
LAMB2	2	1	HUMAN,PANTR
LAMB3	2	1	HUMAN,PANTR
LAMB4	2	1	HUMAN,PANTR
LAMC1	2	1	HUMAN,PANTR
LAMC2	2	1	HUMAN,PANTR
LAMC3	2	1	HUMAN,PANTR
LAMP1	2	1	HUMAN,PANTR
LAMP3	2	1	HUMAN,PANTR
LAMP5	2	1	HUMAN,PANTR
LAMTOR1	2	1	HUMAN,PANTR
LAMTOR2	2	1	HUMAN,PANTR
LAMTOR3	2	1	HUMAN,PANTR
LAMTOR4	2	1	HUMAN,PANTR
LAMTOR5	3	3	BOVIN,HUMAN,PANTR
LANCL1	2	1	HUMAN,PANTR
LANCL2	2	1	HUMAN,PANTR
LANCL3	2	1	HUMAN,PANTR
LAP3	2	1	HUMAN,PANTR
LAPTM4A	2	1	HUMAN,PANTR
LAPTM4B	2	1	HUMAN,PANTR
LAPTM5	2	1	HUMAN,PANTR
LARGE1	2	1	HUMAN,PANTR
LARP1	2	1	HUMAN,PANTR
LARP1B	2	1	HUMAN,PANTR
LARP4	2	1	HUMAN,PANTR
LARP4B	2	1	HUMAN,PANTR
LARP6	2	1	HUMAN,PANTR
LARP7	2	1	HUMAN,PANTR
LARS1	2	1	HUMAN,PANTR
LARS2	2	1	HUMAN,PANTR
LAS1L	2	1	HUMAN,PANTR
LASP1	2	1	HUMAN,PANTR
LAT2	2	1	HUMAN,PANTR
LATS1	2	1	HUMAN,PANTR
LATS2	2	1	HUMAN,PANTR
LAX1	2	1	HUMAN,PANTR
LAYN	2	1	HUMAN,PANTR
LBH	2	1	BOVIN,HUMAN
LBP	3	3	BOVIN,HUMAN,PANTR
LBR	2	1	HUMAN,PANTR
LBX1	2	1	HUMAN,PANTR
LBX2	2	1	HUMAN,PANTR
LCA5	2	1	HUMAN,PANTR
LCA5L	2	1	HUMAN,PANTR
LCAT	2	1	HUMAN,PANTR
LCE1B	2	1	HUMAN,PANTR
LCE1C	2	1	HUMAN,PANTR
LCE3A	2	1	HUMAN,PANTR
LCE3B	2	1	HUMAN,PANTR
LCE3C	2	1	HUMAN,PANTR
LCE6A	2	1	HUMAN,PANTR
LCK	2	1	HUMAN,PANTR
LCLAT1	2	1	HUMAN,PANTR
LCMT1	2	1	HUMAN,PANTR
LCN1	2	1	HUMAN,PANTR
LCN12	4	6	BOVIN,CANLF,HUMAN,PANTR
LCN15	2	1	HUMAN,PANTR
LCN2	2	1	HUMAN,PANTR
LCN8	2	1	HUMAN,PANTR
LCN9	2	1	HUMAN,PANTR
LCORL	3	3	CANLF,HUMAN,PANTR
LCP1	2	1	HUMAN,PANTR
LCP2	2	1	HUMAN,PANTR
LCT	2	1	HUMAN,PANTR
LCTL	2	1	HUMAN,PANTR
LDAF1	2	1	HUMAN,PANTR
LDAH	2	1	HUMAN,PANTR
LDB1	3	3	BOVIN,HUMAN,PANTR
LDB2	2	1	HUMAN,PANTR
LDB3	2	1	HUMAN,PANTR
LDHA	2	1	HUMAN,PANTR
LDHAL6A	2	1	HUMAN,PANTR
LDHAL6B	2	1	HUMAN,PANTR
LDHB	2	1	HUMAN,PANTR
LDHC	4	6	BOVIN,CANLF,HUMAN,PANTR
LDHD	2	1	HUMAN,PANTR
LDLR	3	3	BOVIN,HUMAN,PANTR
LDLRAD1	2	1	HUMAN,PANTR
LDLRAD2	3	3	CANLF,HUMAN,PANTR
LDLRAD3	2	1	HUMAN,PANTR
LDLRAD4	2	1	HUMAN,PANTR
LDLRAP1	2	1	HUMAN,PANTR
LEAP2	2	1	HUMAN,PANTR
LECT2	2	1	HUMAN,PANTR
LEF1	2	1	HUMAN,PANTR
LEFTY1	2	1	HUMAN,PANTR
LEFTY2	2	1	HUMAN,PANTR
LEKR1	3	3	CANLF,HUMAN,PANTR
LEMD1	2	1	HUMAN,PANTR
LEMD2	2	1	HUMAN,PANTR
LEMD3	2	1	HUMAN,PANTR
LENEP	2	1	HUMAN,PANTR
LENG1	2	1	HUMAN,PANTR
LEO1	3	3	CANLF,HUMAN,PANTR
LEP	2	1	HUMAN,PANTR
LEPR	2	1	HUMAN,PANTR
LEPROT	2	1	HUMAN,PANTR
LEPROTL1	2	1	HUMAN,PANTR
LETM1	2	1	HUMAN,PANTR
LETM2	2	1	HUMAN,PANTR
LETMD1	2	1	HUMAN,PANTR
LEUTX	2	1	HUMAN,PANTR
LEXM	2	1	HUMAN,PANTR
LFNG	2	1	HUMAN,PANTR
LGALS1	2	1	HUMAN,PANTR
LGALS12	2	1	HUMAN,PANTR
LGALS13	2	1	HUMAN,PANTR
LGALS16	2	1	HUMAN,PANTR
LGALS2	2	1	HUMAN,PANTR
LGALS3	2	1	HUMAN,PANTR
LGALS3BP	2	1	HUMAN,PANTR
LGALS4	2	1	HUMAN,PANTR
LGALS8	2	1	HUMAN,PANTR
LGALS9	2	1	HUMAN,PANTR
LGALSL	2	1	HUMAN,PANTR
LGI2	2	1	HUMAN,PANTR
LGI3	2	1	HUMAN,PANTR
LGI4	2	1	HUMAN,PANTR
LGMN	2	1	HUMAN,PANTR
LGR4	2	1	HUMAN,PANTR
LGR5	2	1	HUMAN,PANTR
LGR6	3	3	CANLF,HUMAN,PANTR
LGSN	2	1	HUMAN,PANTR
LHB	2	1	HUMAN,PANTR
LHCGR	2	1	CANLF,HUMAN
LHFPL1	2	1	HUMAN,PANTR
LHFPL2	2	1	HUMAN,PANTR
LHFPL3	2	1	HUMAN,PANTR
LHFPL4	2	1	HUMAN,PANTR
LHFPL5	2	1	HUMAN,PANTR
LHFPL6	3	3	CANLF,HUMAN,PANTR
LHPP	2	1	HUMAN,PANTR
LHX1	2	1	HUMAN,PANTR
LHX2	2	1	HUMAN,PANTR
LHX3	2	1	HUMAN,PANTR
LHX4	2	1	HUMAN,PANTR
LHX5	2	1	HUMAN,PANTR
LHX6	2	1	HUMAN,PANTR
LHX8	2	1	HUMAN,PANTR
LHX9	2	1	HUMAN,PANTR
LIAS	2	1	HUMAN,PANTR
LIF	2	1	HUMAN,PANTR
LIFR	2	1	HUMAN,PANTR
LIG1	2	1	HUMAN,PANTR
LIG3	2	1	HUMAN,PANTR
LIG4	2	1	HUMAN,PANTR
LILRA4	2	1	HUMAN,PANTR
LILRA5	2	1	HUMAN,PANTR
LILRB4	2	1	HUMAN,PANTR
LILRB5	2	1	HUMAN,PANTR
LIM2	2	1	HUMAN,PANTR
LIMA1	2	1	HUMAN,PANTR
LIMCH1	2	1	HUMAN,PANTR
LIMD1	2	1	HUMAN,PANTR
LIMD2	2	1	HUMAN,PANTR
LIMK1	2	1	HUMAN,PANTR
LIMK2	3	3	CANLF,HUMAN,PANTR
LIMS2	2	1	HUMAN,PANTR
LIN28A	2	1	HUMAN,PANTR
LIN28B	2	1	HUMAN,PANTR
LIN37	3	3	CANLF,HUMAN,PANTR
LIN52	3	3	CANLF,HUMAN,PANTR
LIN54	2	1	HUMAN,PANTR
LIN7A	2	1	HUMAN,PANTR
LIN7B	3	3	CANLF,HUMAN,PANTR
LIN7C	2	1	HUMAN,PANTR
LIN9	2	1	HUMAN,PANTR
LINC02693	2	1	HUMAN,PANTR
LINC02914	2	1	HUMAN,PANTR
LINGO1	2	1	HUMAN,PANTR
LINGO2	2	1	HUMAN,PANTR
LINGO3	2	1	HUMAN,PANTR
LINGO4	2	1	HUMAN,PANTR
LINS1	2	1	HUMAN,PANTR
LIPA	2	1	HUMAN,PANTR
LIPC	2	1	HUMAN,PANTR
LIPE	2	1	HUMAN,PANTR
LIPF	2	1	HUMAN,PANTR
LIPG	3	3	CANLF,HUMAN,PANTR
LIPH	2	1	HUMAN,PANTR
LIPI	2	1	HUMAN,PANTR
LIPJ	2	1	HUMAN,PANTR
LIPK	2	1	HUMAN,PANTR
LIPM	2	1	HUMAN,PANTR
LIPN	2	1	HUMAN,PANTR
LIPT1	2	1	HUMAN,PANTR
LIPT2	4	6	BOVIN,CANLF,HUMAN,PANTR
LITAF	2	1	HUMAN,PANTR
LIX1	2	1	HUMAN,PANTR
LIX1L	2	1	HUMAN,PANTR
LKAAEAR1	3	3	BOVIN,HUMAN,PANTR
LLCFC1	3	3	CANLF,HUMAN,PANTR
LLGL1	2	1	HUMAN,PANTR
LLGL2	2	1	HUMAN,PANTR
LLPH	2	1	HUMAN,PANTR
LMAN1	2	1	HUMAN,PANTR
LMAN2	2	1	HUMAN,PANTR
LMBR1	2	1	HUMAN,PANTR
LMBR1L	2	1	HUMAN,PANTR
LMBRD1	2	1	HUMAN,PANTR
LMBRD2	2	1	HUMAN,PANTR
LMCD1	2	1	HUMAN,PANTR
LMF1	3	3	CANLF,HUMAN,PANTR
LMF2	2	1	HUMAN,PANTR
LMLN	2	1	HUMAN,PANTR
LMNA	2	1	HUMAN,PANTR
LMNB1	2	1	HUMAN,PANTR
LMNB2	2	1	HUMAN,PANTR
LMNTD1	2	1	HUMAN,PANTR
LMNTD2	3	3	BOVIN,HUMAN,PANTR
LMO1	2	1	HUMAN,PANTR
LMO2	2	1	HUMAN,PANTR
LMO3	2	1	HUMAN,PANTR
LMO4	2	1	HUMAN,PANTR
LMO7	2	1	HUMAN,PANTR
LMO7DN	2	1	HUMAN,PANTR
LMOD1	2	1	HUMAN,PANTR
LMOD2	3	3	CANLF,HUMAN,PANTR
LMOD3	2	1	HUMAN,PANTR
LMTK2	2	1	HUMAN,PANTR
LMTK3	2	1	HUMAN,PANTR
LMX1A	2	1	HUMAN,PANTR
LMX1B	3	3	BOVIN,HUMAN,PANTR
LNPEP	2	1	HUMAN,PANTR
LNPK	2	1	HUMAN,PANTR
LNX1	2	1	CANLF,HUMAN
LONP1	2	1	HUMAN,PANTR
LONP2	2	1	HUMAN,PANTR
LONRF1	2	1	HUMAN,PANTR
LONRF2	2	1	HUMAN,PANTR
LONRF3	2	1	HUMAN,PANTR
LOX	2	1	HUMAN,PANTR
LOXHD1	2	1	HUMAN,PANTR
LOXL1	2	1	HUMAN,PANTR
LOXL2	2	1	HUMAN,PANTR
LOXL3	2	1	HUMAN,PANTR
LOXL4	3	3	BOVIN,HUMAN,PANTR
LPA	2	1	HUMAN,PANTR
LPAR1	2	1	HUMAN,PANTR
LPAR2	2	1	HUMAN,PANTR
LPAR3	2	1	HUMAN,PANTR
LPAR4	2	1	HUMAN,PANTR
LPAR5	2	1	HUMAN,PANTR
LPAR6	2	1	HUMAN,PANTR
LPCAT1	2	1	HUMAN,PANTR
LPCAT2	2	1	HUMAN,PANTR
LPCAT3	2	1	HUMAN,PANTR
LPCAT4	2	1	HUMAN,PANTR
LPGAT1	2	1	HUMAN,PANTR
LPIN1	2	1	HUMAN,PANTR
LPIN2	2	1	HUMAN,PANTR
LPIN3	2	1	HUMAN,PANTR
LPL	2	1	HUMAN,PANTR
LPO	2	1	HUMAN,PANTR
LPXN	2	1	HUMAN,PANTR
LRAT	2	1	HUMAN,PANTR
LRATD1	2	1	HUMAN,PANTR
LRATD2	2	1	HUMAN,PANTR
LRBA	2	1	HUMAN,PANTR
LRCH1	3	3	BOVIN,HUMAN,PANTR
LRCH2	2	1	HUMAN,PANTR
LRCH3	3	3	CANLF,HUMAN,PANTR
LRCH4	2	1	HUMAN,PANTR
LRCOL1	3	3	CANLF,HUMAN,PANTR
LRFN1	2	1	HUMAN,PANTR
LRFN2	2	1	HUMAN,PANTR
LRFN3	2	1	HUMAN,PANTR
LRFN4	2	1	HUMAN,PANTR
LRFN5	2	1	HUMAN,PANTR
LRG1	2	1	HUMAN,PANTR
LRGUK	3	3	CANLF,HUMAN,PANTR
LRIF1	2	1	HUMAN,PANTR
LRIG1	2	1	HUMAN,PANTR
LRIG2	2	1	HUMAN,PANTR
LRIG3	2	1	HUMAN,PANTR
LRIT1	2	1	HUMAN,PANTR
LRIT2	3	3	CANLF,HUMAN,PANTR
LRIT3	3	3	BOVIN,HUMAN,PANTR
LRMDA	2	1	HUMAN,PANTR
LRP1	2	1	HUMAN,PANTR
LRP10	2	1	HUMAN,PANTR
LRP11	2	1	HUMAN,PANTR
LRP12	3	3	CANLF,HUMAN,PANTR
LRP1B	2	1	HUMAN,PANTR
LRP2	2	1	HUMAN,PANTR
LRP2BP	3	3	CANLF,HUMAN,PANTR
LRP3	2	1	HUMAN,PANTR
LRP4	2	1	HUMAN,PANTR
LRP5	2	1	HUMAN,PANTR
LRP5L	2	1	HUMAN,PANTR
LRP6	2	1	HUMAN,PANTR
LRP8	2	1	HUMAN,PANTR
LRPAP1	2	1	HUMAN,PANTR
LRPPRC	2	1	HUMAN,PANTR
LRR1	2	1	HUMAN,PANTR
LRRC1	2	1	HUMAN,PANTR
LRRC10	3	3	CANLF,HUMAN,PANTR
LRRC10B	2	1	CANLF,HUMAN
LRRC14	2	1	HUMAN,PANTR
LRRC14B	2	1	HUMAN,PANTR
LRRC15	2	1	HUMAN,PANTR
LRRC17	3	3	CANLF,HUMAN,PANTR
LRRC18	2	1	HUMAN,PANTR
LRRC19	2	1	HUMAN,PANTR
LRRC2	3	3	CANLF,HUMAN,PANTR
LRRC20	2	1	HUMAN,PANTR
LRRC23	4	6	BOVIN,CANLF,HUMAN,PANTR
LRRC24	2	1	HUMAN,PANTR
LRRC25	2	1	HUMAN,PANTR
LRRC26	2	1	HUMAN,PANTR
LRRC27	3	3	BOVIN,HUMAN,PANTR
LRRC28	2	1	HUMAN,PANTR
LRRC29	2	1	HUMAN,PANTR
LRRC3	3	3	CANLF,HUMAN,PANTR
LRRC30	4	6	BOVIN,CANLF,HUMAN,PANTR
LRRC31	2	1	HUMAN,PANTR
LRRC32	4	6	BOVIN,CANLF,HUMAN,PANTR
LRRC34	2	1	HUMAN,PANTR
LRRC36	2	1	HUMAN,PANTR
LRRC38	2	1	HUMAN,PANTR
LRRC39	4	6	BOVIN,CANLF,HUMAN,PANTR
LRRC3B	3	3	CANLF,HUMAN,PANTR
LRRC3C	2	1	HUMAN,PANTR
LRRC4	2	1	HUMAN,PANTR
LRRC40	2	1	HUMAN,PANTR
LRRC41	2	1	HUMAN,PANTR
LRRC42	2	1	HUMAN,PANTR
LRRC43	3	3	CANLF,HUMAN,PANTR
LRRC45	2	1	HUMAN,PANTR
LRRC46	2	1	HUMAN,PANTR
LRRC47	2	1	HUMAN,PANTR
LRRC49	4	6	BOVIN,CANLF,HUMAN,PANTR
LRRC4B	2	1	HUMAN,PANTR
LRRC4C	2	1	HUMAN,PANTR
LRRC52	2	1	HUMAN,PANTR
LRRC53	2	1	HUMAN,PANTR
LRRC55	2	1	HUMAN,PANTR
LRRC56	2	1	HUMAN,PANTR
LRRC57	3	3	BOVIN,HUMAN,PANTR
LRRC58	4	6	BOVIN,CANLF,HUMAN,PANTR
LRRC59	4	6	BOVIN,CANLF,HUMAN,PANTR
LRRC61	2	1	HUMAN,PANTR
LRRC63	4	6	BOVIN,CANLF,HUMAN,PANTR
LRRC66	2	1	HUMAN,PANTR
LRRC69	2	1	HUMAN,PANTR
LRRC7	4	6	BOVIN,CANLF,HUMAN,PANTR
LRRC70	2	1	HUMAN,PANTR
LRRC71	2	1	HUMAN,PANTR
LRRC72	2	1	HUMAN,PANTR
LRRC73	2	1	HUMAN,PANTR
LRRC74A	2	1	HUMAN,PANTR
LRRC74B	2	1	HUMAN,PANTR
LRRC75A	2	1	HUMAN,PANTR
LRRC75B	2	1	HUMAN,PANTR
LRRC8A	2	1	HUMAN,PANTR
LRRC8B	2	1	HUMAN,PANTR
LRRC8C	2	1	HUMAN,PANTR
LRRC8E	2	1	HUMAN,PANTR
LRRC9	2	1	BOVIN,HUMAN
LRRCC1	3	3	CANLF,HUMAN,PANTR
LRRD1	2	1	HUMAN,PANTR
LRRFIP1	4	6	BOVIN,CANLF,HUMAN,PANTR
LRRFIP2	2	1	HUMAN,PANTR
LRRIQ1	4	6	BOVIN,CANLF,HUMAN,PANTR
LRRIQ3	4	6	BOVIN,CANLF,HUMAN,PANTR
LRRIQ4	2	1	HUMAN,PANTR
LRRK1	2	1	HUMAN,PANTR
LRRK2	2	1	HUMAN,PANTR
LRRN1	2	1	HUMAN,PANTR
LRRN2	2	1	HUMAN,PANTR
LRRN3	2	1	HUMAN,PANTR
LRRN4	2	1	HUMAN,PANTR
LRRTM1	3	3	BOVIN,HUMAN,PANTR
LRRTM2	2	1	HUMAN,PANTR
LRRTM3	2	1	HUMAN,PANTR
LRRTM4	2	1	HUMAN,PANTR
LRSAM1	2	1	HUMAN,PANTR
LRTM1	2	1	HUMAN,PANTR
LRTM2	2	1	HUMAN,PANTR
LRWD1	2	1	HUMAN,PANTR
LSAMP	2	1	HUMAN,PANTR
LSG1	2	1	HUMAN,PANTR
LSM1	2	1	HUMAN,PANTR
LSM10	2	1	HUMAN,PANTR
LSM11	2	1	HUMAN,PANTR
LSM12	2	1	HUMAN,PANTR
LSM14A	2	1	HUMAN,PANTR
LSM14B	2	1	HUMAN,PANTR
LSM2	2	1	HUMAN,PANTR
LSM3	2	1	HUMAN,PANTR
LSM4	2	1	HUMAN,PANTR
LSM5	2	1	HUMAN,PANTR
LSM6	2	1	HUMAN,PANTR
LSM7	2	1	HUMAN,PANTR
LSM8	2	1	HUMAN,PANTR
LSMEM1	2	1	HUMAN,PANTR
LSMEM2	2	1	HUMAN,PANTR
LSR	2	1	HUMAN,PANTR
LSS	2	1	HUMAN,PANTR
LTA	2	1	HUMAN,PANTR
LTA4H	2	1	HUMAN,PANTR
LTB	2	1	HUMAN,PANTR
LTB4R	2	1	HUMAN,PANTR
LTB4R2	2	1	HUMAN,PANTR
LTBP1	2	1	HUMAN,PANTR
LTBP2	2	1	HUMAN,PANTR
LTBP3	2	1	HUMAN,PANTR
LTBP4	2	1	HUMAN,PANTR
LTBR	2	1	HUMAN,PANTR
LTC4S	3	3	CANLF,HUMAN,PANTR
LTF	2	1	HUMAN,PANTR
LTK	2	1	HUMAN,PANTR
LTN1	2	1	HUMAN,PANTR
LTO1	2	1	CANLF,HUMAN
LTV1	2	1	HUMAN,PANTR
LUC7L	2	1	HUMAN,PANTR
LUC7L3	2	1	HUMAN,PANTR
LUM	2	1	HUMAN,PANTR
LURAP1	2	1	HUMAN,PANTR
LURAP1L	2	1	HUMAN,PANTR
LUZP1	2	1	HUMAN,PANTR
LUZP2	2	1	HUMAN,PANTR
LUZP4	2	1	CANLF,HUMAN
LVRN	2	1	HUMAN,PANTR
LXN	2	1	HUMAN,PANTR
LY6E	2	1	HUMAN,PANTR
LY6G5C	3	3	BOVIN,HUMAN,PANTR
LY6H	2	1	CANLF,HUMAN
LY86	2	1	HUMAN,PANTR
LY9	2	1	HUMAN,PANTR
LY96	3	3	BOVIN,HUMAN,PANTR
LYAR	2	1	HUMAN,PANTR
LYG1	2	1	HUMAN,PANTR
LYG2	2	1	HUMAN,PANTR
LYL1	2	1	HUMAN,PANTR
LYN	2	1	HUMAN,PANTR
LYPD1	2	1	HUMAN,PANTR
LYPD2	2	1	HUMAN,PANTR
LYPD3	2	1	HUMAN,PANTR
LYPD4	2	1	HUMAN,PANTR
LYPD5	3	3	BOVIN,HUMAN,PANTR
LYPD6	2	1	HUMAN,PANTR
LYPD6B	2	1	HUMAN,PANTR
LYPD8	2	1	HUMAN,PANTR
LYPLA1	2	1	HUMAN,PANTR
LYPLA2	2	1	HUMAN,PANTR
LYPLAL1	2	1	HUMAN,PANTR
LYRM1	2	1	HUMAN,PANTR
LYRM4	2	1	HUMAN,PANTR
LYRM7	2	1	HUMAN,PANTR
LYSMD1	2	1	HUMAN,PANTR
LYSMD2	3	3	CANLF,HUMAN,PANTR
LYSMD3	2	1	HUMAN,PANTR
LYSMD4	2	1	HUMAN,PANTR
LYST	2	1	HUMAN,PANTR
LYVE1	2	1	HUMAN,PANTR
LYZ	2	1	HUMAN,PANTR
LYZL4	2	1	HUMAN,PANTR
LYZL6	2	1	HUMAN,PANTR
LZIC	2	1	HUMAN,PANTR
LZTFL1	2	1	HUMAN,PANTR
LZTR1	2	1	HUMAN,PANTR
LZTS1	2	1	HUMAN,PANTR
LZTS2	3	3	CANLF,HUMAN,PANTR
LZTS3	2	1	HUMAN,PANTR
M1AP	2	1	HUMAN,PANTR
M6PR	2	1	HUMAN,PANTR
MAB21L1	2	1	HUMAN,PANTR
MAB21L2	2	1	HUMAN,PANTR
MAB21L3	2	1	HUMAN,PANTR
MACC1	3	3	BOVIN,HUMAN,PANTR
MACF1	4	6	BOVIN,CANLF,HUMAN,PANTR
MACIR	2	1	HUMAN,PANTR
MACO1	2	1	HUMAN,PANTR
MACROD1	4	6	BOVIN,CANLF,HUMAN,PANTR
MACROD2	2	1	HUMAN,PANTR
MACROH2A1	3	3	BOVIN,HUMAN,PANTR
MACROH2A2	3	3	BOVIN,HUMAN,PANTR
MAD1L1	2	1	HUMAN,PANTR
MAD2L1	2	1	HUMAN,PANTR
MAD2L1BP	2	1	HUMAN,PANTR
MAD2L2	3	3	CANLF,HUMAN,PANTR
MADCAM1	2	1	HUMAN,PANTR
MADD	2	1	HUMAN,PANTR
MAEA	2	1	HUMAN,PANTR
MAEL	2	1	HUMAN,PANTR
MAF	3	3	BOVIN,HUMAN,PANTR
MAF1	2	1	HUMAN,PANTR
MAFA	2	1	HUMAN,PANTR
MAFB	3	3	CANLF,HUMAN,PANTR
MAFF	2	1	HUMAN,PANTR
MAFG	2	1	HUMAN,PANTR
MAFK	2	1	HUMAN,PANTR
MAG	2	1	HUMAN,PANTR
MAGEA1	2	1	HUMAN,PANTR
MAGEA10	2	1	HUMAN,PANTR
MAGEA11	2	1	HUMAN,PANTR
MAGEB1	2	1	HUMAN,PANTR
MAGEB10	2	1	HUMAN,PANTR
MAGEB16	2	1	HUMAN,PANTR
MAGEB17	2	1	HUMAN,PANTR
MAGEB18	2	1	HUMAN,PANTR
MAGEB2	2	1	HUMAN,PANTR
MAGEC2	2	1	HUMAN,PANTR
MAGED1	2	1	HUMAN,PANTR
MAGED2	4	6	BOVIN,CANLF,HUMAN,PANTR
MAGED4	2	1	HUMAN,PANTR
MAGEE1	2	1	HUMAN,PANTR
MAGEF1	3	3	CANLF,HUMAN,PANTR
MAGEH1	2	1	HUMAN,PANTR
MAGEL2	2	1	HUMAN,PANTR
MAGI1	2	1	HUMAN,PANTR
MAGI2	2	1	HUMAN,PANTR
MAGI3	2	1	HUMAN,PANTR
MAGIX	3	3	BOVIN,HUMAN,PANTR
MAGOH	2	1	HUMAN,PANTR
MAGT1	2	1	HUMAN,PANTR
MAJIN	2	1	HUMAN,PANTR
MAK	2	1	HUMAN,PANTR
MAK16	2	1	HUMAN,PANTR
MAL	2	1	HUMAN,PANTR
MAL2	4	6	BOVIN,CANLF,HUMAN,PANTR
MALL	2	1	HUMAN,PANTR
MALRD1	2	1	HUMAN,PANTR
MALSU1	2	1	HUMAN,PANTR
MALT1	2	1	HUMAN,PANTR
MAMDC2	2	1	HUMAN,PANTR
MAMDC4	2	1	HUMAN,PANTR
MAML1	2	1	HUMAN,PANTR
MAML2	2	1	HUMAN,PANTR
MAML3	3	3	BOVIN,HUMAN,PANTR
MAMLD1	4	6	BOVIN,CANLF,HUMAN,PANTR
MAMSTR	2	1	HUMAN,PANTR
MAN1A1	2	1	HUMAN,PANTR
MAN1A2	2	1	HUMAN,PANTR
MAN1B1	2	1	HUMAN,PANTR
MAN1C1	2	1	HUMAN,PANTR
MAN2A1	2	1	HUMAN,PANTR
MAN2A2	2	1	HUMAN,PANTR
MAN2B1	2	1	HUMAN,PANTR
MAN2B2	2	1	HUMAN,PANTR
MAN2C1	2	1	HUMAN,PANTR
MANBA	2	1	HUMAN,PANTR
MANBAL	2	1	HUMAN,PANTR
MANEA	2	1	HUMAN,PANTR
MANEAL	3	3	CANLF,HUMAN,PANTR
MANF	2	1	HUMAN,PANTR
MANSC1	2	1	HUMAN,PANTR
MANSC4	3	3	CANLF,HUMAN,PANTR
MAOA	2	1	HUMAN,PANTR
MAOB	2	1	HUMAN,PANTR
MAP10	2	1	HUMAN,PANTR
MAP1A	2	1	HUMAN,PANTR
MAP1B	2	1	HUMAN,PANTR
MAP1LC3A	2	1	HUMAN,PANTR
MAP1LC3C	2	1	HUMAN,PANTR
MAP1S	2	1	HUMAN,PANTR
MAP2	2	1	HUMAN,PANTR
MAP2K1	2	1	HUMAN,PANTR
MAP2K2	3	3	BOVIN,HUMAN,PANTR
MAP2K4	2	1	HUMAN,PANTR
MAP2K5	2	1	HUMAN,PANTR
MAP2K6	2	1	HUMAN,PANTR
MAP2K7	2	1	HUMAN,PANTR
MAP3K1	2	1	HUMAN,PANTR
MAP3K10	4	6	BOVIN,CANLF,HUMAN,PANTR
MAP3K11	2	1	HUMAN,PANTR
MAP3K12	2	1	HUMAN,PANTR
MAP3K13	2	1	HUMAN,PANTR
MAP3K14	2	1	HUMAN,PANTR
MAP3K15	2	1	HUMAN,PANTR
MAP3K19	2	1	HUMAN,PANTR
MAP3K2	2	1	HUMAN,PANTR
MAP3K20	3	3	CANLF,HUMAN,PANTR
MAP3K21	4	6	BOVIN,CANLF,HUMAN,PANTR
MAP3K3	2	1	HUMAN,PANTR
MAP3K4	2	1	HUMAN,PANTR
MAP3K5	2	1	HUMAN,PANTR
MAP3K6	2	1	HUMAN,PANTR
MAP3K7	2	1	HUMAN,PANTR
MAP3K7CL	2	1	HUMAN,PANTR
MAP3K8	2	1	HUMAN,PANTR
MAP3K9	2	1	HUMAN,PANTR
MAP4	3	3	CANLF,HUMAN,PANTR
MAP4K1	2	1	HUMAN,PANTR
MAP4K2	2	1	HUMAN,PANTR
MAP4K3	2	1	HUMAN,PANTR
MAP4K4	2	1	HUMAN,PANTR
MAP4K5	2	1	HUMAN,PANTR
MAP6	2	1	HUMAN,PANTR
MAP6D1	2	1	HUMAN,PANTR
MAP7	2	1	HUMAN,PANTR
MAP7D1	3	3	BOVIN,HUMAN,PANTR
MAP7D2	2	1	HUMAN,PANTR
MAP7D3	2	1	BOVIN,HUMAN
MAP9	2	1	HUMAN,PANTR
MAPK1	2	1	HUMAN,PANTR
MAPK10	2	1	HUMAN,PANTR
MAPK11	2	1	HUMAN,PANTR
MAPK12	2	1	HUMAN,PANTR
MAPK13	2	1	HUMAN,PANTR
MAPK14	2	1	HUMAN,PANTR
MAPK15	2	1	HUMAN,PANTR
MAPK1IP1L	2	1	HUMAN,PANTR
MAPK3	2	1	HUMAN,PANTR
MAPK4	2	1	HUMAN,PANTR
MAPK6	2	1	HUMAN,PANTR
MAPK7	2	1	HUMAN,PANTR
MAPK8	2	1	HUMAN,PANTR
MAPK8IP1	2	1	HUMAN,PANTR
MAPK8IP2	2	1	HUMAN,PANTR
MAPK8IP3	2	1	HUMAN,PANTR
MAPK9	2	1	HUMAN,PANTR
MAPKAP1	2	1	HUMAN,PANTR
MAPKAPK2	2	1	HUMAN,PANTR
MAPKAPK3	2	1	HUMAN,PANTR
MAPKAPK5	2	1	HUMAN,PANTR
MAPKBP1	2	1	HUMAN,PANTR
MAPRE1	2	1	HUMAN,PANTR
MAPRE2	2	1	HUMAN,PANTR
MAPT	3	3	BOVIN,HUMAN,PANTR
MARCHF1	2	1	HUMAN,PANTR
MARCHF10	3	3	CANLF,HUMAN,PANTR
MARCHF11	2	1	HUMAN,PANTR
MARCHF2	2	1	HUMAN,PANTR
MARCHF3	2	1	HUMAN,PANTR
MARCHF4	3	3	BOVIN,HUMAN,PANTR
MARCHF5	2	1	HUMAN,PANTR
MARCHF6	2	1	HUMAN,PANTR
MARCHF7	2	1	HUMAN,PANTR
MARCHF8	4	6	BOVIN,CANLF,HUMAN,PANTR
MARCHF9	2	1	HUMAN,PANTR
MARCKS	2	1	HUMAN,PANTR
MARCKSL1	2	1	HUMAN,PANTR
MARCO	3	3	CANLF,HUMAN,PANTR
MARF1	2	1	HUMAN,PANTR
MARK1	2	1	HUMAN,PANTR
MARK3	2	1	HUMAN,PANTR
MARK4	3	3	BOVIN,HUMAN,PANTR
MARS1	2	1	HUMAN,PANTR
MARS2	2	1	HUMAN,PANTR
MARVELD1	2	1	HUMAN,PANTR
MARVELD2	2	1	HUMAN,PANTR
MARVELD3	4	6	BOVIN,CANLF,HUMAN,PANTR
MAS1	2	1	HUMAN,PANTR
MASP1	2	1	HUMAN,PANTR
MASP2	2	1	HUMAN,PANTR
MAST1	2	1	HUMAN,PANTR
MAST2	2	1	HUMAN,PANTR
MAST3	2	1	HUMAN,PANTR
MAST4	2	1	HUMAN,PANTR
MASTL	2	1	HUMAN,PANTR
MAT1A	2	1	HUMAN,PANTR
MAT2A	2	1	HUMAN,PANTR
MAT2B	2	1	HUMAN,PANTR
MATK	2	1	HUMAN,PANTR
MATN1	2	1	HUMAN,PANTR
MATN2	2	1	HUMAN,PANTR
MATN3	2	1	HUMAN,PANTR
MATN4	2	1	HUMAN,PANTR
MAU2	2	1	HUMAN,PANTR
MAVS	2	1	HUMAN,PANTR
MAX	2	1	HUMAN,PANTR
MAZ	2	1	CANLF,HUMAN
MB	2	1	HUMAN,PANTR
MB21D2	2	1	HUMAN,PANTR
MBD1	2	1	HUMAN,PANTR
MBD2	4	6	BOVIN,CANLF,HUMAN,PANTR
MBD3	2	1	HUMAN,PANTR
MBD3L1	2	1	HUMAN,PANTR
MBD4	2	1	HUMAN,PANTR
MBD5	2	1	HUMAN,PANTR
MBD6	2	1	HUMAN,PANTR
MBIP	2	1	HUMAN,PANTR
MBL2	2	1	HUMAN,PANTR
MBLAC1	2	1	HUMAN,PANTR
MBLAC2	2	1	HUMAN,PANTR
MBNL1	2	1	HUMAN,PANTR
MBNL2	2	1	HUMAN,PANTR
MBNL3	2	1	HUMAN,PANTR
MBOAT1	2	1	HUMAN,PANTR
MBOAT2	2	1	HUMAN,PANTR
MBOAT4	2	1	HUMAN,PANTR
MBOAT7	2	1	HUMAN,PANTR
MBP	3	3	CANLF,HUMAN,PANTR
MBTD1	2	1	HUMAN,PANTR
MBTPS1	2	1	HUMAN,PANTR
MBTPS2	2	1	HUMAN,PANTR
MC2R	2	1	HUMAN,PANTR
MC4R	2	1	HUMAN,PANTR
MCAM	2	1	HUMAN,PANTR
MCAT	2	1	HUMAN,PANTR
MCC	2	1	HUMAN,PANTR
MCCC1	2	1	HUMAN,PANTR
MCCC2	2	1	HUMAN,PANTR
MCCD1	2	1	HUMAN,PANTR
MCEE	2	1	HUMAN,PANTR
MCEMP1	3	3	CANLF,HUMAN,PANTR
MCFD2	2	1	HUMAN,PANTR
MCHR1	2	1	HUMAN,PANTR
MCHR2	3	3	BOVIN,HUMAN,PANTR
MCIDAS	2	1	HUMAN,PANTR
MCL1	2	1	HUMAN,PANTR
MCM10	2	1	HUMAN,PANTR
MCM2	2	1	HUMAN,PANTR
MCM3	2	1	HUMAN,PANTR
MCM3AP	2	1	HUMAN,PANTR
MCM4	2	1	HUMAN,PANTR
MCM5	2	1	HUMAN,PANTR
MCM6	2	1	HUMAN,PANTR
MCM7	2	1	HUMAN,PANTR
MCM8	2	1	HUMAN,PANTR
MCM9	2	1	HUMAN,PANTR
MCMBP	2	1	HUMAN,PANTR
MCMDC2	2	1	HUMAN,PANTR
MCOLN1	2	1	HUMAN,PANTR
MCOLN2	2	1	HUMAN,PANTR
MCOLN3	2	1	HUMAN,PANTR
MCPH1	2	1	HUMAN,PANTR
MCRIP1	2	1	HUMAN,PANTR
MCRIP2	2	1	HUMAN,PANTR
MCRS1	2	1	HUMAN,PANTR
MCTP1	2	1	HUMAN,PANTR
MCTP2	2	1	HUMAN,PANTR
MCTS1	4	6	BOVIN,CANLF,HUMAN,PANTR
MCU	2	1	HUMAN,PANTR
MCUB	2	1	HUMAN,PANTR
MCUR1	2	1	HUMAN,PANTR
MDC1	2	1	HUMAN,PANTR
MDFI	2	1	HUMAN,PANTR
MDFIC	2	1	HUMAN,PANTR
MDFIC2	2	1	HUMAN,PANTR
MDGA1	2	1	HUMAN,PANTR
MDGA2	2	1	HUMAN,PANTR
MDH1	2	1	HUMAN,PANTR
MDH1B	2	1	HUMAN,PANTR
MDH2	2	1	HUMAN,PANTR
MDM1	2	1	HUMAN,PANTR
MDM2	2	1	HUMAN,PANTR
MDM4	2	1	HUMAN,PANTR
MDN1	2	1	HUMAN,PANTR
ME1	2	1	HUMAN,PANTR
ME2	2	1	HUMAN,PANTR
ME3	2	1	HUMAN,PANTR
MEA1	2	1	HUMAN,PANTR
MEAF6	2	1	HUMAN,PANTR
MEAK7	2	1	HUMAN,PANTR
MECOM	2	1	HUMAN,PANTR
MECP2	2	1	HUMAN,PANTR
MECR	2	1	HUMAN,PANTR
MED1	2	1	HUMAN,PANTR
MED10	2	1	HUMAN,PANTR
MED11	2	1	HUMAN,PANTR
MED12L	3	3	BOVIN,HUMAN,PANTR
MED13	2	1	HUMAN,PANTR
MED13L	2	1	HUMAN,PANTR
MED14	2	1	HUMAN,PANTR
MED15	2	1	HUMAN,PANTR
MED16	2	1	HUMAN,PANTR
MED17	4	6	BOVIN,CANLF,HUMAN,PANTR
MED18	2	1	HUMAN,PANTR
MED19	2	1	HUMAN,PANTR
MED20	2	1	HUMAN,PANTR
MED21	3	3	CANLF,HUMAN,PANTR
MED22	2	1	HUMAN,PANTR
MED23	2	1	HUMAN,PANTR
MED24	2	1	HUMAN,PANTR
MED25	2	1	HUMAN,PANTR
MED27	2	1	HUMAN,PANTR
MED28	2	1	HUMAN,PANTR
MED29	2	1	HUMAN,PANTR
MED30	2	1	HUMAN,PANTR
MED31	2	1	HUMAN,PANTR
MED4	2	1	HUMAN,PANTR
MED6	2	1	HUMAN,PANTR
MED7	2	1	HUMAN,PANTR
MED8	2	1	HUMAN,PANTR
MED9	2	1	HUMAN,PANTR
MEDAG	2	1	HUMAN,PANTR
MEF2A	2	1	HUMAN,PANTR
MEF2C	2	1	HUMAN,PANTR
MEF2D	2	1	HUMAN,PANTR
MEFV	2	1	HUMAN,PANTR
MEGF10	2	1	HUMAN,PANTR
MEGF11	4	6	BOVIN,CANLF,HUMAN,PANTR
MEGF6	3	3	CANLF,HUMAN,PANTR
MEGF8	2	1	HUMAN,PANTR
MEGF9	2	1	HUMAN,PANTR
MEI1	2	1	HUMAN,PANTR
MEI4	2	1	HUMAN,PANTR
MEIKIN	2	1	HUMAN,PANTR
MEIOB	3	3	CANLF,HUMAN,PANTR
MEIOC	2	1	HUMAN,PANTR
MEIS1	2	1	HUMAN,PANTR
MEIS2	2	1	HUMAN,PANTR
MEIS3	4	6	BOVIN,CANLF,HUMAN,PANTR
MELK	3	3	CANLF,HUMAN,PANTR
MELTF	2	1	HUMAN,PANTR
MEN1	2	1	HUMAN,PANTR
MEOX1	2	1	HUMAN,PANTR
MEOX2	2	1	HUMAN,PANTR
MEP1A	2	1	HUMAN,PANTR
MEP1B	2	1	HUMAN,PANTR
MEPCE	2	1	HUMAN,PANTR
MEPE	2	1	HUMAN,PANTR
MERTK	2	1	HUMAN,PANTR
MESD	2	1	HUMAN,PANTR
MESP1	2	1	HUMAN,PANTR
MESP2	3	3	BOVIN,HUMAN,PANTR
MET	2	1	HUMAN,PANTR
METAP1	2	1	HUMAN,PANTR
METAP1D	3	3	CANLF,HUMAN,PANTR
METAP2	2	1	HUMAN,PANTR
METRN	2	1	HUMAN,PANTR
METTL1	2	1	HUMAN,PANTR
METTL13	2	1	HUMAN,PANTR
METTL14	2	1	HUMAN,PANTR
METTL15	4	6	BOVIN,CANLF,HUMAN,PANTR
METTL16	3	3	BOVIN,HUMAN,PANTR
METTL17	3	3	BOVIN,HUMAN,PANTR
METTL18	2	1	HUMAN,PANTR
METTL21A	3	3	CANLF,HUMAN,PANTR
METTL21C	2	1	HUMAN,PANTR
METTL22	2	1	HUMAN,PANTR
METTL23	2	1	HUMAN,PANTR
METTL24	2	1	HUMAN,PANTR
METTL25	3	3	BOVIN,HUMAN,PANTR
METTL25B	2	1	HUMAN,PANTR
METTL26	3	3	CANLF,HUMAN,PANTR
METTL27	3	3	CANLF,HUMAN,PANTR
METTL3	2	1	HUMAN,PANTR
METTL4	2	1	HUMAN,PANTR
METTL5	2	1	HUMAN,PANTR
METTL6	2	1	HUMAN,PANTR
METTL7A	2	1	HUMAN,PANTR
METTL7B	2	1	HUMAN,PANTR
METTL8	2	1	HUMAN,PANTR
METTL9	2	1	HUMAN,PANTR
MEX3A	3	3	CANLF,HUMAN,PANTR
MEX3B	2	1	HUMAN,PANTR
MEX3C	2	1	HUMAN,PANTR
MEX3D	3	3	CANLF,HUMAN,PANTR
MFAP1	2	1	HUMAN,PANTR
MFAP2	2	1	HUMAN,PANTR
MFAP3	2	1	HUMAN,PANTR
MFAP3L	2	1	HUMAN,PANTR
MFAP4	2	1	HUMAN,PANTR
MFAP5	2	1	HUMAN,PANTR
MFF	2	1	HUMAN,PANTR
MFGE8	2	1	CANLF,HUMAN
MFN1	2	1	HUMAN,PANTR
MFN2	2	1	HUMAN,PANTR
MFNG	2	1	HUMAN,PANTR
MFRP	2	1	HUMAN,PANTR
MFSD1	2	1	HUMAN,PANTR
MFSD10	2	1	HUMAN,PANTR
MFSD11	2	1	HUMAN,PANTR
MFSD12	2	1	HUMAN,PANTR
MFSD13A	2	1	HUMAN,PANTR
MFSD14A	3	3	CANLF,HUMAN,PANTR
MFSD14B	2	1	HUMAN,PANTR
MFSD2A	2	1	HUMAN,PANTR
MFSD2B	2	1	HUMAN,PANTR
MFSD3	2	1	HUMAN,PANTR
MFSD4A	2	1	HUMAN,PANTR
MFSD4B	2	1	HUMAN,PANTR
MFSD5	2	1	HUMAN,PANTR
MFSD6	2	1	HUMAN,PANTR
MFSD6L	3	3	BOVIN,HUMAN,PANTR
MFSD8	2	1	HUMAN,PANTR
MFSD9	2	1	HUMAN,PANTR
MGA	2	1	HUMAN,PANTR
MGAM	2	1	HUMAN,PANTR
MGAM2	2	1	CANLF,HUMAN
MGARP	2	1	HUMAN,PANTR
MGAT1	3	3	BOVIN,HUMAN,PANTR
MGAT2	3	3	BOVIN,CANLF,HUMAN
MGAT3	3	3	CANLF,HUMAN,PANTR
MGAT4A	2	1	CANLF,HUMAN
MGAT4B	4	6	BOVIN,CANLF,HUMAN,PANTR
MGAT4C	2	1	HUMAN,PANTR
MGAT4D	3	3	CANLF,HUMAN,PANTR
MGAT5	4	6	BOVIN,CANLF,HUMAN,PANTR
MGAT5B	4	6	BOVIN,CANLF,HUMAN,PANTR
MGLL	2	1	HUMAN,PANTR
MGME1	2	1	HUMAN,PANTR
MGMT	2	1	HUMAN,PANTR
MGP	2	1	HUMAN,PANTR
MGRN1	2	1	HUMAN,PANTR
MGST1	2	1	HUMAN,PANTR
MGST2	2	1	HUMAN,PANTR
MGST3	3	3	CANLF,HUMAN,PANTR
MIA3	2	1	HUMAN,PANTR
MIB1	2	1	HUMAN,PANTR
MIB2	2	1	HUMAN,PANTR
MICAL1	2	1	HUMAN,PANTR
MICAL2	2	1	HUMAN,PANTR
MICAL3	2	1	HUMAN,PANTR
MICALL1	3	3	CANLF,HUMAN,PANTR
MICOS10	2	1	HUMAN,PANTR
MICOS13	2	1	HUMAN,PANTR
MICU1	2	1	HUMAN,PANTR
MICU2	2	1	HUMAN,PANTR
MICU3	3	3	CANLF,HUMAN,PANTR
MID1	2	1	HUMAN,PANTR
MID1IP1	2	1	HUMAN,PANTR
MID2	2	1	HUMAN,PANTR
MIDEAS	2	1	HUMAN,PANTR
MIDN	2	1	HUMAN,PANTR
MIEF2	3	3	BOVIN,HUMAN,PANTR
MIEN1	2	1	HUMAN,PANTR
MIER1	2	1	HUMAN,PANTR
MIER2	2	1	HUMAN,PANTR
MIER3	2	1	HUMAN,PANTR
MIF	2	1	HUMAN,PANTR
MIF4GD	3	3	CANLF,HUMAN,PANTR
MIGA1	2	1	HUMAN,PANTR
MIGA2	2	1	HUMAN,PANTR
MIIP	2	1	HUMAN,PANTR
MILR1	2	1	HUMAN,PANTR
MINAR1	2	1	HUMAN,PANTR
MINAR2	2	1	HUMAN,PANTR
MINDY1	3	3	BOVIN,HUMAN,PANTR
MINDY2	2	1	HUMAN,PANTR
MINDY3	2	1	HUMAN,PANTR
MINDY4	3	3	BOVIN,HUMAN,PANTR
MINDY4B	2	1	CANLF,HUMAN
MINK1	3	3	CANLF,HUMAN,PANTR
MINPP1	3	3	CANLF,HUMAN,PANTR
MIOS	2	1	HUMAN,PANTR
MIOX	2	1	HUMAN,PANTR
MIP	2	1	HUMAN,PANTR
MIPEP	2	1	HUMAN,PANTR
MIR1915HG	2	1	HUMAN,PANTR
MIS12	2	1	HUMAN,PANTR
MIS18A	2	1	HUMAN,PANTR
MIS18BP1	2	1	HUMAN,PANTR
MISP	2	1	HUMAN,PANTR
MISP3	2	1	BOVIN,HUMAN
MITD1	2	1	HUMAN,PANTR
MITF	2	1	HUMAN,PANTR
MIX23	3	3	CANLF,HUMAN,PANTR
MIXL1	2	1	HUMAN,PANTR
MKI67	4	6	BOVIN,CANLF,HUMAN,PANTR
MKLN1	2	1	HUMAN,PANTR
MKNK1	3	3	CANLF,HUMAN,PANTR
MKNK2	2	1	HUMAN,PANTR
MKRN1	2	1	HUMAN,PANTR
MKRN2	2	1	HUMAN,PANTR
MKRN2OS	3	3	CANLF,HUMAN,PANTR
MKRN3	2	1	HUMAN,PANTR
MKS1	2	1	HUMAN,PANTR
MKX	2	1	HUMAN,PANTR
MLANA	2	1	HUMAN,PANTR
MLC1	2	1	HUMAN,PANTR
MLEC	2	1	HUMAN,PANTR
MLF2	2	1	HUMAN,PANTR
MLH1	2	1	HUMAN,PANTR
MLH3	2	1	HUMAN,PANTR
MLIP	2	1	HUMAN,PANTR
MLKL	2	1	HUMAN,PANTR
MLLT1	2	1	HUMAN,PANTR
MLLT10	2	1	HUMAN,PANTR
MLLT3	2	1	HUMAN,PANTR
MLLT6	2	1	HUMAN,PANTR
MLN	2	1	HUMAN,PANTR
MLNR	3	3	BOVIN,HUMAN,PANTR
MLPH	2	1	HUMAN,PANTR
MLST8	2	1	HUMAN,PANTR
MLX	2	1	HUMAN,PANTR
MLXIP	2	1	HUMAN,PANTR
MLXIPL	2	1	HUMAN,PANTR
MLYCD	3	3	CANLF,HUMAN,PANTR
MMAA	4	6	BOVIN,CANLF,HUMAN,PANTR
MMAB	4	6	BOVIN,CANLF,HUMAN,PANTR
MMACHC	3	3	BOVIN,HUMAN,PANTR
MMADHC	2	1	HUMAN,PANTR
MMD	2	1	HUMAN,PANTR
MMD2	2	1	HUMAN,PANTR
MME	2	1	HUMAN,PANTR
MMEL1	2	1	HUMAN,PANTR
MMGT1	2	1	HUMAN,PANTR
MMP1	2	1	HUMAN,PANTR
MMP10	2	1	HUMAN,PANTR
MMP11	2	1	HUMAN,PANTR
MMP13	2	1	HUMAN,PANTR
MMP14	2	1	HUMAN,PANTR
MMP15	2	1	HUMAN,PANTR
MMP16	2	1	HUMAN,PANTR
MMP17	3	3	CANLF,HUMAN,PANTR
MMP19	2	1	HUMAN,PANTR
MMP2	2	1	HUMAN,PANTR
MMP20	2	1	HUMAN,PANTR
MMP21	2	1	HUMAN,PANTR
MMP23B	4	6	BOVIN,CANLF,HUMAN,PANTR
MMP24	2	1	HUMAN,PANTR
MMP25	2	1	HUMAN,PANTR
MMP26	2	1	HUMAN,PANTR
MMP27	3	3	BOVIN,HUMAN,PANTR
MMP28	2	1	HUMAN,PANTR
MMP3	2	1	HUMAN,PANTR
MMP7	2	1	HUMAN,PANTR
MMP8	2	1	HUMAN,PANTR
MMP9	2	1	HUMAN,PANTR
MMRN1	2	1	HUMAN,PANTR
MMRN2	2	1	HUMAN,PANTR
MMS19	2	1	HUMAN,PANTR
MMS22L	2	1	HUMAN,PANTR
MMUT	2	1	HUMAN,PANTR
MN1	3	3	CANLF,HUMAN,PANTR
MNAT1	2	1	HUMAN,PANTR
MND1	2	1	HUMAN,PANTR
MNDA	3	3	CANLF,HUMAN,PANTR
MNS1	2	1	HUMAN,PANTR
MNT	2	1	HUMAN,PANTR
MNX1	4	6	BOVIN,CANLF,HUMAN,PANTR
MOAP1	2	1	HUMAN,PANTR
MOB1A	2	1	HUMAN,PANTR
MOB1B	2	1	HUMAN,PANTR
MOB2	2	1	HUMAN,PANTR
MOB3A	2	1	HUMAN,PANTR
MOB3B	2	1	HUMAN,PANTR
MOB3C	2	1	HUMAN,PANTR
MOBP	2	1	HUMAN,PANTR
MOCOS	2	1	HUMAN,PANTR
MOCS1	4	6	BOVIN,CANLF,HUMAN,PANTR
MOCS3	2	1	HUMAN,PANTR
MOG	2	1	HUMAN,PANTR
MOGAT1	2	1	HUMAN,PANTR
MOGAT2	2	1	HUMAN,PANTR
MOGAT3	2	1	HUMAN,PANTR
MOGS	2	1	HUMAN,PANTR
MOK	2	1	HUMAN,PANTR
MON1A	2	1	HUMAN,PANTR
MON1B	2	1	HUMAN,PANTR
MON2	2	1	HUMAN,PANTR
MORC1	2	1	HUMAN,PANTR
MORC2	2	1	HUMAN,PANTR
MORC3	2	1	HUMAN,PANTR
MORC4	2	1	HUMAN,PANTR
MORF4L1	3	3	CANLF,HUMAN,PANTR
MORN1	2	1	HUMAN,PANTR
MORN2	2	1	HUMAN,PANTR
MORN3	2	1	HUMAN,PANTR
MORN4	2	1	HUMAN,PANTR
MORN5	3	3	CANLF,HUMAN,PANTR
MOS	2	1	HUMAN,PANTR
MOSMO	2	1	HUMAN,PANTR
MOSPD1	2	1	HUMAN,PANTR
MOSPD2	2	1	HUMAN,PANTR
MOSPD3	2	1	HUMAN,PANTR
MOV10	2	1	HUMAN,PANTR
MOV10L1	2	1	HUMAN,PANTR
MOXD1	2	1	HUMAN,PANTR
MPC1	2	1	HUMAN,PANTR
MPC2	2	1	HUMAN,PANTR
MPDU1	2	1	HUMAN,PANTR
MPDZ	2	1	HUMAN,PANTR
MPG	2	1	HUMAN,PANTR
MPHOSPH10	2	1	HUMAN,PANTR
MPHOSPH6	2	1	HUMAN,PANTR
MPHOSPH8	2	1	HUMAN,PANTR
MPHOSPH9	2	1	HUMAN,PANTR
MPI	2	1	HUMAN,PANTR
MPIG6B	2	1	HUMAN,PANTR
MPL	2	1	HUMAN,PANTR
MPLKIP	2	1	HUMAN,PANTR
MPND	2	1	HUMAN,PANTR
MPO	2	1	HUMAN,PANTR
MPP1	2	1	HUMAN,PANTR
MPP2	2	1	HUMAN,PANTR
MPP3	3	3	BOVIN,HUMAN,PANTR
MPP4	2	1	HUMAN,PANTR
MPP7	2	1	HUMAN,PANTR
MPPE1	2	1	HUMAN,PANTR
MPPED2	2	1	HUMAN,PANTR
MPRIP	3	3	BOVIN,HUMAN,PANTR
MPST	2	1	HUMAN,PANTR
MPV17	2	1	HUMAN,PANTR
MPV17L2	2	1	HUMAN,PANTR
MPZ	2	1	HUMAN,PANTR
MPZL1	2	1	HUMAN,PANTR
MPZL2	2	1	HUMAN,PANTR
MPZL3	2	1	HUMAN,PANTR
MRAP	4	6	BOVIN,CANLF,HUMAN,PANTR
MRAP2	2	1	HUMAN,PANTR
MRAS	2	1	HUMAN,PANTR
MRC1	2	1	HUMAN,PANTR
MRC2	2	1	HUMAN,PANTR
MRE11	2	1	HUMAN,PANTR
MREG	2	1	HUMAN,PANTR
MRFAP1L1	2	1	HUMAN,PANTR
MRGBP	3	3	CANLF,HUMAN,PANTR
MRGPRD	2	1	HUMAN,PANTR
MRGPRE	2	1	HUMAN,PANTR
MRGPRF	2	1	HUMAN,PANTR
MRGPRG	2	1	HUMAN,PANTR
MRGPRX1	2	1	HUMAN,PANTR
MRGPRX2	2	1	HUMAN,PANTR
MRGPRX3	2	1	HUMAN,PANTR
MRGPRX4	2	1	HUMAN,PANTR
MRI1	2	1	HUMAN,PANTR
MRM1	2	1	HUMAN,PANTR
MRM2	2	1	HUMAN,PANTR
MRM3	2	1	HUMAN,PANTR
MRNIP	4	6	BOVIN,CANLF,HUMAN,PANTR
MRO	2	1	HUMAN,PANTR
MROH1	2	1	HUMAN,PANTR
MROH2A	2	1	HUMAN,PANTR
MROH2B	2	1	HUMAN,PANTR
MROH8	3	3	CANLF,HUMAN,PANTR
MROH9	2	1	HUMAN,PANTR
MRPL1	2	1	HUMAN,PANTR
MRPL10	2	1	HUMAN,PANTR
MRPL11	2	1	HUMAN,PANTR
MRPL12	2	1	HUMAN,PANTR
MRPL13	2	1	HUMAN,PANTR
MRPL14	2	1	HUMAN,PANTR
MRPL15	2	1	HUMAN,PANTR
MRPL16	2	1	HUMAN,PANTR
MRPL17	2	1	HUMAN,PANTR
MRPL18	2	1	HUMAN,PANTR
MRPL19	2	1	HUMAN,PANTR
MRPL2	2	1	HUMAN,PANTR
MRPL20	2	1	HUMAN,PANTR
MRPL21	3	3	CANLF,HUMAN,PANTR
MRPL22	2	1	HUMAN,PANTR
MRPL23	2	1	HUMAN,PANTR
MRPL24	2	1	HUMAN,PANTR
MRPL27	2	1	HUMAN,PANTR
MRPL28	2	1	HUMAN,PANTR
MRPL3	2	1	HUMAN,PANTR
MRPL32	2	1	HUMAN,PANTR
MRPL33	2	1	HUMAN,PANTR
MRPL34	4	6	BOVIN,CANLF,HUMAN,PANTR
MRPL35	2	1	HUMAN,PANTR
MRPL36	2	1	HUMAN,PANTR
MRPL37	3	3	BOVIN,HUMAN,PANTR
MRPL38	2	1	HUMAN,PANTR
MRPL39	2	1	HUMAN,PANTR
MRPL4	2	1	HUMAN,PANTR
MRPL40	2	1	HUMAN,PANTR
MRPL41	2	1	HUMAN,PANTR
MRPL42	2	1	HUMAN,PANTR
MRPL43	2	1	HUMAN,PANTR
MRPL44	2	1	HUMAN,PANTR
MRPL45	2	1	HUMAN,PANTR
MRPL46	2	1	HUMAN,PANTR
MRPL47	2	1	HUMAN,PANTR
MRPL48	2	1	HUMAN,PANTR
MRPL49	2	1	HUMAN,PANTR
MRPL50	2	1	HUMAN,PANTR
MRPL51	2	1	HUMAN,PANTR
MRPL52	2	1	HUMAN,PANTR
MRPL54	2	1	HUMAN,PANTR
MRPL55	3	3	CANLF,HUMAN,PANTR
MRPL57	2	1	HUMAN,PANTR
MRPL58	2	1	HUMAN,PANTR
MRPL9	2	1	HUMAN,PANTR
MRPS10	2	1	HUMAN,PANTR
MRPS11	2	1	HUMAN,PANTR
MRPS12	2	1	HUMAN,PANTR
MRPS14	2	1	HUMAN,PANTR
MRPS15	2	1	HUMAN,PANTR
MRPS16	2	1	HUMAN,PANTR
MRPS18A	2	1	HUMAN,PANTR
MRPS18B	2	1	HUMAN,PANTR
MRPS18C	2	1	HUMAN,PANTR
MRPS2	2	1	HUMAN,PANTR
MRPS21	2	1	HUMAN,PANTR
MRPS22	2	1	HUMAN,PANTR
MRPS23	2	1	HUMAN,PANTR
MRPS24	2	1	HUMAN,PANTR
MRPS25	2	1	HUMAN,PANTR
MRPS26	2	1	HUMAN,PANTR
MRPS27	2	1	HUMAN,PANTR
MRPS30	2	1	HUMAN,PANTR
MRPS31	2	1	HUMAN,PANTR
MRPS33	2	1	HUMAN,PANTR
MRPS34	2	1	HUMAN,PANTR
MRPS35	2	1	HUMAN,PANTR
MRPS36	2	1	HUMAN,PANTR
MRPS5	2	1	HUMAN,PANTR
MRPS6	2	1	HUMAN,PANTR
MRPS7	2	1	HUMAN,PANTR
MRPS9	2	1	HUMAN,PANTR
MRRF	3	3	BOVIN,HUMAN,PANTR
MRS2	2	1	HUMAN,PANTR
MRTFA	2	1	HUMAN,PANTR
MRTFB	2	1	HUMAN,PANTR
MRTO4	3	3	CANLF,HUMAN,PANTR
MS4A1	3	3	CANLF,HUMAN,PANTR
MS4A10	3	3	BOVIN,HUMAN,PANTR
MS4A12	2	1	HUMAN,PANTR
MS4A13	2	1	HUMAN,PANTR
MS4A14	2	1	HUMAN,PANTR
MS4A15	3	3	BOVIN,HUMAN,PANTR
MS4A18	2	1	HUMAN,PANTR
MS4A2	2	1	HUMAN,PANTR
MS4A3	2	1	HUMAN,PANTR
MS4A4A	2	1	HUMAN,PANTR
MS4A5	2	1	HUMAN,PANTR
MS4A6A	2	1	HUMAN,PANTR
MS4A7	2	1	HUMAN,PANTR
MS4A8	2	1	HUMAN,PANTR
MSANTD1	2	1	HUMAN,PANTR
MSANTD2	2	1	HUMAN,PANTR
MSANTD4	3	3	BOVIN,HUMAN,PANTR
MSC	2	1	HUMAN,PANTR
MSGN1	2	1	HUMAN,PANTR
MSH3	2	1	HUMAN,PANTR
MSH4	2	1	HUMAN,PANTR
MSH6	2	1	HUMAN,PANTR
MSI1	2	1	HUMAN,PANTR
MSI2	2	1	HUMAN,PANTR
MSL1	2	1	HUMAN,PANTR
MSL2	2	1	HUMAN,PANTR
MSL3	3	3	CANLF,HUMAN,PANTR
MSLN	2	1	HUMAN,PANTR
MSMB	2	1	HUMAN,PANTR
MSMO1	2	1	HUMAN,PANTR
MSMP	2	1	HUMAN,PANTR
MSR1	2	1	HUMAN,PANTR
MSRA	2	1	HUMAN,PANTR
MSRB2	2	1	HUMAN,PANTR
MSRB3	2	1	HUMAN,PANTR
MSS51	3	3	CANLF,HUMAN,PANTR
MST1	3	3	CANLF,HUMAN,PANTR
MST1R	2	1	HUMAN,PANTR
MSTN	2	1	HUMAN,PANTR
MSTO1	2	1	HUMAN,PANTR
MSX1	3	3	CANLF,HUMAN,PANTR
MSX2	2	1	HUMAN,PANTR
MT-ATP6	4	6	BOVIN,CANLF,HUMAN,PANTR
MT-ATP8	4	6	BOVIN,CANLF,HUMAN,PANTR
MT-CO1	3	3	CANLF,HUMAN,PANTR
MT-CO2	4	6	BOVIN,CANLF,HUMAN,PANTR
MT-CO3	3	3	CANLF,HUMAN,PANTR
MT-CYB	4	6	BOVIN,CANLF,HUMAN,PANTR
MT-ND1	3	3	CANLF,HUMAN,PANTR
MT-ND2	4	6	BOVIN,CANLF,HUMAN,PANTR
MT-ND3	4	6	BOVIN,CANLF,HUMAN,PANTR
MT-ND4	4	6	BOVIN,CANLF,HUMAN,PANTR
MT-ND4L	3	3	BOVIN,HUMAN,PANTR
MT-ND5	3	3	CANLF,HUMAN,PANTR
MT-ND6	4	6	BOVIN,CANLF,HUMAN,PANTR
MT1A	2	1	HUMAN,PANTR
MT1HL1	2	1	HUMAN,PANTR
MT1X	2	1	HUMAN,PANTR
MT3	2	1	BOVIN,HUMAN
MT4	3	3	CANLF,HUMAN,PANTR
MTA2	2	1	HUMAN,PANTR
MTA3	2	1	HUMAN,PANTR
MTAP	3	3	CANLF,HUMAN,PANTR
MTARC1	2	1	HUMAN,PANTR
MTARC2	3	3	CANLF,HUMAN,PANTR
MTBP	2	1	HUMAN,PANTR
MTCH1	3	3	BOVIN,HUMAN,PANTR
MTCH2	2	1	HUMAN,PANTR
MTCL1	2	1	HUMAN,PANTR
MTCP1	2	1	HUMAN,PANTR
MTDH	2	1	HUMAN,PANTR
MTERF1	3	3	BOVIN,HUMAN,PANTR
MTERF2	2	1	HUMAN,PANTR
MTERF3	2	1	HUMAN,PANTR
MTERF4	2	1	HUMAN,PANTR
MTF1	2	1	HUMAN,PANTR
MTF2	2	1	HUMAN,PANTR
MTFMT	2	1	HUMAN,PANTR
MTFP1	3	3	CANLF,HUMAN,PANTR
MTFR1	2	1	HUMAN,PANTR
MTFR1L	2	1	HUMAN,PANTR
MTFR2	2	1	HUMAN,PANTR
MTG2	2	1	HUMAN,PANTR
MTHFD1	2	1	HUMAN,PANTR
MTHFD1L	3	3	BOVIN,CANLF,HUMAN
MTHFD2	2	1	BOVIN,HUMAN
MTHFD2L	2	1	CANLF,HUMAN
MTHFR	2	1	HUMAN,PANTR
MTHFS	2	1	HUMAN,PANTR
MTHFSD	2	1	HUMAN,PANTR
MTIF2	2	1	HUMAN,PANTR
MTIF3	2	1	HUMAN,PANTR
MTMR1	2	1	HUMAN,PANTR
MTMR10	2	1	HUMAN,PANTR
MTMR11	2	1	HUMAN,PANTR
MTMR12	2	1	HUMAN,PANTR
MTMR14	2	1	HUMAN,PANTR
MTMR2	2	1	HUMAN,PANTR
MTMR3	2	1	HUMAN,PANTR
MTMR4	2	1	HUMAN,PANTR
MTMR6	2	1	HUMAN,PANTR
MTMR7	2	1	HUMAN,PANTR
MTMR8	3	3	BOVIN,HUMAN,PANTR
MTNR1A	2	1	HUMAN,PANTR
MTNR1B	3	3	CANLF,HUMAN,PANTR
MTO1	2	1	HUMAN,PANTR
MTOR	2	1	HUMAN,PANTR
MTPAP	4	6	BOVIN,CANLF,HUMAN,PANTR
MTPN	3	3	CANLF,HUMAN,PANTR
MTR	2	1	HUMAN,PANTR
MTRES1	3	3	CANLF,HUMAN,PANTR
MTREX	2	1	HUMAN,PANTR
MTRF1	2	1	HUMAN,PANTR
MTRF1L	3	3	CANLF,HUMAN,PANTR
MTRFR	2	1	HUMAN,PANTR
MTRNR2L3	2	1	HUMAN,PANTR
MTRNR2L4	2	1	HUMAN,PANTR
MTRNR2L5	2	1	HUMAN,PANTR
MTRNR2L7	2	1	HUMAN,PANTR
MTRR	2	1	HUMAN,PANTR
MTSS1	2	1	HUMAN,PANTR
MTSS2	2	1	HUMAN,PANTR
MTTP	2	1	HUMAN,PANTR
MTURN	3	3	CANLF,HUMAN,PANTR
MTUS1	2	1	HUMAN,PANTR
MTUS2	2	1	HUMAN,PANTR
MTX1	4	6	BOVIN,CANLF,HUMAN,PANTR
MTX2	4	6	BOVIN,CANLF,HUMAN,PANTR
MTX3	4	6	BOVIN,CANLF,HUMAN,PANTR
MUC1	4	6	BOVIN,CANLF,HUMAN,PANTR
MUC13	2	1	HUMAN,PANTR
MUC22	2	1	HUMAN,PANTR
MUC4	3	3	BOVIN,CANLF,HUMAN
MUCL1	2	1	HUMAN,PANTR
MUCL3	2	1	HUMAN,PANTR
MUL1	2	1	HUMAN,PANTR
MUS81	2	1	HUMAN,PANTR
MUSK	2	1	HUMAN,PANTR
MUTYH	2	1	HUMAN,PANTR
MVB12A	2	1	HUMAN,PANTR
MVB12B	3	3	BOVIN,HUMAN,PANTR
MVD	2	1	HUMAN,PANTR
MVK	2	1	HUMAN,PANTR
MVP	2	1	HUMAN,PANTR
MX1	2	1	HUMAN,PANTR
MXD1	2	1	HUMAN,PANTR
MXD3	4	6	BOVIN,CANLF,HUMAN,PANTR
MXD4	2	1	HUMAN,PANTR
MXI1	2	1	HUMAN,PANTR
MXRA7	2	1	HUMAN,PANTR
MXRA8	3	3	CANLF,HUMAN,PANTR
MYADM	2	1	HUMAN,PANTR
MYADML2	2	1	HUMAN,PANTR
MYB	2	1	HUMAN,PANTR
MYBBP1A	2	1	HUMAN,PANTR
MYBL1	2	1	HUMAN,PANTR
MYBL2	2	1	HUMAN,PANTR
MYBPC1	2	1	HUMAN,PANTR
MYBPH	2	1	HUMAN,PANTR
MYBPHL	2	1	HUMAN,PANTR
MYCBP2	2	1	HUMAN,PANTR
MYCBPAP	2	1	HUMAN,PANTR
MYCL	2	1	HUMAN,PANTR
MYCT1	2	1	HUMAN,PANTR
MYD88	2	1	HUMAN,PANTR
MYDGF	2	1	HUMAN,PANTR
MYEF2	2	1	HUMAN,PANTR
MYF5	2	1	HUMAN,PANTR
MYF6	2	1	HUMAN,PANTR
MYG1	4	6	BOVIN,CANLF,HUMAN,PANTR
MYH1	3	3	BOVIN,HUMAN,PANTR
MYH10	2	1	HUMAN,PANTR
MYH11	2	1	HUMAN,PANTR
MYH13	3	3	BOVIN,HUMAN,PANTR
MYH14	2	1	HUMAN,PANTR
MYH15	2	1	HUMAN,PANTR
MYH2	2	1	HUMAN,PANTR
MYH3	2	1	HUMAN,PANTR
MYH4	3	3	BOVIN,HUMAN,PANTR
MYH6	3	3	BOVIN,HUMAN,PANTR
MYH7	3	3	CANLF,HUMAN,PANTR
MYH7B	2	1	HUMAN,PANTR
MYH8	2	1	HUMAN,PANTR
MYH9	2	1	HUMAN,PANTR
MYL1	2	1	HUMAN,PANTR
MYL10	2	1	HUMAN,PANTR
MYL12A	2	1	HUMAN,PANTR
MYL12B	2	1	HUMAN,PANTR
MYL2	2	1	HUMAN,PANTR
MYL3	2	1	HUMAN,PANTR
MYL4	3	3	CANLF,HUMAN,PANTR
MYL5	2	1	HUMAN,PANTR
MYL6	2	1	HUMAN,PANTR
MYL6B	2	1	HUMAN,PANTR
MYL7	2	1	HUMAN,PANTR
MYL9	3	3	BOVIN,HUMAN,PANTR
MYLIP	2	1	HUMAN,PANTR
MYLK	2	1	HUMAN,PANTR
MYLK2	2	1	HUMAN,PANTR
MYLK3	2	1	HUMAN,PANTR
MYLK4	2	1	HUMAN,PANTR
MYLPF	2	1	HUMAN,PANTR
MYMK	2	1	HUMAN,PANTR
MYMX	2	1	HUMAN,PANTR
MYNN	3	3	BOVIN,HUMAN,PANTR
MYO10	2	1	HUMAN,PANTR
MYO15A	2	1	HUMAN,PANTR
MYO15B	2	1	HUMAN,PANTR
MYO16	3	3	BOVIN,HUMAN,PANTR
MYO18A	2	1	HUMAN,PANTR
MYO18B	2	1	HUMAN,PANTR
MYO19	2	1	HUMAN,PANTR
MYO1A	2	1	HUMAN,PANTR
MYO1B	2	1	HUMAN,PANTR
MYO1C	2	1	HUMAN,PANTR
MYO1D	2	1	HUMAN,PANTR
MYO1E	2	1	HUMAN,PANTR
MYO1F	2	1	HUMAN,PANTR
MYO1G	2	1	HUMAN,PANTR
MYO1H	2	1	HUMAN,PANTR
MYO3A	2	1	HUMAN,PANTR
MYO3B	2	1	HUMAN,PANTR
MYO5A	2	1	HUMAN,PANTR
MYO5B	2	1	HUMAN,PANTR
MYO5C	2	1	HUMAN,PANTR
MYO6	2	1	HUMAN,PANTR
MYO7A	2	1	HUMAN,PANTR
MYO7B	2	1	HUMAN,PANTR
MYO9A	2	1	HUMAN,PANTR
MYO9B	2	1	HUMAN,PANTR
MYOC	2	1	HUMAN,PANTR
MYOCD	2	1	HUMAN,PANTR
MYOD1	2	1	HUMAN,PANTR
MYOF	2	1	HUMAN,PANTR
MYOG	2	1	HUMAN,PANTR
MYOM1	2	1	HUMAN,PANTR
MYOM2	2	1	HUMAN,PANTR
MYOM3	2	1	HUMAN,PANTR
MYORG	3	3	CANLF,HUMAN,PANTR
MYOT	4	6	BOVIN,CANLF,HUMAN,PANTR
MYOZ1	2	1	HUMAN,PANTR
MYOZ2	2	1	HUMAN,PANTR
MYOZ3	2	1	HUMAN,PANTR
MYPN	2	1	HUMAN,PANTR
MYPOP	2	1	HUMAN,PANTR
MYRF	2	1	HUMAN,PANTR
MYRFL	2	1	HUMAN,PANTR
MYRIP	2	1	HUMAN,PANTR
MYSM1	2	1	HUMAN,PANTR
MYT1	2	1	HUMAN,PANTR
MYT1L	3	3	BOVIN,HUMAN,PANTR
MYZAP	2	1	BOVIN,HUMAN
MZB1	2	1	HUMAN,PANTR
MZF1	2	1	HUMAN,PANTR
MZT1	2	1	HUMAN,PANTR
MZT2A	2	1	HUMAN,PANTR
N4BP1	2	1	HUMAN,PANTR
N4BP2	3	3	BOVIN,HUMAN,PANTR
N4BP2L1	3	3	BOVIN,HUMAN,PANTR
N4BP2L2	4	6	BOVIN,CANLF,HUMAN,PANTR
N4BP3	2	1	HUMAN,PANTR
N6AMT1	3	3	CANLF,HUMAN,PANTR
NAA10	3	3	CANLF,HUMAN,PANTR
NAA11	3	3	BOVIN,HUMAN,PANTR
NAA15	3	3	BOVIN,CANLF,HUMAN
NAA16	3	3	BOVIN,HUMAN,PANTR
NAA20	4	6	BOVIN,CANLF,HUMAN,PANTR
NAA25	4	6	BOVIN,CANLF,HUMAN,PANTR
NAA30	4	6	BOVIN,CANLF,HUMAN,PANTR
NAA35	4	6	BOVIN,CANLF,HUMAN,PANTR
NAA38	4	6	BOVIN,CANLF,HUMAN,PANTR
NAA40	4	6	BOVIN,CANLF,HUMAN,PANTR
NAA50	3	3	BOVIN,HUMAN,PANTR
NAA80	3	3	BOVIN,HUMAN,PANTR
NAAA	2	1	HUMAN,PANTR
NAALAD2	3	3	CANLF,HUMAN,PANTR
NAALADL1	2	1	HUMAN,PANTR
NAALADL2	2	1	HUMAN,PANTR
NAB1	2	1	HUMAN,PANTR
NAB2	2	1	HUMAN,PANTR
NABP1	2	1	HUMAN,PANTR
NABP2	2	1	HUMAN,PANTR
NACA2	2	1	HUMAN,PANTR
NACAD	2	1	HUMAN,PANTR
NACC1	2	1	HUMAN,PANTR
NACC2	2	1	HUMAN,PANTR
NADK	2	1	HUMAN,PANTR
NADK2	2	1	HUMAN,PANTR
NADSYN1	2	1	HUMAN,PANTR
NAE1	2	1	HUMAN,PANTR
NAF1	2	1	HUMAN,PANTR
NAGA	2	1	HUMAN,PANTR
NAGK	2	1	HUMAN,PANTR
NAGLU	2	1	HUMAN,PANTR
NAGPA	2	1	HUMAN,PANTR
NAGS	2	1	HUMAN,PANTR
NAIP	2	1	HUMAN,PANTR
NALCN	2	1	HUMAN,PANTR
NALF1	2	1	HUMAN,PANTR
NANOGNB	2	1	HUMAN,PANTR
NANOS1	2	1	HUMAN,PANTR
NANOS2	2	1	HUMAN,PANTR
NANOS3	3	3	CANLF,HUMAN,PANTR
NANP	2	1	HUMAN,PANTR
NANS	2	1	HUMAN,PANTR
NAP1L1	3	3	CANLF,HUMAN,PANTR
NAP1L2	2	1	CANLF,HUMAN
NAP1L3	2	1	HUMAN,PANTR
NAP1L4	2	1	HUMAN,PANTR
NAP1L5	2	1	HUMAN,PANTR
NAPA	2	1	HUMAN,PANTR
NAPB	2	1	HUMAN,PANTR
NAPEPLD	2	1	HUMAN,PANTR
NAPG	2	1	HUMAN,PANTR
NAPRT	2	1	HUMAN,PANTR
NAPSA	2	1	HUMAN,PANTR
NARF	3	3	BOVIN,HUMAN,PANTR
NARS1	2	1	HUMAN,PANTR
NARS2	2	1	HUMAN,PANTR
NASP	2	1	HUMAN,PANTR
NAT10	2	1	HUMAN,PANTR
NAT14	3	3	CANLF,HUMAN,PANTR
NAT16	2	1	HUMAN,PANTR
NAT9	2	1	HUMAN,PANTR
NATD1	2	1	HUMAN,PANTR
NAV1	2	1	HUMAN,PANTR
NAV2	2	1	HUMAN,PANTR
NAV3	2	1	HUMAN,PANTR
NAXD	3	3	BOVIN,HUMAN,PANTR
NAXE	4	6	BOVIN,CANLF,HUMAN,PANTR
NBAS	2	1	HUMAN,PANTR
NBEA	2	1	HUMAN,PANTR
NBEAL1	2	1	HUMAN,PANTR
NBEAL2	2	1	HUMAN,PANTR
NBL1	3	3	CANLF,HUMAN,PANTR
NBN	2	1	HUMAN,PANTR
NBPF3	2	1	HUMAN,PANTR
NBR1	2	1	HUMAN,PANTR
NCALD	2	1	HUMAN,PANTR
NCAM1	2	1	HUMAN,PANTR
NCAM2	2	1	HUMAN,PANTR
NCAN	2	1	HUMAN,PANTR
NCAPD2	2	1	HUMAN,PANTR
NCAPD3	2	1	HUMAN,PANTR
NCAPG	2	1	HUMAN,PANTR
NCAPG2	2	1	HUMAN,PANTR
NCAPH	2	1	HUMAN,PANTR
NCAPH2	2	1	HUMAN,PANTR
NCBP1	2	1	HUMAN,PANTR
NCBP2	2	1	HUMAN,PANTR
NCBP3	2	1	HUMAN,PANTR
NCDN	2	1	HUMAN,PANTR
NCEH1	2	1	HUMAN,PANTR
NCF1	2	1	HUMAN,PANTR
NCF2	2	1	HUMAN,PANTR
NCF4	2	1	HUMAN,PANTR
NCK1	3	3	CANLF,HUMAN,PANTR
NCK2	2	1	HUMAN,PANTR
NCKAP1	2	1	HUMAN,PANTR
NCKAP1L	2	1	HUMAN,PANTR
NCKAP5	3	3	BOVIN,HUMAN,PANTR
NCKAP5L	2	1	HUMAN,PANTR
NCKIPSD	2	1	HUMAN,PANTR
NCL	2	1	HUMAN,PANTR
NCLN	2	1	HUMAN,PANTR
NCMAP	2	1	HUMAN,PANTR
NCOA1	2	1	HUMAN,PANTR
NCOA2	2	1	HUMAN,PANTR
NCOA3	3	3	CANLF,HUMAN,PANTR
NCOA4	2	1	HUMAN,PANTR
NCOA5	2	1	HUMAN,PANTR
NCOA6	2	1	HUMAN,PANTR
NCOA7	2	1	HUMAN,PANTR
NCOR1	2	1	HUMAN,PANTR
NCOR2	3	3	CANLF,HUMAN,PANTR
NCR1	3	3	CANLF,HUMAN,PANTR
NCR2	2	1	HUMAN,PANTR
NCR3	2	1	HUMAN,PANTR
NCR3LG1	3	3	CANLF,HUMAN,PANTR
NCS1	2	1	HUMAN,PANTR
NCSTN	2	1	HUMAN,PANTR
NDC1	2	1	HUMAN,PANTR
NDC80	2	1	HUMAN,PANTR
NDE1	2	1	HUMAN,PANTR
NDEL1	2	1	HUMAN,PANTR
NDFIP1	2	1	HUMAN,PANTR
NDFIP2	2	1	HUMAN,PANTR
NDNF	2	1	HUMAN,PANTR
NDOR1	2	1	HUMAN,PANTR
NDP	2	1	HUMAN,PANTR
NDRG1	4	6	BOVIN,CANLF,HUMAN,PANTR
NDRG2	2	1	HUMAN,PANTR
NDRG3	2	1	HUMAN,PANTR
NDRG4	2	1	HUMAN,PANTR
NDST1	2	1	HUMAN,PANTR
NDST2	3	3	CANLF,HUMAN,PANTR
NDST3	3	3	BOVIN,HUMAN,PANTR
NDST4	2	1	HUMAN,PANTR
NDUFA1	2	1	HUMAN,PANTR
NDUFA10	3	3	BOVIN,HUMAN,PANTR
NDUFA12	2	1	HUMAN,PANTR
NDUFA13	2	1	HUMAN,PANTR
NDUFA2	2	1	HUMAN,PANTR
NDUFA3	2	1	HUMAN,PANTR
NDUFA4L2	2	1	HUMAN,PANTR
NDUFA5	2	1	HUMAN,PANTR
NDUFA6	2	1	HUMAN,PANTR
NDUFA8	2	1	HUMAN,PANTR
NDUFA9	3	3	BOVIN,HUMAN,PANTR
NDUFAB1	2	1	HUMAN,PANTR
NDUFAF1	2	1	HUMAN,PANTR
NDUFAF3	2	1	HUMAN,PANTR
NDUFAF4	2	1	HUMAN,PANTR
NDUFAF5	2	1	HUMAN,PANTR
NDUFAF6	2	1	HUMAN,PANTR
NDUFAF7	2	1	HUMAN,PANTR
NDUFAF8	2	1	HUMAN,PANTR
NDUFB1	2	1	HUMAN,PANTR
NDUFB10	2	1	HUMAN,PANTR
NDUFB11	2	1	HUMAN,PANTR
NDUFB2	2	1	HUMAN,PANTR
NDUFB3	2	1	HUMAN,PANTR
NDUFB4	2	1	HUMAN,PANTR
NDUFB5	2	1	HUMAN,PANTR
NDUFB6	2	1	HUMAN,PANTR
NDUFB7	2	1	HUMAN,PANTR
NDUFB8	3	3	CANLF,HUMAN,PANTR
NDUFB9	2	1	HUMAN,PANTR
NDUFS1	4	6	BOVIN,CANLF,HUMAN,PANTR
NDUFS2	2	1	HUMAN,PANTR
NDUFS3	2	1	HUMAN,PANTR
NDUFS4	3	3	CANLF,HUMAN,PANTR
NDUFS5	2	1	HUMAN,PANTR
NDUFS6	2	1	HUMAN,PANTR
NDUFS7	2	1	HUMAN,PANTR
NDUFS8	3	3	CANLF,HUMAN,PANTR
NDUFV1	2	1	HUMAN,PANTR
NDUFV2	2	1	CANLF,HUMAN
NDUFV3	2	1	HUMAN,PANTR
NEB	2	1	HUMAN,PANTR
NEBL	3	3	BOVIN,HUMAN,PANTR
NECAB1	2	1	HUMAN,PANTR
NECAB2	2	1	HUMAN,PANTR
NECAB3	2	1	HUMAN,PANTR
NECAP1	2	1	HUMAN,PANTR
NECAP2	2	1	HUMAN,PANTR
NECTIN1	3	3	BOVIN,HUMAN,PANTR
NECTIN2	4	6	BOVIN,CANLF,HUMAN,PANTR
NECTIN3	2	1	HUMAN,PANTR
NECTIN4	3	3	BOVIN,HUMAN,PANTR
NEDD1	2	1	HUMAN,PANTR
NEDD4	4	6	BOVIN,CANLF,HUMAN,PANTR
NEDD4L	2	1	HUMAN,PANTR
NEDD8	2	1	CANLF,HUMAN
NEDD9	2	1	HUMAN,PANTR
NEFH	2	1	HUMAN,PANTR
NEFL	2	1	HUMAN,PANTR
NEFM	2	1	HUMAN,PANTR
NEGR1	3	3	CANLF,HUMAN,PANTR
NEIL1	2	1	HUMAN,PANTR
NEIL2	2	1	HUMAN,PANTR
NEIL3	2	1	HUMAN,PANTR
NEK1	2	1	HUMAN,PANTR
NEK10	2	1	HUMAN,PANTR
NEK11	4	6	BOVIN,CANLF,HUMAN,PANTR
NEK2	2	1	HUMAN,PANTR
NEK3	2	1	HUMAN,PANTR
NEK4	2	1	HUMAN,PANTR
NEK5	2	1	HUMAN,PANTR
NEK6	2	1	HUMAN,PANTR
NEK7	2	1	HUMAN,PANTR
NEK8	3	3	BOVIN,HUMAN,PANTR
NEK9	2	1	HUMAN,PANTR
NELFA	2	1	HUMAN,PANTR
NELFB	2	1	HUMAN,PANTR
NELFCD	2	1	HUMAN,PANTR
NELFE	2	1	HUMAN,PANTR
NELL1	2	1	HUMAN,PANTR
NELL2	2	1	HUMAN,PANTR
NEMF	2	1	HUMAN,PANTR
NEMP1	3	3	BOVIN,HUMAN,PANTR
NEMP2	2	1	HUMAN,PANTR
NENF	2	1	HUMAN,PANTR
NEO1	2	1	HUMAN,PANTR
NEPRO	2	1	HUMAN,PANTR
NES	3	3	CANLF,HUMAN,PANTR
NET1	2	1	HUMAN,PANTR
NETO1	2	1	HUMAN,PANTR
NETO2	2	1	HUMAN,PANTR
NEU1	2	1	HUMAN,PANTR
NEU2	2	1	HUMAN,PANTR
NEU3	4	6	BOVIN,CANLF,HUMAN,PANTR
NEU4	2	1	HUMAN,PANTR
NEURL1	2	1	HUMAN,PANTR
NEURL1B	2	1	HUMAN,PANTR
NEURL2	2	1	HUMAN,PANTR
NEURL4	2	1	HUMAN,PANTR
NEUROD2	2	1	HUMAN,PANTR
NEUROD4	2	1	HUMAN,PANTR
NEUROD6	2	1	HUMAN,PANTR
NEUROG1	2	1	HUMAN,PANTR
NEUROG2	2	1	HUMAN,PANTR
NEUROG3	2	1	HUMAN,PANTR
NEXN	2	1	HUMAN,PANTR
NF1	2	1	HUMAN,PANTR
NF2	2	1	HUMAN,PANTR
NFAM1	2	1	HUMAN,PANTR
NFASC	2	1	HUMAN,PANTR
NFAT5	2	1	HUMAN,PANTR
NFATC1	2	1	HUMAN,PANTR
NFATC2	2	1	HUMAN,PANTR
NFATC3	2	1	HUMAN,PANTR
NFATC4	2	1	HUMAN,PANTR
NFE2	2	1	HUMAN,PANTR
NFE2L1	2	1	HUMAN,PANTR
NFE2L2	2	1	HUMAN,PANTR
NFE2L3	2	1	HUMAN,PANTR
NFIA	2	1	HUMAN,PANTR
NFIB	2	1	HUMAN,PANTR
NFIC	2	1	HUMAN,PANTR
NFIL3	2	1	HUMAN,PANTR
NFIX	2	1	HUMAN,PANTR
NFKB1	2	1	HUMAN,PANTR
NFKB2	2	1	HUMAN,PANTR
NFKBIA	2	1	HUMAN,PANTR
NFKBIB	2	1	HUMAN,PANTR
NFKBID	3	3	CANLF,HUMAN,PANTR
NFKBIE	2	1	HUMAN,PANTR
NFKBIL1	2	1	HUMAN,PANTR
NFKBIZ	2	1	HUMAN,PANTR
NFRKB	2	1	HUMAN,PANTR
NFS1	2	1	HUMAN,PANTR
NFU1	2	1	HUMAN,PANTR
NFX1	2	1	HUMAN,PANTR
NFXL1	2	1	HUMAN,PANTR
NFYA	2	1	HUMAN,PANTR
NFYB	2	1	HUMAN,PANTR
NFYC	2	1	HUMAN,PANTR
NGB	2	1	HUMAN,PANTR
NGDN	2	1	HUMAN,PANTR
NGEF	2	1	HUMAN,PANTR
NGFR	3	3	CANLF,HUMAN,PANTR
NGLY1	2	1	HUMAN,PANTR
NGRN	4	6	BOVIN,CANLF,HUMAN,PANTR
NHEJ1	2	1	HUMAN,PANTR
NHLH1	2	1	HUMAN,PANTR
NHLH2	2	1	HUMAN,PANTR
NHLRC1	2	1	HUMAN,PANTR
NHLRC2	2	1	HUMAN,PANTR
NHLRC3	2	1	HUMAN,PANTR
NHLRC4	2	1	HUMAN,PANTR
NHP2	2	1	HUMAN,PANTR
NHS	2	1	HUMAN,PANTR
NHSL1	2	1	HUMAN,PANTR
NHSL2	2	1	HUMAN,PANTR
NIBAN1	2	1	HUMAN,PANTR
NIBAN2	2	1	HUMAN,PANTR
NIBAN3	2	1	BOVIN,HUMAN
NICN1	2	1	HUMAN,PANTR
NID1	3	3	BOVIN,HUMAN,PANTR
NID2	3	3	CANLF,HUMAN,PANTR
NIF3L1	2	1	HUMAN,PANTR
NIFK	2	1	HUMAN,PANTR
NIM1K	3	3	CANLF,HUMAN,PANTR
NIN	2	1	HUMAN,PANTR
NINJ1	2	1	HUMAN,PANTR
NINJ2	2	1	HUMAN,PANTR
NINL	2	1	HUMAN,PANTR
NIP7	2	1	HUMAN,PANTR
NIPA2	2	1	HUMAN,PANTR
NIPAL1	2	1	HUMAN,PANTR
NIPAL2	2	1	HUMAN,PANTR
NIPAL3	2	1	HUMAN,PANTR
NIPAL4	2	1	HUMAN,PANTR
NIPBL	2	1	HUMAN,PANTR
NIPSNAP1	2	1	HUMAN,PANTR
NIPSNAP2	2	1	HUMAN,PANTR
NIPSNAP3A	2	1	HUMAN,PANTR
NIPSNAP3B	2	1	HUMAN,PANTR
NISCH	2	1	HUMAN,PANTR
NIT1	3	3	CANLF,HUMAN,PANTR
NIT2	2	1	HUMAN,PANTR
NKAIN1	2	1	HUMAN,PANTR
NKAIN2	2	1	HUMAN,PANTR
NKAIN3	2	1	HUMAN,PANTR
NKAIN4	2	1	HUMAN,PANTR
NKAP	2	1	HUMAN,PANTR
NKAPD1	2	1	HUMAN,PANTR
NKAPL	3	3	BOVIN,HUMAN,PANTR
NKD1	2	1	HUMAN,PANTR
NKD2	3	3	CANLF,HUMAN,PANTR
NKG7	2	1	HUMAN,PANTR
NKIRAS1	2	1	HUMAN,PANTR
NKIRAS2	2	1	HUMAN,PANTR
NKPD1	3	3	CANLF,HUMAN,PANTR
NKRF	3	3	CANLF,HUMAN,PANTR
NKTR	3	3	CANLF,HUMAN,PANTR
NKX1-1	2	1	HUMAN,PANTR
NKX1-2	2	1	HUMAN,PANTR
NKX2-1	2	1	HUMAN,PANTR
NKX2-2	2	1	HUMAN,PANTR
NKX2-3	3	3	CANLF,HUMAN,PANTR
NKX2-4	2	1	HUMAN,PANTR
NKX2-5	2	1	HUMAN,PANTR
NKX2-6	2	1	HUMAN,PANTR
NKX2-8	2	1	HUMAN,PANTR
NKX3-1	2	1	HUMAN,PANTR
NKX3-2	2	1	HUMAN,PANTR
NKX6-1	2	1	HUMAN,PANTR
NKX6-2	2	1	HUMAN,PANTR
NKX6-3	2	1	HUMAN,PANTR
NLE1	2	1	HUMAN,PANTR
NLGN1	2	1	HUMAN,PANTR
NLGN2	3	3	BOVIN,HUMAN,PANTR
NLGN3	2	1	HUMAN,PANTR
NLGN4X	2	1	HUMAN,PANTR
NLGN4Y	2	1	HUMAN,PANTR
NLK	2	1	HUMAN,PANTR
NLN	2	1	HUMAN,PANTR
NLRC3	2	1	HUMAN,PANTR
NLRC4	2	1	HUMAN,PANTR
NLRC5	2	1	HUMAN,PANTR
NLRP1	2	1	HUMAN,PANTR
NLRP10	2	1	HUMAN,PANTR
NLRP11	2	1	HUMAN,PANTR
NLRP12	3	3	BOVIN,HUMAN,PANTR
NLRP13	2	1	HUMAN,PANTR
NLRP14	2	1	HUMAN,PANTR
NLRP2	2	1	HUMAN,PANTR
NLRP3	2	1	HUMAN,PANTR
NLRP4	2	1	HUMAN,PANTR
NLRP5	2	1	HUMAN,PANTR
NLRP6	2	1	HUMAN,PANTR
NLRP7	2	1	HUMAN,PANTR
NLRP8	2	1	HUMAN,PANTR
NLRP9	2	1	HUMAN,PANTR
NLRX1	2	1	HUMAN,PANTR
NMB	2	1	HUMAN,PANTR
NMBR	2	1	HUMAN,PANTR
NMD3	2	1	HUMAN,PANTR
NME3	2	1	HUMAN,PANTR
NME5	2	1	HUMAN,PANTR
NME6	2	1	HUMAN,PANTR
NME7	2	1	HUMAN,PANTR
NME8	2	1	HUMAN,PANTR
NME9	2	1	HUMAN,PANTR
NMI	3	3	BOVIN,HUMAN,PANTR
NMNAT1	2	1	HUMAN,PANTR
NMNAT2	2	1	HUMAN,PANTR
NMNAT3	2	1	HUMAN,PANTR
NMRAL1	2	1	HUMAN,PANTR
NMRK1	2	1	HUMAN,PANTR
NMS	2	1	HUMAN,PANTR
NMT1	2	1	HUMAN,PANTR
NMT2	3	3	CANLF,HUMAN,PANTR
NMU	2	1	HUMAN,PANTR
NMUR1	3	3	CANLF,HUMAN,PANTR
NMUR2	2	1	HUMAN,PANTR
NNAT	2	1	HUMAN,PANTR
NNMT	2	1	HUMAN,PANTR
NNT	2	1	HUMAN,PANTR
NOA1	3	3	BOVIN,HUMAN,PANTR
NOB1	4	6	BOVIN,CANLF,HUMAN,PANTR
NOBOX	2	1	HUMAN,PANTR
NOC2L	2	1	HUMAN,PANTR
NOC3L	2	1	HUMAN,PANTR
NOC4L	2	1	HUMAN,PANTR
NOCT	2	1	HUMAN,PANTR
NOD1	2	1	HUMAN,PANTR
NOD2	2	1	HUMAN,PANTR
NODAL	2	1	HUMAN,PANTR
NOG	2	1	HUMAN,PANTR
NOL10	2	1	HUMAN,PANTR
NOL11	2	1	HUMAN,PANTR
NOL12	2	1	HUMAN,PANTR
NOL3	2	1	HUMAN,PANTR
NOL4	2	1	HUMAN,PANTR
NOL4L	3	3	CANLF,HUMAN,PANTR
NOL6	2	1	HUMAN,PANTR
NOL7	2	1	HUMAN,PANTR
NOL8	3	3	CANLF,HUMAN,PANTR
NOL9	3	3	CANLF,HUMAN,PANTR
NOLC1	2	1	HUMAN,PANTR
NOM1	2	1	HUMAN,PANTR
NONO	3	3	CANLF,HUMAN,PANTR
NOP10	2	1	HUMAN,PANTR
NOP14	2	1	HUMAN,PANTR
NOP16	2	1	HUMAN,PANTR
NOP2	2	1	HUMAN,PANTR
NOP53	2	1	HUMAN,PANTR
NOP56	2	1	HUMAN,PANTR
NOP58	2	1	HUMAN,PANTR
NOP9	2	1	HUMAN,PANTR
NOPCHAP1	3	3	BOVIN,HUMAN,PANTR
NOS1	2	1	HUMAN,PANTR
NOS1AP	3	3	BOVIN,HUMAN,PANTR
NOS2	2	1	HUMAN,PANTR
NOS3	2	1	HUMAN,PANTR
NOSIP	3	3	CANLF,HUMAN,PANTR
NOSTRIN	2	1	HUMAN,PANTR
NOTCH1	2	1	HUMAN,PANTR
NOTCH3	2	1	HUMAN,PANTR
NOTCH4	2	1	HUMAN,PANTR
NOTO	2	1	HUMAN,PANTR
NOTUM	2	1	HUMAN,PANTR
NOVA1	2	1	HUMAN,PANTR
NOVA2	3	3	CANLF,HUMAN,PANTR
NOX3	2	1	HUMAN,PANTR
NOX4	2	1	HUMAN,PANTR
NOXA1	2	1	CANLF,HUMAN
NOXO1	2	1	HUMAN,PANTR
NOXRED1	2	1	HUMAN,PANTR
NPAP1	2	1	HUMAN,PANTR
NPAS1	2	1	HUMAN,PANTR
NPAS2	2	1	HUMAN,PANTR
NPAS3	2	1	HUMAN,PANTR
NPAS4	2	1	HUMAN,PANTR
NPAT	2	1	HUMAN,PANTR
NPB	2	1	HUMAN,PANTR
NPBWR1	2	1	HUMAN,PANTR
NPBWR2	2	1	HUMAN,PANTR
NPC1	2	1	HUMAN,PANTR
NPC1L1	2	1	HUMAN,PANTR
NPC2	2	1	HUMAN,PANTR
NPDC1	2	1	HUMAN,PANTR
NPEPL1	2	1	HUMAN,PANTR
NPEPPS	3	3	BOVIN,HUMAN,PANTR
NPFF	2	1	HUMAN,PANTR
NPFFR1	2	1	HUMAN,PANTR
NPFFR2	2	1	HUMAN,PANTR
NPHP1	2	1	HUMAN,PANTR
NPHP3	2	1	HUMAN,PANTR
NPHP4	2	1	HUMAN,PANTR
NPHS1	2	1	HUMAN,PANTR
NPHS2	3	3	CANLF,HUMAN,PANTR
NPL	2	1	HUMAN,PANTR
NPLOC4	2	1	HUMAN,PANTR
NPM2	2	1	HUMAN,PANTR
NPM3	2	1	HUMAN,PANTR
NPNT	2	1	HUMAN,PANTR
NPPA	2	1	HUMAN,PANTR
NPPB	2	1	HUMAN,PANTR
NPPC	2	1	HUMAN,PANTR
NPR1	2	1	HUMAN,PANTR
NPR2	2	1	HUMAN,PANTR
NPR3	2	1	HUMAN,PANTR
NPRL3	2	1	HUMAN,PANTR
NPS	3	3	CANLF,HUMAN,PANTR
NPSR1	3	3	CANLF,HUMAN,PANTR
NPTN	2	1	HUMAN,PANTR
NPTX1	2	1	HUMAN,PANTR
NPTX2	2	1	HUMAN,PANTR
NPTXR	2	1	HUMAN,PANTR
NPVF	2	1	HUMAN,PANTR
NPW	2	1	HUMAN,PANTR
NPY	2	1	HUMAN,PANTR
NPY1R	2	1	HUMAN,PANTR
NPY2R	2	1	HUMAN,PANTR
NPY4R	2	1	HUMAN,PANTR
NPY5R	2	1	HUMAN,PANTR
NQO1	4	6	BOVIN,CANLF,HUMAN,PANTR
NQO2	3	3	CANLF,HUMAN,PANTR
NR0B1	2	1	HUMAN,PANTR
NR0B2	2	1	HUMAN,PANTR
NR1D1	2	1	HUMAN,PANTR
NR1D2	2	1	HUMAN,PANTR
NR1H2	2	1	HUMAN,PANTR
NR1H3	2	1	HUMAN,PANTR
NR1H4	2	1	HUMAN,PANTR
NR1I2	3	3	CANLF,HUMAN,PANTR
NR1I3	2	1	HUMAN,PANTR
NR2C1	2	1	HUMAN,PANTR
NR2C2	2	1	HUMAN,PANTR
NR2C2AP	2	1	HUMAN,PANTR
NR2E1	2	1	HUMAN,PANTR
NR2E3	2	1	HUMAN,PANTR
NR2F1	2	1	HUMAN,PANTR
NR2F2	2	1	HUMAN,PANTR
NR2F6	2	1	HUMAN,PANTR
NR3C1	2	1	HUMAN,PANTR
NR3C2	2	1	HUMAN,PANTR
NR4A1	2	1	HUMAN,PANTR
NR4A2	2	1	HUMAN,PANTR
NR4A3	2	1	HUMAN,PANTR
NR5A1	2	1	CANLF,HUMAN
NR5A2	2	1	HUMAN,PANTR
NR6A1	2	1	HUMAN,PANTR
NRAP	2	1	HUMAN,PANTR
NRARP	2	1	HUMAN,PANTR
NRAS	2	1	HUMAN,PANTR
NRBF2	2	1	HUMAN,PANTR
NRBP1	2	1	HUMAN,PANTR
NRBP2	2	1	HUMAN,PANTR
NRCAM	2	1	HUMAN,PANTR
NRDC	2	1	HUMAN,PANTR
NREP	3	3	CANLF,HUMAN,PANTR
NRF1	2	1	HUMAN,PANTR
NRG1	2	1	HUMAN,PANTR
NRG2	3	3	BOVIN,HUMAN,PANTR
NRG3	3	3	CANLF,HUMAN,PANTR
NRG4	2	1	HUMAN,PANTR
NRGN	3	3	CANLF,HUMAN,PANTR
NRIP1	2	1	HUMAN,PANTR
NRIP2	2	1	HUMAN,PANTR
NRIP3	2	1	HUMAN,PANTR
NRK	2	1	HUMAN,PANTR
NRL	3	3	BOVIN,HUMAN,PANTR
NRM	2	1	HUMAN,PANTR
NRN1	2	1	HUMAN,PANTR
NRN1L	2	1	HUMAN,PANTR
NRP1	2	1	HUMAN,PANTR
NRP2	2	1	HUMAN,PANTR
NRROS	3	3	BOVIN,HUMAN,PANTR
NRSN1	2	1	HUMAN,PANTR
NRSN2	2	1	HUMAN,PANTR
NRTN	2	1	HUMAN,PANTR
NSA2	2	1	HUMAN,PANTR
NSD1	2	1	HUMAN,PANTR
NSD2	2	1	HUMAN,PANTR
NSDHL	3	3	BOVIN,HUMAN,PANTR
NSF	2	1	HUMAN,PANTR
NSFL1C	2	1	HUMAN,PANTR
NSG2	3	3	CANLF,HUMAN,PANTR
NSL1	2	1	HUMAN,PANTR
NSMAF	2	1	HUMAN,PANTR
NSMCE1	2	1	HUMAN,PANTR
NSMCE2	3	3	BOVIN,HUMAN,PANTR
NSMCE4A	3	3	CANLF,HUMAN,PANTR
NSMF	2	1	HUMAN,PANTR
NSRP1	2	1	HUMAN,PANTR
NSUN2	2	1	HUMAN,PANTR
NSUN3	2	1	HUMAN,PANTR
NSUN4	4	6	BOVIN,CANLF,HUMAN,PANTR
NSUN5	2	1	HUMAN,PANTR
NSUN6	2	1	HUMAN,PANTR
NSUN7	2	1	HUMAN,PANTR
NT5C	2	1	HUMAN,PANTR
NT5C3A	2	1	HUMAN,PANTR
NT5C3B	2	1	HUMAN,PANTR
NT5DC1	2	1	HUMAN,PANTR
NT5DC2	2	1	HUMAN,PANTR
NT5DC3	2	1	HUMAN,PANTR
NT5DC4	2	1	HUMAN,PANTR
NT5E	2	1	HUMAN,PANTR
NT5M	2	1	HUMAN,PANTR
NTAN1	3	3	CANLF,HUMAN,PANTR
NTAQ1	2	1	HUMAN,PANTR
NTF3	2	1	HUMAN,PANTR
NTF4	2	1	HUMAN,PANTR
NTHL1	2	1	HUMAN,PANTR
NTM	2	1	HUMAN,PANTR
NTMT1	2	1	HUMAN,PANTR
NTMT2	2	1	HUMAN,PANTR
NTN1	2	1	HUMAN,PANTR
NTN3	2	1	HUMAN,PANTR
NTN4	2	1	HUMAN,PANTR
NTN5	2	1	HUMAN,PANTR
NTNG1	2	1	HUMAN,PANTR
NTNG2	2	1	HUMAN,PANTR
NTRK1	2	1	HUMAN,PANTR
NTRK2	2	1	HUMAN,PANTR
NTRK3	2	1	HUMAN,PANTR
NTS	2	1	HUMAN,PANTR
NTSR1	2	1	HUMAN,PANTR
NTSR2	2	1	HUMAN,PANTR
NUAK1	2	1	HUMAN,PANTR
NUAK2	3	3	CANLF,HUMAN,PANTR
NUB1	2	1	HUMAN,PANTR
NUBP1	2	1	HUMAN,PANTR
NUBP2	2	1	HUMAN,PANTR
NUBPL	2	1	HUMAN,PANTR
NUCB1	3	3	CANLF,HUMAN,PANTR
NUCB2	2	1	HUMAN,PANTR
NUCKS1	3	3	CANLF,HUMAN,PANTR
NUDC	2	1	HUMAN,PANTR
NUDCD1	2	1	HUMAN,PANTR
NUDCD2	2	1	HUMAN,PANTR
NUDCD3	2	1	HUMAN,PANTR
NUDT1	2	1	HUMAN,PANTR
NUDT12	2	1	HUMAN,PANTR
NUDT13	2	1	HUMAN,PANTR
NUDT14	2	1	HUMAN,PANTR
NUDT16	2	1	HUMAN,PANTR
NUDT16L1	2	1	HUMAN,PANTR
NUDT17	2	1	HUMAN,PANTR
NUDT18	2	1	HUMAN,PANTR
NUDT19	2	1	HUMAN,PANTR
NUDT2	2	1	HUMAN,PANTR
NUDT21	2	1	HUMAN,PANTR
NUDT22	3	3	CANLF,HUMAN,PANTR
NUDT3	3	3	CANLF,HUMAN,PANTR
NUDT4	3	3	CANLF,HUMAN,PANTR
NUDT5	2	1	HUMAN,PANTR
NUDT6	3	3	CANLF,HUMAN,PANTR
NUDT7	2	1	HUMAN,PANTR
NUDT8	2	1	HUMAN,PANTR
NUDT9	2	1	HUMAN,PANTR
NUF2	2	1	HUMAN,PANTR
NUFIP1	2	1	HUMAN,PANTR
NUFIP2	2	1	HUMAN,PANTR
NUGGC	2	1	HUMAN,PANTR
NUMA1	2	1	HUMAN,PANTR
NUMBL	2	1	HUMAN,PANTR
NUP107	2	1	HUMAN,PANTR
NUP133	2	1	HUMAN,PANTR
NUP153	2	1	HUMAN,PANTR
NUP155	2	1	HUMAN,PANTR
NUP160	2	1	HUMAN,PANTR
NUP205	2	1	HUMAN,PANTR
NUP210	2	1	HUMAN,PANTR
NUP210L	2	1	HUMAN,PANTR
NUP214	2	1	HUMAN,PANTR
NUP35	2	1	HUMAN,PANTR
NUP37	2	1	HUMAN,PANTR
NUP42	2	1	HUMAN,PANTR
NUP43	2	1	HUMAN,PANTR
NUP54	2	1	HUMAN,PANTR
NUP58	2	1	HUMAN,PANTR
NUP85	2	1	HUMAN,PANTR
NUP88	2	1	HUMAN,PANTR
NUP93	2	1	HUMAN,PANTR
NUP98	2	1	HUMAN,PANTR
NUPR1	3	3	CANLF,HUMAN,PANTR
NUSAP1	2	1	HUMAN,PANTR
NUTF2	2	1	HUMAN,PANTR
NUTM1	2	1	HUMAN,PANTR
NVL	2	1	HUMAN,PANTR
NWD1	2	1	HUMAN,PANTR
NWD2	2	1	HUMAN,PANTR
NXF1	2	1	HUMAN,PANTR
NXF3	2	1	HUMAN,PANTR
NXF5	2	1	HUMAN,PANTR
NXN	2	1	HUMAN,PANTR
NXNL1	2	1	HUMAN,PANTR
NXNL2	2	1	HUMAN,PANTR
NXPE1	2	1	HUMAN,PANTR
NXPE2	2	1	HUMAN,PANTR
NXPE3	2	1	HUMAN,PANTR
NXPE4	2	1	HUMAN,PANTR
NXPH1	2	1	HUMAN,PANTR
NXPH2	2	1	HUMAN,PANTR
NXPH4	2	1	HUMAN,PANTR
NXT1	2	1	HUMAN,PANTR
NXT2	2	1	HUMAN,PANTR
NYAP1	2	1	HUMAN,PANTR
NYAP2	3	3	BOVIN,HUMAN,PANTR
NYNRIN	2	1	HUMAN,PANTR
NYX	2	1	HUMAN,PANTR
OAF	2	1	HUMAN,PANTR
OARD1	2	1	HUMAN,PANTR
OAS1	2	1	HUMAN,PANTR
OAS2	2	1	HUMAN,PANTR
OAS3	2	1	HUMAN,PANTR
OASL	2	1	HUMAN,PANTR
OAT	3	3	CANLF,HUMAN,PANTR
OAZ1	4	6	BOVIN,CANLF,HUMAN,PANTR
OAZ2	2	1	HUMAN,PANTR
OAZ3	2	1	HUMAN,PANTR
OBI1	2	1	HUMAN,PANTR
OBSCN	2	1	HUMAN,PANTR
OBSL1	2	1	HUMAN,PANTR
OCA2	2	1	HUMAN,PANTR
OCEL1	2	1	HUMAN,PANTR
OCIAD1	3	3	BOVIN,HUMAN,PANTR
OCIAD2	2	1	HUMAN,PANTR
OCLN	2	1	HUMAN,PANTR
OCM	4	4	CANLF,HUMAN,PANTR
OCRL	2	1	HUMAN,PANTR
OCSTAMP	3	3	CANLF,HUMAN,PANTR
ODAD1	2	1	HUMAN,PANTR
ODAD2	2	1	HUMAN,PANTR
ODAD3	2	1	HUMAN,PANTR
ODAD4	2	1	HUMAN,PANTR
ODAPH	2	1	HUMAN,PANTR
ODC1	2	1	HUMAN,PANTR
ODF1	2	1	HUMAN,PANTR
ODF2	2	1	HUMAN,PANTR
ODF2L	2	1	HUMAN,PANTR
ODF3	2	1	HUMAN,PANTR
ODF3B	2	1	HUMAN,PANTR
ODF3L1	3	3	BOVIN,HUMAN,PANTR
ODF4	4	6	BOVIN,CANLF,HUMAN,PANTR
ODR4	2	1	HUMAN,PANTR
OFD1	2	1	HUMAN,PANTR
OGA	2	1	HUMAN,PANTR
OGDH	2	1	HUMAN,PANTR
OGDHL	2	1	HUMAN,PANTR
OGFOD1	2	1	HUMAN,PANTR
OGFOD2	2	1	HUMAN,PANTR
OGFOD3	2	1	HUMAN,PANTR
OGFR	2	1	HUMAN,PANTR
OGFRL1	2	1	HUMAN,PANTR
OGG1	2	1	HUMAN,PANTR
OGN	2	1	HUMAN,PANTR
OIP5	2	1	HUMAN,PANTR
OLA1	2	1	HUMAN,PANTR
OLAH	3	3	BOVIN,HUMAN,PANTR
OLFM1	3	3	CANLF,HUMAN,PANTR
OLFM2	2	1	HUMAN,PANTR
OLFM3	2	1	HUMAN,PANTR
OLFM4	2	1	HUMAN,PANTR
OLFML1	2	1	HUMAN,PANTR
OLFML2A	2	1	HUMAN,PANTR
OLFML2B	3	3	CANLF,HUMAN,PANTR
OLFML3	2	1	HUMAN,PANTR
OLIG1	2	1	CANLF,HUMAN
OLIG3	2	1	HUMAN,PANTR
OLR1	2	1	HUMAN,PANTR
OMA1	2	1	HUMAN,PANTR
OMD	2	1	HUMAN,PANTR
OMG	2	1	HUMAN,PANTR
ONECUT1	2	1	HUMAN,PANTR
ONECUT2	4	6	BOVIN,CANLF,HUMAN,PANTR
ONECUT3	2	1	HUMAN,PANTR
OOEP	2	1	HUMAN,PANTR
OPA1	2	1	HUMAN,PANTR
OPA3	2	1	HUMAN,PANTR
OPALIN	2	1	HUMAN,PANTR
OPHN1	2	1	HUMAN,PANTR
OPLAH	3	3	BOVIN,HUMAN,PANTR
OPN1LW	2	1	HUMAN,PANTR
OPN1SW	2	1	HUMAN,PANTR
OPN3	2	1	HUMAN,PANTR
OPN4	3	3	CANLF,HUMAN,PANTR
OPN5	2	1	HUMAN,PANTR
OPRD1	3	3	BOVIN,HUMAN,PANTR
OPRK1	2	1	HUMAN,PANTR
OPRL1	2	1	HUMAN,PANTR
OPRM1	2	1	HUMAN,PANTR
OPRPN	2	1	HUMAN,PANTR
OPTC	2	1	HUMAN,PANTR
OPTN	2	1	HUMAN,PANTR
OR10A3	3	3	BOVIN,CANLF,HUMAN
OR10A4	3	3	BOVIN,CANLF,HUMAN
OR10A5	4	6	BOVIN,CANLF,HUMAN,PANTR
OR10A6	3	3	BOVIN,HUMAN,PANTR
OR10A7	3	3	BOVIN,CANLF,HUMAN
OR10AB2	2	1	BOVIN,CANLF
OR10AC1	3	3	BOVIN,CANLF,HUMAN
OR10AG1	3	3	BOVIN,CANLF,HUMAN
OR10AG63	2	1	BOVIN,CANLF
OR10AG64	2	1	BOVIN,CANLF
OR10AG65	2	1	BOVIN,CANLF
OR10AI1	2	1	BOVIN,CANLF
OR10AL40	2	1	BOVIN,CANLF
OR10C1	3	3	BOVIN,HUMAN,PANTR
OR10D3	3	3	BOVIN,HUMAN,PANTR
OR10D4	2	1	BOVIN,CANLF
OR10D5	2	1	BOVIN,CANLF
OR10G3	3	3	BOVIN,HUMAN,PANTR
OR10G6	3	3	BOVIN,CANLF,HUMAN
OR10G7	2	1	HUMAN,PANTR
OR10G9	2	1	CANLF,HUMAN
OR10H1	2	1	BOVIN,HUMAN
OR10H2	2	1	CANLF,HUMAN
OR10H3	2	1	HUMAN,PANTR
OR10H4	3	3	BOVIN,HUMAN,PANTR
OR10J1	2	1	BOVIN,HUMAN
OR10J2	2	1	BOVIN,CANLF
OR10J3	2	1	BOVIN,HUMAN
OR10J4	3	3	BOVIN,CANLF,HUMAN
OR10J5	3	3	BOVIN,HUMAN,PANTR
OR10K1	4	6	BOVIN,CANLF,HUMAN,PANTR
OR10K2	4	6	BOVIN,CANLF,HUMAN,PANTR
OR10P1	2	1	BOVIN,HUMAN
OR10Q1	3	3	CANLF,HUMAN,PANTR
OR10R2	3	3	BOVIN,HUMAN,PANTR
OR10S1	3	3	BOVIN,CANLF,HUMAN
OR10T1	2	1	BOVIN,CANLF
OR10T2	4	6	BOVIN,CANLF,HUMAN,PANTR
OR10V1	4	6	BOVIN,CANLF,HUMAN,PANTR
OR10W1	3	3	BOVIN,CANLF,HUMAN
OR10X1	2	1	BOVIN,HUMAN
OR10Z1	4	6	BOVIN,CANLF,HUMAN,PANTR
OR11A1	3	3	BOVIN,HUMAN,PANTR
OR11G11	2	1	BOVIN,CANLF
OR11G2	2	1	BOVIN,HUMAN
OR11G2B	2	1	BOVIN,CANLF
OR11G7	2	1	BOVIN,CANLF
OR11G9	2	1	BOVIN,CANLF
OR11H12	3	3	BOVIN,CANLF,HUMAN
OR11H4	3	3	BOVIN,HUMAN,PANTR
OR11H6	4	6	BOVIN,CANLF,HUMAN,PANTR
OR11H7	3	3	BOVIN,CANLF,HUMAN
OR11J4	2	1	BOVIN,CANLF
OR11J6	2	1	BOVIN,CANLF
OR11K2	2	1	BOVIN,CANLF
OR11L1	2	1	BOVIN,HUMAN
OR12D2	2	1	BOVIN,HUMAN
OR12D3	2	1	BOVIN,HUMAN
OR13A1	4	6	BOVIN,CANLF,HUMAN,PANTR
OR13C1	2	1	BOVIN,CANLF
OR13C2	4	6	BOVIN,CANLF,HUMAN,PANTR
OR13C3	4	6	BOVIN,CANLF,HUMAN,PANTR
OR13C4	2	1	CANLF,HUMAN
OR13C5	2	1	HUMAN,PANTR
OR13C7	2	1	BOVIN,HUMAN
OR13C8	4	6	BOVIN,CANLF,HUMAN,PANTR
OR13D1	3	3	CANLF,HUMAN,PANTR
OR13D2	2	1	BOVIN,CANLF
OR13E1	2	1	BOVIN,CANLF
OR13F1	3	3	CANLF,HUMAN,PANTR
OR13F1B	2	1	BOVIN,CANLF
OR13G1	3	3	CANLF,HUMAN,PANTR
OR13H1	3	3	BOVIN,HUMAN,PANTR
OR13J1	4	6	BOVIN,CANLF,HUMAN,PANTR
OR13L2	2	1	BOVIN,CANLF
OR13P4	2	1	BOVIN,CANLF
OR14A16	2	1	HUMAN,PANTR
OR14C36	2	1	HUMAN,PANTR
OR14I1	3	3	CANLF,HUMAN,PANTR
OR14J1	4	6	BOVIN,CANLF,HUMAN,PANTR
OR14K1	2	1	HUMAN,PANTR
OR1A1	4	6	BOVIN,CANLF,HUMAN,PANTR
OR1AB2	2	1	BOVIN,CANLF
OR1AF1	2	1	BOVIN,CANLF
OR1B1	2	1	BOVIN,HUMAN
OR1C1	2	1	HUMAN,PANTR
OR1D2	2	1	HUMAN,PANTR
OR1E2	2	1	BOVIN,HUMAN
OR1F1	2	1	BOVIN,HUMAN
OR1F12	2	1	BOVIN,HUMAN
OR1G1	3	3	BOVIN,HUMAN,PANTR
OR1I1	2	1	BOVIN,HUMAN
OR1J2	2	1	HUMAN,PANTR
OR1J4	3	3	BOVIN,HUMAN,PANTR
OR1K1	3	3	BOVIN,CANLF,HUMAN
OR1L1	3	3	BOVIN,HUMAN,PANTR
OR1L3	2	1	BOVIN,HUMAN
OR1L4	2	1	BOVIN,HUMAN
OR1L6	3	3	BOVIN,CANLF,HUMAN
OR1L8	4	6	BOVIN,CANLF,HUMAN,PANTR
OR1M1	3	3	BOVIN,CANLF,HUMAN
OR1N2	3	3	BOVIN,HUMAN,PANTR
OR1P1	3	3	BOVIN,CANLF,HUMAN
OR1Q1	3	3	BOVIN,HUMAN,PANTR
OR1R1	2	1	BOVIN,CANLF
OR1S1	2	1	HUMAN,PANTR
OR2A12	3	3	CANLF,HUMAN,PANTR
OR2A14	2	1	CANLF,HUMAN
OR2A2	2	1	HUMAN,PANTR
OR2A25	3	3	BOVIN,CANLF,HUMAN
OR2A5	3	3	CANLF,HUMAN,PANTR
OR2A7	3	3	BOVIN,CANLF,HUMAN
OR2AE1	4	6	BOVIN,CANLF,HUMAN,PANTR
OR2AG1	3	3	BOVIN,CANLF,HUMAN
OR2AG2	4	6	BOVIN,CANLF,HUMAN,PANTR
OR2AJ1	2	1	BOVIN,HUMAN
OR2AK2	3	3	BOVIN,CANLF,HUMAN
OR2AT4	2	1	HUMAN,PANTR
OR2AV1	2	1	BOVIN,CANLF
OR2B11	4	6	BOVIN,CANLF,HUMAN,PANTR
OR2B2	2	1	BOVIN,HUMAN
OR2B3	3	3	BOVIN,HUMAN,PANTR
OR2B6	3	3	BOVIN,HUMAN,PANTR
OR2B7	2	1	BOVIN,CANLF
OR2C1	3	3	BOVIN,CANLF,HUMAN
OR2C3	4	6	BOVIN,CANLF,HUMAN,PANTR
OR2D2	2	1	BOVIN,HUMAN
OR2D3	4	6	BOVIN,CANLF,HUMAN,PANTR
OR2D3G	2	1	BOVIN,CANLF
OR2D4	2	1	BOVIN,CANLF
OR2F1	3	3	BOVIN,CANLF,HUMAN
OR2F1D	2	1	BOVIN,CANLF
OR2F2	3	3	BOVIN,HUMAN,PANTR
OR2G3	3	3	BOVIN,HUMAN,PANTR
OR2G6	3	3	BOVIN,CANLF,HUMAN
OR2H1	2	1	BOVIN,HUMAN
OR2H10	2	1	BOVIN,CANLF
OR2J1	2	1	BOVIN,HUMAN
OR2J3	2	1	BOVIN,HUMAN
OR2K2	4	6	BOVIN,CANLF,HUMAN,PANTR
OR2L13	3	3	BOVIN,HUMAN,PANTR
OR2L3	3	3	BOVIN,CANLF,HUMAN
OR2L5	2	1	CANLF,HUMAN
OR2M4	3	3	BOVIN,HUMAN,PANTR
OR2M5	2	1	HUMAN,PANTR
OR2S2	2	1	BOVIN,HUMAN
OR2T1	3	3	BOVIN,CANLF,HUMAN
OR2T11	4	6	BOVIN,CANLF,HUMAN,PANTR
OR2T13	2	1	BOVIN,CANLF
OR2T2	3	3	BOVIN,CANLF,HUMAN
OR2T22	2	1	BOVIN,CANLF
OR2T26	2	1	BOVIN,CANLF
OR2T27	3	3	BOVIN,CANLF,HUMAN
OR2T29	2	1	BOVIN,HUMAN
OR2T3	2	1	BOVIN,HUMAN
OR2T4	3	3	BOVIN,HUMAN,PANTR
OR2T6	4	6	BOVIN,CANLF,HUMAN,PANTR
OR2V1	4	6	BOVIN,CANLF,HUMAN,PANTR
OR2V2	3	3	BOVIN,HUMAN,PANTR
OR2W1	4	6	BOVIN,CANLF,HUMAN,PANTR
OR2W3	3	3	BOVIN,CANLF,HUMAN
OR2Y1	3	3	BOVIN,HUMAN,PANTR
OR2Z1	3	3	BOVIN,HUMAN,PANTR
OR2Z2	2	1	BOVIN,CANLF
OR3A1	2	1	CANLF,HUMAN
OR3A10	2	1	BOVIN,CANLF
OR3A2	2	1	CANLF,HUMAN
OR4A15	3	3	CANLF,HUMAN,PANTR
OR4A47	3	3	CANLF,HUMAN,PANTR
OR4B1	3	3	BOVIN,HUMAN,PANTR
OR4C1	2	1	BOVIN,CANLF
OR4C12	3	3	BOVIN,HUMAN,PANTR
OR4C13	2	1	HUMAN,PANTR
OR4C146	2	1	BOVIN,CANLF
OR4C15	3	3	CANLF,HUMAN,PANTR
OR4C3	3	3	BOVIN,CANLF,HUMAN
OR4C3B	2	1	BOVIN,CANLF
OR4C45	3	3	BOVIN,CANLF,HUMAN
OR4C5	2	1	CANLF,HUMAN
OR4C6	3	3	CANLF,HUMAN,PANTR
OR4D1	4	6	BOVIN,CANLF,HUMAN,PANTR
OR4D10	3	3	CANLF,HUMAN,PANTR
OR4D11	4	6	BOVIN,CANLF,HUMAN,PANTR
OR4D2	3	3	BOVIN,CANLF,HUMAN
OR4D5	3	3	BOVIN,CANLF,HUMAN
OR4D6	3	3	CANLF,HUMAN,PANTR
OR4D9	4	6	BOVIN,CANLF,HUMAN,PANTR
OR4D9D	2	1	BOVIN,CANLF
OR4E1	2	1	BOVIN,HUMAN
OR4E2	3	3	BOVIN,HUMAN,PANTR
OR4F15	3	3	BOVIN,HUMAN,PANTR
OR4F34	2	1	BOVIN,CANLF
OR4F6	2	1	HUMAN,PANTR
OR4G10	2	1	BOVIN,CANLF
OR4G18	2	1	BOVIN,CANLF
OR4G8	2	1	BOVIN,CANLF
OR4G9	2	1	BOVIN,CANLF
OR4H12	2	1	BOVIN,CANLF
OR4K1	4	6	BOVIN,CANLF,HUMAN,PANTR
OR4K13	2	1	HUMAN,PANTR
OR4K14	2	1	CANLF,HUMAN
OR4K15	4	6	BOVIN,CANLF,HUMAN,PANTR
OR4K17	2	1	HUMAN,PANTR
OR4K2	4	6	BOVIN,CANLF,HUMAN,PANTR
OR4K3	2	1	BOVIN,HUMAN
OR4K5	3	3	BOVIN,CANLF,HUMAN
OR4K6	2	1	BOVIN,CANLF
OR4L1	3	3	BOVIN,CANLF,HUMAN
OR4M1	2	1	BOVIN,HUMAN
OR4N2	3	3	BOVIN,CANLF,HUMAN
OR4N4	2	1	BOVIN,HUMAN
OR4N5	4	6	BOVIN,CANLF,HUMAN,PANTR
OR4P7	2	1	BOVIN,CANLF
OR4Q2	3	3	BOVIN,CANLF,HUMAN
OR4Q3	3	3	BOVIN,CANLF,HUMAN
OR4S1	4	6	BOVIN,CANLF,HUMAN,PANTR
OR4S2	3	3	CANLF,HUMAN,PANTR
OR4X1	2	1	BOVIN,HUMAN
OR4X2	3	3	BOVIN,HUMAN,PANTR
OR51A24	2	1	BOVIN,CANLF
OR51A4	3	3	BOVIN,CANLF,HUMAN
OR51A7	3	3	BOVIN,HUMAN,PANTR
OR51AB4	2	1	BOVIN,CANLF
OR51B6	2	1	HUMAN,PANTR
OR51D1	3	3	BOVIN,HUMAN,PANTR
OR51E1	2	1	BOVIN,HUMAN
OR51E2	4	6	BOVIN,CANLF,HUMAN,PANTR
OR51F1	3	3	BOVIN,CANLF,HUMAN
OR51F2	3	3	BOVIN,HUMAN,PANTR
OR51G1	2	1	HUMAN,PANTR
OR51G2	2	1	CANLF,HUMAN
OR51H1	3	3	BOVIN,CANLF,HUMAN
OR51H5	2	1	BOVIN,CANLF
OR51I1	2	1	BOVIN,HUMAN
OR51I2	2	1	HUMAN,PANTR
OR51K2	2	1	BOVIN,CANLF
OR51L1	4	6	BOVIN,CANLF,HUMAN,PANTR
OR51L4	2	1	BOVIN,CANLF
OR51M1	4	6	BOVIN,CANLF,HUMAN,PANTR
OR51P1	2	1	BOVIN,CANLF
OR51Q1	2	1	HUMAN,PANTR
OR51R1	2	1	BOVIN,CANLF
OR51S1	3	3	BOVIN,CANLF,HUMAN
OR51T1	3	3	CANLF,HUMAN,PANTR
OR51V1	3	3	CANLF,HUMAN,PANTR
OR51V21	2	1	BOVIN,CANLF
OR52A1	4	6	BOVIN,CANLF,HUMAN,PANTR
OR52A24	2	1	BOVIN,CANLF
OR52A5	3	3	BOVIN,CANLF,HUMAN
OR52AB2	2	1	BOVIN,CANLF
OR52AB4	2	1	BOVIN,CANLF
OR52AC1	2	1	BOVIN,CANLF
OR52AD1	2	1	BOVIN,CANLF
OR52B2	3	3	BOVIN,CANLF,HUMAN
OR52B4	4	6	BOVIN,CANLF,HUMAN,PANTR
OR52D1	3	3	BOVIN,HUMAN,PANTR
OR52D3	2	1	BOVIN,CANLF
OR52E1	3	3	BOVIN,CANLF,HUMAN
OR52E2	4	6	BOVIN,CANLF,HUMAN,PANTR
OR52E4	3	3	BOVIN,HUMAN,PANTR
OR52E6	2	1	HUMAN,PANTR
OR52E7	2	1	BOVIN,CANLF
OR52E8	3	3	BOVIN,HUMAN,PANTR
OR52H1	4	6	BOVIN,CANLF,HUMAN,PANTR
OR52H2	2	1	BOVIN,CANLF
OR52H9	2	1	BOVIN,CANLF
OR52I1	4	6	BOVIN,CANLF,HUMAN,PANTR
OR52I2	2	1	HUMAN,PANTR
OR52J3	4	6	BOVIN,CANLF,HUMAN,PANTR
OR52K1	3	3	BOVIN,CANLF,HUMAN
OR52K2	2	1	HUMAN,PANTR
OR52L1	4	6	BOVIN,CANLF,HUMAN,PANTR
OR52L2	2	1	BOVIN,CANLF
OR52M1	2	1	HUMAN,PANTR
OR52M2	2	1	BOVIN,CANLF
OR52N1	3	3	BOVIN,HUMAN,PANTR
OR52N2	4	6	BOVIN,CANLF,HUMAN,PANTR
OR52N2G	2	1	BOVIN,CANLF
OR52N4	3	3	BOVIN,HUMAN,PANTR
OR52N5	2	1	BOVIN,HUMAN
OR52P1	2	1	BOVIN,CANLF
OR52P2	2	1	BOVIN,CANLF
OR52R1	4	6	BOVIN,CANLF,HUMAN,PANTR
OR52U1	2	1	BOVIN,CANLF
OR52W1	4	6	BOVIN,CANLF,HUMAN,PANTR
OR52Z1	2	1	BOVIN,HUMAN
OR55B1	2	1	BOVIN,CANLF
OR56A1	4	6	BOVIN,CANLF,HUMAN,PANTR
OR56A3	2	1	HUMAN,PANTR
OR56A4	3	3	CANLF,HUMAN,PANTR
OR56A9	2	1	BOVIN,CANLF
OR56B1	3	3	CANLF,HUMAN,PANTR
OR56B2C	2	1	BOVIN,CANLF
OR56B4	2	1	HUMAN,PANTR
OR5A1	4	6	BOVIN,CANLF,HUMAN,PANTR
OR5A2	3	3	CANLF,HUMAN,PANTR
OR5AC1	2	1	CANLF,HUMAN
OR5AK2	2	1	HUMAN,PANTR
OR5AK6	2	1	BOVIN,CANLF
OR5AK7	2	1	BOVIN,CANLF
OR5AL2	2	1	BOVIN,CANLF
OR5AN1	3	3	BOVIN,CANLF,HUMAN
OR5AN2	2	1	BOVIN,CANLF
OR5AP2	3	3	CANLF,HUMAN,PANTR
OR5AR1	3	3	BOVIN,HUMAN,PANTR
OR5AS1	4	6	BOVIN,CANLF,HUMAN,PANTR
OR5AU1	3	3	BOVIN,HUMAN,PANTR
OR5B12	3	3	BOVIN,CANLF,HUMAN
OR5B17	2	1	HUMAN,PANTR
OR5B2	3	3	BOVIN,CANLF,HUMAN
OR5B21	2	1	CANLF,HUMAN
OR5B3	2	1	CANLF,HUMAN
OR5B32	2	1	BOVIN,CANLF
OR5C1	4	6	BOVIN,CANLF,HUMAN,PANTR
OR5D14	3	3	CANLF,HUMAN,PANTR
OR5D18	4	6	BOVIN,CANLF,HUMAN,PANTR
OR5E1	2	1	BOVIN,CANLF
OR5F1	2	1	CANLF,HUMAN
OR5G3	2	1	CANLF,HUMAN
OR5H13	2	1	BOVIN,CANLF
OR5H15	2	1	HUMAN,PANTR
OR5H6	2	1	HUMAN,PANTR
OR5I1	4	6	BOVIN,CANLF,HUMAN,PANTR
OR5J2	3	3	CANLF,HUMAN,PANTR
OR5K1	3	3	BOVIN,CANLF,HUMAN
OR5K3	2	1	HUMAN,PANTR
OR5K4	2	1	CANLF,HUMAN
OR5L1	2	1	CANLF,HUMAN
OR5L1C	2	1	BOVIN,CANLF
OR5L2	2	1	HUMAN,PANTR
OR5M1	2	1	HUMAN,PANTR
OR5M10	3	3	BOVIN,HUMAN,PANTR
OR5M11	2	1	HUMAN,PANTR
OR5M8	2	1	CANLF,HUMAN
OR5M9	3	3	BOVIN,HUMAN,PANTR
OR5P2	3	3	CANLF,HUMAN,PANTR
OR5P3	2	1	HUMAN,PANTR
OR5P4	2	1	BOVIN,CANLF
OR5P5	2	1	BOVIN,CANLF
OR5T1	4	6	BOVIN,CANLF,HUMAN,PANTR
OR5T2	3	3	BOVIN,HUMAN,PANTR
OR5V1	3	3	BOVIN,HUMAN,PANTR
OR5W2	4	6	BOVIN,CANLF,HUMAN,PANTR
OR5W2B	2	1	BOVIN,CANLF
OR6A2	4	6	BOVIN,CANLF,HUMAN,PANTR
OR6B1	3	3	BOVIN,CANLF,HUMAN
OR6B2	3	3	BOVIN,CANLF,HUMAN
OR6B3	2	1	BOVIN,HUMAN
OR6C1	4	6	BOVIN,CANLF,HUMAN,PANTR
OR6C17	2	1	BOVIN,CANLF
OR6C2	2	1	BOVIN,HUMAN
OR6C3	2	1	BOVIN,HUMAN
OR6C33	2	1	BOVIN,CANLF
OR6C35	2	1	BOVIN,CANLF
OR6C38	2	1	BOVIN,CANLF
OR6C4	3	3	BOVIN,CANLF,HUMAN
OR6C6	3	3	CANLF,HUMAN,PANTR
OR6C63	2	1	BOVIN,CANLF
OR6C68	3	3	BOVIN,HUMAN,PANTR
OR6C69	2	1	BOVIN,CANLF
OR6C74	4	6	BOVIN,CANLF,HUMAN,PANTR
OR6C75	2	1	CANLF,HUMAN
OR6C76	2	1	BOVIN,HUMAN
OR6E1	2	1	BOVIN,CANLF
OR6F1	4	6	BOVIN,CANLF,HUMAN,PANTR
OR6K2	4	6	BOVIN,CANLF,HUMAN,PANTR
OR6K3	2	1	HUMAN,PANTR
OR6K4	2	1	BOVIN,CANLF
OR6K5	2	1	BOVIN,CANLF
OR6K6	3	3	BOVIN,HUMAN,PANTR
OR6M1	3	3	CANLF,HUMAN,PANTR
OR6M2	2	1	BOVIN,CANLF
OR6N1	4	6	BOVIN,CANLF,HUMAN,PANTR
OR6N2	4	6	BOVIN,CANLF,HUMAN,PANTR
OR6P1	4	6	BOVIN,CANLF,HUMAN,PANTR
OR6Q1	4	6	BOVIN,CANLF,HUMAN,PANTR
OR6S1	4	6	BOVIN,CANLF,HUMAN,PANTR
OR6V1	4	6	BOVIN,CANLF,HUMAN,PANTR
OR6X1	3	3	CANLF,HUMAN,PANTR
OR6Y1	3	3	BOVIN,HUMAN,PANTR
OR6Z3	2	1	BOVIN,CANLF
OR7A10	2	1	HUMAN,PANTR
OR7A17	2	1	CANLF,HUMAN
OR7A5	2	1	HUMAN,PANTR
OR7A53	2	1	BOVIN,CANLF
OR7A65	2	1	BOVIN,CANLF
OR7C1	3	3	CANLF,HUMAN,PANTR
OR7C2	2	1	HUMAN,PANTR
OR7D2	4	6	BOVIN,CANLF,HUMAN,PANTR
OR7D4	2	1	CANLF,HUMAN
OR7E24	2	1	CANLF,HUMAN
OR7G1	2	1	HUMAN,PANTR
OR7G2	2	1	BOVIN,HUMAN
OR7G3	2	1	CANLF,HUMAN
OR7G7	2	1	BOVIN,CANLF
OR7G8	2	1	BOVIN,CANLF
OR8A1	4	6	BOVIN,CANLF,HUMAN,PANTR
OR8B1	2	1	BOVIN,CANLF
OR8B12	3	3	BOVIN,CANLF,HUMAN
OR8B3	3	3	BOVIN,CANLF,HUMAN
OR8B4	2	1	BOVIN,HUMAN
OR8B60	2	1	BOVIN,CANLF
OR8B9	2	1	BOVIN,CANLF
OR8C7	2	1	BOVIN,CANLF
OR8D2	3	3	BOVIN,HUMAN,PANTR
OR8D4	4	6	BOVIN,CANLF,HUMAN,PANTR
OR8D6	2	1	BOVIN,CANLF
OR8G3	2	1	BOVIN,CANLF
OR8G5	3	3	BOVIN,HUMAN,PANTR
OR8H2	2	1	HUMAN,PANTR
OR8H3	2	1	HUMAN,PANTR
OR8I2	3	3	BOVIN,HUMAN,PANTR
OR8J1	2	1	HUMAN,PANTR
OR8J2	2	1	CANLF,HUMAN
OR8J3	3	3	BOVIN,CANLF,HUMAN
OR8K1	4	6	BOVIN,CANLF,HUMAN,PANTR
OR8K5	2	1	BOVIN,HUMAN
OR8S1	2	1	BOVIN,HUMAN
OR8S10	2	1	BOVIN,CANLF
OR8S15	2	1	BOVIN,CANLF
OR8S2	2	1	BOVIN,CANLF
OR8S3	2	1	BOVIN,CANLF
OR8U1	2	1	BOVIN,HUMAN
OR8U3	3	3	BOVIN,CANLF,HUMAN
OR8U8	2	1	CANLF,HUMAN
OR8U9	3	3	BOVIN,CANLF,HUMAN
OR9A2	2	1	BOVIN,HUMAN
OR9A7	2	1	BOVIN,CANLF
OR9G1	3	3	BOVIN,CANLF,HUMAN
OR9G3	2	1	BOVIN,CANLF
OR9G4	4	6	BOVIN,CANLF,HUMAN,PANTR
OR9I1	3	3	CANLF,HUMAN,PANTR
OR9I2	2	1	BOVIN,CANLF
OR9K2	4	6	BOVIN,CANLF,HUMAN,PANTR
OR9K2C	2	1	BOVIN,CANLF
OR9Q1	2	1	HUMAN,PANTR
OR9Q2	2	1	HUMAN,PANTR
OR9S3	2	1	BOVIN,CANLF
ORAI1	2	1	HUMAN,PANTR
ORAI2	2	1	HUMAN,PANTR
ORAI3	2	1	HUMAN,PANTR
ORC1	2	1	HUMAN,PANTR
ORC2	2	1	HUMAN,PANTR
ORC3	2	1	HUMAN,PANTR
ORC4	2	1	HUMAN,PANTR
ORC5	2	1	HUMAN,PANTR
ORC6	2	1	HUMAN,PANTR
ORMDL1	2	1	HUMAN,PANTR
ORMDL2	2	1	HUMAN,PANTR
ORMDL3	2	1	HUMAN,PANTR
OS9	2	1	HUMAN,PANTR
OSBP	2	1	HUMAN,PANTR
OSBP2	2	1	HUMAN,PANTR
OSBPL10	2	1	HUMAN,PANTR
OSBPL11	2	1	HUMAN,PANTR
OSBPL1A	2	1	HUMAN,PANTR
OSBPL2	2	1	HUMAN,PANTR
OSBPL3	2	1	HUMAN,PANTR
OSBPL6	2	1	HUMAN,PANTR
OSBPL7	2	1	HUMAN,PANTR
OSBPL8	2	1	HUMAN,PANTR
OSBPL9	2	1	HUMAN,PANTR
OSCP1	2	1	HUMAN,PANTR
OSER1	2	1	HUMAN,PANTR
OSGEP	2	1	HUMAN,PANTR
OSGEPL1	2	1	HUMAN,PANTR
OSGIN1	2	1	HUMAN,PANTR
OSGIN2	2	1	HUMAN,PANTR
OSM	2	1	HUMAN,PANTR
OSMR	2	1	HUMAN,PANTR
OSR1	2	1	HUMAN,PANTR
OSR2	2	1	HUMAN,PANTR
OSTC	2	1	HUMAN,PANTR
OSTF1	2	1	HUMAN,PANTR
OSTM1	2	1	HUMAN,PANTR
OSTN	2	1	HUMAN,PANTR
OTC	2	1	HUMAN,PANTR
OTOF	2	1	HUMAN,PANTR
OTOG	2	1	HUMAN,PANTR
OTOGL	2	1	HUMAN,PANTR
OTOL1	2	1	HUMAN,PANTR
OTOP1	2	1	HUMAN,PANTR
OTOP2	2	1	HUMAN,PANTR
OTOP3	2	1	HUMAN,PANTR
OTOR	3	3	CANLF,HUMAN,PANTR
OTOS	3	3	BOVIN,HUMAN,PANTR
OTP	3	3	BOVIN,HUMAN,PANTR
OTUB1	2	1	HUMAN,PANTR
OTUD1	2	1	HUMAN,PANTR
OTUD3	2	1	HUMAN,PANTR
OTUD4	2	1	HUMAN,PANTR
OTUD5	2	1	HUMAN,PANTR
OTUD6B	2	1	HUMAN,PANTR
OTUD7A	2	1	HUMAN,PANTR
OTUD7B	2	1	HUMAN,PANTR
OTULIN	2	1	HUMAN,PANTR
OTULINL	2	1	HUMAN,PANTR
OTX1	2	1	HUMAN,PANTR
OTX2	2	1	HUMAN,PANTR
OVCH1	3	3	BOVIN,HUMAN,PANTR
OVCH2	4	6	BOVIN,CANLF,HUMAN,PANTR
OVGP1	2	1	HUMAN,PANTR
OVOL1	2	1	HUMAN,PANTR
OVOL2	2	1	HUMAN,PANTR
OVOL3	3	3	BOVIN,HUMAN,PANTR
OXA1L	2	1	HUMAN,PANTR
OXCT1	3	3	CANLF,HUMAN,PANTR
OXER1	2	1	HUMAN,PANTR
OXGR1	3	3	CANLF,HUMAN,PANTR
OXLD1	2	1	HUMAN,PANTR
OXNAD1	2	1	HUMAN,PANTR
OXR1	2	1	HUMAN,PANTR
OXSM	2	1	HUMAN,PANTR
OXSR1	2	1	HUMAN,PANTR
OXT	2	1	HUMAN,PANTR
OXTR	2	1	HUMAN,PANTR
P2RX1	2	1	HUMAN,PANTR
P2RX2	2	1	HUMAN,PANTR
P2RX3	2	1	HUMAN,PANTR
P2RX4	2	1	HUMAN,PANTR
P2RX6	2	1	HUMAN,PANTR
P2RX7	2	1	HUMAN,PANTR
P2RY1	2	1	HUMAN,PANTR
P2RY13	2	1	HUMAN,PANTR
P2RY14	2	1	HUMAN,PANTR
P2RY2	2	1	HUMAN,PANTR
P2RY4	2	1	HUMAN,PANTR
P2RY6	2	1	HUMAN,PANTR
P2RY8	2	1	HUMAN,PANTR
P3H1	2	1	HUMAN,PANTR
P3H2	2	1	HUMAN,PANTR
P3H3	2	1	HUMAN,PANTR
P3H4	2	1	HUMAN,PANTR
P4HA1	2	1	HUMAN,PANTR
P4HA2	2	1	HUMAN,PANTR
P4HA3	2	1	HUMAN,PANTR
P4HB	2	1	HUMAN,PANTR
P4HTM	2	1	HUMAN,PANTR
PAAF1	3	3	BOVIN,HUMAN,PANTR
PABIR2	3	3	CANLF,HUMAN,PANTR
PABIR3	2	1	HUMAN,PANTR
PABPC1	4	6	BOVIN,CANLF,HUMAN,PANTR
PABPC1L	4	6	BOVIN,CANLF,HUMAN,PANTR
PABPC3	2	1	HUMAN,PANTR
PABPC4	3	3	BOVIN,HUMAN,PANTR
PABPC5	3	3	BOVIN,HUMAN,PANTR
PABPN1	3	3	BOVIN,CANLF,HUMAN
PABPN1L	2	1	HUMAN,PANTR
PACC1	2	1	HUMAN,PANTR
PACRG	2	1	HUMAN,PANTR
PACRGL	2	1	HUMAN,PANTR
PACS1	2	1	HUMAN,PANTR
PACS2	3	3	BOVIN,HUMAN,PANTR
PACSIN1	2	1	HUMAN,PANTR
PACSIN2	2	1	HUMAN,PANTR
PACSIN3	2	1	HUMAN,PANTR
PADI1	2	1	HUMAN,PANTR
PADI2	2	1	HUMAN,PANTR
PADI3	2	1	HUMAN,PANTR
PADI4	2	1	HUMAN,PANTR
PADI6	2	1	HUMAN,PANTR
PAEP	2	1	HUMAN,PANTR
PAFAH1B1	2	1	HUMAN,PANTR
PAFAH1B2	2	1	HUMAN,PANTR
PAFAH1B3	2	1	HUMAN,PANTR
PAFAH2	2	1	HUMAN,PANTR
PAG1	2	1	HUMAN,PANTR
PAGE1	2	1	HUMAN,PANTR
PAGE3	2	1	HUMAN,PANTR
PAGE4	2	1	HUMAN,PANTR
PAGE5	2	1	HUMAN,PANTR
PAGR1	2	1	HUMAN,PANTR
PAH	3	3	CANLF,HUMAN,PANTR
PAICS	2	1	HUMAN,PANTR
PAIP1	2	1	HUMAN,PANTR
PAIP2	3	3	BOVIN,HUMAN,PANTR
PAIP2B	2	1	HUMAN,PANTR
PAK1	4	6	BOVIN,CANLF,HUMAN,PANTR
PAK1IP1	2	1	HUMAN,PANTR
PAK2	4	6	BOVIN,CANLF,HUMAN,PANTR
PAK3	4	6	BOVIN,CANLF,HUMAN,PANTR
PAK4	3	3	CANLF,HUMAN,PANTR
PAK5	3	3	CANLF,HUMAN,PANTR
PALB2	2	1	HUMAN,PANTR
PALD1	2	1	HUMAN,PANTR
PALLD	2	1	HUMAN,PANTR
PALM	2	1	HUMAN,PANTR
PALM2	2	1	BOVIN,HUMAN
PALM3	2	1	HUMAN,PANTR
PALMD	2	1	HUMAN,PANTR
PALS1	2	1	HUMAN,PANTR
PALS2	2	1	HUMAN,PANTR
PAM	2	1	HUMAN,PANTR
PAMR1	2	1	HUMAN,PANTR
PAN2	4	6	BOVIN,CANLF,HUMAN,PANTR
PAN3	4	6	BOVIN,CANLF,HUMAN,PANTR
PANK1	2	1	HUMAN,PANTR
PANK2	3	3	CANLF,HUMAN,PANTR
PANK3	2	1	HUMAN,PANTR
PANX1	2	1	HUMAN,PANTR
PANX2	2	1	HUMAN,PANTR
PANX3	2	1	HUMAN,PANTR
PAOX	2	1	HUMAN,PANTR
PAPLN	2	1	HUMAN,PANTR
PAPOLA	3	3	CANLF,HUMAN,PANTR
PAPOLB	2	1	HUMAN,PANTR
PAPOLG	3	3	CANLF,HUMAN,PANTR
PAPPA	2	1	HUMAN,PANTR
PAPPA2	2	1	HUMAN,PANTR
PAPSS1	3	3	BOVIN,HUMAN,PANTR
PAPSS2	2	1	HUMAN,PANTR
PAQR3	2	1	HUMAN,PANTR
PAQR4	2	1	HUMAN,PANTR
PAQR5	2	1	HUMAN,PANTR
PAQR6	3	3	CANLF,HUMAN,PANTR
PAQR7	2	1	HUMAN,PANTR
PAQR8	3	3	CANLF,HUMAN,PANTR
PAQR9	2	1	HUMAN,PANTR
PARD3	2	1	HUMAN,PANTR
PARD3B	2	1	HUMAN,PANTR
PARD6A	2	1	HUMAN,PANTR
PARD6B	2	1	HUMAN,PANTR
PARD6G	3	3	CANLF,HUMAN,PANTR
PARG	3	3	CANLF,HUMAN,PANTR
PARK7	2	1	HUMAN,PANTR
PARL	4	6	BOVIN,CANLF,HUMAN,PANTR
PARN	3	3	CANLF,HUMAN,PANTR
PARP1	3	3	CANLF,HUMAN,PANTR
PARP11	3	3	BOVIN,HUMAN,PANTR
PARP12	3	3	CANLF,HUMAN,PANTR
PARP14	3	3	CANLF,HUMAN,PANTR
PARP15	3	3	CANLF,HUMAN,PANTR
PARP16	3	3	BOVIN,HUMAN,PANTR
PARP2	4	6	BOVIN,CANLF,HUMAN,PANTR
PARP3	3	3	CANLF,HUMAN,PANTR
PARP4	2	1	HUMAN,PANTR
PARP6	3	3	BOVIN,HUMAN,PANTR
PARP8	3	3	CANLF,HUMAN,PANTR
PARP9	4	6	BOVIN,CANLF,HUMAN,PANTR
PARPBP	2	1	HUMAN,PANTR
PARS2	2	1	HUMAN,PANTR
PARVA	2	1	HUMAN,PANTR
PARVB	2	1	HUMAN,PANTR
PARVG	2	1	HUMAN,PANTR
PASD1	2	1	HUMAN,PANTR
PASK	2	1	HUMAN,PANTR
PATE1	2	1	HUMAN,PANTR
PATJ	2	1	HUMAN,PANTR
PATL1	2	1	HUMAN,PANTR
PATL2	2	1	HUMAN,PANTR
PATZ1	2	1	HUMAN,PANTR
PAWR	2	1	HUMAN,PANTR
PAX1	3	3	BOVIN,HUMAN,PANTR
PAX2	2	1	HUMAN,PANTR
PAX3	2	1	HUMAN,PANTR
PAX4	4	6	BOVIN,CANLF,HUMAN,PANTR
PAX5	2	1	HUMAN,PANTR
PAX6	2	1	HUMAN,PANTR
PAX7	3	3	CANLF,HUMAN,PANTR
PAX8	2	1	HUMAN,PANTR
PAX9	2	1	HUMAN,PANTR
PAXBP1	2	1	HUMAN,PANTR
PAXIP1	2	1	HUMAN,PANTR
PAXX	2	1	HUMAN,PANTR
PBDC1	2	1	HUMAN,PANTR
PBK	3	3	BOVIN,HUMAN,PANTR
PBLD	2	1	HUMAN,PANTR
PBRM1	2	1	HUMAN,PANTR
PBX1	2	1	HUMAN,PANTR
PBX2	2	1	HUMAN,PANTR
PBX3	2	1	HUMAN,PANTR
PBX4	2	1	HUMAN,PANTR
PBXIP1	2	1	HUMAN,PANTR
PC	4	6	BOVIN,CANLF,HUMAN,PANTR
PCARE	3	3	CANLF,HUMAN,PANTR
PCBD1	2	1	HUMAN,PANTR
PCBD2	3	3	CANLF,HUMAN,PANTR
PCBP1	2	1	HUMAN,PANTR
PCBP2	3	3	BOVIN,HUMAN,PANTR
PCBP3	4	6	BOVIN,CANLF,HUMAN,PANTR
PCBP4	3	3	CANLF,HUMAN,PANTR
PCCA	2	1	HUMAN,PANTR
PCCB	2	1	HUMAN,PANTR
PCDH1	2	1	HUMAN,PANTR
PCDH10	2	1	HUMAN,PANTR
PCDH12	2	1	HUMAN,PANTR
PCDH15	3	3	CANLF,HUMAN,PANTR
PCDH17	3	3	CANLF,HUMAN,PANTR
PCDH18	2	1	HUMAN,PANTR
PCDH19	2	1	HUMAN,PANTR
PCDH20	3	3	CANLF,HUMAN,PANTR
PCDH7	3	3	CANLF,HUMAN,PANTR
PCDH8	2	1	HUMAN,PANTR
PCDH9	2	1	HUMAN,PANTR
PCED1A	2	1	HUMAN,PANTR
PCED1B	2	1	HUMAN,PANTR
PCF11	2	1	HUMAN,PANTR
PCGF1	2	1	HUMAN,PANTR
PCGF2	2	1	HUMAN,PANTR
PCGF3	2	1	HUMAN,PANTR
PCGF5	2	1	HUMAN,PANTR
PCGF6	2	1	HUMAN,PANTR
PCID2	2	1	HUMAN,PANTR
PCIF1	2	1	HUMAN,PANTR
PCK1	2	1	HUMAN,PANTR
PCK2	2	1	HUMAN,PANTR
PCLAF	2	1	HUMAN,PANTR
PCLO	2	1	HUMAN,PANTR
PCM1	2	1	HUMAN,PANTR
PCMT1	4	6	BOVIN,CANLF,HUMAN,PANTR
PCMTD1	3	3	BOVIN,CANLF,HUMAN
PCMTD2	3	3	CANLF,HUMAN,PANTR
PCNA	2	1	HUMAN,PANTR
PCNP	2	1	HUMAN,PANTR
PCNT	2	1	HUMAN,PANTR
PCNX1	2	1	HUMAN,PANTR
PCNX2	2	1	HUMAN,PANTR
PCNX3	2	1	HUMAN,PANTR
PCNX4	2	1	HUMAN,PANTR
PCOLCE	2	1	HUMAN,PANTR
PCOLCE2	2	1	HUMAN,PANTR
PCP2	2	1	HUMAN,PANTR
PCP4	2	1	HUMAN,PANTR
PCP4L1	3	3	CANLF,HUMAN,PANTR
PCSK1	2	1	HUMAN,PANTR
PCSK2	2	1	HUMAN,PANTR
PCSK4	3	3	BOVIN,HUMAN,PANTR
PCSK5	3	3	BOVIN,HUMAN,PANTR
PCSK6	4	6	BOVIN,CANLF,HUMAN,PANTR
PCSK7	2	1	HUMAN,PANTR
PCSK9	2	1	HUMAN,PANTR
PCTP	2	1	HUMAN,PANTR
PCYOX1	2	1	HUMAN,PANTR
PCYOX1L	2	1	HUMAN,PANTR
PCYT1B	2	1	HUMAN,PANTR
PCYT2	2	1	HUMAN,PANTR
PDAP1	2	1	HUMAN,PANTR
PDC	2	1	HUMAN,PANTR
PDCD1	2	1	HUMAN,PANTR
PDCD10	3	3	CANLF,HUMAN,PANTR
PDCD11	2	1	HUMAN,PANTR
PDCD1LG2	3	3	BOVIN,HUMAN,PANTR
PDCD2	2	1	HUMAN,PANTR
PDCD2L	4	6	BOVIN,CANLF,HUMAN,PANTR
PDCD4	2	1	HUMAN,PANTR
PDCD5	2	1	HUMAN,PANTR
PDCD6	2	1	HUMAN,PANTR
PDCD6IP	2	1	HUMAN,PANTR
PDCD7	4	6	BOVIN,CANLF,HUMAN,PANTR
PDCL	2	1	HUMAN,PANTR
PDCL2	2	1	HUMAN,PANTR
PDE10A	2	1	HUMAN,PANTR
PDE11A	2	1	HUMAN,PANTR
PDE12	2	1	HUMAN,PANTR
PDE1A	2	1	HUMAN,PANTR
PDE1B	2	1	HUMAN,PANTR
PDE1C	2	1	HUMAN,PANTR
PDE2A	2	1	HUMAN,PANTR
PDE3A	2	1	HUMAN,PANTR
PDE3B	3	3	CANLF,HUMAN,PANTR
PDE4A	2	1	HUMAN,PANTR
PDE4B	2	1	HUMAN,PANTR
PDE4C	2	1	HUMAN,PANTR
PDE4D	2	1	HUMAN,PANTR
PDE5A	2	1	HUMAN,PANTR
PDE6A	2	1	HUMAN,PANTR
PDE6C	2	1	HUMAN,PANTR
PDE6D	2	1	HUMAN,PANTR
PDE6G	2	1	HUMAN,PANTR
PDE6H	2	1	HUMAN,PANTR
PDE7A	2	1	HUMAN,PANTR
PDE7B	2	1	HUMAN,PANTR
PDE8A	2	1	HUMAN,PANTR
PDE8B	2	1	HUMAN,PANTR
PDE9A	2	1	HUMAN,PANTR
PDF	2	1	HUMAN,PANTR
PDGFB	2	1	HUMAN,PANTR
PDGFC	3	3	BOVIN,HUMAN,PANTR
PDGFD	2	1	HUMAN,PANTR
PDGFRA	2	1	HUMAN,PANTR
PDGFRB	2	1	HUMAN,PANTR
PDGFRL	2	1	HUMAN,PANTR
PDHA1	4	6	BOVIN,CANLF,HUMAN,PANTR
PDHA2	2	1	HUMAN,PANTR
PDHB	3	3	BOVIN,HUMAN,PANTR
PDHX	2	1	HUMAN,PANTR
PDIA3	2	1	HUMAN,PANTR
PDIA4	2	1	HUMAN,PANTR
PDIA5	2	1	HUMAN,PANTR
PDIA6	2	1	HUMAN,PANTR
PDIK1L	2	1	HUMAN,PANTR
PDILT	2	1	HUMAN,PANTR
PDK1	2	1	HUMAN,PANTR
PDK2	2	1	HUMAN,PANTR
PDK3	2	1	HUMAN,PANTR
PDK4	2	1	HUMAN,PANTR
PDLIM1	3	3	CANLF,HUMAN,PANTR
PDLIM2	2	1	HUMAN,PANTR
PDLIM3	2	1	HUMAN,PANTR
PDLIM4	2	1	HUMAN,PANTR
PDLIM5	2	1	HUMAN,PANTR
PDLIM7	2	1	HUMAN,PANTR
PDP1	2	1	HUMAN,PANTR
PDP2	2	1	HUMAN,PANTR
PDPK1	3	3	CANLF,HUMAN,PANTR
PDPN	3	3	CANLF,HUMAN,PANTR
PDRG1	2	1	HUMAN,PANTR
PDS5A	2	1	HUMAN,PANTR
PDS5B	2	1	HUMAN,PANTR
PDSS1	2	1	HUMAN,PANTR
PDSS2	2	1	HUMAN,PANTR
PDX1	2	1	HUMAN,PANTR
PDXK	2	1	HUMAN,PANTR
PDXP	2	1	HUMAN,PANTR
PDYN	2	1	HUMAN,PANTR
PDZD11	2	1	HUMAN,PANTR
PDZD2	2	1	HUMAN,PANTR
PDZD3	2	1	HUMAN,PANTR
PDZD4	2	1	HUMAN,PANTR
PDZD7	3	3	CANLF,HUMAN,PANTR
PDZD8	2	1	HUMAN,PANTR
PDZD9	2	1	HUMAN,PANTR
PDZK1	3	3	BOVIN,HUMAN,PANTR
PDZK1IP1	2	1	HUMAN,PANTR
PDZRN3	3	3	CANLF,HUMAN,PANTR
PDZRN4	2	1	HUMAN,PANTR
PEA15	2	1	HUMAN,PANTR
PEAK1	2	1	HUMAN,PANTR
PEAK3	3	3	CANLF,HUMAN,PANTR
PEAR1	2	1	HUMAN,PANTR
PEBP1	2	1	HUMAN,PANTR
PEBP4	2	1	HUMAN,PANTR
PECAM1	2	1	HUMAN,PANTR
PECR	2	1	HUMAN,PANTR
PEDS1	3	3	BOVIN,HUMAN,PANTR
PEF1	2	1	HUMAN,PANTR
PEG10	2	1	HUMAN,PANTR
PEG3	2	1	HUMAN,PANTR
PELI1	2	1	HUMAN,PANTR
PELI2	2	1	HUMAN,PANTR
PELI3	2	1	HUMAN,PANTR
PELO	2	1	HUMAN,PANTR
PELP1	2	1	HUMAN,PANTR
PEMT	2	1	HUMAN,PANTR
PENK	3	3	CANLF,HUMAN,PANTR
PEPD	2	1	HUMAN,PANTR
PER1	2	1	HUMAN,PANTR
PER2	2	1	HUMAN,PANTR
PER3	2	1	HUMAN,PANTR
PERM1	2	1	HUMAN,PANTR
PERP	2	1	HUMAN,PANTR
PES1	2	1	HUMAN,PANTR
PET117	2	1	HUMAN,PANTR
PEX1	3	3	CANLF,HUMAN,PANTR
PEX10	3	3	CANLF,HUMAN,PANTR
PEX11A	2	1	HUMAN,PANTR
PEX11B	2	1	HUMAN,PANTR
PEX11G	2	1	HUMAN,PANTR
PEX12	2	1	HUMAN,PANTR
PEX13	2	1	HUMAN,PANTR
PEX14	2	1	HUMAN,PANTR
PEX16	2	1	HUMAN,PANTR
PEX19	2	1	HUMAN,PANTR
PEX2	3	3	BOVIN,HUMAN,PANTR
PEX26	2	1	HUMAN,PANTR
PEX3	2	1	HUMAN,PANTR
PEX5	2	1	HUMAN,PANTR
PEX5L	2	1	HUMAN,PANTR
PEX6	2	1	HUMAN,PANTR
PEX7	2	1	HUMAN,PANTR
PF4	2	1	HUMAN,PANTR
PF4V1	2	1	HUMAN,PANTR
PFAS	2	1	HUMAN,PANTR
PFDN1	2	1	HUMAN,PANTR
PFDN2	3	3	BOVIN,HUMAN,PANTR
PFDN4	2	1	HUMAN,PANTR
PFDN5	2	1	HUMAN,PANTR
PFDN6	2	1	HUMAN,PANTR
PFKFB1	2	1	HUMAN,PANTR
PFKFB2	2	1	HUMAN,PANTR
PFKFB3	2	1	HUMAN,PANTR
PFKFB4	2	1	HUMAN,PANTR
PFKL	2	1	HUMAN,PANTR
PFKM	2	1	HUMAN,PANTR
PFKP	2	1	HUMAN,PANTR
PFN1	3	3	CANLF,HUMAN,PANTR
PFN2	2	1	HUMAN,PANTR
PFN3	2	1	HUMAN,PANTR
PFN4	2	1	HUMAN,PANTR
PGAM1	3	3	BOVIN,HUMAN,PANTR
PGAM5	3	3	CANLF,HUMAN,PANTR
PGAP1	2	1	HUMAN,PANTR
PGAP2	2	1	HUMAN,PANTR
PGAP3	2	1	HUMAN,PANTR
PGAP4	2	1	HUMAN,PANTR
PGAP6	2	1	HUMAN,PANTR
PGBD1	3	3	CANLF,HUMAN,PANTR
PGBD2	2	1	HUMAN,PANTR
PGBD4	2	1	HUMAN,PANTR
PGBD5	2	1	HUMAN,PANTR
PGC	2	1	HUMAN,PANTR
PGD	2	1	HUMAN,PANTR
PGF	2	1	HUMAN,PANTR
PGGT1B	2	1	HUMAN,PANTR
PGK1	2	1	HUMAN,PANTR
PGK2	2	1	HUMAN,PANTR
PGLS	2	1	HUMAN,PANTR
PGLYRP1	2	1	HUMAN,PANTR
PGLYRP2	2	1	HUMAN,PANTR
PGLYRP3	3	3	BOVIN,HUMAN,PANTR
PGLYRP4	2	1	HUMAN,PANTR
PGM1	2	1	HUMAN,PANTR
PGM2	2	1	HUMAN,PANTR
PGM2L1	2	1	HUMAN,PANTR
PGM3	2	1	HUMAN,PANTR
PGM5	2	1	HUMAN,PANTR
PGP	2	1	HUMAN,PANTR
PGPEP1	2	1	HUMAN,PANTR
PGR	2	1	HUMAN,PANTR
PGRMC1	2	1	HUMAN,PANTR
PGRMC2	2	1	HUMAN,PANTR
PGS1	2	1	HUMAN,PANTR
PHACTR1	2	1	HUMAN,PANTR
PHACTR2	2	1	HUMAN,PANTR
PHACTR3	3	3	BOVIN,HUMAN,PANTR
PHACTR4	2	1	HUMAN,PANTR
PHAF1	4	6	BOVIN,CANLF,HUMAN,PANTR
PHAX	3	3	CANLF,HUMAN,PANTR
PHB1	3	3	CANLF,HUMAN,PANTR
PHB2	2	1	HUMAN,PANTR
PHC1	2	1	HUMAN,PANTR
PHC2	2	1	HUMAN,PANTR
PHC3	3	3	CANLF,HUMAN,PANTR
PHETA1	2	1	HUMAN,PANTR
PHETA2	2	1	HUMAN,PANTR
PHEX	4	6	BOVIN,CANLF,HUMAN,PANTR
PHF1	2	1	HUMAN,PANTR
PHF10	2	1	HUMAN,PANTR
PHF11	2	1	HUMAN,PANTR
PHF12	2	1	HUMAN,PANTR
PHF13	3	3	CANLF,HUMAN,PANTR
PHF14	2	1	HUMAN,PANTR
PHF19	3	3	CANLF,HUMAN,PANTR
PHF2	2	1	HUMAN,PANTR
PHF20	2	1	HUMAN,PANTR
PHF20L1	2	1	HUMAN,PANTR
PHF21A	2	1	HUMAN,PANTR
PHF21B	2	1	HUMAN,PANTR
PHF23	2	1	HUMAN,PANTR
PHF24	2	1	HUMAN,PANTR
PHF3	2	1	HUMAN,PANTR
PHF5A	2	1	HUMAN,PANTR
PHF6	2	1	HUMAN,PANTR
PHF7	2	1	HUMAN,PANTR
PHF8	2	1	HUMAN,PANTR
PHGDH	3	3	BOVIN,HUMAN,PANTR
PHGR1	2	1	HUMAN,PANTR
PHIP	2	1	HUMAN,PANTR
PHKA1	2	1	HUMAN,PANTR
PHKA2	2	1	HUMAN,PANTR
PHKB	2	1	HUMAN,PANTR
PHKG1	2	1	HUMAN,PANTR
PHKG2	2	1	HUMAN,PANTR
PHLDA1	2	1	HUMAN,PANTR
PHLDA2	2	1	HUMAN,PANTR
PHLDA3	2	1	HUMAN,PANTR
PHLDB1	2	1	HUMAN,PANTR
PHLDB2	2	1	HUMAN,PANTR
PHLDB3	2	1	HUMAN,PANTR
PHLPP1	2	1	HUMAN,PANTR
PHLPP2	2	1	HUMAN,PANTR
PHOSPHO1	2	1	HUMAN,PANTR
PHOSPHO2	2	1	HUMAN,PANTR
PHOX2A	2	1	HUMAN,PANTR
PHOX2B	2	1	HUMAN,PANTR
PHPT1	2	1	HUMAN,PANTR
PHRF1	2	1	HUMAN,PANTR
PHTF2	2	1	HUMAN,PANTR
PHYH	2	1	HUMAN,PANTR
PHYHD1	3	3	CANLF,HUMAN,PANTR
PHYHIP	2	1	HUMAN,PANTR
PHYHIPL	2	1	HUMAN,PANTR
PHYKPL	4	6	BOVIN,CANLF,HUMAN,PANTR
PI15	2	1	HUMAN,PANTR
PI16	2	1	HUMAN,PANTR
PI3	2	1	HUMAN,PANTR
PI4K2A	2	1	HUMAN,PANTR
PI4KA	4	6	BOVIN,CANLF,HUMAN,PANTR
PI4KB	2	1	HUMAN,PANTR
PIANP	2	1	HUMAN,PANTR
PIAS1	2	1	HUMAN,PANTR
PIAS2	2	1	HUMAN,PANTR
PIAS3	2	1	HUMAN,PANTR
PIAS4	2	1	HUMAN,PANTR
PIBF1	2	1	HUMAN,PANTR
PICALM	2	1	HUMAN,PANTR
PICK1	2	1	HUMAN,PANTR
PID1	2	1	HUMAN,PANTR
PIEZO1	2	1	HUMAN,PANTR
PIEZO2	2	1	HUMAN,PANTR
PIF1	2	1	HUMAN,PANTR
PIFO	2	1	HUMAN,PANTR
PIGA	2	1	HUMAN,PANTR
PIGB	3	3	CANLF,HUMAN,PANTR
PIGC	2	1	HUMAN,PANTR
PIGF	2	1	HUMAN,PANTR
PIGG	2	1	HUMAN,PANTR
PIGH	2	1	HUMAN,PANTR
PIGK	2	1	HUMAN,PANTR
PIGL	2	1	HUMAN,PANTR
PIGN	2	1	HUMAN,PANTR
PIGO	2	1	HUMAN,PANTR
PIGP	2	1	HUMAN,PANTR
PIGQ	2	1	HUMAN,PANTR
PIGR	2	1	HUMAN,PANTR
PIGS	2	1	HUMAN,PANTR
PIGT	2	1	HUMAN,PANTR
PIGU	2	1	HUMAN,PANTR
PIGV	2	1	HUMAN,PANTR
PIGW	2	1	HUMAN,PANTR
PIGX	3	3	BOVIN,HUMAN,PANTR
PIGZ	2	1	HUMAN,PANTR
PIH1D1	2	1	HUMAN,PANTR
PIH1D2	2	1	HUMAN,PANTR
PIK3AP1	2	1	HUMAN,PANTR
PIK3C2A	2	1	HUMAN,PANTR
PIK3C2B	2	1	HUMAN,PANTR
PIK3C2G	2	1	HUMAN,PANTR
PIK3C3	2	1	HUMAN,PANTR
PIK3CA	2	1	HUMAN,PANTR
PIK3CB	2	1	HUMAN,PANTR
PIK3CD	2	1	HUMAN,PANTR
PIK3CG	2	1	HUMAN,PANTR
PIK3IP1	2	1	HUMAN,PANTR
PIK3R1	2	1	HUMAN,PANTR
PIK3R2	4	6	BOVIN,CANLF,HUMAN,PANTR
PIK3R3	2	1	HUMAN,PANTR
PIK3R4	2	1	HUMAN,PANTR
PIK3R5	2	1	HUMAN,PANTR
PIK3R6	2	1	HUMAN,PANTR
PIKFYVE	2	1	HUMAN,PANTR
PILRA	2	1	HUMAN,PANTR
PIM1	2	1	HUMAN,PANTR
PIM2	2	1	HUMAN,PANTR
PIM3	2	1	HUMAN,PANTR
PIMREG	2	1	HUMAN,PANTR
PIN1	2	1	CANLF,HUMAN
PINK1	2	1	HUMAN,PANTR
PINLYP	3	3	BOVIN,HUMAN,PANTR
PINX1	3	3	BOVIN,CANLF,HUMAN
PIP	2	1	HUMAN,PANTR
PIP4K2A	3	3	CANLF,HUMAN,PANTR
PIP4K2B	2	1	HUMAN,PANTR
PIP4K2C	2	1	HUMAN,PANTR
PIP4P1	2	1	HUMAN,PANTR
PIP4P2	2	1	HUMAN,PANTR
PIP5K1A	3	3	BOVIN,HUMAN,PANTR
PIP5K1B	2	1	HUMAN,PANTR
PIP5K1C	2	1	HUMAN,PANTR
PIP5KL1	2	1	HUMAN,PANTR
PIPOX	2	1	HUMAN,PANTR
PIR	2	1	HUMAN,PANTR
PIRT	2	1	HUMAN,PANTR
PISD	2	1	HUMAN,PANTR
PITHD1	2	1	HUMAN,PANTR
PITPNA	2	1	HUMAN,PANTR
PITPNB	2	1	HUMAN,PANTR
PITPNC1	2	1	HUMAN,PANTR
PITPNM1	2	1	HUMAN,PANTR
PITPNM2	2	1	HUMAN,PANTR
PITPNM3	3	3	CANLF,HUMAN,PANTR
PITRM1	2	1	HUMAN,PANTR
PITX1	2	1	HUMAN,PANTR
PITX2	2	1	HUMAN,PANTR
PITX3	2	1	HUMAN,PANTR
PIWIL1	2	1	HUMAN,PANTR
PIWIL2	2	1	HUMAN,PANTR
PIWIL3	2	1	HUMAN,PANTR
PIWIL4	2	1	HUMAN,PANTR
PJA2	2	1	HUMAN,PANTR
PJVK	2	1	HUMAN,PANTR
PKD1L1	2	1	HUMAN,PANTR
PKD1L2	2	1	CANLF,HUMAN
PKD1L3	2	1	HUMAN,PANTR
PKD2	2	1	HUMAN,PANTR
PKD2L1	2	1	HUMAN,PANTR
PKD2L2	2	1	HUMAN,PANTR
PKDCC	2	1	HUMAN,PANTR
PKDREJ	2	1	HUMAN,PANTR
PKHD1	2	1	HUMAN,PANTR
PKIA	2	1	HUMAN,PANTR
PKIB	2	1	HUMAN,PANTR
PKIG	2	1	HUMAN,PANTR
PKLR	2	1	HUMAN,PANTR
PKM	3	3	BOVIN,HUMAN,PANTR
PKMYT1	2	1	HUMAN,PANTR
PKN1	2	1	HUMAN,PANTR
PKN2	2	1	HUMAN,PANTR
PKN3	2	1	HUMAN,PANTR
PKNOX1	2	1	HUMAN,PANTR
PKNOX2	2	1	HUMAN,PANTR
PKP1	2	1	HUMAN,PANTR
PKP2	2	1	HUMAN,PANTR
PKP4	2	1	HUMAN,PANTR
PLA1A	2	1	HUMAN,PANTR
PLA2G10	2	1	CANLF,HUMAN
PLA2G12A	2	1	HUMAN,PANTR
PLA2G12B	2	1	HUMAN,PANTR
PLA2G15	2	1	HUMAN,PANTR
PLA2G1B	2	1	HUMAN,PANTR
PLA2G2A	2	1	HUMAN,PANTR
PLA2G2C	3	3	BOVIN,HUMAN,PANTR
PLA2G2D	2	1	HUMAN,PANTR
PLA2G2E	2	1	HUMAN,PANTR
PLA2G2F	2	1	HUMAN,PANTR
PLA2G3	2	1	HUMAN,PANTR
PLA2G4A	2	1	HUMAN,PANTR
PLA2G4C	2	1	HUMAN,PANTR
PLA2G4D	2	1	HUMAN,PANTR
PLA2G4E	3	3	BOVIN,HUMAN,PANTR
PLA2G4F	2	1	HUMAN,PANTR
PLA2G5	2	1	HUMAN,PANTR
PLA2G6	2	1	HUMAN,PANTR
PLA2G7	2	1	HUMAN,PANTR
PLA2R1	2	1	HUMAN,PANTR
PLAA	2	1	HUMAN,PANTR
PLAAT1	3	3	BOVIN,HUMAN,PANTR
PLAAT2	2	1	HUMAN,PANTR
PLAAT3	3	3	CANLF,HUMAN,PANTR
PLAAT4	2	1	HUMAN,PANTR
PLAAT5	3	3	CANLF,HUMAN,PANTR
PLAC1	2	1	HUMAN,PANTR
PLAC8	6	15	BOVIN,CANLF,HUMAN,PANTR
PLAC8L1	2	1	HUMAN,PANTR
PLAC9	2	1	HUMAN,PANTR
PLAG1	2	1	HUMAN,PANTR
PLAGL1	2	1	HUMAN,PANTR
PLAGL2	2	1	HUMAN,PANTR
PLAT	2	1	HUMAN,PANTR
PLAU	2	1	CANLF,HUMAN
PLAUR	3	3	CANLF,HUMAN,PANTR
PLB1	2	1	HUMAN,PANTR
PLBD1	2	1	HUMAN,PANTR
PLBD2	2	1	HUMAN,PANTR
PLCB1	2	1	HUMAN,PANTR
PLCB2	2	1	HUMAN,PANTR
PLCB3	3	3	CANLF,HUMAN,PANTR
PLCB4	2	1	HUMAN,PANTR
PLCD1	2	1	HUMAN,PANTR
PLCD3	2	1	HUMAN,PANTR
PLCD4	2	1	HUMAN,PANTR
PLCE1	2	1	HUMAN,PANTR
PLCG1	2	1	HUMAN,PANTR
PLCG2	2	1	HUMAN,PANTR
PLCH1	2	1	HUMAN,PANTR
PLCH2	2	1	HUMAN,PANTR
PLCL1	4	6	BOVIN,CANLF,HUMAN,PANTR
PLCL2	2	1	HUMAN,PANTR
PLCXD3	2	1	HUMAN,PANTR
PLCZ1	2	1	HUMAN,PANTR
PLD1	2	1	HUMAN,PANTR
PLD2	2	1	HUMAN,PANTR
PLD3	2	1	HUMAN,PANTR
PLD4	2	1	HUMAN,PANTR
PLD5	2	1	HUMAN,PANTR
PLD6	3	3	CANLF,HUMAN,PANTR
PLEC	3	3	BOVIN,HUMAN,PANTR
PLEK	2	1	HUMAN,PANTR
PLEK2	3	3	CANLF,HUMAN,PANTR
PLEKHA1	2	1	HUMAN,PANTR
PLEKHA2	2	1	HUMAN,PANTR
PLEKHA3	3	3	CANLF,HUMAN,PANTR
PLEKHA4	3	3	CANLF,HUMAN,PANTR
PLEKHA5	2	1	HUMAN,PANTR
PLEKHA6	2	1	HUMAN,PANTR
PLEKHA7	2	1	HUMAN,PANTR
PLEKHA8	4	6	BOVIN,CANLF,HUMAN,PANTR
PLEKHB1	2	1	HUMAN,PANTR
PLEKHB2	2	1	HUMAN,PANTR
PLEKHD1	2	1	HUMAN,PANTR
PLEKHF1	2	1	HUMAN,PANTR
PLEKHF2	2	1	HUMAN,PANTR
PLEKHG1	2	1	HUMAN,PANTR
PLEKHG2	2	1	HUMAN,PANTR
PLEKHG3	2	1	HUMAN,PANTR
PLEKHG4	2	1	HUMAN,PANTR
PLEKHG4B	3	3	CANLF,HUMAN,PANTR
PLEKHG5	2	1	HUMAN,PANTR
PLEKHG6	2	1	HUMAN,PANTR
PLEKHG7	3	3	BOVIN,HUMAN,PANTR
PLEKHH1	2	1	HUMAN,PANTR
PLEKHH2	2	1	HUMAN,PANTR
PLEKHH3	3	3	CANLF,HUMAN,PANTR
PLEKHJ1	2	1	HUMAN,PANTR
PLEKHM1	3	3	BOVIN,HUMAN,PANTR
PLEKHM2	2	1	HUMAN,PANTR
PLEKHM3	2	1	HUMAN,PANTR
PLEKHN1	2	1	HUMAN,PANTR
PLEKHO1	2	1	HUMAN,PANTR
PLEKHO2	3	3	CANLF,HUMAN,PANTR
PLEKHS1	2	1	HUMAN,PANTR
PLET1	2	1	HUMAN,PANTR
PLG	2	1	HUMAN,PANTR
PLGRKT	2	1	HUMAN,PANTR
PLIN1	2	1	HUMAN,PANTR
PLIN2	2	1	HUMAN,PANTR
PLIN3	2	1	HUMAN,PANTR
PLIN4	3	3	BOVIN,HUMAN,PANTR
PLIN5	2	1	HUMAN,PANTR
PLK1	2	1	HUMAN,PANTR
PLK2	2	1	HUMAN,PANTR
PLK3	2	1	HUMAN,PANTR
PLK4	2	1	HUMAN,PANTR
PLLP	2	1	HUMAN,PANTR
PLN	2	1	HUMAN,PANTR
PLOD1	2	1	HUMAN,PANTR
PLOD2	2	1	HUMAN,PANTR
PLOD3	2	1	HUMAN,PANTR
PLP1	2	1	HUMAN,PANTR
PLP2	3	3	BOVIN,HUMAN,PANTR
PLPBP	2	1	HUMAN,PANTR
PLPP1	2	1	HUMAN,PANTR
PLPP2	2	1	HUMAN,PANTR
PLPP3	2	1	HUMAN,PANTR
PLPP4	2	1	HUMAN,PANTR
PLPP5	2	1	HUMAN,PANTR
PLPP6	2	1	HUMAN,PANTR
PLPP7	2	1	HUMAN,PANTR
PLPPR1	4	6	BOVIN,CANLF,HUMAN,PANTR
PLPPR2	4	6	BOVIN,CANLF,HUMAN,PANTR
PLPPR3	2	1	HUMAN,PANTR
PLPPR4	4	6	BOVIN,CANLF,HUMAN,PANTR
PLPPR5	3	3	BOVIN,HUMAN,PANTR
PLRG1	2	1	HUMAN,PANTR
PLS1	2	1	HUMAN,PANTR
PLS3	2	1	HUMAN,PANTR
PLSCR1	2	1	HUMAN,PANTR
PLSCR2	2	1	HUMAN,PANTR
PLSCR3	4	6	BOVIN,CANLF,HUMAN,PANTR
PLSCR4	2	1	HUMAN,PANTR
PLSCR5	3	3	CANLF,HUMAN,PANTR
PLTP	2	1	HUMAN,PANTR
PLVAP	2	1	HUMAN,PANTR
PLXDC1	2	1	HUMAN,PANTR
PLXDC2	2	1	HUMAN,PANTR
PLXNA1	2	1	HUMAN,PANTR
PLXNA2	2	1	HUMAN,PANTR
PLXNA3	2	1	HUMAN,PANTR
PLXNA4	2	1	HUMAN,PANTR
PLXNB1	2	1	HUMAN,PANTR
PLXNB2	2	1	HUMAN,PANTR
PLXNC1	2	1	HUMAN,PANTR
PLXND1	2	1	HUMAN,PANTR
PM20D1	2	1	HUMAN,PANTR
PM20D2	2	1	HUMAN,PANTR
PMAIP1	2	1	CANLF,HUMAN
PMCH	2	1	HUMAN,PANTR
PMEL	2	1	HUMAN,PANTR
PMF1	2	1	HUMAN,PANTR
PMFBP1	2	1	HUMAN,PANTR
PMM1	2	1	HUMAN,PANTR
PMM2	2	1	HUMAN,PANTR
PMP2	3	3	BOVIN,HUMAN,PANTR
PMP22	2	1	HUMAN,PANTR
PMPCA	2	1	HUMAN,PANTR
PMPCB	2	1	HUMAN,PANTR
PMS1	2	1	HUMAN,PANTR
PMS2	3	3	CANLF,HUMAN,PANTR
PMVK	2	1	HUMAN,PANTR
PNCK	2	1	HUMAN,PANTR
PNISR	2	1	HUMAN,PANTR
PNKD	2	1	HUMAN,PANTR
PNKP	2	1	HUMAN,PANTR
PNLDC1	2	1	HUMAN,PANTR
PNLIP	3	3	BOVIN,HUMAN,PANTR
PNLIPRP3	2	1	HUMAN,PANTR
PNMA1	4	6	BOVIN,CANLF,HUMAN,PANTR
PNMA2	2	1	HUMAN,PANTR
PNMA5	2	1	HUMAN,PANTR
PNMA6A	2	1	CANLF,HUMAN
PNMA8A	2	1	HUMAN,PANTR
PNMT	2	1	HUMAN,PANTR
PNN	2	1	HUMAN,PANTR
PNO1	2	1	HUMAN,PANTR
PNOC	2	1	HUMAN,PANTR
PNP	2	1	HUMAN,PANTR
PNPLA1	2	1	HUMAN,PANTR
PNPLA2	2	1	HUMAN,PANTR
PNPLA3	2	1	HUMAN,PANTR
PNPLA4	3	3	CANLF,HUMAN,PANTR
PNPLA5	2	1	HUMAN,PANTR
PNPLA6	2	1	HUMAN,PANTR
PNPLA8	2	1	HUMAN,PANTR
PNPO	2	1	HUMAN,PANTR
PNPT1	2	1	HUMAN,PANTR
PNRC1	2	1	HUMAN,PANTR
PNRC2	2	1	HUMAN,PANTR
POC1A	2	1	HUMAN,PANTR
POC1B	3	3	CANLF,HUMAN,PANTR
POC5	2	1	HUMAN,PANTR
PODN	2	1	HUMAN,PANTR
PODNL1	2	1	HUMAN,PANTR
PODXL	4	6	BOVIN,CANLF,HUMAN,PANTR
PODXL2	2	1	HUMAN,PANTR
POF1B	2	1	HUMAN,PANTR
POFUT1	2	1	HUMAN,PANTR
POFUT2	2	1	HUMAN,PANTR
POGK	2	1	HUMAN,PANTR
POGLUT1	2	1	HUMAN,PANTR
POGLUT2	2	1	HUMAN,PANTR
POGLUT3	2	1	HUMAN,PANTR
POGZ	2	1	HUMAN,PANTR
POLA1	2	1	HUMAN,PANTR
POLA2	2	1	HUMAN,PANTR
POLB	2	1	HUMAN,PANTR
POLD1	2	1	HUMAN,PANTR
POLD2	2	1	HUMAN,PANTR
POLD3	2	1	HUMAN,PANTR
POLD4	2	1	HUMAN,PANTR
POLDIP2	2	1	HUMAN,PANTR
POLDIP3	2	1	HUMAN,PANTR
POLE	2	1	HUMAN,PANTR
POLE2	2	1	HUMAN,PANTR
POLE3	2	1	HUMAN,PANTR
POLE4	2	1	HUMAN,PANTR
POLG	2	1	HUMAN,PANTR
POLG2	2	1	HUMAN,PANTR
POLH	2	1	HUMAN,PANTR
POLI	2	1	HUMAN,PANTR
POLK	2	1	HUMAN,PANTR
POLL	2	1	HUMAN,PANTR
POLM	2	1	HUMAN,PANTR
POLN	2	1	HUMAN,PANTR
POLQ	2	1	HUMAN,PANTR
POLR1A	2	1	HUMAN,PANTR
POLR1B	2	1	HUMAN,PANTR
POLR1C	2	1	HUMAN,PANTR
POLR1D	2	1	CANLF,PANTR
POLR1E	2	1	HUMAN,PANTR
POLR1F	3	3	BOVIN,HUMAN,PANTR
POLR1G	2	1	HUMAN,PANTR
POLR1H	2	1	HUMAN,PANTR
POLR2A	2	1	HUMAN,PANTR
POLR2B	2	1	HUMAN,PANTR
POLR2C	2	1	HUMAN,PANTR
POLR2D	2	1	HUMAN,PANTR
POLR2F	2	1	HUMAN,PANTR
POLR2H	2	1	HUMAN,PANTR
POLR2I	2	1	HUMAN,PANTR
POLR2K	3	3	CANLF,HUMAN,PANTR
POLR2L	2	1	HUMAN,PANTR
POLR3A	2	1	HUMAN,PANTR
POLR3B	2	1	HUMAN,PANTR
POLR3C	2	1	HUMAN,PANTR
POLR3D	2	1	HUMAN,PANTR
POLR3E	3	3	CANLF,HUMAN,PANTR
POLR3F	2	1	HUMAN,PANTR
POLR3G	2	1	HUMAN,PANTR
POLR3GL	3	3	BOVIN,HUMAN,PANTR
POLR3H	2	1	HUMAN,PANTR
POLR3K	2	1	HUMAN,PANTR
POLRMT	2	1	HUMAN,PANTR
POM121L12	2	1	HUMAN,PANTR
POM121L2	3	3	BOVIN,HUMAN,PANTR
POMC	2	1	HUMAN,PANTR
POMGNT1	4	6	BOVIN,CANLF,HUMAN,PANTR
POMGNT2	2	1	HUMAN,PANTR
POMK	2	1	HUMAN,PANTR
POMP	2	1	HUMAN,PANTR
POMT1	2	1	HUMAN,PANTR
POMT2	2	1	HUMAN,PANTR
PON1	2	1	HUMAN,PANTR
PON2	2	1	HUMAN,PANTR
PON3	2	1	HUMAN,PANTR
POP1	2	1	HUMAN,PANTR
POP4	2	1	HUMAN,PANTR
POP5	2	1	HUMAN,PANTR
POP7	2	1	HUMAN,PANTR
POPDC2	3	3	CANLF,HUMAN,PANTR
POPDC3	2	1	HUMAN,PANTR
POR	2	1	HUMAN,PANTR
POSTN	2	1	HUMAN,PANTR
POT1	2	1	HUMAN,PANTR
POU1F1	3	3	BOVIN,HUMAN,PANTR
POU2AF1	2	1	HUMAN,PANTR
POU2F1	2	1	HUMAN,PANTR
POU2F2	2	1	HUMAN,PANTR
POU2F3	2	1	HUMAN,PANTR
POU3F1	2	1	HUMAN,PANTR
POU3F4	2	1	HUMAN,PANTR
POU4F1	2	1	HUMAN,PANTR
POU4F2	2	1	HUMAN,PANTR
POU4F3	2	1	HUMAN,PANTR
POU5F1	2	1	HUMAN,PANTR
POU6F1	2	1	HUMAN,PANTR
PP2D1	3	3	BOVIN,HUMAN,PANTR
PPA1	2	1	BOVIN,HUMAN
PPA2	2	1	BOVIN,HUMAN
PPARA	2	1	HUMAN,PANTR
PPARD	2	1	HUMAN,PANTR
PPARG	2	1	HUMAN,PANTR
PPARGC1A	2	1	HUMAN,PANTR
PPARGC1B	2	1	HUMAN,PANTR
PPAT	2	1	HUMAN,PANTR
PPBP	2	1	HUMAN,PANTR
PPCDC	2	1	HUMAN,PANTR
PPCS	2	1	HUMAN,PANTR
PPDPFL	2	1	HUMAN,PANTR
PPEF1	2	1	HUMAN,PANTR
PPEF2	3	3	BOVIN,HUMAN,PANTR
PPFIA1	3	3	BOVIN,HUMAN,PANTR
PPFIA2	3	3	BOVIN,HUMAN,PANTR
PPFIA3	2	1	HUMAN,PANTR
PPFIA4	2	1	HUMAN,PANTR
PPFIBP1	2	1	HUMAN,PANTR
PPFIBP2	2	1	HUMAN,PANTR
PPHLN1	3	3	CANLF,HUMAN,PANTR
PPIB	2	1	HUMAN,PANTR
PPIC	2	1	HUMAN,PANTR
PPID	2	1	HUMAN,PANTR
PPIE	3	3	BOVIN,HUMAN,PANTR
PPIF	2	1	HUMAN,PANTR
PPIG	2	1	HUMAN,PANTR
PPIH	2	1	HUMAN,PANTR
PPIL1	2	1	HUMAN,PANTR
PPIL2	2	1	HUMAN,PANTR
PPIL3	2	1	HUMAN,PANTR
PPIL4	2	1	HUMAN,PANTR
PPIL6	2	1	HUMAN,PANTR
PPIP5K1	2	1	HUMAN,PANTR
PPIP5K2	2	1	HUMAN,PANTR
PPL	2	1	HUMAN,PANTR
PPM1A	2	1	HUMAN,PANTR
PPM1B	2	1	HUMAN,PANTR
PPM1D	2	1	HUMAN,PANTR
PPM1E	2	1	HUMAN,PANTR
PPM1F	2	1	HUMAN,PANTR
PPM1G	2	1	HUMAN,PANTR
PPM1H	2	1	HUMAN,PANTR
PPM1J	2	1	HUMAN,PANTR
PPM1K	2	1	HUMAN,PANTR
PPM1L	2	1	HUMAN,PANTR
PPM1M	2	1	HUMAN,PANTR
PPM1N	3	3	CANLF,HUMAN,PANTR
PPME1	2	1	HUMAN,PANTR
PPOX	2	1	HUMAN,PANTR
PPP1CA	2	1	HUMAN,PANTR
PPP1CB	2	1	HUMAN,PANTR
PPP1CC	4	6	BOVIN,CANLF,HUMAN,PANTR
PPP1R10	2	1	HUMAN,PANTR
PPP1R11	2	1	HUMAN,PANTR
PPP1R12A	2	1	HUMAN,PANTR
PPP1R12B	2	1	HUMAN,PANTR
PPP1R12C	3	3	BOVIN,HUMAN,PANTR
PPP1R13B	2	1	HUMAN,PANTR
PPP1R13L	2	1	HUMAN,PANTR
PPP1R14A	3	3	CANLF,HUMAN,PANTR
PPP1R14B	3	3	CANLF,HUMAN,PANTR
PPP1R14C	2	1	HUMAN,PANTR
PPP1R14D	4	6	BOVIN,CANLF,HUMAN,PANTR
PPP1R15A	3	3	CANLF,HUMAN,PANTR
PPP1R15B	2	1	HUMAN,PANTR
PPP1R16B	2	1	HUMAN,PANTR
PPP1R17	2	1	HUMAN,PANTR
PPP1R18	3	3	CANLF,HUMAN,PANTR
PPP1R1A	2	1	HUMAN,PANTR
PPP1R1B	2	1	HUMAN,PANTR
PPP1R1C	2	1	HUMAN,PANTR
PPP1R2	2	1	HUMAN,PANTR
PPP1R21	2	1	HUMAN,PANTR
PPP1R26	2	1	HUMAN,PANTR
PPP1R27	2	1	HUMAN,PANTR
PPP1R2C	2	1	CANLF,HUMAN
PPP1R32	2	1	HUMAN,PANTR
PPP1R35	2	1	HUMAN,PANTR
PPP1R36	2	1	HUMAN,PANTR
PPP1R37	2	1	HUMAN,PANTR
PPP1R3A	2	1	HUMAN,PANTR
PPP1R3B	2	1	HUMAN,PANTR
PPP1R3C	2	1	HUMAN,PANTR
PPP1R3D	2	1	HUMAN,PANTR
PPP1R3E	2	1	HUMAN,PANTR
PPP1R3G	2	1	HUMAN,PANTR
PPP1R42	4	6	BOVIN,CANLF,HUMAN,PANTR
PPP1R7	3	3	CANLF,HUMAN,PANTR
PPP1R8	2	1	HUMAN,PANTR
PPP1R9A	2	1	HUMAN,PANTR
PPP1R9B	2	1	HUMAN,PANTR
PPP2CB	2	1	HUMAN,PANTR
PPP2R1A	2	1	HUMAN,PANTR
PPP2R1B	2	1	HUMAN,PANTR
PPP2R2A	2	1	HUMAN,PANTR
PPP2R2B	2	1	HUMAN,PANTR
PPP2R2C	2	1	HUMAN,PANTR
PPP2R2D	2	1	HUMAN,PANTR
PPP2R3A	2	1	HUMAN,PANTR
PPP2R3C	2	1	HUMAN,PANTR
PPP2R5A	2	1	HUMAN,PANTR
PPP2R5B	2	1	HUMAN,PANTR
PPP2R5C	2	1	HUMAN,PANTR
PPP2R5D	2	1	HUMAN,PANTR
PPP2R5E	2	1	HUMAN,PANTR
PPP3CA	2	1	HUMAN,PANTR
PPP3CB	2	1	HUMAN,PANTR
PPP3CC	2	1	HUMAN,PANTR
PPP4C	2	1	HUMAN,PANTR
PPP4R1	3	3	CANLF,HUMAN,PANTR
PPP4R2	2	1	HUMAN,PANTR
PPP4R3B	3	3	CANLF,HUMAN,PANTR
PPP4R4	2	1	HUMAN,PANTR
PPP5C	2	1	HUMAN,PANTR
PPP5D1P	2	1	HUMAN,PANTR
PPP6C	2	1	HUMAN,PANTR
PPP6R1	3	3	BOVIN,HUMAN,PANTR
PPP6R2	2	1	HUMAN,PANTR
PPP6R3	2	1	HUMAN,PANTR
PPRC1	2	1	HUMAN,PANTR
PPT1	2	1	HUMAN,PANTR
PPT2	3	3	BOVIN,HUMAN,PANTR
PPTC7	2	1	HUMAN,PANTR
PPWD1	2	1	HUMAN,PANTR
PPY	2	1	BOVIN,HUMAN
PQBP1	2	1	HUMAN,PANTR
PRAC1	2	1	HUMAN,PANTR
PRAC2	2	1	HUMAN,PANTR
PRADC1	2	1	HUMAN,PANTR
PRAG1	2	1	CANLF,HUMAN
PRAM1	2	1	HUMAN,PANTR
PRAMEF12	2	1	HUMAN,PANTR
PRAMEF17	2	1	HUMAN,PANTR
PRAMEF20	2	1	HUMAN,PANTR
PRAP1	2	1	BOVIN,HUMAN
PRC1	2	1	HUMAN,PANTR
PRCC	2	1	HUMAN,PANTR
PRCD	2	1	HUMAN,PANTR
PRCP	2	1	HUMAN,PANTR
PRDM1	2	1	HUMAN,PANTR
PRDM10	2	1	HUMAN,PANTR
PRDM11	2	1	HUMAN,PANTR
PRDM12	3	3	CANLF,HUMAN,PANTR
PRDM13	2	1	HUMAN,PANTR
PRDM14	2	1	HUMAN,PANTR
PRDM15	2	1	HUMAN,PANTR
PRDM16	2	1	HUMAN,PANTR
PRDM2	3	3	CANLF,HUMAN,PANTR
PRDM4	2	1	HUMAN,PANTR
PRDM5	3	3	CANLF,HUMAN,PANTR
PRDM6	2	1	HUMAN,PANTR
PRDM8	4	6	BOVIN,CANLF,HUMAN,PANTR
PRDX1	2	1	HUMAN,PANTR
PRDX2	2	1	HUMAN,PANTR
PRDX3	2	1	HUMAN,PANTR
PRDX5	2	1	HUMAN,PANTR
PRDX6	2	1	HUMAN,PANTR
PREB	2	1	HUMAN,PANTR
PRELID1	2	1	HUMAN,PANTR
PRELID2	2	1	HUMAN,PANTR
PRELID3A	2	1	HUMAN,PANTR
PRELID3B	3	3	BOVIN,HUMAN,PANTR
PRELP	2	1	HUMAN,PANTR
PREP	2	1	HUMAN,PANTR
PREPL	2	1	HUMAN,PANTR
PREX1	3	3	BOVIN,HUMAN,PANTR
PREX2	2	1	HUMAN,PANTR
PRF1	2	1	HUMAN,PANTR
PRG3	3	3	CANLF,HUMAN,PANTR
PRG4	2	1	CANLF,HUMAN
PRICKLE1	2	1	HUMAN,PANTR
PRICKLE2	2	1	HUMAN,PANTR
PRIM1	3	3	BOVIN,HUMAN,PANTR
PRIM2	2	1	CANLF,HUMAN
PRIMA1	4	6	BOVIN,CANLF,HUMAN,PANTR
PRIMPOL	2	1	HUMAN,PANTR
PRKAA1	3	3	CANLF,HUMAN,PANTR
PRKAA2	3	3	CANLF,HUMAN,PANTR
PRKAB1	2	1	HUMAN,PANTR
PRKAB2	2	1	HUMAN,PANTR
PRKACA	2	1	HUMAN,PANTR
PRKACB	2	1	HUMAN,PANTR
PRKACG	2	1	HUMAN,PANTR
PRKAG1	2	1	HUMAN,PANTR
PRKAG2	3	3	BOVIN,HUMAN,PANTR
PRKAG3	2	1	HUMAN,PANTR
PRKAR1A	2	1	HUMAN,PANTR
PRKAR2A	2	1	HUMAN,PANTR
PRKAR2B	2	1	HUMAN,PANTR
PRKCA	2	1	HUMAN,PANTR
PRKCB	2	1	HUMAN,PANTR
PRKCD	2	1	HUMAN,PANTR
PRKCE	2	1	HUMAN,PANTR
PRKCG	2	1	HUMAN,PANTR
PRKCH	2	1	HUMAN,PANTR
PRKCI	2	1	HUMAN,PANTR
PRKCQ	2	1	HUMAN,PANTR
PRKD1	3	3	BOVIN,HUMAN,PANTR
PRKD2	2	1	HUMAN,PANTR
PRKD3	2	1	HUMAN,PANTR
PRKDC	2	1	HUMAN,PANTR
PRKG1	2	1	HUMAN,PANTR
PRKG2	2	1	HUMAN,PANTR
PRKN	2	1	HUMAN,PANTR
PRKRA	2	1	HUMAN,PANTR
PRKRIP1	2	1	HUMAN,PANTR
PRKX	3	3	CANLF,HUMAN,PANTR
PRL	2	1	HUMAN,PANTR
PRLH	2	1	HUMAN,PANTR
PRLHR	2	1	HUMAN,PANTR
PRLR	2	1	HUMAN,PANTR
PRM2	2	1	HUMAN,PANTR
PRMT1	3	3	BOVIN,HUMAN,PANTR
PRMT2	2	1	HUMAN,PANTR
PRMT3	2	1	HUMAN,PANTR
PRMT5	2	1	HUMAN,PANTR
PRMT6	2	1	HUMAN,PANTR
PRMT7	2	1	HUMAN,PANTR
PRMT8	2	1	HUMAN,PANTR
PRMT9	2	1	HUMAN,PANTR
PRND	2	1	HUMAN,PANTR
PROB1	2	1	HUMAN,PANTR
PROC	3	3	BOVIN,HUMAN,PANTR
PROCA1	2	1	HUMAN,PANTR
PROCR	2	1	HUMAN,PANTR
PRODH2	2	1	HUMAN,PANTR
PROK1	2	1	HUMAN,PANTR
PROK2	2	1	HUMAN,PANTR
PROKR1	3	3	CANLF,HUMAN,PANTR
PROKR2	2	1	HUMAN,PANTR
PROM1	2	1	HUMAN,PANTR
PROM2	2	1	HUMAN,PANTR
PROP1	2	1	HUMAN,PANTR
PRORP	3	3	BOVIN,HUMAN,PANTR
PROS1	3	3	CANLF,HUMAN,PANTR
PROSER1	2	1	HUMAN,PANTR
PROSER2	2	1	HUMAN,PANTR
PROSER3	3	3	BOVIN,HUMAN,PANTR
PROX1	2	1	HUMAN,PANTR
PROX2	2	1	HUMAN,PANTR
PROZ	2	1	HUMAN,PANTR
PRPF18	2	1	HUMAN,PANTR
PRPF19	2	1	HUMAN,PANTR
PRPF3	2	1	HUMAN,PANTR
PRPF31	2	1	HUMAN,PANTR
PRPF38A	2	1	HUMAN,PANTR
PRPF38B	2	1	HUMAN,PANTR
PRPF39	2	1	HUMAN,PANTR
PRPF4	2	1	HUMAN,PANTR
PRPF40A	2	1	HUMAN,PANTR
PRPF40B	2	1	HUMAN,PANTR
PRPF4B	2	1	HUMAN,PANTR
PRPF6	2	1	HUMAN,PANTR
PRPF8	2	1	HUMAN,PANTR
PRPH	2	1	HUMAN,PANTR
PRPH2	2	1	HUMAN,PANTR
PRPS1	4	6	BOVIN,CANLF,HUMAN,PANTR
PRPS2	3	3	BOVIN,HUMAN,PANTR
PRPSAP1	2	1	HUMAN,PANTR
PRPSAP2	2	1	HUMAN,PANTR
PRR11	2	1	HUMAN,PANTR
PRR12	2	1	HUMAN,PANTR
PRR13	2	1	HUMAN,PANTR
PRR14	2	1	HUMAN,PANTR
PRR14L	2	1	HUMAN,PANTR
PRR15	2	1	HUMAN,PANTR
PRR15L	2	1	HUMAN,PANTR
PRR16	2	1	HUMAN,PANTR
PRR18	2	1	HUMAN,PANTR
PRR19	2	1	HUMAN,PANTR
PRR22	3	3	BOVIN,HUMAN,PANTR
PRR23A	2	1	HUMAN,PANTR
PRR23B	2	1	HUMAN,PANTR
PRR23C	2	1	HUMAN,PANTR
PRR25	2	1	HUMAN,PANTR
PRR27	2	1	HUMAN,PANTR
PRR29	2	1	HUMAN,PANTR
PRR3	2	1	HUMAN,PANTR
PRR32	2	1	HUMAN,PANTR
PRR35	2	1	HUMAN,PANTR
PRR36	2	1	HUMAN,PANTR
PRR4	2	1	HUMAN,PANTR
PRR5	2	1	HUMAN,PANTR
PRR5L	2	1	HUMAN,PANTR
PRR7	2	1	HUMAN,PANTR
PRR9	2	1	HUMAN,PANTR
PRRC1	2	1	HUMAN,PANTR
PRRC2A	2	1	HUMAN,PANTR
PRRC2B	2	1	HUMAN,PANTR
PRRC2C	2	1	HUMAN,PANTR
PRRG1	2	1	HUMAN,PANTR
PRRG2	2	1	HUMAN,PANTR
PRRG3	2	1	HUMAN,PANTR
PRRG4	2	1	HUMAN,PANTR
PRRT1	2	1	HUMAN,PANTR
PRRT1B	2	1	HUMAN,PANTR
PRRT2	2	1	HUMAN,PANTR
PRRT3	2	1	HUMAN,PANTR
PRRT4	2	1	HUMAN,PANTR
PRRX1	2	1	HUMAN,PANTR
PRRX2	2	1	HUMAN,PANTR
PRSS12	2	1	HUMAN,PANTR
PRSS16	2	1	HUMAN,PANTR
PRSS2	2	1	HUMAN,PANTR
PRSS21	2	1	HUMAN,PANTR
PRSS22	2	1	HUMAN,PANTR
PRSS27	2	1	HUMAN,PANTR
PRSS3	2	1	HUMAN,PANTR
PRSS35	2	1	HUMAN,PANTR
PRSS36	2	1	HUMAN,PANTR
PRSS37	2	1	HUMAN,PANTR
PRSS38	2	1	HUMAN,PANTR
PRSS42P	2	1	HUMAN,PANTR
PRSS45P	2	1	HUMAN,PANTR
PRSS48	3	3	CANLF,HUMAN,PANTR
PRSS50	2	1	HUMAN,PANTR
PRSS53	2	1	HUMAN,PANTR
PRSS54	2	1	HUMAN,PANTR
PRSS55	3	3	BOVIN,HUMAN,PANTR
PRSS56	2	1	HUMAN,PANTR
PRSS57	2	1	HUMAN,PANTR
PRSS58	2	1	HUMAN,PANTR
PRSS8	2	1	HUMAN,PANTR
PRTFDC1	2	1	HUMAN,PANTR
PRTG	3	3	BOVIN,HUMAN,PANTR
PRTN3	2	1	HUMAN,PANTR
PRUNE1	2	1	HUMAN,PANTR
PRUNE2	2	1	HUMAN,PANTR
PRX	2	1	HUMAN,PANTR
PRXL2A	2	1	HUMAN,PANTR
PRXL2B	2	1	HUMAN,PANTR
PRXL2C	2	1	HUMAN,PANTR
PSAP	2	1	HUMAN,PANTR
PSAPL1	2	1	HUMAN,PANTR
PSAT1	2	1	HUMAN,PANTR
PSCA	3	3	CANLF,HUMAN,PANTR
PSD	2	1	HUMAN,PANTR
PSD2	2	1	HUMAN,PANTR
PSD3	2	1	HUMAN,PANTR
PSD4	2	1	HUMAN,PANTR
PSEN1	2	1	HUMAN,PANTR
PSEN2	2	1	HUMAN,PANTR
PSENEN	3	3	CANLF,HUMAN,PANTR
PSG2	2	1	HUMAN,PANTR
PSG9	2	1	HUMAN,PANTR
PSIP1	2	1	HUMAN,PANTR
PSKH1	2	1	HUMAN,PANTR
PSKH2	2	1	HUMAN,PANTR
PSMA1	2	1	HUMAN,PANTR
PSMA2	3	3	BOVIN,HUMAN,PANTR
PSMA3	2	1	HUMAN,PANTR
PSMA4	2	1	HUMAN,PANTR
PSMA5	3	3	CANLF,HUMAN,PANTR
PSMA6	2	1	HUMAN,PANTR
PSMA7	2	1	HUMAN,PANTR
PSMA8	2	1	HUMAN,PANTR
PSMB1	2	1	HUMAN,PANTR
PSMB10	3	3	CANLF,HUMAN,PANTR
PSMB2	2	1	HUMAN,PANTR
PSMB3	2	1	HUMAN,PANTR
PSMB4	2	1	HUMAN,PANTR
PSMB5	2	1	HUMAN,PANTR
PSMB6	2	1	HUMAN,PANTR
PSMB7	3	3	CANLF,HUMAN,PANTR
PSMB8	2	1	HUMAN,PANTR
PSMB9	2	1	HUMAN,PANTR
PSMC1	2	1	HUMAN,PANTR
PSMC2	2	1	HUMAN,PANTR
PSMC3	2	1	HUMAN,PANTR
PSMC3IP	2	1	HUMAN,PANTR
PSMC4	2	1	HUMAN,PANTR
PSMC5	2	1	HUMAN,PANTR
PSMC6	2	1	HUMAN,PANTR
PSMD1	2	1	HUMAN,PANTR
PSMD10	2	1	HUMAN,PANTR
PSMD11	2	1	HUMAN,PANTR
PSMD12	2	1	HUMAN,PANTR
PSMD13	2	1	HUMAN,PANTR
PSMD14	2	1	HUMAN,PANTR
PSMD2	2	1	HUMAN,PANTR
PSMD3	2	1	HUMAN,PANTR
PSMD4	2	1	HUMAN,PANTR
PSMD5	2	1	HUMAN,PANTR
PSMD6	2	1	HUMAN,PANTR
PSMD7	2	1	HUMAN,PANTR
PSMD8	2	1	HUMAN,PANTR
PSMD9	4	6	BOVIN,CANLF,HUMAN,PANTR
PSME1	2	1	HUMAN,PANTR
PSME2	2	1	HUMAN,PANTR
PSME3	2	1	HUMAN,PANTR
PSME3IP1	2	1	HUMAN,PANTR
PSME4	2	1	HUMAN,PANTR
PSMF1	2	1	HUMAN,PANTR
PSMG1	2	1	HUMAN,PANTR
PSMG2	2	1	HUMAN,PANTR
PSMG3	2	1	HUMAN,PANTR
PSMG4	2	1	HUMAN,PANTR
PSPC1	2	1	HUMAN,PANTR
PSPH	2	1	HUMAN,PANTR
PSPN	3	3	BOVIN,HUMAN,PANTR
PSRC1	2	1	HUMAN,PANTR
PSTK	2	1	HUMAN,PANTR
PSTPIP1	2	1	HUMAN,PANTR
PSTPIP2	2	1	HUMAN,PANTR
PTAFR	2	1	HUMAN,PANTR
PTAR1	2	1	HUMAN,PANTR
PTBP1	2	1	HUMAN,PANTR
PTBP2	4	6	BOVIN,CANLF,HUMAN,PANTR
PTBP3	3	3	CANLF,HUMAN,PANTR
PTCD2	2	1	HUMAN,PANTR
PTCD3	2	1	HUMAN,PANTR
PTCH1	2	1	HUMAN,PANTR
PTCH2	2	1	HUMAN,PANTR
PTCHD1	2	1	HUMAN,PANTR
PTCHD3	2	1	HUMAN,PANTR
PTCHD4	2	1	HUMAN,PANTR
PTCRA	2	1	HUMAN,PANTR
PTDSS1	2	1	HUMAN,PANTR
PTEN	2	1	HUMAN,PANTR
PTER	2	1	HUMAN,PANTR
PTGDR	2	1	HUMAN,PANTR
PTGDR2	2	1	HUMAN,PANTR
PTGDS	3	3	CANLF,HUMAN,PANTR
PTGER1	2	1	HUMAN,PANTR
PTGER2	2	1	HUMAN,PANTR
PTGER3	2	1	HUMAN,PANTR
PTGER4	2	1	HUMAN,PANTR
PTGES	2	1	HUMAN,PANTR
PTGES2	2	1	HUMAN,PANTR
PTGES3	2	1	HUMAN,PANTR
PTGFR	2	1	HUMAN,PANTR
PTGFRN	2	1	HUMAN,PANTR
PTGIR	4	6	BOVIN,CANLF,HUMAN,PANTR
PTGIS	2	1	HUMAN,PANTR
PTGR1	2	1	HUMAN,PANTR
PTGS1	2	1	HUMAN,PANTR
PTGS2	2	1	HUMAN,PANTR
PTH	2	1	HUMAN,PANTR
PTH1R	2	1	HUMAN,PANTR
PTH2	2	1	HUMAN,PANTR
PTH2R	2	1	HUMAN,PANTR
PTHLH	2	1	HUMAN,PANTR
PTK2	2	1	HUMAN,PANTR
PTK2B	2	1	HUMAN,PANTR
PTK6	2	1	HUMAN,PANTR
PTK7	3	3	BOVIN,HUMAN,PANTR
PTMS	2	1	HUMAN,PANTR
PTN	2	1	HUMAN,PANTR
PTP4A1	2	1	HUMAN,PANTR
PTP4A2	2	1	HUMAN,PANTR
PTP4A3	2	1	HUMAN,PANTR
PTPDC1	2	1	HUMAN,PANTR
PTPMT1	2	1	HUMAN,PANTR
PTPN1	2	1	HUMAN,PANTR
PTPN11	2	1	HUMAN,PANTR
PTPN12	2	1	HUMAN,PANTR
PTPN13	3	3	BOVIN,HUMAN,PANTR
PTPN14	2	1	HUMAN,PANTR
PTPN18	2	1	HUMAN,PANTR
PTPN2	2	1	HUMAN,PANTR
PTPN20	2	1	HUMAN,PANTR
PTPN21	2	1	HUMAN,PANTR
PTPN22	2	1	HUMAN,PANTR
PTPN23	2	1	HUMAN,PANTR
PTPN3	2	1	HUMAN,PANTR
PTPN4	2	1	HUMAN,PANTR
PTPN5	2	1	HUMAN,PANTR
PTPN6	2	1	HUMAN,PANTR
PTPN7	2	1	HUMAN,PANTR
PTPN9	2	1	HUMAN,PANTR
PTPRA	2	1	HUMAN,PANTR
PTPRB	2	1	HUMAN,PANTR
PTPRC	2	1	HUMAN,PANTR
PTPRCAP	2	1	HUMAN,PANTR
PTPRD	2	1	HUMAN,PANTR
PTPRE	2	1	HUMAN,PANTR
PTPRF	2	1	HUMAN,PANTR
PTPRG	2	1	HUMAN,PANTR
PTPRH	3	3	BOVIN,HUMAN,PANTR
PTPRJ	2	1	HUMAN,PANTR
PTPRK	2	1	HUMAN,PANTR
PTPRM	2	1	HUMAN,PANTR
PTPRN	2	1	HUMAN,PANTR
PTPRO	2	1	HUMAN,PANTR
PTPRQ	2	1	HUMAN,PANTR
PTPRR	2	1	HUMAN,PANTR
PTPRS	2	1	HUMAN,PANTR
PTPRT	3	3	BOVIN,HUMAN,PANTR
PTPRU	2	1	HUMAN,PANTR
PTPRZ1	3	3	CANLF,HUMAN,PANTR
PTRH1	2	1	HUMAN,PANTR
PTRH2	2	1	HUMAN,PANTR
PTRHD1	2	1	HUMAN,PANTR
PTS	2	1	HUMAN,PANTR
PTTG1	2	1	HUMAN,PANTR
PTX3	2	1	HUMAN,PANTR
PTX4	2	1	HUMAN,PANTR
PUF60	4	6	BOVIN,CANLF,HUMAN,PANTR
PUM1	2	1	HUMAN,PANTR
PUM2	2	1	HUMAN,PANTR
PUM3	2	1	HUMAN,PANTR
PURB	2	1	HUMAN,PANTR
PURG	2	1	HUMAN,PANTR
PUS1	2	1	HUMAN,PANTR
PUS10	2	1	HUMAN,PANTR
PUS3	2	1	HUMAN,PANTR
PUS7	2	1	BOVIN,HUMAN
PUS7L	2	1	HUMAN,PANTR
PUSL1	2	1	HUMAN,PANTR
PVALB	2	1	HUMAN,PANTR
PVALEF	2	1	HUMAN,PANTR
PVR	2	1	HUMAN,PANTR
PVRIG	2	1	HUMAN,PANTR
PWP1	2	1	HUMAN,PANTR
PWWP2A	3	3	BOVIN,HUMAN,PANTR
PWWP2B	2	1	HUMAN,PANTR
PWWP3B	2	1	HUMAN,PANTR
PXDC1	2	1	HUMAN,PANTR
PXDN	2	1	HUMAN,PANTR
PXDNL	2	1	HUMAN,PANTR
PXK	2	1	HUMAN,PANTR
PXMP2	2	1	HUMAN,PANTR
PXMP4	2	1	HUMAN,PANTR
PXN	3	3	CANLF,HUMAN,PANTR
PXT1	2	1	HUMAN,PANTR
PXYLP1	3	3	CANLF,HUMAN,PANTR
PYCARD	2	1	HUMAN,PANTR
PYCR1	2	1	HUMAN,PANTR
PYCR2	2	1	HUMAN,PANTR
PYCR3	2	1	HUMAN,PANTR
PYDC1	2	1	HUMAN,PANTR
PYGB	4	6	BOVIN,CANLF,HUMAN,PANTR
PYGL	2	1	HUMAN,PANTR
PYGM	2	1	HUMAN,PANTR
PYGO1	2	1	HUMAN,PANTR
PYGO2	2	1	HUMAN,PANTR
PYHIN1	2	1	HUMAN,PANTR
PYM1	2	1	HUMAN,PANTR
PYROXD1	2	1	HUMAN,PANTR
PYROXD2	2	1	HUMAN,PANTR
PYURF	3	3	CANLF,HUMAN,PANTR
PYY	2	1	HUMAN,PANTR
PZP	2	1	HUMAN,PANTR
QARS1	2	1	HUMAN,PANTR
QDPR	2	1	HUMAN,PANTR
QKI	2	1	HUMAN,PANTR
QPCT	2	1	HUMAN,PANTR
QPCTL	2	1	HUMAN,PANTR
QRFP	2	1	HUMAN,PANTR
QRFPR	2	1	HUMAN,PANTR
QRICH1	2	1	HUMAN,PANTR
QRICH2	2	1	HUMAN,PANTR
QRSL1	2	1	HUMAN,PANTR
QSER1	2	1	HUMAN,PANTR
QSOX1	2	1	HUMAN,PANTR
QSOX2	2	1	HUMAN,PANTR
QTRT1	2	1	HUMAN,PANTR
QTRT2	2	1	HUMAN,PANTR
R3HCC1	2	1	HUMAN,PANTR
R3HCC1L	2	1	HUMAN,PANTR
R3HDM1	2	1	HUMAN,PANTR
R3HDML	2	1	HUMAN,PANTR
RAB10	2	1	HUMAN,PANTR
RAB11A	2	1	HUMAN,PANTR
RAB11B	2	1	HUMAN,PANTR
RAB11FIP1	2	1	HUMAN,PANTR
RAB11FIP2	2	1	HUMAN,PANTR
RAB11FIP3	2	1	HUMAN,PANTR
RAB11FIP4	2	1	HUMAN,PANTR
RAB11FIP5	2	1	HUMAN,PANTR
RAB12	2	1	HUMAN,PANTR
RAB13	2	1	HUMAN,PANTR
RAB14	2	1	HUMAN,PANTR
RAB17	2	1	HUMAN,PANTR
RAB18	2	1	HUMAN,PANTR
RAB19	2	1	HUMAN,PANTR
RAB1A	2	1	HUMAN,PANTR
RAB1B	3	3	BOVIN,CANLF,HUMAN
RAB21	2	1	HUMAN,PANTR
RAB22A	2	1	HUMAN,PANTR
RAB23	2	1	HUMAN,PANTR
RAB24	2	1	HUMAN,PANTR
RAB25	2	1	HUMAN,PANTR
RAB26	2	1	HUMAN,PANTR
RAB27A	2	1	HUMAN,PANTR
RAB27B	2	1	HUMAN,PANTR
RAB28	2	1	HUMAN,PANTR
RAB29	2	1	HUMAN,PANTR
RAB2A	2	1	HUMAN,PANTR
RAB31	2	1	HUMAN,PANTR
RAB32	3	3	CANLF,HUMAN,PANTR
RAB33B	2	1	HUMAN,PANTR
RAB35	2	1	HUMAN,PANTR
RAB36	2	1	HUMAN,PANTR
RAB37	2	1	HUMAN,PANTR
RAB38	2	1	HUMAN,PANTR
RAB39B	2	1	HUMAN,PANTR
RAB3A	2	1	HUMAN,PANTR
RAB3B	2	1	HUMAN,PANTR
RAB3C	2	1	HUMAN,PANTR
RAB3D	2	1	HUMAN,PANTR
RAB3GAP1	2	1	HUMAN,PANTR
RAB3GAP2	2	1	HUMAN,PANTR
RAB3IL1	2	1	HUMAN,PANTR
RAB3IP	4	6	BOVIN,CANLF,HUMAN,PANTR
RAB40B	2	1	HUMAN,PANTR
RAB40C	2	1	HUMAN,PANTR
RAB41	2	1	HUMAN,PANTR
RAB42	2	1	HUMAN,PANTR
RAB43	2	1	HUMAN,PANTR
RAB44	2	1	HUMAN,PANTR
RAB4A	2	1	HUMAN,PANTR
RAB4B	2	1	CANLF,HUMAN
RAB5A	2	1	HUMAN,PANTR
RAB5B	2	1	HUMAN,PANTR
RAB5C	3	3	CANLF,HUMAN,PANTR
RAB5IF	2	1	HUMAN,PANTR
RAB6A	2	1	CANLF,HUMAN
RAB6B	3	3	CANLF,HUMAN,PANTR
RAB7A	2	1	HUMAN,PANTR
RAB7B	2	1	HUMAN,PANTR
RAB8A	2	1	HUMAN,PANTR
RAB8B	2	1	HUMAN,PANTR
RAB9A	2	1	HUMAN,PANTR
RAB9B	2	1	HUMAN,PANTR
RABAC1	2	1	HUMAN,PANTR
RABEP1	2	1	HUMAN,PANTR
RABEP2	2	1	HUMAN,PANTR
RABEPK	2	1	HUMAN,PANTR
RABGAP1	3	3	CANLF,HUMAN,PANTR
RABGEF1	3	3	CANLF,HUMAN,PANTR
RABGGTA	2	1	HUMAN,PANTR
RABGGTB	2	1	HUMAN,PANTR
RABIF	2	1	HUMAN,PANTR
RABL3	2	1	HUMAN,PANTR
RABL6	2	1	HUMAN,PANTR
RAC2	3	3	BOVIN,HUMAN,PANTR
RAC3	3	3	BOVIN,HUMAN,PANTR
RACGAP1	2	1	HUMAN,PANTR
RACK1	2	1	HUMAN,PANTR
RAD1	2	1	HUMAN,PANTR
RAD17	2	1	HUMAN,PANTR
RAD18	2	1	HUMAN,PANTR
RAD21	2	1	HUMAN,PANTR
RAD23A	2	1	HUMAN,PANTR
RAD23B	2	1	HUMAN,PANTR
RAD50	4	6	BOVIN,CANLF,HUMAN,PANTR
RAD51	2	1	HUMAN,PANTR
RAD51AP1	2	1	HUMAN,PANTR
RAD51AP2	2	1	HUMAN,PANTR
RAD51B	2	1	HUMAN,PANTR
RAD51C	2	1	HUMAN,PANTR
RAD51D	2	1	HUMAN,PANTR
RAD52	2	1	HUMAN,PANTR
RAD54B	2	1	CANLF,HUMAN
RAD54L2	2	1	BOVIN,HUMAN
RAD9B	2	1	HUMAN,PANTR
RADIL	2	1	HUMAN,PANTR
RADX	2	1	HUMAN,PANTR
RAE1	2	1	HUMAN,PANTR
RAET1E	2	1	HUMAN,PANTR
RAET1G	2	1	HUMAN,PANTR
RAF1	2	1	HUMAN,PANTR
RAG1	2	1	HUMAN,PANTR
RAG2	2	1	HUMAN,PANTR
RAI1	2	1	HUMAN,PANTR
RAI14	2	1	HUMAN,PANTR
RALA	2	1	HUMAN,PANTR
RALB	2	1	HUMAN,PANTR
RALBP1	2	1	HUMAN,PANTR
RALGAPA1	2	1	HUMAN,PANTR
RALGAPA2	2	1	HUMAN,PANTR
RALGAPB	2	1	HUMAN,PANTR
RALGDS	2	1	HUMAN,PANTR
RALGPS1	2	1	HUMAN,PANTR
RALGPS2	2	1	HUMAN,PANTR
RALY	2	1	HUMAN,PANTR
RALYL	3	3	BOVIN,HUMAN,PANTR
RAMAC	4	6	BOVIN,CANLF,HUMAN,PANTR
RAMP1	4	6	BOVIN,CANLF,HUMAN,PANTR
RAMP2	2	1	HUMAN,PANTR
RAMP3	2	1	HUMAN,PANTR
RAN	2	1	HUMAN,PANTR
RANBP1	2	1	CANLF,HUMAN
RANBP10	2	1	HUMAN,PANTR
RANBP17	2	1	HUMAN,PANTR
RANBP2	2	1	HUMAN,PANTR
RANBP3	2	1	HUMAN,PANTR
RANBP3L	2	1	HUMAN,PANTR
RANBP6	2	1	HUMAN,PANTR
RANBP9	2	1	HUMAN,PANTR
RANGAP1	2	1	HUMAN,PANTR
RANGRF	2	1	HUMAN,PANTR
RAP1A	2	1	HUMAN,PANTR
RAP1B	2	1	HUMAN,PANTR
RAP1GAP	2	1	HUMAN,PANTR
RAP1GAP2	2	1	HUMAN,PANTR
RAP1GDS1	2	1	HUMAN,PANTR
RAP2A	2	1	HUMAN,PANTR
RAP2B	3	3	CANLF,HUMAN,PANTR
RAPGEF1	2	1	HUMAN,PANTR
RAPGEF2	2	1	HUMAN,PANTR
RAPGEF3	2	1	HUMAN,PANTR
RAPGEF4	3	3	CANLF,HUMAN,PANTR
RAPGEF5	2	1	HUMAN,PANTR
RAPGEFL1	2	1	HUMAN,PANTR
RAPH1	3	3	BOVIN,HUMAN,PANTR
RAPSN	2	1	HUMAN,PANTR
RARA	2	1	HUMAN,PANTR
RARB	2	1	HUMAN,PANTR
RARG	2	1	HUMAN,PANTR
RARRES1	2	1	HUMAN,PANTR
RARRES2	2	1	HUMAN,PANTR
RARS1	2	1	HUMAN,PANTR
RARS2	2	1	HUMAN,PANTR
RASA1	2	1	HUMAN,PANTR
RASA2	2	1	HUMAN,PANTR
RASA3	2	1	HUMAN,PANTR
RASAL1	3	3	CANLF,HUMAN,PANTR
RASAL2	2	1	HUMAN,PANTR
RASAL3	2	1	HUMAN,PANTR
RASD1	2	1	HUMAN,PANTR
RASD2	2	1	HUMAN,PANTR
RASEF	2	1	HUMAN,PANTR
RASGEF1A	2	1	HUMAN,PANTR
RASGEF1B	2	1	HUMAN,PANTR
RASGEF1C	2	1	HUMAN,PANTR
RASGRF1	2	1	HUMAN,PANTR
RASGRF2	2	1	HUMAN,PANTR
RASGRP1	2	1	HUMAN,PANTR
RASGRP2	2	1	HUMAN,PANTR
RASGRP3	2	1	HUMAN,PANTR
RASGRP4	2	1	HUMAN,PANTR
RASIP1	2	1	HUMAN,PANTR
RASL10A	2	1	HUMAN,PANTR
RASL10B	2	1	HUMAN,PANTR
RASL11A	2	1	HUMAN,PANTR
RASL11B	3	3	CANLF,HUMAN,PANTR
RASL12	2	1	HUMAN,PANTR
RASSF1	2	1	HUMAN,PANTR
RASSF2	2	1	HUMAN,PANTR
RASSF3	3	3	CANLF,HUMAN,PANTR
RASSF4	2	1	HUMAN,PANTR
RASSF5	2	1	HUMAN,PANTR
RASSF6	2	1	HUMAN,PANTR
RASSF7	2	1	HUMAN,PANTR
RASSF8	2	1	HUMAN,PANTR
RASSF9	2	1	HUMAN,PANTR
RAVER1	3	3	BOVIN,HUMAN,PANTR
RAVER2	2	1	HUMAN,PANTR
RAX	4	6	BOVIN,CANLF,HUMAN,PANTR
RAX2	2	1	HUMAN,PANTR
RB1	2	1	HUMAN,PANTR
RB1CC1	2	1	HUMAN,PANTR
RBAK	2	1	HUMAN,PANTR
RBBP4	2	1	HUMAN,PANTR
RBBP5	3	3	CANLF,HUMAN,PANTR
RBBP6	2	1	HUMAN,PANTR
RBBP7	2	1	HUMAN,PANTR
RBBP8	2	1	HUMAN,PANTR
RBBP8NL	2	1	HUMAN,PANTR
RBBP9	2	1	HUMAN,PANTR
RBCK1	2	1	HUMAN,PANTR
RBFA	2	1	HUMAN,PANTR
RBFOX1	2	1	HUMAN,PANTR
RBFOX2	2	1	HUMAN,PANTR
RBFOX3	2	1	HUMAN,PANTR
RBIS	2	1	HUMAN,PANTR
RBKS	2	1	HUMAN,PANTR
RBL1	2	1	HUMAN,PANTR
RBL2	2	1	HUMAN,PANTR
RBM10	2	1	HUMAN,PANTR
RBM11	2	1	HUMAN,PANTR
RBM12	2	1	HUMAN,PANTR
RBM12B	2	1	HUMAN,PANTR
RBM14	2	1	BOVIN,HUMAN
RBM15	2	1	HUMAN,PANTR
RBM17	2	1	HUMAN,PANTR
RBM18	2	1	HUMAN,PANTR
RBM19	2	1	HUMAN,PANTR
RBM20	2	1	HUMAN,PANTR
RBM22	2	1	HUMAN,PANTR
RBM23	3	3	CANLF,HUMAN,PANTR
RBM24	2	1	HUMAN,PANTR
RBM25	2	1	HUMAN,PANTR
RBM26	2	1	HUMAN,PANTR
RBM28	2	1	HUMAN,PANTR
RBM3	3	3	CANLF,HUMAN,PANTR
RBM33	2	1	HUMAN,PANTR
RBM34	2	1	HUMAN,PANTR
RBM38	2	1	CANLF,HUMAN
RBM41	2	1	HUMAN,PANTR
RBM42	2	1	HUMAN,PANTR
RBM43	2	1	HUMAN,PANTR
RBM44	4	6	BOVIN,CANLF,HUMAN,PANTR
RBM45	3	3	CANLF,HUMAN,PANTR
RBM46	2	1	HUMAN,PANTR
RBM47	3	3	CANLF,HUMAN,PANTR
RBM4B	3	3	CANLF,HUMAN,PANTR
RBM5	2	1	HUMAN,PANTR
RBM6	2	1	HUMAN,PANTR
RBM7	2	1	HUMAN,PANTR
RBM8A	2	1	HUMAN,PANTR
RBMS1	2	1	HUMAN,PANTR
RBMS2	2	1	HUMAN,PANTR
RBMS3	2	1	HUMAN,PANTR
RBMX	4	6	BOVIN,CANLF,HUMAN,PANTR
RBMX2	3	3	CANLF,HUMAN,PANTR
RBMXL2	2	1	HUMAN,PANTR
RBMXL3	2	1	HUMAN,PANTR
RBP1	3	3	CANLF,HUMAN,PANTR
RBP2	2	1	HUMAN,PANTR
RBP3	2	1	HUMAN,PANTR
RBP4	2	1	HUMAN,PANTR
RBP5	2	1	HUMAN,PANTR
RBP7	3	3	CANLF,HUMAN,PANTR
RBPJ	4	6	BOVIN,CANLF,HUMAN,PANTR
RBPJL	4	6	BOVIN,CANLF,HUMAN,PANTR
RBPMS	2	1	HUMAN,PANTR
RBPMS2	3	3	BOVIN,HUMAN,PANTR
RBSN	2	1	HUMAN,PANTR
RBX1	2	1	HUMAN,PANTR
RC3H1	2	1	HUMAN,PANTR
RC3H2	2	1	HUMAN,PANTR
RCAN1	2	1	HUMAN,PANTR
RCAN2	2	1	HUMAN,PANTR
RCAN3	2	1	HUMAN,PANTR
RCBTB1	2	1	HUMAN,PANTR
RCBTB2	2	1	HUMAN,PANTR
RCC1	2	1	HUMAN,PANTR
RCC1L	2	1	HUMAN,PANTR
RCC2	2	1	HUMAN,PANTR
RCCD1	2	1	HUMAN,PANTR
RCE1	3	3	CANLF,HUMAN,PANTR
RCHY1	2	1	HUMAN,PANTR
RCL1	2	1	HUMAN,PANTR
RCN1	2	1	CANLF,HUMAN
RCN2	2	1	HUMAN,PANTR
RCN3	2	1	HUMAN,PANTR
RCOR1	2	1	HUMAN,PANTR
RCOR2	2	1	HUMAN,PANTR
RCOR3	2	1	HUMAN,PANTR
RCSD1	2	1	HUMAN,PANTR
RCVRN	2	1	HUMAN,PANTR
RD3	2	1	HUMAN,PANTR
RDH10	2	1	HUMAN,PANTR
RDH11	4	6	BOVIN,CANLF,HUMAN,PANTR
RDH12	2	1	HUMAN,PANTR
RDH13	2	1	HUMAN,PANTR
RDH16	2	1	HUMAN,PANTR
RDH8	2	1	HUMAN,PANTR
RDM1	2	1	HUMAN,PANTR
RDX	2	1	HUMAN,PANTR
REC114	2	1	HUMAN,PANTR
REC8	2	1	HUMAN,PANTR
RECK	2	1	HUMAN,PANTR
RECQL	2	1	HUMAN,PANTR
RECQL4	2	1	HUMAN,PANTR
RECQL5	2	1	HUMAN,PANTR
REEP1	2	1	HUMAN,PANTR
REEP2	2	1	HUMAN,PANTR
REEP3	2	1	HUMAN,PANTR
REEP4	2	1	HUMAN,PANTR
REEP5	2	1	HUMAN,PANTR
REEP6	2	1	CANLF,HUMAN
REG1A	2	1	HUMAN,PANTR
REG1B	2	1	HUMAN,PANTR
REG3A	2	1	HUMAN,PANTR
REG3G	2	1	HUMAN,PANTR
REG4	3	3	BOVIN,HUMAN,PANTR
REL	2	1	HUMAN,PANTR
RELA	2	1	HUMAN,PANTR
RELB	2	1	HUMAN,PANTR
RELCH	2	1	HUMAN,PANTR
RELL1	2	1	HUMAN,PANTR
RELL2	2	1	HUMAN,PANTR
RELN	3	3	BOVIN,HUMAN,PANTR
RELT	2	1	HUMAN,PANTR
REM1	2	1	HUMAN,PANTR
REM2	2	1	HUMAN,PANTR
REN	2	1	HUMAN,PANTR
RENBP	2	1	HUMAN,PANTR
REP15	2	1	HUMAN,PANTR
REPIN1	3	3	CANLF,HUMAN,PANTR
REPS1	3	3	CANLF,HUMAN,PANTR
REPS2	2	1	HUMAN,PANTR
RER1	2	1	HUMAN,PANTR
RERE	2	1	HUMAN,PANTR
RERG	2	1	HUMAN,PANTR
RERGL	2	1	HUMAN,PANTR
RESF1	2	1	HUMAN,PANTR
RESP18	2	1	HUMAN,PANTR
REST	2	1	HUMAN,PANTR
RET	2	1	HUMAN,PANTR
RETN	2	1	HUMAN,PANTR
RETNLB	2	1	HUMAN,PANTR
RETREG1	2	1	HUMAN,PANTR
RETREG2	2	1	HUMAN,PANTR
RETREG3	2	1	HUMAN,PANTR
RETSAT	2	1	HUMAN,PANTR
REV1	2	1	HUMAN,PANTR
REV3L	2	1	HUMAN,PANTR
REX1BD	3	3	BOVIN,HUMAN,PANTR
REXO1	4	6	BOVIN,CANLF,HUMAN,PANTR
REXO2	2	1	HUMAN,PANTR
REXO4	2	1	HUMAN,PANTR
REXO5	3	3	CANLF,HUMAN,PANTR
RFC1	2	1	HUMAN,PANTR
RFC2	2	1	HUMAN,PANTR
RFC3	2	1	HUMAN,PANTR
RFC4	2	1	HUMAN,PANTR
RFC5	2	1	HUMAN,PANTR
RFESD	2	1	HUMAN,PANTR
RFFL	3	3	BOVIN,HUMAN,PANTR
RFK	3	3	CANLF,HUMAN,PANTR
RFLNA	4	6	BOVIN,CANLF,HUMAN,PANTR
RFLNB	2	1	HUMAN,PANTR
RFNG	3	3	BOVIN,HUMAN,PANTR
RFPL3	2	1	HUMAN,PANTR
RFTN1	2	1	HUMAN,PANTR
RFTN2	2	1	HUMAN,PANTR
RFWD3	2	1	HUMAN,PANTR
RFX1	3	3	BOVIN,HUMAN,PANTR
RFX2	2	1	HUMAN,PANTR
RFX3	2	1	HUMAN,PANTR
RFX4	2	1	HUMAN,PANTR
RFX5	2	1	HUMAN,PANTR
RFX6	2	1	HUMAN,PANTR
RFX7	2	1	HUMAN,PANTR
RFXANK	2	1	HUMAN,PANTR
RFXAP	3	3	CANLF,HUMAN,PANTR
RGCC	2	1	HUMAN,PANTR
RGL1	2	1	HUMAN,PANTR
RGL2	2	1	HUMAN,PANTR
RGL3	2	1	HUMAN,PANTR
RGMA	2	1	HUMAN,PANTR
RGMB	3	3	BOVIN,HUMAN,PANTR
RGP1	2	1	HUMAN,PANTR
RGR	2	1	HUMAN,PANTR
RGS1	2	1	HUMAN,PANTR
RGS10	2	1	HUMAN,PANTR
RGS11	2	1	HUMAN,PANTR
RGS12	2	1	HUMAN,PANTR
RGS13	2	1	HUMAN,PANTR
RGS14	2	1	HUMAN,PANTR
RGS16	2	1	HUMAN,PANTR
RGS17	2	1	HUMAN,PANTR
RGS18	2	1	HUMAN,PANTR
RGS19	2	1	HUMAN,PANTR
RGS2	2	1	HUMAN,PANTR
RGS20	2	1	HUMAN,PANTR
RGS21	2	1	HUMAN,PANTR
RGS22	2	1	HUMAN,PANTR
RGS3	2	1	HUMAN,PANTR
RGS4	2	1	HUMAN,PANTR
RGS5	4	6	BOVIN,CANLF,HUMAN,PANTR
RGS6	2	1	HUMAN,PANTR
RGS7	2	1	HUMAN,PANTR
RGS7BP	2	1	HUMAN,PANTR
RGS8	2	1	HUMAN,PANTR
RGS9	2	1	HUMAN,PANTR
RGS9BP	2	1	HUMAN,PANTR
RGSL1	2	1	HUMAN,PANTR
RHAG	2	1	HUMAN,PANTR
RHBDD1	2	1	HUMAN,PANTR
RHBDD2	2	1	HUMAN,PANTR
RHBDD3	2	1	HUMAN,PANTR
RHBDF1	2	1	HUMAN,PANTR
RHBDF2	2	1	HUMAN,PANTR
RHBDL1	2	1	HUMAN,PANTR
RHBDL2	2	1	HUMAN,PANTR
RHBDL3	2	1	HUMAN,PANTR
RHBG	6	9	BOVIN,CANLF,HUMAN,PANTR
RHCG	2	1	HUMAN,PANTR
RHEBL1	2	1	HUMAN,PANTR
RHEX	2	1	HUMAN,PANTR
RHNO1	2	1	HUMAN,PANTR
RHO	2	1	HUMAN,PANTR
RHOA	3	3	CANLF,HUMAN,PANTR
RHOB	2	1	HUMAN,PANTR
RHOBTB1	2	1	HUMAN,PANTR
RHOBTB2	2	1	HUMAN,PANTR
RHOBTB3	3	3	CANLF,HUMAN,PANTR
RHOC	3	3	BOVIN,HUMAN,PANTR
RHOD	2	1	HUMAN,PANTR
RHOF	2	1	HUMAN,PANTR
RHOG	2	1	HUMAN,PANTR
RHOH	2	1	HUMAN,PANTR
RHOJ	2	1	HUMAN,PANTR
RHOQ	2	1	CANLF,HUMAN
RHOT1	2	1	HUMAN,PANTR
RHOT2	2	1	HUMAN,PANTR
RHOU	2	1	HUMAN,PANTR
RHOV	2	1	HUMAN,PANTR
RHPN1	2	1	HUMAN,PANTR
RHPN2	4	6	BOVIN,CANLF,HUMAN,PANTR
RIBC1	2	1	HUMAN,PANTR
RIBC2	2	1	HUMAN,PANTR
RIC1	2	1	HUMAN,PANTR
RIC3	2	1	HUMAN,PANTR
RIC8A	2	1	HUMAN,PANTR
RIC8B	2	1	HUMAN,PANTR
RICTOR	2	1	HUMAN,PANTR
RIDA	3	3	CANLF,HUMAN,PANTR
RIF1	2	1	HUMAN,PANTR
RIIAD1	2	1	HUMAN,PANTR
RILP	2	1	HUMAN,PANTR
RILPL1	2	1	HUMAN,PANTR
RILPL2	2	1	HUMAN,PANTR
RIMBP2	2	1	HUMAN,PANTR
RIMKLA	2	1	HUMAN,PANTR
RIMKLB	2	1	HUMAN,PANTR
RIMOC1	3	3	CANLF,HUMAN,PANTR
RIMS1	3	3	BOVIN,HUMAN,PANTR
RIMS2	2	1	HUMAN,PANTR
RIMS3	2	1	HUMAN,PANTR
RIMS4	2	1	HUMAN,PANTR
RIN1	2	1	HUMAN,PANTR
RIN2	2	1	HUMAN,PANTR
RIN3	3	3	BOVIN,HUMAN,PANTR
RING1	2	1	HUMAN,PANTR
RINL	2	1	HUMAN,PANTR
RINT1	2	1	HUMAN,PANTR
RIOK1	2	1	HUMAN,PANTR
RIOK2	3	3	CANLF,HUMAN,PANTR
RIOK3	3	3	CANLF,HUMAN,PANTR
RIOX1	2	1	BOVIN,HUMAN
RIOX2	2	1	HUMAN,PANTR
RIPK1	2	1	HUMAN,PANTR
RIPK2	2	1	HUMAN,PANTR
RIPK3	2	1	HUMAN,PANTR
RIPK4	2	1	HUMAN,PANTR
RIPOR1	3	3	CANLF,HUMAN,PANTR
RIPOR2	3	3	BOVIN,HUMAN,PANTR
RIPOR3	2	1	HUMAN,PANTR
RIPPLY1	2	1	HUMAN,PANTR
RIPPLY2	2	1	HUMAN,PANTR
RIPPLY3	3	3	CANLF,HUMAN,PANTR
RIT1	2	1	HUMAN,PANTR
RIT2	2	1	HUMAN,PANTR
RITA1	2	1	HUMAN,PANTR
RLBP1	2	1	HUMAN,PANTR
RLF	2	1	HUMAN,PANTR
RLIM	4	6	BOVIN,CANLF,HUMAN,PANTR
RLN2	2	1	HUMAN,PANTR
RLN3	2	1	HUMAN,PANTR
RMC1	2	1	HUMAN,PANTR
RMDN1	2	1	HUMAN,PANTR
RMDN2	2	1	HUMAN,PANTR
RMDN3	2	1	HUMAN,PANTR
RMI1	3	3	BOVIN,HUMAN,PANTR
RMI2	2	1	HUMAN,PANTR
RMND1	3	3	CANLF,HUMAN,PANTR
RMND5A	2	1	HUMAN,PANTR
RMND5B	2	1	HUMAN,PANTR
RNASE1	2	1	HUMAN,PANTR
RNASE2	2	1	HUMAN,PANTR
RNASE4	2	1	HUMAN,PANTR
RNASE6	2	1	HUMAN,PANTR
RNASE7	2	1	HUMAN,PANTR
RNASE8	2	1	HUMAN,PANTR
RNASE9	2	1	HUMAN,PANTR
RNASEH1	2	1	HUMAN,PANTR
RNASEH2A	2	1	HUMAN,PANTR
RNASEH2B	2	1	HUMAN,PANTR
RNASEH2C	2	1	HUMAN,PANTR
RNASEK	2	1	HUMAN,PANTR
RNASEL	2	1	HUMAN,PANTR
RNASET2	2	1	HUMAN,PANTR
RND1	2	1	HUMAN,PANTR
RND2	2	1	HUMAN,PANTR
RND3	2	1	HUMAN,PANTR
RNF10	2	1	HUMAN,PANTR
RNF11	2	1	HUMAN,PANTR
RNF111	2	1	HUMAN,PANTR
RNF112	2	1	HUMAN,PANTR
RNF113A	2	1	HUMAN,PANTR
RNF113B	2	1	HUMAN,PANTR
RNF114	2	1	HUMAN,PANTR
RNF115	2	1	HUMAN,PANTR
RNF121	2	1	HUMAN,PANTR
RNF122	2	1	HUMAN,PANTR
RNF123	2	1	HUMAN,PANTR
RNF125	2	1	HUMAN,PANTR
RNF126	2	1	HUMAN,PANTR
RNF128	2	1	HUMAN,PANTR
RNF13	2	1	HUMAN,PANTR
RNF130	2	1	HUMAN,PANTR
RNF135	3	3	BOVIN,HUMAN,PANTR
RNF138	2	1	HUMAN,PANTR
RNF139	2	1	HUMAN,PANTR
RNF14	2	1	HUMAN,PANTR
RNF141	2	1	HUMAN,PANTR
RNF144A	2	1	HUMAN,PANTR
RNF144B	2	1	HUMAN,PANTR
RNF145	2	1	HUMAN,PANTR
RNF146	2	1	HUMAN,PANTR
RNF149	2	1	HUMAN,PANTR
RNF150	2	1	HUMAN,PANTR
RNF151	2	1	HUMAN,PANTR
RNF152	2	1	HUMAN,PANTR
RNF157	2	1	HUMAN,PANTR
RNF165	3	3	CANLF,HUMAN,PANTR
RNF166	2	1	HUMAN,PANTR
RNF167	4	6	BOVIN,CANLF,HUMAN,PANTR
RNF168	2	1	HUMAN,PANTR
RNF169	2	1	HUMAN,PANTR
RNF17	2	1	HUMAN,PANTR
RNF170	3	3	CANLF,HUMAN,PANTR
RNF175	2	1	HUMAN,PANTR
RNF180	2	1	HUMAN,PANTR
RNF181	2	1	HUMAN,PANTR
RNF182	2	1	HUMAN,PANTR
RNF183	2	1	HUMAN,PANTR
RNF185	2	1	HUMAN,PANTR
RNF186	2	1	HUMAN,PANTR
RNF187	2	1	HUMAN,PANTR
RNF19B	2	1	HUMAN,PANTR
RNF2	2	1	HUMAN,PANTR
RNF20	2	1	HUMAN,PANTR
RNF207	2	1	HUMAN,PANTR
RNF208	3	3	CANLF,HUMAN,PANTR
RNF212	2	1	HUMAN,PANTR
RNF212B	2	1	HUMAN,PANTR
RNF213	2	1	HUMAN,PANTR
RNF214	2	1	HUMAN,PANTR
RNF215	3	3	CANLF,HUMAN,PANTR
RNF216	2	1	HUMAN,PANTR
RNF217	4	6	BOVIN,CANLF,HUMAN,PANTR
RNF220	2	1	HUMAN,PANTR
RNF222	2	1	HUMAN,PANTR
RNF223	2	1	HUMAN,PANTR
RNF224	3	3	CANLF,HUMAN,PANTR
RNF225	2	1	HUMAN,PANTR
RNF24	2	1	HUMAN,PANTR
RNF25	2	1	HUMAN,PANTR
RNF26	2	1	HUMAN,PANTR
RNF31	2	1	HUMAN,PANTR
RNF32	2	1	HUMAN,PANTR
RNF34	2	1	HUMAN,PANTR
RNF38	2	1	HUMAN,PANTR
RNF39	2	1	HUMAN,PANTR
RNF4	3	3	CANLF,HUMAN,PANTR
RNF40	2	1	HUMAN,PANTR
RNF41	2	1	HUMAN,PANTR
RNF43	2	1	HUMAN,PANTR
RNF44	2	1	HUMAN,PANTR
RNF5	2	1	HUMAN,PANTR
RNF6	2	1	HUMAN,PANTR
RNF7	2	1	HUMAN,PANTR
RNF8	2	1	HUMAN,PANTR
RNFT1	2	1	HUMAN,PANTR
RNFT2	2	1	HUMAN,PANTR
RNGTT	2	1	HUMAN,PANTR
RNLS	2	1	HUMAN,PANTR
RNMT	2	1	HUMAN,PANTR
RNPEP	2	1	HUMAN,PANTR
RNPEPL1	2	1	HUMAN,PANTR
RNPS1	2	1	HUMAN,PANTR
RO60	2	1	HUMAN,PANTR
ROBO1	2	1	HUMAN,PANTR
ROBO2	2	1	HUMAN,PANTR
ROBO3	2	1	HUMAN,PANTR
ROBO4	2	1	HUMAN,PANTR
ROCK1	3	3	BOVIN,HUMAN,PANTR
ROCK2	2	1	HUMAN,PANTR
ROGDI	2	1	HUMAN,PANTR
ROM1	2	1	HUMAN,PANTR
ROMO1	2	1	HUMAN,PANTR
ROPN1	2	1	HUMAN,PANTR
ROPN1B	2	1	HUMAN,PANTR
ROPN1L	2	1	HUMAN,PANTR
ROR1	3	3	BOVIN,HUMAN,PANTR
ROR2	2	1	HUMAN,PANTR
RORA	2	1	HUMAN,PANTR
RORB	2	1	HUMAN,PANTR
RORC	2	1	HUMAN,PANTR
ROS1	2	1	HUMAN,PANTR
RP1	2	1	HUMAN,PANTR
RP1L1	2	1	BOVIN,HUMAN
RP2	2	1	HUMAN,PANTR
RP9	2	1	HUMAN,PANTR
RPA1	2	1	HUMAN,PANTR
RPA2	2	1	HUMAN,PANTR
RPA3	2	1	HUMAN,PANTR
RPAIN	2	1	HUMAN,PANTR
RPAP1	2	1	HUMAN,PANTR
RPAP2	2	1	HUMAN,PANTR
RPAP3	2	1	HUMAN,PANTR
RPE65	2	1	HUMAN,PANTR
RPF1	2	1	HUMAN,PANTR
RPF2	2	1	HUMAN,PANTR
RPGRIP1	2	1	HUMAN,PANTR
RPGRIP1L	2	1	HUMAN,PANTR
RPH3A	2	1	HUMAN,PANTR
RPIA	2	1	HUMAN,PANTR
RPL10A	3	3	BOVIN,HUMAN,PANTR
RPL10L	3	3	CANLF,HUMAN,PANTR
RPL11	3	3	CANLF,HUMAN,PANTR
RPL12	2	1	HUMAN,PANTR
RPL13	3	3	CANLF,HUMAN,PANTR
RPL13A	2	1	BOVIN,HUMAN
RPL14	2	1	HUMAN,PANTR
RPL15	3	3	CANLF,HUMAN,PANTR
RPL17	2	1	HUMAN,PANTR
RPL18	2	1	HUMAN,PANTR
RPL18A	2	1	HUMAN,PANTR
RPL19	2	1	HUMAN,PANTR
RPL21	2	1	HUMAN,PANTR
RPL22	2	1	HUMAN,PANTR
RPL22L1	2	1	HUMAN,PANTR
RPL23	3	3	BOVIN,HUMAN,PANTR
RPL24	2	1	CANLF,HUMAN
RPL26	2	1	HUMAN,PANTR
RPL26L1	2	1	HUMAN,PANTR
RPL27	4	6	BOVIN,CANLF,HUMAN,PANTR
RPL28	2	1	HUMAN,PANTR
RPL29	2	1	HUMAN,PANTR
RPL30	2	1	HUMAN,PANTR
RPL34	2	1	HUMAN,PANTR
RPL35	2	1	HUMAN,PANTR
RPL35A	3	3	BOVIN,HUMAN,PANTR
RPL36	2	1	HUMAN,PANTR
RPL36AL	2	1	HUMAN,PANTR
RPL37	2	1	HUMAN,PANTR
RPL37A	2	1	BOVIN,HUMAN
RPL38	2	1	HUMAN,PANTR
RPL39L	2	1	HUMAN,PANTR
RPL3L	2	1	HUMAN,PANTR
RPL4	2	1	HUMAN,PANTR
RPL5	3	3	CANLF,HUMAN,PANTR
RPL7A	2	1	CANLF,HUMAN
RPL7L1	2	1	HUMAN,PANTR
RPL8	2	1	HUMAN,PANTR
RPL9	2	1	CANLF,HUMAN
RPLP1	3	3	BOVIN,HUMAN,PANTR
RPLP2	2	1	HUMAN,PANTR
RPN1	2	1	HUMAN,PANTR
RPN2	2	1	HUMAN,PANTR
RPP25	2	1	HUMAN,PANTR
RPP25L	2	1	HUMAN,PANTR
RPP30	2	1	HUMAN,PANTR
RPP38	2	1	HUMAN,PANTR
RPP40	2	1	HUMAN,PANTR
RPRD1A	2	1	HUMAN,PANTR
RPRD1B	2	1	HUMAN,PANTR
RPRD2	2	1	HUMAN,PANTR
RPRM	2	1	HUMAN,PANTR
RPS10	2	1	BOVIN,HUMAN
RPS11	4	6	BOVIN,CANLF,HUMAN,PANTR
RPS12	3	3	BOVIN,HUMAN,PANTR
RPS14	2	1	HUMAN,PANTR
RPS16	2	1	HUMAN,PANTR
RPS18	3	3	BOVIN,HUMAN,PANTR
RPS19	2	1	HUMAN,PANTR
RPS19BP1	2	1	HUMAN,PANTR
RPS20	2	1	HUMAN,PANTR
RPS23	3	3	CANLF,HUMAN,PANTR
RPS24	2	1	HUMAN,PANTR
RPS25	2	1	HUMAN,PANTR
RPS26	3	3	CANLF,HUMAN,PANTR
RPS27	2	1	CANLF,HUMAN
RPS27A	2	1	CANLF,HUMAN
RPS28	2	1	HUMAN,PANTR
RPS29	2	1	HUMAN,PANTR
RPS3A	2	1	BOVIN,HUMAN
RPS4X	2	1	HUMAN,PANTR
RPS4Y1	2	1	HUMAN,PANTR
RPS4Y2	2	1	HUMAN,PANTR
RPS5	2	1	HUMAN,PANTR
RPS6	2	1	HUMAN,PANTR
RPS6KA1	2	1	HUMAN,PANTR
RPS6KA2	2	1	HUMAN,PANTR
RPS6KA4	2	1	HUMAN,PANTR
RPS6KA5	2	1	HUMAN,PANTR
RPS6KA6	2	1	HUMAN,PANTR
RPS6KB1	2	1	HUMAN,PANTR
RPS6KB2	2	1	HUMAN,PANTR
RPS6KC1	2	1	HUMAN,PANTR
RPS6KL1	2	1	HUMAN,PANTR
RPS7	2	1	HUMAN,PANTR
RPS8	2	1	HUMAN,PANTR
RPS9	2	1	HUMAN,PANTR
RPTN	3	3	BOVIN,HUMAN,PANTR
RPTOR	2	1	HUMAN,PANTR
RPUSD1	2	1	HUMAN,PANTR
RPUSD2	2	1	HUMAN,PANTR
RPUSD3	2	1	HUMAN,PANTR
RPUSD4	2	1	HUMAN,PANTR
RRAD	2	1	HUMAN,PANTR
RRAGA	2	1	HUMAN,PANTR
RRAGB	3	3	CANLF,HUMAN,PANTR
RRAGC	2	1	HUMAN,PANTR
RRAGD	2	1	HUMAN,PANTR
RRAS	4	6	BOVIN,CANLF,HUMAN,PANTR
RRAS2	2	1	HUMAN,PANTR
RRBP1	3	3	BOVIN,HUMAN,PANTR
RREB1	2	1	HUMAN,PANTR
RRM1	2	1	HUMAN,PANTR
RRM2B	3	3	CANLF,HUMAN,PANTR
RRN3	2	1	HUMAN,PANTR
RRP1	2	1	HUMAN,PANTR
RRP12	2	1	HUMAN,PANTR
RRP15	2	1	HUMAN,PANTR
RRP1B	2	1	HUMAN,PANTR
RRP36	2	1	HUMAN,PANTR
RRP7A	3	3	BOVIN,CANLF,HUMAN
RRP8	3	3	CANLF,HUMAN,PANTR
RRP9	2	1	HUMAN,PANTR
RRS1	2	1	HUMAN,PANTR
RS1	2	1	HUMAN,PANTR
RSAD1	2	1	HUMAN,PANTR
RSAD2	2	1	HUMAN,PANTR
RSBN1	2	1	HUMAN,PANTR
RSBN1L	3	3	BOVIN,HUMAN,PANTR
RSF1	2	1	HUMAN,PANTR
RSKR	2	1	HUMAN,PANTR
RSL1D1	2	1	HUMAN,PANTR
RSL24D1	2	1	HUMAN,PANTR
RSPH1	2	1	HUMAN,PANTR
RSPH14	2	1	HUMAN,PANTR
RSPH3	2	1	HUMAN,PANTR
RSPH4A	2	1	HUMAN,PANTR
RSPH6A	2	1	HUMAN,PANTR
RSPH9	3	3	CANLF,HUMAN,PANTR
RSPO1	2	1	HUMAN,PANTR
RSPO2	2	1	HUMAN,PANTR
RSPO3	2	1	HUMAN,PANTR
RSPO4	2	1	HUMAN,PANTR
RSPRY1	2	1	HUMAN,PANTR
RSRC1	4	6	BOVIN,CANLF,HUMAN,PANTR
RSRC2	3	3	CANLF,HUMAN,PANTR
RSRP1	3	3	CANLF,HUMAN,PANTR
RSU1	4	6	BOVIN,CANLF,HUMAN,PANTR
RTBDN	2	1	HUMAN,PANTR
RTCA	3	3	CANLF,HUMAN,PANTR
RTCB	2	1	HUMAN,PANTR
RTEL1	2	1	HUMAN,PANTR
RTF1	2	1	HUMAN,PANTR
RTF2	2	1	HUMAN,PANTR
RTKN	2	1	HUMAN,PANTR
RTKN2	2	1	HUMAN,PANTR
RTL1	2	1	HUMAN,PANTR
RTL4	2	1	HUMAN,PANTR
RTL5	2	1	HUMAN,PANTR
RTL6	2	1	HUMAN,PANTR
RTL8A	2	1	HUMAN,PANTR
RTL9	2	1	HUMAN,PANTR
RTN1	3	3	CANLF,HUMAN,PANTR
RTN2	3	3	CANLF,HUMAN,PANTR
RTN3	3	3	CANLF,HUMAN,PANTR
RTN4	3	3	CANLF,HUMAN,PANTR
RTN4IP1	2	1	HUMAN,PANTR
RTN4R	2	1	HUMAN,PANTR
RTN4RL1	2	1	HUMAN,PANTR
RTN4RL2	3	3	CANLF,HUMAN,PANTR
RTP1	2	1	HUMAN,PANTR
RTP2	2	1	HUMAN,PANTR
RTP3	2	1	HUMAN,PANTR
RTP4	4	6	BOVIN,CANLF,HUMAN,PANTR
RTP5	2	1	BOVIN,HUMAN
RTRAF	2	1	HUMAN,PANTR
RTTN	2	1	HUMAN,PANTR
RUBCN	2	1	HUMAN,PANTR
RUBCNL	2	1	HUMAN,PANTR
RUFY1	2	1	HUMAN,PANTR
RUFY2	2	1	HUMAN,PANTR
RUFY3	2	1	HUMAN,PANTR
RUFY4	3	3	CANLF,HUMAN,PANTR
RUNDC1	2	1	HUMAN,PANTR
RUNDC3A	2	1	HUMAN,PANTR
RUNDC3B	2	1	HUMAN,PANTR
RUNX1	2	1	HUMAN,PANTR
RUNX1T1	3	3	BOVIN,HUMAN,PANTR
RUNX2	2	1	HUMAN,PANTR
RUNX3	2	1	HUMAN,PANTR
RUSC1	2	1	HUMAN,PANTR
RUSC2	2	1	HUMAN,PANTR
RUSF1	2	1	HUMAN,PANTR
RUVBL1	2	1	HUMAN,PANTR
RUVBL2	2	1	HUMAN,PANTR
RWDD1	2	1	HUMAN,PANTR
RWDD2A	2	1	HUMAN,PANTR
RWDD2B	2	1	HUMAN,PANTR
RWDD3	3	3	CANLF,HUMAN,PANTR
RWDD4	2	1	HUMAN,PANTR
RXFP1	3	3	CANLF,HUMAN,PANTR
RXFP2	2	1	HUMAN,PANTR
RXFP3	2	1	HUMAN,PANTR
RXFP4	2	1	HUMAN,PANTR
RXRA	2	1	HUMAN,PANTR
RXRB	2	1	HUMAN,PANTR
RXRG	2	1	HUMAN,PANTR
RXYLT1	2	1	HUMAN,PANTR
RYBP	2	1	HUMAN,PANTR
RYK	2	1	HUMAN,PANTR
RYR1	2	1	HUMAN,PANTR
RYR2	2	1	HUMAN,PANTR
RYR3	2	1	HUMAN,PANTR
S100A1	2	1	HUMAN,PANTR
S100A10	2	1	HUMAN,PANTR
S100A11	2	1	HUMAN,PANTR
S100A12	3	3	BOVIN,HUMAN,PANTR
S100A13	2	1	HUMAN,PANTR
S100A14	2	1	HUMAN,PANTR
S100A16	2	1	HUMAN,PANTR
S100A2	2	1	HUMAN,PANTR
S100A3	2	1	HUMAN,PANTR
S100A4	2	1	HUMAN,PANTR
S100A5	2	1	HUMAN,PANTR
S100A6	2	1	HUMAN,PANTR
S100A7	2	1	HUMAN,PANTR
S100A7L2	2	1	HUMAN,PANTR
S100A8	2	1	HUMAN,PANTR
S100A9	2	1	HUMAN,PANTR
S100B	2	1	HUMAN,PANTR
S100G	2	1	HUMAN,PANTR
S100P	2	1	HUMAN,PANTR
S100PBP	2	1	HUMAN,PANTR
S100Z	2	1	HUMAN,PANTR
S1PR1	2	1	HUMAN,PANTR
S1PR2	2	1	HUMAN,PANTR
S1PR3	2	1	HUMAN,PANTR
SAA1	2	1	HUMAN,PANTR
SAA2	2	1	HUMAN,PANTR
SAAL1	2	1	HUMAN,PANTR
SAC3D1	2	1	HUMAN,PANTR
SACM1L	2	1	HUMAN,PANTR
SACS	2	1	HUMAN,PANTR
SAE1	2	1	HUMAN,PANTR
SAFB	2	1	HUMAN,PANTR
SAFB2	2	1	HUMAN,PANTR
SAG	2	1	HUMAN,PANTR
SALL1	2	1	HUMAN,PANTR
SALL2	2	1	HUMAN,PANTR
SALL3	2	1	HUMAN,PANTR
SALL4	2	1	HUMAN,PANTR
SAMD1	2	1	HUMAN,PANTR
SAMD10	2	1	HUMAN,PANTR
SAMD11	2	1	HUMAN,PANTR
SAMD12	2	1	HUMAN,PANTR
SAMD13	2	1	HUMAN,PANTR
SAMD14	3	3	CANLF,HUMAN,PANTR
SAMD15	2	1	HUMAN,PANTR
SAMD3	2	1	HUMAN,PANTR
SAMD4A	2	1	HUMAN,PANTR
SAMD4B	2	1	HUMAN,PANTR
SAMD5	2	1	HUMAN,PANTR
SAMD7	2	1	HUMAN,PANTR
SAMD8	2	1	HUMAN,PANTR
SAMD9	2	1	HUMAN,PANTR
SAMHD1	2	1	HUMAN,PANTR
SAMM50	3	3	CANLF,HUMAN,PANTR
SAMSN1	2	1	HUMAN,PANTR
SANBR	2	1	HUMAN,PANTR
SAP130	2	1	HUMAN,PANTR
SAP18	2	1	HUMAN,PANTR
SAP25	2	1	HUMAN,PANTR
SAP30	2	1	HUMAN,PANTR
SAP30BP	2	1	HUMAN,PANTR
SAP30L	2	1	HUMAN,PANTR
SAPCD1	2	1	HUMAN,PANTR
SAPCD2	2	1	HUMAN,PANTR
SAR1A	2	1	HUMAN,PANTR
SAR1B	2	1	HUMAN,PANTR
SARAF	2	1	HUMAN,PANTR
SARDH	2	1	HUMAN,PANTR
SARM1	2	1	HUMAN,PANTR
SARNP	3	3	CANLF,HUMAN,PANTR
SARS1	2	1	HUMAN,PANTR
SART1	2	1	HUMAN,PANTR
SART3	2	1	HUMAN,PANTR
SASH1	2	1	HUMAN,PANTR
SASH3	2	1	HUMAN,PANTR
SASS6	2	1	HUMAN,PANTR
SAT2	2	1	HUMAN,PANTR
SATB1	2	1	HUMAN,PANTR
SATB2	2	1	HUMAN,PANTR
SATL1	2	1	CANLF,HUMAN
SAV1	2	1	HUMAN,PANTR
SAXO1	2	1	HUMAN,PANTR
SAXO2	2	1	HUMAN,PANTR
SAYSD1	2	1	HUMAN,PANTR
SBDS	2	1	HUMAN,PANTR
SBF1	2	1	HUMAN,PANTR
SBK1	3	3	CANLF,HUMAN,PANTR
SBK2	3	3	CANLF,HUMAN,PANTR
SBK3	2	1	HUMAN,PANTR
SBNO1	2	1	HUMAN,PANTR
SBNO2	2	1	HUMAN,PANTR
SBSN	2	1	HUMAN,PANTR
SBSPON	2	1	HUMAN,PANTR
SC5D	2	1	HUMAN,PANTR
SCAF1	2	1	HUMAN,PANTR
SCAF11	2	1	HUMAN,PANTR
SCAF4	3	3	CANLF,HUMAN,PANTR
SCAF8	3	3	CANLF,HUMAN,PANTR
SCAI	2	1	HUMAN,PANTR
SCAMP1	2	1	HUMAN,PANTR
SCAMP2	2	1	HUMAN,PANTR
SCAMP3	2	1	HUMAN,PANTR
SCAMP4	2	1	HUMAN,PANTR
SCAMP5	2	1	HUMAN,PANTR
SCAND1	4	6	BOVIN,CANLF,HUMAN,PANTR
SCAP	2	1	HUMAN,PANTR
SCAPER	2	1	HUMAN,PANTR
SCARA3	2	1	HUMAN,PANTR
SCARA5	2	1	HUMAN,PANTR
SCARB1	2	1	HUMAN,PANTR
SCARB2	2	1	HUMAN,PANTR
SCARF1	2	1	HUMAN,PANTR
SCARF2	3	3	CANLF,HUMAN,PANTR
SCCPDH	3	3	CANLF,HUMAN,PANTR
SCD	2	1	HUMAN,PANTR
SCD5	2	1	HUMAN,PANTR
SCEL	2	1	HUMAN,PANTR
SCFD1	2	1	HUMAN,PANTR
SCFD2	2	1	HUMAN,PANTR
SCG2	2	1	HUMAN,PANTR
SCG3	2	1	HUMAN,PANTR
SCG5	2	1	HUMAN,PANTR
SCGB1A1	2	1	HUMAN,PANTR
SCGB1D1	2	1	HUMAN,PANTR
SCGB1D2	2	1	HUMAN,PANTR
SCGB1D4	2	1	HUMAN,PANTR
SCGB2A1	2	1	HUMAN,PANTR
SCGB2A2	2	1	HUMAN,PANTR
SCGB2B2	2	1	HUMAN,PANTR
SCGB3A1	2	1	HUMAN,PANTR
SCGB3A2	3	3	CANLF,HUMAN,PANTR
SCGN	2	1	HUMAN,PANTR
SCIMP	3	3	CANLF,HUMAN,PANTR
SCIN	2	1	HUMAN,PANTR
SCLT1	3	3	CANLF,HUMAN,PANTR
SCLY	4	6	BOVIN,CANLF,HUMAN,PANTR
SCMH1	2	1	HUMAN,PANTR
SCML1	3	3	BOVIN,HUMAN,PANTR
SCML4	2	1	HUMAN,PANTR
SCN10A	2	1	HUMAN,PANTR
SCN11A	2	1	HUMAN,PANTR
SCN1A	2	1	HUMAN,PANTR
SCN1B	2	1	HUMAN,PANTR
SCN2A	3	3	CANLF,HUMAN,PANTR
SCN2B	2	1	HUMAN,PANTR
SCN3A	2	1	HUMAN,PANTR
SCN3B	2	1	HUMAN,PANTR
SCN4A	2	1	HUMAN,PANTR
SCN4B	3	3	CANLF,HUMAN,PANTR
SCN5A	2	1	HUMAN,PANTR
SCN7A	2	1	HUMAN,PANTR
SCN8A	2	1	HUMAN,PANTR
SCN9A	2	1	HUMAN,PANTR
SCNM1	3	3	BOVIN,HUMAN,PANTR
SCNN1A	2	1	HUMAN,PANTR
SCNN1B	2	1	HUMAN,PANTR
SCNN1D	2	1	HUMAN,PANTR
SCNN1G	2	1	HUMAN,PANTR
SCO1	2	1	HUMAN,PANTR
SCO2	2	1	HUMAN,PANTR
SCOC	3	3	CANLF,HUMAN,PANTR
SCP2	2	1	HUMAN,PANTR
SCP2D1	3	3	CANLF,HUMAN,PANTR
SCPEP1	3	3	CANLF,HUMAN,PANTR
SCRG1	2	1	HUMAN,PANTR
SCRN1	3	3	CANLF,HUMAN,PANTR
SCRN2	2	1	HUMAN,PANTR
SCRN3	2	1	HUMAN,PANTR
SCRT1	2	1	HUMAN,PANTR
SCRT2	2	1	HUMAN,PANTR
SCT	2	1	HUMAN,PANTR
SCTR	2	1	HUMAN,PANTR
SCUBE1	2	1	HUMAN,PANTR
SCUBE2	2	1	HUMAN,PANTR
SCUBE3	2	1	HUMAN,PANTR
SCX	2	1	HUMAN,PANTR
SCYL1	2	1	HUMAN,PANTR
SCYL3	2	1	HUMAN,PANTR
SDAD1	2	1	HUMAN,PANTR
SDC1	2	1	HUMAN,PANTR
SDC2	3	3	CANLF,HUMAN,PANTR
SDC3	2	1	HUMAN,PANTR
SDC4	2	1	HUMAN,PANTR
SDCBP	2	1	HUMAN,PANTR
SDCBP2	2	1	HUMAN,PANTR
SDCCAG8	2	1	HUMAN,PANTR
SDE2	2	1	HUMAN,PANTR
SDF2L1	3	3	CANLF,HUMAN,PANTR
SDF4	2	1	HUMAN,PANTR
SDHAF1	2	1	HUMAN,PANTR
SDHAF2	4	6	BOVIN,CANLF,HUMAN,PANTR
SDHAF3	2	1	HUMAN,PANTR
SDHAF4	3	3	CANLF,HUMAN,PANTR
SDHB	2	1	HUMAN,PANTR
SDHC	2	1	HUMAN,PANTR
SDK1	2	1	HUMAN,PANTR
SDK2	2	1	HUMAN,PANTR
SDR16C5	2	1	HUMAN,PANTR
SDR39U1	2	1	HUMAN,PANTR
SDR42E1	2	1	HUMAN,PANTR
SDR42E2	2	1	HUMAN,PANTR
SDR9C7	2	1	HUMAN,PANTR
SDS	2	1	HUMAN,PANTR
SDSL	2	1	HUMAN,PANTR
SEBOX	2	1	HUMAN,PANTR
SEC11A	4	6	BOVIN,CANLF,HUMAN,PANTR
SEC11C	2	1	HUMAN,PANTR
SEC13	2	1	HUMAN,PANTR
SEC14L1	2	1	HUMAN,PANTR
SEC14L2	2	1	HUMAN,PANTR
SEC14L3	3	3	BOVIN,HUMAN,PANTR
SEC14L4	3	3	BOVIN,HUMAN,PANTR
SEC14L5	2	1	HUMAN,PANTR
SEC14L6	2	1	HUMAN,PANTR
SEC16A	2	1	HUMAN,PANTR
SEC16B	2	1	HUMAN,PANTR
SEC22A	2	1	HUMAN,PANTR
SEC22B	2	1	BOVIN,HUMAN
SEC22C	2	1	HUMAN,PANTR
SEC23A	2	1	HUMAN,PANTR
SEC23B	2	1	HUMAN,PANTR
SEC23IP	2	1	HUMAN,PANTR
SEC24A	2	1	HUMAN,PANTR
SEC24B	2	1	HUMAN,PANTR
SEC24C	2	1	HUMAN,PANTR
SEC31A	2	1	HUMAN,PANTR
SEC31B	2	1	HUMAN,PANTR
SEC61A1	3	3	BOVIN,HUMAN,PANTR
SEC61A2	3	3	BOVIN,HUMAN,PANTR
SEC61B	2	1	HUMAN,PANTR
SEC61G	3	3	BOVIN,HUMAN,PANTR
SEC62	3	3	BOVIN,HUMAN,PANTR
SEC63	3	3	BOVIN,HUMAN,PANTR
SECISBP2	2	1	HUMAN,PANTR
SECISBP2L	2	1	HUMAN,PANTR
SECTM1	2	1	HUMAN,PANTR
SEH1L	2	1	HUMAN,PANTR
SEL1L	2	1	HUMAN,PANTR
SEL1L2	3	3	CANLF,HUMAN,PANTR
SEL1L3	3	3	CANLF,HUMAN,PANTR
SELE	2	1	HUMAN,PANTR
SELENBP1	2	1	HUMAN,PANTR
SELENOH	2	1	HUMAN,PANTR
SELENOI	2	1	HUMAN,PANTR
SELENOK	2	1	HUMAN,PANTR
SELENOM	3	3	BOVIN,HUMAN,PANTR
SELENON	3	3	BOVIN,HUMAN,PANTR
SELENOO	4	6	BOVIN,CANLF,HUMAN,PANTR
SELENOS	3	3	BOVIN,HUMAN,PANTR
SELENOT	4	6	BOVIN,CANLF,HUMAN,PANTR
SELENOV	2	1	BOVIN,HUMAN
SELL	2	1	HUMAN,PANTR
SELP	2	1	HUMAN,PANTR
SELPLG	2	1	HUMAN,PANTR
SEMA3A	2	1	HUMAN,PANTR
SEMA3B	2	1	HUMAN,PANTR
SEMA3C	2	1	HUMAN,PANTR
SEMA3D	2	1	HUMAN,PANTR
SEMA3E	2	1	HUMAN,PANTR
SEMA3F	2	1	HUMAN,PANTR
SEMA3G	2	1	HUMAN,PANTR
SEMA4A	2	1	HUMAN,PANTR
SEMA4B	2	1	HUMAN,PANTR
SEMA4C	2	1	HUMAN,PANTR
SEMA4D	3	3	CANLF,HUMAN,PANTR
SEMA4F	2	1	HUMAN,PANTR
SEMA4G	2	1	HUMAN,PANTR
SEMA5A	2	1	HUMAN,PANTR
SEMA5B	2	1	HUMAN,PANTR
SEMA6A	2	1	HUMAN,PANTR
SEMA6B	2	1	HUMAN,PANTR
SEMA6C	2	1	HUMAN,PANTR
SEMA6D	2	1	HUMAN,PANTR
SEMA7A	4	6	BOVIN,CANLF,HUMAN,PANTR
SEMG1	2	1	HUMAN,PANTR
SEMG2	2	1	HUMAN,PANTR
SENP1	2	1	HUMAN,PANTR
SENP2	2	1	HUMAN,PANTR
SENP3	2	1	HUMAN,PANTR
SENP5	2	1	HUMAN,PANTR
SENP6	2	1	HUMAN,PANTR
SENP7	3	3	CANLF,HUMAN,PANTR
SEPHS1	2	1	HUMAN,PANTR
SEPSECS	2	1	CANLF,HUMAN
SEPTIN1	2	1	HUMAN,PANTR
SEPTIN10	2	1	HUMAN,PANTR
SEPTIN11	2	1	HUMAN,PANTR
SEPTIN12	2	1	HUMAN,PANTR
SEPTIN14	2	1	HUMAN,PANTR
SEPTIN2	2	1	HUMAN,PANTR
SEPTIN3	2	1	HUMAN,PANTR
SEPTIN4	3	3	CANLF,HUMAN,PANTR
SEPTIN5	3	3	BOVIN,HUMAN,PANTR
SEPTIN6	2	1	HUMAN,PANTR
SEPTIN7	3	3	BOVIN,HUMAN,PANTR
SEPTIN8	3	3	CANLF,HUMAN,PANTR
SEPTIN9	2	1	HUMAN,PANTR
SERAC1	2	1	HUMAN,PANTR
SERBP1	2	1	HUMAN,PANTR
SERF2	2	1	HUMAN,PANTR
SERGEF	2	1	HUMAN,PANTR
SERHL2	2	1	BOVIN,HUMAN
SERINC1	2	1	HUMAN,PANTR
SERINC2	2	1	HUMAN,PANTR
SERINC3	2	1	HUMAN,PANTR
SERINC4	3	3	CANLF,HUMAN,PANTR
SERINC5	2	1	HUMAN,PANTR
SERP1	2	1	HUMAN,PANTR
SERP2	2	1	HUMAN,PANTR
SERPINA1	4	6	BOVIN,CANLF,HUMAN,PANTR
SERPINA10	2	1	HUMAN,PANTR
SERPINA11	2	1	HUMAN,PANTR
SERPINA12	3	3	CANLF,HUMAN,PANTR
SERPINA3	2	1	HUMAN,PANTR
SERPINA4	2	1	HUMAN,PANTR
SERPINA5	3	3	BOVIN,HUMAN,PANTR
SERPINA6	2	1	HUMAN,PANTR
SERPINA7	2	1	HUMAN,PANTR
SERPINA9	3	3	CANLF,HUMAN,PANTR
SERPINB1	2	1	HUMAN,PANTR
SERPINB10	3	3	BOVIN,HUMAN,PANTR
SERPINB11	2	1	CANLF,HUMAN
SERPINB12	2	1	HUMAN,PANTR
SERPINB13	2	1	HUMAN,PANTR
SERPINB2	2	1	HUMAN,PANTR
SERPINB4	2	1	HUMAN,PANTR
SERPINB5	2	1	HUMAN,PANTR
SERPINB6	2	1	HUMAN,PANTR
SERPINB7	2	1	HUMAN,PANTR
SERPINB8	3	3	CANLF,HUMAN,PANTR
SERPINB9	3	3	BOVIN,HUMAN,PANTR
SERPINC1	2	1	HUMAN,PANTR
SERPIND1	2	1	HUMAN,PANTR
SERPINE1	2	1	HUMAN,PANTR
SERPINE2	3	3	BOVIN,HUMAN,PANTR
SERPINE3	2	1	HUMAN,PANTR
SERPINF1	2	1	HUMAN,PANTR
SERPINF2	2	1	HUMAN,PANTR
SERPING1	4	6	BOVIN,CANLF,HUMAN,PANTR
SERPINH1	2	1	HUMAN,PANTR
SERPINI1	2	1	HUMAN,PANTR
SERPINI2	2	1	HUMAN,PANTR
SERTAD1	2	1	HUMAN,PANTR
SERTAD2	2	1	HUMAN,PANTR
SERTAD3	3	3	CANLF,HUMAN,PANTR
SERTAD4	2	1	HUMAN,PANTR
SERTM1	2	1	HUMAN,PANTR
SESN1	2	1	HUMAN,PANTR
SESN2	2	1	HUMAN,PANTR
SESN3	2	1	HUMAN,PANTR
SESTD1	3	3	BOVIN,HUMAN,PANTR
SET	2	1	HUMAN,PANTR
SETBP1	2	1	HUMAN,PANTR
SETD1A	2	1	HUMAN,PANTR
SETD1B	2	1	HUMAN,PANTR
SETD2	2	1	HUMAN,PANTR
SETD3	2	1	HUMAN,PANTR
SETD4	2	1	HUMAN,PANTR
SETD5	2	1	HUMAN,PANTR
SETD6	2	1	HUMAN,PANTR
SETD7	2	1	HUMAN,PANTR
SETD9	2	1	HUMAN,PANTR
SETDB1	2	1	HUMAN,PANTR
SETDB2	2	1	HUMAN,PANTR
SETMAR	2	1	HUMAN,PANTR
SETSIP	2	1	HUMAN,PANTR
SETX	2	1	HUMAN,PANTR
SEZ6	2	1	HUMAN,PANTR
SEZ6L	2	1	HUMAN,PANTR
SEZ6L2	2	1	HUMAN,PANTR
SF1	2	1	HUMAN,PANTR
SF3A1	2	1	HUMAN,PANTR
SF3A2	2	1	HUMAN,PANTR
SF3A3	2	1	HUMAN,PANTR
SF3B1	2	1	HUMAN,PANTR
SF3B2	2	1	HUMAN,PANTR
SF3B3	2	1	HUMAN,PANTR
SF3B4	3	3	BOVIN,HUMAN,PANTR
SF3B5	2	1	HUMAN,PANTR
SF3B6	2	1	HUMAN,PANTR
SFI1	2	1	HUMAN,PANTR
SFMBT1	2	1	HUMAN,PANTR
SFMBT2	2	1	HUMAN,PANTR
SFN	2	1	HUMAN,PANTR
SFPQ	2	1	HUMAN,PANTR
SFR1	2	1	HUMAN,PANTR
SFRP1	2	1	HUMAN,PANTR
SFRP2	2	1	HUMAN,PANTR
SFRP4	2	1	HUMAN,PANTR
SFRP5	2	1	HUMAN,PANTR
SFSWAP	2	1	HUMAN,PANTR
SFT2D1	2	1	HUMAN,PANTR
SFT2D2	2	1	HUMAN,PANTR
SFT2D3	2	1	HUMAN,PANTR
SFTA2	2	1	HUMAN,PANTR
SFTA3	2	1	HUMAN,PANTR
SFTPA1	2	1	HUMAN,PANTR
SFTPA2	2	1	HUMAN,PANTR
SFTPB	2	1	HUMAN,PANTR
SFTPC	2	1	HUMAN,PANTR
SFTPD	2	1	HUMAN,PANTR
SFXN1	2	1	HUMAN,PANTR
SFXN2	2	1	HUMAN,PANTR
SFXN3	2	1	HUMAN,PANTR
SFXN4	3	3	CANLF,HUMAN,PANTR
SFXN5	2	1	HUMAN,PANTR
SGCA	2	1	HUMAN,PANTR
SGCB	2	1	HUMAN,PANTR
SGCD	2	1	HUMAN,PANTR
SGCE	2	1	HUMAN,PANTR
SGCG	2	1	HUMAN,PANTR
SGCZ	2	1	HUMAN,PANTR
SGF29	2	1	HUMAN,PANTR
SGIP1	2	1	HUMAN,PANTR
SGK1	2	1	HUMAN,PANTR
SGK2	2	1	HUMAN,PANTR
SGMS1	2	1	HUMAN,PANTR
SGMS2	2	1	HUMAN,PANTR
SGO1	2	1	HUMAN,PANTR
SGO2	2	1	HUMAN,PANTR
SGPL1	2	1	HUMAN,PANTR
SGPP1	2	1	HUMAN,PANTR
SGPP2	2	1	HUMAN,PANTR
SGSH	2	1	HUMAN,PANTR
SGSM1	2	1	HUMAN,PANTR
SGSM2	2	1	HUMAN,PANTR
SGSM3	2	1	HUMAN,PANTR
SGTA	2	1	HUMAN,PANTR
SGTB	2	1	HUMAN,PANTR
SH2B1	2	1	HUMAN,PANTR
SH2B2	2	1	HUMAN,PANTR
SH2B3	2	1	HUMAN,PANTR
SH2D1A	4	6	BOVIN,CANLF,HUMAN,PANTR
SH2D1B	3	3	CANLF,HUMAN,PANTR
SH2D2A	2	1	HUMAN,PANTR
SH2D3A	2	1	HUMAN,PANTR
SH2D3C	2	1	HUMAN,PANTR
SH2D4A	2	1	HUMAN,PANTR
SH2D4B	2	1	HUMAN,PANTR
SH2D5	3	3	CANLF,HUMAN,PANTR
SH2D6	2	1	HUMAN,PANTR
SH2D7	2	1	HUMAN,PANTR
SH3BGR	2	1	HUMAN,PANTR
SH3BGRL	2	1	HUMAN,PANTR
SH3BGRL2	3	3	CANLF,HUMAN,PANTR
SH3BGRL3	3	3	CANLF,HUMAN,PANTR
SH3BP1	2	1	HUMAN,PANTR
SH3BP2	2	1	HUMAN,PANTR
SH3BP4	2	1	HUMAN,PANTR
SH3BP5	2	1	HUMAN,PANTR
SH3BP5L	2	1	HUMAN,PANTR
SH3D19	2	1	HUMAN,PANTR
SH3D21	2	1	HUMAN,PANTR
SH3GL1	2	1	HUMAN,PANTR
SH3GL2	2	1	HUMAN,PANTR
SH3GL3	2	1	HUMAN,PANTR
SH3GLB1	2	1	HUMAN,PANTR
SH3GLB2	2	1	HUMAN,PANTR
SH3PXD2A	3	3	BOVIN,HUMAN,PANTR
SH3PXD2B	2	1	HUMAN,PANTR
SH3RF1	2	1	HUMAN,PANTR
SH3RF2	2	1	HUMAN,PANTR
SH3RF3	2	1	HUMAN,PANTR
SH3TC1	2	1	HUMAN,PANTR
SH3TC2	2	1	HUMAN,PANTR
SH3YL1	2	1	HUMAN,PANTR
SHANK1	3	3	CANLF,HUMAN,PANTR
SHANK2	4	6	BOVIN,CANLF,HUMAN,PANTR
SHANK3	2	1	HUMAN,PANTR
SHARPIN	2	1	HUMAN,PANTR
SHB	2	1	HUMAN,PANTR
SHBG	2	1	HUMAN,PANTR
SHC1	2	1	HUMAN,PANTR
SHC2	2	1	BOVIN,HUMAN
SHC3	2	1	HUMAN,PANTR
SHC4	2	1	HUMAN,PANTR
SHCBP1	2	1	HUMAN,PANTR
SHCBP1L	2	1	HUMAN,PANTR
SHD	2	1	HUMAN,PANTR
SHF	3	3	CANLF,HUMAN,PANTR
SHFL	3	3	BOVIN,HUMAN,PANTR
SHH	2	1	HUMAN,PANTR
SHISA2	2	1	HUMAN,PANTR
SHISA3	2	1	HUMAN,PANTR
SHISA4	2	1	HUMAN,PANTR
SHISA5	2	1	HUMAN,PANTR
SHISA6	2	1	HUMAN,PANTR
SHISA7	3	3	BOVIN,CANLF,HUMAN
SHISA8	2	1	HUMAN,PANTR
SHISA9	2	1	HUMAN,PANTR
SHISAL1	2	1	HUMAN,PANTR
SHISAL2A	2	1	HUMAN,PANTR
SHISAL2B	2	1	HUMAN,PANTR
SHKBP1	2	1	HUMAN,PANTR
SHLD1	3	3	BOVIN,HUMAN,PANTR
SHLD2	2	1	HUMAN,PANTR
SHMT1	2	1	HUMAN,PANTR
SHMT2	2	1	HUMAN,PANTR
SHOC1	2	1	HUMAN,PANTR
SHOC2	2	1	HUMAN,PANTR
SHPRH	3	3	CANLF,HUMAN,PANTR
SHQ1	2	1	HUMAN,PANTR
SHROOM1	2	1	HUMAN,PANTR
SHROOM3	2	1	HUMAN,PANTR
SHROOM4	2	1	HUMAN,PANTR
SHTN1	2	1	HUMAN,PANTR
SI	2	1	HUMAN,PANTR
SIAE	2	1	HUMAN,PANTR
SIAH1	3	3	BOVIN,HUMAN,PANTR
SIAH2	2	1	HUMAN,PANTR
SIAH3	2	1	HUMAN,PANTR
SIDT1	3	3	BOVIN,HUMAN,PANTR
SIDT2	2	1	HUMAN,PANTR
SIGIRR	2	1	HUMAN,PANTR
SIGLEC1	2	1	HUMAN,PANTR
SIGLEC10	2	1	HUMAN,PANTR
SIGLEC11	2	1	HUMAN,PANTR
SIGLEC15	2	1	HUMAN,PANTR
SIGLEC6	2	1	HUMAN,PANTR
SIGLEC8	2	1	HUMAN,PANTR
SIGLECL1	2	1	CANLF,HUMAN
SIGMAR1	2	1	HUMAN,PANTR
SIK2	3	3	CANLF,HUMAN,PANTR
SIK3	2	1	HUMAN,PANTR
SIKE1	2	1	HUMAN,PANTR
SIL1	2	1	HUMAN,PANTR
SIM1	2	1	HUMAN,PANTR
SIM2	3	3	BOVIN,HUMAN,PANTR
SIMC1	2	1	HUMAN,PANTR
SIN3A	2	1	HUMAN,PANTR
SIN3B	2	1	HUMAN,PANTR
SINHCAF	2	1	HUMAN,PANTR
SIPA1L1	2	1	HUMAN,PANTR
SIPA1L2	2	1	HUMAN,PANTR
SIPA1L3	3	3	BOVIN,HUMAN,PANTR
SIRPA	2	1	HUMAN,PANTR
SIRPB2	2	1	HUMAN,PANTR
SIRPD	2	1	HUMAN,PANTR
SIRPG	2	1	HUMAN,PANTR
SIRT1	2	1	HUMAN,PANTR
SIRT2	3	3	CANLF,HUMAN,PANTR
SIRT4	2	1	HUMAN,PANTR
SIRT5	2	1	HUMAN,PANTR
SIRT6	2	1	HUMAN,PANTR
SIRT7	2	1	HUMAN,PANTR
SIT1	2	1	HUMAN,PANTR
SIVA1	2	1	HUMAN,PANTR
SIX1	2	1	HUMAN,PANTR
SIX2	2	1	HUMAN,PANTR
SIX3	2	1	HUMAN,PANTR
SIX4	2	1	HUMAN,PANTR
SIX5	3	3	CANLF,HUMAN,PANTR
SIX6	3	3	CANLF,HUMAN,PANTR
SKA1	2	1	HUMAN,PANTR
SKA2	2	1	HUMAN,PANTR
SKA3	2	1	HUMAN,PANTR
SKAP1	2	1	HUMAN,PANTR
SKAP2	2	1	HUMAN,PANTR
SKI	2	1	HUMAN,PANTR
SKIDA1	2	1	BOVIN,HUMAN
SKIL	2	1	HUMAN,PANTR
SKIV2L	2	1	HUMAN,PANTR
SKOR1	2	1	HUMAN,PANTR
SKOR2	3	3	BOVIN,HUMAN,PANTR
SKP1	3	3	CANLF,HUMAN,PANTR
SKP2	3	3	CANLF,HUMAN,PANTR
SLA	2	1	HUMAN,PANTR
SLA2	2	1	HUMAN,PANTR
SLAIN1	3	3	BOVIN,HUMAN,PANTR
SLAIN2	2	1	HUMAN,PANTR
SLAMF1	2	1	HUMAN,PANTR
SLAMF6	2	1	HUMAN,PANTR
SLAMF7	2	1	HUMAN,PANTR
SLAMF8	3	3	CANLF,HUMAN,PANTR
SLAMF9	2	1	HUMAN,PANTR
SLBP	2	1	HUMAN,PANTR
SLC10A1	2	1	HUMAN,PANTR
SLC10A2	3	3	BOVIN,HUMAN,PANTR
SLC10A4	3	3	CANLF,HUMAN,PANTR
SLC10A5	2	1	HUMAN,PANTR
SLC10A6	2	1	HUMAN,PANTR
SLC10A7	2	1	HUMAN,PANTR
SLC11A1	2	1	HUMAN,PANTR
SLC11A2	2	1	HUMAN,PANTR
SLC12A1	2	1	HUMAN,PANTR
SLC12A2	2	1	HUMAN,PANTR
SLC12A3	2	1	HUMAN,PANTR
SLC12A4	2	1	HUMAN,PANTR
SLC12A5	2	1	HUMAN,PANTR
SLC12A6	2	1	HUMAN,PANTR
SLC12A7	2	1	HUMAN,PANTR
SLC12A8	2	1	HUMAN,PANTR
SLC12A9	2	1	HUMAN,PANTR
SLC13A1	2	1	HUMAN,PANTR
SLC13A2	2	1	HUMAN,PANTR
SLC13A3	2	1	HUMAN,PANTR
SLC13A4	2	1	HUMAN,PANTR
SLC13A5	2	1	HUMAN,PANTR
SLC14A1	4	6	BOVIN,CANLF,HUMAN,PANTR
SLC14A2	2	1	HUMAN,PANTR
SLC15A1	2	1	HUMAN,PANTR
SLC15A2	2	1	HUMAN,PANTR
SLC15A3	2	1	HUMAN,PANTR
SLC15A4	3	3	CANLF,HUMAN,PANTR
SLC15A5	2	1	HUMAN,PANTR
SLC16A1	2	1	HUMAN,PANTR
SLC16A10	2	1	HUMAN,PANTR
SLC16A11	2	1	HUMAN,PANTR
SLC16A12	2	1	HUMAN,PANTR
SLC16A13	2	1	HUMAN,PANTR
SLC16A14	2	1	HUMAN,PANTR
SLC16A2	2	1	HUMAN,PANTR
SLC16A3	2	1	HUMAN,PANTR
SLC16A4	2	1	HUMAN,PANTR
SLC16A5	2	1	HUMAN,PANTR
SLC16A6	2	1	HUMAN,PANTR
SLC16A7	2	1	HUMAN,PANTR
SLC16A8	2	1	HUMAN,PANTR
SLC16A9	2	1	HUMAN,PANTR
SLC17A1	2	1	HUMAN,PANTR
SLC17A2	2	1	HUMAN,PANTR
SLC17A3	2	1	HUMAN,PANTR
SLC17A4	3	3	CANLF,HUMAN,PANTR
SLC17A5	2	1	HUMAN,PANTR
SLC17A6	2	1	HUMAN,PANTR
SLC17A7	2	1	HUMAN,PANTR
SLC17A8	2	1	HUMAN,PANTR
SLC17A9	2	1	HUMAN,PANTR
SLC18A1	2	1	HUMAN,PANTR
SLC18A2	2	1	HUMAN,PANTR
SLC18A3	2	1	HUMAN,PANTR
SLC18B1	2	1	HUMAN,PANTR
SLC19A1	2	1	HUMAN,PANTR
SLC19A2	2	1	HUMAN,PANTR
SLC19A3	3	3	BOVIN,HUMAN,PANTR
SLC1A1	2	1	HUMAN,PANTR
SLC1A2	2	1	HUMAN,PANTR
SLC1A3	2	1	HUMAN,PANTR
SLC1A4	2	1	HUMAN,PANTR
SLC1A5	2	1	HUMAN,PANTR
SLC1A6	3	3	BOVIN,HUMAN,PANTR
SLC1A7	2	1	HUMAN,PANTR
SLC20A1	2	1	HUMAN,PANTR
SLC20A2	2	1	HUMAN,PANTR
SLC22A1	2	1	HUMAN,PANTR
SLC22A10	2	1	HUMAN,PANTR
SLC22A11	2	1	HUMAN,PANTR
SLC22A12	3	3	BOVIN,HUMAN,PANTR
SLC22A13	2	1	HUMAN,PANTR
SLC22A14	2	1	HUMAN,PANTR
SLC22A15	2	1	HUMAN,PANTR
SLC22A16	2	1	HUMAN,PANTR
SLC22A17	3	3	CANLF,HUMAN,PANTR
SLC22A18	3	3	CANLF,HUMAN,PANTR
SLC22A2	4	6	BOVIN,CANLF,HUMAN,PANTR
SLC22A23	4	6	BOVIN,CANLF,HUMAN,PANTR
SLC22A25	2	1	HUMAN,PANTR
SLC22A3	2	1	HUMAN,PANTR
SLC22A31	2	1	CANLF,HUMAN
SLC22A4	3	3	CANLF,HUMAN,PANTR
SLC22A5	2	1	HUMAN,PANTR
SLC22A6	2	1	HUMAN,PANTR
SLC22A7	2	1	HUMAN,PANTR
SLC22A8	2	1	HUMAN,PANTR
SLC22A9	2	1	HUMAN,PANTR
SLC23A1	2	1	HUMAN,PANTR
SLC23A2	2	1	HUMAN,PANTR
SLC23A3	2	1	HUMAN,PANTR
SLC24A1	2	1	HUMAN,PANTR
SLC24A2	2	1	HUMAN,PANTR
SLC24A3	2	1	HUMAN,PANTR
SLC24A5	2	1	HUMAN,PANTR
SLC25A1	2	1	HUMAN,PANTR
SLC25A10	2	1	HUMAN,PANTR
SLC25A11	2	1	HUMAN,PANTR
SLC25A12	2	1	HUMAN,PANTR
SLC25A13	2	1	HUMAN,PANTR
SLC25A14	2	1	HUMAN,PANTR
SLC25A15	2	1	HUMAN,PANTR
SLC25A16	3	3	BOVIN,HUMAN,PANTR
SLC25A17	2	1	HUMAN,PANTR
SLC25A18	2	1	HUMAN,PANTR
SLC25A19	2	1	HUMAN,PANTR
SLC25A2	2	1	CANLF,HUMAN
SLC25A20	2	1	HUMAN,PANTR
SLC25A21	2	1	HUMAN,PANTR
SLC25A23	3	3	BOVIN,HUMAN,PANTR
SLC25A24	3	3	BOVIN,HUMAN,PANTR
SLC25A25	2	1	HUMAN,PANTR
SLC25A26	2	1	HUMAN,PANTR
SLC25A27	2	1	HUMAN,PANTR
SLC25A28	2	1	HUMAN,PANTR
SLC25A29	3	3	CANLF,HUMAN,PANTR
SLC25A3	2	1	HUMAN,PANTR
SLC25A30	2	1	HUMAN,PANTR
SLC25A31	2	1	HUMAN,PANTR
SLC25A32	2	1	HUMAN,PANTR
SLC25A33	2	1	HUMAN,PANTR
SLC25A34	2	1	HUMAN,PANTR
SLC25A35	2	1	HUMAN,PANTR
SLC25A36	2	1	HUMAN,PANTR
SLC25A37	2	1	HUMAN,PANTR
SLC25A38	2	1	HUMAN,PANTR
SLC25A39	2	1	HUMAN,PANTR
SLC25A4	3	3	CANLF,HUMAN,PANTR
SLC25A40	3	3	CANLF,HUMAN,PANTR
SLC25A41	2	1	HUMAN,PANTR
SLC25A42	2	1	HUMAN,PANTR
SLC25A44	2	1	HUMAN,PANTR
SLC25A45	3	3	CANLF,HUMAN,PANTR
SLC25A46	2	1	HUMAN,PANTR
SLC25A47	2	1	HUMAN,PANTR
SLC25A48	2	1	HUMAN,PANTR
SLC25A5	3	3	CANLF,HUMAN,PANTR
SLC25A51	2	1	HUMAN,PANTR
SLC25A53	2	1	HUMAN,PANTR
SLC25A6	2	1	CANLF,HUMAN
SLC26A1	2	1	HUMAN,PANTR
SLC26A10	2	1	HUMAN,PANTR
SLC26A11	2	1	HUMAN,PANTR
SLC26A2	2	1	HUMAN,PANTR
SLC26A3	2	1	HUMAN,PANTR
SLC26A4	2	1	HUMAN,PANTR
SLC26A5	2	1	HUMAN,PANTR
SLC26A6	2	1	HUMAN,PANTR
SLC26A7	2	1	HUMAN,PANTR
SLC26A8	2	1	HUMAN,PANTR
SLC26A9	2	1	HUMAN,PANTR
SLC27A1	2	1	HUMAN,PANTR
SLC27A2	2	1	HUMAN,PANTR
SLC27A3	2	1	HUMAN,PANTR
SLC27A4	2	1	HUMAN,PANTR
SLC27A5	2	1	HUMAN,PANTR
SLC27A6	2	1	HUMAN,PANTR
SLC28A1	2	1	HUMAN,PANTR
SLC28A2	2	1	HUMAN,PANTR
SLC28A3	2	1	HUMAN,PANTR
SLC29A1	3	3	BOVIN,HUMAN,PANTR
SLC29A2	2	1	HUMAN,PANTR
SLC29A3	2	1	HUMAN,PANTR
SLC29A4	2	1	HUMAN,PANTR
SLC2A1	2	1	HUMAN,PANTR
SLC2A10	2	1	HUMAN,PANTR
SLC2A11	4	6	BOVIN,CANLF,HUMAN,PANTR
SLC2A12	2	1	HUMAN,PANTR
SLC2A13	2	1	HUMAN,PANTR
SLC2A14	2	1	HUMAN,PANTR
SLC2A2	2	1	HUMAN,PANTR
SLC2A3	2	1	HUMAN,PANTR
SLC2A4	3	3	CANLF,HUMAN,PANTR
SLC2A4RG	3	3	BOVIN,HUMAN,PANTR
SLC2A5	2	1	HUMAN,PANTR
SLC2A6	2	1	HUMAN,PANTR
SLC2A7	2	1	HUMAN,PANTR
SLC2A8	2	1	HUMAN,PANTR
SLC2A9	2	1	HUMAN,PANTR
SLC30A1	2	1	HUMAN,PANTR
SLC30A10	3	3	CANLF,HUMAN,PANTR
SLC30A2	2	1	HUMAN,PANTR
SLC30A3	2	1	HUMAN,PANTR
SLC30A4	2	1	HUMAN,PANTR
SLC30A5	2	1	HUMAN,PANTR
SLC30A6	2	1	HUMAN,PANTR
SLC30A7	2	1	HUMAN,PANTR
SLC30A8	2	1	HUMAN,PANTR
SLC30A9	2	1	HUMAN,PANTR
SLC31A1	3	3	CANLF,HUMAN,PANTR
SLC31A2	2	1	HUMAN,PANTR
SLC32A1	2	1	HUMAN,PANTR
SLC33A1	2	1	HUMAN,PANTR
SLC34A1	2	1	HUMAN,PANTR
SLC34A2	2	1	HUMAN,PANTR
SLC34A3	2	1	HUMAN,PANTR
SLC35A1	2	1	HUMAN,PANTR
SLC35A2	2	1	HUMAN,PANTR
SLC35A5	2	1	HUMAN,PANTR
SLC35B1	2	1	HUMAN,PANTR
SLC35B2	2	1	HUMAN,PANTR
SLC35B3	2	1	HUMAN,PANTR
SLC35B4	2	1	HUMAN,PANTR
SLC35C1	2	1	HUMAN,PANTR
SLC35C2	2	1	HUMAN,PANTR
SLC35D1	2	1	HUMAN,PANTR
SLC35D2	2	1	HUMAN,PANTR
SLC35D3	2	1	HUMAN,PANTR
SLC35E1	2	1	HUMAN,PANTR
SLC35E2B	2	1	HUMAN,PANTR
SLC35E3	2	1	HUMAN,PANTR
SLC35E4	2	1	HUMAN,PANTR
SLC35F1	3	3	BOVIN,HUMAN,PANTR
SLC35F2	2	1	HUMAN,PANTR
SLC35F3	2	1	HUMAN,PANTR
SLC35F4	2	1	HUMAN,PANTR
SLC35F5	2	1	HUMAN,PANTR
SLC35F6	2	1	HUMAN,PANTR
SLC35G1	3	3	BOVIN,HUMAN,PANTR
SLC35G2	2	1	HUMAN,PANTR
SLC35G6	2	1	HUMAN,PANTR
SLC36A1	2	1	HUMAN,PANTR
SLC36A2	2	1	HUMAN,PANTR
SLC36A4	2	1	HUMAN,PANTR
SLC37A1	2	1	HUMAN,PANTR
SLC37A2	2	1	HUMAN,PANTR
SLC37A3	2	1	HUMAN,PANTR
SLC38A1	2	1	HUMAN,PANTR
SLC38A10	2	1	HUMAN,PANTR
SLC38A11	2	1	HUMAN,PANTR
SLC38A2	2	1	HUMAN,PANTR
SLC38A3	2	1	HUMAN,PANTR
SLC38A4	2	1	HUMAN,PANTR
SLC38A5	3	3	CANLF,HUMAN,PANTR
SLC38A6	2	1	HUMAN,PANTR
SLC38A7	2	1	HUMAN,PANTR
SLC38A8	2	1	HUMAN,PANTR
SLC38A9	2	1	HUMAN,PANTR
SLC39A1	2	1	HUMAN,PANTR
SLC39A10	3	3	CANLF,HUMAN,PANTR
SLC39A11	2	1	HUMAN,PANTR
SLC39A12	2	1	HUMAN,PANTR
SLC39A13	3	3	CANLF,HUMAN,PANTR
SLC39A14	2	1	HUMAN,PANTR
SLC39A2	2	1	HUMAN,PANTR
SLC39A3	3	3	BOVIN,HUMAN,PANTR
SLC39A4	2	1	HUMAN,PANTR
SLC39A5	2	1	HUMAN,PANTR
SLC39A6	2	1	HUMAN,PANTR
SLC39A7	2	1	HUMAN,PANTR
SLC39A8	2	1	HUMAN,PANTR
SLC39A9	2	1	HUMAN,PANTR
SLC3A1	2	1	HUMAN,PANTR
SLC3A2	2	1	HUMAN,PANTR
SLC40A1	2	1	HUMAN,PANTR
SLC41A1	2	1	HUMAN,PANTR
SLC41A2	2	1	HUMAN,PANTR
SLC41A3	2	1	HUMAN,PANTR
SLC43A2	2	1	HUMAN,PANTR
SLC43A3	3	3	BOVIN,HUMAN,PANTR
SLC44A1	3	3	BOVIN,HUMAN,PANTR
SLC44A2	2	1	HUMAN,PANTR
SLC44A3	2	1	HUMAN,PANTR
SLC44A4	2	1	HUMAN,PANTR
SLC44A5	2	1	HUMAN,PANTR
SLC45A1	2	1	HUMAN,PANTR
SLC45A2	2	1	HUMAN,PANTR
SLC45A3	2	1	HUMAN,PANTR
SLC45A4	2	1	HUMAN,PANTR
SLC46A1	2	1	HUMAN,PANTR
SLC46A2	2	1	HUMAN,PANTR
SLC46A3	2	1	HUMAN,PANTR
SLC47A1	2	1	HUMAN,PANTR
SLC47A2	2	1	HUMAN,PANTR
SLC48A1	2	1	HUMAN,PANTR
SLC49A3	2	1	HUMAN,PANTR
SLC49A4	2	1	HUMAN,PANTR
SLC4A1	4	6	BOVIN,CANLF,HUMAN,PANTR
SLC4A10	2	1	HUMAN,PANTR
SLC4A11	2	1	HUMAN,PANTR
SLC4A1AP	2	1	HUMAN,PANTR
SLC4A2	2	1	HUMAN,PANTR
SLC4A3	2	1	HUMAN,PANTR
SLC4A4	2	1	HUMAN,PANTR
SLC4A5	2	1	HUMAN,PANTR
SLC4A7	2	1	HUMAN,PANTR
SLC4A8	2	1	HUMAN,PANTR
SLC4A9	2	1	HUMAN,PANTR
SLC50A1	2	1	HUMAN,PANTR
SLC51A	2	1	HUMAN,PANTR
SLC51B	2	1	HUMAN,PANTR
SLC52A1	2	1	HUMAN,PANTR
SLC52A2	2	1	HUMAN,PANTR
SLC52A3	2	1	HUMAN,PANTR
SLC5A1	3	3	CANLF,HUMAN,PANTR
SLC5A10	2	1	HUMAN,PANTR
SLC5A11	2	1	HUMAN,PANTR
SLC5A12	2	1	HUMAN,PANTR
SLC5A2	2	1	HUMAN,PANTR
SLC5A4	2	1	HUMAN,PANTR
SLC5A5	2	1	HUMAN,PANTR
SLC5A6	2	1	HUMAN,PANTR
SLC5A7	2	1	HUMAN,PANTR
SLC5A8	2	1	HUMAN,PANTR
SLC5A9	2	1	HUMAN,PANTR
SLC66A1	3	3	BOVIN,HUMAN,PANTR
SLC66A1L	2	1	HUMAN,PANTR
SLC66A2	2	1	HUMAN,PANTR
SLC66A3	2	1	HUMAN,PANTR
SLC6A1	2	1	HUMAN,PANTR
SLC6A11	2	1	HUMAN,PANTR
SLC6A12	2	1	HUMAN,PANTR
SLC6A13	2	1	HUMAN,PANTR
SLC6A14	2	1	HUMAN,PANTR
SLC6A15	2	1	HUMAN,PANTR
SLC6A16	3	3	BOVIN,HUMAN,PANTR
SLC6A17	2	1	HUMAN,PANTR
SLC6A18	2	1	HUMAN,PANTR
SLC6A19	2	1	HUMAN,PANTR
SLC6A2	2	1	HUMAN,PANTR
SLC6A20	2	1	HUMAN,PANTR
SLC6A3	2	1	HUMAN,PANTR
SLC6A4	2	1	HUMAN,PANTR
SLC6A5	3	3	BOVIN,HUMAN,PANTR
SLC6A6	2	1	HUMAN,PANTR
SLC6A7	2	1	HUMAN,PANTR
SLC6A8	2	1	CANLF,HUMAN
SLC6A9	2	1	HUMAN,PANTR
SLC7A1	2	1	HUMAN,PANTR
SLC7A10	2	1	HUMAN,PANTR
SLC7A11	2	1	HUMAN,PANTR
SLC7A13	2	1	HUMAN,PANTR
SLC7A14	2	1	HUMAN,PANTR
SLC7A2	2	1	HUMAN,PANTR
SLC7A3	2	1	HUMAN,PANTR
SLC7A4	2	1	HUMAN,PANTR
SLC7A5	4	6	BOVIN,CANLF,HUMAN,PANTR
SLC7A6	2	1	HUMAN,PANTR
SLC7A6OS	3	3	CANLF,HUMAN,PANTR
SLC7A7	2	1	HUMAN,PANTR
SLC7A8	2	1	HUMAN,PANTR
SLC7A9	2	1	HUMAN,PANTR
SLC8A1	2	1	HUMAN,PANTR
SLC8A2	2	1	HUMAN,PANTR
SLC8A3	2	1	HUMAN,PANTR
SLC8B1	2	1	HUMAN,PANTR
SLC9A1	3	3	CANLF,HUMAN,PANTR
SLC9A2	2	1	HUMAN,PANTR
SLC9A3	3	3	CANLF,HUMAN,PANTR
SLC9A3R1	2	1	HUMAN,PANTR
SLC9A3R2	2	1	HUMAN,PANTR
SLC9A4	2	1	HUMAN,PANTR
SLC9A5	2	1	HUMAN,PANTR
SLC9A6	2	1	HUMAN,PANTR
SLC9A7	2	1	HUMAN,PANTR
SLC9A8	2	1	HUMAN,PANTR
SLC9A9	2	1	HUMAN,PANTR
SLC9B1	3	3	CANLF,HUMAN,PANTR
SLC9B2	2	1	HUMAN,PANTR
SLC9C1	3	3	BOVIN,HUMAN,PANTR
SLC9C2	3	3	CANLF,HUMAN,PANTR
SLCO1A2	2	1	HUMAN,PANTR
SLCO1B1	2	1	HUMAN,PANTR
SLCO1C1	2	1	HUMAN,PANTR
SLCO2A1	2	1	HUMAN,PANTR
SLCO2B1	2	1	HUMAN,PANTR
SLCO3A1	2	1	HUMAN,PANTR
SLCO4A1	2	1	HUMAN,PANTR
SLCO4C1	2	1	HUMAN,PANTR
SLCO5A1	2	1	HUMAN,PANTR
SLCO6A1	2	1	HUMAN,PANTR
SLF1	3	3	BOVIN,HUMAN,PANTR
SLF2	3	3	CANLF,HUMAN,PANTR
SLFN11	2	1	HUMAN,PANTR
SLFN12	2	1	HUMAN,PANTR
SLFN12L	2	1	HUMAN,PANTR
SLFN13	2	1	HUMAN,PANTR
SLFN14	2	1	HUMAN,PANTR
SLFN5	2	1	HUMAN,PANTR
SLFNL1	2	1	HUMAN,PANTR
SLIRP	4	6	BOVIN,CANLF,HUMAN,PANTR
SLIT1	3	3	BOVIN,CANLF,HUMAN
SLIT2	2	1	HUMAN,PANTR
SLIT3	2	1	HUMAN,PANTR
SLITRK1	2	1	HUMAN,PANTR
SLITRK3	2	1	HUMAN,PANTR
SLITRK4	2	1	HUMAN,PANTR
SLITRK5	2	1	HUMAN,PANTR
SLITRK6	2	1	HUMAN,PANTR
SLK	2	1	HUMAN,PANTR
SLMAP	2	1	HUMAN,PANTR
SLPI	2	1	HUMAN,PANTR
SLTM	2	1	HUMAN,PANTR
SLU7	2	1	HUMAN,PANTR
SLURP1	2	1	HUMAN,PANTR
SLX4	2	1	HUMAN,PANTR
SLX4IP	4	6	BOVIN,CANLF,HUMAN,PANTR
SLX9	2	1	HUMAN,PANTR
SMAD1	2	1	HUMAN,PANTR
SMAD2	2	1	HUMAN,PANTR
SMAD3	2	1	HUMAN,PANTR
SMAD4	2	1	HUMAN,PANTR
SMAD5	2	1	HUMAN,PANTR
SMAD6	2	1	HUMAN,PANTR
SMAD7	2	1	HUMAN,PANTR
SMAD9	2	1	HUMAN,PANTR
SMAGP	2	1	HUMAN,PANTR
SMAP1	2	1	HUMAN,PANTR
SMAP2	3	3	CANLF,HUMAN,PANTR
SMARCA2	2	1	HUMAN,PANTR
SMARCAL1	2	1	HUMAN,PANTR
SMARCB1	2	1	HUMAN,PANTR
SMARCC1	2	1	HUMAN,PANTR
SMARCC2	2	1	HUMAN,PANTR
SMARCD1	2	1	HUMAN,PANTR
SMARCD2	2	1	HUMAN,PANTR
SMARCD3	2	1	HUMAN,PANTR
SMARCE1	2	1	HUMAN,PANTR
SMC1A	2	1	HUMAN,PANTR
SMC1B	2	1	HUMAN,PANTR
SMC2	2	1	HUMAN,PANTR
SMC3	2	1	HUMAN,PANTR
SMC4	2	1	HUMAN,PANTR
SMC5	2	1	HUMAN,PANTR
SMC6	2	1	HUMAN,PANTR
SMCHD1	2	1	HUMAN,PANTR
SMCO1	2	1	HUMAN,PANTR
SMCO2	2	1	HUMAN,PANTR
SMCO3	2	1	HUMAN,PANTR
SMCO4	2	1	HUMAN,PANTR
SMCP	3	3	BOVIN,HUMAN,PANTR
SMCR8	2	1	HUMAN,PANTR
SMDT1	2	1	HUMAN,PANTR
SMG1	2	1	HUMAN,PANTR
SMG5	2	1	BOVIN,HUMAN
SMG6	2	1	HUMAN,PANTR
SMG7	2	1	HUMAN,PANTR
SMG8	3	3	BOVIN,HUMAN,PANTR
SMG9	2	1	HUMAN,PANTR
SMIM1	3	3	CANLF,HUMAN,PANTR
SMIM10L1	2	1	HUMAN,PANTR
SMIM12	2	1	HUMAN,PANTR
SMIM13	2	1	HUMAN,PANTR
SMIM15	3	3	CANLF,HUMAN,PANTR
SMIM17	2	1	HUMAN,PANTR
SMIM19	2	1	HUMAN,PANTR
SMIM20	2	1	CANLF,HUMAN
SMIM21	2	1	HUMAN,PANTR
SMIM22	2	1	HUMAN,PANTR
SMIM23	2	1	HUMAN,PANTR
SMIM24	2	1	HUMAN,PANTR
SMIM26	2	1	CANLF,HUMAN
SMIM29	2	1	HUMAN,PANTR
SMIM3	2	1	HUMAN,PANTR
SMIM30	2	1	CANLF,HUMAN
SMIM4	2	1	HUMAN,PANTR
SMIM5	2	1	HUMAN,PANTR
SMIM6	2	1	HUMAN,PANTR
SMIM7	3	3	BOVIN,HUMAN,PANTR
SMIM8	2	1	HUMAN,PANTR
SMIM9	2	1	HUMAN,PANTR
SMLR1	2	1	HUMAN,PANTR
SMNDC1	2	1	HUMAN,PANTR
SMO	2	1	HUMAN,PANTR
SMOC1	2	1	HUMAN,PANTR
SMOC2	2	1	HUMAN,PANTR
SMOX	2	1	HUMAN,PANTR
SMPD1	2	1	HUMAN,PANTR
SMPD2	2	1	HUMAN,PANTR
SMPD3	2	1	HUMAN,PANTR
SMPDL3A	2	1	HUMAN,PANTR
SMPDL3B	2	1	HUMAN,PANTR
SMPX	4	6	BOVIN,CANLF,HUMAN,PANTR
SMR3A	2	1	HUMAN,PANTR
SMS	2	1	CANLF,HUMAN
SMTN	2	1	HUMAN,PANTR
SMTNL1	2	1	HUMAN,PANTR
SMTNL2	2	1	HUMAN,PANTR
SMU1	2	1	HUMAN,PANTR
SMUG1	2	1	HUMAN,PANTR
SMURF1	2	1	HUMAN,PANTR
SMURF2	2	1	HUMAN,PANTR
SMYD1	2	1	HUMAN,PANTR
SMYD2	3	3	CANLF,HUMAN,PANTR
SMYD3	2	1	HUMAN,PANTR
SMYD4	2	1	HUMAN,PANTR
SMYD5	2	1	HUMAN,PANTR
SNAI1	2	1	HUMAN,PANTR
SNAI2	2	1	HUMAN,PANTR
SNAI3	2	1	HUMAN,PANTR
SNAP23	2	1	HUMAN,PANTR
SNAP25	2	1	HUMAN,PANTR
SNAP29	2	1	HUMAN,PANTR
SNAP47	2	1	HUMAN,PANTR
SNAP91	2	1	HUMAN,PANTR
SNAPC1	2	1	HUMAN,PANTR
SNAPC2	2	1	HUMAN,PANTR
SNAPC3	3	3	CANLF,HUMAN,PANTR
SNAPC4	2	1	HUMAN,PANTR
SNAPC5	2	1	HUMAN,PANTR
SNAPIN	2	1	HUMAN,PANTR
SNCA	2	1	HUMAN,PANTR
SNCAIP	2	1	HUMAN,PANTR
SNCB	2	1	HUMAN,PANTR
SNCG	2	1	HUMAN,PANTR
SND1	2	1	HUMAN,PANTR
SNED1	3	3	CANLF,HUMAN,PANTR
SNF8	2	1	HUMAN,PANTR
SNIP1	2	1	HUMAN,PANTR
SNN	2	1	HUMAN,PANTR
SNPH	2	1	HUMAN,PANTR
SNRK	2	1	HUMAN,PANTR
SNRNP200	2	1	HUMAN,PANTR
SNRNP25	2	1	HUMAN,PANTR
SNRNP27	3	3	CANLF,HUMAN,PANTR
SNRNP35	2	1	HUMAN,PANTR
SNRNP40	2	1	HUMAN,PANTR
SNRNP48	2	1	HUMAN,PANTR
SNRNP70	2	1	HUMAN,PANTR
SNRPA	2	1	HUMAN,PANTR
SNRPB	2	1	HUMAN,PANTR
SNRPB2	2	1	HUMAN,PANTR
SNRPC	2	1	HUMAN,PANTR
SNRPD1	2	1	HUMAN,PANTR
SNRPD2	3	3	CANLF,HUMAN,PANTR
SNRPD3	2	1	HUMAN,PANTR
SNRPF	2	1	HUMAN,PANTR
SNRPG	3	3	CANLF,HUMAN,PANTR
SNRPN	2	1	HUMAN,PANTR
SNTA1	2	1	HUMAN,PANTR
SNTB1	2	1	HUMAN,PANTR
SNTB2	2	1	HUMAN,PANTR
SNTG1	2	1	HUMAN,PANTR
SNTG2	2	1	HUMAN,PANTR
SNTN	2	1	HUMAN,PANTR
SNU13	2	1	HUMAN,PANTR
SNUPN	2	1	HUMAN,PANTR
SNW1	2	1	HUMAN,PANTR
SNX1	2	1	HUMAN,PANTR
SNX10	2	1	HUMAN,PANTR
SNX11	2	1	HUMAN,PANTR
SNX12	2	1	HUMAN,PANTR
SNX13	2	1	HUMAN,PANTR
SNX14	2	1	HUMAN,PANTR
SNX15	2	1	HUMAN,PANTR
SNX16	2	1	HUMAN,PANTR
SNX17	2	1	HUMAN,PANTR
SNX18	2	1	HUMAN,PANTR
SNX19	2	1	HUMAN,PANTR
SNX2	2	1	HUMAN,PANTR
SNX20	2	1	HUMAN,PANTR
SNX21	2	1	HUMAN,PANTR
SNX22	2	1	HUMAN,PANTR
SNX24	3	3	CANLF,HUMAN,PANTR
SNX25	2	1	HUMAN,PANTR
SNX27	2	1	HUMAN,PANTR
SNX29	2	1	HUMAN,PANTR
SNX3	2	1	HUMAN,PANTR
SNX30	2	1	HUMAN,PANTR
SNX31	2	1	HUMAN,PANTR
SNX32	2	1	HUMAN,PANTR
SNX33	2	1	HUMAN,PANTR
SNX4	2	1	HUMAN,PANTR
SNX5	2	1	HUMAN,PANTR
SNX6	3	3	CANLF,HUMAN,PANTR
SNX7	2	1	HUMAN,PANTR
SNX8	2	1	HUMAN,PANTR
SNX9	2	1	HUMAN,PANTR
SOAT1	2	1	HUMAN,PANTR
SOAT2	2	1	HUMAN,PANTR
SOBP	2	1	HUMAN,PANTR
SOCS1	2	1	HUMAN,PANTR
SOCS2	2	1	HUMAN,PANTR
SOCS3	2	1	HUMAN,PANTR
SOCS4	2	1	HUMAN,PANTR
SOCS5	2	1	HUMAN,PANTR
SOCS6	3	3	CANLF,HUMAN,PANTR
SOCS7	3	3	CANLF,HUMAN,PANTR
SOD1	2	1	HUMAN,PANTR
SOD2	3	3	CANLF,HUMAN,PANTR
SOD3	2	1	HUMAN,PANTR
SOGA1	2	1	HUMAN,PANTR
SOHLH1	2	1	HUMAN,PANTR
SON	2	1	HUMAN,PANTR
SORBS1	3	3	BOVIN,HUMAN,PANTR
SORBS2	3	3	CANLF,HUMAN,PANTR
SORBS3	2	1	HUMAN,PANTR
SORCS1	2	1	HUMAN,PANTR
SORCS2	2	1	HUMAN,PANTR
SORCS3	2	1	HUMAN,PANTR
SORD	2	1	HUMAN,PANTR
SORL1	2	1	HUMAN,PANTR
SORT1	2	1	HUMAN,PANTR
SOS1	2	1	HUMAN,PANTR
SOS2	2	1	HUMAN,PANTR
SOST	2	1	HUMAN,PANTR
SOSTDC1	2	1	HUMAN,PANTR
SOWAHB	2	1	HUMAN,PANTR
SOWAHC	2	1	HUMAN,PANTR
SOX1	2	1	HUMAN,PANTR
SOX10	2	1	HUMAN,PANTR
SOX11	2	1	HUMAN,PANTR
SOX12	2	1	HUMAN,PANTR
SOX13	2	1	HUMAN,PANTR
SOX14	2	1	HUMAN,PANTR
SOX15	2	1	HUMAN,PANTR
SOX17	2	1	HUMAN,PANTR
SOX18	2	1	HUMAN,PANTR
SOX2	2	1	HUMAN,PANTR
SOX30	2	1	HUMAN,PANTR
SOX4	2	1	HUMAN,PANTR
SOX5	2	1	HUMAN,PANTR
SOX6	2	1	HUMAN,PANTR
SOX8	2	1	HUMAN,PANTR
SOX9	2	1	HUMAN,PANTR
SP1	2	1	HUMAN,PANTR
SP100	3	3	CANLF,HUMAN,PANTR
SP110	2	1	HUMAN,PANTR
SP140	3	3	CANLF,HUMAN,PANTR
SP140L	2	1	HUMAN,PANTR
SP2	2	1	HUMAN,PANTR
SP3	3	3	CANLF,HUMAN,PANTR
SP4	2	1	HUMAN,PANTR
SP5	3	3	BOVIN,HUMAN,PANTR
SP6	2	1	HUMAN,PANTR
SP7	2	1	HUMAN,PANTR
SP8	2	1	HUMAN,PANTR
SP9	3	3	CANLF,HUMAN,PANTR
SPA17	2	1	HUMAN,PANTR
SPACA1	2	1	HUMAN,PANTR
SPACA3	3	3	BOVIN,HUMAN,PANTR
SPACA4	3	3	CANLF,HUMAN,PANTR
SPACA6	3	3	CANLF,HUMAN,PANTR
SPACA7	2	1	HUMAN,PANTR
SPACA9	2	1	HUMAN,PANTR
SPAG1	2	1	HUMAN,PANTR
SPAG16	2	1	HUMAN,PANTR
SPAG17	2	1	HUMAN,PANTR
SPAG4	3	3	CANLF,HUMAN,PANTR
SPAG5	3	3	BOVIN,HUMAN,PANTR
SPAG6	2	1	HUMAN,PANTR
SPAG7	2	1	HUMAN,PANTR
SPAG8	2	1	HUMAN,PANTR
SPAG9	2	1	HUMAN,PANTR
SPAM1	2	1	HUMAN,PANTR
SPARC	2	1	HUMAN,PANTR
SPARCL1	2	1	HUMAN,PANTR
SPART	2	1	HUMAN,PANTR
SPAST	2	1	HUMAN,PANTR
SPATA1	4	6	BOVIN,CANLF,HUMAN,PANTR
SPATA12	2	1	HUMAN,PANTR
SPATA16	2	1	HUMAN,PANTR
SPATA17	2	1	HUMAN,PANTR
SPATA18	2	1	HUMAN,PANTR
SPATA19	2	1	HUMAN,PANTR
SPATA2	2	1	HUMAN,PANTR
SPATA20	2	1	HUMAN,PANTR
SPATA21	3	3	BOVIN,HUMAN,PANTR
SPATA22	2	1	HUMAN,PANTR
SPATA24	3	3	BOVIN,HUMAN,PANTR
SPATA25	3	3	CANLF,HUMAN,PANTR
SPATA2L	2	1	HUMAN,PANTR
SPATA3	2	1	HUMAN,PANTR
SPATA31E1	2	1	HUMAN,PANTR
SPATA32	2	1	HUMAN,PANTR
SPATA33	2	1	HUMAN,PANTR
SPATA4	2	1	HUMAN,PANTR
SPATA46	2	1	HUMAN,PANTR
SPATA48	2	1	HUMAN,PANTR
SPATA5	2	1	HUMAN,PANTR
SPATA5L1	2	1	HUMAN,PANTR
SPATA6	2	1	HUMAN,PANTR
SPATA6L	2	1	HUMAN,PANTR
SPATA7	2	1	HUMAN,PANTR
SPATA8	2	1	HUMAN,PANTR
SPATA9	3	3	CANLF,HUMAN,PANTR
SPATC1	3	3	BOVIN,HUMAN,PANTR
SPATC1L	2	1	HUMAN,PANTR
SPATS1	2	1	HUMAN,PANTR
SPATS2	2	1	HUMAN,PANTR
SPATS2L	2	1	HUMAN,PANTR
SPC24	2	1	HUMAN,PANTR
SPC25	2	1	HUMAN,PANTR
SPCS1	2	1	HUMAN,PANTR
SPCS2	2	1	HUMAN,PANTR
SPCS3	2	1	HUMAN,PANTR
SPDEF	2	1	HUMAN,PANTR
SPDL1	2	1	HUMAN,PANTR
SPDYA	2	1	HUMAN,PANTR
SPDYC	3	3	CANLF,HUMAN,PANTR
SPDYE4	2	1	HUMAN,PANTR
SPECC1	2	1	HUMAN,PANTR
SPECC1L	2	1	HUMAN,PANTR
SPEF1	2	1	HUMAN,PANTR
SPEF2	2	1	HUMAN,PANTR
SPEM1	2	1	HUMAN,PANTR
SPEM2	2	1	HUMAN,PANTR
SPEN	2	1	HUMAN,PANTR
SPESP1	2	1	HUMAN,PANTR
SPG11	2	1	HUMAN,PANTR
SPG21	2	1	HUMAN,PANTR
SPG7	2	1	HUMAN,PANTR
SPHK1	2	1	HUMAN,PANTR
SPHK2	2	1	HUMAN,PANTR
SPHKAP	2	1	HUMAN,PANTR
SPI1	2	1	CANLF,HUMAN
SPIC	2	1	HUMAN,PANTR
SPICE1	2	1	HUMAN,PANTR
SPIDR	2	1	HUMAN,PANTR
SPIN1	2	1	HUMAN,PANTR
SPIN4	2	1	HUMAN,PANTR
SPINDOC	2	1	HUMAN,PANTR
SPINK1	3	3	CANLF,HUMAN,PANTR
SPINK13	2	1	HUMAN,PANTR
SPINK14	3	3	CANLF,HUMAN,PANTR
SPINK2	4	6	BOVIN,CANLF,HUMAN,PANTR
SPINK4	2	1	HUMAN,PANTR
SPINK5	2	1	HUMAN,PANTR
SPINK6	3	3	CANLF,HUMAN,PANTR
SPINK7	2	1	HUMAN,PANTR
SPINK8	2	1	HUMAN,PANTR
SPINK9	2	1	HUMAN,PANTR
SPINT1	2	1	HUMAN,PANTR
SPINT2	3	3	CANLF,HUMAN,PANTR
SPINT3	2	1	HUMAN,PANTR
SPINT4	2	1	HUMAN,PANTR
SPIRE1	2	1	HUMAN,PANTR
SPIRE2	2	1	HUMAN,PANTR
SPNS1	3	3	CANLF,HUMAN,PANTR
SPNS2	2	1	HUMAN,PANTR
SPNS3	3	3	CANLF,HUMAN,PANTR
SPO11	2	1	HUMAN,PANTR
SPOCD1	4	6	BOVIN,CANLF,HUMAN,PANTR
SPOCK1	3	3	CANLF,HUMAN,PANTR
SPOCK2	4	6	BOVIN,CANLF,HUMAN,PANTR
SPOCK3	3	3	CANLF,HUMAN,PANTR
SPON2	2	1	HUMAN,PANTR
SPOP	2	1	HUMAN,PANTR
SPOPL	2	1	HUMAN,PANTR
SPOUT1	2	1	HUMAN,PANTR
SPP1	2	1	HUMAN,PANTR
SPP2	2	1	HUMAN,PANTR
SPPL2A	2	1	HUMAN,PANTR
SPPL2B	2	1	HUMAN,PANTR
SPPL2C	2	1	HUMAN,PANTR
SPPL3	2	1	HUMAN,PANTR
SPR	3	3	CANLF,HUMAN,PANTR
SPRED1	2	1	HUMAN,PANTR
SPRED2	2	1	HUMAN,PANTR
SPRED3	4	6	BOVIN,CANLF,HUMAN,PANTR
SPRING1	2	1	HUMAN,PANTR
SPRR2G	2	1	HUMAN,PANTR
SPRR3	2	1	HUMAN,PANTR
SPRTN	2	1	HUMAN,PANTR
SPRY1	3	3	CANLF,HUMAN,PANTR
SPRY2	2	1	HUMAN,PANTR
SPRY4	2	1	HUMAN,PANTR
SPRYD3	2	1	HUMAN,PANTR
SPRYD4	2	1	HUMAN,PANTR
SPRYD7	3	3	CANLF,HUMAN,PANTR
SPSB1	2	1	HUMAN,PANTR
SPSB2	2	1	HUMAN,PANTR
SPSB3	2	1	HUMAN,PANTR
SPSB4	2	1	HUMAN,PANTR
SPTA1	2	1	HUMAN,PANTR
SPTAN1	2	1	HUMAN,PANTR
SPTB	2	1	HUMAN,PANTR
SPTBN1	2	1	HUMAN,PANTR
SPTBN2	2	1	HUMAN,PANTR
SPTBN4	2	1	HUMAN,PANTR
SPTBN5	2	1	HUMAN,PANTR
SPTLC1	2	1	HUMAN,PANTR
SPTLC2	2	1	HUMAN,PANTR
SPTLC3	2	1	HUMAN,PANTR
SPTSSA	2	1	HUMAN,PANTR
SPTSSB	2	1	HUMAN,PANTR
SPTY2D1	2	1	HUMAN,PANTR
SPX	2	1	HUMAN,PANTR
SQLE	2	1	HUMAN,PANTR
SQSTM1	2	1	HUMAN,PANTR
SRA1	2	1	HUMAN,PANTR
SRARP	2	1	HUMAN,PANTR
SRBD1	2	1	HUMAN,PANTR
SRC	2	1	HUMAN,PANTR
SRCAP	2	1	HUMAN,PANTR
SRCIN1	2	1	HUMAN,PANTR
SRD5A1	2	1	HUMAN,PANTR
SRD5A2	2	1	HUMAN,PANTR
SRD5A3	3	3	CANLF,HUMAN,PANTR
SREBF1	2	1	HUMAN,PANTR
SREBF2	2	1	HUMAN,PANTR
SREK1	2	1	HUMAN,PANTR
SREK1IP1	2	1	HUMAN,PANTR
SRF	2	1	HUMAN,PANTR
SRFBP1	3	3	BOVIN,HUMAN,PANTR
SRGAP1	2	1	HUMAN,PANTR
SRGAP2	2	1	HUMAN,PANTR
SRGAP3	2	1	HUMAN,PANTR
SRGN	2	1	HUMAN,PANTR
SRI	2	1	HUMAN,PANTR
SRL	3	3	CANLF,HUMAN,PANTR
SRP14	2	1	HUMAN,PANTR
SRP19	4	6	BOVIN,CANLF,HUMAN,PANTR
SRP68	2	1	HUMAN,PANTR
SRP9	2	1	HUMAN,PANTR
SRPK1	3	3	BOVIN,HUMAN,PANTR
SRPK2	2	1	HUMAN,PANTR
SRPK3	2	1	HUMAN,PANTR
SRPRA	4	6	BOVIN,CANLF,HUMAN,PANTR
SRPRB	2	1	HUMAN,PANTR
SRPX	3	3	BOVIN,HUMAN,PANTR
SRPX2	2	1	CANLF,HUMAN
SRR	2	1	HUMAN,PANTR
SRRD	2	1	HUMAN,PANTR
SRRM1	2	1	HUMAN,PANTR
SRRM2	3	3	CANLF,HUMAN,PANTR
SRRM3	2	1	HUMAN,PANTR
SRRM4	2	1	HUMAN,PANTR
SRRM5	2	1	HUMAN,PANTR
SRRT	2	1	HUMAN,PANTR
SRSF1	2	1	HUMAN,PANTR
SRSF10	2	1	HUMAN,PANTR
SRSF11	2	1	HUMAN,PANTR
SRSF12	2	1	HUMAN,PANTR
SRSF2	4	6	BOVIN,CANLF,HUMAN,PANTR
SRSF3	2	1	HUMAN,PANTR
SRSF4	2	1	HUMAN,PANTR
SRSF5	3	3	CANLF,HUMAN,PANTR
SRSF6	4	6	BOVIN,CANLF,HUMAN,PANTR
SRSF7	2	1	HUMAN,PANTR
SRSF9	3	3	CANLF,HUMAN,PANTR
SRXN1	2	1	HUMAN,PANTR
SRY	2	1	HUMAN,PANTR
SS18	2	1	HUMAN,PANTR
SS18L1	2	1	HUMAN,PANTR
SSB	2	1	HUMAN,PANTR
SSBP2	2	1	HUMAN,PANTR
SSBP3	3	3	CANLF,HUMAN,PANTR
SSBP4	2	1	HUMAN,PANTR
SSC4D	2	1	HUMAN,PANTR
SSC5D	3	3	CANLF,HUMAN,PANTR
SSH1	2	1	HUMAN,PANTR
SSH2	2	1	HUMAN,PANTR
SSH3	2	1	HUMAN,PANTR
SSMEM1	2	1	HUMAN,PANTR
SSNA1	2	1	HUMAN,PANTR
SSPN	2	1	HUMAN,PANTR
SSR1	2	1	HUMAN,PANTR
SSR2	2	1	HUMAN,PANTR
SSR3	2	1	HUMAN,PANTR
SSR4	2	1	HUMAN,PANTR
SSRP1	2	1	HUMAN,PANTR
SST	2	1	HUMAN,PANTR
SSTR1	2	1	HUMAN,PANTR
SSTR2	2	1	HUMAN,PANTR
SSTR3	2	1	HUMAN,PANTR
SSTR4	2	1	HUMAN,PANTR
SSTR5	2	1	HUMAN,PANTR
SSU72	2	1	HUMAN,PANTR
SSX2IP	2	1	HUMAN,PANTR
ST13	4	6	BOVIN,CANLF,HUMAN,PANTR
ST14	2	1	HUMAN,PANTR
ST18	2	1	HUMAN,PANTR
ST20	2	1	HUMAN,PANTR
ST3GAL1	2	1	HUMAN,PANTR
ST3GAL2	2	1	HUMAN,PANTR
ST3GAL3	2	1	HUMAN,PANTR
ST3GAL4	2	1	HUMAN,PANTR
ST3GAL5	2	1	HUMAN,PANTR
ST3GAL6	2	1	HUMAN,PANTR
ST6GAL1	2	1	HUMAN,PANTR
ST6GAL2	2	1	HUMAN,PANTR
ST6GALNAC1	2	1	HUMAN,PANTR
ST6GALNAC2	2	1	HUMAN,PANTR
ST6GALNAC3	2	1	HUMAN,PANTR
ST6GALNAC4	2	1	HUMAN,PANTR
ST6GALNAC5	2	1	HUMAN,PANTR
ST6GALNAC6	2	1	HUMAN,PANTR
ST7L	2	1	HUMAN,PANTR
ST8SIA1	2	1	HUMAN,PANTR
ST8SIA2	2	1	HUMAN,PANTR
ST8SIA3	3	3	CANLF,HUMAN,PANTR
ST8SIA4	2	1	HUMAN,PANTR
ST8SIA5	2	1	HUMAN,PANTR
ST8SIA6	2	1	HUMAN,PANTR
STAB1	2	1	HUMAN,PANTR
STAB2	2	1	HUMAN,PANTR
STAC	2	1	HUMAN,PANTR
STAC2	2	1	HUMAN,PANTR
STAC3	2	1	HUMAN,PANTR
STAG1	2	1	HUMAN,PANTR
STAG2	2	1	HUMAN,PANTR
STAG3	3	3	CANLF,HUMAN,PANTR
STAM	2	1	HUMAN,PANTR
STAM2	2	1	HUMAN,PANTR
STAMBP	2	1	HUMAN,PANTR
STAMBPL1	2	1	HUMAN,PANTR
STAP1	2	1	HUMAN,PANTR
STAP2	2	1	HUMAN,PANTR
STAR	2	1	HUMAN,PANTR
STARD10	3	3	CANLF,HUMAN,PANTR
STARD13	2	1	HUMAN,PANTR
STARD3	2	1	HUMAN,PANTR
STARD3NL	2	1	HUMAN,PANTR
STARD4	2	1	HUMAN,PANTR
STARD5	2	1	HUMAN,PANTR
STARD6	2	1	HUMAN,PANTR
STARD7	2	1	HUMAN,PANTR
STARD9	2	1	HUMAN,PANTR
STAT1	3	3	BOVIN,HUMAN,PANTR
STAT2	2	1	HUMAN,PANTR
STAT3	2	1	HUMAN,PANTR
STAT4	2	1	HUMAN,PANTR
STAT5A	2	1	HUMAN,PANTR
STAT5B	3	3	CANLF,HUMAN,PANTR
STAT6	2	1	HUMAN,PANTR
STATH	2	1	HUMAN,PANTR
STAU1	2	1	HUMAN,PANTR
STBD1	3	3	CANLF,HUMAN,PANTR
STC1	2	1	HUMAN,PANTR
STC2	2	1	HUMAN,PANTR
STEAP1	2	1	HUMAN,PANTR
STEAP2	2	1	HUMAN,PANTR
STEAP3	2	1	HUMAN,PANTR
STEAP4	2	1	HUMAN,PANTR
STEEP1	2	1	CANLF,HUMAN
STIL	2	1	HUMAN,PANTR
STIM1	2	1	HUMAN,PANTR
STIM2	3	3	BOVIN,HUMAN,PANTR
STING1	2	1	HUMAN,PANTR
STIP1	2	1	HUMAN,PANTR
STK10	2	1	HUMAN,PANTR
STK11	2	1	HUMAN,PANTR
STK11IP	2	1	HUMAN,PANTR
STK16	2	1	HUMAN,PANTR
STK17A	3	3	BOVIN,HUMAN,PANTR
STK17B	2	1	HUMAN,PANTR
STK19	2	1	HUMAN,PANTR
STK24	2	1	HUMAN,PANTR
STK25	2	1	HUMAN,PANTR
STK26	2	1	HUMAN,PANTR
STK3	2	1	HUMAN,PANTR
STK31	2	1	HUMAN,PANTR
STK32A	2	1	HUMAN,PANTR
STK32B	2	1	HUMAN,PANTR
STK32C	2	1	HUMAN,PANTR
STK33	2	1	HUMAN,PANTR
STK35	2	1	HUMAN,PANTR
STK36	2	1	HUMAN,PANTR
STK38	2	1	HUMAN,PANTR
STK38L	2	1	HUMAN,PANTR
STK39	3	3	BOVIN,HUMAN,PANTR
STK4	2	1	HUMAN,PANTR
STK40	2	1	HUMAN,PANTR
STKLD1	2	1	HUMAN,PANTR
STMN1	2	1	HUMAN,PANTR
STMN2	2	1	HUMAN,PANTR
STMN3	2	1	HUMAN,PANTR
STMN4	2	1	HUMAN,PANTR
STMND1	2	1	HUMAN,PANTR
STMP1	3	3	BOVIN,HUMAN,PANTR
STN1	2	1	HUMAN,PANTR
STOM	2	1	HUMAN,PANTR
STOML1	2	1	HUMAN,PANTR
STOML2	2	1	HUMAN,PANTR
STOML3	2	1	HUMAN,PANTR
STON2	2	1	HUMAN,PANTR
STOX1	2	1	HUMAN,PANTR
STOX2	2	1	HUMAN,PANTR
STPG1	2	1	HUMAN,PANTR
STPG2	2	1	HUMAN,PANTR
STPG3	2	1	HUMAN,PANTR
STPG4	2	1	HUMAN,PANTR
STRA6	2	1	HUMAN,PANTR
STRA8	3	3	BOVIN,HUMAN,PANTR
STRADA	2	1	HUMAN,PANTR
STRADB	2	1	HUMAN,PANTR
STRAP	2	1	HUMAN,PANTR
STRBP	2	1	HUMAN,PANTR
STRC	3	3	BOVIN,CANLF,HUMAN
STRIP1	2	1	HUMAN,PANTR
STRIP2	2	1	HUMAN,PANTR
STRN	2	1	HUMAN,PANTR
STRN3	2	1	HUMAN,PANTR
STRN4	2	1	HUMAN,PANTR
STS	3	3	CANLF,HUMAN,PANTR
STT3A	2	1	HUMAN,PANTR
STT3B	3	3	CANLF,HUMAN,PANTR
STUB1	3	3	CANLF,HUMAN,PANTR
STUM	3	3	CANLF,HUMAN,PANTR
STX10	2	1	HUMAN,PANTR
STX11	2	1	HUMAN,PANTR
STX12	3	3	CANLF,HUMAN,PANTR
STX17	2	1	HUMAN,PANTR
STX19	2	1	HUMAN,PANTR
STX1A	2	1	HUMAN,PANTR
STX1B	2	1	HUMAN,PANTR
STX2	2	1	HUMAN,PANTR
STX3	2	1	HUMAN,PANTR
STX4	2	1	HUMAN,PANTR
STX5	2	1	HUMAN,PANTR
STX6	3	3	CANLF,HUMAN,PANTR
STX7	2	1	HUMAN,PANTR
STX8	3	3	CANLF,HUMAN,PANTR
STXBP1	2	1	HUMAN,PANTR
STXBP2	2	1	HUMAN,PANTR
STXBP3	2	1	HUMAN,PANTR
STXBP4	2	1	HUMAN,PANTR
STXBP5	2	1	HUMAN,PANTR
STXBP5L	2	1	HUMAN,PANTR
STXBP6	2	1	HUMAN,PANTR
STYK1	2	1	HUMAN,PANTR
STYX	2	1	HUMAN,PANTR
STYXL1	2	1	HUMAN,PANTR
STYXL2	2	1	HUMAN,PANTR
SUB1	2	1	HUMAN,PANTR
SUCLA2	2	1	HUMAN,PANTR
SUCLG1	2	1	HUMAN,PANTR
SUCLG2	2	1	HUMAN,PANTR
SUCNR1	2	1	HUMAN,PANTR
SUCO	2	1	HUMAN,PANTR
SUDS3	2	1	HUMAN,PANTR
SUFU	2	1	HUMAN,PANTR
SUGCT	3	3	CANLF,HUMAN,PANTR
SUGP1	2	1	HUMAN,PANTR
SUGP2	2	1	HUMAN,PANTR
SUGT1	2	1	HUMAN,PANTR
SULF1	3	3	BOVIN,HUMAN,PANTR
SULF2	2	1	HUMAN,PANTR
SULT1A2	2	1	HUMAN,PANTR
SULT1B1	3	3	BOVIN,HUMAN,PANTR
SULT1C2	2	1	HUMAN,PANTR
SULT1C3	2	1	CANLF,HUMAN
SULT1C4	2	1	HUMAN,PANTR
SULT1E1	2	1	HUMAN,PANTR
SULT2A1	2	1	HUMAN,PANTR
SULT2B1	2	1	HUMAN,PANTR
SULT4A1	2	1	HUMAN,PANTR
SULT6B1	2	1	HUMAN,PANTR
SUMF1	2	1	HUMAN,PANTR
SUMF2	2	1	HUMAN,PANTR
SUMO2	2	1	HUMAN,PANTR
SUMO3	2	1	BOVIN,HUMAN
SUN1	2	1	HUMAN,PANTR
SUN2	2	1	HUMAN,PANTR
SUN3	2	1	HUMAN,PANTR
SUN5	2	1	HUMAN,PANTR
SUOX	2	1	HUMAN,PANTR
SUPT16H	2	1	HUMAN,PANTR
SUPT20H	4	6	BOVIN,CANLF,HUMAN,PANTR
SUPT3H	2	1	HUMAN,PANTR
SUPT4H1	2	1	HUMAN,PANTR
SUPT5H	2	1	HUMAN,PANTR
SUPT6H	3	3	CANLF,HUMAN,PANTR
SUPT7L	2	1	HUMAN,PANTR
SUPV3L1	2	1	HUMAN,PANTR
SURF1	2	1	HUMAN,PANTR
SURF2	2	1	HUMAN,PANTR
SURF4	2	1	HUMAN,PANTR
SURF6	2	1	HUMAN,PANTR
SUSD1	2	1	HUMAN,PANTR
SUSD2	2	1	HUMAN,PANTR
SUSD3	2	1	HUMAN,PANTR
SUSD4	2	1	HUMAN,PANTR
SUSD5	3	3	CANLF,HUMAN,PANTR
SUSD6	2	1	HUMAN,PANTR
SUV39H2	3	3	CANLF,HUMAN,PANTR
SUZ12	2	1	HUMAN,PANTR
SV2A	2	1	HUMAN,PANTR
SV2B	2	1	HUMAN,PANTR
SV2C	2	1	HUMAN,PANTR
SVBP	2	1	HUMAN,PANTR
SVEP1	3	3	BOVIN,HUMAN,PANTR
SVIL	2	1	HUMAN,PANTR
SVIP	2	1	HUMAN,PANTR
SVOP	2	1	HUMAN,PANTR
SVOPL	3	3	CANLF,HUMAN,PANTR
SWAP70	3	3	BOVIN,HUMAN,PANTR
SWI5	2	1	HUMAN,PANTR
SWSAP1	2	1	HUMAN,PANTR
SWT1	2	1	HUMAN,PANTR
SYAP1	2	1	HUMAN,PANTR
SYBU	2	1	HUMAN,PANTR
SYCE1	2	1	HUMAN,PANTR
SYCE1L	3	3	CANLF,HUMAN,PANTR
SYCE2	2	1	HUMAN,PANTR
SYCE3	2	1	HUMAN,PANTR
SYCN	2	1	HUMAN,PANTR
SYCP1	2	1	HUMAN,PANTR
SYCP2	2	1	HUMAN,PANTR
SYCP2L	3	3	BOVIN,HUMAN,PANTR
SYCP3	3	3	BOVIN,HUMAN,PANTR
SYDE1	2	1	HUMAN,PANTR
SYDE2	3	3	CANLF,HUMAN,PANTR
SYF2	2	1	HUMAN,PANTR
SYK	2	1	HUMAN,PANTR
SYMPK	2	1	HUMAN,PANTR
SYN2	2	1	HUMAN,PANTR
SYN3	2	1	HUMAN,PANTR
SYNC	2	1	HUMAN,PANTR
SYNCRIP	2	1	HUMAN,PANTR
SYNDIG1	2	1	HUMAN,PANTR
SYNDIG1L	2	1	HUMAN,PANTR
SYNE1	2	1	HUMAN,PANTR
SYNE2	2	1	HUMAN,PANTR
SYNE3	2	1	HUMAN,PANTR
SYNE4	3	3	BOVIN,HUMAN,PANTR
SYNGAP1	2	1	HUMAN,PANTR
SYNGR1	2	1	HUMAN,PANTR
SYNGR3	2	1	HUMAN,PANTR
SYNGR4	3	3	CANLF,HUMAN,PANTR
SYNJ1	2	1	HUMAN,PANTR
SYNJ2	2	1	HUMAN,PANTR
SYNJ2BP	2	1	HUMAN,PANTR
SYNM	3	3	CANLF,HUMAN,PANTR
SYNPO	2	1	HUMAN,PANTR
SYNPO2	2	1	HUMAN,PANTR
SYNPO2L	2	1	HUMAN,PANTR
SYNPR	2	1	HUMAN,PANTR
SYNRG	2	1	HUMAN,PANTR
SYP	3	3	CANLF,HUMAN,PANTR
SYPL1	3	3	BOVIN,HUMAN,PANTR
SYPL2	3	3	CANLF,HUMAN,PANTR
SYS1	3	3	CANLF,HUMAN,PANTR
SYT1	2	1	HUMAN,PANTR
SYT10	2	1	HUMAN,PANTR
SYT11	2	1	HUMAN,PANTR
SYT12	2	1	HUMAN,PANTR
SYT13	2	1	HUMAN,PANTR
SYT14	2	1	HUMAN,PANTR
SYT16	3	3	BOVIN,HUMAN,PANTR
SYT17	2	1	HUMAN,PANTR
SYT2	2	1	HUMAN,PANTR
SYT3	2	1	HUMAN,PANTR
SYT4	2	1	HUMAN,PANTR
SYT5	2	1	HUMAN,PANTR
SYT6	3	3	BOVIN,HUMAN,PANTR
SYT7	3	3	BOVIN,HUMAN,PANTR
SYT8	3	3	BOVIN,HUMAN,PANTR
SYT9	2	1	HUMAN,PANTR
SYTL1	3	3	CANLF,HUMAN,PANTR
SYTL2	3	3	CANLF,HUMAN,PANTR
SYTL3	2	1	HUMAN,PANTR
SYTL4	2	1	HUMAN,PANTR
SYTL5	2	1	HUMAN,PANTR
SYVN1	3	3	BOVIN,HUMAN,PANTR
SZRD1	2	1	HUMAN,PANTR
SZT2	2	1	HUMAN,PANTR
TAAR1	2	1	HUMAN,PANTR
TAAR5	2	1	HUMAN,PANTR
TAB1	4	6	BOVIN,CANLF,HUMAN,PANTR
TAB2	4	6	BOVIN,CANLF,HUMAN,PANTR
TAB3	4	6	BOVIN,CANLF,HUMAN,PANTR
TAC1	2	1	HUMAN,PANTR
TAC3	2	1	HUMAN,PANTR
TAC4	2	1	CANLF,HUMAN
TACC1	2	1	HUMAN,PANTR
TACC2	2	1	HUMAN,PANTR
TACC3	4	6	BOVIN,CANLF,HUMAN,PANTR
TACO1	2	1	HUMAN,PANTR
TACR1	2	1	HUMAN,PANTR
TACR2	2	1	HUMAN,PANTR
TACR3	2	1	HUMAN,PANTR
TADA1	2	1	HUMAN,PANTR
TADA2A	2	1	HUMAN,PANTR
TADA2B	2	1	HUMAN,PANTR
TADA3	2	1	HUMAN,PANTR
TAF10	2	1	HUMAN,PANTR
TAF11	3	3	BOVIN,HUMAN,PANTR
TAF12	2	1	HUMAN,PANTR
TAF13	2	1	HUMAN,PANTR
TAF15	2	1	HUMAN,PANTR
TAF1A	2	1	HUMAN,PANTR
TAF1B	2	1	HUMAN,PANTR
TAF1C	2	1	HUMAN,PANTR
TAF1D	2	1	HUMAN,PANTR
TAF1L	2	1	HUMAN,PANTR
TAF2	2	1	HUMAN,PANTR
TAF3	2	1	HUMAN,PANTR
TAF4	4	6	BOVIN,CANLF,HUMAN,PANTR
TAF4B	2	1	HUMAN,PANTR
TAF5	2	1	HUMAN,PANTR
TAF5L	2	1	HUMAN,PANTR
TAF6	2	1	HUMAN,PANTR
TAF6L	2	1	HUMAN,PANTR
TAF7L	2	1	HUMAN,PANTR
TAF8	2	1	HUMAN,PANTR
TAF9B	2	1	HUMAN,PANTR
TAFA1	2	1	HUMAN,PANTR
TAFA2	2	1	HUMAN,PANTR
TAFA3	2	1	HUMAN,PANTR
TAFA4	2	1	HUMAN,PANTR
TAFA5	2	1	HUMAN,PANTR
TAGAP	2	1	HUMAN,PANTR
TAGLN	2	1	HUMAN,PANTR
TAGLN2	2	1	HUMAN,PANTR
TAGLN3	2	1	HUMAN,PANTR
TAL1	2	1	HUMAN,PANTR
TAL2	2	1	HUMAN,PANTR
TALDO1	2	1	HUMAN,PANTR
TAMM41	2	1	HUMAN,PANTR
TANC1	2	1	HUMAN,PANTR
TANC2	2	1	HUMAN,PANTR
TANGO2	3	3	CANLF,HUMAN,PANTR
TANGO6	2	1	HUMAN,PANTR
TANK	2	1	HUMAN,PANTR
TAOK1	2	1	HUMAN,PANTR
TAOK2	2	1	HUMAN,PANTR
TAOK3	2	1	HUMAN,PANTR
TAP1	2	1	HUMAN,PANTR
TAP2	2	1	HUMAN,PANTR
TAPBP	2	1	HUMAN,PANTR
TAPBPL	2	1	HUMAN,PANTR
TAPT1	3	3	CANLF,HUMAN,PANTR
TARBP2	2	1	HUMAN,PANTR
TARDBP	2	1	HUMAN,PANTR
TARS1	2	1	HUMAN,PANTR
TARS2	3	3	CANLF,HUMAN,PANTR
TARS3	2	1	HUMAN,PANTR
TAS1R1	2	1	HUMAN,PANTR
TAS1R2	2	1	HUMAN,PANTR
TAS1R3	2	1	HUMAN,PANTR
TAS2R1	2	1	HUMAN,PANTR
TAS2R10	2	1	HUMAN,PANTR
TAS2R13	2	1	HUMAN,PANTR
TAS2R14	2	1	HUMAN,PANTR
TAS2R16	2	1	HUMAN,PANTR
TAS2R20	2	1	HUMAN,PANTR
TAS2R3	2	1	HUMAN,PANTR
TAS2R38	2	1	HUMAN,PANTR
TAS2R39	2	1	HUMAN,PANTR
TAS2R4	2	1	HUMAN,PANTR
TAS2R40	2	1	HUMAN,PANTR
TAS2R41	2	1	HUMAN,PANTR
TAS2R42	2	1	HUMAN,PANTR
TAS2R5	2	1	HUMAN,PANTR
TAS2R60	2	1	HUMAN,PANTR
TAS2R7	2	1	HUMAN,PANTR
TAS2R8	2	1	HUMAN,PANTR
TAS2R9	2	1	HUMAN,PANTR
TASL	3	3	BOVIN,HUMAN,PANTR
TASOR	2	1	HUMAN,PANTR
TASOR2	2	1	HUMAN,PANTR
TASP1	2	1	HUMAN,PANTR
TAT	3	3	CANLF,HUMAN,PANTR
TATDN1	2	1	HUMAN,PANTR
TATDN3	2	1	HUMAN,PANTR
TAX1BP1	2	1	HUMAN,PANTR
TAX1BP3	2	1	HUMAN,PANTR
TBATA	2	1	HUMAN,PANTR
TBC1D1	2	1	HUMAN,PANTR
TBC1D10A	3	3	BOVIN,CANLF,HUMAN
TBC1D10B	2	1	HUMAN,PANTR
TBC1D10C	2	1	HUMAN,PANTR
TBC1D12	2	1	HUMAN,PANTR
TBC1D13	2	1	HUMAN,PANTR
TBC1D14	2	1	HUMAN,PANTR
TBC1D15	2	1	HUMAN,PANTR
TBC1D16	2	1	HUMAN,PANTR
TBC1D17	2	1	HUMAN,PANTR
TBC1D19	2	1	HUMAN,PANTR
TBC1D2	2	1	HUMAN,PANTR
TBC1D20	2	1	HUMAN,PANTR
TBC1D21	2	1	HUMAN,PANTR
TBC1D22A	2	1	HUMAN,PANTR
TBC1D22B	2	1	HUMAN,PANTR
TBC1D23	2	1	HUMAN,PANTR
TBC1D24	2	1	HUMAN,PANTR
TBC1D2B	2	1	HUMAN,PANTR
TBC1D30	2	1	HUMAN,PANTR
TBC1D31	2	1	HUMAN,PANTR
TBC1D32	2	1	HUMAN,PANTR
TBC1D4	2	1	HUMAN,PANTR
TBC1D5	3	3	BOVIN,HUMAN,PANTR
TBC1D7	2	1	HUMAN,PANTR
TBC1D8	2	1	HUMAN,PANTR
TBC1D8B	2	1	HUMAN,PANTR
TBC1D9	2	1	HUMAN,PANTR
TBC1D9B	2	1	HUMAN,PANTR
TBCA	3	3	CANLF,HUMAN,PANTR
TBCB	3	3	CANLF,HUMAN,PANTR
TBCC	2	1	HUMAN,PANTR
TBCCD1	2	1	HUMAN,PANTR
TBCD	2	1	HUMAN,PANTR
TBCE	2	1	HUMAN,PANTR
TBCK	2	1	HUMAN,PANTR
TBK1	2	1	HUMAN,PANTR
TBKBP1	2	1	HUMAN,PANTR
TBL1XR1	2	1	HUMAN,PANTR
TBL1Y	2	1	HUMAN,PANTR
TBL2	2	1	HUMAN,PANTR
TBL3	2	1	HUMAN,PANTR
TBP	2	1	HUMAN,PANTR
TBPL1	2	1	HUMAN,PANTR
TBPL2	2	1	HUMAN,PANTR
TBR1	2	1	HUMAN,PANTR
TBRG1	2	1	HUMAN,PANTR
TBRG4	2	1	HUMAN,PANTR
TBX1	3	3	CANLF,HUMAN,PANTR
TBX10	3	3	BOVIN,HUMAN,PANTR
TBX15	3	3	BOVIN,HUMAN,PANTR
TBX18	4	6	BOVIN,CANLF,HUMAN,PANTR
TBX19	2	1	HUMAN,PANTR
TBX2	2	1	HUMAN,PANTR
TBX20	2	1	HUMAN,PANTR
TBX21	2	1	HUMAN,PANTR
TBX22	2	1	HUMAN,PANTR
TBX3	3	3	BOVIN,HUMAN,PANTR
TBX4	2	1	HUMAN,PANTR
TBX5	2	1	HUMAN,PANTR
TBX6	3	3	CANLF,HUMAN,PANTR
TBXA2R	2	1	HUMAN,PANTR
TBXAS1	2	1	HUMAN,PANTR
TBXT	2	1	HUMAN,PANTR
TC2N	2	1	HUMAN,PANTR
TCAF1	3	3	CANLF,HUMAN,PANTR
TCAF2	2	1	HUMAN,PANTR
TCAIM	2	1	HUMAN,PANTR
TCAP	2	1	HUMAN,PANTR
TCEA1	2	1	HUMAN,PANTR
TCEA2	2	1	HUMAN,PANTR
TCEA3	2	1	HUMAN,PANTR
TCEAL1	2	1	HUMAN,PANTR
TCEAL4	2	1	HUMAN,PANTR
TCEAL7	2	1	HUMAN,PANTR
TCEANC	2	1	HUMAN,PANTR
TCEANC2	4	6	BOVIN,CANLF,HUMAN,PANTR
TCERG1	2	1	HUMAN,PANTR
TCERG1L	2	1	HUMAN,PANTR
TCF12	2	1	HUMAN,PANTR
TCF15	2	1	HUMAN,PANTR
TCF19	2	1	HUMAN,PANTR
TCF20	2	1	HUMAN,PANTR
TCF21	2	1	HUMAN,PANTR
TCF23	2	1	HUMAN,PANTR
TCF24	2	1	HUMAN,PANTR
TCF25	2	1	HUMAN,PANTR
TCF3	2	1	HUMAN,PANTR
TCF4	2	1	HUMAN,PANTR
TCF7	2	1	HUMAN,PANTR
TCF7L1	2	1	HUMAN,PANTR
TCF7L2	3	3	BOVIN,HUMAN,PANTR
TCFL5	2	1	HUMAN,PANTR
TCHHL1	2	1	HUMAN,PANTR
TCHP	2	1	HUMAN,PANTR
TCIM	3	3	BOVIN,HUMAN,PANTR
TCIRG1	3	3	BOVIN,HUMAN,PANTR
TCN1	2	1	HUMAN,PANTR
TCN2	2	1	HUMAN,PANTR
TCOF1	2	1	HUMAN,PANTR
TCP1	2	1	HUMAN,PANTR
TCP10L	2	1	HUMAN,PANTR
TCP11	2	1	HUMAN,PANTR
TCP11L1	2	1	HUMAN,PANTR
TCP11L2	2	1	HUMAN,PANTR
TCP11X2	2	1	HUMAN,PANTR
TCTA	2	1	HUMAN,PANTR
TCTN1	2	1	HUMAN,PANTR
TCTN2	2	1	HUMAN,PANTR
TCTN3	2	1	HUMAN,PANTR
TDG	2	1	HUMAN,PANTR
TDO2	2	1	HUMAN,PANTR
TDP1	2	1	HUMAN,PANTR
TDP2	2	1	HUMAN,PANTR
TDRD1	2	1	HUMAN,PANTR
TDRD10	2	1	HUMAN,PANTR
TDRD12	2	1	HUMAN,PANTR
TDRD15	2	1	HUMAN,PANTR
TDRD3	2	1	HUMAN,PANTR
TDRD5	2	1	HUMAN,PANTR
TDRD6	2	1	HUMAN,PANTR
TDRD7	2	1	HUMAN,PANTR
TDRD9	2	1	HUMAN,PANTR
TDRKH	3	3	BOVIN,HUMAN,PANTR
TDRP	2	1	HUMAN,PANTR
TEAD1	2	1	HUMAN,PANTR
TEAD2	2	1	HUMAN,PANTR
TEAD3	2	1	HUMAN,PANTR
TEAD4	3	3	CANLF,HUMAN,PANTR
TEC	2	1	HUMAN,PANTR
TECPR1	2	1	HUMAN,PANTR
TECPR2	2	1	HUMAN,PANTR
TECR	2	1	HUMAN,PANTR
TECRL	2	1	HUMAN,PANTR
TECTA	2	1	HUMAN,PANTR
TECTB	2	1	HUMAN,PANTR
TEDC1	3	3	BOVIN,HUMAN,PANTR
TEDC2	2	1	HUMAN,PANTR
TEDDM1	2	1	HUMAN,PANTR
TEF	2	1	HUMAN,PANTR
TEFM	2	1	HUMAN,PANTR
TEK	2	1	HUMAN,PANTR
TEKT1	2	1	HUMAN,PANTR
TEKT2	2	1	HUMAN,PANTR
TEKT3	2	1	HUMAN,PANTR
TEKT4	2	1	HUMAN,PANTR
TEKT5	2	1	HUMAN,PANTR
TELO2	2	1	HUMAN,PANTR
TEN1	2	1	HUMAN,PANTR
TENM1	2	1	HUMAN,PANTR
TENM2	2	1	HUMAN,PANTR
TENM3	2	1	HUMAN,PANTR
TENM4	2	1	HUMAN,PANTR
TENT2	3	3	CANLF,HUMAN,PANTR
TENT4A	3	3	CANLF,HUMAN,PANTR
TENT4B	3	3	CANLF,HUMAN,PANTR
TENT5A	2	1	HUMAN,PANTR
TENT5B	2	1	HUMAN,PANTR
TENT5C	3	3	BOVIN,HUMAN,PANTR
TENT5D	2	1	HUMAN,PANTR
TEP1	2	1	HUMAN,PANTR
TEPSIN	2	1	HUMAN,PANTR
TERB1	2	1	HUMAN,PANTR
TERB2	3	3	BOVIN,HUMAN,PANTR
TERF1	2	1	HUMAN,PANTR
TERF2	2	1	HUMAN,PANTR
TERF2IP	2	1	HUMAN,PANTR
TERT	2	1	HUMAN,PANTR
TES	2	1	HUMAN,PANTR
TESC	3	3	CANLF,HUMAN,PANTR
TESK1	2	1	CANLF,HUMAN
TESK2	2	1	HUMAN,PANTR
TESMIN	2	1	HUMAN,PANTR
TESPA1	2	1	HUMAN,PANTR
TET1	3	3	BOVIN,HUMAN,PANTR
TET2	2	1	HUMAN,PANTR
TET3	2	1	HUMAN,PANTR
TEX10	2	1	HUMAN,PANTR
TEX101	2	1	HUMAN,PANTR
TEX11	2	1	HUMAN,PANTR
TEX13A	2	1	HUMAN,PANTR
TEX13B	2	1	HUMAN,PANTR
TEX14	2	1	HUMAN,PANTR
TEX15	2	1	HUMAN,PANTR
TEX19	2	1	HUMAN,PANTR
TEX2	2	1	HUMAN,PANTR
TEX26	2	1	HUMAN,PANTR
TEX261	2	1	HUMAN,PANTR
TEX264	2	1	HUMAN,PANTR
TEX28	2	1	CANLF,HUMAN
TEX29	2	1	HUMAN,PANTR
TEX30	2	1	HUMAN,PANTR
TEX33	2	1	HUMAN,PANTR
TEX35	2	1	HUMAN,PANTR
TEX36	3	3	CANLF,HUMAN,PANTR
TEX37	2	1	HUMAN,PANTR
TEX38	4	6	BOVIN,CANLF,HUMAN,PANTR
TEX43	2	1	HUMAN,PANTR
TEX44	2	1	HUMAN,PANTR
TEX45	3	3	BOVIN,HUMAN,PANTR
TEX46	2	1	HUMAN,PANTR
TEX47	2	1	HUMAN,PANTR
TEX48	2	1	HUMAN,PANTR
TEX49	2	1	HUMAN,PANTR
TEX50	3	3	CANLF,HUMAN,PANTR
TEX51	2	1	HUMAN,PANTR
TEX52	2	1	BOVIN,HUMAN
TEX55	3	3	CANLF,HUMAN,PANTR
TEX9	2	1	HUMAN,PANTR
TF	2	1	HUMAN,PANTR
TFAM	2	1	HUMAN,PANTR
TFAP2A	2	1	HUMAN,PANTR
TFAP2B	2	1	HUMAN,PANTR
TFAP2C	2	1	HUMAN,PANTR
TFAP2D	2	1	HUMAN,PANTR
TFAP2E	2	1	HUMAN,PANTR
TFAP4	2	1	HUMAN,PANTR
TFB1M	2	1	HUMAN,PANTR
TFB2M	2	1	HUMAN,PANTR
TFCP2	2	1	HUMAN,PANTR
TFCP2L1	2	1	HUMAN,PANTR
TFDP1	2	1	HUMAN,PANTR
TFDP2	2	1	HUMAN,PANTR
TFDP3	2	1	HUMAN,PANTR
TFE3	2	1	HUMAN,PANTR
TFEC	2	1	HUMAN,PANTR
TFF1	2	1	HUMAN,PANTR
TFF2	2	1	HUMAN,PANTR
TFF3	2	1	HUMAN,PANTR
TFIP11	2	1	HUMAN,PANTR
TFPI	2	1	HUMAN,PANTR
TFPI2	2	1	HUMAN,PANTR
TFPT	2	1	HUMAN,PANTR
TFR2	2	1	HUMAN,PANTR
TFRC	2	1	HUMAN,PANTR
TG	2	1	HUMAN,PANTR
TGDS	2	1	HUMAN,PANTR
TGFA	2	1	HUMAN,PANTR
TGFB1	2	1	HUMAN,PANTR
TGFB1I1	2	1	HUMAN,PANTR
TGFB2	2	1	HUMAN,PANTR
TGFB3	2	1	HUMAN,PANTR
TGFBI	3	3	BOVIN,HUMAN,PANTR
TGFBR1	3	3	CANLF,HUMAN,PANTR
TGFBR2	2	1	HUMAN,PANTR
TGFBR3	3	3	CANLF,HUMAN,PANTR
TGFBR3L	2	1	HUMAN,PANTR
TGFBRAP1	2	1	HUMAN,PANTR
TGIF1	2	1	HUMAN,PANTR
TGIF2	2	1	HUMAN,PANTR
TGM1	2	1	HUMAN,PANTR
TGM2	2	1	HUMAN,PANTR
TGM3	2	1	HUMAN,PANTR
TGM4	2	1	HUMAN,PANTR
TGM5	2	1	HUMAN,PANTR
TGM6	2	1	HUMAN,PANTR
TGM7	2	1	HUMAN,PANTR
TGOLN2	2	1	HUMAN,PANTR
TGS1	2	1	HUMAN,PANTR
TH	2	1	HUMAN,PANTR
THADA	2	1	HUMAN,PANTR
THAP1	2	1	HUMAN,PANTR
THAP10	2	1	HUMAN,PANTR
THAP11	2	1	HUMAN,PANTR
THAP12	2	1	HUMAN,PANTR
THAP2	2	1	HUMAN,PANTR
THAP3	2	1	HUMAN,PANTR
THAP4	4	6	BOVIN,CANLF,HUMAN,PANTR
THAP5	2	1	HUMAN,PANTR
THAP6	2	1	HUMAN,PANTR
THAP7	3	3	BOVIN,HUMAN,PANTR
THAP8	2	1	HUMAN,PANTR
THAP9	2	1	HUMAN,PANTR
THBD	2	1	HUMAN,PANTR
THBS1	2	1	HUMAN,PANTR
THBS2	2	1	HUMAN,PANTR
THBS3	2	1	HUMAN,PANTR
THBS4	2	1	HUMAN,PANTR
THEG	2	1	HUMAN,PANTR
THEM4	2	1	HUMAN,PANTR
THEM5	2	1	HUMAN,PANTR
THEM6	2	1	HUMAN,PANTR
THEMIS	2	1	HUMAN,PANTR
THEMIS2	2	1	HUMAN,PANTR
THG1L	2	1	HUMAN,PANTR
THNSL1	2	1	HUMAN,PANTR
THNSL2	2	1	HUMAN,PANTR
THOC1	2	1	HUMAN,PANTR
THOC2	2	1	HUMAN,PANTR
THOC3	2	1	HUMAN,PANTR
THOC5	2	1	HUMAN,PANTR
THOC6	2	1	HUMAN,PANTR
THOC7	2	1	HUMAN,PANTR
THOP1	2	1	HUMAN,PANTR
THPO	2	1	HUMAN,PANTR
THRA	3	3	CANLF,HUMAN,PANTR
THRAP3	2	1	HUMAN,PANTR
THRB	2	1	HUMAN,PANTR
THRSP	2	1	HUMAN,PANTR
THSD1	2	1	HUMAN,PANTR
THSD4	2	1	HUMAN,PANTR
THSD7A	2	1	HUMAN,PANTR
THSD7B	2	1	HUMAN,PANTR
THTPA	2	1	HUMAN,PANTR
THUMPD1	2	1	HUMAN,PANTR
THUMPD2	2	1	HUMAN,PANTR
THUMPD3	2	1	HUMAN,PANTR
THY1	2	1	HUMAN,PANTR
THYN1	3	3	CANLF,HUMAN,PANTR
TIAL1	2	1	HUMAN,PANTR
TIAM1	4	6	BOVIN,CANLF,HUMAN,PANTR
TIAM2	2	1	HUMAN,PANTR
TICAM1	2	1	HUMAN,PANTR
TICAM2	3	3	BOVIN,HUMAN,PANTR
TICRR	2	1	HUMAN,PANTR
TIE1	2	1	HUMAN,PANTR
TIFA	2	1	HUMAN,PANTR
TIFAB	3	3	BOVIN,HUMAN,PANTR
TIGAR	2	1	HUMAN,PANTR
TIGD1	2	1	HUMAN,PANTR
TIGD3	2	1	HUMAN,PANTR
TIGD4	2	1	HUMAN,PANTR
TIGD5	2	1	HUMAN,PANTR
TIGD6	2	1	HUMAN,PANTR
TIGD7	3	3	CANLF,HUMAN,PANTR
TIGIT	2	1	HUMAN,PANTR
TIMD4	4	6	BOVIN,CANLF,HUMAN,PANTR
TIMELESS	2	1	HUMAN,PANTR
TIMM10	2	1	HUMAN,PANTR
TIMM10B	3	3	CANLF,HUMAN,PANTR
TIMM13	3	3	BOVIN,HUMAN,PANTR
TIMM17A	2	1	HUMAN,PANTR
TIMM17B	2	1	HUMAN,PANTR
TIMM21	3	3	CANLF,HUMAN,PANTR
TIMM22	3	3	CANLF,HUMAN,PANTR
TIMM23	2	1	HUMAN,PANTR
TIMM29	2	1	HUMAN,PANTR
TIMM44	2	1	HUMAN,PANTR
TIMM50	4	6	BOVIN,CANLF,HUMAN,PANTR
TIMM8A	2	1	HUMAN,PANTR
TIMM8B	3	3	BOVIN,HUMAN,PANTR
TIMM9	3	3	BOVIN,HUMAN,PANTR
TIMMDC1	2	1	HUMAN,PANTR
TIMP2	2	1	HUMAN,PANTR
TIMP3	2	1	HUMAN,PANTR
TIMP4	2	1	HUMAN,PANTR
TINAG	2	1	HUMAN,PANTR
TINAGL1	2	1	HUMAN,PANTR
TINF2	2	1	HUMAN,PANTR
TIPARP	4	6	BOVIN,CANLF,HUMAN,PANTR
TIPIN	2	1	HUMAN,PANTR
TIPRL	2	1	HUMAN,PANTR
TIRAP	2	1	HUMAN,PANTR
TJAP1	2	1	HUMAN,PANTR
TJP1	2	1	HUMAN,PANTR
TJP2	2	1	HUMAN,PANTR
TJP3	2	1	HUMAN,PANTR
TK1	2	1	HUMAN,PANTR
TK2	3	3	CANLF,HUMAN,PANTR
TKFC	3	3	BOVIN,HUMAN,PANTR
TKT	2	1	HUMAN,PANTR
TKTL1	2	1	HUMAN,PANTR
TKTL2	2	1	HUMAN,PANTR
TLCD1	2	1	HUMAN,PANTR
TLCD2	2	1	HUMAN,PANTR
TLCD3A	2	1	HUMAN,PANTR
TLCD3B	2	1	HUMAN,PANTR
TLCD4	2	1	HUMAN,PANTR
TLCD5	2	1	HUMAN,PANTR
TLDC2	2	1	HUMAN,PANTR
TLE1	2	1	HUMAN,PANTR
TLE2	2	1	HUMAN,PANTR
TLE3	2	1	HUMAN,PANTR
TLE4	3	3	CANLF,HUMAN,PANTR
TLE6	3	3	BOVIN,HUMAN,PANTR
TLK1	2	1	HUMAN,PANTR
TLK2	2	1	HUMAN,PANTR
TLL1	2	1	HUMAN,PANTR
TLL2	3	3	CANLF,HUMAN,PANTR
TLN1	2	1	HUMAN,PANTR
TLN2	2	1	HUMAN,PANTR
TLR1	2	1	CANLF,HUMAN
TLR10	3	3	CANLF,HUMAN,PANTR
TLR2	2	1	HUMAN,PANTR
TLR3	3	3	CANLF,HUMAN,PANTR
TLR4	3	3	CANLF,HUMAN,PANTR
TLR5	2	1	HUMAN,PANTR
TLR6	2	1	CANLF,HUMAN
TLR7	3	3	CANLF,HUMAN,PANTR
TLR8	2	1	HUMAN,PANTR
TLX2	2	1	HUMAN,PANTR
TM2D1	2	1	HUMAN,PANTR
TM2D2	2	1	HUMAN,PANTR
TM2D3	2	1	HUMAN,PANTR
TM4SF1	3	3	CANLF,HUMAN,PANTR
TM4SF18	2	1	HUMAN,PANTR
TM4SF20	2	1	HUMAN,PANTR
TM4SF4	2	1	HUMAN,PANTR
TM4SF5	2	1	HUMAN,PANTR
TM6SF1	2	1	HUMAN,PANTR
TM6SF2	2	1	HUMAN,PANTR
TM7SF2	2	1	HUMAN,PANTR
TM7SF3	2	1	HUMAN,PANTR
TM9SF2	3	3	BOVIN,HUMAN,PANTR
TM9SF3	2	1	HUMAN,PANTR
TM9SF4	2	1	HUMAN,PANTR
TMA16	2	1	HUMAN,PANTR
TMA7	2	1	HUMAN,PANTR
TMBIM1	2	1	HUMAN,PANTR
TMBIM4	2	1	HUMAN,PANTR
TMBIM6	2	1	HUMAN,PANTR
TMC1	2	1	HUMAN,PANTR
TMC2	2	1	HUMAN,PANTR
TMC3	2	1	HUMAN,PANTR
TMC4	2	1	HUMAN,PANTR
TMC5	2	1	HUMAN,PANTR
TMC6	2	1	HUMAN,PANTR
TMC7	2	1	HUMAN,PANTR
TMC8	2	1	HUMAN,PANTR
TMCC1	2	1	HUMAN,PANTR
TMCC2	2	1	HUMAN,PANTR
TMCC3	2	1	HUMAN,PANTR
TMCO1	2	1	HUMAN,PANTR
TMCO2	2	1	HUMAN,PANTR
TMCO3	2	1	HUMAN,PANTR
TMCO4	2	1	HUMAN,PANTR
TMCO5A	2	1	HUMAN,PANTR
TMCO6	2	1	HUMAN,PANTR
TMED1	2	1	HUMAN,PANTR
TMED10	2	1	HUMAN,PANTR
TMED2	2	1	CANLF,HUMAN
TMED3	2	1	HUMAN,PANTR
TMED4	2	1	HUMAN,PANTR
TMED5	2	1	HUMAN,PANTR
TMED7	3	3	BOVIN,HUMAN,PANTR
TMED8	2	1	HUMAN,PANTR
TMED9	2	1	HUMAN,PANTR
TMEFF1	2	1	HUMAN,PANTR
TMEFF2	2	1	HUMAN,PANTR
TMEM100	2	1	HUMAN,PANTR
TMEM101	2	1	HUMAN,PANTR
TMEM102	2	1	HUMAN,PANTR
TMEM104	3	3	BOVIN,HUMAN,PANTR
TMEM105	2	1	HUMAN,PANTR
TMEM106A	2	1	HUMAN,PANTR
TMEM106B	2	1	HUMAN,PANTR
TMEM106C	2	1	HUMAN,PANTR
TMEM107	2	1	HUMAN,PANTR
TMEM108	2	1	HUMAN,PANTR
TMEM109	2	1	HUMAN,PANTR
TMEM11	2	1	HUMAN,PANTR
TMEM114	2	1	HUMAN,PANTR
TMEM115	2	1	HUMAN,PANTR
TMEM116	2	1	HUMAN,PANTR
TMEM117	2	1	HUMAN,PANTR
TMEM119	2	1	HUMAN,PANTR
TMEM120A	2	1	CANLF,HUMAN
TMEM120B	2	1	HUMAN,PANTR
TMEM121	2	1	HUMAN,PANTR
TMEM121B	2	1	HUMAN,PANTR
TMEM123	2	1	HUMAN,PANTR
TMEM125	2	1	HUMAN,PANTR
TMEM126A	2	1	HUMAN,PANTR
TMEM126B	2	1	HUMAN,PANTR
TMEM127	2	1	HUMAN,PANTR
TMEM128	2	1	HUMAN,PANTR
TMEM129	2	1	HUMAN,PANTR
TMEM130	2	1	HUMAN,PANTR
TMEM131	2	1	HUMAN,PANTR
TMEM131L	3	3	BOVIN,HUMAN,PANTR
TMEM132A	2	1	HUMAN,PANTR
TMEM132B	2	1	HUMAN,PANTR
TMEM132C	2	1	HUMAN,PANTR
TMEM132D	2	1	HUMAN,PANTR
TMEM132E	2	1	HUMAN,PANTR
TMEM134	2	1	HUMAN,PANTR
TMEM135	3	3	BOVIN,HUMAN,PANTR
TMEM138	2	1	HUMAN,PANTR
TMEM139	2	1	HUMAN,PANTR
TMEM140	2	1	HUMAN,PANTR
TMEM141	2	1	HUMAN,PANTR
TMEM143	2	1	HUMAN,PANTR
TMEM144	2	1	HUMAN,PANTR
TMEM145	2	1	HUMAN,PANTR
TMEM147	2	1	HUMAN,PANTR
TMEM14A	2	1	HUMAN,PANTR
TMEM14B	2	1	HUMAN,PANTR
TMEM14C	2	1	HUMAN,PANTR
TMEM150A	2	1	HUMAN,PANTR
TMEM150B	2	1	HUMAN,PANTR
TMEM150C	2	1	HUMAN,PANTR
TMEM151A	3	3	BOVIN,HUMAN,PANTR
TMEM151B	3	3	CANLF,HUMAN,PANTR
TMEM156	2	1	HUMAN,PANTR
TMEM158	2	1	HUMAN,PANTR
TMEM160	2	1	HUMAN,PANTR
TMEM161A	2	1	HUMAN,PANTR
TMEM161B	2	1	HUMAN,PANTR
TMEM163	2	1	HUMAN,PANTR
TMEM164	2	1	HUMAN,PANTR
TMEM165	2	1	HUMAN,PANTR
TMEM167A	2	1	HUMAN,PANTR
TMEM167B	2	1	HUMAN,PANTR
TMEM168	2	1	HUMAN,PANTR
TMEM169	2	1	HUMAN,PANTR
TMEM17	2	1	HUMAN,PANTR
TMEM170A	2	1	HUMAN,PANTR
TMEM170B	3	3	BOVIN,HUMAN,PANTR
TMEM171	2	1	HUMAN,PANTR
TMEM174	2	1	HUMAN,PANTR
TMEM175	2	1	HUMAN,PANTR
TMEM176A	2	1	HUMAN,PANTR
TMEM176B	2	1	HUMAN,PANTR
TMEM178A	2	1	HUMAN,PANTR
TMEM178B	2	1	HUMAN,PANTR
TMEM179	2	1	HUMAN,PANTR
TMEM179B	2	1	HUMAN,PANTR
TMEM18	2	1	HUMAN,PANTR
TMEM181	2	1	HUMAN,PANTR
TMEM182	2	1	HUMAN,PANTR
TMEM183A	3	3	CANLF,HUMAN,PANTR
TMEM184A	2	1	HUMAN,PANTR
TMEM184B	2	1	HUMAN,PANTR
TMEM184C	2	1	HUMAN,PANTR
TMEM185B	2	1	HUMAN,PANTR
TMEM186	2	1	HUMAN,PANTR
TMEM19	2	1	HUMAN,PANTR
TMEM190	2	1	HUMAN,PANTR
TMEM192	2	1	HUMAN,PANTR
TMEM196	2	1	HUMAN,PANTR
TMEM198	2	1	HUMAN,PANTR
TMEM199	2	1	HUMAN,PANTR
TMEM200A	2	1	HUMAN,PANTR
TMEM200B	2	1	HUMAN,PANTR
TMEM200C	2	1	HUMAN,PANTR
TMEM201	2	1	HUMAN,PANTR
TMEM202	2	1	HUMAN,PANTR
TMEM204	2	1	HUMAN,PANTR
TMEM205	2	1	HUMAN,PANTR
TMEM207	2	1	HUMAN,PANTR
TMEM208	2	1	HUMAN,PANTR
TMEM209	2	1	HUMAN,PANTR
TMEM210	2	1	HUMAN,PANTR
TMEM211	2	1	HUMAN,PANTR
TMEM212	2	1	HUMAN,PANTR
TMEM213	2	1	HUMAN,PANTR
TMEM214	2	1	HUMAN,PANTR
TMEM215	2	1	HUMAN,PANTR
TMEM216	2	1	HUMAN,PANTR
TMEM217	2	1	HUMAN,PANTR
TMEM218	2	1	HUMAN,PANTR
TMEM219	2	1	HUMAN,PANTR
TMEM220	2	1	HUMAN,PANTR
TMEM221	2	1	HUMAN,PANTR
TMEM222	2	1	HUMAN,PANTR
TMEM223	2	1	HUMAN,PANTR
TMEM225	3	3	BOVIN,HUMAN,PANTR
TMEM229A	2	1	HUMAN,PANTR
TMEM229B	2	1	HUMAN,PANTR
TMEM230	2	1	HUMAN,PANTR
TMEM231	4	6	BOVIN,CANLF,HUMAN,PANTR
TMEM232	2	1	HUMAN,PANTR
TMEM233	2	1	HUMAN,PANTR
TMEM234	2	1	HUMAN,PANTR
TMEM235	2	1	HUMAN,PANTR
TMEM236	2	1	HUMAN,PANTR
TMEM237	2	1	HUMAN,PANTR
TMEM239	2	1	HUMAN,PANTR
TMEM240	2	1	HUMAN,PANTR
TMEM241	2	1	HUMAN,PANTR
TMEM242	2	1	HUMAN,PANTR
TMEM243	3	3	CANLF,HUMAN,PANTR
TMEM244	2	1	HUMAN,PANTR
TMEM245	2	1	HUMAN,PANTR
TMEM247	3	3	CANLF,HUMAN,PANTR
TMEM248	2	1	HUMAN,PANTR
TMEM249	3	3	BOVIN,HUMAN,PANTR
TMEM25	2	1	HUMAN,PANTR
TMEM250	2	1	HUMAN,PANTR
TMEM251	2	1	HUMAN,PANTR
TMEM252	2	1	HUMAN,PANTR
TMEM253	2	1	HUMAN,PANTR
TMEM254	3	3	CANLF,HUMAN,PANTR
TMEM255B	3	3	CANLF,HUMAN,PANTR
TMEM256	2	1	HUMAN,PANTR
TMEM258	2	1	HUMAN,PANTR
TMEM259	2	1	HUMAN,PANTR
TMEM26	2	1	HUMAN,PANTR
TMEM260	2	1	HUMAN,PANTR
TMEM262	2	1	HUMAN,PANTR
TMEM263	2	1	HUMAN,PANTR
TMEM266	3	3	CANLF,HUMAN,PANTR
TMEM267	2	1	HUMAN,PANTR
TMEM268	2	1	HUMAN,PANTR
TMEM269	3	3	BOVIN,HUMAN,PANTR
TMEM270	2	1	HUMAN,PANTR
TMEM272	2	1	HUMAN,PANTR
TMEM273	2	1	HUMAN,PANTR
TMEM30A	2	1	HUMAN,PANTR
TMEM30B	2	1	HUMAN,PANTR
TMEM31	2	1	HUMAN,PANTR
TMEM33	2	1	HUMAN,PANTR
TMEM35A	2	1	HUMAN,PANTR
TMEM35B	2	1	HUMAN,PANTR
TMEM37	2	1	HUMAN,PANTR
TMEM38A	2	1	HUMAN,PANTR
TMEM38B	2	1	HUMAN,PANTR
TMEM39A	2	1	HUMAN,PANTR
TMEM39B	2	1	HUMAN,PANTR
TMEM40	2	1	HUMAN,PANTR
TMEM41A	2	1	HUMAN,PANTR
TMEM41B	2	1	HUMAN,PANTR
TMEM42	2	1	HUMAN,PANTR
TMEM43	2	1	HUMAN,PANTR
TMEM44	2	1	HUMAN,PANTR
TMEM45A	2	1	HUMAN,PANTR
TMEM45B	2	1	HUMAN,PANTR
TMEM50B	2	1	HUMAN,PANTR
TMEM51	2	1	HUMAN,PANTR
TMEM52	3	3	CANLF,HUMAN,PANTR
TMEM52B	2	1	HUMAN,PANTR
TMEM53	2	1	HUMAN,PANTR
TMEM54	2	1	HUMAN,PANTR
TMEM59	2	1	HUMAN,PANTR
TMEM59L	2	1	HUMAN,PANTR
TMEM60	3	3	BOVIN,HUMAN,PANTR
TMEM61	2	1	HUMAN,PANTR
TMEM62	2	1	HUMAN,PANTR
TMEM63A	2	1	HUMAN,PANTR
TMEM63B	2	1	HUMAN,PANTR
TMEM63C	2	1	HUMAN,PANTR
TMEM64	3	3	CANLF,HUMAN,PANTR
TMEM65	2	1	HUMAN,PANTR
TMEM67	2	1	HUMAN,PANTR
TMEM68	2	1	HUMAN,PANTR
TMEM69	2	1	HUMAN,PANTR
TMEM70	3	3	CANLF,HUMAN,PANTR
TMEM71	2	1	HUMAN,PANTR
TMEM72	2	1	HUMAN,PANTR
TMEM74	2	1	HUMAN,PANTR
TMEM74B	3	3	BOVIN,HUMAN,PANTR
TMEM79	2	1	HUMAN,PANTR
TMEM80	2	1	HUMAN,PANTR
TMEM81	2	1	HUMAN,PANTR
TMEM82	2	1	HUMAN,PANTR
TMEM86A	2	1	HUMAN,PANTR
TMEM86B	2	1	HUMAN,PANTR
TMEM87A	2	1	HUMAN,PANTR
TMEM87B	2	1	HUMAN,PANTR
TMEM88	2	1	HUMAN,PANTR
TMEM88B	2	1	HUMAN,PANTR
TMEM89	2	1	HUMAN,PANTR
TMEM8B	2	1	HUMAN,PANTR
TMEM9	2	1	HUMAN,PANTR
TMEM91	2	1	HUMAN,PANTR
TMEM92	2	1	HUMAN,PANTR
TMEM94	2	1	HUMAN,PANTR
TMEM95	2	1	HUMAN,PANTR
TMEM97	2	1	HUMAN,PANTR
TMEM98	2	1	HUMAN,PANTR
TMEM9B	2	1	HUMAN,PANTR
TMF1	2	1	HUMAN,PANTR
TMIE	2	1	HUMAN,PANTR
TMIGD1	3	3	BOVIN,HUMAN,PANTR
TMIGD2	2	1	HUMAN,PANTR
TMIGD3	2	1	HUMAN,PANTR
TMOD1	2	1	HUMAN,PANTR
TMOD2	2	1	HUMAN,PANTR
TMOD3	2	1	HUMAN,PANTR
TMOD4	2	1	HUMAN,PANTR
TMPRSS11A	2	1	HUMAN,PANTR
TMPRSS11B	2	1	HUMAN,PANTR
TMPRSS11D	2	1	HUMAN,PANTR
TMPRSS11E	2	1	HUMAN,PANTR
TMPRSS11F	2	1	HUMAN,PANTR
TMPRSS12	2	1	HUMAN,PANTR
TMPRSS13	2	1	HUMAN,PANTR
TMPRSS15	2	1	HUMAN,PANTR
TMPRSS2	2	1	HUMAN,PANTR
TMPRSS3	2	1	HUMAN,PANTR
TMPRSS4	2	1	HUMAN,PANTR
TMPRSS6	2	1	HUMAN,PANTR
TMPRSS7	3	3	CANLF,HUMAN,PANTR
TMPRSS9	2	1	HUMAN,PANTR
TMSB10	2	1	HUMAN,PANTR
TMTC1	2	1	HUMAN,PANTR
TMTC2	3	3	BOVIN,HUMAN,PANTR
TMTC3	2	1	HUMAN,PANTR
TMTC4	2	1	HUMAN,PANTR
TMUB1	3	3	CANLF,HUMAN,PANTR
TMUB2	2	1	HUMAN,PANTR
TMX1	2	1	HUMAN,PANTR
TMX2	4	6	BOVIN,CANLF,HUMAN,PANTR
TMX3	2	1	HUMAN,PANTR
TMX4	3	3	BOVIN,HUMAN,PANTR
TNC	2	1	HUMAN,PANTR
TNFAIP1	2	1	HUMAN,PANTR
TNFAIP2	3	3	BOVIN,HUMAN,PANTR
TNFAIP3	2	1	HUMAN,PANTR
TNFAIP6	2	1	HUMAN,PANTR
TNFAIP8	2	1	HUMAN,PANTR
TNFAIP8L1	2	1	HUMAN,PANTR
TNFAIP8L2	2	1	HUMAN,PANTR
TNFAIP8L3	2	1	HUMAN,PANTR
TNFRSF10A	2	1	HUMAN,PANTR
TNFRSF10B	2	1	HUMAN,PANTR
TNFRSF10C	2	1	HUMAN,PANTR
TNFRSF11A	3	3	BOVIN,HUMAN,PANTR
TNFRSF11B	2	1	HUMAN,PANTR
TNFRSF12A	2	1	HUMAN,PANTR
TNFRSF13B	3	3	BOVIN,HUMAN,PANTR
TNFRSF13C	2	1	HUMAN,PANTR
TNFRSF14	2	1	HUMAN,PANTR
TNFRSF17	2	1	HUMAN,PANTR
TNFRSF18	2	1	HUMAN,PANTR
TNFRSF19	3	3	BOVIN,HUMAN,PANTR
TNFRSF1A	2	1	HUMAN,PANTR
TNFRSF1B	2	1	HUMAN,PANTR
TNFRSF21	2	1	HUMAN,PANTR
TNFRSF25	2	1	HUMAN,PANTR
TNFRSF4	2	1	HUMAN,PANTR
TNFRSF8	2	1	HUMAN,PANTR
TNFRSF9	2	1	HUMAN,PANTR
TNFSF10	2	1	HUMAN,PANTR
TNFSF11	4	6	BOVIN,CANLF,HUMAN,PANTR
TNFSF12	3	3	BOVIN,HUMAN,PANTR
TNFSF13	3	3	BOVIN,HUMAN,PANTR
TNFSF13B	2	1	HUMAN,PANTR
TNFSF14	2	1	HUMAN,PANTR
TNFSF15	2	1	HUMAN,PANTR
TNFSF18	3	3	CANLF,HUMAN,PANTR
TNFSF4	2	1	HUMAN,PANTR
TNFSF8	2	1	HUMAN,PANTR
TNFSF9	2	1	HUMAN,PANTR
TNIK	2	1	HUMAN,PANTR
TNIP1	2	1	HUMAN,PANTR
TNIP2	2	1	HUMAN,PANTR
TNIP3	2	1	HUMAN,PANTR
TNK1	2	1	HUMAN,PANTR
TNK2	2	1	HUMAN,PANTR
TNKS	2	1	HUMAN,PANTR
TNKS1BP1	2	1	HUMAN,PANTR
TNKS2	2	1	HUMAN,PANTR
TNMD	2	1	HUMAN,PANTR
TNN	2	1	HUMAN,PANTR
TNNC1	2	1	HUMAN,PANTR
TNNC2	2	1	HUMAN,PANTR
TNNI1	2	1	HUMAN,PANTR
TNNI2	3	3	CANLF,HUMAN,PANTR
TNNI3	2	1	HUMAN,PANTR
TNNI3K	2	1	HUMAN,PANTR
TNNT1	2	1	HUMAN,PANTR
TNNT2	2	1	HUMAN,PANTR
TNP1	2	1	HUMAN,PANTR
TNP2	2	1	HUMAN,PANTR
TNPO1	2	1	HUMAN,PANTR
TNPO2	2	1	HUMAN,PANTR
TNPO3	2	1	HUMAN,PANTR
TNR	2	1	HUMAN,PANTR
TNRC18	2	1	HUMAN,PANTR
TNRC6A	2	1	HUMAN,PANTR
TNRC6B	2	1	HUMAN,PANTR
TNRC6C	2	1	HUMAN,PANTR
TNS1	2	1	HUMAN,PANTR
TNS2	2	1	HUMAN,PANTR
TNS3	3	3	CANLF,HUMAN,PANTR
TNS4	2	1	HUMAN,PANTR
TOB1	2	1	HUMAN,PANTR
TOE1	2	1	HUMAN,PANTR
TOGARAM1	2	1	HUMAN,PANTR
TOGARAM2	2	1	HUMAN,PANTR
TOLLIP	2	1	CANLF,HUMAN
TOM1	2	1	HUMAN,PANTR
TOM1L1	2	1	HUMAN,PANTR
TOM1L2	2	1	HUMAN,PANTR
TOMM20	4	6	BOVIN,CANLF,HUMAN,PANTR
TOMM20L	3	3	CANLF,HUMAN,PANTR
TOMM22	3	3	BOVIN,HUMAN,PANTR
TOMM34	3	3	BOVIN,HUMAN,PANTR
TOMM40	4	6	BOVIN,CANLF,HUMAN,PANTR
TOMM40L	2	1	HUMAN,PANTR
TOMM5	2	1	HUMAN,PANTR
TOMM6	3	3	CANLF,HUMAN,PANTR
TOMM7	3	3	CANLF,HUMAN,PANTR
TOMM70	2	1	HUMAN,PANTR
TOP1	3	3	BOVIN,HUMAN,PANTR
TOP2A	3	3	CANLF,HUMAN,PANTR
TOP2B	3	3	BOVIN,HUMAN,PANTR
TOP3A	2	1	HUMAN,PANTR
TOP3B	2	1	HUMAN,PANTR
TOPAZ1	2	1	HUMAN,PANTR
TOPBP1	2	1	HUMAN,PANTR
TOPORS	2	1	HUMAN,PANTR
TOR1A	2	1	HUMAN,PANTR
TOR1AIP1	2	1	HUMAN,PANTR
TOR1B	2	1	HUMAN,PANTR
TOR3A	3	3	CANLF,HUMAN,PANTR
TOR4A	2	1	HUMAN,PANTR
TOX	2	1	HUMAN,PANTR
TOX2	2	1	HUMAN,PANTR
TOX3	2	1	HUMAN,PANTR
TOX4	2	1	HUMAN,PANTR
TP53	2	1	HUMAN,PANTR
TP53AIP1	2	1	HUMAN,PANTR
TP53BP1	2	1	HUMAN,PANTR
TP53BP2	2	1	HUMAN,PANTR
TP53I11	2	1	HUMAN,PANTR
TP53I13	2	1	HUMAN,PANTR
TP53I3	2	1	HUMAN,PANTR
TP53INP1	2	1	HUMAN,PANTR
TP53INP2	2	1	HUMAN,PANTR
TP53RK	2	1	HUMAN,PANTR
TP53TG5	2	1	HUMAN,PANTR
TP63	2	1	HUMAN,PANTR
TP73	2	1	HUMAN,PANTR
TPBG	2	1	HUMAN,PANTR
TPCN1	2	1	HUMAN,PANTR
TPCN2	2	1	HUMAN,PANTR
TPD52	2	1	HUMAN,PANTR
TPD52L1	2	1	HUMAN,PANTR
TPD52L3	3	3	CANLF,HUMAN,PANTR
TPGS1	2	1	HUMAN,PANTR
TPGS2	2	1	HUMAN,PANTR
TPH1	2	1	HUMAN,PANTR
TPH2	3	3	BOVIN,HUMAN,PANTR
TPI1	2	1	HUMAN,PANTR
TPK1	2	1	HUMAN,PANTR
TPM1	2	1	HUMAN,PANTR
TPM2	2	1	HUMAN,PANTR
TPM3	2	1	HUMAN,PANTR
TPM4	2	1	HUMAN,PANTR
TPMT	2	1	HUMAN,PANTR
TPP1	2	1	HUMAN,PANTR
TPP2	2	1	HUMAN,PANTR
TPPP	2	1	HUMAN,PANTR
TPPP3	2	1	HUMAN,PANTR
TPR	3	3	CANLF,HUMAN,PANTR
TPRA1	2	1	HUMAN,PANTR
TPRG1	2	1	HUMAN,PANTR
TPRKB	2	1	HUMAN,PANTR
TPRN	2	1	HUMAN,PANTR
TPRX1	2	1	HUMAN,PANTR
TPSG1	2	1	HUMAN,PANTR
TPST2	2	1	HUMAN,PANTR
TPTE2	2	1	HUMAN,PANTR
TPX2	2	1	HUMAN,PANTR
TRA2A	2	1	HUMAN,PANTR
TRA2B	2	1	HUMAN,PANTR
TRABD	3	3	BOVIN,HUMAN,PANTR
TRABD2A	2	1	HUMAN,PANTR
TRABD2B	2	1	HUMAN,PANTR
TRADD	2	1	HUMAN,PANTR
TRAF1	2	1	HUMAN,PANTR
TRAF2	2	1	HUMAN,PANTR
TRAF3	2	1	HUMAN,PANTR
TRAF3IP1	2	1	HUMAN,PANTR
TRAF3IP2	2	1	HUMAN,PANTR
TRAF3IP3	2	1	HUMAN,PANTR
TRAF4	2	1	HUMAN,PANTR
TRAF5	2	1	HUMAN,PANTR
TRAF6	3	3	CANLF,HUMAN,PANTR
TRAF7	2	1	HUMAN,PANTR
TRAFD1	2	1	HUMAN,PANTR
TRAIP	2	1	HUMAN,PANTR
TRAK1	2	1	HUMAN,PANTR
TRAK2	2	1	HUMAN,PANTR
TRAM1	4	6	BOVIN,CANLF,HUMAN,PANTR
TRAM1L1	3	3	BOVIN,CANLF,HUMAN
TRAM2	4	6	BOVIN,CANLF,HUMAN,PANTR
TRANK1	2	1	HUMAN,PANTR
TRAP1	2	1	HUMAN,PANTR
TRAPPC1	2	1	HUMAN,PANTR
TRAPPC10	2	1	HUMAN,PANTR
TRAPPC11	2	1	HUMAN,PANTR
TRAPPC12	2	1	HUMAN,PANTR
TRAPPC13	2	1	HUMAN,PANTR
TRAPPC14	2	1	HUMAN,PANTR
TRAPPC2L	2	1	HUMAN,PANTR
TRAPPC3	2	1	HUMAN,PANTR
TRAPPC3L	2	1	HUMAN,PANTR
TRAPPC4	2	1	HUMAN,PANTR
TRAPPC6A	2	1	HUMAN,PANTR
TRAPPC6B	2	1	HUMAN,PANTR
TRAPPC8	2	1	HUMAN,PANTR
TRAPPC9	2	1	HUMAN,PANTR
TRARG1	2	1	HUMAN,PANTR
TRAT1	2	1	HUMAN,PANTR
TRDMT1	2	1	HUMAN,PANTR
TRDN	2	1	HUMAN,PANTR
TREH	2	1	HUMAN,PANTR
TREM2	2	1	HUMAN,PANTR
TREML1	2	1	HUMAN,PANTR
TREML2	2	1	HUMAN,PANTR
TREML4	2	1	HUMAN,PANTR
TRERF1	2	1	HUMAN,PANTR
TREX1	2	1	HUMAN,PANTR
TREX2	2	1	HUMAN,PANTR
TRH	2	1	HUMAN,PANTR
TRHDE	2	1	HUMAN,PANTR
TRHR	2	1	HUMAN,PANTR
TRIAP1	2	1	HUMAN,PANTR
TRIB1	2	1	HUMAN,PANTR
TRIB2	2	1	HUMAN,PANTR
TRIB3	2	1	HUMAN,PANTR
TRIL	2	1	HUMAN,PANTR
TRIM10	2	1	HUMAN,PANTR
TRIM11	2	1	HUMAN,PANTR
TRIM13	2	1	HUMAN,PANTR
TRIM14	2	1	HUMAN,PANTR
TRIM15	2	1	HUMAN,PANTR
TRIM17	2	1	HUMAN,PANTR
TRIM2	2	1	HUMAN,PANTR
TRIM21	2	1	HUMAN,PANTR
TRIM22	3	3	CANLF,HUMAN,PANTR
TRIM23	2	1	HUMAN,PANTR
TRIM24	2	1	CANLF,HUMAN
TRIM25	2	1	HUMAN,PANTR
TRIM26	2	1	HUMAN,PANTR
TRIM27	2	1	HUMAN,PANTR
TRIM28	2	1	HUMAN,PANTR
TRIM29	2	1	HUMAN,PANTR
TRIM3	2	1	HUMAN,PANTR
TRIM31	2	1	HUMAN,PANTR
TRIM32	2	1	HUMAN,PANTR
TRIM33	2	1	HUMAN,PANTR
TRIM35	2	1	HUMAN,PANTR
TRIM36	2	1	HUMAN,PANTR
TRIM37	2	1	HUMAN,PANTR
TRIM38	2	1	HUMAN,PANTR
TRIM39	2	1	HUMAN,PANTR
TRIM4	2	1	HUMAN,PANTR
TRIM40	3	3	BOVIN,HUMAN,PANTR
TRIM41	2	1	HUMAN,PANTR
TRIM42	2	1	HUMAN,PANTR
TRIM44	2	1	HUMAN,PANTR
TRIM45	2	1	HUMAN,PANTR
TRIM46	2	1	HUMAN,PANTR
TRIM47	2	1	HUMAN,PANTR
TRIM49B	2	1	HUMAN,PANTR
TRIM5	2	1	HUMAN,PANTR
TRIM50	2	1	HUMAN,PANTR
TRIM52	3	3	CANLF,HUMAN,PANTR
TRIM54	2	1	HUMAN,PANTR
TRIM55	2	1	HUMAN,PANTR
TRIM56	2	1	HUMAN,PANTR
TRIM58	2	1	HUMAN,PANTR
TRIM6	2	1	HUMAN,PANTR
TRIM60	2	1	HUMAN,PANTR
TRIM62	2	1	HUMAN,PANTR
TRIM63	2	1	HUMAN,PANTR
TRIM64C	2	1	HUMAN,PANTR
TRIM65	2	1	HUMAN,PANTR
TRIM67	3	3	BOVIN,HUMAN,PANTR
TRIM68	2	1	HUMAN,PANTR
TRIM69	2	1	HUMAN,PANTR
TRIM7	2	1	HUMAN,PANTR
TRIM71	2	1	HUMAN,PANTR
TRIM72	2	1	HUMAN,PANTR
TRIM8	2	1	HUMAN,PANTR
TRIM9	2	1	HUMAN,PANTR
TRIML1	2	1	HUMAN,PANTR
TRIML2	2	1	HUMAN,PANTR
TRIO	2	1	HUMAN,PANTR
TRIOBP	2	1	HUMAN,PANTR
TRIP10	2	1	HUMAN,PANTR
TRIP11	3	3	CANLF,HUMAN,PANTR
TRIP12	2	1	HUMAN,PANTR
TRIP13	2	1	HUMAN,PANTR
TRIP4	2	1	HUMAN,PANTR
TRIP6	3	3	CANLF,HUMAN,PANTR
TRIQK	2	1	HUMAN,PANTR
TRIR	2	1	HUMAN,PANTR
TRIT1	2	1	HUMAN,PANTR
TRMO	2	1	HUMAN,PANTR
TRMT1	2	1	HUMAN,PANTR
TRMT10A	2	1	HUMAN,PANTR
TRMT10B	2	1	HUMAN,PANTR
TRMT10C	2	1	HUMAN,PANTR
TRMT11	2	1	HUMAN,PANTR
TRMT13	3	3	CANLF,HUMAN,PANTR
TRMT1L	2	1	HUMAN,PANTR
TRMT2A	2	1	HUMAN,PANTR
TRMT2B	2	1	HUMAN,PANTR
TRMT44	3	3	CANLF,HUMAN,PANTR
TRMT5	2	1	HUMAN,PANTR
TRMT6	3	3	CANLF,HUMAN,PANTR
TRMT61A	2	1	HUMAN,PANTR
TRMT61B	2	1	HUMAN,PANTR
TRMT9B	3	3	CANLF,HUMAN,PANTR
TRMU	2	1	HUMAN,PANTR
TRNAU1AP	3	3	CANLF,HUMAN,PANTR
TRNP1	2	1	HUMAN,PANTR
TRNT1	2	1	HUMAN,PANTR
TROAP	2	1	HUMAN,PANTR
TRPA1	2	1	HUMAN,PANTR
TRPC1	2	1	HUMAN,PANTR
TRPC3	2	1	HUMAN,PANTR
TRPC4	2	1	HUMAN,PANTR
TRPC4AP	2	1	HUMAN,PANTR
TRPC5	2	1	HUMAN,PANTR
TRPC6	2	1	HUMAN,PANTR
TRPC7	2	1	HUMAN,PANTR
TRPM1	2	1	HUMAN,PANTR
TRPM2	2	1	HUMAN,PANTR
TRPM3	2	1	HUMAN,PANTR
TRPM4	2	1	HUMAN,PANTR
TRPM5	2	1	HUMAN,PANTR
TRPM6	2	1	HUMAN,PANTR
TRPM7	2	1	HUMAN,PANTR
TRPM8	2	1	HUMAN,PANTR
TRPS1	2	1	HUMAN,PANTR
TRPT1	2	1	HUMAN,PANTR
TRPV1	2	1	HUMAN,PANTR
TRPV2	2	1	HUMAN,PANTR
TRPV3	2	1	HUMAN,PANTR
TRPV4	2	1	HUMAN,PANTR
TRPV5	2	1	HUMAN,PANTR
TRPV6	2	1	HUMAN,PANTR
TRRAP	2	1	HUMAN,PANTR
TRUB1	2	1	HUMAN,PANTR
TRUB2	2	1	HUMAN,PANTR
TSBP1	2	1	HUMAN,PANTR
TSC1	2	1	HUMAN,PANTR
TSC2	2	1	HUMAN,PANTR
TSC22D1	2	1	HUMAN,PANTR
TSC22D2	2	1	HUMAN,PANTR
TSC22D3	3	3	CANLF,HUMAN,PANTR
TSC22D4	2	1	HUMAN,PANTR
TSEN15	2	1	HUMAN,PANTR
TSEN2	2	1	HUMAN,PANTR
TSEN34	2	1	HUMAN,PANTR
TSEN54	2	1	HUMAN,PANTR
TSFM	2	1	HUMAN,PANTR
TSG101	2	1	HUMAN,PANTR
TSGA10	2	1	HUMAN,PANTR
TSGA13	2	1	HUMAN,PANTR
TSHB	2	1	HUMAN,PANTR
TSHR	2	1	HUMAN,PANTR
TSHZ1	3	3	BOVIN,HUMAN,PANTR
TSHZ2	2	1	HUMAN,PANTR
TSHZ3	2	1	HUMAN,PANTR
TSKS	2	1	HUMAN,PANTR
TSKU	4	6	BOVIN,CANLF,HUMAN,PANTR
TSLP	3	3	CANLF,HUMAN,PANTR
TSN	2	1	HUMAN,PANTR
TSNARE1	2	1	HUMAN,PANTR
TSNAX	2	1	HUMAN,PANTR
TSNAXIP1	2	1	HUMAN,PANTR
TSPAN1	2	1	HUMAN,PANTR
TSPAN10	3	3	BOVIN,HUMAN,PANTR
TSPAN11	2	1	HUMAN,PANTR
TSPAN12	2	1	HUMAN,PANTR
TSPAN13	2	1	HUMAN,PANTR
TSPAN14	2	1	HUMAN,PANTR
TSPAN15	2	1	HUMAN,PANTR
TSPAN16	2	1	HUMAN,PANTR
TSPAN17	2	1	HUMAN,PANTR
TSPAN18	2	1	HUMAN,PANTR
TSPAN19	2	1	HUMAN,PANTR
TSPAN2	2	1	HUMAN,PANTR
TSPAN3	2	1	HUMAN,PANTR
TSPAN31	2	1	HUMAN,PANTR
TSPAN33	2	1	HUMAN,PANTR
TSPAN4	3	3	CANLF,HUMAN,PANTR
TSPAN5	2	1	HUMAN,PANTR
TSPAN6	2	1	HUMAN,PANTR
TSPAN8	2	1	HUMAN,PANTR
TSPAN9	2	1	HUMAN,PANTR
TSPEAR	3	3	CANLF,HUMAN,PANTR
TSPO	3	3	BOVIN,CANLF,PANTR
TSPO2	3	3	CANLF,HUMAN,PANTR
TSPOAP1	3	3	BOVIN,HUMAN,PANTR
TSPYL1	3	3	BOVIN,HUMAN,PANTR
TSPYL4	2	1	HUMAN,PANTR
TSPYL5	3	3	CANLF,HUMAN,PANTR
TSPYL6	2	1	HUMAN,PANTR
TSR1	2	1	HUMAN,PANTR
TSR3	2	1	HUMAN,PANTR
TSSC4	3	3	CANLF,HUMAN,PANTR
TSSK2	2	1	HUMAN,PANTR
TSSK3	3	3	CANLF,HUMAN,PANTR
TSSK4	2	1	HUMAN,PANTR
TST	2	1	HUMAN,PANTR
TSTD1	2	1	HUMAN,PANTR
TSTD2	2	1	HUMAN,PANTR
TSTD3	2	1	HUMAN,PANTR
TTBK1	3	3	CANLF,HUMAN,PANTR
TTBK2	2	1	HUMAN,PANTR
TTC1	2	1	HUMAN,PANTR
TTC12	2	1	HUMAN,PANTR
TTC13	2	1	HUMAN,PANTR
TTC14	3	3	BOVIN,HUMAN,PANTR
TTC16	2	1	HUMAN,PANTR
TTC17	2	1	HUMAN,PANTR
TTC19	2	1	HUMAN,PANTR
TTC21A	2	1	HUMAN,PANTR
TTC21B	2	1	HUMAN,PANTR
TTC22	3	3	CANLF,HUMAN,PANTR
TTC23	2	1	HUMAN,PANTR
TTC23L	2	1	HUMAN,PANTR
TTC24	2	1	HUMAN,PANTR
TTC26	2	1	HUMAN,PANTR
TTC27	2	1	HUMAN,PANTR
TTC28	2	1	HUMAN,PANTR
TTC29	2	1	HUMAN,PANTR
TTC3	2	1	HUMAN,PANTR
TTC30A	2	1	HUMAN,PANTR
TTC30B	2	1	HUMAN,PANTR
TTC31	2	1	HUMAN,PANTR
TTC32	2	1	HUMAN,PANTR
TTC33	2	1	HUMAN,PANTR
TTC34	3	3	CANLF,HUMAN,PANTR
TTC36	2	1	HUMAN,PANTR
TTC37	2	1	HUMAN,PANTR
TTC38	2	1	HUMAN,PANTR
TTC39A	2	1	HUMAN,PANTR
TTC39B	2	1	HUMAN,PANTR
TTC39C	2	1	HUMAN,PANTR
TTC4	2	1	HUMAN,PANTR
TTC5	2	1	HUMAN,PANTR
TTC6	2	1	HUMAN,PANTR
TTC7A	2	1	HUMAN,PANTR
TTC7B	2	1	HUMAN,PANTR
TTC8	3	3	BOVIN,HUMAN,PANTR
TTC9	3	3	BOVIN,HUMAN,PANTR
TTC9B	2	1	HUMAN,PANTR
TTC9C	2	1	HUMAN,PANTR
TTF1	2	1	HUMAN,PANTR
TTF2	2	1	HUMAN,PANTR
TTI1	2	1	HUMAN,PANTR
TTI2	2	1	HUMAN,PANTR
TTK	2	1	HUMAN,PANTR
TTL	2	1	HUMAN,PANTR
TTLL1	2	1	HUMAN,PANTR
TTLL10	2	1	HUMAN,PANTR
TTLL11	2	1	HUMAN,PANTR
TTLL12	2	1	HUMAN,PANTR
TTLL2	2	1	HUMAN,PANTR
TTLL3	2	1	HUMAN,PANTR
TTLL4	2	1	HUMAN,PANTR
TTLL5	2	1	HUMAN,PANTR
TTLL6	2	1	HUMAN,PANTR
TTLL7	2	1	HUMAN,PANTR
TTLL8	3	3	BOVIN,HUMAN,PANTR
TTLL9	2	1	HUMAN,PANTR
TTN	3	3	CANLF,HUMAN,PANTR
TTPA	2	1	HUMAN,PANTR
TTPAL	2	1	HUMAN,PANTR
TTR	2	1	HUMAN,PANTR
TTYH1	2	1	HUMAN,PANTR
TTYH2	2	1	HUMAN,PANTR
TTYH3	2	1	HUMAN,PANTR
TUB	2	1	HUMAN,PANTR
TUBA1A	2	1	HUMAN,PANTR
TUBA1C	2	1	HUMAN,PANTR
TUBA3C	2	1	HUMAN,PANTR
TUBA4A	2	1	HUMAN,PANTR
TUBAL3	2	1	HUMAN,PANTR
TUBB	2	1	HUMAN,PANTR
TUBB1	2	1	HUMAN,PANTR
TUBB2A	2	1	BOVIN,HUMAN
TUBB3	2	1	HUMAN,PANTR
TUBB4A	2	1	HUMAN,PANTR
TUBB4B	2	1	HUMAN,PANTR
TUBB6	2	1	HUMAN,PANTR
TUBB8	2	1	HUMAN,PANTR
TUBD1	2	1	HUMAN,PANTR
TUBE1	2	1	HUMAN,PANTR
TUBG1	2	1	HUMAN,PANTR
TUBG2	3	3	BOVIN,HUMAN,PANTR
TUBGCP2	3	3	CANLF,HUMAN,PANTR
TUBGCP3	2	1	HUMAN,PANTR
TUBGCP4	2	1	HUMAN,PANTR
TUBGCP6	2	1	HUMAN,PANTR
TUFM	3	3	CANLF,HUMAN,PANTR
TUFT1	2	1	HUMAN,PANTR
TULP1	2	1	HUMAN,PANTR
TULP2	2	1	HUMAN,PANTR
TULP3	2	1	HUMAN,PANTR
TULP4	2	1	HUMAN,PANTR
TUSC3	3	3	CANLF,HUMAN,PANTR
TUT1	3	3	CANLF,HUMAN,PANTR
TUT4	2	1	HUMAN,PANTR
TUT7	2	1	HUMAN,PANTR
TVP23A	2	1	HUMAN,PANTR
TWF1	2	1	HUMAN,PANTR
TWF2	2	1	HUMAN,PANTR
TWIST1	2	1	HUMAN,PANTR
TWNK	2	1	HUMAN,PANTR
TWSG1	2	1	HUMAN,PANTR
TXK	2	1	HUMAN,PANTR
TXLNA	2	1	HUMAN,PANTR
TXLNB	2	1	HUMAN,PANTR
TXLNG	2	1	HUMAN,PANTR
TXN	2	1	HUMAN,PANTR
TXN2	2	1	HUMAN,PANTR
TXNDC11	2	1	HUMAN,PANTR
TXNDC12	2	1	HUMAN,PANTR
TXNDC15	2	1	HUMAN,PANTR
TXNDC16	2	1	HUMAN,PANTR
TXNDC17	2	1	HUMAN,PANTR
TXNDC2	3	3	BOVIN,HUMAN,PANTR
TXNDC5	2	1	HUMAN,PANTR
TXNDC8	2	1	HUMAN,PANTR
TXNDC9	2	1	HUMAN,PANTR
TXNL1	2	1	HUMAN,PANTR
TXNL4A	2	1	HUMAN,PANTR
TXNL4B	2	1	HUMAN,PANTR
TXNRD1	2	1	HUMAN,PANTR
TXNRD2	2	1	HUMAN,PANTR
TXNRD3	2	1	HUMAN,PANTR
TYK2	2	1	HUMAN,PANTR
TYMP	2	1	HUMAN,PANTR
TYMS	2	1	HUMAN,PANTR
TYR	2	1	HUMAN,PANTR
TYRO3	2	1	HUMAN,PANTR
TYROBP	2	1	HUMAN,PANTR
TYRP1	2	1	HUMAN,PANTR
TYSND1	3	3	BOVIN,HUMAN,PANTR
TYW1B	2	1	HUMAN,PANTR
TYW3	2	1	HUMAN,PANTR
TYW5	2	1	HUMAN,PANTR
U2AF1L4	3	3	BOVIN,HUMAN,PANTR
U2AF2	2	1	HUMAN,PANTR
U2SURP	2	1	HUMAN,PANTR
UACA	2	1	HUMAN,PANTR
UAP1	2	1	HUMAN,PANTR
UAP1L1	2	1	HUMAN,PANTR
UBA2	2	1	HUMAN,PANTR
UBA3	2	1	HUMAN,PANTR
UBA5	2	1	HUMAN,PANTR
UBA6	2	1	HUMAN,PANTR
UBA7	2	1	HUMAN,PANTR
UBAC1	2	1	HUMAN,PANTR
UBAC2	2	1	HUMAN,PANTR
UBALD1	2	1	HUMAN,PANTR
UBALD2	2	1	HUMAN,PANTR
UBAP1	2	1	HUMAN,PANTR
UBAP1L	2	1	HUMAN,PANTR
UBAP2	2	1	HUMAN,PANTR
UBAP2L	2	1	HUMAN,PANTR
UBASH3A	3	3	CANLF,HUMAN,PANTR
UBASH3B	2	1	HUMAN,PANTR
UBD	2	1	HUMAN,PANTR
UBE2A	2	1	HUMAN,PANTR
UBE2B	3	3	CANLF,HUMAN,PANTR
UBE2D1	2	1	HUMAN,PANTR
UBE2D2	2	1	HUMAN,PANTR
UBE2D3	2	1	HUMAN,PANTR
UBE2E1	3	3	CANLF,HUMAN,PANTR
UBE2E2	2	1	HUMAN,PANTR
UBE2E3	4	6	BOVIN,CANLF,HUMAN,PANTR
UBE2F	4	6	BOVIN,CANLF,HUMAN,PANTR
UBE2G1	2	1	HUMAN,PANTR
UBE2G2	2	1	HUMAN,PANTR
UBE2H	2	1	HUMAN,PANTR
UBE2I	3	3	CANLF,HUMAN,PANTR
UBE2J1	2	1	HUMAN,PANTR
UBE2J2	2	1	HUMAN,PANTR
UBE2K	2	1	HUMAN,PANTR
UBE2L3	3	3	BOVIN,HUMAN,PANTR
UBE2L6	2	1	HUMAN,PANTR
UBE2M	2	1	HUMAN,PANTR
UBE2N	2	1	HUMAN,PANTR
UBE2O	2	1	HUMAN,PANTR
UBE2Q1	2	1	HUMAN,PANTR
UBE2Q2	2	1	HUMAN,PANTR
UBE2QL1	2	1	HUMAN,PANTR
UBE2R2	2	1	HUMAN,PANTR
UBE2S	2	1	HUMAN,PANTR
UBE2T	2	1	HUMAN,PANTR
UBE2U	2	1	HUMAN,PANTR
UBE2V1	2	1	CANLF,HUMAN
UBE2V2	2	1	HUMAN,PANTR
UBE2W	2	1	HUMAN,PANTR
UBE2Z	2	1	HUMAN,PANTR
UBE3A	2	1	HUMAN,PANTR
UBE3B	2	1	HUMAN,PANTR
UBE3C	2	1	HUMAN,PANTR
UBE3D	2	1	HUMAN,PANTR
UBE4A	2	1	HUMAN,PANTR
UBE4B	2	1	HUMAN,PANTR
UBFD1	2	1	HUMAN,PANTR
UBIAD1	2	1	HUMAN,PANTR
UBL3	2	1	HUMAN,PANTR
UBL4A	2	1	HUMAN,PANTR
UBL4B	2	1	HUMAN,PANTR
UBL5	2	1	HUMAN,PANTR
UBL7	2	1	HUMAN,PANTR
UBLCP1	2	1	HUMAN,PANTR
UBN1	2	1	HUMAN,PANTR
UBN2	2	1	HUMAN,PANTR
UBOX5	2	1	HUMAN,PANTR
UBP1	4	6	BOVIN,CANLF,HUMAN,PANTR
UBQLN1	2	1	HUMAN,PANTR
UBQLN2	2	1	HUMAN,PANTR
UBQLN3	3	3	BOVIN,HUMAN,PANTR
UBQLN4	3	3	BOVIN,HUMAN,PANTR
UBR1	2	1	HUMAN,PANTR
UBR2	2	1	HUMAN,PANTR
UBR3	3	3	CANLF,HUMAN,PANTR
UBR4	2	1	HUMAN,PANTR
UBR5	2	1	HUMAN,PANTR
UBR7	3	3	BOVIN,CANLF,HUMAN
UBTD1	2	1	HUMAN,PANTR
UBTD2	2	1	HUMAN,PANTR
UBXN1	2	1	HUMAN,PANTR
UBXN10	2	1	HUMAN,PANTR
UBXN11	2	1	HUMAN,PANTR
UBXN2A	2	1	HUMAN,PANTR
UBXN2B	2	1	HUMAN,PANTR
UBXN4	2	1	HUMAN,PANTR
UBXN6	2	1	HUMAN,PANTR
UBXN7	2	1	HUMAN,PANTR
UBXN8	2	1	HUMAN,PANTR
UCHL1	3	3	CANLF,HUMAN,PANTR
UCHL5	2	1	HUMAN,PANTR
UCK1	2	1	HUMAN,PANTR
UCK2	3	3	CANLF,HUMAN,PANTR
UCKL1	2	1	HUMAN,PANTR
UCMA	2	1	HUMAN,PANTR
UCN	2	1	HUMAN,PANTR
UCN3	2	1	HUMAN,PANTR
UCP1	2	1	HUMAN,PANTR
UCP2	2	1	HUMAN,PANTR
UCP3	2	1	HUMAN,PANTR
UEVLD	2	1	HUMAN,PANTR
UFC1	2	1	HUMAN,PANTR
UFD1	2	1	HUMAN,PANTR
UFL1	2	1	HUMAN,PANTR
UFM1	2	1	HUMAN,PANTR
UFSP1	2	1	HUMAN,PANTR
UFSP2	3	3	CANLF,HUMAN,PANTR
UGCG	2	1	HUMAN,PANTR
UGDH	2	1	HUMAN,PANTR
UGGT1	2	1	HUMAN,PANTR
UGGT2	2	1	HUMAN,PANTR
UGP2	2	1	HUMAN,PANTR
UGT2A3	2	1	HUMAN,PANTR
UGT2B4	2	1	HUMAN,PANTR
UGT2B7	2	1	HUMAN,PANTR
UGT3A1	2	1	HUMAN,PANTR
UGT3A2	2	1	HUMAN,PANTR
UGT8	2	1	HUMAN,PANTR
UHMK1	2	1	HUMAN,PANTR
UHRF1	2	1	HUMAN,PANTR
UHRF1BP1	2	1	HUMAN,PANTR
UHRF1BP1L	2	1	HUMAN,PANTR
UHRF2	2	1	HUMAN,PANTR
UIMC1	2	1	HUMAN,PANTR
ULBP3	2	1	HUMAN,PANTR
ULK2	2	1	HUMAN,PANTR
ULK3	2	1	HUMAN,PANTR
ULK4	2	1	HUMAN,PANTR
UMOD	3	3	CANLF,HUMAN,PANTR
UMODL1	3	3	CANLF,HUMAN,PANTR
UMPS	2	1	HUMAN,PANTR
UNC119	2	1	HUMAN,PANTR
UNC119B	2	1	HUMAN,PANTR
UNC13A	2	1	HUMAN,PANTR
UNC13B	3	3	BOVIN,HUMAN,PANTR
UNC13D	2	1	HUMAN,PANTR
UNC45A	2	1	HUMAN,PANTR
UNC45B	2	1	HUMAN,PANTR
UNC50	2	1	HUMAN,PANTR
UNC5A	2	1	HUMAN,PANTR
UNC5B	2	1	HUMAN,PANTR
UNC5C	2	1	HUMAN,PANTR
UNC5CL	2	1	HUMAN,PANTR
UNC5D	2	1	HUMAN,PANTR
UNC79	2	1	HUMAN,PANTR
UNC80	2	1	HUMAN,PANTR
UNC93A	3	3	CANLF,HUMAN,PANTR
UNC93B1	2	1	HUMAN,PANTR
UNG	2	1	HUMAN,PANTR
UNK	2	1	HUMAN,PANTR
UNKL	3	3	CANLF,HUMAN,PANTR
UPB1	2	1	HUMAN,PANTR
UPF1	2	1	HUMAN,PANTR
UPF2	2	1	HUMAN,PANTR
UPF3A	2	1	HUMAN,PANTR
UPF3B	2	1	HUMAN,PANTR
UPK1A	2	1	HUMAN,PANTR
UPK1B	2	1	HUMAN,PANTR
UPK2	2	1	HUMAN,PANTR
UPK3A	2	1	HUMAN,PANTR
UPP1	2	1	HUMAN,PANTR
UPP2	2	1	HUMAN,PANTR
UPRT	2	1	HUMAN,PANTR
UQCC1	2	1	HUMAN,PANTR
UQCC2	2	1	HUMAN,PANTR
UQCC3	2	1	HUMAN,PANTR
UQCR10	2	1	HUMAN,PANTR
UQCRB	2	1	HUMAN,PANTR
UQCRC1	2	1	HUMAN,PANTR
UQCRC2	2	1	HUMAN,PANTR
UQCRFS1	3	3	BOVIN,CANLF,HUMAN
URAD	3	3	BOVIN,HUMAN,PANTR
URB1	4	6	BOVIN,CANLF,HUMAN,PANTR
URB2	3	3	BOVIN,HUMAN,PANTR
URGCP	2	1	HUMAN,PANTR
URI1	2	1	HUMAN,PANTR
URM1	2	1	HUMAN,PANTR
UROC1	2	1	HUMAN,PANTR
UROD	2	1	HUMAN,PANTR
UROS	2	1	HUMAN,PANTR
USB1	3	3	CANLF,HUMAN,PANTR
USE1	2	1	HUMAN,PANTR
USF1	3	3	BOVIN,CANLF,HUMAN
USF2	3	3	CANLF,HUMAN,PANTR
USF3	4	6	BOVIN,CANLF,HUMAN,PANTR
USH1C	2	1	HUMAN,PANTR
USH1G	2	1	HUMAN,PANTR
USH2A	2	1	HUMAN,PANTR
USO1	2	1	HUMAN,PANTR
USP1	2	1	HUMAN,PANTR
USP10	2	1	HUMAN,PANTR
USP11	2	1	CANLF,HUMAN
USP12	2	1	HUMAN,PANTR
USP13	2	1	HUMAN,PANTR
USP14	2	1	HUMAN,PANTR
USP15	2	1	HUMAN,PANTR
USP16	3	3	CANLF,HUMAN,PANTR
USP18	2	1	HUMAN,PANTR
USP19	2	1	HUMAN,PANTR
USP2	3	3	BOVIN,HUMAN,PANTR
USP20	2	1	HUMAN,PANTR
USP21	3	3	CANLF,HUMAN,PANTR
USP22	2	1	HUMAN,PANTR
USP24	2	1	HUMAN,PANTR
USP25	2	1	HUMAN,PANTR
USP26	2	1	HUMAN,PANTR
USP27X	2	1	BOVIN,HUMAN
USP28	2	1	HUMAN,PANTR
USP3	2	1	HUMAN,PANTR
USP30	4	6	BOVIN,CANLF,HUMAN,PANTR
USP31	2	1	HUMAN,PANTR
USP32	2	1	HUMAN,PANTR
USP33	2	1	HUMAN,PANTR
USP34	2	1	HUMAN,PANTR
USP36	2	1	HUMAN,PANTR
USP37	2	1	HUMAN,PANTR
USP38	2	1	HUMAN,PANTR
USP39	2	1	HUMAN,PANTR
USP4	2	1	HUMAN,PANTR
USP40	2	1	HUMAN,PANTR
USP42	2	1	CANLF,HUMAN
USP43	2	1	HUMAN,PANTR
USP44	2	1	HUMAN,PANTR
USP45	2	1	HUMAN,PANTR
USP46	3	3	CANLF,HUMAN,PANTR
USP47	2	1	HUMAN,PANTR
USP48	2	1	HUMAN,PANTR
USP5	2	1	HUMAN,PANTR
USP50	2	1	HUMAN,PANTR
USP53	2	1	HUMAN,PANTR
USP54	2	1	HUMAN,PANTR
USP6	2	1	HUMAN,PANTR
USP6NL	2	1	HUMAN,PANTR
USP7	3	3	CANLF,HUMAN,PANTR
USP8	2	1	HUMAN,PANTR
USP9X	2	1	BOVIN,HUMAN
USPL1	2	1	HUMAN,PANTR
UST	2	1	HUMAN,PANTR
UTF1	2	1	HUMAN,PANTR
UTP11	2	1	HUMAN,PANTR
UTP14A	2	1	HUMAN,PANTR
UTP14C	2	1	HUMAN,PANTR
UTP15	2	1	HUMAN,PANTR
UTP20	2	1	HUMAN,PANTR
UTP23	2	1	HUMAN,PANTR
UTP25	3	3	CANLF,HUMAN,PANTR
UTP4	2	1	HUMAN,PANTR
UTP6	2	1	HUMAN,PANTR
UTRN	2	1	HUMAN,PANTR
UTS2	2	1	HUMAN,PANTR
UTS2B	2	1	HUMAN,PANTR
UTS2R	2	1	HUMAN,PANTR
UTY	2	1	HUMAN,PANTR
UVRAG	2	1	HUMAN,PANTR
UVSSA	2	1	HUMAN,PANTR
UXS1	2	1	HUMAN,PANTR
UXT	2	1	HUMAN,PANTR
VAC14	2	1	HUMAN,PANTR
VAMP1	2	1	HUMAN,PANTR
VAMP3	2	1	HUMAN,PANTR
VAMP4	2	1	HUMAN,PANTR
VAMP5	2	1	HUMAN,PANTR
VAMP7	2	1	HUMAN,PANTR
VAMP8	2	1	HUMAN,PANTR
VANGL1	2	1	HUMAN,PANTR
VANGL2	2	1	HUMAN,PANTR
VAPA	2	1	HUMAN,PANTR
VAPB	2	1	HUMAN,PANTR
VARS1	2	1	HUMAN,PANTR
VARS2	2	1	HUMAN,PANTR
VASH1	2	1	HUMAN,PANTR
VASH2	2	1	HUMAN,PANTR
VASN	3	3	CANLF,HUMAN,PANTR
VASP	2	1	HUMAN,PANTR
VAT1	3	3	CANLF,HUMAN,PANTR
VAT1L	2	1	HUMAN,PANTR
VAV1	2	1	HUMAN,PANTR
VAV2	2	1	HUMAN,PANTR
VAV3	2	1	HUMAN,PANTR
VAX1	2	1	HUMAN,PANTR
VAX2	2	1	HUMAN,PANTR
VBP1	2	1	HUMAN,PANTR
VCAM1	2	1	HUMAN,PANTR
VCAN	2	1	HUMAN,PANTR
VCL	2	1	HUMAN,PANTR
VCP	2	1	HUMAN,PANTR
VCPIP1	3	3	BOVIN,HUMAN,PANTR
VCPKMT	2	1	HUMAN,PANTR
VDAC1	2	1	HUMAN,PANTR
VDAC3	2	1	HUMAN,PANTR
VDR	2	1	HUMAN,PANTR
VEGFA	3	3	BOVIN,HUMAN,PANTR
VEGFB	2	1	HUMAN,PANTR
VEGFC	2	1	HUMAN,PANTR
VEGFD	2	1	HUMAN,PANTR
VENTX	2	1	HUMAN,PANTR
VEPH1	2	1	HUMAN,PANTR
VEZF1	2	1	HUMAN,PANTR
VEZT	2	1	HUMAN,PANTR
VGF	2	1	CANLF,HUMAN
VGLL1	3	3	BOVIN,HUMAN,PANTR
VGLL2	2	1	HUMAN,PANTR
VGLL3	2	1	HUMAN,PANTR
VGLL4	2	1	HUMAN,PANTR
VHL	2	1	HUMAN,PANTR
VIL1	2	1	HUMAN,PANTR
VILL	2	1	HUMAN,PANTR
VIM	2	1	HUMAN,PANTR
VIP	3	3	CANLF,HUMAN,PANTR
VIPR1	2	1	HUMAN,PANTR
VIPR2	2	1	HUMAN,PANTR
VIRMA	2	1	HUMAN,PANTR
VIT	2	1	HUMAN,PANTR
VKORC1	3	3	CANLF,HUMAN,PANTR
VLDLR	2	1	HUMAN,PANTR
VMA21	2	1	HUMAN,PANTR
VMAC	2	1	HUMAN,PANTR
VMO1	2	1	HUMAN,PANTR
VMP1	2	1	HUMAN,PANTR
VNN1	2	1	HUMAN,PANTR
VNN2	2	1	HUMAN,PANTR
VNN3P	2	1	HUMAN,PANTR
VOPP1	2	1	HUMAN,PANTR
VPREB1	2	1	HUMAN,PANTR
VPREB3	2	1	HUMAN,PANTR
VPS13A	2	1	HUMAN,PANTR
VPS13B	2	1	HUMAN,PANTR
VPS13C	2	1	HUMAN,PANTR
VPS13D	2	1	HUMAN,PANTR
VPS16	2	1	HUMAN,PANTR
VPS18	2	1	HUMAN,PANTR
VPS25	2	1	HUMAN,PANTR
VPS26A	2	1	HUMAN,PANTR
VPS26B	2	1	HUMAN,PANTR
VPS26C	2	1	HUMAN,PANTR
VPS28	2	1	HUMAN,PANTR
VPS29	2	1	HUMAN,PANTR
VPS33B	2	1	HUMAN,PANTR
VPS35	2	1	HUMAN,PANTR
VPS35L	2	1	HUMAN,PANTR
VPS36	2	1	HUMAN,PANTR
VPS37A	2	1	HUMAN,PANTR
VPS37B	2	1	HUMAN,PANTR
VPS37C	2	1	HUMAN,PANTR
VPS37D	2	1	HUMAN,PANTR
VPS39	2	1	HUMAN,PANTR
VPS41	2	1	HUMAN,PANTR
VPS45	2	1	HUMAN,PANTR
VPS4B	2	1	HUMAN,PANTR
VPS50	2	1	HUMAN,PANTR
VPS51	2	1	HUMAN,PANTR
VPS52	2	1	HUMAN,PANTR
VPS53	2	1	HUMAN,PANTR
VPS54	2	1	HUMAN,PANTR
VPS72	2	1	HUMAN,PANTR
VPS8	2	1	HUMAN,PANTR
VPS9D1	2	1	HUMAN,PANTR
VRK1	2	1	HUMAN,PANTR
VRK2	2	1	HUMAN,PANTR
VRK3	2	1	HUMAN,PANTR
VSIG1	4	6	BOVIN,CANLF,HUMAN,PANTR
VSIG10	2	1	HUMAN,PANTR
VSIG10L	2	1	HUMAN,PANTR
VSIG2	3	3	CANLF,HUMAN,PANTR
VSIG4	2	1	HUMAN,PANTR
VSIG8	3	3	BOVIN,HUMAN,PANTR
VSIR	3	3	CANLF,HUMAN,PANTR
VSNL1	2	1	HUMAN,PANTR
VSTM1	4	6	BOVIN,CANLF,HUMAN,PANTR
VSTM2A	2	1	HUMAN,PANTR
VSTM2B	2	1	HUMAN,PANTR
VSTM2L	2	1	HUMAN,PANTR
VSTM4	3	3	CANLF,HUMAN,PANTR
VSTM5	3	3	BOVIN,CANLF,HUMAN
VSX1	2	1	HUMAN,PANTR
VSX2	2	1	HUMAN,PANTR
VTA1	2	1	HUMAN,PANTR
VTCN1	2	1	HUMAN,PANTR
VTI1A	2	1	HUMAN,PANTR
VTI1B	2	1	HUMAN,PANTR
VTN	3	3	BOVIN,HUMAN,PANTR
VWA1	2	1	HUMAN,PANTR
VWA2	2	1	HUMAN,PANTR
VWA3A	2	1	HUMAN,PANTR
VWA3B	2	1	HUMAN,PANTR
VWA5A	2	1	HUMAN,PANTR
VWA5B1	3	3	BOVIN,HUMAN,PANTR
VWA5B2	2	1	HUMAN,PANTR
VWA7	2	1	HUMAN,PANTR
VWA8	2	1	HUMAN,PANTR
VWC2	3	3	CANLF,HUMAN,PANTR
VWC2L	2	1	HUMAN,PANTR
VWCE	2	1	HUMAN,PANTR
VWDE	2	1	HUMAN,PANTR
VWF	2	1	HUMAN,PANTR
VXN	2	1	HUMAN,PANTR
WAC	2	1	HUMAN,PANTR
WAPL	2	1	HUMAN,PANTR
WARS1	2	1	HUMAN,PANTR
WARS2	2	1	HUMAN,PANTR
WASF1	2	1	HUMAN,PANTR
WASF2	2	1	HUMAN,PANTR
WASF3	2	1	HUMAN,PANTR
WASHC3	2	1	HUMAN,PANTR
WASHC4	2	1	HUMAN,PANTR
WASHC5	2	1	HUMAN,PANTR
WASL	3	3	BOVIN,HUMAN,PANTR
WBP11	2	1	HUMAN,PANTR
WBP2	2	1	HUMAN,PANTR
WBP2NL	2	1	HUMAN,PANTR
WBP4	2	1	HUMAN,PANTR
WDCP	2	1	HUMAN,PANTR
WDFY1	2	1	HUMAN,PANTR
WDFY2	3	3	BOVIN,HUMAN,PANTR
WDFY3	2	1	HUMAN,PANTR
WDFY4	4	6	BOVIN,CANLF,HUMAN,PANTR
WDHD1	2	1	HUMAN,PANTR
WDPCP	2	1	HUMAN,PANTR
WDR1	2	1	HUMAN,PANTR
WDR11	2	1	HUMAN,PANTR
WDR12	2	1	HUMAN,PANTR
WDR13	2	1	HUMAN,PANTR
WDR17	2	1	HUMAN,PANTR
WDR18	2	1	HUMAN,PANTR
WDR19	2	1	HUMAN,PANTR
WDR20	2	1	HUMAN,PANTR
WDR24	2	1	HUMAN,PANTR
WDR25	2	1	HUMAN,PANTR
WDR26	2	1	HUMAN,PANTR
WDR27	2	1	HUMAN,PANTR
WDR3	2	1	HUMAN,PANTR
WDR31	2	1	HUMAN,PANTR
WDR33	2	1	HUMAN,PANTR
WDR35	2	1	HUMAN,PANTR
WDR36	2	1	HUMAN,PANTR
WDR37	2	1	HUMAN,PANTR
WDR38	2	1	HUMAN,PANTR
WDR4	2	1	HUMAN,PANTR
WDR41	2	1	HUMAN,PANTR
WDR43	2	1	HUMAN,PANTR
WDR45	2	1	CANLF,HUMAN
WDR45B	2	1	HUMAN,PANTR
WDR46	2	1	HUMAN,PANTR
WDR47	2	1	HUMAN,PANTR
WDR48	2	1	HUMAN,PANTR
WDR49	2	1	HUMAN,PANTR
WDR5	2	1	HUMAN,PANTR
WDR53	3	3	BOVIN,HUMAN,PANTR
WDR54	2	1	HUMAN,PANTR
WDR55	2	1	HUMAN,PANTR
WDR59	2	1	HUMAN,PANTR
WDR5B	2	1	HUMAN,PANTR
WDR6	2	1	HUMAN,PANTR
WDR61	2	1	HUMAN,PANTR
WDR62	2	1	HUMAN,PANTR
WDR64	2	1	HUMAN,PANTR
WDR7	2	1	HUMAN,PANTR
WDR70	2	1	HUMAN,PANTR
WDR72	2	1	HUMAN,PANTR
WDR73	2	1	HUMAN,PANTR
WDR75	2	1	HUMAN,PANTR
WDR76	2	1	HUMAN,PANTR
WDR77	2	1	HUMAN,PANTR
WDR81	3	3	BOVIN,HUMAN,PANTR
WDR82	2	1	HUMAN,PANTR
WDR83	2	1	HUMAN,PANTR
WDR83OS	3	3	BOVIN,HUMAN,PANTR
WDR86	3	3	BOVIN,HUMAN,PANTR
WDR87	3	3	BOVIN,HUMAN,PANTR
WDR88	2	1	HUMAN,PANTR
WDR89	2	1	HUMAN,PANTR
WDR90	2	1	HUMAN,PANTR
WDR91	2	1	HUMAN,PANTR
WDR93	4	6	BOVIN,CANLF,HUMAN,PANTR
WDR97	3	3	BOVIN,HUMAN,PANTR
WDSUB1	2	1	HUMAN,PANTR
WDTC1	2	1	HUMAN,PANTR
WEE1	2	1	HUMAN,PANTR
WEE2	2	1	HUMAN,PANTR
WFDC1	2	1	HUMAN,PANTR
WFDC10A	2	1	HUMAN,PANTR
WFDC10B	3	3	CANLF,HUMAN,PANTR
WFDC11	2	1	HUMAN,PANTR
WFDC12	2	1	HUMAN,PANTR
WFDC13	3	3	CANLF,HUMAN,PANTR
WFDC2	2	1	HUMAN,PANTR
WFDC3	3	3	BOVIN,HUMAN,PANTR
WFDC5	3	3	BOVIN,HUMAN,PANTR
WFDC8	2	1	HUMAN,PANTR
WFDC9	2	1	HUMAN,PANTR
WFIKKN1	2	1	HUMAN,PANTR
WFIKKN2	3	3	BOVIN,HUMAN,PANTR
WHAMM	4	6	BOVIN,CANLF,HUMAN,PANTR
WHRN	2	1	HUMAN,PANTR
WIF1	2	1	HUMAN,PANTR
WIPF1	2	1	HUMAN,PANTR
WIPF2	2	1	HUMAN,PANTR
WIPF3	3	3	CANLF,HUMAN,PANTR
WIPI1	2	1	HUMAN,PANTR
WIPI2	2	1	HUMAN,PANTR
WLS	2	1	HUMAN,PANTR
WNK1	2	1	HUMAN,PANTR
WNK2	3	3	CANLF,HUMAN,PANTR
WNK3	2	1	HUMAN,PANTR
WNK4	2	1	HUMAN,PANTR
WNT1	2	1	HUMAN,PANTR
WNT10A	2	1	HUMAN,PANTR
WNT10B	3	3	BOVIN,HUMAN,PANTR
WNT11	2	1	HUMAN,PANTR
WNT16	2	1	HUMAN,PANTR
WNT2	2	1	HUMAN,PANTR
WNT2B	2	1	HUMAN,PANTR
WNT3	2	1	HUMAN,PANTR
WNT3A	4	6	BOVIN,CANLF,HUMAN,PANTR
WNT4	2	1	HUMAN,PANTR
WNT5A	2	1	HUMAN,PANTR
WNT5B	2	1	HUMAN,PANTR
WNT6	2	1	HUMAN,PANTR
WNT7A	2	1	HUMAN,PANTR
WNT7B	3	3	CANLF,HUMAN,PANTR
WNT8A	2	1	HUMAN,PANTR
WNT8B	2	1	HUMAN,PANTR
WNT9A	3	3	CANLF,HUMAN,PANTR
WRAP53	2	1	HUMAN,PANTR
WRAP73	2	1	HUMAN,PANTR
WRN	3	3	CANLF,HUMAN,PANTR
WRNIP1	3	3	BOVIN,HUMAN,PANTR
WSB1	2	1	HUMAN,PANTR
WSB2	2	1	HUMAN,PANTR
WSCD1	2	1	HUMAN,PANTR
WSCD2	2	1	HUMAN,PANTR
WT1	2	1	HUMAN,PANTR
WTAP	3	3	CANLF,HUMAN,PANTR
WTIP	3	3	BOVIN,HUMAN,PANTR
WWC1	2	1	HUMAN,PANTR
WWC2	2	1	HUMAN,PANTR
WWC3	2	1	HUMAN,PANTR
WWOX	2	1	HUMAN,PANTR
WWP1	2	1	HUMAN,PANTR
WWP2	2	1	HUMAN,PANTR
WWTR1	3	3	CANLF,HUMAN,PANTR
XAB2	2	1	HUMAN,PANTR
XAF1	2	1	HUMAN,PANTR
XAGE2	2	1	HUMAN,PANTR
XAGE3	2	1	HUMAN,PANTR
XAGE5	2	1	HUMAN,PANTR
XBP1	3	3	BOVIN,HUMAN,PANTR
XCR1	2	1	HUMAN,PANTR
XDH	2	1	HUMAN,PANTR
XG	4	6	BOVIN,CANLF,HUMAN,PANTR
XIAP	2	1	HUMAN,PANTR
XIRP1	3	3	CANLF,HUMAN,PANTR
XIRP2	2	1	HUMAN,PANTR
XKR3	2	1	HUMAN,PANTR
XKR4	3	3	CANLF,HUMAN,PANTR
XKR5	2	1	HUMAN,PANTR
XKR6	3	3	BOVIN,HUMAN,PANTR
XKR7	2	1	HUMAN,PANTR
XKR8	2	1	HUMAN,PANTR
XKR9	2	1	HUMAN,PANTR
XKRX	3	3	BOVIN,HUMAN,PANTR
XPA	2	1	HUMAN,PANTR
XPC	2	1	HUMAN,PANTR
XPNPEP1	2	1	HUMAN,PANTR
XPNPEP2	2	1	HUMAN,PANTR
XPNPEP3	2	1	HUMAN,PANTR
XPO1	2	1	HUMAN,PANTR
XPO4	2	1	HUMAN,PANTR
XPO5	2	1	HUMAN,PANTR
XPO6	2	1	HUMAN,PANTR
XPO7	2	1	HUMAN,PANTR
XPOT	2	1	HUMAN,PANTR
XPR1	2	1	HUMAN,PANTR
XRCC1	3	3	CANLF,HUMAN,PANTR
XRCC2	2	1	HUMAN,PANTR
XRCC3	2	1	HUMAN,PANTR
XRCC4	2	1	HUMAN,PANTR
XRCC5	2	1	HUMAN,PANTR
XRCC6	2	1	HUMAN,PANTR
XRN1	2	1	HUMAN,PANTR
XRN2	2	1	HUMAN,PANTR
XRRA1	2	1	HUMAN,PANTR
XXYLT1	3	3	BOVIN,HUMAN,PANTR
XYLB	2	1	HUMAN,PANTR
XYLT1	2	1	HUMAN,PANTR
XYLT2	3	3	BOVIN,HUMAN,PANTR
YAE1	2	1	HUMAN,PANTR
YAF2	2	1	HUMAN,PANTR
YAP1	2	1	HUMAN,PANTR
YARS1	2	1	HUMAN,PANTR
YARS2	2	1	HUMAN,PANTR
YBEY	4	6	BOVIN,CANLF,HUMAN,PANTR
YBX2	2	1	HUMAN,PANTR
YBX3	2	1	HUMAN,PANTR
YDJC	2	1	HUMAN,PANTR
YEATS2	2	1	HUMAN,PANTR
YEATS4	2	1	HUMAN,PANTR
YES1	2	1	HUMAN,PANTR
YIF1A	2	1	HUMAN,PANTR
YIF1B	2	1	HUMAN,PANTR
YIPF1	2	1	HUMAN,PANTR
YIPF2	2	1	HUMAN,PANTR
YIPF3	2	1	HUMAN,PANTR
YIPF4	2	1	HUMAN,PANTR
YIPF5	2	1	HUMAN,PANTR
YIPF6	2	1	HUMAN,PANTR
YIPF7	2	1	HUMAN,PANTR
YJEFN3	2	1	HUMAN,PANTR
YJU2	2	1	HUMAN,PANTR
YJU2B	2	1	HUMAN,PANTR
YKT6	2	1	HUMAN,PANTR
YLPM1	2	1	HUMAN,PANTR
YME1L1	2	1	HUMAN,PANTR
YOD1	2	1	HUMAN,PANTR
YPEL1	2	1	HUMAN,PANTR
YPEL2	2	1	HUMAN,PANTR
YPEL3	2	1	HUMAN,PANTR
YPEL4	2	1	HUMAN,PANTR
YPEL5	2	1	HUMAN,PANTR
YRDC	2	1	HUMAN,PANTR
YTHDC1	2	1	HUMAN,PANTR
YTHDC2	2	1	HUMAN,PANTR
YTHDF1	2	1	HUMAN,PANTR
YTHDF2	2	1	HUMAN,PANTR
YWHAB	2	1	HUMAN,PANTR
YWHAE	2	1	HUMAN,PANTR
YWHAG	2	1	HUMAN,PANTR
YWHAH	3	3	CANLF,HUMAN,PANTR
YWHAQ	2	1	HUMAN,PANTR
YWHAZ	2	1	BOVIN,HUMAN
YY1	4	6	BOVIN,CANLF,HUMAN,PANTR
YY1AP1	2	1	HUMAN,PANTR
ZACN	2	1	HUMAN,PANTR
ZADH2	2	1	HUMAN,PANTR
ZAP70	3	3	CANLF,HUMAN,PANTR
ZAR1	2	1	HUMAN,PANTR
ZAR1L	3	3	CANLF,HUMAN,PANTR
ZBBX	3	3	BOVIN,HUMAN,PANTR
ZBED2	2	1	HUMAN,PANTR
ZBED3	2	1	HUMAN,PANTR
ZBED4	2	1	HUMAN,PANTR
ZBED5	2	1	HUMAN,PANTR
ZBED8	2	1	HUMAN,PANTR
ZBED9	2	1	HUMAN,PANTR
ZBP1	3	3	CANLF,HUMAN,PANTR
ZBTB1	2	1	HUMAN,PANTR
ZBTB10	2	1	HUMAN,PANTR
ZBTB11	2	1	HUMAN,PANTR
ZBTB12	2	1	HUMAN,PANTR
ZBTB14	2	1	HUMAN,PANTR
ZBTB16	2	1	HUMAN,PANTR
ZBTB17	2	1	HUMAN,PANTR
ZBTB18	3	3	CANLF,HUMAN,PANTR
ZBTB2	3	3	CANLF,HUMAN,PANTR
ZBTB20	2	1	HUMAN,PANTR
ZBTB21	2	1	HUMAN,PANTR
ZBTB22	2	1	HUMAN,PANTR
ZBTB24	2	1	HUMAN,PANTR
ZBTB25	2	1	HUMAN,PANTR
ZBTB26	2	1	HUMAN,PANTR
ZBTB3	2	1	HUMAN,PANTR
ZBTB32	2	1	HUMAN,PANTR
ZBTB33	2	1	HUMAN,PANTR
ZBTB34	2	1	HUMAN,PANTR
ZBTB37	2	1	HUMAN,PANTR
ZBTB38	2	1	HUMAN,PANTR
ZBTB39	2	1	HUMAN,PANTR
ZBTB4	3	3	CANLF,HUMAN,PANTR
ZBTB40	2	1	HUMAN,PANTR
ZBTB41	2	1	HUMAN,PANTR
ZBTB42	2	1	HUMAN,PANTR
ZBTB43	2	1	HUMAN,PANTR
ZBTB44	2	1	HUMAN,PANTR
ZBTB45	2	1	HUMAN,PANTR
ZBTB46	3	3	CANLF,HUMAN,PANTR
ZBTB47	2	1	HUMAN,PANTR
ZBTB48	2	1	HUMAN,PANTR
ZBTB49	2	1	HUMAN,PANTR
ZBTB5	2	1	HUMAN,PANTR
ZBTB6	2	1	HUMAN,PANTR
ZBTB7A	2	1	HUMAN,PANTR
ZBTB7B	2	1	HUMAN,PANTR
ZBTB7C	2	1	HUMAN,PANTR
ZBTB8A	2	1	HUMAN,PANTR
ZBTB8OS	3	3	BOVIN,HUMAN,PANTR
ZBTB9	2	1	HUMAN,PANTR
ZC2HC1A	3	3	BOVIN,HUMAN,PANTR
ZC2HC1B	2	1	HUMAN,PANTR
ZC2HC1C	2	1	HUMAN,PANTR
ZC3H10	2	1	HUMAN,PANTR
ZC3H11A	2	1	HUMAN,PANTR
ZC3H12A	2	1	HUMAN,PANTR
ZC3H12B	2	1	HUMAN,PANTR
ZC3H12C	2	1	HUMAN,PANTR
ZC3H12D	3	3	CANLF,HUMAN,PANTR
ZC3H13	2	1	HUMAN,PANTR
ZC3H14	2	1	HUMAN,PANTR
ZC3H15	2	1	HUMAN,PANTR
ZC3H18	2	1	HUMAN,PANTR
ZC3H3	2	1	HUMAN,PANTR
ZC3H4	2	1	HUMAN,PANTR
ZC3H6	2	1	HUMAN,PANTR
ZC3H7A	2	1	HUMAN,PANTR
ZC3H7B	2	1	HUMAN,PANTR
ZC3H8	2	1	HUMAN,PANTR
ZC3HAV1	2	1	HUMAN,PANTR
ZC3HAV1L	3	3	CANLF,HUMAN,PANTR
ZC3HC1	2	1	HUMAN,PANTR
ZC4H2	2	1	HUMAN,PANTR
ZCCHC10	2	1	HUMAN,PANTR
ZCCHC12	2	1	HUMAN,PANTR
ZCCHC14	2	1	HUMAN,PANTR
ZCCHC17	2	1	HUMAN,PANTR
ZCCHC2	2	1	HUMAN,PANTR
ZCCHC24	3	3	CANLF,HUMAN,PANTR
ZCCHC3	2	1	HUMAN,PANTR
ZCCHC4	2	1	HUMAN,PANTR
ZCCHC7	3	3	CANLF,HUMAN,PANTR
ZCCHC8	2	1	HUMAN,PANTR
ZCCHC9	2	1	HUMAN,PANTR
ZCRB1	2	1	HUMAN,PANTR
ZCWPW2	2	1	HUMAN,PANTR
ZDBF2	3	3	BOVIN,HUMAN,PANTR
ZDHHC1	2	1	HUMAN,PANTR
ZDHHC12	2	1	HUMAN,PANTR
ZDHHC13	2	1	HUMAN,PANTR
ZDHHC14	2	1	HUMAN,PANTR
ZDHHC15	2	1	HUMAN,PANTR
ZDHHC16	2	1	HUMAN,PANTR
ZDHHC17	2	1	HUMAN,PANTR
ZDHHC18	2	1	HUMAN,PANTR
ZDHHC19	2	1	HUMAN,PANTR
ZDHHC2	2	1	HUMAN,PANTR
ZDHHC20	2	1	HUMAN,PANTR
ZDHHC21	2	1	HUMAN,PANTR
ZDHHC22	2	1	HUMAN,PANTR
ZDHHC23	2	1	HUMAN,PANTR
ZDHHC24	2	1	HUMAN,PANTR
ZDHHC3	2	1	HUMAN,PANTR
ZDHHC4	2	1	HUMAN,PANTR
ZDHHC5	2	1	HUMAN,PANTR
ZDHHC6	2	1	HUMAN,PANTR
ZDHHC7	2	1	HUMAN,PANTR
ZDHHC8	2	1	HUMAN,PANTR
ZEB1	2	1	HUMAN,PANTR
ZEB2	3	3	BOVIN,HUMAN,PANTR
ZER1	2	1	HUMAN,PANTR
ZFAND1	2	1	HUMAN,PANTR
ZFAND2B	2	1	HUMAN,PANTR
ZFAND3	2	1	HUMAN,PANTR
ZFAND4	3	3	CANLF,HUMAN,PANTR
ZFAND5	2	1	HUMAN,PANTR
ZFAT	2	1	HUMAN,PANTR
ZFC3H1	2	1	HUMAN,PANTR
ZFHX2	2	1	HUMAN,PANTR
ZFHX3	2	1	HUMAN,PANTR
ZFHX4	2	1	HUMAN,PANTR
ZFP1	2	1	HUMAN,PANTR
ZFP2	2	1	HUMAN,PANTR
ZFP28	3	3	CANLF,HUMAN,PANTR
ZFP3	2	1	HUMAN,PANTR
ZFP30	2	1	HUMAN,PANTR
ZFP36	2	1	HUMAN,PANTR
ZFP36L1	2	1	HUMAN,PANTR
ZFP37	2	1	HUMAN,PANTR
ZFP42	3	3	CANLF,HUMAN,PANTR
ZFP57	2	1	HUMAN,PANTR
ZFP62	2	1	HUMAN,PANTR
ZFP64	2	1	HUMAN,PANTR
ZFP69	2	1	HUMAN,PANTR
ZFP69B	2	1	HUMAN,PANTR
ZFP82	2	1	HUMAN,PANTR
ZFP90	2	1	HUMAN,PANTR
ZFPL1	2	1	HUMAN,PANTR
ZFPM1	2	1	HUMAN,PANTR
ZFPM2	2	1	HUMAN,PANTR
ZFR	2	1	HUMAN,PANTR
ZFR2	2	1	HUMAN,PANTR
ZFTA	3	3	BOVIN,CANLF,HUMAN
ZFX	2	1	HUMAN,PANTR
ZFY	2	1	HUMAN,PANTR
ZFYVE1	2	1	HUMAN,PANTR
ZFYVE16	2	1	HUMAN,PANTR
ZFYVE19	2	1	HUMAN,PANTR
ZFYVE21	3	3	BOVIN,HUMAN,PANTR
ZFYVE26	2	1	HUMAN,PANTR
ZFYVE27	2	1	HUMAN,PANTR
ZFYVE28	3	3	CANLF,HUMAN,PANTR
ZFYVE9	2	1	HUMAN,PANTR
ZG16	2	1	HUMAN,PANTR
ZG16B	3	3	CANLF,HUMAN,PANTR
ZGPAT	4	6	BOVIN,CANLF,HUMAN,PANTR
ZGRF1	2	1	HUMAN,PANTR
ZHX1	2	1	HUMAN,PANTR
ZHX2	2	1	HUMAN,PANTR
ZHX3	2	1	HUMAN,PANTR
ZIC1	3	3	BOVIN,HUMAN,PANTR
ZIC2	2	1	HUMAN,PANTR
ZIC4	2	1	HUMAN,PANTR
ZIC5	2	1	HUMAN,PANTR
ZIK1	2	1	HUMAN,PANTR
ZIM2	2	1	BOVIN,HUMAN
ZIM3	2	1	HUMAN,PANTR
ZKSCAN1	3	3	CANLF,HUMAN,PANTR
ZKSCAN2	2	1	HUMAN,PANTR
ZKSCAN3	2	1	HUMAN,PANTR
ZKSCAN4	3	3	BOVIN,HUMAN,PANTR
ZKSCAN5	2	1	HUMAN,PANTR
ZKSCAN8	2	1	HUMAN,PANTR
ZMAT2	2	1	HUMAN,PANTR
ZMAT3	2	1	HUMAN,PANTR
ZMAT4	2	1	HUMAN,PANTR
ZMAT5	2	1	HUMAN,PANTR
ZMIZ1	2	1	HUMAN,PANTR
ZMIZ2	2	1	HUMAN,PANTR
ZMPSTE24	2	1	HUMAN,PANTR
ZMYM1	2	1	HUMAN,PANTR
ZMYM2	3	3	BOVIN,HUMAN,PANTR
ZMYM4	2	1	HUMAN,PANTR
ZMYM5	3	3	BOVIN,HUMAN,PANTR
ZMYM6	3	3	BOVIN,HUMAN,PANTR
ZMYND10	2	1	HUMAN,PANTR
ZMYND11	2	1	HUMAN,PANTR
ZMYND12	2	1	HUMAN,PANTR
ZMYND15	2	1	HUMAN,PANTR
ZMYND19	2	1	HUMAN,PANTR
ZMYND8	2	1	HUMAN,PANTR
ZNF10	2	1	HUMAN,PANTR
ZNF101	2	1	HUMAN,PANTR
ZNF106	3	3	CANLF,HUMAN,PANTR
ZNF112	3	3	BOVIN,HUMAN,PANTR
ZNF114	2	1	HUMAN,PANTR
ZNF121	2	1	HUMAN,PANTR
ZNF124	2	1	HUMAN,PANTR
ZNF131	2	1	HUMAN,PANTR
ZNF132	3	3	BOVIN,HUMAN,PANTR
ZNF133	3	3	CANLF,HUMAN,PANTR
ZNF134	2	1	HUMAN,PANTR
ZNF135	2	1	HUMAN,PANTR
ZNF136	2	1	HUMAN,PANTR
ZNF14	2	1	HUMAN,PANTR
ZNF140	2	1	HUMAN,PANTR
ZNF141	2	1	HUMAN,PANTR
ZNF142	2	1	HUMAN,PANTR
ZNF143	2	1	HUMAN,PANTR
ZNF146	2	1	HUMAN,PANTR
ZNF148	2	1	HUMAN,PANTR
ZNF154	2	1	HUMAN,PANTR
ZNF155	2	1	HUMAN,PANTR
ZNF157	3	3	BOVIN,HUMAN,PANTR
ZNF160	2	1	HUMAN,PANTR
ZNF165	2	1	HUMAN,PANTR
ZNF169	2	1	HUMAN,PANTR
ZNF17	2	1	HUMAN,PANTR
ZNF174	2	1	HUMAN,PANTR
ZNF175	2	1	HUMAN,PANTR
ZNF18	2	1	HUMAN,PANTR
ZNF180	2	1	HUMAN,PANTR
ZNF181	2	1	HUMAN,PANTR
ZNF182	2	1	HUMAN,PANTR
ZNF184	2	1	HUMAN,PANTR
ZNF185	2	1	HUMAN,PANTR
ZNF189	2	1	HUMAN,PANTR
ZNF19	3	3	CANLF,HUMAN,PANTR
ZNF195	2	1	HUMAN,PANTR
ZNF197	2	1	HUMAN,PANTR
ZNF2	2	1	HUMAN,PANTR
ZNF200	2	1	HUMAN,PANTR
ZNF202	2	1	HUMAN,PANTR
ZNF205	3	3	CANLF,HUMAN,PANTR
ZNF207	2	1	HUMAN,PANTR
ZNF211	2	1	HUMAN,PANTR
ZNF212	2	1	HUMAN,PANTR
ZNF213	2	1	HUMAN,PANTR
ZNF214	3	3	CANLF,HUMAN,PANTR
ZNF215	3	3	CANLF,HUMAN,PANTR
ZNF217	3	3	BOVIN,HUMAN,PANTR
ZNF219	2	1	HUMAN,PANTR
ZNF22	2	1	HUMAN,PANTR
ZNF221	2	1	HUMAN,PANTR
ZNF222	2	1	HUMAN,PANTR
ZNF224	2	1	HUMAN,PANTR
ZNF226	2	1	HUMAN,PANTR
ZNF227	2	1	HUMAN,PANTR
ZNF229	2	1	HUMAN,PANTR
ZNF23	2	1	HUMAN,PANTR
ZNF230	2	1	HUMAN,PANTR
ZNF232	2	1	HUMAN,PANTR
ZNF233	2	1	HUMAN,PANTR
ZNF234	2	1	HUMAN,PANTR
ZNF235	2	1	HUMAN,PANTR
ZNF236	2	1	HUMAN,PANTR
ZNF24	2	1	HUMAN,PANTR
ZNF248	3	3	CANLF,HUMAN,PANTR
ZNF25	2	1	HUMAN,PANTR
ZNF250	2	1	HUMAN,PANTR
ZNF251	2	1	HUMAN,PANTR
ZNF253	2	1	HUMAN,PANTR
ZNF256	2	1	HUMAN,PANTR
ZNF257	2	1	HUMAN,PANTR
ZNF26	2	1	HUMAN,PANTR
ZNF260	2	1	HUMAN,PANTR
ZNF263	2	1	HUMAN,PANTR
ZNF264	2	1	HUMAN,PANTR
ZNF267	2	1	HUMAN,PANTR
ZNF268	2	1	HUMAN,PANTR
ZNF274	2	1	HUMAN,PANTR
ZNF275	2	1	HUMAN,PANTR
ZNF276	2	1	HUMAN,PANTR
ZNF277	2	1	HUMAN,PANTR
ZNF280A	2	1	HUMAN,PANTR
ZNF282	2	1	HUMAN,PANTR
ZNF283	3	3	BOVIN,HUMAN,PANTR
ZNF284	2	1	HUMAN,PANTR
ZNF285	2	1	HUMAN,PANTR
ZNF286A	2	1	HUMAN,PANTR
ZNF287	2	1	HUMAN,PANTR
ZNF292	2	1	HUMAN,PANTR
ZNF296	2	1	HUMAN,PANTR
ZNF3	2	1	HUMAN,PANTR
ZNF30	2	1	HUMAN,PANTR
ZNF300	2	1	HUMAN,PANTR
ZNF302	2	1	HUMAN,PANTR
ZNF304	2	1	HUMAN,PANTR
ZNF311	2	1	HUMAN,PANTR
ZNF317	2	1	HUMAN,PANTR
ZNF318	2	1	HUMAN,PANTR
ZNF319	2	1	HUMAN,PANTR
ZNF32	2	1	HUMAN,PANTR
ZNF320	2	1	HUMAN,PANTR
ZNF322	2	1	HUMAN,PANTR
ZNF324	2	1	HUMAN,PANTR
ZNF324B	2	1	HUMAN,PANTR
ZNF326	2	1	HUMAN,PANTR
ZNF329	3	3	BOVIN,HUMAN,PANTR
ZNF330	2	1	HUMAN,PANTR
ZNF331	2	1	HUMAN,PANTR
ZNF333	2	1	HUMAN,PANTR
ZNF334	2	1	HUMAN,PANTR
ZNF335	2	1	HUMAN,PANTR
ZNF337	2	1	HUMAN,PANTR
ZNF33A	2	1	HUMAN,PANTR
ZNF33B	2	1	HUMAN,PANTR
ZNF34	2	1	HUMAN,PANTR
ZNF341	2	1	HUMAN,PANTR
ZNF343	2	1	HUMAN,PANTR
ZNF345	2	1	HUMAN,PANTR
ZNF346	2	1	HUMAN,PANTR
ZNF35	2	1	HUMAN,PANTR
ZNF350	2	1	HUMAN,PANTR
ZNF354A	3	3	CANLF,HUMAN,PANTR
ZNF354B	2	1	HUMAN,PANTR
ZNF354C	2	1	HUMAN,PANTR
ZNF358	2	1	HUMAN,PANTR
ZNF362	2	1	HUMAN,PANTR
ZNF366	2	1	HUMAN,PANTR
ZNF367	2	1	HUMAN,PANTR
ZNF37A	2	1	HUMAN,PANTR
ZNF382	2	1	HUMAN,PANTR
ZNF383	2	1	HUMAN,PANTR
ZNF384	2	1	HUMAN,PANTR
ZNF385A	2	1	HUMAN,PANTR
ZNF385B	2	1	HUMAN,PANTR
ZNF385C	3	3	BOVIN,HUMAN,PANTR
ZNF385D	2	1	HUMAN,PANTR
ZNF391	2	1	HUMAN,PANTR
ZNF394	3	3	CANLF,HUMAN,PANTR
ZNF395	2	1	HUMAN,PANTR
ZNF396	3	3	CANLF,HUMAN,PANTR
ZNF397	2	1	HUMAN,PANTR
ZNF398	2	1	HUMAN,PANTR
ZNF404	2	1	HUMAN,PANTR
ZNF407	2	1	HUMAN,PANTR
ZNF408	2	1	HUMAN,PANTR
ZNF41	2	1	HUMAN,PANTR
ZNF410	2	1	HUMAN,PANTR
ZNF414	2	1	HUMAN,PANTR
ZNF415	2	1	HUMAN,PANTR
ZNF416	2	1	HUMAN,PANTR
ZNF418	2	1	HUMAN,PANTR
ZNF420	2	1	HUMAN,PANTR
ZNF423	2	1	HUMAN,PANTR
ZNF425	2	1	HUMAN,PANTR
ZNF426	2	1	HUMAN,PANTR
ZNF428	2	1	HUMAN,PANTR
ZNF430	2	1	HUMAN,PANTR
ZNF431	2	1	HUMAN,PANTR
ZNF432	2	1	HUMAN,PANTR
ZNF433	2	1	HUMAN,PANTR
ZNF436	2	1	HUMAN,PANTR
ZNF438	2	1	HUMAN,PANTR
ZNF439	2	1	HUMAN,PANTR
ZNF44	2	1	HUMAN,PANTR
ZNF440	2	1	HUMAN,PANTR
ZNF441	2	1	HUMAN,PANTR
ZNF442	2	1	HUMAN,PANTR
ZNF443	2	1	HUMAN,PANTR
ZNF444	2	1	HUMAN,PANTR
ZNF445	2	1	HUMAN,PANTR
ZNF446	3	3	BOVIN,HUMAN,PANTR
ZNF449	2	1	HUMAN,PANTR
ZNF45	2	1	HUMAN,PANTR
ZNF451	2	1	HUMAN,PANTR
ZNF454	2	1	HUMAN,PANTR
ZNF460	2	1	HUMAN,PANTR
ZNF461	3	3	BOVIN,HUMAN,PANTR
ZNF462	2	1	HUMAN,PANTR
ZNF467	2	1	HUMAN,PANTR
ZNF468	2	1	HUMAN,PANTR
ZNF470	2	1	HUMAN,PANTR
ZNF471	2	1	HUMAN,PANTR
ZNF473	3	3	BOVIN,HUMAN,PANTR
ZNF48	2	1	HUMAN,PANTR
ZNF480	2	1	HUMAN,PANTR
ZNF483	2	1	HUMAN,PANTR
ZNF484	2	1	HUMAN,PANTR
ZNF485	2	1	HUMAN,PANTR
ZNF496	2	1	HUMAN,PANTR
ZNF497	2	1	HUMAN,PANTR
ZNF501	2	1	HUMAN,PANTR
ZNF502	2	1	HUMAN,PANTR
ZNF503	2	1	HUMAN,PANTR
ZNF506	2	1	HUMAN,PANTR
ZNF507	2	1	HUMAN,PANTR
ZNF510	2	1	HUMAN,PANTR
ZNF511	2	1	HUMAN,PANTR
ZNF512	2	1	HUMAN,PANTR
ZNF512B	2	1	HUMAN,PANTR
ZNF513	2	1	HUMAN,PANTR
ZNF514	2	1	HUMAN,PANTR
ZNF516	2	1	HUMAN,PANTR
ZNF517	2	1	HUMAN,PANTR
ZNF518A	2	1	HUMAN,PANTR
ZNF518B	2	1	HUMAN,PANTR
ZNF519	2	1	HUMAN,PANTR
ZNF521	2	1	HUMAN,PANTR
ZNF524	2	1	HUMAN,PANTR
ZNF527	2	1	HUMAN,PANTR
ZNF528	2	1	HUMAN,PANTR
ZNF529	2	1	HUMAN,PANTR
ZNF530	2	1	HUMAN,PANTR
ZNF534	2	1	HUMAN,PANTR
ZNF536	2	1	HUMAN,PANTR
ZNF540	2	1	HUMAN,PANTR
ZNF541	2	1	HUMAN,PANTR
ZNF543	2	1	HUMAN,PANTR
ZNF544	2	1	HUMAN,PANTR
ZNF546	2	1	HUMAN,PANTR
ZNF547	2	1	HUMAN,PANTR
ZNF548	2	1	HUMAN,PANTR
ZNF549	2	1	HUMAN,PANTR
ZNF550	2	1	HUMAN,PANTR
ZNF551	2	1	HUMAN,PANTR
ZNF552	2	1	HUMAN,PANTR
ZNF554	2	1	HUMAN,PANTR
ZNF555	3	3	BOVIN,HUMAN,PANTR
ZNF556	2	1	HUMAN,PANTR
ZNF557	2	1	HUMAN,PANTR
ZNF558	2	1	HUMAN,PANTR
ZNF560	2	1	HUMAN,PANTR
ZNF561	2	1	HUMAN,PANTR
ZNF562	2	1	HUMAN,PANTR
ZNF563	2	1	HUMAN,PANTR
ZNF564	2	1	HUMAN,PANTR
ZNF565	2	1	HUMAN,PANTR
ZNF566	2	1	HUMAN,PANTR
ZNF567	2	1	HUMAN,PANTR
ZNF568	2	1	HUMAN,PANTR
ZNF569	2	1	BOVIN,HUMAN
ZNF57	2	1	HUMAN,PANTR
ZNF570	2	1	HUMAN,PANTR
ZNF571	2	1	HUMAN,PANTR
ZNF572	4	6	BOVIN,CANLF,HUMAN,PANTR
ZNF573	2	1	HUMAN,PANTR
ZNF574	3	3	BOVIN,HUMAN,PANTR
ZNF575	2	1	HUMAN,PANTR
ZNF576	2	1	HUMAN,PANTR
ZNF577	2	1	HUMAN,PANTR
ZNF578	2	1	HUMAN,PANTR
ZNF579	2	1	HUMAN,PANTR
ZNF580	3	3	BOVIN,HUMAN,PANTR
ZNF581	2	1	HUMAN,PANTR
ZNF582	2	1	HUMAN,PANTR
ZNF583	2	1	HUMAN,PANTR
ZNF584	3	3	BOVIN,HUMAN,PANTR
ZNF585A	2	1	HUMAN,PANTR
ZNF585B	2	1	HUMAN,PANTR
ZNF586	2	1	HUMAN,PANTR
ZNF589	2	1	HUMAN,PANTR
ZNF592	2	1	HUMAN,PANTR
ZNF593	4	6	BOVIN,CANLF,HUMAN,PANTR
ZNF595	2	1	HUMAN,PANTR
ZNF596	2	1	HUMAN,PANTR
ZNF597	2	1	HUMAN,PANTR
ZNF598	2	1	HUMAN,PANTR
ZNF599	2	1	HUMAN,PANTR
ZNF600	2	1	HUMAN,PANTR
ZNF605	3	3	CANLF,HUMAN,PANTR
ZNF606	3	3	BOVIN,HUMAN,PANTR
ZNF607	2	1	HUMAN,PANTR
ZNF608	2	1	HUMAN,PANTR
ZNF609	2	1	HUMAN,PANTR
ZNF611	2	1	HUMAN,PANTR
ZNF613	2	1	HUMAN,PANTR
ZNF614	2	1	HUMAN,PANTR
ZNF615	2	1	HUMAN,PANTR
ZNF616	2	1	HUMAN,PANTR
ZNF618	2	1	HUMAN,PANTR
ZNF619	2	1	HUMAN,PANTR
ZNF620	2	1	HUMAN,PANTR
ZNF621	2	1	HUMAN,PANTR
ZNF622	2	1	HUMAN,PANTR
ZNF625	2	1	HUMAN,PANTR
ZNF627	2	1	HUMAN,PANTR
ZNF628	3	3	BOVIN,HUMAN,PANTR
ZNF629	2	1	HUMAN,PANTR
ZNF638	2	1	HUMAN,PANTR
ZNF639	2	1	HUMAN,PANTR
ZNF641	2	1	HUMAN,PANTR
ZNF644	2	1	HUMAN,PANTR
ZNF646	2	1	HUMAN,PANTR
ZNF648	2	1	HUMAN,PANTR
ZNF649	2	1	HUMAN,PANTR
ZNF653	2	1	HUMAN,PANTR
ZNF654	2	1	HUMAN,PANTR
ZNF655	2	1	HUMAN,PANTR
ZNF662	2	1	HUMAN,PANTR
ZNF664	2	1	HUMAN,PANTR
ZNF665	2	1	HUMAN,PANTR
ZNF667	2	1	HUMAN,PANTR
ZNF668	2	1	HUMAN,PANTR
ZNF669	2	1	HUMAN,PANTR
ZNF670	2	1	HUMAN,PANTR
ZNF671	2	1	HUMAN,PANTR
ZNF672	3	3	BOVIN,HUMAN,PANTR
ZNF674	2	1	HUMAN,PANTR
ZNF675	2	1	HUMAN,PANTR
ZNF677	2	1	HUMAN,PANTR
ZNF678	2	1	HUMAN,PANTR
ZNF679	2	1	HUMAN,PANTR
ZNF680	2	1	HUMAN,PANTR
ZNF682	2	1	HUMAN,PANTR
ZNF683	2	1	HUMAN,PANTR
ZNF684	2	1	HUMAN,PANTR
ZNF687	2	1	HUMAN,PANTR
ZNF688	2	1	HUMAN,PANTR
ZNF689	3	3	CANLF,HUMAN,PANTR
ZNF691	2	1	HUMAN,PANTR
ZNF692	2	1	HUMAN,PANTR
ZNF695	2	1	HUMAN,PANTR
ZNF696	2	1	HUMAN,PANTR
ZNF697	2	1	HUMAN,PANTR
ZNF699	2	1	HUMAN,PANTR
ZNF7	2	1	HUMAN,PANTR
ZNF70	2	1	HUMAN,PANTR
ZNF700	2	1	HUMAN,PANTR
ZNF703	2	1	HUMAN,PANTR
ZNF704	2	1	HUMAN,PANTR
ZNF708	2	1	HUMAN,PANTR
ZNF71	2	1	HUMAN,PANTR
ZNF710	4	6	BOVIN,CANLF,HUMAN,PANTR
ZNF711	2	1	HUMAN,PANTR
ZNF713	2	1	HUMAN,PANTR
ZNF714	2	1	HUMAN,PANTR
ZNF716	2	1	HUMAN,PANTR
ZNF718	2	1	HUMAN,PANTR
ZNF721	2	1	HUMAN,PANTR
ZNF728	2	1	HUMAN,PANTR
ZNF729	2	1	HUMAN,PANTR
ZNF730	2	1	HUMAN,PANTR
ZNF732	2	1	HUMAN,PANTR
ZNF736	2	1	HUMAN,PANTR
ZNF74	2	1	HUMAN,PANTR
ZNF740	2	1	HUMAN,PANTR
ZNF746	2	1	HUMAN,PANTR
ZNF750	2	1	HUMAN,PANTR
ZNF75A	2	1	HUMAN,PANTR
ZNF75D	3	3	CANLF,HUMAN,PANTR
ZNF76	3	3	BOVIN,HUMAN,PANTR
ZNF764	2	1	HUMAN,PANTR
ZNF766	2	1	HUMAN,PANTR
ZNF768	2	1	CANLF,HUMAN
ZNF77	2	1	HUMAN,PANTR
ZNF770	2	1	HUMAN,PANTR
ZNF771	2	1	HUMAN,PANTR
ZNF772	2	1	HUMAN,PANTR
ZNF773	2	1	HUMAN,PANTR
ZNF775	2	1	HUMAN,PANTR
ZNF777	2	1	HUMAN,PANTR
ZNF778	2	1	HUMAN,PANTR
ZNF780B	2	1	HUMAN,PANTR
ZNF782	2	1	HUMAN,PANTR
ZNF783	2	1	HUMAN,PANTR
ZNF784	2	1	HUMAN,PANTR
ZNF785	3	3	CANLF,HUMAN,PANTR
ZNF786	3	3	BOVIN,HUMAN,PANTR
ZNF789	2	1	HUMAN,PANTR
ZNF79	2	1	HUMAN,PANTR
ZNF791	2	1	HUMAN,PANTR
ZNF792	2	1	HUMAN,PANTR
ZNF793	2	1	HUMAN,PANTR
ZNF799	2	1	HUMAN,PANTR
ZNF8	2	1	HUMAN,PANTR
ZNF80	2	1	HUMAN,PANTR
ZNF800	2	1	HUMAN,PANTR
ZNF804A	2	1	HUMAN,PANTR
ZNF804B	2	1	HUMAN,PANTR
ZNF805	2	1	HUMAN,PANTR
ZNF81	2	1	HUMAN,PANTR
ZNF821	2	1	HUMAN,PANTR
ZNF827	3	3	BOVIN,HUMAN,PANTR
ZNF829	2	1	HUMAN,PANTR
ZNF830	2	1	HUMAN,PANTR
ZNF831	2	1	HUMAN,PANTR
ZNF835	2	1	HUMAN,PANTR
ZNF839	3	3	BOVIN,HUMAN,PANTR
ZNF84	2	1	HUMAN,PANTR
ZNF841	2	1	HUMAN,PANTR
ZNF843	2	1	HUMAN,PANTR
ZNF845	2	1	HUMAN,PANTR
ZNF852	2	1	HUMAN,PANTR
ZNF860	2	1	HUMAN,PANTR
ZNF862	3	3	CANLF,HUMAN,PANTR
ZNF875	3	3	CANLF,HUMAN,PANTR
ZNF878	2	1	HUMAN,PANTR
ZNF879	3	3	BOVIN,HUMAN,PANTR
ZNF891	2	1	HUMAN,PANTR
ZNF90	2	1	HUMAN,PANTR
ZNF92	2	1	HUMAN,PANTR
ZNF99	2	1	HUMAN,PANTR
ZNFX1	2	1	HUMAN,PANTR
ZNHIT1	2	1	HUMAN,PANTR
ZNHIT2	2	1	HUMAN,PANTR
ZNHIT3	2	1	HUMAN,PANTR
ZNHIT6	2	1	HUMAN,PANTR
ZNRF1	2	1	HUMAN,PANTR
ZNRF2	2	1	HUMAN,PANTR
ZNRF3	3	3	BOVIN,HUMAN,PANTR
ZP1	2	1	HUMAN,PANTR
ZP2	2	1	HUMAN,PANTR
ZP3	2	1	HUMAN,PANTR
ZP4	2	1	HUMAN,PANTR
ZPBP	2	1	HUMAN,PANTR
ZPBP2	2	1	HUMAN,PANTR
ZPLD1	2	1	HUMAN,PANTR
ZPR1	2	1	HUMAN,PANTR
ZRANB1	2	1	HUMAN,PANTR
ZRANB2	2	1	HUMAN,PANTR
ZRANB3	2	1	HUMAN,PANTR
ZRSR2	2	1	HUMAN,PANTR
ZSCAN1	2	1	HUMAN,PANTR
ZSCAN10	2	1	HUMAN,PANTR
ZSCAN12	2	1	HUMAN,PANTR
ZSCAN16	2	1	HUMAN,PANTR
ZSCAN18	2	1	HUMAN,PANTR
ZSCAN2	2	1	HUMAN,PANTR
ZSCAN20	2	1	HUMAN,PANTR
ZSCAN21	3	3	CANLF,HUMAN,PANTR
ZSCAN22	2	1	HUMAN,PANTR
ZSCAN23	2	1	HUMAN,PANTR
ZSCAN25	2	1	HUMAN,PANTR
ZSCAN26	2	1	HUMAN,PANTR
ZSCAN29	2	1	HUMAN,PANTR
ZSCAN30	3	3	CANLF,HUMAN,PANTR
ZSCAN31	2	1	HUMAN,PANTR
ZSCAN32	2	1	HUMAN,PANTR
ZSCAN4	3	3	BOVIN,HUMAN,PANTR
ZSCAN5A	2	1	HUMAN,PANTR
ZSCAN5B	2	1	HUMAN,PANTR
ZSCAN9	2	1	HUMAN,PANTR
ZSWIM1	2	1	HUMAN,PANTR
ZSWIM2	2	1	HUMAN,PANTR
ZSWIM3	2	1	HUMAN,PANTR
ZSWIM4	2	1	HUMAN,PANTR
ZSWIM5	2	1	HUMAN,PANTR
ZSWIM6	2	1	HUMAN,PANTR
ZSWIM7	2	1	HUMAN,PANTR
ZSWIM8	2	1	HUMAN,PANTR
ZSWIM9	3	3	BOVIN,HUMAN,PANTR
ZUP1	2	1	HUMAN,PANTR
ZW10	2	1	HUMAN,PANTR
ZWILCH	2	1	HUMAN,PANTR
ZWINT	2	1	HUMAN,PANTR
ZXDC	2	1	HUMAN,PANTR
ZYG11A	2	1	HUMAN,PANTR
ZYG11B	2	1	HUMAN,PANTR
ZYX	3	3	CANLF,HUMAN,PANTR
ZZEF1	2	1	HUMAN,PANTR
ZZZ3	2	1	HUMAN,PANTR
