event_index	iteration	source_cluster	target_cluster	cohort	recovered_tp_pairs	added_fp_pairs	source_size	target_size	source_seed_families	target_seed_families	support	margin	species_overlap_fraction	forward_hits	reverse_hits	forward_average	reverse_average	forward_maximum	reverse_maximum	forward_coverage	reverse_coverage	forward_normalized_support	reverse_normalized_support
41	0	203468	94808	FP-only	0	2	8	51	1	1	54.481906701710386	1.928919229634454	1.0	376	372	2.96225786677629	2.958281106372613	3.481281494376939	3.481281494376939	47.0	46.5	55.141760150895124	54.481906701710386
135	0	115224	115204	FP-only	0	16	8	87	1	1	30.290816249549394	1.5227396264252064	1.0	331	341	2.414279809952455	2.4054523238708634	2.815835323918743	2.815835323918743	41.375	42.625	30.290816249549394	31.09184634606252
165	0	94810	115211	FP-only	0	7	12	39	1	1	27.20420632293846	1.7567314177831508	1.0	400	283	2.105852632040671	2.079565246763031	2.392347540310002	2.3703599869842304	33.333333333333336	23.583333333333332	38.93722894047918	27.20420632293846
167	0	21712	92780	FP-only	0	4	5	60	1	1	26.89593753046448	51.72773087756577	1.0	241	240	1.9329929593345678	1.944927116768308	2.702127659574468	2.702127659574468	48.2	48.0	26.89593753046448	26.949700666089246
185	0	294709	94808	FP-only	0	2	2	51	1	1	25.10864961347966	1.7795925729396844	1.0	94	93	2.729891880011466	2.726719685666031	3.117329995290591	3.117329995290591	47.0	46.5	25.40815993330208	25.10864961347966
190	0	113157	92117	FP-only	0	8	7	40	1	1	24.90316325568923	positive_infinity	1.0	242	233	1.766285731883597	1.788453324488186	2.2069134471269565	2.1730062932966825	34.57142857142857	33.285714285714285	25.5444943919776	24.90316325568923
220	0	115227	95420	FP-only	0	4	7	37	1	1	23.266303212463693	1.9745847611127783	1.0	108	105	3.5255421215200036	3.5660544211009118	4.788643533123029	4.788643533123029	15.428571428571429	15.0	23.659185057223596	23.266303212463693
221	0	183720	115050	FP-only	0	1	6	35	1	1	23.208076455979448	1.510084136936816	1.0	165	161	2.069156817892418	2.0889253383724666	2.2448735408443947	2.24179415327122	27.5	26.833333333333332	23.55958863894862	23.208076455979448
229	0	112464	115197	FP-only	0	14	12	64	1	1	22.775528792910727	1.5568447153178473	1.0	356	313	2.008473217012088	2.016530251172868	2.394352278647302	2.4007117800514117	29.666666666666668	26.083333333333332	25.800934293171338	22.775528792910727
243	0	35933	115050	TP-only	2	0	1	35	1	1	22.05899957694824	3.9537482162858697	1.0	35	35	3.7297106892066934	3.7286514695024704	5.189102564102564	5.189102564102564	35.0	35.0	22.065266005226253	22.05899957694824
256	0	33891	115211	mixed	1	2	1	39	1	1	21.09911278632203	2.1595243806293913	1.0	38	38	3.4674715031200827	3.467555984093998	4.382028116980359	4.382028116980359	38.0	38.0	21.09911278632203	21.09962684205265
298	0	35382	112463	FP-only	0	1	1	42	1	1	19.391938198674758	2.1263690062135066	1.0	37	38	3.3965979217611224	3.374829406446059	4.300490264527275	4.297259242540402	37.0	38.0	19.391938198674758	19.788404352677794
375	0	34040	95421	mixed	1	1	1	42	1	1	16.954029020567816	1.58448141769962	1.0	31	31	3.547189924644005	3.544344060502639	5.079113924050633	5.079113924050633	31.0	31.0	16.96764193805486	16.954029020567816
394	0	33859	87826	mixed	2	1	1	14	1	1	16.463096162285353	1.9230941300889972	1.0	14	14	4.400401043080581	4.399947526056051	5.1645569620253164	5.1645569620253164	14.0	14.0	16.464793067610213	16.463096162285353
402	0	33778	118018	TP-only	1	0	1	28	1	1	16.228830276266233	1.719413720311084	1.0	23	25	3.733691215693575	3.666906455250039	4.3452768729641695	4.3452768729641695	23.0	25.0	16.228830276266233	17.32450457415893
410	0	103571	107764	FP-only	0	8	12	16	1	1	15.869133437743749	2.157467610475958	1.0	168	168	1.308864066012492	1.3164028612443768	1.7156631370988886	1.7156631370988886	14.0	14.0	15.869133437743749	15.960536472330126
416	0	101040	45313	FP-only	0	6	10	37	1	1	15.699275118851906	17.140819232647402	1.0	217	215	1.4562215786383652	1.404565518143988	2.4539764729328146	1.7564533028601146	21.7	21.5	16.42806203148243	15.699275118851906
437	0	112112	97134	FP-only	0	2	3	9	1	1	15.011200920992604	positive_infinity	1.0	27	27	2.888906964198213	2.888906964198213	3.14101305495464	3.14101305495464	9.0	9.0	15.011200920992604	15.011200920992604
450	0	34002	115579	mixed	1	1	1	13	1	1	14.805553988123203	2.016452647267031	0.0	13	13	4.106321851217581	4.106570840157714	4.5777777777777775	4.5777777777777775	13.0	13.0	14.805553988123203	14.806451730513869
460	0	35971	115231	TP-only	1	0	1	41	1	1	14.73107493448734	2.412773726217627	0.0	26	26	3.6280012965234074	3.6278808829405924	3.851896799450085	3.851896799450085	26.0	26.0	14.731563875984818	14.73107493448734
476	0	33964	115579	mixed	2	1	1	13	1	1	14.5104294066488	1.9940839955301046	0.0	13	13	4.024469019590212	4.024718008530344	4.587301587301587	4.587301587301587	13.0	13.0	14.5104294066488	14.511327149039467
481	0	91923	47650	TP-only	1	0	1	13	1	1	14.423398170977434	3.3903769812645983	1.0	13	13	4.0005724148605335	4.000330897837896	4.93730407523511	4.93730407523511	13.0	13.0	14.424268972986447	14.423398170977434
538	0	33816	115215	FP-only	0	5	1	34	1	1	13.304519451568348	1.6713268641425167	1.0	30	30	2.5867842065515765	2.5859337635376205	2.9409925762210958	2.9378027795006827	30.0	30.0	13.30889494477748	13.304519451568348
539	0	35944	115215	FP-only	0	5	1	34	1	1	13.293593810857677	1.6753372820343992	1.0	30	30	2.5843418334775468	2.5838102006908112	2.8995252188557226	2.896335422135309	30.0	30.0	13.296329038979893	13.293593810857677
564	0	34438	97856	TP-only	2	0	1	29	1	1	12.830159190040717	2.0444153130861404	1.0	18	20	3.838473430007811	3.8257274853691228	4.237352139745103	4.237352139745103	18.0	20.0	12.830159190040717	14.208395183377231
592	0	35401	115219	TP-only	3	0	1	8	1	1	12.522433666347041	1.751002039786221	0.0	8	8	4.427348881216357	4.427348881216357	4.577161109962224	4.577161109962224	8.0	8.0	12.522433666347041	12.522433666347041
610	0	36025	115222	TP-only	2	0	1	25	1	1	12.36655470289875	2.2876120472129085	1.0	15	19	4.12218490096625	3.9292632532023877	4.542588783028391	4.545799093122404	15.0	19.0	12.36655470289875	14.931200362169074
614	0	36005	115231	FP-only	0	1	1	41	1	1	12.346136417908468	2.18126904053157	0.0	21	21	3.7644688255315284	3.764468825531528	3.980619087826899	3.980619087826899	21.0	21.0	12.34613641790847	12.346136417908468
653	0	33867	283238	TP-only	1	0	1	7	1	1	11.73501197668904	1.5632170498878568	0.0	7	7	4.435417617526244	4.435417617526244	4.603833865814696	4.603833865814696	7.0	7.0	11.73501197668904	11.73501197668904
654	0	15129	100316	mixed	1	5	1	35	1	1	11.733569789760724	2.3441835395739097	1.0	25	25	2.7766694006716732	2.8022216677169225	5.482444733420026	5.482444733420026	25.0	25.0	11.733569789760724	11.841547825816981
659	0	35955	115220	TP-only	2	0	1	21	1	1	11.695855394651472	1.675889796938868	0.0	15	14	3.7389226680485868	3.8283673330891412	4.990595611285267	4.990595611285267	15.0	14.0	12.238497245656355	11.695855394651472
679	0	14647	111811	TP-only	1	0	1	9	1	1	11.503690482795525	2.502600637223793	0.0	8	8	4.315440778455969	4.313883931048322	4.910041841004184	4.910041841004184	8.0	8.0	11.507842075882584	11.503690482795525
689	0	100296	100316	FP-only	0	10	7	35	1	1	11.295018984294211	1.5599655978911375	0.7142857142857143	109	114	1.6219725852497926	1.6588442678830042	2.8091303665047596	2.800347259574573	15.571428571428571	16.285714285714285	11.295018984294211	12.081682696178246
696	0	33379	107932	mixed	1	1	1	15	1	1	11.258660242311016	2.186403369470787	1.0	15	15	2.9069735746052086	2.911957872940529	5.228915662650603	5.228915662650603	15.0	15.0	11.258660242311016	11.277964346756242
732	0	36987	108813	TP-only	1	0	1	12	1	1	10.871817663577438	5.6672893656145025	0.0	10	10	3.766108112788177	3.766569556647101	5.248826291079812	5.248826291079812	10.0	10.0	10.871817663577438	10.873149737258267
740	0	43026	43025	FP-only	0	10	12	134	1	1	10.827818153824644	2.8445849295635783	1.0	721	776	0.6892287595429354	0.5595285539487822	1.158130652866219	1.0351943156830745	60.083333333333336	64.66666666666667	12.392406005502243	10.827818153824644
741	0	30410	108430	mixed	1	1	1	27	1	1	10.823801803522509	2.315711865757933	1.0	25	25	2.249684958570796	2.330076206305387	4.699303303914944	4.604881444639991	25.0	25.0	10.823801803522509	11.210584374522975
744	0	33848	112459	mixed	3	1	1	20	1	1	10.8082596488937	1.5491390511418173	1.0	12	12	4.028000548899054	4.028000548899054	4.923570423280562	4.923570423280562	12.0	12.0	10.8082596488937	10.8082596488937
751	0	14585	119100	TP-only	1	0	1	19	1	1	10.742336397829195	2.0382411326644045	0.0	14	12	3.344625626832586	3.9041980724523775	5.24822497090027	5.24345168761614	14.0	12.0	10.742336397829195	10.748213591612338
803	0	35351	115222	FP-only	0	2	1	25	1	1	10.296021577613484	1.7875862107144336	1.0	16	19	3.217506743004214	3.2744820036571185	3.4610653861257985	4.019434427157875	16.0	19.0	10.296021577613484	12.44303161389705
812	0	97525	92796	FP-only	0	18	7	94	1	1	10.214631758922547	positive_infinity	1.0	142	137	1.8641500299139304	1.912560114037861	2.6028835512133455	2.6028835512133455	20.285714285714285	19.571428571428573	10.319443076215716	10.214631758922547
818	0	33760	92519	FP-only	0	2	1	43	1	1	10.185034015288773	1.7640960663575855	1.0	26	30	2.5687590162761884	2.532191853224847	4.575562193098395	4.575562193098395	26.0	30.0	10.185034015288773	11.584669122739736
820	0	34262	92519	FP-only	0	2	1	43	1	1	10.15710310675668	1.76543000291751	1.0	26	30	2.5617145849059146	2.524103842936299	4.572417476814478	4.572417476814478	26.0	30.0	10.15710310675668	11.547666822564569
831	0	14533	103729	FP-only	0	2	1	13	1	1	10.048581564318333	1.957725148310963	1.0	13	11	2.939310065340256	3.293697825075627	3.7861025462480966	3.6761327627471148	13.0	11.0	10.597833155071703	10.048581564318333
837	0	95731	106587	FP-only	0	8	5	42	1	1	9.99933824723867	1.6815946454696147	1.0	106	112	1.3670205448426145	1.4051424534303407	1.6531086157486432	1.655313931605155	21.2	22.4	9.99933824723867	10.859972626519475
847	0	34560	115241	TP-only	2	0	1	5	1	1	9.950225409632168	1.564948149531669	0.0	5	5	4.459784539972974	4.449876081476644	4.672623797668056	4.672623797668056	5.0	5.0	9.972381396382199	9.950225409632168
848	0	17342	103729	FP-only	0	3	1	13	1	1	9.933122971732098	1.9044146676810965	1.0	13	11	2.9064859130762484	3.255853109097211	3.7460366608294584	3.6371741527825203	13.0	11.0	10.479483991010186	9.933122971732098
885	0	24362	24361	FP-only	0	11	10	118	1	1	9.683082362150685	3.4957242070740233	1.0	321	310	1.0531977809056294	1.0729832334821956	1.4673329478639714	1.4778389116911597	32.1	31.0	9.841787056779097	9.683082362150685
903	0	87383	87382	FP-only	0	6	7	82	1	1	9.524005453949242	2.264844207850448	1.0	343	359	0.6652447587792369	0.6728334055515266	1.0638332845206397	1.0858816427490467	49.0	51.285714285714285	9.524005453949242	10.08198502466449
910	0	14561	113873	TP-only	2	0	1	9	1	1	9.483670562579247	2.0197714830471893	0.0	8	8	3.556376460967218	3.5938439663785378	4.710053774438307	4.75821722981867	8.0	8.0	9.483670562579247	9.583583910342767
919	0	17333	104573	mixed	1	1	1	7	1	1	9.359968933611453	1.969024415900465	1.0	7	6	3.5694821745657728	4.127358346271057	5.520408163265306	5.520408163265306	7.0	6.0	9.443962143179078	9.359968933611453
922	0	17330	105207	mixed	1	3	1	21	1	1	9.337071183304568	2.372637396288015	1.0	17	17	2.5169314980402397	2.5505749931939934	5.467326732673268	5.467326732673268	17.0	17.0	9.337071183304568	9.461878596359055
937	0	14759	106588	mixed	1	2	1	10	1	1	9.222333352593035	1.893832175873525	1.0	9	9	3.2403976372811893	3.3393144117541476	4.353980178364165	4.618749243264689	9.0	9.0	9.222333352593035	9.503855428111608
939	0	43851	115284	TP-only	1	0	1	8	1	1	9.210181951103033	2.2713986868732556	0.0	8	7	3.3033600419374096	3.7214754934782297	5.318295739348371	5.318295739348371	8.0	7.0	9.343313145418481	9.210181951103033
942	0	113275	26655	FP-only	0	2	8	25	1	1	9.194421684225267	15.028453605134182	1.0	117	110	1.1240172333369114	1.1820796221826044	1.420317368339195	1.4150176766662876	14.625	13.75	9.299162431997942	9.194421684225267
964	0	17413	24777	TP-only	2	0	1	17	1	1	9.06311389995117	3.055900843190226	1.0	15	14	2.491211727100152	2.731438789878372	4.496311194560321	4.502673899080925	15.0	14.0	9.06311389995117	9.274596998122902
965	0	36584	39424	FP-only	0	4	6	39	1	1	9.062508053715312	2.4665708199614507	1.0	146	138	0.949518604273688	1.08709441234077	1.7633201947740826	1.781313257986063	24.333333333333332	23.0	9.062508053715312	9.807050715215011
999	0	14477	284786	TP-only	1	0	1	5	1	1	8.794141594257692	1.594836847184987	0.0	5	5	3.9328596817037145	3.967057140150166	5.387096774193548	5.387096774193548	5.0	5.0	8.794141594257692	8.870609436001681
1005	0	96163	110430	FP-only	0	4	10	22	1	1	8.77504857795892	2.0149618305305195	0.7777777777777778	105	100	1.2416387397349788	1.3015500397609978	1.720537947616209	1.7403349323691153	10.5	10.0	8.789683009362738	8.77504857795892
1011	0	22359	25124	FP-only	0	36	11	127	1	1	8.746451614472855	5.283064278208957	1.0	372	375	0.8961117805335781	0.8717638046454058	1.1643135548049997	1.1658532437528402	33.81818181818182	34.09090909090909	8.918810234524305	8.746451614472855
1016	0	115134	48466	FP-only	0	3	4	10	1	1	8.710988855641272	1.909892656693499	1.0	33	33	1.6694888155254612	1.8376799657500773	2.103045405797063	2.247310513630028	8.25	8.25	8.710988855641272	9.588569598680262
1059	0	49146	92695	mixed	1	2	1	44	1	1	8.434537785074752	1.8562892718970545	1.0	26	26	2.2058799794842363	2.1518613163975577	5.454106668086859	5.454106668086859	26.0	26.0	8.646271901689001	8.434537785074752
1068	0	17281	113013	TP-only	1	0	1	8	1	1	8.390183381464544	1.5462249813231046	0.0	5	5	4.747329129512542	4.746204451545806	5.467403590713354	5.465567042647948	5.0	5.0	8.39217155000687	8.390183381464544
1069	0	18690	155201	TP-only	1	0	1	6	1	1	8.389186826346018	2.0279949454564434	0.0	5	5	4.22330223176848	4.109845416285266	5.11734693877551	5.11734693877551	5.0	5.0	8.620779581158498	8.389186826346018
1099	0	14678	48466	FP-only	0	3	1	10	1	1	8.231326727045701	1.501833680788618	1.0	8	9	3.2537175778104404	3.0132366773917694	3.3504274311841473	3.3097522780177933	8.0	9.0	8.231326727045701	8.575821926744387
1105	0	31083	103622	FP-only	0	1	1	34	1	1	8.214550500983284	1.522499493839749	1.0	30	32	1.59662162696703	1.5698203420368504	5.01867966906693	4.993653648469358	30.0	32.0	8.214550500983284	8.615102962791973
1117	0	91881	115214	TP-only	2	0	1	9	1	1	8.1598393939705	1.5818580198759358	0.0	6	6	4.0911673524187995	4.07991969698525	4.262345679012346	4.262345679012346	6.0	6.0	8.182334704837599	8.1598393939705
1131	0	91691	115214	TP-only	2	0	1	9	1	1	8.100858534695712	1.5270157331335368	0.0	6	6	4.061676922781405	4.050429267347856	4.271604938271605	4.271604938271605	6.0	6.0	8.12335384556281	8.100858534695712
1135	0	91344	181287	TP-only	1	0	1	5	1	1	8.074994776313613	1.8887863317986777	0.0	4	4	4.514059309448237	4.514059309448237	4.978951532341839	4.978951532341839	4.0	4.0	8.074994776313613	8.074994776313613
1201	0	15443	115172	TP-only	2	0	1	9	1	1	7.721002783794269	1.74340298286527	1.0	7	7	3.3090011930546868	3.3155570820203115	4.215889464594127	4.217616580310881	7.0	7.0	7.721002783794269	7.736299858047393
1207	0	18245	105183	TP-only	1	0	1	5	1	1	7.682283157270891	1.9113559434478316	0.0	5	5	3.4473791033005923	3.435621472411884	4.421713583242875	4.304103990262008	5.0	5.0	7.708574019192394	7.682283157270891
1250	0	91741	181287	TP-only	1	0	1	5	1	1	7.47615421554978	1.7487141834655067	0.0	4	4	4.179297259060231	4.179297259060231	4.239616419310064	4.239616419310064	4.0	4.0	7.47615421554978	7.47615421554978
1271	0	92655	113663	TP-only	2	0	1	7	1	1	7.369194364707305	2.1623544271918407	0.0	7	7	2.801595192171292	2.7852936645591635	3.697158112743585	3.6875426170017294	7.0	7.0	7.4123241527594494	7.369194364707305
1286	0	111863	24777	FP-only	0	4	6	17	1	1	7.297673588986802	1.567888020345384	0.8333333333333334	84	73	0.9399969849870128	1.0096286363085851	1.2132801720372737	1.2057142609366092	14.0	12.166666666666666	7.818179922759129	7.297673588986802
1336	0	108330	103571	FP-only	0	4	8	12	1	1	7.13376453268563	23.35130614178179	1.0	42	42	1.6641983857375124	1.7159129569034959	2.25996470684621	2.3030938043051075	5.25	5.25	7.13376453268563	7.355444578026767
1368	0	34306	181800	mixed	1	2	1	16	1	1	7.004346445263907	1.5601351178878164	1.0	7	7	4.008233471472528	4.002483683007947	4.673100926163542	4.673100926163542	7.0	7.0	7.014408575076925	7.004346445263907
1459	0	116360	115064	FP-only	0	4	6	10	1	1	6.668852534967787	1.505120694187542	0.8	35	35	1.5261370710206914	1.4759059889281916	2.027400807267787	2.0082415212884523	5.833333333333333	5.833333333333333	6.8958207034417205	6.668852534967787
1519	0	67701	67699	FP-only	0	2	10	38	1	1	6.45870837784668	1.534410548403404	1.0	351	253	0.6935793618996204	0.4976419153515122	1.4320971106610159	1.3928623603234263	35.1	25.3	12.488534558873896	6.45870837784668
1545	0	112648	38717	FP-only	0	14	8	115	1	1	6.358779640122331	3.0975550956309568	1.0	219	213	0.8806910317300198	0.9229064898896763	2.1783048207671922	2.1897998330139847	27.375	26.625	6.358779640122331	6.481020418867263
1563	0	69249	101124	TP-only	2	0	1	18	1	1	6.29980338275903	6.302267468130096	0.0	12	12	2.233544191848304	2.2273168460454302	5.157451923076923	5.157451923076923	12.0	12.0	6.3174169765430515	6.29980338275903
1686	0	80725	38717	FP-only	0	14	9	115	1	1	5.797790349989703	3.842755807562811	1.0	245	245	0.8745319478388678	0.7613188757528441	1.1495706189902206	1.0294713646238642	27.22222222222222	27.22222222222222	6.659959511609344	5.797790349989703
1732	0	99377	25124	FP-only	0	18	4	127	1	1	5.678839526288797	3.6955283194495063	1.0	79	87	1.8670953336021583	1.471201638820458	2.713444786373154	2.7080609673525724	19.75	21.75	6.544277831990687	5.678839526288797
1797	0	151067	41653	mixed	1	2	2	110	1	1	5.466078581787041	56.34174714522592	1.0	180	187	0.8045161409119119	0.43355640330048195	1.553106104826797	1.0004168151471446	90.0	93.5	9.763284087940848	5.466078581787041
1860	0	102798	93189	FP-only	0	10	12	65	1	1	5.286807964703432	2.4586461692046258	1.0	334	335	0.48658416938728494	0.44075376408613876	0.6897671404889231	0.6219512717688237	27.833333333333332	27.916666666666668	5.819117691544973	5.286807964703432
1952	0	97855	79720	FP-only	0	12	11	107	1	1	5.103379558523329	2.006366062441322	1.0	280	269	0.6614080623250799	0.6508693506445792	2.283581738691872	2.2695548238350427	25.454545454545453	24.454545454545453	5.398079600690536	5.103379558523329
1969	0	16472	114362	TP-only	2	0	1	7	1	1	5.064789170643876	1.944275924166395	0.0	6	6	2.233362098082796	2.359378206699633	2.3805725906436117	2.4798205504156674	6.0	6.0	5.064789170643876	5.350566843148094
1996	0	116479	92728	FP-only	0	6	11	49	1	1	5.000254534495229	1.6985769622188926	1.0	289	295	0.40168780979362334	0.39934329434594346	0.521508812020881	0.521508812020881	26.272727272727273	26.818181818181817	5.000254534495229	5.074275345682274
2002	0	88522	111951	FP-only	0	2	4	8	1	1	4.9709735112148135	1.760496729455003	0.75	21	21	1.3390510776680753	1.3919038111020368	1.6333024896868338	1.6424783463704677	5.25	5.25	4.9709735112148135	5.16717927384566
2004	0	100317	29530	FP-only	0	22	11	37	1	1	4.968196880562338	1.525208319600664	0.8333333333333334	119	112	0.8879965221875271	0.8949071536876307	1.4908154097049482	1.454747294954022	10.818181818181818	10.181818181818182	5.237946058576366	4.968196880562338
2053	0	118164	112479	FP-only	0	6	8	45	1	1	4.829352095456019	4.288866638248774	1.0	251	260	0.36506180664257976	0.42929473210925834	1.3692135590139636	1.3231212213837906	31.375	32.5	4.829352095456019	5.882712944233999
2077	0	116133	85956	FP-only	0	7	7	76	1	1	4.783289424948835	1.526808984794341	1.0	225	259	0.49034297512577174	0.4729164217868953	1.073821346725671	1.0989890345395539	32.142857142857146	37.0	4.783289424948835	5.310413545876024
2106	0	115563	72097	FP-only	0	10	9	105	1	1	4.709342294055589	9.555505314447625	1.0	129	139	1.1222418285404385	1.1153455788094602	2.128698957125908	2.128698957125908	14.333333333333334	15.444444444444445	4.709342294055589	5.043225020316456
2199	0	60429	92522	FP-only	0	6	9	179	1	1	4.467734287465438	1.6176701217888645	1.0	692	625	0.2929627812271771	0.2869162123613517	0.5522515019220536	0.546689319938134	76.88888888888889	69.44444444444444	5.050923306103498	4.467734287465438
2232	0	5444	5446	FP-only	0	2	12	16	1	1	4.400881265710801	1.6692321336376883	0.8333333333333334	94	86	0.7232360444783693	0.7090744139803846	0.9788292035938151	0.9767641630799041	7.833333333333333	7.166666666666667	4.906336168364914	4.400881265710801
2252	0	50980	115790	TP-only	2	0	1	26	1	1	4.356371509083727	1.7896908689150612	1.0	8	9	2.7766529166596965	2.855940689301263	4.060785728424643	4.063680087461297	8.0	9.0	4.356371509083727	5.040864451526805
2333	0	54396	51148	FP-only	0	8	12	103	1	1	4.1972071388746395	26.539640051901646	1.0	214	202	0.7408621846445604	0.7304967175532068	1.3521299042049115	1.3583609175883444	17.833333333333332	16.833333333333332	4.509640954611766	4.1972071388746395
2384	0	47376	107606	FP-only	0	4	12	26	1	1	4.09727073624207	3.514184767066242	1.0	210	222	0.5657774613466228	0.326001039163	1.2116515211173118	1.1275942327901889	17.5	18.5	6.726476672153833	4.09727073624207
2423	0	87834	58759	FP-only	0	14	12	112	1	1	4.026448243569566	5.305790081798063	1.0	468	480	0.3154103223586243	0.3838989527101438	0.8601998441605085	1.0536217224468043	39.0	40.0	4.026448243569566	5.026417171452875
2627	0	113919	93197	FP-only	0	6	10	41	1	1	3.7328153261675765	4.226610936433772	1.0	35	46	2.1595357033685594	1.8584590610625988	2.9962856753155673	2.9786752641256355	3.5	4.6	3.7328153261675765	4.222006543178212
2694	0	97914	81694	FP-only	0	6	12	143	1	1	3.636107249712255	1.5281477261918086	0.8888888888888888	666	588	0.26787302901563126	0.25616394344956156	0.5707038693166443	0.5031439097090665	55.5	49.0	4.306699560093774	3.636107249712255
2708	0	112674	59339	FP-only	0	26	6	27	1	1	3.613599375311727	3.9159709613514257	1.0	115	125	0.641412576178571	0.3679488896795127	1.3742738997981823	0.9654030433745728	19.166666666666668	20.833333333333332	5.7953251053036725	3.613599375311727
2733	0	113940	92757	FP-only	0	2	6	14	1	1	3.579727011154911	3.6762889300251067	1.0	24	24	1.3780538618167852	1.367030832991284	1.530604096316271	1.5200482059968483	4.0	4.0	3.608592076286648	3.579727011154911
2784	0	49136	93654	mixed	1	1	1	21	1	1	3.5059828915105467	1.8709967204985447	1.0	4	4	4.016607996391807	4.0402670106877165	5.18359375	5.18359375	4.0	4.0	3.5059828915105467	3.526634172249413
2884	0	43319	13095	FP-only	0	6	12	44	1	1	3.380236054949569	13.693176357588527	1.0	86	94	0.903161757104389	0.9264671133684775	1.2355344632409946	1.2219571614471374	7.166666666666667	7.833333333333333	3.380236054949569	3.7900147502578188
2896	0	92512	77746	FP-only	0	7	12	106	1	1	3.3651903712190974	positive_infinity	1.0	105	88	1.3311650667942325	1.363862288592436	1.9314426835972642	1.9314426835972642	8.75	7.333333333333333	3.9190215852809795	3.3651903712190974
2981	0	115028	29530	FP-only	0	12	8	37	1	1	3.2823675698640367	1.7646308895931033	0.875	62	61	0.9108384994181519	0.9568493291387862	1.1324000102087037	1.111649224681319	7.75	7.625	3.2823675698640367	3.392559991952739
3049	0	61864	49741	FP-only	0	6	7	38	1	1	3.186536681392899	44.64594829919191	1.0	90	93	0.5774537832840511	0.6052513767570538	0.9126905407305372	1.0028328163582447	12.857142857142858	13.285714285714286	3.186536681392899	3.451261893114831
3081	0	68741	96099	TP-only	2	0	1	7	1	1	3.1486938913352875	2.1588483048951708	0.0	6	6	1.3884434985235676	1.4664498370527905	2.1164675832284963	2.126275125319453	6.0	6.0	3.1486938913352875	3.3255956391367505
3158	0	113268	83391	FP-only	0	4	8	82	1	1	3.0621253810187308	2.3604769093387894	1.0	229	225	0.37649469466140484	0.3485718976934992	0.6151847698479865	0.5963799952238124	28.625	28.125	3.3662194375923935	3.0621253810187308
3161	0	95446	94813	FP-only	0	16	8	67	1	1	3.0600489703593734	6.234183932502386	1.0	111	103	0.7251004713352304	0.6878180154452673	1.3264421750830633	1.2307973882649297	13.875	12.875	3.476472284211705	3.0600489703593734
3192	0	115153	29530	FP-only	0	12	4	37	1	1	3.0242721719573322	1.958473539774545	1.0	60	54	0.7217929092587163	0.6813307203335435	0.8200470599467956	0.8120854380055645	15.0	13.5	3.5598606997896183	3.0242721719573322
3302	0	108529	19301	FP-only	0	4	10	25	1	1	2.89439814747857	9.505490833272194	1.0	250	250	0.18369992096755253	0.18305781202808447	0.33351879194300155	0.26886432173191216	25.0	25.0	2.904550781251941	2.89439814747857
3356	0	108858	80348	FP-only	0	16	12	122	1	1	2.840474747021031	2.583621734096311	1.0	74	70	1.4686886924128109	1.6104440520877132	2.0353033436113415	2.2615406882873126	6.166666666666667	5.833333333333333	2.840474747021031	2.946274068718095
3415	0	40673	36588	FP-only	0	2	9	20	1	1	2.7817908307150807	14.99281581864845	1.0	19	17	2.143880266168086	2.1953906105874816	2.5664882305395595	2.5892188026296843	2.111111111111111	1.8888888888888888	3.0361126068223827	2.7817908307150807
3441	0	29545	90470	FP-only	0	4	8	46	1	1	2.759905948344594	1.9885347555544384	1.0	188	193	0.29505143401903233	0.27432215437200597	0.38316914116805056	0.36915500616091224	23.5	24.125	2.891556413415375	2.759905948344594
3510	0	108432	99971	FP-only	0	4	12	24	1	1	2.6841229126445683	4.984544981944991	1.0	287	288	0.17272316608115432	0.1581634594224301	0.2672726741073107	0.2209055352932911	23.916666666666668	24.0	2.9210315179288684	2.6841229126445683
3521	0	107943	86024	FP-only	0	2	10	98	1	1	2.6799673112146194	1.8176557167560619	1.0	51	58	1.6450244548028456	1.5352443813656136	2.78877321278704	2.78877321278704	5.1	5.8	2.6799673112146194	2.8444118047267306
3671	0	102789	93619	FP-only	0	2	10	14	1	1	2.5457177142809004	2.16112466737699	1.0	54	58	0.5578025593679926	0.5443523980136976	0.812006496077953	0.804006432077185	5.4	5.8	2.5457177142809004	2.668358122467095
3720	0	113653	80754	FP-only	0	7	12	74	1	1	2.499961310047132	1.6386994557967043	0.9166666666666666	168	172	0.44343553091742816	0.45074049154469903	0.7473641872706929	0.7693454868963014	14.0	14.333333333333334	2.499961310047132	2.601648007981186
3735	0	116373	73030	FP-only	0	10	12	93	1	1	2.4884047708005297	2.1089315402302216	0.9090909090909091	101	108	0.8230604793956079	0.7813613513626337	1.8381126755863733	1.8349544063843348	8.416666666666666	9.0	2.4884047708005297	2.5260595470636265
3938	0	112517	95736	FP-only	0	10	9	39	1	1	2.3298215542116933	1.8221169149669516	1.0	32	31	1.4074176863625119	1.408038478323626	1.828062672882196	1.828062672882196	3.5555555555555554	3.4444444444444446	2.4039167546651328	2.3298215542116933
4024	0	82624	60063	FP-only	0	2	12	33	1	1	2.2637968531759447	2.4036242912222163	1.0	38	35	1.2825647556807247	1.2871139594694654	4.256409583866202	4.347843567519624	3.1666666666666665	2.9166666666666665	2.4491495519578597	2.2637968531759447
4109	0	92712	85949	FP-only	0	14	11	82	1	1	2.1984643323348387	9.396845898400658	1.0	58	67	1.138399507712535	1.1480466703591405	2.620224964688884	2.6731804502888994	5.2727272727272725	6.090909090909091	2.1984643323348387	2.5611267799015907
4118	0	114401	101107	FP-only	0	4	11	28	1	1	2.1947559015412885	8.504201383302338	1.0	265	262	0.16370112498395561	0.1470145410308664	0.34886254701043584	0.31007732531909044	24.09090909090909	23.818181818181817	2.471850380559824	2.1947559015412885
4128	0	97903	75790	FP-only	0	10	9	84	1	1	2.1899168992793236	7.442494007534971	1.0	38	55	1.743643503032655	1.094777449812053	2.7106394142460664	2.562354847109584	4.222222222222222	6.111111111111111	2.409796641518047	2.1899168992793236
4161	0	116084	107967	FP-only	0	6	9	49	1	1	2.1713272299368365	14.284169383333019	0.8888888888888888	48	46	0.9651818543494844	0.9912580832320341	1.3914227158518095	1.4349046757221786	5.333333333333333	5.111111111111111	2.206129952798822	2.1713272299368365
4167	0	108848	66688	FP-only	0	12	7	48	1	1	2.1669198532256746	11.30773986327167	1.0	37	57	1.1961583334553234	0.6968473159515265	1.7956343416451686	1.1160391326218564	5.285714285714286	8.142857142857142	2.4144641182120976	2.1669198532256746
4178	0	107865	112094	FP-only	0	20	9	18	1	1	2.1547683864774494	4.440090067229888	1.0	66	52	0.4483056797384724	0.5274177708338998	0.690415983506194	0.6483806321942521	7.333333333333333	5.777777777777778	2.3246665653751357	2.1547683864774494
4219	0	93206	99917	FP-only	0	2	11	16	1	1	2.126832289421483	positive_infinity	0.9090909090909091	29	23	1.0957300552639564	1.2267660340910644	1.8611808534089882	1.8890637126360892	2.6363636363636362	2.090909090909091	2.395219056362545	2.126832289421483
4231	0	183222	75099	mixed	1	3	3	52	1	1	2.1152191847484456	16.78533804436834	1.0	45	50	0.8669106435719985	0.5283815829971175	1.79653603275969	1.0774871490312046	15.0	16.666666666666668	3.123378019556191	2.1152191847484456
4239	0	115805	86009	FP-only	0	4	6	65	1	1	2.110566633724669	positive_infinity	1.0	44	46	0.9472807131388957	0.9398585029422017	1.9120917955192107	1.928689814577537	7.333333333333333	7.666666666666667	2.110566633724669	2.189212922461142
4264	0	95847	19292	FP-only	0	6	8	17	1	1	2.0920773093162706	positive_infinity	1.0	21	21	1.1617906810400538	1.1646262003098025	1.3956043956043955	1.4065934065934067	2.625	2.625	2.0920773093162706	2.0971833285167856
4320	0	116850	76397	FP-only	0	6	8	54	1	1	2.0583054985051596	positive_infinity	1.0	59	43	0.8287030585075689	0.9949087537421366	1.3001852388657105	1.7033865686806346	7.375	5.375	2.3523886750457543	2.0583054985051596
4330	0	106724	66676	FP-only	0	4	3	26	1	1	2.04847208193312	3.6783795231566647	1.0	41	43	0.5897591548161203	0.42073524579028054	0.927719091164796	0.7344966309841843	13.666666666666666	14.333333333333334	2.7378600613667627	2.04847208193312
4367	0	95937	96414	FP-only	0	2	9	20	1	1	2.0258649775163957	2.3674455295000274	1.0	37	35	0.7771014705446851	0.7765665947936133	1.498282719812076	1.4091956391746014	4.111111111111111	3.888888888888889	2.1431037800486585	2.0258649775163957
4413	0	96043	97291	FP-only	0	8	9	53	1	1	2.003168105076943	4.6848969655759305	1.0	84	69	0.5208315689879275	0.7043265179386514	1.2038343664535736	1.6431283107032988	9.333333333333334	7.666666666666667	2.003168105076943	2.2251738172856004
4451	0	115444	82672	FP-only	0	4	9	85	1	1	1.980619126017236	1.8655947776319315	1.0	391	317	0.16867250020962785	0.17281141405628225	0.3653018614294829	0.35274133897345483	43.44444444444444	35.22222222222222	2.384461542088292	1.980619126017236
4458	0	113652	93301	FP-only	0	12	11	128	1	1	1.9775848451334859	2.3606839159863937	1.0	177	216	0.41924045758201484	0.39940949940233145	0.6141510083096926	0.6213200862277046	16.09090909090909	19.636363636363637	1.9775848451334859	2.2991685675789464
4520	0	111528	85949	FP-only	0	7	9	82	1	1	1.9406384262389265	3.2536005817729285	1.0	50	51	1.0543937018077414	1.038968668798768	1.535335503199892	1.5378581018670512	5.555555555555555	5.666666666666667	1.9406384262389265	1.9504932258697958
4565	0	79967	32564	FP-only	0	4	9	72	1	1	1.9100066253924661	4.507486900011046	1.0	115	102	0.4420537698373341	0.4766748130327929	1.0308147032724901	1.0435408107202986	12.777777777777779	11.333333333333334	1.9970338947011927	1.9100066253924661
4567	0	106716	96319	FP-only	0	2	8	20	1	1	1.9100053718350705	5.793161384064598	1.0	39	44	0.6194838275031428	0.6474238535222627	0.8167968660176844	0.858228591105538	4.875	5.5	1.9100053718350705	2.252067387518934
4582	0	43041	4904	FP-only	0	12	9	66	1	1	1.8996810061071836	6.558228640883765	0.8888888888888888	64	77	0.7287439484241349	0.6012888876690483	1.362443515511766	1.3441146789802176	7.111111111111111	8.555555555555555	1.9136464886121114	1.8996810061071836
4681	0	86857	80348	FP-only	0	16	11	122	1	1	1.844267742406722	1.5611048294604406	1.0	65	79	1.0394099537633368	1.124399411631763	1.4307682350085664	1.5795748486633374	5.909090909090909	7.181818181818182	1.844267742406722	2.4247749852054956
4683	0	106319	106646	FP-only	0	4	12	38	1	1	1.8432291613663723	14.203046446344112	1.0	83	80	0.4809273602546846	0.49200754980837014	0.6315856784939162	0.6866436491305119	6.916666666666667	6.666666666666667	1.869283429366298	1.8432291613663723
4697	0	115194	41218	FP-only	0	16	7	134	1	1	1.833948498733548	1.542808389024649	1.0	87	66	0.7250964378282685	0.851029508882963	1.3527991544448006	1.5054179339303075	12.428571428571429	9.428571428571429	2.059745700602917	1.833948498733548
4703	0	115428	106703	FP-only	0	6	11	40	1	1	1.829671337439691	2.075676389280325	1.0	55	60	0.6978092683454774	0.6785734888154408	1.0625105573518976	0.936262410645275	5.0	5.454545454545454	1.829671337439691	1.9409833069181552
4704	0	114380	82290	FP-only	0	8	9	76	1	1	1.829371191238028	1.921294797399913	1.0	121	120	0.45277504019098497	0.39870220764155917	0.7526507052980689	0.6648414563466276	13.444444444444445	13.333333333333334	2.0947866488277063	1.829371191238028
4707	0	101412	82630	FP-only	0	6	10	52	1	1	1.8262449754947254	1.5707474888348847	1.0	70	68	0.6393004652742326	0.6124234239029009	2.5955137992127106	2.540679000637794	7.0	6.8	1.9624625993541824	1.8262449754947254
4766	0	115453	72295	FP-only	0	6	5	39	1	1	1.797749836451666	1.9250524682826968	1.0	23	22	1.2182624103896118	1.1411004661298827	1.6564138704966151	1.6713365179785666	4.6	4.4	2.0065564148952055	1.797749836451666
4767	0	106840	27825	FP-only	0	4	10	36	1	1	1.7969285815301905	2.487120769005088	1.0	117	106	0.29140446719440904	0.3284515804067796	0.5711632138393803	0.6026662208377155	11.7	10.6	1.7969285815301905	1.8349573347956643
4788	0	108535	81365	FP-only	0	8	12	139	1	1	1.7832455194001056	8.61817936096165	1.0	98	98	0.8012244387003195	0.7431613054378321	1.6347215845398784	1.6893032735061515	8.166666666666666	8.166666666666666	1.9225703489829122	1.7832455194001056
4823	0	90452	81188	FP-only	0	6	8	64	1	1	1.764171217301568	1.7371729101941842	1.0	73	74	0.5468306546533984	0.5774869851454338	0.6712167421136164	0.6585937983657235	9.125	9.25	1.764171217301568	1.8885954550003148
4836	0	27823	54788	FP-only	0	2	6	74	1	1	1.754007820866886	4.2860091924759365	1.0	38	29	1.05630612995466	1.2744564883068457	4.355818839375508	4.355818839375508	6.333333333333333	4.833333333333333	1.904942677496803	1.754007820866886
4853	0	106316	86009	FP-only	0	4	7	65	1	1	1.7429764418397828	3.6631094582162005	1.0	48	55	0.8621589959486275	0.6759810572307687	1.174383079981138	1.156723184041572	6.857142857142857	7.857142857142857	1.9400945832930698	1.7429764418397828
4943	0	114367	92456	FP-only	0	6	11	45	1	1	1.6936012853856874	1.670176841576199	0.9090909090909091	77	82	0.48935389443197164	0.4883076458825604	0.5728954388285414	0.6006385593529261	7.0	7.454545454545454	1.6936012853856874	1.7997193140592855
4945	0	58791	53123	FP-only	0	6	11	116	1	1	1.6906269301068457	7.117789481553099	1.0	104	82	0.6905437109637302	0.736477133850946	1.9098364133955235	1.9001581883276408	9.454545454545455	7.454545454545454	2.0104773117325343	1.6906269301068457
5028	0	68348	85566	FP-only	0	4	9	24	1	1	1.6492271016643554	2.634274504706051	1.0	137	159	0.17692400886336648	0.17683086747937474	0.20080276670416786	0.19529575100135016	15.222222222222221	17.666666666666668	1.6492271016643554	1.913058832766961
5085	0	113443	101035	FP-only	0	7	9	57	1	1	1.6211184797520553	1.5417089533241526	1.0	164	159	0.223887368086936	0.24783197355191852	0.5974004407606875	0.5922848527535942	18.22222222222222	17.666666666666668	1.6211184797520553	1.7397857808494623
5090	0	100884	96174	FP-only	0	6	11	46	1	1	1.620197198959536	5.1347721791600875	0.9090909090909091	56	56	0.6508113351699814	0.6550849684544394	0.9218782407055522	0.9302210302141998	5.090909090909091	5.090909090909091	1.620197198959536	1.630836424650113
5152	0	117215	116078	FP-only	0	4	8	16	1	1	1.595238558265101	1.7224766389586106	1.0	30	30	0.6016021344850689	0.609261374980314	0.7378708838919901	0.7378708838919901	3.75	3.75	1.595238558265101	1.6155481866135748
5210	0	115468	85596	mixed	1	3	11	97	1	1	1.5725811949142272	3.2993915661309505	0.7	53	75	0.9692134183602827	0.762928950283968	2.5224561723529177	2.510248277991863	4.818181818181818	6.818181818181818	1.5725811949142272	1.7517137894061492
5237	0	110399	90663	FP-only	0	4	12	65	1	1	1.5603419189486554	1.7481438045474809	1.0	386	323	0.1352577110237284	0.13491634121705315	0.24523070975976485	0.25330414876420154	32.166666666666664	26.916666666666668	1.869399132767552	1.5603419189486554
5275	0	60310	90437	FP-only	0	2	9	44	1	1	1.5450779334602107	positive_infinity	1.0	22	19	1.5919284816389834	1.6182454033090188	1.922134821683243	1.922134821683243	2.4444444444444446	2.111111111111111	1.7599431555588945	1.5450779334602107
5411	0	41241	93195	FP-only	0	4	7	21	1	1	1.4795138603631086	8.925373070420797	0.8333333333333334	17	17	1.0551854256799345	1.0706020178770281	1.2385842357671557	1.256933631852595	2.4285714285714284	2.4285714285714284	1.4795138603631086	1.5011300249537713
5439	0	105906	96994	FP-only	0	2	11	18	1	1	1.472475632072802	positive_infinity	0.9090909090909091	17	19	1.2187981606994536	1.2286082924363848	1.6264509792108774	1.5829961820563885	1.5454545454545454	1.7272727272727273	1.472475632072802	1.6589543977632437
5458	0	49723	54378	FP-only	0	8	7	109	1	1	1.4643167971314817	4.043507378167109	1.0	62	70	0.6523874886834307	0.5860861477369177	2.077541564835638	2.0799545050967714	8.857142857142858	10.0	1.4643167971314817	1.4852420208624268
5511	0	107481	46967	FP-only	0	19	10	91	1	1	1.4443830710629875	2.678003066450381	1.0	83	81	0.5844100738067535	0.5379204646573432	0.7923802411239024	0.7966633775624099	8.3	8.1	1.607959440146775	1.4443830710629875
5513	0	77011	95736	FP-only	0	10	8	39	1	1	1.4435616054978209	2.6738274649689835	1.0	22	28	1.1590173541426412	1.1565175468768054	1.392329605649909	1.392329605649909	2.75	3.5	1.4435616054978209	1.8332975610793936
5525	0	116060	106897	FP-only	0	6	9	22	1	1	1.437526121907219	5.621095865035833	0.875	21	22	0.9632278824787823	0.9529594973715096	1.2284105751878414	1.2186870086296262	2.3333333333333335	2.4444444444444446	1.437526121907219	1.489925414981581
5557	0	115741	92145	FP-only	0	4	9	30	1	1	1.4252939661803743	2.464857286647958	1.0	67	63	0.41297064688407076	0.37174555064428394	1.0726769462718924	1.0629882512733075	7.444444444444445	7.0	1.6838837450395232	1.4252939661803743
5580	0	92759	115280	FP-only	0	4	12	20	1	1	1.4143140597010526	1.5515134091181342	1.0	34	34	0.6634503319213297	0.6444252705328447	0.8747640886862048	0.879296545104268	2.8333333333333335	2.8333333333333335	1.4560681823880195	1.4143140597010526
5648	0	10582	27821	FP-only	0	2	1	32	1	1	1.3912905140808909	1.536500361739838	1.0	16	16	0.49189547855355786	0.5243119635251117	0.5348514069242268	0.5736321735894275	16.0	16.0	1.3912905140808909	1.4829781794633607
5671	0	96830	95889	FP-only	0	6	11	20	1	1	1.3835061963296011	1.9790037151877589	0.875	23	22	0.8922049182701793	0.9806214702981371	2.8134098346130076	2.8274768837860726	2.090909090909091	2.0	1.3835061963296011	1.4544966928877137
5681	0	113636	108789	FP-only	0	4	11	36	1	1	1.380537131157075	4.377196750318043	1.0	44	42	0.6243714099820472	0.6779030872979147	1.1863059089777837	1.2022116865283239	4.0	3.8181818181818183	1.380537131157075	1.4307682994122792
5698	0	51139	41218	FP-only	0	16	11	134	1	1	1.3747407992731766	3.049351593386068	0.9	145	153	0.4054221718965888	0.34496746136286954	1.02546001404913	0.9363412411016389	13.181818181818182	13.909090909090908	1.5311817930333336	1.3747407992731766
5758	0	108477	13080	FP-only	0	4	12	39	1	1	1.3455058462318514	5.454441447238013	1.0	64	65	0.5479558595685823	0.4478114141562006	1.5522361495196115	1.2338024803239656	5.333333333333333	5.416666666666667	1.6210731884024354	1.3455058462318514
5776	0	107948	92753	FP-only	0	2	7	13	1	1	1.3377361425778613	positive_infinity	0.8571428571428571	26	25	0.5080695685426179	0.5104475790229241	0.598966457390943	0.6354252852321308	3.7142857142857144	3.5714285714285716	1.3847642242279916	1.3377361425778613
5827	0	51384	102786	FP-only	0	4	8	25	1	1	1.3212063577752067	2.674686263139583	1.0	104	122	0.17966037979415933	0.17973864646944362	0.24980023968044734	0.25980046075499	13.0	15.25	1.3212063577752067	1.550551872269988
5849	0	154345	68441	TP-only	1	0	3	83	1	1	1.3150296239495223	positive_infinity	0.6666666666666666	9	16	2.3056463838985484	2.1184285845740494	3.9625550428773484	3.923895969288301	3.0	5.333333333333333	1.3150296239495223	2.1479993072781123
5895	0	92824	28212	FP-only	0	2	8	41	1	1	1.3002386768456085	4.6283543210778095	1.0	37	36	0.6644195120105973	0.654120110574399	0.7977869943774404	0.781166431994577	4.625	4.5	1.3573979223068493	1.3002386768456085
5926	0	115757	108920	FP-only	0	2	9	13	1	1	1.2920720001046586	positive_infinity	1.0	8	7	2.0101237107953365	1.9965565062722828	2.064632274193034	2.0624286652291937	0.8888888888888888	0.7777777777777778	1.4866880224202117	1.2920720001046586
5957	0	95945	108527	FP-only	0	6	7	23	1	1	1.2832497692299434	1.8280150299838402	1.0	27	27	0.6030597852088181	0.6083290247015144	0.6820910693964221	0.8033281252499245	3.857142857142857	3.857142857142857	1.2832497692299434	1.2944621739182753
5970	0	114330	77569	FP-only	0	10	7	92	1	1	1.2793293556040328	1.716362573193206	1.0	78	93	0.41622742893218173	0.37354135779876374	0.9762992405279994	0.9527028842614617	11.142857142857142	13.285714285714286	1.2793293556040328	1.3689220152747836
5985	0	112000	82672	FP-only	0	4	9	85	1	1	1.2757935904491398	1.823006373349503	1.0	400	227	0.1511521916553284	0.15544804923535452	0.3064077937290663	0.29391670828367006	44.44444444444444	25.22222222222222	2.1859676090722435	1.2757935904491398
6118	0	57252	5720	FP-only	0	4	8	21	1	1	1.2333991091699728	3.7420018802096426	1.0	11	11	1.4570897893062738	1.4533345098505166	1.9148936170212767	1.9042553191489362	1.375	1.375	1.236586096270342	1.2333991091699728
6131	0	111520	111519	FP-only	0	2	5	25	1	1	1.2301298930229656	positive_infinity	1.0	21	18	0.740673348072888	0.764070572764971	1.463274851174037	1.4779811310853337	4.2	3.6	1.391204602547206	1.2301298930229656
6134	0	112148	82886	FP-only	0	2	12	23	1	1	1.2292467621624386	4.883835127053841	1.0	35	30	0.6014242990022017	0.6807260325328861	0.9698930906056394	1.0028999235320093	2.9166666666666665	2.5	1.2670521027830888	1.2292467621624386
6191	0	114819	112251	FP-only	0	2	12	21	1	1	1.2064923461403239	3.030605002113784	1.0	57	54	0.3855373903663498	0.3546754118433506	0.5623501098615635	0.5309717438207776	4.75	4.5	1.384334647464116	1.2064923461403239
6216	0	69164	80747	FP-only	0	4	12	45	1	1	1.1991165553676613	2.334496826217	0.9166666666666666	42	33	0.7242696576821085	0.8443924452910101	1.151838144003109	1.160215148686768	3.5	2.75	1.3090393504375382	1.1991165553676613
6281	0	95917	92149	FP-only	0	2	8	16	1	1	1.1823418608188307	4.111440336763662	0.875	16	14	0.9973926305192345	0.9554765113893903	1.2639542543711213	1.2279290405762857	2.0	1.75	1.4105261850912787	1.1823418608188307
6287	0	111824	50246	FP-only	0	6	11	68	1	1	1.180075057489034	1.7447927490369837	0.9090909090909091	231	150	0.21057181573836803	0.2151637827535309	0.3186171500296629	0.31552579672967573	21.0	13.636363636363637	1.7785309328076429	1.180075057489034
6299	0	116369	29061	FP-only	0	4	10	26	1	1	1.1769759080452984	2.0952831877713742	0.9	13	10	1.6369488443138747	1.8978166268397856	2.732001333944876	2.727965881457513	1.3	1.0	1.3197503503637893	1.1769759080452984
6302	0	106272	5755	FP-only	0	10	12	111	1	1	1.1761294780459637	positive_infinity	1.0	78	43	0.9890021935408378	0.9982487888144917	1.1619374420894564	1.191037176754605	6.5	3.5833333333333335	2.113682467791579	1.1761294780459637
6310	0	24796	50284	FP-only	0	22	7	83	1	1	1.17319522255099	3.05167786540648	1.0	85	89	0.3934385654472554	0.3177374057730159	0.6160210500239139	0.5731665258504767	12.142857142857142	12.714285714285714	1.3874194783936251	1.17319522255099
6379	0	107630	89852	FP-only	0	4	8	29	1	1	1.1559886621883797	2.747597748259729	1.0	89	81	0.20184107426933834	0.2173764781278484	0.21435513339728693	0.29696601702291126	11.125	10.125	1.1793849002762111	1.1559886621883797
6411	0	91289	90453	FP-only	0	4	11	27	1	1	1.1463014832908245	5.853743122890998	1.0	26	26	0.8105743756077787	0.7598077710673393	1.1554765705989511	1.1554765705989511	2.3636363636363638	2.3636363636363638	1.2228916897908142	1.1463014832908245
6433	0	115585	89846	FP-only	0	2	11	17	1	1	1.1413206204725135	positive_infinity	1.0	10	34	1.5607324750893337	1.0828910144921384	1.9005409346351914	1.8185161514401404	0.9090909090909091	3.090909090909091	1.1413206204725135	2.692420346592723
6464	0	61868	92565	FP-only	0	4	7	28	1	1	1.1329698938721	9.171686973637051	0.8571428571428571	42	42	0.4259392599049626	0.3776566312907	0.5348856431946487	0.4919819155745714	6.0	6.0	1.2778177797148877	1.1329698938721
6517	0	116539	102789	FP-only	0	2	7	10	1	1	1.1188145251593802	15.527347847973054	1.0	14	13	0.7151939161805372	0.7200518386973509	0.965576447200945	0.9778507240721436	2.0	1.8571428571428572	1.1967483217772352	1.1188145251593802
6544	0	58561	29065	FP-only	0	2	12	17	1	1	1.1135404029650375	5.8352724328430385	0.8181818181818182	11	12	1.4458671072846512	1.5895821155181507	2.7835052956787893	2.750447038010395	0.9166666666666666	1.0	1.1135404029650375	1.3355161069723065
6580	0	89851	54247	FP-only	0	10	9	32	1	1	1.1009909723471691	1.6127396330604415	1.0	33	35	0.5693222668936289	0.5338410394778427	1.523237260038082	1.561212704194156	3.6666666666666665	3.888888888888889	1.1070719979027017	1.1009909723471691
6609	0	115436	100992	FP-only	0	6	6	33	1	1	1.092432982012512	positive_infinity	1.0	46	51	0.33417162230754727	0.34692700468237586	0.6500457701400664	0.6523673621762809	7.666666666666667	8.5	1.092432982012512	1.2574064606636088
6626	0	100897	100294	FP-only	0	2	10	35	1	1	1.0870345921686189	9.707730827547726	1.0	163	109	0.28379601448150515	0.18657389960855558	0.6722411894681808	0.557558880544906	16.3	10.9	2.4726342141320243	1.0870345921686189
6634	0	116076	113056	FP-only	0	2	8	21	1	1	1.0859817104508136	1.9121578119349933	0.5	37	41	0.38043058749433345	0.3666811079373654	0.5379488635683802	0.5309851242341618	4.625	5.125	1.0859817104508136	1.1598925281122114
6655	0	107993	74630	FP-only	0	6	12	46	1	1	1.0818154141634921	4.102754599764601	0.8181818181818182	163	181	0.15593194628311302	0.30595220543956625	0.9418742172050135	0.9483520316287068	13.583333333333334	15.083333333333334	1.0818154141634921	2.357016507473282
6658	0	114769	58788	FP-only	0	8	7	24	1	1	1.0807072639438389	1.8856843269397388	1.0	51	51	0.2746581783727782	0.3456247977313456	0.35533964563306325	0.4854443190341455	7.285714285714286	7.285714285714286	1.0807072639438389	1.3599421350578846
6676	0	108440	115183	FP-only	0	2	9	14	1	1	1.0766685308375499	41.57880426460589	1.0	17	17	0.7109161343850645	0.7109370931907429	0.8123786878491793	0.7940938130211047	1.8888888888888888	1.8888888888888888	1.0766685308375499	1.076700272537346
6693	0	92546	102279	FP-only	0	4	12	30	1	1	1.0703252085513675	2.222331813947725	0.9166666666666666	87	88	0.23342520662876212	0.2588283013509804	0.4766916312650206	0.4857284394406608	7.25	7.333333333333333	1.0703252085513675	1.2004475342662504
6753	0	114419	104722	FP-only	0	2	12	49	1	1	1.0602076183823799	2.939848761432437	0.9090909090909091	41	38	0.7271577918514199	0.6765439069089021	1.9697045651828782	1.7127865784198941	3.4166666666666665	3.1666666666666665	1.229486758687057	1.0602076183823799
6820	0	112946	24353	FP-only	0	4	7	22	1	1	1.0431882436724869	5.152787971581787	1.0	24	25	0.5394010689712478	0.5557873357651985	0.6681635315583929	0.6629376715350312	3.4285714285714284	3.5714285714285716	1.0431882436724869	1.1196654956852037
6865	0	118002	101398	FP-only	0	2	5	28	1	1	1.0349113744084741	4.148042603594283	1.0	8	9	1.530654564859453	1.416004263065236	2.859966195716289	2.858183174397264	1.6	1.8	1.0349113744084741	1.0770678248789718
6959	0	100882	86854	FP-only	0	4	10	24	1	1	1.0140787325253275	positive_infinity	1.0	13	13	1.3572818493288707	1.2084646285580676	1.9107356443978336	1.9107356443978336	1.3	1.3	1.1389581663547361	1.0140787325253275
6999	0	113945	69037	FP-only	0	2	7	16	1	1	1.003997064571669	positive_infinity	1.0	15	14	0.7516309320974564	0.7589504428272839	0.7921068483335207	0.7921068483335207	2.142857142857143	2.0	1.065336709303685	1.003997064571669
7003	0	113861	46940	FP-only	0	3	10	30	1	1	1.003724576447604	7.502935717841348	0.9	48	45	0.4289243947665094	0.3863337696028448	0.6875026524073249	0.6847248639127498	4.8	4.5	1.1886701509461193	1.003724576447604
7055	0	114834	88360	FP-only	0	2	5	13	1	1	0.9925920493377267	2.3361046388760913	1.0	6	6	1.3337554901121038	1.3599646761798645	1.4787223263039817	1.5144402568910345	1.2	1.2	0.9925920493377267	1.01209714596401
7065	0	112002	111894	FP-only	0	2	6	22	1	1	0.990994150960595	5.60294496724852	1.0	8	15	1.4232069956364755	1.3300844700366956	1.5727540414070198	1.6931034198428048	1.3333333333333333	2.5	0.990994150960595	1.7365349007529844
7073	0	51402	108527	FP-only	0	6	7	23	1	1	0.988477799040102	1.8504004083776424	0.7142857142857143	15	16	0.8361584800088809	0.8199299957481663	3.932815786898732	3.9386638401134513	2.142857142857143	2.2857142857142856	0.988477799040102	1.0339125792587383
7106	0	117191	86889	FP-only	0	10	6	94	1	1	0.9810742196589914	3.879185602128408	1.0	29	30	0.8034214411727341	0.8388334881000049	1.7015422454793572	1.709071193468204	4.833333333333333	5.0	0.9810742196589914	1.0596378501875223
7142	0	114426	68162	FP-only	0	4	9	28	1	1	0.9710056132175247	1.8393095564349824	1.0	74	75	0.2083004898017305	0.2228529337581956	0.3034966130872041	0.30234093045130656	8.222222222222221	8.333333333333334	0.9710056132175247	1.0528811458309577
7172	0	101350	71019	FP-only	0	4	10	63	1	1	0.9637657373512952	positive_infinity	1.0	38	36	0.636587579514448	0.8190530322887349	0.837149372987104	1.3105231911054733	3.8	3.6	0.9637657373512952	1.1747467401042995
7196	0	117206	92137	FP-only	0	4	4	45	1	1	0.9588550879740622	positive_infinity	1.0	17	16	0.7567288790405451	1.0300843572566007	1.3089184634115485	1.8220145010688755	4.25	4.0	0.9588550879740622	1.2284472775386335
7228	0	155047	22363	mixed	1	2	3	51	1	1	0.95371660124638	3.1524585179940647	1.0	7	10	1.7587905220709068	1.1796822851531714	2.033965245898065	2.0399241284544067	2.3333333333333335	3.3333333333333335	0.9953285033497068	0.95371660124638
7262	0	80078	69110	FP-only	0	2	8	28	1	1	0.9470767682788377	2.75070418705221	1.0	172	109	0.16091401553992551	0.1300417169127525	0.3078414172288252	0.28209544560809174	21.5	13.625	1.8492614242755732	0.9470767682788377
7275	0	96322	92541	FP-only	0	2	8	24	1	1	0.9439892042536271	1.8163671437519262	1.0	35	38	0.510814683768679	0.3442183712765888	0.7743424232643772	0.6076905491701997	4.375	4.75	1.2902706039118892	0.9439892042536271
7292	0	66726	115767	FP-only	0	2	12	24	1	1	0.9407646110595919	10.492059795441994	1.0	36	33	0.44348069065370815	0.4961747869512873	1.178648047217673	1.1658565180230627	3.0	2.75	0.9407646110595919	0.9648335303943759
7306	0	93373	92796	FP-only	0	18	12	94	1	1	0.9369682954427392	1.7564607846532314	1.0	19	29	1.6562498220418873	1.5633598214468147	2.040797655933525	2.1261109627879153	1.5833333333333333	2.4166666666666665	0.9369682954427392	1.3499024775109203
7309	0	294838	90250	TP-only	2	0	1	131	1	1	0.9367633574958988	positive_infinity	1.0	10	11	1.072174668704011	1.0310797070039384	1.4975105273229259	1.4975105273229259	10.0	11.0	0.9367633574958988	0.9909443750252368
7316	0	155672	81227	mixed	1	2	1	226	1	1	0.9339536080798032	positive_infinity	1.0	18	13	1.057083757345652	1.080030876454955	3.6612142777341448	3.640789093479003	18.0	13.0	1.2656909804289465	0.9339536080798032
7346	0	7367	101404	FP-only	0	4	12	26	1	1	0.927741862601042	8.24533530884191	1.0	46	30	0.5565909887695856	0.5462396184115993	0.7578980616777993	0.7197625729022343	3.8333333333333335	2.5	1.4494949461899589	0.927741862601042
7382	0	154714	84649	TP-only	2	0	2	85	1	1	0.9200432810271356	positive_infinity	0.0	12	13	0.9996580617604399	1.0419773800578183	1.2997364988692617	1.458475675902791	6.0	6.5	0.9200432810271356	1.038908220577834
7394	0	89787	73648	FP-only	0	4	12	34	1	1	0.917644028670888	7.649805881880521	0.8333333333333334	33	31	0.561681842376976	0.624807516287595	1.3994658813892085	1.4334081509005139	2.75	2.5833333333333335	0.917644028670888	0.9589100219825569
7397	0	111241	8004	FP-only	0	8	11	123	1	1	0.9173776920483908	3.239447589340816	1.0	126	123	0.2678098389519537	0.27705821245932893	0.46883397229805435	0.49779136470469887	11.454545454545455	11.181818181818182	0.9173776920483908	0.9264612109925946
7454	0	115466	26648	FP-only	0	2	11	25	1	1	0.9087974680141894	3.8724730214389425	0.9090909090909091	37	38	0.40921170033065885	0.39659739629316837	0.5268192503160256	0.5025875186891865	3.3636363636363638	3.4545454545454546	0.9130265778790085	0.9087974680141894
7460	0	155864	57246	mixed	1	3	2	65	1	1	0.907602928129836	positive_infinity	1.0	4	4	2.5885572570238695	2.587066386004145	4.855086373787297	4.855086373787297	2.0	2.0	0.9081259602832766	0.907602928129836
7461	0	62286	112558	FP-only	0	2	12	16	1	1	0.9073065287204526	3.9933617969457793	1.0	10	11	1.2572008046262195	1.512744196720111	2.2013308083420804	2.3463180583694303	0.8333333333333334	0.9166666666666666	0.9073065287204526	1.2009019951381754
7495	0	114150	92145	FP-only	0	4	7	30	1	1	0.9022350905216509	8.549344995057375	1.0	44	44	0.29715065023594484	0.3234685545881067	0.5709273238363372	0.4377760813101511	6.285714285714286	6.285714285714286	0.9022350905216509	0.9821438398266206
7566	0	114471	108290	FP-only	0	4	12	29	1	1	0.8907778910188422	1.9459563243945084	0.9166666666666666	25	14	0.9545251652166235	1.1869461488062545	1.4790871334626527	1.5266642030347721	2.0833333333333335	1.1666666666666667	1.2791979930585737	0.8907778910188422
7575	0	60302	107587	FP-only	0	2	8	17	1	1	0.8882102650201146	7.677284785501921	0.875	14	14	0.7601146185860793	0.7398730468342977	1.15474679052995	1.1574766883799026	1.75	1.75	0.9125100714355525	0.8882102650201146
7580	0	112562	107606	FP-only	0	4	10	26	1	1	0.8873994410055337	2.0505260279250406	1.0	19	20	0.7530992651665963	0.7661620903699016	0.8504179818773819	0.8526041463552158	1.9	2.0	0.8873994410055337	0.9503071153134389
7596	0	101406	80731	FP-only	0	2	10	14	1	1	0.8845349987566157	positive_infinity	0.9	11	8	1.2487675681993866	1.3082449058970145	1.4118574103159092	1.4118574103159092	1.1	0.8	1.160941345773764	0.8845349987566157
7675	0	101396	93952	FP-only	0	1	8	11	1	1	0.8708827587715163	1.5690210300592218	0.8571428571428571	16	13	0.5802678193025608	0.628431110261604	1.307090189293186	1.292540020210145	2.0	1.625	0.989708118027311	0.8708827587715163
7705	0	112635	113913	FP-only	0	4	10	30	1	1	0.864838627780579	13.87588085764034	1.0	219	153	0.15370290030743725	0.09790486559896154	0.4462924542634687	0.381066068042742	21.9	15.3	1.9434149980031798	0.864838627780579
7808	0	154698	77746	mixed	1	3	2	106	1	1	0.8473554914616054	positive_infinity	1.0	7	10	1.7625260266073677	1.9258930472015532	2.2389156667529617	2.492910301216533	3.5	5.0	0.8473554914616054	1.3227087753423226
8044	0	114409	43321	FP-only	0	6	11	75	1	1	0.8113521785532578	2.8453122968716063	1.0	71	73	0.3530983494721683	0.3192372204181026	1.2155687835360212	1.2238139206336491	6.454545454545454	6.636363636363637	0.8728247685707603	0.8113521785532578
8130	0	113375	113376	FP-only	0	2	9	12	1	1	0.7975964569197059	1.6442450356245308	0.8888888888888888	99	101	0.08372591438314254	0.10138850079908965	0.13338691104611497	0.18131665993139223	11.0	11.222222222222221	0.7975964569197059	0.9853674168562977
8155	0	114835	98910	FP-only	0	4	9	27	1	1	0.794924602982237	4.529649933583641	1.0	38	30	0.3558629004666447	0.41305494016552585	1.0895680707259663	1.1765821874853317	4.222222222222222	3.3333333333333335	0.8674873969336329	0.794924602982237
8161	0	90546	119336	FP-only	0	2	11	15	1	1	0.7942561845050727	8.435169126498204	0.9090909090909091	17	14	0.7236720653854634	0.7287432440722016	0.8326759311696276	0.9074179164095373	1.5454545454545454	1.2727272727272727	0.9577424959970121	0.7942561845050727
8196	0	92827	72405	FP-only	0	6	11	34	1	1	0.7891658542162814	2.9791242738704113	0.8	43	44	0.3549242157413639	0.4588813028577583	0.45170095379416475	0.6258904383139418	3.909090909090909	4.0	0.7891658542162814	1.0440402406571414
8249	0	106136	58821	mixed	1	1	2	170	1	1	0.7826108095068174	2.6046534305248885	1.0	17	17	0.9522371238030949	0.848860606000715	2.311154003806507	2.1782441888911164	8.5	8.5	0.8779192496787345	0.7826108095068174
8377	0	114286	108524	FP-only	0	8	11	24	1	1	0.7653485982883708	2.6333690496626634	0.9090909090909091	54	60	0.23028597797885275	0.3363115410539226	0.623040187886668	0.786810751559735	4.909090909090909	5.454545454545454	0.7653485982883708	1.241912670656532
8421	0	92795	92796	FP-only	0	18	9	94	1	1	0.7606044767719743	5.295245250638952	1.0	16	17	1.3826876255655696	1.38377534340987	1.6876318513890358	1.7213844884168166	1.7777777777777777	1.8888888888888888	0.7606044767719743	0.8087779972371323
8448	0	115439	105073	FP-only	0	10	7	72	1	1	0.7575346740978329	1.5380247060591477	0.8571428571428571	35	32	0.5518207509936905	0.5314566017016651	1.0484392797140278	1.0484392797140278	5.0	4.571428571428571	0.8603017454711192	0.7575346740978329
8470	0	113930	88360	FP-only	0	2	6	13	1	1	0.7548703410527285	5.554323335041297	1.0	5	5	1.3333668674522088	1.3404592444067416	1.3546439983158076	1.3617363752703406	0.8333333333333334	0.8333333333333334	0.7548703410527285	0.7588856088242855
8485	0	67778	3685	FP-only	0	18	9	66	1	1	0.7526625840478982	1.9959699102614257	1.0	31	31	0.6956458036726667	0.5917412650197742	1.1141393803780704	0.9299471555359734	3.4444444444444446	3.4444444444444446	0.8848234847317088	0.7526625840478982
8494	0	60311	104473	FP-only	0	2	11	24	1	1	0.7518876861908169	positive_infinity	1.0	14	23	0.872623491226724	0.5506612636531044	1.3458857429714204	1.306793625955653	1.2727272727272727	2.090909090909091	0.7518876861908169	0.7794897336276766
8497	0	92108	96196	FP-only	0	8	12	30	1	1	0.751594089788835	positive_infinity	1.0	39	30	0.461328360915368	0.47534983993076396	0.5782714349234224	0.5921175775158389	3.25	2.5	0.9482514403210962	0.751594089788835
8661	0	89805	41285	FP-only	0	2	8	20	1	1	0.7319261896446512	30.211032514235416	1.0	46	46	0.2012655511656909	0.25973276708477017	0.8869685175790433	0.9390883884965946	5.75	5.75	0.7319261896446512	0.9445491960107685
8725	0	47403	107622	FP-only	0	2	9	24	1	1	0.7247051288347073	2.541195444700136	0.8888888888888888	49	45	0.25011670658884555	0.2366877039497303	0.34632761728576483	0.34406403808781866	5.444444444444445	5.0	0.8338960293643404	0.7247051288347073
8728	0	116549	67105	FP-only	0	4	8	29	1	1	0.7241936806014556	2.4261446809470613	0.875	14	13	0.7878992508801661	0.9153446516495276	1.6421065299954856	1.6159925814361562	1.75	1.625	0.7241936806014556	0.7812391667946114
8783	0	106704	86854	FP-only	0	2	8	24	1	1	0.7187088794649167	positive_infinity	1.0	8	8	1.2532721056080112	1.2448402950841317	1.5602849099694818	1.5185660621093353	1.0	1.0	0.7235769875406344	0.7187088794649167
8788	0	98562	99609	FP-only	0	2	12	28	1	1	0.7181702951976368	6.6036990052843665	0.9166666666666666	32	16	0.7148623096312909	0.8227674349029878	1.071626875464814	1.0777856506111634	2.6666666666666665	1.3333333333333333	1.2479659601357525	0.7181702951976368
8796	0	87793	50298	FP-only	0	6	11	41	1	1	0.7176709089058169	3.9198731271477563	1.0	29	41	0.5255519058209905	0.526027667800416	0.7105250634177109	0.7225271759754425	2.6363636363636362	3.727272727272727	0.7176709089058169	1.0155566945793075
8813	0	101162	81351	FP-only	0	8	12	51	1	1	0.7155894092394643	1.8710602451172393	1.0	87	80	0.2131528245960114	0.22128380391507402	0.5509656550958886	0.5509656550958886	7.25	6.666666666666667	0.7496087263539754	0.7155894092394643
8943	0	102808	54318	FP-only	0	6	11	37	1	1	0.7017787315592482	12.602679957598136	1.0	22	13	1.1770293174622835	1.089065635418173	2.308108347123781	2.136893100219998	2.0	1.1818181818181819	1.2835498982003215	0.7017787315592482
8957	0	105179	87512	FP-only	0	4	12	51	1	1	0.7006655909900475	5.255499514349554	0.9166666666666666	44	22	0.7086069234238906	0.7878867926966694	1.0029682658328578	0.9915057713661966	3.6666666666666665	1.8333333333333333	1.2603244359030326	0.7006655909900475
9059	0	183043	100688	mixed	2	2	1	92	1	1	0.6888831702930815	2.5768583839414796	1.0	9	13	0.7613482946666275	0.50827194214941	1.4673250072287294	0.8179915270183147	9.0	13.0	0.7143844210009421	0.6888831702930815
9117	0	74652	58768	FP-only	0	2	12	19	1	1	0.6851279940047695	2.7112902978671793	1.0	9	8	1.2777474929583024	1.2931507304262952	1.7152050794503506	1.7152050794503506	0.75	0.6666666666666666	0.7615880543619047	0.6851279940047695
9171	0	46964	107545	FP-only	0	2	9	14	1	1	0.6804286770197382	5.605986928404575	0.7777777777777778	9	9	0.848643661847908	1.0265151717013508	1.846293823165111	1.8562737897768142	1.0	1.0	0.6804286770197382	0.8230431588925455
9195	0	112474	82673	FP-only	0	8	12	26	1	1	0.6778797645255109	3.571950040842162	0.9090909090909091	34	35	0.3521689397889379	0.5396398116893241	0.7950895464929906	0.8674487251554078	2.8333333333333335	2.9166666666666665	0.6778797645255109	1.069288089600388
9247	0	118543	92606	FP-only	0	6	7	38	1	1	0.6724247625116988	4.7439685512538325	1.0	22	41	0.4984961812762529	0.36288088471338326	0.6707079980057217	0.5577182704566397	3.142857142857143	5.857142857142857	0.6724247625116988	0.9122358384560237
9248	0	287047	66676	TP-only	2	0	2	26	1	1	0.6722509881342119	23.845820408509375	0.0	4	4	1.3733314585096799	1.2119177038496174	1.5728490859191324	1.3951473863080766	2.0	2.0	0.7617872295175996	0.6722509881342119
9310	0	183136	37454	mixed	2	1	2	109	1	1	0.665298481618542	1.6507123422171623	1.0	17	18	0.6953759892187312	0.5457230201855398	2.120123935398273	1.6606802141732728	8.5	9.0	0.8006456811905446	0.665298481618542
9480	0	115566	31486	FP-only	0	2	9	32	1	1	0.6491126493045631	9.627943007368632	1.0	27	30	0.4079928498464194	0.3851115139475578	0.5694612976618653	0.5473018795955567	3.0	3.3333333333333335	0.6491126493045631	0.6807874075633397
9490	0	52449	112203	FP-only	0	2	8	14	1	1	0.6480441401168349	6.5731051186811476	0.75	21	10	0.6894600602161072	0.6858254533367365	0.8373150059984928	0.8373150059984928	2.625	1.25	1.368104893682578	0.6480441401168349
9598	0	99228	99067	FP-only	0	12	9	85	1	1	0.6388310557265565	3.9404269012622075	0.8888888888888888	70	64	0.2788443432651246	0.27608115557673457	1.248810408737848	1.253572316874122	7.777777777777778	7.111111111111111	0.70571469552087	0.6388310557265565
9740	0	111959	26634	FP-only	0	2	11	18	1	1	0.6280011393679947	3.5256719448287437	1.0	18	26	0.49093107354645205	0.40770494187764655	0.7102161552107039	0.7474882201456515	1.6363636363636365	2.3636363636363638	0.6280011393679947	0.753332542473652
9750	0	92754	92755	FP-only	0	2	11	18	1	1	0.6271346289540185	positive_infinity	1.0	12	11	0.7993406835048865	0.8022333128664401	0.8513143063906891	0.8513143063906891	1.0909090909090908	1.0	0.6816800253417004	0.6271346289540185
9757	0	107965	108577	FP-only	0	2	12	27	1	1	0.6266622706954271	2.894607957991395	0.8333333333333334	46	56	0.24521567114168888	0.24131636080285337	0.32059901108715894	0.32282539310859754	3.8333333333333335	4.666666666666667	0.6266622706954271	0.7507620113866549
9858	0	82656	87809	FP-only	0	6	11	44	1	1	0.6194686735754801	4.936229700592532	1.0	53	54	0.3501215502848835	0.2523761262714919	1.3848755738891025	1.4067662859555692	4.818181818181818	4.909090909090909	0.8434746438681284	0.6194686735754801
9890	0	271286	30093	mixed	1	2	3	112	1	1	0.6169327670959314	positive_infinity	1.0	31	23	0.5133225875783715	0.4916767137244638	1.656471159224787	0.9096116925188551	10.333333333333334	7.666666666666667	0.8681253335567031	0.6169327670959314
9897	0	238031	97296	TP-only	3	0	2	46	1	1	0.6162657159593192	positive_infinity	1.0	5	5	1.1822026189338342	1.3093221685306509	4.462857964866784	4.466882183049712	2.5	2.5	0.6162657159593192	0.682531361957768
9911	0	115190	118171	FP-only	0	2	6	12	1	1	0.6155334467591099	8.110071648609347	0.5	8	8	0.6653245730112399	0.6528718113757429	1.1022821410532293	1.0857177919390415	1.3333333333333333	1.3333333333333333	0.6272740230217227	0.6155334467591099
10034	0	114148	69049	FP-only	0	4	11	31	1	1	0.6059095364023835	27.672919067420718	1.0	75	88	0.14918450375852957	0.21245763690013958	0.33050377071793235	0.7616986543786041	6.818181818181818	8.0	0.6059095364023835	1.01245989524624
10064	0	115187	48480	FP-only	0	2	5	26	1	1	0.6036378383748273	4.914900152949789	0.8	12	13	0.5735441908124529	0.6810546736416323	1.2342168524047004	1.2292601582183362	2.4	2.6	0.6036378383748273	0.7765218020351029
10095	0	107857	102786	FP-only	0	8	11	25	1	1	0.6011207960319033	2.103418199330361	0.7142857142857143	198	96	0.19684785117545395	0.10383813198529075	0.5105903564965651	0.22900430536408325	18.0	8.727272727272727	2.350333667292123	0.6011207960319033
10147	0	106298	106897	FP-only	0	6	8	22	1	1	0.5969243284387844	1.8958861837458434	0.875	24	23	0.3468001423943967	0.34430852620283847	0.4451736895263642	0.4602133411995522	3.0	2.875	0.6273850633985666	0.5969243284387844
10194	0	116569	82315	FP-only	0	4	5	41	1	1	0.59345478622604	1.7695141339210014	0.8	8	10	1.06212242979117	0.9880170908791392	1.9876331723784353	1.83616914721056	1.6	2.0	0.59345478622604	0.6900610690081154
10240	0	11600	113834	FP-only	0	2	10	15	1	1	0.589927863230469	2.0289954000879677	1.0	26	26	0.27788889422404445	0.29940811670991485	0.4282299792445766	0.38443373136729037	2.6	2.6	0.589927863230469	0.6356108293487032
10249	0	59341	60291	FP-only	0	8	10	49	1	1	0.5894599666561786	1.7020254122197624	0.8888888888888888	27	51	0.4832686144015933	0.4363201648537352	0.5853532110185162	0.5461021210668373	2.7	5.1	0.5894599666561786	1.005257728712793
10278	0	117211	106703	FP-only	0	6	8	40	1	1	0.5875769005726168	positive_infinity	1.0	13	13	0.8085303948855423	0.8125318785980657	0.9458780631804617	0.9569409645042098	1.625	1.625	0.5875769005726168	0.5904848671900365
10356	0	154510	105068	mixed	1	1	3	23	1	1	0.5816416057895024	positive_infinity	1.0	5	5	0.9662956084634138	0.9681503025295621	0.9675330563862145	0.9693865679884869	1.6666666666666667	1.6666666666666667	0.5816416057895024	0.5827580004263343
10720	0	112714	95744	FP-only	0	2	8	20	1	1	0.556088019223397	1.9855749321734095	0.875	31	19	0.33514833392552035	0.37021152005840685	0.37653401733752306	0.4104964159742089	3.875	2.375	0.8213698691418769	0.556088019223397
10745	0	27766	29029	FP-only	0	2	8	18	1	1	0.5538174707539775	3.778183232669869	1.0	10	10	0.6645809649047729	0.7601238128641892	2.472936408932654	2.4841962218361613	1.25	1.25	0.5538174707539775	0.6334365107201577
10784	0	61228	69818	FP-only	0	2	7	14	1	1	0.5517717502694429	1.5541773242586852	1.0	23	21	0.24967508357959675	0.2601076975217956	0.5885781851372868	0.5899953075734118	3.2857142857142856	3.0	0.5800828182751958	0.5517717502694429
10796	0	114370	117518	FP-only	0	2	9	16	1	1	0.5508037914558529	3.93105257618181	1.0	12	7	1.0622979947275615	0.9442350710671764	1.4722899004863104	1.419631592739419	1.3333333333333333	0.7777777777777778	1.0622979947275615	0.5508037914558529
10884	0	98426	97212	FP-only	0	8	7	22	1	1	0.5459596179327518	1.9903854517219313	0.8571428571428571	23	11	0.4148715242426157	0.615925516585028	0.9340369952523577	0.9294358277880603	3.2857142857142856	1.5714285714285714	0.7689199031162975	0.5459596179327518
10885	0	115456	69177	FP-only	0	4	9	38	1	1	0.5459507630711208	3.519358330715871	1.0	19	15	0.5313894519169287	0.6771797339451148	1.5128606499186192	1.5144979449942886	2.111111111111111	1.6666666666666667	0.5459507630711208	0.549265294007641
11145	0	96320	29034	FP-only	0	6	12	25	1	1	0.5292634054792841	positive_infinity	0.9166666666666666	7	7	1.3095872983957833	1.3095872983957833	1.5523426551120363	1.5523426551120363	0.5833333333333334	0.5833333333333334	0.5292634054792841	0.5292634054792841
11239	0	111963	75777	FP-only	0	4	3	35	1	1	0.5235390927068208	3.3582480089557682	1.0	5	6	1.07293586140439	1.0733714203872065	1.1424561040393413	1.1652401289062229	1.6666666666666667	2.0	0.5235390927068208	0.6285019484740473
11456	0	107633	107634	FP-only	0	4	12	23	1	1	0.5092471497871842	1.7012747050308945	1.0	39	38	0.21692946289975587	0.22706009263006782	0.2978053838452729	0.3283495257781214	3.25	3.1666666666666665	0.5092471497871842	0.5193616361070853
11462	0	112878	97795	FP-only	0	8	6	45	1	1	0.5089775684469806	10.467845331600058	1.0	19	21	0.4401765718461173	0.44963935097308677	0.49609600909852286	0.52966641572925	3.1666666666666665	3.5	0.5089775684469806	0.5746477689631982
11699	0	108566	111851	FP-only	0	2	11	16	1	1	0.4945162960924429	3.3081833579625552	1.0	14	8	0.8473557005254638	0.8200625034274637	0.9776383647583397	0.8814342000168603	1.2727272727272727	0.7272727272727273	0.894205748103729	0.4945162960924429
11706	0	115286	108860	FP-only	0	4	8	26	1	1	0.49433259108126715	4.493623477054855	1.0	17	19	0.4193744715944662	0.4262519735351754	1.3342483930919655	1.4485426897058902	2.125	2.375	0.49433259108126715	0.5615498767332133
11805	0	87163	43350	FP-only	0	6	5	37	1	1	0.48855587530151096	2.390866729128476	0.75	7	9	0.9492969042547046	0.8323162019640202	1.6258469625989214	1.6693271105958363	1.4	1.8	0.48855587530151096	0.5507379377005774
11877	0	58564	66716	FP-only	0	2	12	17	1	1	0.48515862643533547	1.7217026836485194	1.0	11	8	0.719356200644198	0.8661814017945264	1.124848489067786	1.1275203382104648	0.9166666666666666	0.6666666666666666	0.55401508859627	0.48515862643533547
11909	0	104885	111986	FP-only	0	2	12	17	1	1	0.4834006305710381	positive_infinity	0.9166666666666666	9	9	0.7671491123412336	1.5653231900054658	0.8676113029174003	1.7191241617962114	0.75	0.75	0.4834006305710381	0.9863508996143308
12029	0	316420	59724	TP-only	2	0	1	68	1	1	0.4775236603078911	4.208071640992998	1.0	3	3	2.167719569834534	1.3125869934540018	2.176852053659957	1.3175683482678688	3.0	3.0	0.7886238311599644	0.4775236603078911
12153	0	108518	67794	FP-only	0	2	9	14	1	1	0.4697204281943327	2.8388581715014256	0.8888888888888888	18	14	0.3561389044028584	0.3766141949725594	0.4997664224794941	0.42028128589096164	2.0	1.5555555555555556	0.5710927553042288	0.4697204281943327
12259	0	183006	53093	TP-only	2	0	2	61	1	1	0.4647589228326637	positive_infinity	0.0	11	6	0.8566366889601259	0.8555716814409743	1.575627517249186	1.575627517249186	5.5	3.0	0.8531186589463768	0.4647589228326637
12488	0	103629	106897	FP-only	0	6	8	22	1	1	0.45284327663807195	20.98767046486373	1.0	42	27	0.42707423122509813	0.22250536851016262	0.5363900932335297	0.26947792206947674	5.25	3.375	1.3520611197575376	0.45284327663807195
12547	0	50263	41252	FP-only	0	2	7	12	1	1	0.44968544509550884	1.837780759812761	0.7142857142857143	5	5	0.824287036428031	0.8748183797216802	2.0386160226426866	1.6570838083988733	0.7142857142857143	0.7142857142857143	0.44968544509550884	0.4772525529063358
12549	0	116480	55896	FP-only	0	4	9	30	1	1	0.4496198198920929	3.0340206953463165	1.0	27	16	0.4609493028333772	0.4617504706055799	0.5425231749417136	0.5245075873893184	3.0	1.7777777777777777	0.7574169930843621	0.4496198198920929
12617	0	62287	108810	FP-only	0	2	9	13	1	1	0.4461172748197804	12.57752155807245	1.0	7	5	0.9306106961951778	0.965099225539787	1.1330849755121204	1.127969467721998	0.7777777777777778	0.5555555555555556	0.6022449250868892	0.4461172748197804
12677	0	51405	25543	FP-only	0	8	6	42	1	1	0.4436654169367028	2.516930402575903	1.0	41	49	0.17177975978550727	0.3792642870801681	0.22346802558338816	0.4411497683909049	6.833333333333333	8.166666666666666	0.4436654169367028	1.1706788155793875
12709	0	58815	107714	FP-only	0	2	7	32	1	1	0.4425287768958202	2.6072909589726687	1.0	12	21	0.5519303556440943	0.4225670030360362	0.891637257629174	0.6446729812354819	1.7142857142857142	3.0	0.4425287768958202	0.5929128556187668
12827	0	96354	107857	FP-only	0	4	2	11	1	1	0.4374381513140046	3.933852675954838	1.0	22	22	0.1338280731835342	0.0932621272214197	0.2913670859188009	0.2537308638410225	11.0	11.0	0.6277093035668522	0.4374381513140046
12839	0	111862	110401	FP-only	0	2	11	16	1	1	0.43699369992924403	3.0510113107313037	1.0	6	16	0.9662294256096396	0.7640842917276731	1.0410694166154746	1.0449589184008683	0.5454545454545454	1.4545454545454546	0.43699369992924403	0.9215203286782356
12853	0	113668	112477	FP-only	0	16	8	53	1	1	0.43647181576354804	positive_infinity	1.0	10	8	1.147799566645133	1.1234380955166277	1.3105878378994191	1.2329056323909877	1.25	1.0	0.557420745951106	0.43647181576354804
12872	0	82668	53117	FP-only	0	2	6	82	1	1	0.4355566609275952	4.695635328452461	1.0	77	14	0.38555586723859153	0.6900795783753262	2.3123844188224973	2.214213984060042	12.833333333333334	2.3333333333333335	1.3384294691340874	0.4355566609275952
12875	0	116570	82315	FP-only	0	4	3	41	1	1	0.4354983189487448	2.5798859129269824	1.0	6	6	0.9630592820464329	0.804985000796831	1.0480328652943298	1.0480328652943298	2.0	2.0	0.521016786603532	0.4354983189487448
12988	0	155554	47408	mixed	1	2	1	33	1	1	0.4307256936991733	positive_infinity	1.0	4	4	0.6185826827321128	0.769827700198479	0.7009138516709977	0.9173124971383544	4.0	4.0	0.4307256936991733	0.5360392061612678
13031	0	40692	93268	FP-only	0	10	10	67	1	1	0.42893454835442196	positive_infinity	1.0	11	22	1.009335954428889	0.7736454083303296	1.25699951858591	1.3007212409715068	1.1	2.2	0.42893454835442196	0.6575476526968835
13056	0	114796	114829	FP-only	0	2	9	14	1	1	0.4278748020253196	2.4073321276677	1.0	6	14	0.8004804568062375	0.8543851906412133	0.9818766092721641	1.0597215619634242	0.6666666666666666	1.5555555555555556	0.4278748020253196	1.0656055532376525
13061	0	113047	45318	FP-only	0	6	12	35	1	1	0.4277071441544724	2.1775498878041466	0.9166666666666666	12	11	0.7304490080666772	1.1904533569047089	3.227923670862085	3.2617911768154135	1.0	0.9166666666666666	0.4277071441544724	0.6389699348148224
13131	0	294790	49345	TP-only	1	0	2	17	1	1	0.4250850662969877	positive_infinity	0.5	7	6	0.4296032488282345	0.4131084287991435	0.5317744990567608	0.5164558920880475	3.5	3.0	0.5157344454266716	0.4250850662969877
13203	0	155168	82317	mixed	2	1	4	45	1	1	0.4223442094959735	12.53476413093758	1.0	113	88	0.16732909645544022	0.06439025197748244	0.28209276794344773	0.1047058155920386	28.25	22.0	1.409333115818071	0.4223442094959735
13482	0	115097	47409	FP-only	0	6	3	21	1	1	0.4116773621351462	positive_infinity	1.0	9	9	0.3656929128364801	0.36306530686822513	0.3704924415239422	0.36329314849274896	3.0	3.0	0.4146567872503483	0.4116773621351462
13546	0	90423	82877	FP-only	0	6	12	51	1	1	0.4088696041136359	1.9875368055779172	1.0	163	143	0.09878767645860013	0.07073339432999991	0.170426173282418	0.12902061977353524	13.583333333333334	11.916666666666666	0.6509005882485167	0.4088696041136359
13761	0	47634	55950	FP-only	0	2	8	20	1	1	0.3996105119412304	4.4828242194198875	1.0	4	5	1.2636793946802023	1.4905243370575825	1.8407072648524128	1.8407072648524128	0.5	0.625	0.3996105119412304	0.5891814766268095
13809	0	115119	89833	mixed	1	1	1	44	1	1	0.3979248221148892	5.419770087421016	1.0	8	7	0.32994183243100106	0.4240324896308773	0.6360534350818573	0.9220947068930949	8.0	7.0	0.3979248221148892	0.44747712132641854
13830	0	28225	88533	FP-only	0	4	12	35	1	1	0.3971523682271453	3.17850003316077	0.9166666666666666	22	19	0.3968719535180835	0.42837902776924364	0.6333418270512841	0.6380677571168155	1.8333333333333333	1.5833333333333333	0.42603810522847707	0.3971523682271453
13881	0	181289	23346	TP-only	3	0	1	31	1	1	0.3953437090710961	positive_infinity	0.0	1	2	2.389754096775358	1.1005903072175445	2.389754096775358	2.0148407005896827	1.0	2.0	0.42921250632106084	0.3953437090710961
13908	0	45953	18382	FP-only	0	2	9	17	1	1	0.3940519810828981	4.508910673746112	1.0	18	14	0.3552448267589863	0.3481538442832887	1.2774977021658926	0.9436938291827056	2.0	1.5555555555555556	0.5169571565934874	0.3940519810828981
13922	0	95960	93300	FP-only	0	4	9	22	1	1	0.39361534797967707	7.309815598222004	1.0	20	46	0.27693294472083907	0.4352658868402717	0.3886232175166789	0.74893613441956	2.2222222222222223	5.111111111111111	0.39361534797967707	1.4229179828190919
13953	0	109157	22362	FP-only	0	2	7	10	1	1	0.3923857213136384	2.8258029745206708	0.8571428571428571	18	17	0.21866680628259755	0.1931137929446242	0.28365332350650885	0.26717193773701753	2.5714285714285716	2.4285714285714284	0.4704422810053362	0.3923857213136384
14011	0	95838	96174	FP-only	0	6	10	46	1	1	0.3899288444921136	2.4436460687003656	0.8888888888888888	35	30	0.2757144001314277	0.2787680671430389	0.41752968438751276	0.4114785295413169	3.5	3.0	0.44993375669138774	0.3899288444921136
14016	0	143434	108471	FP-only	0	1	6	11	1	1	0.3897567011217364	1.504088937486842	0.6666666666666666	17	16	0.18625872990454154	0.20564075010056687	0.2719746190230607	0.2819553389872097	2.8333333333333335	2.6666666666666665	0.3897567011217364	0.40500202457579426
14132	0	55877	72086	FP-only	0	2	9	12	1	1	0.38509985795694074	1.8811791596338825	0.8888888888888888	8	8	0.5002593899767344	0.5063981292918064	0.5305130370867441	0.5371032611499335	0.8888888888888888	0.8888888888888888	0.38509985795694074	0.38982546168499643
14138	0	106265	106682	FP-only	0	4	12	33	1	1	0.3849664596698103	1.9170404050107537	1.0	133	100	0.09302990328171182	0.0766073582157747	0.147896608312295	0.10015699523775574	11.083333333333334	8.333333333333334	0.6217654954743825	0.3849664596698103
14333	0	106590	92753	FP-only	0	2	3	13	1	1	0.3774559119878085	positive_infinity	1.0	3	3	0.785737138282502	0.8169171834524426	0.7982091563504782	0.8293892015204187	1.0	1.0	0.3774559119878085	0.3924343211936739
14392	0	92571	93268	FP-only	0	10	9	67	1	1	0.37581305912318347	6.536731072830473	1.0	16	16	0.5779158474801864	0.5767804622249653	0.6896232454689185	0.6947127159151836	1.7777777777777777	1.7777777777777777	0.37655284251390725	0.37581305912318347
14394	0	47630	41187	FP-only	0	10	10	71	1	1	0.3756385042719877	1.9538971315544684	1.0	26	22	0.38496915073344046	0.6358143937930735	0.9271501508833113	1.6274444137845359	2.6	2.2	0.3756385042719877	0.5249571579884568
14436	0	112646	66735	FP-only	0	2	9	14	1	1	0.37430236433729325	positive_infinity	1.0	13	6	0.6970786796797112	0.7002556032047922	0.7606768979232834	0.7662292840395117	1.4444444444444444	0.6666666666666666	0.8073091591147816	0.37430236433729325
14534	0	114204	116496	FP-only	0	2	6	10	1	1	0.3706440419993674	8.163785950635225	1.0	4	4	0.7177491010172762	1.2452525555025005	0.8157646070742722	1.3488630585057875	0.6666666666666666	0.6666666666666666	0.3706440419993674	0.6430456545711215
14576	0	113261	108538	FP-only	0	4	9	30	1	1	0.36888045131643465	3.287666561054196	1.0	21	13	0.2886344917267107	0.5293967966718992	0.4110524723451947	0.6797292810937302	2.3333333333333335	1.4444444444444444	0.36888045131643465	0.4188348195895862
14630	0	102809	101115	FP-only	0	4	7	27	1	1	0.36679142288316213	5.196514108146265	1.0	18	10	0.37902953028585595	0.5042548378867944	0.8664708377430771	0.9163585526434361	2.5714285714285716	1.4285714285714286	0.4962661466167119	0.36679142288316213
14636	0	86850	112349	FP-only	0	4	9	25	1	1	0.3665541323949938	2.0631661688106524	1.0	23	23	0.2390570428663003	0.29510735560719004	0.3114496439629212	0.3569692073113481	2.5555555555555554	2.5555555555555554	0.3665541323949938	0.4524979452643581
14650	0	45955	112255	FP-only	0	2	12	43	1	1	0.3662043152822451	2.2986693462105783	1.0	8	8	1.0766924116142118	1.0398203711622083	1.5544396553385704	1.5109588258186104	0.6666666666666666	0.6666666666666666	0.37918992385586175	0.3662043152822451
14746	0	112863	81392	FP-only	0	2	8	45	1	1	0.362862992794138	positive_infinity	0.8	11	14	0.6258946558989502	0.6057408456563572	2.050025281275134	1.1560119533826787	1.375	1.75	0.362862992794138	0.44695484028314014
14914	0	69090	113020	FP-only	0	2	7	13	1	1	0.35709897597493273	5.940613210447147	0.8571428571428571	58	36	0.10328592066408011	0.09462519776898232	0.20105696281076954	0.2884963248470595	8.285714285714286	5.142857142857143	0.6279837739783057	0.35709897597493273
15120	0	115247	96319	FP-only	0	2	7	20	1	1	0.3503887962152169	2.0825629899132854	0.8571428571428571	6	6	0.6909760245044853	0.7281994755970779	0.7860893974044428	0.8447527852704461	0.8571428571428571	0.8571428571428571	0.3503887962152169	0.369264531055167
15216	0	93636	80753	FP-only	0	4	9	29	1	1	0.3470834183012232	positive_infinity	1.0	19	11	0.48678745917035277	0.5097549298297338	1.4594645788260852	1.4570361851841118	2.111111111111111	1.2222222222222223	0.5724963583895811	0.3470834183012232
15231	0	182813	54247	mixed	2	2	1	32	1	1	0.3467184727471759	2.207670638229509	1.0	1	2	1.9613358659373699	1.5222959949952335	1.9613358659373699	2.1972761347564487	1.0	2.0	0.3467184727471759	0.538212910517126
15551	0	107112	109150	FP-only	0	2	8	14	1	1	0.3361082650993444	positive_infinity	0.875	9	8	0.45365767431838183	0.4446294415231177	0.503373915529915	0.49035697695301156	1.125	1.0	0.38579958855076235	0.3361082650993444
15655	0	92500	82657	FP-only	0	2	10	16	1	1	0.3333187644720375	1.969257574701686	1.0	12	17	0.35134882753494995	0.26334617879850186	0.7389564854301781	0.7287824468626611	1.2	1.7	0.3333187644720375	0.35392883869471425
15700	0	91311	92617	FP-only	0	2	9	31	1	1	0.33220817296089916	2.0875234938366	1.0	26	25	0.36044242074265387	0.221958819174308	0.5974908991255669	0.35545207266372275	2.888888888888889	2.7777777777777777	0.5610572052864672	0.33220817296089916
15750	0	113197	31477	FP-only	0	10	5	61	1	1	0.33070639001520885	1.9513880439041897	1.0	24	22	0.3449878712569918	0.2625244911874846	0.9147629673468435	0.9426668774913759	4.8	4.4	0.4740947530565778	0.33070639001520885
15893	0	183129	105628	TP-only	2	0	2	27	1	1	0.32573626642016956	positive_infinity	0.0	6	3	0.8779441233292419	0.797887643448694	1.0768099765313568	0.797887643448694	3.0	1.5	0.7168383749439158	0.32573626642016956
15953	0	107237	100542	TP-only	2	0	2	71	1	1	0.3240600643552706	1.9772847058079488	0.5	6	4	0.8130032420438004	0.965405335662558	1.752335603825523	2.4291788157777705	3.0	2.0	0.409354298974757	0.3240600643552706
16470	0	49338	86768	FP-only	0	6	7	58	1	1	0.3083349882806653	4.296301813524171	1.0	22	12	0.4852376240649736	0.5177314886787052	0.7553930781592832	0.6350486738269727	3.142857142857143	1.7142857142857142	0.5298026565287988	0.3083349882806653
16529	0	111503	91303	FP-only	0	4	11	31	1	1	0.3069627056171651	1.6661689338280834	1.0	47	26	0.20096301239041756	0.2180165463842155	0.2439829522550615	0.23901236434022474	4.2727272727272725	2.3636363636363638	0.5114895915127061	0.3069627056171651
16592	0	153424	110388	TP-only	3	0	4	22	1	1	0.30531217854857884	positive_infinity	0.0	4	5	0.7160205269651395	0.7414075392494041	0.9970935322926702	0.9444168928507932	1.0	1.25	0.30531217854857884	0.3951715461985582
16972	0	113862	108853	FP-only	0	4	7	24	1	1	0.29492791095535453	1.8550406046441008	1.0	25	7	0.5416740522989152	0.546100375892793	0.602477407520819	0.602477407520819	3.5714285714285716	1.0	1.0447765107157998	0.29492791095535453
17275	0	69034	86731	FP-only	0	2	3	59	1	1	0.2872721067873673	4.14340465830825	1.0	12	3	0.5120982661901277	1.2739689343341019	0.773176676283183	1.3639477622417935	4.0	1.0	0.46189995327473377	0.2872721067873673
17367	0	93237	93579	FP-only	0	2	9	27	1	1	0.284589608606777	positive_infinity	1.0	20	15	0.22801300027898092	0.29575419684784726	0.39642593909243573	0.4087500615512679	2.2222222222222223	1.6666666666666667	0.29254081575511964	0.284589608606777
17391	0	92534	90416	mixed	1	2	6	35	1	1	0.28387491994193714	8.921952596878437	1.0	98	49	0.21946273074082928	0.08395384517699953	0.3299361890539517	0.13934477792505465	16.333333333333332	8.166666666666666	1.484147986026014	0.28387491994193714
17421	0	108484	114373	FP-only	0	2	7	13	1	1	0.28307261585285476	2.6270154771452177	1.0	6	7	0.4500567751827968	0.46728771611368786	0.5044592425125853	0.538372468899986	0.8571428571428571	1.0	0.28307261585285476	0.3428954390318768
17625	0	37465	25536	FP-only	0	2	9	14	1	1	0.27815948815449026	2.893388461471736	1.0	32	8	0.3211542282184971	0.39029156383294017	0.6342654240964013	0.6937059544692724	3.5555555555555554	0.8888888888888888	0.9155421640437514	0.27815948815449026
17860	0	181782	107699	mixed	2	2	1	33	1	1	0.27250842366396255	16.240145252435287	1.0	1	2	1.5654417114469592	1.2382447591532353	1.5654417114469592	2.0285588881742376	1.0	2.0	0.27250842366396255	0.43110149034564565
18064	0	155419	104968	FP-only	0	1	1	14	1	1	0.2678756528065378	positive_infinity	1.0	1	1	1.0022989150604737	1.0096149655353677	1.0022989150604737	1.0096149655353677	1.0	1.0	0.2678756528065378	0.2698309495423519
18083	0	106614	114333	FP-only	0	4	11	25	1	1	0.2674505325653667	3.004814898137247	1.0	14	16	0.3167975237500177	0.4815385834694591	0.39176042931632005	0.5579886659703326	1.2727272727272727	1.4545454545454546	0.2674505325653667	0.46460590645743444
18085	0	22578	68439	FP-only	0	4	12	29	1	1	0.2673701316430068	2.23676203946476	1.0	9	9	0.5541916811796846	0.6513556173402989	0.7794208222540352	0.8525158116508239	0.75	0.75	0.2673701316430068	0.31424693489439504
18699	0	89806	102791	FP-only	0	2	7	14	1	1	0.25136419072124433	2.632964020240727	1.0	13	14	0.19141373333003442	0.24650315732578895	0.23592878749646368	0.34147784698372663	1.8571428571428572	2.0	0.25136419072124433	0.3486081082579195
18722	0	112248	102791	FP-only	0	2	8	14	1	1	0.25098340057824625	3.7430221002758284	1.0	24	12	0.1749251379524783	0.22134655371178147	0.2314253477975833	0.2557859107236447	3.0	1.5	0.396692925493649	0.25098340057824625
18778	0	95895	102136	FP-only	0	4	11	37	1	1	0.249923390163219	positive_infinity	1.0	10	7	0.5065193816023787	0.7202878150210961	0.6549945474146003	0.9622602110985723	0.9090909090909091	0.6363636363636364	0.2510723360330542	0.249923390163219
19094	0	26278	67750	FP-only	0	2	7	13	1	1	0.2430479493143449	1.766494997673368	1.0	11	10	0.22415772373409493	0.23185296667495242	0.270155963604344	0.28687990420842246	1.5714285714285714	1.4285714285714286	0.25847925710700786	0.2430479493143449
19099	0	96934	96166	FP-only	0	4	10	29	1	1	0.2429819513455468	3.291609262754276	1.0	8	9	0.6315207612196083	0.4597592810455608	0.9436996025026549	0.6396726687066966	0.8	0.9	0.29667340802517683	0.2429819513455468
19165	0	50266	114751	FP-only	0	6	9	16	1	1	0.24136784037748268	4.413965380561825	1.0	15	15	0.19309427230198614	0.21569123870619694	0.2504484100279009	0.26629957521954023	1.6666666666666667	1.6666666666666667	0.24136784037748268	0.26961404838274616
19169	0	77295	79730	FP-only	0	2	10	15	1	1	0.24123030915581528	1.6297389747365485	0.8888888888888888	7	7	0.4379377981952043	0.4220651199468461	0.553518098981739	0.553518098981739	0.7	0.7	0.2503023004197805	0.24123030915581528
20615	0	67107	76397	FP-only	0	6	9	54	1	1	0.21171245218825344	1.7963530839492932	1.0	25	13	0.3494149371291424	0.3590221015762621	0.4300268374270261	0.4223932249283215	2.7777777777777777	1.4444444444444444	0.396244585404196	0.21171245218825344
22303	0	106630	96950	FP-only	0	2	9	12	1	1	0.18256197266587032	1.7187853508760023	1.0	9	8	0.23433587768232592	0.237154959140466	0.252365260460998	0.2576411892511234	1.0	0.8888888888888888	0.20294082309101713	0.18256197266587032
22443	0	106694	102811	FP-only	0	2	8	12	1	1	0.18040297739546265	1.561090106437535	0.875	5	5	0.6838932988600106	0.353516194158185	0.7450441658223134	0.45580954047259414	0.625	0.625	0.3489978376491139	0.18040297739546265
22582	0	155261	26655	FP-only	0	2	2	25	1	1	0.17832034952025475	positive_infinity	1.0	2	2	0.6304576418466372	0.6304576418466372	0.6393373269430688	0.6393373269430688	1.0	1.0	0.17832034952025475	0.17832034952025475
22662	0	54384	38730	FP-only	0	4	11	39	1	1	0.17687432877006928	2.362643482855501	1.0	8	8	0.4579346055303475	0.4722225739140885	0.5259249284705377	0.546491825114637	0.7272727272727273	0.7272727272727273	0.17687432877006928	0.18239296568206978
22980	0	108942	61582	FP-only	0	6	11	40	1	1	0.17174820219318404	2.2187827079386206	1.0	10	15	0.3602620682350553	0.34645024733848584	0.4357254472664778	0.47361461659399756	0.9090909090909091	1.3636363636363635	0.17174820219318404	0.24774551240409645
23272	0	113903	94813	FP-only	0	8	8	67	1	1	0.1674619128952698	4.1509758139638	1.0	15	15	0.2584682388139875	0.26591939383687874	0.2851550374410725	0.2877953618618232	1.875	1.875	0.1674619128952698	0.17228952606406056
23814	0	26599	110397	FP-only	0	4	12	31	1	1	0.1589059362018776	24.397058739218327	1.0	66	14	0.20824265729695865	0.21891905036850498	0.28442706459038386	0.28070094584029154	5.5	1.1666666666666667	0.7125940021175198	0.1589059362018776
24386	0	113168	108785	FP-only	0	4	11	33	1	1	0.15126923931911732	positive_infinity	1.0	7	9	0.4117237270504394	0.9670245435940572	0.4595705809908105	1.4140633261255708	0.6363636363636364	0.8181818181818182	0.15126923931911732	0.4568006295466396
24657	0	155745	113638	TP-only	1	0	3	7	1	1	0.14762922634080528	22.938337109292412	0.0	7	10	0.09664601492778695	0.2366372993651634	0.13381696805343002	0.36047345939751724	2.3333333333333335	3.3333333333333335	0.14762922634080528	0.516384922186089
24862	0	107955	115076	FP-only	0	2	8	21	1	1	0.14494159543234836	positive_infinity	1.0	6	4	0.3131096321368623	0.5232091519973217	0.7645890728472378	0.7323958487273541	0.75	0.5	0.14494159543234836	0.1614658497680241
25493	0	182795	82308	TP-only	2	0	1	51	1	1	0.13682129236335314	positive_infinity	0.0	1	3	0.9770994669136228	0.4815684927492989	0.9770994669136228	0.4903985638637786	1.0	3.0	0.13682129236335314	0.20229923084766907
26362	0	113029	106620	FP-only	0	2	9	13	1	1	0.12660945431671378	2.1234181299129027	1.0	7	6	0.22236057305729884	0.22824843974871353	0.2446778483513672	0.2446778483513672	0.7777777777777778	0.6666666666666666	0.14390069575891107	0.12660945431671378
26600	0	234726	28189	mixed	1	2	3	44	1	1	0.12367880871675023	positive_infinity	1.0	3	10	0.4736537764817102	0.6601465213123864	0.5015157633335755	1.2293252247566913	1.0	3.3333333333333335	0.12367880871675023	0.5745837950868418
26613	0	114447	108604	FP-only	0	2	6	20	1	1	0.12345119543413867	positive_infinity	1.0	3	3	0.45078002993504346	0.45078002993504346	0.4522294834075034	0.4522294834075034	0.5	0.5	0.12345119543413867	0.12345119543413867
27083	0	154954	3050	TP-only	2	0	3	5	1	1	0.11772846921860856	6.490138528186693	0.3333333333333333	3	2	0.3516826216221733	0.22798020032908176	0.48388706155551897	0.24699103141985462	1.0	0.6666666666666666	0.2724121873386483	0.11772846921860856
27616	0	108326	27812	FP-only	0	4	8	20	1	1	0.111525661135007	positive_infinity	1.0	5	5	0.30018149663923516	0.2821400853941932	0.3763791502261357	0.35707765534274416	0.625	0.625	0.11865715510227033	0.111525661135007
27891	0	45005	76399	FP-only	0	4	10	38	1	1	0.10826281675448284	positive_infinity	1.0	5	8	0.4220861640382729	0.6985545801303406	0.43589299791084696	0.7484200530167372	0.5	0.8	0.10826281675448284	0.28668075078546545
28818	0	113315	101115	FP-only	0	4	9	27	1	1	0.09736337073593886	2.4597969494961527	1.0	8	5	0.27158186828411424	0.3035489488394596	0.301114445999834	0.3238143123440589	0.8888888888888888	0.5555555555555556	0.13937587978742652	0.09736337073593886
29137	0	304918	92714	mixed	1	1	2	64	1	1	0.09373000934186983	positive_infinity	1.0	8	50	0.13255425041262922	0.21305237535748983	0.15238148350241307	0.574273501259094	4.0	25.0	0.09373000934186983	0.9415673710198921
29234	0	155374	116098	TP-only	2	0	2	11	1	1	0.09269754459577854	positive_infinity	0.0	1	2	0.4347900240689749	0.5771350625675946	0.4347900240689749	0.8168211512309103	0.5	1.0	0.09269754459577854	0.24609121754670243
29371	0	286885	106265	TP-only	2	0	2	12	1	1	0.0910504349344403	1.7194202811046768	0.5	1	1	0.4460542128957173	0.5335248028988815	0.4460542128957173	0.5335248028988815	0.5	0.5	0.0910504349344403	0.10890529435176893
32362	0	316372	86853	FP-only	0	2	1	32	1	1	0.05566770104761466	positive_infinity	1.0	1	1	0.31490407123067043	0.31490407123067043	0.31490407123067043	0.31490407123067043	1.0	1.0	0.05566770104761466	0.05566770104761466
32604	0	155465	108462	TP-only	2	0	4	11	1	1	0.052471238749276394	1.8957209943274165	0.0	6	3	0.3229705903428606	0.11601827414433796	0.4653014440278039	0.12814562069167856	1.5	0.75	0.29213789086004993	0.052471238749276394
32892	0	304970	90450	mixed	1	7	1	92	1	1	0.0485300596038273	positive_infinity	1.0	2	3	0.23274198967628013	0.6505883651638458	0.2332864762560731	0.7502997479587216	2.0	3.0	0.0485300596038273	0.20348557763173425
32984	0	155826	100871	mixed	1	1	2	35	1	1	0.04742739209180737	5.294887795295081	1.0	30	2	0.32533442009140523	0.1984030156298678	0.5574522730829755	0.23127089316495134	15.0	1.0	1.1665470194833851	0.04742739209180737
33380	0	183349	107232	TP-only	2	0	1	44	1	1	0.04187068179258827	positive_infinity	0.0	1	1	0.27773868244476146	0.2803103369118426	0.27773868244476146	0.2803103369118426	1.0	1.0	0.04187068179258827	0.04225837329066779
33612	0	96353	90582	FP-only	0	4	10	47	1	1	0.03837645910463671	2.042328508283195	1.0	256	10	0.1547817557106513	0.0831981807675283	0.2679370335325833	0.2106767684395967	25.6	1.0	1.8277248009802103	0.03837645910463671
33662	0	105613	113650	FP-only	0	2	8	21	1	1	0.03755752539525904	positive_infinity	1.0	4	6	0.12170029168027102	0.1487448009425535	0.12173295413342357	0.14963008945566647	0.5	0.75	0.03755752539525904	0.06885546322464159
34191	1	33873	33872	TP-only	2	0	1	41	1	5	24.914944642249164	3.168478756306526	1.0	41	41	3.8911379387602776	3.8910606320264227	4.496835443037975	4.496835443037975	41.0	41.0	24.91543964687043	24.914944642249164
34193	1	33361	33872	mixed	2	2	1	41	1	5	24.65843339367063	3.1319671180438813	1.0	41	41	3.851077612103024	3.8510003053691695	4.401898734177215	4.401898734177215	41.0	41.0	24.65892839829189	24.65843339367063
34209	1	110299	35390	FP-only	0	5	3	48	1	5	22.139634803156653	2.773317100648474	1.0	128	132	2.0755907627959362	2.0661317895412723	2.928353720730652	2.928353720730652	42.666666666666664	44.0	22.139634803156653	22.727449684953996
34223	1	34085	34996	TP-only	3	0	1	47	1	5	20.733956523718913	2.4625659439252376	1.0	38	38	3.74065380069339	3.7413980664978808	4.426206657568467	4.426206657568467	38.0	38.0	20.733956523718913	20.738081892078196
34227	1	34116	33494	mixed	2	4	1	62	1	5	20.132210242116447	2.8408032803370102	1.0	48	59	3.3025246243267943	3.0927546184768286	4.851730177399163	4.851730177399163	48.0	59.0	20.132210242116447	23.174033530291993
34255	1	35554	33567	mixed	3	2	1	17	1	5	17.328433142237344	2.245448133224213	0.0	17	17	4.202762363052842	4.202952766360002	5.053968253968254	5.053968253968254	17.0	17.0	17.328433142237344	17.329218195184232
34258	1	34952	34421	mixed	2	2	1	53	1	5	16.646717860608607	2.145040830127461	0.0	42	42	2.886624760867111	2.885474650501889	4.361563517915309	4.361563517915309	42.0	42.0	16.65335301256015	16.646717860608607
34262	1	34869	33901	FP-only	0	1	1	25	1	5	16.496979568609177	2.7720107781370875	1.0	24	24	3.4370040810604503	3.4368707434602452	4.906451612903226	4.906451612903226	24.0	24.0	16.49761958909016	16.496979568609177
34338	1	111931	14988	FP-only	0	13	4	45	1	5	12.757453611855247	2.2726919022873777	1.0	98	98	1.7465224589331767	1.776534638513421	2.332844945293597	2.329899433999034	24.5	24.5	12.757453611855247	12.976677239256816
34376	1	30029	30162	mixed	1	1	1	38	1	5	11.023624426377626	2.0590695751480546	1.0	33	36	2.059217720528275	1.9685804020002406	5.395437262357414	5.395437262357414	33.0	36.0	11.023624426377626	11.496452775215287
34936	1	110236	101544	FP-only	0	12	6	107	1	5	2.497980665311243	4.327105712906978	1.0	126	113	0.5342339113021867	0.5601162120517987	0.8160042166371282	0.8371488097066807	21.0	18.833333333333332	2.6566508627008223	2.497980665311243
35079	1	156141	69618	mixed	1	3	7	112	1	5	1.8445314470202423	3.4193951291426052	0.8	73	61	0.943426631227174	0.8466701724027341	2.509765252890769	2.526497021243374	10.428571428571429	8.714285714285714	2.459648002842275	1.8445314470202423
35185	1	277635	47845	FP-only	0	3	2	48	1	5	1.535160230323933	2.0825344802286345	1.0	67	67	0.42618195013566773	0.22449905896759012	0.7326342723479575	0.4065384982332232	33.5	33.5	2.914299880538148	1.535160230323933
35202	1	102059	68126	mixed	1	5	5	144	1	5	1.5063262269373028	8.08691033961506	1.0	193	192	0.20942473614855445	0.22281825821754084	1.5263390369677032	1.9641006727984405	38.6	38.4	1.5063262269373028	1.5943576704080717
35227	1	96384	90455	FP-only	0	6	9	46	1	2	1.4514373362831672	4.374117970413777	1.0	90	69	0.44268256890309376	0.42800552019568683	0.5674072267736042	0.5253770618274114	10.0	7.666666666666667	1.9580995174424156	1.4514373362831672
35277	1	103147	30077	FP-only	0	4	11	31	1	5	1.3285421689539503	2.192168561203838	1.0	37	29	0.6791195935789726	0.8459691685356187	1.6629458306852403	1.6576244040270474	3.3636363636363638	2.6363636363636362	1.3607263512757262	1.3285421689539503
35301	1	109657	81223	FP-only	0	8	10	119	1	5	1.264703419209331	2.3270590265472477	1.0	501	299	0.14774358622963352	0.14591199151611065	0.3099752029756032	0.2483876018750265	50.1	29.9	2.145719172584004	1.264703419209331
35498	1	74384	94404	FP-only	0	1	8	23	1	2	0.8860905282240605	6.320341409395522	1.0	13	13	0.9260406197366071	0.9245782088211312	1.1188639039863446	1.1000594686252296	1.625	1.625	0.8874920629435809	0.8860905282240605
35525	1	104194	71883	FP-only	0	2	10	17	1	1	0.8555407810493253	2.0295494677468375	1.0	33	29	0.48928844766843055	0.38465127707349756	1.183381490409164	0.9434365747191352	3.3	2.9	1.2383814590702444	0.8555407810493253
35606	1	107530	59463	FP-only	0	2	10	18	1	4	0.7568702745530858	3.3610370076636786	0.9	71	73	0.14302084935630668	0.13982504395114315	0.3001828943205903	0.29585749238513515	7.1	7.3	0.7568702745530858	0.7608018711970196
35667	1	109191	79385	FP-only	0	9	12	99	1	5	0.7080288406429276	2.1046068110963034	1.0	55	63	0.44370720334134417	0.42516297445918677	0.7188368183389215	0.7272799962161113	4.583333333333333	5.25	0.7080288406429276	0.7771194269265783
35687	1	50937	3669	FP-only	0	20	12	78	1	5	0.6851700391081827	2.3532146647198515	0.8888888888888888	94	81	0.3086388378890616	0.2587922518179078	0.44328833288814024	0.4027396673429567	7.833333333333333	6.75	0.9482885446320446	0.6851700391081827
35702	1	104484	81187	FP-only	0	8	11	68	1	4	0.6730549362971295	positive_infinity	1.0	34	39	0.5414051663204067	0.561169939052312	0.7485700551156174	0.7532195585635404	3.090909090909091	3.5454545454545454	0.6730549362971295	0.800217798272214
35770	1	109445	98077	FP-only	0	2	8	93	1	5	0.6190602722326738	2.179624048329086	0.75	64	73	0.2638392648154604	0.27299918462035067	0.46413839250068456	0.527909708019305	8.0	9.125	0.6190602722326738	0.7306304066065511
35795	1	40698	26368	FP-only	0	4	10	103	1	5	0.6016456502209967	3.1524241890884905	0.8888888888888888	46	53	0.4545421828024298	0.3643204283868223	1.7424754577097266	1.2572538969591895	4.6	5.3	0.6514984885671382	0.6016456502209967
35797	1	109173	3669	FP-only	0	20	7	78	1	5	0.5997787749677939	3.978358235710225	1.0	49	48	0.30486143898182544	0.29197534267357034	0.6292318195311135	0.614338758713809	7.0	6.857142857142857	0.6392963927138133	0.5997787749677939
36212	1	94517	90491	FP-only	0	4	8	36	1	5	0.4045238697591824	3.2137610572538553	1.0	20	19	0.4080248286520267	0.36131566921078945	0.6587824157135433	0.6523237645790969	2.5	2.375	0.4808618720538787	0.4045238697591824
36259	1	124002	40713	mixed	1	2	3	176	1	5	0.3889875755840557	30.784816038761825	1.0	52	10	0.592302450228853	0.8938253986670219	1.5137092041321323	1.0444187063098802	17.333333333333332	3.3333333333333335	1.3403860879845164	0.3889875755840557
36672	1	108372	57990	FP-only	0	10	3	31	1	2	0.2939954774870737	positive_infinity	1.0	2	11	1.4175948550983528	0.43796997513072583	2.639881798918669	2.6263265650346193	0.6666666666666666	3.6666666666666665	0.2939954774870737	0.49956907874813317
36691	1	58504	69839	FP-only	0	6	11	96	1	5	0.2912531626310837	positive_infinity	1.0	31	34	0.30530991983052996	0.31655226480240106	0.5173527298011928	0.5284419537400457	2.8181818181818183	3.090909090909091	0.2912531626310837	0.3312015671030028
36804	1	108198	49030	FP-only	0	4	8	28	1	3	0.2721610951226892	positive_infinity	1.0	9	24	0.45259269864813123	0.36692107684143616	0.6766362271758277	0.6851652552494726	1.125	3.0	0.2721610951226892	0.5883826960829179
37974	1	145053	75165	mixed	1	2	2	100	1	5	0.13796695553969748	positive_infinity	1.0	8	12	0.2438934246044575	0.5460312058902753	0.26046122438011576	0.7505598596042389	4.0	6.0	0.13796695553969748	0.4633228421093779
38262	1	97138	78988	FP-only	0	20	9	149	1	5	0.11923931998235272	5.386842050877624	1.0	143	11	0.45741622258647935	0.3969549248036879	1.773024780281609	1.405984582553629	15.88888888888889	1.2222222222222223	1.786212859412345	0.11923931998235272
38274	1	108370	84314	FP-only	0	22	7	115	1	5	0.1185278727645591	positive_infinity	1.0	4	8	0.8407336669831768	0.6666196352899416	1.1665974508814516	1.1776030872105219	0.5714285714285714	1.1428571428571428	0.1185278727645591	0.18796203938763892
38307	1	65788	5723	FP-only	0	2	7	18	1	3	0.11629831581798913	2.0895896238555665	0.8571428571428571	9	7	0.1828788022234946	0.18649219390703475	0.21214796607629235	0.21460054371879284	1.2857142857142858	1.0	0.1466292474051234	0.11629831581798913
38495	1	104946	46726	FP-only	0	8	8	55	1	5	0.10598700749619688	positive_infinity	1.0	5	4	0.6158981919391322	0.5558005562654373	1.0203755505089687	1.033845854806117	0.625	0.5	0.14680897119949093	0.10598700749619688
38865	1	104605	102355	FP-only	0	2	10	77	1	5	0.08863489177498644	3.621971657119114	1.0	10	10	0.2574249308651429	0.2459518430663194	0.29746425352208383	0.29746425352208383	1.0	1.0	0.09276950561928861	0.08863489177498644
38992	1	102945	55187	FP-only	0	12	7	125	1	5	0.08268123936328085	positive_infinity	1.0	6	7	0.4076240071989383	0.7907625094740878	0.4397140908802596	0.93932882582704	0.8571428571428571	1.0	0.08268123936328085	0.18712856382131077
39101	1	108793	24112	FP-only	0	2	9	15	1	2	0.07881246535391258	35.7978735698833	0.8888888888888888	114	18	0.0878928306542996	0.05087322763154207	0.11545750378188105	0.07123140911288933	12.666666666666666	2.0	0.8623655890836656	0.07881246535391258
39432	1	19056	84368	FP-only	0	2	6	71	1	5	0.0659031944097745	positive_infinity	1.0	5	4	0.33562031266777825	0.34005665155178	0.35131763040725233	0.35131763040725233	0.8333333333333334	0.6666666666666666	0.08130428640595914	0.0659031944097745
40668	1	108557	67185	FP-only	0	2	8	20	1	2	0.030518606847847386	10.665786955730955	1.0	12	4	0.08262122301936438	0.09650830865440951	0.11441833675815785	0.09737730787928327	1.5	0.5	0.07838137434297762	0.030518606847847386
