protein_left	protein_right	native_gene_left	native_gene_right	baseline_state	candidate_state	baseline_group_left	baseline_group_right	candidate_group	first_connected_iteration	first_direct_event	connection_path
A0A096LP49	F1PCI4	sp|A0A096LP49|CC187_HUMAN	tr|F1PCI4|F1PCI4_CANLF	FN	TP	sp|A0A096LP49|CC187_HUMAN	tr|A0A2I2Z933|A0A2I2Z933_GORGO	sp|A0A096LP49|CC187_HUMAN	0	27083	direct_cross_endpoint
A0A096LP49	H2RG04	sp|A0A096LP49|CC187_HUMAN	tr|H2RG04|H2RG04_PANTR	FN	TP	sp|A0A096LP49|CC187_HUMAN	tr|A0A2I2Z933|A0A2I2Z933_GORGO	sp|A0A096LP49|CC187_HUMAN	0	27083	direct_cross_endpoint
A0A1B0GVD1	J9P949	sp|A0A1B0GVD1|F237B_HUMAN	tr|J9P949|J9P949_CANLF	FN	TP	sp|A0A1B0GVD1|F237B_HUMAN	tr|J9P949|J9P949_CANLF	sp|A0A1B0GTK4|F237A_HUMAN	0		transitive_union
A0A1B0GVS7	A0A2J8QXK7	sp|A0A1B0GVS7|MDFI2_HUMAN	tr|A0A2J8QXK7|A0A2J8QXK7_PANTR	not_scored	FP	sp|A0A1B0GVS7|MDFI2_HUMAN	sp|P70331|MDFI_MOUSE	sp|A0A1B0GVS7|MDFI2_HUMAN	0	7346	direct_cross_endpoint
A0A1B0GVS7	H2QSZ4	sp|A0A1B0GVS7|MDFI2_HUMAN	tr|H2QSZ4|H2QSZ4_PANTR	not_scored	FP	sp|A0A1B0GVS7|MDFI2_HUMAN	sp|P70331|MDFI_MOUSE	sp|A0A1B0GVS7|MDFI2_HUMAN	0	7346	direct_cross_endpoint
A0A2I3RAB5	Q6P4A7	tr|A0A2I3RAB5|A0A2I3RAB5_PANTR	sp|Q6P4A7|SFXN4_HUMAN	not_scored	FP	sp|A6QP55|SFXN3_BOVIN	sp|A8E7G5|SFXN4_DANRE	sp|A6QP55|SFXN3_BOVIN	0	2333	direct_cross_endpoint
A0A2I3RAI6	O60825	tr|A0A2I3RAI6|A0A2I3RAI6_PANTR	sp|O60825|F262_HUMAN	not_scored	FP	sp|Q8TFH0|YIKE_SCHPO	sp|O35552|F263_RAT	sp|O35552|F263_RAT	0	5210	direct_cross_endpoint
A0A2I3RAI6	P16118	tr|A0A2I3RAI6|A0A2I3RAI6_PANTR	sp|P16118|F261_HUMAN	not_scored	FP	sp|Q8TFH0|YIKE_SCHPO	sp|O35552|F263_RAT	sp|O35552|F263_RAT	0	5210	direct_cross_endpoint
A0A2I3RAI6	Q16875	tr|A0A2I3RAI6|A0A2I3RAI6_PANTR	sp|Q16875|F263_HUMAN	FN	TP	sp|Q8TFH0|YIKE_SCHPO	sp|O35552|F263_RAT	sp|O35552|F263_RAT	0	5210	direct_cross_endpoint
A0A2I3RAI6	Q16877	tr|A0A2I3RAI6|A0A2I3RAI6_PANTR	sp|Q16877|F264_HUMAN	not_scored	FP	sp|Q8TFH0|YIKE_SCHPO	sp|O35552|F263_RAT	sp|O35552|F263_RAT	0	5210	direct_cross_endpoint
A0A2I3RAN8	P51508	tr|A0A2I3RAN8|A0A2I3RAN8_PANTR	sp|P51508|ZNF81_HUMAN	not_scored	FP	tr|A0A2I3RAN8|A0A2I3RAN8_PANTR	sp|P51508|ZNF81_HUMAN	sp|P51508|ZNF81_HUMAN	0		transitive_union
A0A2I3RAN8	P51814	tr|A0A2I3RAN8|A0A2I3RAN8_PANTR	sp|P51814|ZNF41_HUMAN	not_scored	FP	tr|A0A2I3RAN8|A0A2I3RAN8_PANTR	sp|P51814|ZNF41_HUMAN	sp|P51508|ZNF81_HUMAN	0	654	direct_cross_endpoint
A0A2I3RAN8	Q52M93	tr|A0A2I3RAN8|A0A2I3RAN8_PANTR	sp|Q52M93|Z585B_HUMAN	not_scored	FP	tr|A0A2I3RAN8|A0A2I3RAN8_PANTR	sp|P51814|ZNF41_HUMAN	sp|P51508|ZNF81_HUMAN	0	654	direct_cross_endpoint
A0A2I3RAN8	Q6P3V2	tr|A0A2I3RAN8|A0A2I3RAN8_PANTR	sp|Q6P3V2|Z585A_HUMAN	FN	TP	tr|A0A2I3RAN8|A0A2I3RAN8_PANTR	sp|P51814|ZNF41_HUMAN	sp|P51508|ZNF81_HUMAN	0	654	direct_cross_endpoint
A0A2I3RAN8	Q86UE3	tr|A0A2I3RAN8|A0A2I3RAN8_PANTR	sp|Q86UE3|ZN546_HUMAN	not_scored	FP	tr|A0A2I3RAN8|A0A2I3RAN8_PANTR	sp|P51814|ZNF41_HUMAN	sp|P51508|ZNF81_HUMAN	0	654	direct_cross_endpoint
A0A2I3RAN8	Q8N8J6	tr|A0A2I3RAN8|A0A2I3RAN8_PANTR	sp|Q8N8J6|ZN615_HUMAN	not_scored	FP	tr|A0A2I3RAN8|A0A2I3RAN8_PANTR	sp|P51814|ZNF41_HUMAN	sp|P51508|ZNF81_HUMAN	0	654	direct_cross_endpoint
A0A2I3RAN8	Q9HCZ1	tr|A0A2I3RAN8|A0A2I3RAN8_PANTR	sp|Q9HCZ1|ZN334_HUMAN	not_scored	FP	tr|A0A2I3RAN8|A0A2I3RAN8_PANTR	sp|Q9HCZ1|ZN334_HUMAN	sp|P51508|ZNF81_HUMAN	1	34338	direct_cross_endpoint
A0A2I3RAN8	Q9Y473	tr|A0A2I3RAN8|A0A2I3RAN8_PANTR	sp|Q9Y473|ZN175_HUMAN	not_scored	FP	tr|A0A2I3RAN8|A0A2I3RAN8_PANTR	sp|P51814|ZNF41_HUMAN	sp|P51508|ZNF81_HUMAN	0	654	direct_cross_endpoint
A0A2I3RAT4	A1L390	tr|A0A2I3RAT4|A0A2I3RAT4_PANTR	sp|A1L390|PKHG3_HUMAN	not_scored	FP	sp|Q6KAU7|PKHG2_MOUSE	sp|A1L390|PKHG3_HUMAN	sp|A1L390|PKHG3_HUMAN	0	6820	direct_cross_endpoint
A0A2I3RAT4	Q9ULL1	tr|A0A2I3RAT4|A0A2I3RAT4_PANTR	sp|Q9ULL1|PKHG1_HUMAN	not_scored	FP	sp|Q6KAU7|PKHG2_MOUSE	sp|A1L390|PKHG3_HUMAN	sp|A1L390|PKHG3_HUMAN	0	6820	direct_cross_endpoint
A0A2I3RB91	Q7Z3B3	tr|A0A2I3RB91|A0A2I3RB91_PANTR	sp|Q7Z3B3|KANL1_HUMAN	not_scored	FP	sp|A0AUZ9|KAL1L_HUMAN	sp|Q7Z3B3|KANL1_HUMAN	sp|A0AUZ9|KAL1L_HUMAN	0	10240	direct_cross_endpoint
A0A2I3RBL5	Q9BSJ8	tr|A0A2I3RBL5|A0A2I3RBL5_PANTR	sp|Q9BSJ8|ESYT1_HUMAN	not_scored	FP	sp|A0FGR8|ESYT2_HUMAN	sp|Q3U7R1|ESYT1_MOUSE	sp|A0FGR8|ESYT2_HUMAN	0	5758	direct_cross_endpoint
A0A2I3RBS2	P98073	tr|A0A2I3RBS2|A0A2I3RBS2_PANTR	sp|P98073|ENTK_HUMAN	not_scored	FP	sp|P03951|FA11_HUMAN	sp|P97435|ENTK_MOUSE	sp|P03951|FA11_HUMAN	0	1860	direct_cross_endpoint
A0A2I3RBU0	Q9C000	tr|A0A2I3RBU0|A0A2I3RBU0_PANTR	sp|Q9C000|NLRP1_HUMAN	not_scored	FP	sp|A6QLE5|NLRP3_BOVIN	sp|A1Z198|NL1B2_MOUSE	sp|A1Z198|NL1B2_MOUSE	0	6310	direct_cross_endpoint
A0A2I3RCN1	Q6ZMY6	tr|A0A2I3RCN1|A0A2I3RCN1_PANTR	sp|Q6ZMY6|WDR88_HUMAN	not_scored	FP	sp|O22212|PRP4L_ARATH	sp|Q6ZMY6|WDR88_HUMAN	sp|O22212|PRP4L_ARATH	0	3158	direct_cross_endpoint
A0A2I3RDB8	Q9H825	tr|A0A2I3RDB8|A0A2I3RDB8_PANTR	sp|Q9H825|METL8_HUMAN	not_scored	FP	sp|A8KBL7|MET2A_DANRE	sp|A2AUU0|METL8_MOUSE	sp|A2AUU0|METL8_MOUSE	0	4836	direct_cross_endpoint
A0A2I3RDF5	Q9Y467	tr|A0A2I3RDF5|A0A2I3RDF5_PANTR	sp|Q9Y467|SALL2_HUMAN	not_scored	FP	sp|Q62255|SALL3_MOUSE	sp|Q9QX96|SALL2_MOUSE	sp|Q62255|SALL3_MOUSE	0	2053	direct_cross_endpoint
A0A2I3RDX2	Q5MJ70	tr|A0A2I3RDX2|A0A2I3RDX2_PANTR	sp|Q5MJ70|SPDYA_HUMAN	not_scored	FP	sp|Q5MJ68|SPDYC_HUMAN	sp|Q5IBH7|SPDYA_MOUSE	sp|Q5IBH7|SPDYA_MOUSE	0	7065	direct_cross_endpoint
A0A2I3RDZ2	P0DPA2	tr|A0A2I3RDZ2|A0A2I3RDZ2_PANTR	sp|P0DPA2|VSIG8_HUMAN	not_scored	FP	sp|Q80UL9|JAML_MOUSE	sp|P0DPA2|VSIG8_HUMAN	sp|P0C673|IGS11_MOUSE	0		transitive_union
A0A2I3RDZ2	P78310	tr|A0A2I3RDZ2|A0A2I3RDZ2_PANTR	sp|P78310|CXAR_HUMAN	not_scored	FP	sp|Q80UL9|JAML_MOUSE	sp|P0C673|IGS11_MOUSE	sp|P0C673|IGS11_MOUSE	0	23272	direct_cross_endpoint
A0A2I3RDZ2	Q5DX21	tr|A0A2I3RDZ2|A0A2I3RDZ2_PANTR	sp|Q5DX21|IGS11_HUMAN	not_scored	FP	sp|Q80UL9|JAML_MOUSE	sp|P0C673|IGS11_MOUSE	sp|P0C673|IGS11_MOUSE	0	23272	direct_cross_endpoint
A0A2I3RDZ2	Q96AP7	tr|A0A2I3RDZ2|A0A2I3RDZ2_PANTR	sp|Q96AP7|ESAM_HUMAN	not_scored	FP	sp|Q80UL9|JAML_MOUSE	sp|P0C673|IGS11_MOUSE	sp|P0C673|IGS11_MOUSE	0	23272	direct_cross_endpoint
A0A2I3RDZ2	Q9H6B4	tr|A0A2I3RDZ2|A0A2I3RDZ2_PANTR	sp|Q9H6B4|CLMP_HUMAN	not_scored	FP	sp|Q80UL9|JAML_MOUSE	sp|P0C673|IGS11_MOUSE	sp|P0C673|IGS11_MOUSE	0	23272	direct_cross_endpoint
A0A2I3REB6	Q8IZW8	tr|A0A2I3REB6|A0A2I3REB6_PANTR	sp|Q8IZW8|TENS4_HUMAN	not_scored	FP	sp|H2L045|TENSH_CAEEL	sp|Q32PJ7|TENS4_BOVIN	sp|H2L045|TENSH_CAEEL	0	6655	direct_cross_endpoint
A0A2I3REF8	O60307	tr|A0A2I3REF8|A0A2I3REF8_PANTR	sp|O60307|MAST3_HUMAN	not_scored	FP	sp|O15021|MAST4_HUMAN	sp|O60307|MAST3_HUMAN	sp|O15021|MAST4_HUMAN	0	9858	direct_cross_endpoint
A0A2I3REF8	Q6P0Q8	tr|A0A2I3REF8|A0A2I3REF8_PANTR	sp|Q6P0Q8|MAST2_HUMAN	not_scored	FP	sp|O15021|MAST4_HUMAN	sp|O60307|MAST3_HUMAN	sp|O15021|MAST4_HUMAN	0	9858	direct_cross_endpoint
A0A2I3REF8	Q9Y2H9	tr|A0A2I3REF8|A0A2I3REF8_PANTR	sp|Q9Y2H9|MAST1_HUMAN	not_scored	FP	sp|O15021|MAST4_HUMAN	sp|O60307|MAST3_HUMAN	sp|O15021|MAST4_HUMAN	0	9858	direct_cross_endpoint
A0A2I3REN0	Q9NP60	tr|A0A2I3REN0|A0A2I3REN0_PANTR	sp|Q9NP60|IRPL2_HUMAN	not_scored	FP	sp|Q4V892|SIGIR_RAT	sp|B6ZK76|IRL1A_DANRE	sp|B6ZK76|IRL1A_DANRE	0	22980	direct_cross_endpoint
A0A2I3REN0	Q9NPH3	tr|A0A2I3REN0|A0A2I3REN0_PANTR	sp|Q9NPH3|IL1AP_HUMAN	not_scored	FP	sp|Q4V892|SIGIR_RAT	sp|B6ZK76|IRL1A_DANRE	sp|B6ZK76|IRL1A_DANRE	0	22980	direct_cross_endpoint
A0A2I3REN0	Q9NZN1	tr|A0A2I3REN0|A0A2I3REN0_PANTR	sp|Q9NZN1|IRPL1_HUMAN	not_scored	FP	sp|Q4V892|SIGIR_RAT	sp|B6ZK76|IRL1A_DANRE	sp|B6ZK76|IRL1A_DANRE	0	22980	direct_cross_endpoint
A0A2I3RET9	Q6PK18	tr|A0A2I3RET9|A0A2I3RET9_PANTR	sp|Q6PK18|OGFD3_HUMAN	not_scored	FP	sp|Q0D2D7|CYBC1_XENTR	sp|Q5M843|OGFD3_RAT	sp|Q0D2D7|CYBC1_XENTR	0	11909	direct_cross_endpoint
A0A2I3REW4	A0A5F4BT04	tr|A0A2I3REW4|A0A2I3REW4_PANTR	tr|A0A5F4BT04|A0A5F4BT04_CANLF	not_scored	FP	sp|O70622|RTN2_MOUSE	tr|A0A5F4BT04|A0A5F4BT04_CANLF	sp|A7MC64|RTN1_XENTR	0		transitive_union
A0A2I3REW4	J9P0R7	tr|A0A2I3REW4|A0A2I3REW4_PANTR	tr|J9P0R7|J9P0R7_CANLF	not_scored	FP	sp|O70622|RTN2_MOUSE	sp|A7MC64|RTN1_XENTR	sp|A7MC64|RTN1_XENTR	0	6580	direct_cross_endpoint
A0A2I3REW4	Q16799	tr|A0A2I3REW4|A0A2I3REW4_PANTR	sp|Q16799|RTN1_HUMAN	not_scored	FP	sp|O70622|RTN2_MOUSE	sp|A7MC64|RTN1_XENTR	sp|A7MC64|RTN1_XENTR	0	6580	direct_cross_endpoint
A0A2I3REW4	Q9NQC3	tr|A0A2I3REW4|A0A2I3REW4_PANTR	sp|Q9NQC3|RTN4_HUMAN	not_scored	FP	sp|O70622|RTN2_MOUSE	sp|A7MC64|RTN1_XENTR	sp|A7MC64|RTN1_XENTR	0	6580	direct_cross_endpoint
A0A2I3REZ6	Q9BSG5	tr|A0A2I3REZ6|A0A2I3REZ6_PANTR	sp|Q9BSG5|RTBDN_HUMAN	not_scored	FP	sp|A6ND01|JUNO_HUMAN	sp|Q4TUC0|RTBDN_CANLF	sp|A6ND01|JUNO_HUMAN	1	38495	direct_cross_endpoint
A0A2I3RF92	P34972	tr|A0A2I3RF92|A0A2I3RF92_PANTR	sp|P34972|CNR2_HUMAN	not_scored	FP	sp|O08530|S1PR1_MOUSE	sp|P34972|CNR2_HUMAN	sp|O08530|S1PR1_MOUSE	0	1952	direct_cross_endpoint
A0A2I3RFC4	Q86UW8	tr|A0A2I3RFC4|A0A2I3RFC4_PANTR	sp|Q86UW8|HPLN4_HUMAN	not_scored	FP	sp|P03994|HPLN1_RAT	sp|Q80WM4|HPLN4_MOUSE	sp|P03994|HPLN1_RAT	0	2627	direct_cross_endpoint
A0A2I3RFD7	A6NKP2	tr|A0A2I3RFD7|A0A2I3RFD7_PANTR	sp|A6NKP2|D42E2_HUMAN	not_scored	FP	sp|A8DZE7|D42E1_DANRE	sp|A6NKP2|D42E2_HUMAN	sp|A6NKP2|D42E2_HUMAN	0	5458	direct_cross_endpoint
A0A2I3RFW1	Q5BN46	tr|A0A2I3RFW1|A0A2I3RFW1_PANTR	sp|Q5BN46|CI116_HUMAN	not_scored	FP	sp|H3BRN8|CO065_HUMAN	sp|B0UXH9|CI116_DANRE	sp|B0UXH9|CI116_DANRE	0	9117	direct_cross_endpoint
A0A2I3RFZ1	Q8TCB7	tr|A0A2I3RFZ1|A0A2I3RFZ1_PANTR	sp|Q8TCB7|METL6_HUMAN	not_scored	FP	sp|A2AUU0|METL8_MOUSE	sp|A8KBL7|MET2A_DANRE	sp|A2AUU0|METL8_MOUSE	0	4836	direct_cross_endpoint
A0A2I3RGC2	E2QX83	tr|A0A2I3RGC2|A0A2I3RGC2_PANTR	tr|E2QX83|E2QX83_CANLF	not_scored	FP	sp|O13875|YE1A_SCHPO	sp|P60924|DELE1_RAT	sp|O13875|YE1A_SCHPO	0	8813	direct_cross_endpoint
A0A2I3RGC2	Q14154	tr|A0A2I3RGC2|A0A2I3RGC2_PANTR	sp|Q14154|DELE1_HUMAN	not_scored	FP	sp|O13875|YE1A_SCHPO	sp|P60924|DELE1_RAT	sp|O13875|YE1A_SCHPO	0	8813	direct_cross_endpoint
A0A2I3RGK5	E2R8M5	tr|A0A2I3RGK5|A0A2I3RGK5_PANTR	tr|E2R8M5|E2R8M5_CANLF	FN	TP	tr|A0A2I3RGK5|A0A2I3RGK5_PANTR	sp|Q96HA4|CA159_HUMAN	sp|Q96HA4|CA159_HUMAN	0	29234	direct_cross_endpoint
A0A2I3RGK5	Q96HA4	tr|A0A2I3RGK5|A0A2I3RGK5_PANTR	sp|Q96HA4|CA159_HUMAN	FN	TP	tr|A0A2I3RGK5|A0A2I3RGK5_PANTR	sp|Q96HA4|CA159_HUMAN	sp|Q96HA4|CA159_HUMAN	0	29234	direct_cross_endpoint
A0A2I3RGQ7	O43511	tr|A0A2I3RGQ7|A0A2I3RGQ7_PANTR	sp|O43511|S26A4_HUMAN	not_scored	FP	sp|Q8NG04|S2610_HUMAN	sp|A4IIF2|S26A9_XENTR	sp|A4IIF2|S26A9_XENTR	0	4697	direct_cross_endpoint
A0A2I3RGQ7	P40879	tr|A0A2I3RGQ7|A0A2I3RGQ7_PANTR	sp|P40879|S26A3_HUMAN	not_scored	FP	sp|Q8NG04|S2610_HUMAN	sp|A4IIF2|S26A9_XENTR	sp|A4IIF2|S26A9_XENTR	0	4697	direct_cross_endpoint
A0A2I3RGQ7	P50443	tr|A0A2I3RGQ7|A0A2I3RGQ7_PANTR	sp|P50443|S26A2_HUMAN	not_scored	FP	sp|Q8NG04|S2610_HUMAN	sp|A4IIF2|S26A9_XENTR	sp|A4IIF2|S26A9_XENTR	0	4697	direct_cross_endpoint
A0A2I3RGQ7	P58743	tr|A0A2I3RGQ7|A0A2I3RGQ7_PANTR	sp|P58743|S26A5_HUMAN	not_scored	FP	sp|Q8NG04|S2610_HUMAN	sp|A4IIF2|S26A9_XENTR	sp|A4IIF2|S26A9_XENTR	0	4697	direct_cross_endpoint
A0A2I3RGQ7	Q7LBE3	tr|A0A2I3RGQ7|A0A2I3RGQ7_PANTR	sp|Q7LBE3|S26A9_HUMAN	not_scored	FP	sp|Q8NG04|S2610_HUMAN	sp|A4IIF2|S26A9_XENTR	sp|A4IIF2|S26A9_XENTR	0	4697	direct_cross_endpoint
A0A2I3RGQ7	Q8TE54	tr|A0A2I3RGQ7|A0A2I3RGQ7_PANTR	sp|Q8TE54|S26A7_HUMAN	not_scored	FP	sp|Q8NG04|S2610_HUMAN	sp|A4IIF2|S26A9_XENTR	sp|A4IIF2|S26A9_XENTR	0	4697	direct_cross_endpoint
A0A2I3RGQ7	Q96RN1	tr|A0A2I3RGQ7|A0A2I3RGQ7_PANTR	sp|Q96RN1|S26A8_HUMAN	not_scored	FP	sp|Q8NG04|S2610_HUMAN	sp|A6QNW6|S26A8_BOVIN	sp|A4IIF2|S26A9_XENTR	0		transitive_union
A0A2I3RGQ7	Q9BXS9	tr|A0A2I3RGQ7|A0A2I3RGQ7_PANTR	sp|Q9BXS9|S26A6_HUMAN	not_scored	FP	sp|Q8NG04|S2610_HUMAN	sp|A4IIF2|S26A9_XENTR	sp|A4IIF2|S26A9_XENTR	0	4697	direct_cross_endpoint
A0A2I3RGQ7	Q9H2B4	tr|A0A2I3RGQ7|A0A2I3RGQ7_PANTR	sp|Q9H2B4|S26A1_HUMAN	not_scored	FP	sp|Q8NG04|S2610_HUMAN	sp|A4IIF2|S26A9_XENTR	sp|A4IIF2|S26A9_XENTR	0	4697	direct_cross_endpoint
A0A2I3RGZ7	A6NDD5	tr|A0A2I3RGZ7|A0A2I3RGZ7_PANTR	sp|A6NDD5|SYN1L_HUMAN	not_scored	FP	tr|A0A2I2ZUZ2|A0A2I2ZUZ2_GORGO	sp|A2ANU3|SYNG1_MOUSE	sp|A2ANU3|SYNG1_MOUSE	0	22582	direct_cross_endpoint
A0A2I3RGZ7	Q6ZNR0	tr|A0A2I3RGZ7|A0A2I3RGZ7_PANTR	sp|Q6ZNR0|TMM91_HUMAN	FN	TP	tr|A0A2I2ZUZ2|A0A2I2ZUZ2_GORGO	sp|Q6ZNR0|TMM91_HUMAN	sp|A2ANU3|SYNG1_MOUSE	0		transitive_union
A0A2I3RGZ7	Q9H7V2	tr|A0A2I3RGZ7|A0A2I3RGZ7_PANTR	sp|Q9H7V2|SYNG1_HUMAN	not_scored	FP	tr|A0A2I2ZUZ2|A0A2I2ZUZ2_GORGO	sp|A2ANU3|SYNG1_MOUSE	sp|A2ANU3|SYNG1_MOUSE	0	22582	direct_cross_endpoint
A0A2I3RHT9	Q8NAP3	tr|A0A2I3RHT9|A0A2I3RHT9_PANTR	sp|Q8NAP3|ZBT38_HUMAN	not_scored	FP	sp|A6NN14|ZN729_HUMAN	sp|Q5EXX3|ZBT38_RAT	sp|A6NN14|ZN729_HUMAN	0	6287	direct_cross_endpoint
A0A2I3RIF4	C9JE40	tr|A0A2I3RIF4|A0A2I3RIF4_PANTR	sp|C9JE40|PATL2_HUMAN	not_scored	FP	sp|A2RRV3|PATL1_DANRE	sp|A2ARM1|PATL2_MOUSE	sp|A2ARM1|PATL2_MOUSE	0	10745	direct_cross_endpoint
A0A2I3RIM5	P53384	tr|A0A2I3RIM5|A0A2I3RIM5_PANTR	sp|P53384|NUBP1_HUMAN	not_scored	FP	tr|A0A0P0W0G1|A0A0P0W0G1_ORYSJ	sp|A4QNM5|NUBP2_XENTR	sp|A4QNM5|NUBP2_XENTR	1	36259	direct_cross_endpoint
A0A2I3RIM5	Q8TB37	tr|A0A2I3RIM5|A0A2I3RIM5_PANTR	sp|Q8TB37|NUBPL_HUMAN	not_scored	FP	tr|A0A0P0W0G1|A0A0P0W0G1_ORYSJ	sp|A4QNM5|NUBP2_XENTR	sp|A4QNM5|NUBP2_XENTR	1	36259	direct_cross_endpoint
A0A2I3RIM5	Q9Y5Y2	tr|A0A2I3RIM5|A0A2I3RIM5_PANTR	sp|Q9Y5Y2|NUBP2_HUMAN	FN	TP	tr|A0A0P0W0G1|A0A0P0W0G1_ORYSJ	sp|A4QNM5|NUBP2_XENTR	sp|A4QNM5|NUBP2_XENTR	1	36259	direct_cross_endpoint
A0A2I3RIT7	Q9Y467	tr|A0A2I3RIT7|A0A2I3RIT7_PANTR	sp|Q9Y467|SALL2_HUMAN	not_scored	FP	sp|Q62255|SALL3_MOUSE	sp|Q9QX96|SALL2_MOUSE	sp|Q62255|SALL3_MOUSE	0	2053	direct_cross_endpoint
A0A2I3RIV8	P10915	tr|A0A2I3RIV8|A0A2I3RIV8_PANTR	sp|P10915|HPLN1_HUMAN	not_scored	FP	sp|Q80WM4|HPLN4_MOUSE	sp|P03994|HPLN1_RAT	sp|P03994|HPLN1_RAT	0	2627	direct_cross_endpoint
A0A2I3RIV8	Q96S86	tr|A0A2I3RIV8|A0A2I3RIV8_PANTR	sp|Q96S86|HPLN3_HUMAN	not_scored	FP	sp|Q80WM4|HPLN4_MOUSE	sp|P03994|HPLN1_RAT	sp|P03994|HPLN1_RAT	0	2627	direct_cross_endpoint
A0A2I3RIV8	Q9GZV7	tr|A0A2I3RIV8|A0A2I3RIV8_PANTR	sp|Q9GZV7|HPLN2_HUMAN	not_scored	FP	sp|Q80WM4|HPLN4_MOUSE	sp|P03994|HPLN1_RAT	sp|P03994|HPLN1_RAT	0	2627	direct_cross_endpoint
A0A2I3RJP4	Q6PI47	tr|A0A2I3RJP4|A0A2I3RJP4_PANTR	sp|Q6PI47|KCD18_HUMAN	not_scored	FP	sp|A6H6X4|KCTD4_BOVIN	sp|Q29RJ0|KCD18_BOVIN	sp|A6H6X4|KCTD4_BOVIN	0	5511	direct_cross_endpoint
A0A2I3RJS9	P07988	tr|A0A2I3RJS9|A0A2I3RJS9_PANTR	sp|P07988|PSPB_HUMAN	not_scored	FP	sp|O13035|SAP_CHICK	sp|P07988|PSPB_HUMAN	sp|O13035|SAP_CHICK	0	15216	direct_cross_endpoint
A0A2I3RK51	Q8NI17	tr|A0A2I3RK51|A0A2I3RK51_PANTR	sp|Q8NI17|IL31R_HUMAN	not_scored	FP	sp|P40189|IL6RB_HUMAN	sp|Q8K5B1|IL31R_MOUSE	sp|P40189|IL6RB_HUMAN	0	8155	direct_cross_endpoint
A0A2I3RK63	O00626	tr|A0A2I3RK63|A0A2I3RK63_PANTR	sp|O00626|CCL22_HUMAN	not_scored	FP	sp|P10148|CCL2_MOUSE	sp|O00626|CCL22_HUMAN	sp|O00626|CCL22_HUMAN	0	5513	direct_cross_endpoint
A0A2I3RK63	Q9Y258	tr|A0A2I3RK63|A0A2I3RK63_PANTR	sp|Q9Y258|CCL26_HUMAN	not_scored	FP	sp|P10148|CCL2_MOUSE	sp|Q64H35|CCL26_CANLF	sp|O00626|CCL22_HUMAN	0	3938	direct_cross_endpoint
A0A2I3RKA0	P04075	tr|A0A2I3RKA0|A0A2I3RKA0_PANTR	sp|P04075|ALDOA_HUMAN	FN	TP	tr|A0A1D6P3C4|A0A1D6P3C4_MAIZE	sp|A5A6I5|ALDOA_PANTR	sp|A5A6I5|ALDOA_PANTR	0	1797	direct_cross_endpoint
A0A2I3RKA0	P05062	tr|A0A2I3RKA0|A0A2I3RKA0_PANTR	sp|P05062|ALDOB_HUMAN	not_scored	FP	tr|A0A1D6P3C4|A0A1D6P3C4_MAIZE	sp|A5A6I5|ALDOA_PANTR	sp|A5A6I5|ALDOA_PANTR	0	1797	direct_cross_endpoint
A0A2I3RKA0	P09972	tr|A0A2I3RKA0|A0A2I3RKA0_PANTR	sp|P09972|ALDOC_HUMAN	not_scored	FP	tr|A0A1D6P3C4|A0A1D6P3C4_MAIZE	sp|A5A6I5|ALDOA_PANTR	sp|A5A6I5|ALDOA_PANTR	0	1797	direct_cross_endpoint
A0A2I3RKJ4	Q8N4H0	tr|A0A2I3RKJ4|A0A2I3RKJ4_PANTR	sp|Q8N4H0|SPA6L_HUMAN	not_scored	FP	sp|Q2KJG1|SPAT6_BOVIN	sp|B2RV46|SPA6L_MOUSE	sp|B2RV46|SPA6L_MOUSE	0	7575	direct_cross_endpoint
A0A2I3RKT3	P41238	tr|A0A2I3RKT3|A0A2I3RKT3_PANTR	sp|P41238|ABEC1_HUMAN	not_scored	FP	sp|P31941|ABC3A_HUMAN	sp|P38483|ABEC1_RAT	sp|P31941|ABC3A_HUMAN	0	10884	direct_cross_endpoint
A0A2I3RKW4	A6NEV1	tr|A0A2I3RKW4|A0A2I3RKW4_PANTR	sp|A6NEV1|PR23A_HUMAN	not_scored	FP	sp|Q8N813|CC056_HUMAN	sp|A6NEV1|PR23A_HUMAN	sp|A6NEV1|PR23A_HUMAN	0	13482	direct_cross_endpoint
A0A2I3RKW4	Q6ZRP0	tr|A0A2I3RKW4|A0A2I3RKW4_PANTR	sp|Q6ZRP0|PR23C_HUMAN	not_scored	FP	sp|Q8N813|CC056_HUMAN	sp|A6NEV1|PR23A_HUMAN	sp|A6NEV1|PR23A_HUMAN	0	13482	direct_cross_endpoint
A0A2I3RKW4	Q6ZRT6	tr|A0A2I3RKW4|A0A2I3RKW4_PANTR	sp|Q6ZRT6|PR23B_HUMAN	not_scored	FP	sp|Q8N813|CC056_HUMAN	sp|A6NEV1|PR23A_HUMAN	sp|A6NEV1|PR23A_HUMAN	0	13482	direct_cross_endpoint
A0A2I3RL65	P00338	tr|A0A2I3RL65|A0A2I3RL65_PANTR	sp|P00338|LDHA_HUMAN	not_scored	FP	sp|Q3U1V6|UEVLD_MOUSE	sp|A5A6N7|LDHB_PANTR	sp|A5A6N7|LDHB_PANTR	0	740	direct_cross_endpoint
A0A2I3RL65	P07195	tr|A0A2I3RL65|A0A2I3RL65_PANTR	sp|P07195|LDHB_HUMAN	not_scored	FP	sp|Q3U1V6|UEVLD_MOUSE	sp|A5A6N7|LDHB_PANTR	sp|A5A6N7|LDHB_PANTR	0	740	direct_cross_endpoint
A0A2I3RL65	P07864	tr|A0A2I3RL65|A0A2I3RL65_PANTR	sp|P07864|LDHC_HUMAN	not_scored	FP	sp|Q3U1V6|UEVLD_MOUSE	sp|A5A6N7|LDHB_PANTR	sp|A5A6N7|LDHB_PANTR	0	740	direct_cross_endpoint
A0A2I3RL65	Q6ZMR3	tr|A0A2I3RL65|A0A2I3RL65_PANTR	sp|Q6ZMR3|LDH6A_HUMAN	not_scored	FP	sp|Q3U1V6|UEVLD_MOUSE	sp|A5A6N7|LDHB_PANTR	sp|A5A6N7|LDHB_PANTR	0	740	direct_cross_endpoint
A0A2I3RL65	Q9BYZ2	tr|A0A2I3RL65|A0A2I3RL65_PANTR	sp|Q9BYZ2|LDH6B_HUMAN	not_scored	FP	sp|Q3U1V6|UEVLD_MOUSE	sp|A5A6N7|LDHB_PANTR	sp|A5A6N7|LDHB_PANTR	0	740	direct_cross_endpoint
A0A2I3RLH1	Q6UXX5	tr|A0A2I3RLH1|A0A2I3RLH1_PANTR	sp|Q6UXX5|ITIH6_HUMAN	not_scored	FP	sp|A2VE29|ITIH5_BOVIN	sp|Q6UXX5|ITIH6_HUMAN	sp|A2VE29|ITIH5_BOVIN	0	15750	direct_cross_endpoint
A0A2I3RLH8	Q86UW8	tr|A0A2I3RLH8|A0A2I3RLH8_PANTR	sp|Q86UW8|HPLN4_HUMAN	not_scored	FP	sp|P03994|HPLN1_RAT	sp|Q80WM4|HPLN4_MOUSE	sp|P03994|HPLN1_RAT	0	2627	direct_cross_endpoint
A0A2I3RLN6	Q99750	tr|A0A2I3RLN6|A0A2I3RLN6_PANTR	sp|Q99750|MDFI_HUMAN	not_scored	FP	sp|A0A1B0GVS7|MDFI2_HUMAN	sp|P70331|MDFI_MOUSE	sp|A0A1B0GVS7|MDFI2_HUMAN	0	7346	direct_cross_endpoint
A0A2I3RLN6	Q9P1T7	tr|A0A2I3RLN6|A0A2I3RLN6_PANTR	sp|Q9P1T7|MDFIC_HUMAN	not_scored	FP	sp|A0A1B0GVS7|MDFI2_HUMAN	sp|P70331|MDFI_MOUSE	sp|A0A1B0GVS7|MDFI2_HUMAN	0	7346	direct_cross_endpoint
A0A2I3RLR4	Q6ZMM2	tr|A0A2I3RLR4|A0A2I3RLR4_PANTR	sp|Q6ZMM2|ATL5_HUMAN	not_scored	FP	sp|Q3UTY6|THSD4_MOUSE	sp|Q6ZMM2|ATL5_HUMAN	sp|P90884|MADD4_CAEEL	0	14576	direct_cross_endpoint
A0A2I3RMM3	Q96BN6	tr|A0A2I3RMM3|A0A2I3RMM3_PANTR	sp|Q96BN6|F149B_HUMAN	not_scored	FP	sp|A5PLN7|F149A_HUMAN	sp|A0JNF3|F149B_BOVIN	sp|A0JNF3|F149B_BOVIN	0	13908	direct_cross_endpoint
A0A2I3RND2	P52961	tr|A0A2I3RND2|A0A2I3RND2_PANTR	sp|P52961|NAR1_HUMAN	not_scored	FP	sp|Q93070|NAR4_HUMAN	sp|O35975|NAR2B_MOUSE	sp|O35975|NAR2B_MOUSE	0	4239	direct_cross_endpoint
A0A2I3RND2	Q13508	tr|A0A2I3RND2|A0A2I3RND2_PANTR	sp|Q13508|NAR3_HUMAN	not_scored	FP	sp|Q93070|NAR4_HUMAN	sp|Q13508|NAR3_HUMAN	sp|O35975|NAR2B_MOUSE	0		transitive_union
A0A2I3RND2	Q96L15	tr|A0A2I3RND2|A0A2I3RND2_PANTR	sp|Q96L15|NAR5_HUMAN	not_scored	FP	sp|Q93070|NAR4_HUMAN	sp|O35975|NAR2B_MOUSE	sp|O35975|NAR2B_MOUSE	0	4239	direct_cross_endpoint
A0A2I3RNL5	Q96LZ7	tr|A0A2I3RNL5|A0A2I3RNL5_PANTR	sp|Q96LZ7|RMD2_HUMAN	FN	TP	tr|A0A2I2YF70|A0A2I2YF70_GORGO	sp|Q0P4W3|RMD2_XENTR	sp|Q0P4W3|RMD2_XENTR	0	10356	direct_cross_endpoint
A0A2I3RNL5	Q96TC7	tr|A0A2I3RNL5|A0A2I3RNL5_PANTR	sp|Q96TC7|RMD3_HUMAN	not_scored	FP	tr|A0A2I2YF70|A0A2I2YF70_GORGO	sp|Q0P4W3|RMD2_XENTR	sp|Q0P4W3|RMD2_XENTR	0	10356	direct_cross_endpoint
A0A2I3RPD7	O00299	tr|A0A2I3RPD7|A0A2I3RPD7_PANTR	sp|O00299|CLIC1_HUMAN	not_scored	FP	sp|P35526|CLIC5_BOVIN	sp|O00299|CLIC1_HUMAN	sp|O00299|CLIC1_HUMAN	0	4128	direct_cross_endpoint
A0A2I3RPD7	O15247	tr|A0A2I3RPD7|A0A2I3RPD7_PANTR	sp|O15247|CLIC2_HUMAN	not_scored	FP	sp|P35526|CLIC5_BOVIN	sp|O00299|CLIC1_HUMAN	sp|O00299|CLIC1_HUMAN	0	4128	direct_cross_endpoint
A0A2I3RPD7	O95833	tr|A0A2I3RPD7|A0A2I3RPD7_PANTR	sp|O95833|CLIC3_HUMAN	not_scored	FP	sp|P35526|CLIC5_BOVIN	sp|O00299|CLIC1_HUMAN	sp|O00299|CLIC1_HUMAN	0	4128	direct_cross_endpoint
A0A2I3RPD7	Q96NY7	tr|A0A2I3RPD7|A0A2I3RPD7_PANTR	sp|Q96NY7|CLIC6_HUMAN	not_scored	FP	sp|P35526|CLIC5_BOVIN	sp|O00299|CLIC1_HUMAN	sp|O00299|CLIC1_HUMAN	0	4128	direct_cross_endpoint
A0A2I3RPD7	Q9Y696	tr|A0A2I3RPD7|A0A2I3RPD7_PANTR	sp|Q9Y696|CLIC4_HUMAN	not_scored	FP	sp|P35526|CLIC5_BOVIN	sp|O00299|CLIC1_HUMAN	sp|O00299|CLIC1_HUMAN	0	4128	direct_cross_endpoint
A0A2I3RPP5	Q9BUT9	tr|A0A2I3RPP5|A0A2I3RPP5_PANTR	sp|Q9BUT9|MCRI2_HUMAN	not_scored	FP	tr|A0A2I3RPP5|A0A2I3RPP5_PANTR	sp|Q0II70|MCRI2_BOVIN	sp|Q0II70|MCRI2_BOVIN	0	18064	direct_cross_endpoint
A0A2I3RQ05	Q9NWH7	tr|A0A2I3RQ05|A0A2I3RQ05_PANTR	sp|Q9NWH7|SPAT6_HUMAN	not_scored	FP	sp|B2RV46|SPA6L_MOUSE	sp|Q2KJG1|SPAT6_BOVIN	sp|B2RV46|SPA6L_MOUSE	0	7575	direct_cross_endpoint
A0A2I3RQR2	E7EU14	tr|A0A2I3RQR2|A0A2I3RQR2_PANTR	sp|E7EU14|PP5D1_HUMAN	not_scored	FP	sp|O43049|PPT1_SCHPO	sp|E7EU14|PP5D1_HUMAN	sp|E7EU14|PP5D1_HUMAN	0	17275	direct_cross_endpoint
A0A2I3RQR4	P98073	tr|A0A2I3RQR4|A0A2I3RQR4_PANTR	sp|P98073|ENTK_HUMAN	not_scored	FP	sp|P03951|FA11_HUMAN	sp|P97435|ENTK_MOUSE	sp|P03951|FA11_HUMAN	0	1860	direct_cross_endpoint
A0A2I3RS02	A0A5F4CLD6	tr|A0A2I3RS02|A0A2I3RS02_PANTR	tr|A0A5F4CLD6|A0A5F4CLD6_CANLF	FN	TP	sp|P54269|CAUP_DROME	tr|A0A5F4CLD6|A0A5F4CLD6_CANLF	sp|P54269|CAUP_DROME	0	9059	direct_cross_endpoint
A0A2I3RSD4	A6ND36	tr|A0A2I3RSD4|A0A2I3RSD4_PANTR	sp|A6ND36|FA83G_HUMAN	not_scored	FP	sp|Q2M2I3|FA83E_HUMAN	sp|A6ND36|FA83G_HUMAN	sp|A6ND36|FA83G_HUMAN	0	2384	direct_cross_endpoint
A0A2I3RSD4	Q86UY5	tr|A0A2I3RSD4|A0A2I3RSD4_PANTR	sp|Q86UY5|FA83A_HUMAN	not_scored	FP	sp|Q2M2I3|FA83E_HUMAN	sp|Q66JF7|FA83A_XENTR	sp|A6ND36|FA83G_HUMAN	0	7580	direct_cross_endpoint
A0A2I3RT33	Q8NF91	tr|A0A2I3RT33|A0A2I3RT33_PANTR	sp|Q8NF91|SYNE1_HUMAN	not_scored	FP	sp|Q6ZWQ0|SYNE2_MOUSE	sp|Q6ZWR6|SYNE1_MOUSE	sp|Q6ZWQ0|SYNE2_MOUSE	0	8130	direct_cross_endpoint
A0A2I3RT48	P11597	tr|A0A2I3RT48|A0A2I3RT48_PANTR	sp|P11597|CETP_HUMAN	not_scored	FP	sp|P55058|PLTP_HUMAN	sp|P11597|CETP_HUMAN	sp|P11597|CETP_HUMAN	0		transitive_union
A0A2I3RT48	P17213	tr|A0A2I3RT48|A0A2I3RT48_PANTR	sp|P17213|BPI_HUMAN	not_scored	FP	sp|P55058|PLTP_HUMAN	sp|P17213|BPI_HUMAN	sp|P11597|CETP_HUMAN	0	5090	direct_cross_endpoint
A0A2I3RT48	P18428	tr|A0A2I3RT48|A0A2I3RT48_PANTR	sp|P18428|LBP_HUMAN	not_scored	FP	sp|P55058|PLTP_HUMAN	sp|P17213|BPI_HUMAN	sp|P11597|CETP_HUMAN	0	5090	direct_cross_endpoint
A0A2I3RT48	Q8NFQ6	tr|A0A2I3RT48|A0A2I3RT48_PANTR	sp|Q8NFQ6|BPIFC_HUMAN	not_scored	FP	sp|P55058|PLTP_HUMAN	sp|P17213|BPI_HUMAN	sp|P11597|CETP_HUMAN	0	5090	direct_cross_endpoint
A0A2I3RTD0	Q8WX39	tr|A0A2I3RTD0|A0A2I3RTD0_PANTR	sp|Q8WX39|LCN9_HUMAN	not_scored	FP	sp|P02754|LACB_BOVIN	sp|A2BIM8|MUP18_MOUSE	sp|A2BIM8|MUP18_MOUSE	0	5895	direct_cross_endpoint
A0A2I3RTW9	O95236	tr|A0A2I3RTW9|A0A2I3RTW9_PANTR	sp|O95236|APOL3_HUMAN	not_scored	FP	sp|Q9BWW8|APOL6_HUMAN	sp|O14791|APOL1_HUMAN	sp|O14791|APOL1_HUMAN	0	10194	direct_cross_endpoint
A0A2I3RTW9	Q9BQE5	tr|A0A2I3RTW9|A0A2I3RTW9_PANTR	sp|Q9BQE5|APOL2_HUMAN	not_scored	FP	sp|Q9BWW8|APOL6_HUMAN	sp|O14791|APOL1_HUMAN	sp|O14791|APOL1_HUMAN	0	10194	direct_cross_endpoint
A0A2I3RTW9	Q9BWW9	tr|A0A2I3RTW9|A0A2I3RTW9_PANTR	sp|Q9BWW9|APOL5_HUMAN	not_scored	FP	sp|Q9BWW8|APOL6_HUMAN	sp|Q9BWW9|APOL5_HUMAN	sp|O14791|APOL1_HUMAN	0		transitive_union
A0A2I3RU53	P58499	tr|A0A2I3RU53|A0A2I3RU53_PANTR	sp|P58499|FAM3B_HUMAN	not_scored	FP	sp|A5PKI3|FAM3C_BOVIN	sp|P58499|FAM3B_HUMAN	sp|A5PKI3|FAM3C_BOVIN	0	416	direct_cross_endpoint
A0A2I3RUC8	Q16558	tr|A0A2I3RUC8|A0A2I3RUC8_PANTR	sp|Q16558|KCMB1_HUMAN	not_scored	FP	sp|A7VL23|KCMB3_RAT	sp|P97678|KCMB1_RAT	sp|A7VL23|KCMB3_RAT	0	8943	direct_cross_endpoint
A0A2I3RUN8	Q5JXA9	tr|A0A2I3RUN8|A0A2I3RUN8_PANTR	sp|Q5JXA9|SIRB2_HUMAN	not_scored	FP	sp|O00241|SIRB1_HUMAN	sp|Q5JXA9|SIRB2_HUMAN	sp|O00241|SIRB1_HUMAN	0	11239	direct_cross_endpoint
A0A2I3RVF2	O00410	tr|A0A2I3RVF2|A0A2I3RVF2_PANTR	sp|O00410|IPO5_HUMAN	not_scored	FP	tr|A0A2I2YGY3|A0A2I2YGY3_GORGO	sp|O00410|IPO5_HUMAN	sp|O00410|IPO5_HUMAN	1	37974	direct_cross_endpoint
A0A2I3RVF2	O60518	tr|A0A2I3RVF2|A0A2I3RVF2_PANTR	sp|O60518|RNBP6_HUMAN	FN	TP	tr|A0A2I2YGY3|A0A2I2YGY3_GORGO	sp|O00410|IPO5_HUMAN	sp|O00410|IPO5_HUMAN	1	37974	direct_cross_endpoint
A0A2I3RVF2	Q8TEX9	tr|A0A2I3RVF2|A0A2I3RVF2_PANTR	sp|Q8TEX9|IPO4_HUMAN	not_scored	FP	tr|A0A2I2YGY3|A0A2I2YGY3_GORGO	sp|O00410|IPO5_HUMAN	sp|O00410|IPO5_HUMAN	1	37974	direct_cross_endpoint
A0A2I3RVJ5	O00626	tr|A0A2I3RVJ5|A0A2I3RVJ5_PANTR	sp|O00626|CCL22_HUMAN	not_scored	FP	sp|P10148|CCL2_MOUSE	sp|O00626|CCL22_HUMAN	sp|O00626|CCL22_HUMAN	0	5513	direct_cross_endpoint
A0A2I3RVJ5	Q9Y258	tr|A0A2I3RVJ5|A0A2I3RVJ5_PANTR	sp|Q9Y258|CCL26_HUMAN	not_scored	FP	sp|P10148|CCL2_MOUSE	sp|Q64H35|CCL26_CANLF	sp|O00626|CCL22_HUMAN	0	3938	direct_cross_endpoint
A0A2I3RVL9	Q14978	tr|A0A2I3RVL9|A0A2I3RVL9_PANTR	sp|Q14978|NOLC1_HUMAN	not_scored	FP	sp|O08784|TCOF_MOUSE	sp|E9Q5C9|NOLC1_MOUSE	sp|E9Q5C9|NOLC1_MOUSE	0	7262	direct_cross_endpoint
A0A2I3RVZ1	Q8NFU7	tr|A0A2I3RVZ1|A0A2I3RVZ1_PANTR	sp|Q8NFU7|TET1_HUMAN	not_scored	FP	sp|A0JP82|TET3_XENTR	sp|Q3URK3|TET1_MOUSE	sp|A0JP82|TET3_XENTR	0	3302	direct_cross_endpoint
A0A2I3RW05	Q9BY14	tr|A0A2I3RW05|A0A2I3RW05_PANTR	sp|Q9BY14|TX101_HUMAN	not_scored	FP	sp|Q32LD3|LYPD4_BOVIN	sp|Q8N6Q3|CD177_HUMAN	sp|Q32LD3|LYPD4_BOVIN	0	24862	direct_cross_endpoint
A0A2I3RW10	Q8IZ08	tr|A0A2I3RW10|A0A2I3RW10_PANTR	sp|Q8IZ08|GP135_HUMAN	not_scored	FP	sp|P05363|NK2R_BOVIN	sp|Q7TQN7|GP135_RAT	sp|P05363|NK2R_BOVIN	0	4458	direct_cross_endpoint
A0A2I3RW54	Q96A28	tr|A0A2I3RW54|A0A2I3RW54_PANTR	sp|Q96A28|SLAF9_HUMAN	not_scored	FP	sp|Q13291|SLAF1_HUMAN	sp|Q96A28|SLAF9_HUMAN	sp|Q01965|LY9_MOUSE	0		transitive_union
A0A2I3RW54	Q96DU3	tr|A0A2I3RW54|A0A2I3RW54_PANTR	sp|Q96DU3|SLAF6_HUMAN	not_scored	FP	sp|Q13291|SLAF1_HUMAN	sp|Q18PI6|SLAF5_MOUSE	sp|Q01965|LY9_MOUSE	0	10147	direct_cross_endpoint
A0A2I3RW54	Q9HBG7	tr|A0A2I3RW54|A0A2I3RW54_PANTR	sp|Q9HBG7|LY9_HUMAN	not_scored	FP	sp|Q13291|SLAF1_HUMAN	sp|Q01965|LY9_MOUSE	sp|Q01965|LY9_MOUSE	0		transitive_union
A0A2I3RW54	Q9NQ25	tr|A0A2I3RW54|A0A2I3RW54_PANTR	sp|Q9NQ25|SLAF7_HUMAN	not_scored	FP	sp|Q13291|SLAF1_HUMAN	sp|Q18PI6|SLAF5_MOUSE	sp|Q01965|LY9_MOUSE	0	10147	direct_cross_endpoint
A0A2I3RW54	Q9UIB8	tr|A0A2I3RW54|A0A2I3RW54_PANTR	sp|Q9UIB8|SLAF5_HUMAN	not_scored	FP	sp|Q13291|SLAF1_HUMAN	sp|Q18PI6|SLAF5_MOUSE	sp|Q01965|LY9_MOUSE	0	10147	direct_cross_endpoint
A0A2I3RW59	Q8N3X6	tr|A0A2I3RW59|A0A2I3RW59_PANTR	sp|Q8N3X6|LCORL_HUMAN	FN	TP	tr|A0A2I3RW59|A0A2I3RW59_PANTR	sp|Q3U285|LCORL_MOUSE	sp|Q3TNU4|YD021_MOUSE	0	32604	direct_cross_endpoint
A0A2I3RWZ3	O95727	tr|A0A2I3RWZ3|A0A2I3RWZ3_PANTR	sp|O95727|CRTAM_HUMAN	not_scored	FP	sp|P04921|GLPC_HUMAN	sp|O95727|CRTAM_HUMAN	sp|A4IFL2|SMAGP_BOVIN	0	14392	direct_cross_endpoint
A0A2I3RWZ3	Q0VAQ4	tr|A0A2I3RWZ3|A0A2I3RWZ3_PANTR	sp|Q0VAQ4|SMAGP_HUMAN	not_scored	FP	sp|P04921|GLPC_HUMAN	sp|A4IFL2|SMAGP_BOVIN	sp|A4IFL2|SMAGP_BOVIN	0	13031	direct_cross_endpoint
A0A2I3RWZ6	Q96P67	tr|A0A2I3RWZ6|A0A2I3RWZ6_PANTR	sp|Q96P67|GPR82_HUMAN	not_scored	FP	sp|O14626|GP171_HUMAN	sp|Q8BZR0|GPR82_MOUSE	sp|O14626|GP171_HUMAN	0	4704	direct_cross_endpoint
A0A2I3RYJ4	A6NDB9	tr|A0A2I3RYJ4|A0A2I3RYJ4_PANTR	sp|A6NDB9|PALM3_HUMAN	not_scored	FP	sp|O75781|PALM_HUMAN	sp|A2TJV2|PALM3_MOUSE	sp|A2TJV2|PALM3_MOUSE	0	3441	direct_cross_endpoint
A0A2I3RZ68	A0A5F4D776	tr|A0A2I3RZ68|A0A2I3RZ68_PANTR	tr|A0A5F4D776|A0A5F4D776_CANLF	not_scored	FP	sp|Q62084|PP14B_MOUSE	sp|Q7TT52|PP14D_MOUSE	sp|Q62084|PP14B_MOUSE	0	12853	direct_cross_endpoint
A0A2I3RZ68	Q9NXH3	tr|A0A2I3RZ68|A0A2I3RZ68_PANTR	sp|Q9NXH3|PP14D_HUMAN	not_scored	FP	sp|Q62084|PP14B_MOUSE	sp|Q7TT52|PP14D_MOUSE	sp|Q62084|PP14B_MOUSE	0	12853	direct_cross_endpoint
A0A2I3RZF1	Q9BWW8	tr|A0A2I3RZF1|A0A2I3RZF1_PANTR	sp|Q9BWW8|APOL6_HUMAN	not_scored	FP	sp|O14791|APOL1_HUMAN	sp|Q9BWW8|APOL6_HUMAN	sp|O14791|APOL1_HUMAN	0	10194	direct_cross_endpoint
A0A2I3RZF1	Q9BWW9	tr|A0A2I3RZF1|A0A2I3RZF1_PANTR	sp|Q9BWW9|APOL5_HUMAN	not_scored	FP	sp|O14791|APOL1_HUMAN	sp|Q9BWW9|APOL5_HUMAN	sp|O14791|APOL1_HUMAN	0	12875	direct_cross_endpoint
A0A2I3RZH6	P59045	tr|A0A2I3RZH6|A0A2I3RZH6_PANTR	sp|P59045|NAL11_HUMAN	not_scored	FP	sp|A1Z198|NL1B2_MOUSE	sp|A6QLE5|NLRP3_BOVIN	sp|A1Z198|NL1B2_MOUSE	0	6310	direct_cross_endpoint
A0A2I3RZH6	P59046	tr|A0A2I3RZH6|A0A2I3RZH6_PANTR	sp|P59046|NAL12_HUMAN	not_scored	FP	sp|A1Z198|NL1B2_MOUSE	sp|A6QLE5|NLRP3_BOVIN	sp|A1Z198|NL1B2_MOUSE	0	6310	direct_cross_endpoint
A0A2I3RZH6	P59047	tr|A0A2I3RZH6|A0A2I3RZH6_PANTR	sp|P59047|NALP5_HUMAN	not_scored	FP	sp|A1Z198|NL1B2_MOUSE	sp|A6QLE5|NLRP3_BOVIN	sp|A1Z198|NL1B2_MOUSE	0	6310	direct_cross_endpoint
A0A2I3RZH6	Q7RTR0	tr|A0A2I3RZH6|A0A2I3RZH6_PANTR	sp|Q7RTR0|NLRP9_HUMAN	not_scored	FP	sp|A1Z198|NL1B2_MOUSE	sp|A6QLE5|NLRP3_BOVIN	sp|A1Z198|NL1B2_MOUSE	0	6310	direct_cross_endpoint
A0A2I3RZH6	Q86W24	tr|A0A2I3RZH6|A0A2I3RZH6_PANTR	sp|Q86W24|NAL14_HUMAN	not_scored	FP	sp|A1Z198|NL1B2_MOUSE	sp|A6QLE5|NLRP3_BOVIN	sp|A1Z198|NL1B2_MOUSE	0	6310	direct_cross_endpoint
A0A2I3RZH6	Q86W25	tr|A0A2I3RZH6|A0A2I3RZH6_PANTR	sp|Q86W25|NAL13_HUMAN	not_scored	FP	sp|A1Z198|NL1B2_MOUSE	sp|A6QLE5|NLRP3_BOVIN	sp|A1Z198|NL1B2_MOUSE	0	6310	direct_cross_endpoint
A0A2I3RZH6	Q86W28	tr|A0A2I3RZH6|A0A2I3RZH6_PANTR	sp|Q86W28|NALP8_HUMAN	not_scored	FP	sp|A1Z198|NL1B2_MOUSE	sp|A6QLE5|NLRP3_BOVIN	sp|A1Z198|NL1B2_MOUSE	0	6310	direct_cross_endpoint
A0A2I3RZH6	Q8WX94	tr|A0A2I3RZH6|A0A2I3RZH6_PANTR	sp|Q8WX94|NALP7_HUMAN	not_scored	FP	sp|A1Z198|NL1B2_MOUSE	sp|A6QLE5|NLRP3_BOVIN	sp|A1Z198|NL1B2_MOUSE	0	6310	direct_cross_endpoint
A0A2I3RZH6	Q96MN2	tr|A0A2I3RZH6|A0A2I3RZH6_PANTR	sp|Q96MN2|NALP4_HUMAN	not_scored	FP	sp|A1Z198|NL1B2_MOUSE	sp|A6QLE5|NLRP3_BOVIN	sp|A1Z198|NL1B2_MOUSE	0	6310	direct_cross_endpoint
A0A2I3RZH6	Q96P20	tr|A0A2I3RZH6|A0A2I3RZH6_PANTR	sp|Q96P20|NLRP3_HUMAN	not_scored	FP	sp|A1Z198|NL1B2_MOUSE	sp|A6QLE5|NLRP3_BOVIN	sp|A1Z198|NL1B2_MOUSE	0	6310	direct_cross_endpoint
A0A2I3RZH6	Q9NX02	tr|A0A2I3RZH6|A0A2I3RZH6_PANTR	sp|Q9NX02|NALP2_HUMAN	not_scored	FP	sp|A1Z198|NL1B2_MOUSE	sp|A6QLE5|NLRP3_BOVIN	sp|A1Z198|NL1B2_MOUSE	0	6310	direct_cross_endpoint
A0A2I3RZK1	P0C7P3	tr|A0A2I3RZK1|A0A2I3RZK1_PANTR	sp|P0C7P3|SLN14_HUMAN	not_scored	FP	sp|Q8IYM2|SLN12_HUMAN	sp|B1ARD6|SLFN9_MOUSE	sp|B1ARD6|SLFN9_MOUSE	0	6658	direct_cross_endpoint
A0A2I3RZK1	Q08AF3	tr|A0A2I3RZK1|A0A2I3RZK1_PANTR	sp|Q08AF3|SLFN5_HUMAN	not_scored	FP	sp|Q8IYM2|SLN12_HUMAN	sp|B1ARD6|SLFN9_MOUSE	sp|B1ARD6|SLFN9_MOUSE	0	6658	direct_cross_endpoint
A0A2I3RZK1	Q68D06	tr|A0A2I3RZK1|A0A2I3RZK1_PANTR	sp|Q68D06|SLN13_HUMAN	not_scored	FP	sp|Q8IYM2|SLN12_HUMAN	sp|B1ARD6|SLFN9_MOUSE	sp|B1ARD6|SLFN9_MOUSE	0	6658	direct_cross_endpoint
A0A2I3RZK1	Q6IEE8	tr|A0A2I3RZK1|A0A2I3RZK1_PANTR	sp|Q6IEE8|SN12L_HUMAN	not_scored	FP	sp|Q8IYM2|SLN12_HUMAN	sp|Q6IEE8|SN12L_HUMAN	sp|B1ARD6|SLFN9_MOUSE	1	36672	direct_cross_endpoint
A0A2I3RZK1	Q7Z7L1	tr|A0A2I3RZK1|A0A2I3RZK1_PANTR	sp|Q7Z7L1|SLN11_HUMAN	not_scored	FP	sp|Q8IYM2|SLN12_HUMAN	sp|B1ARD6|SLFN9_MOUSE	sp|B1ARD6|SLFN9_MOUSE	0	6658	direct_cross_endpoint
A0A2I3S069	F1PCV4	tr|A0A2I3S069|A0A2I3S069_PANTR	tr|F1PCV4|F1PCV4_CANLF	not_scored	FP	sp|Q7TT52|PP14D_MOUSE	sp|Q62084|PP14B_MOUSE	sp|Q62084|PP14B_MOUSE	0	12853	direct_cross_endpoint
A0A2I3S069	J9P3B5	tr|A0A2I3S069|A0A2I3S069_PANTR	tr|J9P3B5|J9P3B5_CANLF	not_scored	FP	sp|Q7TT52|PP14D_MOUSE	sp|Q62084|PP14B_MOUSE	sp|Q62084|PP14B_MOUSE	0	12853	direct_cross_endpoint
A0A2I3S069	Q8TAE6	tr|A0A2I3S069|A0A2I3S069_PANTR	sp|Q8TAE6|PP14C_HUMAN	not_scored	FP	sp|Q7TT52|PP14D_MOUSE	sp|Q62084|PP14B_MOUSE	sp|Q62084|PP14B_MOUSE	0	12853	direct_cross_endpoint
A0A2I3S069	Q96A00	tr|A0A2I3S069|A0A2I3S069_PANTR	sp|Q96A00|PP14A_HUMAN	not_scored	FP	sp|Q7TT52|PP14D_MOUSE	sp|Q62084|PP14B_MOUSE	sp|Q62084|PP14B_MOUSE	0	12853	direct_cross_endpoint
A0A2I3S069	Q96C90	tr|A0A2I3S069|A0A2I3S069_PANTR	sp|Q96C90|PP14B_HUMAN	not_scored	FP	sp|Q7TT52|PP14D_MOUSE	sp|Q62084|PP14B_MOUSE	sp|Q62084|PP14B_MOUSE	0	12853	direct_cross_endpoint
A0A2I3S079	Q6UWB1	tr|A0A2I3S079|A0A2I3S079_PANTR	sp|Q6UWB1|I27RA_HUMAN	not_scored	FP	sp|Q5VWK5|IL23R_HUMAN	sp|O70394|I27RA_MOUSE	sp|O70394|I27RA_MOUSE	0		transitive_union
A0A2I3S079	Q99665	tr|A0A2I3S079|A0A2I3S079_PANTR	sp|Q99665|I12R2_HUMAN	not_scored	FP	sp|Q5VWK5|IL23R_HUMAN	sp|P97378|I12R2_MOUSE	sp|O70394|I27RA_MOUSE	0	18722	direct_cross_endpoint
A0A2I3S110	Q9NZC2	tr|A0A2I3S110|A0A2I3S110_PANTR	sp|Q9NZC2|TREM2_HUMAN	not_scored	FP	sp|Q86YW5|TRML1_HUMAN	sp|Q99NH8|TREM2_MOUSE	sp|Q86YW5|TRML1_HUMAN	0	14534	direct_cross_endpoint
A0A2I3S241	Q9C0F0	tr|A0A2I3S241|A0A2I3S241_PANTR	sp|Q9C0F0|ASXL3_HUMAN	not_scored	FP	sp|P59598|ASXL1_MOUSE	sp|Q8C4A5|ASXL3_MOUSE	sp|P59598|ASXL1_MOUSE	0	4118	direct_cross_endpoint
A0A2I3S2C9	Q9NZA1	tr|A0A2I3S2C9|A0A2I3S2C9_PANTR	sp|Q9NZA1|CLIC5_HUMAN	not_scored	FP	sp|O00299|CLIC1_HUMAN	sp|P35526|CLIC5_BOVIN	sp|O00299|CLIC1_HUMAN	0	4128	direct_cross_endpoint
A0A2I3S2J2	Q96JQ2	tr|A0A2I3S2J2|A0A2I3S2J2_PANTR	sp|Q96JQ2|CLMN_HUMAN	not_scored	FP	sp|A5D7D1|ACTN4_BOVIN	sp|Q8C5W0|CLMN_MOUSE	sp|A5D7D1|ACTN4_BOVIN	0	8044	direct_cross_endpoint
A0A2I3S2Q4	Q99990	tr|A0A2I3S2Q4|A0A2I3S2Q4_PANTR	sp|Q99990|VGLL1_HUMAN	not_scored	FP	sp|A8MV65|VGLL3_HUMAN	sp|Q99990|VGLL1_HUMAN	sp|A8MV65|VGLL3_HUMAN	0	12549	direct_cross_endpoint
A0A2I3S3Q8	P07602	tr|A0A2I3S3Q8|A0A2I3S3Q8_PANTR	sp|P07602|SAP_HUMAN	not_scored	FP	sp|P07988|PSPB_HUMAN	sp|O13035|SAP_CHICK	sp|O13035|SAP_CHICK	0	15216	direct_cross_endpoint
A0A2I3S3Q8	Q6NUJ1	tr|A0A2I3S3Q8|A0A2I3S3Q8_PANTR	sp|Q6NUJ1|SAPL1_HUMAN	not_scored	FP	sp|P07988|PSPB_HUMAN	sp|O13035|SAP_CHICK	sp|O13035|SAP_CHICK	0	15216	direct_cross_endpoint
A0A2I3S4A4	A2CJ06	tr|A0A2I3S4A4|A0A2I3S4A4_PANTR	sp|A2CJ06|DYTN_HUMAN	not_scored	FP	sp|O60941|DTNB_HUMAN	sp|A2CI97|DYTN_DANRE	sp|A2CI97|DYTN_DANRE	0	13830	direct_cross_endpoint
A0A2I3S5F8	Q6UWB4	tr|A0A2I3S5F8|A0A2I3S5F8_PANTR	sp|Q6UWB4|PRS55_HUMAN	not_scored	FP	sp|A1L453|PRS38_HUMAN	sp|Q14BX2|PRS55_MOUSE	sp|A1L453|PRS38_HUMAN	0	885	direct_cross_endpoint
A0A2I3S671	P12314	tr|A0A2I3S671|A0A2I3S671_PANTR	sp|P12314|FCGR1_HUMAN	not_scored	FP	sp|P26151|FCGR1_MOUSE	sp|P12314|FCGR1_HUMAN	sp|P12314|FCGR1_HUMAN	0	5671	direct_cross_endpoint
A0A2I3S671	Q6BAA4	tr|A0A2I3S671|A0A2I3S671_PANTR	sp|Q6BAA4|FCRLB_HUMAN	not_scored	FP	sp|P26151|FCGR1_MOUSE	sp|P12314|FCGR1_HUMAN	sp|P12314|FCGR1_HUMAN	0	5671	direct_cross_endpoint
A0A2I3S671	Q96PJ5	tr|A0A2I3S671|A0A2I3S671_PANTR	sp|Q96PJ5|FCRL4_HUMAN	not_scored	FP	sp|P26151|FCGR1_MOUSE	sp|P12314|FCGR1_HUMAN	sp|P12314|FCGR1_HUMAN	0	5671	direct_cross_endpoint
A0A2I3S6S7	O00443	tr|A0A2I3S6S7|A0A2I3S6S7_PANTR	sp|O00443|P3C2A_HUMAN	not_scored	FP	sp|O70167|P3C2G_MOUSE	sp|G5EDY0|PIKI1_CAEEL	sp|G5EDY0|PIKI1_CAEEL	0	7394	direct_cross_endpoint
A0A2I3S6S7	O00750	tr|A0A2I3S6S7|A0A2I3S6S7_PANTR	sp|O00750|P3C2B_HUMAN	not_scored	FP	sp|O70167|P3C2G_MOUSE	sp|G5EDY0|PIKI1_CAEEL	sp|G5EDY0|PIKI1_CAEEL	0	7394	direct_cross_endpoint
A0A2I3S6T2	Q8IVA1	tr|A0A2I3S6T2|A0A2I3S6T2_PANTR	sp|Q8IVA1|PCP2_HUMAN	not_scored	FP	sp|P81274|GPSM2_HUMAN	sp|P12660|PCP2_MOUSE	sp|P12660|PCP2_MOUSE	0	18778	direct_cross_endpoint
A0A2I3S6U0	Q5VWK5	tr|A0A2I3S6U0|A0A2I3S6U0_PANTR	sp|Q5VWK5|IL23R_HUMAN	not_scored	FP	sp|O70394|I27RA_MOUSE	sp|Q5VWK5|IL23R_HUMAN	sp|O70394|I27RA_MOUSE	0		transitive_union
A0A2I3S6U0	Q99665	tr|A0A2I3S6U0|A0A2I3S6U0_PANTR	sp|Q99665|I12R2_HUMAN	not_scored	FP	sp|O70394|I27RA_MOUSE	sp|P97378|I12R2_MOUSE	sp|O70394|I27RA_MOUSE	0	18699	direct_cross_endpoint
A0A2I3S8X5	O76041	tr|A0A2I3S8X5|A0A2I3S8X5_PANTR	sp|O76041|NEBL_HUMAN	not_scored	FP	sp|P20929|NEBU_HUMAN	sp|O76041|NEBL_HUMAN	sp|O76041|NEBL_HUMAN	0	33612	direct_cross_endpoint
A0A2I3S8X5	Q14847	tr|A0A2I3S8X5|A0A2I3S8X5_PANTR	sp|Q14847|LASP1_HUMAN	not_scored	FP	sp|P20929|NEBU_HUMAN	sp|O76041|NEBL_HUMAN	sp|O76041|NEBL_HUMAN	0	33612	direct_cross_endpoint
A0A2I3S8X7	Q8IYS0	tr|A0A2I3S8X7|A0A2I3S8X7_PANTR	sp|Q8IYS0|ASTRC_HUMAN	not_scored	FP	sp|Q3KR37|ASTRB_HUMAN	sp|Q8CI52|ASTRC_MOUSE	sp|F4HVW5|VAD1_ARATH	0	7566	direct_cross_endpoint
A0A2I3S8Y3	O95183	tr|A0A2I3S8Y3|A0A2I3S8Y3_PANTR	sp|O95183|VAMP5_HUMAN	not_scored	FP	sp|O02495|SYB1_CAEEL	sp|O95183|VAMP5_HUMAN	sp|O02495|SYB1_CAEEL	0	2896	direct_cross_endpoint
A0A2I3S9H8	Q6WKZ4	tr|A0A2I3S9H8|A0A2I3S9H8_PANTR	sp|Q6WKZ4|RFIP1_HUMAN	not_scored	FP	sp|G3XA57|RFIP2_MOUSE	sp|Q3B7T9|RFIP1_RAT	sp|G3XA57|RFIP2_MOUSE	1	35525	direct_cross_endpoint
A0A2I3S9S5	O96028	tr|A0A2I3S9S5|A0A2I3S9S5_PANTR	sp|O96028|NSD2_HUMAN	not_scored	FP	sp|O88491|NSD1_MOUSE	sp|O96028|NSD2_HUMAN	sp|O88491|NSD1_MOUSE	0	15700	direct_cross_endpoint
A0A2I3S9S9	Q9H1C4	tr|A0A2I3S9S9|A0A2I3S9S9_PANTR	sp|Q9H1C4|UN93B_HUMAN	not_scored	FP	sp|A2VE54|UN93A_BOVIN	sp|Q8VCW4|UN93B_MOUSE	sp|A2VE54|UN93A_BOVIN	0	9480	direct_cross_endpoint
A0A2I3S9Y0	Q9H7P9	tr|A0A2I3S9Y0|A0A2I3S9Y0_PANTR	sp|Q9H7P9|PKHG2_HUMAN	not_scored	FP	sp|A1L390|PKHG3_HUMAN	sp|Q6KAU7|PKHG2_MOUSE	sp|A1L390|PKHG3_HUMAN	0	6820	direct_cross_endpoint
A0A2I3SA33	Q9Y4R7	tr|A0A2I3SA33|A0A2I3SA33_PANTR	sp|Q9Y4R7|TTLL3_HUMAN	not_scored	FP	sp|A6PVC2|TTLL8_HUMAN	sp|A4Q9E5|TTLL3_MOUSE	sp|A4Q9E5|TTLL3_MOUSE	0	12547	direct_cross_endpoint
A0A2I3SA52	Q8IZL8	tr|A0A2I3SA52|A0A2I3SA52_PANTR	sp|Q8IZL8|PELP1_HUMAN	not_scored	FP	sp|O77788|NFM_BOVIN	sp|Q56B11|PELP1_RAT	sp|O77788|NFM_BOVIN	0	5237	direct_cross_endpoint
A0A2I3SAG3	Q6UXX5	tr|A0A2I3SAG3|A0A2I3SAG3_PANTR	sp|Q6UXX5|ITIH6_HUMAN	not_scored	FP	sp|A2VE29|ITIH5_BOVIN	sp|Q6UXX5|ITIH6_HUMAN	sp|A2VE29|ITIH5_BOVIN	0	15750	direct_cross_endpoint
A0A2I3SAK0	P15151	tr|A0A2I3SAK0|A0A2I3SAK0_PANTR	sp|P15151|PVR_HUMAN	not_scored	FP	sp|P32507|NECT2_MOUSE	sp|P15151|PVR_HUMAN	sp|P15151|PVR_HUMAN	0	4413	direct_cross_endpoint
A0A2I3SAX6	P20333	tr|A0A2I3SAX6|A0A2I3SAX6_PANTR	sp|P20333|TNR1B_HUMAN	not_scored	FP	sp|P28908|TNR8_HUMAN	sp|P20333|TNR1B_HUMAN	sp|O95407|TNF6B_HUMAN	1	36212	direct_cross_endpoint
A0A2I3SAX6	Q92956	tr|A0A2I3SAX6|A0A2I3SAX6_PANTR	sp|Q92956|TNR14_HUMAN	not_scored	FP	sp|P28908|TNR8_HUMAN	sp|O95407|TNF6B_HUMAN	sp|O95407|TNF6B_HUMAN	1	36212	direct_cross_endpoint
A0A2I3SB13	A6NES4	tr|A0A2I3SB13|A0A2I3SB13_PANTR	sp|A6NES4|MRO2A_HUMAN	FN	TP	tr|A0A2I3SB13|A0A2I3SB13_PANTR	sp|A6NES4|MRO2A_HUMAN	sp|A6NES4|MRO2A_HUMAN	0	12988	direct_cross_endpoint
A0A2I3SB13	Q7Z745	tr|A0A2I3SB13|A0A2I3SB13_PANTR	sp|Q7Z745|MRO2B_HUMAN	not_scored	FP	tr|A0A2I3SB13|A0A2I3SB13_PANTR	sp|A6NES4|MRO2A_HUMAN	sp|A6NES4|MRO2A_HUMAN	0	12988	direct_cross_endpoint
A0A2I3SB13	Q8NDA8	tr|A0A2I3SB13|A0A2I3SB13_PANTR	sp|Q8NDA8|MROH1_HUMAN	not_scored	FP	tr|A0A2I3SB13|A0A2I3SB13_PANTR	sp|A6NES4|MRO2A_HUMAN	sp|A6NES4|MRO2A_HUMAN	0	12988	direct_cross_endpoint
A0A2I3SBN5	A0A5F4CLD6	tr|A0A2I3SBN5|A0A2I3SBN5_PANTR	tr|A0A5F4CLD6|A0A5F4CLD6_CANLF	not_scored	FP	sp|P54269|CAUP_DROME	tr|A0A5F4CLD6|A0A5F4CLD6_CANLF	sp|P54269|CAUP_DROME	0	9059	direct_cross_endpoint
A0A2I3SC45	P17542	tr|A0A2I3SC45|A0A2I3SC45_PANTR	sp|P17542|TAL1_HUMAN	not_scored	FP	sp|P12980|LYL1_HUMAN	sp|O93507|TAL1_DANRE	sp|O93507|TAL1_DANRE	0	6281	direct_cross_endpoint
A0A2I3SCF5	P52747	tr|A0A2I3SCF5|A0A2I3SCF5_PANTR	sp|P52747|ZN143_HUMAN	FN	TP	tr|A0A2I3SCF5|A0A2I3SCF5_PANTR	sp|P52747|ZN143_HUMAN	sp|A6QQW0|ZN143_BOVIN	0		transitive_union
A0A2I3SCG6	O95727	tr|A0A2I3SCG6|A0A2I3SCG6_PANTR	sp|O95727|CRTAM_HUMAN	not_scored	FP	sp|P04921|GLPC_HUMAN	sp|O95727|CRTAM_HUMAN	sp|A4IFL2|SMAGP_BOVIN	0	14392	direct_cross_endpoint
A0A2I3SCG6	Q0VAQ4	tr|A0A2I3SCG6|A0A2I3SCG6_PANTR	sp|Q0VAQ4|SMAGP_HUMAN	not_scored	FP	sp|P04921|GLPC_HUMAN	sp|A4IFL2|SMAGP_BOVIN	sp|A4IFL2|SMAGP_BOVIN	0	13031	direct_cross_endpoint
A0A2I3SCW0	A6NHJ4	tr|A0A2I3SCW0|A0A2I3SCW0_PANTR	sp|A6NHJ4|ZN860_HUMAN	not_scored	FP	sp|Q8N9Z0|ZN610_HUMAN	sp|A6NHJ4|ZN860_HUMAN	sp|A6NHJ4|ZN860_HUMAN	0	1016	direct_cross_endpoint
A0A2I3SCW0	Q09FC8	tr|A0A2I3SCW0|A0A2I3SCW0_PANTR	sp|Q09FC8|ZN415_HUMAN	not_scored	FP	sp|Q8N9Z0|ZN610_HUMAN	sp|A6NHJ4|ZN860_HUMAN	sp|A6NHJ4|ZN860_HUMAN	0	1016	direct_cross_endpoint
A0A2I3SCW0	Q8N823	tr|A0A2I3SCW0|A0A2I3SCW0_PANTR	sp|Q8N823|ZN611_HUMAN	not_scored	FP	sp|Q8N9Z0|ZN610_HUMAN	sp|Q8N823|ZN611_HUMAN	sp|A6NHJ4|ZN860_HUMAN	0		transitive_union
A0A2I3SCW0	Q96N58	tr|A0A2I3SCW0|A0A2I3SCW0_PANTR	sp|Q96N58|ZN578_HUMAN	not_scored	FP	sp|Q8N9Z0|ZN610_HUMAN	sp|A6NHJ4|ZN860_HUMAN	sp|A6NHJ4|ZN860_HUMAN	0	1016	direct_cross_endpoint
A0A2I3SDQ4	Q14956	tr|A0A2I3SDQ4|A0A2I3SDQ4_PANTR	sp|Q14956|GPNMB_HUMAN	not_scored	FP	sp|Q6NXM3|TM130_MOUSE	sp|Q14956|GPNMB_HUMAN	sp|Q14956|GPNMB_HUMAN	0	26362	direct_cross_endpoint
A0A2I3SDV6	P15151	tr|A0A2I3SDV6|A0A2I3SDV6_PANTR	sp|P15151|PVR_HUMAN	not_scored	FP	sp|P32507|NECT2_MOUSE	sp|P15151|PVR_HUMAN	sp|P15151|PVR_HUMAN	0	4413	direct_cross_endpoint
A0A2I3SF60	Q8N8B7	tr|A0A2I3SF60|A0A2I3SF60_PANTR	sp|Q8N8B7|TEANC_HUMAN	not_scored	FP	sp|O13896|RPC10_SCHPO	sp|Q3US16|TEANC_MOUSE	sp|O13896|RPC10_SCHPO	0	4788	direct_cross_endpoint
A0A2I3SFM7	P20930	tr|A0A2I3SFM7|A0A2I3SFM7_PANTR	sp|P20930|FILA_HUMAN	not_scored	FP	sp|Q2VIS4|FILA2_MOUSE	sp|P20930|FILA_HUMAN	sp|A6QP92|TCHL1_BOVIN	0	12827	direct_cross_endpoint
A0A2I3SFM7	Q5QJ38	tr|A0A2I3SFM7|A0A2I3SFM7_PANTR	sp|Q5QJ38|TCHL1_HUMAN	not_scored	FP	sp|Q2VIS4|FILA2_MOUSE	sp|A6QP92|TCHL1_BOVIN	sp|A6QP92|TCHL1_BOVIN	0		transitive_union
A0A2I3SFM7	Q6XPR3	tr|A0A2I3SFM7|A0A2I3SFM7_PANTR	sp|Q6XPR3|RPTN_HUMAN	not_scored	FP	sp|Q2VIS4|FILA2_MOUSE	sp|P97347|RPTN_MOUSE	sp|A6QP92|TCHL1_BOVIN	0	10095	direct_cross_endpoint
A0A2I3SFM7	Q9UBG3	tr|A0A2I3SFM7|A0A2I3SFM7_PANTR	sp|Q9UBG3|CRNN_HUMAN	not_scored	FP	sp|Q2VIS4|FILA2_MOUSE	sp|P97347|RPTN_MOUSE	sp|A6QP92|TCHL1_BOVIN	0	10095	direct_cross_endpoint
A0A2I3SG22	O95727	tr|A0A2I3SG22|A0A2I3SG22_PANTR	sp|O95727|CRTAM_HUMAN	not_scored	FP	sp|P04921|GLPC_HUMAN	sp|O95727|CRTAM_HUMAN	sp|A4IFL2|SMAGP_BOVIN	0	14392	direct_cross_endpoint
A0A2I3SG22	Q0VAQ4	tr|A0A2I3SG22|A0A2I3SG22_PANTR	sp|Q0VAQ4|SMAGP_HUMAN	not_scored	FP	sp|P04921|GLPC_HUMAN	sp|A4IFL2|SMAGP_BOVIN	sp|A4IFL2|SMAGP_BOVIN	0	13031	direct_cross_endpoint
A0A2I3SGB5	Q9Y467	tr|A0A2I3SGB5|A0A2I3SGB5_PANTR	sp|Q9Y467|SALL2_HUMAN	not_scored	FP	sp|Q62255|SALL3_MOUSE	sp|Q9QX96|SALL2_MOUSE	sp|Q62255|SALL3_MOUSE	0	2053	direct_cross_endpoint
A0A2I3SGY0	Q6IC83	tr|A0A2I3SGY0|A0A2I3SGY0_PANTR	sp|Q6IC83|CV042_HUMAN	not_scored	FP	sp|P34624|CCNY_CAEEL	sp|Q6IC83|CV042_HUMAN	sp|A6NIR3|AGAP5_HUMAN	0	11462	direct_cross_endpoint
A0A2I3SGY0	Q6PGQ1	tr|A0A2I3SGY0|A0A2I3SGY0_PANTR	sp|Q6PGQ1|DRIC1_HUMAN	not_scored	FP	sp|P34624|CCNY_CAEEL	sp|Q6IC83|CV042_HUMAN	sp|A6NIR3|AGAP5_HUMAN	0	11462	direct_cross_endpoint
A0A2I3SGZ9	O15031	tr|A0A2I3SGZ9|A0A2I3SGZ9_PANTR	sp|O15031|PLXB2_HUMAN	not_scored	FP	sp|O60486|PLXC1_HUMAN	sp|B0S5N4|PLXA3_DANRE	sp|B0S5N4|PLXA3_DANRE	0	2423	direct_cross_endpoint
A0A2I3SGZ9	O43157	tr|A0A2I3SGZ9|A0A2I3SGZ9_PANTR	sp|O43157|PLXB1_HUMAN	not_scored	FP	sp|O60486|PLXC1_HUMAN	sp|B0S5N4|PLXA3_DANRE	sp|B0S5N4|PLXA3_DANRE	0	2423	direct_cross_endpoint
A0A2I3SGZ9	O75051	tr|A0A2I3SGZ9|A0A2I3SGZ9_PANTR	sp|O75051|PLXA2_HUMAN	not_scored	FP	sp|O60486|PLXC1_HUMAN	sp|B0S5N4|PLXA3_DANRE	sp|B0S5N4|PLXA3_DANRE	0	2423	direct_cross_endpoint
A0A2I3SGZ9	P51805	tr|A0A2I3SGZ9|A0A2I3SGZ9_PANTR	sp|P51805|PLXA3_HUMAN	not_scored	FP	sp|O60486|PLXC1_HUMAN	sp|B0S5N4|PLXA3_DANRE	sp|B0S5N4|PLXA3_DANRE	0	2423	direct_cross_endpoint
A0A2I3SGZ9	Q9HCM2	tr|A0A2I3SGZ9|A0A2I3SGZ9_PANTR	sp|Q9HCM2|PLXA4_HUMAN	not_scored	FP	sp|O60486|PLXC1_HUMAN	sp|B0S5N4|PLXA3_DANRE	sp|B0S5N4|PLXA3_DANRE	0	2423	direct_cross_endpoint
A0A2I3SGZ9	Q9UIW2	tr|A0A2I3SGZ9|A0A2I3SGZ9_PANTR	sp|Q9UIW2|PLXA1_HUMAN	not_scored	FP	sp|O60486|PLXC1_HUMAN	sp|B0S5N4|PLXA3_DANRE	sp|B0S5N4|PLXA3_DANRE	0	2423	direct_cross_endpoint
A0A2I3SGZ9	Q9Y4D7	tr|A0A2I3SGZ9|A0A2I3SGZ9_PANTR	sp|Q9Y4D7|PLXD1_HUMAN	not_scored	FP	sp|O60486|PLXC1_HUMAN	sp|B0S5N4|PLXA3_DANRE	sp|B0S5N4|PLXA3_DANRE	0	2423	direct_cross_endpoint
A0A2I3SHP3	Q6UWN0	tr|A0A2I3SHP3|A0A2I3SHP3_PANTR	sp|Q6UWN0|LYPD4_HUMAN	not_scored	FP	sp|Q8N6Q3|CD177_HUMAN	sp|Q32LD3|LYPD4_BOVIN	sp|Q32LD3|LYPD4_BOVIN	0	24862	direct_cross_endpoint
A0A2I3SHT0	Q8NFU7	tr|A0A2I3SHT0|A0A2I3SHT0_PANTR	sp|Q8NFU7|TET1_HUMAN	not_scored	FP	sp|A0JP82|TET3_XENTR	sp|Q3URK3|TET1_MOUSE	sp|A0JP82|TET3_XENTR	0	3302	direct_cross_endpoint
A0A2I3SHT1	Q6ZRS4	tr|A0A2I3SHT1|A0A2I3SHT1_PANTR	sp|Q6ZRS4|ITPI1_HUMAN	not_scored	FP	sp|P28290|ITPI2_HUMAN	sp|Q14B48|ITPI1_MOUSE	sp|P28290|ITPI2_HUMAN	0	22303	direct_cross_endpoint
A0A2I3SHT4	O43593	tr|A0A2I3SHT4|A0A2I3SHT4_PANTR	sp|O43593|HAIR_HUMAN	not_scored	FP	sp|Q5ZIX8|KDM3A_CHICK	sp|O43593|HAIR_HUMAN	sp|O43593|HAIR_HUMAN	0	14636	direct_cross_endpoint
A0A2I3SHX5	A0A5F4CUZ2	tr|A0A2I3SHX5|A0A2I3SHX5_PANTR	tr|A0A5F4CUZ2|A0A5F4CUZ2_CANLF	FN	TP	tr|A0A2I2YSL8|A0A2I2YSL8_GORGO	sp|O34328|KGUA_BACSU	sp|O34328|KGUA_BACSU	0	7382	direct_cross_endpoint
A0A2I3SHX5	Q16774	tr|A0A2I3SHX5|A0A2I3SHX5_PANTR	sp|Q16774|KGUA_HUMAN	FN	TP	tr|A0A2I2YSL8|A0A2I2YSL8_GORGO	sp|O34328|KGUA_BACSU	sp|O34328|KGUA_BACSU	0	7382	direct_cross_endpoint
A0A2I3SIC6	Q6KB66	tr|A0A2I3SIC6|A0A2I3SIC6_PANTR	sp|Q6KB66|K2C80_HUMAN	FN	TP	tr|A0A2I3SIC6|A0A2I3SIC6_PANTR	sp|Q0VBK2|K2C80_MOUSE	sp|A0JND2|K2C80_BOVIN	0	1207	direct_cross_endpoint
A0A2I3SII7	Q9BZQ2	tr|A0A2I3SII7|A0A2I3SII7_PANTR	sp|Q9BZQ2|SHP1L_HUMAN	not_scored	FP	sp|Q8NEM2|SHCBP_HUMAN	sp|Q3TTP0|SHP1L_MOUSE	sp|Q3TTP0|SHP1L_MOUSE	0	6676	direct_cross_endpoint
A0A2I3SIR0	Q8IUY3	tr|A0A2I3SIR0|A0A2I3SIR0_PANTR	sp|Q8IUY3|GRM2A_HUMAN	not_scored	FP	sp|Q5FVG8|GRM2B_RAT	sp|Q3V3G7|GRM2A_MOUSE	sp|Q3V3G7|GRM2A_MOUSE	0	11699	direct_cross_endpoint
A0A2I3SJL6	O94806	tr|A0A2I3SJL6|A0A2I3SJL6_PANTR	sp|O94806|KPCD3_HUMAN	not_scored	FP	sp|Q8BWQ5|DCLK3_MOUSE	sp|O94806|KPCD3_HUMAN	sp|O94806|KPCD3_HUMAN	0	4943	direct_cross_endpoint
A0A2I3SJL6	Q15139	tr|A0A2I3SJL6|A0A2I3SJL6_PANTR	sp|Q15139|KPCD1_HUMAN	not_scored	FP	sp|Q8BWQ5|DCLK3_MOUSE	sp|O94806|KPCD3_HUMAN	sp|O94806|KPCD3_HUMAN	0	4943	direct_cross_endpoint
A0A2I3SJL6	Q9BZL6	tr|A0A2I3SJL6|A0A2I3SJL6_PANTR	sp|Q9BZL6|KPCD2_HUMAN	not_scored	FP	sp|Q8BWQ5|DCLK3_MOUSE	sp|O94806|KPCD3_HUMAN	sp|O94806|KPCD3_HUMAN	0	4943	direct_cross_endpoint
A0A2I3SK35	Q6P4A7	tr|A0A2I3SK35|A0A2I3SK35_PANTR	sp|Q6P4A7|SFXN4_HUMAN	not_scored	FP	sp|A6QP55|SFXN3_BOVIN	sp|A8E7G5|SFXN4_DANRE	sp|A6QP55|SFXN3_BOVIN	0	2333	direct_cross_endpoint
A0A2I3SK51	P06702	tr|A0A2I3SK51|A0A2I3SK51_PANTR	sp|P06702|S10A9_HUMAN	not_scored	FP	sp|P02638|S100B_BOVIN	sp|P06702|S10A9_HUMAN	sp|P02633|S100G_BOVIN	0	7306	direct_cross_endpoint
A0A2I3SK51	P29377	tr|A0A2I3SK51|A0A2I3SK51_PANTR	sp|P29377|S100G_HUMAN	not_scored	FP	sp|P02638|S100B_BOVIN	sp|P02633|S100G_BOVIN	sp|P02633|S100G_BOVIN	0	8421	direct_cross_endpoint
A0A2I3SK51	P33764	tr|A0A2I3SK51|A0A2I3SK51_PANTR	sp|P33764|S10A3_HUMAN	not_scored	FP	sp|P02638|S100B_BOVIN	sp|P33764|S10A3_HUMAN	sp|P02633|S100G_BOVIN	0	812	direct_cross_endpoint
A0A2I3SKU7	P82987	tr|A0A2I3SKU7|A0A2I3SKU7_PANTR	sp|P82987|ATL3_HUMAN	not_scored	FP	sp|O95428|PPN_HUMAN	sp|P82987|ATL3_HUMAN	sp|O95428|PPN_HUMAN	0	6693	direct_cross_endpoint
A0A2I3SKU7	Q8N6G6	tr|A0A2I3SKU7|A0A2I3SKU7_PANTR	sp|Q8N6G6|ATL1_HUMAN	not_scored	FP	sp|O95428|PPN_HUMAN	sp|P82987|ATL3_HUMAN	sp|O95428|PPN_HUMAN	0	6693	direct_cross_endpoint
A0A2I3SKW4	Q8N823	tr|A0A2I3SKW4|A0A2I3SKW4_PANTR	sp|Q8N823|ZN611_HUMAN	not_scored	FP	sp|A6NHJ4|ZN860_HUMAN	sp|Q8N823|ZN611_HUMAN	sp|A6NHJ4|ZN860_HUMAN	0	1099	direct_cross_endpoint
A0A2I3SLK3	Q58DX5	tr|A0A2I3SLK3|A0A2I3SLK3_PANTR	sp|Q58DX5|NADL2_HUMAN	not_scored	FP	sp|A0A1D6L709|VP8_MAIZE	sp|Q58DX5|NADL2_HUMAN	sp|A0A1D6L709|VP8_MAIZE	0	7397	direct_cross_endpoint
A0A2I3SMD5	P13500	tr|A0A2I3SMD5|A0A2I3SMD5_PANTR	sp|P13500|CCL2_HUMAN	not_scored	FP	sp|O00626|CCL22_HUMAN	sp|P10148|CCL2_MOUSE	sp|O00626|CCL22_HUMAN	0	5513	direct_cross_endpoint
A0A2I3SMD5	P51671	tr|A0A2I3SMD5|A0A2I3SMD5_PANTR	sp|P51671|CCL11_HUMAN	not_scored	FP	sp|O00626|CCL22_HUMAN	sp|P10148|CCL2_MOUSE	sp|O00626|CCL22_HUMAN	0	5513	direct_cross_endpoint
A0A2I3SMD5	P80075	tr|A0A2I3SMD5|A0A2I3SMD5_PANTR	sp|P80075|CCL8_HUMAN	not_scored	FP	sp|O00626|CCL22_HUMAN	sp|P10148|CCL2_MOUSE	sp|O00626|CCL22_HUMAN	0	5513	direct_cross_endpoint
A0A2I3SMD5	P80098	tr|A0A2I3SMD5|A0A2I3SMD5_PANTR	sp|P80098|CCL7_HUMAN	not_scored	FP	sp|O00626|CCL22_HUMAN	sp|P10148|CCL2_MOUSE	sp|O00626|CCL22_HUMAN	0	5513	direct_cross_endpoint
A0A2I3SMD5	Q99616	tr|A0A2I3SMD5|A0A2I3SMD5_PANTR	sp|Q99616|CCL13_HUMAN	not_scored	FP	sp|O00626|CCL22_HUMAN	sp|P10148|CCL2_MOUSE	sp|O00626|CCL22_HUMAN	0	5513	direct_cross_endpoint
A0A2I3SMD5	Q9Y258	tr|A0A2I3SMD5|A0A2I3SMD5_PANTR	sp|Q9Y258|CCL26_HUMAN	not_scored	FP	sp|O00626|CCL22_HUMAN	sp|Q64H35|CCL26_CANLF	sp|O00626|CCL22_HUMAN	0		transitive_union
A0A2I3SN30	Q6B0K9	tr|A0A2I3SN30|A0A2I3SN30_PANTR	sp|Q6B0K9|HBM_HUMAN	not_scored	FP	sp|P01923|HBA_GORGO	sp|A1A4Q3|HBM_BOVIN	sp|A1A4Q3|HBM_BOVIN	0	167	direct_cross_endpoint
A0A2I3SNA8	O43653	tr|A0A2I3SNA8|A0A2I3SNA8_PANTR	sp|O43653|PSCA_HUMAN	not_scored	FP	sp|P55000|SLUR1_HUMAN	sp|O43653|PSCA_HUMAN	sp|O43653|PSCA_HUMAN	0	6959	direct_cross_endpoint
A0A2I3SNA8	Q16553	tr|A0A2I3SNA8|A0A2I3SNA8_PANTR	sp|Q16553|LY6E_HUMAN	not_scored	FP	sp|P55000|SLUR1_HUMAN	sp|Q16553|LY6E_HUMAN	sp|O43653|PSCA_HUMAN	0		transitive_union
A0A2I3SNA8	Q6UXB3	tr|A0A2I3SNA8|A0A2I3SNA8_PANTR	sp|Q6UXB3|LYPD2_HUMAN	not_scored	FP	sp|P55000|SLUR1_HUMAN	sp|O43653|PSCA_HUMAN	sp|O43653|PSCA_HUMAN	0	6959	direct_cross_endpoint
A0A2I3SNF6	Q6UXX5	tr|A0A2I3SNF6|A0A2I3SNF6_PANTR	sp|Q6UXX5|ITIH6_HUMAN	not_scored	FP	sp|A2VE29|ITIH5_BOVIN	sp|Q6UXX5|ITIH6_HUMAN	sp|A2VE29|ITIH5_BOVIN	0	15750	direct_cross_endpoint
A0A2I3SPX7	Q76LX8	tr|A0A2I3SPX7|A0A2I3SPX7_PANTR	sp|Q76LX8|ATS13_HUMAN	not_scored	FP	sp|P58397|ATS12_HUMAN	sp|Q769J6|ATS13_MOUSE	sp|P58397|ATS12_HUMAN	0	5085	direct_cross_endpoint
A0A2I3SQ15	A0A3Q1NHI6	tr|A0A2I3SQ15|A0A2I3SQ15_PANTR	tr|A0A3Q1NHI6|A0A3Q1NHI6_BOVIN	not_scored	FP	sp|Q2T9N1|F1142_BOVIN	tr|A0A3Q1NHI6|A0A3Q1NHI6_BOVIN	sp|Q2T9N1|F1142_BOVIN	0	17860	direct_cross_endpoint
A0A2I3SR99	O75379	tr|A0A2I3SR99|A0A2I3SR99_PANTR	sp|O75379|VAMP4_HUMAN	not_scored	FP	tr|A0A2I2YRV9|A0A2I2YRV9_GORGO	sp|O02495|SYB1_CAEEL	sp|O02495|SYB1_CAEEL	0	7808	direct_cross_endpoint
A0A2I3SR99	O95183	tr|A0A2I3SR99|A0A2I3SR99_PANTR	sp|O95183|VAMP5_HUMAN	not_scored	FP	tr|A0A2I2YRV9|A0A2I2YRV9_GORGO	sp|O95183|VAMP5_HUMAN	sp|O02495|SYB1_CAEEL	0		transitive_union
A0A2I3SR99	P23763	tr|A0A2I3SR99|A0A2I3SR99_PANTR	sp|P23763|VAMP1_HUMAN	not_scored	FP	tr|A0A2I2YRV9|A0A2I2YRV9_GORGO	sp|O02495|SYB1_CAEEL	sp|O02495|SYB1_CAEEL	0	7808	direct_cross_endpoint
A0A2I3SR99	Q15836	tr|A0A2I3SR99|A0A2I3SR99_PANTR	sp|Q15836|VAMP3_HUMAN	not_scored	FP	tr|A0A2I2YRV9|A0A2I2YRV9_GORGO	sp|O02495|SYB1_CAEEL	sp|O02495|SYB1_CAEEL	0	7808	direct_cross_endpoint
A0A2I3SR99	Q9BV40	tr|A0A2I3SR99|A0A2I3SR99_PANTR	sp|Q9BV40|VAMP8_HUMAN	FN	TP	tr|A0A2I2YRV9|A0A2I2YRV9_GORGO	sp|O02495|SYB1_CAEEL	sp|O02495|SYB1_CAEEL	0	7808	direct_cross_endpoint
A0A2I3SRD3	O43665	tr|A0A2I3SRD3|A0A2I3SRD3_PANTR	sp|O43665|RGS10_HUMAN	not_scored	FP	sp|O08849|RGS2_MOUSE	sp|O43665|RGS10_HUMAN	sp|O08849|RGS2_MOUSE	0	4681	direct_cross_endpoint
A0A2I3SRD3	P49796	tr|A0A2I3SRD3|A0A2I3SRD3_PANTR	sp|P49796|RGS3_HUMAN	not_scored	FP	sp|O08849|RGS2_MOUSE	sp|P49796|RGS3_HUMAN	sp|O08849|RGS2_MOUSE	1	38262	direct_cross_endpoint
A0A2I3SRD3	Q9NS28	tr|A0A2I3SRD3|A0A2I3SRD3_PANTR	sp|Q9NS28|RGS18_HUMAN	not_scored	FP	sp|O08849|RGS2_MOUSE	sp|Q4L0E8|RGS18_RAT	sp|O08849|RGS2_MOUSE	0	3356	direct_cross_endpoint
A0A2I3SRK3	Q6UWB4	tr|A0A2I3SRK3|A0A2I3SRK3_PANTR	sp|Q6UWB4|PRS55_HUMAN	not_scored	FP	sp|A1L453|PRS38_HUMAN	sp|Q14BX2|PRS55_MOUSE	sp|A1L453|PRS38_HUMAN	0	885	direct_cross_endpoint
A0A2I3SRU5	P02768	tr|A0A2I3SRU5|A0A2I3SRU5_PANTR	sp|P02768|ALBU_HUMAN	not_scored	FP	sp|P02774|VTDB_HUMAN	sp|G3MYZ3|AFAM_BOVIN	sp|G3MYZ3|AFAM_BOVIN	0	8196	direct_cross_endpoint
A0A2I3SRU5	P02771	tr|A0A2I3SRU5|A0A2I3SRU5_PANTR	sp|P02771|FETA_HUMAN	not_scored	FP	sp|P02774|VTDB_HUMAN	sp|G3MYZ3|AFAM_BOVIN	sp|G3MYZ3|AFAM_BOVIN	0	8196	direct_cross_endpoint
A0A2I3SRU5	P43652	tr|A0A2I3SRU5|A0A2I3SRU5_PANTR	sp|P43652|AFAM_HUMAN	not_scored	FP	sp|P02774|VTDB_HUMAN	sp|G3MYZ3|AFAM_BOVIN	sp|G3MYZ3|AFAM_BOVIN	0	8196	direct_cross_endpoint
A0A2I3SSE8	Q8N3V7	tr|A0A2I3SSE8|A0A2I3SSE8_PANTR	sp|Q8N3V7|SYNPO_HUMAN	not_scored	FP	sp|D4A702|SYNP2_RAT	sp|Q8CC35|SYNPO_MOUSE	sp|D4A702|SYNP2_RAT	0	7142	direct_cross_endpoint
A0A2I3SSL1	Q86TD4	tr|A0A2I3SSL1|A0A2I3SSL1_PANTR	sp|Q86TD4|SRCA_HUMAN	not_scored	FP	sp|Q0VDD7|CS057_HUMAN	sp|Q7TQ48|SRCA_MOUSE	sp|Q0VDD7|CS057_HUMAN	0	33662	direct_cross_endpoint
A0A2I3ST08	O15535	tr|A0A2I3ST08|A0A2I3ST08_PANTR	sp|O15535|ZSC9_HUMAN	not_scored	FP	sp|Q8NBB4|ZSCA1_HUMAN	sp|A2T7D7|ZNF24_PANTR	sp|A2T7D7|ZNF24_PANTR	0	3192	direct_cross_endpoint
A0A2I3ST08	P17028	tr|A0A2I3ST08|A0A2I3ST08_PANTR	sp|P17028|ZNF24_HUMAN	not_scored	FP	sp|Q8NBB4|ZSCA1_HUMAN	sp|A2T7D7|ZNF24_PANTR	sp|A2T7D7|ZNF24_PANTR	0	3192	direct_cross_endpoint
A0A2I3ST08	P51815	tr|A0A2I3ST08|A0A2I3ST08_PANTR	sp|P51815|ZN75D_HUMAN	not_scored	FP	sp|Q8NBB4|ZSCA1_HUMAN	sp|P51815|ZN75D_HUMAN	sp|A2T7D7|ZNF24_PANTR	0		transitive_union
A0A2I3ST08	Q3MJ62	tr|A0A2I3ST08|A0A2I3ST08_PANTR	sp|Q3MJ62|ZSC23_HUMAN	not_scored	FP	sp|Q8NBB4|ZSCA1_HUMAN	sp|A2T7D7|ZNF24_PANTR	sp|A2T7D7|ZNF24_PANTR	0	3192	direct_cross_endpoint
A0A2I3ST08	Q8N0Y2	tr|A0A2I3ST08|A0A2I3ST08_PANTR	sp|Q8N0Y2|ZN444_HUMAN	not_scored	FP	sp|Q8NBB4|ZSCA1_HUMAN	sp|Q8N0Y2|ZN444_HUMAN	sp|A2T7D7|ZNF24_PANTR	0		transitive_union
A0A2I3ST08	Q96LW9	tr|A0A2I3ST08|A0A2I3ST08_PANTR	sp|Q96LW9|ZSC31_HUMAN	not_scored	FP	sp|Q8NBB4|ZSCA1_HUMAN	sp|A2T7D7|ZNF24_PANTR	sp|A2T7D7|ZNF24_PANTR	0	3192	direct_cross_endpoint
A0A2I3ST08	Q96N95	tr|A0A2I3ST08|A0A2I3ST08_PANTR	sp|Q96N95|ZN396_HUMAN	not_scored	FP	sp|Q8NBB4|ZSCA1_HUMAN	sp|A2T7D7|ZNF24_PANTR	sp|A2T7D7|ZNF24_PANTR	0	3192	direct_cross_endpoint
A0A2I3ST08	Q9H4T2	tr|A0A2I3ST08|A0A2I3ST08_PANTR	sp|Q9H4T2|ZSC16_HUMAN	not_scored	FP	sp|Q8NBB4|ZSCA1_HUMAN	sp|A2T7D7|ZNF24_PANTR	sp|A2T7D7|ZNF24_PANTR	0	3192	direct_cross_endpoint
A0A2I3STE4	Q96CM4	tr|A0A2I3STE4|A0A2I3STE4_PANTR	sp|Q96CM4|NXNL1_HUMAN	not_scored	FP	sp|Q5VZ03|NXNL2_HUMAN	sp|A5PMF7|NXNL1_DANRE	sp|A5PMF7|NXNL1_DANRE	0	14650	direct_cross_endpoint
A0A2I3STF2	Q96JQ2	tr|A0A2I3STF2|A0A2I3STF2_PANTR	sp|Q96JQ2|CLMN_HUMAN	not_scored	FP	sp|A5D7D1|ACTN4_BOVIN	sp|Q8C5W0|CLMN_MOUSE	sp|A5D7D1|ACTN4_BOVIN	0	8044	direct_cross_endpoint
A0A2I3STH5	Q68DQ2	tr|A0A2I3STH5|A0A2I3STH5_PANTR	sp|Q68DQ2|CRBG3_HUMAN	not_scored	FP	sp|Q80W49|CRBG3_MOUSE	sp|Q68DQ2|CRBG3_HUMAN	sp|Q68DQ2|CRBG3_HUMAN	0	7705	direct_cross_endpoint
A0A2I3STQ8	Q96PQ6	tr|A0A2I3STQ8|A0A2I3STQ8_PANTR	sp|Q96PQ6|ZN317_HUMAN	not_scored	FP	sp|Q8N587|ZN561_HUMAN	sp|Q96PQ6|ZN317_HUMAN	sp|Q8N587|ZN561_HUMAN	0	1459	direct_cross_endpoint
A0A2I3STX2	Q9C000	tr|A0A2I3STX2|A0A2I3STX2_PANTR	sp|Q9C000|NLRP1_HUMAN	not_scored	FP	sp|A6QLE5|NLRP3_BOVIN	sp|A1Z198|NL1B2_MOUSE	sp|A1Z198|NL1B2_MOUSE	0	6310	direct_cross_endpoint
A0A2I3SU87	Q8IYS0	tr|A0A2I3SU87|A0A2I3SU87_PANTR	sp|Q8IYS0|ASTRC_HUMAN	not_scored	FP	sp|Q3KR37|ASTRB_HUMAN	sp|Q8CI52|ASTRC_MOUSE	sp|F4HVW5|VAD1_ARATH	0	7566	direct_cross_endpoint
A0A2I3SUD7	P14598	tr|A0A2I3SUD7|A0A2I3SUD7_PANTR	sp|P14598|NCF1_HUMAN	not_scored	FP	sp|Q8NFA2|NOXO1_HUMAN	sp|A6NI72|NCF1B_HUMAN	sp|A6NI72|NCF1B_HUMAN	0	10064	direct_cross_endpoint
A0A2I3SUK9	Q8TDU6	tr|A0A2I3SUK9|A0A2I3SUK9_PANTR	sp|Q8TDU6|GPBAR_HUMAN	not_scored	FP	sp|O13076|AA2BR_CHICK	sp|Q80SS6|GPBAR_MOUSE	sp|O13076|AA2BR_CHICK	1	35667	direct_cross_endpoint
A0A2I3SUK9	Q8TDV5	tr|A0A2I3SUK9|A0A2I3SUK9_PANTR	sp|Q8TDV5|GP119_HUMAN	not_scored	FP	sp|O13076|AA2BR_CHICK	sp|Q7TQN8|GP119_RAT	sp|O13076|AA2BR_CHICK	0	3720	direct_cross_endpoint
A0A2I3SV79	A0A5F4CYS7	tr|A0A2I3SV79|A0A2I3SV79_PANTR	tr|A0A5F4CYS7|A0A5F4CYS7_CANLF	not_scored	FP	sp|Q6IE38|ISK14_HUMAN	sp|P01001|ISK6_BOVIN	sp|O35679|ISK4_MOUSE	1	38274	direct_cross_endpoint
A0A2I3SV79	A0A5S6CIS3	tr|A0A2I3SV79|A0A2I3SV79_PANTR	tr|A0A5S6CIS3|A0A5S6CIS3_CANLF	not_scored	FP	sp|Q6IE38|ISK14_HUMAN	sp|O35679|ISK4_MOUSE	sp|O35679|ISK4_MOUSE	1	38274	direct_cross_endpoint
A0A2I3SV79	E2RHI4	tr|A0A2I3SV79|A0A2I3SV79_PANTR	tr|E2RHI4|E2RHI4_CANLF	not_scored	FP	sp|Q6IE38|ISK14_HUMAN	sp|O35679|ISK4_MOUSE	sp|O35679|ISK4_MOUSE	1	38274	direct_cross_endpoint
A0A2I3SV79	O60575	tr|A0A2I3SV79|A0A2I3SV79_PANTR	sp|O60575|ISK4_HUMAN	not_scored	FP	sp|Q6IE38|ISK14_HUMAN	sp|O35679|ISK4_MOUSE	sp|O35679|ISK4_MOUSE	1	38274	direct_cross_endpoint
A0A2I3SV79	P00995	tr|A0A2I3SV79|A0A2I3SV79_PANTR	sp|P00995|ISK1_HUMAN	not_scored	FP	sp|Q6IE38|ISK14_HUMAN	sp|O35679|ISK4_MOUSE	sp|O35679|ISK4_MOUSE	1	38274	direct_cross_endpoint
A0A2I3SV79	P20155	tr|A0A2I3SV79|A0A2I3SV79_PANTR	sp|P20155|ISK2_HUMAN	not_scored	FP	sp|Q6IE38|ISK14_HUMAN	sp|O35679|ISK4_MOUSE	sp|O35679|ISK4_MOUSE	1	38274	direct_cross_endpoint
A0A2I3SV79	P58062	tr|A0A2I3SV79|A0A2I3SV79_PANTR	sp|P58062|ISK7_HUMAN	not_scored	FP	sp|Q6IE38|ISK14_HUMAN	sp|O35679|ISK4_MOUSE	sp|O35679|ISK4_MOUSE	1	38274	direct_cross_endpoint
A0A2I3SV79	Q5DT21	tr|A0A2I3SV79|A0A2I3SV79_PANTR	sp|Q5DT21|ISK9_HUMAN	not_scored	FP	sp|Q6IE38|ISK14_HUMAN	sp|Q5DT21|ISK9_HUMAN	sp|O35679|ISK4_MOUSE	1	38274	direct_cross_endpoint
A0A2I3SV79	Q6UWN8	tr|A0A2I3SV79|A0A2I3SV79_PANTR	sp|Q6UWN8|ISK6_HUMAN	not_scored	FP	sp|Q6IE38|ISK14_HUMAN	sp|P01001|ISK6_BOVIN	sp|O35679|ISK4_MOUSE	1	38274	direct_cross_endpoint
A0A2I3SV81	Q9GZS9	tr|A0A2I3SV81|A0A2I3SV81_PANTR	sp|Q9GZS9|CHST5_HUMAN	not_scored	FP	sp|O43916|CHST1_HUMAN	sp|Q9GZS9|CHST5_HUMAN	sp|O43916|CHST1_HUMAN	0	7106	direct_cross_endpoint
A0A2I3SVS2	Q5M9N0	tr|A0A2I3SVS2|A0A2I3SVS2_PANTR	sp|Q5M9N0|CD158_HUMAN	not_scored	FP	sp|O15083|ERC2_HUMAN	sp|Q5M9N0|CD158_HUMAN	sp|O15083|ERC2_HUMAN	0	5985	direct_cross_endpoint
A0A2I3SVS2	Q8NCX0	tr|A0A2I3SVS2|A0A2I3SVS2_PANTR	sp|Q8NCX0|CC150_HUMAN	not_scored	FP	sp|O15083|ERC2_HUMAN	sp|Q8CDI7|CC150_MOUSE	sp|O15083|ERC2_HUMAN	1	35301	direct_cross_endpoint
A0A2I3SVS2	Q8TBY8	tr|A0A2I3SVS2|A0A2I3SVS2_PANTR	sp|Q8TBY8|PMFBP_HUMAN	not_scored	FP	sp|O15083|ERC2_HUMAN	sp|Q8TBY8|PMFBP_HUMAN	sp|O15083|ERC2_HUMAN	0	4451	direct_cross_endpoint
A0A2I3SVS3	E1BNL8	tr|A0A2I3SVS3|A0A2I3SVS3_PANTR	tr|E1BNL8|E1BNL8_BOVIN	FN	TP	sp|Q8BV42|ZN786_MOUSE	tr|E1BNL8|E1BNL8_BOVIN	sp|Q8BV42|ZN786_MOUSE	0	1969	direct_cross_endpoint
A0A2I3SW56	P51508	tr|A0A2I3SW56|A0A2I3SW56_PANTR	sp|P51508|ZNF81_HUMAN	not_scored	FP	sp|Q9HCZ1|ZN334_HUMAN	sp|P51508|ZNF81_HUMAN	sp|P51508|ZNF81_HUMAN	1	34338	direct_cross_endpoint
A0A2I3SW56	P51814	tr|A0A2I3SW56|A0A2I3SW56_PANTR	sp|P51814|ZNF41_HUMAN	not_scored	FP	sp|Q9HCZ1|ZN334_HUMAN	sp|P51814|ZNF41_HUMAN	sp|P51508|ZNF81_HUMAN	1	34338	direct_cross_endpoint
A0A2I3SW56	Q52M93	tr|A0A2I3SW56|A0A2I3SW56_PANTR	sp|Q52M93|Z585B_HUMAN	not_scored	FP	sp|Q9HCZ1|ZN334_HUMAN	sp|P51814|ZNF41_HUMAN	sp|P51508|ZNF81_HUMAN	1	34338	direct_cross_endpoint
A0A2I3SW56	Q6P3V2	tr|A0A2I3SW56|A0A2I3SW56_PANTR	sp|Q6P3V2|Z585A_HUMAN	not_scored	FP	sp|Q9HCZ1|ZN334_HUMAN	sp|P51814|ZNF41_HUMAN	sp|P51508|ZNF81_HUMAN	1	34338	direct_cross_endpoint
A0A2I3SW56	Q86UE3	tr|A0A2I3SW56|A0A2I3SW56_PANTR	sp|Q86UE3|ZN546_HUMAN	not_scored	FP	sp|Q9HCZ1|ZN334_HUMAN	sp|P51814|ZNF41_HUMAN	sp|P51508|ZNF81_HUMAN	1	34338	direct_cross_endpoint
A0A2I3SW56	Q8N8J6	tr|A0A2I3SW56|A0A2I3SW56_PANTR	sp|Q8N8J6|ZN615_HUMAN	not_scored	FP	sp|Q9HCZ1|ZN334_HUMAN	sp|P51814|ZNF41_HUMAN	sp|P51508|ZNF81_HUMAN	1	34338	direct_cross_endpoint
A0A2I3SW56	Q9Y473	tr|A0A2I3SW56|A0A2I3SW56_PANTR	sp|Q9Y473|ZN175_HUMAN	not_scored	FP	sp|Q9HCZ1|ZN334_HUMAN	sp|P51814|ZNF41_HUMAN	sp|P51508|ZNF81_HUMAN	1	34338	direct_cross_endpoint
A0A2I3SWE3	P0DPA2	tr|A0A2I3SWE3|A0A2I3SWE3_PANTR	sp|P0DPA2|VSIG8_HUMAN	not_scored	FP	sp|P0C673|IGS11_MOUSE	sp|P0DPA2|VSIG8_HUMAN	sp|P0C673|IGS11_MOUSE	0	3161	direct_cross_endpoint
A0A2I3SWE3	Q86YT9	tr|A0A2I3SWE3|A0A2I3SWE3_PANTR	sp|Q86YT9|JAML_HUMAN	not_scored	FP	sp|P0C673|IGS11_MOUSE	sp|Q80UL9|JAML_MOUSE	sp|P0C673|IGS11_MOUSE	0	23272	direct_cross_endpoint
A0A2I3SWV5	Q5W5W9	tr|A0A2I3SWV5|A0A2I3SWV5_PANTR	sp|Q5W5W9|RES18_HUMAN	not_scored	FP	sp|O36014|DNPEP_SCHPO	sp|A0JNL8|RES18_BOVIN	sp|A0JNL8|RES18_BOVIN	1	39432	direct_cross_endpoint
A0A2I3SX57	Q53LP3	tr|A0A2I3SX57|A0A2I3SX57_PANTR	sp|Q53LP3|SWAHC_HUMAN	not_scored	FP	sp|A6NEL2|SWAHB_HUMAN	sp|Q2M3V2|SWAHA_HUMAN	sp|A6NEL2|SWAHB_HUMAN	0	8725	direct_cross_endpoint
A0A2I3SXN0	P51815	tr|A0A2I3SXN0|A0A2I3SXN0_PANTR	sp|P51815|ZN75D_HUMAN	not_scored	FP	sp|A2T7D7|ZNF24_PANTR	sp|P51815|ZN75D_HUMAN	sp|A2T7D7|ZNF24_PANTR	0	2004	direct_cross_endpoint
A0A2I3SXN0	Q8N0Y2	tr|A0A2I3SXN0|A0A2I3SXN0_PANTR	sp|Q8N0Y2|ZN444_HUMAN	not_scored	FP	sp|A2T7D7|ZNF24_PANTR	sp|Q8N0Y2|ZN444_HUMAN	sp|A2T7D7|ZNF24_PANTR	0	2981	direct_cross_endpoint
A0A2I3SXN0	Q8NBB4	tr|A0A2I3SXN0|A0A2I3SXN0_PANTR	sp|Q8NBB4|ZSCA1_HUMAN	not_scored	FP	sp|A2T7D7|ZNF24_PANTR	sp|Q8NBB4|ZSCA1_HUMAN	sp|A2T7D7|ZNF24_PANTR	0	3192	direct_cross_endpoint
A0A2I3SXV6	Q8N945	tr|A0A2I3SXV6|A0A2I3SXV6_PANTR	sp|Q8N945|PRLD2_HUMAN	not_scored	FP	sp|O59707|UPS2_SCHPO	sp|Q0VBB0|PRLD2_MOUSE	sp|O59707|UPS2_SCHPO	0	8957	direct_cross_endpoint
A0A2I3SY47	A8MVW5	tr|A0A2I3SY47|A0A2I3SY47_PANTR	sp|A8MVW5|HECA2_HUMAN	not_scored	FP	sp|Q7Z692|CEA19_HUMAN	sp|A6QQC6|HECA2_BOVIN	sp|A6QQC6|HECA2_BOVIN	1		transitive_union
A0A2I3SY47	O75871	tr|A0A2I3SY47|A0A2I3SY47_PANTR	sp|O75871|CEAM4_HUMAN	not_scored	FP	sp|Q7Z692|CEA19_HUMAN	sp|O75871|CEAM4_HUMAN	sp|A6QQC6|HECA2_BOVIN	1	35797	direct_cross_endpoint
A0A2I3SY47	P06731	tr|A0A2I3SY47|A0A2I3SY47_PANTR	sp|P06731|CEAM5_HUMAN	not_scored	FP	sp|Q7Z692|CEA19_HUMAN	sp|O75871|CEAM4_HUMAN	sp|A6QQC6|HECA2_BOVIN	1	35797	direct_cross_endpoint
A0A2I3SY47	P11465	tr|A0A2I3SY47|A0A2I3SY47_PANTR	sp|P11465|PSG2_HUMAN	not_scored	FP	sp|Q7Z692|CEA19_HUMAN	sp|O75871|CEAM4_HUMAN	sp|A6QQC6|HECA2_BOVIN	1	35797	direct_cross_endpoint
A0A2I3SY47	P13688	tr|A0A2I3SY47|A0A2I3SY47_PANTR	sp|P13688|CEAM1_HUMAN	not_scored	FP	sp|Q7Z692|CEA19_HUMAN	sp|O75871|CEAM4_HUMAN	sp|A6QQC6|HECA2_BOVIN	1	35797	direct_cross_endpoint
A0A2I3SY47	P31997	tr|A0A2I3SY47|A0A2I3SY47_PANTR	sp|P31997|CEAM8_HUMAN	not_scored	FP	sp|Q7Z692|CEA19_HUMAN	sp|O75871|CEAM4_HUMAN	sp|A6QQC6|HECA2_BOVIN	1	35797	direct_cross_endpoint
A0A2I3SY47	P40198	tr|A0A2I3SY47|A0A2I3SY47_PANTR	sp|P40198|CEAM3_HUMAN	not_scored	FP	sp|Q7Z692|CEA19_HUMAN	sp|O75871|CEAM4_HUMAN	sp|A6QQC6|HECA2_BOVIN	1	35797	direct_cross_endpoint
A0A2I3SY47	P40199	tr|A0A2I3SY47|A0A2I3SY47_PANTR	sp|P40199|CEAM6_HUMAN	not_scored	FP	sp|Q7Z692|CEA19_HUMAN	sp|O75871|CEAM4_HUMAN	sp|A6QQC6|HECA2_BOVIN	1	35797	direct_cross_endpoint
A0A2I3SY47	Q00887	tr|A0A2I3SY47|A0A2I3SY47_PANTR	sp|Q00887|PSG9_HUMAN	not_scored	FP	sp|Q7Z692|CEA19_HUMAN	sp|O75871|CEAM4_HUMAN	sp|A6QQC6|HECA2_BOVIN	1	35797	direct_cross_endpoint
A0A2I3SY47	Q14002	tr|A0A2I3SY47|A0A2I3SY47_PANTR	sp|Q14002|CEAM7_HUMAN	not_scored	FP	sp|Q7Z692|CEA19_HUMAN	sp|O75871|CEAM4_HUMAN	sp|A6QQC6|HECA2_BOVIN	1	35797	direct_cross_endpoint
A0A2I3SY47	Q2WEN9	tr|A0A2I3SY47|A0A2I3SY47_PANTR	sp|Q2WEN9|CEA16_HUMAN	not_scored	FP	sp|Q7Z692|CEA19_HUMAN	sp|D3ZQE1|CEA16_RAT	sp|A6QQC6|HECA2_BOVIN	1	35797	direct_cross_endpoint
A0A2I3SY55	P98173	tr|A0A2I3SY55|A0A2I3SY55_PANTR	sp|P98173|FAM3A_HUMAN	not_scored	FP	sp|P58499|FAM3B_HUMAN	sp|A5PKI3|FAM3C_BOVIN	sp|A5PKI3|FAM3C_BOVIN	0	416	direct_cross_endpoint
A0A2I3SY55	Q92520	tr|A0A2I3SY55|A0A2I3SY55_PANTR	sp|Q92520|FAM3C_HUMAN	not_scored	FP	sp|P58499|FAM3B_HUMAN	sp|A5PKI3|FAM3C_BOVIN	sp|A5PKI3|FAM3C_BOVIN	0	416	direct_cross_endpoint
A0A2I3SY55	Q96BQ1	tr|A0A2I3SY55|A0A2I3SY55_PANTR	sp|Q96BQ1|FAM3D_HUMAN	not_scored	FP	sp|P58499|FAM3B_HUMAN	sp|A5PKI3|FAM3C_BOVIN	sp|A5PKI3|FAM3C_BOVIN	0	416	direct_cross_endpoint
A0A2I3SYK9	F1PTA4	tr|A0A2I3SYK9|A0A2I3SYK9_PANTR	tr|F1PTA4|F1PTA4_CANLF	not_scored	FP	sp|D2KX21|PLAT1_RAT	sp|Q4KLN5|PLAT5_RAT	sp|D2KX21|PLAT1_RAT	0	4167	direct_cross_endpoint
A0A2I3SYK9	Q96KN8	tr|A0A2I3SYK9|A0A2I3SYK9_PANTR	sp|Q96KN8|PLAT5_HUMAN	not_scored	FP	sp|D2KX21|PLAT1_RAT	sp|Q4KLN5|PLAT5_RAT	sp|D2KX21|PLAT1_RAT	0	4167	direct_cross_endpoint
A0A2I3SYM4	O43837	tr|A0A2I3SYM4|A0A2I3SYM4_PANTR	sp|O43837|IDH3B_HUMAN	FN	TP	tr|A0A2I3SYM4|A0A2I3SYM4_PANTR	sp|O13696|IDH1_SCHPO	sp|O13696|IDH1_SCHPO	0	7316	direct_cross_endpoint
A0A2I3SYM4	P50213	tr|A0A2I3SYM4|A0A2I3SYM4_PANTR	sp|P50213|IDH3A_HUMAN	not_scored	FP	tr|A0A2I3SYM4|A0A2I3SYM4_PANTR	sp|O13696|IDH1_SCHPO	sp|O13696|IDH1_SCHPO	0	7316	direct_cross_endpoint
A0A2I3SYM4	P51553	tr|A0A2I3SYM4|A0A2I3SYM4_PANTR	sp|P51553|IDH3G_HUMAN	not_scored	FP	tr|A0A2I3SYM4|A0A2I3SYM4_PANTR	sp|O13696|IDH1_SCHPO	sp|O13696|IDH1_SCHPO	0	7316	direct_cross_endpoint
A0A2I3SYZ2	A1IGU5	tr|A0A2I3SYZ2|A0A2I3SYZ2_PANTR	sp|A1IGU5|ARH37_HUMAN	not_scored	FP	sp|E2RP94|DNMBP_CANLF	sp|A1IGU3|ARH37_RAT	sp|A1IGU3|ARH37_RAT	0	18085	direct_cross_endpoint
A0A2I3SZM0	P51508	tr|A0A2I3SZM0|A0A2I3SZM0_PANTR	sp|P51508|ZNF81_HUMAN	not_scored	FP	sp|P51814|ZNF41_HUMAN	sp|P51508|ZNF81_HUMAN	sp|P51508|ZNF81_HUMAN	0	689	direct_cross_endpoint
A0A2I3SZM0	Q9HCZ1	tr|A0A2I3SZM0|A0A2I3SZM0_PANTR	sp|Q9HCZ1|ZN334_HUMAN	not_scored	FP	sp|P51814|ZNF41_HUMAN	sp|Q9HCZ1|ZN334_HUMAN	sp|P51508|ZNF81_HUMAN	1	34338	direct_cross_endpoint
A0A2I3T077	Q9ULC6	tr|A0A2I3T077|A0A2I3T077_PANTR	sp|Q9ULC6|PADI1_HUMAN	not_scored	FP	sp|Q6TGC4|PADI6_HUMAN	sp|O88806|PADI1_RAT	sp|O88806|PADI1_RAT	0	190	direct_cross_endpoint
A0A2I3T077	Q9ULW8	tr|A0A2I3T077|A0A2I3T077_PANTR	sp|Q9ULW8|PADI3_HUMAN	not_scored	FP	sp|Q6TGC4|PADI6_HUMAN	sp|O88806|PADI1_RAT	sp|O88806|PADI1_RAT	0	190	direct_cross_endpoint
A0A2I3T077	Q9UM07	tr|A0A2I3T077|A0A2I3T077_PANTR	sp|Q9UM07|PADI4_HUMAN	not_scored	FP	sp|Q6TGC4|PADI6_HUMAN	sp|O88806|PADI1_RAT	sp|O88806|PADI1_RAT	0	190	direct_cross_endpoint
A0A2I3T077	Q9Y2J8	tr|A0A2I3T077|A0A2I3T077_PANTR	sp|Q9Y2J8|PADI2_HUMAN	not_scored	FP	sp|Q6TGC4|PADI6_HUMAN	sp|O88806|PADI1_RAT	sp|O88806|PADI1_RAT	0	190	direct_cross_endpoint
A0A2I3T079	P48634	tr|A0A2I3T079|A0A2I3T079_PANTR	sp|P48634|PRC2A_HUMAN	not_scored	FP	sp|Q3TLH4|PRC2C_MOUSE	sp|P48634|PRC2A_HUMAN	sp|P48634|PRC2A_HUMAN	0	3510	direct_cross_endpoint
A0A2I3T079	Q5JSZ5	tr|A0A2I3T079|A0A2I3T079_PANTR	sp|Q5JSZ5|PRC2B_HUMAN	not_scored	FP	sp|Q3TLH4|PRC2C_MOUSE	sp|P48634|PRC2A_HUMAN	sp|P48634|PRC2A_HUMAN	0	3510	direct_cross_endpoint
A0A2I3T096	O95428	tr|A0A2I3T096|A0A2I3T096_PANTR	sp|O95428|PPN_HUMAN	not_scored	FP	sp|P82987|ATL3_HUMAN	sp|O95428|PPN_HUMAN	sp|O95428|PPN_HUMAN	0	6693	direct_cross_endpoint
A0A2I3T0G4	O75128	tr|A0A2I3T0G4|A0A2I3T0G4_PANTR	sp|O75128|COBL_HUMAN	not_scored	FP	sp|Q3UMF0|COBL1_MOUSE	sp|D3ZUI5|COBL_RAT	sp|D3ZUI5|COBL_RAT	0	12153	direct_cross_endpoint
A0A2I3T0R4	Q53SF7	tr|A0A2I3T0R4|A0A2I3T0R4_PANTR	sp|Q53SF7|COBL1_HUMAN	not_scored	FP	sp|D3ZUI5|COBL_RAT	sp|Q3UMF0|COBL1_MOUSE	sp|D3ZUI5|COBL_RAT	0	12153	direct_cross_endpoint
A0A2I3T1R7	Q96KN8	tr|A0A2I3T1R7|A0A2I3T1R7_PANTR	sp|Q96KN8|PLAT5_HUMAN	not_scored	FP	sp|D2KX21|PLAT1_RAT	sp|Q4KLN5|PLAT5_RAT	sp|D2KX21|PLAT1_RAT	0	4167	direct_cross_endpoint
A0A2I3T342	Q8N5V2	tr|A0A2I3T342|A0A2I3T342_PANTR	sp|Q8N5V2|NGEF_HUMAN	not_scored	FP	sp|O88387|FGD4_RAT	sp|Q5BKC9|NGEF_RAT	sp|O88387|FGD4_RAT	0	16529	direct_cross_endpoint
A0A2I3T3J5	Q8TD22	tr|A0A2I3T3J5|A0A2I3T3J5_PANTR	sp|Q8TD22|SFXN5_HUMAN	not_scored	FP	sp|A8E7G5|SFXN4_DANRE	sp|A6QP55|SFXN3_BOVIN	sp|A6QP55|SFXN3_BOVIN	0	2333	direct_cross_endpoint
A0A2I3T3J5	Q96NB2	tr|A0A2I3T3J5|A0A2I3T3J5_PANTR	sp|Q96NB2|SFXN2_HUMAN	not_scored	FP	sp|A8E7G5|SFXN4_DANRE	sp|A6QP55|SFXN3_BOVIN	sp|A6QP55|SFXN3_BOVIN	0	2333	direct_cross_endpoint
A0A2I3T3J5	Q9BWM7	tr|A0A2I3T3J5|A0A2I3T3J5_PANTR	sp|Q9BWM7|SFXN3_HUMAN	not_scored	FP	sp|A8E7G5|SFXN4_DANRE	sp|A6QP55|SFXN3_BOVIN	sp|A6QP55|SFXN3_BOVIN	0	2333	direct_cross_endpoint
A0A2I3T3J5	Q9H9B4	tr|A0A2I3T3J5|A0A2I3T3J5_PANTR	sp|Q9H9B4|SFXN1_HUMAN	not_scored	FP	sp|A8E7G5|SFXN4_DANRE	sp|A6QP55|SFXN3_BOVIN	sp|A6QP55|SFXN3_BOVIN	0	2333	direct_cross_endpoint
A0A2I3T4Q1	P55344	tr|A0A2I3T4Q1|A0A2I3T4Q1_PANTR	sp|P55344|LMIP_HUMAN	not_scored	FP	sp|Q16617|NKG7_HUMAN	sp|P20274|LMIP_BOVIN	sp|P20274|LMIP_BOVIN	0	4567	direct_cross_endpoint
A0A2I3T4Q1	Q8NHS1	tr|A0A2I3T4Q1|A0A2I3T4Q1_PANTR	sp|Q8NHS1|CLDN2_HUMAN	not_scored	FP	sp|Q16617|NKG7_HUMAN	sp|Q8NHS1|CLDN2_HUMAN	sp|P20274|LMIP_BOVIN	0		transitive_union
A0A2I3T5C1	Q6UWB4	tr|A0A2I3T5C1|A0A2I3T5C1_PANTR	sp|Q6UWB4|PRS55_HUMAN	not_scored	FP	sp|A1L453|PRS38_HUMAN	sp|Q14BX2|PRS55_MOUSE	sp|A1L453|PRS38_HUMAN	0	885	direct_cross_endpoint
A0A2I3T5K5	B7Z1M9	tr|A0A2I3T5K5|A0A2I3T5K5_PANTR	sp|B7Z1M9|C2D4D_HUMAN	not_scored	FP	sp|A6NLJ0|C2C4B_HUMAN	sp|B7Z1M9|C2D4D_HUMAN	sp|A6NLJ0|C2C4B_HUMAN	0	3049	direct_cross_endpoint
A0A2I3T6U8	O43665	tr|A0A2I3T6U8|A0A2I3T6U8_PANTR	sp|O43665|RGS10_HUMAN	not_scored	FP	sp|O08849|RGS2_MOUSE	sp|O43665|RGS10_HUMAN	sp|O08849|RGS2_MOUSE	0	4681	direct_cross_endpoint
A0A2I3T6U8	P49796	tr|A0A2I3T6U8|A0A2I3T6U8_PANTR	sp|P49796|RGS3_HUMAN	not_scored	FP	sp|O08849|RGS2_MOUSE	sp|P49796|RGS3_HUMAN	sp|O08849|RGS2_MOUSE	1	38262	direct_cross_endpoint
A0A2I3T6U8	Q9NS28	tr|A0A2I3T6U8|A0A2I3T6U8_PANTR	sp|Q9NS28|RGS18_HUMAN	not_scored	FP	sp|O08849|RGS2_MOUSE	sp|Q4L0E8|RGS18_RAT	sp|O08849|RGS2_MOUSE	0	3356	direct_cross_endpoint
A0A2I3T7A9	A6NFN3	tr|A0A2I3T7A9|A0A2I3T7A9_PANTR	sp|A6NFN3|RFOX3_HUMAN	not_scored	FP	tr|A0A2I2ZER1|A0A2I2ZER1_GORGO	sp|A1A5R1|RFOX2_RAT	sp|A1A5R1|RFOX2_RAT	0	7228	direct_cross_endpoint
A0A2I3T7A9	O43251	tr|A0A2I3T7A9|A0A2I3T7A9_PANTR	sp|O43251|RFOX2_HUMAN	not_scored	FP	tr|A0A2I2ZER1|A0A2I2ZER1_GORGO	sp|A1A5R1|RFOX2_RAT	sp|A1A5R1|RFOX2_RAT	0	7228	direct_cross_endpoint
A0A2I3T7A9	Q9NWB1	tr|A0A2I3T7A9|A0A2I3T7A9_PANTR	sp|Q9NWB1|RFOX1_HUMAN	FN	TP	tr|A0A2I2ZER1|A0A2I2ZER1_GORGO	sp|A1A5R1|RFOX2_RAT	sp|A1A5R1|RFOX2_RAT	0	7228	direct_cross_endpoint
A0A2I3T8F4	Q6PEW0	tr|A0A2I3T8F4|A0A2I3T8F4_PANTR	sp|Q6PEW0|PRS54_HUMAN	not_scored	FP	sp|P10323|ACRO_HUMAN	sp|Q6AY28|PRS54_RAT	sp|P10323|ACRO_HUMAN	0	10720	direct_cross_endpoint
A0A2I3T8H1	Q13291	tr|A0A2I3T8H1|A0A2I3T8H1_PANTR	sp|Q13291|SLAF1_HUMAN	not_scored	FP	sp|Q18PI6|SLAF5_MOUSE	sp|Q13291|SLAF1_HUMAN	sp|Q01965|LY9_MOUSE	0	10147	direct_cross_endpoint
A0A2I3T8H1	Q96A28	tr|A0A2I3T8H1|A0A2I3T8H1_PANTR	sp|Q96A28|SLAF9_HUMAN	not_scored	FP	sp|Q18PI6|SLAF5_MOUSE	sp|Q96A28|SLAF9_HUMAN	sp|Q01965|LY9_MOUSE	0	5525	direct_cross_endpoint
A0A2I3T8H1	Q9HBG7	tr|A0A2I3T8H1|A0A2I3T8H1_PANTR	sp|Q9HBG7|LY9_HUMAN	not_scored	FP	sp|Q18PI6|SLAF5_MOUSE	sp|Q01965|LY9_MOUSE	sp|Q01965|LY9_MOUSE	0	12488	direct_cross_endpoint
A0A2I3T8I1	O75445	tr|A0A2I3T8I1|A0A2I3T8I1_PANTR	sp|O75445|USH2A_HUMAN	not_scored	FP	sp|O15230|LAMA5_HUMAN	sp|O75445|USH2A_HUMAN	sp|O15230|LAMA5_HUMAN	0	13546	direct_cross_endpoint
A0A2I3T8Q1	Q5T6C5	tr|A0A2I3T8Q1|A0A2I3T8Q1_PANTR	sp|Q5T6C5|AT7L2_HUMAN	not_scored	FP	sp|O15265|ATX7_HUMAN	sp|Q5T6C5|AT7L2_HUMAN	sp|O15265|ATX7_HUMAN	0	6134	direct_cross_endpoint
A0A2I3T932	P30050	tr|A0A2I3T932|A0A2I3T932_PANTR	sp|P30050|RL12_HUMAN	FN	TP	tr|A0A2I2Y4J8|A0A2I2Y4J8_GORGO	sp|E2RR58|RL12_CANLF	sp|E2RR58|RL12_CANLF	0	5849	direct_cross_endpoint
A0A2I3T9M4	Q9NS39	tr|A0A2I3T9M4|A0A2I3T9M4_PANTR	sp|Q9NS39|RED2_HUMAN	not_scored	FP	sp|P55265|DSRAD_HUMAN	sp|P51400|RED1_RAT	sp|P51400|RED1_RAT	0	6626	direct_cross_endpoint
A0A2I3T9P7	Q96T54	tr|A0A2I3T9P7|A0A2I3T9P7_PANTR	sp|Q96T54|KCNKH_HUMAN	not_scored	FP	sp|G3V8V5|KCNK4_RAT	sp|Q96T54|KCNKH_HUMAN	sp|G3V8V5|KCNK4_RAT	0	3735	direct_cross_endpoint
A0A2I3TAE7	O43665	tr|A0A2I3TAE7|A0A2I3TAE7_PANTR	sp|O43665|RGS10_HUMAN	not_scored	FP	sp|O08849|RGS2_MOUSE	sp|O43665|RGS10_HUMAN	sp|O08849|RGS2_MOUSE	0	4681	direct_cross_endpoint
A0A2I3TAE7	P49796	tr|A0A2I3TAE7|A0A2I3TAE7_PANTR	sp|P49796|RGS3_HUMAN	not_scored	FP	sp|O08849|RGS2_MOUSE	sp|P49796|RGS3_HUMAN	sp|O08849|RGS2_MOUSE	1	38262	direct_cross_endpoint
A0A2I3TAE7	Q9NS28	tr|A0A2I3TAE7|A0A2I3TAE7_PANTR	sp|Q9NS28|RGS18_HUMAN	not_scored	FP	sp|O08849|RGS2_MOUSE	sp|Q4L0E8|RGS18_RAT	sp|O08849|RGS2_MOUSE	0	3356	direct_cross_endpoint
A0A2I3TAT3	P35663	tr|A0A2I3TAT3|A0A2I3TAT3_PANTR	sp|P35663|CYLC1_HUMAN	not_scored	FP	sp|O14319|CUE5_SCHPO	sp|P35662|CYLC1_BOVIN	sp|A2VD23|STM_DANRE	0	2694	direct_cross_endpoint
A0A2I3TBC6	Q0VDD8	tr|A0A2I3TBC6|A0A2I3TBC6_PANTR	sp|Q0VDD8|DYH14_HUMAN	FN	TP	sp|E9Q8T7|DYH1_MOUSE	sp|Q0VDD8|DYH14_HUMAN	sp|E9Q8T7|DYH1_MOUSE	1	35202	direct_cross_endpoint
A0A2I3TBL9	O95153	tr|A0A2I3TBL9|A0A2I3TBL9_PANTR	sp|O95153|RIMB1_HUMAN	not_scored	FP	sp|O15034|RIMB2_HUMAN	sp|O95153|RIMB1_HUMAN	sp|O15034|RIMB2_HUMAN	0	15655	direct_cross_endpoint
A0A2I3TCX2	Q8N3K9	tr|A0A2I3TCX2|A0A2I3TCX2_PANTR	sp|Q8N3K9|CMYA5_HUMAN	not_scored	FP	sp|A1L4K1|FSD2_HUMAN	sp|Q70KF4|CMYA5_MOUSE	sp|A1L4K1|FSD2_HUMAN	1	39101	direct_cross_endpoint
A0A2I3TDI8	B5MCY1	tr|A0A2I3TDI8|A0A2I3TDI8_PANTR	sp|B5MCY1|TDR15_HUMAN	not_scored	FP	sp|F1R237|TDRD6_DANRE	sp|B5MCY1|TDR15_HUMAN	sp|B5MCY1|TDR15_HUMAN	0	10784	direct_cross_endpoint
A0A2I3TDN9	Q8N9C0	tr|A0A2I3TDN9|A0A2I3TDN9_PANTR	sp|Q8N9C0|IGS22_HUMAN	not_scored	FP	sp|O70468|MYPC3_MOUSE	sp|Q8N9C0|IGS22_HUMAN	sp|O70468|MYPC3_MOUSE	0	13809	direct_cross_endpoint
A0A2I3TDY1	Q8N3G9	tr|A0A2I3TDY1|A0A2I3TDY1_PANTR	sp|Q8N3G9|TM130_HUMAN	not_scored	FP	sp|Q14956|GPNMB_HUMAN	sp|Q6NXM3|TM130_MOUSE	sp|Q14956|GPNMB_HUMAN	0	26362	direct_cross_endpoint
A0A2I3TEU3	Q9H1Z9	tr|A0A2I3TEU3|A0A2I3TEU3_PANTR	sp|Q9H1Z9|TSN10_HUMAN	not_scored	FP	sp|F7BWT7|TSN15_MOUSE	sp|Q8VCF5|TSN10_MOUSE	sp|F7BWT7|TSN15_MOUSE	0	2106	direct_cross_endpoint
A0A2I3TEW5	A0A5F4CHA4	tr|A0A2I3TEW5|A0A2I3TEW5_PANTR	tr|A0A5F4CHA4|A0A5F4CHA4_CANLF	FN	TP	sp|A7EAA1|MTAP_SCLS1	tr|A0A5F4CHA4|A0A5F4CHA4_CANLF	sp|A7EAA1|MTAP_SCLS1	0	12259	direct_cross_endpoint
A0A2I3TFA7	P17213	tr|A0A2I3TFA7|A0A2I3TFA7_PANTR	sp|P17213|BPI_HUMAN	not_scored	FP	sp|P11597|CETP_HUMAN	sp|P17213|BPI_HUMAN	sp|P11597|CETP_HUMAN	0	14011	direct_cross_endpoint
A0A2I3TFA7	P18428	tr|A0A2I3TFA7|A0A2I3TFA7_PANTR	sp|P18428|LBP_HUMAN	not_scored	FP	sp|P11597|CETP_HUMAN	sp|P17213|BPI_HUMAN	sp|P11597|CETP_HUMAN	0	14011	direct_cross_endpoint
A0A2I3TFA7	P55058	tr|A0A2I3TFA7|A0A2I3TFA7_PANTR	sp|P55058|PLTP_HUMAN	not_scored	FP	sp|P11597|CETP_HUMAN	sp|P55058|PLTP_HUMAN	sp|P11597|CETP_HUMAN	0		transitive_union
A0A2I3TFA7	Q8NFQ6	tr|A0A2I3TFA7|A0A2I3TFA7_PANTR	sp|Q8NFQ6|BPIFC_HUMAN	not_scored	FP	sp|P11597|CETP_HUMAN	sp|P17213|BPI_HUMAN	sp|P11597|CETP_HUMAN	0	14011	direct_cross_endpoint
A0A2I3TFY9	Q8WVD3	tr|A0A2I3TFY9|A0A2I3TFY9_PANTR	sp|Q8WVD3|RN138_HUMAN	not_scored	FP	sp|Q96EQ8|RN125_HUMAN	sp|Q32LN5|RN138_BOVIN	sp|Q32LN5|RN138_BOVIN	0	4161	direct_cross_endpoint
A0A2I3TFY9	Q96A37	tr|A0A2I3TFY9|A0A2I3TFY9_PANTR	sp|Q96A37|RN166_HUMAN	not_scored	FP	sp|Q96EQ8|RN125_HUMAN	sp|Q32LN5|RN138_BOVIN	sp|Q32LN5|RN138_BOVIN	0	4161	direct_cross_endpoint
A0A2I3TFY9	Q9Y508	tr|A0A2I3TFY9|A0A2I3TFY9_PANTR	sp|Q9Y508|RN114_HUMAN	not_scored	FP	sp|Q96EQ8|RN125_HUMAN	sp|Q32LN5|RN138_BOVIN	sp|Q32LN5|RN138_BOVIN	0	4161	direct_cross_endpoint
A0A2I3TG93	Q96LX8	tr|A0A2I3TG93|A0A2I3TG93_PANTR	sp|Q96LX8|ZN597_HUMAN	not_scored	FP	sp|O35738|KLF12_MOUSE	sp|Q96LX8|ZN597_HUMAN	sp|O35738|KLF12_MOUSE	0	2077	direct_cross_endpoint
A0A2I3TGY7	P35637	tr|A0A2I3TGY7|A0A2I3TGY7_PANTR	sp|P35637|FUS_HUMAN	not_scored	FP	sp|Q01844|EWS_HUMAN	sp|P35637|FUS_HUMAN	sp|P35637|FUS_HUMAN	1	34376	direct_cross_endpoint
A0A2I3THF4	P28290	tr|A0A2I3THF4|A0A2I3THF4_PANTR	sp|P28290|ITPI2_HUMAN	not_scored	FP	sp|Q14B48|ITPI1_MOUSE	sp|P28290|ITPI2_HUMAN	sp|P28290|ITPI2_HUMAN	0	22303	direct_cross_endpoint
A0A2I3TIH4	Q8IU68	tr|A0A2I3TIH4|A0A2I3TIH4_PANTR	sp|Q8IU68|TMC8_HUMAN	not_scored	FP	sp|Q496Z4|TMC4_RAT	sp|Q7TN58|TMC8_MOUSE	sp|Q496Z4|TMC4_RAT	0	5681	direct_cross_endpoint
A0A2I3TIQ6	A0A3Q1LZT1	tr|A0A2I3TIQ6|A0A2I3TIQ6_PANTR	tr|A0A3Q1LZT1|A0A3Q1LZT1_BOVIN	FN	TP	tr|A0A2I2ZN31|A0A2I2ZN31_GORGO	sp|O14795|UN13B_HUMAN	sp|O14795|UN13B_HUMAN	0	13203	direct_cross_endpoint
A0A2I3TIQ6	O14795	tr|A0A2I3TIQ6|A0A2I3TIQ6_PANTR	sp|O14795|UN13B_HUMAN	FN	TP	tr|A0A2I2ZN31|A0A2I2ZN31_GORGO	sp|O14795|UN13B_HUMAN	sp|O14795|UN13B_HUMAN	0	13203	direct_cross_endpoint
A0A2I3TIQ6	Q9UPW8	tr|A0A2I3TIQ6|A0A2I3TIQ6_PANTR	sp|Q9UPW8|UN13A_HUMAN	not_scored	FP	tr|A0A2I2ZN31|A0A2I2ZN31_GORGO	sp|O14795|UN13B_HUMAN	sp|O14795|UN13B_HUMAN	0	13203	direct_cross_endpoint
A0A2I3TIT2	P42226	tr|A0A2I3TIT2|A0A2I3TIT2_PANTR	sp|P42226|STAT6_HUMAN	not_scored	FP	sp|P40763|STAT3_HUMAN	sp|P42226|STAT6_HUMAN	sp|P40763|STAT3_HUMAN	0	9598	direct_cross_endpoint
A0A2I3TJ62	Q0VDD7	tr|A0A2I3TJ62|A0A2I3TJ62_PANTR	sp|Q0VDD7|CS057_HUMAN	not_scored	FP	sp|Q7TQ48|SRCA_MOUSE	sp|Q0VDD7|CS057_HUMAN	sp|Q0VDD7|CS057_HUMAN	0	33662	direct_cross_endpoint
A0A2I3TJA2	Q96AC6	tr|A0A2I3TJA2|A0A2I3TJA2_PANTR	sp|Q96AC6|KIFC2_HUMAN	not_scored	FP	sp|A3BFT0|KN14N_ORYSJ	sp|O08672|KIFC2_MOUSE	sp|A3BFT0|KN14N_ORYSJ	0	4565	direct_cross_endpoint
A0A2I3TJG3	Q17RP2	tr|A0A2I3TJG3|A0A2I3TJG3_PANTR	sp|Q17RP2|TIGD6_HUMAN	not_scored	FP	sp|B1WC39|TIGD5_RAT	sp|B2RRL2|JERKL_MOUSE	sp|B1WC39|TIGD5_RAT	0	10249	direct_cross_endpoint
A0A2I3TJG3	Q6B0B8	tr|A0A2I3TJG3|A0A2I3TJG3_PANTR	sp|Q6B0B8|TIGD3_HUMAN	not_scored	FP	sp|B1WC39|TIGD5_RAT	sp|B2RRL2|JERKL_MOUSE	sp|B1WC39|TIGD5_RAT	0	10249	direct_cross_endpoint
A0A2I3TJG3	Q6NT04	tr|A0A2I3TJG3|A0A2I3TJG3_PANTR	sp|Q6NT04|TIGD7_HUMAN	not_scored	FP	sp|B1WC39|TIGD5_RAT	sp|B2RRL2|JERKL_MOUSE	sp|B1WC39|TIGD5_RAT	0	10249	direct_cross_endpoint
A0A2I3TJG3	Q8IY51	tr|A0A2I3TJG3|A0A2I3TJG3_PANTR	sp|Q8IY51|TIGD4_HUMAN	not_scored	FP	sp|B1WC39|TIGD5_RAT	sp|B2RRL2|JERKL_MOUSE	sp|B1WC39|TIGD5_RAT	0	10249	direct_cross_endpoint
A0A2I3TJQ1	Q96JQ2	tr|A0A2I3TJQ1|A0A2I3TJQ1_PANTR	sp|Q96JQ2|CLMN_HUMAN	not_scored	FP	sp|A5D7D1|ACTN4_BOVIN	sp|Q8C5W0|CLMN_MOUSE	sp|A5D7D1|ACTN4_BOVIN	0	8044	direct_cross_endpoint
A0A2I3TKB1	Q9H1B4	tr|A0A2I3TKB1|A0A2I3TKB1_PANTR	sp|Q9H1B4|NXF5_HUMAN	not_scored	FP	sp|O88984|NXF1_RAT	sp|Q9H1B4|NXF5_HUMAN	sp|O88984|NXF1_RAT	0	7196	direct_cross_endpoint
A0A2I3TLP4	Q7LBC6	tr|A0A2I3TLP4|A0A2I3TLP4_PANTR	sp|Q7LBC6|KDM3B_HUMAN	not_scored	FP	sp|O43593|HAIR_HUMAN	sp|Q5ZIX8|KDM3A_CHICK	sp|O43593|HAIR_HUMAN	0	14636	direct_cross_endpoint
A0A2I3TLP4	Q9Y4C1	tr|A0A2I3TLP4|A0A2I3TLP4_PANTR	sp|Q9Y4C1|KDM3A_HUMAN	not_scored	FP	sp|O43593|HAIR_HUMAN	sp|Q5ZIX8|KDM3A_CHICK	sp|O43593|HAIR_HUMAN	0	14636	direct_cross_endpoint
A0A2I3TLW2	Q6UXX5	tr|A0A2I3TLW2|A0A2I3TLW2_PANTR	sp|Q6UXX5|ITIH6_HUMAN	not_scored	FP	sp|A2VE29|ITIH5_BOVIN	sp|Q6UXX5|ITIH6_HUMAN	sp|A2VE29|ITIH5_BOVIN	0	15750	direct_cross_endpoint
A0A2I3TM40	E2QWV5	tr|A0A2I3TM40|A0A2I3TM40_PANTR	tr|E2QWV5|E2QWV5_CANLF	FN	TP	sp|D0QMC3|MNDAL_MOUSE	tr|E2QWV5|E2QWV5_CANLF	sp|D0QMC3|MNDAL_MOUSE	0	9248	direct_cross_endpoint
A0A2I3TM40	Q16666	tr|A0A2I3TM40|A0A2I3TM40_PANTR	sp|Q16666|IF16_HUMAN	not_scored	FP	sp|D0QMC3|MNDAL_MOUSE	sp|Q16666|IF16_HUMAN	sp|D0QMC3|MNDAL_MOUSE	0	4330	direct_cross_endpoint
A0A2I3TMB8	Q5VWT5	tr|A0A2I3TMB8|A0A2I3TMB8_PANTR	sp|Q5VWT5|FYB2_HUMAN	not_scored	FP	sp|D3ZIE4|FYB1_RAT	sp|A2A995|FYB2_MOUSE	sp|A2A995|FYB2_MOUSE	0	19094	direct_cross_endpoint
A0A2I3TMM1	P98073	tr|A0A2I3TMM1|A0A2I3TMM1_PANTR	sp|P98073|ENTK_HUMAN	not_scored	FP	sp|P03951|FA11_HUMAN	sp|P97435|ENTK_MOUSE	sp|P03951|FA11_HUMAN	0	1860	direct_cross_endpoint
A0A2I3TMP2	E1BBP5	tr|A0A2I3TMP2|A0A2I3TMP2_PANTR	tr|E1BBP5|E1BBP5_BOVIN	not_scored	FP	sp|P0C673|IGS11_MOUSE	sp|P0DPA2|VSIG8_HUMAN	sp|P0C673|IGS11_MOUSE	0	3161	direct_cross_endpoint
A0A2I3TMP2	P0DPA2	tr|A0A2I3TMP2|A0A2I3TMP2_PANTR	sp|P0DPA2|VSIG8_HUMAN	not_scored	FP	sp|P0C673|IGS11_MOUSE	sp|P0DPA2|VSIG8_HUMAN	sp|P0C673|IGS11_MOUSE	0	3161	direct_cross_endpoint
A0A2I3TMP2	Q86YT9	tr|A0A2I3TMP2|A0A2I3TMP2_PANTR	sp|Q86YT9|JAML_HUMAN	not_scored	FP	sp|P0C673|IGS11_MOUSE	sp|Q80UL9|JAML_MOUSE	sp|P0C673|IGS11_MOUSE	0	23272	direct_cross_endpoint
A0A2I3TN57	A8MVW5	tr|A0A2I3TN57|A0A2I3TN57_PANTR	sp|A8MVW5|HECA2_HUMAN	not_scored	FP	sp|O75871|CEAM4_HUMAN	sp|A6QQC6|HECA2_BOVIN	sp|A6QQC6|HECA2_BOVIN	1	35687	direct_cross_endpoint
A0A2I3TN57	Q2WEN9	tr|A0A2I3TN57|A0A2I3TN57_PANTR	sp|Q2WEN9|CEA16_HUMAN	not_scored	FP	sp|O75871|CEAM4_HUMAN	sp|D3ZQE1|CEA16_RAT	sp|A6QQC6|HECA2_BOVIN	0	8485	direct_cross_endpoint
A0A2I3TN57	Q7Z692	tr|A0A2I3TN57|A0A2I3TN57_PANTR	sp|Q7Z692|CEA19_HUMAN	not_scored	FP	sp|O75871|CEAM4_HUMAN	sp|Q7Z692|CEA19_HUMAN	sp|A6QQC6|HECA2_BOVIN	1	35797	direct_cross_endpoint
A0A2I3TN69	P61278	tr|A0A2I3TN69|A0A2I3TN69_PANTR	sp|P61278|SMS_HUMAN	not_scored	FP	sp|O00230|CORT_HUMAN	sp|P26917|SMS_BOVIN	sp|O00230|CORT_HUMAN	1	35498	direct_cross_endpoint
A0A2I3TN73	O43665	tr|A0A2I3TN73|A0A2I3TN73_PANTR	sp|O43665|RGS10_HUMAN	not_scored	FP	sp|O08849|RGS2_MOUSE	sp|O43665|RGS10_HUMAN	sp|O08849|RGS2_MOUSE	0	4681	direct_cross_endpoint
A0A2I3TN73	P49796	tr|A0A2I3TN73|A0A2I3TN73_PANTR	sp|P49796|RGS3_HUMAN	not_scored	FP	sp|O08849|RGS2_MOUSE	sp|P49796|RGS3_HUMAN	sp|O08849|RGS2_MOUSE	1	38262	direct_cross_endpoint
A0A2I3TN73	Q9NS28	tr|A0A2I3TN73|A0A2I3TN73_PANTR	sp|Q9NS28|RGS18_HUMAN	not_scored	FP	sp|O08849|RGS2_MOUSE	sp|Q4L0E8|RGS18_RAT	sp|O08849|RGS2_MOUSE	0	3356	direct_cross_endpoint
A0A2I3TN80	Q0VDD8	tr|A0A2I3TN80|A0A2I3TN80_PANTR	sp|Q0VDD8|DYH14_HUMAN	not_scored	FP	sp|E9Q8T7|DYH1_MOUSE	sp|Q0VDD8|DYH14_HUMAN	sp|E9Q8T7|DYH1_MOUSE	1	35202	direct_cross_endpoint
A0A2I3TNB4	P41238	tr|A0A2I3TNB4|A0A2I3TNB4_PANTR	sp|P41238|ABEC1_HUMAN	not_scored	FP	sp|P31941|ABC3A_HUMAN	sp|P38483|ABEC1_RAT	sp|P31941|ABC3A_HUMAN	0	10884	direct_cross_endpoint
A0A2I3TNY5	P42226	tr|A0A2I3TNY5|A0A2I3TNY5_PANTR	sp|P42226|STAT6_HUMAN	not_scored	FP	sp|P40763|STAT3_HUMAN	sp|P42226|STAT6_HUMAN	sp|P40763|STAT3_HUMAN	0	9598	direct_cross_endpoint
A0A2I3TP13	O75871	tr|A0A2I3TP13|A0A2I3TP13_PANTR	sp|O75871|CEAM4_HUMAN	not_scored	FP	sp|A6QQC6|HECA2_BOVIN	sp|O75871|CEAM4_HUMAN	sp|A6QQC6|HECA2_BOVIN	1	35687	direct_cross_endpoint
A0A2I3TP13	P06731	tr|A0A2I3TP13|A0A2I3TP13_PANTR	sp|P06731|CEAM5_HUMAN	not_scored	FP	sp|A6QQC6|HECA2_BOVIN	sp|O75871|CEAM4_HUMAN	sp|A6QQC6|HECA2_BOVIN	1	35687	direct_cross_endpoint
A0A2I3TP13	P11465	tr|A0A2I3TP13|A0A2I3TP13_PANTR	sp|P11465|PSG2_HUMAN	not_scored	FP	sp|A6QQC6|HECA2_BOVIN	sp|O75871|CEAM4_HUMAN	sp|A6QQC6|HECA2_BOVIN	1	35687	direct_cross_endpoint
A0A2I3TP13	P13688	tr|A0A2I3TP13|A0A2I3TP13_PANTR	sp|P13688|CEAM1_HUMAN	not_scored	FP	sp|A6QQC6|HECA2_BOVIN	sp|O75871|CEAM4_HUMAN	sp|A6QQC6|HECA2_BOVIN	1	35687	direct_cross_endpoint
A0A2I3TP13	P31997	tr|A0A2I3TP13|A0A2I3TP13_PANTR	sp|P31997|CEAM8_HUMAN	not_scored	FP	sp|A6QQC6|HECA2_BOVIN	sp|O75871|CEAM4_HUMAN	sp|A6QQC6|HECA2_BOVIN	1	35687	direct_cross_endpoint
A0A2I3TP13	P40198	tr|A0A2I3TP13|A0A2I3TP13_PANTR	sp|P40198|CEAM3_HUMAN	not_scored	FP	sp|A6QQC6|HECA2_BOVIN	sp|O75871|CEAM4_HUMAN	sp|A6QQC6|HECA2_BOVIN	1	35687	direct_cross_endpoint
A0A2I3TP13	P40199	tr|A0A2I3TP13|A0A2I3TP13_PANTR	sp|P40199|CEAM6_HUMAN	not_scored	FP	sp|A6QQC6|HECA2_BOVIN	sp|O75871|CEAM4_HUMAN	sp|A6QQC6|HECA2_BOVIN	1	35687	direct_cross_endpoint
A0A2I3TP13	Q00887	tr|A0A2I3TP13|A0A2I3TP13_PANTR	sp|Q00887|PSG9_HUMAN	not_scored	FP	sp|A6QQC6|HECA2_BOVIN	sp|O75871|CEAM4_HUMAN	sp|A6QQC6|HECA2_BOVIN	1	35687	direct_cross_endpoint
A0A2I3TP13	Q14002	tr|A0A2I3TP13|A0A2I3TP13_PANTR	sp|Q14002|CEAM7_HUMAN	not_scored	FP	sp|A6QQC6|HECA2_BOVIN	sp|O75871|CEAM4_HUMAN	sp|A6QQC6|HECA2_BOVIN	1	35687	direct_cross_endpoint
A0A2I3TP13	Q2WEN9	tr|A0A2I3TP13|A0A2I3TP13_PANTR	sp|Q2WEN9|CEA16_HUMAN	not_scored	FP	sp|A6QQC6|HECA2_BOVIN	sp|D3ZQE1|CEA16_RAT	sp|A6QQC6|HECA2_BOVIN	1	35687	direct_cross_endpoint
A0A2I3TP13	Q7Z692	tr|A0A2I3TP13|A0A2I3TP13_PANTR	sp|Q7Z692|CEA19_HUMAN	not_scored	FP	sp|A6QQC6|HECA2_BOVIN	sp|Q7Z692|CEA19_HUMAN	sp|A6QQC6|HECA2_BOVIN	1		transitive_union
A0A2I3TPR1	A0A3Q1LFQ5	tr|A0A2I3TPR1|A0A2I3TPR1_PANTR	tr|A0A3Q1LFQ5|A0A3Q1LFQ5_BOVIN	not_scored	FP	sp|O15085|ARHGB_HUMAN	sp|Q61210|ARHG1_MOUSE	sp|O15085|ARHGB_HUMAN	0	9195	direct_cross_endpoint
A0A2I3TPR1	Q92888	tr|A0A2I3TPR1|A0A2I3TPR1_PANTR	sp|Q92888|ARHG1_HUMAN	not_scored	FP	sp|O15085|ARHGB_HUMAN	sp|Q61210|ARHG1_MOUSE	sp|O15085|ARHGB_HUMAN	0	9195	direct_cross_endpoint
A0A2I3TQ75	A8MVW5	tr|A0A2I3TQ75|A0A2I3TQ75_PANTR	sp|A8MVW5|HECA2_HUMAN	not_scored	FP	sp|O75871|CEAM4_HUMAN	sp|A6QQC6|HECA2_BOVIN	sp|A6QQC6|HECA2_BOVIN	1	35687	direct_cross_endpoint
A0A2I3TQ75	Q2WEN9	tr|A0A2I3TQ75|A0A2I3TQ75_PANTR	sp|Q2WEN9|CEA16_HUMAN	not_scored	FP	sp|O75871|CEAM4_HUMAN	sp|D3ZQE1|CEA16_RAT	sp|A6QQC6|HECA2_BOVIN	0	8485	direct_cross_endpoint
A0A2I3TQ75	Q7Z692	tr|A0A2I3TQ75|A0A2I3TQ75_PANTR	sp|Q7Z692|CEA19_HUMAN	not_scored	FP	sp|O75871|CEAM4_HUMAN	sp|Q7Z692|CEA19_HUMAN	sp|A6QQC6|HECA2_BOVIN	1	35797	direct_cross_endpoint
A0A2I3TQ88	P42226	tr|A0A2I3TQ88|A0A2I3TQ88_PANTR	sp|P42226|STAT6_HUMAN	not_scored	FP	sp|P40763|STAT3_HUMAN	sp|P42226|STAT6_HUMAN	sp|P40763|STAT3_HUMAN	0	9598	direct_cross_endpoint
A0A2I3TQK3	Q96LX8	tr|A0A2I3TQK3|A0A2I3TQK3_PANTR	sp|Q96LX8|ZN597_HUMAN	not_scored	FP	sp|O35738|KLF12_MOUSE	sp|Q96LX8|ZN597_HUMAN	sp|O35738|KLF12_MOUSE	0	2077	direct_cross_endpoint
A0A2I3TQV1	O15083	tr|A0A2I3TQV1|A0A2I3TQV1_PANTR	sp|O15083|ERC2_HUMAN	not_scored	FP	sp|Q8TBY8|PMFBP_HUMAN	sp|O15083|ERC2_HUMAN	sp|O15083|ERC2_HUMAN	0	4451	direct_cross_endpoint
A0A2I3TQV1	Q5M9N0	tr|A0A2I3TQV1|A0A2I3TQV1_PANTR	sp|Q5M9N0|CD158_HUMAN	not_scored	FP	sp|Q8TBY8|PMFBP_HUMAN	sp|Q5M9N0|CD158_HUMAN	sp|O15083|ERC2_HUMAN	0		transitive_union
A0A2I3TQV1	Q8IUD2	tr|A0A2I3TQV1|A0A2I3TQV1_PANTR	sp|Q8IUD2|RB6I2_HUMAN	not_scored	FP	sp|Q8TBY8|PMFBP_HUMAN	sp|O15083|ERC2_HUMAN	sp|O15083|ERC2_HUMAN	0	4451	direct_cross_endpoint
A0A2I3TQV1	Q8NCX0	tr|A0A2I3TQV1|A0A2I3TQV1_PANTR	sp|Q8NCX0|CC150_HUMAN	not_scored	FP	sp|Q8TBY8|PMFBP_HUMAN	sp|Q8CDI7|CC150_MOUSE	sp|O15083|ERC2_HUMAN	1	35301	direct_cross_endpoint
A0A2I3TR70	Q16558	tr|A0A2I3TR70|A0A2I3TR70_PANTR	sp|Q16558|KCMB1_HUMAN	not_scored	FP	sp|A7VL23|KCMB3_RAT	sp|P97678|KCMB1_RAT	sp|A7VL23|KCMB3_RAT	0	8943	direct_cross_endpoint
A0A2I3TRE4	P42226	tr|A0A2I3TRE4|A0A2I3TRE4_PANTR	sp|P42226|STAT6_HUMAN	not_scored	FP	sp|P40763|STAT3_HUMAN	sp|P42226|STAT6_HUMAN	sp|P40763|STAT3_HUMAN	0	9598	direct_cross_endpoint
A0A2I3TRF4	Q6UWB4	tr|A0A2I3TRF4|A0A2I3TRF4_PANTR	sp|Q6UWB4|PRS55_HUMAN	not_scored	FP	sp|A1L453|PRS38_HUMAN	sp|Q14BX2|PRS55_MOUSE	sp|A1L453|PRS38_HUMAN	0	885	direct_cross_endpoint
A0A2I3TRT6	P54922	tr|A0A2I3TRT6|A0A2I3TRT6_PANTR	sp|P54922|ADPRH_HUMAN	not_scored	FP	tr|A0A2I3TRT6|A0A2I3TRT6_PANTR	sp|P54922|ADPRH_HUMAN	sp|P54922|ADPRH_HUMAN	0	32984	direct_cross_endpoint
A0A2I3TRT6	Q8NDY3	tr|A0A2I3TRT6|A0A2I3TRT6_PANTR	sp|Q8NDY3|ARHL1_HUMAN	FN	TP	tr|A0A2I3TRT6|A0A2I3TRT6_PANTR	sp|P54922|ADPRH_HUMAN	sp|P54922|ADPRH_HUMAN	0	32984	direct_cross_endpoint
A0A2I3TSL3	Q92985	tr|A0A2I3TSL3|A0A2I3TSL3_PANTR	sp|Q92985|IRF7_HUMAN	not_scored	FP	sp|O14896|IRF6_HUMAN	sp|P70434|IRF7_MOUSE	sp|O14896|IRF6_HUMAN	0	4707	direct_cross_endpoint
A0A2I3TT00	Q7Z6P3	tr|A0A2I3TT00|A0A2I3TT00_PANTR	sp|Q7Z6P3|RAB44_HUMAN	not_scored	FP	sp|A5WW21|RASEF_DANRE	sp|Q7Z6P3|RAB44_HUMAN	sp|A5WW21|RASEF_DANRE	0	7003	direct_cross_endpoint
A0A2I3TTI2	Q8IZ41	tr|A0A2I3TTI2|A0A2I3TTI2_PANTR	sp|Q8IZ41|RASEF_HUMAN	not_scored	FP	sp|Q7Z6P3|RAB44_HUMAN	sp|A5WW21|RASEF_DANRE	sp|A5WW21|RASEF_DANRE	0	7003	direct_cross_endpoint
A0A2I3TTR7	Q8N823	tr|A0A2I3TTR7|A0A2I3TTR7_PANTR	sp|Q8N823|ZN611_HUMAN	not_scored	FP	sp|A6NHJ4|ZN860_HUMAN	sp|Q8N823|ZN611_HUMAN	sp|A6NHJ4|ZN860_HUMAN	0	1099	direct_cross_endpoint
A0A2I3TTU9	Q13671	tr|A0A2I3TTU9|A0A2I3TTU9_PANTR	sp|Q13671|RIN1_HUMAN	not_scored	FP	sp|P59729|RIN3_MOUSE	sp|P97680|RIN1_RAT	sp|P59729|RIN3_MOUSE	0	14630	direct_cross_endpoint
A0A2I3TTU9	Q6ZS11	tr|A0A2I3TTU9|A0A2I3TTU9_PANTR	sp|Q6ZS11|RINL_HUMAN	not_scored	FP	sp|P59729|RIN3_MOUSE	sp|Q6ZS11|RINL_HUMAN	sp|P59729|RIN3_MOUSE	0	28818	direct_cross_endpoint
A0A2I3TU14	J9NUF9	tr|A0A2I3TU14|A0A2I3TU14_PANTR	tr|J9NUF9|J9NUF9_CANLF	not_scored	FP	sp|P51815|ZN75D_HUMAN	sp|A2T7D7|ZNF24_PANTR	sp|A2T7D7|ZNF24_PANTR	0	2004	direct_cross_endpoint
A0A2I3TU14	O15535	tr|A0A2I3TU14|A0A2I3TU14_PANTR	sp|O15535|ZSC9_HUMAN	not_scored	FP	sp|P51815|ZN75D_HUMAN	sp|A2T7D7|ZNF24_PANTR	sp|A2T7D7|ZNF24_PANTR	0	2004	direct_cross_endpoint
A0A2I3TU14	P17028	tr|A0A2I3TU14|A0A2I3TU14_PANTR	sp|P17028|ZNF24_HUMAN	not_scored	FP	sp|P51815|ZN75D_HUMAN	sp|A2T7D7|ZNF24_PANTR	sp|A2T7D7|ZNF24_PANTR	0	2004	direct_cross_endpoint
A0A2I3TU14	Q3MJ62	tr|A0A2I3TU14|A0A2I3TU14_PANTR	sp|Q3MJ62|ZSC23_HUMAN	not_scored	FP	sp|P51815|ZN75D_HUMAN	sp|A2T7D7|ZNF24_PANTR	sp|A2T7D7|ZNF24_PANTR	0	2004	direct_cross_endpoint
A0A2I3TU14	Q8N0Y2	tr|A0A2I3TU14|A0A2I3TU14_PANTR	sp|Q8N0Y2|ZN444_HUMAN	not_scored	FP	sp|P51815|ZN75D_HUMAN	sp|Q8N0Y2|ZN444_HUMAN	sp|A2T7D7|ZNF24_PANTR	0		transitive_union
A0A2I3TU14	Q8NBB4	tr|A0A2I3TU14|A0A2I3TU14_PANTR	sp|Q8NBB4|ZSCA1_HUMAN	not_scored	FP	sp|P51815|ZN75D_HUMAN	sp|Q8NBB4|ZSCA1_HUMAN	sp|A2T7D7|ZNF24_PANTR	0		transitive_union
A0A2I3TU14	Q96LW9	tr|A0A2I3TU14|A0A2I3TU14_PANTR	sp|Q96LW9|ZSC31_HUMAN	not_scored	FP	sp|P51815|ZN75D_HUMAN	sp|A2T7D7|ZNF24_PANTR	sp|A2T7D7|ZNF24_PANTR	0	2004	direct_cross_endpoint
A0A2I3TU14	Q96N95	tr|A0A2I3TU14|A0A2I3TU14_PANTR	sp|Q96N95|ZN396_HUMAN	not_scored	FP	sp|P51815|ZN75D_HUMAN	sp|A2T7D7|ZNF24_PANTR	sp|A2T7D7|ZNF24_PANTR	0	2004	direct_cross_endpoint
A0A2I3TU14	Q9H4T2	tr|A0A2I3TU14|A0A2I3TU14_PANTR	sp|Q9H4T2|ZSC16_HUMAN	not_scored	FP	sp|P51815|ZN75D_HUMAN	sp|A2T7D7|ZNF24_PANTR	sp|A2T7D7|ZNF24_PANTR	0	2004	direct_cross_endpoint
A0A2I3TV26	O00626	tr|A0A2I3TV26|A0A2I3TV26_PANTR	sp|O00626|CCL22_HUMAN	not_scored	FP	sp|P10148|CCL2_MOUSE	sp|O00626|CCL22_HUMAN	sp|O00626|CCL22_HUMAN	0	5513	direct_cross_endpoint
A0A2I3TV26	Q9Y258	tr|A0A2I3TV26|A0A2I3TV26_PANTR	sp|Q9Y258|CCL26_HUMAN	not_scored	FP	sp|P10148|CCL2_MOUSE	sp|Q64H35|CCL26_CANLF	sp|O00626|CCL22_HUMAN	0	3938	direct_cross_endpoint
A0A2I3TW65	Q5T0B9	tr|A0A2I3TW65|A0A2I3TW65_PANTR	sp|Q5T0B9|ZN362_HUMAN	FN	TP	sp|Q9VI93|RN_DROME	sp|Q5T0B9|ZN362_HUMAN	sp|Q5T0B9|ZN362_HUMAN	0	751	direct_cross_endpoint
A0A2I3TWA7	P13598	tr|A0A2I3TWA7|A0A2I3TWA7_PANTR	sp|P13598|ICAM2_HUMAN	not_scored	FP	sp|P05362|ICAM1_HUMAN	sp|P13598|ICAM2_HUMAN	sp|P05362|ICAM1_HUMAN	0	13922	direct_cross_endpoint
A0A2I3TWD4	Q7Z6K1	tr|A0A2I3TWD4|A0A2I3TWD4_PANTR	sp|Q7Z6K1|THAP5_HUMAN	not_scored	FP	sp|Q8TBB0|THAP6_HUMAN	sp|Q0P5B4|THAP3_BOVIN	sp|Q0P5B4|THAP3_BOVIN	0	8448	direct_cross_endpoint
A0A2I3TWD4	Q8NA92	tr|A0A2I3TWD4|A0A2I3TWD4_PANTR	sp|Q8NA92|THAP8_HUMAN	not_scored	FP	sp|Q8TBB0|THAP6_HUMAN	sp|Q8NA92|THAP8_HUMAN	sp|Q0P5B4|THAP3_BOVIN	1	34936	direct_cross_endpoint
A0A2I3TWD4	Q8WTV1	tr|A0A2I3TWD4|A0A2I3TWD4_PANTR	sp|Q8WTV1|THAP3_HUMAN	not_scored	FP	sp|Q8TBB0|THAP6_HUMAN	sp|Q0P5B4|THAP3_BOVIN	sp|Q0P5B4|THAP3_BOVIN	0	8448	direct_cross_endpoint
A0A2I3TWD4	Q8WY91	tr|A0A2I3TWD4|A0A2I3TWD4_PANTR	sp|Q8WY91|THAP4_HUMAN	not_scored	FP	sp|Q8TBB0|THAP6_HUMAN	sp|Q0P5B4|THAP3_BOVIN	sp|Q0P5B4|THAP3_BOVIN	0	8448	direct_cross_endpoint
A0A2I3TWD4	Q9H0W7	tr|A0A2I3TWD4|A0A2I3TWD4_PANTR	sp|Q9H0W7|THAP2_HUMAN	not_scored	FP	sp|Q8TBB0|THAP6_HUMAN	sp|Q0P5B4|THAP3_BOVIN	sp|Q0P5B4|THAP3_BOVIN	0	8448	direct_cross_endpoint
A0A2I3TWD4	Q9NVV9	tr|A0A2I3TWD4|A0A2I3TWD4_PANTR	sp|Q9NVV9|THAP1_HUMAN	not_scored	FP	sp|Q8TBB0|THAP6_HUMAN	sp|Q0P5B4|THAP3_BOVIN	sp|Q0P5B4|THAP3_BOVIN	0	8448	direct_cross_endpoint
A0A2J8ILL3	A2A368	tr|A0A2J8ILL3|A0A2J8ILL3_PANTR	sp|A2A368|MAGBG_HUMAN	not_scored	FP	sp|P43364|MAGAB_HUMAN	sp|A2A368|MAGBG_HUMAN	sp|A1A5P9|MAGE1_RAT	0	1732	direct_cross_endpoint
A0A2J8ILL3	A8MXT2	tr|A0A2J8ILL3|A0A2J8ILL3_PANTR	sp|A8MXT2|MAGBH_HUMAN	not_scored	FP	sp|P43364|MAGAB_HUMAN	sp|A2A368|MAGBG_HUMAN	sp|A1A5P9|MAGE1_RAT	0	1732	direct_cross_endpoint
A0A2J8ILL3	O15479	tr|A0A2J8ILL3|A0A2J8ILL3_PANTR	sp|O15479|MAGB2_HUMAN	not_scored	FP	sp|P43364|MAGAB_HUMAN	sp|A2A368|MAGBG_HUMAN	sp|A1A5P9|MAGE1_RAT	0	1732	direct_cross_endpoint
A0A2J8ILL3	P43355	tr|A0A2J8ILL3|A0A2J8ILL3_PANTR	sp|P43355|MAGA1_HUMAN	not_scored	FP	sp|P43364|MAGAB_HUMAN	sp|A2A368|MAGBG_HUMAN	sp|A1A5P9|MAGE1_RAT	0	1732	direct_cross_endpoint
A0A2J8ILL3	P43363	tr|A0A2J8ILL3|A0A2J8ILL3_PANTR	sp|P43363|MAGAA_HUMAN	not_scored	FP	sp|P43364|MAGAB_HUMAN	sp|A2A368|MAGBG_HUMAN	sp|A1A5P9|MAGE1_RAT	0	1732	direct_cross_endpoint
A0A2J8ILL3	P43366	tr|A0A2J8ILL3|A0A2J8ILL3_PANTR	sp|P43366|MAGB1_HUMAN	not_scored	FP	sp|P43364|MAGAB_HUMAN	sp|A2A368|MAGBG_HUMAN	sp|A1A5P9|MAGE1_RAT	0	1732	direct_cross_endpoint
A0A2J8ILL3	Q96LZ2	tr|A0A2J8ILL3|A0A2J8ILL3_PANTR	sp|Q96LZ2|MAGBA_HUMAN	not_scored	FP	sp|P43364|MAGAB_HUMAN	sp|A2A368|MAGBG_HUMAN	sp|A1A5P9|MAGE1_RAT	0	1732	direct_cross_endpoint
A0A2J8ILL3	Q96M61	tr|A0A2J8ILL3|A0A2J8ILL3_PANTR	sp|Q96M61|MAGBI_HUMAN	not_scored	FP	sp|P43364|MAGAB_HUMAN	sp|A2A368|MAGBG_HUMAN	sp|A1A5P9|MAGE1_RAT	0	1732	direct_cross_endpoint
A0A2J8ILL3	Q9H213	tr|A0A2J8ILL3|A0A2J8ILL3_PANTR	sp|Q9H213|MAGH1_HUMAN	not_scored	FP	sp|P43364|MAGAB_HUMAN	sp|A1A5P9|MAGE1_RAT	sp|A1A5P9|MAGE1_RAT	0		transitive_union
A0A2J8ILL3	Q9HCI5	tr|A0A2J8ILL3|A0A2J8ILL3_PANTR	sp|Q9HCI5|MAGE1_HUMAN	not_scored	FP	sp|P43364|MAGAB_HUMAN	sp|A1A5P9|MAGE1_RAT	sp|A1A5P9|MAGE1_RAT	0		transitive_union
A0A2J8ILL3	Q9UBF1	tr|A0A2J8ILL3|A0A2J8ILL3_PANTR	sp|Q9UBF1|MAGC2_HUMAN	not_scored	FP	sp|P43364|MAGAB_HUMAN	sp|A2A368|MAGBG_HUMAN	sp|A1A5P9|MAGE1_RAT	0	1732	direct_cross_endpoint
A0A2J8IM18	Q8NGU9	tr|A0A2J8IM18|A0A2J8IM18_PANTR	sp|Q8NGU9|GP150_HUMAN	not_scored	FP	sp|O02300|NTR1_CAEEL	sp|Q8BL07|GP150_MOUSE	sp|O02300|NTR1_CAEEL	0	5970	direct_cross_endpoint
A0A2J8IMH5	Q8NHY6	tr|A0A2J8IMH5|A0A2J8IMH5_PANTR	sp|Q8NHY6|ZFP28_HUMAN	not_scored	FP	sp|Q14587|ZN268_HUMAN	sp|P10078|ZFP28_MOUSE	sp|P10076|ZFP26_MOUSE	0	837	direct_cross_endpoint
A0A2J8IT19	Q14761	tr|A0A2J8IT19|A0A2J8IT19_PANTR	sp|Q14761|PTCA_HUMAN	not_scored	FP	sp|A8WGE3|COR2B_XENTR	sp|Q14761|PTCA_HUMAN	sp|A8WGE3|COR2B_XENTR	1	38992	direct_cross_endpoint
A0A2J8IU23	Q13508	tr|A0A2J8IU23|A0A2J8IU23_PANTR	sp|Q13508|NAR3_HUMAN	not_scored	FP	sp|O35975|NAR2B_MOUSE	sp|Q13508|NAR3_HUMAN	sp|O35975|NAR2B_MOUSE	0	4853	direct_cross_endpoint
A0A2J8IU23	Q93070	tr|A0A2J8IU23|A0A2J8IU23_PANTR	sp|Q93070|NAR4_HUMAN	not_scored	FP	sp|O35975|NAR2B_MOUSE	sp|Q93070|NAR4_HUMAN	sp|O35975|NAR2B_MOUSE	0	4239	direct_cross_endpoint
A0A2J8IU55	P51814	tr|A0A2J8IU55|A0A2J8IU55_PANTR	sp|P51814|ZNF41_HUMAN	not_scored	FP	sp|P51508|ZNF81_HUMAN	sp|P51814|ZNF41_HUMAN	sp|P51508|ZNF81_HUMAN	0	689	direct_cross_endpoint
A0A2J8IU55	Q52M93	tr|A0A2J8IU55|A0A2J8IU55_PANTR	sp|Q52M93|Z585B_HUMAN	not_scored	FP	sp|P51508|ZNF81_HUMAN	sp|P51814|ZNF41_HUMAN	sp|P51508|ZNF81_HUMAN	0	689	direct_cross_endpoint
A0A2J8IU55	Q6P3V2	tr|A0A2J8IU55|A0A2J8IU55_PANTR	sp|Q6P3V2|Z585A_HUMAN	not_scored	FP	sp|P51508|ZNF81_HUMAN	sp|P51814|ZNF41_HUMAN	sp|P51508|ZNF81_HUMAN	0	689	direct_cross_endpoint
A0A2J8IU55	Q86UE3	tr|A0A2J8IU55|A0A2J8IU55_PANTR	sp|Q86UE3|ZN546_HUMAN	not_scored	FP	sp|P51508|ZNF81_HUMAN	sp|P51814|ZNF41_HUMAN	sp|P51508|ZNF81_HUMAN	0	689	direct_cross_endpoint
A0A2J8IU55	Q8N8J6	tr|A0A2J8IU55|A0A2J8IU55_PANTR	sp|Q8N8J6|ZN615_HUMAN	not_scored	FP	sp|P51508|ZNF81_HUMAN	sp|P51814|ZNF41_HUMAN	sp|P51508|ZNF81_HUMAN	0	689	direct_cross_endpoint
A0A2J8IU55	Q9HCZ1	tr|A0A2J8IU55|A0A2J8IU55_PANTR	sp|Q9HCZ1|ZN334_HUMAN	not_scored	FP	sp|P51508|ZNF81_HUMAN	sp|Q9HCZ1|ZN334_HUMAN	sp|P51508|ZNF81_HUMAN	1	34338	direct_cross_endpoint
A0A2J8IU55	Q9Y473	tr|A0A2J8IU55|A0A2J8IU55_PANTR	sp|Q9Y473|ZN175_HUMAN	not_scored	FP	sp|P51508|ZNF81_HUMAN	sp|P51814|ZNF41_HUMAN	sp|P51508|ZNF81_HUMAN	0	689	direct_cross_endpoint
A0A2J8IVQ5	Q9BXY8	tr|A0A2J8IVQ5|A0A2J8IVQ5_PANTR	sp|Q9BXY8|BEX2_HUMAN	not_scored	FP	sp|Q00994|BEX3_HUMAN	sp|Q2TBV0|BEX2_BOVIN	sp|Q00994|BEX3_HUMAN	0	410	direct_cross_endpoint
A0A2J8IVQ5	Q9HBH7	tr|A0A2J8IVQ5|A0A2J8IVQ5_PANTR	sp|Q9HBH7|BEX1_HUMAN	not_scored	FP	sp|Q00994|BEX3_HUMAN	sp|Q2TBV0|BEX2_BOVIN	sp|Q00994|BEX3_HUMAN	0	410	direct_cross_endpoint
A0A2J8IVQ5	Q9NWD9	tr|A0A2J8IVQ5|A0A2J8IVQ5_PANTR	sp|Q9NWD9|BEX4_HUMAN	not_scored	FP	sp|Q00994|BEX3_HUMAN	sp|Q3MKP9|BEX4_RAT	sp|Q00994|BEX3_HUMAN	0	1336	direct_cross_endpoint
A0A2J8IX51	Q9C000	tr|A0A2J8IX51|A0A2J8IX51_PANTR	sp|Q9C000|NLRP1_HUMAN	not_scored	FP	sp|A6QLE5|NLRP3_BOVIN	sp|A1Z198|NL1B2_MOUSE	sp|A1Z198|NL1B2_MOUSE	0	6310	direct_cross_endpoint
A0A2J8IZJ6	Q8TDU6	tr|A0A2J8IZJ6|A0A2J8IZJ6_PANTR	sp|Q8TDU6|GPBAR_HUMAN	not_scored	FP	sp|O13076|AA2BR_CHICK	sp|Q80SS6|GPBAR_MOUSE	sp|O13076|AA2BR_CHICK	1	35667	direct_cross_endpoint
A0A2J8IZJ6	Q8TDV5	tr|A0A2J8IZJ6|A0A2J8IZJ6_PANTR	sp|Q8TDV5|GP119_HUMAN	not_scored	FP	sp|O13076|AA2BR_CHICK	sp|Q7TQN8|GP119_RAT	sp|O13076|AA2BR_CHICK	0	3720	direct_cross_endpoint
A0A2J8J3R7	A0AUZ9	tr|A0A2J8J3R7|A0A2J8J3R7_PANTR	sp|A0AUZ9|KAL1L_HUMAN	not_scored	FP	sp|Q7Z3B3|KANL1_HUMAN	sp|A0AUZ9|KAL1L_HUMAN	sp|A0AUZ9|KAL1L_HUMAN	0	10240	direct_cross_endpoint
A0A2J8JAV0	Q6UWV2	tr|A0A2J8JAV0|A0A2J8JAV0_PANTR	sp|Q6UWV2|MPZL3_HUMAN	not_scored	FP	sp|A0JM41|MYP0_XENTR	sp|A5D7C3|MPZL3_BOVIN	sp|A0JM41|MYP0_XENTR	0	2884	direct_cross_endpoint
A0A2J8JH45	Q8TF72	tr|A0A2J8JH45|A0A2J8JH45_PANTR	sp|Q8TF72|SHRM3_HUMAN	not_scored	FP	sp|A2ALU4|SHRM2_MOUSE	sp|Q8TF72|SHRM3_HUMAN	sp|A2ALU4|SHRM2_MOUSE	0	7454	direct_cross_endpoint
A0A2J8JK94	P51172	tr|A0A2J8JK94|A0A2J8JK94_PANTR	sp|P51172|SCNND_HUMAN	not_scored	FP	sp|A5D7U4|SCNNB_BOVIN	sp|O46547|SCNND_PANTR	sp|A5D7U4|SCNNB_BOVIN	0	11805	direct_cross_endpoint
A0A2J8JK95	P51172	tr|A0A2J8JK95|A0A2J8JK95_PANTR	sp|P51172|SCNND_HUMAN	not_scored	FP	sp|A5D7U4|SCNNB_BOVIN	sp|O46547|SCNND_PANTR	sp|A5D7U4|SCNNB_BOVIN	0	11805	direct_cross_endpoint
A0A2J8JLK3	P17098	tr|A0A2J8JLK3|A0A2J8JLK3_PANTR	sp|P17098|ZNF8_HUMAN	not_scored	FP	sp|Q571J5|Z354C_MOUSE	sp|P17098|ZNF8_HUMAN	sp|P17098|ZNF8_HUMAN	0	1005	direct_cross_endpoint
A0A2J8JLM8	Q14587	tr|A0A2J8JLM8|A0A2J8JLM8_PANTR	sp|Q14587|ZN268_HUMAN	not_scored	FP	sp|P10078|ZFP28_MOUSE	sp|Q14587|ZN268_HUMAN	sp|P10076|ZFP26_MOUSE	0	837	direct_cross_endpoint
A0A2J8JLM8	Q6ZN19	tr|A0A2J8JLM8|A0A2J8JLM8_PANTR	sp|Q6ZN19|ZN841_HUMAN	not_scored	FP	sp|P10078|ZFP28_MOUSE	sp|Q14587|ZN268_HUMAN	sp|P10076|ZFP26_MOUSE	0	837	direct_cross_endpoint
A0A2J8JLM8	Q96IR2	tr|A0A2J8JLM8|A0A2J8JLM8_PANTR	sp|Q96IR2|ZN845_HUMAN	not_scored	FP	sp|P10078|ZFP28_MOUSE	sp|Q14587|ZN268_HUMAN	sp|P10076|ZFP26_MOUSE	0	837	direct_cross_endpoint
A0A2J8JLM8	Q9HCG1	tr|A0A2J8JLM8|A0A2J8JLM8_PANTR	sp|Q9HCG1|ZN160_HUMAN	not_scored	FP	sp|P10078|ZFP28_MOUSE	sp|Q14587|ZN268_HUMAN	sp|P10076|ZFP26_MOUSE	0	837	direct_cross_endpoint
A0A2J8JU76	Q8NG04	tr|A0A2J8JU76|A0A2J8JU76_PANTR	sp|Q8NG04|S2610_HUMAN	not_scored	FP	sp|A4IIF2|S26A9_XENTR	sp|Q8NG04|S2610_HUMAN	sp|A4IIF2|S26A9_XENTR	0	4697	direct_cross_endpoint
A0A2J8JU76	Q96RN1	tr|A0A2J8JU76|A0A2J8JU76_PANTR	sp|Q96RN1|S26A8_HUMAN	not_scored	FP	sp|A4IIF2|S26A9_XENTR	sp|A6QNW6|S26A8_BOVIN	sp|A4IIF2|S26A9_XENTR	0	5698	direct_cross_endpoint
A0A2J8JUI4	A6NKP2	tr|A0A2J8JUI4|A0A2J8JUI4_PANTR	sp|A6NKP2|D42E2_HUMAN	not_scored	FP	sp|A8DZE7|D42E1_DANRE	sp|A6NKP2|D42E2_HUMAN	sp|A6NKP2|D42E2_HUMAN	0	5458	direct_cross_endpoint
A0A2J8JWK3	Q14761	tr|A0A2J8JWK3|A0A2J8JWK3_PANTR	sp|Q14761|PTCA_HUMAN	not_scored	FP	sp|A8WGE3|COR2B_XENTR	sp|Q14761|PTCA_HUMAN	sp|A8WGE3|COR2B_XENTR	1	38992	direct_cross_endpoint
A0A2J8JY88	Q96DR5	tr|A0A2J8JY88|A0A2J8JY88_PANTR	sp|Q96DR5|BPIA2_HUMAN	not_scored	FP	sp|P97361|BPIA1_MOUSE	sp|P07743|BPIA2_MOUSE	sp|P07743|BPIA2_MOUSE	0	3671	direct_cross_endpoint
A0A2J8JY88	Q9BQP9	tr|A0A2J8JY88|A0A2J8JY88_PANTR	sp|Q9BQP9|BPIA3_HUMAN	not_scored	FP	sp|P97361|BPIA1_MOUSE	sp|Q9BQP9|BPIA3_HUMAN	sp|P07743|BPIA2_MOUSE	0	6517	direct_cross_endpoint
A0A2J8K1P1	O75388	tr|A0A2J8K1P1|A0A2J8K1P1_PANTR	sp|O75388|GPR32_HUMAN	not_scored	FP	sp|Q695P6|C5AR2_RAT	sp|A4FUQ5|FPRS4_MOUSE	sp|A4FUQ5|FPRS4_MOUSE	0	1545	direct_cross_endpoint
A0A2J8K1P1	P21462	tr|A0A2J8K1P1|A0A2J8K1P1_PANTR	sp|P21462|FPR1_HUMAN	not_scored	FP	sp|Q695P6|C5AR2_RAT	sp|A4FUQ5|FPRS4_MOUSE	sp|A4FUQ5|FPRS4_MOUSE	0	1545	direct_cross_endpoint
A0A2J8K1P1	P21730	tr|A0A2J8K1P1|A0A2J8K1P1_PANTR	sp|P21730|C5AR1_HUMAN	not_scored	FP	sp|Q695P6|C5AR2_RAT	sp|A4FUQ5|FPRS4_MOUSE	sp|A4FUQ5|FPRS4_MOUSE	0	1545	direct_cross_endpoint
A0A2J8K1P1	P25089	tr|A0A2J8K1P1|A0A2J8K1P1_PANTR	sp|P25089|FPR3_HUMAN	not_scored	FP	sp|Q695P6|C5AR2_RAT	sp|A4FUQ5|FPRS4_MOUSE	sp|A4FUQ5|FPRS4_MOUSE	0	1545	direct_cross_endpoint
A0A2J8K1P1	P46091	tr|A0A2J8K1P1|A0A2J8K1P1_PANTR	sp|P46091|GPR1_HUMAN	not_scored	FP	sp|Q695P6|C5AR2_RAT	sp|A4FUQ5|FPRS4_MOUSE	sp|A4FUQ5|FPRS4_MOUSE	0	1545	direct_cross_endpoint
A0A2J8K1P1	Q16581	tr|A0A2J8K1P1|A0A2J8K1P1_PANTR	sp|Q16581|C3AR_HUMAN	not_scored	FP	sp|Q695P6|C5AR2_RAT	sp|O09047|C3AR_MOUSE	sp|A4FUQ5|FPRS4_MOUSE	0		transitive_union
A0A2J8K1P1	Q49SQ1	tr|A0A2J8K1P1|A0A2J8K1P1_PANTR	sp|Q49SQ1|GPR33_HUMAN	not_scored	FP	sp|Q695P6|C5AR2_RAT	sp|A4FUQ5|FPRS4_MOUSE	sp|A4FUQ5|FPRS4_MOUSE	0	1545	direct_cross_endpoint
A0A2J8K1P1	Q99788	tr|A0A2J8K1P1|A0A2J8K1P1_PANTR	sp|Q99788|CML1_HUMAN	not_scored	FP	sp|Q695P6|C5AR2_RAT	sp|A4FUQ5|FPRS4_MOUSE	sp|A4FUQ5|FPRS4_MOUSE	0	1545	direct_cross_endpoint
A0A2J8K1Z4	A6NJG6	tr|A0A2J8K1Z4|A0A2J8K1Z4_PANTR	sp|A6NJG6|ARGFX_HUMAN	not_scored	FP	sp|O43186|CRX_HUMAN	sp|A6NJG6|ARGFX_HUMAN	sp|A6NFQ7|DPRX_HUMAN	0	16470	direct_cross_endpoint
A0A2J8K5P2	A6NND4	tr|A0A2J8K5P2|A0A2J8K5P2_PANTR	sp|A6NND4|O2AT4_HUMAN	not_scored	FP	sp|O95222|OR6A2_HUMAN	sp|A6NND4|O2AT4_HUMAN	sp|A6NND4|O2AT4_HUMAN	0	818	direct_cross_endpoint
A0A2J8K6W8	Q8NG04	tr|A0A2J8K6W8|A0A2J8K6W8_PANTR	sp|Q8NG04|S2610_HUMAN	not_scored	FP	sp|A4IIF2|S26A9_XENTR	sp|Q8NG04|S2610_HUMAN	sp|A4IIF2|S26A9_XENTR	0	4697	direct_cross_endpoint
A0A2J8K6W8	Q96RN1	tr|A0A2J8K6W8|A0A2J8K6W8_PANTR	sp|Q96RN1|S26A8_HUMAN	not_scored	FP	sp|A4IIF2|S26A9_XENTR	sp|A6QNW6|S26A8_BOVIN	sp|A4IIF2|S26A9_XENTR	0	5698	direct_cross_endpoint
A0A2J8K9T3	Q9C0A1	tr|A0A2J8K9T3|A0A2J8K9T3_PANTR	sp|Q9C0A1|ZFHX2_HUMAN	not_scored	FP	sp|O73590|ZFHX4_CHICK	sp|Q2MHN3|ZFHX2_MOUSE	sp|O73590|ZFHX4_CHICK	0	6379	direct_cross_endpoint
A0A2J8KA42	Q9GZS9	tr|A0A2J8KA42|A0A2J8KA42_PANTR	sp|Q9GZS9|CHST5_HUMAN	not_scored	FP	sp|O43916|CHST1_HUMAN	sp|Q9GZS9|CHST5_HUMAN	sp|O43916|CHST1_HUMAN	0	7106	direct_cross_endpoint
A0A2J8KF89	Q8TAX9	tr|A0A2J8KF89|A0A2J8KF89_PANTR	sp|Q8TAX9|GSDMB_HUMAN	not_scored	FP	sp|P57764|GSDMD_HUMAN	sp|Q8TAX9|GSDMB_HUMAN	sp|P57764|GSDMD_HUMAN	0	6609	direct_cross_endpoint
A0A2J8KGT0	Q8TAX9	tr|A0A2J8KGT0|A0A2J8KGT0_PANTR	sp|Q8TAX9|GSDMB_HUMAN	not_scored	FP	sp|P57764|GSDMD_HUMAN	sp|Q8TAX9|GSDMB_HUMAN	sp|P57764|GSDMD_HUMAN	0	6609	direct_cross_endpoint
A0A2J8KGV5	P57764	tr|A0A2J8KGV5|A0A2J8KGV5_PANTR	sp|P57764|GSDMD_HUMAN	not_scored	FP	sp|Q8TAX9|GSDMB_HUMAN	sp|P57764|GSDMD_HUMAN	sp|P57764|GSDMD_HUMAN	0	6609	direct_cross_endpoint
A0A2J8KGV5	Q96QA5	tr|A0A2J8KGV5|A0A2J8KGV5_PANTR	sp|Q96QA5|GSDMA_HUMAN	not_scored	FP	sp|Q8TAX9|GSDMB_HUMAN	sp|P57764|GSDMD_HUMAN	sp|P57764|GSDMD_HUMAN	0	6609	direct_cross_endpoint
A0A2J8KGV5	Q9BYG8	tr|A0A2J8KGV5|A0A2J8KGV5_PANTR	sp|Q9BYG8|GSDMC_HUMAN	not_scored	FP	sp|Q8TAX9|GSDMB_HUMAN	sp|P57764|GSDMD_HUMAN	sp|P57764|GSDMD_HUMAN	0	6609	direct_cross_endpoint
A0A2J8KU74	P43364	tr|A0A2J8KU74|A0A2J8KU74_PANTR	sp|P43364|MAGAB_HUMAN	not_scored	FP	sp|A2A368|MAGBG_HUMAN	sp|P43364|MAGAB_HUMAN	sp|A1A5P9|MAGE1_RAT	0	1732	direct_cross_endpoint
A0A2J8KU74	Q9H213	tr|A0A2J8KU74|A0A2J8KU74_PANTR	sp|Q9H213|MAGH1_HUMAN	not_scored	FP	sp|A2A368|MAGBG_HUMAN	sp|A1A5P9|MAGE1_RAT	sp|A1A5P9|MAGE1_RAT	0	1011	direct_cross_endpoint
A0A2J8KU74	Q9HCI5	tr|A0A2J8KU74|A0A2J8KU74_PANTR	sp|Q9HCI5|MAGE1_HUMAN	not_scored	FP	sp|A2A368|MAGBG_HUMAN	sp|A1A5P9|MAGE1_RAT	sp|A1A5P9|MAGE1_RAT	0	1011	direct_cross_endpoint
A0A2J8KX07	O60676	tr|A0A2J8KX07|A0A2J8KX07_PANTR	sp|O60676|CST8_HUMAN	not_scored	FP	sp|Q80Y72|CSTL1_MOUSE	sp|O60676|CST8_HUMAN	sp|O60676|CST8_HUMAN	0	8470	direct_cross_endpoint
A0A2J8KX07	Q9H112	tr|A0A2J8KX07|A0A2J8KX07_PANTR	sp|Q9H112|CST11_HUMAN	not_scored	FP	sp|Q80Y72|CSTL1_MOUSE	sp|Q8K5A3|CST11_RAT	sp|O60676|CST8_HUMAN	0		transitive_union
A0A2J8L0C8	Q12988	tr|A0A2J8L0C8|A0A2J8L0C8_PANTR	sp|Q12988|HSPB3_HUMAN	not_scored	FP	sp|A0A140G945|CRYA2_HUMAN	sp|Q12988|HSPB3_HUMAN	sp|A0A140G945|CRYA2_HUMAN	0	6302	direct_cross_endpoint
A0A2J8L3B6	P43364	tr|A0A2J8L3B6|A0A2J8L3B6_PANTR	sp|P43364|MAGAB_HUMAN	not_scored	FP	sp|A2A368|MAGBG_HUMAN	sp|P43364|MAGAB_HUMAN	sp|A1A5P9|MAGE1_RAT	0	1732	direct_cross_endpoint
A0A2J8L3B6	Q9H213	tr|A0A2J8L3B6|A0A2J8L3B6_PANTR	sp|Q9H213|MAGH1_HUMAN	not_scored	FP	sp|A2A368|MAGBG_HUMAN	sp|A1A5P9|MAGE1_RAT	sp|A1A5P9|MAGE1_RAT	0	1011	direct_cross_endpoint
A0A2J8L3B6	Q9HCI5	tr|A0A2J8L3B6|A0A2J8L3B6_PANTR	sp|Q9HCI5|MAGE1_HUMAN	not_scored	FP	sp|A2A368|MAGBG_HUMAN	sp|A1A5P9|MAGE1_RAT	sp|A1A5P9|MAGE1_RAT	0	1011	direct_cross_endpoint
A0A2J8L3C9	P43364	tr|A0A2J8L3C9|A0A2J8L3C9_PANTR	sp|P43364|MAGAB_HUMAN	not_scored	FP	sp|A2A368|MAGBG_HUMAN	sp|P43364|MAGAB_HUMAN	sp|A1A5P9|MAGE1_RAT	0	1732	direct_cross_endpoint
A0A2J8L3C9	Q9H213	tr|A0A2J8L3C9|A0A2J8L3C9_PANTR	sp|Q9H213|MAGH1_HUMAN	not_scored	FP	sp|A2A368|MAGBG_HUMAN	sp|A1A5P9|MAGE1_RAT	sp|A1A5P9|MAGE1_RAT	0	1011	direct_cross_endpoint
A0A2J8L3C9	Q9HCI5	tr|A0A2J8L3C9|A0A2J8L3C9_PANTR	sp|Q9HCI5|MAGE1_HUMAN	not_scored	FP	sp|A2A368|MAGBG_HUMAN	sp|A1A5P9|MAGE1_RAT	sp|A1A5P9|MAGE1_RAT	0	1011	direct_cross_endpoint
A0A2J8L3K7	Q9NS68	tr|A0A2J8L3K7|A0A2J8L3K7_PANTR	sp|Q9NS68|TNR19_HUMAN	not_scored	FP	sp|Q8BX35|TNR27_MOUSE	sp|Q9JLL3|TNR19_MOUSE	sp|Q8BX35|TNR27_MOUSE	0	10796	direct_cross_endpoint
A0A2J8L6A5	O60664	tr|A0A2J8L6A5|A0A2J8L6A5_PANTR	sp|O60664|PLIN3_HUMAN	not_scored	FP	sp|O60240|PLIN1_HUMAN	sp|A6QLL0|PLIN5_BOVIN	sp|A6QLL0|PLIN5_BOVIN	0	8796	direct_cross_endpoint
A0A2J8L6A5	Q00G26	tr|A0A2J8L6A5|A0A2J8L6A5_PANTR	sp|Q00G26|PLIN5_HUMAN	not_scored	FP	sp|O60240|PLIN1_HUMAN	sp|A6QLL0|PLIN5_BOVIN	sp|A6QLL0|PLIN5_BOVIN	0	8796	direct_cross_endpoint
A0A2J8L6A5	Q99541	tr|A0A2J8L6A5|A0A2J8L6A5_PANTR	sp|Q99541|PLIN2_HUMAN	not_scored	FP	sp|O60240|PLIN1_HUMAN	sp|A6QLL0|PLIN5_BOVIN	sp|A6QLL0|PLIN5_BOVIN	0	8796	direct_cross_endpoint
A0A2J8L8I7	Q6P3R8	tr|A0A2J8L8I7|A0A2J8L8I7_PANTR	sp|Q6P3R8|NEK5_HUMAN	not_scored	FP	sp|P51956|NEK3_HUMAN	sp|Q6P3R8|NEK5_HUMAN	sp|O01775|NEKL2_CAEEL	0	1519	direct_cross_endpoint
A0A2J8L8J1	P51956	tr|A0A2J8L8J1|A0A2J8L8J1_PANTR	sp|P51956|NEK3_HUMAN	not_scored	FP	sp|Q6P3R8|NEK5_HUMAN	sp|P51956|NEK3_HUMAN	sp|O01775|NEKL2_CAEEL	0	1519	direct_cross_endpoint
A0A2J8L8V4	E2RDT5	tr|A0A2J8L8V4|A0A2J8L8V4_PANTR	tr|E2RDT5|E2RDT5_CANLF	FN	TP	sp|Q924T8|CLTR1_RAT	tr|E2RDT5|E2RDT5_CANLF	sp|Q924T8|CLTR1_RAT	0	2252	direct_cross_endpoint
A0A2J8LIL3	Q14761	tr|A0A2J8LIL3|A0A2J8LIL3_PANTR	sp|Q14761|PTCA_HUMAN	not_scored	FP	sp|A8WGE3|COR2B_XENTR	sp|Q14761|PTCA_HUMAN	sp|A8WGE3|COR2B_XENTR	1	38992	direct_cross_endpoint
A0A2J8LJC2	Q6IEE8	tr|A0A2J8LJC2|A0A2J8LJC2_PANTR	sp|Q6IEE8|SN12L_HUMAN	not_scored	FP	sp|B1ARD6|SLFN9_MOUSE	sp|Q6IEE8|SN12L_HUMAN	sp|B1ARD6|SLFN9_MOUSE	1	36672	direct_cross_endpoint
A0A2J8LJC2	Q8IYM2	tr|A0A2J8LJC2|A0A2J8LJC2_PANTR	sp|Q8IYM2|SLN12_HUMAN	not_scored	FP	sp|B1ARD6|SLFN9_MOUSE	sp|Q8IYM2|SLN12_HUMAN	sp|B1ARD6|SLFN9_MOUSE	0	6658	direct_cross_endpoint
A0A2J8LKR2	E2RJH7	tr|A0A2J8LKR2|A0A2J8LKR2_PANTR	tr|E2RJH7|E2RJH7_CANLF	not_scored	FP	sp|A6PVS8|LRIQ3_HUMAN	sp|Q8IW35|CEP97_HUMAN	sp|A6PVS8|LRIQ3_HUMAN	0	19165	direct_cross_endpoint
A0A2J8LKR2	Q8IW35	tr|A0A2J8LKR2|A0A2J8LKR2_PANTR	sp|Q8IW35|CEP97_HUMAN	not_scored	FP	sp|A6PVS8|LRIQ3_HUMAN	sp|Q8IW35|CEP97_HUMAN	sp|A6PVS8|LRIQ3_HUMAN	0	19165	direct_cross_endpoint
A0A2J8LU59	Q8NGA5	tr|A0A2J8LU59|A0A2J8LU59_PANTR	sp|Q8NGA5|O10H4_HUMAN	not_scored	FP	sp|O60404|O10H3_HUMAN	sp|Q8NGA5|O10H4_HUMAN	sp|O60404|O10H3_HUMAN	0	394	direct_cross_endpoint
A0A2J8LWW0	Q9UIS9	tr|A0A2J8LWW0|A0A2J8LWW0_PANTR	sp|Q9UIS9|MBD1_HUMAN	not_scored	FP	sp|O95983|MBD3_HUMAN	sp|Q9UIS9|MBD1_HUMAN	sp|O95983|MBD3_HUMAN	0	9247	direct_cross_endpoint
A0A2J8M148	C9JH25	tr|A0A2J8M148|A0A2J8M148_PANTR	sp|C9JH25|PRRT4_HUMAN	not_scored	FP	sp|Q5FWE3|PRRT3_HUMAN	sp|B2RU40|PRRT4_MOUSE	sp|B2RU40|PRRT4_MOUSE	1	35606	direct_cross_endpoint
A0A2J8M684	Q6IA17	tr|A0A2J8M684|A0A2J8M684_PANTR	sp|Q6IA17|SIGIR_HUMAN	not_scored	FP	sp|B6ZK76|IRL1A_DANRE	sp|Q4V892|SIGIR_RAT	sp|B6ZK76|IRL1A_DANRE	0	22980	direct_cross_endpoint
A0A2J8MB39	A6NND4	tr|A0A2J8MB39|A0A2J8MB39_PANTR	sp|A6NND4|O2AT4_HUMAN	FN	TP	tr|A0A2J8MB39|A0A2J8MB39_PANTR	sp|A6NND4|O2AT4_HUMAN	sp|A6NND4|O2AT4_HUMAN	0		transitive_union
A0A2J8MB39	O95222	tr|A0A2J8MB39|A0A2J8MB39_PANTR	sp|O95222|OR6A2_HUMAN	not_scored	FP	tr|A0A2J8MB39|A0A2J8MB39_PANTR	sp|O95222|OR6A2_HUMAN	sp|A6NND4|O2AT4_HUMAN	0	820	direct_cross_endpoint
A0A2J8MB39	Q8NGX8	tr|A0A2J8MB39|A0A2J8MB39_PANTR	sp|Q8NGX8|OR6Y1_HUMAN	not_scored	FP	tr|A0A2J8MB39|A0A2J8MB39_PANTR	sp|O95222|OR6A2_HUMAN	sp|A6NND4|O2AT4_HUMAN	0	820	direct_cross_endpoint
A0A2J8MIL4	A6NG13	tr|A0A2J8MIL4|A0A2J8MIL4_PANTR	sp|A6NG13|MGT4D_HUMAN	not_scored	FP	sp|A4IID1|MGT4A_XENTR	sp|A6NG13|MGT4D_HUMAN	sp|A4IID1|MGT4A_XENTR	0	14394	direct_cross_endpoint
A0A2J8MM58	E2QW91	tr|A0A2J8MM58|A0A2J8MM58_PANTR	tr|E2QW91|E2QW91_CANLF	not_scored	FP	sp|A2T7D7|ZNF24_PANTR	sp|P51815|ZN75D_HUMAN	sp|A2T7D7|ZNF24_PANTR	0	2004	direct_cross_endpoint
A0A2J8MM58	P51815	tr|A0A2J8MM58|A0A2J8MM58_PANTR	sp|P51815|ZN75D_HUMAN	not_scored	FP	sp|A2T7D7|ZNF24_PANTR	sp|P51815|ZN75D_HUMAN	sp|A2T7D7|ZNF24_PANTR	0	2004	direct_cross_endpoint
A0A2J8MM58	Q8N0Y2	tr|A0A2J8MM58|A0A2J8MM58_PANTR	sp|Q8N0Y2|ZN444_HUMAN	not_scored	FP	sp|A2T7D7|ZNF24_PANTR	sp|Q8N0Y2|ZN444_HUMAN	sp|A2T7D7|ZNF24_PANTR	0	2981	direct_cross_endpoint
A0A2J8MM58	Q8NBB4	tr|A0A2J8MM58|A0A2J8MM58_PANTR	sp|Q8NBB4|ZSCA1_HUMAN	not_scored	FP	sp|A2T7D7|ZNF24_PANTR	sp|Q8NBB4|ZSCA1_HUMAN	sp|A2T7D7|ZNF24_PANTR	0	3192	direct_cross_endpoint
A0A2J8MMJ2	Q15849	tr|A0A2J8MMJ2|A0A2J8MMJ2_PANTR	sp|Q15849|UT2_HUMAN	not_scored	FP	sp|P97689|UT1_RAT	sp|Q15849|UT2_HUMAN	sp|P97689|UT1_RAT	0	22443	direct_cross_endpoint
A0A2J8MMM7	Q13336	tr|A0A2J8MMM7|A0A2J8MMM7_PANTR	sp|Q13336|UT1_HUMAN	not_scored	FP	sp|Q15849|UT2_HUMAN	sp|P97689|UT1_RAT	sp|P97689|UT1_RAT	0	22443	direct_cross_endpoint
A0A2J8N2P8	Q6UWV2	tr|A0A2J8N2P8|A0A2J8N2P8_PANTR	sp|Q6UWV2|MPZL3_HUMAN	not_scored	FP	sp|A0JM41|MYP0_XENTR	sp|A5D7C3|MPZL3_BOVIN	sp|A0JM41|MYP0_XENTR	0	2884	direct_cross_endpoint
A0A2J8N3Q6	A6NJG6	tr|A0A2J8N3Q6|A0A2J8N3Q6_PANTR	sp|A6NJG6|ARGFX_HUMAN	not_scored	FP	sp|O43186|CRX_HUMAN	sp|A6NJG6|ARGFX_HUMAN	sp|A6NFQ7|DPRX_HUMAN	0	16470	direct_cross_endpoint
A0A2J8N697	O43665	tr|A0A2J8N697|A0A2J8N697_PANTR	sp|O43665|RGS10_HUMAN	not_scored	FP	sp|O08849|RGS2_MOUSE	sp|O43665|RGS10_HUMAN	sp|O08849|RGS2_MOUSE	0	4681	direct_cross_endpoint
A0A2J8N697	P49796	tr|A0A2J8N697|A0A2J8N697_PANTR	sp|P49796|RGS3_HUMAN	not_scored	FP	sp|O08849|RGS2_MOUSE	sp|P49796|RGS3_HUMAN	sp|O08849|RGS2_MOUSE	1	38262	direct_cross_endpoint
A0A2J8N697	Q9NS28	tr|A0A2J8N697|A0A2J8N697_PANTR	sp|Q9NS28|RGS18_HUMAN	not_scored	FP	sp|O08849|RGS2_MOUSE	sp|Q4L0E8|RGS18_RAT	sp|O08849|RGS2_MOUSE	0	3356	direct_cross_endpoint
A0A2J8N9F0	Q6UXV0	tr|A0A2J8N9F0|A0A2J8N9F0_PANTR	sp|Q6UXV0|GFRAL_HUMAN	not_scored	FP	sp|O00451|GFRA2_HUMAN	sp|D3ZB94|GFRAL_RAT	sp|D3ZB94|GFRAL_RAT	0	20615	direct_cross_endpoint
A0A2J8N9F0	Q9GZZ7	tr|A0A2J8N9F0|A0A2J8N9F0_PANTR	sp|Q9GZZ7|GFRA4_HUMAN	not_scored	FP	sp|O00451|GFRA2_HUMAN	sp|Q9EPI2|GFRA4_RAT	sp|D3ZB94|GFRAL_RAT	0	4320	direct_cross_endpoint
A0A2J8NDQ3	Q3MJ13	tr|A0A2J8NDQ3|A0A2J8NDQ3_PANTR	sp|Q3MJ13|WDR72_HUMAN	not_scored	FP	sp|Q920I9|WDR7_MOUSE	sp|D3YYM4|WDR72_MOUSE	sp|D3YYM4|WDR72_MOUSE	0	7292	direct_cross_endpoint
A0A2J8NE99	O95983	tr|A0A2J8NE99|A0A2J8NE99_PANTR	sp|O95983|MBD3_HUMAN	not_scored	FP	sp|Q9UIS9|MBD1_HUMAN	sp|O95983|MBD3_HUMAN	sp|O95983|MBD3_HUMAN	0	9247	direct_cross_endpoint
A0A2J8NE99	Q8WWY6	tr|A0A2J8NE99|A0A2J8NE99_PANTR	sp|Q8WWY6|MB3L1_HUMAN	not_scored	FP	sp|Q9UIS9|MBD1_HUMAN	sp|O95983|MBD3_HUMAN	sp|O95983|MBD3_HUMAN	0	9247	direct_cross_endpoint
A0A2J8NE99	Q9UBB5	tr|A0A2J8NE99|A0A2J8NE99_PANTR	sp|Q9UBB5|MBD2_HUMAN	not_scored	FP	sp|Q9UIS9|MBD1_HUMAN	sp|O95983|MBD3_HUMAN	sp|O95983|MBD3_HUMAN	0	9247	direct_cross_endpoint
A0A2J8NF07	P16860	tr|A0A2J8NF07|A0A2J8NF07_PANTR	sp|P16860|ANFB_HUMAN	not_scored	FP	sp|P21805|ANFC_CHICK	sp|P13204|ANFB_BOVIN	sp|P13204|ANFB_BOVIN	0	4367	direct_cross_endpoint
A0A2J8NGQ7	P29274	tr|A0A2J8NGQ7|A0A2J8NGQ7_PANTR	sp|P29274|AA2AR_HUMAN	not_scored	FP	sp|Q80SS6|GPBAR_MOUSE	sp|O13076|AA2BR_CHICK	sp|O13076|AA2BR_CHICK	1	35667	direct_cross_endpoint
A0A2J8NGQ7	P29275	tr|A0A2J8NGQ7|A0A2J8NGQ7_PANTR	sp|P29275|AA2BR_HUMAN	not_scored	FP	sp|Q80SS6|GPBAR_MOUSE	sp|O13076|AA2BR_CHICK	sp|O13076|AA2BR_CHICK	1	35667	direct_cross_endpoint
A0A2J8NGQ7	P30542	tr|A0A2J8NGQ7|A0A2J8NGQ7_PANTR	sp|P30542|AA1R_HUMAN	not_scored	FP	sp|Q80SS6|GPBAR_MOUSE	sp|O13076|AA2BR_CHICK	sp|O13076|AA2BR_CHICK	1	35667	direct_cross_endpoint
A0A2J8NGQ7	Q8TDV5	tr|A0A2J8NGQ7|A0A2J8NGQ7_PANTR	sp|Q8TDV5|GP119_HUMAN	not_scored	FP	sp|Q80SS6|GPBAR_MOUSE	sp|Q7TQN8|GP119_RAT	sp|O13076|AA2BR_CHICK	1	35667	direct_cross_endpoint
A0A2J8NIQ0	P12980	tr|A0A2J8NIQ0|A0A2J8NIQ0_PANTR	sp|P12980|LYL1_HUMAN	not_scored	FP	sp|O93507|TAL1_DANRE	sp|P12980|LYL1_HUMAN	sp|O93507|TAL1_DANRE	0	6281	direct_cross_endpoint
A0A2J8NJ91	A0A5S6CIS3	tr|A0A2J8NJ91|A0A2J8NJ91_PANTR	tr|A0A5S6CIS3|A0A5S6CIS3_CANLF	not_scored	FP	sp|P01001|ISK6_BOVIN	sp|O35679|ISK4_MOUSE	sp|O35679|ISK4_MOUSE	0	4109	direct_cross_endpoint
A0A2J8NJ91	E2RHI4	tr|A0A2J8NJ91|A0A2J8NJ91_PANTR	tr|E2RHI4|E2RHI4_CANLF	not_scored	FP	sp|P01001|ISK6_BOVIN	sp|O35679|ISK4_MOUSE	sp|O35679|ISK4_MOUSE	0	4109	direct_cross_endpoint
A0A2J8NJ91	J9NW29	tr|A0A2J8NJ91|A0A2J8NJ91_PANTR	tr|J9NW29|J9NW29_CANLF	not_scored	FP	sp|P01001|ISK6_BOVIN	sp|Q6IE38|ISK14_HUMAN	sp|O35679|ISK4_MOUSE	1	38274	direct_cross_endpoint
A0A2J8NJ91	O60575	tr|A0A2J8NJ91|A0A2J8NJ91_PANTR	sp|O60575|ISK4_HUMAN	not_scored	FP	sp|P01001|ISK6_BOVIN	sp|O35679|ISK4_MOUSE	sp|O35679|ISK4_MOUSE	0	4109	direct_cross_endpoint
A0A2J8NJ91	P00995	tr|A0A2J8NJ91|A0A2J8NJ91_PANTR	sp|P00995|ISK1_HUMAN	not_scored	FP	sp|P01001|ISK6_BOVIN	sp|O35679|ISK4_MOUSE	sp|O35679|ISK4_MOUSE	0	4109	direct_cross_endpoint
A0A2J8NJ91	P20155	tr|A0A2J8NJ91|A0A2J8NJ91_PANTR	sp|P20155|ISK2_HUMAN	not_scored	FP	sp|P01001|ISK6_BOVIN	sp|O35679|ISK4_MOUSE	sp|O35679|ISK4_MOUSE	0	4109	direct_cross_endpoint
A0A2J8NJ91	P58062	tr|A0A2J8NJ91|A0A2J8NJ91_PANTR	sp|P58062|ISK7_HUMAN	not_scored	FP	sp|P01001|ISK6_BOVIN	sp|O35679|ISK4_MOUSE	sp|O35679|ISK4_MOUSE	0	4109	direct_cross_endpoint
A0A2J8NJ91	Q5DT21	tr|A0A2J8NJ91|A0A2J8NJ91_PANTR	sp|Q5DT21|ISK9_HUMAN	not_scored	FP	sp|P01001|ISK6_BOVIN	sp|Q5DT21|ISK9_HUMAN	sp|O35679|ISK4_MOUSE	0		transitive_union
A0A2J8NJ91	Q6IE38	tr|A0A2J8NJ91|A0A2J8NJ91_PANTR	sp|Q6IE38|ISK14_HUMAN	not_scored	FP	sp|P01001|ISK6_BOVIN	sp|Q6IE38|ISK14_HUMAN	sp|O35679|ISK4_MOUSE	1	38274	direct_cross_endpoint
A0A2J8NLH4	O60522	tr|A0A2J8NLH4|A0A2J8NLH4_PANTR	sp|O60522|TDRD6_HUMAN	not_scored	FP	sp|B5MCY1|TDR15_HUMAN	sp|F1R237|TDRD6_DANRE	sp|B5MCY1|TDR15_HUMAN	0	10784	direct_cross_endpoint
A0A2J8NSL9	Q9Y4E6	tr|A0A2J8NSL9|A0A2J8NSL9_PANTR	sp|Q9Y4E6|WDR7_HUMAN	not_scored	FP	sp|D3YYM4|WDR72_MOUSE	sp|Q920I9|WDR7_MOUSE	sp|D3YYM4|WDR72_MOUSE	0	7292	direct_cross_endpoint
A0A2J8NWS0	Q5FWF6	tr|A0A2J8NWS0|A0A2J8NWS0_PANTR	sp|Q5FWF6|ZN789_HUMAN	not_scored	FP	sp|A1YEV9|ZSC21_GORGO	sp|Q5FWF6|ZN789_HUMAN	sp|A1YEV9|ZSC21_GORGO	0	1286	direct_cross_endpoint
A0A2J8NWS4	P51815	tr|A0A2J8NWS4|A0A2J8NWS4_PANTR	sp|P51815|ZN75D_HUMAN	not_scored	FP	sp|A2T7D7|ZNF24_PANTR	sp|P51815|ZN75D_HUMAN	sp|A2T7D7|ZNF24_PANTR	0	2004	direct_cross_endpoint
A0A2J8NWS4	Q8N0Y2	tr|A0A2J8NWS4|A0A2J8NWS4_PANTR	sp|Q8N0Y2|ZN444_HUMAN	not_scored	FP	sp|A2T7D7|ZNF24_PANTR	sp|Q8N0Y2|ZN444_HUMAN	sp|A2T7D7|ZNF24_PANTR	0	2981	direct_cross_endpoint
A0A2J8NWS4	Q8NBB4	tr|A0A2J8NWS4|A0A2J8NWS4_PANTR	sp|Q8NBB4|ZSCA1_HUMAN	not_scored	FP	sp|A2T7D7|ZNF24_PANTR	sp|Q8NBB4|ZSCA1_HUMAN	sp|A2T7D7|ZNF24_PANTR	0	3192	direct_cross_endpoint
A0A2J8NXZ6	Q9NZA1	tr|A0A2J8NXZ6|A0A2J8NXZ6_PANTR	sp|Q9NZA1|CLIC5_HUMAN	not_scored	FP	sp|O00299|CLIC1_HUMAN	sp|P35526|CLIC5_BOVIN	sp|O00299|CLIC1_HUMAN	0	4128	direct_cross_endpoint
A0A2J8P2J9	Q96P67	tr|A0A2J8P2J9|A0A2J8P2J9_PANTR	sp|Q96P67|GPR82_HUMAN	not_scored	FP	sp|O14626|GP171_HUMAN	sp|Q8BZR0|GPR82_MOUSE	sp|O14626|GP171_HUMAN	0	4704	direct_cross_endpoint
A0A2J8P2M1	Q96P67	tr|A0A2J8P2M1|A0A2J8P2M1_PANTR	sp|Q96P67|GPR82_HUMAN	not_scored	FP	sp|O14626|GP171_HUMAN	sp|Q8BZR0|GPR82_MOUSE	sp|O14626|GP171_HUMAN	0	4704	direct_cross_endpoint
A0A2J8P2S6	Q53R12	tr|A0A2J8P2S6|A0A2J8P2S6_PANTR	sp|Q53R12|T4S20_HUMAN	not_scored	FP	sp|O14894|T4S5_HUMAN	sp|Q3T0Z4|T4S20_BOVIN	sp|O14894|T4S5_HUMAN	1	35702	direct_cross_endpoint
A0A2J8P2T9	Q53R12	tr|A0A2J8P2T9|A0A2J8P2T9_PANTR	sp|Q53R12|T4S20_HUMAN	not_scored	FP	sp|O14894|T4S5_HUMAN	sp|Q3T0Z4|T4S20_BOVIN	sp|O14894|T4S5_HUMAN	1	35702	direct_cross_endpoint
A0A2J8P4T2	Q8IX04	tr|A0A2J8P4T2|A0A2J8P4T2_PANTR	sp|Q8IX04|UEVLD_HUMAN	not_scored	FP	sp|A5A6N7|LDHB_PANTR	sp|Q3U1V6|UEVLD_MOUSE	sp|A5A6N7|LDHB_PANTR	0	740	direct_cross_endpoint
A0A2J8P665	Q6IPT4	tr|A0A2J8P665|A0A2J8P665_PANTR	sp|Q6IPT4|NB5R5_HUMAN	not_scored	FP	sp|A7EKT5|MCR1_SCLS1	sp|B1AS42|NB5R5_MOUSE	sp|A7EKT5|MCR1_SCLS1	0	4945	direct_cross_endpoint
A0A2J8P6A4	A6NND4	tr|A0A2J8P6A4|A0A2J8P6A4_PANTR	sp|A6NND4|O2AT4_HUMAN	not_scored	FP	sp|O95222|OR6A2_HUMAN	sp|A6NND4|O2AT4_HUMAN	sp|A6NND4|O2AT4_HUMAN	0	818	direct_cross_endpoint
A0A2J8P6B8	A6NM03	tr|A0A2J8P6B8|A0A2J8P6B8_PANTR	sp|A6NM03|O2AG2_HUMAN	FN	TP	tr|A0A2J8P6B8|A0A2J8P6B8_PANTR	sp|A6NM03|O2AG2_HUMAN	sp|A6NM03|O2AG2_HUMAN	1		transitive_union
A0A2J8P6B8	E2RLF7	tr|A0A2J8P6B8|A0A2J8P6B8_PANTR	tr|E2RLF7|E2RLF7_CANLF	FN	TP	tr|A0A2J8P6B8|A0A2J8P6B8_PANTR	sp|Q9H205|O2AG1_HUMAN	sp|A6NM03|O2AG2_HUMAN	1	34191	direct_cross_endpoint
A0A2J8P6B8	G3X7H2	tr|A0A2J8P6B8|A0A2J8P6B8_PANTR	tr|G3X7H2|G3X7H2_BOVIN	FN	TP	tr|A0A2J8P6B8|A0A2J8P6B8_PANTR	sp|Q9H205|O2AG1_HUMAN	sp|A6NM03|O2AG2_HUMAN	1	34191	direct_cross_endpoint
A0A2J8P7L1	P58499	tr|A0A2J8P7L1|A0A2J8P7L1_PANTR	sp|P58499|FAM3B_HUMAN	not_scored	FP	sp|A5PKI3|FAM3C_BOVIN	sp|P58499|FAM3B_HUMAN	sp|A5PKI3|FAM3C_BOVIN	0	416	direct_cross_endpoint
A0A2J8P806	Q5M9N0	tr|A0A2J8P806|A0A2J8P806_PANTR	sp|Q5M9N0|CD158_HUMAN	not_scored	FP	sp|O15083|ERC2_HUMAN	sp|Q5M9N0|CD158_HUMAN	sp|O15083|ERC2_HUMAN	0	5985	direct_cross_endpoint
A0A2J8P806	Q8NCX0	tr|A0A2J8P806|A0A2J8P806_PANTR	sp|Q8NCX0|CC150_HUMAN	not_scored	FP	sp|O15083|ERC2_HUMAN	sp|Q8CDI7|CC150_MOUSE	sp|O15083|ERC2_HUMAN	1	35301	direct_cross_endpoint
A0A2J8P806	Q8TBY8	tr|A0A2J8P806|A0A2J8P806_PANTR	sp|Q8TBY8|PMFBP_HUMAN	not_scored	FP	sp|O15083|ERC2_HUMAN	sp|Q8TBY8|PMFBP_HUMAN	sp|O15083|ERC2_HUMAN	0	4451	direct_cross_endpoint
A0A2J8PB41	P01350	tr|A0A2J8PB41|A0A2J8PB41_PANTR	sp|P01350|GAST_HUMAN	not_scored	FP	sp|P01355|CCKN_RAT	sp|P01350|GAST_HUMAN	sp|P01350|GAST_HUMAN	0	9750	direct_cross_endpoint
A0A2J8PBU9	O95359	tr|A0A2J8PBU9|A0A2J8PBU9_PANTR	sp|O95359|TACC2_HUMAN	FN	TP	sp|O75410|TACC1_HUMAN	sp|O95359|TACC2_HUMAN	sp|O75410|TACC1_HUMAN	0	17391	direct_cross_endpoint
A0A2J8PC91	Q6UXV0	tr|A0A2J8PC91|A0A2J8PC91_PANTR	sp|Q6UXV0|GFRAL_HUMAN	not_scored	FP	sp|O00451|GFRA2_HUMAN	sp|D3ZB94|GFRAL_RAT	sp|D3ZB94|GFRAL_RAT	0	20615	direct_cross_endpoint
A0A2J8PC91	Q9GZZ7	tr|A0A2J8PC91|A0A2J8PC91_PANTR	sp|Q9GZZ7|GFRA4_HUMAN	not_scored	FP	sp|O00451|GFRA2_HUMAN	sp|Q9EPI2|GFRA4_RAT	sp|D3ZB94|GFRAL_RAT	0	4320	direct_cross_endpoint
A0A2J8PCZ7	Q9BQI7	tr|A0A2J8PCZ7|A0A2J8PCZ7_PANTR	sp|Q9BQI7|PSD2_HUMAN	not_scored	FP	sp|A5PKW4|PSD1_HUMAN	sp|Q6P1I6|PSD2_MOUSE	sp|A5PKW4|PSD1_HUMAN	0	13061	direct_cross_endpoint
A0A2J8PHY1	P21452	tr|A0A2J8PHY1|A0A2J8PHY1_PANTR	sp|P21452|NK2R_HUMAN	not_scored	FP	sp|Q7TQN7|GP135_RAT	sp|P05363|NK2R_BOVIN	sp|P05363|NK2R_BOVIN	0	4458	direct_cross_endpoint
A0A2J8PHY1	P25103	tr|A0A2J8PHY1|A0A2J8PHY1_PANTR	sp|P25103|NK1R_HUMAN	not_scored	FP	sp|Q7TQN7|GP135_RAT	sp|P05363|NK2R_BOVIN	sp|P05363|NK2R_BOVIN	0	4458	direct_cross_endpoint
A0A2J8PHY1	P29371	tr|A0A2J8PHY1|A0A2J8PHY1_PANTR	sp|P29371|NK3R_HUMAN	not_scored	FP	sp|Q7TQN7|GP135_RAT	sp|P05363|NK2R_BOVIN	sp|P05363|NK2R_BOVIN	0	4458	direct_cross_endpoint
A0A2J8PHY1	Q96P65	tr|A0A2J8PHY1|A0A2J8PHY1_PANTR	sp|Q96P65|QRFPR_HUMAN	not_scored	FP	sp|Q7TQN7|GP135_RAT	sp|P05363|NK2R_BOVIN	sp|P05363|NK2R_BOVIN	0	4458	direct_cross_endpoint
A0A2J8PHY1	Q9GZQ6	tr|A0A2J8PHY1|A0A2J8PHY1_PANTR	sp|Q9GZQ6|NPFF1_HUMAN	not_scored	FP	sp|Q7TQN7|GP135_RAT	sp|P05363|NK2R_BOVIN	sp|P05363|NK2R_BOVIN	0	4458	direct_cross_endpoint
A0A2J8PHY1	Q9Y5X5	tr|A0A2J8PHY1|A0A2J8PHY1_PANTR	sp|Q9Y5X5|NPFF2_HUMAN	not_scored	FP	sp|Q7TQN7|GP135_RAT	sp|P05363|NK2R_BOVIN	sp|P05363|NK2R_BOVIN	0	4458	direct_cross_endpoint
A0A2J8PJ86	Q8WUB8	tr|A0A2J8PJ86|A0A2J8PJ86_PANTR	sp|Q8WUB8|PHF10_HUMAN	not_scored	FP	tr|A0A2J8PJ86|A0A2J8PJ86_PANTR	sp|A9LMC0|DPF3_DANRE	sp|A9LMC0|DPF3_DANRE	0	7460	direct_cross_endpoint
A0A2J8PJ86	Q92782	tr|A0A2J8PJ86|A0A2J8PJ86_PANTR	sp|Q92782|DPF1_HUMAN	not_scored	FP	tr|A0A2J8PJ86|A0A2J8PJ86_PANTR	sp|A9LMC0|DPF3_DANRE	sp|A9LMC0|DPF3_DANRE	0	7460	direct_cross_endpoint
A0A2J8PJ86	Q92784	tr|A0A2J8PJ86|A0A2J8PJ86_PANTR	sp|Q92784|DPF3_HUMAN	FN	TP	tr|A0A2J8PJ86|A0A2J8PJ86_PANTR	sp|A9LMC0|DPF3_DANRE	sp|A9LMC0|DPF3_DANRE	0	7460	direct_cross_endpoint
A0A2J8PJ86	Q92785	tr|A0A2J8PJ86|A0A2J8PJ86_PANTR	sp|Q92785|REQU_HUMAN	not_scored	FP	tr|A0A2J8PJ86|A0A2J8PJ86_PANTR	sp|A9LMC0|DPF3_DANRE	sp|A9LMC0|DPF3_DANRE	0	7460	direct_cross_endpoint
A0A2J8PJJ5	Q86VK4	tr|A0A2J8PJJ5|A0A2J8PJJ5_PANTR	sp|Q86VK4|ZN410_HUMAN	FN	TP	sp|Q5EAC5|ZN410_BOVIN	sp|Q86VK4|ZN410_HUMAN	sp|Q5EAC5|ZN410_BOVIN	0	679	direct_cross_endpoint
A0A2J8PJN9	Q6ZNR0	tr|A0A2J8PJN9|A0A2J8PJN9_PANTR	sp|Q6ZNR0|TMM91_HUMAN	not_scored	FP	sp|A2ANU3|SYNG1_MOUSE	sp|Q6ZNR0|TMM91_HUMAN	sp|A2ANU3|SYNG1_MOUSE	0	942	direct_cross_endpoint
A0A2J8PJU5	Q9NRS6	tr|A0A2J8PJU5|A0A2J8PJU5_PANTR	sp|Q9NRS6|SNX15_HUMAN	not_scored	FP	sp|Q8BLK9|KS6C1_MOUSE	sp|Q148E7|SNX15_BOVIN	sp|Q148E7|SNX15_BOVIN	0	18083	direct_cross_endpoint
A0A2J8PX74	O00626	tr|A0A2J8PX74|A0A2J8PX74_PANTR	sp|O00626|CCL22_HUMAN	not_scored	FP	sp|Q64H35|CCL26_CANLF	sp|O00626|CCL22_HUMAN	sp|O00626|CCL22_HUMAN	0		transitive_union
A0A2J8PX74	P13500	tr|A0A2J8PX74|A0A2J8PX74_PANTR	sp|P13500|CCL2_HUMAN	not_scored	FP	sp|Q64H35|CCL26_CANLF	sp|P10148|CCL2_MOUSE	sp|O00626|CCL22_HUMAN	0	3938	direct_cross_endpoint
A0A2J8PX74	P51671	tr|A0A2J8PX74|A0A2J8PX74_PANTR	sp|P51671|CCL11_HUMAN	not_scored	FP	sp|Q64H35|CCL26_CANLF	sp|P10148|CCL2_MOUSE	sp|O00626|CCL22_HUMAN	0	3938	direct_cross_endpoint
A0A2J8PX74	P80075	tr|A0A2J8PX74|A0A2J8PX74_PANTR	sp|P80075|CCL8_HUMAN	not_scored	FP	sp|Q64H35|CCL26_CANLF	sp|P10148|CCL2_MOUSE	sp|O00626|CCL22_HUMAN	0	3938	direct_cross_endpoint
A0A2J8PX74	P80098	tr|A0A2J8PX74|A0A2J8PX74_PANTR	sp|P80098|CCL7_HUMAN	not_scored	FP	sp|Q64H35|CCL26_CANLF	sp|P10148|CCL2_MOUSE	sp|O00626|CCL22_HUMAN	0	3938	direct_cross_endpoint
A0A2J8PX74	Q99616	tr|A0A2J8PX74|A0A2J8PX74_PANTR	sp|Q99616|CCL13_HUMAN	not_scored	FP	sp|Q64H35|CCL26_CANLF	sp|P10148|CCL2_MOUSE	sp|O00626|CCL22_HUMAN	0	3938	direct_cross_endpoint
A0A2J8PY29	Q9NZL3	tr|A0A2J8PY29|A0A2J8PY29_PANTR	sp|Q9NZL3|ZN224_HUMAN	not_scored	FP	sp|Q14588|ZN234_HUMAN	sp|Q9NZL3|ZN224_HUMAN	sp|Q14588|ZN234_HUMAN	0	937	direct_cross_endpoint
A0A2J8PYZ7	Q6ZVT0	tr|A0A2J8PYZ7|A0A2J8PYZ7_PANTR	sp|Q6ZVT0|TTL10_HUMAN	not_scored	FP	sp|A2APC3|TTLL9_MOUSE	sp|A4Q9F3|TTL10_MOUSE	sp|A2APC3|TTLL9_MOUSE	1	35795	direct_cross_endpoint
A0A2J8PZV0	Q9BSG5	tr|A0A2J8PZV0|A0A2J8PZV0_PANTR	sp|Q9BSG5|RTBDN_HUMAN	not_scored	FP	sp|A6ND01|JUNO_HUMAN	sp|Q4TUC0|RTBDN_CANLF	sp|A6ND01|JUNO_HUMAN	1	38495	direct_cross_endpoint
A0A2J8Q3L2	P06702	tr|A0A2J8Q3L2|A0A2J8Q3L2_PANTR	sp|P06702|S10A9_HUMAN	not_scored	FP	sp|P02638|S100B_BOVIN	sp|P06702|S10A9_HUMAN	sp|P02633|S100G_BOVIN	0	7306	direct_cross_endpoint
A0A2J8Q3L2	P29377	tr|A0A2J8Q3L2|A0A2J8Q3L2_PANTR	sp|P29377|S100G_HUMAN	not_scored	FP	sp|P02638|S100B_BOVIN	sp|P02633|S100G_BOVIN	sp|P02633|S100G_BOVIN	0	8421	direct_cross_endpoint
A0A2J8Q3L2	P33764	tr|A0A2J8Q3L2|A0A2J8Q3L2_PANTR	sp|P33764|S10A3_HUMAN	not_scored	FP	sp|P02638|S100B_BOVIN	sp|P33764|S10A3_HUMAN	sp|P02633|S100G_BOVIN	0	812	direct_cross_endpoint
A0A2J8Q3N5	Q5SY68	tr|A0A2J8Q3N5|A0A2J8Q3N5_PANTR	sp|Q5SY68|S1A7B_HUMAN	not_scored	FP	sp|P31151|S10A7_HUMAN	sp|Q5SY68|S1A7B_HUMAN	sp|P31151|S10A7_HUMAN	0	437	direct_cross_endpoint
A0A2J8Q688	Q9GZS9	tr|A0A2J8Q688|A0A2J8Q688_PANTR	sp|Q9GZS9|CHST5_HUMAN	not_scored	FP	sp|O43916|CHST1_HUMAN	sp|Q9GZS9|CHST5_HUMAN	sp|O43916|CHST1_HUMAN	0	7106	direct_cross_endpoint
A0A2J8Q6W1	Q16581	tr|A0A2J8Q6W1|A0A2J8Q6W1_PANTR	sp|Q16581|C3AR_HUMAN	not_scored	FP	sp|A4FUQ5|FPRS4_MOUSE	sp|O09047|C3AR_MOUSE	sp|A4FUQ5|FPRS4_MOUSE	0	1686	direct_cross_endpoint
A0A2J8Q6W1	Q9P296	tr|A0A2J8Q6W1|A0A2J8Q6W1_PANTR	sp|Q9P296|C5AR2_HUMAN	not_scored	FP	sp|A4FUQ5|FPRS4_MOUSE	sp|Q695P6|C5AR2_RAT	sp|A4FUQ5|FPRS4_MOUSE	0	1545	direct_cross_endpoint
A0A2J8Q707	Q8NHY6	tr|A0A2J8Q707|A0A2J8Q707_PANTR	sp|Q8NHY6|ZFP28_HUMAN	not_scored	FP	sp|Q14587|ZN268_HUMAN	sp|P10078|ZFP28_MOUSE	sp|P10076|ZFP26_MOUSE	0	837	direct_cross_endpoint
A0A2J8Q709	P51508	tr|A0A2J8Q709|A0A2J8Q709_PANTR	sp|P51508|ZNF81_HUMAN	not_scored	FP	sp|P51814|ZNF41_HUMAN	sp|P51508|ZNF81_HUMAN	sp|P51508|ZNF81_HUMAN	0	689	direct_cross_endpoint
A0A2J8Q709	Q9HCZ1	tr|A0A2J8Q709|A0A2J8Q709_PANTR	sp|Q9HCZ1|ZN334_HUMAN	not_scored	FP	sp|P51814|ZNF41_HUMAN	sp|Q9HCZ1|ZN334_HUMAN	sp|P51508|ZNF81_HUMAN	1	34338	direct_cross_endpoint
A0A2J8Q7D1	Q8NHY6	tr|A0A2J8Q7D1|A0A2J8Q7D1_PANTR	sp|Q8NHY6|ZFP28_HUMAN	not_scored	FP	sp|Q14587|ZN268_HUMAN	sp|P10078|ZFP28_MOUSE	sp|P10076|ZFP26_MOUSE	0	837	direct_cross_endpoint
A0A2J8Q7H4	Q8NHY6	tr|A0A2J8Q7H4|A0A2J8Q7H4_PANTR	sp|Q8NHY6|ZFP28_HUMAN	not_scored	FP	sp|Q14587|ZN268_HUMAN	sp|P10078|ZFP28_MOUSE	sp|P10076|ZFP26_MOUSE	0	837	direct_cross_endpoint
A0A2J8QCT9	Q96T54	tr|A0A2J8QCT9|A0A2J8QCT9_PANTR	sp|Q96T54|KCNKH_HUMAN	not_scored	FP	sp|G3V8V5|KCNK4_RAT	sp|Q96T54|KCNKH_HUMAN	sp|G3V8V5|KCNK4_RAT	0	3735	direct_cross_endpoint
A0A2J8QGD5	A8MVW5	tr|A0A2J8QGD5|A0A2J8QGD5_PANTR	sp|A8MVW5|HECA2_HUMAN	not_scored	FP	sp|O75871|CEAM4_HUMAN	sp|A6QQC6|HECA2_BOVIN	sp|A6QQC6|HECA2_BOVIN	1	35687	direct_cross_endpoint
A0A2J8QGD5	Q2WEN9	tr|A0A2J8QGD5|A0A2J8QGD5_PANTR	sp|Q2WEN9|CEA16_HUMAN	not_scored	FP	sp|O75871|CEAM4_HUMAN	sp|D3ZQE1|CEA16_RAT	sp|A6QQC6|HECA2_BOVIN	0	8485	direct_cross_endpoint
A0A2J8QGD5	Q7Z692	tr|A0A2J8QGD5|A0A2J8QGD5_PANTR	sp|Q7Z692|CEA19_HUMAN	not_scored	FP	sp|O75871|CEAM4_HUMAN	sp|Q7Z692|CEA19_HUMAN	sp|A6QQC6|HECA2_BOVIN	1	35797	direct_cross_endpoint
A0A2J8QGD6	A8MVW5	tr|A0A2J8QGD6|A0A2J8QGD6_PANTR	sp|A8MVW5|HECA2_HUMAN	not_scored	FP	sp|O75871|CEAM4_HUMAN	sp|A6QQC6|HECA2_BOVIN	sp|A6QQC6|HECA2_BOVIN	1	35687	direct_cross_endpoint
A0A2J8QGD6	Q2WEN9	tr|A0A2J8QGD6|A0A2J8QGD6_PANTR	sp|Q2WEN9|CEA16_HUMAN	not_scored	FP	sp|O75871|CEAM4_HUMAN	sp|D3ZQE1|CEA16_RAT	sp|A6QQC6|HECA2_BOVIN	0	8485	direct_cross_endpoint
A0A2J8QGD6	Q7Z692	tr|A0A2J8QGD6|A0A2J8QGD6_PANTR	sp|Q7Z692|CEA19_HUMAN	not_scored	FP	sp|O75871|CEAM4_HUMAN	sp|Q7Z692|CEA19_HUMAN	sp|A6QQC6|HECA2_BOVIN	1	35797	direct_cross_endpoint
A0A2J8QHG9	O14842	tr|A0A2J8QHG9|A0A2J8QHG9_PANTR	sp|O14842|FFAR1_HUMAN	not_scored	FP	sp|B2GV46|FFAR3_RAT	sp|O14842|FFAR1_HUMAN	sp|B2GV46|FFAR3_RAT	0	4024	direct_cross_endpoint
A0A2J8QK70	Q495C1	tr|A0A2J8QK70|A0A2J8QK70_PANTR	sp|Q495C1|RN212_HUMAN	not_scored	FP	sp|A8MTL3|R212B_HUMAN	sp|F6TQD1|RN212_MOUSE	sp|A8MTL3|R212B_HUMAN	0	14132	direct_cross_endpoint
A0A2J8QRH8	Q5JV73	tr|A0A2J8QRH8|A0A2J8QRH8_PANTR	sp|Q5JV73|FRPD3_HUMAN	not_scored	FP	sp|A2AKB4|FRPD1_MOUSE	sp|Q5JV73|FRPD3_HUMAN	sp|A2AKB4|FRPD1_MOUSE	0	9740	direct_cross_endpoint
A0A2J8QT42	Q92985	tr|A0A2J8QT42|A0A2J8QT42_PANTR	sp|Q92985|IRF7_HUMAN	not_scored	FP	sp|O14896|IRF6_HUMAN	sp|P70434|IRF7_MOUSE	sp|O14896|IRF6_HUMAN	0	4707	direct_cross_endpoint
A0A2J8QTH4	O60486	tr|A0A2J8QTH4|A0A2J8QTH4_PANTR	sp|O60486|PLXC1_HUMAN	not_scored	FP	sp|B0S5N4|PLXA3_DANRE	sp|O60486|PLXC1_HUMAN	sp|B0S5N4|PLXA3_DANRE	0	2423	direct_cross_endpoint
A0A2J8QW48	P50402	tr|A0A2J8QW48|A0A2J8QW48_PANTR	sp|P50402|EMD_HUMAN	not_scored	FP	sp|O01971|EMR1_CAEEL	sp|O08579|EMD_MOUSE	sp|O01971|EMR1_CAEEL	0	19169	direct_cross_endpoint
A0A2J8QWV2	Q5FWE3	tr|A0A2J8QWV2|A0A2J8QWV2_PANTR	sp|Q5FWE3|PRRT3_HUMAN	not_scored	FP	sp|B2RU40|PRRT4_MOUSE	sp|Q5FWE3|PRRT3_HUMAN	sp|B2RU40|PRRT4_MOUSE	1	35606	direct_cross_endpoint
A0A2J8QXQ3	O00458	tr|A0A2J8QXQ3|A0A2J8QXQ3_PANTR	sp|O00458|IFRD1_HUMAN	not_scored	FP	sp|A5PK14|LSME1_BOVIN	sp|O00458|IFRD1_HUMAN	sp|A5PK14|LSME1_BOVIN	0	27891	direct_cross_endpoint
A0A2J8QXQ3	Q12894	tr|A0A2J8QXQ3|A0A2J8QXQ3_PANTR	sp|Q12894|IFRD2_HUMAN	not_scored	FP	sp|A5PK14|LSME1_BOVIN	sp|O00458|IFRD1_HUMAN	sp|A5PK14|LSME1_BOVIN	0	27891	direct_cross_endpoint
A0A2K6I2A9	Q96G30	tr|A0A2K6I2A9|A0A2K6I2A9_PANTR	sp|Q96G30|MRAP2_HUMAN	not_scored	FP	sp|Q68UT4|MRAP_PANTR	sp|D3Z1Q2|MRAP2_MOUSE	sp|D3Z1Q2|MRAP2_MOUSE	0	14436	direct_cross_endpoint
A0A3Q1LFQ5	O15085	tr|A0A3Q1LFQ5|A0A3Q1LFQ5_BOVIN	sp|O15085|ARHGB_HUMAN	not_scored	FP	sp|Q61210|ARHG1_MOUSE	sp|O15085|ARHGB_HUMAN	sp|O15085|ARHGB_HUMAN	0	9195	direct_cross_endpoint
A0A3Q1LNE2	H2QGF2	tr|A0A3Q1LNE2|A0A3Q1LNE2_BOVIN	tr|H2QGF2|H2QGF2_PANTR	not_scored	FP	sp|O15085|ARHGB_HUMAN	sp|Q61210|ARHG1_MOUSE	sp|O15085|ARHGB_HUMAN	0	9195	direct_cross_endpoint
A0A3Q1LNE2	Q92888	tr|A0A3Q1LNE2|A0A3Q1LNE2_BOVIN	sp|Q92888|ARHG1_HUMAN	not_scored	FP	sp|O15085|ARHGB_HUMAN	sp|Q61210|ARHG1_MOUSE	sp|O15085|ARHGB_HUMAN	0	9195	direct_cross_endpoint
A0A3Q1LNT3	A0A5F4CC07	tr|A0A3Q1LNT3|A0A3Q1LNT3_BOVIN	tr|A0A5F4CC07|A0A5F4CC07_CANLF	not_scored	FP	tr|A0A3Q1LNT3|A0A3Q1LNT3_BOVIN	tr|A0A3Q1NMY0|A0A3Q1NMY0_BOVIN	tr|A0A2I3RCJ1|A0A2I3RCJ1_PANTR	0	1368	direct_cross_endpoint
A0A3Q1LNT3	A0A5F4CIN6	tr|A0A3Q1LNT3|A0A3Q1LNT3_BOVIN	tr|A0A5F4CIN6|A0A5F4CIN6_CANLF	FN	TP	tr|A0A3Q1LNT3|A0A3Q1LNT3_BOVIN	tr|A0A3Q1NMY0|A0A3Q1NMY0_BOVIN	tr|A0A2I3RCJ1|A0A2I3RCJ1_PANTR	0	1368	direct_cross_endpoint
A0A3Q1LNT3	E2R8V1	tr|A0A3Q1LNT3|A0A3Q1LNT3_BOVIN	tr|E2R8V1|E2R8V1_CANLF	not_scored	FP	tr|A0A3Q1LNT3|A0A3Q1LNT3_BOVIN	tr|A0A3Q1NMY0|A0A3Q1NMY0_BOVIN	tr|A0A2I3RCJ1|A0A2I3RCJ1_PANTR	0	1368	direct_cross_endpoint
A0A3Q1LX43	H2RA81	tr|A0A3Q1LX43|A0A3Q1LX43_BOVIN	tr|H2RA81|H2RA81_PANTR	FN	TP	tr|A0A3Q1LX43|A0A3Q1LX43_BOVIN	sp|A1L1C7|PAN3_XENTR	sp|A1L1C7|PAN3_XENTR	0	13881	direct_cross_endpoint
A0A3Q1LX43	J9PBG4	tr|A0A3Q1LX43|A0A3Q1LX43_BOVIN	tr|J9PBG4|J9PBG4_CANLF	FN	TP	tr|A0A3Q1LX43|A0A3Q1LX43_BOVIN	sp|A1L1C7|PAN3_XENTR	sp|A1L1C7|PAN3_XENTR	0	13881	direct_cross_endpoint
A0A3Q1LX43	Q58A45	tr|A0A3Q1LX43|A0A3Q1LX43_BOVIN	sp|Q58A45|PAN3_HUMAN	FN	TP	tr|A0A3Q1LX43|A0A3Q1LX43_BOVIN	sp|A1L1C7|PAN3_XENTR	sp|A1L1C7|PAN3_XENTR	0	13881	direct_cross_endpoint
A0A3Q1LY13	A0A5F4D0X3	tr|A0A3Q1LY13|A0A3Q1LY13_BOVIN	tr|A0A5F4D0X3|A0A5F4D0X3_CANLF	not_scored	FP	sp|Q8NGI9|OR5A2_HUMAN	tr|A0A5F4D0X3|A0A5F4D0X3_CANLF	sp|P0C629|O10J4_HUMAN	1	34227	direct_cross_endpoint
A0A3Q1LY13	J9PA95	tr|A0A3Q1LY13|A0A3Q1LY13_BOVIN	tr|J9PA95|J9PA95_CANLF	not_scored	FP	sp|Q8NGI9|OR5A2_HUMAN	sp|P0C629|O10J4_HUMAN	sp|P0C629|O10J4_HUMAN	0	165	direct_cross_endpoint
A0A3Q1MDJ2	Q13547	tr|A0A3Q1MDJ2|A0A3Q1MDJ2_BOVIN	sp|Q13547|HDAC1_HUMAN	not_scored	FP	sp|Q12214|HOS1_YEAST	sp|B1H369|HDAC8_XENTR	sp|B1H369|HDAC8_XENTR	0	8249	direct_cross_endpoint
A0A3Q1MDJ2	Q9BY41	tr|A0A3Q1MDJ2|A0A3Q1MDJ2_BOVIN	sp|Q9BY41|HDAC8_HUMAN	FN	TP	sp|Q12214|HOS1_YEAST	sp|B1H369|HDAC8_XENTR	sp|B1H369|HDAC8_XENTR	0	8249	direct_cross_endpoint
A0A3Q1MEE0	F1PBZ2	tr|A0A3Q1MEE0|A0A3Q1MEE0_BOVIN	tr|F1PBZ2|F1PBZ2_CANLF	not_scored	FP	sp|Q8NGF7|OR5BH_HUMAN	sp|Q8NGR4|OR5C1_HUMAN	sp|Q8NGF7|OR5BH_HUMAN	0	135	direct_cross_endpoint
A0A3Q1MEE0	Q8NGR4	tr|A0A3Q1MEE0|A0A3Q1MEE0_BOVIN	sp|Q8NGR4|OR5C1_HUMAN	not_scored	FP	sp|Q8NGF7|OR5BH_HUMAN	sp|Q8NGR4|OR5C1_HUMAN	sp|Q8NGF7|OR5BH_HUMAN	0	135	direct_cross_endpoint
A0A3Q1MND5	H2Q0D5	tr|A0A3Q1MND5|A0A3Q1MND5_BOVIN	tr|H2Q0D5|H2Q0D5_PANTR	not_scored	FP	sp|P0C673|IGS11_MOUSE	sp|P0DPA2|VSIG8_HUMAN	sp|P0C673|IGS11_MOUSE	0	3161	direct_cross_endpoint
A0A3Q1MND5	P0DPA2	tr|A0A3Q1MND5|A0A3Q1MND5_BOVIN	sp|P0DPA2|VSIG8_HUMAN	not_scored	FP	sp|P0C673|IGS11_MOUSE	sp|P0DPA2|VSIG8_HUMAN	sp|P0C673|IGS11_MOUSE	0	3161	direct_cross_endpoint
A0A3Q1MP23	F1PKZ9	tr|A0A3Q1MP23|A0A3Q1MP23_BOVIN	tr|F1PKZ9|F1PKZ9_CANLF	not_scored	FP	sp|Q2YDE8|FA71D_BOVIN	sp|Q5STT6|FA71B_MOUSE	sp|Q2YDE8|FA71D_BOVIN	0	4178	direct_cross_endpoint
A0A3Q1MP23	H2QRW2	tr|A0A3Q1MP23|A0A3Q1MP23_BOVIN	tr|H2QRW2|H2QRW2_PANTR	not_scored	FP	sp|Q2YDE8|FA71D_BOVIN	sp|Q5STT6|FA71B_MOUSE	sp|Q2YDE8|FA71D_BOVIN	0	4178	direct_cross_endpoint
A0A3Q1MP23	Q8TC56	tr|A0A3Q1MP23|A0A3Q1MP23_BOVIN	sp|Q8TC56|FA71B_HUMAN	not_scored	FP	sp|Q2YDE8|FA71D_BOVIN	sp|Q5STT6|FA71B_MOUSE	sp|Q2YDE8|FA71D_BOVIN	0	4178	direct_cross_endpoint
A0A3Q1MUY8	A0A5F4C1C1	tr|A0A3Q1MUY8|A0A3Q1MUY8_BOVIN	tr|A0A5F4C1C1|A0A5F4C1C1_CANLF	not_scored	FP	sp|Q8NGC1|O11G2_HUMAN	sp|Q60889|OLF5_MOUSE	sp|Q60889|OLF5_MOUSE	0	229	direct_cross_endpoint
A0A3Q1MWT0	Q8NGR9	tr|A0A3Q1MWT0|A0A3Q1MWT0_BOVIN	sp|Q8NGR9|OR1N2_HUMAN	not_scored	FP	sp|Q8N349|OR2LD_HUMAN	sp|Q8NGR9|OR1N2_HUMAN	sp|Q8N349|OR2LD_HUMAN	1	34209	direct_cross_endpoint
A0A3Q1N276	A0A5F4C1C1	tr|A0A3Q1N276|A0A3Q1N276_BOVIN	tr|A0A5F4C1C1|A0A5F4C1C1_CANLF	not_scored	FP	sp|Q8NGC1|O11G2_HUMAN	sp|Q60889|OLF5_MOUSE	sp|Q60889|OLF5_MOUSE	0	229	direct_cross_endpoint
A0A3Q1N3W4	F1PBZ2	tr|A0A3Q1N3W4|A0A3Q1N3W4_BOVIN	tr|F1PBZ2|F1PBZ2_CANLF	not_scored	FP	sp|Q8NGF7|OR5BH_HUMAN	sp|Q8NGR4|OR5C1_HUMAN	sp|Q8NGF7|OR5BH_HUMAN	0	135	direct_cross_endpoint
A0A3Q1N3W4	Q8NGR4	tr|A0A3Q1N3W4|A0A3Q1N3W4_BOVIN	sp|Q8NGR4|OR5C1_HUMAN	not_scored	FP	sp|Q8NGF7|OR5BH_HUMAN	sp|Q8NGR4|OR5C1_HUMAN	sp|Q8NGF7|OR5BH_HUMAN	0	135	direct_cross_endpoint
A0A3Q1N450	H2Q510	tr|A0A3Q1N450|A0A3Q1N450_BOVIN	tr|H2Q510|H2Q510_PANTR	FN	TP	tr|A0A3Q1N450|A0A3Q1N450_BOVIN	sp|P34983|O1537_MOUSE	sp|P34983|O1537_MOUSE	0	564	direct_cross_endpoint
A0A3Q1N450	Q8NG78	tr|A0A3Q1N450|A0A3Q1N450_BOVIN	sp|Q8NG78|OR8G5_HUMAN	FN	TP	tr|A0A3Q1N450|A0A3Q1N450_BOVIN	sp|P34983|O1537_MOUSE	sp|P34983|O1537_MOUSE	0	564	direct_cross_endpoint
A0A3Q1NG62	Q8NGA5	tr|A0A3Q1NG62|A0A3Q1NG62_BOVIN	sp|Q8NGA5|O10H4_HUMAN	FN	TP	sp|O60404|O10H3_HUMAN	sp|Q8NGA5|O10H4_HUMAN	sp|O60404|O10H3_HUMAN	0	394	direct_cross_endpoint
A0A3Q1NHI6	H2R324	tr|A0A3Q1NHI6|A0A3Q1NHI6_BOVIN	tr|H2R324|H2R324_PANTR	FN	TP	tr|A0A3Q1NHI6|A0A3Q1NHI6_BOVIN	sp|Q2T9N1|F1142_BOVIN	sp|Q2T9N1|F1142_BOVIN	0	17860	direct_cross_endpoint
A0A3Q1NHI6	Q8IWE2	tr|A0A3Q1NHI6|A0A3Q1NHI6_BOVIN	sp|Q8IWE2|NXP20_HUMAN	FN	TP	tr|A0A3Q1NHI6|A0A3Q1NHI6_BOVIN	sp|Q2T9N1|F1142_BOVIN	sp|Q2T9N1|F1142_BOVIN	0	17860	direct_cross_endpoint
A0A3Q1NHI6	Q9NRY5	tr|A0A3Q1NHI6|A0A3Q1NHI6_BOVIN	sp|Q9NRY5|F1142_HUMAN	not_scored	FP	tr|A0A3Q1NHI6|A0A3Q1NHI6_BOVIN	sp|Q2T9N1|F1142_BOVIN	sp|Q2T9N1|F1142_BOVIN	0	17860	direct_cross_endpoint
A0A3Q1NK60	F1PBY4	tr|A0A3Q1NK60|A0A3Q1NK60_BOVIN	tr|F1PBY4|F1PBY4_CANLF	not_scored	FP	sp|Q8NGR2|OR1L6_HUMAN	tr|F1PBY4|F1PBY4_CANLF	sp|Q8NGR2|OR1L6_HUMAN	0	803	direct_cross_endpoint
A0A3Q1NK60	J9JH98	tr|A0A3Q1NK60|A0A3Q1NK60_BOVIN	tr|J9JH98|J9JH98_CANLF	FN	TP	sp|Q8NGR2|OR1L6_HUMAN	tr|J9JH98|J9JH98_CANLF	sp|Q8NGR2|OR1L6_HUMAN	0	610	direct_cross_endpoint
A0A3Q1NLX8	A0A5F4D0X3	tr|A0A3Q1NLX8|A0A3Q1NLX8_BOVIN	tr|A0A5F4D0X3|A0A5F4D0X3_CANLF	FN	TP	sp|Q8NGI9|OR5A2_HUMAN	tr|A0A5F4D0X3|A0A5F4D0X3_CANLF	sp|P0C629|O10J4_HUMAN	1	34227	direct_cross_endpoint
A0A3Q1NLX8	J9PA95	tr|A0A3Q1NLX8|A0A3Q1NLX8_BOVIN	tr|J9PA95|J9PA95_CANLF	not_scored	FP	sp|Q8NGI9|OR5A2_HUMAN	sp|P0C629|O10J4_HUMAN	sp|P0C629|O10J4_HUMAN	0	165	direct_cross_endpoint
A0A3Q1NLX8	P0C629	tr|A0A3Q1NLX8|A0A3Q1NLX8_BOVIN	sp|P0C629|O10J4_HUMAN	not_scored	FP	sp|Q8NGI9|OR5A2_HUMAN	sp|P0C629|O10J4_HUMAN	sp|P0C629|O10J4_HUMAN	0	165	direct_cross_endpoint
A0A3Q1NLX8	Q5JRS4	tr|A0A3Q1NLX8|A0A3Q1NLX8_BOVIN	sp|Q5JRS4|O10J3_HUMAN	not_scored	FP	sp|Q8NGI9|OR5A2_HUMAN	sp|P0C629|O10J4_HUMAN	sp|P0C629|O10J4_HUMAN	0	165	direct_cross_endpoint
A0A3Q1NLX8	Q8NGI8	tr|A0A3Q1NLX8|A0A3Q1NLX8_BOVIN	sp|Q8NGI8|O5AN1_HUMAN	FN	TP	sp|Q8NGI9|OR5A2_HUMAN	sp|Q8NGI8|O5AN1_HUMAN	sp|P0C629|O10J4_HUMAN	0	256	direct_cross_endpoint
A0A5F4BPK4	A6NG13	tr|A0A5F4BPK4|A0A5F4BPK4_CANLF	sp|A6NG13|MGT4D_HUMAN	not_scored	FP	sp|A4IID1|MGT4A_XENTR	sp|A6NG13|MGT4D_HUMAN	sp|A4IID1|MGT4A_XENTR	0	14394	direct_cross_endpoint
A0A5F4BPK4	H2R9X8	tr|A0A5F4BPK4|A0A5F4BPK4_CANLF	tr|H2R9X8|H2R9X8_PANTR	not_scored	FP	sp|A4IID1|MGT4A_XENTR	sp|A6NG13|MGT4D_HUMAN	sp|A4IID1|MGT4A_XENTR	0	14394	direct_cross_endpoint
A0A5F4BRL3	H2QAV7	tr|A0A5F4BRL3|A0A5F4BRL3_CANLF	tr|H2QAV7|H2QAV7_PANTR	FN	TP	tr|A0A5F4BRL3|A0A5F4BRL3_CANLF	sp|O14735|CDIPT_HUMAN	sp|O14735|CDIPT_HUMAN	0	25493	direct_cross_endpoint
A0A5F4BRL3	O14735	tr|A0A5F4BRL3|A0A5F4BRL3_CANLF	sp|O14735|CDIPT_HUMAN	FN	TP	tr|A0A5F4BRL3|A0A5F4BRL3_CANLF	sp|O14735|CDIPT_HUMAN	sp|O14735|CDIPT_HUMAN	0	25493	direct_cross_endpoint
A0A5F4BT04	H2R352	tr|A0A5F4BT04|A0A5F4BT04_CANLF	tr|H2R352|H2R352_PANTR	FN	TP	tr|A0A5F4BT04|A0A5F4BT04_CANLF	sp|A7MC64|RTN1_XENTR	sp|A7MC64|RTN1_XENTR	0	15231	direct_cross_endpoint
A0A5F4BT04	H2RAY1	tr|A0A5F4BT04|A0A5F4BT04_CANLF	tr|H2RAY1|H2RAY1_PANTR	not_scored	FP	tr|A0A5F4BT04|A0A5F4BT04_CANLF	sp|A7MC64|RTN1_XENTR	sp|A7MC64|RTN1_XENTR	0	15231	direct_cross_endpoint
A0A5F4BT04	O75298	tr|A0A5F4BT04|A0A5F4BT04_CANLF	sp|O75298|RTN2_HUMAN	not_scored	FP	tr|A0A5F4BT04|A0A5F4BT04_CANLF	sp|O70622|RTN2_MOUSE	sp|A7MC64|RTN1_XENTR	0		transitive_union
A0A5F4BT04	Q16799	tr|A0A5F4BT04|A0A5F4BT04_CANLF	sp|Q16799|RTN1_HUMAN	FN	TP	tr|A0A5F4BT04|A0A5F4BT04_CANLF	sp|A7MC64|RTN1_XENTR	sp|A7MC64|RTN1_XENTR	0	15231	direct_cross_endpoint
A0A5F4BT04	Q9NQC3	tr|A0A5F4BT04|A0A5F4BT04_CANLF	sp|Q9NQC3|RTN4_HUMAN	not_scored	FP	tr|A0A5F4BT04|A0A5F4BT04_CANLF	sp|A7MC64|RTN1_XENTR	sp|A7MC64|RTN1_XENTR	0	15231	direct_cross_endpoint
A0A5F4BT66	H2R352	tr|A0A5F4BT66|A0A5F4BT66_CANLF	tr|H2R352|H2R352_PANTR	not_scored	FP	sp|O70622|RTN2_MOUSE	sp|A7MC64|RTN1_XENTR	sp|A7MC64|RTN1_XENTR	0	6580	direct_cross_endpoint
A0A5F4BT66	H2RAY1	tr|A0A5F4BT66|A0A5F4BT66_CANLF	tr|H2RAY1|H2RAY1_PANTR	not_scored	FP	sp|O70622|RTN2_MOUSE	sp|A7MC64|RTN1_XENTR	sp|A7MC64|RTN1_XENTR	0	6580	direct_cross_endpoint
A0A5F4BT66	Q16799	tr|A0A5F4BT66|A0A5F4BT66_CANLF	sp|Q16799|RTN1_HUMAN	not_scored	FP	sp|O70622|RTN2_MOUSE	sp|A7MC64|RTN1_XENTR	sp|A7MC64|RTN1_XENTR	0	6580	direct_cross_endpoint
A0A5F4BT66	Q9NQC3	tr|A0A5F4BT66|A0A5F4BT66_CANLF	sp|Q9NQC3|RTN4_HUMAN	not_scored	FP	sp|O70622|RTN2_MOUSE	sp|A7MC64|RTN1_XENTR	sp|A7MC64|RTN1_XENTR	0	6580	direct_cross_endpoint
A0A5F4BUS3	Q8IXH8	tr|A0A5F4BUS3|A0A5F4BUS3_CANLF	sp|Q8IXH8|CAD26_HUMAN	FN	TP	sp|P59862|CAD26_MOUSE	sp|Q8IXH8|CAD26_HUMAN	sp|P59862|CAD26_MOUSE	0	1563	direct_cross_endpoint
A0A5F4BW81	Q8N3X6	tr|A0A5F4BW81|A0A5F4BW81_CANLF	sp|Q8N3X6|LCORL_HUMAN	FN	TP	tr|A0A2I3RW59|A0A2I3RW59_PANTR	sp|Q3U285|LCORL_MOUSE	sp|Q3TNU4|YD021_MOUSE	0	32604	direct_cross_endpoint
A0A5F4C1C1	F1MI77	tr|A0A5F4C1C1|A0A5F4C1C1_CANLF	tr|F1MI77|F1MI77_BOVIN	not_scored	FP	sp|Q60889|OLF5_MOUSE	sp|Q8NGC1|O11G2_HUMAN	sp|Q60889|OLF5_MOUSE	0	229	direct_cross_endpoint
A0A5F4C1C1	F1MN82	tr|A0A5F4C1C1|A0A5F4C1C1_CANLF	tr|F1MN82|F1MN82_BOVIN	not_scored	FP	sp|Q60889|OLF5_MOUSE	sp|Q8NGC1|O11G2_HUMAN	sp|Q60889|OLF5_MOUSE	0	229	direct_cross_endpoint
A0A5F4C1C1	F1MVU3	tr|A0A5F4C1C1|A0A5F4C1C1_CANLF	tr|F1MVU3|F1MVU3_BOVIN	not_scored	FP	sp|Q60889|OLF5_MOUSE	sp|Q8NGC1|O11G2_HUMAN	sp|Q60889|OLF5_MOUSE	0	229	direct_cross_endpoint
A0A5F4C1C1	F1MXP1	tr|A0A5F4C1C1|A0A5F4C1C1_CANLF	tr|F1MXP1|F1MXP1_BOVIN	not_scored	FP	sp|Q60889|OLF5_MOUSE	sp|Q8NGC1|O11G2_HUMAN	sp|Q60889|OLF5_MOUSE	0	229	direct_cross_endpoint
A0A5F4C1C1	F1N5L9	tr|A0A5F4C1C1|A0A5F4C1C1_CANLF	tr|F1N5L9|F1N5L9_BOVIN	not_scored	FP	sp|Q60889|OLF5_MOUSE	sp|Q8NGC1|O11G2_HUMAN	sp|Q60889|OLF5_MOUSE	0	229	direct_cross_endpoint
A0A5F4C1C1	G3MYS2	tr|A0A5F4C1C1|A0A5F4C1C1_CANLF	tr|G3MYS2|G3MYS2_BOVIN	not_scored	FP	sp|Q60889|OLF5_MOUSE	sp|Q8NGC1|O11G2_HUMAN	sp|Q60889|OLF5_MOUSE	0	229	direct_cross_endpoint
A0A5F4C1C1	G5E6Q1	tr|A0A5F4C1C1|A0A5F4C1C1_CANLF	tr|G5E6Q1|G5E6Q1_BOVIN	not_scored	FP	sp|Q60889|OLF5_MOUSE	sp|Q8NGC1|O11G2_HUMAN	sp|Q60889|OLF5_MOUSE	0	229	direct_cross_endpoint
A0A5F4CB29	A5PKK1	tr|A0A5F4CB29|A0A5F4CB29_CANLF	tr|A5PKK1|A5PKK1_BOVIN	FN	TP	tr|A0A1P8ATB1|A0A1P8ATB1_ARATH	sp|Q568K5|NAA40_DANRE	sp|Q568K5|NAA40_DANRE	0	16592	direct_cross_endpoint
A0A5F4CB29	H2R5B5	tr|A0A5F4CB29|A0A5F4CB29_CANLF	tr|H2R5B5|H2R5B5_PANTR	FN	TP	tr|A0A1P8ATB1|A0A1P8ATB1_ARATH	sp|Q568K5|NAA40_DANRE	sp|Q568K5|NAA40_DANRE	0	16592	direct_cross_endpoint
A0A5F4CB29	Q86UY6	tr|A0A5F4CB29|A0A5F4CB29_CANLF	sp|Q86UY6|NAA40_HUMAN	FN	TP	tr|A0A1P8ATB1|A0A1P8ATB1_ARATH	sp|Q568K5|NAA40_DANRE	sp|Q568K5|NAA40_DANRE	0	16592	direct_cross_endpoint
A0A5F4CDP4	G3X828	tr|A0A5F4CDP4|A0A5F4CDP4_CANLF	tr|G3X828|G3X828_BOVIN	FN	TP	tr|A0A5F4CDP4|A0A5F4CDP4_CANLF	sp|Q8NGS6|O13C3_HUMAN	sp|P0DN81|O13C7_HUMAN	1	34223	direct_cross_endpoint
A0A5F4CDP4	H2QXM2	tr|A0A5F4CDP4|A0A5F4CDP4_CANLF	tr|H2QXM2|H2QXM2_PANTR	FN	TP	tr|A0A5F4CDP4|A0A5F4CDP4_CANLF	sp|Q8NGS6|O13C3_HUMAN	sp|P0DN81|O13C7_HUMAN	1	34223	direct_cross_endpoint
A0A5F4CDP4	Q8NGS6	tr|A0A5F4CDP4|A0A5F4CDP4_CANLF	sp|Q8NGS6|O13C3_HUMAN	FN	TP	tr|A0A5F4CDP4|A0A5F4CDP4_CANLF	sp|Q8NGS6|O13C3_HUMAN	sp|P0DN81|O13C7_HUMAN	1	34223	direct_cross_endpoint
A0A5F4CHA4	Q13126	tr|A0A5F4CHA4|A0A5F4CHA4_CANLF	sp|Q13126|MTAP_HUMAN	FN	TP	tr|A0A5F4CHA4|A0A5F4CHA4_CANLF	sp|A7EAA1|MTAP_SCLS1	sp|A7EAA1|MTAP_SCLS1	0	12259	direct_cross_endpoint
A0A5F4CJI9	K7BWL3	tr|A0A5F4CJI9|A0A5F4CJI9_CANLF	tr|K7BWL3|K7BWL3_PANTR	FN	TP	sp|Q21921|SIR2_CAEEL	sp|P53686|HST2_YEAST	sp|O59923|SIR2_CANAL	0	15953	direct_cross_endpoint
A0A5F4CJI9	Q8IXJ6	tr|A0A5F4CJI9|A0A5F4CJI9_CANLF	sp|Q8IXJ6|SIR2_HUMAN	FN	TP	sp|Q21921|SIR2_CAEEL	sp|P53686|HST2_YEAST	sp|O59923|SIR2_CANAL	0	15953	direct_cross_endpoint
A0A5F4CLD6	P78411	tr|A0A5F4CLD6|A0A5F4CLD6_CANLF	sp|P78411|IRX5_HUMAN	FN	TP	tr|A0A5F4CLD6|A0A5F4CLD6_CANLF	sp|P54269|CAUP_DROME	sp|P54269|CAUP_DROME	0	9059	direct_cross_endpoint
A0A5F4CLD6	P78413	tr|A0A5F4CLD6|A0A5F4CLD6_CANLF	sp|P78413|IRX4_HUMAN	not_scored	FP	tr|A0A5F4CLD6|A0A5F4CLD6_CANLF	sp|P54269|CAUP_DROME	sp|P54269|CAUP_DROME	0	9059	direct_cross_endpoint
A0A5F4CLN7	F1MP80	tr|A0A5F4CLN7|A0A5F4CLN7_CANLF	tr|F1MP80|F1MP80_BOVIN	not_scored	FP	sp|P34985|OL143_MOUSE	tr|F1MP80|F1MP80_BOVIN	sp|P34985|OL143_MOUSE	1	34262	direct_cross_endpoint
A0A5F4CMV4	H2QES5	tr|A0A5F4CMV4|A0A5F4CMV4_CANLF	tr|H2QES5|H2QES5_PANTR	not_scored	FP	sp|O88775|EMB_RAT	sp|P17790|BASI_CHICK	sp|O88775|EMB_RAT	0	8497	direct_cross_endpoint
A0A5F4CMV4	P35613	tr|A0A5F4CMV4|A0A5F4CMV4_CANLF	sp|P35613|BASI_HUMAN	not_scored	FP	sp|O88775|EMB_RAT	sp|P17790|BASI_CHICK	sp|O88775|EMB_RAT	0	8497	direct_cross_endpoint
A0A5F4CUH1	H2RBC2	tr|A0A5F4CUH1|A0A5F4CUH1_CANLF	tr|H2RBC2|H2RBC2_PANTR	FN	TP	tr|A0A5F4CUH1|A0A5F4CUH1_CANLF	sp|Q0VFP6|CXXC4_XENTR	sp|Q0VFP6|CXXC4_XENTR	0	15893	direct_cross_endpoint
A0A5F4CUH1	Q9H2H0	tr|A0A5F4CUH1|A0A5F4CUH1_CANLF	sp|Q9H2H0|CXXC4_HUMAN	FN	TP	tr|A0A5F4CUH1|A0A5F4CUH1_CANLF	sp|Q0VFP6|CXXC4_XENTR	sp|Q0VFP6|CXXC4_XENTR	0	15893	direct_cross_endpoint
A0A5F4CUU7	H2QZG5	tr|A0A5F4CUU7|A0A5F4CUU7_CANLF	tr|H2QZG5|H2QZG5_PANTR	FN	TP	tr|A0A5F4CUU7|A0A5F4CUU7_CANLF	sp|Q8NDW4|ZN248_HUMAN	sp|Q8NDW4|ZN248_HUMAN	0	1201	direct_cross_endpoint
A0A5F4CUU7	Q8NDW4	tr|A0A5F4CUU7|A0A5F4CUU7_CANLF	sp|Q8NDW4|ZN248_HUMAN	FN	TP	tr|A0A5F4CUU7|A0A5F4CUU7_CANLF	sp|Q8NDW4|ZN248_HUMAN	sp|Q8NDW4|ZN248_HUMAN	0	1201	direct_cross_endpoint
A0A5F4CUY4	K7DDP9	tr|A0A5F4CUY4|A0A5F4CUY4_CANLF	tr|K7DDP9|K7DDP9_PANTR	FN	TP	tr|A0A5F4CUY4|A0A5F4CUY4_CANLF	sp|A3RF36|AL3A1_CANLF	sp|A3RF36|AL3A1_CANLF	0	9310	direct_cross_endpoint
A0A5F4CUY4	P43353	tr|A0A5F4CUY4|A0A5F4CUY4_CANLF	sp|P43353|AL3B1_HUMAN	not_scored	FP	tr|A0A5F4CUY4|A0A5F4CUY4_CANLF	sp|A3RF36|AL3A1_CANLF	sp|A3RF36|AL3A1_CANLF	0	9310	direct_cross_endpoint
A0A5F4CUY4	P51648	tr|A0A5F4CUY4|A0A5F4CUY4_CANLF	sp|P51648|AL3A2_HUMAN	FN	TP	tr|A0A5F4CUY4|A0A5F4CUY4_CANLF	sp|A3RF36|AL3A1_CANLF	sp|A3RF36|AL3A1_CANLF	0	9310	direct_cross_endpoint
A0A5F4CYS7	H2QRQ7	tr|A0A5F4CYS7|A0A5F4CYS7_CANLF	tr|H2QRQ7|H2QRQ7_PANTR	not_scored	FP	sp|P01001|ISK6_BOVIN	sp|O35679|ISK4_MOUSE	sp|O35679|ISK4_MOUSE	0	4109	direct_cross_endpoint
A0A5F4CYS7	P00995	tr|A0A5F4CYS7|A0A5F4CYS7_CANLF	sp|P00995|ISK1_HUMAN	not_scored	FP	sp|P01001|ISK6_BOVIN	sp|O35679|ISK4_MOUSE	sp|O35679|ISK4_MOUSE	0	4109	direct_cross_endpoint
A0A5F4CYS7	P20155	tr|A0A5F4CYS7|A0A5F4CYS7_CANLF	sp|P20155|ISK2_HUMAN	not_scored	FP	sp|P01001|ISK6_BOVIN	sp|O35679|ISK4_MOUSE	sp|O35679|ISK4_MOUSE	0	4109	direct_cross_endpoint
A0A5F4CYS7	Q6IE38	tr|A0A5F4CYS7|A0A5F4CYS7_CANLF	sp|Q6IE38|ISK14_HUMAN	not_scored	FP	sp|P01001|ISK6_BOVIN	sp|Q6IE38|ISK14_HUMAN	sp|O35679|ISK4_MOUSE	1	38274	direct_cross_endpoint
A0A5F4D0P6	H2QRN9	tr|A0A5F4D0P6|A0A5F4D0P6_CANLF	tr|H2QRN9|H2QRN9_PANTR	not_scored	FP	sp|O13875|YE1A_SCHPO	sp|P60924|DELE1_RAT	sp|O13875|YE1A_SCHPO	0	8813	direct_cross_endpoint
A0A5F4D0P6	Q14154	tr|A0A5F4D0P6|A0A5F4D0P6_CANLF	sp|Q14154|DELE1_HUMAN	not_scored	FP	sp|O13875|YE1A_SCHPO	sp|P60924|DELE1_RAT	sp|O13875|YE1A_SCHPO	0	8813	direct_cross_endpoint
A0A5F4D0X3	E1B9H9	tr|A0A5F4D0X3|A0A5F4D0X3_CANLF	tr|E1B9H9|E1B9H9_BOVIN	not_scored	FP	tr|A0A5F4D0X3|A0A5F4D0X3_CANLF	sp|P0C629|O10J4_HUMAN	sp|P0C629|O10J4_HUMAN	1	34227	direct_cross_endpoint
A0A5F4D0X3	P0C629	tr|A0A5F4D0X3|A0A5F4D0X3_CANLF	sp|P0C629|O10J4_HUMAN	not_scored	FP	tr|A0A5F4D0X3|A0A5F4D0X3_CANLF	sp|P0C629|O10J4_HUMAN	sp|P0C629|O10J4_HUMAN	1	34227	direct_cross_endpoint
A0A5F4D0X3	Q8NGI8	tr|A0A5F4D0X3|A0A5F4D0X3_CANLF	sp|Q8NGI8|O5AN1_HUMAN	FN	TP	tr|A0A5F4D0X3|A0A5F4D0X3_CANLF	sp|Q8NGI8|O5AN1_HUMAN	sp|P0C629|O10J4_HUMAN	1	34227	direct_cross_endpoint
A0A5F4D0X3	Q8NGI9	tr|A0A5F4D0X3|A0A5F4D0X3_CANLF	sp|Q8NGI9|OR5A2_HUMAN	not_scored	FP	tr|A0A5F4D0X3|A0A5F4D0X3_CANLF	sp|Q8NGI9|OR5A2_HUMAN	sp|P0C629|O10J4_HUMAN	1	34227	direct_cross_endpoint
A0A5F4D776	H2R706	tr|A0A5F4D776|A0A5F4D776_CANLF	tr|H2R706|H2R706_PANTR	not_scored	FP	sp|Q7TT52|PP14D_MOUSE	sp|Q62084|PP14B_MOUSE	sp|Q62084|PP14B_MOUSE	0	12853	direct_cross_endpoint
A0A5F4D776	K7AYU7	tr|A0A5F4D776|A0A5F4D776_CANLF	tr|K7AYU7|K7AYU7_PANTR	not_scored	FP	sp|Q7TT52|PP14D_MOUSE	sp|Q62084|PP14B_MOUSE	sp|Q62084|PP14B_MOUSE	0	12853	direct_cross_endpoint
A0A5F4D776	Q96A00	tr|A0A5F4D776|A0A5F4D776_CANLF	sp|Q96A00|PP14A_HUMAN	not_scored	FP	sp|Q7TT52|PP14D_MOUSE	sp|Q62084|PP14B_MOUSE	sp|Q62084|PP14B_MOUSE	0	12853	direct_cross_endpoint
A0A5F4D776	Q96C90	tr|A0A5F4D776|A0A5F4D776_CANLF	sp|Q96C90|PP14B_HUMAN	not_scored	FP	sp|Q7TT52|PP14D_MOUSE	sp|Q62084|PP14B_MOUSE	sp|Q62084|PP14B_MOUSE	0	12853	direct_cross_endpoint
A0A5F4DA27	H2QS57	tr|A0A5F4DA27|A0A5F4DA27_CANLF	tr|H2QS57|H2QS57_PANTR	not_scored	FP	sp|P20291|AL5AP_RAT	sp|A2RST1|MGST2_MOUSE	sp|A2RST1|MGST2_MOUSE	0	11145	direct_cross_endpoint
A0A5F4DA27	Q16873	tr|A0A5F4DA27|A0A5F4DA27_CANLF	sp|Q16873|LTC4S_HUMAN	not_scored	FP	sp|P20291|AL5AP_RAT	sp|A2RST1|MGST2_MOUSE	sp|A2RST1|MGST2_MOUSE	0	11145	direct_cross_endpoint
A0A5F4DF32	A6NM03	tr|A0A5F4DF32|A0A5F4DF32_CANLF	sp|A6NM03|O2AG2_HUMAN	not_scored	FP	sp|Q9H205|O2AG1_HUMAN	sp|A6NM03|O2AG2_HUMAN	sp|A6NM03|O2AG2_HUMAN	1	34193	direct_cross_endpoint
A0A5F4DGT7	H2Q7V3	tr|A0A5F4DGT7|A0A5F4DGT7_CANLF	tr|H2Q7V3|H2Q7V3_PANTR	FN	TP	tr|A0A5F4DGT7|A0A5F4DGT7_CANLF	sp|Q8NH41|OR4KF_HUMAN	sp|Q8NH41|OR4KF_HUMAN	0	847	direct_cross_endpoint
A0A5F4DGT7	Q8NH41	tr|A0A5F4DGT7|A0A5F4DGT7_CANLF	sp|Q8NH41|OR4KF_HUMAN	FN	TP	tr|A0A5F4DGT7|A0A5F4DGT7_CANLF	sp|Q8NH41|OR4KF_HUMAN	sp|Q8NH41|OR4KF_HUMAN	0	847	direct_cross_endpoint
A0A5F4DHC5	F1MHZ6	tr|A0A5F4DHC5|A0A5F4DHC5_CANLF	tr|F1MHZ6|F1MHZ6_BOVIN	not_scored	FP	sp|Q8NGC1|O11G2_HUMAN	sp|Q60889|OLF5_MOUSE	sp|Q60889|OLF5_MOUSE	0	229	direct_cross_endpoint
A0A5F4DI64	H2QGV5	tr|A0A5F4DI64|A0A5F4DI64_CANLF	tr|H2QGV5|H2QGV5_PANTR	FN	TP	tr|A0A5F4DI64|A0A5F4DI64_CANLF	sp|Q21755|NOSIP_CAEEL	sp|Q21755|NOSIP_CAEEL	0	33380	direct_cross_endpoint
A0A5F4DI64	Q9Y314	tr|A0A5F4DI64|A0A5F4DI64_CANLF	sp|Q9Y314|NOSIP_HUMAN	FN	TP	tr|A0A5F4DI64|A0A5F4DI64_CANLF	sp|Q21755|NOSIP_CAEEL	sp|Q21755|NOSIP_CAEEL	0	33380	direct_cross_endpoint
A0A5S6CIS3	Q6IE38	tr|A0A5S6CIS3|A0A5S6CIS3_CANLF	sp|Q6IE38|ISK14_HUMAN	not_scored	FP	sp|O35679|ISK4_MOUSE	sp|Q6IE38|ISK14_HUMAN	sp|O35679|ISK4_MOUSE	1	38274	direct_cross_endpoint
A0A5S6CIS3	Q6UWN8	tr|A0A5S6CIS3|A0A5S6CIS3_CANLF	sp|Q6UWN8|ISK6_HUMAN	not_scored	FP	sp|O35679|ISK4_MOUSE	sp|P01001|ISK6_BOVIN	sp|O35679|ISK4_MOUSE	0	4109	direct_cross_endpoint
A0FGR8	K7AVH2	sp|A0FGR8|ESYT2_HUMAN	tr|K7AVH2|K7AVH2_PANTR	not_scored	FP	sp|A0FGR8|ESYT2_HUMAN	sp|Q3U7R1|ESYT1_MOUSE	sp|A0FGR8|ESYT2_HUMAN	0	5758	direct_cross_endpoint
A0FGR9	K7AVH2	sp|A0FGR9|ESYT3_HUMAN	tr|K7AVH2|K7AVH2_PANTR	not_scored	FP	sp|A0FGR8|ESYT2_HUMAN	sp|Q3U7R1|ESYT1_MOUSE	sp|A0FGR8|ESYT2_HUMAN	0	5758	direct_cross_endpoint
A1IGU5	H2QPZ7	sp|A1IGU5|ARH37_HUMAN	tr|H2QPZ7|H2QPZ7_PANTR	not_scored	FP	sp|A1IGU3|ARH37_RAT	sp|E2RP94|DNMBP_CANLF	sp|A1IGU3|ARH37_RAT	0	18085	direct_cross_endpoint
A1L453	H2QVR1	sp|A1L453|PRS38_HUMAN	tr|H2QVR1|H2QVR1_PANTR	not_scored	FP	sp|A1L453|PRS38_HUMAN	sp|Q14BX2|PRS55_MOUSE	sp|A1L453|PRS38_HUMAN	0	885	direct_cross_endpoint
A1L4K1	H2R0W2	sp|A1L4K1|FSD2_HUMAN	tr|H2R0W2|H2R0W2_PANTR	not_scored	FP	sp|A1L4K1|FSD2_HUMAN	sp|Q70KF4|CMYA5_MOUSE	sp|A1L4K1|FSD2_HUMAN	1	39101	direct_cross_endpoint
A2A368	H2R4N6	sp|A2A368|MAGBG_HUMAN	tr|H2R4N6|H2R4N6_PANTR	not_scored	FP	sp|A2A368|MAGBG_HUMAN	sp|A1A5P9|MAGE1_RAT	sp|A1A5P9|MAGE1_RAT	0	1011	direct_cross_endpoint
A2A368	K7CDF1	sp|A2A368|MAGBG_HUMAN	tr|K7CDF1|K7CDF1_PANTR	not_scored	FP	sp|A2A368|MAGBG_HUMAN	sp|A1A5P9|MAGE1_RAT	sp|A1A5P9|MAGE1_RAT	0	1011	direct_cross_endpoint
A2AJT9	H2PYN1	sp|A2AJT9|BCLA3_HUMAN	tr|H2PYN1|H2PYN1_PANTR	not_scored	FP	sp|A2AG58|BCLA3_MOUSE	sp|Q569Z6|TR150_MOUSE	sp|A2AG58|BCLA3_MOUSE	0	23814	direct_cross_endpoint
A2AJT9	H2QTS9	sp|A2AJT9|BCLA3_HUMAN	tr|H2QTS9|H2QTS9_PANTR	not_scored	FP	sp|A2AG58|BCLA3_MOUSE	sp|Q569Z6|TR150_MOUSE	sp|A2AG58|BCLA3_MOUSE	0	23814	direct_cross_endpoint
A2CJ06	H2R3Y4	sp|A2CJ06|DYTN_HUMAN	tr|H2R3Y4|H2R3Y4_PANTR	not_scored	FP	sp|A2CI97|DYTN_DANRE	sp|O60941|DTNB_HUMAN	sp|A2CI97|DYTN_DANRE	0	13830	direct_cross_endpoint
A2T712	J9NTR1	sp|A2T712|ZSC21_PANTR	tr|J9NTR1|J9NTR1_CANLF	FN	TP	sp|A1YEV9|ZSC21_GORGO	tr|J9NTR1|J9NTR1_CANLF	sp|A1YEV9|ZSC21_GORGO	0	964	direct_cross_endpoint
A2T712	Q5FWF6	sp|A2T712|ZSC21_PANTR	sp|Q5FWF6|ZN789_HUMAN	not_scored	FP	sp|A1YEV9|ZSC21_GORGO	sp|Q5FWF6|ZN789_HUMAN	sp|A1YEV9|ZSC21_GORGO	0	1286	direct_cross_endpoint
A4D1E1	H2RGB6	sp|A4D1E1|Z804B_HUMAN	tr|H2RGB6|H2RGB6_PANTR	not_scored	FP	sp|A4D1E1|Z804B_HUMAN	sp|A2A6A1|GPTC8_MOUSE	sp|A2A6A1|GPTC8_MOUSE	0	17625	direct_cross_endpoint
A4K2P0	P03973	sp|A4K2P0|WFD12_PANTR	sp|P03973|SLPI_HUMAN	not_scored	FP	sp|A4K2P0|WFD12_PANTR	sp|P03973|SLPI_HUMAN	sp|A4K2P0|WFD12_PANTR	0	5411	direct_cross_endpoint
A4K2P0	P19957	sp|A4K2P0|WFD12_PANTR	sp|P19957|ELAF_HUMAN	not_scored	FP	sp|A4K2P0|WFD12_PANTR	sp|P03973|SLPI_HUMAN	sp|A4K2P0|WFD12_PANTR	0	5411	direct_cross_endpoint
A4K2P1	Q8WWY7	tr|A4K2P1|A4K2P1_PANTR	sp|Q8WWY7|WFD12_HUMAN	not_scored	FP	sp|P03973|SLPI_HUMAN	sp|A4K2P0|WFD12_PANTR	sp|A4K2P0|WFD12_PANTR	0	5411	direct_cross_endpoint
A4K2P4	Q8WWY7	tr|A4K2P4|A4K2P4_PANTR	sp|Q8WWY7|WFD12_HUMAN	not_scored	FP	sp|P03973|SLPI_HUMAN	sp|A4K2P0|WFD12_PANTR	sp|A4K2P0|WFD12_PANTR	0	5411	direct_cross_endpoint
A4UGR9	H2RCL4	sp|A4UGR9|XIRP2_HUMAN	tr|H2RCL4|H2RCL4_PANTR	not_scored	FP	sp|A4UGR9|XIRP2_HUMAN	sp|O70373|XIRP1_MOUSE	sp|A4UGR9|XIRP2_HUMAN	0	8661	direct_cross_endpoint
A5PKW4	H2QRL8	sp|A5PKW4|PSD1_HUMAN	tr|H2QRL8|H2QRL8_PANTR	not_scored	FP	sp|A5PKW4|PSD1_HUMAN	sp|Q6P1I6|PSD2_MOUSE	sp|A5PKW4|PSD1_HUMAN	0	13061	direct_cross_endpoint
A5PLN7	H2Q232	sp|A5PLN7|F149A_HUMAN	tr|H2Q232|H2Q232_PANTR	not_scored	FP	sp|A5PLN7|F149A_HUMAN	sp|A0JNF3|F149B_BOVIN	sp|A0JNF3|F149B_BOVIN	0	13908	direct_cross_endpoint
A6NCI4	H2R0W7	sp|A6NCI4|VWA3A_HUMAN	tr|H2R0W7|H2R0W7_PANTR	not_scored	FP	sp|A1A5Q7|VWA3A_RAT	sp|Q502W6|VWA3B_HUMAN	sp|A1A5Q7|VWA3A_RAT	0	13953	direct_cross_endpoint
A6ND01	H2QFH1	sp|A6ND01|JUNO_HUMAN	tr|H2QFH1|H2QFH1_PANTR	not_scored	FP	sp|A6ND01|JUNO_HUMAN	sp|Q4TUC0|RTBDN_CANLF	sp|A6ND01|JUNO_HUMAN	1	38495	direct_cross_endpoint
A6ND36	H2QGR6	sp|A6ND36|FA83G_HUMAN	tr|H2QGR6|H2QGR6_PANTR	not_scored	FP	sp|A6ND36|FA83G_HUMAN	sp|Q2M2I3|FA83E_HUMAN	sp|A6ND36|FA83G_HUMAN	0	2384	direct_cross_endpoint
A6ND36	H2QWN6	sp|A6ND36|FA83G_HUMAN	tr|H2QWN6|H2QWN6_PANTR	not_scored	FP	sp|A6ND36|FA83G_HUMAN	sp|Q66JF7|FA83A_XENTR	sp|A6ND36|FA83G_HUMAN	0		transitive_union
A6NDB9	K7AJD7	sp|A6NDB9|PALM3_HUMAN	tr|K7AJD7|K7AJD7_PANTR	not_scored	FP	sp|A2TJV2|PALM3_MOUSE	sp|O75781|PALM_HUMAN	sp|A2TJV2|PALM3_MOUSE	0	3441	direct_cross_endpoint
A6NEL2	K7AH16	sp|A6NEL2|SWAHB_HUMAN	tr|K7AH16|K7AH16_PANTR	not_scored	FP	sp|A6NEL2|SWAHB_HUMAN	sp|Q2M3V2|SWAHA_HUMAN	sp|A6NEL2|SWAHB_HUMAN	0	8725	direct_cross_endpoint
A6NG13	H2QS58	sp|A6NG13|MGT4D_HUMAN	tr|H2QS58|H2QS58_PANTR	not_scored	FP	sp|A6NG13|MGT4D_HUMAN	sp|A4IID1|MGT4A_XENTR	sp|A4IID1|MGT4A_XENTR	0	14394	direct_cross_endpoint
A6NG13	J9P0U5	sp|A6NG13|MGT4D_HUMAN	tr|J9P0U5|J9P0U5_CANLF	not_scored	FP	sp|A6NG13|MGT4D_HUMAN	sp|A4IID1|MGT4A_XENTR	sp|A4IID1|MGT4A_XENTR	0	14394	direct_cross_endpoint
A6NGC4	H2QCJ0	sp|A6NGC4|TLCD2_HUMAN	tr|H2QCJ0|H2QCJ0_PANTR	not_scored	FP	sp|A6NGC4|TLCD2_HUMAN	sp|A8WGS4|TLCD2_DANRE	sp|A6NGC4|TLCD2_HUMAN	0	13761	direct_cross_endpoint
A6NGY5	G3X7M6	sp|A6NGY5|O51F1_HUMAN	tr|G3X7M6|G3X7M6_BOVIN	FN	TP	sp|A6NGY5|O51F1_HUMAN	tr|G3X7M6|G3X7M6_BOVIN	sp|A6NGY5|O51F1_HUMAN	0	481	direct_cross_endpoint
A6NJG6	H2Q8D0	sp|A6NJG6|ARGFX_HUMAN	tr|H2Q8D0|H2Q8D0_PANTR	not_scored	FP	sp|A6NJG6|ARGFX_HUMAN	sp|O43186|CRX_HUMAN	sp|A6NFQ7|DPRX_HUMAN	0	16470	direct_cross_endpoint
A6NK06	H2Q7N6	sp|A6NK06|IRG1_HUMAN	tr|H2Q7N6|H2Q7N6_PANTR	FN	TP	sp|A6NK06|IRG1_HUMAN	tr|F1NSY9|F1NSY9_CHICK	sp|A6NK06|IRG1_HUMAN	0	13131	direct_cross_endpoint
A6NKL6	K7B6W0	sp|A6NKL6|T200C_HUMAN	tr|K7B6W0|K7B6W0_PANTR	not_scored	FP	sp|A6NKL6|T200C_HUMAN	sp|Q69YZ2|T200B_HUMAN	sp|A6NKL6|T200C_HUMAN	1	36804	direct_cross_endpoint
A6NKP2	H2QBL1	sp|A6NKP2|D42E2_HUMAN	tr|H2QBL1|H2QBL1_PANTR	not_scored	FP	sp|A6NKP2|D42E2_HUMAN	sp|A8DZE7|D42E1_DANRE	sp|A6NKP2|D42E2_HUMAN	0	5458	direct_cross_endpoint
A6NKP2	K7CN59	sp|A6NKP2|D42E2_HUMAN	tr|K7CN59|K7CN59_PANTR	not_scored	FP	sp|A6NKP2|D42E2_HUMAN	sp|A8DZE7|D42E1_DANRE	sp|A6NKP2|D42E2_HUMAN	0	5458	direct_cross_endpoint
A6NLJ0	H2RG87	sp|A6NLJ0|C2C4B_HUMAN	tr|H2RG87|H2RG87_PANTR	not_scored	FP	sp|A6NLJ0|C2C4B_HUMAN	sp|B7Z1M9|C2D4D_HUMAN	sp|A6NLJ0|C2C4B_HUMAN	0	3049	direct_cross_endpoint
A6NM03	E2RLF7	sp|A6NM03|O2AG2_HUMAN	tr|E2RLF7|E2RLF7_CANLF	FN	TP	sp|A6NM03|O2AG2_HUMAN	sp|Q9H205|O2AG1_HUMAN	sp|A6NM03|O2AG2_HUMAN	1	34193	direct_cross_endpoint
A6NM03	G3N1V9	sp|A6NM03|O2AG2_HUMAN	tr|G3N1V9|G3N1V9_BOVIN	not_scored	FP	sp|A6NM03|O2AG2_HUMAN	sp|Q9H205|O2AG1_HUMAN	sp|A6NM03|O2AG2_HUMAN	1	34193	direct_cross_endpoint
A6NM03	G3X7H2	sp|A6NM03|O2AG2_HUMAN	tr|G3X7H2|G3X7H2_BOVIN	FN	TP	sp|A6NM03|O2AG2_HUMAN	sp|Q9H205|O2AG1_HUMAN	sp|A6NM03|O2AG2_HUMAN	1	34193	direct_cross_endpoint
A6NN14	H2R802	sp|A6NN14|ZN729_HUMAN	tr|H2R802|H2R802_PANTR	not_scored	FP	sp|A6NN14|ZN729_HUMAN	sp|Q5EXX3|ZBT38_RAT	sp|A6NN14|ZN729_HUMAN	0	6287	direct_cross_endpoint
A6PVC2	H2RBI7	sp|A6PVC2|TTLL8_HUMAN	tr|H2RBI7|H2RBI7_PANTR	not_scored	FP	sp|A6PVC2|TTLL8_HUMAN	sp|A4Q9E5|TTLL3_MOUSE	sp|A4Q9E5|TTLL3_MOUSE	0	12547	direct_cross_endpoint
A6PVS8	E2RJH7	sp|A6PVS8|LRIQ3_HUMAN	tr|E2RJH7|E2RJH7_CANLF	not_scored	FP	sp|A6PVS8|LRIQ3_HUMAN	sp|Q8IW35|CEP97_HUMAN	sp|A6PVS8|LRIQ3_HUMAN	0	19165	direct_cross_endpoint
A6PVS8	K7DTB2	sp|A6PVS8|LRIQ3_HUMAN	tr|K7DTB2|K7DTB2_PANTR	not_scored	FP	sp|A6PVS8|LRIQ3_HUMAN	sp|Q8IW35|CEP97_HUMAN	sp|A6PVS8|LRIQ3_HUMAN	0	19165	direct_cross_endpoint
A6QPH9	H2RAA7	sp|A6QPH9|ZMYM5_BOVIN	tr|H2RAA7|H2RAA7_PANTR	not_scored	FP	sp|A6QPH9|ZMYM5_BOVIN	sp|A2A791|ZMYM4_MOUSE	sp|A2A791|ZMYM4_MOUSE	0	12677	direct_cross_endpoint
A6QPH9	Q9UBW7	sp|A6QPH9|ZMYM5_BOVIN	sp|Q9UBW7|ZMYM2_HUMAN	not_scored	FP	sp|A6QPH9|ZMYM5_BOVIN	sp|A2A791|ZMYM4_MOUSE	sp|A2A791|ZMYM4_MOUSE	0	12677	direct_cross_endpoint
A8K4G0	H2R9R2	sp|A8K4G0|CLM7_HUMAN	tr|H2R9R2|H2R9R2_PANTR	not_scored	FP	sp|A0A0K2S4Q6|CD3CH_HUMAN	sp|A5D7B2|CLM9_BOVIN	sp|A0A0K2S4Q6|CD3CH_HUMAN	0	4582	direct_cross_endpoint
A8MTL3	H2QP31	sp|A8MTL3|R212B_HUMAN	tr|H2QP31|H2QP31_PANTR	not_scored	FP	sp|A8MTL3|R212B_HUMAN	sp|F6TQD1|RN212_MOUSE	sp|A8MTL3|R212B_HUMAN	0	14132	direct_cross_endpoint
A8MV65	H2QZ63	sp|A8MV65|VGLL3_HUMAN	tr|H2QZ63|H2QZ63_PANTR	not_scored	FP	sp|A8MV65|VGLL3_HUMAN	sp|Q99990|VGLL1_HUMAN	sp|A8MV65|VGLL3_HUMAN	0	12549	direct_cross_endpoint
A8MVW5	H2QGE4	sp|A8MVW5|HECA2_HUMAN	tr|H2QGE4|H2QGE4_PANTR	not_scored	FP	sp|A6QQC6|HECA2_BOVIN	sp|O75871|CEAM4_HUMAN	sp|A6QQC6|HECA2_BOVIN	1	35687	direct_cross_endpoint
A8MVW5	H2QGE7	sp|A8MVW5|HECA2_HUMAN	tr|H2QGE7|H2QGE7_PANTR	not_scored	FP	sp|A6QQC6|HECA2_BOVIN	sp|O75871|CEAM4_HUMAN	sp|A6QQC6|HECA2_BOVIN	1	35687	direct_cross_endpoint
A8MVW5	H2QGG8	sp|A8MVW5|HECA2_HUMAN	tr|H2QGG8|H2QGG8_PANTR	not_scored	FP	sp|A6QQC6|HECA2_BOVIN	sp|O75871|CEAM4_HUMAN	sp|A6QQC6|HECA2_BOVIN	1	35687	direct_cross_endpoint
A8MVW5	H2R427	sp|A8MVW5|HECA2_HUMAN	tr|H2R427|H2R427_PANTR	not_scored	FP	sp|A6QQC6|HECA2_BOVIN	sp|O75871|CEAM4_HUMAN	sp|A6QQC6|HECA2_BOVIN	1	35687	direct_cross_endpoint
A8MVW5	H2RCB2	sp|A8MVW5|HECA2_HUMAN	tr|H2RCB2|H2RCB2_PANTR	not_scored	FP	sp|A6QQC6|HECA2_BOVIN	sp|D3ZQE1|CEA16_RAT	sp|A6QQC6|HECA2_BOVIN	1	35687	direct_cross_endpoint
A8MVW5	H2RDS0	sp|A8MVW5|HECA2_HUMAN	tr|H2RDS0|H2RDS0_PANTR	not_scored	FP	sp|A6QQC6|HECA2_BOVIN	sp|O75871|CEAM4_HUMAN	sp|A6QQC6|HECA2_BOVIN	1	35687	direct_cross_endpoint
A8MXT2	H2R4N6	sp|A8MXT2|MAGBH_HUMAN	tr|H2R4N6|H2R4N6_PANTR	not_scored	FP	sp|A2A368|MAGBG_HUMAN	sp|A1A5P9|MAGE1_RAT	sp|A1A5P9|MAGE1_RAT	0	1011	direct_cross_endpoint
A8MXT2	K7CDF1	sp|A8MXT2|MAGBH_HUMAN	tr|K7CDF1|K7CDF1_PANTR	not_scored	FP	sp|A2A368|MAGBG_HUMAN	sp|A1A5P9|MAGE1_RAT	sp|A1A5P9|MAGE1_RAT	0	1011	direct_cross_endpoint
A8MXY4	H2R802	sp|A8MXY4|ZNF99_HUMAN	tr|H2R802|H2R802_PANTR	not_scored	FP	sp|A6NN14|ZN729_HUMAN	sp|Q5EXX3|ZBT38_RAT	sp|A6NN14|ZN729_HUMAN	0	6287	direct_cross_endpoint
B2RXF0	H2RF96	sp|B2RXF0|T229A_HUMAN	tr|H2RF96|H2RF96_PANTR	not_scored	FP	sp|B2RXF0|T229A_HUMAN	sp|Q08CG9|T229B_DANRE	sp|B2RXF0|T229A_HUMAN	0	8494	direct_cross_endpoint
B3KS81	H2PZJ2	sp|B3KS81|SRRM5_HUMAN	tr|H2PZJ2|H2PZJ2_PANTR	not_scored	FP	sp|B3KS81|SRRM5_HUMAN	sp|O95232|LC7L3_HUMAN	sp|B3KS81|SRRM5_HUMAN	0	2199	direct_cross_endpoint
B3KS81	H2QA70	sp|B3KS81|SRRM5_HUMAN	tr|H2QA70|H2QA70_PANTR	not_scored	FP	sp|B3KS81|SRRM5_HUMAN	sp|O95232|LC7L3_HUMAN	sp|B3KS81|SRRM5_HUMAN	0	2199	direct_cross_endpoint
B3KS81	K7DG47	sp|B3KS81|SRRM5_HUMAN	tr|K7DG47|K7DG47_PANTR	not_scored	FP	sp|B3KS81|SRRM5_HUMAN	sp|O95232|LC7L3_HUMAN	sp|B3KS81|SRRM5_HUMAN	0	2199	direct_cross_endpoint
B7Z1M9	H2R8C6	sp|B7Z1M9|C2D4D_HUMAN	tr|H2R8C6|H2R8C6_PANTR	not_scored	FP	sp|B7Z1M9|C2D4D_HUMAN	sp|A6NLJ0|C2C4B_HUMAN	sp|A6NLJ0|C2C4B_HUMAN	0	3049	direct_cross_endpoint
B7Z1M9	K7DMS8	sp|B7Z1M9|C2D4D_HUMAN	tr|K7DMS8|K7DMS8_PANTR	not_scored	FP	sp|B7Z1M9|C2D4D_HUMAN	sp|A6NLJ0|C2C4B_HUMAN	sp|A6NLJ0|C2C4B_HUMAN	0	3049	direct_cross_endpoint
B7ZBB8	H2RD46	sp|B7ZBB8|PP13G_HUMAN	tr|H2RD46|H2RD46_PANTR	not_scored	FP	sp|B7ZBB8|PP13G_HUMAN	sp|O95685|PPR3D_HUMAN	sp|B7ZBB8|PP13G_HUMAN	0	6464	direct_cross_endpoint
B7ZBB8	K7B5X0	sp|B7ZBB8|PP13G_HUMAN	tr|K7B5X0|K7B5X0_PANTR	not_scored	FP	sp|B7ZBB8|PP13G_HUMAN	sp|O95685|PPR3D_HUMAN	sp|B7ZBB8|PP13G_HUMAN	0	6464	direct_cross_endpoint
C9JCN9	H2QBL5	sp|C9JCN9|HSBPL_HUMAN	tr|H2QBL5|H2QBL5_PANTR	not_scored	FP	sp|B2RXB2|HSBPL_MOUSE	sp|O75506|HSBP1_HUMAN	sp|B2RXB2|HSBPL_MOUSE	0	5275	direct_cross_endpoint
E1B807	H2Q3L7	tr|E1B807|E1B807_BOVIN	tr|H2Q3L7|H2Q3L7_PANTR	not_scored	FP	sp|Q8NGK9|OR5DG_HUMAN	tr|H2Q3L7|H2Q3L7_PANTR	sp|Q13606|OR5I1_HUMAN	0	539	direct_cross_endpoint
E1B807	Q13606	tr|E1B807|E1B807_BOVIN	sp|Q13606|OR5I1_HUMAN	not_scored	FP	sp|Q8NGK9|OR5DG_HUMAN	sp|Q13606|OR5I1_HUMAN	sp|Q13606|OR5I1_HUMAN	0	538	direct_cross_endpoint
E1B9H9	Q8NGI8	tr|E1B9H9|E1B9H9_BOVIN	sp|Q8NGI8|O5AN1_HUMAN	not_scored	FP	sp|P0C629|O10J4_HUMAN	sp|Q8NGI8|O5AN1_HUMAN	sp|P0C629|O10J4_HUMAN	0		transitive_union
E1BBP5	H2QKV2	tr|E1BBP5|E1BBP5_BOVIN	tr|H2QKV2|H2QKV2_PANTR	not_scored	FP	sp|P0DPA2|VSIG8_HUMAN	sp|P0C673|IGS11_MOUSE	sp|P0C673|IGS11_MOUSE	0	3161	direct_cross_endpoint
E1BBP5	P78310	tr|E1BBP5|E1BBP5_BOVIN	sp|P78310|CXAR_HUMAN	not_scored	FP	sp|P0DPA2|VSIG8_HUMAN	sp|P0C673|IGS11_MOUSE	sp|P0C673|IGS11_MOUSE	0	3161	direct_cross_endpoint
E1BBP5	Q5DX21	tr|E1BBP5|E1BBP5_BOVIN	sp|Q5DX21|IGS11_HUMAN	not_scored	FP	sp|P0DPA2|VSIG8_HUMAN	sp|P0C673|IGS11_MOUSE	sp|P0C673|IGS11_MOUSE	0	3161	direct_cross_endpoint
E1BE36	F1PGB7	tr|E1BE36|E1BE36_BOVIN	tr|F1PGB7|F1PGB7_CANLF	not_scored	FP	sp|B1WBW4|ARM10_RAT	sp|Q6A058|ARMX2_MOUSE	sp|B1WBW4|ARM10_RAT	0	2708	direct_cross_endpoint
E1BE36	Q7L311	tr|E1BE36|E1BE36_BOVIN	sp|Q7L311|ARMX2_HUMAN	not_scored	FP	sp|B1WBW4|ARM10_RAT	sp|Q6A058|ARMX2_MOUSE	sp|B1WBW4|ARM10_RAT	0	2708	direct_cross_endpoint
E1BJS8	Q8NGC4	tr|E1BJS8|E1BJS8_BOVIN	sp|Q8NGC4|O10G3_HUMAN	FN	TP	tr|D3ZJG5|D3ZJG5_RAT	sp|Q8NGC4|O10G3_HUMAN	sp|Q8NGC4|O10G3_HUMAN	0	653	direct_cross_endpoint
E1BKT4	K7C496	tr|E1BKT4|E1BKT4_BOVIN	tr|K7C496|K7C496_PANTR	FN	TP	tr|E1BKT4|E1BKT4_BOVIN	sp|Q12923|PTN13_HUMAN	sp|Q12923|PTN13_HUMAN	0	29371	direct_cross_endpoint
E1BKT4	Q12923	tr|E1BKT4|E1BKT4_BOVIN	sp|Q12923|PTN13_HUMAN	FN	TP	tr|E1BKT4|E1BKT4_BOVIN	sp|Q12923|PTN13_HUMAN	sp|Q12923|PTN13_HUMAN	0	29371	direct_cross_endpoint
E1BLI6	Q9UGF7	tr|E1BLI6|E1BLI6_BOVIN	sp|Q9UGF7|O12D3_HUMAN	FN	TP	sp|P0DN82|O12D1_HUMAN	sp|Q9UGF7|O12D3_HUMAN	sp|P0DN82|O12D1_HUMAN	0	375	direct_cross_endpoint
E1BLN0	H2Q1H5	tr|E1BLN0|E1BLN0_BOVIN	tr|H2Q1H5|H2Q1H5_PANTR	FN	TP	sp|Q8N349|OR2LD_HUMAN	tr|H2Q1H5|H2Q1H5_PANTR	sp|Q8N349|OR2LD_HUMAN	0	243	direct_cross_endpoint
E1BLN0	H2QXT9	tr|E1BLN0|E1BLN0_BOVIN	tr|H2QXT9|H2QXT9_PANTR	not_scored	FP	sp|Q8N349|OR2LD_HUMAN	sp|Q8NGR9|OR1N2_HUMAN	sp|Q8N349|OR2LD_HUMAN	1	34209	direct_cross_endpoint
E1BLN0	Q8NGR9	tr|E1BLN0|E1BLN0_BOVIN	sp|Q8NGR9|OR1N2_HUMAN	not_scored	FP	sp|Q8N349|OR2LD_HUMAN	sp|Q8NGR9|OR1N2_HUMAN	sp|Q8N349|OR2LD_HUMAN	1	34209	direct_cross_endpoint
E1BNL8	Q8N393	tr|E1BNL8|E1BNL8_BOVIN	sp|Q8N393|ZN786_HUMAN	FN	TP	tr|E1BNL8|E1BNL8_BOVIN	sp|Q8BV42|ZN786_MOUSE	sp|Q8BV42|ZN786_MOUSE	0	1969	direct_cross_endpoint
E2QS83	H2QYX2	tr|E2QS83|E2QS83_CANLF	tr|H2QYX2|H2QYX2_PANTR	not_scored	FP	sp|B1WBW4|ARM10_RAT	sp|Q6A058|ARMX2_MOUSE	sp|B1WBW4|ARM10_RAT	0	2708	direct_cross_endpoint
E2QS83	Q1RMT5_BOVIN	tr|E2QS83|E2QS83_CANLF	tr|Q1RMT5|Q1RMT5_BOVIN	not_scored	FP	sp|B1WBW4|ARM10_RAT	sp|Q6A058|ARMX2_MOUSE	sp|B1WBW4|ARM10_RAT	0	2708	direct_cross_endpoint
E2QS83	Q7L311	tr|E2QS83|E2QS83_CANLF	sp|Q7L311|ARMX2_HUMAN	not_scored	FP	sp|B1WBW4|ARM10_RAT	sp|Q6A058|ARMX2_MOUSE	sp|B1WBW4|ARM10_RAT	0	2708	direct_cross_endpoint
E2QVQ0	Q8NG75	tr|E2QVQ0|E2QVQ0_CANLF	sp|Q8NG75|OR5T1_HUMAN	FN	TP	sp|Q60880|OL141_MOUSE	sp|Q8NG75|OR5T1_HUMAN	sp|Q60880|OL141_MOUSE	0	744	direct_cross_endpoint
E2QW91	Q96N95	tr|E2QW91|E2QW91_CANLF	sp|Q96N95|ZN396_HUMAN	not_scored	FP	sp|P51815|ZN75D_HUMAN	sp|A2T7D7|ZNF24_PANTR	sp|A2T7D7|ZNF24_PANTR	0	2004	direct_cross_endpoint
E2QWV5	P41218	tr|E2QWV5|E2QWV5_CANLF	sp|P41218|MNDA_HUMAN	FN	TP	tr|E2QWV5|E2QWV5_CANLF	sp|D0QMC3|MNDAL_MOUSE	sp|D0QMC3|MNDAL_MOUSE	0	9248	direct_cross_endpoint
E2QX83	Q5TEA6	tr|E2QX83|E2QX83_CANLF	sp|Q5TEA6|SE1L2_HUMAN	not_scored	FP	sp|P60924|DELE1_RAT	sp|O13875|YE1A_SCHPO	sp|O13875|YE1A_SCHPO	0	8813	direct_cross_endpoint
E2QZT4	H2QQV1	tr|E2QZT4|E2QZT4_CANLF	tr|H2QQV1|H2QQV1_PANTR	not_scored	FP	sp|P17790|BASI_CHICK	sp|O88775|EMB_RAT	sp|O88775|EMB_RAT	0	8497	direct_cross_endpoint
E2QZT4	Q6PCB8	tr|E2QZT4|E2QZT4_CANLF	sp|Q6PCB8|EMB_HUMAN	not_scored	FP	sp|P17790|BASI_CHICK	sp|O88775|EMB_RAT	sp|O88775|EMB_RAT	0	8497	direct_cross_endpoint
E2R1Y9	H2Q3P9	tr|E2R1Y9|E2R1Y9_CANLF	tr|H2Q3P9|H2Q3P9_PANTR	FN	TP	sp|Q8NGQ4|O10Q1_HUMAN	tr|H2Q3P9|H2Q3P9_PANTR	sp|Q8NGQ4|O10Q1_HUMAN	0	659	direct_cross_endpoint
E2RAN4	H2QJ80	tr|E2RAN4|E2RAN4_CANLF	tr|H2QJ80|H2QJ80_PANTR	not_scored	FP	sp|A6H6X4|KCTD4_BOVIN	sp|Q29RJ0|KCD18_BOVIN	sp|A6H6X4|KCTD4_BOVIN	0	5511	direct_cross_endpoint
E2RAN4	Q6PI47	tr|E2RAN4|E2RAN4_CANLF	sp|Q6PI47|KCD18_HUMAN	not_scored	FP	sp|A6H6X4|KCTD4_BOVIN	sp|Q29RJ0|KCD18_BOVIN	sp|A6H6X4|KCTD4_BOVIN	0	5511	direct_cross_endpoint
E2RDT5	Q9NS75	tr|E2RDT5|E2RDT5_CANLF	sp|Q9NS75|CLTR2_HUMAN	FN	TP	tr|E2RDT5|E2RDT5_CANLF	sp|Q924T8|CLTR1_RAT	sp|Q924T8|CLTR1_RAT	0	2252	direct_cross_endpoint
E2RGM7	H2RFV1	tr|E2RGM7|E2RGM7_CANLF	tr|H2RFV1|H2RFV1_PANTR	FN	TP	sp|Q8VGD6|OLF56_MOUSE	tr|H2RFV1|H2RFV1_PANTR	sp|Q8NHB1|OR2V1_HUMAN	1	34255	direct_cross_endpoint
E2RGM7	Q8NHB1	tr|E2RGM7|E2RGM7_CANLF	sp|Q8NHB1|OR2V1_HUMAN	FN	TP	sp|Q8VGD6|OLF56_MOUSE	sp|Q8NHB1|OR2V1_HUMAN	sp|Q8NHB1|OR2V1_HUMAN	0	476	direct_cross_endpoint
E2RHB0	H2QX40	tr|E2RHB0|E2RHB0_CANLF	tr|H2QX40|H2QX40_PANTR	FN	TP	tr|E2RHB0|E2RHB0_CANLF	sp|Q7TSL0|IFNK_MOUSE	sp|Q7TSL0|IFNK_MOUSE	0	1271	direct_cross_endpoint
E2RHB0	Q9P0W0	tr|E2RHB0|E2RHB0_CANLF	sp|Q9P0W0|IFNK_HUMAN	FN	TP	tr|E2RHB0|E2RHB0_CANLF	sp|Q7TSL0|IFNK_MOUSE	sp|Q7TSL0|IFNK_MOUSE	0	1271	direct_cross_endpoint
E2RHI4	Q6IE38	tr|E2RHI4|E2RHI4_CANLF	sp|Q6IE38|ISK14_HUMAN	not_scored	FP	sp|O35679|ISK4_MOUSE	sp|Q6IE38|ISK14_HUMAN	sp|O35679|ISK4_MOUSE	1	38274	direct_cross_endpoint
E2RHI4	Q6UWN8	tr|E2RHI4|E2RHI4_CANLF	sp|Q6UWN8|ISK6_HUMAN	not_scored	FP	sp|O35679|ISK4_MOUSE	sp|P01001|ISK6_BOVIN	sp|O35679|ISK4_MOUSE	0	4109	direct_cross_endpoint
E2RJG1	Q1RMT5_BOVIN	tr|E2RJG1|E2RJG1_CANLF	tr|Q1RMT5|Q1RMT5_BOVIN	not_scored	FP	sp|B1WBW4|ARM10_RAT	sp|Q6A058|ARMX2_MOUSE	sp|B1WBW4|ARM10_RAT	0	2708	direct_cross_endpoint
E2RJG1	Q7L311	tr|E2RJG1|E2RJG1_CANLF	sp|Q7L311|ARMX2_HUMAN	not_scored	FP	sp|B1WBW4|ARM10_RAT	sp|Q6A058|ARMX2_MOUSE	sp|B1WBW4|ARM10_RAT	0	2708	direct_cross_endpoint
E2RJG3	H2QYX2	tr|E2RJG3|E2RJG3_CANLF	tr|H2QYX2|H2QYX2_PANTR	not_scored	FP	sp|B1WBW4|ARM10_RAT	sp|Q6A058|ARMX2_MOUSE	sp|B1WBW4|ARM10_RAT	0	2708	direct_cross_endpoint
E2RJG3	Q7L311	tr|E2RJG3|E2RJG3_CANLF	sp|Q7L311|ARMX2_HUMAN	not_scored	FP	sp|B1WBW4|ARM10_RAT	sp|Q6A058|ARMX2_MOUSE	sp|B1WBW4|ARM10_RAT	0	2708	direct_cross_endpoint
E2RRI5	P0C628	tr|E2RRI5|E2RRI5_CANLF	sp|P0C628|O5AC1_HUMAN	FN	TP	sp|Q9NZP5|O5AC2_HUMAN	sp|P0C628|O5AC1_HUMAN	sp|P0C628|O5AC1_HUMAN	0	402	direct_cross_endpoint
E2RS54	H2R517	tr|E2RS54|E2RS54_CANLF	tr|H2R517|H2R517_PANTR	FN	TP	tr|A7T7D4|A7T7D4_NEMVE	sp|P32527|ZUO1_YEAST	sp|P32527|ZUO1_YEAST	0	9897	direct_cross_endpoint
E2RS54	Q1RMH9	tr|E2RS54|E2RS54_CANLF	sp|Q1RMH9|DNJC2_BOVIN	FN	TP	tr|A7T7D4|A7T7D4_NEMVE	sp|P32527|ZUO1_YEAST	sp|P32527|ZUO1_YEAST	0	9897	direct_cross_endpoint
E2RS54	Q99543	tr|E2RS54|E2RS54_CANLF	sp|Q99543|DNJC2_HUMAN	FN	TP	tr|A7T7D4|A7T7D4_NEMVE	sp|P32527|ZUO1_YEAST	sp|P32527|ZUO1_YEAST	0	9897	direct_cross_endpoint
E2RTH7	H2Q8H1	tr|E2RTH7|E2RTH7_CANLF	tr|H2Q8H1|H2Q8H1_PANTR	not_scored	FP	sp|Q5STT6|FA71B_MOUSE	sp|Q2YDE8|FA71D_BOVIN	sp|Q2YDE8|FA71D_BOVIN	0	4178	direct_cross_endpoint
E2RTH7	Q8N9W8	tr|E2RTH7|E2RTH7_CANLF	sp|Q8N9W8|FA71D_HUMAN	not_scored	FP	sp|Q5STT6|FA71B_MOUSE	sp|Q2YDE8|FA71D_BOVIN	sp|Q2YDE8|FA71D_BOVIN	0	4178	direct_cross_endpoint
F1MB62	G3FJF2	tr|F1MB62|F1MB62_BOVIN	tr|G3FJF2|G3FJF2_CANLF	FN	TP	tr|F1MB62|F1MB62_BOVIN	tr|G3FJF2|G3FJF2_CANLF	sp|Q8NGK6|O52I1_HUMAN	0		transitive_union
F1MB62	H2RIK5	tr|F1MB62|F1MB62_BOVIN	tr|H2RIK5|H2RIK5_PANTR	FN	TP	tr|F1MB62|F1MB62_BOVIN	sp|Q8NGK6|O52I1_HUMAN	sp|Q8NGK6|O52I1_HUMAN	0	1131	direct_cross_endpoint
F1MB62	Q8NGK6	tr|F1MB62|F1MB62_BOVIN	sp|Q8NGK6|O52I1_HUMAN	FN	TP	tr|F1MB62|F1MB62_BOVIN	sp|Q8NGK6|O52I1_HUMAN	sp|Q8NGK6|O52I1_HUMAN	0	1131	direct_cross_endpoint
F1MDI3	L7N053	tr|F1MDI3|F1MDI3_BOVIN	tr|L7N053|L7N053_CANLF	not_scored	FP	tr|A0A5F8GQK8|A0A5F8GQK8_MONDO	sp|Q8N349|OR2LD_HUMAN	sp|Q8N349|OR2LD_HUMAN	0	221	direct_cross_endpoint
F1MFI3	F1Q197	tr|F1MFI3|F1MFI3_BOVIN	tr|F1Q197|F1Q197_CANLF	FN	TP	sp|Q8NGQ1|OR9G4_HUMAN	tr|F1Q197|F1Q197_CANLF	sp|Q8NGQ1|OR9G4_HUMAN	0	592	direct_cross_endpoint
F1MFI8	H2QJW0	tr|F1MFI8|F1MFI8_BOVIN	tr|H2QJW0|H2QJW0_PANTR	not_scored	FP	sp|D3ZB94|GFRAL_RAT	sp|Q9EPI2|GFRA4_RAT	sp|D3ZB94|GFRAL_RAT	0		transitive_union
F1MFI8	Q9GZZ7	tr|F1MFI8|F1MFI8_BOVIN	sp|Q9GZZ7|GFRA4_HUMAN	not_scored	FP	sp|D3ZB94|GFRAL_RAT	sp|Q9EPI2|GFRA4_RAT	sp|D3ZB94|GFRAL_RAT	0		transitive_union
F1MHZ6	F1Q0S0	tr|F1MHZ6|F1MHZ6_BOVIN	tr|F1Q0S0|F1Q0S0_CANLF	not_scored	FP	sp|Q60889|OLF5_MOUSE	sp|Q8NGC1|O11G2_HUMAN	sp|Q60889|OLF5_MOUSE	0	229	direct_cross_endpoint
F1MHZ6	G3FJA9	tr|F1MHZ6|F1MHZ6_BOVIN	tr|G3FJA9|G3FJA9_CANLF	not_scored	FP	sp|Q60889|OLF5_MOUSE	sp|Q8NGC1|O11G2_HUMAN	sp|Q60889|OLF5_MOUSE	0	229	direct_cross_endpoint
F1MHZ6	G3FJB1	tr|F1MHZ6|F1MHZ6_BOVIN	tr|G3FJB1|G3FJB1_CANLF	not_scored	FP	sp|Q60889|OLF5_MOUSE	sp|Q8NGC1|O11G2_HUMAN	sp|Q60889|OLF5_MOUSE	0	229	direct_cross_endpoint
F1MHZ6	G3FJC2	tr|F1MHZ6|F1MHZ6_BOVIN	tr|G3FJC2|G3FJC2_CANLF	not_scored	FP	sp|Q60889|OLF5_MOUSE	sp|Q8NGC1|O11G2_HUMAN	sp|Q60889|OLF5_MOUSE	0	229	direct_cross_endpoint
F1MNA8	H2Q791	tr|F1MNA8|F1MNA8_BOVIN	tr|H2Q791|H2Q791_PANTR	not_scored	FP	sp|A2A791|ZMYM4_MOUSE	sp|A6QPH9|ZMYM5_BOVIN	sp|A2A791|ZMYM4_MOUSE	0	12677	direct_cross_endpoint
F1MNA8	Q9UJ78	tr|F1MNA8|F1MNA8_BOVIN	sp|Q9UJ78|ZMYM5_HUMAN	not_scored	FP	sp|A2A791|ZMYM4_MOUSE	sp|A6QPH9|ZMYM5_BOVIN	sp|A2A791|ZMYM4_MOUSE	0	12677	direct_cross_endpoint
F1MQH5	Q8NH49	tr|F1MQH5|F1MQH5_BOVIN	sp|Q8NH49|OR4X1_HUMAN	not_scored	FP	tr|F1MQH5|F1MQH5_BOVIN	sp|Q8NH49|OR4X1_HUMAN	sp|P0C604|OR4A8_HUMAN	0		transitive_union
F1MRD3	J9NUZ9	tr|F1MRD3|F1MRD3_BOVIN	tr|J9NUZ9|J9NUZ9_CANLF	not_scored	FP	sp|Q8NGR4|OR5C1_HUMAN	sp|Q8NGF7|OR5BH_HUMAN	sp|Q8NGF7|OR5BH_HUMAN	0	135	direct_cross_endpoint
F1MRD3	J9P1U2	tr|F1MRD3|F1MRD3_BOVIN	tr|J9P1U2|J9P1U2_CANLF	not_scored	FP	sp|Q8NGR4|OR5C1_HUMAN	sp|Q8NGF7|OR5BH_HUMAN	sp|Q8NGF7|OR5BH_HUMAN	0	135	direct_cross_endpoint
F1MRD3	Q96R08	tr|F1MRD3|F1MRD3_BOVIN	sp|Q96R08|OR5BC_HUMAN	not_scored	FP	sp|Q8NGR4|OR5C1_HUMAN	sp|Q8NGF7|OR5BH_HUMAN	sp|Q8NGF7|OR5BH_HUMAN	0	135	direct_cross_endpoint
F1MRD3	Q96R09	tr|F1MRD3|F1MRD3_BOVIN	sp|Q96R09|OR5B2_HUMAN	not_scored	FP	sp|Q8NGR4|OR5C1_HUMAN	sp|Q8NGF7|OR5BH_HUMAN	sp|Q8NGF7|OR5BH_HUMAN	0	135	direct_cross_endpoint
F1N5P9	Q8NG75	tr|F1N5P9|F1N5P9_BOVIN	sp|Q8NG75|OR5T1_HUMAN	FN	TP	sp|Q60880|OL141_MOUSE	sp|Q8NG75|OR5T1_HUMAN	sp|Q60880|OL141_MOUSE	0	744	direct_cross_endpoint
F1N7X7	F6XLF9	tr|F1N7X7|F1N7X7_BOVIN	tr|F6XLF9|F6XLF9_CANLF	not_scored	FP	sp|Q5STT6|FA71B_MOUSE	sp|Q2YDE8|FA71D_BOVIN	sp|Q2YDE8|FA71D_BOVIN	0	4178	direct_cross_endpoint
F1N7X7	H2Q8H1	tr|F1N7X7|F1N7X7_BOVIN	tr|H2Q8H1|H2Q8H1_PANTR	not_scored	FP	sp|Q5STT6|FA71B_MOUSE	sp|Q2YDE8|FA71D_BOVIN	sp|Q2YDE8|FA71D_BOVIN	0	4178	direct_cross_endpoint
F1N7X7	Q8N9W8	tr|F1N7X7|F1N7X7_BOVIN	sp|Q8N9W8|FA71D_HUMAN	not_scored	FP	sp|Q5STT6|FA71B_MOUSE	sp|Q2YDE8|FA71D_BOVIN	sp|Q2YDE8|FA71D_BOVIN	0	4178	direct_cross_endpoint
F1P6K5	H2QVG6	tr|F1P6K5|F1P6K5_CANLF	tr|H2QVG6|H2QVG6_PANTR	not_scored	FP	sp|Q3UPF5|ZCCHV_MOUSE	sp|Q8BFR1|ZCCHL_MOUSE	sp|Q3UPF5|ZCCHV_MOUSE	0	8377	direct_cross_endpoint
F1P6K5	Q96H79	tr|F1P6K5|F1P6K5_CANLF	sp|Q96H79|ZCCHL_HUMAN	not_scored	FP	sp|Q3UPF5|ZCCHV_MOUSE	sp|Q8BFR1|ZCCHL_MOUSE	sp|Q3UPF5|ZCCHV_MOUSE	0	8377	direct_cross_endpoint
F1P6V6	K7DTB2	tr|F1P6V6|F1P6V6_CANLF	tr|K7DTB2|K7DTB2_PANTR	not_scored	FP	sp|A6PVS8|LRIQ3_HUMAN	sp|Q8IW35|CEP97_HUMAN	sp|A6PVS8|LRIQ3_HUMAN	0	19165	direct_cross_endpoint
F1P6V6	Q8IW35	tr|F1P6V6|F1P6V6_CANLF	sp|Q8IW35|CEP97_HUMAN	not_scored	FP	sp|A6PVS8|LRIQ3_HUMAN	sp|Q8IW35|CEP97_HUMAN	sp|A6PVS8|LRIQ3_HUMAN	0	19165	direct_cross_endpoint
F1PBY4	Q8NGR2	tr|F1PBY4|F1PBY4_CANLF	sp|Q8NGR2|OR1L6_HUMAN	not_scored	FP	tr|F1PBY4|F1PBY4_CANLF	sp|Q8NGR2|OR1L6_HUMAN	sp|Q8NGR2|OR1L6_HUMAN	0	803	direct_cross_endpoint
F1PBZ2	Q8NH48	tr|F1PBZ2|F1PBZ2_CANLF	sp|Q8NH48|OR5B3_HUMAN	not_scored	FP	sp|Q8NGR4|OR5C1_HUMAN	sp|Q8NGF7|OR5BH_HUMAN	sp|Q8NGF7|OR5BH_HUMAN	0	135	direct_cross_endpoint
F1PBZ2	Q96R08	tr|F1PBZ2|F1PBZ2_CANLF	sp|Q96R08|OR5BC_HUMAN	not_scored	FP	sp|Q8NGR4|OR5C1_HUMAN	sp|Q8NGF7|OR5BH_HUMAN	sp|Q8NGF7|OR5BH_HUMAN	0	135	direct_cross_endpoint
F1PBZ2	Q96R09	tr|F1PBZ2|F1PBZ2_CANLF	sp|Q96R09|OR5B2_HUMAN	not_scored	FP	sp|Q8NGR4|OR5C1_HUMAN	sp|Q8NGF7|OR5BH_HUMAN	sp|Q8NGF7|OR5BH_HUMAN	0	135	direct_cross_endpoint
F1PCC0	Q7Z442	tr|F1PCC0|F1PCC0_CANLF	sp|Q7Z442|PK1L2_HUMAN	FN	TP	tr|A0A2I3TC87|A0A2I3TC87_PANTR	sp|Q7TN88|PK1L2_MOUSE	sp|Q7TN88|PK1L2_MOUSE	0	24657	direct_cross_endpoint
F1PCF9	H2Q8V8	tr|F1PCF9|F1PCF9_CANLF	tr|H2Q8V8|H2Q8V8_PANTR	FN	TP	tr|F1PCF9|F1PCF9_CANLF	sp|O74790|GLRX4_SCHPO	sp|O74790|GLRX4_SCHPO	0	7309	direct_cross_endpoint
F1PCF9	Q86SX6	tr|F1PCF9|F1PCF9_CANLF	sp|Q86SX6|GLRX5_HUMAN	FN	TP	tr|F1PCF9|F1PCF9_CANLF	sp|O74790|GLRX4_SCHPO	sp|O74790|GLRX4_SCHPO	0	7309	direct_cross_endpoint
F1PCV4	Q9NXH3	tr|F1PCV4|F1PCV4_CANLF	sp|Q9NXH3|PP14D_HUMAN	not_scored	FP	sp|Q62084|PP14B_MOUSE	sp|Q7TT52|PP14D_MOUSE	sp|Q62084|PP14B_MOUSE	0	12853	direct_cross_endpoint
F1PGB7	H2R4M9	tr|F1PGB7|F1PGB7_CANLF	tr|H2R4M9|H2R4M9_PANTR	not_scored	FP	sp|Q6A058|ARMX2_MOUSE	sp|B1WBW4|ARM10_RAT	sp|B1WBW4|ARM10_RAT	0	2708	direct_cross_endpoint
F1PGB7	K7C971	tr|F1PGB7|F1PGB7_CANLF	tr|K7C971|K7C971_PANTR	not_scored	FP	sp|Q6A058|ARMX2_MOUSE	sp|B1WBW4|ARM10_RAT	sp|B1WBW4|ARM10_RAT	0	2708	direct_cross_endpoint
F1PGB7	Q17QN5_BOVIN	tr|F1PGB7|F1PGB7_CANLF	tr|Q17QN5|Q17QN5_BOVIN	not_scored	FP	sp|Q6A058|ARMX2_MOUSE	sp|B1WBW4|ARM10_RAT	sp|B1WBW4|ARM10_RAT	0	2708	direct_cross_endpoint
F1PGB7	Q7L4S7	tr|F1PGB7|F1PGB7_CANLF	sp|Q7L4S7|ARMX6_HUMAN	not_scored	FP	sp|Q6A058|ARMX2_MOUSE	sp|B1WBW4|ARM10_RAT	sp|B1WBW4|ARM10_RAT	0	2708	direct_cross_endpoint
F1PGB7	Q9P291	tr|F1PGB7|F1PGB7_CANLF	sp|Q9P291|ARMX1_HUMAN	not_scored	FP	sp|Q6A058|ARMX2_MOUSE	sp|B1WBW4|ARM10_RAT	sp|B1WBW4|ARM10_RAT	0	2708	direct_cross_endpoint
F1PGB7	Q9UH62	tr|F1PGB7|F1PGB7_CANLF	sp|Q9UH62|ARMX3_HUMAN	not_scored	FP	sp|Q6A058|ARMX2_MOUSE	sp|B1WBW4|ARM10_RAT	sp|B1WBW4|ARM10_RAT	0	2708	direct_cross_endpoint
F1PIS6	H2Q3K8	tr|F1PIS6|F1PIS6_CANLF	tr|H2Q3K8|H2Q3K8_PANTR	not_scored	FP	tr|A2AV11|A2AV11_MOUSE	sp|P0C604|OR4A8_HUMAN	sp|P0C604|OR4A8_HUMAN	0	41	direct_cross_endpoint
F1PIS6	Q8NGL6	tr|F1PIS6|F1PIS6_CANLF	sp|Q8NGL6|O4A15_HUMAN	not_scored	FP	tr|A2AV11|A2AV11_MOUSE	sp|P0C604|OR4A8_HUMAN	sp|P0C604|OR4A8_HUMAN	0	41	direct_cross_endpoint
F1PKZ9	H2Q8H1	tr|F1PKZ9|F1PKZ9_CANLF	tr|H2Q8H1|H2Q8H1_PANTR	not_scored	FP	sp|Q5STT6|FA71B_MOUSE	sp|Q2YDE8|FA71D_BOVIN	sp|Q2YDE8|FA71D_BOVIN	0	4178	direct_cross_endpoint
F1PKZ9	Q8N9W8	tr|F1PKZ9|F1PKZ9_CANLF	sp|Q8N9W8|FA71D_HUMAN	not_scored	FP	sp|Q5STT6|FA71B_MOUSE	sp|Q2YDE8|FA71D_BOVIN	sp|Q2YDE8|FA71D_BOVIN	0	4178	direct_cross_endpoint
F1PNN7	K6ZER9	tr|F1PNN7|F1PNN7_CANLF	tr|K6ZER9|K6ZER9_PANTR	not_scored	FP	sp|Q8BFR1|ZCCHL_MOUSE	sp|Q3UPF5|ZCCHV_MOUSE	sp|Q3UPF5|ZCCHV_MOUSE	0	8377	direct_cross_endpoint
F1PNN7	Q9H0J9	tr|F1PNN7|F1PNN7_CANLF	sp|Q9H0J9|PAR12_HUMAN	not_scored	FP	sp|Q8BFR1|ZCCHL_MOUSE	sp|Q3UPF5|ZCCHV_MOUSE	sp|Q3UPF5|ZCCHV_MOUSE	0	8377	direct_cross_endpoint
F1PTA4	P53816	tr|F1PTA4|F1PTA4_CANLF	sp|P53816|PLAT3_HUMAN	not_scored	FP	sp|Q4KLN5|PLAT5_RAT	sp|D2KX21|PLAT1_RAT	sp|D2KX21|PLAT1_RAT	0	4167	direct_cross_endpoint
F1PUC4	H2Q2Y7	tr|F1PUC4|F1PUC4_CANLF	tr|H2Q2Y7|H2Q2Y7_PANTR	FN	TP	tr|F1PUC4|F1PUC4_CANLF	tr|A0A3Q1LWT2|A0A3Q1LWT2_BOVIN	sp|Q8NGJ9|O51T1_HUMAN	0	1250	direct_cross_endpoint
F1PUC4	Q8NGJ9	tr|F1PUC4|F1PUC4_CANLF	sp|Q8NGJ9|O51T1_HUMAN	FN	TP	tr|F1PUC4|F1PUC4_CANLF	sp|Q8NGJ9|O51T1_HUMAN	sp|Q8NGJ9|O51T1_HUMAN	0		transitive_union
F1PVI7	H2Q1U8	tr|F1PVI7|F1PVI7_CANLF	tr|H2Q1U8|H2Q1U8_PANTR	not_scored	FP	tr|F1PVI7|F1PVI7_CANLF	sp|Q8NGR1|O13A1_HUMAN	sp|Q8NGR1|O13A1_HUMAN	1	34258	direct_cross_endpoint
F1PVI7	H2R0Z3	tr|F1PVI7|F1PVI7_CANLF	tr|H2R0Z3|H2R0Z3_PANTR	FN	TP	tr|F1PVI7|F1PVI7_CANLF	sp|Q8NGR1|O13A1_HUMAN	sp|Q8NGR1|O13A1_HUMAN	1	34258	direct_cross_endpoint
F1PVI7	Q8NGR1	tr|F1PVI7|F1PVI7_CANLF	sp|Q8NGR1|O13A1_HUMAN	not_scored	FP	tr|F1PVI7|F1PVI7_CANLF	sp|Q8NGR1|O13A1_HUMAN	sp|Q8NGR1|O13A1_HUMAN	1	34258	direct_cross_endpoint
F1PVI7	Q8NGZ3	tr|F1PVI7|F1PVI7_CANLF	sp|Q8NGZ3|O13G1_HUMAN	FN	TP	tr|F1PVI7|F1PVI7_CANLF	sp|Q8NGR1|O13A1_HUMAN	sp|Q8NGR1|O13A1_HUMAN	1	34258	direct_cross_endpoint
F1PXA5	G3MY98	tr|F1PXA5|F1PXA5_CANLF	tr|G3MY98|G3MY98_BOVIN	not_scored	FP	tr|F1PXA5|F1PXA5_CANLF	sp|Q60887|OL148_MOUSE	sp|Q60887|OL148_MOUSE	0	298	direct_cross_endpoint
F1PZM5	H2Q3L7	tr|F1PZM5|F1PZM5_CANLF	tr|H2Q3L7|H2Q3L7_PANTR	not_scored	FP	sp|Q8NGK9|OR5DG_HUMAN	tr|H2Q3L7|H2Q3L7_PANTR	sp|Q13606|OR5I1_HUMAN	0	539	direct_cross_endpoint
F1PZM5	Q13606	tr|F1PZM5|F1PZM5_CANLF	sp|Q13606|OR5I1_HUMAN	not_scored	FP	sp|Q8NGK9|OR5DG_HUMAN	sp|Q13606|OR5I1_HUMAN	sp|Q13606|OR5I1_HUMAN	0	538	direct_cross_endpoint
F1Q134	P0C629	tr|F1Q134|F1Q134_CANLF	sp|P0C629|O10J4_HUMAN	not_scored	FP	sp|Q8NGI9|OR5A2_HUMAN	sp|P0C629|O10J4_HUMAN	sp|P0C629|O10J4_HUMAN	0	165	direct_cross_endpoint
F1Q134	Q8NGI8	tr|F1Q134|F1Q134_CANLF	sp|Q8NGI8|O5AN1_HUMAN	not_scored	FP	sp|Q8NGI9|OR5A2_HUMAN	sp|Q8NGI8|O5AN1_HUMAN	sp|P0C629|O10J4_HUMAN	0	256	direct_cross_endpoint
F1Q197	H2Q3N2	tr|F1Q197|F1Q197_CANLF	tr|H2Q3N2|H2Q3N2_PANTR	FN	TP	tr|F1Q197|F1Q197_CANLF	sp|Q8NGQ1|OR9G4_HUMAN	sp|Q8NGQ1|OR9G4_HUMAN	0	592	direct_cross_endpoint
F1Q197	Q8NGQ1	tr|F1Q197|F1Q197_CANLF	sp|Q8NGQ1|OR9G4_HUMAN	FN	TP	tr|F1Q197|F1Q197_CANLF	sp|Q8NGQ1|OR9G4_HUMAN	sp|Q8NGQ1|OR9G4_HUMAN	0	592	direct_cross_endpoint
F1Q3G6	H2Q072	tr|F1Q3G6|F1Q3G6_CANLF	tr|H2Q072|H2Q072_PANTR	FN	TP	tr|F1Q3G6|F1Q3G6_CANLF	sp|P15941|MUC1_HUMAN	sp|P15941|MUC1_HUMAN	0	3081	direct_cross_endpoint
F1Q3G6	P15941	tr|F1Q3G6|F1Q3G6_CANLF	sp|P15941|MUC1_HUMAN	FN	TP	tr|F1Q3G6|F1Q3G6_CANLF	sp|P15941|MUC1_HUMAN	sp|P15941|MUC1_HUMAN	0	3081	direct_cross_endpoint
F1Q3X5	P0C629	tr|F1Q3X5|F1Q3X5_CANLF	sp|P0C629|O10J4_HUMAN	not_scored	FP	sp|Q8NGI9|OR5A2_HUMAN	sp|P0C629|O10J4_HUMAN	sp|P0C629|O10J4_HUMAN	0	165	direct_cross_endpoint
F1Q3X5	Q8NGI8	tr|F1Q3X5|F1Q3X5_CANLF	sp|Q8NGI8|O5AN1_HUMAN	not_scored	FP	sp|Q8NGI9|OR5A2_HUMAN	sp|Q8NGI8|O5AN1_HUMAN	sp|P0C629|O10J4_HUMAN	0	256	direct_cross_endpoint
F6XIL7	H2Q3K8	tr|F6XIL7|F6XIL7_CANLF	tr|H2Q3K8|H2Q3K8_PANTR	not_scored	FP	tr|F1MQH5|F1MQH5_BOVIN	sp|P0C604|OR4A8_HUMAN	sp|P0C604|OR4A8_HUMAN	0	185	direct_cross_endpoint
F6XIL7	Q8NGL6	tr|F6XIL7|F6XIL7_CANLF	sp|Q8NGL6|O4A15_HUMAN	not_scored	FP	tr|F1MQH5|F1MQH5_BOVIN	sp|P0C604|OR4A8_HUMAN	sp|P0C604|OR4A8_HUMAN	0	185	direct_cross_endpoint
F6XLF9	G2HEQ4	tr|F6XLF9|F6XLF9_CANLF	tr|G2HEQ4|G2HEQ4_PANTR	not_scored	FP	sp|Q2YDE8|FA71D_BOVIN	sp|Q5STT6|FA71B_MOUSE	sp|Q2YDE8|FA71D_BOVIN	0	4178	direct_cross_endpoint
F6XLF9	H2QRW2	tr|F6XLF9|F6XLF9_CANLF	tr|H2QRW2|H2QRW2_PANTR	not_scored	FP	sp|Q2YDE8|FA71D_BOVIN	sp|Q5STT6|FA71B_MOUSE	sp|Q2YDE8|FA71D_BOVIN	0	4178	direct_cross_endpoint
F6XLF9	Q8IYT1	tr|F6XLF9|F6XLF9_CANLF	sp|Q8IYT1|FA71A_HUMAN	not_scored	FP	sp|Q2YDE8|FA71D_BOVIN	sp|Q5STT6|FA71B_MOUSE	sp|Q2YDE8|FA71D_BOVIN	0	4178	direct_cross_endpoint
F6XLF9	Q8TC56	tr|F6XLF9|F6XLF9_CANLF	sp|Q8TC56|FA71B_HUMAN	not_scored	FP	sp|Q2YDE8|FA71D_BOVIN	sp|Q5STT6|FA71B_MOUSE	sp|Q2YDE8|FA71D_BOVIN	0	4178	direct_cross_endpoint
F6XSG3	H2Q4H2	tr|F6XSG3|F6XSG3_CANLF	tr|H2Q4H2|H2Q4H2_PANTR	not_scored	FP	sp|Q29RJ0|KCD18_BOVIN	sp|A6H6X4|KCTD4_BOVIN	sp|A6H6X4|KCTD4_BOVIN	0	5511	direct_cross_endpoint
F6XSG3	H2QED6	tr|F6XSG3|F6XSG3_CANLF	tr|H2QED6|H2QED6_PANTR	not_scored	FP	sp|Q29RJ0|KCD18_BOVIN	sp|A6H6X4|KCTD4_BOVIN	sp|A6H6X4|KCTD4_BOVIN	0	5511	direct_cross_endpoint
F6XSG3	Q4G0X4	tr|F6XSG3|F6XSG3_CANLF	sp|Q4G0X4|KCD21_HUMAN	not_scored	FP	sp|Q29RJ0|KCD18_BOVIN	sp|A6H6X4|KCTD4_BOVIN	sp|A6H6X4|KCTD4_BOVIN	0	5511	direct_cross_endpoint
F6XSG3	Q719H9	tr|F6XSG3|F6XSG3_CANLF	sp|Q719H9|KCTD1_HUMAN	not_scored	FP	sp|Q29RJ0|KCD18_BOVIN	sp|A6H6X4|KCTD4_BOVIN	sp|A6H6X4|KCTD4_BOVIN	0	5511	direct_cross_endpoint
G2HEC2	Q96NG8	tr|G2HEC2|G2HEC2_PANTR	sp|Q96NG8|ZN582_HUMAN	not_scored	FP	sp|P17098|ZNF8_HUMAN	sp|Q571J5|Z354C_MOUSE	sp|P17098|ZNF8_HUMAN	0	1005	direct_cross_endpoint
G2HEC2	Q96NI8	tr|G2HEC2|G2HEC2_PANTR	sp|Q96NI8|ZN570_HUMAN	not_scored	FP	sp|P17098|ZNF8_HUMAN	sp|Q571J5|Z354C_MOUSE	sp|P17098|ZNF8_HUMAN	0	1005	direct_cross_endpoint
G2HEQ4	Q8N9W8	tr|G2HEQ4|G2HEQ4_PANTR	sp|Q8N9W8|FA71D_HUMAN	not_scored	FP	sp|Q5STT6|FA71B_MOUSE	sp|Q2YDE8|FA71D_BOVIN	sp|Q2YDE8|FA71D_BOVIN	0	4178	direct_cross_endpoint
G2HFC6	Q17RN3	tr|G2HFC6|G2HFC6_PANTR	sp|Q17RN3|FA98C_HUMAN	not_scored	FP	sp|Q3TJZ6|FA98A_MOUSE	sp|Q17RN3|FA98C_HUMAN	sp|Q17RN3|FA98C_HUMAN	1	35277	direct_cross_endpoint
G2HFC6	Q52LJ0	tr|G2HFC6|G2HFC6_PANTR	sp|Q52LJ0|FA98B_HUMAN	not_scored	FP	sp|Q3TJZ6|FA98A_MOUSE	sp|Q52LJ0|FA98B_HUMAN	sp|Q17RN3|FA98C_HUMAN	0	741	direct_cross_endpoint
G2HFW5	P10323	tr|G2HFW5|G2HFW5_PANTR	sp|P10323|ACRO_HUMAN	not_scored	FP	sp|Q6AY28|PRS54_RAT	sp|P10323|ACRO_HUMAN	sp|P10323|ACRO_HUMAN	0	10720	direct_cross_endpoint
G2HGP2	O43172	tr|G2HGP2|G2HGP2_PANTR	sp|O43172|PRP4_HUMAN	not_scored	FP	sp|Q6ZMY6|WDR88_HUMAN	sp|O22212|PRP4L_ARATH	sp|O22212|PRP4L_ARATH	0	3158	direct_cross_endpoint
G2HGP2	Q9GZS3	tr|G2HGP2|G2HGP2_PANTR	sp|Q9GZS3|WDR61_HUMAN	not_scored	FP	sp|Q6ZMY6|WDR88_HUMAN	sp|O22212|PRP4L_ARATH	sp|O22212|PRP4L_ARATH	0	3158	direct_cross_endpoint
G2HHF5	Q8N813	tr|G2HHF5|G2HHF5_PANTR	sp|Q8N813|CC056_HUMAN	not_scored	FP	sp|A6NEV1|PR23A_HUMAN	sp|Q8N813|CC056_HUMAN	sp|A6NEV1|PR23A_HUMAN	0	13482	direct_cross_endpoint
G2HHN0	J9NZT1	tr|G2HHN0|G2HHN0_PANTR	tr|J9NZT1|J9NZT1_CANLF	not_scored	FP	sp|O43639|NCK2_HUMAN	tr|J9NZT1|J9NZT1_CANLF	sp|O43639|NCK2_HUMAN	0	32362	direct_cross_endpoint
G2HI19	Q8NEM2	tr|G2HI19|G2HI19_PANTR	sp|Q8NEM2|SHCBP_HUMAN	not_scored	FP	sp|Q3TTP0|SHP1L_MOUSE	sp|Q8NEM2|SHCBP_HUMAN	sp|Q3TTP0|SHP1L_MOUSE	0	6676	direct_cross_endpoint
G2HI77	Q8N9W8	tr|G2HI77|G2HI77_PANTR	sp|Q8N9W8|FA71D_HUMAN	not_scored	FP	sp|Q5STT6|FA71B_MOUSE	sp|Q2YDE8|FA71D_BOVIN	sp|Q2YDE8|FA71D_BOVIN	0	4178	direct_cross_endpoint
G2HIF0	Q9Y614	tr|G2HIF0|G2HIF0_PANTR	sp|Q9Y614|ACL7B_HUMAN	FN	TP	tr|G2HIF0|G2HIF0_PANTR	sp|Q32KZ2|ACL7A_BOVIN	sp|Q32KZ2|ACL7A_BOVIN	0	696	direct_cross_endpoint
G2HIF0	Q9Y615	tr|G2HIF0|G2HIF0_PANTR	sp|Q9Y615|ACL7A_HUMAN	not_scored	FP	tr|G2HIF0|G2HIF0_PANTR	sp|Q32KZ2|ACL7A_BOVIN	sp|Q32KZ2|ACL7A_BOVIN	0	696	direct_cross_endpoint
G2HIJ9	O95183	tr|G2HIJ9|G2HIJ9_PANTR	sp|O95183|VAMP5_HUMAN	not_scored	FP	sp|O02495|SYB1_CAEEL	sp|O95183|VAMP5_HUMAN	sp|O02495|SYB1_CAEEL	0	2896	direct_cross_endpoint
G2HIN0	Q8NEP7	tr|G2HIN0|G2HIN0_PANTR	sp|Q8NEP7|KLDC9_HUMAN	not_scored	FP	sp|Q58CV6|KLDC3_BOVIN	sp|Q3USL1|KLDC9_MOUSE	sp|O14248|TEA3_SCHPO	1	38865	direct_cross_endpoint
G2HJ51	Q9NZL3	tr|G2HJ51|G2HJ51_PANTR	sp|Q9NZL3|ZN224_HUMAN	not_scored	FP	sp|Q14588|ZN234_HUMAN	sp|Q9NZL3|ZN224_HUMAN	sp|Q14588|ZN234_HUMAN	0	937	direct_cross_endpoint
G2HJ56	Q8TDS5	tr|G2HJ56|G2HJ56_PANTR	sp|Q8TDS5|OXER1_HUMAN	not_scored	FP	sp|F8VQN3|GPR31_MOUSE	sp|Q8TDS5|OXER1_HUMAN	sp|F8VQN3|GPR31_MOUSE	0	4766	direct_cross_endpoint
G3FJF2	H2RIK5	tr|G3FJF2|G3FJF2_CANLF	tr|H2RIK5|H2RIK5_PANTR	FN	TP	tr|G3FJF2|G3FJF2_CANLF	sp|Q8NGK6|O52I1_HUMAN	sp|Q8NGK6|O52I1_HUMAN	0	1117	direct_cross_endpoint
G3FJF2	Q8NGK6	tr|G3FJF2|G3FJF2_CANLF	sp|Q8NGK6|O52I1_HUMAN	FN	TP	tr|G3FJF2|G3FJF2_CANLF	sp|Q8NGK6|O52I1_HUMAN	sp|Q8NGK6|O52I1_HUMAN	0	1117	direct_cross_endpoint
G3MX49	Q9UGF7	tr|G3MX49|G3MX49_BOVIN	sp|Q9UGF7|O12D3_HUMAN	not_scored	FP	sp|P0DN82|O12D1_HUMAN	sp|Q9UGF7|O12D3_HUMAN	sp|P0DN82|O12D1_HUMAN	0	375	direct_cross_endpoint
G3MZM3	H2QT83	tr|G3MZM3|G3MZM3_BOVIN	tr|H2QT83|H2QT83_PANTR	not_scored	FP	sp|Q9EPI2|GFRA4_RAT	sp|D3ZB94|GFRAL_RAT	sp|D3ZB94|GFRAL_RAT	0		transitive_union
G3MZM3	Q6UXV0	tr|G3MZM3|G3MZM3_BOVIN	sp|Q6UXV0|GFRAL_HUMAN	not_scored	FP	sp|Q9EPI2|GFRA4_RAT	sp|D3ZB94|GFRAL_RAT	sp|D3ZB94|GFRAL_RAT	0		transitive_union
G3MZP5	Q8NGS6	tr|G3MZP5|G3MZP5_BOVIN	sp|Q8NGS6|O13C3_HUMAN	not_scored	FP	sp|P0DN81|O13C7_HUMAN	sp|Q8NGS6|O13C3_HUMAN	sp|P0DN81|O13C7_HUMAN	0	220	direct_cross_endpoint
G3N162	Q8NGI8	tr|G3N162|G3N162_BOVIN	sp|Q8NGI8|O5AN1_HUMAN	not_scored	FP	sp|P0C629|O10J4_HUMAN	sp|Q8NGI8|O5AN1_HUMAN	sp|P0C629|O10J4_HUMAN	0		transitive_union
G3N3N9	H2RFV1	tr|G3N3N9|G3N3N9_BOVIN	tr|H2RFV1|H2RFV1_PANTR	FN	TP	sp|Q8VGD6|OLF56_MOUSE	tr|H2RFV1|H2RFV1_PANTR	sp|Q8NHB1|OR2V1_HUMAN	1	34255	direct_cross_endpoint
G3N3N9	Q8NHB1	tr|G3N3N9|G3N3N9_BOVIN	sp|Q8NHB1|OR2V1_HUMAN	FN	TP	sp|Q8VGD6|OLF56_MOUSE	sp|Q8NHB1|OR2V1_HUMAN	sp|Q8NHB1|OR2V1_HUMAN	0	476	direct_cross_endpoint
G3N3N9	Q96R30	tr|G3N3N9|G3N3N9_BOVIN	sp|Q96R30|OR2V2_HUMAN	not_scored	FP	sp|Q8VGD6|OLF56_MOUSE	sp|Q96R30|OR2V2_HUMAN	sp|Q8NHB1|OR2V1_HUMAN	0	450	direct_cross_endpoint
G3X828	P0DN81	tr|G3X828|G3X828_BOVIN	sp|P0DN81|O13C7_HUMAN	not_scored	FP	sp|Q8NGS6|O13C3_HUMAN	sp|P0DN81|O13C7_HUMAN	sp|P0DN81|O13C7_HUMAN	0	220	direct_cross_endpoint
G3X828	Q9NQN1	tr|G3X828|G3X828_BOVIN	sp|Q9NQN1|OR2S1_HUMAN	not_scored	FP	sp|Q8NGS6|O13C3_HUMAN	sp|P0DN81|O13C7_HUMAN	sp|P0DN81|O13C7_HUMAN	0	220	direct_cross_endpoint
G3X8G3	H2RFV1	tr|G3X8G3|G3X8G3_BOVIN	tr|H2RFV1|H2RFV1_PANTR	not_scored	FP	sp|Q8VGD6|OLF56_MOUSE	tr|H2RFV1|H2RFV1_PANTR	sp|Q8NHB1|OR2V1_HUMAN	1	34255	direct_cross_endpoint
G3X8G3	Q8NHB1	tr|G3X8G3|G3X8G3_BOVIN	sp|Q8NHB1|OR2V1_HUMAN	not_scored	FP	sp|Q8VGD6|OLF56_MOUSE	sp|Q8NHB1|OR2V1_HUMAN	sp|Q8NHB1|OR2V1_HUMAN	0	476	direct_cross_endpoint
G3X8G3	Q96R30	tr|G3X8G3|G3X8G3_BOVIN	sp|Q96R30|OR2V2_HUMAN	FN	TP	sp|Q8VGD6|OLF56_MOUSE	sp|Q96R30|OR2V2_HUMAN	sp|Q8NHB1|OR2V1_HUMAN	0	450	direct_cross_endpoint
H2PXT2	O95922	tr|H2PXT2|H2PXT2_PANTR	sp|O95922|TTLL1_HUMAN	not_scored	FP	sp|A4Q9F3|TTL10_MOUSE	sp|A2APC3|TTLL9_MOUSE	sp|A2APC3|TTLL9_MOUSE	1	35795	direct_cross_endpoint
H2PXT2	Q3SXZ7	tr|H2PXT2|H2PXT2_PANTR	sp|Q3SXZ7|TTLL9_HUMAN	not_scored	FP	sp|A4Q9F3|TTL10_MOUSE	sp|A2APC3|TTLL9_MOUSE	sp|A2APC3|TTLL9_MOUSE	1	35795	direct_cross_endpoint
H2PXV1	P20333	tr|H2PXV1|H2PXV1_PANTR	sp|P20333|TNR1B_HUMAN	not_scored	FP	sp|O95407|TNF6B_HUMAN	sp|P20333|TNR1B_HUMAN	sp|O95407|TNF6B_HUMAN	0	7275	direct_cross_endpoint
H2PXV1	P28908	tr|H2PXV1|H2PXV1_PANTR	sp|P28908|TNR8_HUMAN	not_scored	FP	sp|O95407|TNF6B_HUMAN	sp|P28908|TNR8_HUMAN	sp|O95407|TNF6B_HUMAN	1	36212	direct_cross_endpoint
H2PXW5	Q14469	tr|H2PXW5|H2PXW5_PANTR	sp|Q14469|HES1_HUMAN	not_scored	FP	sp|Q04667|HES3_RAT	sp|O57337|HES1_CHICK	sp|O57337|HES1_CHICK	0	903	direct_cross_endpoint
H2PXW5	Q5TA89	tr|H2PXW5|H2PXW5_PANTR	sp|Q5TA89|HES5_HUMAN	not_scored	FP	sp|Q04667|HES3_RAT	sp|O57337|HES1_CHICK	sp|O57337|HES1_CHICK	0	903	direct_cross_endpoint
H2PXW5	Q9HCC6	tr|H2PXW5|H2PXW5_PANTR	sp|Q9HCC6|HES4_HUMAN	not_scored	FP	sp|Q04667|HES3_RAT	sp|O57337|HES1_CHICK	sp|O57337|HES1_CHICK	0	903	direct_cross_endpoint
H2PXX4	Q8NA92	tr|H2PXX4|H2PXX4_PANTR	sp|Q8NA92|THAP8_HUMAN	not_scored	FP	sp|Q0P5B4|THAP3_BOVIN	sp|Q8NA92|THAP8_HUMAN	sp|Q0P5B4|THAP3_BOVIN	1	34936	direct_cross_endpoint
H2PXX4	Q8TBB0	tr|H2PXX4|H2PXX4_PANTR	sp|Q8TBB0|THAP6_HUMAN	not_scored	FP	sp|Q0P5B4|THAP3_BOVIN	sp|Q8TBB0|THAP6_HUMAN	sp|Q0P5B4|THAP3_BOVIN	0	8448	direct_cross_endpoint
H2PY14	P23582	tr|H2PY14|H2PY14_PANTR	sp|P23582|ANFC_HUMAN	not_scored	FP	sp|P13204|ANFB_BOVIN	sp|P21805|ANFC_CHICK	sp|P13204|ANFB_BOVIN	0	4367	direct_cross_endpoint
H2PY57	Q6TGC4	tr|H2PY57|H2PY57_PANTR	sp|Q6TGC4|PADI6_HUMAN	not_scored	FP	sp|O88806|PADI1_RAT	sp|Q6TGC4|PADI6_HUMAN	sp|O88806|PADI1_RAT	0	190	direct_cross_endpoint
H2PY58	Q6TGC4	tr|H2PY58|H2PY58_PANTR	sp|Q6TGC4|PADI6_HUMAN	not_scored	FP	sp|O88806|PADI1_RAT	sp|Q6TGC4|PADI6_HUMAN	sp|O88806|PADI1_RAT	0	190	direct_cross_endpoint
H2PY59	Q6TGC4	tr|H2PY59|H2PY59_PANTR	sp|Q6TGC4|PADI6_HUMAN	not_scored	FP	sp|O88806|PADI1_RAT	sp|Q6TGC4|PADI6_HUMAN	sp|O88806|PADI1_RAT	0	190	direct_cross_endpoint
H2PY60	Q6TGC4	tr|H2PY60|H2PY60_PANTR	sp|Q6TGC4|PADI6_HUMAN	not_scored	FP	sp|O88806|PADI1_RAT	sp|Q6TGC4|PADI6_HUMAN	sp|O88806|PADI1_RAT	0	190	direct_cross_endpoint
H2PYC1	Q9NZA1	tr|H2PYC1|H2PYC1_PANTR	sp|Q9NZA1|CLIC5_HUMAN	not_scored	FP	sp|O00299|CLIC1_HUMAN	sp|P35526|CLIC5_BOVIN	sp|O00299|CLIC1_HUMAN	0	4128	direct_cross_endpoint
H2PYI4	Q15012	tr|H2PYI4|H2PYI4_PANTR	sp|Q15012|LAP4A_HUMAN	not_scored	FP	sp|Q13571|LAPM5_HUMAN	sp|Q15012|LAP4A_HUMAN	sp|Q13571|LAPM5_HUMAN	0	4683	direct_cross_endpoint
H2PYI4	Q86VI4	tr|H2PYI4|H2PYI4_PANTR	sp|Q86VI4|LAP4B_HUMAN	not_scored	FP	sp|Q13571|LAPM5_HUMAN	sp|Q15012|LAP4A_HUMAN	sp|Q13571|LAPM5_HUMAN	0	4683	direct_cross_endpoint
H2PYM2	Q9UJ78	tr|H2PYM2|H2PYM2_PANTR	sp|Q9UJ78|ZMYM5_HUMAN	not_scored	FP	sp|A2A791|ZMYM4_MOUSE	sp|A6QPH9|ZMYM5_BOVIN	sp|A2A791|ZMYM4_MOUSE	0	12677	direct_cross_endpoint
H2PYN7	Q8NI17	tr|H2PYN7|H2PYN7_PANTR	sp|Q8NI17|IL31R_HUMAN	not_scored	FP	sp|P40189|IL6RB_HUMAN	sp|Q8K5B1|IL31R_MOUSE	sp|P40189|IL6RB_HUMAN	0	8155	direct_cross_endpoint
H2PYY0	O15021	tr|H2PYY0|H2PYY0_PANTR	sp|O15021|MAST4_HUMAN	not_scored	FP	sp|O60307|MAST3_HUMAN	sp|O15021|MAST4_HUMAN	sp|O15021|MAST4_HUMAN	0	9858	direct_cross_endpoint
H2PZ31	P00387	tr|H2PZ31|H2PZ31_PANTR	sp|P00387|NB5R3_HUMAN	not_scored	FP	sp|B1AS42|NB5R5_MOUSE	sp|A7EKT5|MCR1_SCLS1	sp|A7EKT5|MCR1_SCLS1	0	4945	direct_cross_endpoint
H2PZ31	Q6BCY4	tr|H2PZ31|H2PZ31_PANTR	sp|Q6BCY4|NB5R2_HUMAN	not_scored	FP	sp|B1AS42|NB5R5_MOUSE	sp|A7EKT5|MCR1_SCLS1	sp|A7EKT5|MCR1_SCLS1	0	4945	direct_cross_endpoint
H2PZ31	Q9UHQ9	tr|H2PZ31|H2PZ31_PANTR	sp|Q9UHQ9|NB5R1_HUMAN	not_scored	FP	sp|B1AS42|NB5R5_MOUSE	sp|A7EKT5|MCR1_SCLS1	sp|A7EKT5|MCR1_SCLS1	0	4945	direct_cross_endpoint
H2PZ46	O15117	tr|H2PZ46|H2PZ46_PANTR	sp|O15117|FYB1_HUMAN	not_scored	FP	sp|A2A995|FYB2_MOUSE	sp|D3ZIE4|FYB1_RAT	sp|A2A995|FYB2_MOUSE	0	19094	direct_cross_endpoint
H2PZ74	Q5VWK5	tr|H2PZ74|H2PZ74_PANTR	sp|Q5VWK5|IL23R_HUMAN	not_scored	FP	sp|P97378|I12R2_MOUSE	sp|Q5VWK5|IL23R_HUMAN	sp|O70394|I27RA_MOUSE	0	18722	direct_cross_endpoint
H2PZ74	Q6UWB1	tr|H2PZ74|H2PZ74_PANTR	sp|Q6UWB1|I27RA_HUMAN	not_scored	FP	sp|P97378|I12R2_MOUSE	sp|O70394|I27RA_MOUSE	sp|O70394|I27RA_MOUSE	0	18699	direct_cross_endpoint
H2PZB1	P34972	tr|H2PZB1|H2PZB1_PANTR	sp|P34972|CNR2_HUMAN	not_scored	FP	sp|O08530|S1PR1_MOUSE	sp|P34972|CNR2_HUMAN	sp|O08530|S1PR1_MOUSE	0	1952	direct_cross_endpoint
H2PZJ5	Q8IVA1	tr|H2PZJ5|H2PZJ5_PANTR	sp|Q8IVA1|PCP2_HUMAN	not_scored	FP	sp|P81274|GPSM2_HUMAN	sp|P12660|PCP2_MOUSE	sp|P12660|PCP2_MOUSE	0	18778	direct_cross_endpoint
H2PZK5	O15265	tr|H2PZK5|H2PZK5_PANTR	sp|O15265|ATX7_HUMAN	not_scored	FP	sp|Q5T6C5|AT7L2_HUMAN	sp|O15265|ATX7_HUMAN	sp|O15265|ATX7_HUMAN	0	6134	direct_cross_endpoint
H2PZL6	Q12929	tr|H2PZL6|H2PZL6_PANTR	sp|Q12929|EPS8_HUMAN	not_scored	FP	sp|Q8TE67|ES8L3_HUMAN	sp|F1M3L7|EPS8_RAT	sp|F1M3L7|EPS8_RAT	0	10885	direct_cross_endpoint
H2PZL6	Q8TE68	tr|H2PZL6|H2PZL6_PANTR	sp|Q8TE68|ES8L1_HUMAN	not_scored	FP	sp|Q8TE67|ES8L3_HUMAN	sp|F1M3L7|EPS8_RAT	sp|F1M3L7|EPS8_RAT	0	10885	direct_cross_endpoint
H2PZR6	Q13394	tr|H2PZR6|H2PZR6_PANTR	sp|Q13394|MB211_HUMAN	not_scored	FP	sp|A8E4S7|MB213_DANRE	sp|A4FV14|MB211_BOVIN	sp|A4FV14|MB211_BOVIN	0	22662	direct_cross_endpoint
H2PZR6	Q9Y586	tr|H2PZR6|H2PZR6_PANTR	sp|Q9Y586|MB212_HUMAN	not_scored	FP	sp|A8E4S7|MB213_DANRE	sp|A4FV14|MB211_BOVIN	sp|A4FV14|MB211_BOVIN	0	22662	direct_cross_endpoint
H2PZV3	Q7L513	tr|H2PZV3|H2PZV3_PANTR	sp|Q7L513|FCRLA_HUMAN	not_scored	FP	sp|P12314|FCGR1_HUMAN	sp|P26151|FCGR1_MOUSE	sp|P12314|FCGR1_HUMAN	0	5671	direct_cross_endpoint
H2Q003	P20930	tr|H2Q003|H2Q003_PANTR	sp|P20930|FILA_HUMAN	not_scored	FP	sp|Q2VIS4|FILA2_MOUSE	sp|P20930|FILA_HUMAN	sp|A6QP92|TCHL1_BOVIN	0	12827	direct_cross_endpoint
H2Q003	Q5QJ38	tr|H2Q003|H2Q003_PANTR	sp|Q5QJ38|TCHL1_HUMAN	not_scored	FP	sp|Q2VIS4|FILA2_MOUSE	sp|A6QP92|TCHL1_BOVIN	sp|A6QP92|TCHL1_BOVIN	0		transitive_union
H2Q003	Q6XPR3	tr|H2Q003|H2Q003_PANTR	sp|Q6XPR3|RPTN_HUMAN	not_scored	FP	sp|Q2VIS4|FILA2_MOUSE	sp|P97347|RPTN_MOUSE	sp|A6QP92|TCHL1_BOVIN	0	10095	direct_cross_endpoint
H2Q003	Q9UBG3	tr|H2Q003|H2Q003_PANTR	sp|Q9UBG3|CRNN_HUMAN	not_scored	FP	sp|Q2VIS4|FILA2_MOUSE	sp|P97347|RPTN_MOUSE	sp|A6QP92|TCHL1_BOVIN	0	10095	direct_cross_endpoint
H2Q004	P20930	tr|H2Q004|H2Q004_PANTR	sp|P20930|FILA_HUMAN	not_scored	FP	sp|P97347|RPTN_MOUSE	sp|P20930|FILA_HUMAN	sp|A6QP92|TCHL1_BOVIN	0		transitive_union
H2Q004	Q5D862	tr|H2Q004|H2Q004_PANTR	sp|Q5D862|FILA2_HUMAN	not_scored	FP	sp|P97347|RPTN_MOUSE	sp|Q2VIS4|FILA2_MOUSE	sp|A6QP92|TCHL1_BOVIN	0	10095	direct_cross_endpoint
H2Q004	Q5QJ38	tr|H2Q004|H2Q004_PANTR	sp|Q5QJ38|TCHL1_HUMAN	not_scored	FP	sp|P97347|RPTN_MOUSE	sp|A6QP92|TCHL1_BOVIN	sp|A6QP92|TCHL1_BOVIN	0	5827	direct_cross_endpoint
H2Q004	Q86YZ3	tr|H2Q004|H2Q004_PANTR	sp|Q86YZ3|HORN_HUMAN	not_scored	FP	sp|P97347|RPTN_MOUSE	sp|Q2VIS4|FILA2_MOUSE	sp|A6QP92|TCHL1_BOVIN	0	10095	direct_cross_endpoint
H2Q026	P04271	tr|H2Q026|H2Q026_PANTR	sp|P04271|S100B_HUMAN	not_scored	FP	sp|P06702|S10A9_HUMAN	sp|P02638|S100B_BOVIN	sp|P02633|S100G_BOVIN	0	7306	direct_cross_endpoint
H2Q026	P06703	tr|H2Q026|H2Q026_PANTR	sp|P06703|S10A6_HUMAN	not_scored	FP	sp|P06702|S10A9_HUMAN	sp|P02638|S100B_BOVIN	sp|P02633|S100G_BOVIN	0	7306	direct_cross_endpoint
H2Q026	P23297	tr|H2Q026|H2Q026_PANTR	sp|P23297|S10A1_HUMAN	not_scored	FP	sp|P06702|S10A9_HUMAN	sp|P02638|S100B_BOVIN	sp|P02633|S100G_BOVIN	0	7306	direct_cross_endpoint
H2Q026	P25815	tr|H2Q026|H2Q026_PANTR	sp|P25815|S100P_HUMAN	not_scored	FP	sp|P06702|S10A9_HUMAN	sp|P02638|S100B_BOVIN	sp|P02633|S100G_BOVIN	0	7306	direct_cross_endpoint
H2Q026	P26447	tr|H2Q026|H2Q026_PANTR	sp|P26447|S10A4_HUMAN	not_scored	FP	sp|P06702|S10A9_HUMAN	sp|P02638|S100B_BOVIN	sp|P02633|S100G_BOVIN	0	7306	direct_cross_endpoint
H2Q026	P29034	tr|H2Q026|H2Q026_PANTR	sp|P29034|S10A2_HUMAN	not_scored	FP	sp|P06702|S10A9_HUMAN	sp|P02638|S100B_BOVIN	sp|P02633|S100G_BOVIN	0	7306	direct_cross_endpoint
H2Q026	P29377	tr|H2Q026|H2Q026_PANTR	sp|P29377|S100G_HUMAN	not_scored	FP	sp|P06702|S10A9_HUMAN	sp|P02633|S100G_BOVIN	sp|P02633|S100G_BOVIN	0		transitive_union
H2Q026	P33763	tr|H2Q026|H2Q026_PANTR	sp|P33763|S10A5_HUMAN	not_scored	FP	sp|P06702|S10A9_HUMAN	sp|P02638|S100B_BOVIN	sp|P02633|S100G_BOVIN	0	7306	direct_cross_endpoint
H2Q026	P33764	tr|H2Q026|H2Q026_PANTR	sp|P33764|S10A3_HUMAN	not_scored	FP	sp|P06702|S10A9_HUMAN	sp|P33764|S10A3_HUMAN	sp|P02633|S100G_BOVIN	0		transitive_union
H2Q026	P80511	tr|H2Q026|H2Q026_PANTR	sp|P80511|S10AC_HUMAN	not_scored	FP	sp|P06702|S10A9_HUMAN	sp|P02638|S100B_BOVIN	sp|P02633|S100G_BOVIN	0	7306	direct_cross_endpoint
H2Q026	Q8WXG8	tr|H2Q026|H2Q026_PANTR	sp|Q8WXG8|S100Z_HUMAN	not_scored	FP	sp|P06702|S10A9_HUMAN	sp|P02638|S100B_BOVIN	sp|P02633|S100G_BOVIN	0	7306	direct_cross_endpoint
H2Q027	P06702	tr|H2Q027|H2Q027_PANTR	sp|P06702|S10A9_HUMAN	not_scored	FP	sp|P02638|S100B_BOVIN	sp|P06702|S10A9_HUMAN	sp|P02633|S100G_BOVIN	0	7306	direct_cross_endpoint
H2Q027	P29377	tr|H2Q027|H2Q027_PANTR	sp|P29377|S100G_HUMAN	not_scored	FP	sp|P02638|S100B_BOVIN	sp|P02633|S100G_BOVIN	sp|P02633|S100G_BOVIN	0	8421	direct_cross_endpoint
H2Q027	P33764	tr|H2Q027|H2Q027_PANTR	sp|P33764|S10A3_HUMAN	not_scored	FP	sp|P02638|S100B_BOVIN	sp|P33764|S10A3_HUMAN	sp|P02633|S100G_BOVIN	0	812	direct_cross_endpoint
H2Q029	P06702	tr|H2Q029|H2Q029_PANTR	sp|P06702|S10A9_HUMAN	not_scored	FP	sp|P02638|S100B_BOVIN	sp|P06702|S10A9_HUMAN	sp|P02633|S100G_BOVIN	0	7306	direct_cross_endpoint
H2Q029	P29377	tr|H2Q029|H2Q029_PANTR	sp|P29377|S100G_HUMAN	not_scored	FP	sp|P02638|S100B_BOVIN	sp|P02633|S100G_BOVIN	sp|P02633|S100G_BOVIN	0	8421	direct_cross_endpoint
H2Q029	P33764	tr|H2Q029|H2Q029_PANTR	sp|P33764|S10A3_HUMAN	not_scored	FP	sp|P02638|S100B_BOVIN	sp|P33764|S10A3_HUMAN	sp|P02633|S100G_BOVIN	0	812	direct_cross_endpoint
H2Q032	P06702	tr|H2Q032|H2Q032_PANTR	sp|P06702|S10A9_HUMAN	not_scored	FP	sp|P02638|S100B_BOVIN	sp|P06702|S10A9_HUMAN	sp|P02633|S100G_BOVIN	0	7306	direct_cross_endpoint
H2Q032	P29377	tr|H2Q032|H2Q032_PANTR	sp|P29377|S100G_HUMAN	not_scored	FP	sp|P02638|S100B_BOVIN	sp|P02633|S100G_BOVIN	sp|P02633|S100G_BOVIN	0	8421	direct_cross_endpoint
H2Q032	P33764	tr|H2Q032|H2Q032_PANTR	sp|P33764|S10A3_HUMAN	not_scored	FP	sp|P02638|S100B_BOVIN	sp|P33764|S10A3_HUMAN	sp|P02633|S100G_BOVIN	0	812	direct_cross_endpoint
H2Q033	P04271	tr|H2Q033|H2Q033_PANTR	sp|P04271|S100B_HUMAN	not_scored	FP	sp|P33764|S10A3_HUMAN	sp|P02638|S100B_BOVIN	sp|P02633|S100G_BOVIN	0	812	direct_cross_endpoint
H2Q033	P06702	tr|H2Q033|H2Q033_PANTR	sp|P06702|S10A9_HUMAN	not_scored	FP	sp|P33764|S10A3_HUMAN	sp|P06702|S10A9_HUMAN	sp|P02633|S100G_BOVIN	0		transitive_union
H2Q033	P06703	tr|H2Q033|H2Q033_PANTR	sp|P06703|S10A6_HUMAN	not_scored	FP	sp|P33764|S10A3_HUMAN	sp|P02638|S100B_BOVIN	sp|P02633|S100G_BOVIN	0	812	direct_cross_endpoint
H2Q033	P23297	tr|H2Q033|H2Q033_PANTR	sp|P23297|S10A1_HUMAN	not_scored	FP	sp|P33764|S10A3_HUMAN	sp|P02638|S100B_BOVIN	sp|P02633|S100G_BOVIN	0	812	direct_cross_endpoint
H2Q033	P25815	tr|H2Q033|H2Q033_PANTR	sp|P25815|S100P_HUMAN	not_scored	FP	sp|P33764|S10A3_HUMAN	sp|P02638|S100B_BOVIN	sp|P02633|S100G_BOVIN	0	812	direct_cross_endpoint
H2Q033	P26447	tr|H2Q033|H2Q033_PANTR	sp|P26447|S10A4_HUMAN	not_scored	FP	sp|P33764|S10A3_HUMAN	sp|P02638|S100B_BOVIN	sp|P02633|S100G_BOVIN	0	812	direct_cross_endpoint
H2Q033	P29034	tr|H2Q033|H2Q033_PANTR	sp|P29034|S10A2_HUMAN	not_scored	FP	sp|P33764|S10A3_HUMAN	sp|P02638|S100B_BOVIN	sp|P02633|S100G_BOVIN	0	812	direct_cross_endpoint
H2Q033	P29377	tr|H2Q033|H2Q033_PANTR	sp|P29377|S100G_HUMAN	not_scored	FP	sp|P33764|S10A3_HUMAN	sp|P02633|S100G_BOVIN	sp|P02633|S100G_BOVIN	0		transitive_union
H2Q033	P33763	tr|H2Q033|H2Q033_PANTR	sp|P33763|S10A5_HUMAN	not_scored	FP	sp|P33764|S10A3_HUMAN	sp|P02638|S100B_BOVIN	sp|P02633|S100G_BOVIN	0	812	direct_cross_endpoint
H2Q033	P80511	tr|H2Q033|H2Q033_PANTR	sp|P80511|S10AC_HUMAN	not_scored	FP	sp|P33764|S10A3_HUMAN	sp|P02638|S100B_BOVIN	sp|P02633|S100G_BOVIN	0	812	direct_cross_endpoint
H2Q033	Q8WXG8	tr|H2Q033|H2Q033_PANTR	sp|Q8WXG8|S100Z_HUMAN	not_scored	FP	sp|P33764|S10A3_HUMAN	sp|P02638|S100B_BOVIN	sp|P02633|S100G_BOVIN	0	812	direct_cross_endpoint
H2Q035	P06702	tr|H2Q035|H2Q035_PANTR	sp|P06702|S10A9_HUMAN	not_scored	FP	sp|P02638|S100B_BOVIN	sp|P06702|S10A9_HUMAN	sp|P02633|S100G_BOVIN	0	7306	direct_cross_endpoint
H2Q035	P29377	tr|H2Q035|H2Q035_PANTR	sp|P29377|S100G_HUMAN	not_scored	FP	sp|P02638|S100B_BOVIN	sp|P02633|S100G_BOVIN	sp|P02633|S100G_BOVIN	0	8421	direct_cross_endpoint
H2Q035	P33764	tr|H2Q035|H2Q035_PANTR	sp|P33764|S10A3_HUMAN	not_scored	FP	sp|P02638|S100B_BOVIN	sp|P33764|S10A3_HUMAN	sp|P02633|S100G_BOVIN	0	812	direct_cross_endpoint
H2Q053	Q14626	tr|H2Q053|H2Q053_PANTR	sp|Q14626|I11RA_HUMAN	not_scored	FP	sp|P08887|IL6RA_HUMAN	sp|P70225|I11RB_MOUSE	sp|P08887|IL6RA_HUMAN	0	7675	direct_cross_endpoint
H2Q0A9	Q7L513	tr|H2Q0A9|H2Q0A9_PANTR	sp|Q7L513|FCRLA_HUMAN	not_scored	FP	sp|P12314|FCGR1_HUMAN	sp|P26151|FCGR1_MOUSE	sp|P12314|FCGR1_HUMAN	0	5671	direct_cross_endpoint
H2Q0C5	Q16666	tr|H2Q0C5|H2Q0C5_PANTR	sp|Q16666|IF16_HUMAN	not_scored	FP	sp|D0QMC3|MNDAL_MOUSE	sp|Q16666|IF16_HUMAN	sp|D0QMC3|MNDAL_MOUSE	0	4330	direct_cross_endpoint
H2Q0D5	P78310	tr|H2Q0D5|H2Q0D5_PANTR	sp|P78310|CXAR_HUMAN	not_scored	FP	sp|P0DPA2|VSIG8_HUMAN	sp|P0C673|IGS11_MOUSE	sp|P0C673|IGS11_MOUSE	0	3161	direct_cross_endpoint
H2Q0D5	Q5DX21	tr|H2Q0D5|H2Q0D5_PANTR	sp|Q5DX21|IGS11_HUMAN	not_scored	FP	sp|P0DPA2|VSIG8_HUMAN	sp|P0C673|IGS11_MOUSE	sp|P0C673|IGS11_MOUSE	0	3161	direct_cross_endpoint
H2Q0D5	Q86YT9	tr|H2Q0D5|H2Q0D5_PANTR	sp|Q86YT9|JAML_HUMAN	not_scored	FP	sp|P0DPA2|VSIG8_HUMAN	sp|Q80UL9|JAML_MOUSE	sp|P0C673|IGS11_MOUSE	0		transitive_union
H2Q0D5	Q8WMV3	tr|H2Q0D5|H2Q0D5_PANTR	sp|Q8WMV3|CXAR_BOVIN	not_scored	FP	sp|P0DPA2|VSIG8_HUMAN	sp|P0C673|IGS11_MOUSE	sp|P0C673|IGS11_MOUSE	0	3161	direct_cross_endpoint
H2Q0D5	Q96AP7	tr|H2Q0D5|H2Q0D5_PANTR	sp|Q96AP7|ESAM_HUMAN	not_scored	FP	sp|P0DPA2|VSIG8_HUMAN	sp|P0C673|IGS11_MOUSE	sp|P0C673|IGS11_MOUSE	0	3161	direct_cross_endpoint
H2Q0D5	Q9H6B4	tr|H2Q0D5|H2Q0D5_PANTR	sp|Q9H6B4|CLMP_HUMAN	not_scored	FP	sp|P0DPA2|VSIG8_HUMAN	sp|P0C673|IGS11_MOUSE	sp|P0C673|IGS11_MOUSE	0	3161	direct_cross_endpoint
H2Q0D7	Q13291	tr|H2Q0D7|H2Q0D7_PANTR	sp|Q13291|SLAF1_HUMAN	not_scored	FP	sp|Q96A28|SLAF9_HUMAN	sp|Q13291|SLAF1_HUMAN	sp|Q01965|LY9_MOUSE	0		transitive_union
H2Q0D7	Q96DU3	tr|H2Q0D7|H2Q0D7_PANTR	sp|Q96DU3|SLAF6_HUMAN	not_scored	FP	sp|Q96A28|SLAF9_HUMAN	sp|Q18PI6|SLAF5_MOUSE	sp|Q01965|LY9_MOUSE	0	5525	direct_cross_endpoint
H2Q0D7	Q9HBG7	tr|H2Q0D7|H2Q0D7_PANTR	sp|Q9HBG7|LY9_HUMAN	not_scored	FP	sp|Q96A28|SLAF9_HUMAN	sp|Q01965|LY9_MOUSE	sp|Q01965|LY9_MOUSE	0		transitive_union
H2Q0D7	Q9NQ25	tr|H2Q0D7|H2Q0D7_PANTR	sp|Q9NQ25|SLAF7_HUMAN	not_scored	FP	sp|Q96A28|SLAF9_HUMAN	sp|Q18PI6|SLAF5_MOUSE	sp|Q01965|LY9_MOUSE	0	5525	direct_cross_endpoint
H2Q0D7	Q9UIB8	tr|H2Q0D7|H2Q0D7_PANTR	sp|Q9UIB8|SLAF5_HUMAN	not_scored	FP	sp|Q96A28|SLAF9_HUMAN	sp|Q18PI6|SLAF5_MOUSE	sp|Q01965|LY9_MOUSE	0	5525	direct_cross_endpoint
H2Q0F0	Q13291	tr|H2Q0F0|H2Q0F0_PANTR	sp|Q13291|SLAF1_HUMAN	not_scored	FP	sp|Q18PI6|SLAF5_MOUSE	sp|Q13291|SLAF1_HUMAN	sp|Q01965|LY9_MOUSE	0	10147	direct_cross_endpoint
H2Q0F0	Q96A28	tr|H2Q0F0|H2Q0F0_PANTR	sp|Q96A28|SLAF9_HUMAN	not_scored	FP	sp|Q18PI6|SLAF5_MOUSE	sp|Q96A28|SLAF9_HUMAN	sp|Q01965|LY9_MOUSE	0	5525	direct_cross_endpoint
H2Q0F0	Q9HBG7	tr|H2Q0F0|H2Q0F0_PANTR	sp|Q9HBG7|LY9_HUMAN	not_scored	FP	sp|Q18PI6|SLAF5_MOUSE	sp|Q01965|LY9_MOUSE	sp|Q01965|LY9_MOUSE	0	12488	direct_cross_endpoint
H2Q0F1	Q13291	tr|H2Q0F1|H2Q0F1_PANTR	sp|Q13291|SLAF1_HUMAN	not_scored	FP	sp|Q01965|LY9_MOUSE	sp|Q13291|SLAF1_HUMAN	sp|Q01965|LY9_MOUSE	0		transitive_union
H2Q0F1	Q96A28	tr|H2Q0F1|H2Q0F1_PANTR	sp|Q96A28|SLAF9_HUMAN	not_scored	FP	sp|Q01965|LY9_MOUSE	sp|Q96A28|SLAF9_HUMAN	sp|Q01965|LY9_MOUSE	0		transitive_union
H2Q0F1	Q96DU3	tr|H2Q0F1|H2Q0F1_PANTR	sp|Q96DU3|SLAF6_HUMAN	not_scored	FP	sp|Q01965|LY9_MOUSE	sp|Q18PI6|SLAF5_MOUSE	sp|Q01965|LY9_MOUSE	0	12488	direct_cross_endpoint
H2Q0F1	Q9NQ25	tr|H2Q0F1|H2Q0F1_PANTR	sp|Q9NQ25|SLAF7_HUMAN	not_scored	FP	sp|Q01965|LY9_MOUSE	sp|Q18PI6|SLAF5_MOUSE	sp|Q01965|LY9_MOUSE	0	12488	direct_cross_endpoint
H2Q0F1	Q9UIB8	tr|H2Q0F1|H2Q0F1_PANTR	sp|Q9UIB8|SLAF5_HUMAN	not_scored	FP	sp|Q01965|LY9_MOUSE	sp|Q18PI6|SLAF5_MOUSE	sp|Q01965|LY9_MOUSE	0	12488	direct_cross_endpoint
H2Q0F7	Q9BQ90	tr|H2Q0F7|H2Q0F7_PANTR	sp|Q9BQ90|KLDC3_HUMAN	not_scored	FP	sp|Q3USL1|KLDC9_MOUSE	sp|Q58CV6|KLDC3_BOVIN	sp|O14248|TEA3_SCHPO	1	38865	direct_cross_endpoint
H2Q0H1	Q7L513	tr|H2Q0H1|H2Q0H1_PANTR	sp|Q7L513|FCRLA_HUMAN	not_scored	FP	sp|P12314|FCGR1_HUMAN	sp|P26151|FCGR1_MOUSE	sp|P12314|FCGR1_HUMAN	0	5671	direct_cross_endpoint
H2Q0H9	O43665	tr|H2Q0H9|H2Q0H9_PANTR	sp|O43665|RGS10_HUMAN	not_scored	FP	sp|O08849|RGS2_MOUSE	sp|O43665|RGS10_HUMAN	sp|O08849|RGS2_MOUSE	0	4681	direct_cross_endpoint
H2Q0H9	P49796	tr|H2Q0H9|H2Q0H9_PANTR	sp|P49796|RGS3_HUMAN	not_scored	FP	sp|O08849|RGS2_MOUSE	sp|P49796|RGS3_HUMAN	sp|O08849|RGS2_MOUSE	1	38262	direct_cross_endpoint
H2Q0H9	Q9NS28	tr|H2Q0H9|H2Q0H9_PANTR	sp|Q9NS28|RGS18_HUMAN	not_scored	FP	sp|O08849|RGS2_MOUSE	sp|Q4L0E8|RGS18_RAT	sp|O08849|RGS2_MOUSE	0	3356	direct_cross_endpoint
H2Q0L8	O95183	tr|H2Q0L8|H2Q0L8_PANTR	sp|O95183|VAMP5_HUMAN	not_scored	FP	sp|O02495|SYB1_CAEEL	sp|O95183|VAMP5_HUMAN	sp|O02495|SYB1_CAEEL	0	2896	direct_cross_endpoint
H2Q0M2	Q06643	tr|H2Q0M2|H2Q0M2_PANTR	sp|Q06643|TNFC_HUMAN	not_scored	FP	sp|O95150|TNF15_HUMAN	sp|P41155|TNFC_MOUSE	sp|O95150|TNF15_HUMAN	1	35227	direct_cross_endpoint
H2Q0Q7	O43665	tr|H2Q0Q7|H2Q0Q7_PANTR	sp|O43665|RGS10_HUMAN	not_scored	FP	sp|O08849|RGS2_MOUSE	sp|O43665|RGS10_HUMAN	sp|O08849|RGS2_MOUSE	0	4681	direct_cross_endpoint
H2Q0Q7	P49796	tr|H2Q0Q7|H2Q0Q7_PANTR	sp|P49796|RGS3_HUMAN	not_scored	FP	sp|O08849|RGS2_MOUSE	sp|P49796|RGS3_HUMAN	sp|O08849|RGS2_MOUSE	1	38262	direct_cross_endpoint
H2Q0Q7	Q9NS28	tr|H2Q0Q7|H2Q0Q7_PANTR	sp|Q9NS28|RGS18_HUMAN	not_scored	FP	sp|O08849|RGS2_MOUSE	sp|Q4L0E8|RGS18_RAT	sp|O08849|RGS2_MOUSE	0	3356	direct_cross_endpoint
H2Q0T2	O14921	tr|H2Q0T2|H2Q0T2_PANTR	sp|O14921|RGS13_HUMAN	not_scored	FP	sp|Q4L0E8|RGS18_RAT	sp|O08849|RGS2_MOUSE	sp|O08849|RGS2_MOUSE	0	3356	direct_cross_endpoint
H2Q0T2	O15492	tr|H2Q0T2|H2Q0T2_PANTR	sp|O15492|RGS16_HUMAN	not_scored	FP	sp|Q4L0E8|RGS18_RAT	sp|O08849|RGS2_MOUSE	sp|O08849|RGS2_MOUSE	0	3356	direct_cross_endpoint
H2Q0T2	O15539	tr|H2Q0T2|H2Q0T2_PANTR	sp|O15539|RGS5_HUMAN	not_scored	FP	sp|Q4L0E8|RGS18_RAT	sp|O08849|RGS2_MOUSE	sp|O08849|RGS2_MOUSE	0	3356	direct_cross_endpoint
H2Q0T2	O43665	tr|H2Q0T2|H2Q0T2_PANTR	sp|O43665|RGS10_HUMAN	not_scored	FP	sp|Q4L0E8|RGS18_RAT	sp|O43665|RGS10_HUMAN	sp|O08849|RGS2_MOUSE	0		transitive_union
H2Q0T2	P41220	tr|H2Q0T2|H2Q0T2_PANTR	sp|P41220|RGS2_HUMAN	not_scored	FP	sp|Q4L0E8|RGS18_RAT	sp|O08849|RGS2_MOUSE	sp|O08849|RGS2_MOUSE	0	3356	direct_cross_endpoint
H2Q0T2	P49796	tr|H2Q0T2|H2Q0T2_PANTR	sp|P49796|RGS3_HUMAN	not_scored	FP	sp|Q4L0E8|RGS18_RAT	sp|P49796|RGS3_HUMAN	sp|O08849|RGS2_MOUSE	1	38262	direct_cross_endpoint
H2Q0T2	P49798	tr|H2Q0T2|H2Q0T2_PANTR	sp|P49798|RGS4_HUMAN	not_scored	FP	sp|Q4L0E8|RGS18_RAT	sp|O08849|RGS2_MOUSE	sp|O08849|RGS2_MOUSE	0	3356	direct_cross_endpoint
H2Q0T2	P57771	tr|H2Q0T2|H2Q0T2_PANTR	sp|P57771|RGS8_HUMAN	not_scored	FP	sp|Q4L0E8|RGS18_RAT	sp|O08849|RGS2_MOUSE	sp|O08849|RGS2_MOUSE	0	3356	direct_cross_endpoint
H2Q0T2	Q08116	tr|H2Q0T2|H2Q0T2_PANTR	sp|Q08116|RGS1_HUMAN	not_scored	FP	sp|Q4L0E8|RGS18_RAT	sp|O08849|RGS2_MOUSE	sp|O08849|RGS2_MOUSE	0	3356	direct_cross_endpoint
H2Q0T2	Q2M5E4	tr|H2Q0T2|H2Q0T2_PANTR	sp|Q2M5E4|RGS21_HUMAN	not_scored	FP	sp|Q4L0E8|RGS18_RAT	sp|O08849|RGS2_MOUSE	sp|O08849|RGS2_MOUSE	0	3356	direct_cross_endpoint
H2Q0T4	O43665	tr|H2Q0T4|H2Q0T4_PANTR	sp|O43665|RGS10_HUMAN	not_scored	FP	sp|O08849|RGS2_MOUSE	sp|O43665|RGS10_HUMAN	sp|O08849|RGS2_MOUSE	0	4681	direct_cross_endpoint
H2Q0T4	P49796	tr|H2Q0T4|H2Q0T4_PANTR	sp|P49796|RGS3_HUMAN	not_scored	FP	sp|O08849|RGS2_MOUSE	sp|P49796|RGS3_HUMAN	sp|O08849|RGS2_MOUSE	1	38262	direct_cross_endpoint
H2Q0T4	Q9NS28	tr|H2Q0T4|H2Q0T4_PANTR	sp|Q9NS28|RGS18_HUMAN	not_scored	FP	sp|O08849|RGS2_MOUSE	sp|Q4L0E8|RGS18_RAT	sp|O08849|RGS2_MOUSE	0	3356	direct_cross_endpoint
H2Q0X8	Q8TDU6	tr|H2Q0X8|H2Q0X8_PANTR	sp|Q8TDU6|GPBAR_HUMAN	not_scored	FP	sp|O13076|AA2BR_CHICK	sp|Q80SS6|GPBAR_MOUSE	sp|O13076|AA2BR_CHICK	1	35667	direct_cross_endpoint
H2Q0X8	Q8TDV5	tr|H2Q0X8|H2Q0X8_PANTR	sp|Q8TDV5|GP119_HUMAN	not_scored	FP	sp|O13076|AA2BR_CHICK	sp|Q7TQN8|GP119_RAT	sp|O13076|AA2BR_CHICK	0	3720	direct_cross_endpoint
H2Q147	Q9NRS6	tr|H2Q147|H2Q147_PANTR	sp|Q9NRS6|SNX15_HUMAN	not_scored	FP	sp|Q8BLK9|KS6C1_MOUSE	sp|Q148E7|SNX15_BOVIN	sp|Q148E7|SNX15_BOVIN	0	18083	direct_cross_endpoint
H2Q148	Q12923	tr|H2Q148|H2Q148_PANTR	sp|Q12923|PTN13_HUMAN	not_scored	FP	sp|Q15678|PTN14_HUMAN	sp|Q12923|PTN13_HUMAN	sp|Q12923|PTN13_HUMAN	0	14138	direct_cross_endpoint
H2Q153	Q99988	tr|H2Q153|H2Q153_PANTR	sp|Q99988|GDF15_HUMAN	not_scored	FP	sp|P01137|TGFB1_HUMAN	sp|Q99988|GDF15_HUMAN	sp|P01137|TGFB1_HUMAN	0	1996	direct_cross_endpoint
H2Q193	Q6UWB4	tr|H2Q193|H2Q193_PANTR	sp|Q6UWB4|PRS55_HUMAN	not_scored	FP	sp|A1L453|PRS38_HUMAN	sp|Q14BX2|PRS55_MOUSE	sp|A1L453|PRS38_HUMAN	0	885	direct_cross_endpoint
H2Q198	Q8NFK1	tr|H2Q198|H2Q198_PANTR	sp|Q8NFK1|CXG3_HUMAN	not_scored	FP	sp|A4GG66|CXG1_RAT	sp|A3KN25|CXG3_BOVIN	sp|A3KN25|CXG3_BOVIN	0	965	direct_cross_endpoint
H2Q1G8	Q9C000	tr|H2Q1G8|H2Q1G8_PANTR	sp|Q9C000|NLRP1_HUMAN	not_scored	FP	sp|A6QLE5|NLRP3_BOVIN	sp|A1Z198|NL1B2_MOUSE	sp|A1Z198|NL1B2_MOUSE	0	6310	direct_cross_endpoint
H2Q1H5	Q8N349	tr|H2Q1H5|H2Q1H5_PANTR	sp|Q8N349|OR2LD_HUMAN	FN	TP	tr|H2Q1H5|H2Q1H5_PANTR	sp|Q8N349|OR2LD_HUMAN	sp|Q8N349|OR2LD_HUMAN	0	243	direct_cross_endpoint
H2Q1H5	Q8NGR9	tr|H2Q1H5|H2Q1H5_PANTR	sp|Q8NGR9|OR1N2_HUMAN	not_scored	FP	tr|H2Q1H5|H2Q1H5_PANTR	sp|Q8NGR9|OR1N2_HUMAN	sp|Q8N349|OR2LD_HUMAN	1	34209	direct_cross_endpoint
H2Q1J4	P55265	tr|H2Q1J4|H2Q1J4_PANTR	sp|P55265|DSRAD_HUMAN	not_scored	FP	sp|P51400|RED1_RAT	sp|P55265|DSRAD_HUMAN	sp|P51400|RED1_RAT	0	6626	direct_cross_endpoint
H2Q1Q0	P20929	tr|H2Q1Q0|H2Q1Q0_PANTR	sp|P20929|NEBU_HUMAN	not_scored	FP	sp|O76041|NEBL_HUMAN	sp|P20929|NEBU_HUMAN	sp|O76041|NEBL_HUMAN	0	33612	direct_cross_endpoint
H2Q1R0	Q6PRD1	tr|H2Q1R0|H2Q1R0_PANTR	sp|Q6PRD1|GP179_HUMAN	not_scored	FP	sp|D4A6L0|GP158_RAT	sp|Q6PRD1|GP179_HUMAN	sp|D4A6L0|GP158_RAT	1	40668	direct_cross_endpoint
H2Q1Z7	O43151	tr|H2Q1Z7|H2Q1Z7_PANTR	sp|O43151|TET3_HUMAN	not_scored	FP	sp|Q3URK3|TET1_MOUSE	sp|A0JP82|TET3_XENTR	sp|A0JP82|TET3_XENTR	0	3302	direct_cross_endpoint
H2Q1Z7	Q6N021	tr|H2Q1Z7|H2Q1Z7_PANTR	sp|Q6N021|TET2_HUMAN	not_scored	FP	sp|Q3URK3|TET1_MOUSE	sp|A0JP82|TET3_XENTR	sp|A0JP82|TET3_XENTR	0	3302	direct_cross_endpoint
H2Q207	Q9H1Z9	tr|H2Q207|H2Q207_PANTR	sp|Q9H1Z9|TSN10_HUMAN	not_scored	FP	sp|F7BWT7|TSN15_MOUSE	sp|Q8VCF5|TSN10_MOUSE	sp|F7BWT7|TSN15_MOUSE	0	2106	direct_cross_endpoint
H2Q222	Q9GZS9	tr|H2Q222|H2Q222_PANTR	sp|Q9GZS9|CHST5_HUMAN	not_scored	FP	sp|O43916|CHST1_HUMAN	sp|Q9GZS9|CHST5_HUMAN	sp|O43916|CHST1_HUMAN	0	7106	direct_cross_endpoint
H2Q263	Q9H1Z9	tr|H2Q263|H2Q263_PANTR	sp|Q9H1Z9|TSN10_HUMAN	not_scored	FP	sp|F7BWT7|TSN15_MOUSE	sp|Q8VCF5|TSN10_MOUSE	sp|F7BWT7|TSN15_MOUSE	0	2106	direct_cross_endpoint
H2Q2B8	Q7Z7G1	tr|H2Q2B8|H2Q2B8_PANTR	sp|Q7Z7G1|CLNK_HUMAN	not_scored	FP	sp|Q4KM52|BLNK_RAT	sp|Q7Z7G1|CLNK_HUMAN	sp|Q4KM52|BLNK_RAT	0	16972	direct_cross_endpoint
H2Q2I1	Q6P4A7	tr|H2Q2I1|H2Q2I1_PANTR	sp|Q6P4A7|SFXN4_HUMAN	not_scored	FP	sp|A6QP55|SFXN3_BOVIN	sp|A8E7G5|SFXN4_DANRE	sp|A6QP55|SFXN3_BOVIN	0	2333	direct_cross_endpoint
H2Q2N8	O14921	tr|H2Q2N8|H2Q2N8_PANTR	sp|O14921|RGS13_HUMAN	not_scored	FP	sp|O43665|RGS10_HUMAN	sp|O08849|RGS2_MOUSE	sp|O08849|RGS2_MOUSE	0	4681	direct_cross_endpoint
H2Q2N8	O15492	tr|H2Q2N8|H2Q2N8_PANTR	sp|O15492|RGS16_HUMAN	not_scored	FP	sp|O43665|RGS10_HUMAN	sp|O08849|RGS2_MOUSE	sp|O08849|RGS2_MOUSE	0	4681	direct_cross_endpoint
H2Q2N8	O15539	tr|H2Q2N8|H2Q2N8_PANTR	sp|O15539|RGS5_HUMAN	not_scored	FP	sp|O43665|RGS10_HUMAN	sp|O08849|RGS2_MOUSE	sp|O08849|RGS2_MOUSE	0	4681	direct_cross_endpoint
H2Q2N8	P41220	tr|H2Q2N8|H2Q2N8_PANTR	sp|P41220|RGS2_HUMAN	not_scored	FP	sp|O43665|RGS10_HUMAN	sp|O08849|RGS2_MOUSE	sp|O08849|RGS2_MOUSE	0	4681	direct_cross_endpoint
H2Q2N8	P49796	tr|H2Q2N8|H2Q2N8_PANTR	sp|P49796|RGS3_HUMAN	not_scored	FP	sp|O43665|RGS10_HUMAN	sp|P49796|RGS3_HUMAN	sp|O08849|RGS2_MOUSE	1	38262	direct_cross_endpoint
H2Q2N8	P49798	tr|H2Q2N8|H2Q2N8_PANTR	sp|P49798|RGS4_HUMAN	not_scored	FP	sp|O43665|RGS10_HUMAN	sp|O08849|RGS2_MOUSE	sp|O08849|RGS2_MOUSE	0	4681	direct_cross_endpoint
H2Q2N8	P57771	tr|H2Q2N8|H2Q2N8_PANTR	sp|P57771|RGS8_HUMAN	not_scored	FP	sp|O43665|RGS10_HUMAN	sp|O08849|RGS2_MOUSE	sp|O08849|RGS2_MOUSE	0	4681	direct_cross_endpoint
H2Q2N8	Q08116	tr|H2Q2N8|H2Q2N8_PANTR	sp|Q08116|RGS1_HUMAN	not_scored	FP	sp|O43665|RGS10_HUMAN	sp|O08849|RGS2_MOUSE	sp|O08849|RGS2_MOUSE	0	4681	direct_cross_endpoint
H2Q2N8	Q2M5E4	tr|H2Q2N8|H2Q2N8_PANTR	sp|Q2M5E4|RGS21_HUMAN	not_scored	FP	sp|O43665|RGS10_HUMAN	sp|O08849|RGS2_MOUSE	sp|O08849|RGS2_MOUSE	0	4681	direct_cross_endpoint
H2Q2N8	Q9NS28	tr|H2Q2N8|H2Q2N8_PANTR	sp|Q9NS28|RGS18_HUMAN	not_scored	FP	sp|O43665|RGS10_HUMAN	sp|Q4L0E8|RGS18_RAT	sp|O08849|RGS2_MOUSE	0		transitive_union
H2Q2U4	Q86W26	tr|H2Q2U4|H2Q2U4_PANTR	sp|Q86W26|NAL10_HUMAN	not_scored	FP	sp|P59044|NLRP6_HUMAN	sp|Q86W26|NAL10_HUMAN	sp|P59044|NLRP6_HUMAN	1	35770	direct_cross_endpoint
H2Q2X7	Q13508	tr|H2Q2X7|H2Q2X7_PANTR	sp|Q13508|NAR3_HUMAN	not_scored	FP	sp|O35975|NAR2B_MOUSE	sp|Q13508|NAR3_HUMAN	sp|O35975|NAR2B_MOUSE	0	4853	direct_cross_endpoint
H2Q2X7	Q93070	tr|H2Q2X7|H2Q2X7_PANTR	sp|Q93070|NAR4_HUMAN	not_scored	FP	sp|O35975|NAR2B_MOUSE	sp|Q93070|NAR4_HUMAN	sp|O35975|NAR2B_MOUSE	0	4239	direct_cross_endpoint
H2Q2Y7	Q8NGJ9	tr|H2Q2Y7|H2Q2Y7_PANTR	sp|Q8NGJ9|O51T1_HUMAN	FN	TP	tr|A0A3Q1LWT2|A0A3Q1LWT2_BOVIN	sp|Q8NGJ9|O51T1_HUMAN	sp|Q8NGJ9|O51T1_HUMAN	0	1135	direct_cross_endpoint
H2Q314	Q8NH76	tr|H2Q314|H2Q314_PANTR	sp|Q8NH76|O56B4_HUMAN	FN	TP	tr|H2Q314|H2Q314_PANTR	sp|Q8NH76|O56B4_HUMAN	sp|Q6W049|OL688_MOUSE	0		transitive_union
H2Q336	Q9C000	tr|H2Q336|H2Q336_PANTR	sp|Q9C000|NLRP1_HUMAN	not_scored	FP	sp|A6QLE5|NLRP3_BOVIN	sp|A1Z198|NL1B2_MOUSE	sp|A1Z198|NL1B2_MOUSE	0	6310	direct_cross_endpoint
H2Q347	P59044	tr|H2Q347|H2Q347_PANTR	sp|P59044|NLRP6_HUMAN	not_scored	FP	sp|Q86W26|NAL10_HUMAN	sp|P59044|NLRP6_HUMAN	sp|P59044|NLRP6_HUMAN	1	35770	direct_cross_endpoint
H2Q383	O75747	tr|H2Q383|H2Q383_PANTR	sp|O75747|P3C2G_HUMAN	not_scored	FP	sp|G5EDY0|PIKI1_CAEEL	sp|O70167|P3C2G_MOUSE	sp|G5EDY0|PIKI1_CAEEL	0	7394	direct_cross_endpoint
H2Q395	Q8IX04	tr|H2Q395|H2Q395_PANTR	sp|Q8IX04|UEVLD_HUMAN	not_scored	FP	sp|A5A6N7|LDHB_PANTR	sp|Q3U1V6|UEVLD_MOUSE	sp|A5A6N7|LDHB_PANTR	0	740	direct_cross_endpoint
H2Q3A0	Q8N9C0	tr|H2Q3A0|H2Q3A0_PANTR	sp|Q8N9C0|IGS22_HUMAN	FN	TP	sp|O70468|MYPC3_MOUSE	sp|Q8N9C0|IGS22_HUMAN	sp|O70468|MYPC3_MOUSE	0	13809	direct_cross_endpoint
H2Q3L3	Q13606	tr|H2Q3L3|H2Q3L3_PANTR	sp|Q13606|OR5I1_HUMAN	not_scored	FP	sp|Q8NGK9|OR5DG_HUMAN	sp|Q13606|OR5I1_HUMAN	sp|Q13606|OR5I1_HUMAN	0	538	direct_cross_endpoint
H2Q3L5	Q13606	tr|H2Q3L5|H2Q3L5_PANTR	sp|Q13606|OR5I1_HUMAN	not_scored	FP	sp|Q8NGK9|OR5DG_HUMAN	sp|Q13606|OR5I1_HUMAN	sp|Q13606|OR5I1_HUMAN	0	538	direct_cross_endpoint
H2Q3L7	L7N0A6	tr|H2Q3L7|H2Q3L7_PANTR	tr|L7N0A6|L7N0A6_CANLF	not_scored	FP	tr|H2Q3L7|H2Q3L7_PANTR	sp|Q8NGK9|OR5DG_HUMAN	sp|Q13606|OR5I1_HUMAN	0	539	direct_cross_endpoint
H2Q3L7	Q13606	tr|H2Q3L7|H2Q3L7_PANTR	sp|Q13606|OR5I1_HUMAN	FN	TP	tr|H2Q3L7|H2Q3L7_PANTR	sp|Q13606|OR5I1_HUMAN	sp|Q13606|OR5I1_HUMAN	0		transitive_union
H2Q3L7	Q8NGL1	tr|H2Q3L7|H2Q3L7_PANTR	sp|Q8NGL1|OR5DI_HUMAN	not_scored	FP	tr|H2Q3L7|H2Q3L7_PANTR	sp|Q8NGK9|OR5DG_HUMAN	sp|Q13606|OR5I1_HUMAN	0	539	direct_cross_endpoint
H2Q3L7	Q8NGL3	tr|H2Q3L7|H2Q3L7_PANTR	sp|Q8NGL3|OR5DE_HUMAN	not_scored	FP	tr|H2Q3L7|H2Q3L7_PANTR	sp|Q8NGK9|OR5DG_HUMAN	sp|Q13606|OR5I1_HUMAN	0	539	direct_cross_endpoint
H2Q3M3	Q8NG75	tr|H2Q3M3|H2Q3M3_PANTR	sp|Q8NG75|OR5T1_HUMAN	not_scored	FP	sp|Q60880|OL141_MOUSE	sp|Q8NG75|OR5T1_HUMAN	sp|Q60880|OL141_MOUSE	0	744	direct_cross_endpoint
H2Q3M4	Q8NG75	tr|H2Q3M4|H2Q3M4_PANTR	sp|Q8NG75|OR5T1_HUMAN	FN	TP	sp|Q60880|OL141_MOUSE	sp|Q8NG75|OR5T1_HUMAN	sp|Q60880|OL141_MOUSE	0	744	direct_cross_endpoint
H2Q3P9	Q8NGQ4	tr|H2Q3P9|H2Q3P9_PANTR	sp|Q8NGQ4|O10Q1_HUMAN	FN	TP	tr|H2Q3P9|H2Q3P9_PANTR	sp|Q8NGQ4|O10Q1_HUMAN	sp|Q8NGQ4|O10Q1_HUMAN	0	659	direct_cross_endpoint
H2Q3S1	Q3C1V0	tr|H2Q3S1|H2Q3S1_PANTR	sp|Q3C1V0|M4A18_HUMAN	not_scored	FP	sp|P13386|FCERB_RAT	sp|A6QPF4|M4A18_BOVIN	sp|A6QPF4|M4A18_BOVIN	0		transitive_union
H2Q3S1	Q8N5U1	tr|H2Q3S1|H2Q3S1_PANTR	sp|Q8N5U1|M4A15_HUMAN	not_scored	FP	sp|P13386|FCERB_RAT	sp|Q3UPL6|M4A15_MOUSE	sp|A6QPF4|M4A18_BOVIN	0	5957	direct_cross_endpoint
H2Q3S1	Q9BY19	tr|H2Q3S1|H2Q3S1_PANTR	sp|Q9BY19|M4A8_HUMAN	not_scored	FP	sp|P13386|FCERB_RAT	sp|Q3UPL6|M4A15_MOUSE	sp|A6QPF4|M4A18_BOVIN	0	5957	direct_cross_endpoint
H2Q3S1	Q9NXJ0	tr|H2Q3S1|H2Q3S1_PANTR	sp|Q9NXJ0|M4A12_HUMAN	not_scored	FP	sp|P13386|FCERB_RAT	sp|Q3UPL6|M4A15_MOUSE	sp|A6QPF4|M4A18_BOVIN	0	5957	direct_cross_endpoint
H2Q3S3	Q9H3V2	tr|H2Q3S3|H2Q3S3_PANTR	sp|Q9H3V2|MS4A5_HUMAN	not_scored	FP	sp|Q96DS6|M4A6E_HUMAN	sp|Q9H3V2|MS4A5_HUMAN	sp|Q96DS6|M4A6E_HUMAN	0	5152	direct_cross_endpoint
H2Q3S4	Q9GZW8	tr|H2Q3S4|H2Q3S4_PANTR	sp|Q9GZW8|MS4A7_HUMAN	not_scored	FP	sp|Q9H3V2|MS4A5_HUMAN	sp|Q96DS6|M4A6E_HUMAN	sp|Q96DS6|M4A6E_HUMAN	0	5152	direct_cross_endpoint
H2Q3S4	Q9H2W1	tr|H2Q3S4|H2Q3S4_PANTR	sp|Q9H2W1|M4A6A_HUMAN	not_scored	FP	sp|Q9H3V2|MS4A5_HUMAN	sp|Q96DS6|M4A6E_HUMAN	sp|Q96DS6|M4A6E_HUMAN	0	5152	direct_cross_endpoint
H2Q3S5	Q01362	tr|H2Q3S5|H2Q3S5_PANTR	sp|Q01362|FCERB_HUMAN	not_scored	FP	sp|Q3UPL6|M4A15_MOUSE	sp|P13386|FCERB_RAT	sp|A6QPF4|M4A18_BOVIN	0	5957	direct_cross_endpoint
H2Q3S5	Q3C1V0	tr|H2Q3S5|H2Q3S5_PANTR	sp|Q3C1V0|M4A18_HUMAN	not_scored	FP	sp|Q3UPL6|M4A15_MOUSE	sp|A6QPF4|M4A18_BOVIN	sp|A6QPF4|M4A18_BOVIN	0	7073	direct_cross_endpoint
H2Q3S6	Q01362	tr|H2Q3S6|H2Q3S6_PANTR	sp|Q01362|FCERB_HUMAN	not_scored	FP	sp|Q3UPL6|M4A15_MOUSE	sp|P13386|FCERB_RAT	sp|A6QPF4|M4A18_BOVIN	0	5957	direct_cross_endpoint
H2Q3S6	Q3C1V0	tr|H2Q3S6|H2Q3S6_PANTR	sp|Q3C1V0|M4A18_HUMAN	not_scored	FP	sp|Q3UPL6|M4A15_MOUSE	sp|A6QPF4|M4A18_BOVIN	sp|A6QPF4|M4A18_BOVIN	0	7073	direct_cross_endpoint
H2Q3S7	Q01362	tr|H2Q3S7|H2Q3S7_PANTR	sp|Q01362|FCERB_HUMAN	not_scored	FP	sp|Q3UPL6|M4A15_MOUSE	sp|P13386|FCERB_RAT	sp|A6QPF4|M4A18_BOVIN	0	5957	direct_cross_endpoint
H2Q3S7	Q3C1V0	tr|H2Q3S7|H2Q3S7_PANTR	sp|Q3C1V0|M4A18_HUMAN	not_scored	FP	sp|Q3UPL6|M4A15_MOUSE	sp|A6QPF4|M4A18_BOVIN	sp|A6QPF4|M4A18_BOVIN	0	7073	direct_cross_endpoint
H2Q3T3	Q8WY22	tr|H2Q3T3|H2Q3T3_PANTR	sp|Q8WY22|BRI3B_HUMAN	not_scored	FP	sp|Q3UBX0|TM109_MOUSE	sp|Q8BXV2|BRI3B_MOUSE	sp|Q3UBX0|TM109_MOUSE	0	17421	direct_cross_endpoint
H2Q3V2	P11684	tr|H2Q3V2|H2Q3V2_PANTR	sp|P11684|UTER_HUMAN	not_scored	FP	sp|A0JNP2|SG1D_BOVIN	sp|P11684|UTER_HUMAN	sp|A0JNP2|SG1D_BOVIN	0	4264	direct_cross_endpoint
H2Q3V6	O95968	tr|H2Q3V6|H2Q3V6_PANTR	sp|O95968|SG1D1_HUMAN	not_scored	FP	sp|P11684|UTER_HUMAN	sp|A0JNP2|SG1D_BOVIN	sp|A0JNP2|SG1D_BOVIN	0	4264	direct_cross_endpoint
H2Q3V6	O95969	tr|H2Q3V6|H2Q3V6_PANTR	sp|O95969|SG1D2_HUMAN	not_scored	FP	sp|P11684|UTER_HUMAN	sp|A0JNP2|SG1D_BOVIN	sp|A0JNP2|SG1D_BOVIN	0	4264	direct_cross_endpoint
H2Q3V6	Q6XE38	tr|H2Q3V6|H2Q3V6_PANTR	sp|Q6XE38|SG1D4_HUMAN	not_scored	FP	sp|P11684|UTER_HUMAN	sp|A0JNP2|SG1D_BOVIN	sp|A0JNP2|SG1D_BOVIN	0	4264	direct_cross_endpoint
H2Q3X3	Q9H1B4	tr|H2Q3X3|H2Q3X3_PANTR	sp|Q9H1B4|NXF5_HUMAN	not_scored	FP	sp|O88984|NXF1_RAT	sp|Q9H1B4|NXF5_HUMAN	sp|O88984|NXF1_RAT	0	7196	direct_cross_endpoint
H2Q3Y0	J9P622	tr|H2Q3Y0|H2Q3Y0_PANTR	tr|J9P622|J9P622_CANLF	not_scored	FP	sp|Q4KLN5|PLAT5_RAT	sp|D2KX21|PLAT1_RAT	sp|D2KX21|PLAT1_RAT	0	4167	direct_cross_endpoint
H2Q3Y0	P53816	tr|H2Q3Y0|H2Q3Y0_PANTR	sp|P53816|PLAT3_HUMAN	not_scored	FP	sp|Q4KLN5|PLAT5_RAT	sp|D2KX21|PLAT1_RAT	sp|D2KX21|PLAT1_RAT	0	4167	direct_cross_endpoint
H2Q3Y0	Q9HDD0	tr|H2Q3Y0|H2Q3Y0_PANTR	sp|Q9HDD0|PLAT1_HUMAN	not_scored	FP	sp|Q4KLN5|PLAT5_RAT	sp|D2KX21|PLAT1_RAT	sp|D2KX21|PLAT1_RAT	0	4167	direct_cross_endpoint
H2Q3Y0	Q9NWW9	tr|H2Q3Y0|H2Q3Y0_PANTR	sp|Q9NWW9|PLAT2_HUMAN	not_scored	FP	sp|Q4KLN5|PLAT5_RAT	sp|D2KX21|PLAT1_RAT	sp|D2KX21|PLAT1_RAT	0	4167	direct_cross_endpoint
H2Q3Y0	Q9UL19	tr|H2Q3Y0|H2Q3Y0_PANTR	sp|Q9UL19|PLAT4_HUMAN	not_scored	FP	sp|Q4KLN5|PLAT5_RAT	sp|D2KX21|PLAT1_RAT	sp|D2KX21|PLAT1_RAT	0	4167	direct_cross_endpoint
H2Q3Y2	Q96KN8	tr|H2Q3Y2|H2Q3Y2_PANTR	sp|Q96KN8|PLAT5_HUMAN	not_scored	FP	sp|D2KX21|PLAT1_RAT	sp|Q4KLN5|PLAT5_RAT	sp|D2KX21|PLAT1_RAT	0	4167	direct_cross_endpoint
H2Q415	Q96S38	tr|H2Q415|H2Q415_PANTR	sp|Q96S38|KS6C1_HUMAN	not_scored	FP	sp|Q148E7|SNX15_BOVIN	sp|Q8BLK9|KS6C1_MOUSE	sp|Q148E7|SNX15_BOVIN	0	18083	direct_cross_endpoint
H2Q415	Q9Y6S9	tr|H2Q415|H2Q415_PANTR	sp|Q9Y6S9|RPKL1_HUMAN	not_scored	FP	sp|Q148E7|SNX15_BOVIN	sp|Q8BLK9|KS6C1_MOUSE	sp|Q148E7|SNX15_BOVIN	0	18083	direct_cross_endpoint
H2Q429	Q53EQ6	tr|H2Q429|H2Q429_PANTR	sp|Q53EQ6|TIGD5_HUMAN	not_scored	FP	sp|B2RRL2|JERKL_MOUSE	sp|B1WC39|TIGD5_RAT	sp|B1WC39|TIGD5_RAT	0	10249	direct_cross_endpoint
H2Q438	Q96T54	tr|H2Q438|H2Q438_PANTR	sp|Q96T54|KCNKH_HUMAN	not_scored	FP	sp|G3V8V5|KCNK4_RAT	sp|Q96T54|KCNKH_HUMAN	sp|G3V8V5|KCNK4_RAT	0	3735	direct_cross_endpoint
H2Q463	Q8IW70	tr|H2Q463|H2Q463_PANTR	sp|Q8IW70|T151B_HUMAN	not_scored	FP	sp|A4IFG4|T151B_BOVIN	sp|A3KN95|T151B_XENTR	sp|A3KN95|T151B_XENTR	0	3415	direct_cross_endpoint
H2Q485	Q5TC63	tr|H2Q485|H2Q485_PANTR	sp|Q5TC63|GRTP1_HUMAN	not_scored	FP	sp|Q8C9V1|TB10C_MOUSE	sp|Q09445|GRTP6_CAEEL	sp|P87234|GYP3_SCHPO	0	6753	direct_cross_endpoint
H2Q487	Q14761	tr|H2Q487|H2Q487_PANTR	sp|Q14761|PTCA_HUMAN	not_scored	FP	sp|A8WGE3|COR2B_XENTR	sp|Q14761|PTCA_HUMAN	sp|A8WGE3|COR2B_XENTR	1	38992	direct_cross_endpoint
H2Q4A2	Q9UBC7	tr|H2Q4A2|H2Q4A2_PANTR	sp|Q9UBC7|GALP_HUMAN	not_scored	FP	sp|E7EZ53|GALA_DANRE	sp|Q810H5|GALP_MOUSE	sp|E7EZ53|GALA_DANRE	0	6999	direct_cross_endpoint
H2Q4C3	Q9BSG5	tr|H2Q4C3|H2Q4C3_PANTR	sp|Q9BSG5|RTBDN_HUMAN	not_scored	FP	sp|A6ND01|JUNO_HUMAN	sp|Q4TUC0|RTBDN_CANLF	sp|A6ND01|JUNO_HUMAN	1	38495	direct_cross_endpoint
H2Q4H0	Q9NPA3	tr|H2Q4H0|H2Q4H0_PANTR	sp|Q9NPA3|M1IP1_HUMAN	not_scored	FP	sp|P04143|THRSP_RAT	sp|P47805|M1I1A_DANRE	sp|P04143|THRSP_RAT	0	4219	direct_cross_endpoint
H2Q4H2	Q6PI47	tr|H2Q4H2|H2Q4H2_PANTR	sp|Q6PI47|KCD18_HUMAN	not_scored	FP	sp|A6H6X4|KCTD4_BOVIN	sp|Q29RJ0|KCD18_BOVIN	sp|A6H6X4|KCTD4_BOVIN	0	5511	direct_cross_endpoint
H2Q4J4	Q58DX5	tr|H2Q4J4|H2Q4J4_PANTR	sp|Q58DX5|NADL2_HUMAN	not_scored	FP	sp|A0A1D6L709|VP8_MAIZE	sp|Q58DX5|NADL2_HUMAN	sp|A0A1D6L709|VP8_MAIZE	0	7397	direct_cross_endpoint
H2Q4K3	Q9BSG5	tr|H2Q4K3|H2Q4K3_PANTR	sp|Q9BSG5|RTBDN_HUMAN	not_scored	FP	sp|A6ND01|JUNO_HUMAN	sp|Q4TUC0|RTBDN_CANLF	sp|A6ND01|JUNO_HUMAN	1	38495	direct_cross_endpoint
H2Q4L2	Q8IZL2	tr|H2Q4L2|H2Q4L2_PANTR	sp|Q8IZL2|MAML2_HUMAN	FN	TP	tr|H2Q4L2|H2Q4L2_PANTR	sp|Q8IZL2|MAML2_HUMAN	sp|A5D7F6|MAML2_BOVIN	0		transitive_union
H2Q4V7	O60487	tr|H2Q4V7|H2Q4V7_PANTR	sp|O60487|MPZL2_HUMAN	not_scored	FP	sp|A5D7C3|MPZL3_BOVIN	sp|A0JM41|MYP0_XENTR	sp|A0JM41|MYP0_XENTR	0	2884	direct_cross_endpoint
H2Q4V7	O95297	tr|H2Q4V7|H2Q4V7_PANTR	sp|O95297|MPZL1_HUMAN	not_scored	FP	sp|A5D7C3|MPZL3_BOVIN	sp|A0JM41|MYP0_XENTR	sp|A0JM41|MYP0_XENTR	0	2884	direct_cross_endpoint
H2Q4V7	P25189	tr|H2Q4V7|H2Q4V7_PANTR	sp|P25189|MYP0_HUMAN	not_scored	FP	sp|A5D7C3|MPZL3_BOVIN	sp|A0JM41|MYP0_XENTR	sp|A0JM41|MYP0_XENTR	0	2884	direct_cross_endpoint
H2Q4Y5	Q5VXM1	tr|H2Q4Y5|H2Q4Y5_PANTR	sp|Q5VXM1|CDCP2_HUMAN	not_scored	FP	sp|Q8K480|MFRP_MOUSE	sp|Q5VXM1|CDCP2_HUMAN	sp|Q5VXM1|CDCP2_HUMAN	0	6191	direct_cross_endpoint
H2Q516	P0DPA2	tr|H2Q516|H2Q516_PANTR	sp|P0DPA2|VSIG8_HUMAN	not_scored	FP	sp|P0C673|IGS11_MOUSE	sp|P0DPA2|VSIG8_HUMAN	sp|P0C673|IGS11_MOUSE	0	3161	direct_cross_endpoint
H2Q516	Q86YT9	tr|H2Q516|H2Q516_PANTR	sp|Q86YT9|JAML_HUMAN	not_scored	FP	sp|P0C673|IGS11_MOUSE	sp|Q80UL9|JAML_MOUSE	sp|P0C673|IGS11_MOUSE	0	23272	direct_cross_endpoint
H2Q582	Q7Z6P3	tr|H2Q582|H2Q582_PANTR	sp|Q7Z6P3|RAB44_HUMAN	not_scored	FP	sp|A5WW21|RASEF_DANRE	sp|Q7Z6P3|RAB44_HUMAN	sp|A5WW21|RASEF_DANRE	0	7003	direct_cross_endpoint
H2Q5A1	P51172	sp|H2Q5A1|SCNNA_PANTR	sp|P51172|SCNND_HUMAN	not_scored	FP	sp|A5D7U4|SCNNB_BOVIN	sp|O46547|SCNND_PANTR	sp|A5D7U4|SCNNB_BOVIN	0	11805	direct_cross_endpoint
H2Q5B9	Q96T53	tr|H2Q5B9|H2Q5B9_PANTR	sp|Q96T53|MBOA4_HUMAN	not_scored	FP	sp|F4IDU4|MBOA1_ARATH	sp|B1Q005|MBOA4_RAT	sp|B1Q005|MBOA4_RAT	1	36691	direct_cross_endpoint
H2Q5C6	Q96AK3	tr|H2Q5C6|H2Q5C6_PANTR	sp|Q96AK3|ABC3D_HUMAN	not_scored	FP	sp|P38483|ABEC1_RAT	sp|P31941|ABC3A_HUMAN	sp|P31941|ABC3A_HUMAN	0	10884	direct_cross_endpoint
H2Q5C6	Q9HC16	tr|H2Q5C6|H2Q5C6_PANTR	sp|Q9HC16|ABC3G_HUMAN	not_scored	FP	sp|P38483|ABEC1_RAT	sp|P31941|ABC3A_HUMAN	sp|P31941|ABC3A_HUMAN	0	10884	direct_cross_endpoint
H2Q5C6	Q9NRW3	tr|H2Q5C6|H2Q5C6_PANTR	sp|Q9NRW3|ABC3C_HUMAN	not_scored	FP	sp|P38483|ABEC1_RAT	sp|P31941|ABC3A_HUMAN	sp|P31941|ABC3A_HUMAN	0	10884	direct_cross_endpoint
H2Q5C6	Q9UH17	tr|H2Q5C6|H2Q5C6_PANTR	sp|Q9UH17|ABC3B_HUMAN	not_scored	FP	sp|P38483|ABEC1_RAT	sp|P31941|ABC3A_HUMAN	sp|P31941|ABC3A_HUMAN	0	10884	direct_cross_endpoint
H2Q5D2	O75388	tr|H2Q5D2|H2Q5D2_PANTR	sp|O75388|GPR32_HUMAN	not_scored	FP	sp|O09047|C3AR_MOUSE	sp|A4FUQ5|FPRS4_MOUSE	sp|A4FUQ5|FPRS4_MOUSE	0	1686	direct_cross_endpoint
H2Q5D2	P21462	tr|H2Q5D2|H2Q5D2_PANTR	sp|P21462|FPR1_HUMAN	not_scored	FP	sp|O09047|C3AR_MOUSE	sp|A4FUQ5|FPRS4_MOUSE	sp|A4FUQ5|FPRS4_MOUSE	0	1686	direct_cross_endpoint
H2Q5D2	P21730	tr|H2Q5D2|H2Q5D2_PANTR	sp|P21730|C5AR1_HUMAN	not_scored	FP	sp|O09047|C3AR_MOUSE	sp|A4FUQ5|FPRS4_MOUSE	sp|A4FUQ5|FPRS4_MOUSE	0	1686	direct_cross_endpoint
H2Q5D2	P25089	tr|H2Q5D2|H2Q5D2_PANTR	sp|P25089|FPR3_HUMAN	not_scored	FP	sp|O09047|C3AR_MOUSE	sp|A4FUQ5|FPRS4_MOUSE	sp|A4FUQ5|FPRS4_MOUSE	0	1686	direct_cross_endpoint
H2Q5D2	P46091	tr|H2Q5D2|H2Q5D2_PANTR	sp|P46091|GPR1_HUMAN	not_scored	FP	sp|O09047|C3AR_MOUSE	sp|A4FUQ5|FPRS4_MOUSE	sp|A4FUQ5|FPRS4_MOUSE	0	1686	direct_cross_endpoint
H2Q5D2	Q49SQ1	tr|H2Q5D2|H2Q5D2_PANTR	sp|Q49SQ1|GPR33_HUMAN	not_scored	FP	sp|O09047|C3AR_MOUSE	sp|A4FUQ5|FPRS4_MOUSE	sp|A4FUQ5|FPRS4_MOUSE	0	1686	direct_cross_endpoint
H2Q5D2	Q99788	tr|H2Q5D2|H2Q5D2_PANTR	sp|Q99788|CML1_HUMAN	not_scored	FP	sp|O09047|C3AR_MOUSE	sp|A4FUQ5|FPRS4_MOUSE	sp|A4FUQ5|FPRS4_MOUSE	0	1686	direct_cross_endpoint
H2Q5D2	Q9P296	tr|H2Q5D2|H2Q5D2_PANTR	sp|Q9P296|C5AR2_HUMAN	not_scored	FP	sp|O09047|C3AR_MOUSE	sp|Q695P6|C5AR2_RAT	sp|A4FUQ5|FPRS4_MOUSE	0		transitive_union
H2Q5H2	P38936	tr|H2Q5H2|H2Q5H2_PANTR	sp|P38936|CDN1A_HUMAN	not_scored	FP	sp|P46414|CDN1B_MOUSE	sp|P38936|CDN1A_HUMAN	sp|P38936|CDN1A_HUMAN	0	8788	direct_cross_endpoint
H2Q5J3	Q8TE67	tr|H2Q5J3|H2Q5J3_PANTR	sp|Q8TE67|ES8L3_HUMAN	not_scored	FP	sp|F1M3L7|EPS8_RAT	sp|Q8TE67|ES8L3_HUMAN	sp|F1M3L7|EPS8_RAT	0	10885	direct_cross_endpoint
H2Q5L1	Q8IX04	tr|H2Q5L1|H2Q5L1_PANTR	sp|Q8IX04|UEVLD_HUMAN	not_scored	FP	sp|A5A6N7|LDHB_PANTR	sp|Q3U1V6|UEVLD_MOUSE	sp|A5A6N7|LDHB_PANTR	0	740	direct_cross_endpoint
H2Q5X9	O95727	tr|H2Q5X9|H2Q5X9_PANTR	sp|O95727|CRTAM_HUMAN	not_scored	FP	sp|A4IFL2|SMAGP_BOVIN	sp|O95727|CRTAM_HUMAN	sp|A4IFL2|SMAGP_BOVIN	0		transitive_union
H2Q5X9	P04921	tr|H2Q5X9|H2Q5X9_PANTR	sp|P04921|GLPC_HUMAN	not_scored	FP	sp|A4IFL2|SMAGP_BOVIN	sp|P04921|GLPC_HUMAN	sp|A4IFL2|SMAGP_BOVIN	0	13031	direct_cross_endpoint
H2Q5X9	Q8N126	tr|H2Q5X9|H2Q5X9_PANTR	sp|Q8N126|CADM3_HUMAN	not_scored	FP	sp|A4IFL2|SMAGP_BOVIN	sp|P04921|GLPC_HUMAN	sp|A4IFL2|SMAGP_BOVIN	0	13031	direct_cross_endpoint
H2Q5X9	Q8N3J6	tr|H2Q5X9|H2Q5X9_PANTR	sp|Q8N3J6|CADM2_HUMAN	not_scored	FP	sp|A4IFL2|SMAGP_BOVIN	sp|P04921|GLPC_HUMAN	sp|A4IFL2|SMAGP_BOVIN	0	13031	direct_cross_endpoint
H2Q5X9	Q8NFZ8	tr|H2Q5X9|H2Q5X9_PANTR	sp|Q8NFZ8|CADM4_HUMAN	not_scored	FP	sp|A4IFL2|SMAGP_BOVIN	sp|P04921|GLPC_HUMAN	sp|A4IFL2|SMAGP_BOVIN	0	13031	direct_cross_endpoint
H2Q5X9	Q9BY67	tr|H2Q5X9|H2Q5X9_PANTR	sp|Q9BY67|CADM1_HUMAN	not_scored	FP	sp|A4IFL2|SMAGP_BOVIN	sp|P04921|GLPC_HUMAN	sp|A4IFL2|SMAGP_BOVIN	0	13031	direct_cross_endpoint
H2Q6G5	Q16558	tr|H2Q6G5|H2Q6G5_PANTR	sp|Q16558|KCMB1_HUMAN	not_scored	FP	sp|A7VL23|KCMB3_RAT	sp|P97678|KCMB1_RAT	sp|A7VL23|KCMB3_RAT	0	8943	direct_cross_endpoint
H2Q6H0	Q8NA92	tr|H2Q6H0|H2Q6H0_PANTR	sp|Q8NA92|THAP8_HUMAN	not_scored	FP	sp|Q0P5B4|THAP3_BOVIN	sp|Q8NA92|THAP8_HUMAN	sp|Q0P5B4|THAP3_BOVIN	1	34936	direct_cross_endpoint
H2Q6H0	Q8TBB0	tr|H2Q6H0|H2Q6H0_PANTR	sp|Q8TBB0|THAP6_HUMAN	not_scored	FP	sp|Q0P5B4|THAP3_BOVIN	sp|Q8TBB0|THAP6_HUMAN	sp|Q0P5B4|THAP3_BOVIN	0	8448	direct_cross_endpoint
H2Q6S6	Q99551	tr|H2Q6S6|H2Q6S6_PANTR	sp|Q99551|MTEF1_HUMAN	not_scored	FP	sp|Q49AM1|MTEF2_HUMAN	sp|B9EJ57|MTF1B_MOUSE	sp|B9EJ57|MTF1B_MOUSE	0	12617	direct_cross_endpoint
H2Q6T6	Q14761	tr|H2Q6T6|H2Q6T6_PANTR	sp|Q14761|PTCA_HUMAN	not_scored	FP	sp|A8WGE3|COR2B_XENTR	sp|Q14761|PTCA_HUMAN	sp|A8WGE3|COR2B_XENTR	1	38992	direct_cross_endpoint
H2Q6V0	Q96M91	tr|H2Q6V0|H2Q6V0_PANTR	sp|Q96M91|CFA53_HUMAN	not_scored	FP	sp|Q1RM03|TCHP_DANRE	sp|A0A0R4IFG5|CFA53_DANRE	sp|A0A0R4IFG5|CFA53_DANRE	0	2232	direct_cross_endpoint
H2Q6V9	Q96M63	tr|H2Q6V9|H2Q6V9_PANTR	sp|Q96M63|CC114_HUMAN	not_scored	FP	sp|Q2T9W3|CCD63_BOVIN	sp|B1H228|CC114_RAT	sp|B1H228|CC114_RAT	0	12709	direct_cross_endpoint
H2Q6Z7	Q12988	tr|H2Q6Z7|H2Q6Z7_PANTR	sp|Q12988|HSPB3_HUMAN	not_scored	FP	sp|A0A140G945|CRYA2_HUMAN	sp|Q12988|HSPB3_HUMAN	sp|A0A140G945|CRYA2_HUMAN	0	6302	direct_cross_endpoint
H2Q791	Q5VZL5	tr|H2Q791|H2Q791_PANTR	sp|Q5VZL5|ZMYM4_HUMAN	not_scored	FP	sp|A6QPH9|ZMYM5_BOVIN	sp|A2A791|ZMYM4_MOUSE	sp|A2A791|ZMYM4_MOUSE	0	12677	direct_cross_endpoint
H2Q791	Q9UBW7	tr|H2Q791|H2Q791_PANTR	sp|Q9UBW7|ZMYM2_HUMAN	not_scored	FP	sp|A6QPH9|ZMYM5_BOVIN	sp|A2A791|ZMYM4_MOUSE	sp|A2A791|ZMYM4_MOUSE	0	12677	direct_cross_endpoint
H2Q7D6	Q16873	tr|H2Q7D6|H2Q7D6_PANTR	sp|Q16873|LTC4S_HUMAN	not_scored	FP	sp|P20291|AL5AP_RAT	sp|A2RST1|MGST2_MOUSE	sp|A2RST1|MGST2_MOUSE	0	11145	direct_cross_endpoint
H2Q7D6	Q99735	tr|H2Q7D6|H2Q7D6_PANTR	sp|Q99735|MGST2_HUMAN	not_scored	FP	sp|P20291|AL5AP_RAT	sp|A2RST1|MGST2_MOUSE	sp|A2RST1|MGST2_MOUSE	0	11145	direct_cross_endpoint
H2Q7E9	Q8N8X9	tr|H2Q7E9|H2Q7E9_PANTR	sp|Q8N8X9|MB213_HUMAN	not_scored	FP	sp|A4FV14|MB211_BOVIN	sp|A8E4S7|MB213_DANRE	sp|A4FV14|MB211_BOVIN	0	22662	direct_cross_endpoint
H2Q7S7	O75888	tr|H2Q7S7|H2Q7S7_PANTR	sp|O75888|TNF13_HUMAN	not_scored	FP	sp|Q9WU72|TN13B_MOUSE	sp|O75888|TNF13_HUMAN	sp|O75888|TNF13_HUMAN	0	8161	direct_cross_endpoint
H2Q7Y6	Q9BXA9	tr|H2Q7Y6|H2Q7Y6_PANTR	sp|Q9BXA9|SALL3_HUMAN	not_scored	FP	sp|Q9QX96|SALL2_MOUSE	sp|Q62255|SALL3_MOUSE	sp|Q62255|SALL3_MOUSE	0	2053	direct_cross_endpoint
H2Q7Y6	Q9NSC2	tr|H2Q7Y6|H2Q7Y6_PANTR	sp|Q9NSC2|SALL1_HUMAN	not_scored	FP	sp|Q9QX96|SALL2_MOUSE	sp|Q62255|SALL3_MOUSE	sp|Q62255|SALL3_MOUSE	0	2053	direct_cross_endpoint
H2Q7Y6	Q9UJQ4	tr|H2Q7Y6|H2Q7Y6_PANTR	sp|Q9UJQ4|SALL4_HUMAN	not_scored	FP	sp|Q9QX96|SALL2_MOUSE	sp|Q62255|SALL3_MOUSE	sp|Q62255|SALL3_MOUSE	0	2053	direct_cross_endpoint
H2Q808	Q16552	tr|H2Q808|H2Q808_PANTR	sp|Q16552|IL17_HUMAN	not_scored	FP	sp|Q9H293|IL25_HUMAN	sp|Q16552|IL17_HUMAN	sp|Q16552|IL17_HUMAN	0	10278	direct_cross_endpoint
H2Q808	Q8TAD2	tr|H2Q808|H2Q808_PANTR	sp|Q8TAD2|IL17D_HUMAN	not_scored	FP	sp|Q9H293|IL25_HUMAN	sp|Q8TAD2|IL17D_HUMAN	sp|Q16552|IL17_HUMAN	0		transitive_union
H2Q808	Q96PD4	tr|H2Q808|H2Q808_PANTR	sp|Q96PD4|IL17F_HUMAN	not_scored	FP	sp|Q9H293|IL25_HUMAN	sp|Q16552|IL17_HUMAN	sp|Q16552|IL17_HUMAN	0	10278	direct_cross_endpoint
H2Q808	Q9P0M4	tr|H2Q808|H2Q808_PANTR	sp|Q9P0M4|IL17C_HUMAN	not_scored	FP	sp|Q9H293|IL25_HUMAN	sp|Q16552|IL17_HUMAN	sp|Q16552|IL17_HUMAN	0	10278	direct_cross_endpoint
H2Q845	Q9C098	tr|H2Q845|H2Q845_PANTR	sp|Q9C098|DCLK3_HUMAN	not_scored	FP	sp|O94806|KPCD3_HUMAN	sp|Q8BWQ5|DCLK3_MOUSE	sp|O94806|KPCD3_HUMAN	0	4943	direct_cross_endpoint
H2Q8H1	Q8IYT1	tr|H2Q8H1|H2Q8H1_PANTR	sp|Q8IYT1|FA71A_HUMAN	not_scored	FP	sp|Q2YDE8|FA71D_BOVIN	sp|Q5STT6|FA71B_MOUSE	sp|Q2YDE8|FA71D_BOVIN	0	4178	direct_cross_endpoint
H2Q8H1	Q8NEG0	tr|H2Q8H1|H2Q8H1_PANTR	sp|Q8NEG0|FA71C_HUMAN	not_scored	FP	sp|Q2YDE8|FA71D_BOVIN	sp|Q5STT6|FA71B_MOUSE	sp|Q2YDE8|FA71D_BOVIN	0	4178	direct_cross_endpoint
H2Q8H1	Q8TC56	tr|H2Q8H1|H2Q8H1_PANTR	sp|Q8TC56|FA71B_HUMAN	not_scored	FP	sp|Q2YDE8|FA71D_BOVIN	sp|Q5STT6|FA71B_MOUSE	sp|Q2YDE8|FA71D_BOVIN	0	4178	direct_cross_endpoint
H2Q8N5	Q99988	tr|H2Q8N5|H2Q8N5_PANTR	sp|Q99988|GDF15_HUMAN	not_scored	FP	sp|P01137|TGFB1_HUMAN	sp|Q99988|GDF15_HUMAN	sp|P01137|TGFB1_HUMAN	0	1996	direct_cross_endpoint
H2Q8Q7	Q14154	tr|H2Q8Q7|H2Q8Q7_PANTR	sp|Q14154|DELE1_HUMAN	not_scored	FP	sp|O13875|YE1A_SCHPO	sp|P60924|DELE1_RAT	sp|O13875|YE1A_SCHPO	0	8813	direct_cross_endpoint
H2Q981	P27987	tr|H2Q981|H2Q981_PANTR	sp|P27987|IP3KB_HUMAN	not_scored	FP	sp|P17105|IP3KA_RAT	sp|P27987|IP3KB_HUMAN	sp|P17105|IP3KA_RAT	0	19099	direct_cross_endpoint
H2Q9I9	Q8IX04	tr|H2Q9I9|H2Q9I9_PANTR	sp|Q8IX04|UEVLD_HUMAN	not_scored	FP	sp|A5A6N7|LDHB_PANTR	sp|Q3U1V6|UEVLD_MOUSE	sp|A5A6N7|LDHB_PANTR	0	740	direct_cross_endpoint
H2Q9J4	O75593	tr|H2Q9J4|H2Q9J4_PANTR	sp|O75593|FOXH1_HUMAN	not_scored	FP	sp|O13606|MEI4_SCHPO	sp|O75593|FOXH1_HUMAN	sp|O13606|MEI4_SCHPO	0	4823	direct_cross_endpoint
H2Q9Q9	Q96HH9	tr|H2Q9Q9|H2Q9Q9_PANTR	sp|Q96HH9|GRM2B_HUMAN	not_scored	FP	sp|Q3V3G7|GRM2A_MOUSE	sp|Q5FVG8|GRM2B_RAT	sp|Q3V3G7|GRM2A_MOUSE	0	11699	direct_cross_endpoint
H2Q9R9	Q6PCB8	tr|H2Q9R9|H2Q9R9_PANTR	sp|Q6PCB8|EMB_HUMAN	not_scored	FP	sp|P17790|BASI_CHICK	sp|O88775|EMB_RAT	sp|O88775|EMB_RAT	0	8497	direct_cross_endpoint
H2Q9W3	Q6ZMY6	tr|H2Q9W3|H2Q9W3_PANTR	sp|Q6ZMY6|WDR88_HUMAN	not_scored	FP	sp|O22212|PRP4L_ARATH	sp|Q6ZMY6|WDR88_HUMAN	sp|O22212|PRP4L_ARATH	0	3158	direct_cross_endpoint
H2QA02	O95428	tr|H2QA02|H2QA02_PANTR	sp|O95428|PPN_HUMAN	not_scored	FP	sp|P82987|ATL3_HUMAN	sp|O95428|PPN_HUMAN	sp|O95428|PPN_HUMAN	0	6693	direct_cross_endpoint
H2QA52	Q6PF05	tr|H2QA52|H2QA52_PANTR	sp|Q6PF05|TT23L_HUMAN	not_scored	FP	sp|Q2KHY7|TTC23_BOVIN	sp|A6H6E9|TT23L_MOUSE	sp|A6H6E9|TT23L_MOUSE	0	9171	direct_cross_endpoint
H2QA65	Q8N8B7	tr|H2QA65|H2QA65_PANTR	sp|Q8N8B7|TEANC_HUMAN	not_scored	FP	sp|O13896|RPC10_SCHPO	sp|Q3US16|TEANC_MOUSE	sp|O13896|RPC10_SCHPO	0	4788	direct_cross_endpoint
H2QAC0	Q8NG41	tr|H2QAC0|H2QAC0_PANTR	sp|Q8NG41|NPB_HUMAN	not_scored	FP	sp|Q8K1M5|NPW_RAT	sp|Q8K4P1|NPB_MOUSE	sp|Q8K1M5|NPW_RAT	0	13056	direct_cross_endpoint
H2QAG1	Q53EQ6	tr|H2QAG1|H2QAG1_PANTR	sp|Q53EQ6|TIGD5_HUMAN	not_scored	FP	sp|B2RRL2|JERKL_MOUSE	sp|B1WC39|TIGD5_RAT	sp|B1WC39|TIGD5_RAT	0	10249	direct_cross_endpoint
H2QAG6	O95600	tr|H2QAG6|H2QAG6_PANTR	sp|O95600|KLF8_HUMAN	not_scored	FP	sp|Q96LX8|ZN597_HUMAN	sp|O35738|KLF12_MOUSE	sp|O35738|KLF12_MOUSE	0	2077	direct_cross_endpoint
H2QAG6	P10073	tr|H2QAG6|H2QAG6_PANTR	sp|P10073|ZSC22_HUMAN	not_scored	FP	sp|Q96LX8|ZN597_HUMAN	sp|O35738|KLF12_MOUSE	sp|O35738|KLF12_MOUSE	0	2077	direct_cross_endpoint
H2QAG6	P57682	tr|H2QAG6|H2QAG6_PANTR	sp|P57682|KLF3_HUMAN	not_scored	FP	sp|Q96LX8|ZN597_HUMAN	sp|O35738|KLF12_MOUSE	sp|O35738|KLF12_MOUSE	0	2077	direct_cross_endpoint
H2QAG6	Q9Y4X4	tr|H2QAG6|H2QAG6_PANTR	sp|Q9Y4X4|KLF12_HUMAN	not_scored	FP	sp|Q96LX8|ZN597_HUMAN	sp|O35738|KLF12_MOUSE	sp|O35738|KLF12_MOUSE	0	2077	direct_cross_endpoint
H2QAJ3	Q6GMV1	tr|H2QAJ3|H2QAJ3_PANTR	sp|Q6GMV1|ALG1L_HUMAN	not_scored	FP	sp|O13933|ALG1_SCHPO	sp|Q6GMV1|ALG1L_HUMAN	sp|C9J202|AG1L2_HUMAN	0	14746	direct_cross_endpoint
H2QAQ0	Q0VDD8	tr|H2QAQ0|H2QAQ0_PANTR	sp|Q0VDD8|DYH14_HUMAN	not_scored	FP	sp|E9Q8T7|DYH1_MOUSE	sp|Q0VDD8|DYH14_HUMAN	sp|E9Q8T7|DYH1_MOUSE	1	35202	direct_cross_endpoint
H2QAQ3	Q96B96	tr|H2QAQ3|H2QAQ3_PANTR	sp|Q96B96|LDAF1_HUMAN	not_scored	FP	sp|Q495M9|USH1G_HUMAN	sp|Q6UK00|LDAF1_RAT	sp|Q495M9|USH1G_HUMAN	0	24386	direct_cross_endpoint
H2QAQ9	Q502W6	tr|H2QAQ9|H2QAQ9_PANTR	sp|Q502W6|VWA3B_HUMAN	not_scored	FP	sp|A1A5Q7|VWA3A_RAT	sp|Q502W6|VWA3B_HUMAN	sp|A1A5Q7|VWA3A_RAT	0	13953	direct_cross_endpoint
H2QB76	Q96AC6	tr|H2QB76|H2QB76_PANTR	sp|Q96AC6|KIFC2_HUMAN	not_scored	FP	sp|A3BFT0|KN14N_ORYSJ	sp|O08672|KIFC2_MOUSE	sp|A3BFT0|KN14N_ORYSJ	0	4565	direct_cross_endpoint
H2QBB1	Q17RC7	tr|H2QBB1|H2QBB1_PANTR	sp|Q17RC7|EX3L4_HUMAN	not_scored	FP	sp|A2AV37|EX3L1_DANRE	sp|Q17RC7|EX3L4_HUMAN	sp|A2AV37|EX3L1_DANRE	0	4767	direct_cross_endpoint
H2QBB3	Q9P209	tr|H2QBB3|H2QBB3_PANTR	sp|Q9P209|CEP72_HUMAN	not_scored	FP	sp|Q1X8D7|LRC36_HUMAN	sp|Q501X2|CEP72_DANRE	sp|Q1X8D7|LRC36_HUMAN	0	15551	direct_cross_endpoint
H2QBK0	Q9Y240	tr|H2QBK0|H2QBK0_PANTR	sp|Q9Y240|CLC11_HUMAN	not_scored	FP	sp|O75596|CLC3A_HUMAN	sp|O88200|CLC11_MOUSE	sp|O75596|CLC3A_HUMAN	0	6411	direct_cross_endpoint
H2QBN6	Q92985	tr|H2QBN6|H2QBN6_PANTR	sp|Q92985|IRF7_HUMAN	not_scored	FP	sp|O14896|IRF6_HUMAN	sp|P70434|IRF7_MOUSE	sp|O14896|IRF6_HUMAN	0	4707	direct_cross_endpoint
H2QBP9	Q8TAD2	tr|H2QBP9|H2QBP9_PANTR	sp|Q8TAD2|IL17D_HUMAN	not_scored	FP	sp|Q16552|IL17_HUMAN	sp|Q8TAD2|IL17D_HUMAN	sp|Q16552|IL17_HUMAN	0	4703	direct_cross_endpoint
H2QBP9	Q9H293	tr|H2QBP9|H2QBP9_PANTR	sp|Q9H293|IL25_HUMAN	not_scored	FP	sp|Q16552|IL17_HUMAN	sp|Q9H293|IL25_HUMAN	sp|Q16552|IL17_HUMAN	0	10278	direct_cross_endpoint
H2QBQ3	Q96EQ8	tr|H2QBQ3|H2QBQ3_PANTR	sp|Q96EQ8|RN125_HUMAN	not_scored	FP	sp|Q32LN5|RN138_BOVIN	sp|Q96EQ8|RN125_HUMAN	sp|Q32LN5|RN138_BOVIN	0	4161	direct_cross_endpoint
H2QBU3	Q96CP7	tr|H2QBU3|H2QBU3_PANTR	sp|Q96CP7|TLCD1_HUMAN	not_scored	FP	sp|A6NGC4|TLCD2_HUMAN	sp|A8WGS4|TLCD2_DANRE	sp|A6NGC4|TLCD2_HUMAN	0	13761	direct_cross_endpoint
H2QBY0	P07197	tr|H2QBY0|H2QBY0_PANTR	sp|P07197|NFM_HUMAN	not_scored	FP	sp|Q56B11|PELP1_RAT	sp|O77788|NFM_BOVIN	sp|O77788|NFM_BOVIN	0	5237	direct_cross_endpoint
H2QBY0	P12036	tr|H2QBY0|H2QBY0_PANTR	sp|P12036|NFH_HUMAN	not_scored	FP	sp|Q56B11|PELP1_RAT	sp|O77788|NFM_BOVIN	sp|O77788|NFM_BOVIN	0	5237	direct_cross_endpoint
H2QBY5	Q53R12	tr|H2QBY5|H2QBY5_PANTR	sp|Q53R12|T4S20_HUMAN	not_scored	FP	sp|O14894|T4S5_HUMAN	sp|Q3T0Z4|T4S20_BOVIN	sp|O14894|T4S5_HUMAN	1	35702	direct_cross_endpoint
H2QC15	Q9UKT7	tr|H2QC15|H2QC15_PANTR	sp|Q9UKT7|FBXL3_HUMAN	not_scored	FP	sp|Q32LM4|FBX39_BOVIN	sp|Q3ZBA7|FXL21_BOVIN	sp|Q32LM4|FBX39_BOVIN	0	9757	direct_cross_endpoint
H2QC32	Q6PI47	tr|H2QC32|H2QC32_PANTR	sp|Q6PI47|KCD18_HUMAN	not_scored	FP	sp|A6H6X4|KCTD4_BOVIN	sp|Q29RJ0|KCD18_BOVIN	sp|A6H6X4|KCTD4_BOVIN	0	5511	direct_cross_endpoint
H2QC42	Q96BF6	tr|H2QC42|H2QC42_PANTR	sp|Q96BF6|NACC2_HUMAN	not_scored	FP	sp|D4A8X0|ZBTB4_RAT	sp|O35260|NACC1_RAT	sp|D4A8X0|ZBTB4_RAT	0	5028	direct_cross_endpoint
H2QC42	Q96RE7	tr|H2QC42|H2QC42_PANTR	sp|Q96RE7|NACC1_HUMAN	not_scored	FP	sp|D4A8X0|ZBTB4_RAT	sp|O35260|NACC1_RAT	sp|D4A8X0|ZBTB4_RAT	0	5028	direct_cross_endpoint
H2QC44	Q9Y275	tr|H2QC44|H2QC44_PANTR	sp|Q9Y275|TN13B_HUMAN	not_scored	FP	sp|O75888|TNF13_HUMAN	sp|Q9WU72|TN13B_MOUSE	sp|O75888|TNF13_HUMAN	0	8161	direct_cross_endpoint
H2QC52	P07225	tr|H2QC52|H2QC52_PANTR	sp|P07225|PROS_HUMAN	not_scored	FP	sp|P04278|SHBG_HUMAN	sp|P07224|PROS_BOVIN	sp|P04278|SHBG_HUMAN	0	17367	direct_cross_endpoint
H2QCN5	O00626	tr|H2QCN5|H2QCN5_PANTR	sp|O00626|CCL22_HUMAN	not_scored	FP	sp|P10148|CCL2_MOUSE	sp|O00626|CCL22_HUMAN	sp|O00626|CCL22_HUMAN	0	5513	direct_cross_endpoint
H2QCN5	Q9Y258	tr|H2QCN5|H2QCN5_PANTR	sp|Q9Y258|CCL26_HUMAN	not_scored	FP	sp|P10148|CCL2_MOUSE	sp|Q64H35|CCL26_CANLF	sp|O00626|CCL22_HUMAN	0	3938	direct_cross_endpoint
H2QCP6	Q6IEE8	tr|H2QCP6|H2QCP6_PANTR	sp|Q6IEE8|SN12L_HUMAN	not_scored	FP	sp|B1ARD6|SLFN9_MOUSE	sp|Q6IEE8|SN12L_HUMAN	sp|B1ARD6|SLFN9_MOUSE	1	36672	direct_cross_endpoint
H2QCP6	Q8IYM2	tr|H2QCP6|H2QCP6_PANTR	sp|Q8IYM2|SLN12_HUMAN	not_scored	FP	sp|B1ARD6|SLFN9_MOUSE	sp|Q8IYM2|SLN12_HUMAN	sp|B1ARD6|SLFN9_MOUSE	0	6658	direct_cross_endpoint
H2QCS6	Q5T848	tr|H2QCS6|H2QCS6_PANTR	sp|Q5T848|GP158_HUMAN	not_scored	FP	sp|Q6PRD1|GP179_HUMAN	sp|D4A6L0|GP158_RAT	sp|D4A6L0|GP158_RAT	1	40668	direct_cross_endpoint
H2QD00	P06307	tr|H2QD00|H2QD00_PANTR	sp|P06307|CCKN_HUMAN	not_scored	FP	sp|P01350|GAST_HUMAN	sp|P01355|CCKN_RAT	sp|P01350|GAST_HUMAN	0	9750	direct_cross_endpoint
H2QD19	P42226	tr|H2QD19|H2QD19_PANTR	sp|P42226|STAT6_HUMAN	not_scored	FP	sp|P40763|STAT3_HUMAN	sp|P42226|STAT6_HUMAN	sp|P40763|STAT3_HUMAN	0	9598	direct_cross_endpoint
H2QD76	Q8NFK1	tr|H2QD76|H2QD76_PANTR	sp|Q8NFK1|CXG3_HUMAN	not_scored	FP	sp|A4GG66|CXG1_RAT	sp|A3KN25|CXG3_BOVIN	sp|A3KN25|CXG3_BOVIN	0	965	direct_cross_endpoint
H2QDG7	O60784	tr|H2QDG7|H2QDG7_PANTR	sp|O60784|TOM1_HUMAN	not_scored	FP	sp|F1LM81|TM1L1_RAT	sp|O12940|TOM1_CHICK	sp|F1LM81|TM1L1_RAT	0	6216	direct_cross_endpoint
H2QDG7	Q6ZVM7	tr|H2QDG7|H2QDG7_PANTR	sp|Q6ZVM7|TM1L2_HUMAN	not_scored	FP	sp|F1LM81|TM1L1_RAT	sp|O12940|TOM1_CHICK	sp|F1LM81|TM1L1_RAT	0	6216	direct_cross_endpoint
H2QDQ3	Q9BXT2	tr|H2QDQ3|H2QDQ3_PANTR	sp|Q9BXT2|CCG6_HUMAN	not_scored	FP	sp|O70578|CCG1_MOUSE	sp|Q8VHW3|CCG6_MOUSE	sp|O70578|CCG1_MOUSE	0	6433	direct_cross_endpoint
H2QDS8	Q6UXG3	tr|H2QDS8|H2QDS8_PANTR	sp|Q6UXG3|CLM9_HUMAN	not_scored	FP	sp|A0A0K2S4Q6|CD3CH_HUMAN	sp|A5D7B2|CLM9_BOVIN	sp|A0A0K2S4Q6|CD3CH_HUMAN	0	4582	direct_cross_endpoint
H2QDT1	Q6UXG3	tr|H2QDT1|H2QDT1_PANTR	sp|Q6UXG3|CLM9_HUMAN	not_scored	FP	sp|A0A0K2S4Q6|CD3CH_HUMAN	sp|A5D7B2|CLM9_BOVIN	sp|A0A0K2S4Q6|CD3CH_HUMAN	0	4582	direct_cross_endpoint
H2QDT7	Q96B96	tr|H2QDT7|H2QDT7_PANTR	sp|Q96B96|LDAF1_HUMAN	not_scored	FP	sp|Q495M9|USH1G_HUMAN	sp|Q6UK00|LDAF1_RAT	sp|Q495M9|USH1G_HUMAN	0	24386	direct_cross_endpoint
H2QDY3	Q9UJ37	tr|H2QDY3|H2QDY3_PANTR	sp|Q9UJ37|SIA7B_HUMAN	not_scored	FP	sp|Q9NSC7|SIA7A_HUMAN	sp|P70277|SIA7B_MOUSE	sp|P70277|SIA7B_MOUSE	0	6865	direct_cross_endpoint
H2QDZ1	Q7Z402	tr|H2QDZ1|H2QDZ1_PANTR	sp|Q7Z402|TMC7_HUMAN	not_scored	FP	sp|Q7TN58|TMC8_MOUSE	sp|Q496Z4|TMC4_RAT	sp|Q496Z4|TMC4_RAT	0	5681	direct_cross_endpoint
H2QDZ1	Q7Z404	tr|H2QDZ1|H2QDZ1_PANTR	sp|Q7Z404|TMC4_HUMAN	not_scored	FP	sp|Q7TN58|TMC8_MOUSE	sp|Q496Z4|TMC4_RAT	sp|Q496Z4|TMC4_RAT	0	5681	direct_cross_endpoint
H2QEB6	Q56NI9	tr|H2QEB6|H2QEB6_PANTR	sp|Q56NI9|ESCO2_HUMAN	not_scored	FP	sp|Q5FWF5|ESCO1_HUMAN	sp|Q56NI9|ESCO2_HUMAN	sp|Q56NI9|ESCO2_HUMAN	0	12839	direct_cross_endpoint
H2QEC7	O75445	tr|H2QEC7|H2QEC7_PANTR	sp|O75445|USH2A_HUMAN	not_scored	FP	sp|O15230|LAMA5_HUMAN	sp|O75445|USH2A_HUMAN	sp|O15230|LAMA5_HUMAN	0	13546	direct_cross_endpoint
H2QED6	Q6PI47	tr|H2QED6|H2QED6_PANTR	sp|Q6PI47|KCD18_HUMAN	not_scored	FP	sp|A6H6X4|KCTD4_BOVIN	sp|Q29RJ0|KCD18_BOVIN	sp|A6H6X4|KCTD4_BOVIN	0	5511	direct_cross_endpoint
H2QEF0	Q96EQ8	tr|H2QEF0|H2QEF0_PANTR	sp|Q96EQ8|RN125_HUMAN	not_scored	FP	sp|Q32LN5|RN138_BOVIN	sp|Q96EQ8|RN125_HUMAN	sp|Q32LN5|RN138_BOVIN	0	4161	direct_cross_endpoint
H2QEF3	Q76L83	tr|H2QEF3|H2QEF3_PANTR	sp|Q76L83|ASXL2_HUMAN	not_scored	FP	sp|Q8C4A5|ASXL3_MOUSE	sp|P59598|ASXL1_MOUSE	sp|P59598|ASXL1_MOUSE	0	4118	direct_cross_endpoint
H2QEF3	Q8IXJ9	tr|H2QEF3|H2QEF3_PANTR	sp|Q8IXJ9|ASXL1_HUMAN	not_scored	FP	sp|Q8C4A5|ASXL3_MOUSE	sp|P59598|ASXL1_MOUSE	sp|P59598|ASXL1_MOUSE	0	4118	direct_cross_endpoint
H2QEF6	P51815	tr|H2QEF6|H2QEF6_PANTR	sp|P51815|ZN75D_HUMAN	not_scored	FP	sp|A2T7D7|ZNF24_PANTR	sp|P51815|ZN75D_HUMAN	sp|A2T7D7|ZNF24_PANTR	0	2004	direct_cross_endpoint
H2QEF6	Q8N0Y2	tr|H2QEF6|H2QEF6_PANTR	sp|Q8N0Y2|ZN444_HUMAN	not_scored	FP	sp|A2T7D7|ZNF24_PANTR	sp|Q8N0Y2|ZN444_HUMAN	sp|A2T7D7|ZNF24_PANTR	0	2981	direct_cross_endpoint
H2QEF6	Q8NBB4	tr|H2QEF6|H2QEF6_PANTR	sp|Q8NBB4|ZSCA1_HUMAN	not_scored	FP	sp|A2T7D7|ZNF24_PANTR	sp|Q8NBB4|ZSCA1_HUMAN	sp|A2T7D7|ZNF24_PANTR	0	3192	direct_cross_endpoint
H2QEI8	Q9BT92	tr|H2QEI8|H2QEI8_PANTR	sp|Q9BT92|TCHP_HUMAN	not_scored	FP	sp|A0A0R4IFG5|CFA53_DANRE	sp|Q1RM03|TCHP_DANRE	sp|A0A0R4IFG5|CFA53_DANRE	0	2232	direct_cross_endpoint
H2QES4	P24158	tr|H2QES4|H2QES4_PANTR	sp|P24158|PRTN3_HUMAN	FN	TP	tr|H2QES4|H2QES4_PANTR	sp|P08246|ELNE_HUMAN	sp|P08246|ELNE_HUMAN	0	2784	direct_cross_endpoint
H2QES4	Q6UWY2	tr|H2QES4|H2QES4_PANTR	sp|Q6UWY2|PRS57_HUMAN	not_scored	FP	tr|H2QES4|H2QES4_PANTR	sp|P08246|ELNE_HUMAN	sp|P08246|ELNE_HUMAN	0	2784	direct_cross_endpoint
H2QES5	Q6PCB8	tr|H2QES5|H2QES5_PANTR	sp|Q6PCB8|EMB_HUMAN	not_scored	FP	sp|P17790|BASI_CHICK	sp|O88775|EMB_RAT	sp|O88775|EMB_RAT	0	8497	direct_cross_endpoint
H2QEW0	Q15428	tr|H2QEW0|H2QEW0_PANTR	sp|Q15428|SF3A2_HUMAN	FN	TP	tr|H2QEW0|H2QEW0_PANTR	sp|Q15428|SF3A2_HUMAN	sp|A5PJN8|SF3A2_BOVIN	0		transitive_union
H2QEW8	P98073	tr|H2QEW8|H2QEW8_PANTR	sp|P98073|ENTK_HUMAN	not_scored	FP	sp|P03951|FA11_HUMAN	sp|P97435|ENTK_MOUSE	sp|P03951|FA11_HUMAN	0	1860	direct_cross_endpoint
H2QF25	O60240	tr|H2QF25|H2QF25_PANTR	sp|O60240|PLIN1_HUMAN	not_scored	FP	sp|A6QLL0|PLIN5_BOVIN	sp|O60240|PLIN1_HUMAN	sp|A6QLL0|PLIN5_BOVIN	0	8796	direct_cross_endpoint
H2QF54	P01024	tr|H2QF54|H2QF54_PANTR	sp|P01024|CO3_HUMAN	FN	TP	tr|H2MTY4|H2MTY4_ORYLA	sp|P01024|CO3_HUMAN	sp|P01024|CO3_HUMAN	0	29137	direct_cross_endpoint
H2QF54	P01031	tr|H2QF54|H2QF54_PANTR	sp|P01031|CO5_HUMAN	not_scored	FP	tr|H2MTY4|H2MTY4_ORYLA	sp|P01024|CO3_HUMAN	sp|P01024|CO3_HUMAN	0	29137	direct_cross_endpoint
H2QF57	O75815	tr|H2QF57|H2QF57_PANTR	sp|O75815|BCAR3_HUMAN	not_scored	FP	sp|Q9BRG2|SH23A_HUMAN	sp|D3ZAZ5|BCAR3_RAT	sp|D3ZAZ5|BCAR3_RAT	0	8728	direct_cross_endpoint
H2QF57	Q8N5H7	tr|H2QF57|H2QF57_PANTR	sp|Q8N5H7|SH2D3_HUMAN	not_scored	FP	sp|Q9BRG2|SH23A_HUMAN	sp|D3ZAZ5|BCAR3_RAT	sp|D3ZAZ5|BCAR3_RAT	0	8728	direct_cross_endpoint
H2QF67	P81274	tr|H2QF67|H2QF67_PANTR	sp|P81274|GPSM2_HUMAN	not_scored	FP	sp|P12660|PCP2_MOUSE	sp|P81274|GPSM2_HUMAN	sp|P12660|PCP2_MOUSE	0	18778	direct_cross_endpoint
H2QF67	Q86YR5	tr|H2QF67|H2QF67_PANTR	sp|Q86YR5|GPSM1_HUMAN	not_scored	FP	sp|P12660|PCP2_MOUSE	sp|P81274|GPSM2_HUMAN	sp|P12660|PCP2_MOUSE	0	18778	direct_cross_endpoint
H2QFA1	Q96PQ6	tr|H2QFA1|H2QFA1_PANTR	sp|Q96PQ6|ZN317_HUMAN	not_scored	FP	sp|Q8N587|ZN561_HUMAN	sp|Q96PQ6|ZN317_HUMAN	sp|Q8N587|ZN561_HUMAN	0	1459	direct_cross_endpoint
H2QFH1	P14207	tr|H2QFH1|H2QFH1_PANTR	sp|P14207|FOLR2_HUMAN	not_scored	FP	sp|Q4TUC0|RTBDN_CANLF	sp|A6ND01|JUNO_HUMAN	sp|A6ND01|JUNO_HUMAN	1	38495	direct_cross_endpoint
H2QFH1	P15328	tr|H2QFH1|H2QFH1_PANTR	sp|P15328|FOLR1_HUMAN	not_scored	FP	sp|Q4TUC0|RTBDN_CANLF	sp|A6ND01|JUNO_HUMAN	sp|A6ND01|JUNO_HUMAN	1	38495	direct_cross_endpoint
H2QFH1	P41439	tr|H2QFH1|H2QFH1_PANTR	sp|P41439|FOLR3_HUMAN	not_scored	FP	sp|Q4TUC0|RTBDN_CANLF	sp|A6ND01|JUNO_HUMAN	sp|A6ND01|JUNO_HUMAN	1	38495	direct_cross_endpoint
H2QFH2	O15021	tr|H2QFH2|H2QFH2_PANTR	sp|O15021|MAST4_HUMAN	not_scored	FP	sp|O60307|MAST3_HUMAN	sp|O15021|MAST4_HUMAN	sp|O15021|MAST4_HUMAN	0	9858	direct_cross_endpoint
H2QFI4	Q9P1Z0	tr|H2QFI4|H2QFI4_PANTR	sp|Q9P1Z0|ZBTB4_HUMAN	not_scored	FP	sp|O35260|NACC1_RAT	sp|D4A8X0|ZBTB4_RAT	sp|D4A8X0|ZBTB4_RAT	0	5028	direct_cross_endpoint
H2QFJ7	O75781	tr|H2QFJ7|H2QFJ7_PANTR	sp|O75781|PALM_HUMAN	not_scored	FP	sp|A2TJV2|PALM3_MOUSE	sp|O75781|PALM_HUMAN	sp|A2TJV2|PALM3_MOUSE	0	3441	direct_cross_endpoint
H2QFJ7	Q9NP74	tr|H2QFJ7|H2QFJ7_PANTR	sp|Q9NP74|PALMD_HUMAN	not_scored	FP	sp|A2TJV2|PALM3_MOUSE	sp|O75781|PALM_HUMAN	sp|A2TJV2|PALM3_MOUSE	0	3441	direct_cross_endpoint
H2QFN4	Q8NGA5	tr|H2QFN4|H2QFN4_PANTR	sp|Q8NGA5|O10H4_HUMAN	FN	TP	sp|O60404|O10H3_HUMAN	sp|Q8NGA5|O10H4_HUMAN	sp|O60404|O10H3_HUMAN	0	394	direct_cross_endpoint
H2QFS5	O15021	tr|H2QFS5|H2QFS5_PANTR	sp|O15021|MAST4_HUMAN	not_scored	FP	sp|O60307|MAST3_HUMAN	sp|O15021|MAST4_HUMAN	sp|O15021|MAST4_HUMAN	0	9858	direct_cross_endpoint
H2QFT1	P01137	tr|H2QFT1|H2QFT1_PANTR	sp|P01137|TGFB1_HUMAN	not_scored	FP	sp|Q99988|GDF15_HUMAN	sp|P01137|TGFB1_HUMAN	sp|P01137|TGFB1_HUMAN	0	1996	direct_cross_endpoint
H2QFT1	P10600	tr|H2QFT1|H2QFT1_PANTR	sp|P10600|TGFB3_HUMAN	not_scored	FP	sp|Q99988|GDF15_HUMAN	sp|P01137|TGFB1_HUMAN	sp|P01137|TGFB1_HUMAN	0	1996	direct_cross_endpoint
H2QFT1	P61812	tr|H2QFT1|H2QFT1_PANTR	sp|P61812|TGFB2_HUMAN	not_scored	FP	sp|Q99988|GDF15_HUMAN	sp|P01137|TGFB1_HUMAN	sp|P01137|TGFB1_HUMAN	0	1996	direct_cross_endpoint
H2QG25	O15552	tr|H2QG25|H2QG25_PANTR	sp|O15552|FFAR2_HUMAN	not_scored	FP	sp|O14842|FFAR1_HUMAN	sp|B2GV46|FFAR3_RAT	sp|B2GV46|FFAR3_RAT	0	4024	direct_cross_endpoint
H2QG72	P17098	tr|H2QG72|H2QG72_PANTR	sp|P17098|ZNF8_HUMAN	not_scored	FP	sp|Q571J5|Z354C_MOUSE	sp|P17098|ZNF8_HUMAN	sp|P17098|ZNF8_HUMAN	0	1005	direct_cross_endpoint
H2QG80	Q96T54	tr|H2QG80|H2QG80_PANTR	sp|Q96T54|KCNKH_HUMAN	not_scored	FP	sp|G3V8V5|KCNK4_RAT	sp|Q96T54|KCNKH_HUMAN	sp|G3V8V5|KCNK4_RAT	0	3735	direct_cross_endpoint
H2QG85	Q52LJ0	tr|H2QG85|H2QG85_PANTR	sp|Q52LJ0|FA98B_HUMAN	not_scored	FP	sp|Q17RN3|FA98C_HUMAN	sp|Q52LJ0|FA98B_HUMAN	sp|Q17RN3|FA98C_HUMAN	1	35277	direct_cross_endpoint
H2QG85	Q8NCA5	tr|H2QG85|H2QG85_PANTR	sp|Q8NCA5|FA98A_HUMAN	not_scored	FP	sp|Q17RN3|FA98C_HUMAN	sp|Q3TJZ6|FA98A_MOUSE	sp|Q17RN3|FA98C_HUMAN	1	35277	direct_cross_endpoint
H2QG93	Q13671	tr|H2QG93|H2QG93_PANTR	sp|Q13671|RIN1_HUMAN	not_scored	FP	sp|Q6ZS11|RINL_HUMAN	sp|P97680|RIN1_RAT	sp|P59729|RIN3_MOUSE	0		transitive_union
H2QG93	Q8TB24	tr|H2QG93|H2QG93_PANTR	sp|Q8TB24|RIN3_HUMAN	not_scored	FP	sp|Q6ZS11|RINL_HUMAN	sp|P59729|RIN3_MOUSE	sp|P59729|RIN3_MOUSE	0	28818	direct_cross_endpoint
H2QG93	Q8WYP3	tr|H2QG93|H2QG93_PANTR	sp|Q8WYP3|RIN2_HUMAN	not_scored	FP	sp|Q6ZS11|RINL_HUMAN	sp|P59729|RIN3_MOUSE	sp|P59729|RIN3_MOUSE	0	28818	direct_cross_endpoint
H2QGB7	Q6ZWJ8	tr|H2QGB7|H2QGB7_PANTR	sp|Q6ZWJ8|KCP_HUMAN	not_scored	FP	tr|A0A1D5P6S4|A0A1D5P6S4_CHICK	sp|Q3U492|KCP_MOUSE	sp|Q3U492|KCP_MOUSE	0	14016	direct_cross_endpoint
H2QGD0	P27987	tr|H2QGD0|H2QGD0_PANTR	sp|P27987|IP3KB_HUMAN	not_scored	FP	sp|P17105|IP3KA_RAT	sp|P27987|IP3KB_HUMAN	sp|P17105|IP3KA_RAT	0	19099	direct_cross_endpoint
H2QGE0	Q99988	tr|H2QGE0|H2QGE0_PANTR	sp|Q99988|GDF15_HUMAN	not_scored	FP	sp|P01137|TGFB1_HUMAN	sp|Q99988|GDF15_HUMAN	sp|P01137|TGFB1_HUMAN	0	1996	direct_cross_endpoint
H2QGE4	Q2WEN9	tr|H2QGE4|H2QGE4_PANTR	sp|Q2WEN9|CEA16_HUMAN	not_scored	FP	sp|O75871|CEAM4_HUMAN	sp|D3ZQE1|CEA16_RAT	sp|A6QQC6|HECA2_BOVIN	0	8485	direct_cross_endpoint
H2QGE4	Q7Z692	tr|H2QGE4|H2QGE4_PANTR	sp|Q7Z692|CEA19_HUMAN	not_scored	FP	sp|O75871|CEAM4_HUMAN	sp|Q7Z692|CEA19_HUMAN	sp|A6QQC6|HECA2_BOVIN	1	35797	direct_cross_endpoint
H2QGE7	Q2WEN9	tr|H2QGE7|H2QGE7_PANTR	sp|Q2WEN9|CEA16_HUMAN	not_scored	FP	sp|O75871|CEAM4_HUMAN	sp|D3ZQE1|CEA16_RAT	sp|A6QQC6|HECA2_BOVIN	0	8485	direct_cross_endpoint
H2QGE7	Q7Z692	tr|H2QGE7|H2QGE7_PANTR	sp|Q7Z692|CEA19_HUMAN	not_scored	FP	sp|O75871|CEAM4_HUMAN	sp|Q7Z692|CEA19_HUMAN	sp|A6QQC6|HECA2_BOVIN	1	35797	direct_cross_endpoint
H2QGF2	O15085	tr|H2QGF2|H2QGF2_PANTR	sp|O15085|ARHGB_HUMAN	not_scored	FP	sp|Q61210|ARHG1_MOUSE	sp|O15085|ARHGB_HUMAN	sp|O15085|ARHGB_HUMAN	0	9195	direct_cross_endpoint
H2QGF2	Q9NZN5	tr|H2QGF2|H2QGF2_PANTR	sp|Q9NZN5|ARHGC_HUMAN	not_scored	FP	sp|Q61210|ARHG1_MOUSE	sp|O15085|ARHGB_HUMAN	sp|O15085|ARHGB_HUMAN	0	9195	direct_cross_endpoint
H2QGG8	Q2WEN9	tr|H2QGG8|H2QGG8_PANTR	sp|Q2WEN9|CEA16_HUMAN	not_scored	FP	sp|O75871|CEAM4_HUMAN	sp|D3ZQE1|CEA16_RAT	sp|A6QQC6|HECA2_BOVIN	0	8485	direct_cross_endpoint
H2QGG8	Q7Z692	tr|H2QGG8|H2QGG8_PANTR	sp|Q7Z692|CEA19_HUMAN	not_scored	FP	sp|O75871|CEAM4_HUMAN	sp|Q7Z692|CEA19_HUMAN	sp|A6QQC6|HECA2_BOVIN	1	35797	direct_cross_endpoint
H2QGI8	Q12901	tr|H2QGI8|H2QGI8_PANTR	sp|Q12901|ZN155_HUMAN	not_scored	FP	sp|Q03081|MET31_YEAST	sp|Q12901|ZN155_HUMAN	sp|Q03081|MET31_YEAST	0	831	direct_cross_endpoint
H2QGJ9	Q15223	tr|H2QGJ9|H2QGJ9_PANTR	sp|Q15223|NECT1_HUMAN	not_scored	FP	sp|P15151|PVR_HUMAN	sp|P32507|NECT2_MOUSE	sp|P15151|PVR_HUMAN	0	4413	direct_cross_endpoint
H2QGJ9	Q92692	tr|H2QGJ9|H2QGJ9_PANTR	sp|Q92692|NECT2_HUMAN	not_scored	FP	sp|P15151|PVR_HUMAN	sp|P32507|NECT2_MOUSE	sp|P15151|PVR_HUMAN	0	4413	direct_cross_endpoint
H2QGJ9	Q96NY8	tr|H2QGJ9|H2QGJ9_PANTR	sp|Q96NY8|NECT4_HUMAN	not_scored	FP	sp|P15151|PVR_HUMAN	sp|P32507|NECT2_MOUSE	sp|P15151|PVR_HUMAN	0	4413	direct_cross_endpoint
H2QGJ9	Q9NQS3	tr|H2QGJ9|H2QGJ9_PANTR	sp|Q9NQS3|NECT3_HUMAN	not_scored	FP	sp|P15151|PVR_HUMAN	sp|P32507|NECT2_MOUSE	sp|P15151|PVR_HUMAN	0	4413	direct_cross_endpoint
H2QGQ7	Q8NA47	tr|H2QGQ7|H2QGQ7_PANTR	sp|Q8NA47|CCD63_HUMAN	not_scored	FP	sp|B1H228|CC114_RAT	sp|Q2T9W3|CCD63_BOVIN	sp|B1H228|CC114_RAT	0	12709	direct_cross_endpoint
H2QGR6	Q86UY5	tr|H2QGR6|H2QGR6_PANTR	sp|Q86UY5|FA83A_HUMAN	not_scored	FP	sp|Q2M2I3|FA83E_HUMAN	sp|Q66JF7|FA83A_XENTR	sp|A6ND36|FA83G_HUMAN	0	7580	direct_cross_endpoint
H2QGY4	O75596	tr|H2QGY4|H2QGY4_PANTR	sp|O75596|CLC3A_HUMAN	not_scored	FP	sp|O88200|CLC11_MOUSE	sp|O75596|CLC3A_HUMAN	sp|O75596|CLC3A_HUMAN	0	6411	direct_cross_endpoint
H2QGY4	P05452	tr|H2QGY4|H2QGY4_PANTR	sp|P05452|TETN_HUMAN	not_scored	FP	sp|O88200|CLC11_MOUSE	sp|O75596|CLC3A_HUMAN	sp|O75596|CLC3A_HUMAN	0	6411	direct_cross_endpoint
H2QH01	P55344	tr|H2QH01|H2QH01_PANTR	sp|P55344|LMIP_HUMAN	not_scored	FP	sp|Q8NHS1|CLDN2_HUMAN	sp|P20274|LMIP_BOVIN	sp|P20274|LMIP_BOVIN	0	15120	direct_cross_endpoint
H2QH01	Q16617	tr|H2QH01|H2QH01_PANTR	sp|Q16617|NKG7_HUMAN	not_scored	FP	sp|Q8NHS1|CLDN2_HUMAN	sp|Q16617|NKG7_HUMAN	sp|P20274|LMIP_BOVIN	0		transitive_union
H2QH03	Q16617	tr|H2QH03|H2QH03_PANTR	sp|Q16617|NKG7_HUMAN	not_scored	FP	sp|P20274|LMIP_BOVIN	sp|Q16617|NKG7_HUMAN	sp|P20274|LMIP_BOVIN	0	4567	direct_cross_endpoint
H2QH03	Q8NHS1	tr|H2QH03|H2QH03_PANTR	sp|Q8NHS1|CLDN2_HUMAN	not_scored	FP	sp|P20274|LMIP_BOVIN	sp|Q8NHS1|CLDN2_HUMAN	sp|P20274|LMIP_BOVIN	0	15120	direct_cross_endpoint
H2QH10	Q16581	tr|H2QH10|H2QH10_PANTR	sp|Q16581|C3AR_HUMAN	not_scored	FP	sp|A4FUQ5|FPRS4_MOUSE	sp|O09047|C3AR_MOUSE	sp|A4FUQ5|FPRS4_MOUSE	0	1686	direct_cross_endpoint
H2QH10	Q9P296	tr|H2QH10|H2QH10_PANTR	sp|Q9P296|C5AR2_HUMAN	not_scored	FP	sp|A4FUQ5|FPRS4_MOUSE	sp|Q695P6|C5AR2_RAT	sp|A4FUQ5|FPRS4_MOUSE	0	1545	direct_cross_endpoint
H2QH21	Q8N823	tr|H2QH21|H2QH21_PANTR	sp|Q8N823|ZN611_HUMAN	not_scored	FP	sp|A6NHJ4|ZN860_HUMAN	sp|Q8N823|ZN611_HUMAN	sp|A6NHJ4|ZN860_HUMAN	0	1099	direct_cross_endpoint
H2QH32	Q06432	tr|H2QH32|H2QH32_PANTR	sp|Q06432|CCG1_HUMAN	not_scored	FP	sp|Q8VHW3|CCG6_MOUSE	sp|O70578|CCG1_MOUSE	sp|O70578|CCG1_MOUSE	0	6433	direct_cross_endpoint
H2QH37	Q8IU68	tr|H2QH37|H2QH37_PANTR	sp|Q8IU68|TMC8_HUMAN	not_scored	FP	sp|Q496Z4|TMC4_RAT	sp|Q7TN58|TMC8_MOUSE	sp|Q496Z4|TMC4_RAT	0	5681	direct_cross_endpoint
H2QH48	Q9C000	tr|H2QH48|H2QH48_PANTR	sp|Q9C000|NLRP1_HUMAN	not_scored	FP	sp|A6QLE5|NLRP3_BOVIN	sp|A1Z198|NL1B2_MOUSE	sp|A1Z198|NL1B2_MOUSE	0	6310	direct_cross_endpoint
H2QH51	Q8TE67	tr|H2QH51|H2QH51_PANTR	sp|Q8TE67|ES8L3_HUMAN	not_scored	FP	sp|F1M3L7|EPS8_RAT	sp|Q8TE67|ES8L3_HUMAN	sp|F1M3L7|EPS8_RAT	0	10885	direct_cross_endpoint
H2QH79	Q9C000	tr|H2QH79|H2QH79_PANTR	sp|Q9C000|NLRP1_HUMAN	not_scored	FP	sp|A6QLE5|NLRP3_BOVIN	sp|A1Z198|NL1B2_MOUSE	sp|A1Z198|NL1B2_MOUSE	0	6310	direct_cross_endpoint
H2QH81	Q9C000	tr|H2QH81|H2QH81_PANTR	sp|Q9C000|NLRP1_HUMAN	not_scored	FP	sp|A6QLE5|NLRP3_BOVIN	sp|A1Z198|NL1B2_MOUSE	sp|A1Z198|NL1B2_MOUSE	0	6310	direct_cross_endpoint
H2QH82	Q9C000	tr|H2QH82|H2QH82_PANTR	sp|Q9C000|NLRP1_HUMAN	not_scored	FP	sp|A6QLE5|NLRP3_BOVIN	sp|A1Z198|NL1B2_MOUSE	sp|A1Z198|NL1B2_MOUSE	0	6310	direct_cross_endpoint
H2QH83	Q9C000	tr|H2QH83|H2QH83_PANTR	sp|Q9C000|NLRP1_HUMAN	not_scored	FP	sp|A6QLE5|NLRP3_BOVIN	sp|A1Z198|NL1B2_MOUSE	sp|A1Z198|NL1B2_MOUSE	0	6310	direct_cross_endpoint
H2QHH6	Q13571	tr|H2QHH6|H2QHH6_PANTR	sp|Q13571|LAPM5_HUMAN	not_scored	FP	sp|Q15012|LAP4A_HUMAN	sp|Q13571|LAPM5_HUMAN	sp|Q13571|LAPM5_HUMAN	0	4683	direct_cross_endpoint
H2QHI3	Q14CS0	tr|H2QHI3|H2QHI3_PANTR	sp|Q14CS0|UBX2B_HUMAN	not_scored	FP	sp|P68543|UBX2A_HUMAN	sp|F4IXN6|PUX6_ARATH	sp|F4IXN6|PUX6_ARATH	0	7172	direct_cross_endpoint
H2QHI3	Q9UNZ2	tr|H2QHI3|H2QHI3_PANTR	sp|Q9UNZ2|NSF1C_HUMAN	not_scored	FP	sp|P68543|UBX2A_HUMAN	sp|F4IXN6|PUX6_ARATH	sp|F4IXN6|PUX6_ARATH	0	7172	direct_cross_endpoint
H2QHK0	Q9C0F0	tr|H2QHK0|H2QHK0_PANTR	sp|Q9C0F0|ASXL3_HUMAN	not_scored	FP	sp|P59598|ASXL1_MOUSE	sp|Q8C4A5|ASXL3_MOUSE	sp|P59598|ASXL1_MOUSE	0	4118	direct_cross_endpoint
H2QHR7	Q9C098	tr|H2QHR7|H2QHR7_PANTR	sp|Q9C098|DCLK3_HUMAN	not_scored	FP	sp|O94806|KPCD3_HUMAN	sp|Q8BWQ5|DCLK3_MOUSE	sp|O94806|KPCD3_HUMAN	0	4943	direct_cross_endpoint
H2QHT6	O00270	tr|H2QHT6|H2QHT6_PANTR	sp|O00270|GPR31_HUMAN	not_scored	FP	sp|Q8TDS5|OXER1_HUMAN	sp|F8VQN3|GPR31_MOUSE	sp|F8VQN3|GPR31_MOUSE	0	4766	direct_cross_endpoint
H2QHT6	P49019	tr|H2QHT6|H2QHT6_PANTR	sp|P49019|HCAR3_HUMAN	not_scored	FP	sp|Q8TDS5|OXER1_HUMAN	sp|F8VQN3|GPR31_MOUSE	sp|F8VQN3|GPR31_MOUSE	0	4766	direct_cross_endpoint
H2QHT6	Q9BXC0	tr|H2QHT6|H2QHT6_PANTR	sp|Q9BXC0|HCAR1_HUMAN	not_scored	FP	sp|Q8TDS5|OXER1_HUMAN	sp|F8VQN3|GPR31_MOUSE	sp|F8VQN3|GPR31_MOUSE	0	4766	direct_cross_endpoint
H2QI75	Q8IZ08	tr|H2QI75|H2QI75_PANTR	sp|Q8IZ08|GP135_HUMAN	not_scored	FP	sp|P05363|NK2R_BOVIN	sp|Q7TQN7|GP135_RAT	sp|P05363|NK2R_BOVIN	0	4458	direct_cross_endpoint
H2QI96	O75379	tr|H2QI96|H2QI96_PANTR	sp|O75379|VAMP4_HUMAN	not_scored	FP	sp|O95183|VAMP5_HUMAN	sp|O02495|SYB1_CAEEL	sp|O02495|SYB1_CAEEL	0	2896	direct_cross_endpoint
H2QI96	P23763	tr|H2QI96|H2QI96_PANTR	sp|P23763|VAMP1_HUMAN	not_scored	FP	sp|O95183|VAMP5_HUMAN	sp|O02495|SYB1_CAEEL	sp|O02495|SYB1_CAEEL	0	2896	direct_cross_endpoint
H2QI96	Q15836	tr|H2QI96|H2QI96_PANTR	sp|Q15836|VAMP3_HUMAN	not_scored	FP	sp|O95183|VAMP5_HUMAN	sp|O02495|SYB1_CAEEL	sp|O02495|SYB1_CAEEL	0	2896	direct_cross_endpoint
H2QI96	Q9BV40	tr|H2QI96|H2QI96_PANTR	sp|Q9BV40|VAMP8_HUMAN	not_scored	FP	sp|O95183|VAMP5_HUMAN	sp|O02495|SYB1_CAEEL	sp|O02495|SYB1_CAEEL	0	2896	direct_cross_endpoint
H2QIC0	O15535	tr|H2QIC0|H2QIC0_PANTR	sp|O15535|ZSC9_HUMAN	not_scored	FP	sp|P51815|ZN75D_HUMAN	sp|A2T7D7|ZNF24_PANTR	sp|A2T7D7|ZNF24_PANTR	0	2004	direct_cross_endpoint
H2QIC0	P17028	tr|H2QIC0|H2QIC0_PANTR	sp|P17028|ZNF24_HUMAN	not_scored	FP	sp|P51815|ZN75D_HUMAN	sp|A2T7D7|ZNF24_PANTR	sp|A2T7D7|ZNF24_PANTR	0	2004	direct_cross_endpoint
H2QIC0	Q3MJ62	tr|H2QIC0|H2QIC0_PANTR	sp|Q3MJ62|ZSC23_HUMAN	not_scored	FP	sp|P51815|ZN75D_HUMAN	sp|A2T7D7|ZNF24_PANTR	sp|A2T7D7|ZNF24_PANTR	0	2004	direct_cross_endpoint
H2QIC0	Q8N0Y2	tr|H2QIC0|H2QIC0_PANTR	sp|Q8N0Y2|ZN444_HUMAN	not_scored	FP	sp|P51815|ZN75D_HUMAN	sp|Q8N0Y2|ZN444_HUMAN	sp|A2T7D7|ZNF24_PANTR	0		transitive_union
H2QIC0	Q8NBB4	tr|H2QIC0|H2QIC0_PANTR	sp|Q8NBB4|ZSCA1_HUMAN	not_scored	FP	sp|P51815|ZN75D_HUMAN	sp|Q8NBB4|ZSCA1_HUMAN	sp|A2T7D7|ZNF24_PANTR	0		transitive_union
H2QIC0	Q96LW9	tr|H2QIC0|H2QIC0_PANTR	sp|Q96LW9|ZSC31_HUMAN	not_scored	FP	sp|P51815|ZN75D_HUMAN	sp|A2T7D7|ZNF24_PANTR	sp|A2T7D7|ZNF24_PANTR	0	2004	direct_cross_endpoint
H2QIC0	Q96N95	tr|H2QIC0|H2QIC0_PANTR	sp|Q96N95|ZN396_HUMAN	not_scored	FP	sp|P51815|ZN75D_HUMAN	sp|A2T7D7|ZNF24_PANTR	sp|A2T7D7|ZNF24_PANTR	0	2004	direct_cross_endpoint
H2QIC0	Q9H4T2	tr|H2QIC0|H2QIC0_PANTR	sp|Q9H4T2|ZSC16_HUMAN	not_scored	FP	sp|P51815|ZN75D_HUMAN	sp|A2T7D7|ZNF24_PANTR	sp|A2T7D7|ZNF24_PANTR	0	2004	direct_cross_endpoint
H2QIC9	Q3MIP1	tr|H2QIC9|H2QIC9_PANTR	sp|Q3MIP1|IPIL2_HUMAN	not_scored	FP	sp|A2ASA8|IPIL1_MOUSE	sp|Q3MIP1|IPIL2_HUMAN	sp|A2ASA8|IPIL1_MOUSE	0	27616	direct_cross_endpoint
H2QIK6	Q9NZH8	tr|H2QIK6|H2QIK6_PANTR	sp|Q9NZH8|IL36G_HUMAN	not_scored	FP	sp|P01584|IL1B_HUMAN	sp|Q8R460|IL36G_MOUSE	sp|P01584|IL1B_HUMAN	0	5580	direct_cross_endpoint
H2QIK6	Q9UHA7	tr|H2QIK6|H2QIK6_PANTR	sp|Q9UHA7|IL36A_HUMAN	not_scored	FP	sp|P01584|IL1B_HUMAN	sp|Q8R460|IL36G_MOUSE	sp|P01584|IL1B_HUMAN	0	5580	direct_cross_endpoint
H2QIK7	P01584	tr|H2QIK7|H2QIK7_PANTR	sp|P01584|IL1B_HUMAN	not_scored	FP	sp|Q8R460|IL36G_MOUSE	sp|P01584|IL1B_HUMAN	sp|P01584|IL1B_HUMAN	0	5580	direct_cross_endpoint
H2QIK8	P01584	tr|H2QIK8|H2QIK8_PANTR	sp|P01584|IL1B_HUMAN	not_scored	FP	sp|Q8R460|IL36G_MOUSE	sp|P01584|IL1B_HUMAN	sp|P01584|IL1B_HUMAN	0	5580	direct_cross_endpoint
H2QIL2	Q9BQI7	tr|H2QIL2|H2QIL2_PANTR	sp|Q9BQI7|PSD2_HUMAN	not_scored	FP	sp|A5PKW4|PSD1_HUMAN	sp|Q6P1I6|PSD2_MOUSE	sp|A5PKW4|PSD1_HUMAN	0	13061	direct_cross_endpoint
H2QJ64	Q0VDD8	tr|H2QJ64|H2QJ64_PANTR	sp|Q0VDD8|DYH14_HUMAN	not_scored	FP	sp|E9Q8T7|DYH1_MOUSE	sp|Q0VDD8|DYH14_HUMAN	sp|E9Q8T7|DYH1_MOUSE	1	35202	direct_cross_endpoint
H2QJ80	J9NUM3	tr|H2QJ80|H2QJ80_PANTR	tr|J9NUM3|J9NUM3_CANLF	not_scored	FP	sp|Q29RJ0|KCD18_BOVIN	sp|A6H6X4|KCTD4_BOVIN	sp|A6H6X4|KCTD4_BOVIN	0	5511	direct_cross_endpoint
H2QJ80	Q4G0X4	tr|H2QJ80|H2QJ80_PANTR	sp|Q4G0X4|KCD21_HUMAN	not_scored	FP	sp|Q29RJ0|KCD18_BOVIN	sp|A6H6X4|KCTD4_BOVIN	sp|A6H6X4|KCTD4_BOVIN	0	5511	direct_cross_endpoint
H2QJ80	Q693B1	tr|H2QJ80|H2QJ80_PANTR	sp|Q693B1|KCD11_HUMAN	not_scored	FP	sp|Q29RJ0|KCD18_BOVIN	sp|A6H6X4|KCTD4_BOVIN	sp|A6H6X4|KCTD4_BOVIN	0	5511	direct_cross_endpoint
H2QJ80	Q719H9	tr|H2QJ80|H2QJ80_PANTR	sp|Q719H9|KCTD1_HUMAN	not_scored	FP	sp|Q29RJ0|KCD18_BOVIN	sp|A6H6X4|KCTD4_BOVIN	sp|A6H6X4|KCTD4_BOVIN	0	5511	direct_cross_endpoint
H2QJ80	Q8NC69	tr|H2QJ80|H2QJ80_PANTR	sp|Q8NC69|KCTD6_HUMAN	not_scored	FP	sp|Q29RJ0|KCD18_BOVIN	sp|A6H6X4|KCTD4_BOVIN	sp|A6H6X4|KCTD4_BOVIN	0	5511	direct_cross_endpoint
H2QJ80	Q8WVF5	tr|H2QJ80|H2QJ80_PANTR	sp|Q8WVF5|KCTD4_HUMAN	not_scored	FP	sp|Q29RJ0|KCD18_BOVIN	sp|A6H6X4|KCTD4_BOVIN	sp|A6H6X4|KCTD4_BOVIN	0	5511	direct_cross_endpoint
H2QJ80	Q96SI1	tr|H2QJ80|H2QJ80_PANTR	sp|Q96SI1|KCD15_HUMAN	not_scored	FP	sp|Q29RJ0|KCD18_BOVIN	sp|A6H6X4|KCTD4_BOVIN	sp|A6H6X4|KCTD4_BOVIN	0	5511	direct_cross_endpoint
H2QJD8	Q8IZW8	tr|H2QJD8|H2QJD8_PANTR	sp|Q8IZW8|TENS4_HUMAN	not_scored	FP	sp|H2L045|TENSH_CAEEL	sp|Q32PJ7|TENS4_BOVIN	sp|H2L045|TENSH_CAEEL	0	6655	direct_cross_endpoint
H2QJG8	Q9ULA0	tr|H2QJG8|H2QJG8_PANTR	sp|Q9ULA0|DNPEP_HUMAN	not_scored	FP	sp|A0JNL8|RES18_BOVIN	sp|O36014|DNPEP_SCHPO	sp|A0JNL8|RES18_BOVIN	1	39432	direct_cross_endpoint
H2QJJ6	Q969F0	tr|H2QJJ6|H2QJJ6_PANTR	sp|Q969F0|FATE1_HUMAN	not_scored	FP	sp|Q3ZCD8|MFF_BOVIN	sp|Q8CEK7|FATE1_MOUSE	sp|Q3ZCD8|MFF_BOVIN	0	26613	direct_cross_endpoint
H2QJJ7	O14894	tr|H2QJJ7|H2QJJ7_PANTR	sp|O14894|T4S5_HUMAN	not_scored	FP	sp|Q3T0Z4|T4S20_BOVIN	sp|O14894|T4S5_HUMAN	sp|O14894|T4S5_HUMAN	1	35702	direct_cross_endpoint
H2QJJ7	P30408	tr|H2QJJ7|H2QJJ7_PANTR	sp|P30408|T4S1_HUMAN	not_scored	FP	sp|Q3T0Z4|T4S20_BOVIN	sp|O14894|T4S5_HUMAN	sp|O14894|T4S5_HUMAN	1	35702	direct_cross_endpoint
H2QJJ7	P48230	tr|H2QJJ7|H2QJJ7_PANTR	sp|P48230|T4S4_HUMAN	not_scored	FP	sp|Q3T0Z4|T4S20_BOVIN	sp|O14894|T4S5_HUMAN	sp|O14894|T4S5_HUMAN	1	35702	direct_cross_endpoint
H2QJJ7	Q96CE8	tr|H2QJJ7|H2QJJ7_PANTR	sp|Q96CE8|T4S18_HUMAN	not_scored	FP	sp|Q3T0Z4|T4S20_BOVIN	sp|O14894|T4S5_HUMAN	sp|O14894|T4S5_HUMAN	1	35702	direct_cross_endpoint
H2QJM4	P98174	tr|H2QJM4|H2QJM4_PANTR	sp|P98174|FGD1_HUMAN	not_scored	FP	sp|Q5BKC9|NGEF_RAT	sp|O88387|FGD4_RAT	sp|O88387|FGD4_RAT	0	16529	direct_cross_endpoint
H2QJM4	Q96M96	tr|H2QJM4|H2QJM4_PANTR	sp|Q96M96|FGD4_HUMAN	not_scored	FP	sp|Q5BKC9|NGEF_RAT	sp|O88387|FGD4_RAT	sp|O88387|FGD4_RAT	0	16529	direct_cross_endpoint
H2QJR7	Q8NA92	tr|H2QJR7|H2QJR7_PANTR	sp|Q8NA92|THAP8_HUMAN	not_scored	FP	sp|Q0P5B4|THAP3_BOVIN	sp|Q8NA92|THAP8_HUMAN	sp|Q0P5B4|THAP3_BOVIN	1	34936	direct_cross_endpoint
H2QJR7	Q8TBB0	tr|H2QJR7|H2QJR7_PANTR	sp|Q8TBB0|THAP6_HUMAN	not_scored	FP	sp|Q0P5B4|THAP3_BOVIN	sp|Q8TBB0|THAP6_HUMAN	sp|Q0P5B4|THAP3_BOVIN	0	8448	direct_cross_endpoint
H2QJT6	Q5JXA9	tr|H2QJT6|H2QJT6_PANTR	sp|Q5JXA9|SIRB2_HUMAN	not_scored	FP	sp|O00241|SIRB1_HUMAN	sp|Q5JXA9|SIRB2_HUMAN	sp|O00241|SIRB1_HUMAN	0	11239	direct_cross_endpoint
H2QJU5	Q8IUX7	tr|H2QJU5|H2QJU5_PANTR	sp|Q8IUX7|AEBP1_HUMAN	not_scored	FP	sp|Q96SM3|CPXM1_HUMAN	sp|A2RUV9|AEBP1_RAT	sp|A2RUV9|AEBP1_RAT	0	6299	direct_cross_endpoint
H2QJU5	Q8N436	tr|H2QJU5|H2QJU5_PANTR	sp|Q8N436|CPXM2_HUMAN	not_scored	FP	sp|Q96SM3|CPXM1_HUMAN	sp|A2RUV9|AEBP1_RAT	sp|A2RUV9|AEBP1_RAT	0	6299	direct_cross_endpoint
H2QJW0	O00451	tr|H2QJW0|H2QJW0_PANTR	sp|O00451|GFRA2_HUMAN	not_scored	FP	sp|Q9EPI2|GFRA4_RAT	sp|O00451|GFRA2_HUMAN	sp|D3ZB94|GFRAL_RAT	0	4320	direct_cross_endpoint
H2QJW0	O60609	tr|H2QJW0|H2QJW0_PANTR	sp|O60609|GFRA3_HUMAN	not_scored	FP	sp|Q9EPI2|GFRA4_RAT	sp|O00451|GFRA2_HUMAN	sp|D3ZB94|GFRAL_RAT	0	4320	direct_cross_endpoint
H2QJW0	P56159	tr|H2QJW0|H2QJW0_PANTR	sp|P56159|GFRA1_HUMAN	not_scored	FP	sp|Q9EPI2|GFRA4_RAT	sp|O00451|GFRA2_HUMAN	sp|D3ZB94|GFRAL_RAT	0	4320	direct_cross_endpoint
H2QJW0	Q6UXV0	tr|H2QJW0|H2QJW0_PANTR	sp|Q6UXV0|GFRAL_HUMAN	not_scored	FP	sp|Q9EPI2|GFRA4_RAT	sp|D3ZB94|GFRAL_RAT	sp|D3ZB94|GFRAL_RAT	0		transitive_union
H2QK24	Q86T13	tr|H2QK24|H2QK24_PANTR	sp|Q86T13|CLC14_HUMAN	not_scored	FP	sp|O89103|C1QR1_MOUSE	sp|Q86T13|CLC14_HUMAN	sp|O89103|C1QR1_MOUSE	0	7495	direct_cross_endpoint
H2QK24	Q9HCU0	tr|H2QK24|H2QK24_PANTR	sp|Q9HCU0|CD248_HUMAN	not_scored	FP	sp|O89103|C1QR1_MOUSE	sp|Q91V98|CD248_MOUSE	sp|O89103|C1QR1_MOUSE	0	5557	direct_cross_endpoint
H2QK25	Q86T13	tr|H2QK25|H2QK25_PANTR	sp|Q86T13|CLC14_HUMAN	not_scored	FP	sp|O89103|C1QR1_MOUSE	sp|Q86T13|CLC14_HUMAN	sp|O89103|C1QR1_MOUSE	0	7495	direct_cross_endpoint
H2QK25	Q9HCU0	tr|H2QK25|H2QK25_PANTR	sp|Q9HCU0|CD248_HUMAN	not_scored	FP	sp|O89103|C1QR1_MOUSE	sp|Q91V98|CD248_MOUSE	sp|O89103|C1QR1_MOUSE	0	5557	direct_cross_endpoint
H2QK30	O60676	tr|H2QK30|H2QK30_PANTR	sp|O60676|CST8_HUMAN	not_scored	FP	sp|Q8K5A3|CST11_RAT	sp|O60676|CST8_HUMAN	sp|O60676|CST8_HUMAN	0	7055	direct_cross_endpoint
H2QK30	Q9H114	tr|H2QK30|H2QK30_PANTR	sp|Q9H114|CSTL1_HUMAN	not_scored	FP	sp|Q8K5A3|CST11_RAT	sp|Q80Y72|CSTL1_MOUSE	sp|O60676|CST8_HUMAN	0		transitive_union
H2QK31	Q9H112	tr|H2QK31|H2QK31_PANTR	sp|Q9H112|CST11_HUMAN	not_scored	FP	sp|O60676|CST8_HUMAN	sp|Q8K5A3|CST11_RAT	sp|O60676|CST8_HUMAN	0	7055	direct_cross_endpoint
H2QK31	Q9H114	tr|H2QK31|H2QK31_PANTR	sp|Q9H114|CSTL1_HUMAN	not_scored	FP	sp|O60676|CST8_HUMAN	sp|Q80Y72|CSTL1_MOUSE	sp|O60676|CST8_HUMAN	0	8470	direct_cross_endpoint
H2QK38	Q6ZNR0	tr|H2QK38|H2QK38_PANTR	sp|Q6ZNR0|TMM91_HUMAN	not_scored	FP	sp|A2ANU3|SYNG1_MOUSE	sp|Q6ZNR0|TMM91_HUMAN	sp|A2ANU3|SYNG1_MOUSE	0	942	direct_cross_endpoint
H2QK56	O75593	tr|H2QK56|H2QK56_PANTR	sp|O75593|FOXH1_HUMAN	not_scored	FP	sp|O13606|MEI4_SCHPO	sp|O75593|FOXH1_HUMAN	sp|O13606|MEI4_SCHPO	0	4823	direct_cross_endpoint
H2QK66	Q96DR5	tr|H2QK66|H2QK66_PANTR	sp|Q96DR5|BPIA2_HUMAN	not_scored	FP	sp|Q9BQP9|BPIA3_HUMAN	sp|P07743|BPIA2_MOUSE	sp|P07743|BPIA2_MOUSE	0		transitive_union
H2QK66	Q9NP55	tr|H2QK66|H2QK66_PANTR	sp|Q9NP55|BPIA1_HUMAN	not_scored	FP	sp|Q9BQP9|BPIA3_HUMAN	sp|P97361|BPIA1_MOUSE	sp|P07743|BPIA2_MOUSE	0	6517	direct_cross_endpoint
H2QKC1	P11597	tr|H2QKC1|H2QKC1_PANTR	sp|P11597|CETP_HUMAN	not_scored	FP	sp|P17213|BPI_HUMAN	sp|P11597|CETP_HUMAN	sp|P11597|CETP_HUMAN	0	14011	direct_cross_endpoint
H2QKC1	P55058	tr|H2QKC1|H2QKC1_PANTR	sp|P55058|PLTP_HUMAN	not_scored	FP	sp|P17213|BPI_HUMAN	sp|P55058|PLTP_HUMAN	sp|P11597|CETP_HUMAN	0	5090	direct_cross_endpoint
H2QKC2	P11597	tr|H2QKC2|H2QKC2_PANTR	sp|P11597|CETP_HUMAN	not_scored	FP	sp|P17213|BPI_HUMAN	sp|P11597|CETP_HUMAN	sp|P11597|CETP_HUMAN	0	14011	direct_cross_endpoint
H2QKC2	P55058	tr|H2QKC2|H2QKC2_PANTR	sp|P55058|PLTP_HUMAN	not_scored	FP	sp|P17213|BPI_HUMAN	sp|P55058|PLTP_HUMAN	sp|P11597|CETP_HUMAN	0	5090	direct_cross_endpoint
H2QKK0	Q96EQ8	tr|H2QKK0|H2QKK0_PANTR	sp|Q96EQ8|RN125_HUMAN	not_scored	FP	sp|Q32LN5|RN138_BOVIN	sp|Q96EQ8|RN125_HUMAN	sp|Q32LN5|RN138_BOVIN	0	4161	direct_cross_endpoint
H2QKP1	Q8N945	tr|H2QKP1|H2QKP1_PANTR	sp|Q8N945|PRLD2_HUMAN	not_scored	FP	sp|O59707|UPS2_SCHPO	sp|Q0VBB0|PRLD2_MOUSE	sp|O59707|UPS2_SCHPO	0	8957	direct_cross_endpoint
H2QKP7	Q8IXH8	tr|H2QKP7|H2QKP7_PANTR	sp|Q8IXH8|CAD26_HUMAN	FN	TP	sp|P59862|CAD26_MOUSE	sp|Q8IXH8|CAD26_HUMAN	sp|P59862|CAD26_MOUSE	0	1563	direct_cross_endpoint
H2QKU1	Q8N8B7	tr|H2QKU1|H2QKU1_PANTR	sp|Q8N8B7|TEANC_HUMAN	not_scored	FP	sp|O13896|RPC10_SCHPO	sp|Q3US16|TEANC_MOUSE	sp|O13896|RPC10_SCHPO	0	4788	direct_cross_endpoint
H2QKV2	P0DPA2	tr|H2QKV2|H2QKV2_PANTR	sp|P0DPA2|VSIG8_HUMAN	not_scored	FP	sp|P0C673|IGS11_MOUSE	sp|P0DPA2|VSIG8_HUMAN	sp|P0C673|IGS11_MOUSE	0	3161	direct_cross_endpoint
H2QKV2	Q86YT9	tr|H2QKV2|H2QKV2_PANTR	sp|Q86YT9|JAML_HUMAN	not_scored	FP	sp|P0C673|IGS11_MOUSE	sp|Q80UL9|JAML_MOUSE	sp|P0C673|IGS11_MOUSE	0	23272	direct_cross_endpoint
H2QKV6	P03951	tr|H2QKV6|H2QKV6_PANTR	sp|P03951|FA11_HUMAN	not_scored	FP	sp|P97435|ENTK_MOUSE	sp|P03951|FA11_HUMAN	sp|P03951|FA11_HUMAN	0	1860	direct_cross_endpoint
H2QKV6	Q7RTY8	tr|H2QKV6|H2QKV6_PANTR	sp|Q7RTY8|TMPS7_HUMAN	not_scored	FP	sp|P97435|ENTK_MOUSE	sp|P03951|FA11_HUMAN	sp|P03951|FA11_HUMAN	0	1860	direct_cross_endpoint
H2QKV6	Q7Z410	tr|H2QKV6|H2QKV6_PANTR	sp|Q7Z410|TMPS9_HUMAN	not_scored	FP	sp|P97435|ENTK_MOUSE	sp|P03951|FA11_HUMAN	sp|P03951|FA11_HUMAN	0	1860	direct_cross_endpoint
H2QKV6	Q8IU80	tr|H2QKV6|H2QKV6_PANTR	sp|Q8IU80|TMPS6_HUMAN	not_scored	FP	sp|P97435|ENTK_MOUSE	sp|P03951|FA11_HUMAN	sp|P03951|FA11_HUMAN	0	1860	direct_cross_endpoint
H2QKV6	Q9Y5Y6	tr|H2QKV6|H2QKV6_PANTR	sp|Q9Y5Y6|ST14_HUMAN	not_scored	FP	sp|P97435|ENTK_MOUSE	sp|P03951|FA11_HUMAN	sp|P03951|FA11_HUMAN	0	1860	direct_cross_endpoint
H2QL14	Q86VQ0	tr|H2QL14|H2QL14_PANTR	sp|Q86VQ0|LCA5_HUMAN	not_scored	FP	sp|A7E3D8|LCA5L_BOVIN	sp|Q5U2Y9|LCA5_RAT	sp|A7E3D8|LCA5L_BOVIN	0	9490	direct_cross_endpoint
H2QLC4	Q8N7R7	tr|H2QLC4|H2QLC4_PANTR	sp|Q8N7R7|CCYL1_HUMAN	not_scored	FP	sp|Q6IC83|CV042_HUMAN	sp|P34624|CCNY_CAEEL	sp|A6NIR3|AGAP5_HUMAN	0	11462	direct_cross_endpoint
H2QLC4	Q8ND76	tr|H2QLC4|H2QLC4_PANTR	sp|Q8ND76|CCNY_HUMAN	not_scored	FP	sp|Q6IC83|CV042_HUMAN	sp|P34624|CCNY_CAEEL	sp|A6NIR3|AGAP5_HUMAN	0	11462	direct_cross_endpoint
H2QLG1	Q8IZL8	tr|H2QLG1|H2QLG1_PANTR	sp|Q8IZL8|PELP1_HUMAN	not_scored	FP	sp|O77788|NFM_BOVIN	sp|Q56B11|PELP1_RAT	sp|O77788|NFM_BOVIN	0	5237	direct_cross_endpoint
H2QLJ5	P11597	tr|H2QLJ5|H2QLJ5_PANTR	sp|P11597|CETP_HUMAN	not_scored	FP	sp|P17213|BPI_HUMAN	sp|P11597|CETP_HUMAN	sp|P11597|CETP_HUMAN	0	14011	direct_cross_endpoint
H2QLJ5	P55058	tr|H2QLJ5|H2QLJ5_PANTR	sp|P55058|PLTP_HUMAN	not_scored	FP	sp|P17213|BPI_HUMAN	sp|P55058|PLTP_HUMAN	sp|P11597|CETP_HUMAN	0	5090	direct_cross_endpoint
H2QLK0	O75674	tr|H2QLK0|H2QLK0_PANTR	sp|O75674|TM1L1_HUMAN	not_scored	FP	sp|O12940|TOM1_CHICK	sp|F1LM81|TM1L1_RAT	sp|F1LM81|TM1L1_RAT	0	6216	direct_cross_endpoint
H2QLK4	O95236	tr|H2QLK4|H2QLK4_PANTR	sp|O95236|APOL3_HUMAN	not_scored	FP	sp|Q9BWW9|APOL5_HUMAN	sp|O14791|APOL1_HUMAN	sp|O14791|APOL1_HUMAN	0	12875	direct_cross_endpoint
H2QLK4	Q9BQE5	tr|H2QLK4|H2QLK4_PANTR	sp|Q9BQE5|APOL2_HUMAN	not_scored	FP	sp|Q9BWW9|APOL5_HUMAN	sp|O14791|APOL1_HUMAN	sp|O14791|APOL1_HUMAN	0	12875	direct_cross_endpoint
H2QLK4	Q9BWW8	tr|H2QLK4|H2QLK4_PANTR	sp|Q9BWW8|APOL6_HUMAN	not_scored	FP	sp|Q9BWW9|APOL5_HUMAN	sp|Q9BWW8|APOL6_HUMAN	sp|O14791|APOL1_HUMAN	0		transitive_union
H2QLP5	P41238	tr|H2QLP5|H2QLP5_PANTR	sp|P41238|ABEC1_HUMAN	not_scored	FP	sp|P31941|ABC3A_HUMAN	sp|P38483|ABEC1_RAT	sp|P31941|ABC3A_HUMAN	0	10884	direct_cross_endpoint
H2QLP9	P41238	tr|H2QLP9|H2QLP9_PANTR	sp|P41238|ABEC1_HUMAN	not_scored	FP	sp|P31941|ABC3A_HUMAN	sp|P38483|ABEC1_RAT	sp|P31941|ABC3A_HUMAN	0	10884	direct_cross_endpoint
H2QLU6	Q6ZVT0	tr|H2QLU6|H2QLU6_PANTR	sp|Q6ZVT0|TTL10_HUMAN	not_scored	FP	sp|A2APC3|TTLL9_MOUSE	sp|A4Q9F3|TTL10_MOUSE	sp|A2APC3|TTLL9_MOUSE	1	35795	direct_cross_endpoint
H2QLV9	Q9BPY3	tr|H2QLV9|H2QLV9_PANTR	sp|Q9BPY3|F118B_HUMAN	not_scored	FP	sp|Q91YN1|F118A_MOUSE	sp|Q4QQT2|F118B_RAT	sp|Q4QQT2|F118B_RAT	0	5926	direct_cross_endpoint
H2QM02	Q8NGU9	tr|H2QM02|H2QM02_PANTR	sp|Q8NGU9|GP150_HUMAN	not_scored	FP	sp|O02300|NTR1_CAEEL	sp|Q8BL07|GP150_MOUSE	sp|O02300|NTR1_CAEEL	0	5970	direct_cross_endpoint
H2QME9	P13682	tr|H2QME9|H2QME9_PANTR	sp|P13682|ZNF35_HUMAN	FN	TP	tr|D6WLL0|D6WLL0_TRICA	sp|P13682|ZNF35_HUMAN	sp|P13682|ZNF35_HUMAN	0	999	direct_cross_endpoint
H2QMF6	Q9Y240	tr|H2QMF6|H2QMF6_PANTR	sp|Q9Y240|CLC11_HUMAN	not_scored	FP	sp|O75596|CLC3A_HUMAN	sp|O88200|CLC11_MOUSE	sp|O75596|CLC3A_HUMAN	0	6411	direct_cross_endpoint
H2QMJ0	O60486	tr|H2QMJ0|H2QMJ0_PANTR	sp|O60486|PLXC1_HUMAN	not_scored	FP	sp|B0S5N4|PLXA3_DANRE	sp|O60486|PLXC1_HUMAN	sp|B0S5N4|PLXA3_DANRE	0	2423	direct_cross_endpoint
H2QMJ8	Q8NG04	tr|H2QMJ8|H2QMJ8_PANTR	sp|Q8NG04|S2610_HUMAN	not_scored	FP	sp|A4IIF2|S26A9_XENTR	sp|Q8NG04|S2610_HUMAN	sp|A4IIF2|S26A9_XENTR	0	4697	direct_cross_endpoint
H2QMJ8	Q96RN1	tr|H2QMJ8|H2QMJ8_PANTR	sp|Q96RN1|S26A8_HUMAN	not_scored	FP	sp|A4IIF2|S26A9_XENTR	sp|A6QNW6|S26A8_BOVIN	sp|A4IIF2|S26A9_XENTR	0	5698	direct_cross_endpoint
H2QMR3	Q0VDD8	tr|H2QMR3|H2QMR3_PANTR	sp|Q0VDD8|DYH14_HUMAN	not_scored	FP	sp|E9Q8T7|DYH1_MOUSE	sp|Q0VDD8|DYH14_HUMAN	sp|E9Q8T7|DYH1_MOUSE	1	35202	direct_cross_endpoint
H2QMW5	Q76LX8	tr|H2QMW5|H2QMW5_PANTR	sp|Q76LX8|ATS13_HUMAN	not_scored	FP	sp|P58397|ATS12_HUMAN	sp|Q769J6|ATS13_MOUSE	sp|P58397|ATS12_HUMAN	0	5085	direct_cross_endpoint
H2QMY8	P04278	tr|H2QMY8|H2QMY8_PANTR	sp|P04278|SHBG_HUMAN	not_scored	FP	sp|P07224|PROS_BOVIN	sp|P04278|SHBG_HUMAN	sp|P04278|SHBG_HUMAN	0	17367	direct_cross_endpoint
H2QMZ7	Q8NGV6	tr|H2QMZ7|H2QMZ7_PANTR	sp|Q8NGV6|OR5H6_HUMAN	FN	TP	tr|H2QMZ7|H2QMZ7_PANTR	sp|Q8NGV6|OR5H6_HUMAN	sp|A6NHG9|O5H14_HUMAN	0	460	direct_cross_endpoint
H2QN69	O43186	tr|H2QN69|H2QN69_PANTR	sp|O43186|CRX_HUMAN	not_scored	FP	sp|A6NJG6|ARGFX_HUMAN	sp|O43186|CRX_HUMAN	sp|A6NFQ7|DPRX_HUMAN	0	16470	direct_cross_endpoint
H2QN69	P32242	tr|H2QN69|H2QN69_PANTR	sp|P32242|OTX1_HUMAN	not_scored	FP	sp|A6NJG6|ARGFX_HUMAN	sp|O43186|CRX_HUMAN	sp|A6NFQ7|DPRX_HUMAN	0	16470	direct_cross_endpoint
H2QN69	P32243	tr|H2QN69|H2QN69_PANTR	sp|P32243|OTX2_HUMAN	not_scored	FP	sp|A6NJG6|ARGFX_HUMAN	sp|O43186|CRX_HUMAN	sp|A6NFQ7|DPRX_HUMAN	0	16470	direct_cross_endpoint
H2QNC7	O60486	tr|H2QNC7|H2QNC7_PANTR	sp|O60486|PLXC1_HUMAN	not_scored	FP	sp|B0S5N4|PLXA3_DANRE	sp|O60486|PLXC1_HUMAN	sp|B0S5N4|PLXA3_DANRE	0	2423	direct_cross_endpoint
H2QNK1	Q53R12	tr|H2QNK1|H2QNK1_PANTR	sp|Q53R12|T4S20_HUMAN	not_scored	FP	sp|O14894|T4S5_HUMAN	sp|Q3T0Z4|T4S20_BOVIN	sp|O14894|T4S5_HUMAN	1	35702	direct_cross_endpoint
H2QNL3	Q96P67	tr|H2QNL3|H2QNL3_PANTR	sp|Q96P67|GPR82_HUMAN	not_scored	FP	sp|O14626|GP171_HUMAN	sp|Q8BZR0|GPR82_MOUSE	sp|O14626|GP171_HUMAN	0	4704	direct_cross_endpoint
H2QNP9	Q3B7N9	tr|H2QNP9|H2QNP9_PANTR	sp|Q3B7N9|MYNN_BOVIN	FN	TP	sp|Q7ZVR6|MYNN_DANRE	sp|Q3B7N9|MYNN_BOVIN	sp|Q3B7N9|MYNN_BOVIN	0	910	direct_cross_endpoint
H2QNR8	P02786	tr|H2QNR8|H2QNR8_PANTR	sp|P02786|TFR1_HUMAN	not_scored	FP	sp|Q58DX5|NADL2_HUMAN	sp|A0A1D6L709|VP8_MAIZE	sp|A0A1D6L709|VP8_MAIZE	0	7397	direct_cross_endpoint
H2QNR8	Q9UP52	tr|H2QNR8|H2QNR8_PANTR	sp|Q9UP52|TFR2_HUMAN	not_scored	FP	sp|Q58DX5|NADL2_HUMAN	sp|A0A1D6L709|VP8_MAIZE	sp|A0A1D6L709|VP8_MAIZE	0	7397	direct_cross_endpoint
H2QNR8	Q9UQQ1	tr|H2QNR8|H2QNR8_PANTR	sp|Q9UQQ1|NALDL_HUMAN	not_scored	FP	sp|Q58DX5|NADL2_HUMAN	sp|A0A1D6L709|VP8_MAIZE	sp|A0A1D6L709|VP8_MAIZE	0	7397	direct_cross_endpoint
H2QNR8	Q9Y3Q0	tr|H2QNR8|H2QNR8_PANTR	sp|Q9Y3Q0|NALD2_HUMAN	not_scored	FP	sp|Q58DX5|NADL2_HUMAN	sp|A0A1D6L709|VP8_MAIZE	sp|A0A1D6L709|VP8_MAIZE	0	7397	direct_cross_endpoint
H2QNZ5	Q96KN8	tr|H2QNZ5|H2QNZ5_PANTR	sp|Q96KN8|PLAT5_HUMAN	not_scored	FP	sp|D2KX21|PLAT1_RAT	sp|Q4KLN5|PLAT5_RAT	sp|D2KX21|PLAT1_RAT	0	4167	direct_cross_endpoint
H2QNZ9	Q5TGS1	tr|H2QNZ9|H2QNZ9_PANTR	sp|Q5TGS1|HES3_HUMAN	not_scored	FP	sp|O57337|HES1_CHICK	sp|Q04667|HES3_RAT	sp|O57337|HES1_CHICK	0	903	direct_cross_endpoint
H2QP38	O95359	tr|H2QP38|H2QP38_PANTR	sp|O95359|TACC2_HUMAN	not_scored	FP	sp|O75410|TACC1_HUMAN	sp|O95359|TACC2_HUMAN	sp|O75410|TACC1_HUMAN	0	17391	direct_cross_endpoint
H2QP41	Q96L73	tr|H2QP41|H2QP41_PANTR	sp|Q96L73|NSD1_HUMAN	not_scored	FP	sp|O96028|NSD2_HUMAN	sp|O88491|NSD1_MOUSE	sp|O88491|NSD1_MOUSE	0	15700	direct_cross_endpoint
H2QP64	P06702	tr|H2QP64|H2QP64_PANTR	sp|P06702|S10A9_HUMAN	not_scored	FP	sp|P02638|S100B_BOVIN	sp|P06702|S10A9_HUMAN	sp|P02633|S100G_BOVIN	0	7306	direct_cross_endpoint
H2QP64	P29377	tr|H2QP64|H2QP64_PANTR	sp|P29377|S100G_HUMAN	not_scored	FP	sp|P02638|S100B_BOVIN	sp|P02633|S100G_BOVIN	sp|P02633|S100G_BOVIN	0	8421	direct_cross_endpoint
H2QP64	P33764	tr|H2QP64|H2QP64_PANTR	sp|P33764|S10A3_HUMAN	not_scored	FP	sp|P02638|S100B_BOVIN	sp|P33764|S10A3_HUMAN	sp|P02633|S100G_BOVIN	0	812	direct_cross_endpoint
H2QP82	Q7Z4S9	tr|H2QP82|H2QP82_PANTR	sp|Q7Z4S9|SH2D6_HUMAN	not_scored	FP	sp|Q7Z7G1|CLNK_HUMAN	sp|Q4KM52|BLNK_RAT	sp|Q4KM52|BLNK_RAT	0	16972	direct_cross_endpoint
H2QP82	Q8WV28	tr|H2QP82|H2QP82_PANTR	sp|Q8WV28|BLNK_HUMAN	not_scored	FP	sp|Q7Z7G1|CLNK_HUMAN	sp|Q4KM52|BLNK_RAT	sp|Q4KM52|BLNK_RAT	0	16972	direct_cross_endpoint
H2QP89	Q10588	tr|H2QP89|H2QP89_PANTR	sp|Q10588|BST1_HUMAN	not_scored	FP	sp|P28907|CD38_HUMAN	sp|Q10588|BST1_HUMAN	sp|P28907|CD38_HUMAN	0	5439	direct_cross_endpoint
H2QPA1	Q86SQ6	tr|H2QPA1|H2QPA1_PANTR	sp|Q86SQ6|AGRA1_HUMAN	not_scored	FP	sp|E7FBY6|AGRA2_DANRE	sp|Q86SQ6|AGRA1_HUMAN	sp|E7FBY6|AGRA2_DANRE	0	10034	direct_cross_endpoint
H2QPB6	Q8WWN8	tr|H2QPB6|H2QPB6_PANTR	sp|Q8WWN8|ARAP3_HUMAN	not_scored	FP	sp|Q4LDD4|ARAP1_MOUSE	sp|Q8R5G7|ARAP3_MOUSE	sp|Q4LDD4|ARAP1_MOUSE	0	11706	direct_cross_endpoint
H2QPC1	Q96LX8	tr|H2QPC1|H2QPC1_PANTR	sp|Q96LX8|ZN597_HUMAN	not_scored	FP	sp|O35738|KLF12_MOUSE	sp|Q96LX8|ZN597_HUMAN	sp|O35738|KLF12_MOUSE	0	2077	direct_cross_endpoint
H2QPM9	P02774	tr|H2QPM9|H2QPM9_PANTR	sp|P02774|VTDB_HUMAN	not_scored	FP	sp|G3MYZ3|AFAM_BOVIN	sp|P02774|VTDB_HUMAN	sp|G3MYZ3|AFAM_BOVIN	0	8196	direct_cross_endpoint
H2QPN0	P02774	tr|H2QPN0|H2QPN0_PANTR	sp|P02774|VTDB_HUMAN	not_scored	FP	sp|G3MYZ3|AFAM_BOVIN	sp|P02774|VTDB_HUMAN	sp|G3MYZ3|AFAM_BOVIN	0	8196	direct_cross_endpoint
H2QPQ1	O14625	tr|H2QPQ1|H2QPQ1_PANTR	sp|O14625|CXL11_HUMAN	not_scored	FP	sp|A0A0R4INB9|CX111_DANRE	sp|A9QWQ1|CXL11_BOVIN	sp|A0A0R4INB9|CX111_DANRE	0	6118	direct_cross_endpoint
H2QPQ2	O14625	tr|H2QPQ2|H2QPQ2_PANTR	sp|O14625|CXL11_HUMAN	not_scored	FP	sp|A0A0R4INB9|CX111_DANRE	sp|A9QWQ1|CXL11_BOVIN	sp|A0A0R4INB9|CX111_DANRE	0	6118	direct_cross_endpoint
H2QPQ3	P02778	tr|H2QPQ3|H2QPQ3_PANTR	sp|P02778|CXL10_HUMAN	not_scored	FP	sp|A9QWQ1|CXL11_BOVIN	sp|A0A0R4INB9|CX111_DANRE	sp|A0A0R4INB9|CX111_DANRE	0	6118	direct_cross_endpoint
H2QPQ3	Q07325	tr|H2QPQ3|H2QPQ3_PANTR	sp|Q07325|CXCL9_HUMAN	not_scored	FP	sp|A9QWQ1|CXL11_BOVIN	sp|A0A0R4INB9|CX111_DANRE	sp|A0A0R4INB9|CX111_DANRE	0	6118	direct_cross_endpoint
H2QPQ9	O15083	tr|H2QPQ9|H2QPQ9_PANTR	sp|O15083|ERC2_HUMAN	not_scored	FP	sp|Q5M9N0|CD158_HUMAN	sp|O15083|ERC2_HUMAN	sp|O15083|ERC2_HUMAN	0	5985	direct_cross_endpoint
H2QPQ9	Q8IUD2	tr|H2QPQ9|H2QPQ9_PANTR	sp|Q8IUD2|RB6I2_HUMAN	not_scored	FP	sp|Q5M9N0|CD158_HUMAN	sp|O15083|ERC2_HUMAN	sp|O15083|ERC2_HUMAN	0	5985	direct_cross_endpoint
H2QPQ9	Q8NCX0	tr|H2QPQ9|H2QPQ9_PANTR	sp|Q8NCX0|CC150_HUMAN	not_scored	FP	sp|Q5M9N0|CD158_HUMAN	sp|Q8CDI7|CC150_MOUSE	sp|O15083|ERC2_HUMAN	1	35301	direct_cross_endpoint
H2QPQ9	Q8TBY8	tr|H2QPQ9|H2QPQ9_PANTR	sp|Q8TBY8|PMFBP_HUMAN	not_scored	FP	sp|Q5M9N0|CD158_HUMAN	sp|Q8TBY8|PMFBP_HUMAN	sp|O15083|ERC2_HUMAN	0		transitive_union
H2QPR1	Q9ULL8	tr|H2QPR1|H2QPR1_PANTR	sp|Q9ULL8|SHRM4_HUMAN	not_scored	FP	sp|Q8TF72|SHRM3_HUMAN	sp|A2ALU4|SHRM2_MOUSE	sp|A2ALU4|SHRM2_MOUSE	0	7454	direct_cross_endpoint
H2QPV0	P35663	tr|H2QPV0|H2QPV0_PANTR	sp|P35663|CYLC1_HUMAN	not_scored	FP	sp|O14319|CUE5_SCHPO	sp|P35662|CYLC1_BOVIN	sp|A2VD23|STM_DANRE	0	2694	direct_cross_endpoint
H2QPV1	P35663	tr|H2QPV1|H2QPV1_PANTR	sp|P35663|CYLC1_HUMAN	not_scored	FP	sp|O14319|CUE5_SCHPO	sp|P35662|CYLC1_BOVIN	sp|A2VD23|STM_DANRE	0	2694	direct_cross_endpoint
H2QPZ4	Q8IZ08	tr|H2QPZ4|H2QPZ4_PANTR	sp|Q8IZ08|GP135_HUMAN	not_scored	FP	sp|P05363|NK2R_BOVIN	sp|Q7TQN7|GP135_RAT	sp|P05363|NK2R_BOVIN	0	4458	direct_cross_endpoint
H2QQ39	Q8IZ08	tr|H2QQ39|H2QQ39_PANTR	sp|Q8IZ08|GP135_HUMAN	not_scored	FP	sp|P05363|NK2R_BOVIN	sp|Q7TQN7|GP135_RAT	sp|P05363|NK2R_BOVIN	0	4458	direct_cross_endpoint
H2QQ68	P20292	tr|H2QQ68|H2QQ68_PANTR	sp|P20292|AL5AP_HUMAN	not_scored	FP	sp|A2RST1|MGST2_MOUSE	sp|P20291|AL5AP_RAT	sp|A2RST1|MGST2_MOUSE	0	11145	direct_cross_endpoint
H2QQ99	Q6UWB4	tr|H2QQ99|H2QQ99_PANTR	sp|Q6UWB4|PRS55_HUMAN	not_scored	FP	sp|A1L453|PRS38_HUMAN	sp|Q14BX2|PRS55_MOUSE	sp|A1L453|PRS38_HUMAN	0	885	direct_cross_endpoint
H2QQA3	Q53EQ6	tr|H2QQA3|H2QQA3_PANTR	sp|Q53EQ6|TIGD5_HUMAN	not_scored	FP	sp|B2RRL2|JERKL_MOUSE	sp|B1WC39|TIGD5_RAT	sp|B1WC39|TIGD5_RAT	0	10249	direct_cross_endpoint
H2QQJ4	P98073	tr|H2QQJ4|H2QQJ4_PANTR	sp|P98073|ENTK_HUMAN	not_scored	FP	sp|P03951|FA11_HUMAN	sp|P97435|ENTK_MOUSE	sp|P03951|FA11_HUMAN	0	1860	direct_cross_endpoint
H2QQK3	Q17RC7	tr|H2QQK3|H2QQK3_PANTR	sp|Q17RC7|EX3L4_HUMAN	not_scored	FP	sp|A2AV37|EX3L1_DANRE	sp|Q17RC7|EX3L4_HUMAN	sp|A2AV37|EX3L1_DANRE	0	4767	direct_cross_endpoint
H2QQK5	Q1X8D7	tr|H2QQK5|H2QQK5_PANTR	sp|Q1X8D7|LRC36_HUMAN	not_scored	FP	sp|Q501X2|CEP72_DANRE	sp|Q1X8D7|LRC36_HUMAN	sp|Q1X8D7|LRC36_HUMAN	0	15551	direct_cross_endpoint
H2QQV1	P35613	tr|H2QQV1|H2QQV1_PANTR	sp|P35613|BASI_HUMAN	not_scored	FP	sp|O88775|EMB_RAT	sp|P17790|BASI_CHICK	sp|O88775|EMB_RAT	0	8497	direct_cross_endpoint
H2QQV1	Q9Y639	tr|H2QQV1|H2QQV1_PANTR	sp|Q9Y639|NPTN_HUMAN	not_scored	FP	sp|O88775|EMB_RAT	sp|P17790|BASI_CHICK	sp|O88775|EMB_RAT	0	8497	direct_cross_endpoint
H2QQW1	O14558	tr|H2QQW1|H2QQW1_PANTR	sp|O14558|HSPB6_HUMAN	not_scored	FP	sp|Q12988|HSPB3_HUMAN	sp|A0A140G945|CRYA2_HUMAN	sp|A0A140G945|CRYA2_HUMAN	0	6302	direct_cross_endpoint
H2QQW1	P02511	tr|H2QQW1|H2QQW1_PANTR	sp|P02511|CRYAB_HUMAN	not_scored	FP	sp|Q12988|HSPB3_HUMAN	sp|A0A140G945|CRYA2_HUMAN	sp|A0A140G945|CRYA2_HUMAN	0	6302	direct_cross_endpoint
H2QQW1	P04792	tr|H2QQW1|H2QQW1_PANTR	sp|P04792|HSPB1_HUMAN	not_scored	FP	sp|Q12988|HSPB3_HUMAN	sp|A0A140G945|CRYA2_HUMAN	sp|A0A140G945|CRYA2_HUMAN	0	6302	direct_cross_endpoint
H2QQW1	Q16082	tr|H2QQW1|H2QQW1_PANTR	sp|Q16082|HSPB2_HUMAN	not_scored	FP	sp|Q12988|HSPB3_HUMAN	sp|A0A140G945|CRYA2_HUMAN	sp|A0A140G945|CRYA2_HUMAN	0	6302	direct_cross_endpoint
H2QQW1	Q9UJY1	tr|H2QQW1|H2QQW1_PANTR	sp|Q9UJY1|HSPB8_HUMAN	not_scored	FP	sp|Q12988|HSPB3_HUMAN	sp|A0A140G945|CRYA2_HUMAN	sp|A0A140G945|CRYA2_HUMAN	0	6302	direct_cross_endpoint
H2QQX5	P40189	tr|H2QQX5|H2QQX5_PANTR	sp|P40189|IL6RB_HUMAN	not_scored	FP	sp|Q8K5B1|IL31R_MOUSE	sp|P40189|IL6RB_HUMAN	sp|P40189|IL6RB_HUMAN	0	8155	direct_cross_endpoint
H2QQX5	Q99062	tr|H2QQX5|H2QQX5_PANTR	sp|Q99062|CSF3R_HUMAN	not_scored	FP	sp|Q8K5B1|IL31R_MOUSE	sp|P40189|IL6RB_HUMAN	sp|P40189|IL6RB_HUMAN	0	8155	direct_cross_endpoint
H2QR71	Q86UW8	tr|H2QR71|H2QR71_PANTR	sp|Q86UW8|HPLN4_HUMAN	not_scored	FP	sp|P03994|HPLN1_RAT	sp|Q80WM4|HPLN4_MOUSE	sp|P03994|HPLN1_RAT	0	2627	direct_cross_endpoint
H2QR90	Q9NS18	tr|H2QR90|H2QR90_PANTR	sp|Q9NS18|GLRX2_HUMAN	not_scored	FP	sp|O36032|GLRX1_SCHPO	sp|Q32L67|GLRX2_BOVIN	sp|O36032|GLRX1_SCHPO	0	3521	direct_cross_endpoint
H2QRK3	Q6UXV0	tr|H2QRK3|H2QRK3_PANTR	sp|Q6UXV0|GFRAL_HUMAN	not_scored	FP	sp|O00451|GFRA2_HUMAN	sp|D3ZB94|GFRAL_RAT	sp|D3ZB94|GFRAL_RAT	0	20615	direct_cross_endpoint
H2QRK3	Q9GZZ7	tr|H2QRK3|H2QRK3_PANTR	sp|Q9GZZ7|GFRA4_HUMAN	not_scored	FP	sp|O00451|GFRA2_HUMAN	sp|Q9EPI2|GFRA4_RAT	sp|D3ZB94|GFRAL_RAT	0	4320	direct_cross_endpoint
H2QRL8	Q8NDX1	tr|H2QRL8|H2QRL8_PANTR	sp|Q8NDX1|PSD4_HUMAN	not_scored	FP	sp|Q6P1I6|PSD2_MOUSE	sp|A5PKW4|PSD1_HUMAN	sp|A5PKW4|PSD1_HUMAN	0	13061	direct_cross_endpoint
H2QRL8	Q9NYI0	tr|H2QRL8|H2QRL8_PANTR	sp|Q9NYI0|PSD3_HUMAN	not_scored	FP	sp|Q6P1I6|PSD2_MOUSE	sp|A5PKW4|PSD1_HUMAN	sp|A5PKW4|PSD1_HUMAN	0	13061	direct_cross_endpoint
H2QRN8	Q8WZ64	tr|H2QRN8|H2QRN8_PANTR	sp|Q8WZ64|ARAP2_HUMAN	not_scored	FP	sp|Q8R5G7|ARAP3_MOUSE	sp|Q4LDD4|ARAP1_MOUSE	sp|Q4LDD4|ARAP1_MOUSE	0	11706	direct_cross_endpoint
H2QRN8	Q96P48	tr|H2QRN8|H2QRN8_PANTR	sp|Q96P48|ARAP1_HUMAN	not_scored	FP	sp|Q8R5G7|ARAP3_MOUSE	sp|Q4LDD4|ARAP1_MOUSE	sp|Q4LDD4|ARAP1_MOUSE	0	11706	direct_cross_endpoint
H2QRN9	Q5TEA6	tr|H2QRN9|H2QRN9_PANTR	sp|Q5TEA6|SE1L2_HUMAN	not_scored	FP	sp|P60924|DELE1_RAT	sp|O13875|YE1A_SCHPO	sp|O13875|YE1A_SCHPO	0	8813	direct_cross_endpoint
H2QRN9	Q9UBV2	tr|H2QRN9|H2QRN9_PANTR	sp|Q9UBV2|SE1L1_HUMAN	not_scored	FP	sp|P60924|DELE1_RAT	sp|O13875|YE1A_SCHPO	sp|O13875|YE1A_SCHPO	0	8813	direct_cross_endpoint
H2QRQ0	Q96N28	tr|H2QRQ0|H2QRQ0_PANTR	sp|Q96N28|PLD3A_HUMAN	not_scored	FP	sp|Q0VBB0|PRLD2_MOUSE	sp|O59707|UPS2_SCHPO	sp|O59707|UPS2_SCHPO	0	8957	direct_cross_endpoint
H2QRQ0	Q9Y3B1	tr|H2QRQ0|H2QRQ0_PANTR	sp|Q9Y3B1|PLD3B_HUMAN	not_scored	FP	sp|Q0VBB0|PRLD2_MOUSE	sp|O59707|UPS2_SCHPO	sp|O59707|UPS2_SCHPO	0	8957	direct_cross_endpoint
H2QRQ7	J9NW29	tr|H2QRQ7|H2QRQ7_PANTR	tr|J9NW29|J9NW29_CANLF	not_scored	FP	sp|O35679|ISK4_MOUSE	sp|Q6IE38|ISK14_HUMAN	sp|O35679|ISK4_MOUSE	1	38274	direct_cross_endpoint
H2QRQ7	Q5DT21	tr|H2QRQ7|H2QRQ7_PANTR	sp|Q5DT21|ISK9_HUMAN	not_scored	FP	sp|O35679|ISK4_MOUSE	sp|Q5DT21|ISK9_HUMAN	sp|O35679|ISK4_MOUSE	0	4520	direct_cross_endpoint
H2QRQ7	Q6IE38	tr|H2QRQ7|H2QRQ7_PANTR	sp|Q6IE38|ISK14_HUMAN	not_scored	FP	sp|O35679|ISK4_MOUSE	sp|Q6IE38|ISK14_HUMAN	sp|O35679|ISK4_MOUSE	1	38274	direct_cross_endpoint
H2QRQ7	Q6UWN8	tr|H2QRQ7|H2QRQ7_PANTR	sp|Q6UWN8|ISK6_HUMAN	not_scored	FP	sp|O35679|ISK4_MOUSE	sp|P01001|ISK6_BOVIN	sp|O35679|ISK4_MOUSE	0	4109	direct_cross_endpoint
H2QRR1	Q5DT21	tr|H2QRR1|H2QRR1_PANTR	sp|Q5DT21|ISK9_HUMAN	not_scored	FP	sp|O35679|ISK4_MOUSE	sp|Q5DT21|ISK9_HUMAN	sp|O35679|ISK4_MOUSE	0	4520	direct_cross_endpoint
H2QRR1	Q6IE38	tr|H2QRR1|H2QRR1_PANTR	sp|Q6IE38|ISK14_HUMAN	not_scored	FP	sp|O35679|ISK4_MOUSE	sp|Q6IE38|ISK14_HUMAN	sp|O35679|ISK4_MOUSE	1	38274	direct_cross_endpoint
H2QRR1	Q6UWN8	tr|H2QRR1|H2QRR1_PANTR	sp|Q6UWN8|ISK6_HUMAN	not_scored	FP	sp|O35679|ISK4_MOUSE	sp|P01001|ISK6_BOVIN	sp|O35679|ISK4_MOUSE	0	4109	direct_cross_endpoint
H2QRS0	Q6XZF7	tr|H2QRS0|H2QRS0_PANTR	sp|Q6XZF7|DNMBP_HUMAN	not_scored	FP	sp|A1IGU3|ARH37_RAT	sp|E2RP94|DNMBP_CANLF	sp|A1IGU3|ARH37_RAT	0	18085	direct_cross_endpoint
H2QRS0	Q9NXL2	tr|H2QRS0|H2QRS0_PANTR	sp|Q9NXL2|ARH38_HUMAN	not_scored	FP	sp|A1IGU3|ARH37_RAT	sp|E2RP94|DNMBP_CANLF	sp|A1IGU3|ARH37_RAT	0	18085	direct_cross_endpoint
H2QRS4	Q8NG04	tr|H2QRS4|H2QRS4_PANTR	sp|Q8NG04|S2610_HUMAN	not_scored	FP	sp|A4IIF2|S26A9_XENTR	sp|Q8NG04|S2610_HUMAN	sp|A4IIF2|S26A9_XENTR	0	4697	direct_cross_endpoint
H2QRS4	Q96RN1	tr|H2QRS4|H2QRS4_PANTR	sp|Q96RN1|S26A8_HUMAN	not_scored	FP	sp|A4IIF2|S26A9_XENTR	sp|A6QNW6|S26A8_BOVIN	sp|A4IIF2|S26A9_XENTR	0	5698	direct_cross_endpoint
H2QRS5	Q53EQ6	tr|H2QRS5|H2QRS5_PANTR	sp|Q53EQ6|TIGD5_HUMAN	not_scored	FP	sp|B2RRL2|JERKL_MOUSE	sp|B1WC39|TIGD5_RAT	sp|B1WC39|TIGD5_RAT	0	10249	direct_cross_endpoint
H2QRW2	Q8N9W8	tr|H2QRW2|H2QRW2_PANTR	sp|Q8N9W8|FA71D_HUMAN	not_scored	FP	sp|Q5STT6|FA71B_MOUSE	sp|Q2YDE8|FA71D_BOVIN	sp|Q2YDE8|FA71D_BOVIN	0	4178	direct_cross_endpoint
H2QRZ7	Q86W47	tr|H2QRZ7|H2QRZ7_PANTR	sp|Q86W47|KCMB4_HUMAN	not_scored	FP	sp|P97678|KCMB1_RAT	sp|A7VL23|KCMB3_RAT	sp|A7VL23|KCMB3_RAT	0	8943	direct_cross_endpoint
H2QRZ7	Q9NPA1	tr|H2QRZ7|H2QRZ7_PANTR	sp|Q9NPA1|KCMB3_HUMAN	not_scored	FP	sp|P97678|KCMB1_RAT	sp|A7VL23|KCMB3_RAT	sp|A7VL23|KCMB3_RAT	0	8943	direct_cross_endpoint
H2QRZ7	Q9Y691	tr|H2QRZ7|H2QRZ7_PANTR	sp|Q9Y691|KCMB2_HUMAN	not_scored	FP	sp|P97678|KCMB1_RAT	sp|A7VL23|KCMB3_RAT	sp|A7VL23|KCMB3_RAT	0	8943	direct_cross_endpoint
H2QS19	Q6P4A7	tr|H2QS19|H2QS19_PANTR	sp|Q6P4A7|SFXN4_HUMAN	not_scored	FP	sp|A6QP55|SFXN3_BOVIN	sp|A8E7G5|SFXN4_DANRE	sp|A6QP55|SFXN3_BOVIN	0	2333	direct_cross_endpoint
H2QS31	Q9H1Z9	tr|H2QS31|H2QS31_PANTR	sp|Q9H1Z9|TSN10_HUMAN	not_scored	FP	sp|F7BWT7|TSN15_MOUSE	sp|Q8VCF5|TSN10_MOUSE	sp|F7BWT7|TSN15_MOUSE	0	2106	direct_cross_endpoint
H2QS33	Q9H898	tr|H2QS33|H2QS33_PANTR	sp|Q9H898|ZMAT4_HUMAN	not_scored	FP	sp|B0JZ85|ZN346_XENTR	sp|A2RV29|ZN346_DANRE	sp|A2RV29|ZN346_DANRE	0	6544	direct_cross_endpoint
H2QS57	P20292	tr|H2QS57|H2QS57_PANTR	sp|P20292|AL5AP_HUMAN	not_scored	FP	sp|A2RST1|MGST2_MOUSE	sp|P20291|AL5AP_RAT	sp|A2RST1|MGST2_MOUSE	0	11145	direct_cross_endpoint
H2QS58	J9P0P4	tr|H2QS58|H2QS58_PANTR	tr|J9P0P4|J9P0P4_CANLF	not_scored	FP	sp|A4IID1|MGT4A_XENTR	sp|A6NG13|MGT4D_HUMAN	sp|A4IID1|MGT4A_XENTR	0	14394	direct_cross_endpoint
H2QSA8	Q9NP62	tr|H2QSA8|H2QSA8_PANTR	sp|Q9NP62|GCM1_HUMAN	not_scored	FP	sp|O09102|GCM2_MOUSE	sp|P70348|GCM1_MOUSE	sp|O09102|GCM2_MOUSE	0	7596	direct_cross_endpoint
H2QSJ6	P51815	tr|H2QSJ6|H2QSJ6_PANTR	sp|P51815|ZN75D_HUMAN	not_scored	FP	sp|A2T7D7|ZNF24_PANTR	sp|P51815|ZN75D_HUMAN	sp|A2T7D7|ZNF24_PANTR	0	2004	direct_cross_endpoint
H2QSJ6	Q8N0Y2	tr|H2QSJ6|H2QSJ6_PANTR	sp|Q8N0Y2|ZN444_HUMAN	not_scored	FP	sp|A2T7D7|ZNF24_PANTR	sp|Q8N0Y2|ZN444_HUMAN	sp|A2T7D7|ZNF24_PANTR	0	2981	direct_cross_endpoint
H2QSJ6	Q8NBB4	tr|H2QSJ6|H2QSJ6_PANTR	sp|Q8NBB4|ZSCA1_HUMAN	not_scored	FP	sp|A2T7D7|ZNF24_PANTR	sp|Q8NBB4|ZSCA1_HUMAN	sp|A2T7D7|ZNF24_PANTR	0	3192	direct_cross_endpoint
H2QSK3	P51815	tr|H2QSK3|H2QSK3_PANTR	sp|P51815|ZN75D_HUMAN	not_scored	FP	sp|A2T7D7|ZNF24_PANTR	sp|P51815|ZN75D_HUMAN	sp|A2T7D7|ZNF24_PANTR	0	2004	direct_cross_endpoint
H2QSK3	Q8N0Y2	tr|H2QSK3|H2QSK3_PANTR	sp|Q8N0Y2|ZN444_HUMAN	not_scored	FP	sp|A2T7D7|ZNF24_PANTR	sp|Q8N0Y2|ZN444_HUMAN	sp|A2T7D7|ZNF24_PANTR	0	2981	direct_cross_endpoint
H2QSK3	Q8NBB4	tr|H2QSK3|H2QSK3_PANTR	sp|Q8NBB4|ZSCA1_HUMAN	not_scored	FP	sp|A2T7D7|ZNF24_PANTR	sp|Q8NBB4|ZSCA1_HUMAN	sp|A2T7D7|ZNF24_PANTR	0	3192	direct_cross_endpoint
H2QSN1	Q9Y520	tr|H2QSN1|H2QSN1_PANTR	sp|Q9Y520|PRC2C_HUMAN	not_scored	FP	sp|P48634|PRC2A_HUMAN	sp|Q3TLH4|PRC2C_MOUSE	sp|P48634|PRC2A_HUMAN	0	3510	direct_cross_endpoint
H2QSY1	O00180	tr|H2QSY1|H2QSY1_PANTR	sp|O00180|KCNK1_HUMAN	not_scored	FP	sp|Q96T54|KCNKH_HUMAN	sp|G3V8V5|KCNK4_RAT	sp|G3V8V5|KCNK4_RAT	0	3735	direct_cross_endpoint
H2QSY1	Q96T55	tr|H2QSY1|H2QSY1_PANTR	sp|Q96T55|KCNKG_HUMAN	not_scored	FP	sp|Q96T54|KCNKH_HUMAN	sp|G3V8V5|KCNK4_RAT	sp|G3V8V5|KCNK4_RAT	0	3735	direct_cross_endpoint
H2QSY1	Q9NYG8	tr|H2QSY1|H2QSY1_PANTR	sp|Q9NYG8|KCNK4_HUMAN	not_scored	FP	sp|Q96T54|KCNKH_HUMAN	sp|G3V8V5|KCNK4_RAT	sp|G3V8V5|KCNK4_RAT	0	3735	direct_cross_endpoint
H2QSY1	Q9Y257	tr|H2QSY1|H2QSY1_PANTR	sp|Q9Y257|KCNK6_HUMAN	not_scored	FP	sp|Q96T54|KCNKH_HUMAN	sp|G3V8V5|KCNK4_RAT	sp|G3V8V5|KCNK4_RAT	0	3735	direct_cross_endpoint
H2QSY1	Q9Y2U2	tr|H2QSY1|H2QSY1_PANTR	sp|Q9Y2U2|KCNK7_HUMAN	not_scored	FP	sp|Q96T54|KCNKH_HUMAN	sp|G3V8V5|KCNK4_RAT	sp|G3V8V5|KCNK4_RAT	0	3735	direct_cross_endpoint
H2QSY2	Q96T54	tr|H2QSY2|H2QSY2_PANTR	sp|Q96T54|KCNKH_HUMAN	not_scored	FP	sp|G3V8V5|KCNK4_RAT	sp|Q96T54|KCNKH_HUMAN	sp|G3V8V5|KCNK4_RAT	0	3735	direct_cross_endpoint
H2QSZ0	Q86YW5	tr|H2QSZ0|H2QSZ0_PANTR	sp|Q86YW5|TRML1_HUMAN	not_scored	FP	sp|Q99NH8|TREM2_MOUSE	sp|Q86YW5|TRML1_HUMAN	sp|Q86YW5|TRML1_HUMAN	0	14534	direct_cross_endpoint
H2QT64	Q8TAD2	tr|H2QT64|H2QT64_PANTR	sp|Q8TAD2|IL17D_HUMAN	not_scored	FP	sp|Q16552|IL17_HUMAN	sp|Q8TAD2|IL17D_HUMAN	sp|Q16552|IL17_HUMAN	0	4703	direct_cross_endpoint
H2QT64	Q9H293	tr|H2QT64|H2QT64_PANTR	sp|Q9H293|IL25_HUMAN	not_scored	FP	sp|Q16552|IL17_HUMAN	sp|Q9H293|IL25_HUMAN	sp|Q16552|IL17_HUMAN	0	10278	direct_cross_endpoint
H2QT65	Q8TAD2	tr|H2QT65|H2QT65_PANTR	sp|Q8TAD2|IL17D_HUMAN	not_scored	FP	sp|Q16552|IL17_HUMAN	sp|Q8TAD2|IL17D_HUMAN	sp|Q16552|IL17_HUMAN	0	4703	direct_cross_endpoint
H2QT65	Q9H293	tr|H2QT65|H2QT65_PANTR	sp|Q9H293|IL25_HUMAN	not_scored	FP	sp|Q16552|IL17_HUMAN	sp|Q9H293|IL25_HUMAN	sp|Q16552|IL17_HUMAN	0	10278	direct_cross_endpoint
H2QT75	O75603	tr|H2QT75|H2QT75_PANTR	sp|O75603|GCM2_HUMAN	not_scored	FP	sp|P70348|GCM1_MOUSE	sp|O09102|GCM2_MOUSE	sp|O09102|GCM2_MOUSE	0	7596	direct_cross_endpoint
H2QT83	O00451	tr|H2QT83|H2QT83_PANTR	sp|O00451|GFRA2_HUMAN	not_scored	FP	sp|D3ZB94|GFRAL_RAT	sp|O00451|GFRA2_HUMAN	sp|D3ZB94|GFRAL_RAT	0	20615	direct_cross_endpoint
H2QT83	O60609	tr|H2QT83|H2QT83_PANTR	sp|O60609|GFRA3_HUMAN	not_scored	FP	sp|D3ZB94|GFRAL_RAT	sp|O00451|GFRA2_HUMAN	sp|D3ZB94|GFRAL_RAT	0	20615	direct_cross_endpoint
H2QT83	P56159	tr|H2QT83|H2QT83_PANTR	sp|P56159|GFRA1_HUMAN	not_scored	FP	sp|D3ZB94|GFRAL_RAT	sp|O00451|GFRA2_HUMAN	sp|D3ZB94|GFRAL_RAT	0	20615	direct_cross_endpoint
H2QT83	Q9GZZ7	tr|H2QT83|H2QT83_PANTR	sp|Q9GZZ7|GFRA4_HUMAN	not_scored	FP	sp|D3ZB94|GFRAL_RAT	sp|Q9EPI2|GFRA4_RAT	sp|D3ZB94|GFRAL_RAT	0		transitive_union
H2QTB1	O95447	tr|H2QTB1|H2QTB1_PANTR	sp|O95447|LCA5L_HUMAN	not_scored	FP	sp|Q5U2Y9|LCA5_RAT	sp|A7E3D8|LCA5L_BOVIN	sp|A7E3D8|LCA5L_BOVIN	0	9490	direct_cross_endpoint
H2QTC5	Q8TCY5	tr|H2QTC5|H2QTC5_PANTR	sp|Q8TCY5|MRAP_HUMAN	not_scored	FP	sp|D3Z1Q2|MRAP2_MOUSE	sp|Q68UT4|MRAP_PANTR	sp|D3Z1Q2|MRAP2_MOUSE	0	14436	direct_cross_endpoint
H2QTH3	Q68DQ2	tr|H2QTH3|H2QTH3_PANTR	sp|Q68DQ2|CRBG3_HUMAN	not_scored	FP	sp|Q80W49|CRBG3_MOUSE	sp|Q68DQ2|CRBG3_HUMAN	sp|Q68DQ2|CRBG3_HUMAN	0	7705	direct_cross_endpoint
H2QTQ7	Q69YZ2	tr|H2QTQ7|H2QTQ7_PANTR	sp|Q69YZ2|T200B_HUMAN	not_scored	FP	sp|A6NKL6|T200C_HUMAN	sp|Q69YZ2|T200B_HUMAN	sp|A6NKL6|T200C_HUMAN	1	36804	direct_cross_endpoint
H2QTX4	Q8WXH0	tr|H2QTX4|H2QTX4_PANTR	sp|Q8WXH0|SYNE2_HUMAN	not_scored	FP	sp|Q6ZWR6|SYNE1_MOUSE	sp|Q6ZWQ0|SYNE2_MOUSE	sp|Q6ZWQ0|SYNE2_MOUSE	0	8130	direct_cross_endpoint
H2QU05	P00747	tr|H2QU05|H2QU05_PANTR	sp|P00747|PLMN_HUMAN	not_scored	FP	tr|G3RJ15|G3RJ15_GORGO	sp|P00747|PLMN_HUMAN	sp|P00747|PLMN_HUMAN	1	35185	direct_cross_endpoint
H2QU05	P14210	tr|H2QU05|H2QU05_PANTR	sp|P14210|HGF_HUMAN	not_scored	FP	tr|G3RJ15|G3RJ15_GORGO	sp|P00747|PLMN_HUMAN	sp|P00747|PLMN_HUMAN	1	35185	direct_cross_endpoint
H2QU05	P26927	tr|H2QU05|H2QU05_PANTR	sp|P26927|HGFL_HUMAN	not_scored	FP	tr|G3RJ15|G3RJ15_GORGO	sp|P00747|PLMN_HUMAN	sp|P00747|PLMN_HUMAN	1	35185	direct_cross_endpoint
H2QU06	P00747	tr|H2QU06|H2QU06_PANTR	sp|P00747|PLMN_HUMAN	FN	TP	tr|H2QU06|H2QU06_PANTR	sp|P00747|PLMN_HUMAN	sp|P00747|PLMN_HUMAN	0	1059	direct_cross_endpoint
H2QU06	P14210	tr|H2QU06|H2QU06_PANTR	sp|P14210|HGF_HUMAN	not_scored	FP	tr|H2QU06|H2QU06_PANTR	sp|P00747|PLMN_HUMAN	sp|P00747|PLMN_HUMAN	0	1059	direct_cross_endpoint
H2QU06	P26927	tr|H2QU06|H2QU06_PANTR	sp|P26927|HGFL_HUMAN	not_scored	FP	tr|H2QU06|H2QU06_PANTR	sp|P00747|PLMN_HUMAN	sp|P00747|PLMN_HUMAN	0	1059	direct_cross_endpoint
H2QU14	Q8TDS5	tr|H2QU14|H2QU14_PANTR	sp|Q8TDS5|OXER1_HUMAN	not_scored	FP	sp|F8VQN3|GPR31_MOUSE	sp|Q8TDS5|OXER1_HUMAN	sp|F8VQN3|GPR31_MOUSE	0	4766	direct_cross_endpoint
H2QUI1	Q96SM3	tr|H2QUI1|H2QUI1_PANTR	sp|Q96SM3|CPXM1_HUMAN	not_scored	FP	sp|A2RUV9|AEBP1_RAT	sp|Q96SM3|CPXM1_HUMAN	sp|A2RUV9|AEBP1_RAT	0	6299	direct_cross_endpoint
H2QUJ1	Q9H009	tr|H2QUJ1|H2QUJ1_PANTR	sp|Q9H009|NACA2_HUMAN	not_scored	FP	sp|O15069|NACAD_HUMAN	sp|A7EIZ1|NACA_SCLS1	sp|A7EIZ1|NACA_SCLS1	0	12872	direct_cross_endpoint
H2QUR6	Q8NFA2	tr|H2QUR6|H2QUR6_PANTR	sp|Q8NFA2|NOXO1_HUMAN	not_scored	FP	sp|A6NI72|NCF1B_HUMAN	sp|Q8NFA2|NOXO1_HUMAN	sp|A6NI72|NCF1B_HUMAN	0	10064	direct_cross_endpoint
H2QUT1	Q12988	tr|H2QUT1|H2QUT1_PANTR	sp|Q12988|HSPB3_HUMAN	not_scored	FP	sp|A0A140G945|CRYA2_HUMAN	sp|Q12988|HSPB3_HUMAN	sp|A0A140G945|CRYA2_HUMAN	0	6302	direct_cross_endpoint
H2QUW1	Q9UKJ3	tr|H2QUW1|H2QUW1_PANTR	sp|Q9UKJ3|GPTC8_HUMAN	not_scored	FP	sp|A4D1E1|Z804B_HUMAN	sp|A2A6A1|GPTC8_MOUSE	sp|A2A6A1|GPTC8_MOUSE	0	17625	direct_cross_endpoint
H2QUW9	Q49AM1	tr|H2QUW9|H2QUW9_PANTR	sp|Q49AM1|MTEF2_HUMAN	not_scored	FP	sp|B9EJ57|MTF1B_MOUSE	sp|Q49AM1|MTEF2_HUMAN	sp|B9EJ57|MTF1B_MOUSE	0	12617	direct_cross_endpoint
H2QV05	Q6NSZ9	tr|H2QV05|H2QV05_PANTR	sp|Q6NSZ9|ZSC25_HUMAN	FN	TP	tr|H2QV05|H2QV05_PANTR	sp|Q6NSZ9|ZSC25_HUMAN	sp|Q6NSZ9|ZSC25_HUMAN	0	1068	direct_cross_endpoint
H2QV11	P36383	tr|H2QV11|H2QV11_PANTR	sp|P36383|CXG1_HUMAN	not_scored	FP	sp|A3KN25|CXG3_BOVIN	sp|A4GG66|CXG1_RAT	sp|A3KN25|CXG3_BOVIN	0	965	direct_cross_endpoint
H2QV11	Q5T442	tr|H2QV11|H2QV11_PANTR	sp|Q5T442|CXG2_HUMAN	not_scored	FP	sp|A3KN25|CXG3_BOVIN	sp|A4GG66|CXG1_RAT	sp|A3KN25|CXG3_BOVIN	0	965	direct_cross_endpoint
H2QV37	Q58DX5	tr|H2QV37|H2QV37_PANTR	sp|Q58DX5|NADL2_HUMAN	not_scored	FP	sp|A0A1D6L709|VP8_MAIZE	sp|Q58DX5|NADL2_HUMAN	sp|A0A1D6L709|VP8_MAIZE	0	7397	direct_cross_endpoint
H2QV63	Q7L311	tr|H2QV63|H2QV63_PANTR	sp|Q7L311|ARMX2_HUMAN	not_scored	FP	sp|B1WBW4|ARM10_RAT	sp|Q6A058|ARMX2_MOUSE	sp|B1WBW4|ARM10_RAT	0	2708	direct_cross_endpoint
H2QV81	Q8NG04	tr|H2QV81|H2QV81_PANTR	sp|Q8NG04|S2610_HUMAN	not_scored	FP	sp|A4IIF2|S26A9_XENTR	sp|Q8NG04|S2610_HUMAN	sp|A4IIF2|S26A9_XENTR	0	4697	direct_cross_endpoint
H2QV81	Q96RN1	tr|H2QV81|H2QV81_PANTR	sp|Q96RN1|S26A8_HUMAN	not_scored	FP	sp|A4IIF2|S26A9_XENTR	sp|A6QNW6|S26A8_BOVIN	sp|A4IIF2|S26A9_XENTR	0	5698	direct_cross_endpoint
H2QV87	Q8NA92	tr|H2QV87|H2QV87_PANTR	sp|Q8NA92|THAP8_HUMAN	not_scored	FP	sp|Q0P5B4|THAP3_BOVIN	sp|Q8NA92|THAP8_HUMAN	sp|Q0P5B4|THAP3_BOVIN	1	34936	direct_cross_endpoint
H2QV87	Q8TBB0	tr|H2QV87|H2QV87_PANTR	sp|Q8TBB0|THAP6_HUMAN	not_scored	FP	sp|Q0P5B4|THAP3_BOVIN	sp|Q8TBB0|THAP6_HUMAN	sp|Q0P5B4|THAP3_BOVIN	0	8448	direct_cross_endpoint
H2QVC6	Q9H1Z9	tr|H2QVC6|H2QVC6_PANTR	sp|Q9H1Z9|TSN10_HUMAN	not_scored	FP	sp|F7BWT7|TSN15_MOUSE	sp|Q8VCF5|TSN10_MOUSE	sp|F7BWT7|TSN15_MOUSE	0	2106	direct_cross_endpoint
H2QVG6	Q7Z2W4	tr|H2QVG6|H2QVG6_PANTR	sp|Q7Z2W4|ZCCHV_HUMAN	not_scored	FP	sp|Q8BFR1|ZCCHL_MOUSE	sp|Q3UPF5|ZCCHV_MOUSE	sp|Q3UPF5|ZCCHV_MOUSE	0	8377	direct_cross_endpoint
H2QVG6	Q9H0J9	tr|H2QVG6|H2QVG6_PANTR	sp|Q9H0J9|PAR12_HUMAN	not_scored	FP	sp|Q8BFR1|ZCCHL_MOUSE	sp|Q3UPF5|ZCCHV_MOUSE	sp|Q3UPF5|ZCCHV_MOUSE	0	8377	direct_cross_endpoint
H2QVR1	Q16651	tr|H2QVR1|H2QVR1_PANTR	sp|Q16651|PRSS8_HUMAN	not_scored	FP	sp|Q14BX2|PRS55_MOUSE	sp|A1L453|PRS38_HUMAN	sp|A1L453|PRS38_HUMAN	0	885	direct_cross_endpoint
H2QVR1	Q7RTY5	tr|H2QVR1|H2QVR1_PANTR	sp|Q7RTY5|PRS48_HUMAN	not_scored	FP	sp|Q14BX2|PRS55_MOUSE	sp|A1L453|PRS38_HUMAN	sp|A1L453|PRS38_HUMAN	0	885	direct_cross_endpoint
H2QVR1	Q9NRR2	tr|H2QVR1|H2QVR1_PANTR	sp|Q9NRR2|TRYG1_HUMAN	not_scored	FP	sp|Q14BX2|PRS55_MOUSE	sp|A1L453|PRS38_HUMAN	sp|A1L453|PRS38_HUMAN	0	885	direct_cross_endpoint
H2QVR1	Q9Y6M0	tr|H2QVR1|H2QVR1_PANTR	sp|Q9Y6M0|TEST_HUMAN	not_scored	FP	sp|Q14BX2|PRS55_MOUSE	sp|A1L453|PRS38_HUMAN	sp|A1L453|PRS38_HUMAN	0	885	direct_cross_endpoint
H2QVV2	O00151	tr|H2QVV2|H2QVV2_PANTR	sp|O00151|PDLI1_HUMAN	not_scored	FP	tr|A0A5F4D5V5|A0A5F4D5V5_CANLF	sp|O00151|PDLI1_HUMAN	sp|O00151|PDLI1_HUMAN	0	4231	direct_cross_endpoint
H2QVV2	P50479	tr|H2QVV2|H2QVV2_PANTR	sp|P50479|PDLI4_HUMAN	not_scored	FP	tr|A0A5F4D5V5|A0A5F4D5V5_CANLF	sp|O00151|PDLI1_HUMAN	sp|O00151|PDLI1_HUMAN	0	4231	direct_cross_endpoint
H2QVV2	Q53GG5	tr|H2QVV2|H2QVV2_PANTR	sp|Q53GG5|PDLI3_HUMAN	not_scored	FP	tr|A0A5F4D5V5|A0A5F4D5V5_CANLF	sp|O00151|PDLI1_HUMAN	sp|O00151|PDLI1_HUMAN	0	4231	direct_cross_endpoint
H2QVV2	Q96JY6	tr|H2QVV2|H2QVV2_PANTR	sp|Q96JY6|PDLI2_HUMAN	FN	TP	tr|A0A5F4D5V5|A0A5F4D5V5_CANLF	sp|O00151|PDLI1_HUMAN	sp|O00151|PDLI1_HUMAN	0	4231	direct_cross_endpoint
H2QVY3	Q5FWF5	tr|H2QVY3|H2QVY3_PANTR	sp|Q5FWF5|ESCO1_HUMAN	not_scored	FP	sp|Q56NI9|ESCO2_HUMAN	sp|Q5FWF5|ESCO1_HUMAN	sp|Q56NI9|ESCO2_HUMAN	0	12839	direct_cross_endpoint
H2QVZ6	Q6P1A2	tr|H2QVZ6|H2QVZ6_PANTR	sp|Q6P1A2|MBOA5_HUMAN	not_scored	FP	sp|B1Q005|MBOA4_RAT	sp|F4IDU4|MBOA1_ARATH	sp|B1Q005|MBOA4_RAT	1	36691	direct_cross_endpoint
H2QVZ6	Q6ZNC8	tr|H2QVZ6|H2QVZ6_PANTR	sp|Q6ZNC8|MBOA1_HUMAN	not_scored	FP	sp|B1Q005|MBOA4_RAT	sp|F4IDU4|MBOA1_ARATH	sp|B1Q005|MBOA4_RAT	1	36691	direct_cross_endpoint
H2QVZ6	Q6ZWT7	tr|H2QVZ6|H2QVZ6_PANTR	sp|Q6ZWT7|MBOA2_HUMAN	not_scored	FP	sp|B1Q005|MBOA4_RAT	sp|F4IDU4|MBOA1_ARATH	sp|B1Q005|MBOA4_RAT	1	36691	direct_cross_endpoint
H2QW10	Q86SQ6	tr|H2QW10|H2QW10_PANTR	sp|Q86SQ6|AGRA1_HUMAN	not_scored	FP	sp|E7FBY6|AGRA2_DANRE	sp|Q86SQ6|AGRA1_HUMAN	sp|E7FBY6|AGRA2_DANRE	0	10034	direct_cross_endpoint
H2QW12	Q7L804	tr|H2QW12|H2QW12_PANTR	sp|Q7L804|RFIP2_HUMAN	not_scored	FP	sp|Q3B7T9|RFIP1_RAT	sp|G3XA57|RFIP2_MOUSE	sp|G3XA57|RFIP2_MOUSE	1	35525	direct_cross_endpoint
H2QW18	O95359	tr|H2QW18|H2QW18_PANTR	sp|O95359|TACC2_HUMAN	not_scored	FP	sp|O75410|TACC1_HUMAN	sp|O95359|TACC2_HUMAN	sp|O75410|TACC1_HUMAN	0	17391	direct_cross_endpoint
H2QW27	Q9UL40	tr|H2QW27|H2QW27_PANTR	sp|Q9UL40|ZN346_HUMAN	not_scored	FP	sp|A2RV29|ZN346_DANRE	sp|B0JZ85|ZN346_XENTR	sp|A2RV29|ZN346_DANRE	0	6544	direct_cross_endpoint
H2QW39	Q8NA92	tr|H2QW39|H2QW39_PANTR	sp|Q8NA92|THAP8_HUMAN	not_scored	FP	sp|Q0P5B4|THAP3_BOVIN	sp|Q8NA92|THAP8_HUMAN	sp|Q0P5B4|THAP3_BOVIN	1	34936	direct_cross_endpoint
H2QW39	Q8TBB0	tr|H2QW39|H2QW39_PANTR	sp|Q8TBB0|THAP6_HUMAN	not_scored	FP	sp|Q0P5B4|THAP3_BOVIN	sp|Q8TBB0|THAP6_HUMAN	sp|Q0P5B4|THAP3_BOVIN	0	8448	direct_cross_endpoint
H2QWH1	Q13571	tr|H2QWH1|H2QWH1_PANTR	sp|Q13571|LAPM5_HUMAN	not_scored	FP	sp|Q15012|LAP4A_HUMAN	sp|Q13571|LAPM5_HUMAN	sp|Q13571|LAPM5_HUMAN	0	4683	direct_cross_endpoint
H2QWN6	Q2M2I3	tr|H2QWN6|H2QWN6_PANTR	sp|Q2M2I3|FA83E_HUMAN	not_scored	FP	sp|Q66JF7|FA83A_XENTR	sp|Q2M2I3|FA83E_HUMAN	sp|A6ND36|FA83G_HUMAN	0	7580	direct_cross_endpoint
H2QWN6	Q8NEG4	tr|H2QWN6|H2QWN6_PANTR	sp|Q8NEG4|FA83F_HUMAN	not_scored	FP	sp|Q66JF7|FA83A_XENTR	sp|Q2M2I3|FA83E_HUMAN	sp|A6ND36|FA83G_HUMAN	0	7580	direct_cross_endpoint
H2QWS6	P55000	tr|H2QWS6|H2QWS6_PANTR	sp|P55000|SLUR1_HUMAN	not_scored	FP	sp|O43653|PSCA_HUMAN	sp|P55000|SLUR1_HUMAN	sp|O43653|PSCA_HUMAN	0	6959	direct_cross_endpoint
H2QWS6	Q16553	tr|H2QWS6|H2QWS6_PANTR	sp|Q16553|LY6E_HUMAN	not_scored	FP	sp|O43653|PSCA_HUMAN	sp|Q16553|LY6E_HUMAN	sp|O43653|PSCA_HUMAN	0	8783	direct_cross_endpoint
H2QWU3	Q8TAX9	tr|H2QWU3|H2QWU3_PANTR	sp|Q8TAX9|GSDMB_HUMAN	not_scored	FP	sp|P57764|GSDMD_HUMAN	sp|Q8TAX9|GSDMB_HUMAN	sp|P57764|GSDMD_HUMAN	0	6609	direct_cross_endpoint
H2QWX2	Q9BVG8	tr|H2QWX2|H2QWX2_PANTR	sp|Q9BVG8|KIFC3_HUMAN	not_scored	FP	sp|O08672|KIFC2_MOUSE	sp|A3BFT0|KN14N_ORYSJ	sp|A3BFT0|KN14N_ORYSJ	0	4565	direct_cross_endpoint
H2QWX2	Q9BW19	tr|H2QWX2|H2QWX2_PANTR	sp|Q9BW19|KIFC1_HUMAN	not_scored	FP	sp|O08672|KIFC2_MOUSE	sp|A3BFT0|KN14N_ORYSJ	sp|A3BFT0|KN14N_ORYSJ	0	4565	direct_cross_endpoint
H2QWX3	O43638	tr|H2QWX3|H2QWX3_PANTR	sp|O43638|FOXS1_HUMAN	not_scored	FP	sp|O75593|FOXH1_HUMAN	sp|O13606|MEI4_SCHPO	sp|O13606|MEI4_SCHPO	0	4823	direct_cross_endpoint
H2QWX3	Q5VYV0	tr|H2QWX3|H2QWX3_PANTR	sp|Q5VYV0|FOXB2_HUMAN	not_scored	FP	sp|O75593|FOXH1_HUMAN	sp|O13606|MEI4_SCHPO	sp|O13606|MEI4_SCHPO	0	4823	direct_cross_endpoint
H2QWX3	Q99853	tr|H2QWX3|H2QWX3_PANTR	sp|Q99853|FOXB1_HUMAN	not_scored	FP	sp|O75593|FOXH1_HUMAN	sp|O13606|MEI4_SCHPO	sp|O13606|MEI4_SCHPO	0	4823	direct_cross_endpoint
H2QWZ5	P04090	tr|H2QWZ5|H2QWZ5_PANTR	sp|P04090|REL2_HUMAN	not_scored	FP	sp|Q32L79|INSL6_BOVIN	sp|P01347|REL1_RAT	sp|P01347|REL1_RAT	0	5776	direct_cross_endpoint
H2QWZ5	Q14641	tr|H2QWZ5|H2QWZ5_PANTR	sp|Q14641|INSL4_HUMAN	not_scored	FP	sp|Q32L79|INSL6_BOVIN	sp|Q14641|INSL4_HUMAN	sp|P01347|REL1_RAT	0		transitive_union
H2QWZ6	Q14641	tr|H2QWZ6|H2QWZ6_PANTR	sp|Q14641|INSL4_HUMAN	not_scored	FP	sp|P01347|REL1_RAT	sp|Q14641|INSL4_HUMAN	sp|P01347|REL1_RAT	0	14333	direct_cross_endpoint
H2QWZ6	Q9Y581	tr|H2QWZ6|H2QWZ6_PANTR	sp|Q9Y581|INSL6_HUMAN	not_scored	FP	sp|P01347|REL1_RAT	sp|Q32L79|INSL6_BOVIN	sp|P01347|REL1_RAT	0	5776	direct_cross_endpoint
H2QX16	O60240	tr|H2QX16|H2QX16_PANTR	sp|O60240|PLIN1_HUMAN	not_scored	FP	sp|A6QLL0|PLIN5_BOVIN	sp|O60240|PLIN1_HUMAN	sp|A6QLL0|PLIN5_BOVIN	0	8796	direct_cross_endpoint
H2QX22	Q86WN2	tr|H2QX22|H2QX22_PANTR	sp|Q86WN2|IFNE_HUMAN	not_scored	FP	sp|P01574|IFNB_HUMAN	sp|Q80ZF2|IFNE_MOUSE	sp|P01574|IFNB_HUMAN	0	2733	direct_cross_endpoint
H2QX28	P01574	tr|H2QX28|H2QX28_PANTR	sp|P01574|IFNB_HUMAN	not_scored	FP	sp|Q80ZF2|IFNE_MOUSE	sp|P01574|IFNB_HUMAN	sp|P01574|IFNB_HUMAN	0	2733	direct_cross_endpoint
H2QXJ9	Q6PJ69	tr|H2QXJ9|H2QXJ9_PANTR	sp|Q6PJ69|TRI65_HUMAN	not_scored	FP	sp|Q14142|TRI14_HUMAN	sp|Q6PJ69|TRI65_HUMAN	sp|Q14142|TRI14_HUMAN	0		transitive_union
H2QXR7	Q06643	tr|H2QXR7|H2QXR7_PANTR	sp|Q06643|TNFC_HUMAN	not_scored	FP	sp|O95150|TNF15_HUMAN	sp|P41155|TNFC_MOUSE	sp|O95150|TNF15_HUMAN	1	35227	direct_cross_endpoint
H2QXT9	Q8N349	tr|H2QXT9|H2QXT9_PANTR	sp|Q8N349|OR2LD_HUMAN	not_scored	FP	sp|Q8NGR9|OR1N2_HUMAN	sp|Q8N349|OR2LD_HUMAN	sp|Q8N349|OR2LD_HUMAN	1	34209	direct_cross_endpoint
H2QXU5	Q8NGF7	tr|H2QXU5|H2QXU5_PANTR	sp|Q8NGF7|OR5BH_HUMAN	not_scored	FP	sp|Q8NGR4|OR5C1_HUMAN	sp|Q8NGF7|OR5BH_HUMAN	sp|Q8NGF7|OR5BH_HUMAN	0	135	direct_cross_endpoint
H2QXX7	Q9BRG2	tr|H2QXX7|H2QXX7_PANTR	sp|Q9BRG2|SH23A_HUMAN	not_scored	FP	sp|D3ZAZ5|BCAR3_RAT	sp|Q9BRG2|SH23A_HUMAN	sp|D3ZAZ5|BCAR3_RAT	0	8728	direct_cross_endpoint
H2QY26	Q9Y520	tr|H2QY26|H2QY26_PANTR	sp|Q9Y520|PRC2C_HUMAN	not_scored	FP	sp|P48634|PRC2A_HUMAN	sp|Q3TLH4|PRC2C_MOUSE	sp|P48634|PRC2A_HUMAN	0	3510	direct_cross_endpoint
H2QY78	Q9NZA1	tr|H2QY78|H2QY78_PANTR	sp|Q9NZA1|CLIC5_HUMAN	not_scored	FP	sp|O00299|CLIC1_HUMAN	sp|P35526|CLIC5_BOVIN	sp|O00299|CLIC1_HUMAN	0	4128	direct_cross_endpoint
H2QYC5	P04271	tr|H2QYC5|H2QYC5_PANTR	sp|P04271|S100B_HUMAN	not_scored	FP	sp|P02633|S100G_BOVIN	sp|P02638|S100B_BOVIN	sp|P02633|S100G_BOVIN	0	8421	direct_cross_endpoint
H2QYC5	P06702	tr|H2QYC5|H2QYC5_PANTR	sp|P06702|S10A9_HUMAN	not_scored	FP	sp|P02633|S100G_BOVIN	sp|P06702|S10A9_HUMAN	sp|P02633|S100G_BOVIN	0		transitive_union
H2QYC5	P06703	tr|H2QYC5|H2QYC5_PANTR	sp|P06703|S10A6_HUMAN	not_scored	FP	sp|P02633|S100G_BOVIN	sp|P02638|S100B_BOVIN	sp|P02633|S100G_BOVIN	0	8421	direct_cross_endpoint
H2QYC5	P23297	tr|H2QYC5|H2QYC5_PANTR	sp|P23297|S10A1_HUMAN	not_scored	FP	sp|P02633|S100G_BOVIN	sp|P02638|S100B_BOVIN	sp|P02633|S100G_BOVIN	0	8421	direct_cross_endpoint
H2QYC5	P25815	tr|H2QYC5|H2QYC5_PANTR	sp|P25815|S100P_HUMAN	not_scored	FP	sp|P02633|S100G_BOVIN	sp|P02638|S100B_BOVIN	sp|P02633|S100G_BOVIN	0	8421	direct_cross_endpoint
H2QYC5	P26447	tr|H2QYC5|H2QYC5_PANTR	sp|P26447|S10A4_HUMAN	not_scored	FP	sp|P02633|S100G_BOVIN	sp|P02638|S100B_BOVIN	sp|P02633|S100G_BOVIN	0	8421	direct_cross_endpoint
H2QYC5	P29034	tr|H2QYC5|H2QYC5_PANTR	sp|P29034|S10A2_HUMAN	not_scored	FP	sp|P02633|S100G_BOVIN	sp|P02638|S100B_BOVIN	sp|P02633|S100G_BOVIN	0	8421	direct_cross_endpoint
H2QYC5	P33763	tr|H2QYC5|H2QYC5_PANTR	sp|P33763|S10A5_HUMAN	not_scored	FP	sp|P02633|S100G_BOVIN	sp|P02638|S100B_BOVIN	sp|P02633|S100G_BOVIN	0	8421	direct_cross_endpoint
H2QYC5	P33764	tr|H2QYC5|H2QYC5_PANTR	sp|P33764|S10A3_HUMAN	not_scored	FP	sp|P02633|S100G_BOVIN	sp|P33764|S10A3_HUMAN	sp|P02633|S100G_BOVIN	0		transitive_union
H2QYC5	P80511	tr|H2QYC5|H2QYC5_PANTR	sp|P80511|S10AC_HUMAN	not_scored	FP	sp|P02633|S100G_BOVIN	sp|P02638|S100B_BOVIN	sp|P02633|S100G_BOVIN	0	8421	direct_cross_endpoint
H2QYC5	Q8WXG8	tr|H2QYC5|H2QYC5_PANTR	sp|Q8WXG8|S100Z_HUMAN	not_scored	FP	sp|P02633|S100G_BOVIN	sp|P02638|S100B_BOVIN	sp|P02633|S100G_BOVIN	0	8421	direct_cross_endpoint
H2QYD7	Q9NYF8	tr|H2QYD7|H2QYD7_PANTR	sp|Q9NYF8|BCLF1_HUMAN	not_scored	FP	sp|A2AG58|BCLA3_MOUSE	sp|Q569Z6|TR150_MOUSE	sp|A2AG58|BCLA3_MOUSE	0	23814	direct_cross_endpoint
H2QYD7	Q9Y2W1	tr|H2QYD7|H2QYD7_PANTR	sp|Q9Y2W1|TR150_HUMAN	not_scored	FP	sp|A2AG58|BCLA3_MOUSE	sp|Q569Z6|TR150_MOUSE	sp|A2AG58|BCLA3_MOUSE	0	23814	direct_cross_endpoint
H2QYF3	P43364	tr|H2QYF3|H2QYF3_PANTR	sp|P43364|MAGAB_HUMAN	not_scored	FP	sp|A2A368|MAGBG_HUMAN	sp|P43364|MAGAB_HUMAN	sp|A1A5P9|MAGE1_RAT	0	1732	direct_cross_endpoint
H2QYF3	Q9H213	tr|H2QYF3|H2QYF3_PANTR	sp|Q9H213|MAGH1_HUMAN	not_scored	FP	sp|A2A368|MAGBG_HUMAN	sp|A1A5P9|MAGE1_RAT	sp|A1A5P9|MAGE1_RAT	0	1011	direct_cross_endpoint
H2QYF3	Q9HCI5	tr|H2QYF3|H2QYF3_PANTR	sp|Q9HCI5|MAGE1_HUMAN	not_scored	FP	sp|A2A368|MAGBG_HUMAN	sp|A1A5P9|MAGE1_RAT	sp|A1A5P9|MAGE1_RAT	0	1011	direct_cross_endpoint
H2QYF7	P43364	tr|H2QYF7|H2QYF7_PANTR	sp|P43364|MAGAB_HUMAN	not_scored	FP	sp|A2A368|MAGBG_HUMAN	sp|P43364|MAGAB_HUMAN	sp|A1A5P9|MAGE1_RAT	0	1732	direct_cross_endpoint
H2QYF7	Q9H213	tr|H2QYF7|H2QYF7_PANTR	sp|Q9H213|MAGH1_HUMAN	not_scored	FP	sp|A2A368|MAGBG_HUMAN	sp|A1A5P9|MAGE1_RAT	sp|A1A5P9|MAGE1_RAT	0	1011	direct_cross_endpoint
H2QYF7	Q9HCI5	tr|H2QYF7|H2QYF7_PANTR	sp|Q9HCI5|MAGE1_HUMAN	not_scored	FP	sp|A2A368|MAGBG_HUMAN	sp|A1A5P9|MAGE1_RAT	sp|A1A5P9|MAGE1_RAT	0	1011	direct_cross_endpoint
H2QYG1	P43364	tr|H2QYG1|H2QYG1_PANTR	sp|P43364|MAGAB_HUMAN	not_scored	FP	sp|A2A368|MAGBG_HUMAN	sp|P43364|MAGAB_HUMAN	sp|A1A5P9|MAGE1_RAT	0	1732	direct_cross_endpoint
H2QYG1	Q9H213	tr|H2QYG1|H2QYG1_PANTR	sp|Q9H213|MAGH1_HUMAN	not_scored	FP	sp|A2A368|MAGBG_HUMAN	sp|A1A5P9|MAGE1_RAT	sp|A1A5P9|MAGE1_RAT	0	1011	direct_cross_endpoint
H2QYG1	Q9HCI5	tr|H2QYG1|H2QYG1_PANTR	sp|Q9HCI5|MAGE1_HUMAN	not_scored	FP	sp|A2A368|MAGBG_HUMAN	sp|A1A5P9|MAGE1_RAT	sp|A1A5P9|MAGE1_RAT	0	1011	direct_cross_endpoint
H2QYH4	O14626	tr|H2QYH4|H2QYH4_PANTR	sp|O14626|GP171_HUMAN	not_scored	FP	sp|Q8BZR0|GPR82_MOUSE	sp|O14626|GP171_HUMAN	sp|O14626|GP171_HUMAN	0	4704	direct_cross_endpoint
H2QYH4	Q15391	tr|H2QYH4|H2QYH4_PANTR	sp|Q15391|P2Y14_HUMAN	not_scored	FP	sp|Q8BZR0|GPR82_MOUSE	sp|O14626|GP171_HUMAN	sp|O14626|GP171_HUMAN	0	4704	direct_cross_endpoint
H2QYH4	Q9BPV8	tr|H2QYH4|H2QYH4_PANTR	sp|Q9BPV8|P2Y13_HUMAN	not_scored	FP	sp|Q8BZR0|GPR82_MOUSE	sp|O14626|GP171_HUMAN	sp|O14626|GP171_HUMAN	0	4704	direct_cross_endpoint
H2QYH4	Q9BY21	tr|H2QYH4|H2QYH4_PANTR	sp|Q9BY21|GPR87_HUMAN	not_scored	FP	sp|Q8BZR0|GPR82_MOUSE	sp|O14626|GP171_HUMAN	sp|O14626|GP171_HUMAN	0	4704	direct_cross_endpoint
H2QYM0	Q96GU1	tr|H2QYM0|H2QYM0_PANTR	sp|Q96GU1|PAGE5_HUMAN	not_scored	FP	sp|O60829|PAGE4_HUMAN	sp|Q5JRK9|GGEE3_HUMAN	sp|O60829|PAGE4_HUMAN	0	2002	direct_cross_endpoint
H2QYN7	P19823	tr|H2QYN7|H2QYN7_PANTR	sp|P19823|ITIH2_HUMAN	not_scored	FP	sp|Q6UXX5|ITIH6_HUMAN	sp|A2VE29|ITIH5_BOVIN	sp|A2VE29|ITIH5_BOVIN	0	15750	direct_cross_endpoint
H2QYN7	P19827	tr|H2QYN7|H2QYN7_PANTR	sp|P19827|ITIH1_HUMAN	not_scored	FP	sp|Q6UXX5|ITIH6_HUMAN	sp|A2VE29|ITIH5_BOVIN	sp|A2VE29|ITIH5_BOVIN	0	15750	direct_cross_endpoint
H2QYN7	Q06033	tr|H2QYN7|H2QYN7_PANTR	sp|Q06033|ITIH3_HUMAN	not_scored	FP	sp|Q6UXX5|ITIH6_HUMAN	sp|A2VE29|ITIH5_BOVIN	sp|A2VE29|ITIH5_BOVIN	0	15750	direct_cross_endpoint
H2QYN7	Q14624	tr|H2QYN7|H2QYN7_PANTR	sp|Q14624|ITIH4_HUMAN	not_scored	FP	sp|Q6UXX5|ITIH6_HUMAN	sp|A2VE29|ITIH5_BOVIN	sp|A2VE29|ITIH5_BOVIN	0	15750	direct_cross_endpoint
H2QYN7	Q86UX2	tr|H2QYN7|H2QYN7_PANTR	sp|Q86UX2|ITIH5_HUMAN	not_scored	FP	sp|Q6UXX5|ITIH6_HUMAN	sp|A2VE29|ITIH5_BOVIN	sp|A2VE29|ITIH5_BOVIN	0	15750	direct_cross_endpoint
H2QYU7	Q13316	tr|H2QYU7|H2QYU7_PANTR	sp|Q13316|DMP1_HUMAN	not_scored	FP	sp|P35662|CYLC1_BOVIN	sp|O14319|CUE5_SCHPO	sp|A2VD23|STM_DANRE	0	2694	direct_cross_endpoint
H2QYU7	Q8TBK6	tr|H2QYU7|H2QYU7_PANTR	sp|Q8TBK6|ZCH10_HUMAN	not_scored	FP	sp|P35662|CYLC1_BOVIN	sp|O14319|CUE5_SCHPO	sp|A2VD23|STM_DANRE	0	2694	direct_cross_endpoint
H2QYU7	Q9NZW4	tr|H2QYU7|H2QYU7_PANTR	sp|Q9NZW4|DSPP_HUMAN	not_scored	FP	sp|P35662|CYLC1_BOVIN	sp|O14319|CUE5_SCHPO	sp|A2VD23|STM_DANRE	0	2694	direct_cross_endpoint
H2QYX2	Q17QN5_BOVIN	tr|H2QYX2|H2QYX2_PANTR	tr|Q17QN5|Q17QN5_BOVIN	not_scored	FP	sp|Q6A058|ARMX2_MOUSE	sp|B1WBW4|ARM10_RAT	sp|B1WBW4|ARM10_RAT	0	2708	direct_cross_endpoint
H2QYX2	Q7L4S7	tr|H2QYX2|H2QYX2_PANTR	sp|Q7L4S7|ARMX6_HUMAN	not_scored	FP	sp|Q6A058|ARMX2_MOUSE	sp|B1WBW4|ARM10_RAT	sp|B1WBW4|ARM10_RAT	0	2708	direct_cross_endpoint
H2QYX2	Q8N2F6	tr|H2QYX2|H2QYX2_PANTR	sp|Q8N2F6|ARM10_HUMAN	not_scored	FP	sp|Q6A058|ARMX2_MOUSE	sp|B1WBW4|ARM10_RAT	sp|B1WBW4|ARM10_RAT	0	2708	direct_cross_endpoint
H2QYX2	Q9P291	tr|H2QYX2|H2QYX2_PANTR	sp|Q9P291|ARMX1_HUMAN	not_scored	FP	sp|Q6A058|ARMX2_MOUSE	sp|B1WBW4|ARM10_RAT	sp|B1WBW4|ARM10_RAT	0	2708	direct_cross_endpoint
H2QYX8	Q00994	tr|H2QYX8|H2QYX8_PANTR	sp|Q00994|BEX3_HUMAN	not_scored	FP	sp|Q2TBV0|BEX2_BOVIN	sp|Q00994|BEX3_HUMAN	sp|Q00994|BEX3_HUMAN	0	410	direct_cross_endpoint
H2QYX8	Q5H9J7	tr|H2QYX8|H2QYX8_PANTR	sp|Q5H9J7|BEX5_HUMAN	not_scored	FP	sp|Q2TBV0|BEX2_BOVIN	sp|Q00994|BEX3_HUMAN	sp|Q00994|BEX3_HUMAN	0	410	direct_cross_endpoint
H2QYX8	Q9NWD9	tr|H2QYX8|H2QYX8_PANTR	sp|Q9NWD9|BEX4_HUMAN	not_scored	FP	sp|Q2TBV0|BEX2_BOVIN	sp|Q3MKP9|BEX4_RAT	sp|Q00994|BEX3_HUMAN	0		transitive_union
H2QYY0	Q00994	tr|H2QYY0|H2QYY0_PANTR	sp|Q00994|BEX3_HUMAN	not_scored	FP	sp|Q2TBV0|BEX2_BOVIN	sp|Q00994|BEX3_HUMAN	sp|Q00994|BEX3_HUMAN	0	410	direct_cross_endpoint
H2QYY0	Q5H9J7	tr|H2QYY0|H2QYY0_PANTR	sp|Q5H9J7|BEX5_HUMAN	not_scored	FP	sp|Q2TBV0|BEX2_BOVIN	sp|Q00994|BEX3_HUMAN	sp|Q00994|BEX3_HUMAN	0	410	direct_cross_endpoint
H2QYY0	Q9NWD9	tr|H2QYY0|H2QYY0_PANTR	sp|Q9NWD9|BEX4_HUMAN	not_scored	FP	sp|Q2TBV0|BEX2_BOVIN	sp|Q3MKP9|BEX4_RAT	sp|Q00994|BEX3_HUMAN	0		transitive_union
H2QYY2	Q9BXY8	tr|H2QYY2|H2QYY2_PANTR	sp|Q9BXY8|BEX2_HUMAN	not_scored	FP	sp|Q00994|BEX3_HUMAN	sp|Q2TBV0|BEX2_BOVIN	sp|Q00994|BEX3_HUMAN	0	410	direct_cross_endpoint
H2QYY2	Q9HBH7	tr|H2QYY2|H2QYY2_PANTR	sp|Q9HBH7|BEX1_HUMAN	not_scored	FP	sp|Q00994|BEX3_HUMAN	sp|Q2TBV0|BEX2_BOVIN	sp|Q00994|BEX3_HUMAN	0	410	direct_cross_endpoint
H2QYY2	Q9NWD9	tr|H2QYY2|H2QYY2_PANTR	sp|Q9NWD9|BEX4_HUMAN	not_scored	FP	sp|Q00994|BEX3_HUMAN	sp|Q3MKP9|BEX4_RAT	sp|Q00994|BEX3_HUMAN	0	1336	direct_cross_endpoint
H2QYY8	Q6IA17	tr|H2QYY8|H2QYY8_PANTR	sp|Q6IA17|SIGIR_HUMAN	not_scored	FP	sp|B6ZK76|IRL1A_DANRE	sp|Q4V892|SIGIR_RAT	sp|B6ZK76|IRL1A_DANRE	0	22980	direct_cross_endpoint
H2QYZ3	Q5SYB0	tr|H2QYZ3|H2QYZ3_PANTR	sp|Q5SYB0|FRPD1_HUMAN	not_scored	FP	sp|Q5JV73|FRPD3_HUMAN	sp|A2AKB4|FRPD1_MOUSE	sp|A2AKB4|FRPD1_MOUSE	0	9740	direct_cross_endpoint
H2QZ16	Q6NV74	tr|H2QZ16|H2QZ16_PANTR	sp|Q6NV74|CRCDL_HUMAN	not_scored	FP	sp|E9Q0C6|K1210_MOUSE	sp|Q6NV74|CRCDL_HUMAN	sp|E9Q0C6|K1210_MOUSE	0	14914	direct_cross_endpoint
H2QZ63	Q8N8G2	tr|H2QZ63|H2QZ63_PANTR	sp|Q8N8G2|VGLL2_HUMAN	not_scored	FP	sp|Q99990|VGLL1_HUMAN	sp|A8MV65|VGLL3_HUMAN	sp|A8MV65|VGLL3_HUMAN	0	12549	direct_cross_endpoint
H2QZ87	P43364	tr|H2QZ87|H2QZ87_PANTR	sp|P43364|MAGAB_HUMAN	not_scored	FP	sp|A2A368|MAGBG_HUMAN	sp|P43364|MAGAB_HUMAN	sp|A1A5P9|MAGE1_RAT	0	1732	direct_cross_endpoint
H2QZ87	Q9H213	tr|H2QZ87|H2QZ87_PANTR	sp|Q9H213|MAGH1_HUMAN	not_scored	FP	sp|A2A368|MAGBG_HUMAN	sp|A1A5P9|MAGE1_RAT	sp|A1A5P9|MAGE1_RAT	0	1011	direct_cross_endpoint
H2QZ87	Q9HCI5	tr|H2QZ87|H2QZ87_PANTR	sp|Q9HCI5|MAGE1_HUMAN	not_scored	FP	sp|A2A368|MAGBG_HUMAN	sp|A1A5P9|MAGE1_RAT	sp|A1A5P9|MAGE1_RAT	0	1011	direct_cross_endpoint
H2QZ93	P43364	tr|H2QZ93|H2QZ93_PANTR	sp|P43364|MAGAB_HUMAN	not_scored	FP	sp|A2A368|MAGBG_HUMAN	sp|P43364|MAGAB_HUMAN	sp|A1A5P9|MAGE1_RAT	0	1732	direct_cross_endpoint
H2QZ93	Q9H213	tr|H2QZ93|H2QZ93_PANTR	sp|Q9H213|MAGH1_HUMAN	not_scored	FP	sp|A2A368|MAGBG_HUMAN	sp|A1A5P9|MAGE1_RAT	sp|A1A5P9|MAGE1_RAT	0	1011	direct_cross_endpoint
H2QZ93	Q9HCI5	tr|H2QZ93|H2QZ93_PANTR	sp|Q9HCI5|MAGE1_HUMAN	not_scored	FP	sp|A2A368|MAGBG_HUMAN	sp|A1A5P9|MAGE1_RAT	sp|A1A5P9|MAGE1_RAT	0	1011	direct_cross_endpoint
H2QZB0	O60486	tr|H2QZB0|H2QZB0_PANTR	sp|O60486|PLXC1_HUMAN	not_scored	FP	sp|B0S5N4|PLXA3_DANRE	sp|O60486|PLXC1_HUMAN	sp|B0S5N4|PLXA3_DANRE	0	2423	direct_cross_endpoint
H2QZD1	Q6ZMM2	tr|H2QZD1|H2QZD1_PANTR	sp|Q6ZMM2|ATL5_HUMAN	not_scored	FP	sp|Q3UTY6|THSD4_MOUSE	sp|Q6ZMM2|ATL5_HUMAN	sp|P90884|MADD4_CAEEL	0	14576	direct_cross_endpoint
H2QZD2	Q9C000	tr|H2QZD2|H2QZD2_PANTR	sp|Q9C000|NLRP1_HUMAN	not_scored	FP	sp|A6QLE5|NLRP3_BOVIN	sp|A1Z198|NL1B2_MOUSE	sp|A1Z198|NL1B2_MOUSE	0	6310	direct_cross_endpoint
H2QZD3	Q6UXG3	tr|H2QZD3|H2QZD3_PANTR	sp|Q6UXG3|CLM9_HUMAN	not_scored	FP	sp|A0A0K2S4Q6|CD3CH_HUMAN	sp|A5D7B2|CLM9_BOVIN	sp|A0A0K2S4Q6|CD3CH_HUMAN	0	4582	direct_cross_endpoint
H2QZE3	P58397	tr|H2QZE3|H2QZE3_PANTR	sp|P58397|ATS12_HUMAN	not_scored	FP	sp|Q769J6|ATS13_MOUSE	sp|P58397|ATS12_HUMAN	sp|P58397|ATS12_HUMAN	0	5085	direct_cross_endpoint
H2QZE3	P59510	tr|H2QZE3|H2QZE3_PANTR	sp|P59510|ATS20_HUMAN	not_scored	FP	sp|Q769J6|ATS13_MOUSE	sp|P58397|ATS12_HUMAN	sp|P58397|ATS12_HUMAN	0	5085	direct_cross_endpoint
H2QZE3	Q9P2N4	tr|H2QZE3|H2QZE3_PANTR	sp|Q9P2N4|ATS9_HUMAN	not_scored	FP	sp|Q769J6|ATS13_MOUSE	sp|P58397|ATS12_HUMAN	sp|P58397|ATS12_HUMAN	0	5085	direct_cross_endpoint
H2QZE3	Q9UKP4	tr|H2QZE3|H2QZE3_PANTR	sp|Q9UKP4|ATS7_HUMAN	not_scored	FP	sp|Q769J6|ATS13_MOUSE	sp|P58397|ATS12_HUMAN	sp|P58397|ATS12_HUMAN	0	5085	direct_cross_endpoint
H2QZJ5	O95727	tr|H2QZJ5|H2QZJ5_PANTR	sp|O95727|CRTAM_HUMAN	not_scored	FP	sp|P04921|GLPC_HUMAN	sp|O95727|CRTAM_HUMAN	sp|A4IFL2|SMAGP_BOVIN	0	14392	direct_cross_endpoint
H2QZJ5	Q0VAQ4	tr|H2QZJ5|H2QZJ5_PANTR	sp|Q0VAQ4|SMAGP_HUMAN	not_scored	FP	sp|P04921|GLPC_HUMAN	sp|A4IFL2|SMAGP_BOVIN	sp|A4IFL2|SMAGP_BOVIN	0	13031	direct_cross_endpoint
H2QZK0	P11684	tr|H2QZK0|H2QZK0_PANTR	sp|P11684|UTER_HUMAN	not_scored	FP	sp|A0JNP2|SG1D_BOVIN	sp|P11684|UTER_HUMAN	sp|A0JNP2|SG1D_BOVIN	0	4264	direct_cross_endpoint
H2QZU2	Q86VR7	tr|H2QZU2|H2QZU2_PANTR	sp|Q86VR7|VS10L_HUMAN	not_scored	FP	sp|B0CLX4|VSI10_DANRE	sp|D3YZF7|VS10L_MOUSE	sp|A0A140LHF2|VSXL2_MOUSE	1	38307	direct_cross_endpoint
H2QZV3	Q9C0A1	tr|H2QZV3|H2QZV3_PANTR	sp|Q9C0A1|ZFHX2_HUMAN	not_scored	FP	sp|O73590|ZFHX4_CHICK	sp|Q2MHN3|ZFHX2_MOUSE	sp|O73590|ZFHX4_CHICK	0	6379	direct_cross_endpoint
H2QZW4	Q8NG04	tr|H2QZW4|H2QZW4_PANTR	sp|Q8NG04|S2610_HUMAN	not_scored	FP	sp|A4IIF2|S26A9_XENTR	sp|Q8NG04|S2610_HUMAN	sp|A4IIF2|S26A9_XENTR	0	4697	direct_cross_endpoint
H2QZW4	Q96RN1	tr|H2QZW4|H2QZW4_PANTR	sp|Q96RN1|S26A8_HUMAN	not_scored	FP	sp|A4IIF2|S26A9_XENTR	sp|A6QNW6|S26A8_BOVIN	sp|A4IIF2|S26A9_XENTR	0	5698	direct_cross_endpoint
H2QZX1	P52961	tr|H2QZX1|H2QZX1_PANTR	sp|P52961|NAR1_HUMAN	not_scored	FP	sp|Q13508|NAR3_HUMAN	sp|O35975|NAR2B_MOUSE	sp|O35975|NAR2B_MOUSE	0	4853	direct_cross_endpoint
H2QZX1	Q93070	tr|H2QZX1|H2QZX1_PANTR	sp|Q93070|NAR4_HUMAN	not_scored	FP	sp|Q13508|NAR3_HUMAN	sp|Q93070|NAR4_HUMAN	sp|O35975|NAR2B_MOUSE	0		transitive_union
H2QZX1	Q96L15	tr|H2QZX1|H2QZX1_PANTR	sp|Q96L15|NAR5_HUMAN	not_scored	FP	sp|Q13508|NAR3_HUMAN	sp|O35975|NAR2B_MOUSE	sp|O35975|NAR2B_MOUSE	0	4853	direct_cross_endpoint
H2QZX8	Q8IWK6	tr|H2QZX8|H2QZX8_PANTR	sp|Q8IWK6|AGRA3_HUMAN	not_scored	FP	sp|Q86SQ6|AGRA1_HUMAN	sp|E7FBY6|AGRA2_DANRE	sp|E7FBY6|AGRA2_DANRE	0	10034	direct_cross_endpoint
H2QZX8	Q96PE1	tr|H2QZX8|H2QZX8_PANTR	sp|Q96PE1|AGRA2_HUMAN	not_scored	FP	sp|Q86SQ6|AGRA1_HUMAN	sp|E7FBY6|AGRA2_DANRE	sp|E7FBY6|AGRA2_DANRE	0	10034	direct_cross_endpoint
H2R051	O14921	tr|H2R051|H2R051_PANTR	sp|O14921|RGS13_HUMAN	not_scored	FP	sp|P49796|RGS3_HUMAN	sp|O08849|RGS2_MOUSE	sp|O08849|RGS2_MOUSE	1	38262	direct_cross_endpoint
H2R051	O15492	tr|H2R051|H2R051_PANTR	sp|O15492|RGS16_HUMAN	not_scored	FP	sp|P49796|RGS3_HUMAN	sp|O08849|RGS2_MOUSE	sp|O08849|RGS2_MOUSE	1	38262	direct_cross_endpoint
H2R051	O15539	tr|H2R051|H2R051_PANTR	sp|O15539|RGS5_HUMAN	not_scored	FP	sp|P49796|RGS3_HUMAN	sp|O08849|RGS2_MOUSE	sp|O08849|RGS2_MOUSE	1	38262	direct_cross_endpoint
H2R051	O43665	tr|H2R051|H2R051_PANTR	sp|O43665|RGS10_HUMAN	not_scored	FP	sp|P49796|RGS3_HUMAN	sp|O43665|RGS10_HUMAN	sp|O08849|RGS2_MOUSE	1	38262	direct_cross_endpoint
H2R051	P41220	tr|H2R051|H2R051_PANTR	sp|P41220|RGS2_HUMAN	not_scored	FP	sp|P49796|RGS3_HUMAN	sp|O08849|RGS2_MOUSE	sp|O08849|RGS2_MOUSE	1	38262	direct_cross_endpoint
H2R051	P49798	tr|H2R051|H2R051_PANTR	sp|P49798|RGS4_HUMAN	not_scored	FP	sp|P49796|RGS3_HUMAN	sp|O08849|RGS2_MOUSE	sp|O08849|RGS2_MOUSE	1	38262	direct_cross_endpoint
H2R051	P57771	tr|H2R051|H2R051_PANTR	sp|P57771|RGS8_HUMAN	not_scored	FP	sp|P49796|RGS3_HUMAN	sp|O08849|RGS2_MOUSE	sp|O08849|RGS2_MOUSE	1	38262	direct_cross_endpoint
H2R051	Q08116	tr|H2R051|H2R051_PANTR	sp|Q08116|RGS1_HUMAN	not_scored	FP	sp|P49796|RGS3_HUMAN	sp|O08849|RGS2_MOUSE	sp|O08849|RGS2_MOUSE	1	38262	direct_cross_endpoint
H2R051	Q2M5E4	tr|H2R051|H2R051_PANTR	sp|Q2M5E4|RGS21_HUMAN	not_scored	FP	sp|P49796|RGS3_HUMAN	sp|O08849|RGS2_MOUSE	sp|O08849|RGS2_MOUSE	1	38262	direct_cross_endpoint
H2R051	Q9NS28	tr|H2R051|H2R051_PANTR	sp|Q9NS28|RGS18_HUMAN	not_scored	FP	sp|P49796|RGS3_HUMAN	sp|Q4L0E8|RGS18_RAT	sp|O08849|RGS2_MOUSE	1	38262	direct_cross_endpoint
H2R094	P34972	tr|H2R094|H2R094_PANTR	sp|P34972|CNR2_HUMAN	not_scored	FP	sp|O08530|S1PR1_MOUSE	sp|P34972|CNR2_HUMAN	sp|O08530|S1PR1_MOUSE	0	1952	direct_cross_endpoint
H2R0I1	Q5TGS1	tr|H2R0I1|H2R0I1_PANTR	sp|Q5TGS1|HES3_HUMAN	not_scored	FP	sp|O57337|HES1_CHICK	sp|Q04667|HES3_RAT	sp|O57337|HES1_CHICK	0	903	direct_cross_endpoint
H2R0N8	P22466	tr|H2R0N8|H2R0N8_PANTR	sp|P22466|GALA_HUMAN	not_scored	FP	sp|Q810H5|GALP_MOUSE	sp|E7EZ53|GALA_DANRE	sp|E7EZ53|GALA_DANRE	0	6999	direct_cross_endpoint
H2R0U1	Q9H3V2	tr|H2R0U1|H2R0U1_PANTR	sp|Q9H3V2|MS4A5_HUMAN	not_scored	FP	sp|Q96DS6|M4A6E_HUMAN	sp|Q9H3V2|MS4A5_HUMAN	sp|Q96DS6|M4A6E_HUMAN	0	5152	direct_cross_endpoint
H2R0U7	Q96H79	tr|H2R0U7|H2R0U7_PANTR	sp|Q96H79|ZCCHL_HUMAN	not_scored	FP	sp|Q3UPF5|ZCCHV_MOUSE	sp|Q8BFR1|ZCCHL_MOUSE	sp|Q3UPF5|ZCCHV_MOUSE	0	8377	direct_cross_endpoint
H2R113	O15034	tr|H2R113|H2R113_PANTR	sp|O15034|RIMB2_HUMAN	not_scored	FP	sp|O95153|RIMB1_HUMAN	sp|O15034|RIMB2_HUMAN	sp|O15034|RIMB2_HUMAN	0	15655	direct_cross_endpoint
H2R115	Q9BQI7	tr|H2R115|H2R115_PANTR	sp|Q9BQI7|PSD2_HUMAN	not_scored	FP	sp|A5PKW4|PSD1_HUMAN	sp|Q6P1I6|PSD2_MOUSE	sp|A5PKW4|PSD1_HUMAN	0	13061	direct_cross_endpoint
H2R126	Q8IZW8	tr|H2R126|H2R126_PANTR	sp|Q8IZW8|TENS4_HUMAN	not_scored	FP	sp|H2L045|TENSH_CAEEL	sp|Q32PJ7|TENS4_BOVIN	sp|H2L045|TENSH_CAEEL	0	6655	direct_cross_endpoint
H2R140	Q3KR37	tr|H2R140|H2R140_PANTR	sp|Q3KR37|ASTRB_HUMAN	not_scored	FP	sp|Q8CI52|ASTRC_MOUSE	sp|Q3KR37|ASTRB_HUMAN	sp|F4HVW5|VAD1_ARATH	0	7566	direct_cross_endpoint
H2R140	Q96CP6	tr|H2R140|H2R140_PANTR	sp|Q96CP6|ASTRA_HUMAN	not_scored	FP	sp|Q8CI52|ASTRC_MOUSE	sp|Q3KR37|ASTRB_HUMAN	sp|F4HVW5|VAD1_ARATH	0	7566	direct_cross_endpoint
H2R166	P07204	tr|H2R166|H2R166_PANTR	sp|P07204|TRBM_HUMAN	not_scored	FP	sp|Q86T13|CLC14_HUMAN	sp|O89103|C1QR1_MOUSE	sp|O89103|C1QR1_MOUSE	0	7495	direct_cross_endpoint
H2R166	Q9HCU0	tr|H2R166|H2R166_PANTR	sp|Q9HCU0|CD248_HUMAN	not_scored	FP	sp|Q86T13|CLC14_HUMAN	sp|Q91V98|CD248_MOUSE	sp|O89103|C1QR1_MOUSE	0		transitive_union
H2R166	Q9NPY3	tr|H2R166|H2R166_PANTR	sp|Q9NPY3|C1QR1_HUMAN	not_scored	FP	sp|Q86T13|CLC14_HUMAN	sp|O89103|C1QR1_MOUSE	sp|O89103|C1QR1_MOUSE	0	7495	direct_cross_endpoint
H2R1D8	Q9BQP9	tr|H2R1D8|H2R1D8_PANTR	sp|Q9BQP9|BPIA3_HUMAN	not_scored	FP	sp|P07743|BPIA2_MOUSE	sp|Q9BQP9|BPIA3_HUMAN	sp|P07743|BPIA2_MOUSE	0		transitive_union
H2R1D8	Q9NP55	tr|H2R1D8|H2R1D8_PANTR	sp|Q9NP55|BPIA1_HUMAN	not_scored	FP	sp|P07743|BPIA2_MOUSE	sp|P97361|BPIA1_MOUSE	sp|P07743|BPIA2_MOUSE	0	3671	direct_cross_endpoint
H2R1E5	O43593	tr|H2R1E5|H2R1E5_PANTR	sp|O43593|HAIR_HUMAN	not_scored	FP	sp|Q5ZIX8|KDM3A_CHICK	sp|O43593|HAIR_HUMAN	sp|O43593|HAIR_HUMAN	0	14636	direct_cross_endpoint
H2R1M1	P02008	tr|H2R1M1|H2R1M1_PANTR	sp|P02008|HBAZ_HUMAN	not_scored	FP	sp|A1A4Q3|HBM_BOVIN	sp|P01923|HBA_GORGO	sp|A1A4Q3|HBM_BOVIN	0	167	direct_cross_endpoint
H2R1M1	P09105	tr|H2R1M1|H2R1M1_PANTR	sp|P09105|HBAT_HUMAN	not_scored	FP	sp|A1A4Q3|HBM_BOVIN	sp|P01923|HBA_GORGO	sp|A1A4Q3|HBM_BOVIN	0	167	direct_cross_endpoint
H2R1M2	P31151	tr|H2R1M2|H2R1M2_PANTR	sp|P31151|S10A7_HUMAN	not_scored	FP	sp|Q5SY68|S1A7B_HUMAN	sp|P31151|S10A7_HUMAN	sp|P31151|S10A7_HUMAN	0	437	direct_cross_endpoint
H2R1Q0	Q8NGU9	tr|H2R1Q0|H2R1Q0_PANTR	sp|Q8NGU9|GP150_HUMAN	not_scored	FP	sp|O02300|NTR1_CAEEL	sp|Q8BL07|GP150_MOUSE	sp|O02300|NTR1_CAEEL	0	5970	direct_cross_endpoint
H2R1S8	Q9NXH3	tr|H2R1S8|H2R1S8_PANTR	sp|Q9NXH3|PP14D_HUMAN	not_scored	FP	sp|Q62084|PP14B_MOUSE	sp|Q7TT52|PP14D_MOUSE	sp|Q62084|PP14B_MOUSE	0	12853	direct_cross_endpoint
H2R1U1	Q3MIP1	tr|H2R1U1|H2R1U1_PANTR	sp|Q3MIP1|IPIL2_HUMAN	not_scored	FP	sp|A2ASA8|IPIL1_MOUSE	sp|Q3MIP1|IPIL2_HUMAN	sp|A2ASA8|IPIL1_MOUSE	0	27616	direct_cross_endpoint
H2R1V0	P20929	tr|H2R1V0|H2R1V0_PANTR	sp|P20929|NEBU_HUMAN	not_scored	FP	sp|O76041|NEBL_HUMAN	sp|P20929|NEBU_HUMAN	sp|O76041|NEBL_HUMAN	0	33612	direct_cross_endpoint
H2R1V8	Q5VZ03	tr|H2R1V8|H2R1V8_PANTR	sp|Q5VZ03|NXNL2_HUMAN	not_scored	FP	sp|A5PMF7|NXNL1_DANRE	sp|Q5VZ03|NXNL2_HUMAN	sp|A5PMF7|NXNL1_DANRE	0	14650	direct_cross_endpoint
H2R1X5	Q16581	tr|H2R1X5|H2R1X5_PANTR	sp|Q16581|C3AR_HUMAN	not_scored	FP	sp|A4FUQ5|FPRS4_MOUSE	sp|O09047|C3AR_MOUSE	sp|A4FUQ5|FPRS4_MOUSE	0	1686	direct_cross_endpoint
H2R1X5	Q9P296	tr|H2R1X5|H2R1X5_PANTR	sp|Q9P296|C5AR2_HUMAN	not_scored	FP	sp|A4FUQ5|FPRS4_MOUSE	sp|Q695P6|C5AR2_RAT	sp|A4FUQ5|FPRS4_MOUSE	0	1545	direct_cross_endpoint
H2R224	P55000	tr|H2R224|H2R224_PANTR	sp|P55000|SLUR1_HUMAN	not_scored	FP	sp|O43653|PSCA_HUMAN	sp|P55000|SLUR1_HUMAN	sp|O43653|PSCA_HUMAN	0	6959	direct_cross_endpoint
H2R224	Q16553	tr|H2R224|H2R224_PANTR	sp|Q16553|LY6E_HUMAN	not_scored	FP	sp|O43653|PSCA_HUMAN	sp|Q16553|LY6E_HUMAN	sp|O43653|PSCA_HUMAN	0	8783	direct_cross_endpoint
H2R281	Q8N8F7	tr|H2R281|H2R281_PANTR	sp|Q8N8F7|LSME1_HUMAN	not_scored	FP	sp|O00458|IFRD1_HUMAN	sp|A5PK14|LSME1_BOVIN	sp|A5PK14|LSME1_BOVIN	0	27891	direct_cross_endpoint
H2R286	Q8N4B4	tr|H2R286|H2R286_PANTR	sp|Q8N4B4|FBX39_HUMAN	not_scored	FP	sp|Q3ZBA7|FXL21_BOVIN	sp|Q32LM4|FBX39_BOVIN	sp|Q32LM4|FBX39_BOVIN	0	9757	direct_cross_endpoint
H2R2G3	O95136	tr|H2R2G3|H2R2G3_PANTR	sp|O95136|S1PR2_HUMAN	not_scored	FP	sp|P34972|CNR2_HUMAN	sp|O08530|S1PR1_MOUSE	sp|O08530|S1PR1_MOUSE	0	1952	direct_cross_endpoint
H2R2G3	P21453	tr|H2R2G3|H2R2G3_PANTR	sp|P21453|S1PR1_HUMAN	not_scored	FP	sp|P34972|CNR2_HUMAN	sp|O08530|S1PR1_MOUSE	sp|O08530|S1PR1_MOUSE	0	1952	direct_cross_endpoint
H2R2G3	Q92633	tr|H2R2G3|H2R2G3_PANTR	sp|Q92633|LPAR1_HUMAN	not_scored	FP	sp|P34972|CNR2_HUMAN	sp|O08530|S1PR1_MOUSE	sp|O08530|S1PR1_MOUSE	0	1952	direct_cross_endpoint
H2R2G3	Q99500	tr|H2R2G3|H2R2G3_PANTR	sp|Q99500|S1PR3_HUMAN	not_scored	FP	sp|P34972|CNR2_HUMAN	sp|O08530|S1PR1_MOUSE	sp|O08530|S1PR1_MOUSE	0	1952	direct_cross_endpoint
H2R2G3	Q9HBW0	tr|H2R2G3|H2R2G3_PANTR	sp|Q9HBW0|LPAR2_HUMAN	not_scored	FP	sp|P34972|CNR2_HUMAN	sp|O08530|S1PR1_MOUSE	sp|O08530|S1PR1_MOUSE	0	1952	direct_cross_endpoint
H2R2G3	Q9UBY5	tr|H2R2G3|H2R2G3_PANTR	sp|Q9UBY5|LPAR3_HUMAN	not_scored	FP	sp|P34972|CNR2_HUMAN	sp|O08530|S1PR1_MOUSE	sp|O08530|S1PR1_MOUSE	0	1952	direct_cross_endpoint
H2R2J8	Q9BQA9	tr|H2R2J8|H2R2J8_PANTR	sp|Q9BQA9|CYBC1_HUMAN	not_scored	FP	sp|Q5M843|OGFD3_RAT	sp|Q0D2D7|CYBC1_XENTR	sp|Q0D2D7|CYBC1_XENTR	0	11909	direct_cross_endpoint
H2R2R8	O43511	tr|H2R2R8|H2R2R8_PANTR	sp|O43511|S26A4_HUMAN	not_scored	FP	sp|A6QNW6|S26A8_BOVIN	sp|A4IIF2|S26A9_XENTR	sp|A4IIF2|S26A9_XENTR	0	5698	direct_cross_endpoint
H2R2R8	P40879	tr|H2R2R8|H2R2R8_PANTR	sp|P40879|S26A3_HUMAN	not_scored	FP	sp|A6QNW6|S26A8_BOVIN	sp|A4IIF2|S26A9_XENTR	sp|A4IIF2|S26A9_XENTR	0	5698	direct_cross_endpoint
H2R2R8	P50443	tr|H2R2R8|H2R2R8_PANTR	sp|P50443|S26A2_HUMAN	not_scored	FP	sp|A6QNW6|S26A8_BOVIN	sp|A4IIF2|S26A9_XENTR	sp|A4IIF2|S26A9_XENTR	0	5698	direct_cross_endpoint
H2R2R8	P58743	tr|H2R2R8|H2R2R8_PANTR	sp|P58743|S26A5_HUMAN	not_scored	FP	sp|A6QNW6|S26A8_BOVIN	sp|A4IIF2|S26A9_XENTR	sp|A4IIF2|S26A9_XENTR	0	5698	direct_cross_endpoint
H2R2R8	Q7LBE3	tr|H2R2R8|H2R2R8_PANTR	sp|Q7LBE3|S26A9_HUMAN	not_scored	FP	sp|A6QNW6|S26A8_BOVIN	sp|A4IIF2|S26A9_XENTR	sp|A4IIF2|S26A9_XENTR	0	5698	direct_cross_endpoint
H2R2R8	Q8NG04	tr|H2R2R8|H2R2R8_PANTR	sp|Q8NG04|S2610_HUMAN	not_scored	FP	sp|A6QNW6|S26A8_BOVIN	sp|Q8NG04|S2610_HUMAN	sp|A4IIF2|S26A9_XENTR	0		transitive_union
H2R2R8	Q8TE54	tr|H2R2R8|H2R2R8_PANTR	sp|Q8TE54|S26A7_HUMAN	not_scored	FP	sp|A6QNW6|S26A8_BOVIN	sp|A4IIF2|S26A9_XENTR	sp|A4IIF2|S26A9_XENTR	0	5698	direct_cross_endpoint
H2R2R8	Q9BXS9	tr|H2R2R8|H2R2R8_PANTR	sp|Q9BXS9|S26A6_HUMAN	not_scored	FP	sp|A6QNW6|S26A8_BOVIN	sp|A4IIF2|S26A9_XENTR	sp|A4IIF2|S26A9_XENTR	0	5698	direct_cross_endpoint
H2R2R8	Q9H2B4	tr|H2R2R8|H2R2R8_PANTR	sp|Q9H2B4|S26A1_HUMAN	not_scored	FP	sp|A6QNW6|S26A8_BOVIN	sp|A4IIF2|S26A9_XENTR	sp|A4IIF2|S26A9_XENTR	0	5698	direct_cross_endpoint
H2R2X2	Q8IZ08	tr|H2R2X2|H2R2X2_PANTR	sp|Q8IZ08|GP135_HUMAN	not_scored	FP	sp|P05363|NK2R_BOVIN	sp|Q7TQN7|GP135_RAT	sp|P05363|NK2R_BOVIN	0	4458	direct_cross_endpoint
H2R316	Q9ULL0	tr|H2R316|H2R316_PANTR	sp|Q9ULL0|K1210_HUMAN	not_scored	FP	sp|Q6NV74|CRCDL_HUMAN	sp|E9Q0C6|K1210_MOUSE	sp|E9Q0C6|K1210_MOUSE	0	14914	direct_cross_endpoint
H2R320	Q8N8B7	tr|H2R320|H2R320_PANTR	sp|Q8N8B7|TEANC_HUMAN	not_scored	FP	sp|O13896|RPC10_SCHPO	sp|Q3US16|TEANC_MOUSE	sp|O13896|RPC10_SCHPO	0	4788	direct_cross_endpoint
H2R352	O75298	tr|H2R352|H2R352_PANTR	sp|O75298|RTN2_HUMAN	not_scored	FP	sp|A7MC64|RTN1_XENTR	sp|O70622|RTN2_MOUSE	sp|A7MC64|RTN1_XENTR	0	6580	direct_cross_endpoint
H2R353	P58499	tr|H2R353|H2R353_PANTR	sp|P58499|FAM3B_HUMAN	not_scored	FP	sp|A5PKI3|FAM3C_BOVIN	sp|P58499|FAM3B_HUMAN	sp|A5PKI3|FAM3C_BOVIN	0	416	direct_cross_endpoint
H2R3B9	Q9UIS9	tr|H2R3B9|H2R3B9_PANTR	sp|Q9UIS9|MBD1_HUMAN	not_scored	FP	sp|O95983|MBD3_HUMAN	sp|Q9UIS9|MBD1_HUMAN	sp|O95983|MBD3_HUMAN	0	9247	direct_cross_endpoint
H2R3H0	P29274	tr|H2R3H0|H2R3H0_PANTR	sp|P29274|AA2AR_HUMAN	not_scored	FP	sp|Q7TQN8|GP119_RAT	sp|O13076|AA2BR_CHICK	sp|O13076|AA2BR_CHICK	0	3720	direct_cross_endpoint
H2R3H0	P29275	tr|H2R3H0|H2R3H0_PANTR	sp|P29275|AA2BR_HUMAN	not_scored	FP	sp|Q7TQN8|GP119_RAT	sp|O13076|AA2BR_CHICK	sp|O13076|AA2BR_CHICK	0	3720	direct_cross_endpoint
H2R3H0	P30542	tr|H2R3H0|H2R3H0_PANTR	sp|P30542|AA1R_HUMAN	not_scored	FP	sp|Q7TQN8|GP119_RAT	sp|O13076|AA2BR_CHICK	sp|O13076|AA2BR_CHICK	0	3720	direct_cross_endpoint
H2R3H0	Q8TDU6	tr|H2R3H0|H2R3H0_PANTR	sp|Q8TDU6|GPBAR_HUMAN	not_scored	FP	sp|Q7TQN8|GP119_RAT	sp|Q80SS6|GPBAR_MOUSE	sp|O13076|AA2BR_CHICK	1	35667	direct_cross_endpoint
H2R3I1	Q6PI47	tr|H2R3I1|H2R3I1_PANTR	sp|Q6PI47|KCD18_HUMAN	not_scored	FP	sp|A6H6X4|KCTD4_BOVIN	sp|Q29RJ0|KCD18_BOVIN	sp|A6H6X4|KCTD4_BOVIN	0	5511	direct_cross_endpoint
H2R3J8	Q16670	tr|H2R3J8|H2R3J8_PANTR	sp|Q16670|ZSC26_HUMAN	not_scored	FP	sp|Q5FWF6|ZN789_HUMAN	sp|A1YEV9|ZSC21_GORGO	sp|A1YEV9|ZSC21_GORGO	0	1286	direct_cross_endpoint
H2R3J8	Q9Y5A6	tr|H2R3J8|H2R3J8_PANTR	sp|Q9Y5A6|ZSC21_HUMAN	not_scored	FP	sp|Q5FWF6|ZN789_HUMAN	sp|A1YEV9|ZSC21_GORGO	sp|A1YEV9|ZSC21_GORGO	0	1286	direct_cross_endpoint
H2R3T5	Q5TGS1	tr|H2R3T5|H2R3T5_PANTR	sp|Q5TGS1|HES3_HUMAN	not_scored	FP	sp|O57337|HES1_CHICK	sp|Q04667|HES3_RAT	sp|O57337|HES1_CHICK	0	903	direct_cross_endpoint
H2R3V3	P51508	tr|H2R3V3|H2R3V3_PANTR	sp|P51508|ZNF81_HUMAN	not_scored	FP	sp|P51814|ZNF41_HUMAN	sp|P51508|ZNF81_HUMAN	sp|P51508|ZNF81_HUMAN	0	689	direct_cross_endpoint
H2R3V3	Q9HCZ1	tr|H2R3V3|H2R3V3_PANTR	sp|Q9HCZ1|ZN334_HUMAN	not_scored	FP	sp|P51814|ZNF41_HUMAN	sp|Q9HCZ1|ZN334_HUMAN	sp|P51508|ZNF81_HUMAN	1	34338	direct_cross_endpoint
H2R3V4	Q8IZ08	tr|H2R3V4|H2R3V4_PANTR	sp|Q8IZ08|GP135_HUMAN	not_scored	FP	sp|P05363|NK2R_BOVIN	sp|Q7TQN7|GP135_RAT	sp|P05363|NK2R_BOVIN	0	4458	direct_cross_endpoint
H2R427	Q2WEN9	tr|H2R427|H2R427_PANTR	sp|Q2WEN9|CEA16_HUMAN	not_scored	FP	sp|O75871|CEAM4_HUMAN	sp|D3ZQE1|CEA16_RAT	sp|A6QQC6|HECA2_BOVIN	0	8485	direct_cross_endpoint
H2R427	Q7Z692	tr|H2R427|H2R427_PANTR	sp|Q7Z692|CEA19_HUMAN	not_scored	FP	sp|O75871|CEAM4_HUMAN	sp|Q7Z692|CEA19_HUMAN	sp|A6QQC6|HECA2_BOVIN	1	35797	direct_cross_endpoint
H2R466	Q9NWS6	tr|H2R466|H2R466_PANTR	sp|Q9NWS6|F118A_HUMAN	not_scored	FP	sp|Q4QQT2|F118B_RAT	sp|Q91YN1|F118A_MOUSE	sp|Q4QQT2|F118B_RAT	0	5926	direct_cross_endpoint
H2R4A3	Q58DX5	tr|H2R4A3|H2R4A3_PANTR	sp|Q58DX5|NADL2_HUMAN	not_scored	FP	sp|A0A1D6L709|VP8_MAIZE	sp|Q58DX5|NADL2_HUMAN	sp|A0A1D6L709|VP8_MAIZE	0	7397	direct_cross_endpoint
H2R4A6	Q6UWV2	tr|H2R4A6|H2R4A6_PANTR	sp|Q6UWV2|MPZL3_HUMAN	not_scored	FP	sp|A0JM41|MYP0_XENTR	sp|A5D7C3|MPZL3_BOVIN	sp|A0JM41|MYP0_XENTR	0	2884	direct_cross_endpoint
H2R4E2	Q9H987	tr|H2R4E2|H2R4E2_PANTR	sp|Q9H987|SYP2L_HUMAN	not_scored	FP	sp|Q8CC35|SYNPO_MOUSE	sp|D4A702|SYNP2_RAT	sp|D4A702|SYNP2_RAT	0	7142	direct_cross_endpoint
H2R4E2	Q9UMS6	tr|H2R4E2|H2R4E2_PANTR	sp|Q9UMS6|SYNP2_HUMAN	not_scored	FP	sp|Q8CC35|SYNPO_MOUSE	sp|D4A702|SYNP2_RAT	sp|D4A702|SYNP2_RAT	0	7142	direct_cross_endpoint
H2R4G9	Q9NZA1	tr|H2R4G9|H2R4G9_PANTR	sp|Q9NZA1|CLIC5_HUMAN	not_scored	FP	sp|O00299|CLIC1_HUMAN	sp|P35526|CLIC5_BOVIN	sp|O00299|CLIC1_HUMAN	0	4128	direct_cross_endpoint
H2R4H8	Q9GZY8	tr|H2R4H8|H2R4H8_PANTR	sp|Q9GZY8|MFF_HUMAN	not_scored	FP	sp|Q8CEK7|FATE1_MOUSE	sp|Q3ZCD8|MFF_BOVIN	sp|Q3ZCD8|MFF_BOVIN	0	26613	direct_cross_endpoint
H2R4I3	P43364	tr|H2R4I3|H2R4I3_PANTR	sp|P43364|MAGAB_HUMAN	not_scored	FP	sp|A2A368|MAGBG_HUMAN	sp|P43364|MAGAB_HUMAN	sp|A1A5P9|MAGE1_RAT	0	1732	direct_cross_endpoint
H2R4I3	Q9H213	tr|H2R4I3|H2R4I3_PANTR	sp|Q9H213|MAGH1_HUMAN	not_scored	FP	sp|A2A368|MAGBG_HUMAN	sp|A1A5P9|MAGE1_RAT	sp|A1A5P9|MAGE1_RAT	0	1011	direct_cross_endpoint
H2R4I3	Q9HCI5	tr|H2R4I3|H2R4I3_PANTR	sp|Q9HCI5|MAGE1_HUMAN	not_scored	FP	sp|A2A368|MAGBG_HUMAN	sp|A1A5P9|MAGE1_RAT	sp|A1A5P9|MAGE1_RAT	0	1011	direct_cross_endpoint
H2R4M9	Q1RMT5_BOVIN	tr|H2R4M9|H2R4M9_PANTR	tr|Q1RMT5|Q1RMT5_BOVIN	not_scored	FP	sp|B1WBW4|ARM10_RAT	sp|Q6A058|ARMX2_MOUSE	sp|B1WBW4|ARM10_RAT	0	2708	direct_cross_endpoint
H2R4M9	Q7L311	tr|H2R4M9|H2R4M9_PANTR	sp|Q7L311|ARMX2_HUMAN	not_scored	FP	sp|B1WBW4|ARM10_RAT	sp|Q6A058|ARMX2_MOUSE	sp|B1WBW4|ARM10_RAT	0	2708	direct_cross_endpoint
H2R4N6	O15479	tr|H2R4N6|H2R4N6_PANTR	sp|O15479|MAGB2_HUMAN	not_scored	FP	sp|A1A5P9|MAGE1_RAT	sp|A2A368|MAGBG_HUMAN	sp|A1A5P9|MAGE1_RAT	0	1011	direct_cross_endpoint
H2R4N6	P43355	tr|H2R4N6|H2R4N6_PANTR	sp|P43355|MAGA1_HUMAN	not_scored	FP	sp|A1A5P9|MAGE1_RAT	sp|A2A368|MAGBG_HUMAN	sp|A1A5P9|MAGE1_RAT	0	1011	direct_cross_endpoint
H2R4N6	P43363	tr|H2R4N6|H2R4N6_PANTR	sp|P43363|MAGAA_HUMAN	not_scored	FP	sp|A1A5P9|MAGE1_RAT	sp|A2A368|MAGBG_HUMAN	sp|A1A5P9|MAGE1_RAT	0	1011	direct_cross_endpoint
H2R4N6	P43364	tr|H2R4N6|H2R4N6_PANTR	sp|P43364|MAGAB_HUMAN	not_scored	FP	sp|A1A5P9|MAGE1_RAT	sp|P43364|MAGAB_HUMAN	sp|A1A5P9|MAGE1_RAT	0		transitive_union
H2R4N6	P43366	tr|H2R4N6|H2R4N6_PANTR	sp|P43366|MAGB1_HUMAN	not_scored	FP	sp|A1A5P9|MAGE1_RAT	sp|A2A368|MAGBG_HUMAN	sp|A1A5P9|MAGE1_RAT	0	1011	direct_cross_endpoint
H2R4N6	Q96LZ2	tr|H2R4N6|H2R4N6_PANTR	sp|Q96LZ2|MAGBA_HUMAN	not_scored	FP	sp|A1A5P9|MAGE1_RAT	sp|A2A368|MAGBG_HUMAN	sp|A1A5P9|MAGE1_RAT	0	1011	direct_cross_endpoint
H2R4N6	Q96M61	tr|H2R4N6|H2R4N6_PANTR	sp|Q96M61|MAGBI_HUMAN	not_scored	FP	sp|A1A5P9|MAGE1_RAT	sp|A2A368|MAGBG_HUMAN	sp|A1A5P9|MAGE1_RAT	0	1011	direct_cross_endpoint
H2R4N6	Q9UBF1	tr|H2R4N6|H2R4N6_PANTR	sp|Q9UBF1|MAGC2_HUMAN	not_scored	FP	sp|A1A5P9|MAGE1_RAT	sp|A2A368|MAGBG_HUMAN	sp|A1A5P9|MAGE1_RAT	0	1011	direct_cross_endpoint
H2R4V5	Q8NHV1	tr|H2R4V5|H2R4V5_PANTR	sp|Q8NHV1|GIMA7_HUMAN	not_scored	FP	tr|A0A2K1KSU5|A0A2K1KSU5_PHYPA	sp|G3X987|GIMA9_MOUSE	sp|G3X987|GIMA9_MOUSE	1	35079	direct_cross_endpoint
H2R4V5	Q8WWP7	tr|H2R4V5|H2R4V5_PANTR	sp|Q8WWP7|GIMA1_HUMAN	FN	TP	tr|A0A2K1KSU5|A0A2K1KSU5_PHYPA	sp|G3X987|GIMA9_MOUSE	sp|G3X987|GIMA9_MOUSE	1	35079	direct_cross_endpoint
H2R4V5	Q9NUV9	tr|H2R4V5|H2R4V5_PANTR	sp|Q9NUV9|GIMA4_HUMAN	not_scored	FP	tr|A0A2K1KSU5|A0A2K1KSU5_PHYPA	sp|G3X987|GIMA9_MOUSE	sp|G3X987|GIMA9_MOUSE	1	35079	direct_cross_endpoint
H2R4V5	Q9UG22	tr|H2R4V5|H2R4V5_PANTR	sp|Q9UG22|GIMA2_HUMAN	not_scored	FP	tr|A0A2K1KSU5|A0A2K1KSU5_PHYPA	sp|G3X987|GIMA9_MOUSE	sp|G3X987|GIMA9_MOUSE	1	35079	direct_cross_endpoint
H2R4X2	P04921	tr|H2R4X2|H2R4X2_PANTR	sp|P04921|GLPC_HUMAN	not_scored	FP	sp|O95727|CRTAM_HUMAN	sp|P04921|GLPC_HUMAN	sp|A4IFL2|SMAGP_BOVIN	0	14392	direct_cross_endpoint
H2R4X2	Q0VAQ4	tr|H2R4X2|H2R4X2_PANTR	sp|Q0VAQ4|SMAGP_HUMAN	not_scored	FP	sp|O95727|CRTAM_HUMAN	sp|A4IFL2|SMAGP_BOVIN	sp|A4IFL2|SMAGP_BOVIN	0		transitive_union
H2R4X2	Q8N126	tr|H2R4X2|H2R4X2_PANTR	sp|Q8N126|CADM3_HUMAN	not_scored	FP	sp|O95727|CRTAM_HUMAN	sp|P04921|GLPC_HUMAN	sp|A4IFL2|SMAGP_BOVIN	0	14392	direct_cross_endpoint
H2R4X2	Q8N3J6	tr|H2R4X2|H2R4X2_PANTR	sp|Q8N3J6|CADM2_HUMAN	not_scored	FP	sp|O95727|CRTAM_HUMAN	sp|P04921|GLPC_HUMAN	sp|A4IFL2|SMAGP_BOVIN	0	14392	direct_cross_endpoint
H2R4X2	Q8NFZ8	tr|H2R4X2|H2R4X2_PANTR	sp|Q8NFZ8|CADM4_HUMAN	not_scored	FP	sp|O95727|CRTAM_HUMAN	sp|P04921|GLPC_HUMAN	sp|A4IFL2|SMAGP_BOVIN	0	14392	direct_cross_endpoint
H2R4X2	Q9BY67	tr|H2R4X2|H2R4X2_PANTR	sp|Q9BY67|CADM1_HUMAN	not_scored	FP	sp|O95727|CRTAM_HUMAN	sp|P04921|GLPC_HUMAN	sp|A4IFL2|SMAGP_BOVIN	0	14392	direct_cross_endpoint
H2R576	Q8NFT6	tr|H2R576|H2R576_PANTR	sp|Q8NFT6|DBF4B_HUMAN	not_scored	FP	sp|Q9QZ41|DBF4A_MOUSE	sp|Q8NFT6|DBF4B_HUMAN	sp|Q8NFT6|DBF4B_HUMAN	0	9911	direct_cross_endpoint
H2R578	Q6ZS11	tr|H2R578|H2R578_PANTR	sp|Q6ZS11|RINL_HUMAN	not_scored	FP	sp|P97680|RIN1_RAT	sp|Q6ZS11|RINL_HUMAN	sp|P59729|RIN3_MOUSE	0		transitive_union
H2R578	Q8TB24	tr|H2R578|H2R578_PANTR	sp|Q8TB24|RIN3_HUMAN	not_scored	FP	sp|P97680|RIN1_RAT	sp|P59729|RIN3_MOUSE	sp|P59729|RIN3_MOUSE	0	14630	direct_cross_endpoint
H2R578	Q8WYP3	tr|H2R578|H2R578_PANTR	sp|Q8WYP3|RIN2_HUMAN	not_scored	FP	sp|P97680|RIN1_RAT	sp|P59729|RIN3_MOUSE	sp|P59729|RIN3_MOUSE	0	14630	direct_cross_endpoint
H2R5E1	Q8NGU9	tr|H2R5E1|H2R5E1_PANTR	sp|Q8NGU9|GP150_HUMAN	not_scored	FP	sp|O02300|NTR1_CAEEL	sp|Q8BL07|GP150_MOUSE	sp|O02300|NTR1_CAEEL	0	5970	direct_cross_endpoint
H2R5I2	Q5W5X9	tr|H2R5I2|H2R5I2_PANTR	sp|Q5W5X9|TTC23_HUMAN	not_scored	FP	sp|A6H6E9|TT23L_MOUSE	sp|Q2KHY7|TTC23_BOVIN	sp|A6H6E9|TT23L_MOUSE	0	9171	direct_cross_endpoint
H2R5N0	P06702	tr|H2R5N0|H2R5N0_PANTR	sp|P06702|S10A9_HUMAN	not_scored	FP	sp|P02638|S100B_BOVIN	sp|P06702|S10A9_HUMAN	sp|P02633|S100G_BOVIN	0	7306	direct_cross_endpoint
H2R5N0	P29377	tr|H2R5N0|H2R5N0_PANTR	sp|P29377|S100G_HUMAN	not_scored	FP	sp|P02638|S100B_BOVIN	sp|P02633|S100G_BOVIN	sp|P02633|S100G_BOVIN	0	8421	direct_cross_endpoint
H2R5N0	P33764	tr|H2R5N0|H2R5N0_PANTR	sp|P33764|S10A3_HUMAN	not_scored	FP	sp|P02638|S100B_BOVIN	sp|P33764|S10A3_HUMAN	sp|P02633|S100G_BOVIN	0	812	direct_cross_endpoint
H2R5P7	P30518	tr|H2R5P7|H2R5P7_PANTR	sp|P30518|V2R_HUMAN	not_scored	FP	sp|Q8BL07|GP150_MOUSE	sp|O02300|NTR1_CAEEL	sp|O02300|NTR1_CAEEL	0	5970	direct_cross_endpoint
H2R5P7	P30559	tr|H2R5P7|H2R5P7_PANTR	sp|P30559|OXYR_HUMAN	not_scored	FP	sp|Q8BL07|GP150_MOUSE	sp|O02300|NTR1_CAEEL	sp|O02300|NTR1_CAEEL	0	5970	direct_cross_endpoint
H2R5P7	P37288	tr|H2R5P7|H2R5P7_PANTR	sp|P37288|V1AR_HUMAN	not_scored	FP	sp|Q8BL07|GP150_MOUSE	sp|O02300|NTR1_CAEEL	sp|O02300|NTR1_CAEEL	0	5970	direct_cross_endpoint
H2R5P7	P47901	tr|H2R5P7|H2R5P7_PANTR	sp|P47901|V1BR_HUMAN	not_scored	FP	sp|Q8BL07|GP150_MOUSE	sp|O02300|NTR1_CAEEL	sp|O02300|NTR1_CAEEL	0	5970	direct_cross_endpoint
H2R5P7	Q6W5P4	tr|H2R5P7|H2R5P7_PANTR	sp|Q6W5P4|NPSR1_HUMAN	not_scored	FP	sp|Q8BL07|GP150_MOUSE	sp|O02300|NTR1_CAEEL	sp|O02300|NTR1_CAEEL	0	5970	direct_cross_endpoint
H2R5V7	Q8N0Z9	tr|H2R5V7|H2R5V7_PANTR	sp|Q8N0Z9|VSI10_HUMAN	not_scored	FP	sp|D3YZF7|VS10L_MOUSE	sp|B0CLX4|VSI10_DANRE	sp|A0A140LHF2|VSXL2_MOUSE	1	38307	direct_cross_endpoint
H2R5V9	Q16581	tr|H2R5V9|H2R5V9_PANTR	sp|Q16581|C3AR_HUMAN	not_scored	FP	sp|A4FUQ5|FPRS4_MOUSE	sp|O09047|C3AR_MOUSE	sp|A4FUQ5|FPRS4_MOUSE	0	1686	direct_cross_endpoint
H2R5V9	Q9P296	tr|H2R5V9|H2R5V9_PANTR	sp|Q9P296|C5AR2_HUMAN	not_scored	FP	sp|A4FUQ5|FPRS4_MOUSE	sp|Q695P6|C5AR2_RAT	sp|A4FUQ5|FPRS4_MOUSE	0	1545	direct_cross_endpoint
H2R5Z3	Q86VE0	tr|H2R5Z3|H2R5Z3_PANTR	sp|Q86VE0|MYPOP_HUMAN	FN	TP	sp|Q8R4U1|MYPOP_MOUSE	sp|Q86VE0|MYPOP_HUMAN	sp|Q86VE0|MYPOP_HUMAN	0	939	direct_cross_endpoint
H2R627	P09466	tr|H2R627|H2R627_PANTR	sp|P09466|PAEP_HUMAN	not_scored	FP	sp|A2BIM8|MUP18_MOUSE	sp|P02754|LACB_BOVIN	sp|A2BIM8|MUP18_MOUSE	0	5895	direct_cross_endpoint
H2R629	H3BRN8	tr|H2R629|H2R629_PANTR	sp|H3BRN8|CO065_HUMAN	not_scored	FP	sp|B0UXH9|CI116_DANRE	sp|H3BRN8|CO065_HUMAN	sp|B0UXH9|CI116_DANRE	0	9117	direct_cross_endpoint
H2R6B2	O15083	tr|H2R6B2|H2R6B2_PANTR	sp|O15083|ERC2_HUMAN	not_scored	FP	sp|Q8CDI7|CC150_MOUSE	sp|O15083|ERC2_HUMAN	sp|O15083|ERC2_HUMAN	1	35301	direct_cross_endpoint
H2R6B2	Q5M9N0	tr|H2R6B2|H2R6B2_PANTR	sp|Q5M9N0|CD158_HUMAN	not_scored	FP	sp|Q8CDI7|CC150_MOUSE	sp|Q5M9N0|CD158_HUMAN	sp|O15083|ERC2_HUMAN	1	35301	direct_cross_endpoint
H2R6B2	Q8IUD2	tr|H2R6B2|H2R6B2_PANTR	sp|Q8IUD2|RB6I2_HUMAN	not_scored	FP	sp|Q8CDI7|CC150_MOUSE	sp|O15083|ERC2_HUMAN	sp|O15083|ERC2_HUMAN	1	35301	direct_cross_endpoint
H2R6B2	Q8TBY8	tr|H2R6B2|H2R6B2_PANTR	sp|Q8TBY8|PMFBP_HUMAN	not_scored	FP	sp|Q8CDI7|CC150_MOUSE	sp|Q8TBY8|PMFBP_HUMAN	sp|O15083|ERC2_HUMAN	1	35301	direct_cross_endpoint
H2R6F2	Q702N8	tr|H2R6F2|H2R6F2_PANTR	sp|Q702N8|XIRP1_HUMAN	not_scored	FP	sp|A4UGR9|XIRP2_HUMAN	sp|O70373|XIRP1_MOUSE	sp|A4UGR9|XIRP2_HUMAN	0	8661	direct_cross_endpoint
H2R6M6	O75593	tr|H2R6M6|H2R6M6_PANTR	sp|O75593|FOXH1_HUMAN	not_scored	FP	sp|O13606|MEI4_SCHPO	sp|O75593|FOXH1_HUMAN	sp|O13606|MEI4_SCHPO	0	4823	direct_cross_endpoint
H2R6Q6	Q9UIS9	tr|H2R6Q6|H2R6Q6_PANTR	sp|Q9UIS9|MBD1_HUMAN	not_scored	FP	sp|O95983|MBD3_HUMAN	sp|Q9UIS9|MBD1_HUMAN	sp|O95983|MBD3_HUMAN	0	9247	direct_cross_endpoint
H2R6Q7	Q5DT21	tr|H2R6Q7|H2R6Q7_PANTR	sp|Q5DT21|ISK9_HUMAN	not_scored	FP	sp|O35679|ISK4_MOUSE	sp|Q5DT21|ISK9_HUMAN	sp|O35679|ISK4_MOUSE	0	4520	direct_cross_endpoint
H2R6Q7	Q6IE38	tr|H2R6Q7|H2R6Q7_PANTR	sp|Q6IE38|ISK14_HUMAN	not_scored	FP	sp|O35679|ISK4_MOUSE	sp|Q6IE38|ISK14_HUMAN	sp|O35679|ISK4_MOUSE	1	38274	direct_cross_endpoint
H2R6Q7	Q6UWN8	tr|H2R6Q7|H2R6Q7_PANTR	sp|Q6UWN8|ISK6_HUMAN	not_scored	FP	sp|O35679|ISK4_MOUSE	sp|P01001|ISK6_BOVIN	sp|O35679|ISK4_MOUSE	0	4109	direct_cross_endpoint
H2R6U0	Q69YZ2	tr|H2R6U0|H2R6U0_PANTR	sp|Q69YZ2|T200B_HUMAN	not_scored	FP	sp|A6NKL6|T200C_HUMAN	sp|Q69YZ2|T200B_HUMAN	sp|A6NKL6|T200C_HUMAN	1	36804	direct_cross_endpoint
H2R6W0	Q9H7P9	tr|H2R6W0|H2R6W0_PANTR	sp|Q9H7P9|PKHG2_HUMAN	not_scored	FP	sp|A1L390|PKHG3_HUMAN	sp|Q6KAU7|PKHG2_MOUSE	sp|A1L390|PKHG3_HUMAN	0	6820	direct_cross_endpoint
H2R701	Q9BWW8	tr|H2R701|H2R701_PANTR	sp|Q9BWW8|APOL6_HUMAN	not_scored	FP	sp|O14791|APOL1_HUMAN	sp|Q9BWW8|APOL6_HUMAN	sp|O14791|APOL1_HUMAN	0	10194	direct_cross_endpoint
H2R701	Q9BWW9	tr|H2R701|H2R701_PANTR	sp|Q9BWW9|APOL5_HUMAN	not_scored	FP	sp|O14791|APOL1_HUMAN	sp|Q9BWW9|APOL5_HUMAN	sp|O14791|APOL1_HUMAN	0	12875	direct_cross_endpoint
H2R704	Q8N7R7	tr|H2R704|H2R704_PANTR	sp|Q8N7R7|CCYL1_HUMAN	not_scored	FP	sp|Q6IC83|CV042_HUMAN	sp|P34624|CCNY_CAEEL	sp|A6NIR3|AGAP5_HUMAN	0	11462	direct_cross_endpoint
H2R704	Q8ND76	tr|H2R704|H2R704_PANTR	sp|Q8ND76|CCNY_HUMAN	not_scored	FP	sp|Q6IC83|CV042_HUMAN	sp|P34624|CCNY_CAEEL	sp|A6NIR3|AGAP5_HUMAN	0	11462	direct_cross_endpoint
H2R706	Q9NXH3	tr|H2R706|H2R706_PANTR	sp|Q9NXH3|PP14D_HUMAN	not_scored	FP	sp|Q62084|PP14B_MOUSE	sp|Q7TT52|PP14D_MOUSE	sp|Q62084|PP14B_MOUSE	0	12853	direct_cross_endpoint
H2R784	Q8N4L1	tr|H2R784|H2R784_PANTR	sp|Q8N4L1|T151A_HUMAN	not_scored	FP	sp|A3KN95|T151B_XENTR	sp|A4IFG4|T151B_BOVIN	sp|A3KN95|T151B_XENTR	0	3415	direct_cross_endpoint
H2R7A3	Q96SM3	tr|H2R7A3|H2R7A3_PANTR	sp|Q96SM3|CPXM1_HUMAN	not_scored	FP	sp|A2RUV9|AEBP1_RAT	sp|Q96SM3|CPXM1_HUMAN	sp|A2RUV9|AEBP1_RAT	0	6299	direct_cross_endpoint
H2R7I3	Q96GX1	tr|H2R7I3|H2R7I3_PANTR	sp|Q96GX1|TECT2_HUMAN	not_scored	FP	sp|Q2MV58|TECT1_HUMAN	sp|Q2MV57|TECT2_MOUSE	sp|Q2MV57|TECT2_MOUSE	0	11456	direct_cross_endpoint
H2R7T2	Q8NGR4	tr|H2R7T2|H2R7T2_PANTR	sp|Q8NGR4|OR5C1_HUMAN	not_scored	FP	sp|Q8NGF7|OR5BH_HUMAN	sp|Q8NGR4|OR5C1_HUMAN	sp|Q8NGF7|OR5BH_HUMAN	0	135	direct_cross_endpoint
H2R802	Q8TF20	tr|H2R802|H2R802_PANTR	sp|Q8TF20|ZN721_HUMAN	not_scored	FP	sp|Q5EXX3|ZBT38_RAT	sp|A6NN14|ZN729_HUMAN	sp|A6NN14|ZN729_HUMAN	0	6287	direct_cross_endpoint
H2R804	Q8N813	tr|H2R804|H2R804_PANTR	sp|Q8N813|CC056_HUMAN	not_scored	FP	sp|A6NEV1|PR23A_HUMAN	sp|Q8N813|CC056_HUMAN	sp|A6NEV1|PR23A_HUMAN	0	13482	direct_cross_endpoint
H2R826	Q9BT22	tr|H2R826|H2R826_PANTR	sp|Q9BT22|ALG1_HUMAN	not_scored	FP	sp|Q6GMV1|ALG1L_HUMAN	sp|O13933|ALG1_SCHPO	sp|C9J202|AG1L2_HUMAN	0	14746	direct_cross_endpoint
H2R868	Q8NG04	tr|H2R868|H2R868_PANTR	sp|Q8NG04|S2610_HUMAN	not_scored	FP	sp|A4IIF2|S26A9_XENTR	sp|Q8NG04|S2610_HUMAN	sp|A4IIF2|S26A9_XENTR	0	4697	direct_cross_endpoint
H2R868	Q96RN1	tr|H2R868|H2R868_PANTR	sp|Q96RN1|S26A8_HUMAN	not_scored	FP	sp|A4IIF2|S26A9_XENTR	sp|A6QNW6|S26A8_BOVIN	sp|A4IIF2|S26A9_XENTR	0	5698	direct_cross_endpoint
H2R8A9	P35754	tr|H2R8A9|H2R8A9_PANTR	sp|P35754|GLRX1_HUMAN	not_scored	FP	sp|Q32L67|GLRX2_BOVIN	sp|O36032|GLRX1_SCHPO	sp|O36032|GLRX1_SCHPO	0	3521	direct_cross_endpoint
H2R8I4	Q13291	tr|H2R8I4|H2R8I4_PANTR	sp|Q13291|SLAF1_HUMAN	not_scored	FP	sp|Q18PI6|SLAF5_MOUSE	sp|Q13291|SLAF1_HUMAN	sp|Q01965|LY9_MOUSE	0	10147	direct_cross_endpoint
H2R8I4	Q96A28	tr|H2R8I4|H2R8I4_PANTR	sp|Q96A28|SLAF9_HUMAN	not_scored	FP	sp|Q18PI6|SLAF5_MOUSE	sp|Q96A28|SLAF9_HUMAN	sp|Q01965|LY9_MOUSE	0	5525	direct_cross_endpoint
H2R8I4	Q9HBG7	tr|H2R8I4|H2R8I4_PANTR	sp|Q9HBG7|LY9_HUMAN	not_scored	FP	sp|Q18PI6|SLAF5_MOUSE	sp|Q01965|LY9_MOUSE	sp|Q01965|LY9_MOUSE	0	12488	direct_cross_endpoint
H2R8N0	Q5D862	tr|H2R8N0|H2R8N0_PANTR	sp|Q5D862|FILA2_HUMAN	not_scored	FP	sp|P20930|FILA_HUMAN	sp|Q2VIS4|FILA2_MOUSE	sp|A6QP92|TCHL1_BOVIN	0	12827	direct_cross_endpoint
H2R8N0	Q5QJ38	tr|H2R8N0|H2R8N0_PANTR	sp|Q5QJ38|TCHL1_HUMAN	not_scored	FP	sp|P20930|FILA_HUMAN	sp|A6QP92|TCHL1_BOVIN	sp|A6QP92|TCHL1_BOVIN	0		transitive_union
H2R8N0	Q6XPR3	tr|H2R8N0|H2R8N0_PANTR	sp|Q6XPR3|RPTN_HUMAN	not_scored	FP	sp|P20930|FILA_HUMAN	sp|P97347|RPTN_MOUSE	sp|A6QP92|TCHL1_BOVIN	0		transitive_union
H2R8N0	Q86YZ3	tr|H2R8N0|H2R8N0_PANTR	sp|Q86YZ3|HORN_HUMAN	not_scored	FP	sp|P20930|FILA_HUMAN	sp|Q2VIS4|FILA2_MOUSE	sp|A6QP92|TCHL1_BOVIN	0	12827	direct_cross_endpoint
H2R8N0	Q9UBG3	tr|H2R8N0|H2R8N0_PANTR	sp|Q9UBG3|CRNN_HUMAN	not_scored	FP	sp|P20930|FILA_HUMAN	sp|P97347|RPTN_MOUSE	sp|A6QP92|TCHL1_BOVIN	0		transitive_union
H2R8N2	P20930	tr|H2R8N2|H2R8N2_PANTR	sp|P20930|FILA_HUMAN	not_scored	FP	sp|P97347|RPTN_MOUSE	sp|P20930|FILA_HUMAN	sp|A6QP92|TCHL1_BOVIN	0		transitive_union
H2R8N2	Q5D862	tr|H2R8N2|H2R8N2_PANTR	sp|Q5D862|FILA2_HUMAN	not_scored	FP	sp|P97347|RPTN_MOUSE	sp|Q2VIS4|FILA2_MOUSE	sp|A6QP92|TCHL1_BOVIN	0	10095	direct_cross_endpoint
H2R8N2	Q5QJ38	tr|H2R8N2|H2R8N2_PANTR	sp|Q5QJ38|TCHL1_HUMAN	not_scored	FP	sp|P97347|RPTN_MOUSE	sp|A6QP92|TCHL1_BOVIN	sp|A6QP92|TCHL1_BOVIN	0	5827	direct_cross_endpoint
H2R8N2	Q86YZ3	tr|H2R8N2|H2R8N2_PANTR	sp|Q86YZ3|HORN_HUMAN	not_scored	FP	sp|P97347|RPTN_MOUSE	sp|Q2VIS4|FILA2_MOUSE	sp|A6QP92|TCHL1_BOVIN	0	10095	direct_cross_endpoint
H2R8N3	P20930	tr|H2R8N3|H2R8N3_PANTR	sp|P20930|FILA_HUMAN	not_scored	FP	sp|A6QP92|TCHL1_BOVIN	sp|P20930|FILA_HUMAN	sp|A6QP92|TCHL1_BOVIN	0		transitive_union
H2R8N3	Q5D862	tr|H2R8N3|H2R8N3_PANTR	sp|Q5D862|FILA2_HUMAN	not_scored	FP	sp|A6QP92|TCHL1_BOVIN	sp|Q2VIS4|FILA2_MOUSE	sp|A6QP92|TCHL1_BOVIN	0		transitive_union
H2R8N3	Q6XPR3	tr|H2R8N3|H2R8N3_PANTR	sp|Q6XPR3|RPTN_HUMAN	not_scored	FP	sp|A6QP92|TCHL1_BOVIN	sp|P97347|RPTN_MOUSE	sp|A6QP92|TCHL1_BOVIN	0	5827	direct_cross_endpoint
H2R8N3	Q86YZ3	tr|H2R8N3|H2R8N3_PANTR	sp|Q86YZ3|HORN_HUMAN	not_scored	FP	sp|A6QP92|TCHL1_BOVIN	sp|Q2VIS4|FILA2_MOUSE	sp|A6QP92|TCHL1_BOVIN	0		transitive_union
H2R8N3	Q9UBG3	tr|H2R8N3|H2R8N3_PANTR	sp|Q9UBG3|CRNN_HUMAN	not_scored	FP	sp|A6QP92|TCHL1_BOVIN	sp|P97347|RPTN_MOUSE	sp|A6QP92|TCHL1_BOVIN	0	5827	direct_cross_endpoint
H2R8R0	Q7Z7G1	tr|H2R8R0|H2R8R0_PANTR	sp|Q7Z7G1|CLNK_HUMAN	not_scored	FP	sp|Q4KM52|BLNK_RAT	sp|Q7Z7G1|CLNK_HUMAN	sp|Q4KM52|BLNK_RAT	0	16972	direct_cross_endpoint
H2R8R3	Q0VDD8	tr|H2R8R3|H2R8R3_PANTR	sp|Q0VDD8|DYH14_HUMAN	not_scored	FP	sp|E9Q8T7|DYH1_MOUSE	sp|Q0VDD8|DYH14_HUMAN	sp|E9Q8T7|DYH1_MOUSE	1	35202	direct_cross_endpoint
H2R8W0	Q96DZ5	tr|H2R8W0|H2R8W0_PANTR	sp|Q96DZ5|CLIP3_HUMAN	not_scored	FP	sp|Q66HD5|CLIP4_RAT	sp|B9EHT4|CLIP3_MOUSE	sp|B9EHT4|CLIP3_MOUSE	0	7461	direct_cross_endpoint
H2R921	O75578	tr|H2R921|H2R921_PANTR	sp|O75578|ITA10_HUMAN	not_scored	FP	tr|H2R921|H2R921_PANTR	sp|O75578|ITA10_HUMAN	sp|O75578|ITA10_HUMAN	0	32892	direct_cross_endpoint
H2R921	P11215	tr|H2R921|H2R921_PANTR	sp|P11215|ITAM_HUMAN	not_scored	FP	tr|H2R921|H2R921_PANTR	sp|O75578|ITA10_HUMAN	sp|O75578|ITA10_HUMAN	0	32892	direct_cross_endpoint
H2R921	P17301	tr|H2R921|H2R921_PANTR	sp|P17301|ITA2_HUMAN	not_scored	FP	tr|H2R921|H2R921_PANTR	sp|O75578|ITA10_HUMAN	sp|O75578|ITA10_HUMAN	0	32892	direct_cross_endpoint
H2R921	P20701	tr|H2R921|H2R921_PANTR	sp|P20701|ITAL_HUMAN	FN	TP	tr|H2R921|H2R921_PANTR	sp|O75578|ITA10_HUMAN	sp|O75578|ITA10_HUMAN	0	32892	direct_cross_endpoint
H2R921	P20702	tr|H2R921|H2R921_PANTR	sp|P20702|ITAX_HUMAN	not_scored	FP	tr|H2R921|H2R921_PANTR	sp|O75578|ITA10_HUMAN	sp|O75578|ITA10_HUMAN	0	32892	direct_cross_endpoint
H2R921	P56199	tr|H2R921|H2R921_PANTR	sp|P56199|ITA1_HUMAN	not_scored	FP	tr|H2R921|H2R921_PANTR	sp|O75578|ITA10_HUMAN	sp|O75578|ITA10_HUMAN	0	32892	direct_cross_endpoint
H2R921	Q13349	tr|H2R921|H2R921_PANTR	sp|Q13349|ITAD_HUMAN	not_scored	FP	tr|H2R921|H2R921_PANTR	sp|O75578|ITA10_HUMAN	sp|O75578|ITA10_HUMAN	0	32892	direct_cross_endpoint
H2R921	Q9UKX5	tr|H2R921|H2R921_PANTR	sp|Q9UKX5|ITA11_HUMAN	not_scored	FP	tr|H2R921|H2R921_PANTR	sp|O75578|ITA10_HUMAN	sp|O75578|ITA10_HUMAN	0	32892	direct_cross_endpoint
H2R931	Q6WRX3	tr|H2R931|H2R931_PANTR	sp|Q6WRX3|ZY11A_HUMAN	FN	TP	tr|A7SDM7|A7SDM7_NEMVE	sp|A2BFL2|ZY11A_MOUSE	sp|A2BFL2|ZY11A_MOUSE	0	26600	direct_cross_endpoint
H2R931	Q7Z7L7	tr|H2R931|H2R931_PANTR	sp|Q7Z7L7|ZER1_HUMAN	not_scored	FP	tr|A7SDM7|A7SDM7_NEMVE	sp|A2BFL2|ZY11A_MOUSE	sp|A2BFL2|ZY11A_MOUSE	0	26600	direct_cross_endpoint
H2R931	Q9C0D3	tr|H2R931|H2R931_PANTR	sp|Q9C0D3|ZY11B_HUMAN	not_scored	FP	tr|A7SDM7|A7SDM7_NEMVE	sp|A2BFL2|ZY11A_MOUSE	sp|A2BFL2|ZY11A_MOUSE	0	26600	direct_cross_endpoint
H2R954	O60645	tr|H2R954|H2R954_PANTR	sp|O60645|EXOC3_HUMAN	not_scored	FP	sp|Q17RC7|EX3L4_HUMAN	sp|A2AV37|EX3L1_DANRE	sp|A2AV37|EX3L1_DANRE	0	4767	direct_cross_endpoint
H2R954	Q86VI1	tr|H2R954|H2R954_PANTR	sp|Q86VI1|EX3L1_HUMAN	not_scored	FP	sp|Q17RC7|EX3L4_HUMAN	sp|A2AV37|EX3L1_DANRE	sp|A2AV37|EX3L1_DANRE	0	4767	direct_cross_endpoint
H2R962	Q9H106	tr|H2R962|H2R962_PANTR	sp|Q9H106|SIRPD_HUMAN	not_scored	FP	sp|Q5JXA9|SIRB2_HUMAN	sp|O00241|SIRB1_HUMAN	sp|O00241|SIRB1_HUMAN	0	11239	direct_cross_endpoint
H2R962	Q9P1W8	tr|H2R962|H2R962_PANTR	sp|Q9P1W8|SIRPG_HUMAN	not_scored	FP	sp|Q5JXA9|SIRB2_HUMAN	sp|O00241|SIRB1_HUMAN	sp|O00241|SIRB1_HUMAN	0	11239	direct_cross_endpoint
H2R973	O43707	tr|H2R973|H2R973_PANTR	sp|O43707|ACTN4_HUMAN	not_scored	FP	sp|Q8C5W0|CLMN_MOUSE	sp|A5D7D1|ACTN4_BOVIN	sp|A5D7D1|ACTN4_BOVIN	0	8044	direct_cross_endpoint
H2R973	P12814	tr|H2R973|H2R973_PANTR	sp|P12814|ACTN1_HUMAN	not_scored	FP	sp|Q8C5W0|CLMN_MOUSE	sp|A5D7D1|ACTN4_BOVIN	sp|A5D7D1|ACTN4_BOVIN	0	8044	direct_cross_endpoint
H2R973	P35609	tr|H2R973|H2R973_PANTR	sp|P35609|ACTN2_HUMAN	not_scored	FP	sp|Q8C5W0|CLMN_MOUSE	sp|A5D7D1|ACTN4_BOVIN	sp|A5D7D1|ACTN4_BOVIN	0	8044	direct_cross_endpoint
H2R9E4	Q6UXG3	tr|H2R9E4|H2R9E4_PANTR	sp|Q6UXG3|CLM9_HUMAN	not_scored	FP	sp|A0A0K2S4Q6|CD3CH_HUMAN	sp|A5D7B2|CLM9_BOVIN	sp|A0A0K2S4Q6|CD3CH_HUMAN	0	4582	direct_cross_endpoint
H2R9E5	Q6UXG3	tr|H2R9E5|H2R9E5_PANTR	sp|Q6UXG3|CLM9_HUMAN	not_scored	FP	sp|A0A0K2S4Q6|CD3CH_HUMAN	sp|A5D7B2|CLM9_BOVIN	sp|A0A0K2S4Q6|CD3CH_HUMAN	0	4582	direct_cross_endpoint
H2R9E6	Q6UXG3	tr|H2R9E6|H2R9E6_PANTR	sp|Q6UXG3|CLM9_HUMAN	not_scored	FP	sp|A0A0K2S4Q6|CD3CH_HUMAN	sp|A5D7B2|CLM9_BOVIN	sp|A0A0K2S4Q6|CD3CH_HUMAN	0	4582	direct_cross_endpoint
H2R9F0	Q15911	tr|H2R9F0|H2R9F0_PANTR	sp|Q15911|ZFHX3_HUMAN	not_scored	FP	sp|Q2MHN3|ZFHX2_MOUSE	sp|O73590|ZFHX4_CHICK	sp|O73590|ZFHX4_CHICK	0	6379	direct_cross_endpoint
H2R9F0	Q86UP3	tr|H2R9F0|H2R9F0_PANTR	sp|Q86UP3|ZFHX4_HUMAN	not_scored	FP	sp|Q2MHN3|ZFHX2_MOUSE	sp|O73590|ZFHX4_CHICK	sp|O73590|ZFHX4_CHICK	0	6379	direct_cross_endpoint
H2R9L7	O00626	tr|H2R9L7|H2R9L7_PANTR	sp|O00626|CCL22_HUMAN	not_scored	FP	sp|P10148|CCL2_MOUSE	sp|O00626|CCL22_HUMAN	sp|O00626|CCL22_HUMAN	0	5513	direct_cross_endpoint
H2R9L7	Q9Y258	tr|H2R9L7|H2R9L7_PANTR	sp|Q9Y258|CCL26_HUMAN	not_scored	FP	sp|P10148|CCL2_MOUSE	sp|Q64H35|CCL26_CANLF	sp|O00626|CCL22_HUMAN	0	3938	direct_cross_endpoint
H2R9R2	Q08708	tr|H2R9R2|H2R9R2_PANTR	sp|Q08708|CLM6_HUMAN	not_scored	FP	sp|A5D7B2|CLM9_BOVIN	sp|A0A0K2S4Q6|CD3CH_HUMAN	sp|A0A0K2S4Q6|CD3CH_HUMAN	0	4582	direct_cross_endpoint
H2R9R2	Q496F6	tr|H2R9R2|H2R9R2_PANTR	sp|Q496F6|CLM2_HUMAN	not_scored	FP	sp|A5D7B2|CLM9_BOVIN	sp|A0A0K2S4Q6|CD3CH_HUMAN	sp|A0A0K2S4Q6|CD3CH_HUMAN	0	4582	direct_cross_endpoint
H2R9R2	Q6UXZ3	tr|H2R9R2|H2R9R2_PANTR	sp|Q6UXZ3|CLM5_HUMAN	not_scored	FP	sp|A5D7B2|CLM9_BOVIN	sp|A0A0K2S4Q6|CD3CH_HUMAN	sp|A0A0K2S4Q6|CD3CH_HUMAN	0	4582	direct_cross_endpoint
H2R9R2	Q8TDQ1	tr|H2R9R2|H2R9R2_PANTR	sp|Q8TDQ1|CLM1_HUMAN	not_scored	FP	sp|A5D7B2|CLM9_BOVIN	sp|A0A0K2S4Q6|CD3CH_HUMAN	sp|A0A0K2S4Q6|CD3CH_HUMAN	0	4582	direct_cross_endpoint
H2R9R2	Q9UGN4	tr|H2R9R2|H2R9R2_PANTR	sp|Q9UGN4|CLM8_HUMAN	not_scored	FP	sp|A5D7B2|CLM9_BOVIN	sp|A0A0K2S4Q6|CD3CH_HUMAN	sp|A0A0K2S4Q6|CD3CH_HUMAN	0	4582	direct_cross_endpoint
H2R9X8	Q9UBM8	tr|H2R9X8|H2R9X8_PANTR	sp|Q9UBM8|MGT4C_HUMAN	not_scored	FP	sp|A6NG13|MGT4D_HUMAN	sp|A4IID1|MGT4A_XENTR	sp|A4IID1|MGT4A_XENTR	0	14394	direct_cross_endpoint
H2R9X8	Q9UQ53	tr|H2R9X8|H2R9X8_PANTR	sp|Q9UQ53|MGT4B_HUMAN	not_scored	FP	sp|A6NG13|MGT4D_HUMAN	sp|A4IID1|MGT4A_XENTR	sp|A4IID1|MGT4A_XENTR	0	14394	direct_cross_endpoint
H2R9Y5	Q8IV04	tr|H2R9Y5|H2R9Y5_PANTR	sp|Q8IV04|TB10C_HUMAN	not_scored	FP	sp|Q09445|GRTP6_CAEEL	sp|Q8C9V1|TB10C_MOUSE	sp|P87234|GYP3_SCHPO	0	6753	direct_cross_endpoint
H2RA10	O60662	tr|H2RA10|H2RA10_PANTR	sp|O60662|KLH41_HUMAN	not_scored	FP	tr|H2RA10|H2RA10_PANTR	sp|A2AUC9|KLH41_MOUSE	sp|A2AUC9|KLH41_MOUSE	0	5648	direct_cross_endpoint
H2RA10	Q2TBA0	tr|H2RA10|H2RA10_PANTR	sp|Q2TBA0|KLH40_HUMAN	not_scored	FP	tr|H2RA10|H2RA10_PANTR	sp|A2AUC9|KLH41_MOUSE	sp|A2AUC9|KLH41_MOUSE	0	5648	direct_cross_endpoint
H2RA80	P35637	tr|H2RA80|H2RA80_PANTR	sp|P35637|FUS_HUMAN	FN	TP	tr|H2RA80|H2RA80_PANTR	sp|P35637|FUS_HUMAN	sp|P35637|FUS_HUMAN	1	34376	direct_cross_endpoint
H2RA80	Q01844	tr|H2RA80|H2RA80_PANTR	sp|Q01844|EWS_HUMAN	not_scored	FP	tr|H2RA80|H2RA80_PANTR	sp|Q01844|EWS_HUMAN	sp|P35637|FUS_HUMAN	0	1105	direct_cross_endpoint
H2RAA4	Q16552	tr|H2RAA4|H2RAA4_PANTR	sp|Q16552|IL17_HUMAN	not_scored	FP	sp|Q8TAD2|IL17D_HUMAN	sp|Q16552|IL17_HUMAN	sp|Q16552|IL17_HUMAN	0	4703	direct_cross_endpoint
H2RAA4	Q96PD4	tr|H2RAA4|H2RAA4_PANTR	sp|Q96PD4|IL17F_HUMAN	not_scored	FP	sp|Q8TAD2|IL17D_HUMAN	sp|Q16552|IL17_HUMAN	sp|Q16552|IL17_HUMAN	0	4703	direct_cross_endpoint
H2RAA4	Q9H293	tr|H2RAA4|H2RAA4_PANTR	sp|Q9H293|IL25_HUMAN	not_scored	FP	sp|Q8TAD2|IL17D_HUMAN	sp|Q9H293|IL25_HUMAN	sp|Q16552|IL17_HUMAN	0		transitive_union
H2RAA4	Q9P0M4	tr|H2RAA4|H2RAA4_PANTR	sp|Q9P0M4|IL17C_HUMAN	not_scored	FP	sp|Q8TAD2|IL17D_HUMAN	sp|Q16552|IL17_HUMAN	sp|Q16552|IL17_HUMAN	0	4703	direct_cross_endpoint
H2RAA7	Q9UJ78	tr|H2RAA7|H2RAA7_PANTR	sp|Q9UJ78|ZMYM5_HUMAN	not_scored	FP	sp|A2A791|ZMYM4_MOUSE	sp|A6QPH9|ZMYM5_BOVIN	sp|A2A791|ZMYM4_MOUSE	0	12677	direct_cross_endpoint
H2RAA9	P28907	tr|H2RAA9|H2RAA9_PANTR	sp|P28907|CD38_HUMAN	not_scored	FP	sp|Q10588|BST1_HUMAN	sp|P28907|CD38_HUMAN	sp|P28907|CD38_HUMAN	0	5439	direct_cross_endpoint
H2RAB3	P26439	tr|H2RAB3|H2RAB3_PANTR	sp|P26439|3BHS2_HUMAN	not_scored	FP	sp|A6NKP2|D42E2_HUMAN	sp|A8DZE7|D42E1_DANRE	sp|A6NKP2|D42E2_HUMAN	0	5458	direct_cross_endpoint
H2RAB3	Q15738	tr|H2RAB3|H2RAB3_PANTR	sp|Q15738|NSDHL_HUMAN	not_scored	FP	sp|A6NKP2|D42E2_HUMAN	sp|A8DZE7|D42E1_DANRE	sp|A6NKP2|D42E2_HUMAN	0	5458	direct_cross_endpoint
H2RAB3	Q8WUS8	tr|H2RAB3|H2RAB3_PANTR	sp|Q8WUS8|D42E1_HUMAN	not_scored	FP	sp|A6NKP2|D42E2_HUMAN	sp|A8DZE7|D42E1_DANRE	sp|A6NKP2|D42E2_HUMAN	0	5458	direct_cross_endpoint
H2RAB3	Q9H2F3	tr|H2RAB3|H2RAB3_PANTR	sp|Q9H2F3|3BHS7_HUMAN	not_scored	FP	sp|A6NKP2|D42E2_HUMAN	sp|A8DZE7|D42E1_DANRE	sp|A6NKP2|D42E2_HUMAN	0	5458	direct_cross_endpoint
H2RAB7	P07988	tr|H2RAB7|H2RAB7_PANTR	sp|P07988|PSPB_HUMAN	not_scored	FP	sp|O13035|SAP_CHICK	sp|P07988|PSPB_HUMAN	sp|O13035|SAP_CHICK	0	15216	direct_cross_endpoint
H2RAC3	Q6GPH6	tr|H2RAC3|H2RAC3_PANTR	sp|Q6GPH6|IPIL1_HUMAN	not_scored	FP	sp|Q3MIP1|IPIL2_HUMAN	sp|A2ASA8|IPIL1_MOUSE	sp|A2ASA8|IPIL1_MOUSE	0	27616	direct_cross_endpoint
H2RAC3	Q8IWB1	tr|H2RAC3|H2RAC3_PANTR	sp|Q8IWB1|IPRI_HUMAN	not_scored	FP	sp|Q3MIP1|IPIL2_HUMAN	sp|A2ASA8|IPIL1_MOUSE	sp|A2ASA8|IPIL1_MOUSE	0	27616	direct_cross_endpoint
H2RAM9	Q8TDS5	tr|H2RAM9|H2RAM9_PANTR	sp|Q8TDS5|OXER1_HUMAN	not_scored	FP	sp|F8VQN3|GPR31_MOUSE	sp|Q8TDS5|OXER1_HUMAN	sp|F8VQN3|GPR31_MOUSE	0	4766	direct_cross_endpoint
H2RAN0	Q9NSC7	tr|H2RAN0|H2RAN0_PANTR	sp|Q9NSC7|SIA7A_HUMAN	not_scored	FP	sp|P70277|SIA7B_MOUSE	sp|Q9NSC7|SIA7A_HUMAN	sp|P70277|SIA7B_MOUSE	0	6865	direct_cross_endpoint
H2RAT4	P37088	tr|H2RAT4|H2RAT4_PANTR	sp|P37088|SCNNA_HUMAN	not_scored	FP	sp|O46547|SCNND_PANTR	sp|A5D7U4|SCNNB_BOVIN	sp|A5D7U4|SCNNB_BOVIN	0	11805	direct_cross_endpoint
H2RAT4	P51168	tr|H2RAT4|H2RAT4_PANTR	sp|P51168|SCNNB_HUMAN	not_scored	FP	sp|O46547|SCNND_PANTR	sp|A5D7U4|SCNNB_BOVIN	sp|A5D7U4|SCNNB_BOVIN	0	11805	direct_cross_endpoint
H2RAT4	P51170	tr|H2RAT4|H2RAT4_PANTR	sp|P51170|SCNNG_HUMAN	not_scored	FP	sp|O46547|SCNND_PANTR	sp|A5D7U4|SCNNB_BOVIN	sp|A5D7U4|SCNNB_BOVIN	0	11805	direct_cross_endpoint
H2RAY1	O75298	tr|H2RAY1|H2RAY1_PANTR	sp|O75298|RTN2_HUMAN	not_scored	FP	sp|A7MC64|RTN1_XENTR	sp|O70622|RTN2_MOUSE	sp|A7MC64|RTN1_XENTR	0	6580	direct_cross_endpoint
H2RBA4	P68543	tr|H2RBA4|H2RBA4_PANTR	sp|P68543|UBX2A_HUMAN	not_scored	FP	sp|F4IXN6|PUX6_ARATH	sp|P68543|UBX2A_HUMAN	sp|F4IXN6|PUX6_ARATH	0	7172	direct_cross_endpoint
H2RBL3	Q9BY79	tr|H2RBL3|H2RBL3_PANTR	sp|Q9BY79|MFRP_HUMAN	not_scored	FP	sp|Q5VXM1|CDCP2_HUMAN	sp|Q8K480|MFRP_MOUSE	sp|Q5VXM1|CDCP2_HUMAN	0	6191	direct_cross_endpoint
H2RBL8	P34972	tr|H2RBL8|H2RBL8_PANTR	sp|P34972|CNR2_HUMAN	not_scored	FP	sp|O08530|S1PR1_MOUSE	sp|P34972|CNR2_HUMAN	sp|O08530|S1PR1_MOUSE	0	1952	direct_cross_endpoint
H2RBQ6	Q5MJ68	tr|H2RBQ6|H2RBQ6_PANTR	sp|Q5MJ68|SPDYC_HUMAN	not_scored	FP	sp|Q5IBH7|SPDYA_MOUSE	sp|Q5MJ68|SPDYC_HUMAN	sp|Q5IBH7|SPDYA_MOUSE	0	7065	direct_cross_endpoint
H2RBQ8	Q8N8F7	tr|H2RBQ8|H2RBQ8_PANTR	sp|Q8N8F7|LSME1_HUMAN	not_scored	FP	sp|O00458|IFRD1_HUMAN	sp|A5PK14|LSME1_BOVIN	sp|A5PK14|LSME1_BOVIN	0	27891	direct_cross_endpoint
H2RBT1	P02774	tr|H2RBT1|H2RBT1_PANTR	sp|P02774|VTDB_HUMAN	not_scored	FP	sp|G3MYZ3|AFAM_BOVIN	sp|P02774|VTDB_HUMAN	sp|G3MYZ3|AFAM_BOVIN	0	8196	direct_cross_endpoint
H2RBW2	Q9H4D5	tr|H2RBW2|H2RBW2_PANTR	sp|Q9H4D5|NXF3_HUMAN	not_scored	FP	sp|Q9H1B4|NXF5_HUMAN	sp|O88984|NXF1_RAT	sp|O88984|NXF1_RAT	0	7196	direct_cross_endpoint
H2RBW2	Q9UBU9	tr|H2RBW2|H2RBW2_PANTR	sp|Q9UBU9|NXF1_HUMAN	not_scored	FP	sp|Q9H1B4|NXF5_HUMAN	sp|O88984|NXF1_RAT	sp|O88984|NXF1_RAT	0	7196	direct_cross_endpoint
H2RC00	Q8NG04	tr|H2RC00|H2RC00_PANTR	sp|Q8NG04|S2610_HUMAN	not_scored	FP	sp|A4IIF2|S26A9_XENTR	sp|Q8NG04|S2610_HUMAN	sp|A4IIF2|S26A9_XENTR	0	4697	direct_cross_endpoint
H2RC00	Q96RN1	tr|H2RC00|H2RC00_PANTR	sp|Q96RN1|S26A8_HUMAN	not_scored	FP	sp|A4IIF2|S26A9_XENTR	sp|A6QNW6|S26A8_BOVIN	sp|A4IIF2|S26A9_XENTR	0	5698	direct_cross_endpoint
H2RC02	Q12901	tr|H2RC02|H2RC02_PANTR	sp|Q12901|ZN155_HUMAN	not_scored	FP	sp|Q03081|MET31_YEAST	sp|Q12901|ZN155_HUMAN	sp|Q03081|MET31_YEAST	0	831	direct_cross_endpoint
H2RC39	Q96GX1	tr|H2RC39|H2RC39_PANTR	sp|Q96GX1|TECT2_HUMAN	not_scored	FP	sp|Q2MV58|TECT1_HUMAN	sp|Q2MV57|TECT2_MOUSE	sp|Q2MV57|TECT2_MOUSE	0	11456	direct_cross_endpoint
H2RC40	P31146	tr|H2RC40|H2RC40_PANTR	sp|P31146|COR1A_HUMAN	not_scored	FP	sp|Q14761|PTCA_HUMAN	sp|A8WGE3|COR2B_XENTR	sp|A8WGE3|COR2B_XENTR	1	38992	direct_cross_endpoint
H2RC40	Q6QEF8	tr|H2RC40|H2RC40_PANTR	sp|Q6QEF8|CORO6_HUMAN	not_scored	FP	sp|Q14761|PTCA_HUMAN	sp|A8WGE3|COR2B_XENTR	sp|A8WGE3|COR2B_XENTR	1	38992	direct_cross_endpoint
H2RC40	Q92828	tr|H2RC40|H2RC40_PANTR	sp|Q92828|COR2A_HUMAN	not_scored	FP	sp|Q14761|PTCA_HUMAN	sp|A8WGE3|COR2B_XENTR	sp|A8WGE3|COR2B_XENTR	1	38992	direct_cross_endpoint
H2RC40	Q9BR76	tr|H2RC40|H2RC40_PANTR	sp|Q9BR76|COR1B_HUMAN	not_scored	FP	sp|Q14761|PTCA_HUMAN	sp|A8WGE3|COR2B_XENTR	sp|A8WGE3|COR2B_XENTR	1	38992	direct_cross_endpoint
H2RC40	Q9ULV4	tr|H2RC40|H2RC40_PANTR	sp|Q9ULV4|COR1C_HUMAN	not_scored	FP	sp|Q14761|PTCA_HUMAN	sp|A8WGE3|COR2B_XENTR	sp|A8WGE3|COR2B_XENTR	1	38992	direct_cross_endpoint
H2RC40	Q9UQ03	tr|H2RC40|H2RC40_PANTR	sp|Q9UQ03|COR2B_HUMAN	not_scored	FP	sp|Q14761|PTCA_HUMAN	sp|A8WGE3|COR2B_XENTR	sp|A8WGE3|COR2B_XENTR	1	38992	direct_cross_endpoint
H2RC45	Q9NZL3	tr|H2RC45|H2RC45_PANTR	sp|Q9NZL3|ZN224_HUMAN	FN	TP	sp|Q14588|ZN234_HUMAN	sp|Q9NZL3|ZN224_HUMAN	sp|Q14588|ZN234_HUMAN	0	937	direct_cross_endpoint
H2RC68	Q6UY14	tr|H2RC68|H2RC68_PANTR	sp|Q6UY14|ATL4_HUMAN	not_scored	FP	sp|Q6ZMM2|ATL5_HUMAN	sp|Q3UTY6|THSD4_MOUSE	sp|P90884|MADD4_CAEEL	0	14576	direct_cross_endpoint
H2RC68	Q6ZMP0	tr|H2RC68|H2RC68_PANTR	sp|Q6ZMP0|THSD4_HUMAN	not_scored	FP	sp|Q6ZMM2|ATL5_HUMAN	sp|Q3UTY6|THSD4_MOUSE	sp|P90884|MADD4_CAEEL	0	14576	direct_cross_endpoint
H2RCB2	O75871	tr|H2RCB2|H2RCB2_PANTR	sp|O75871|CEAM4_HUMAN	not_scored	FP	sp|D3ZQE1|CEA16_RAT	sp|O75871|CEAM4_HUMAN	sp|A6QQC6|HECA2_BOVIN	0	8485	direct_cross_endpoint
H2RCB2	P06731	tr|H2RCB2|H2RCB2_PANTR	sp|P06731|CEAM5_HUMAN	not_scored	FP	sp|D3ZQE1|CEA16_RAT	sp|O75871|CEAM4_HUMAN	sp|A6QQC6|HECA2_BOVIN	0	8485	direct_cross_endpoint
H2RCB2	P11465	tr|H2RCB2|H2RCB2_PANTR	sp|P11465|PSG2_HUMAN	not_scored	FP	sp|D3ZQE1|CEA16_RAT	sp|O75871|CEAM4_HUMAN	sp|A6QQC6|HECA2_BOVIN	0	8485	direct_cross_endpoint
H2RCB2	P13688	tr|H2RCB2|H2RCB2_PANTR	sp|P13688|CEAM1_HUMAN	not_scored	FP	sp|D3ZQE1|CEA16_RAT	sp|O75871|CEAM4_HUMAN	sp|A6QQC6|HECA2_BOVIN	0	8485	direct_cross_endpoint
H2RCB2	P31997	tr|H2RCB2|H2RCB2_PANTR	sp|P31997|CEAM8_HUMAN	not_scored	FP	sp|D3ZQE1|CEA16_RAT	sp|O75871|CEAM4_HUMAN	sp|A6QQC6|HECA2_BOVIN	0	8485	direct_cross_endpoint
H2RCB2	P40198	tr|H2RCB2|H2RCB2_PANTR	sp|P40198|CEAM3_HUMAN	not_scored	FP	sp|D3ZQE1|CEA16_RAT	sp|O75871|CEAM4_HUMAN	sp|A6QQC6|HECA2_BOVIN	0	8485	direct_cross_endpoint
H2RCB2	P40199	tr|H2RCB2|H2RCB2_PANTR	sp|P40199|CEAM6_HUMAN	not_scored	FP	sp|D3ZQE1|CEA16_RAT	sp|O75871|CEAM4_HUMAN	sp|A6QQC6|HECA2_BOVIN	0	8485	direct_cross_endpoint
H2RCB2	Q00887	tr|H2RCB2|H2RCB2_PANTR	sp|Q00887|PSG9_HUMAN	not_scored	FP	sp|D3ZQE1|CEA16_RAT	sp|O75871|CEAM4_HUMAN	sp|A6QQC6|HECA2_BOVIN	0	8485	direct_cross_endpoint
H2RCB2	Q14002	tr|H2RCB2|H2RCB2_PANTR	sp|Q14002|CEAM7_HUMAN	not_scored	FP	sp|D3ZQE1|CEA16_RAT	sp|O75871|CEAM4_HUMAN	sp|A6QQC6|HECA2_BOVIN	0	8485	direct_cross_endpoint
H2RCB2	Q7Z692	tr|H2RCB2|H2RCB2_PANTR	sp|Q7Z692|CEA19_HUMAN	not_scored	FP	sp|D3ZQE1|CEA16_RAT	sp|Q7Z692|CEA19_HUMAN	sp|A6QQC6|HECA2_BOVIN	1	35797	direct_cross_endpoint
H2RCE4	Q01362	tr|H2RCE4|H2RCE4_PANTR	sp|Q01362|FCERB_HUMAN	not_scored	FP	sp|A6QPF4|M4A18_BOVIN	sp|P13386|FCERB_RAT	sp|A6QPF4|M4A18_BOVIN	0		transitive_union
H2RCE4	Q8N5U1	tr|H2RCE4|H2RCE4_PANTR	sp|Q8N5U1|M4A15_HUMAN	not_scored	FP	sp|A6QPF4|M4A18_BOVIN	sp|Q3UPL6|M4A15_MOUSE	sp|A6QPF4|M4A18_BOVIN	0	7073	direct_cross_endpoint
H2RCE4	Q9BY19	tr|H2RCE4|H2RCE4_PANTR	sp|Q9BY19|M4A8_HUMAN	not_scored	FP	sp|A6QPF4|M4A18_BOVIN	sp|Q3UPL6|M4A15_MOUSE	sp|A6QPF4|M4A18_BOVIN	0	7073	direct_cross_endpoint
H2RCE4	Q9NXJ0	tr|H2RCE4|H2RCE4_PANTR	sp|Q9NXJ0|M4A12_HUMAN	not_scored	FP	sp|A6QPF4|M4A18_BOVIN	sp|Q3UPL6|M4A15_MOUSE	sp|A6QPF4|M4A18_BOVIN	0	7073	direct_cross_endpoint
H2RCG6	Q9UBU7	tr|H2RCG6|H2RCG6_PANTR	sp|Q9UBU7|DBF4A_HUMAN	not_scored	FP	sp|Q8NFT6|DBF4B_HUMAN	sp|Q9QZ41|DBF4A_MOUSE	sp|Q8NFT6|DBF4B_HUMAN	0	9911	direct_cross_endpoint
H2RCL8	Q6PF04	tr|H2RCL8|H2RCL8_PANTR	sp|Q6PF04|ZN613_HUMAN	not_scored	FP	tr|H2RCL8|H2RCL8_PANTR	sp|Q0VCB0|ZN350_BOVIN	sp|Q0VCB0|ZN350_BOVIN	0	922	direct_cross_endpoint
H2RCL8	Q8N883	tr|H2RCL8|H2RCL8_PANTR	sp|Q8N883|ZN614_HUMAN	not_scored	FP	tr|H2RCL8|H2RCL8_PANTR	sp|Q0VCB0|ZN350_BOVIN	sp|Q0VCB0|ZN350_BOVIN	0	922	direct_cross_endpoint
H2RCL8	Q9BS31	tr|H2RCL8|H2RCL8_PANTR	sp|Q9BS31|ZN649_HUMAN	FN	TP	tr|H2RCL8|H2RCL8_PANTR	sp|Q0VCB0|ZN350_BOVIN	sp|Q0VCB0|ZN350_BOVIN	0	922	direct_cross_endpoint
H2RCL8	Q9GZX5	tr|H2RCL8|H2RCL8_PANTR	sp|Q9GZX5|ZN350_HUMAN	not_scored	FP	tr|H2RCL8|H2RCL8_PANTR	sp|Q0VCB0|ZN350_BOVIN	sp|Q0VCB0|ZN350_BOVIN	0	922	direct_cross_endpoint
H2RCN8	O60240	tr|H2RCN8|H2RCN8_PANTR	sp|O60240|PLIN1_HUMAN	not_scored	FP	sp|A6QLL0|PLIN5_BOVIN	sp|O60240|PLIN1_HUMAN	sp|A6QLL0|PLIN5_BOVIN	0	8796	direct_cross_endpoint
H2RCS4	P24043	tr|H2RCS4|H2RCS4_PANTR	sp|P24043|LAMA2_HUMAN	not_scored	FP	sp|O75445|USH2A_HUMAN	sp|O15230|LAMA5_HUMAN	sp|O15230|LAMA5_HUMAN	0	13546	direct_cross_endpoint
H2RCS4	P25391	tr|H2RCS4|H2RCS4_PANTR	sp|P25391|LAMA1_HUMAN	not_scored	FP	sp|O75445|USH2A_HUMAN	sp|O15230|LAMA5_HUMAN	sp|O15230|LAMA5_HUMAN	0	13546	direct_cross_endpoint
H2RCS4	Q16787	tr|H2RCS4|H2RCS4_PANTR	sp|Q16787|LAMA3_HUMAN	not_scored	FP	sp|O75445|USH2A_HUMAN	sp|O15230|LAMA5_HUMAN	sp|O15230|LAMA5_HUMAN	0	13546	direct_cross_endpoint
H2RCT9	P52888	tr|H2RCT9|H2RCT9_PANTR	sp|P52888|THOP1_HUMAN	FN	TP	tr|B8LBW5|B8LBW5_THAPS	sp|A2VDQ5|NEUL_BOVIN	sp|A2VDQ5|NEUL_BOVIN	0	9890	direct_cross_endpoint
H2RCT9	Q99797	tr|H2RCT9|H2RCT9_PANTR	sp|Q99797|MIPEP_HUMAN	not_scored	FP	tr|B8LBW5|B8LBW5_THAPS	sp|A2VDQ5|NEUL_BOVIN	sp|A2VDQ5|NEUL_BOVIN	0	9890	direct_cross_endpoint
H2RCT9	Q9BYT8	tr|H2RCT9|H2RCT9_PANTR	sp|Q9BYT8|NEUL_HUMAN	not_scored	FP	tr|B8LBW5|B8LBW5_THAPS	sp|A2VDQ5|NEUL_BOVIN	sp|A2VDQ5|NEUL_BOVIN	0	9890	direct_cross_endpoint
H2RCX3	Q8NGV6	tr|H2RCX3|H2RCX3_PANTR	sp|Q8NGV6|OR5H6_HUMAN	not_scored	FP	tr|H2RCX3|H2RCX3_PANTR	sp|Q8NGV6|OR5H6_HUMAN	sp|A6NHG9|O5H14_HUMAN	0	614	direct_cross_endpoint
H2RCX8	O95727	tr|H2RCX8|H2RCX8_PANTR	sp|O95727|CRTAM_HUMAN	not_scored	FP	sp|P04921|GLPC_HUMAN	sp|O95727|CRTAM_HUMAN	sp|A4IFL2|SMAGP_BOVIN	0	14392	direct_cross_endpoint
H2RCX8	Q0VAQ4	tr|H2RCX8|H2RCX8_PANTR	sp|Q0VAQ4|SMAGP_HUMAN	not_scored	FP	sp|P04921|GLPC_HUMAN	sp|A4IFL2|SMAGP_BOVIN	sp|A4IFL2|SMAGP_BOVIN	0	13031	direct_cross_endpoint
H2RD02	Q99990	tr|H2RD02|H2RD02_PANTR	sp|Q99990|VGLL1_HUMAN	not_scored	FP	sp|A8MV65|VGLL3_HUMAN	sp|Q99990|VGLL1_HUMAN	sp|A8MV65|VGLL3_HUMAN	0	12549	direct_cross_endpoint
H2RD18	Q96GE6	tr|H2RD18|H2RD18_PANTR	sp|Q96GE6|CALL4_HUMAN	FN	TP	tr|A0A2I2ZPK5|A0A2I2ZPK5_GORGO	sp|Q96GE6|CALL4_HUMAN	sp|Q3T0E8|CALL4_BOVIN	0	1069	direct_cross_endpoint
H2RD37	Q92888	tr|H2RD37|H2RD37_PANTR	sp|Q92888|ARHG1_HUMAN	not_scored	FP	sp|O15085|ARHGB_HUMAN	sp|Q61210|ARHG1_MOUSE	sp|O15085|ARHGB_HUMAN	0	9195	direct_cross_endpoint
H2RD43	Q08ER8	tr|H2RD43|H2RD43_PANTR	sp|Q08ER8|ZN543_HUMAN	not_scored	FP	tr|H2RD43|H2RD43_PANTR	sp|Q08ER8|ZN543_HUMAN	sp|Q08ER8|ZN543_HUMAN	0	919	direct_cross_endpoint
H2RD43	Q96NL3	tr|H2RD43|H2RD43_PANTR	sp|Q96NL3|ZN599_HUMAN	FN	TP	tr|H2RD43|H2RD43_PANTR	sp|Q08ER8|ZN543_HUMAN	sp|Q08ER8|ZN543_HUMAN	0	919	direct_cross_endpoint
H2RD58	Q8NAP3	tr|H2RD58|H2RD58_PANTR	sp|Q8NAP3|ZBT38_HUMAN	not_scored	FP	sp|A6NN14|ZN729_HUMAN	sp|Q5EXX3|ZBT38_RAT	sp|A6NN14|ZN729_HUMAN	0	6287	direct_cross_endpoint
H2RDI6	Q17RN3	tr|H2RDI6|H2RDI6_PANTR	sp|Q17RN3|FA98C_HUMAN	not_scored	FP	sp|Q3TJZ6|FA98A_MOUSE	sp|Q17RN3|FA98C_HUMAN	sp|Q17RN3|FA98C_HUMAN	1	35277	direct_cross_endpoint
H2RDI6	Q52LJ0	tr|H2RDI6|H2RDI6_PANTR	sp|Q52LJ0|FA98B_HUMAN	FN	TP	sp|Q3TJZ6|FA98A_MOUSE	sp|Q52LJ0|FA98B_HUMAN	sp|Q17RN3|FA98C_HUMAN	0	741	direct_cross_endpoint
H2RDM7	Q6UXX5	tr|H2RDM7|H2RDM7_PANTR	sp|Q6UXX5|ITIH6_HUMAN	not_scored	FP	sp|A2VE29|ITIH5_BOVIN	sp|Q6UXX5|ITIH6_HUMAN	sp|A2VE29|ITIH5_BOVIN	0	15750	direct_cross_endpoint
H2RDS0	Q2WEN9	tr|H2RDS0|H2RDS0_PANTR	sp|Q2WEN9|CEA16_HUMAN	not_scored	FP	sp|O75871|CEAM4_HUMAN	sp|D3ZQE1|CEA16_RAT	sp|A6QQC6|HECA2_BOVIN	0	8485	direct_cross_endpoint
H2RDS0	Q7Z692	tr|H2RDS0|H2RDS0_PANTR	sp|Q7Z692|CEA19_HUMAN	not_scored	FP	sp|O75871|CEAM4_HUMAN	sp|Q7Z692|CEA19_HUMAN	sp|A6QQC6|HECA2_BOVIN	1	35797	direct_cross_endpoint
H2RDT9	Q8N3V7	tr|H2RDT9|H2RDT9_PANTR	sp|Q8N3V7|SYNPO_HUMAN	not_scored	FP	sp|D4A702|SYNP2_RAT	sp|Q8CC35|SYNPO_MOUSE	sp|D4A702|SYNP2_RAT	0	7142	direct_cross_endpoint
H2RE06	Q8WWN8	tr|H2RE06|H2RE06_PANTR	sp|Q8WWN8|ARAP3_HUMAN	not_scored	FP	sp|Q4LDD4|ARAP1_MOUSE	sp|Q8R5G7|ARAP3_MOUSE	sp|Q4LDD4|ARAP1_MOUSE	0	11706	direct_cross_endpoint
H2RE32	Q8N813	tr|H2RE32|H2RE32_PANTR	sp|Q8N813|CC056_HUMAN	not_scored	FP	sp|A6NEV1|PR23A_HUMAN	sp|Q8N813|CC056_HUMAN	sp|A6NEV1|PR23A_HUMAN	0	13482	direct_cross_endpoint
H2RE49	O75764	tr|H2RE49|H2RE49_PANTR	sp|O75764|TCEA3_HUMAN	not_scored	FP	sp|Q3US16|TEANC_MOUSE	sp|O13896|RPC10_SCHPO	sp|O13896|RPC10_SCHPO	0	4788	direct_cross_endpoint
H2RE49	P23193	tr|H2RE49|H2RE49_PANTR	sp|P23193|TCEA1_HUMAN	not_scored	FP	sp|Q3US16|TEANC_MOUSE	sp|O13896|RPC10_SCHPO	sp|O13896|RPC10_SCHPO	0	4788	direct_cross_endpoint
H2RE49	Q15560	tr|H2RE49|H2RE49_PANTR	sp|Q15560|TCEA2_HUMAN	not_scored	FP	sp|Q3US16|TEANC_MOUSE	sp|O13896|RPC10_SCHPO	sp|O13896|RPC10_SCHPO	0	4788	direct_cross_endpoint
H2RE49	Q9Y2Y1	tr|H2RE49|H2RE49_PANTR	sp|Q9Y2Y1|RPC10_HUMAN	not_scored	FP	sp|Q3US16|TEANC_MOUSE	sp|O13896|RPC10_SCHPO	sp|O13896|RPC10_SCHPO	0	4788	direct_cross_endpoint
H2REH8	Q8NBD8	tr|H2REH8|H2REH8_PANTR	sp|Q8NBD8|T229B_HUMAN	not_scored	FP	sp|B2RXF0|T229A_HUMAN	sp|Q08CG9|T229B_DANRE	sp|B2RXF0|T229A_HUMAN	0	8494	direct_cross_endpoint
H2REJ1	Q495M9	tr|H2REJ1|H2REJ1_PANTR	sp|Q495M9|USH1G_HUMAN	not_scored	FP	sp|Q6UK00|LDAF1_RAT	sp|Q495M9|USH1G_HUMAN	sp|Q495M9|USH1G_HUMAN	0	24386	direct_cross_endpoint
H2REJ1	Q8N8V4	tr|H2REJ1|H2REJ1_PANTR	sp|Q8N8V4|ANS4B_HUMAN	not_scored	FP	sp|Q6UK00|LDAF1_RAT	sp|Q495M9|USH1G_HUMAN	sp|Q495M9|USH1G_HUMAN	0	24386	direct_cross_endpoint
H2REM9	Q8NAP3	tr|H2REM9|H2REM9_PANTR	sp|Q8NAP3|ZBT38_HUMAN	not_scored	FP	sp|A6NN14|ZN729_HUMAN	sp|Q5EXX3|ZBT38_RAT	sp|A6NN14|ZN729_HUMAN	0	6287	direct_cross_endpoint
H2REP2	Q12901	tr|H2REP2|H2REP2_PANTR	sp|Q12901|ZN155_HUMAN	FN	TP	tr|H2REP2|H2REP2_PANTR	sp|Q12901|ZN155_HUMAN	sp|Q03081|MET31_YEAST	0		transitive_union
H2REP2	Q2VY69	tr|H2REP2|H2REP2_PANTR	sp|Q2VY69|ZN284_HUMAN	not_scored	FP	tr|H2REP2|H2REP2_PANTR	sp|Q03081|MET31_YEAST	sp|Q03081|MET31_YEAST	0	848	direct_cross_endpoint
H2REP2	Q9UIE0	tr|H2REP2|H2REP2_PANTR	sp|Q9UIE0|ZN230_HUMAN	not_scored	FP	tr|H2REP2|H2REP2_PANTR	sp|Q03081|MET31_YEAST	sp|Q03081|MET31_YEAST	0	848	direct_cross_endpoint
H2REP2	Q9UK12	tr|H2REP2|H2REP2_PANTR	sp|Q9UK12|ZN222_HUMAN	not_scored	FP	tr|H2REP2|H2REP2_PANTR	sp|Q03081|MET31_YEAST	sp|Q03081|MET31_YEAST	0	848	direct_cross_endpoint
H2RES1	O95858	tr|H2RES1|H2RES1_PANTR	sp|O95858|TSN15_HUMAN	not_scored	FP	sp|Q8VCF5|TSN10_MOUSE	sp|F7BWT7|TSN15_MOUSE	sp|F7BWT7|TSN15_MOUSE	0	2106	direct_cross_endpoint
H2RES1	P62079	tr|H2RES1|H2RES1_PANTR	sp|P62079|TSN5_HUMAN	not_scored	FP	sp|Q8VCF5|TSN10_MOUSE	sp|F7BWT7|TSN15_MOUSE	sp|F7BWT7|TSN15_MOUSE	0	2106	direct_cross_endpoint
H2RES1	Q86UF1	tr|H2RES1|H2RES1_PANTR	sp|Q86UF1|TSN33_HUMAN	not_scored	FP	sp|Q8VCF5|TSN10_MOUSE	sp|F7BWT7|TSN15_MOUSE	sp|F7BWT7|TSN15_MOUSE	0	2106	direct_cross_endpoint
H2RES1	Q8NG11	tr|H2RES1|H2RES1_PANTR	sp|Q8NG11|TSN14_HUMAN	not_scored	FP	sp|Q8VCF5|TSN10_MOUSE	sp|F7BWT7|TSN15_MOUSE	sp|F7BWT7|TSN15_MOUSE	0	2106	direct_cross_endpoint
H2RES1	Q96FV3	tr|H2RES1|H2RES1_PANTR	sp|Q96FV3|TSN17_HUMAN	not_scored	FP	sp|Q8VCF5|TSN10_MOUSE	sp|F7BWT7|TSN15_MOUSE	sp|F7BWT7|TSN15_MOUSE	0	2106	direct_cross_endpoint
H2REU2	O43916	tr|H2REU2|H2REU2_PANTR	sp|O43916|CHST1_HUMAN	not_scored	FP	sp|Q9GZS9|CHST5_HUMAN	sp|O43916|CHST1_HUMAN	sp|O43916|CHST1_HUMAN	0	7106	direct_cross_endpoint
H2REU2	Q7LGC8	tr|H2REU2|H2REU2_PANTR	sp|Q7LGC8|CHST3_HUMAN	not_scored	FP	sp|Q9GZS9|CHST5_HUMAN	sp|O43916|CHST1_HUMAN	sp|O43916|CHST1_HUMAN	0	7106	direct_cross_endpoint
H2REU2	Q8NCG5	tr|H2REU2|H2REU2_PANTR	sp|Q8NCG5|CHST4_HUMAN	not_scored	FP	sp|Q9GZS9|CHST5_HUMAN	sp|O43916|CHST1_HUMAN	sp|O43916|CHST1_HUMAN	0	7106	direct_cross_endpoint
H2REU2	Q9GZX3	tr|H2REU2|H2REU2_PANTR	sp|Q9GZX3|CHST6_HUMAN	not_scored	FP	sp|Q9GZS9|CHST5_HUMAN	sp|O43916|CHST1_HUMAN	sp|O43916|CHST1_HUMAN	0	7106	direct_cross_endpoint
H2REU2	Q9Y4C5	tr|H2REU2|H2REU2_PANTR	sp|Q9Y4C5|CHST2_HUMAN	not_scored	FP	sp|Q9GZS9|CHST5_HUMAN	sp|O43916|CHST1_HUMAN	sp|O43916|CHST1_HUMAN	0	7106	direct_cross_endpoint
H2REV6	O60829	tr|H2REV6|H2REV6_PANTR	sp|O60829|PAGE4_HUMAN	not_scored	FP	sp|Q5JRK9|GGEE3_HUMAN	sp|O60829|PAGE4_HUMAN	sp|O60829|PAGE4_HUMAN	0	2002	direct_cross_endpoint
H2RF28	Q8TBE7	tr|H2RF28|H2RF28_PANTR	sp|Q8TBE7|S35G2_HUMAN	not_scored	FP	sp|B0K004|S35G3_RAT	sp|D3YVE8|S35G2_MOUSE	sp|B0K004|S35G3_RAT	0	11877	direct_cross_endpoint
H2RF30	Q6IEE8	tr|H2RF30|H2RF30_PANTR	sp|Q6IEE8|SN12L_HUMAN	not_scored	FP	sp|B1ARD6|SLFN9_MOUSE	sp|Q6IEE8|SN12L_HUMAN	sp|B1ARD6|SLFN9_MOUSE	1	36672	direct_cross_endpoint
H2RF30	Q8IYM2	tr|H2RF30|H2RF30_PANTR	sp|Q8IYM2|SLN12_HUMAN	not_scored	FP	sp|B1ARD6|SLFN9_MOUSE	sp|Q8IYM2|SLN12_HUMAN	sp|B1ARD6|SLFN9_MOUSE	0	6658	direct_cross_endpoint
H2RF76	O95685	tr|H2RF76|H2RF76_PANTR	sp|O95685|PPR3D_HUMAN	not_scored	FP	sp|B7ZBB8|PP13G_HUMAN	sp|O95685|PPR3D_HUMAN	sp|B7ZBB8|PP13G_HUMAN	0	6464	direct_cross_endpoint
H2RF76	Q9H7J1	tr|H2RF76|H2RF76_PANTR	sp|Q9H7J1|PPR3E_HUMAN	not_scored	FP	sp|B7ZBB8|PP13G_HUMAN	sp|O95685|PPR3D_HUMAN	sp|B7ZBB8|PP13G_HUMAN	0	6464	direct_cross_endpoint
H2RFA8	P11684	tr|H2RFA8|H2RFA8_PANTR	sp|P11684|UTER_HUMAN	not_scored	FP	sp|A0JNP2|SG1D_BOVIN	sp|P11684|UTER_HUMAN	sp|A0JNP2|SG1D_BOVIN	0	4264	direct_cross_endpoint
H2RFB6	P34972	tr|H2RFB6|H2RFB6_PANTR	sp|P34972|CNR2_HUMAN	not_scored	FP	sp|O08530|S1PR1_MOUSE	sp|P34972|CNR2_HUMAN	sp|O08530|S1PR1_MOUSE	0	1952	direct_cross_endpoint
H2RFJ9	P46527	tr|H2RFJ9|H2RFJ9_PANTR	sp|P46527|CDN1B_HUMAN	not_scored	FP	sp|P38936|CDN1A_HUMAN	sp|P46414|CDN1B_MOUSE	sp|P38936|CDN1A_HUMAN	0	8788	direct_cross_endpoint
H2RFK0	P53041	tr|H2RFK0|H2RFK0_PANTR	sp|P53041|PPP5_HUMAN	not_scored	FP	sp|E7EU14|PP5D1_HUMAN	sp|O43049|PPT1_SCHPO	sp|E7EU14|PP5D1_HUMAN	0	17275	direct_cross_endpoint
H2RFV1	Q8NHB1	tr|H2RFV1|H2RFV1_PANTR	sp|Q8NHB1|OR2V1_HUMAN	FN	TP	tr|H2RFV1|H2RFV1_PANTR	sp|Q8NHB1|OR2V1_HUMAN	sp|Q8NHB1|OR2V1_HUMAN	1	34255	direct_cross_endpoint
H2RFV1	Q96R30	tr|H2RFV1|H2RFV1_PANTR	sp|Q96R30|OR2V2_HUMAN	not_scored	FP	tr|H2RFV1|H2RFV1_PANTR	sp|Q96R30|OR2V2_HUMAN	sp|Q8NHB1|OR2V1_HUMAN	1	34255	direct_cross_endpoint
H2RG87	Q8NCU7	tr|H2RG87|H2RG87_PANTR	sp|Q8NCU7|C2C4A_HUMAN	not_scored	FP	sp|B7Z1M9|C2D4D_HUMAN	sp|A6NLJ0|C2C4B_HUMAN	sp|A6NLJ0|C2C4B_HUMAN	0	3049	direct_cross_endpoint
H2RG87	Q8TF44	tr|H2RG87|H2RG87_PANTR	sp|Q8TF44|C2C4C_HUMAN	not_scored	FP	sp|B7Z1M9|C2D4D_HUMAN	sp|A6NLJ0|C2C4B_HUMAN	sp|A6NLJ0|C2C4B_HUMAN	0	3049	direct_cross_endpoint
H2RGB8	O15069	tr|H2RGB8|H2RGB8_PANTR	sp|O15069|NACAD_HUMAN	not_scored	FP	sp|A7EIZ1|NACA_SCLS1	sp|O15069|NACAD_HUMAN	sp|A7EIZ1|NACA_SCLS1	0	12872	direct_cross_endpoint
H2RGC8	O95232	tr|H2RGC8|H2RGC8_PANTR	sp|O95232|LC7L3_HUMAN	not_scored	FP	sp|B3KS81|SRRM5_HUMAN	sp|O95232|LC7L3_HUMAN	sp|B3KS81|SRRM5_HUMAN	0	2199	direct_cross_endpoint
H2RGC8	Q5VTL8	tr|H2RGC8|H2RGC8_PANTR	sp|Q5VTL8|PR38B_HUMAN	not_scored	FP	sp|B3KS81|SRRM5_HUMAN	sp|O95232|LC7L3_HUMAN	sp|B3KS81|SRRM5_HUMAN	0	2199	direct_cross_endpoint
H2RGC8	Q9NQ29	tr|H2RGC8|H2RGC8_PANTR	sp|Q9NQ29|LUC7L_HUMAN	not_scored	FP	sp|B3KS81|SRRM5_HUMAN	sp|O95232|LC7L3_HUMAN	sp|B3KS81|SRRM5_HUMAN	0	2199	direct_cross_endpoint
H2RGI7	P0C7P3	tr|H2RGI7|H2RGI7_PANTR	sp|P0C7P3|SLN14_HUMAN	not_scored	FP	sp|Q6IEE8|SN12L_HUMAN	sp|B1ARD6|SLFN9_MOUSE	sp|B1ARD6|SLFN9_MOUSE	1	36672	direct_cross_endpoint
H2RGI7	Q08AF3	tr|H2RGI7|H2RGI7_PANTR	sp|Q08AF3|SLFN5_HUMAN	not_scored	FP	sp|Q6IEE8|SN12L_HUMAN	sp|B1ARD6|SLFN9_MOUSE	sp|B1ARD6|SLFN9_MOUSE	1	36672	direct_cross_endpoint
H2RGI7	Q68D06	tr|H2RGI7|H2RGI7_PANTR	sp|Q68D06|SLN13_HUMAN	not_scored	FP	sp|Q6IEE8|SN12L_HUMAN	sp|B1ARD6|SLFN9_MOUSE	sp|B1ARD6|SLFN9_MOUSE	1	36672	direct_cross_endpoint
H2RGI7	Q7Z7L1	tr|H2RGI7|H2RGI7_PANTR	sp|Q7Z7L1|SLN11_HUMAN	not_scored	FP	sp|Q6IEE8|SN12L_HUMAN	sp|B1ARD6|SLFN9_MOUSE	sp|B1ARD6|SLFN9_MOUSE	1	36672	direct_cross_endpoint
H2RGI7	Q8IYM2	tr|H2RGI7|H2RGI7_PANTR	sp|Q8IYM2|SLN12_HUMAN	not_scored	FP	sp|Q6IEE8|SN12L_HUMAN	sp|Q8IYM2|SLN12_HUMAN	sp|B1ARD6|SLFN9_MOUSE	1	36672	direct_cross_endpoint
H2RGV0	O60941	tr|H2RGV0|H2RGV0_PANTR	sp|O60941|DTNB_HUMAN	not_scored	FP	sp|A2CI97|DYTN_DANRE	sp|O60941|DTNB_HUMAN	sp|A2CI97|DYTN_DANRE	0	13830	direct_cross_endpoint
H2RGV0	Q9Y4J8	tr|H2RGV0|H2RGV0_PANTR	sp|Q9Y4J8|DTNA_HUMAN	not_scored	FP	sp|A2CI97|DYTN_DANRE	sp|O60941|DTNB_HUMAN	sp|A2CI97|DYTN_DANRE	0	13830	direct_cross_endpoint
H2RH32	Q8N587	tr|H2RH32|H2RH32_PANTR	sp|Q8N587|ZN561_HUMAN	not_scored	FP	sp|Q96PQ6|ZN317_HUMAN	sp|Q8N587|ZN561_HUMAN	sp|Q8N587|ZN561_HUMAN	0	1459	direct_cross_endpoint
H2RH32	Q9BUY5	tr|H2RH32|H2RH32_PANTR	sp|Q9BUY5|ZN426_HUMAN	not_scored	FP	sp|Q96PQ6|ZN317_HUMAN	sp|Q8N587|ZN561_HUMAN	sp|Q8N587|ZN561_HUMAN	0	1459	direct_cross_endpoint
H2RH58	Q76LX8	tr|H2RH58|H2RH58_PANTR	sp|Q76LX8|ATS13_HUMAN	not_scored	FP	sp|P58397|ATS12_HUMAN	sp|Q769J6|ATS13_MOUSE	sp|P58397|ATS12_HUMAN	0	5085	direct_cross_endpoint
H2RHA3	Q8N8X9	tr|H2RHA3|H2RHA3_PANTR	sp|Q8N8X9|MB213_HUMAN	not_scored	FP	sp|A4FV14|MB211_BOVIN	sp|A8E4S7|MB213_DANRE	sp|A4FV14|MB211_BOVIN	0	22662	direct_cross_endpoint
H2RHE2	Q6IEE8	tr|H2RHE2|H2RHE2_PANTR	sp|Q6IEE8|SN12L_HUMAN	not_scored	FP	sp|B1ARD6|SLFN9_MOUSE	sp|Q6IEE8|SN12L_HUMAN	sp|B1ARD6|SLFN9_MOUSE	1	36672	direct_cross_endpoint
H2RHE2	Q8IYM2	tr|H2RHE2|H2RHE2_PANTR	sp|Q8IYM2|SLN12_HUMAN	not_scored	FP	sp|B1ARD6|SLFN9_MOUSE	sp|Q8IYM2|SLN12_HUMAN	sp|B1ARD6|SLFN9_MOUSE	0	6658	direct_cross_endpoint
H2RHK4	Q8N1P7	tr|H2RHK4|H2RHK4_PANTR	sp|Q8N1P7|CRBG2_HUMAN	not_scored	FP	sp|Q68DQ2|CRBG3_HUMAN	sp|Q80W49|CRBG3_MOUSE	sp|Q68DQ2|CRBG3_HUMAN	0	7705	direct_cross_endpoint
H2RHK4	Q9Y4K1	tr|H2RHK4|H2RHK4_PANTR	sp|Q9Y4K1|CRBG1_HUMAN	not_scored	FP	sp|Q68DQ2|CRBG3_HUMAN	sp|Q80W49|CRBG3_MOUSE	sp|Q68DQ2|CRBG3_HUMAN	0	7705	direct_cross_endpoint
H2RHS9	Q86TB9	tr|H2RHS9|H2RHS9_PANTR	sp|Q86TB9|PATL1_HUMAN	not_scored	FP	sp|A2ARM1|PATL2_MOUSE	sp|A2RRV3|PATL1_DANRE	sp|A2ARM1|PATL2_MOUSE	0	10745	direct_cross_endpoint
H2RHW7	Q8NGU9	tr|H2RHW7|H2RHW7_PANTR	sp|Q8NGU9|GP150_HUMAN	not_scored	FP	sp|O02300|NTR1_CAEEL	sp|Q8BL07|GP150_MOUSE	sp|O02300|NTR1_CAEEL	0	5970	direct_cross_endpoint
H2RHX4	O75506	tr|H2RHX4|H2RHX4_PANTR	sp|O75506|HSBP1_HUMAN	not_scored	FP	sp|B2RXB2|HSBPL_MOUSE	sp|O75506|HSBP1_HUMAN	sp|B2RXB2|HSBPL_MOUSE	0	5275	direct_cross_endpoint
H2RI08	O60575	tr|H2RI08|H2RI08_PANTR	sp|O60575|ISK4_HUMAN	not_scored	FP	sp|Q5DT21|ISK9_HUMAN	sp|O35679|ISK4_MOUSE	sp|O35679|ISK4_MOUSE	0	4520	direct_cross_endpoint
H2RI08	P00995	tr|H2RI08|H2RI08_PANTR	sp|P00995|ISK1_HUMAN	not_scored	FP	sp|Q5DT21|ISK9_HUMAN	sp|O35679|ISK4_MOUSE	sp|O35679|ISK4_MOUSE	0	4520	direct_cross_endpoint
H2RI08	P20155	tr|H2RI08|H2RI08_PANTR	sp|P20155|ISK2_HUMAN	not_scored	FP	sp|Q5DT21|ISK9_HUMAN	sp|O35679|ISK4_MOUSE	sp|O35679|ISK4_MOUSE	0	4520	direct_cross_endpoint
H2RI08	P58062	tr|H2RI08|H2RI08_PANTR	sp|P58062|ISK7_HUMAN	not_scored	FP	sp|Q5DT21|ISK9_HUMAN	sp|O35679|ISK4_MOUSE	sp|O35679|ISK4_MOUSE	0	4520	direct_cross_endpoint
H2RI08	Q6IE38	tr|H2RI08|H2RI08_PANTR	sp|Q6IE38|ISK14_HUMAN	not_scored	FP	sp|Q5DT21|ISK9_HUMAN	sp|Q6IE38|ISK14_HUMAN	sp|O35679|ISK4_MOUSE	1	38274	direct_cross_endpoint
H2RI08	Q6UWN8	tr|H2RI08|H2RI08_PANTR	sp|Q6UWN8|ISK6_HUMAN	not_scored	FP	sp|Q5DT21|ISK9_HUMAN	sp|P01001|ISK6_BOVIN	sp|O35679|ISK4_MOUSE	0		transitive_union
H2RIA1	P07204	tr|H2RIA1|H2RIA1_PANTR	sp|P07204|TRBM_HUMAN	not_scored	FP	sp|Q91V98|CD248_MOUSE	sp|O89103|C1QR1_MOUSE	sp|O89103|C1QR1_MOUSE	0	5557	direct_cross_endpoint
H2RIA1	Q86T13	tr|H2RIA1|H2RIA1_PANTR	sp|Q86T13|CLC14_HUMAN	not_scored	FP	sp|Q91V98|CD248_MOUSE	sp|Q86T13|CLC14_HUMAN	sp|O89103|C1QR1_MOUSE	0		transitive_union
H2RIA1	Q9NPY3	tr|H2RIA1|H2RIA1_PANTR	sp|Q9NPY3|C1QR1_HUMAN	not_scored	FP	sp|Q91V98|CD248_MOUSE	sp|O89103|C1QR1_MOUSE	sp|O89103|C1QR1_MOUSE	0	5557	direct_cross_endpoint
H2RII1	Q00994	tr|H2RII1|H2RII1_PANTR	sp|Q00994|BEX3_HUMAN	not_scored	FP	sp|Q3MKP9|BEX4_RAT	sp|Q00994|BEX3_HUMAN	sp|Q00994|BEX3_HUMAN	0	1336	direct_cross_endpoint
H2RII1	Q5H9J7	tr|H2RII1|H2RII1_PANTR	sp|Q5H9J7|BEX5_HUMAN	not_scored	FP	sp|Q3MKP9|BEX4_RAT	sp|Q00994|BEX3_HUMAN	sp|Q00994|BEX3_HUMAN	0	1336	direct_cross_endpoint
H2RII1	Q9BXY8	tr|H2RII1|H2RII1_PANTR	sp|Q9BXY8|BEX2_HUMAN	not_scored	FP	sp|Q3MKP9|BEX4_RAT	sp|Q2TBV0|BEX2_BOVIN	sp|Q00994|BEX3_HUMAN	0		transitive_union
H2RII1	Q9HBH7	tr|H2RII1|H2RII1_PANTR	sp|Q9HBH7|BEX1_HUMAN	not_scored	FP	sp|Q3MKP9|BEX4_RAT	sp|Q2TBV0|BEX2_BOVIN	sp|Q00994|BEX3_HUMAN	0		transitive_union
H2RIN7	P34972	tr|H2RIN7|H2RIN7_PANTR	sp|P34972|CNR2_HUMAN	not_scored	FP	sp|O08530|S1PR1_MOUSE	sp|P34972|CNR2_HUMAN	sp|O08530|S1PR1_MOUSE	0	1952	direct_cross_endpoint
J9JH98	Q8NGR2	tr|J9JH98|J9JH98_CANLF	sp|Q8NGR2|OR1L6_HUMAN	FN	TP	tr|J9JH98|J9JH98_CANLF	sp|Q8NGR2|OR1L6_HUMAN	sp|Q8NGR2|OR1L6_HUMAN	0	610	direct_cross_endpoint
J9NTR1	Q9Y5A6	tr|J9NTR1|J9NTR1_CANLF	sp|Q9Y5A6|ZSC21_HUMAN	FN	TP	tr|J9NTR1|J9NTR1_CANLF	sp|A1YEV9|ZSC21_GORGO	sp|A1YEV9|ZSC21_GORGO	0	964	direct_cross_endpoint
J9NUF9	P51815	tr|J9NUF9|J9NUF9_CANLF	sp|P51815|ZN75D_HUMAN	not_scored	FP	sp|A2T7D7|ZNF24_PANTR	sp|P51815|ZN75D_HUMAN	sp|A2T7D7|ZNF24_PANTR	0	2004	direct_cross_endpoint
J9NUM3	Q6PI47	tr|J9NUM3|J9NUM3_CANLF	sp|Q6PI47|KCD18_HUMAN	not_scored	FP	sp|A6H6X4|KCTD4_BOVIN	sp|Q29RJ0|KCD18_BOVIN	sp|A6H6X4|KCTD4_BOVIN	0	5511	direct_cross_endpoint
J9NUZ9	Q8NGR4	tr|J9NUZ9|J9NUZ9_CANLF	sp|Q8NGR4|OR5C1_HUMAN	not_scored	FP	sp|Q8NGF7|OR5BH_HUMAN	sp|Q8NGR4|OR5C1_HUMAN	sp|Q8NGF7|OR5BH_HUMAN	0	135	direct_cross_endpoint
J9NW29	P00995	tr|J9NW29|J9NW29_CANLF	sp|P00995|ISK1_HUMAN	not_scored	FP	sp|Q6IE38|ISK14_HUMAN	sp|O35679|ISK4_MOUSE	sp|O35679|ISK4_MOUSE	1	38274	direct_cross_endpoint
J9NW29	P20155	tr|J9NW29|J9NW29_CANLF	sp|P20155|ISK2_HUMAN	not_scored	FP	sp|Q6IE38|ISK14_HUMAN	sp|O35679|ISK4_MOUSE	sp|O35679|ISK4_MOUSE	1	38274	direct_cross_endpoint
J9NW29	Q6UWN8	tr|J9NW29|J9NW29_CANLF	sp|Q6UWN8|ISK6_HUMAN	not_scored	FP	sp|Q6IE38|ISK14_HUMAN	sp|P01001|ISK6_BOVIN	sp|O35679|ISK4_MOUSE	1	38274	direct_cross_endpoint
J9NZT1	P16333	tr|J9NZT1|J9NZT1_CANLF	sp|P16333|NCK1_HUMAN	not_scored	FP	tr|J9NZT1|J9NZT1_CANLF	sp|O43639|NCK2_HUMAN	sp|O43639|NCK2_HUMAN	0	32362	direct_cross_endpoint
J9P0P4	Q9UM21	tr|J9P0P4|J9P0P4_CANLF	sp|Q9UM21|MGT4A_HUMAN	not_scored	FP	sp|A6NG13|MGT4D_HUMAN	sp|A4IID1|MGT4A_XENTR	sp|A4IID1|MGT4A_XENTR	0	14394	direct_cross_endpoint
J9P0P4	Q9UQ53	tr|J9P0P4|J9P0P4_CANLF	sp|Q9UQ53|MGT4B_HUMAN	not_scored	FP	sp|A6NG13|MGT4D_HUMAN	sp|A4IID1|MGT4A_XENTR	sp|A4IID1|MGT4A_XENTR	0	14394	direct_cross_endpoint
J9P0R7	O75298	tr|J9P0R7|J9P0R7_CANLF	sp|O75298|RTN2_HUMAN	not_scored	FP	sp|A7MC64|RTN1_XENTR	sp|O70622|RTN2_MOUSE	sp|A7MC64|RTN1_XENTR	0	6580	direct_cross_endpoint
J9P1U2	Q8NGR4	tr|J9P1U2|J9P1U2_CANLF	sp|Q8NGR4|OR5C1_HUMAN	not_scored	FP	sp|Q8NGF7|OR5BH_HUMAN	sp|Q8NGR4|OR5C1_HUMAN	sp|Q8NGF7|OR5BH_HUMAN	0	135	direct_cross_endpoint
J9P3B5	Q9NXH3	tr|J9P3B5|J9P3B5_CANLF	sp|Q9NXH3|PP14D_HUMAN	not_scored	FP	sp|Q62084|PP14B_MOUSE	sp|Q7TT52|PP14D_MOUSE	sp|Q62084|PP14B_MOUSE	0	12853	direct_cross_endpoint
J9P466	Q8NGR4	tr|J9P466|J9P466_CANLF	sp|Q8NGR4|OR5C1_HUMAN	not_scored	FP	sp|Q8NGF7|OR5BH_HUMAN	sp|Q8NGR4|OR5C1_HUMAN	sp|Q8NGF7|OR5BH_HUMAN	0	135	direct_cross_endpoint
J9P622	Q96KN8	tr|J9P622|J9P622_CANLF	sp|Q96KN8|PLAT5_HUMAN	not_scored	FP	sp|D2KX21|PLAT1_RAT	sp|Q4KLN5|PLAT5_RAT	sp|D2KX21|PLAT1_RAT	0	4167	direct_cross_endpoint
J9PA78	K7DR61	tr|J9PA78|J9PA78_CANLF	tr|K7DR61|K7DR61_PANTR	FN	TP	tr|J9PA78|J9PA78_CANLF	sp|B2GUW6|AEN_RAT	sp|B2GUW6|AEN_RAT	0	12029	direct_cross_endpoint
J9PA78	Q8WTP8	tr|J9PA78|J9PA78_CANLF	sp|Q8WTP8|AEN_HUMAN	FN	TP	tr|J9PA78|J9PA78_CANLF	sp|B2GUW6|AEN_RAT	sp|B2GUW6|AEN_RAT	0	12029	direct_cross_endpoint
J9PA95	Q8NGI8	tr|J9PA95|J9PA95_CANLF	sp|Q8NGI8|O5AN1_HUMAN	not_scored	FP	sp|P0C629|O10J4_HUMAN	sp|Q8NGI8|O5AN1_HUMAN	sp|P0C629|O10J4_HUMAN	0		transitive_union
J9PA95	Q8NGI9	tr|J9PA95|J9PA95_CANLF	sp|Q8NGI9|OR5A2_HUMAN	not_scored	FP	sp|P0C629|O10J4_HUMAN	sp|Q8NGI9|OR5A2_HUMAN	sp|P0C629|O10J4_HUMAN	0	165	direct_cross_endpoint
K6ZA08	Q68G75	tr|K6ZA08|K6ZA08_PANTR	sp|Q68G75|LEMD1_HUMAN	not_scored	FP	sp|O08579|EMD_MOUSE	sp|O01971|EMR1_CAEEL	sp|O01971|EMR1_CAEEL	0	19169	direct_cross_endpoint
K6ZER9	Q96H79	tr|K6ZER9|K6ZER9_PANTR	sp|Q96H79|ZCCHL_HUMAN	not_scored	FP	sp|Q3UPF5|ZCCHV_MOUSE	sp|Q8BFR1|ZCCHL_MOUSE	sp|Q3UPF5|ZCCHV_MOUSE	0	8377	direct_cross_endpoint
K6ZR51	Q9BSJ8	tr|K6ZR51|K6ZR51_PANTR	sp|Q9BSJ8|ESYT1_HUMAN	not_scored	FP	sp|A0FGR8|ESYT2_HUMAN	sp|Q3U7R1|ESYT1_MOUSE	sp|A0FGR8|ESYT2_HUMAN	0	5758	direct_cross_endpoint
K6ZTH2	P23677	tr|K6ZTH2|K6ZTH2_PANTR	sp|P23677|IP3KA_HUMAN	not_scored	FP	sp|P27987|IP3KB_HUMAN	sp|P17105|IP3KA_RAT	sp|P17105|IP3KA_RAT	0	19099	direct_cross_endpoint
K6ZTH2	Q96DU7	tr|K6ZTH2|K6ZTH2_PANTR	sp|Q96DU7|IP3KC_HUMAN	not_scored	FP	sp|P27987|IP3KB_HUMAN	sp|P17105|IP3KA_RAT	sp|P17105|IP3KA_RAT	0	19099	direct_cross_endpoint
K7A2P4	Q9BVC6	tr|K7A2P4|K7A2P4_PANTR	sp|Q9BVC6|TM109_HUMAN	not_scored	FP	sp|Q8BXV2|BRI3B_MOUSE	sp|Q3UBX0|TM109_MOUSE	sp|Q3UBX0|TM109_MOUSE	0	17421	direct_cross_endpoint
K7AG80	Q7Z6K1	tr|K7AG80|K7AG80_PANTR	sp|Q7Z6K1|THAP5_HUMAN	not_scored	FP	sp|Q8NA92|THAP8_HUMAN	sp|Q0P5B4|THAP3_BOVIN	sp|Q0P5B4|THAP3_BOVIN	1	34936	direct_cross_endpoint
K7AG80	Q8TBB0	tr|K7AG80|K7AG80_PANTR	sp|Q8TBB0|THAP6_HUMAN	not_scored	FP	sp|Q8NA92|THAP8_HUMAN	sp|Q8TBB0|THAP6_HUMAN	sp|Q0P5B4|THAP3_BOVIN	1	34936	direct_cross_endpoint
K7AG80	Q8WTV1	tr|K7AG80|K7AG80_PANTR	sp|Q8WTV1|THAP3_HUMAN	not_scored	FP	sp|Q8NA92|THAP8_HUMAN	sp|Q0P5B4|THAP3_BOVIN	sp|Q0P5B4|THAP3_BOVIN	1	34936	direct_cross_endpoint
K7AG80	Q8WY91	tr|K7AG80|K7AG80_PANTR	sp|Q8WY91|THAP4_HUMAN	not_scored	FP	sp|Q8NA92|THAP8_HUMAN	sp|Q0P5B4|THAP3_BOVIN	sp|Q0P5B4|THAP3_BOVIN	1	34936	direct_cross_endpoint
K7AG80	Q9H0W7	tr|K7AG80|K7AG80_PANTR	sp|Q9H0W7|THAP2_HUMAN	not_scored	FP	sp|Q8NA92|THAP8_HUMAN	sp|Q0P5B4|THAP3_BOVIN	sp|Q0P5B4|THAP3_BOVIN	1	34936	direct_cross_endpoint
K7AG80	Q9NVV9	tr|K7AG80|K7AG80_PANTR	sp|Q9NVV9|THAP1_HUMAN	not_scored	FP	sp|Q8NA92|THAP8_HUMAN	sp|Q0P5B4|THAP3_BOVIN	sp|Q0P5B4|THAP3_BOVIN	1	34936	direct_cross_endpoint
K7AH15	P41218	tr|K7AH15|K7AH15_PANTR	sp|P41218|MNDA_HUMAN	not_scored	FP	sp|Q16666|IF16_HUMAN	sp|D0QMC3|MNDAL_MOUSE	sp|D0QMC3|MNDAL_MOUSE	0	4330	direct_cross_endpoint
K7AH15	Q6K0P9	tr|K7AH15|K7AH15_PANTR	sp|Q6K0P9|IFIX_HUMAN	not_scored	FP	sp|Q16666|IF16_HUMAN	sp|D0QMC3|MNDAL_MOUSE	sp|D0QMC3|MNDAL_MOUSE	0	4330	direct_cross_endpoint
K7AM28	Q96DM1	tr|K7AM28|K7AM28_PANTR	sp|Q96DM1|PGBD4_HUMAN	not_scored	FP	sp|Q6P3X8|PGBD2_HUMAN	sp|Q96DM1|PGBD4_HUMAN	sp|Q6P3X8|PGBD2_HUMAN	0	6634	direct_cross_endpoint
K7AMF6	Q9BRG2	tr|K7AMF6|K7AMF6_PANTR	sp|Q9BRG2|SH23A_HUMAN	not_scored	FP	sp|D3ZAZ5|BCAR3_RAT	sp|Q9BRG2|SH23A_HUMAN	sp|D3ZAZ5|BCAR3_RAT	0	8728	direct_cross_endpoint
K7APV9	Q9P1Z0	tr|K7APV9|K7APV9_PANTR	sp|Q9P1Z0|ZBTB4_HUMAN	not_scored	FP	sp|O35260|NACC1_RAT	sp|D4A8X0|ZBTB4_RAT	sp|D4A8X0|ZBTB4_RAT	0	5028	direct_cross_endpoint
K7AQV6	Q8TDU6	tr|K7AQV6|K7AQV6_PANTR	sp|Q8TDU6|GPBAR_HUMAN	not_scored	FP	sp|O13076|AA2BR_CHICK	sp|Q80SS6|GPBAR_MOUSE	sp|O13076|AA2BR_CHICK	1	35667	direct_cross_endpoint
K7AQV6	Q8TDV5	tr|K7AQV6|K7AQV6_PANTR	sp|Q8TDV5|GP119_HUMAN	not_scored	FP	sp|O13076|AA2BR_CHICK	sp|Q7TQN8|GP119_RAT	sp|O13076|AA2BR_CHICK	0	3720	direct_cross_endpoint
K7AYU7	Q9NXH3	tr|K7AYU7|K7AYU7_PANTR	sp|Q9NXH3|PP14D_HUMAN	not_scored	FP	sp|Q62084|PP14B_MOUSE	sp|Q7TT52|PP14D_MOUSE	sp|Q62084|PP14B_MOUSE	0	12853	direct_cross_endpoint
K7B022	Q8N729	tr|K7B022|K7B022_PANTR	sp|Q8N729|NPW_HUMAN	not_scored	FP	sp|Q8K4P1|NPB_MOUSE	sp|Q8K1M5|NPW_RAT	sp|Q8K1M5|NPW_RAT	0	13056	direct_cross_endpoint
K7B029	Q2M2I3	tr|K7B029|K7B029_PANTR	sp|Q2M2I3|FA83E_HUMAN	not_scored	FP	sp|A6ND36|FA83G_HUMAN	sp|Q2M2I3|FA83E_HUMAN	sp|A6ND36|FA83G_HUMAN	0	2384	direct_cross_endpoint
K7B029	Q86UY5	tr|K7B029|K7B029_PANTR	sp|Q86UY5|FA83A_HUMAN	not_scored	FP	sp|A6ND36|FA83G_HUMAN	sp|Q66JF7|FA83A_XENTR	sp|A6ND36|FA83G_HUMAN	0		transitive_union
K7B029	Q8NEG4	tr|K7B029|K7B029_PANTR	sp|Q8NEG4|FA83F_HUMAN	not_scored	FP	sp|A6ND36|FA83G_HUMAN	sp|Q2M2I3|FA83E_HUMAN	sp|A6ND36|FA83G_HUMAN	0	2384	direct_cross_endpoint
K7B076	Q16581	tr|K7B076|K7B076_PANTR	sp|Q16581|C3AR_HUMAN	not_scored	FP	sp|A4FUQ5|FPRS4_MOUSE	sp|O09047|C3AR_MOUSE	sp|A4FUQ5|FPRS4_MOUSE	0	1686	direct_cross_endpoint
K7B076	Q9P296	tr|K7B076|K7B076_PANTR	sp|Q9P296|C5AR2_HUMAN	not_scored	FP	sp|A4FUQ5|FPRS4_MOUSE	sp|Q695P6|C5AR2_RAT	sp|A4FUQ5|FPRS4_MOUSE	0	1545	direct_cross_endpoint
K7B230	P42226	tr|K7B230|K7B230_PANTR	sp|P42226|STAT6_HUMAN	not_scored	FP	sp|P40763|STAT3_HUMAN	sp|P42226|STAT6_HUMAN	sp|P40763|STAT3_HUMAN	0	9598	direct_cross_endpoint
K7B3F3	O60486	tr|K7B3F3|K7B3F3_PANTR	sp|O60486|PLXC1_HUMAN	not_scored	FP	sp|B0S5N4|PLXA3_DANRE	sp|O60486|PLXC1_HUMAN	sp|B0S5N4|PLXA3_DANRE	0	2423	direct_cross_endpoint
K7B5H8	Q14761	tr|K7B5H8|K7B5H8_PANTR	sp|Q14761|PTCA_HUMAN	not_scored	FP	sp|A8WGE3|COR2B_XENTR	sp|Q14761|PTCA_HUMAN	sp|A8WGE3|COR2B_XENTR	1	38992	direct_cross_endpoint
K7B6W0	Q86VY9	tr|K7B6W0|K7B6W0_PANTR	sp|Q86VY9|T200A_HUMAN	not_scored	FP	sp|Q69YZ2|T200B_HUMAN	sp|A6NKL6|T200C_HUMAN	sp|A6NKL6|T200C_HUMAN	1	36804	direct_cross_endpoint
K7BAA4	O60486	tr|K7BAA4|K7BAA4_PANTR	sp|O60486|PLXC1_HUMAN	not_scored	FP	sp|B0S5N4|PLXA3_DANRE	sp|O60486|PLXC1_HUMAN	sp|B0S5N4|PLXA3_DANRE	0	2423	direct_cross_endpoint
K7BGJ0	Q92748	tr|K7BGJ0|K7BGJ0_PANTR	sp|Q92748|THRSP_HUMAN	not_scored	FP	sp|P47805|M1I1A_DANRE	sp|P04143|THRSP_RAT	sp|P04143|THRSP_RAT	0	4219	direct_cross_endpoint
K7BJJ0	Q8N5V2	tr|K7BJJ0|K7BJJ0_PANTR	sp|Q8N5V2|NGEF_HUMAN	not_scored	FP	sp|O88387|FGD4_RAT	sp|Q5BKC9|NGEF_RAT	sp|O88387|FGD4_RAT	0	16529	direct_cross_endpoint
K7BL36	P68543	tr|K7BL36|K7BL36_PANTR	sp|P68543|UBX2A_HUMAN	not_scored	FP	sp|F4IXN6|PUX6_ARATH	sp|P68543|UBX2A_HUMAN	sp|F4IXN6|PUX6_ARATH	0	7172	direct_cross_endpoint
K7BTC1	P28908	tr|K7BTC1|K7BTC1_PANTR	sp|P28908|TNR8_HUMAN	not_scored	FP	sp|P20333|TNR1B_HUMAN	sp|P28908|TNR8_HUMAN	sp|O95407|TNF6B_HUMAN	1	36212	direct_cross_endpoint
K7BTC1	Q92956	tr|K7BTC1|K7BTC1_PANTR	sp|Q92956|TNR14_HUMAN	not_scored	FP	sp|P20333|TNR1B_HUMAN	sp|O95407|TNF6B_HUMAN	sp|O95407|TNF6B_HUMAN	0	7275	direct_cross_endpoint
K7BW15	Q2MV58	tr|K7BW15|K7BW15_PANTR	sp|Q2MV58|TECT1_HUMAN	not_scored	FP	sp|Q2MV57|TECT2_MOUSE	sp|Q2MV58|TECT1_HUMAN	sp|Q2MV57|TECT2_MOUSE	0	11456	direct_cross_endpoint
K7BW15	Q6NUS6	tr|K7BW15|K7BW15_PANTR	sp|Q6NUS6|TECT3_HUMAN	not_scored	FP	sp|Q2MV57|TECT2_MOUSE	sp|Q2MV58|TECT1_HUMAN	sp|Q2MV57|TECT2_MOUSE	0	11456	direct_cross_endpoint
K7BW93	P15151	tr|K7BW93|K7BW93_PANTR	sp|P15151|PVR_HUMAN	not_scored	FP	sp|P32507|NECT2_MOUSE	sp|P15151|PVR_HUMAN	sp|P15151|PVR_HUMAN	0	4413	direct_cross_endpoint
K7BYE2	Q63HR2	tr|K7BYE2|K7BYE2_PANTR	sp|Q63HR2|TNS2_HUMAN	not_scored	FP	sp|Q32PJ7|TENS4_BOVIN	sp|H2L045|TENSH_CAEEL	sp|H2L045|TENSH_CAEEL	0	6655	direct_cross_endpoint
K7BYE2	Q68CZ2	tr|K7BYE2|K7BYE2_PANTR	sp|Q68CZ2|TENS3_HUMAN	not_scored	FP	sp|Q32PJ7|TENS4_BOVIN	sp|H2L045|TENSH_CAEEL	sp|H2L045|TENSH_CAEEL	0	6655	direct_cross_endpoint
K7BYE2	Q9HBL0	tr|K7BYE2|K7BYE2_PANTR	sp|Q9HBL0|TENS1_HUMAN	not_scored	FP	sp|Q32PJ7|TENS4_BOVIN	sp|H2L045|TENSH_CAEEL	sp|H2L045|TENSH_CAEEL	0	6655	direct_cross_endpoint
K7BZ54	Q12988	tr|K7BZ54|K7BZ54_PANTR	sp|Q12988|HSPB3_HUMAN	not_scored	FP	sp|A0A140G945|CRYA2_HUMAN	sp|Q12988|HSPB3_HUMAN	sp|A0A140G945|CRYA2_HUMAN	0	6302	direct_cross_endpoint
K7C496	Q15678	tr|K7C496|K7C496_PANTR	sp|Q15678|PTN14_HUMAN	not_scored	FP	sp|Q12923|PTN13_HUMAN	sp|Q15678|PTN14_HUMAN	sp|Q12923|PTN13_HUMAN	0	14138	direct_cross_endpoint
K7C496	Q16825	tr|K7C496|K7C496_PANTR	sp|Q16825|PTN21_HUMAN	not_scored	FP	sp|Q12923|PTN13_HUMAN	sp|Q15678|PTN14_HUMAN	sp|Q12923|PTN13_HUMAN	0	14138	direct_cross_endpoint
K7C4A4	O75674	tr|K7C4A4|K7C4A4_PANTR	sp|O75674|TM1L1_HUMAN	not_scored	FP	sp|O12940|TOM1_CHICK	sp|F1LM81|TM1L1_RAT	sp|F1LM81|TM1L1_RAT	0	6216	direct_cross_endpoint
K7C4D1	Q9HAV5	tr|K7C4D1|K7C4D1_PANTR	sp|Q9HAV5|TNR27_HUMAN	not_scored	FP	sp|Q9JLL3|TNR19_MOUSE	sp|Q8BX35|TNR27_MOUSE	sp|Q8BX35|TNR27_MOUSE	0	10796	direct_cross_endpoint
K7C6M8	O14896	tr|K7C6M8|K7C6M8_PANTR	sp|O14896|IRF6_HUMAN	not_scored	FP	sp|P70434|IRF7_MOUSE	sp|O14896|IRF6_HUMAN	sp|O14896|IRF6_HUMAN	0	4707	direct_cross_endpoint
K7C6M8	Q02556	tr|K7C6M8|K7C6M8_PANTR	sp|Q02556|IRF8_HUMAN	not_scored	FP	sp|P70434|IRF7_MOUSE	sp|O14896|IRF6_HUMAN	sp|O14896|IRF6_HUMAN	0	4707	direct_cross_endpoint
K7C6M8	Q13568	tr|K7C6M8|K7C6M8_PANTR	sp|Q13568|IRF5_HUMAN	not_scored	FP	sp|P70434|IRF7_MOUSE	sp|O14896|IRF6_HUMAN	sp|O14896|IRF6_HUMAN	0	4707	direct_cross_endpoint
K7C971	Q7L311	tr|K7C971|K7C971_PANTR	sp|Q7L311|ARMX2_HUMAN	not_scored	FP	sp|B1WBW4|ARM10_RAT	sp|Q6A058|ARMX2_MOUSE	sp|B1WBW4|ARM10_RAT	0	2708	direct_cross_endpoint
K7CAG8	P0C7Q6	tr|K7CAG8|K7CAG8_PANTR	sp|P0C7Q6|S35G6_HUMAN	not_scored	FP	sp|D3YVE8|S35G2_MOUSE	sp|B0K004|S35G3_RAT	sp|B0K004|S35G3_RAT	0	11877	direct_cross_endpoint
K7CBL3	Q12923	tr|K7CBL3|K7CBL3_PANTR	sp|Q12923|PTN13_HUMAN	not_scored	FP	sp|Q15678|PTN14_HUMAN	sp|Q12923|PTN13_HUMAN	sp|Q12923|PTN13_HUMAN	0	14138	direct_cross_endpoint
K7CD40	P06702	tr|K7CD40|K7CD40_PANTR	sp|P06702|S10A9_HUMAN	not_scored	FP	sp|P02638|S100B_BOVIN	sp|P06702|S10A9_HUMAN	sp|P02633|S100G_BOVIN	0	7306	direct_cross_endpoint
K7CD40	P29377	tr|K7CD40|K7CD40_PANTR	sp|P29377|S100G_HUMAN	not_scored	FP	sp|P02638|S100B_BOVIN	sp|P02633|S100G_BOVIN	sp|P02633|S100G_BOVIN	0	8421	direct_cross_endpoint
K7CD40	P33764	tr|K7CD40|K7CD40_PANTR	sp|P33764|S10A3_HUMAN	not_scored	FP	sp|P02638|S100B_BOVIN	sp|P33764|S10A3_HUMAN	sp|P02633|S100G_BOVIN	0	812	direct_cross_endpoint
K7CDF1	O15479	tr|K7CDF1|K7CDF1_PANTR	sp|O15479|MAGB2_HUMAN	not_scored	FP	sp|A1A5P9|MAGE1_RAT	sp|A2A368|MAGBG_HUMAN	sp|A1A5P9|MAGE1_RAT	0	1011	direct_cross_endpoint
K7CDF1	P43355	tr|K7CDF1|K7CDF1_PANTR	sp|P43355|MAGA1_HUMAN	not_scored	FP	sp|A1A5P9|MAGE1_RAT	sp|A2A368|MAGBG_HUMAN	sp|A1A5P9|MAGE1_RAT	0	1011	direct_cross_endpoint
K7CDF1	P43363	tr|K7CDF1|K7CDF1_PANTR	sp|P43363|MAGAA_HUMAN	not_scored	FP	sp|A1A5P9|MAGE1_RAT	sp|A2A368|MAGBG_HUMAN	sp|A1A5P9|MAGE1_RAT	0	1011	direct_cross_endpoint
K7CDF1	P43364	tr|K7CDF1|K7CDF1_PANTR	sp|P43364|MAGAB_HUMAN	not_scored	FP	sp|A1A5P9|MAGE1_RAT	sp|P43364|MAGAB_HUMAN	sp|A1A5P9|MAGE1_RAT	0		transitive_union
K7CDF1	P43366	tr|K7CDF1|K7CDF1_PANTR	sp|P43366|MAGB1_HUMAN	not_scored	FP	sp|A1A5P9|MAGE1_RAT	sp|A2A368|MAGBG_HUMAN	sp|A1A5P9|MAGE1_RAT	0	1011	direct_cross_endpoint
K7CDF1	Q96LZ2	tr|K7CDF1|K7CDF1_PANTR	sp|Q96LZ2|MAGBA_HUMAN	not_scored	FP	sp|A1A5P9|MAGE1_RAT	sp|A2A368|MAGBG_HUMAN	sp|A1A5P9|MAGE1_RAT	0	1011	direct_cross_endpoint
K7CDF1	Q96M61	tr|K7CDF1|K7CDF1_PANTR	sp|Q96M61|MAGBI_HUMAN	not_scored	FP	sp|A1A5P9|MAGE1_RAT	sp|A2A368|MAGBG_HUMAN	sp|A1A5P9|MAGE1_RAT	0	1011	direct_cross_endpoint
K7CDF1	Q9UBF1	tr|K7CDF1|K7CDF1_PANTR	sp|Q9UBF1|MAGC2_HUMAN	not_scored	FP	sp|A1A5P9|MAGE1_RAT	sp|A2A368|MAGBG_HUMAN	sp|A1A5P9|MAGE1_RAT	0	1011	direct_cross_endpoint
K7CDQ2	Q96T53	tr|K7CDQ2|K7CDQ2_PANTR	sp|Q96T53|MBOA4_HUMAN	not_scored	FP	sp|F4IDU4|MBOA1_ARATH	sp|B1Q005|MBOA4_RAT	sp|B1Q005|MBOA4_RAT	1	36691	direct_cross_endpoint
K7CED1	Q14142	tr|K7CED1|K7CED1_PANTR	sp|Q14142|TRI14_HUMAN	not_scored	FP	sp|Q6PJ69|TRI65_HUMAN	sp|Q14142|TRI14_HUMAN	sp|Q14142|TRI14_HUMAN	0		transitive_union
K7CHA6	Q12988	tr|K7CHA6|K7CHA6_PANTR	sp|Q12988|HSPB3_HUMAN	not_scored	FP	sp|A0A140G945|CRYA2_HUMAN	sp|Q12988|HSPB3_HUMAN	sp|A0A140G945|CRYA2_HUMAN	0	6302	direct_cross_endpoint
K7CJ19	Q8N3C7	tr|K7CJ19|K7CJ19_PANTR	sp|Q8N3C7|CLIP4_HUMAN	not_scored	FP	sp|B9EHT4|CLIP3_MOUSE	sp|Q66HD5|CLIP4_RAT	sp|B9EHT4|CLIP3_MOUSE	0	7461	direct_cross_endpoint
K7CJ94	Q6IC83	tr|K7CJ94|K7CJ94_PANTR	sp|Q6IC83|CV042_HUMAN	not_scored	FP	sp|P34624|CCNY_CAEEL	sp|Q6IC83|CV042_HUMAN	sp|A6NIR3|AGAP5_HUMAN	0	11462	direct_cross_endpoint
K7CJ94	Q6PGQ1	tr|K7CJ94|K7CJ94_PANTR	sp|Q6PGQ1|DRIC1_HUMAN	not_scored	FP	sp|P34624|CCNY_CAEEL	sp|Q6IC83|CV042_HUMAN	sp|A6NIR3|AGAP5_HUMAN	0	11462	direct_cross_endpoint
K7CJK6	Q9GZS9	tr|K7CJK6|K7CJK6_PANTR	sp|Q9GZS9|CHST5_HUMAN	not_scored	FP	sp|O43916|CHST1_HUMAN	sp|Q9GZS9|CHST5_HUMAN	sp|O43916|CHST1_HUMAN	0	7106	direct_cross_endpoint
K7CLF4	O15535	tr|K7CLF4|K7CLF4_PANTR	sp|O15535|ZSC9_HUMAN	not_scored	FP	sp|Q8N0Y2|ZN444_HUMAN	sp|A2T7D7|ZNF24_PANTR	sp|A2T7D7|ZNF24_PANTR	0	2981	direct_cross_endpoint
K7CLF4	P17028	tr|K7CLF4|K7CLF4_PANTR	sp|P17028|ZNF24_HUMAN	not_scored	FP	sp|Q8N0Y2|ZN444_HUMAN	sp|A2T7D7|ZNF24_PANTR	sp|A2T7D7|ZNF24_PANTR	0	2981	direct_cross_endpoint
K7CLF4	P51815	tr|K7CLF4|K7CLF4_PANTR	sp|P51815|ZN75D_HUMAN	not_scored	FP	sp|Q8N0Y2|ZN444_HUMAN	sp|P51815|ZN75D_HUMAN	sp|A2T7D7|ZNF24_PANTR	0		transitive_union
K7CLF4	Q3MJ62	tr|K7CLF4|K7CLF4_PANTR	sp|Q3MJ62|ZSC23_HUMAN	not_scored	FP	sp|Q8N0Y2|ZN444_HUMAN	sp|A2T7D7|ZNF24_PANTR	sp|A2T7D7|ZNF24_PANTR	0	2981	direct_cross_endpoint
K7CLF4	Q8NBB4	tr|K7CLF4|K7CLF4_PANTR	sp|Q8NBB4|ZSCA1_HUMAN	not_scored	FP	sp|Q8N0Y2|ZN444_HUMAN	sp|Q8NBB4|ZSCA1_HUMAN	sp|A2T7D7|ZNF24_PANTR	0		transitive_union
K7CLF4	Q96LW9	tr|K7CLF4|K7CLF4_PANTR	sp|Q96LW9|ZSC31_HUMAN	not_scored	FP	sp|Q8N0Y2|ZN444_HUMAN	sp|A2T7D7|ZNF24_PANTR	sp|A2T7D7|ZNF24_PANTR	0	2981	direct_cross_endpoint
K7CLF4	Q96N95	tr|K7CLF4|K7CLF4_PANTR	sp|Q96N95|ZN396_HUMAN	not_scored	FP	sp|Q8N0Y2|ZN444_HUMAN	sp|A2T7D7|ZNF24_PANTR	sp|A2T7D7|ZNF24_PANTR	0	2981	direct_cross_endpoint
K7CLF4	Q9H4T2	tr|K7CLF4|K7CLF4_PANTR	sp|Q9H4T2|ZSC16_HUMAN	not_scored	FP	sp|Q8N0Y2|ZN444_HUMAN	sp|A2T7D7|ZNF24_PANTR	sp|A2T7D7|ZNF24_PANTR	0	2981	direct_cross_endpoint
K7CTG0	Q6IPT4	tr|K7CTG0|K7CTG0_PANTR	sp|Q6IPT4|NB5R5_HUMAN	not_scored	FP	sp|A7EKT5|MCR1_SCLS1	sp|B1AS42|NB5R5_MOUSE	sp|A7EKT5|MCR1_SCLS1	0	4945	direct_cross_endpoint
K7CX03	P15151	tr|K7CX03|K7CX03_PANTR	sp|P15151|PVR_HUMAN	not_scored	FP	sp|P32507|NECT2_MOUSE	sp|P15151|PVR_HUMAN	sp|P15151|PVR_HUMAN	0	4413	direct_cross_endpoint
K7CZ27	Q13428	tr|K7CZ27|K7CZ27_PANTR	sp|Q13428|TCOF_HUMAN	not_scored	FP	sp|E9Q5C9|NOLC1_MOUSE	sp|O08784|TCOF_MOUSE	sp|E9Q5C9|NOLC1_MOUSE	0	7262	direct_cross_endpoint
K7D0T5	O75445	tr|K7D0T5|K7D0T5_PANTR	sp|O75445|USH2A_HUMAN	not_scored	FP	sp|O15230|LAMA5_HUMAN	sp|O75445|USH2A_HUMAN	sp|O15230|LAMA5_HUMAN	0	13546	direct_cross_endpoint
K7D3A7	Q96T53	tr|K7D3A7|K7D3A7_PANTR	sp|Q96T53|MBOA4_HUMAN	not_scored	FP	sp|F4IDU4|MBOA1_ARATH	sp|B1Q005|MBOA4_RAT	sp|B1Q005|MBOA4_RAT	1	36691	direct_cross_endpoint
K7D3K8	P40763	tr|K7D3K8|K7D3K8_PANTR	sp|P40763|STAT3_HUMAN	not_scored	FP	sp|P42226|STAT6_HUMAN	sp|P40763|STAT3_HUMAN	sp|P40763|STAT3_HUMAN	0	9598	direct_cross_endpoint
K7D3K8	P42224	tr|K7D3K8|K7D3K8_PANTR	sp|P42224|STAT1_HUMAN	not_scored	FP	sp|P42226|STAT6_HUMAN	sp|P40763|STAT3_HUMAN	sp|P40763|STAT3_HUMAN	0	9598	direct_cross_endpoint
K7D3K8	P42229	tr|K7D3K8|K7D3K8_PANTR	sp|P42229|STA5A_HUMAN	not_scored	FP	sp|P42226|STAT6_HUMAN	sp|P40763|STAT3_HUMAN	sp|P40763|STAT3_HUMAN	0	9598	direct_cross_endpoint
K7D3K8	P51692	tr|K7D3K8|K7D3K8_PANTR	sp|P51692|STA5B_HUMAN	not_scored	FP	sp|P42226|STAT6_HUMAN	sp|P40763|STAT3_HUMAN	sp|P40763|STAT3_HUMAN	0	9598	direct_cross_endpoint
K7D3K8	P52630	tr|K7D3K8|K7D3K8_PANTR	sp|P52630|STAT2_HUMAN	not_scored	FP	sp|P42226|STAT6_HUMAN	sp|P40763|STAT3_HUMAN	sp|P40763|STAT3_HUMAN	0	9598	direct_cross_endpoint
K7D3K8	Q14765	tr|K7D3K8|K7D3K8_PANTR	sp|Q14765|STAT4_HUMAN	not_scored	FP	sp|P42226|STAT6_HUMAN	sp|P40763|STAT3_HUMAN	sp|P40763|STAT3_HUMAN	0	9598	direct_cross_endpoint
K7D416	P51508	tr|K7D416|K7D416_PANTR	sp|P51508|ZNF81_HUMAN	not_scored	FP	sp|P51814|ZNF41_HUMAN	sp|P51508|ZNF81_HUMAN	sp|P51508|ZNF81_HUMAN	0	689	direct_cross_endpoint
K7D416	Q9HCZ1	tr|K7D416|K7D416_PANTR	sp|Q9HCZ1|ZN334_HUMAN	not_scored	FP	sp|P51814|ZNF41_HUMAN	sp|Q9HCZ1|ZN334_HUMAN	sp|P51508|ZNF81_HUMAN	1	34338	direct_cross_endpoint
K7D4S0	Q6IPT4	tr|K7D4S0|K7D4S0_PANTR	sp|Q6IPT4|NB5R5_HUMAN	not_scored	FP	sp|A7EKT5|MCR1_SCLS1	sp|B1AS42|NB5R5_MOUSE	sp|A7EKT5|MCR1_SCLS1	0	4945	direct_cross_endpoint
K7D8D8	Q13671	tr|K7D8D8|K7D8D8_PANTR	sp|Q13671|RIN1_HUMAN	not_scored	FP	sp|P59729|RIN3_MOUSE	sp|P97680|RIN1_RAT	sp|P59729|RIN3_MOUSE	0	14630	direct_cross_endpoint
K7D8D8	Q6ZS11	tr|K7D8D8|K7D8D8_PANTR	sp|Q6ZS11|RINL_HUMAN	not_scored	FP	sp|P59729|RIN3_MOUSE	sp|Q6ZS11|RINL_HUMAN	sp|P59729|RIN3_MOUSE	0	28818	direct_cross_endpoint
K7D8P6	O75747	tr|K7D8P6|K7D8P6_PANTR	sp|O75747|P3C2G_HUMAN	not_scored	FP	sp|G5EDY0|PIKI1_CAEEL	sp|O70167|P3C2G_MOUSE	sp|G5EDY0|PIKI1_CAEEL	0	7394	direct_cross_endpoint
K7DJ20	O60486	tr|K7DJ20|K7DJ20_PANTR	sp|O60486|PLXC1_HUMAN	not_scored	FP	sp|B0S5N4|PLXA3_DANRE	sp|O60486|PLXC1_HUMAN	sp|B0S5N4|PLXA3_DANRE	0	2423	direct_cross_endpoint
K7DKZ9	Q6P3X8	tr|K7DKZ9|K7DKZ9_PANTR	sp|Q6P3X8|PGBD2_HUMAN	not_scored	FP	sp|Q96DM1|PGBD4_HUMAN	sp|Q6P3X8|PGBD2_HUMAN	sp|Q6P3X8|PGBD2_HUMAN	0	6634	direct_cross_endpoint
K7DLU4	Q86WB7	tr|K7DLU4|K7DLU4_PANTR	sp|Q86WB7|UN93A_HUMAN	not_scored	FP	sp|Q8VCW4|UN93B_MOUSE	sp|A2VE54|UN93A_BOVIN	sp|A2VE54|UN93A_BOVIN	0	9480	direct_cross_endpoint
K7DN39	Q9C098	tr|K7DN39|K7DN39_PANTR	sp|Q9C098|DCLK3_HUMAN	not_scored	FP	sp|O94806|KPCD3_HUMAN	sp|Q8BWQ5|DCLK3_MOUSE	sp|O94806|KPCD3_HUMAN	0	4943	direct_cross_endpoint
L7N0A6	Q13606	tr|L7N0A6|L7N0A6_CANLF	sp|Q13606|OR5I1_HUMAN	not_scored	FP	sp|Q8NGK9|OR5DG_HUMAN	sp|Q13606|OR5I1_HUMAN	sp|Q13606|OR5I1_HUMAN	0	538	direct_cross_endpoint
M0QW35	Q8NGS6	tr|M0QW35|M0QW35_BOVIN	sp|Q8NGS6|O13C3_HUMAN	not_scored	FP	sp|P0DN81|O13C7_HUMAN	sp|Q8NGS6|O13C3_HUMAN	sp|P0DN81|O13C7_HUMAN	0	220	direct_cross_endpoint
O95150	Q862Z7	sp|O95150|TNF15_HUMAN	sp|Q862Z7|TNFC_PANTR	not_scored	FP	sp|O95150|TNF15_HUMAN	sp|P41155|TNFC_MOUSE	sp|O95150|TNF15_HUMAN	1	35227	direct_cross_endpoint
P01374	Q862Z7	sp|P01374|TNFB_HUMAN	sp|Q862Z7|TNFC_PANTR	not_scored	FP	sp|O95150|TNF15_HUMAN	sp|P41155|TNFC_MOUSE	sp|O95150|TNF15_HUMAN	1	35227	direct_cross_endpoint
P04090	Q5CZK6	sp|P04090|REL2_HUMAN	sp|Q5CZK6|INSL4_PANTR	not_scored	FP	sp|P01347|REL1_RAT	sp|Q14641|INSL4_HUMAN	sp|P01347|REL1_RAT	0	14333	direct_cross_endpoint
P05362	Q5NKV2	sp|P05362|ICAM1_HUMAN	sp|Q5NKV2|ICAM2_PANTR	not_scored	FP	sp|P05362|ICAM1_HUMAN	sp|P13598|ICAM2_HUMAN	sp|P05362|ICAM1_HUMAN	0	13922	direct_cross_endpoint
P06347	Q6B0K9	sp|P06347|HBAZ_PANTR	sp|Q6B0K9|HBM_HUMAN	not_scored	FP	sp|P01923|HBA_GORGO	sp|A1A4Q3|HBM_BOVIN	sp|A1A4Q3|HBM_BOVIN	0	167	direct_cross_endpoint
P0DPA2	Q8WMV3	sp|P0DPA2|VSIG8_HUMAN	sp|Q8WMV3|CXAR_BOVIN	not_scored	FP	sp|P0DPA2|VSIG8_HUMAN	sp|P0C673|IGS11_MOUSE	sp|P0C673|IGS11_MOUSE	0	3161	direct_cross_endpoint
P13598	Q28806	sp|P13598|ICAM2_HUMAN	sp|Q28806|ICAM1_PANTR	not_scored	FP	sp|P13598|ICAM2_HUMAN	sp|P05362|ICAM1_HUMAN	sp|P05362|ICAM1_HUMAN	0	13922	direct_cross_endpoint
P32942	Q5NKV2	sp|P32942|ICAM3_HUMAN	sp|Q5NKV2|ICAM2_PANTR	not_scored	FP	sp|P05362|ICAM1_HUMAN	sp|P13598|ICAM2_HUMAN	sp|P05362|ICAM1_HUMAN	0	13922	direct_cross_endpoint
P48023	Q862Z7	sp|P48023|TNFL6_HUMAN	sp|Q862Z7|TNFC_PANTR	not_scored	FP	sp|O95150|TNF15_HUMAN	sp|P41155|TNFC_MOUSE	sp|O95150|TNF15_HUMAN	1	35227	direct_cross_endpoint
P60029	Q6IA17	sp|P60029|IRPL1_PANTR	sp|Q6IA17|SIGIR_HUMAN	not_scored	FP	sp|B6ZK76|IRL1A_DANRE	sp|Q4V892|SIGIR_RAT	sp|B6ZK76|IRL1A_DANRE	0	22980	direct_cross_endpoint
P61125	Q06643	sp|P61125|TNFB_PANTR	sp|Q06643|TNFC_HUMAN	not_scored	FP	sp|O95150|TNF15_HUMAN	sp|P41155|TNFC_MOUSE	sp|O95150|TNF15_HUMAN	1	35227	direct_cross_endpoint
P79240	Q16581	sp|P79240|C5AR1_PANTR	sp|Q16581|C3AR_HUMAN	not_scored	FP	sp|A4FUQ5|FPRS4_MOUSE	sp|O09047|C3AR_MOUSE	sp|A4FUQ5|FPRS4_MOUSE	0	1686	direct_cross_endpoint
P79240	Q9P296	sp|P79240|C5AR1_PANTR	sp|Q9P296|C5AR2_HUMAN	not_scored	FP	sp|A4FUQ5|FPRS4_MOUSE	sp|Q695P6|C5AR2_RAT	sp|A4FUQ5|FPRS4_MOUSE	0	1545	direct_cross_endpoint
Q16581	Q49SQ3	sp|Q16581|C3AR_HUMAN	sp|Q49SQ3|GPR33_PANTR	not_scored	FP	sp|O09047|C3AR_MOUSE	sp|A4FUQ5|FPRS4_MOUSE	sp|A4FUQ5|FPRS4_MOUSE	0	1686	direct_cross_endpoint
Q17QN5_BOVIN	Q7L311	tr|Q17QN5|Q17QN5_BOVIN	sp|Q7L311|ARMX2_HUMAN	not_scored	FP	sp|B1WBW4|ARM10_RAT	sp|Q6A058|ARMX2_MOUSE	sp|B1WBW4|ARM10_RAT	0	2708	direct_cross_endpoint
Q1RMT5_BOVIN	Q9P291	tr|Q1RMT5|Q1RMT5_BOVIN	sp|Q9P291|ARMX1_HUMAN	not_scored	FP	sp|Q6A058|ARMX2_MOUSE	sp|B1WBW4|ARM10_RAT	sp|B1WBW4|ARM10_RAT	0	2708	direct_cross_endpoint
Q1RMT5_BOVIN	Q9UH62	tr|Q1RMT5|Q1RMT5_BOVIN	sp|Q9UH62|ARMX3_HUMAN	not_scored	FP	sp|Q6A058|ARMX2_MOUSE	sp|B1WBW4|ARM10_RAT	sp|B1WBW4|ARM10_RAT	0	2708	direct_cross_endpoint
Q3B7N9	Q9NPC7	sp|Q3B7N9|MYNN_BOVIN	sp|Q9NPC7|MYNN_HUMAN	FN	TP	sp|Q3B7N9|MYNN_BOVIN	sp|Q7ZVR6|MYNN_DANRE	sp|Q3B7N9|MYNN_BOVIN	0	910	direct_cross_endpoint
Q49SQ3	Q9P296	sp|Q49SQ3|GPR33_PANTR	sp|Q9P296|C5AR2_HUMAN	not_scored	FP	sp|A4FUQ5|FPRS4_MOUSE	sp|Q695P6|C5AR2_RAT	sp|A4FUQ5|FPRS4_MOUSE	0	1545	direct_cross_endpoint
Q5CZK2	Q9Y5Q6	sp|Q5CZK2|REL3_PANTR	sp|Q9Y5Q6|INSL5_HUMAN	not_scored	FP	sp|Q5CZK2|REL3_PANTR	sp|Q5CZK5|INSL5_PANTR	sp|Q5CZK2|REL3_PANTR	0	6131	direct_cross_endpoint
Q5CZK5	Q8WXF3	sp|Q5CZK5|INSL5_PANTR	sp|Q8WXF3|REL3_HUMAN	not_scored	FP	sp|Q5CZK5|INSL5_PANTR	sp|Q5CZK2|REL3_PANTR	sp|Q5CZK2|REL3_PANTR	0	6131	direct_cross_endpoint
Q5CZK6	Q9Y581	sp|Q5CZK6|INSL4_PANTR	sp|Q9Y581|INSL6_HUMAN	not_scored	FP	sp|Q14641|INSL4_HUMAN	sp|Q32L79|INSL6_BOVIN	sp|P01347|REL1_RAT	0		transitive_union
Q5R1W9	Q8IX04	sp|Q5R1W9|LDHA_PANTR	sp|Q8IX04|UEVLD_HUMAN	not_scored	FP	sp|A5A6N7|LDHB_PANTR	sp|Q3U1V6|UEVLD_MOUSE	sp|A5A6N7|LDHB_PANTR	0	740	direct_cross_endpoint
Q717C2	Q7RTX0	sp|Q717C2|TS1R3_PANTR	sp|Q7RTX0|TS1R3_HUMAN	FN	TP	sp|Q49HH9|TS1R3_CANLF	sp|Q7RTX0|TS1R3_HUMAN	sp|Q49HH9|TS1R3_CANLF	0	732	direct_cross_endpoint
